vn 0.220948 -0.169239 -0.96049
v -68.9384 7.48777 -112.743
vn 0.050489 0.0661268 -0.996533
v -69.8941 9.27413 -112.98
vn -0.325654 -0.0856237 -0.941604
v -73.2398 7.7289 -112.191
vn -0.190212 -0.362183 -0.912493
v -72.823 3.54054 -111.209
vn 0.111216 -0.4401 -0.891035
v -70.0402 4.53689 -111.717
vn 0.505215 -0.143689 -0.850947
v -65.6119 7.34474 -110.837
vn -0.161133 0.240722 -0.957126
v -70.857 13.2534 -112.182
vn 0.218722 0.280803 -0.934511
v -67.7583 16.0364 -111.166
vn -0.173034 0.350056 -0.920609
v -70.9839 16.8991 -110.982
vn -0.611711 -0.157594 -0.775225
v -75.5487 5.70789 -110.431
vn -0.627943 -0.335788 -0.702092
v -76.1315 1.01523 -108.322
vn 0.384935 -0.422815 -0.820398
v -68.1885 5.4603 -111.764
vn 0.321909 0.146282 -0.935402
v -67.5131 12.1474 -111.693
vn -0.21077 -0.491859 -0.844778
v -73.1923 0.972059 -109.953
vn -0.860829 -0.0125152 -0.50874
v -77.9396 7.42952 -107.645
vn 0.412322 -0.438884 -0.798356
v -66.0382 4.4571 -109.756
vn 0.426709 -0.178345 -0.88663
v -62.3866 7.5083 -108.991
vn -0.611905 0.165712 -0.773377
v -75.1832 11.6258 -110.247
vn -0.580578 0.404538 -0.706596
v -74.4343 16.9855 -109.332
vn -0.84448 0.239758 -0.478926
v -76.8792 14.8295 -107.462
vn 0.435616 0.188038 -0.880273
v -64.7641 15.1654 -110.007
vn 0.134473 0.499466 -0.855833
v -68.8308 18.4482 -110.329
vn -0.243794 -0.606533 -0.756758
v -73.793 -3.56648 -106.438
vn 0.159859 -0.608172 -0.777542
v -69.8156 -3.21349 -106.578
vn 0.186009 -0.512724 -0.838161
v -70.6158 0.541087 -109.476
vn 0.359852 -0.499311 -0.788159
v -66.3483 -1.43576 -106.75
vn 0.464459 -0.291757 -0.836155
v -60.982 5.53029 -107.73
vn 0.498188 -0.032049 -0.866476
v -60.5241 9.16764 -108.507
vn 0.516853 -0.01471 -0.855948
v -58.5189 9.51649 -107.046
vn 0.499888 0.32597 -0.802406
v -61.8003 17.0567 -107.618
vn 0.384409 0.458486 -0.801261
v -65.8706 19.368 -108.922
vn -0.291678 0.611039 -0.735904
v -71.4823 20.9562 -108.038
vn -0.746882 0.492945 -0.446287
v -75.8568 19.1013 -105.595
vn 0.351227 -0.564488 -0.746989
v -65.8801 -3.59336 -104.769
vn 0.443149 -0.398575 -0.802968
v -58.8516 4.59909 -106.207
vn -0.97322 -0.0812633 -0.215034
v -79.18 4.61606 -104.229
vn 0.455365 -0.25425 -0.853229
v -55.4478 5.38907 -104.511
vn 0.461719 0.24329 -0.85301
v -54.5826 14.375 -104.19
vn 0.260561 0.591746 -0.762853
v -67.1136 23.1041 -106.541
vn 0.063774 0.670778 -0.738911
v -67.9497 25.6358 -104.621
vn -0.640271 -0.490031 -0.591542
v -76.4343 -1.90681 -106.421
vn 0.411783 -0.481597 -0.773627
v -61.6068 0.0767 -105.117
vn 0.262418 -0.61722 -0.741738
v -66.7397 -5.32333 -103.871
vn -0.51431 -0.611028 -0.601772
v -75.3731 -5.26968 -103.822
vn 0.359275 -0.559046 -0.747254
v -61.7284 -4.91831 -101.751
vn -0.929654 -0.230806 -0.287178
v -78.2807 0.565302 -104.913
vn 0.422137 -0.401435 -0.812804
v -56.374 2.63689 -103.679
vn 0.451718 -0.0102796 -0.892102
v -53.9798 10.2629 -104.625
vn 0.456914 0.065742 -0.887078
v -51.0727 11.7158 -103.028
vn -0.978531 0.085064 -0.187725
v -79.3667 9.02162 -103.038
vn -0.93823 0.26466 -0.222891
v -78.0785 16.0323 -103.292
vn 0.18048 -0.57946 -0.794766
v -70.1725 -7.89718 -102.483
vn -0.814382 -0.443967 -0.37373
v -77.277 -3.40207 -103.119
vn 0.455074 0.4284 -0.780628
v -53.0376 17.3389 -102.16
vn 0.454027 0.461444 -0.762187
v -58.7824 20.0649 -104.295
vn -0.50855 0.631672 -0.585122
v -72.1697 23.9525 -104.778
vn 0.00019716 -0.646523 -0.762895
v -72.2048 -6.91659 -103.777
vn 0.186752 -0.581307 -0.791963
v -69.4821 -10.0511 -100.872
vn -0.713477 -0.542693 -0.443209
v -75.5734 -9.65045 -99.0225
vn 0.368164 -0.443883 -0.81696
v -56.0295 0.407279 -102.479
vn 0.395487 -0.40973 -0.822017
v -49.4651 2.22768 -100.961
vn 0.365252 -0.24498 -0.898095
v -51.8242 5.8554 -103.051
vn 0.468399 -0.13446 -0.873225
v -49.8151 5.56076 -102.385
vn 0.533731 0.163698 -0.829659
v -48.5139 13.3247 -101.2
vn -0.973219 0.228057 0.0288942
v -78.9244 14.8789 -98.8673
vn -0.781351 0.552302 -0.290609
v -75.0297 22.3311 -102.473
vn 0.395839 0.614673 -0.682268
v -60.799 24.1138 -102.467
vn -0.583799 0.688951 -0.429564
v -70.9277 28.728 -99.6852
vn -0.165336 0.753814 -0.635947
v -69.7562 27.5268 -102.742
vn -0.27983 -0.605734 -0.744837
v -73.1156 -11.4198 -99.6432
vn 0.319619 -0.602691 -0.731168
v -65.2068 -7.86725 -100.622
vn 0.379787 -0.532122 -0.756708
v -49.6551 -1.60195 -98.6667
vn -0.897178 0.424759 -0.121043
v -77.1845 18.922 -102.065
vn 0.286833 0.703071 -0.650705
v -64.487 27.9233 -100.937
vn 0.126278 -0.630016 -0.766246
v -69.9409 -13.9934 -98.3864
vn 0.35343 -0.541543 -0.76277
v -55.8742 -3.85906 -99.5753
vn 0.529563 -0.236318 -0.814688
v -48.0248 4.37052 -100.853
vn 0.420346 0.610122 -0.67161
v -55.8495 24.281 -99.1274
vn -0.844106 0.507908 -0.171798
v -73.898 26.106 -97.591
vn 0.400925 0.673954 -0.62052
v -60.1709 27.8607 -97.965
vn -0.0739154 0.800357 -0.594949
v -68.4878 29.225 -100.569
vn -0.253617 -0.799655 -0.54427
v -71.8607 -14.5348 -97.8215
vn 0.349645 -0.571328 -0.742518
v -66.7381 -11.415 -98.8388
vn -0.954971 -0.252049 -0.156531
v -78.1258 -3.20804 -100.685
vn 0.345278 -0.614791 -0.709094
v -52.9749 -4.65708 -97.6506
vn -0.997294 -0.070466 -0.020968
v -79.3946 4.49842 -99.9647
vn -0.996192 0.0845144 -0.0214212
v -79.3228 11.1966 -99.8001
vn 0.593355 0.120674 -0.795844
v -43.7317 10.9702 -98.3433
vn 0.214463 0.755737 -0.618763
v -64.6945 32.0628 -96.4074
vn 0.321384 -0.61701 -0.718339
v -63.3848 -11.1006 -97.4523
vn 0.308602 -0.575106 -0.757639
v -63.0631 -8.63287 -99.148
vn 0.350578 -0.597022 -0.721568
v -59.7785 -10.0771 -96.7435
vn 0.334575 -0.589217 -0.735448
v -58.9224 -7.2439 -98.796
vn 0.386949 -0.57946 -0.717284
v -55.4641 -7.35918 -96.6388
vn -0.885354 -0.413045 -0.213408
v -77.1173 -8.3191 -96.9906
vn 0.335067 -0.49866 -0.799418
v -46.5247 -0.848204 -97.9383
vn 0.529054 -0.136289 -0.837572
v -41.6429 6.12326 -96.6876
vn 0.513248 -0.271459 -0.814179
v -45.3605 0.174884 -97.9184
vn 0.542247 0.344668 -0.766272
v -47.059 16.7959 -99.1096
vn 0.437219 0.561988 -0.702146
v -50.2987 23.9652 -96.2261
vn -0.708894 0.636718 -0.303413
v -71.3021 31.4146 -94.5524
vn -0.856381 -0.514359 -0.0452271
v -75.4466 -12.5534 -93.4275
vn -0.994482 0.0182755 0.103299
v -79.2266 6.1224 -95.2481
vn -0.915823 0.400583 -0.0283315
v -76.2192 21.555 -98.2926
vn 0.351263 0.649246 -0.674606
v -54.5008 25.9535 -96.4957
vn 0.360859 0.667203 -0.65163
v -57.2604 28.7824 -95.3082
vn 0.207744 -0.762677 -0.612508
v -67.864 -15.9591 -95.2386
vn 0.344124 -0.625637 -0.700112
v -50.7959 -6.58986 -94.6654
vn 0.300846 -0.623954 -0.72123
v -49.0521 -4.45146 -95.9138
vn 0.515744 -0.22448 -0.826811
v -39.1493 0.790678 -94.5112
vn 0.631505 0.0559842 -0.773348
v -38.1935 8.66312 -94.4731
vn 0.686745 0.351923 -0.636028
v -39.2395 13.2772 -93.8423
vn 0.551434 0.442702 -0.707061
v -45.8216 19.036 -96.8322
vn -0.306367 0.784963 -0.53849
v -69.2963 32.4574 -95.6148
vn -0.638142 -0.713149 -0.290161
v -73.5494 -14.8971 -95.6652
vn -0.983393 -0.180255 0.0211414
v -78.4192 -4.30894 -91.8679
vn -0.995016 -0.0993477 0.00860937
v -79.0133 0.496574 -98.8263
vn 0.671334 0.415888 -0.613472
v -41.6702 16.563 -94.5983
vn -0.963276 0.247375 0.104424
v -78.2424 15.4877 -95.5002
vn 0.390792 0.690589 -0.608579
v -51.0483 28.365 -92.6532
vn 0.346308 0.731348 -0.587538
v -60.9993 31.6678 -94.3319
vn 0.33006 -0.682866 -0.651732
v -62.1083 -14.7051 -93.2839
vn 0.361734 -0.645622 -0.672548
v -57.5828 -11.5315 -94.6047
vn 0.382553 -0.702471 -0.600157
v -56.3827 -12.4646 -92.6468
vn 0.371032 -0.647357 -0.665781
v -51.5654 -11.9821 -90.3485
vn 0.293001 -0.64952 -0.701622
v -44.1339 -6.4015 -92.5735
vn 0.38908 -0.447739 -0.805076
v -44.1084 -2.24432 -95.8483
vn 0.406847 -0.503802 -0.76201
v -41.6395 -3.47716 -94.1236
vn 0.670659 -0.182181 -0.719046
v -36.614 0.79307 -92.5289
vn 0.754535 0.254342 -0.604968
v -35.8905 10.0008 -91.8709
vn -0.966182 0.219818 0.134804
v -77.8017 16.0562 -92.8748
vn 0.609448 0.534561 -0.585506
v -44.1583 21.1498 -93.6521
vn 0.329618 0.733901 -0.59392
v -55.5782 32.23 -90.8173
vn -0.0512625 0.832294 -0.551959
v -66.3577 32.9949 -95.5023
vn -0.533717 -0.836514 -0.12406
v -72.8242 -15.9921 -91.9468
vn -0.950366 -0.3092 0.0346396
v -77.91 -7.20701 -93.0358
vn 0.515221 -0.487675 -0.704784
v -38.4099 -2.8135 -92.4351
vn 0.756486 0.038891 -0.652852
v -35.5728 6.87984 -92.1685
vn 0.606071 0.622881 -0.494668
v -46.6471 26.4067 -90.7465
vn -0.475181 0.789697 -0.388049
v -69.592 34.241 -91.7878
vn -0.202805 -0.904582 -0.37497
v -68.1272 -17.9986 -91.4873
vn 0.158576 -0.800255 -0.578313
v -66.3512 -17.9762 -92.0434
vn 0.345594 -0.679103 -0.647598
v -58.2053 -14.6719 -91.3966
vn 0.295099 -0.645264 -0.704664
v -49.2974 -8.9009 -91.8713
vn 0.691054 0.552705 -0.465791
v -41.9427 22.7864 -88.7622
vn -0.918059 0.395523 0.0270174
v -75.1467 23.923 -92.5354
vn -0.84327 0.521397 -0.130544
v -71.1076 32.9267 -90.5163
vn 0.20027 0.858255 -0.472537
v -64.2893 35.1874 -91.1978
vn 0.692647 -0.358944 -0.625619
v -32.3345 -3.58375 -86.1453
vn -0.988204 0.0792236 0.131056
v -78.6322 6.52712 -90.2234
vn -0.943591 0.311267 0.112915
v -76.1339 21.5102 -92.4103
vn 0.47094 0.632022 -0.615438
v -49.4926 26.5552 -93.694
vn 0.284401 0.821335 -0.494495
v -59.6204 34.8957 -89.1335
vn -0.618258 0.741899 -0.259506
v -69.0729 35.9798 -89.0359
vn -0.000905414 -0.858973 -0.512021
v -65.2635 -19.1091 -90.0389
vn 0.313754 -0.655782 -0.686665
v -58.3476 -18.2181 -88.231
vn -0.749084 -0.652385 0.115184
v -73.1504 -15.3682 -88.8273
vn -0.940567 -0.269314 0.206892
v -77.2865 -5.82814 -87.1202
vn -0.988304 0.00820874 0.152276
v -78.4725 2.65969 -85.6062
vn -0.459535 -0.875377 -0.150143
v -68.2611 -18.9981 -88.004
vn 0.843923 0.217545 -0.490375
v -33.1336 8.3121 -88.2732
vn -0.147182 0.895483 -0.420056
v -67.6257 36.6646 -88.6961
vn -0.0238074 -0.827025 -0.561661
v -63.3808 -20.662 -87.5354
vn -0.793984 -0.562534 0.23053
v -72.346 -14.9201 -84.9094
vn 0.288501 -0.670348 -0.683668
v -48.0527 -11.3978 -89.113
vn 0.328999 -0.657652 -0.677682
v -43.3381 -9.50379 -89.1947
vn 0.471896 -0.599512 -0.646452
v -37.044 -6.69573 -88.5789
vn 0.792569 0.407607 -0.453532
v -35.2216 12.4964 -89.0629
vn -0.931763 0.363061 -0.00224869
v -72.9635 29.2358 -88.8305
vn 0.414492 0.767972 -0.488277
v -53.3213 33.0742 -88.2515
vn 0.281299 -0.713763 -0.641415
v -58.3509 -21.3181 -85.3648
vn -0.977976 -0.137671 0.156872
v -78.5738 -1.2464 -88.3627
vn 0.803239 -0.052803 -0.593312
v -31.534 1.22076 -86.75
vn -0.967558 0.194786 0.160906
v -76.6721 14.6269 -85.8405
vn -0.957165 0.270666 0.102835
v -75.4408 21.1066 -87.6409
vn 0.0832095 -0.826755 -0.556374
v -60.8676 -22.9483 -84.3711
vn -0.877899 -0.433101 0.204245
v -75.4427 -11.1349 -87.7422
vn 0.416811 -0.675905 -0.6078
v -37.595 -10.6159 -84.5746
vn 0.842289 0.225799 -0.489453
v -29.8769 5.47625 -83.6302
vn 0.53006 0.70484 -0.471421
v -48.8442 29.9366 -88.3366
vn 0.237204 0.905117 -0.352841
v -60.4328 37.5994 -84.1312
vn -0.116076 -0.872922 -0.47385
v -60.0295 -24.8427 -80.937
vn 0.551497 -0.568351 -0.610597
v -33.3621 -9.98989 -82.0338
vn -0.90877 -0.353355 0.221987
v -75.3737 -7.38032 -82.117
vn 0.743044 -0.281593 -0.607117
v -29.3346 -3.68918 -82.2687
vn 0.843467 0.0618089 -0.533613
v -28.7791 2.16531 -82.7724
vn -0.979673 0.182883 0.0824312
v -75.6335 17.597 -82.2949
vn 0.743889 0.49474 -0.449291
v -37.5865 18.7322 -86.6895
vn -0.532114 0.812535 -0.237995
v -68.0386 37.8079 -85.0809
vn 0.0346888 0.930711 -0.364106
v -65.3119 38.521 -84.0466
vn -0.465339 -0.850523 -0.245091
v -65.5707 -21.2399 -84.6466
vn 0.383931 -0.632229 -0.672966
v -53.2803 -18.8222 -84.806
vn -0.967874 -0.0795274 0.238528
v -77.7704 1.71227 -83.1791
vn -0.97524 0.144341 0.167547
v -77.5501 10.86 -87.5572
vn -0.529262 -0.834508 -0.153225
v -64.1965 -23.0722 -81.4186
vn 0.274178 -0.701574 -0.657739
v -56.0988 -22.9226 -82.4662
vn -0.688935 -0.721675 0.067485
v -68.2347 -19.1652 -83.8184
vn -0.845937 -0.477522 0.23741
v -72.7618 -12.5397 -81.7461
vn 0.634292 0.663568 -0.396675
v -43.1733 28.8681 -82.1954
vn 0.62813 0.646439 -0.433093
v -44.8257 27.8243 -86.4484
vn -0.875334 0.480314 -0.0555695
v -70.9429 33.99 -86.2408
vn 0.36103 0.853511 -0.375735
v -53.7348 35.4761 -84.1715
vn 0.342285 -0.662469 -0.666315
v -47.1838 -16.2183 -83.7741
vn -0.799253 -0.577077 0.167859
v -69.3453 -16.5085 -78.398
vn 0.333272 -0.689934 -0.642589
v -43.555 -13.1194 -85.4768
vn 0.397974 -0.661743 -0.635384
v -39.9454 -15.4478 -80.8334
vn 0.652138 -0.417496 -0.632783
v -28.7034 -9.65539 -78.0114
vn 0.513272 0.770942 -0.377095
v -48.3484 33.4286 -81.7496
vn 0.329883 0.90602 -0.265151
v -53.5839 36.8318 -79.8113
vn -0.7121 -0.700175 0.0516576
v -65.4878 -21.8075 -79.6427
vn 0.402213 -0.603581 -0.688415
v -48.7967 -21.5163 -79.6973
vn 0.350732 -0.672484 -0.65173
v -43.9901 -17.5574 -80.826
vn -0.952522 -0.211826 0.218703
v -76.5955 -2.4728 -81.4922
vn -0.976047 0.106611 0.189647
v -77.4911 5.63446 -82.5073
vn 0.844952 0.299511 -0.443113
v -28.2851 7.95969 -79.0795
vn -0.982707 0.135558 0.126137
v -76.266 13.0442 -81.6647
vn -0.983098 0.166222 0.0767375
v -74.911 19.7987 -75.6416
vn 0.758927 0.518943 -0.393355
v -36.7747 21.7059 -81.3186
vn -0.959508 0.278941 0.0391857
v -74.1548 25.7413 -84.4762
vn -0.575484 0.794403 -0.194273
v -67.8385 39.2462 -81.2551
vn 0.164693 -0.715052 -0.679395
v -55.8472 -25.6821 -79.5161
vn 0.351565 -0.569994 -0.742636
v -49.8352 -25.2461 -77.5831
vn 0.365087 -0.614138 -0.699675
v -51.7606 -22.1011 -80.9573
vn -0.854181 -0.493715 0.163157
v -70.568 -13.125 -73.391
vn 0.745723 0.529101 -0.404906
v -35.0492 23.0665 -76.0726
vn 0.706862 0.583644 -0.399632
v -39.8541 26.3242 -80.3915
vn 0.182751 0.944322 -0.273602
v -64.3764 40.2742 -79.1868
vn -0.198223 0.95223 -0.232306
v -66.6436 40.2327 -79.6795
vn 0.362484 -0.587829 -0.723231
v -45.3673 -20.8707 -78.158
vn 0.809001 -0.125366 -0.574282
v -26.1337 -2.41026 -78.8426
vn 0.849653 0.177289 -0.496646
v -25.7567 2.1655 -77.3778
vn 0.794347 0.455295 -0.402143
v -33.112 17.5777 -78.8413
vn 0.548776 0.752857 -0.363388
v -44.9668 32.7601 -78.071
vn 0.388931 0.877021 -0.282077
v -50.3835 36.5358 -76.7151
vn 0.258723 0.929622 -0.262421
v -60.5255 38.5151 -81.1871
vn -0.213504 -0.848186 -0.484765
v -56.5994 -27.3782 -77.2517
vn 0.333852 -0.583134 -0.740606
v -43.457 -21.5581 -76.9709
vn 0.371115 -0.614215 -0.696429
v -38.8353 -19.0181 -76.7548
vn 0.46806 -0.583518 -0.663647
v -32.5952 -14.3199 -77.091
vn -0.971884 -0.121549 0.20166
v -76.3432 -0.613358 -78.3842
vn -0.992665 0.0839061 0.0870437
v -75.692 12.7304 -75.3735
vn -0.97376 0.219974 0.0583318
v -73.8768 24.4833 -76.5523
vn -0.954341 0.298616 0.00784173
v -72.9134 29.1532 -79.8639
vn -0.878546 0.471912 -0.0738688
v -70.4915 35.9782 -78.3747
vn 0.306739 0.920829 -0.240801
v -59.1513 39.4341 -75.4883
vn 0.0376406 -0.734666 -0.677384
v -53.6358 -28.188 -76.5492
vn -0.51457 -0.84248 -0.159515
v -60.5154 -25.5479 -78.0283
vn -0.627014 -0.771419 -0.108475
v -59.7126 -26.9807 -74.1029
vn -0.985803 0.0373611 0.163695
v -76.3878 7.54837 -77.5617
vn 0.812118 0.393899 -0.430475
v -30.7285 12.8659 -78.9795
vn -0.988575 0.127675 0.080113
v -75.4033 17.1374 -77.4219
vn 0.376228 -0.557905 -0.739726
v -44.3351 -24.3825 -75.05
vn 0.405717 -0.609541 -0.681068
v -39.3783 -21.4284 -74.8631
vn 0.618528 -0.463153 -0.634753
v -26.7936 -12.0594 -74.4187
vn 0.796338 -0.117115 -0.593405
v -24.8843 -3.28603 -76.8358
vn 0.823489 0.335317 -0.457634
v -26.7407 8.79945 -75.2405
vn 0.425876 0.855154 -0.295536
v -46.5429 36.2756 -72.347
vn 0.0720803 0.962649 -0.260982
v -64.6062 41.067 -75.7061
vn 0.339721 -0.571629 -0.746881
v -48.1655 -28.8225 -73.9998
vn -0.797411 -0.593986 0.106383
v -66.4188 -19.7051 -74.1178
vn -0.977162 -0.109523 0.182098
v -75.5095 0.266328 -73.2934
vn -0.976795 0.201699 0.0720342
v -73.9156 23.133 -73.1195
vn -0.947266 0.320366 -0.00732867
v -71.5098 33.6029 -75.1047
vn 0.112036 -0.711965 -0.69322
v -52.0924 -29.8668 -74.8223
vn 0.436206 -0.558429 -0.705607
v -43.9754 -27.2242 -72.8122
vn 0.412965 -0.624726 -0.662705
v -35.5901 -19.0637 -74.8491
vn 0.727086 -0.315187 -0.609921
v -24.267 -8.15832 -74.1464
vn -0.903829 -0.382635 0.191531
v -73.9644 -7.42882 -75.3105
vn 0.781938 0.385927 -0.489525
v -26.7205 13.9859 -71.2553
vn -0.867667 0.493313 -0.0616165
v -70.0839 37.3369 -71.8806
vn -0.531395 0.833015 -0.153967
v -66.9409 40.4007 -75.7215
vn -0.23613 -0.81475 -0.529551
v -54.7288 -30.1621 -73.6337
vn 0.495317 -0.628867 -0.599322
v -38.8103 -25.452 -70.773
vn 0.836256 0.118941 -0.535284
v -22.8624 -1.13563 -73.8208
vn -0.945066 -0.241546 0.220241
v -75.0232 -3.10001 -73.9713
vn 0.812405 0.290338 -0.50567
v -23.0886 5.3025 -71.3832
vn 0.0126451 -0.768145 -0.640151
v -50.3106 -31.8801 -72.1556
vn 0.346936 -0.64697 -0.679018
v -47.6059 -32.9811 -70.8252
vn -0.490223 -0.81437 -0.310616
v -57.2116 -28.5513 -74.1205
vn -0.741046 -0.67145 -0.00233822
v -63.871 -22.6963 -73.9462
vn 0.460172 -0.69542 -0.551935
v -34.9948 -21.9349 -71.3897
vn 0.537212 -0.592853 -0.59994
v -28.2082 -18.7186 -70.3474
vn 0.493963 -0.568899 -0.657537
v -29.1582 -16.5815 -73.0274
vn 0.656154 -0.467997 -0.59198
v -25.9887 -14.4123 -71.8184
vn -0.991927 0.0423887 0.119516
v -75.3249 11.0344 -67.6126
vn 0.306985 0.902038 -0.30346
v -54.7906 39.754 -69.0032
vn 0.198379 0.911072 -0.361376
v -63.4845 42.2194 -72.0174
vn -0.223287 0.909894 -0.349622
v -65.2343 42.3586 -71.6093
vn -0.258371 -0.837544 -0.481419
v -53.0177 -33.7405 -69.0291
vn -0.706743 -0.695157 -0.131417
v -60.3107 -26.71 -71.5303
vn 0.755295 -0.347617 -0.555601
v -22.2529 -9.65886 -70.6935
vn -0.900118 -0.361853 0.24259
v -72.2804 -9.43208 -71.5957
vn 0.822746 0.197845 -0.532866
v -21.1082 2.253 -69.9314
vn -0.975154 -0.109341 0.192662
v -75.2053 4.36119 -68.9188
vn 0.797833 0.338275 -0.499031
v -22.6358 9.04073 -67.9103
vn 0.752619 0.469389 -0.461778
v -30.6322 18.8977 -73.0628
vn 0.703576 0.612944 -0.359557
v -35.8478 26.8842 -71.9562
vn -0.974385 0.223395 0.0258402
v -72.6957 29.118 -73.002
vn 0.661804 0.66801 -0.340262
v -40.2452 30.2567 -74.7292
vn -0.555018 -0.78103 -0.286264
v -53.9737 -35.0436 -65.3442
vn 0.527228 -0.594255 -0.607364
v -41.887 -28.4425 -70.2292
vn 0.57778 -0.649355 -0.494479
v -36.4367 -24.7688 -69.1288
vn 0.560758 -0.753042 -0.344208
v -27.5916 -19.9131 -68.419
vn -0.838978 -0.535892 0.0945282
v -64.851 -20.9658 -67.704
vn 0.772073 -0.382524 -0.507523
v -21.5079 -11.5834 -68.2378
vn 0.836431 -0.101956 -0.538506
v -20.9523 -5.27877 -70.851
vn -0.993607 -0.0175198 0.111524
v -75.3969 8.90634 -69.7418
vn 0.659048 0.675585 -0.330516
v -34.9984 29.6989 -64.2927
vn 0.57373 0.752929 -0.322385
v -43.7513 34.1627 -73.2973
vn -0.988 0.135786 0.0736048
v -74.3729 18.7751 -68.1992
vn -0.727633 0.651094 -0.215934
v -67.3566 41.5097 -70.3809
vn -0.308995 0.878212 -0.365057
v -65.916 44.0147 -67.6821
vn 0.190195 -0.815853 -0.546086
v -47.7052 -35.0847 -67.8841
vn 0.550488 -0.668454 -0.500133
v -43.1978 -31.8632 -68.2735
vn 0.850942 0.0200815 -0.524876
v -19.4364 -3.26364 -68.3961
vn 0.749164 0.377829 -0.544057
v -24.0238 15.5699 -66.0777
vn -0.984918 0.172969 0.00433242
v -73.5902 23.0528 -67.2652
vn 0.699623 0.590064 -0.40293
v -31.2973 23.6402 -68.784
vn 0.570177 0.773492 -0.276782
v -42.3758 35.7145 -66.2743
vn 0.402354 0.87357 -0.273838
v -46.3287 37.6997 -67.7087
vn 0.281021 0.928722 -0.241874
v -53.3296 38.1672 -72.8617
vn 0.160568 0.904932 -0.394103
v -63.7963 43.5472 -68.9391
vn -0.00130771 -0.93425 -0.356617
v -48.2684 -37.4394 -64.2452
vn 0.484749 -0.794595 -0.365565
v -45.2198 -36.5221 -63.3944
vn 0.623956 -0.650598 -0.432899
v -38.9415 -29.2752 -66.4949
vn 0.511718 -0.852109 0.109798
v -24.7397 -18.4154 -62.0546
vn 0.698188 -0.522975 -0.488908
v -24.5218 -16.5398 -68.3538
vn -0.889376 -0.387827 0.242078
v -70.3609 -10.5077 -66.7977
vn -0.993755 0.111301 0.00793897
v -74.0381 20.8436 -65.3629
vn 0.738725 0.45279 -0.499266
v -26.908 18.2899 -67.9758
vn -0.963642 0.262053 -0.0521746
v -71.4086 34.0039 -65.3858
vn 0.354995 0.84213 -0.405951
v -60.9917 44.2215 -65.2746
vn 0.713172 -0.663392 -0.226489
v -39.7663 -31.9815 -62.428
vn 0.752508 -0.646951 -0.123233
v -37.2947 -28.8574 -63.7518
vn 0.63929 -0.707548 -0.301138
v -34.235 -24.705 -66.095
vn 0.710264 -0.701027 0.0639294
v -33.3202 -24.0568 -63.0685
vn 0.530458 -0.836579 -0.136932
v -30.1716 -21.6439 -67.3259
vn -0.869746 -0.45594 0.18884
v -67.9432 -16.0738 -67.223
vn 0.794793 -0.464602 -0.390447
v -20.2947 -13.2525 -64.7509
vn 0.839236 -0.213913 -0.499924
v -19.8865 -7.52923 -68.1481
vn 0.852635 -0.0154341 -0.522279
v -16.7429 -2.7186 -64.1843
vn 0.763527 0.325401 -0.5578
v -20.3216 6.49363 -66.131
vn 0.69816 0.554334 -0.453086
v -28.9615 21.3367 -67.9721
vn 0.361869 0.86412 -0.349782
v -58.4649 41.1446 -69.0193
vn -0.584294 0.743986 -0.324167
v -66.046 44.975 -64.6727
vn 0.695524 -0.69303 -0.189621
v -22.8264 -16.8226 -64.63
vn 0.699022 0.520225 -0.490648
v -25.1621 19.6381 -64.1659
vn 0.725049 -0.647829 -0.233713
v -18.4973 -13.1793 -60.1641
vn 0.834069 -0.301435 -0.462024
v -17.7984 -8.20433 -64.3092
vn -0.939639 -0.226233 0.256704
v -73.9087 -1.04417 -68.3137
vn 0.778508 0.205207 -0.593141
v -18.3451 4.46686 -64.8232
vn -0.976142 -0.0837634 0.200327
v -74.4919 7.52274 -64.0613
vn 0.680118 0.41488 -0.604412
v -20.2228 15.0451 -61.8285
vn 0.601508 0.654609 -0.457904
v -23.3998 24.0037 -55.7554
vn -0.919971 0.376615 -0.108698
v -70.6647 36.8908 -65.8576
vn 0.00718765 0.903171 -0.429222
v -63.8344 45.4941 -64.3617
vn -0.709217 -0.699222 -0.0900024
v -56.361 -33.4265 -63.1914
vn -0.822997 -0.567907 0.0125377
v -62.4888 -24.7748 -66.3775
vn -0.870954 -0.477627 0.115374
v -62.2562 -23.617 -58.9627
vn 0.564514 -0.797612 0.21246
v -30.3075 -21.3294 -61.9494
vn -0.909531 -0.351165 0.222343
v -68.8434 -9.97143 -60.6366
vn -0.92228 -0.291517 0.253807
v -72.2658 -3.5715 -65.1231
vn 0.639175 0.718162 -0.275134
v -38.6303 33.0081 -65.3106
vn 0.338394 0.893703 -0.294593
v -48.0878 39.3838 -64.3247
vn 0.0853637 -0.947984 -0.30666
v -47.3557 -38.5973 -59.2873
vn 0.805924 -0.590365 0.0442159
v -35.5582 -26.7124 -60.8459
vn 0.834013 0.0547601 -0.549021
v -16.019 1.19504 -62.237
vn 0.696115 0.235234 -0.678299
v -16.3879 10.7666 -60.3622
vn -0.986554 0.0251725 0.161484
v -74.3808 13.0153 -63.3417
vn 0.352257 0.864232 -0.359191
v -54.0576 41.9262 -62.8585
vn -0.407009 -0.881445 -0.239581
v -51.6775 -37.3415 -61.837
vn 0.43245 -0.847156 -0.308728
v -44.9623 -38.2166 -58.3738
vn 0.839527 -0.381245 -0.3871
v -15.2514 -9.32071 -58.9595
vn -0.94503 -0.23738 0.224876
v -72.1628 0.594426 -60.4714
vn -0.995855 0.0694266 -0.0587595
v -73.7562 24.775 -54.7585
vn 0.635637 0.667568 -0.38771
v -29.1024 26.3516 -60.5495
vn -0.858627 0.467051 -0.211242
v -68.6577 42.0784 -63.3776
vn -0.453896 0.793321 -0.405734
v -66.0923 47.1253 -60.6338
vn 0.29109 0.847655 -0.443563
v -62.6054 47.1116 -61.0229
vn -0.451868 -0.878244 -0.156532
v -51.4175 -38.2089 -57.319
vn -0.826869 -0.562145 -0.0167646
v -59.6187 -28.9949 -63.8074
vn 0.520744 -0.844139 0.127496
v -20.2069 -14.6417 -57.7899
vn 0.878222 -0.0850355 -0.470634
v -12.1594 -1.32469 -56.4435
vn 0.653569 0.380239 -0.65442
v -14.7298 12.1892 -58.0198
vn 0.642432 0.585583 -0.494342
v -22.5839 21.0433 -58.7461
vn -0.980002 0.188184 -0.0646724
v -72.5267 30.0687 -63.2211
vn 0.528075 0.801903 -0.279442
v -42.8988 37.6914 -61.2211
vn 0.358971 0.874725 -0.325571
v -50.8796 42.0062 -59.6306
vn -0.233563 0.841268 -0.487562
v -65.2487 49.9264 -55.7885
vn -0.883321 -0.436685 0.170441
v -65.4623 -18.0085 -61.0747
vn -0.976748 -0.112152 0.182717
v -73.4081 8.1841 -58.8177
vn -0.986474 -0.150807 0.0642412
v -73.6771 13.7638 -57.6631
vn 0.604945 0.684282 -0.407185
v -28.6267 28.7627 -55.4099
vn 0.605829 0.736577 -0.300708
v -37.3767 33.6282 -60.419
vn 0.498382 0.829705 -0.251406
v -42.4484 39.2946 -56.7269
vn -0.729872 0.589312 -0.346409
v -67.2434 47.0722 -57.9982
vn -0.742449 -0.667074 0.061486
v -53.2915 -36.6821 -53.2085
vn 0.820624 -0.567335 -0.0686106
v -36.7288 -28.3065 -57.591
vn 0.78889 -0.599677 0.134314
v -32.4631 -21.6049 -58.1136
vn 0.408555 -0.859 0.308548
v -24.7282 -17.3111 -57.9543
vn 0.907051 -0.321774 -0.271516
v -13.2911 -7.02717 -55.7834
vn 0.876398 -0.126605 -0.464648
v -14.4072 -4.31327 -59.9072
vn -0.99754 -0.0394107 0.0579654
v -74.0864 15.5749 -60.8681
vn 0.39313 0.857678 -0.331418
v -51.252 43.4536 -56.1452
vn 0.414985 0.832886 -0.366182
v -56.9198 44.5684 -59.769
vn 0.182068 0.841898 -0.507995
v -63.1761 50.1534 -55.5145
vn 0.412852 0.77474 -0.478885
v -60.9971 49.6558 -54.592
vn -0.21123 -0.95714 -0.198152
v -48.533 -40.4456 -53.8548
vn 0.795439 -0.578851 -0.179467
v -39.9767 -33.4273 -55.6018
vn 0.512726 -0.814032 0.272879
v -30.5625 -19.4996 -57.1882
vn -0.936412 -0.326787 0.127838
v -67.7631 -8.07081 -52.7345
vn -0.976633 -0.188336 0.103523
v -72.2977 7.70423 -52.901
vn -0.94797 0.272543 -0.164542
v -71.5658 37.0816 -57.7984
vn 0.499995 0.763704 -0.408365
v -57.4213 47.4457 -54.3948
vn -0.828375 -0.555437 0.0726986
v -57.5609 -32.0847 -58.9899
vn 0.816061 -0.509862 -0.272184
v -39.0084 -33.0651 -53.4382
vn 0.84868 -0.495644 -0.184608
v -34.9067 -25.8969 -53.3657
vn -0.891283 -0.422973 0.163426
v -62.7577 -21.2391 -54.4016
vn 0.740417 -0.666805 0.0845809
v -31.978 -20.3108 -56.2195
vn 0.391867 -0.886964 0.244406
v -23.7387 -15.1045 -53.6808
vn -0.916655 -0.371466 0.147502
v -66.2313 -12.5361 -53.0422
vn 0.803655 0.0349047 -0.594072
v -12.3665 3.50938 -56.9944
vn 0.716769 0.166105 -0.677238
v -12.5928 9.84628 -56.7971
vn 0.734141 0.040233 -0.677804
v -10.5516 8.62148 -54.646
vn 0.657496 0.324458 -0.680019
v -11.5557 13.2553 -54.4896
vn 0.431281 0.834368 -0.343259
v -52.7787 46.0239 -51.6452
vn 0.44529 -0.872089 0.202923
v -26.8351 -16.4858 -54.1211
vn 0.797656 -0.585261 -0.145648
v -15.5253 -11.5494 -56.2493
vn 0.883097 -0.266376 -0.386242
v -10.2245 0.230547 -52.7092
vn -0.95717 -0.249509 0.14687
v -71.1858 1.16394 -55.5387
vn 0.835612 -0.0879048 -0.542242
v -11.4516 1.90739 -55.2413
vn -0.985789 -0.16696 -0.0185315
v -73.6033 14.2297 -49.3368
vn 0.569206 0.566082 -0.596285
v -18.2477 18.6752 -56.2867
vn -0.984097 0.107013 -0.141777
v -73.0556 29.1651 -56.9205
vn -0.89746 0.353153 -0.264288
v -69.8222 42.6461 -57.6885
vn 0.0824526 0.821342 -0.564446
v -63.8417 53.7421 -50.4701
vn 0.177049 -0.949525 -0.258953
v -46.4086 -40.4777 -53.3484
vn -0.556637 -0.830715 -0.00821819
v -49.6278 -40.0989 -52.2275
vn -0.871039 -0.46571 0.15622
v -60.444 -25.2161 -52.8373
vn 0.594772 -0.794422 0.123044
v -16.2245 -12.1253 -54.3268
vn 0.626016 0.255688 -0.736701
v -6.74023 13.1525 -49.7798
vn -0.965723 0.190055 -0.176799
v -72.3283 35.8985 -55.3458
vn 0.564852 0.756734 -0.329083
v -35.7881 34.7038 -54.9443
vn 0.456502 0.832908 -0.312842
v -48.9001 46.2026 -46.2399
vn 0.708925 -0.658252 -0.253238
v -43.0654 -36.8882 -57.8394
vn -0.834681 -0.529574 0.151192
v -55.9609 -32.5791 -51.2198
vn 0.845913 -0.403634 -0.348584
v -37.176 -31.3837 -50.1019
vn -0.942751 -0.299582 0.146532
v -69.516 -3.43737 -53.872
vn 0.885447 -0.437862 -0.155758
v -11.0596 -4.11245 -50.0981
vn 0.683568 -0.0172156 -0.729684
v -8.18393 7.00942 -52.575
vn 0.488611 0.609008 -0.624795
v -14.7691 19.6809 -52.4664
vn 0.589739 0.722105 -0.361624
v -34.0096 31.9704 -58.1355
vn 0.419282 0.8611 -0.287592
v -46.2427 41.2907 -55.9694
vn 0.837785 -0.519929 -0.166702
v -32.605 -21.8072 -52.4894
vn 0.635833 -0.770844 -0.0389285
v -29.5386 -18.218 -53.8495
vn 0.588002 0.471981 -0.656877
v -10.8194 16.7235 -51.7627
vn 0.500882 0.683785 -0.530618
v -19.8512 24.1376 -51.8858
vn 0.496435 0.73777 -0.457436
v -22.7685 28.4745 -48.4712
vn 0.547315 0.789867 -0.276689
v -39.5598 38.1345 -53.4635
vn -0.942431 0.221161 -0.250822
v -72.535 38.6525 -51.6858
vn 0.783294 -0.432242 -0.446785
v -35.2779 -28.9375 -48.9166
vn 0.603188 -0.786738 -0.131182
v -25.2205 -15.1101 -48.7946
vn 0.403278 -0.888985 0.216963
v -19.3877 -12.9068 -51.8304
vn 0.833945 -0.551773 0.00907302
v -13.2463 -8.0517 -52.3158
vn 0.746669 -0.299551 -0.593932
v -8.37193 4.01356 -52.0672
vn -0.988371 -0.114085 -0.100533
v -73.8209 15.5752 -47.7554
vn 0.435677 0.694498 -0.572589
v -15.7692 24.6509 -47.7377
vn -0.987597 -0.0303434 -0.154052
v -74.1757 24.8733 -52.0943
vn -0.973935 0.0830973 -0.21106
v -74.4507 33.06 -48.5278
vn 0.497052 0.824562 -0.270253
v -43.837 42.7988 -48.5923
vn 0.505001 0.778355 -0.37301
v -53.8028 47.4786 -49.2253
vn -0.536538 0.689599 -0.486395
v -66.4014 52.7553 -50.6389
vn 0.486912 0.722373 -0.491013
v -60.8497 52.9484 -49.7516
vn 0.474796 -0.878059 0.0598457
v -23.0256 -13.945 -48.7818
vn 0.511136 -0.845241 0.155913
v -17.6475 -10.7745 -47.5211
vn -0.966874 -0.255215 0.00435821
v -71.5927 4.42968 -50.3402
vn 0.521967 -0.580734 -0.624738
v -7.83439 1.22894 -48.1093
vn 0.559077 -0.188898 -0.807311
v -5.56615 5.39394 -49.8664
vn -0.978995 -0.20104 -0.0339544
v -72.7195 9.81032 -50.5803
vn -0.808275 0.467276 -0.358254
v -69.4511 48.9365 -50.9962
vn 0.115115 -0.923235 -0.366588
v -44.5147 -41.4593 -48.4189
vn 0.547203 -0.710363 -0.442666
v -42.7069 -40.1329 -49.3157
vn 0.749033 -0.597676 -0.28589
v -29.3548 -18.9646 -48.7865
vn -0.902045 -0.416054 0.114952
v -64.0054 -16.9917 -51.0523
vn 0.6782 -0.723312 0.129863
v -14.7556 -9.35099 -49.8062
vn -0.949212 -0.314637 -0.000906595
v -69.3121 -3.21388 -49.6464
vn 0.416045 -0.0608126 -0.907309
v -2.64661 6.35386 -48.4527
vn -0.98493 -0.0391454 -0.168467
v -74.5655 23.8371 -48.5783
vn 0.55809 0.73318 -0.388565
v -28.6143 30.6986 -52.3754
vn 0.488735 0.719116 -0.493974
v -59.8603 56.057 -44.4236
vn -0.704513 -0.705963 0.07265
v -50.4689 -38.8586 -47.0384
vn 0.797174 -0.424832 -0.428988
v -31.9773 -24.5983 -47.7371
vn 0.320212 -0.648002 -0.691055
v -2.62798 2.21796 -46.4269
vn 0.396513 -0.429188 -0.811526
v -3.22068 3.90965 -48.0145
vn 0.428227 0.167913 -0.887934
v -4.31347 11.1929 -48.8619
vn 0.351364 0.231479 -0.907172
v -0.480093 12.2211 -47.0669
vn 0.464594 0.401287 -0.78938
v -5.28323 15.2979 -47.8276
vn 0.542188 0.500976 -0.674577
v -9.3598 18.9989 -48.6542
vn -0.96997 0.121458 -0.21073
v -74.9099 34.6912 -46.5274
vn -0.950897 0.232292 -0.204538
v -73.7012 39.5756 -46.7478
vn -0.922606 0.28589 -0.25897
v -71.6727 44.4827 -49.3519
vn 0.59583 0.685188 -0.418932
v -55.5116 50.1449 -47.165
vn -0.452299 0.6966 -0.556933
v -66.9861 55.7781 -46.2269
vn 0.0957605 0.78267 -0.615027
v -63.8413 56.5965 -46.4762
vn -0.324132 -0.939564 -0.110262
v -47.4124 -41.0331 -48.4803
vn 0.51284 -0.522092 -0.681481
v -40.0453 -40.5253 -46.6111
vn -0.880123 -0.456699 0.129652
v -60.5306 -22.9843 -47.78
vn 0.639937 -0.7654 0.0681439
v -13.8774 -8.07295 -44.3001
vn 0.34179 -0.816711 -0.464933
v -5.71717 0.258628 -45.4082
vn -0.98506 -0.0449451 -0.166241
v -75.1223 22.0425 -45.7243
vn 0.44705 0.659373 -0.604461
v -12.2259 23.4899 -46.6908
vn 0.527879 0.827402 -0.191701
v -35.2338 38.6216 -43.7105
vn 0.0914108 -0.860053 -0.501949
v -42.2641 -42.6743 -45.8356
vn 0.727645 -0.400237 -0.557085
v -37.2419 -35.6211 -47.292
vn 0.706223 -0.335321 -0.623545
v -33.6924 -30.9329 -45.4988
vn 0.697478 -0.316974 -0.642692
v -31.9353 -27.7761 -45.0695
vn 0.70017 -0.368677 -0.611424
v -29.7983 -24.4168 -44.5095
vn 0.744181 -0.428086 -0.512773
v -28.814 -20.1586 -46.1296
vn -0.92597 -0.376033 0.034339
v -67.2533 -8.75551 -47.9279
vn 0.367632 -0.160926 -0.915942
v 1.61462 6.24252 -46.7247
vn -0.961331 -0.26212 -0.0844702
v -72.2155 5.02613 -43.9607
vn 0.407482 -0.0145135 -0.913098
v 4.18802 8.27244 -45.8707
vn 0.315463 0.223881 -0.92215
v 1.86215 13.1026 -46.1727
vn -0.974894 -0.115055 -0.190641
v -74.1881 19.4866 -48.4297
vn 0.53605 0.763845 -0.359431
v -29.0954 33.0965 -47.6494
vn -0.836368 0.415232 -0.35787
v -70.378 52.0554 -45.1361
vn -0.152619 0.792952 -0.58986
v -65.1347 58.7606 -43.7467
vn -0.371869 -0.891725 -0.257952
v -46.1956 -42.1183 -45.15
vn -0.863763 -0.489835 0.118216
v -58.2072 -26.603 -45.1573
vn 0.694209 -0.635405 -0.338133
v -26.9831 -17.8127 -45.9239
vn -0.899742 -0.433061 0.0540599
v -64.3273 -15.2393 -45.8051
vn 0.698418 -0.535894 -0.474373
v -23.4469 -16.5286 -41.6999
vn 0.789241 -0.613917 0.0143101
v -12.4786 -6.58673 -47.0791
vn 0.746827 -0.589364 -0.308058
v -8.4424 -0.891998 -47.0278
vn -0.976098 -0.179601 -0.122374
v -73.7064 12.0898 -44.3017
vn -0.978146 -0.144647 -0.149355
v -74.7789 17.3398 -43.9537
vn 0.367444 0.769091 -0.522957
v -62.4423 58.4621 -43.4117
vn 0.174384 -0.666434 -0.724884
v -39.7101 -43.771 -44.1372
vn 0.327076 -0.171518 -0.929302
v -34.6294 -44.3067 -41.7687
vn 0.655143 -0.245705 -0.714434
v -32.2916 -33.7283 -43.3724
vn 0.687223 -0.285766 -0.667879
v -27.4509 -24.5407 -42.4248
vn 0.63306 -0.767757 -0.0989199
v -19.6074 -11.9504 -44.1718
vn -0.928419 -0.368658 -0.0461471
v -69.3852 -4.08186 -40.1882
vn -0.945737 -0.318629 -0.0637
v -71.0723 1.41311 -43.1522
vn 0.238729 -0.696409 -0.676774
v 2.46827 1.41672 -43.4159
vn 0.373528 -0.398267 -0.837771
v 10.1637 3.41513 -42.4787
vn 0.376676 -0.344267 -0.859998
v 5.94067 3.82877 -44.2511
vn 0.450609 0.119913 -0.884631
v 7.29271 10.5509 -44.1928
vn 0.341649 0.392804 -0.853804
v 3.96365 14.9533 -44.6497
vn 0.374946 0.466045 -0.801385
v 5.08853 18.4916 -42.4993
vn 0.318987 0.501206 -0.804388
v -3.82107 19.2379 -44.7247
vn 0.247435 0.581426 -0.775061
v 0.667356 19.5611 -42.9803
vn 0.457575 0.564409 -0.687072
v -6.41941 20.1621 -45.5127
vn 0.328368 0.673569 -0.662178
v -4.21958 22.1722 -42.3955
vn 0.413992 0.76811 -0.488485
v -18.9092 29.2457 -43.8123
vn 0.54006 0.78015 -0.315755
v -31.9437 34.7336 -48.6666
vn -0.943903 0.256562 -0.207902
v -73.3231 43.6419 -43.3007
vn 0.554472 -0.327323 -0.765128
v -36.0728 -39.0114 -44.1543
vn -0.823649 -0.554 0.121186
v -54.3009 -33.0175 -44.1353
vn -0.886734 -0.457166 0.0685691
v -62.5286 -18.9226 -45.4007
vn 0.735004 -0.369297 -0.568672
v -26.2851 -19.5236 -43.11
vn 0.641681 -0.720579 -0.2627
v -22.3618 -14.1891 -43.8608
vn -0.898866 -0.437961 -0.0151879
v -66.0315 -11.5959 -40.4204
vn 0.41852 0.68262 -0.599058
v -8.96196 24.5256 -42.9877
vn 0.380265 0.757883 -0.530105
v -11.6898 27.2375 -41.407
vn 0.344869 0.851237 -0.395552
v -19.5675 32.258 -38.8886
vn 0.540194 0.82444 -0.168787
v -38.6222 40.8716 -43.0782
vn 0.633364 0.660569 -0.403112
v -56.7834 52.9895 -44.5961
vn -0.046513 -0.425027 -0.903985
v -32.0281 -49.7777 -41.2097
vn 0.0953766 -0.151883 -0.983786
v -27.1072 -47.9834 -41.3227
vn -0.0319634 -0.477922 -0.87782
v -37.5305 -45.7954 -42.0755
vn 0.106766 0.0164907 -0.994147
v -33.8859 -47.1302 -41.6995
vn 0.221349 0.0927599 -0.970773
v -32.1166 -43.7701 -40.9569
vn 0.00921994 0.22996 -0.973156
v -29.1423 -46.0726 -41.1497
vn 0.15954 0.219067 -0.962578
v -21.0303 -43.0475 -40.7541
vn 0.204148 -0.118228 -0.971774
v -22.4645 -45.1154 -41.268
vn -0.664888 -0.745877 -0.0398962
v -48.5179 -40.5629 -43.4059
vn 0.507574 -0.134879 -0.850986
v -32.1019 -41.7598 -41.0503
vn 0.456502 -0.0923721 -0.884914
v -27.8972 -35.6389 -40.1436
vn 0.648728 -0.211194 -0.731129
v -27.8513 -27.852 -41.4747
vn 0.712424 -0.41722 -0.564251
v -21.3386 -15.6578 -39.8247
vn 0.169232 -0.851978 -0.495474
v 1.32291 -0.0455379 -41.8698
vn 0.630444 -0.272446 -0.726852
v 13.6808 4.45933 -40.6765
vn 0.63295 0.117657 -0.7652
v 14.2499 7.65908 -40.5161
vn -0.962549 -0.248457 -0.108482
v -73.6095 8.95982 -40.8429
vn 0.476381 0.0393698 -0.878357
v 10.2489 7.76956 -43.0617
vn -0.987717 -0.0813434 -0.133412
v -75.4426 21.9924 -42.545
vn 0.456042 0.816629 -0.353756
v -26.3222 33.391 -43.148
vn -0.162287 -0.650912 -0.741604
v -31.8726 -50.9921 -40.4042
vn 0.258953 -0.487587 -0.833788
v -25.8775 -49.1466 -40.5375
vn -0.806541 -0.587027 0.0699373
v -50.5942 -37.8178 -40.3091
vn 0.626585 -0.182759 -0.757622
v -31.9809 -36.2671 -41.8352
vn 0.616069 -0.787198 -0.0279
v -9.99203 -3.44562 -41.0898
vn 0.221636 -0.825914 -0.518405
v 9.09097 0.485722 -40.4265
vn 0.581851 0.347221 -0.73545
v 10.6658 14.5778 -40.6623
vn 0.420297 0.641635 -0.641603
v 7.4306 19.6045 -40.6177
vn 0.533259 0.826262 -0.181456
v -45.4478 45.4522 -42.2537
vn 0.593741 0.730108 -0.338253
v -52.4762 50.0355 -42.6546
vn -0.56315 0.660586 -0.496476
v -67.3545 58.6842 -42.0756
vn -0.297211 -0.67655 -0.673755
v -32.495 -53.582 -37.2438
vn -0.444636 -0.681088 -0.581738
v -38.209 -48.1629 -39.8281
vn 0.466176 -0.338618 -0.817324
v -19.8815 -44.5662 -40.2088
vn -0.315708 -0.814463 -0.486805
v -40.9594 -45.7859 -41.2246
vn -0.0454133 0.354881 -0.933808
v -24.1566 -41.9589 -40.0089
vn 0.459945 -0.277469 -0.843482
v -16.2154 -42.4524 -38.8378
vn 0.0754479 0.245707 -0.966403
v -27.3122 -41.9407 -39.8954
vn 0.290773 0.0331454 -0.956218
v -28.2906 -39.9571 -39.6973
vn 0.223603 0.146014 -0.963681
v -18.2048 -41.2032 -39.444
vn 0.548018 -0.187664 -0.815143
v -28.4742 -32.5105 -40.8077
vn 0.603714 -0.0619881 -0.794788
v -25.67 -32.8805 -38.7931
vn 0.639597 -0.183926 -0.746383
v -24.8375 -26.0313 -39.2234
vn 0.696316 -0.273912 -0.663413
v -25.4846 -22.4245 -40.8787
vn 0.743362 -0.668709 0.0155146
v -13.604 -7.29555 -39.2791
vn 0.10983 -0.958581 -0.262791
v 2.75586 -0.837352 -39.7308
vn -0.944338 -0.322477 -0.0650706
v -71.5629 1.44257 -37.8886
vn -0.984091 0.0818819 -0.157669
v -75.2755 35.0443 -43.0434
vn 0.288354 0.915909 -0.279218
v -22.7142 34.001 -37.398
vn 0.359472 0.900481 -0.244773
v -28.2774 35.71 -38.7099
vn 0.464475 0.863968 -0.194478
v -30.8888 36.414 -40.8895
vn 0.567578 0.818887 -0.0853188
v -40.4081 42.6826 -37.7537
vn -0.856501 0.398385 -0.32817
v -70.9015 53.2666 -42.6815
vn 0.638994 0.677796 -0.363703
v -58.4739 57.4167 -39.9189
vn 0.54383 0.718086 -0.434282
v -61.8987 61.62 -37.851
vn -0.492139 -0.677494 -0.546627
v -35.5418 -53.5192 -35.1248
vn 0.300275 -0.53622 -0.788862
v -25.1427 -51.7568 -38.6944
vn 0.472785 -0.464548 -0.748779
v -19.8994 -48.1738 -37.9879
vn 0.434135 -0.188982 -0.880802
v -13.5668 -40.149 -38.2429
vn 0.0270947 0.384373 -0.92278
v -20.2324 -38.8142 -38.8403
vn 0.0881792 0.265625 -0.960035
v -25.723 -39.9261 -39.248
vn -0.87627 -0.481804 0.00386739
v -62.7573 -17.7715 -39.9412
vn 0.605647 -0.768006 0.208226
v -11.0647 -3.49164 -35.9415
vn 0.354187 -0.913552 -0.199937
v -6.61279 -1.74369 -40.4199
vn 0.531323 -0.664995 -0.524859
v 12.4788 1.91979 -39.7696
vn -0.978319 -0.172305 -0.114908
v -74.8568 13.2675 -38.4785
vn 0.534092 0.663346 -0.524134
v 9.59569 20.1924 -38.2898
vn 0.257026 0.722538 -0.641776
v 2.28026 22.744 -39.4974
vn 0.365449 0.746493 -0.556054
v -6.32013 26.3526 -38.8644
vn 0.326665 0.826745 -0.458021
v -14.0536 31.4568 -36.5562
vn 0.606999 0.784229 -0.128598
v -41.9286 44.3858 -33.092
vn 0.0224404 0.828857 -0.55901
v -64.4693 61.2131 -40.2275
vn -0.0280885 -0.579771 -0.814295
v -28.5677 -56.5516 -36.323
vn 0.354406 -0.510591 -0.783385
v -24.5192 -53.731 -36.7465
vn 0.0199993 -0.591328 -0.806183
v -29.0381 -52.9464 -38.5516
vn -0.666148 -0.724347 -0.177677
v -43.4937 -45.5757 -35.025
vn 0.538536 -0.428104 -0.725745
v -17.2434 -46.8542 -36.5229
vn -0.755944 -0.654447 0.0157709
v -47.7279 -41.7579 -38.795
vn 0.231032 0.17678 -0.956751
v -12.9893 -37.7261 -38.1211
vn 0.384436 0.0991992 -0.917806
v -24.7139 -35.4879 -38.3734
vn 0.124932 0.352697 -0.92736
v -20.6589 -35.8097 -37.4091
vn 0.52332 0.0420246 -0.851099
v -8.40508 -35.1135 -36.0839
vn -0.853332 -0.520772 0.0249141
v -58.5124 -24.9956 -37.5922
vn -0.862879 -0.504996 0.0204793
v -60.6234 -21.2121 -38.0099
vn 0.649668 -0.219516 -0.727836
v -21.8555 -19.8281 -38.4597
vn -0.881329 -0.468106 -0.0643083
v -65.9985 -12.8948 -31.9971
vn 0.88819 -0.442935 -0.122176
v -13.9585 -7.98115 -34.6576
vn 0.0541585 -0.998457 0.012231
v -0.424437 -1.61318 -35.7591
vn 0.0917182 -0.978476 -0.184859
v -3.42077 -1.36459 -39.8188
vn 0.0690271 -0.996901 -0.0377272
v 5.09753 -1.3658 -35.3177
vn 0.284142 -0.910639 -0.300001
v 9.79104 -0.549469 -37.9832
vn 0.833671 -0.052334 -0.549776
v 16.1354 6.60266 -38.5393
vn -0.980041 -0.0750185 -0.184098
v -76.3008 23.4374 -38.5416
vn -0.979661 0.0432457 -0.195946
v -76.4972 31.0616 -38.0172
vn 0.497411 0.862769 -0.0906207
v -35.2131 39.2193 -37.5651
vn 0.587421 0.777354 -0.225072
v -48.921 48.535 -39.4704
vn -0.949235 0.245421 -0.19678
v -73.0876 47.8542 -39.5089
vn -0.251582 0.763222 -0.595146
v -66.5213 63.0493 -36.9445
vn -0.8343 -0.54491 0.0837643
v -53.5388 -32.7583 -35.5568
vn 0.0802959 0.529423 -0.844549
v -13.8178 -32.8186 -36.4881
vn 0.578881 0.081383 -0.811341
v -23.5549 -31.6371 -36.8981
vn -0.884889 -0.465754 -0.00669002
v -64.3078 -14.6023 -40.4078
vn -0.934793 -0.348949 -0.0663078
v -69.8858 -3.38423 -36.0246
vn 0.21653 -0.975885 0.0276099
v -5.30604 -1.63558 -36.7169
vn 0.752373 0.285515 -0.593646
v 15.2883 11.7446 -38.1361
vn -0.977811 -0.16989 -0.122568
v -75.468 16.0027 -36.6
vn 0.701987 0.489206 -0.517583
v 11.7568 19.553 -36.291
vn -0.98543 -0.077203 -0.151552
v -77.224 25.3909 -33.9608
vn 0.257876 0.899613 -0.352414
v -19.1905 33.8054 -34.8736
vn -0.967291 0.187092 -0.1713
v -75.2856 38.3888 -39.5477
vn 0.656597 0.719094 -0.227561
v -50.1796 50.8224 -35.48
vn -0.0221134 -0.749601 -0.661521
v 28.6821 -83.1157 -33.9888
vn 0.0975215 -0.133786 -0.9862
v 27.417 -82.0549 -34.605
vn -0.103731 -0.513907 -0.851551
v 20.7584 -80.6545 -34.3937
vn 0.0318742 0.199738 -0.979331
v 24.0263 -80.0191 -34.4024
vn -0.204126 0.215895 -0.954841
v 12.2672 -78.7374 -34.2828
vn -0.159715 -0.665834 -0.728805
v -28.0474 -59.5032 -34.3505
vn -0.596632 -0.688143 -0.412905
v -32.4861 -58.0548 -32.7772
vn 0.26728 -0.509057 -0.818182
v -26.5337 -57.009 -35.6792
vn 0.533842 -0.423175 -0.732076
v -10.6975 -42.0427 -35.0662
vn 0.526078 -0.203503 -0.825729
v -10.5548 -38.437 -36.7178
vn 0.656575 -0.106134 -0.746756
v -5.90583 -36.787 -33.6307
vn 0.24138 0.389469 -0.888847
v -21.0847 -31.3446 -35.158
vn 0.282864 0.380359 -0.88052
v -9.98929 -34.6331 -36.606
vn 0.49748 -0.0272252 -0.867048
v -21.5765 -30.7726 -35.3427
vn 0.139022 0.593423 -0.792794
v -14.8214 -30.7057 -34.5377
vn 0.571537 -0.220241 -0.790468
v -21.3226 -26.5618 -36.1581
vn 0.508542 -0.22493 -0.831139
v -18.3713 -24.5364 -35.0195
vn 0.586701 -0.171894 -0.79135
v -19.6965 -21.4252 -36.5884
vn 0.634972 -0.195922 -0.747278
v -19.1543 -16.5573 -36.783
vn 0.734076 -0.474192 -0.486081
v -17.6323 -12.4921 -37.1474
vn 0.818449 -0.456863 -0.34845
v -16.2612 -10.7529 -36.4045
vn -0.910232 -0.411371 -0.0474634
v -67.5943 -7.98739 -39.1698
vn 0.249519 -0.96794 0.0288367
v 9.56698 -0.955049 -35.5951
vn 0.504305 -0.84175 -0.192699
v 13.9965 1.12327 -35.7029
vn 0.760588 -0.45909 -0.459067
v 16.891 3.80907 -35.96
vn -0.953904 -0.291291 -0.0722243
v -73.0657 6.41257 -37.2205
vn -0.980312 -0.157585 -0.11898
v -76.3891 18.9181 -33.7007
vn 0.693016 0.660406 -0.289125
v -54.4455 54.3641 -37.1243
vn -0.927478 0.312909 -0.204628
v -71.2125 55.7883 -37.4626
vn -0.90733 0.363504 -0.211229
v -71.117 58.3657 -34.0958
vn -0.269952 -0.334367 -0.902953
v 12.0527 -79.552 -34.2115
vn -0.11705 -0.694862 -0.709553
v 15.3502 -80.5774 -34.1063
vn -0.0214209 -0.0127441 -0.999689
v 15.9282 -79.704 -34.4522
vn 0.500562 -0.422144 -0.755799
v -17.2584 -50.3065 -34.8899
vn 0.597359 0.256604 -0.759813
v -6.76382 -33.4961 -34.4696
vn -0.816432 -0.575745 0.0442351
v -55.9675 -28.6912 -32.4337
vn 0.697055 -0.137879 -0.703636
v -15.9098 -14.0304 -34.6628
vn 0.823791 -0.168272 -0.541344
v -15.3475 -11.4431 -34.1532
vn 0.150133 -0.96046 0.234471
v -7.67047 -1.44648 -33.2084
vn -0.946365 -0.31722 -0.061353
v -72.5542 3.40622 -32.5679
vn 0.68743 -0.691474 -0.222044
v 17.4988 2.90657 -33.6959
vn 0.885541 0.12731 -0.446777
v 18.5582 8.31689 -33.695
vn 0.773076 0.408057 -0.485637
v 15.1431 14.7092 -36.1798
vn 0.348543 0.794536 -0.497223
v 3.04706 24.9504 -36.0123
vn -0.986383 0.000883484 -0.164464
v -77.2602 29.2057 -34.5073
vn -0.986027 0.0726492 -0.14991
v -77.6106 33.083 -31.14
vn 0.352246 0.746311 -0.56475
v -63.5455 64.5391 -34.9051
vn -0.438712 0.732358 -0.520754
v -66.6569 66.5666 -32.6697
vn 0.299977 0.171871 -0.938336
v 32.1513 -82.006 -33.2834
vn -0.325737 -0.714038 -0.619713
v 10.3055 -80.5384 -32.5145
vn -0.440166 -0.117585 -0.890184
v 8.95284 -79.0718 -32.6033
vn 0.231611 0.249671 -0.940224
v 28.4901 -80.8426 -34.3041
vn 0.422702 -0.523974 -0.739442
v -23.1152 -56.1056 -34.5919
vn 0.503343 -0.407827 -0.761789
v -11.6242 -45.9979 -33.1892
vn 0.510242 -0.445718 -0.735519
v -13.785 -44.9935 -35.3581
vn -0.808098 -0.588856 0.0150359
v -45.6931 -43.5386 -31.4842
vn -0.820871 -0.562213 0.100437
v -50.7921 -36.2782 -32.5824
vn 0.494264 -0.20396 -0.845046
v -16.789 -26.1819 -33.4146
vn 0.52797 -0.166486 -0.832785
v -16.3815 -23.3949 -34.3302
vn 0.589709 -0.0566256 -0.805628
v -13.2989 -20.8522 -32.6868
vn 0.649952 0.036069 -0.759119
v -13.5302 -17.1237 -32.7433
vn 0.428773 -0.852896 0.297863
v -10.8046 -1.9946 -32.4917
vn -0.962524 -0.258972 -0.0805078
v -74.7364 10.2492 -31.9803
vn 0.458407 0.781828 -0.422621
v 8.53582 24.2572 -32.3262
vn 0.296173 0.800054 -0.521723
v -0.162959 26.7022 -34.9661
vn 0.256916 0.895251 -0.364033
v -15.2307 33.6167 -32.9798
vn 0.209576 0.938611 -0.274021
v -21.4705 35.0644 -32.5745
vn 0.558601 0.823395 -0.0999257
v -38.232 41.3851 -33.5699
vn 0.0706599 0.802617 -0.592294
v -64.3755 68.2509 -30.9665
vn 0.253254 -0.415984 -0.873396
v 34.5283 -83.4175 -32.2553
vn -0.172551 -0.924409 -0.340137
v 23.3687 -82.7358 -32.6345
vn -0.171344 -0.944678 -0.279685
v 11.6434 -81.186 -31.9027
vn 0.334058 0.568554 -0.751766
v 32.1949 -78.471 -31.0113
vn -0.196348 0.327001 -0.924401
v 9.28573 -76.2845 -32.3681
vn 0.219116 -0.703387 -0.676191
v -26.527 -60.1243 -33.4674
vn 0.452133 -0.495248 -0.741825
v -17.2934 -53.2117 -33.0443
vn -0.647957 -0.675754 -0.351439
v -38.2042 -51.6192 -34.7435
vn 0.501059 -0.401708 -0.766531
v -13.6515 -49.4521 -32.9723
vn 0.304836 0.201981 -0.930741
v -17.7289 -28.9734 -33.8423
vn 0.522283 -0.231884 -0.82064
v -14.1725 -23.9118 -32.4765
vn 0.912049 0.0329862 -0.408752
v -13.7047 -9.5704 -32.0641
vn 0.873159 -0.426979 0.235123
v -12.7096 -3.44561 -31.2256
vn 0.860006 0.373215 -0.347994
v 19.042 11.9261 -30.3447
vn 0.806156 0.49706 -0.321005
v 16.1715 17.5657 -30.4543
vn 0.636187 0.667748 -0.386496
v 12.3586 21.3728 -33.1864
vn 0.618972 0.722448 -0.308126
v 12.2233 22.6982 -30.0454
vn 0.330438 0.817156 -0.472299
v -7.7944 29.4488 -35.2129
vn -0.959933 0.224313 -0.167966
v -75.3812 42.3166 -34.1486
vn 0.642198 0.749659 -0.159976
v -46.3492 48.05 -32.958
vn -0.953157 0.25513 -0.162483
v -73.7742 49.9646 -30.7785
vn 0.679884 0.717603 -0.151006
v -47.7221 49.7987 -30.1964
vn -0.757003 0.530765 -0.381096
v -68.686 61.1599 -37.0228
vn 0.174746 -0.749967 -0.637976
v 36.6811 -84.2695 -30.776
vn 0.0131551 -0.696646 -0.717294
v 45.0626 -84.7815 -30.1275
vn 0.176983 -0.171103 -0.969227
v 37.5349 -82.4018 -31.3902
vn 0.221056 -0.199291 -0.954682
v 50.4671 -83.994 -30.0797
vn 0.0640202 0.238608 -0.969003
v 39.1775 -81.3322 -31.4443
vn 0.0788303 -0.120904 -0.989529
v 44.5505 -83.206 -30.755
vn 0.176053 0.560085 -0.809512
v 36.3381 -80.1639 -30.8299
vn -0.288231 -0.455569 -0.842247
v 5.39054 -78.9602 -31.1217
vn 0.285849 0.57038 -0.770037
v 27.852 -76.9088 -31.913
vn -0.272565 0.131661 -0.953086
v 3.24229 -77.1252 -31.3079
vn 0.0770531 0.50329 -0.860676
v 22.9375 -76.5002 -33.0254
vn 0.312484 0.608824 -0.729169
v 27.2959 -74.7437 -30.3661
vn 0.172854 0.619048 -0.766094
v 24.0854 -73.9126 -30.7907
vn -0.714102 -0.677218 -0.177295
v -35.9079 -55.9248 -29.3919
vn 0.46967 -0.485191 -0.737564
v -14.092 -54.2588 -30.5601
vn 0.513737 -0.406243 -0.755673
v -9.61106 -46.2048 -31.8409
vn 0.543226 -0.334283 -0.770169
v -5.78199 -41.0637 -31.7687
vn 0.503476 -0.0451468 -0.862829
v -2.09236 -34.981 -31.0966
vn 0.451485 0.280243 -0.847127
v -5.59106 -31.0702 -32.4551
vn 0.340737 0.210545 -0.91628
v -15.0729 -27.1368 -32.1881
vn 0.169717 0.498731 -0.849978
v -7.94383 -29.1962 -32.2678
vn 0.138313 0.396589 -0.907517
v -11.5969 -26.9935 -31.2866
vn 0.139943 -0.966917 0.213279
v 9.24869 0.247635 -29.8193
vn 0.12158 -0.943253 0.309017
v -8.09721 -0.655763 -29.8827
vn 0.0244531 -0.989705 0.141015
v -3.37193 -1.6169 -33.5943
vn 0.819373 -0.428686 -0.380601
v 19.4383 4.68813 -30.6813
vn -0.973678 -0.2098 -0.0890799
v -75.8889 13.6749 -28.6566
vn 0.288605 0.935132 -0.205512
v -26.2022 36.5817 -31.84
vn 0.433238 0.889166 -0.147269
v -34.5655 39.3503 -32.9283
vn -0.95244 0.251858 -0.171539
v -75.9096 42.7614 -30.3867
vn -0.951302 0.268721 -0.151043
v -72.6076 54.9401 -30.6907
vn 0.732129 0.649448 -0.205437
v -53.7141 56.0956 -30.1617
vn 0.732816 0.620003 -0.280315
v -56.5985 58.8085 -32.6282
vn -0.00614227 -0.80112 -0.598473
v 40.1965 -84.434 -30.017
vn 0.208386 -0.757394 -0.618813
v 51.4605 -85.0926 -28.9721
vn -0.107882 -0.9737 -0.200671
v 29.5633 -83.9701 -32.048
vn 0.0284773 -0.925214 -0.378374
v 32.9862 -84.2142 -31.7746
vn 0.295191 0.529525 -0.795277
v 47.2965 -81.4471 -30.0702
vn -0.304455 -0.759023 -0.575492
v 0.546761 -79.4291 -29.4954
vn 0.174065 0.578783 -0.796688
v 44.4891 -80.7621 -30.1669
vn -0.302023 0.472903 -0.827735
v 3.98505 -75.6596 -30.8639
vn -0.138051 0.490336 -0.86053
v 7.56174 -74.9612 -31.31
vn 0.0738843 -0.817021 -0.571854
v -26.6385 -62.3561 -30.4914
vn -0.317646 -0.830882 -0.456876
v -29.4003 -60.9255 -31.8878
vn -0.788473 -0.612468 -0.0565148
v -42.8275 -47.3875 -31.4281
vn 0.431898 0.180802 -0.883615
v -10.2382 -20.8202 -30.0786
vn -0.86208 -0.504613 -0.0467249
v -63.39 -17.3626 -33.4865
vn 0.327615 -0.938749 0.106859
v 12.227 0.27639 -32.3788
vn 0.488003 -0.871881 -0.0409496
v 17.0084 2.48227 -31.1513
vn -0.976551 -0.181505 -0.115779
v -76.9544 20.2703 -29.9228
vn 0.229406 0.931288 -0.282977
v -11.5614 34.1161 -29.0488
vn 0.35836 0.918549 -0.166871
v -30.5415 37.6056 -33.5438
vn 0.433881 0.712731 -0.551146
v -62.0029 68.9924 -28.5879
vn -0.169917 -0.980737 -0.0963453
v 20.8491 -83.0426 -28.5907
vn 0.540394 0.0687858 -0.838596
v 51.8467 -83.884 -29.4982
vn -0.153824 -0.926047 -0.344638
v 19.0178 -82.1444 -32.0036
vn -0.185014 -0.948221 -0.258161
v 4.91983 -80.2504 -28.6653
vn 0.208853 0.609741 -0.764589
v 38.8596 -77.5042 -27.9907
vn -0.475955 0.00806061 -0.879433
v -0.0539273 -78.0623 -29.8909
vn -0.345463 0.490269 -0.800183
v 1.45168 -73.685 -28.7119
vn 0.00346982 0.579651 -0.814857
v 18.0105 -73.075 -30.5755
vn -0.114552 0.539509 -0.834151
v 8.74212 -72.9146 -30.1867
vn -0.0252506 0.535234 -0.844326
v 11.2967 -70.1094 -28.6157
vn 0.392164 -0.63271 -0.667746
v -23.0478 -59.9393 -31.3964
vn 0.425343 -0.611121 -0.667543
v -20.3985 -61.178 -28.7246
vn 0.434401 -0.563783 -0.702456
v -19.1942 -57.9635 -30.5939
vn -0.756792 -0.640846 -0.128773
v -39.603 -51.2576 -31.8601
vn -0.773448 -0.633737 -0.0124369
v -37.4977 -54.0984 -28.211
vn -0.777676 -0.628661 0.00223165
v -39.0237 -52.1653 -23.8953
vn 0.498151 -0.23407 -0.834899
v 0.933215 -39.5022 -28.5637
vn 0.444561 -0.0187961 -0.895552
v -0.237189 -34.1764 -30.117
vn 0.38072 0.182426 -0.906517
v -0.870161 -29.4252 -29.868
vn 0.333597 0.0256306 -0.942367
v -12.0228 -25.2386 -31.0504
vn 0.207567 0.294207 -0.93293
v -4.69189 -26.8009 -30.8098
vn 0.384002 0.365684 -0.847831
v 0.747301 -25.1445 -28.1025
vn 0.346785 0.317573 -0.882546
v -3.05837 -23.8795 -29.3243
vn 0.183693 0.103396 -0.977531
v -9.80461 -22.1837 -30.0267
vn 0.190161 0.281013 -0.940675
v -5.71126 -22.452 -29.6224
vn 0.353988 0.510303 -0.783762
v -4.21294 -21.0144 -28.4551
vn 0.742327 0.178088 -0.645937
v -11.5588 -13.9327 -30.4083
vn 0.770352 -0.481909 0.417517
v -13.9849 -2.22361 -27.4163
vn -0.948363 -0.309666 -0.0686602
v -73.7417 6.02874 -27.4082
vn -0.957817 -0.27797 -0.0729293
v -75.3642 11.3154 -27.6963
vn 0.321739 0.833962 -0.448321
v -1.71015 30.1325 -29.7202
vn 0.306925 0.864926 -0.397115
v -9.24007 32.9788 -29.9183
vn 0.631776 0.767843 -0.106188
v -43.2166 45.7078 -31.0713
vn -0.161409 -0.9838 -0.0780079
v 11.8344 -81.5873 -28.9317
vn 0.329365 0.67331 -0.661945
v 46.9811 -78.6118 -26.7524
vn 0.23172 0.66954 -0.705707
v 45.4055 -77.6078 -26.3619
vn 0.272455 0.600786 -0.751548
v 33.6505 -76.915 -29.0502
vn 0.253122 0.569371 -0.782142
v 25.8094 -70.3629 -27.2303
vn 0.113057 0.590354 -0.799187
v 22.1832 -71.2074 -28.8472
vn 0.0202054 0.549204 -0.835444
v 13.768 -70.7708 -28.9437
vn -0.81382 -0.57401 0.090605
v -52.2711 -33.5066 -29.3608
vn 0.409126 0.0378934 -0.911691
v 3.02116 -30.312 -28.7161
vn -0.831167 -0.554998 -0.0337355
v -60.6757 -21.9582 -29.8289
vn 0.673976 0.134245 -0.726453
v -9.98214 -18.3436 -29.4468
vn 0.942425 0.334278 -0.00961493
v -13.6521 -6.25253 -27.9684
vn 0.422089 -0.841787 0.336505
v -11.8046 -1.1278 -28.4448
vn 0.301465 -0.912089 -0.277872
v 18.6208 2.61025 -27.0401
vn 0.383226 -0.516604 -0.765675
v 21.4945 3.9 -27.2155
vn 0.370985 0.91106 -0.179832
v -31.0336 38.6927 -29.1325
vn -0.968515 0.184511 -0.167135
v -77.3975 38.5011 -27.8622
vn 0.522001 0.840833 -0.143228
v -37.9208 42.1312 -28.2115
vn -0.906866 0.376543 -0.189233
v -70.8417 60.2536 -31.5329
vn -0.0590939 -0.978705 -0.196582
v 45.041 -85.8997 -27.335
vn 0.321811 -0.621261 -0.714473
v 54.3768 -85.3946 -27.05
vn 0.425882 -0.124768 -0.896135
v 58.3099 -85.185 -26.2796
vn 0.433681 0.401607 -0.806618
v 53.6627 -83.6144 -27.5357
vn -0.0982784 -0.995099 -0.0108991
v 33.9373 -84.825 -25.5111
vn -0.586366 -0.497251 -0.639466
v -1.53044 -78.747 -28.5249
vn -0.265044 -0.950025 -0.164937
v -0.623845 -79.7983 -26.9891
vn -0.602185 -0.440039 -0.666137
v -5.81797 -77.3648 -25.6717
vn -0.597864 -0.326933 -0.731897
v -3.33674 -77.83 -27.3814
vn 0.246533 0.557123 -0.792991
v 37.1702 -74.9677 -26.4318
vn 0.311665 0.571892 -0.758817
v 29.6902 -72.5429 -27.3625
vn -0.29404 0.488496 -0.821531
v 3.81552 -70.1411 -27.1381
vn -0.150587 0.510299 -0.84671
v 8.62648 -70.1353 -28.2925
vn 0.127599 0.531593 -0.837334
v 22.5525 -68.2652 -26.9363
vn -0.45689 -0.883539 -0.103004
v -27.646 -64.1907 -25.1387
vn 0.248145 -0.721525 -0.646394
v -22.1718 -64.3791 -26.65
vn -0.603428 -0.773643 -0.193267
v -30.1195 -62.1248 -27.7531
vn 0.511826 -0.541817 -0.666685
v -11.9027 -55.5258 -28.3248
vn 0.472866 -0.408336 -0.780807
v -1.18213 -43.9498 -27.5007
vn 0.506845 -0.327292 -0.797489
v 3.28213 -40.0008 -26.801
vn 0.507106 -0.182376 -0.842367
v 4.01586 -36.1659 -27.3938
vn -0.830958 -0.551455 0.0735263
v -50.047 -36.3746 -27.6985
vn 0.369613 0.253933 -0.893815
v 5.37988 -27.7172 -27.2856
vn 0.507835 0.471418 -0.721019
v -7.92553 -18.0685 -27.572
vn 0.776391 0.415225 -0.474137
v -11.7557 -9.2891 -28.3421
vn -0.0337981 -0.95006 0.310231
v -4.64205 0.424247 -27.3292
vn 0.215938 -0.973487 0.0754581
v 14.1217 1.6484 -27.9638
vn 0.84506 0.131254 -0.518311
v 21.0529 7.82668 -28.9177
vn -0.986174 -0.11708 -0.117271
v -77.9261 23.5841 -28.3504
vn 0.399151 0.816186 -0.417754
v 5.70196 27.4138 -29.2339
vn 0.185245 0.958734 -0.215669
v -17.7287 35.3296 -28.7457
vn 0.221981 0.951962 -0.210934
v -23.303 36.3409 -29.3959
vn -0.943204 0.281211 -0.17688
v -74.1713 54.1309 -22.7758
vn 0.785769 0.572924 -0.233078
v -54.0632 57.7846 -26.4764
vn 0.740925 0.544059 -0.393738
v -59.4952 63.7443 -30.4661
vn -0.764574 0.571108 -0.298769
v -68.4163 66.0603 -30.6209
vn -0.311713 0.804861 -0.505009
v -65.4674 69.7839 -28.2981
vn -0.133557 0.807772 -0.574166
v -64.7781 71.786 -25.9447
vn -0.0261724 -0.981029 -0.192088
v 36.4468 -84.9167 -28.6115
vn -0.10442 -0.99254 -0.0629409
v 40.3226 -85.475 -26.0562
vn 0.404521 0.351851 -0.844135
v 58.0819 -84.3018 -26.3711
vn -0.503883 0.244193 -0.828536
v -1.82398 -76.3176 -28.0638
vn -0.17141 -0.92153 -0.348425
v -24.4538 -65.3978 -25.2779
vn 0.464343 -0.617804 -0.634589
v -16.2037 -59.8626 -27.1038
vn -0.789437 -0.613365 0.0239245
v -53.5742 -31.3492 -26.4713
vn 0.489607 -0.0477279 -0.870636
v 6.52457 -31.033 -26.8878
vn -0.793904 -0.607454 -0.0267622
v -56.4685 -27.584 -24.623
vn 0.455888 0.701506 -0.547774
v -3.83802 -19.9566 -27.1546
vn -0.840391 -0.537989 -0.0656553
v -63.1555 -18.9888 -24.2215
vn 0.80135 0.354558 -0.481795
v -9.00911 -12.7948 -27.0743
vn -0.906081 -0.415164 -0.0815844
v -68.0645 -8.6814 -31.258
vn 0.794387 0.551011 -0.255611
v -9.18914 -11.0306 -25.5486
vn 0.785259 -0.227808 0.575735
v -15.7462 -2.64712 -25.1138
vn -0.937914 -0.340518 -0.0660637
v -71.4225 0.254471 -30.8769
vn 0.0454922 -0.972713 0.227508
v 1.92139 -0.092525 -28.7454
vn 0.0483198 -0.97522 0.215896
v 2.87143 0.788849 -25.4995
vn 0.0757137 -0.991819 0.102776
v 9.5306 1.35156 -24.9126
vn -0.0141267 -0.844769 -0.534945
v 19.8399 1.76757 -24.9721
vn 0.321131 0.133451 -0.937585
v 28.0227 2.92629 -25.102
vn 0.427337 0.176254 -0.886745
v 25.2849 3.9483 -26.2618
vn -0.996272 -0.0186496 -0.0842281
v -78.3003 26.9106 -25.9807
vn -0.988957 0.0867528 -0.120156
v -78.3307 35.7119 -24.2552
vn 0.577676 0.805707 -0.13087
v -40.9821 44.4086 -25.9881
vn 0.656877 0.742664 -0.130242
v -42.9537 46.5795 -23.339
vn -0.845862 0.488697 -0.213758
v -68.9339 66.6161 -27.1132
vn 0.298428 -0.695817 -0.653283
v 59.6253 -85.6965 -25.2663
vn -0.140967 -0.988234 0.0593378
v 24.7067 -83.8161 -22.9073
vn -0.139113 -0.990045 -0.0214132
v 5.1298 -81.0022 -24.4526
vn -0.652692 0.0418851 -0.756464
v -8.38008 -75.2196 -24.1801
vn -0.3942 0.429283 -0.812602
v -5.90035 -73.4226 -24.766
vn 0.258016 0.453627 -0.853024
v 31.6841 -71.2196 -25.5741
vn -0.0122215 0.515716 -0.856672
v 11.5874 -67.7838 -27.119
vn -0.273907 0.469672 -0.839275
v 4.88613 -67.3878 -26.0962
vn -0.0715701 0.450783 -0.88976
v 8.15256 -67.0645 -26.472
vn 0.240559 0.466846 -0.850991
v 26.5626 -68.3418 -25.7754
vn 0.0249162 0.414041 -0.909917
v 16.2941 -64.8308 -25.3912
vn -0.145462 0.46705 -0.872184
v 8.59412 -63.8253 -25.2877
vn 0.106256 0.423363 -0.899708
v 21.5919 -65.9162 -25.5831
vn 0.458908 -0.673611 -0.579354
v -18.189 -62.7605 -25.6459
vn 0.477347 -0.504938 -0.71915
v -1.22643 -48.8026 -24.785
vn -0.827396 -0.560966 -0.0270759
v -45.5836 -43.6262 -24.7133
vn 0.628918 -0.264838 -0.730974
v 7.9753 -39.8956 -23.8709
vn 0.619265 -0.190299 -0.761772
v 7.63575 -35.6364 -25.187
vn 0.660547 -0.0319357 -0.750105
v 9.52902 -28.7724 -25.2379
vn 0.429603 0.290444 -0.855034
v 8.57771 -24.7762 -25.3966
vn 0.450319 0.62797 -0.634718
v -0.595756 -22.3067 -27.1744
vn 0.289215 0.647737 -0.704834
v 2.97234 -23.0567 -25.6377
vn 0.722675 0.376831 -0.57943
v -7.13103 -16.1112 -26.0308
vn 0.523902 -0.84227 -0.12692
v -12.0328 0.36899 -23.9317
vn 0.0585482 -0.549051 -0.833736
v 27.1557 1.09451 -24.7201
vn 0.618118 0.141392 -0.773264
v 22.7776 5.76203 -27.1701
vn 0.268369 0.880742 -0.39022
v -2.49199 32.3977 -25.9358
vn 0.306288 0.93504 -0.178569
v -28.2727 39.1073 -21.2722
vn 0.274733 0.945537 -0.174589
v -26.5508 37.9017 -25.2178
vn 0.448215 0.88029 -0.155539
v -36.2212 41.9971 -23.7167
vn 0.735132 0.658039 -0.16299
v -50.0885 53.292 -25.1826
vn 0.0801281 -0.940747 -0.329508
v 53.3015 -86.4307 -25.6436
vn -0.126156 -0.991071 -0.0431544
v 26.2282 -84.036 -25.9622
vn 0.409112 0.400457 -0.819916
v 59.8631 -82.8386 -24.4545
vn 0.303109 0.574615 -0.760225
v 53.3163 -80.6115 -25.0864
vn -0.452417 -0.88174 -0.133618
v -5.54877 -78.5705 -23.886
vn -0.762245 -0.548087 -0.34436
v -8.80625 -76.0735 -23.2668
vn 0.251123 0.524681 -0.813417
v 40.0985 -73.095 -24.215
vn -0.372143 0.463617 -0.804095
v -2.40509 -71.6476 -25.124
vn 0.20428 0.340834 -0.917661
v 28.8823 -66.0938 -24.5017
vn -0.347604 0.474721 -0.808586
v 1.68823 -67.992 -24.6807
vn 0.105726 0.34355 -0.933164
v 23.6325 -64.02 -24.6209
vn 0.528701 -0.45875 -0.71416
v -7.48991 -50.9228 -27.719
vn 0.342512 0.717291 -0.606777
v 8.10574 -22.8468 -24.3294
vn -0.861542 -0.499541 -0.0905701
v -64.1509 -17.4764 -21.0489
vn -0.897758 -0.429362 -0.0983772
v -68.0392 -10.5909 -21.1984
vn 0.882158 0.387823 0.267191
v -14.4237 -4.62779 -26.6123
vn 0.744735 0.664461 -0.0621358
v -16.6994 -2.60822 -23.5692
vn -0.940226 -0.333694 -0.0679915
v -71.9066 -0.886645 -21.076
vn 0.329209 -0.91519 -0.232485
v -14.6861 -1.57749 -23.7033
vn -0.940943 -0.329563 -0.0775539
v -72.4232 1.17779 -24.688
vn 0.0246445 -0.996888 0.0748774
v -7.41857 2.13275 -23.6353
vn -0.0460189 -0.994906 0.0896904
v -1.76305 0.986237 -24.0519
vn 0.519668 0.529228 -0.670718
v 30.9699 2.59847 -24.2014
vn -0.0543683 -0.966024 -0.252669
v 14.9244 1.69734 -23.8352
vn -0.990203 -0.127651 -0.0565898
v -78.4293 23.1104 -19.9075
vn 0.564303 0.759341 -0.32398
v 9.58381 26.417 -25.8869
vn 0.456597 0.700196 -0.548857
v -61.796 70.8209 -26.2133
vn 0.06672 -0.952662 -0.29662
v 55.3912 -86.4147 -25.0601
vn -0.113377 -0.993463 0.0132768
v 44.7415 -86.0657 -22.2925
vn 0.302065 -0.377729 -0.875259
v 63.2531 -85.479 -23.2707
vn 0.412842 0.145028 -0.899182
v 62.281 -84.0461 -23.6336
vn -0.0986182 -0.9933 0.0602399
v 28.4121 -84.1297 -23.0922
vn -0.103334 -0.993529 0.0471502
v 38.2995 -85.0306 -21.7361
vn 0.270943 0.00250404 -0.962592
v 66.8238 -84.7977 -22.5842
vn 0.256907 0.359291 -0.897167
v 63.3183 -80.9624 -22.1133
vn -0.419508 -0.863998 -0.278424
v -3.00018 -79.1935 -25.61
vn 0.260864 0.568811 -0.780003
v 50.7171 -76.7348 -23.4259
vn 0.234432 0.506411 -0.829813
v 47.8868 -74.7545 -22.7324
vn 0.259924 0.39498 -0.881153
v 35.3947 -69.9815 -24.0697
vn -0.106541 0.555398 -0.824731
v 10.5457 -61.0952 -23.6231
vn 0.233838 0.414014 -0.879723
v 29.0891 -62.4209 -22.9642
vn -0.273625 0.532252 -0.801147
v 7.1661 -63.0771 -24.3745
vn 0.0343391 0.437919 -0.898358
v 18.2358 -62.2306 -24.2844
vn 0.0947683 0.484922 -0.869407
v 24.6632 -60.1043 -22.8285
vn 0.13148 0.407737 -0.903584
v 24.4003 -61.3451 -23.5859
vn 0.543561 -0.618714 -0.567216
v -8.76227 -55.5677 -25.3282
vn -0.720665 -0.688497 -0.081324
v -33.3712 -58.8406 -28.5093
vn 0.545566 -0.602272 -0.582774
v -4.35866 -53.5666 -23.3032
vn 0.51668 -0.603424 -0.607389
v -0.498213 -50.2759 -23.0613
vn 0.483384 -0.465336 -0.741487
v 3.23693 -45.3982 -24.4592
vn -0.844693 -0.526024 -0.0989583
v -50.3574 -35.5573 -22.0768
vn 0.704382 0.354658 -0.614868
v 10.08 -24.5218 -23.9898
vn 0.564569 0.672386 -0.478706
v -4.17113 -17.739 -24.1086
vn 0.751167 0.567011 -0.338004
v -7.02318 -13.0632 -22.1685
vn -0.928345 -0.364947 -0.0706313
v -69.5635 -6.65689 -25.5388
vn 0.769028 0.627195 -0.123379
v -11.9813 -7.78956 -23.4505
vn -0.0788809 -0.647937 -0.757598
v 27.3306 -1.46103 -22.6626
vn 0.326378 -0.238067 -0.914769
v 32.337 0.940029 -24.0647
vn 0.0441872 -0.997894 -0.0474877
v 6.26785 1.3799 -23.2166
vn 0.476342 0.671683 -0.567398
v 27.2832 4.88066 -24.186
vn -0.975255 -0.206657 -0.0785549
v -77.0964 17.8127 -23.8612
vn 0.793321 0.559065 -0.241017
v 16.8923 18.8435 -26.1602
vn 0.197688 0.936577 -0.289383
v -5.28072 34.2042 -22.8953
vn 0.169333 0.970859 -0.169585
v -11.2351 35.0263 -24.5544
vn 0.192433 0.966027 -0.172513
v -20.1366 36.2836 -26.2338
vn -0.928245 0.343324 -0.143144
v -71.6757 62.7996 -20.218
vn -0.791231 0.573892 -0.211189
v -67.2083 72.2516 -20.1583
vn -0.670802 0.660344 -0.337594
v -66.8747 71.7664 -23.3059
vn -0.0286318 -0.981089 -0.19143
v 60.5224 -87.3799 -20.5002
vn 0.127219 -0.84941 -0.512171
v 61.944 -86.6278 -22.5155
vn 0.23159 -0.659611 -0.715038
v 66.7268 -86.1485 -22.0982
vn -0.156255 -0.987589 -0.0158542
v 18.468 -82.7868 -25.4669
vn -0.136795 -0.990526 -0.0120749
v 8.61356 -81.311 -23.6379
vn -0.556632 -0.820227 0.131863
v -8.58871 -76.6943 -21.0905
vn -0.470857 0.265463 -0.841322
v -9.28462 -72.6965 -22.6284
vn -0.642326 -0.764702 0.0514477
v -29.6623 -62.7013 -22.49
vn 0.521049 -0.662432 -0.53823
v -15.6522 -61.8662 -24.3818
vn 0.238695 0.339705 -0.909739
v 31.9967 -63.875 -22.7276
vn -0.278921 0.579151 -0.76602
v 4.83022 -61.3024 -22.0481
vn 0.0184413 0.478309 -0.877998
v 13.8281 -58.6176 -22.1324
vn -0.752837 -0.658047 0.0145482
v -36.4621 -55.2807 -24.1401
vn 0.644377 -0.413099 -0.643527
v 7.35724 -43.4908 -22.4904
vn 0.793879 -0.251356 -0.553694
v 10.0346 -37.3011 -22.2052
vn 0.769707 -0.186843 -0.610443
v 10.4322 -33.1911 -23.2997
vn 0.476403 0.781026 -0.403781
v 8.83672 -22.4383 -22.9801
vn 0.649086 0.624325 -0.434633
v -4.26599 -16.2501 -21.7515
vn 0.239944 -0.571166 -0.784981
v 31.4745 -1.29497 -22.8189
vn 0.704688 0.103623 -0.70191
v 33.232 0.703182 -23.1378
vn -0.214503 -0.795505 -0.56671
v 18.1589 -1.29399 -19.4016
vn 0.256583 -0.861682 -0.4378
v -9.09158 1.73802 -23.3095
vn -0.0759526 -0.908197 -0.411593
v -3.28551 1.0115 -22.8661
vn 0.470602 0.794703 -0.383382
v 5.00035 29.9225 -24.9541
vn -0.962954 0.217579 -0.159309
v -77.3564 42.0736 -23.6503
vn -0.0505556 -0.995921 -0.074732
v 54.7117 -87.0102 -21.1437
vn 0.179612 -0.701857 -0.689302
v 69.7758 -86.4054 -20.6751
vn 0.196502 -0.231672 -0.952741
v 69.6312 -84.7093 -21.5232
vn 0.330025 0.0450805 -0.942895
v 78.4294 -84.1918 -20.7608
vn 0.129191 0.211985 -0.968696
v 72.8047 -83.3629 -21.2642
vn -0.123966 -0.990692 0.0562369
v 15.2738 -82.0498 -19.5217
vn 0.197443 0.264267 -0.944023
v 67.5698 -82.6159 -21.8594
vn 0.243239 0.461606 -0.853085
v 59.6854 -79.6356 -22.5827
vn -0.219376 -0.969785 0.106729
v 0.948712 -79.9845 -22.0789
vn -0.321224 -0.927526 0.191075
v -4.95826 -78.5692 -21.7016
vn 0.161161 0.344399 -0.924887
v 54.4151 -74.4975 -21.2952
vn -0.786011 -0.275284 -0.553538
v -10.3899 -74.1611 -21.3367
vn 0.240191 0.402003 -0.883573
v 44.0029 -73.0159 -22.9965
vn -0.72094 -0.339396 -0.604199
v -13.2979 -70.9164 -20.2361
vn 0.153255 0.272137 -0.949976
v 46.7961 -70.6224 -21.3391
vn -0.426795 0.137714 -0.893801
v -11.3981 -69.6798 -21.4325
vn 0.208921 -0.845546 -0.491329
v -22.5713 -65.4738 -25.5325
vn -0.254721 0.413867 -0.873974
v -6.24206 -65.6351 -21.1991
vn 0.239898 0.359614 -0.901735
v 39.6204 -69.0384 -22.3902
vn 0.228772 0.267228 -0.936084
v 37.7032 -65.2018 -21.4953
vn -0.308676 0.377947 -0.872855
v -3.83891 -69.3834 -23.5616
vn 0.276252 0.349291 -0.895366
v 35.7034 -66.7733 -22.7435
vn -0.435373 -0.879463 0.192344
v -25.2549 -64.907 -16.6105
vn -0.294436 0.488698 -0.821268
v 2.30303 -64.216 -23.1723
vn 0.642757 -0.702476 -0.305598
v -13.8121 -63.6154 -20.1665
vn 0.153616 -0.0572376 -0.986471
v 51.2055 -62.5446 -20.6156
vn -0.256453 0.548346 -0.795958
v -0.167362 -62.7404 -21.0829
vn 0.610432 -0.723135 -0.323185
v -11.4349 -60.7165 -21.5175
vn 0.0123353 0.401135 -0.915936
v 21.4569 -56.2073 -20.7666
vn 0.0611645 0.264213 -0.962523
v 26.7186 -57.1424 -21.0295
vn -0.0926588 -0.150776 -0.984216
v 42.5845 -57.92 -21.366
vn 0.0476865 -0.0820693 -0.995485
v 47.2263 -58.0112 -21.801
vn 0.227288 0.0187228 -0.973648
v 48.3431 -53.3703 -21.3213
vn -0.779992 -0.624974 -0.0319255
v -42.5382 -47.7999 -22.7624
vn -0.10715 -0.121758 -0.986759
v 28.6925 -50.2337 -21.3485
vn 0.578702 -0.614152 -0.536584
v 4.21835 -47.2789 -22.2237
vn 0.1053 0.00600814 -0.994422
v 45.5563 -53.4668 -21.9655
vn -0.0490083 -0.047131 -0.997686
v 36.3654 -49.3452 -21.9119
vn -0.167062 -0.0217486 -0.985706
v 26.8283 -47.8241 -21.2492
vn -0.219039 0.132626 -0.96666
v 27.7311 -41.2129 -21.1375
vn 0.0967737 0.041379 -0.994446
v 44.7411 -39.8333 -21.8991
vn -0.12713 0.100395 -0.986792
v 30.7789 -40.2396 -21.7326
vn -0.0517231 0.0743246 -0.995892
v 34.3052 -39.087 -22.0381
vn -0.194608 0.270567 -0.942826
v 32.6036 -36.1783 -21.3231
vn 0.142533 0.132946 -0.980821
v 45.1941 -35.1197 -21.4545
vn -0.802267 -0.593328 -0.0657962
v -51.679 -33.3989 -22.7128
vn -0.196593 0.315808 -0.928233
v 35.766 -33.1476 -21.0905
vn -0.02054 0.200938 -0.979389
v 39.8582 -32.234 -21.2716
vn 0.846002 -0.023817 -0.532647
v 11.564 -29.0407 -22.6784
vn -0.788667 -0.60855 -0.0875844
v -59.8968 -23.6188 -21.5442
vn 0.235735 -0.1432 -0.961209
v -16.8694 -2.0145 -23.0938
vn 0.761226 -0.300259 -0.574787
v -17.4794 -1.98614 -23.0525
vn 0.349497 -0.504493 -0.789518
v -13.6577 -2.87833 -22.0866
vn 0.284307 -0.583782 -0.760505
v -9.35847 -1.1096 -21.0216
vn -0.184358 -0.757116 -0.626727
v 22.4446 -0.249755 -22.3299
vn 0.0291539 -0.79969 -0.599704
v -5.58393 0.841569 -21.7816
vn -0.22261 -0.803689 -0.551841
v 13.7021 0.0883304 -19.176
vn -0.96646 -0.249142 -0.06232
v -75.8763 11.3716 -21.3476
vn 0.671595 0.610931 -0.419194
v 23.6488 8.84164 -22.6761
vn 0.823466 0.486312 -0.292239
v 22.2416 10.4701 -23.1911
vn 0.701706 0.6585 -0.272006
v 12.8127 24.9828 -21.9251
vn -0.999589 0.0134301 -0.0253369
v -78.8268 33.4243 -19.9243
vn -0.993854 0.0922043 -0.0612588
v -78.7507 36.6617 -19.7283
vn 0.85008 0.436389 -0.294836
v -57.6013 63.8535 -25.8136
vn -0.241356 0.815015 -0.52678
v -64.7935 73.3505 -23.5107
vn -0.381923 0.800327 -0.462182
v -63.6894 75.5395 -20.6497
vn 0.138604 -0.802077 -0.580915
v 74.7742 -86.2107 -20.1375
vn -0.148531 -0.983214 0.105963
v 23.1265 -83.065 -19.0393
vn 0.208343 0.421458 -0.882591
v 66.8216 -79.5004 -20.7834
vn -0.317977 -0.914522 0.250082
v -3.02362 -77.728 -17.0239
vn 0.23864 0.375322 -0.895648
v 61.4107 -76.8815 -20.893
vn -0.578046 0.32132 -0.750078
v -13.1301 -69.0978 -20.3249
vn 0.448647 -0.783727 -0.42952
v -16.9584 -65.1597 -21.4148
vn -0.369702 0.552793 -0.74682
v -9.22112 -66.3825 -20.6782
vn -0.325392 0.598868 -0.731763
v -5.08744 -63.0114 -20.0956
vn -0.0177998 -0.168257 -0.985583
v 47.2145 -60.7031 -21.3526
vn 0.316947 0.101033 -0.943047
v 55.3413 -64.0302 -19.8551
vn 0.00238911 -0.0602516 -0.99818
v 47.0083 -64.1098 -20.7599
vn 0.17441 0.365491 -0.914329
v 31.3647 -60.131 -21.1848
vn -0.0468714 -0.0446367 -0.997903
v 36.0848 -57.0659 -20.9169
vn -0.0852134 -0.142376 -0.986138
v 36.6464 -53.0888 -21.445
vn 0.581076 -0.733758 -0.352066
v -4.35769 -55.2609 -20.8981
vn -0.135168 -0.129217 -0.982361
v 26.5414 -52.5168 -20.6163
vn -0.206973 -0.0189008 -0.978164
v 23.6865 -49.0083 -20.5467
vn 0.752379 -0.499082 -0.429934
v 9.31544 -43.5994 -19.8386
vn 0.257309 0.0770979 -0.963249
v 48.4406 -38.9378 -21.0946
vn 0.932239 -0.183647 -0.311777
v 11.8292 -37.6963 -18.7476
vn 0.972159 -0.12219 -0.199941
v 14.1859 -29.709 -17.2329
vn -0.774892 -0.623651 -0.102968
v -55.7562 -28.9857 -20.9006
vn 0.260287 0.847707 -0.462216
v 4.49883 -20.541 -20.7378
vn 0.410615 0.781781 -0.46927
v 0.713512 -20.384 -22.7088
vn 0.628732 0.561955 -0.537497
v -4.3019 -14.8869 -19.9881
vn 0.6852 0.665284 -0.296476
v -9.50646 -9.90315 -19.6743
vn 0.752242 0.415929 -0.511013
v -14.2827 -4.68283 -21.7794
vn -0.218999 -0.623795 -0.75028
v 29.2967 -4.37761 -19.8971
vn 0.369189 -0.192116 -0.90928
v 35.582 -2.07581 -20.4855
vn 0.145496 -0.756205 -0.637954
v -4.52418 -0.420306 -20.1701
vn 0.5063 0.417857 -0.754358
v 36.8384 -0.0666976 -19.0983
vn 0.0541361 -0.94738 -0.3155
v 0.607617 0.904121 -21.8223
vn -0.959076 -0.274696 -0.0686716
v -75.5921 9.31453 -16.3085
vn 0.80018 0.556782 -0.22295
v 17.6683 19.4627 -21.2164
vn 0.580119 0.741885 -0.336256
v 8.87354 29.4156 -20.1427
vn 0.168066 0.968174 -0.185452
v -19.9958 37.2241 -20.5393
vn 0.217621 0.95883 -0.182443
v -23.7517 37.9925 -20.7492
vn 0.775393 0.483145 -0.406617
v -59.2605 71.8965 -20.4036
vn 0.313202 0.739405 -0.595974
v -62.5144 73.2182 -23.1715
vn 0.0473807 -0.950599 -0.306785
v 64.7877 -87.5269 -20.2279
vn 0.336386 -0.612186 -0.715593
v 78.1207 -85.0502 -20.6227
vn -0.137345 -0.988959 0.0556512
v 45.6611 -86.0281 -18.4048
vn 0.517125 -0.0560389 -0.854073
v 80.1739 -83.3297 -19.6879
vn 0.55195 -0.675432 -0.489023
v 80.8547 -84.4566 -18.3133
vn 0.543738 0.0551137 -0.837444
v 83.3218 -82.3263 -17.9654
vn 0.284205 0.490852 -0.823585
v 79.1061 -81.9908 -19.5516
vn -0.121168 -0.989417 0.0798316
v 20.1653 -82.5529 -17.7088
vn 0.195296 0.493804 -0.847359
v 75.1064 -79.9027 -19.1132
vn 0.24349 0.459752 -0.854014
v 67.8609 -77.4273 -19.2432
vn 0.305597 0.330584 -0.892931
v 61.4102 -73.5397 -19.3493
vn -0.710532 -0.702969 -0.0312851
v -10.4625 -74.5521 -19.5489
vn 0.303919 0.241757 -0.921513
v 58.1742 -72.0935 -19.9497
vn -0.880113 -0.16155 -0.446433
v -14.5491 -70.3169 -18.7098
vn 0.127624 0.162636 -0.978397
v 53.0694 -69.9724 -20.7688
vn 0.130393 -0.970675 -0.201962
v -19.5418 -66.5525 -20.2032
vn 0.0603574 0.0853793 -0.994519
v 47.3457 -67.2966 -20.6736
vn 0.405968 0.19408 -0.893041
v 58.7095 -67.6516 -18.9118
vn 0.467903 -0.392149 -0.792014
v -15.1917 -65.6065 -17.6349
vn 0.0117984 0.00168271 -0.999929
v 41.7195 -63.0973 -20.3778
vn 0.124117 0.187731 -0.974347
v 42.1645 -66.2248 -20.9607
vn 0.0889075 0.0340093 -0.995459
v 52.8258 -66.1779 -20.3861
vn 0.436229 0.163736 -0.884814
v 57.1632 -63.973 -18.9505
vn 0.0950174 0.101895 -0.990247
v 37.4193 -60.4912 -20.7938
vn -0.0717393 -0.153842 -0.985488
v 42.6931 -61.3219 -20.7903
vn -0.311434 0.509073 -0.802405
v 2.20466 -59.5552 -19.9326
vn 0.363785 0.0224905 -0.931211
v 51.8283 -55.4252 -20.7423
vn -0.0554594 0.466335 -0.882868
v 11.5892 -56.0541 -20.8374
vn -0.0416625 0.107671 -0.993313
v 27.0999 -54.9443 -20.4148
vn 0.43737 0.0879394 -0.894971
v 55.6886 -58.1649 -18.6669
vn -0.348473 0.368808 -0.861712
v 10.5506 -51.8415 -19.5714
vn 0.471003 0.0283668 -0.881675
v 55.152 -50.4385 -18.7216
vn -0.118191 -0.00959121 -0.992945
v 22.1021 -49.7595 -20.2295
vn -0.474358 0.455825 -0.753132
v 11.447 -49.3995 -19.1284
vn -0.0721248 0.213532 -0.97427
v 10.1474 -54.6026 -20.2129
vn 0.522631 0.0287009 -0.852076
v 53.8227 -49.6866 -19.6133
vn 0.672026 -0.689782 -0.269409
v 5.92401 -47.3982 -19.5159
vn -0.237703 0.113273 -0.96471
v 25.5479 -41.1173 -20.676
vn -0.195867 0.0798008 -0.977378
v 24.0346 -41.8091 -20.2988
vn -0.15332 0.0974318 -0.983361
v 19.834 -43.5486 -19.743
vn -0.2402 0.199906 -0.949917
v 20.4156 -38.3071 -19.5827
vn -0.184296 0.296747 -0.937004
v 26.6613 -33.9666 -19.5631
vn 0.352159 0.17091 -0.920203
v 51.5211 -36.261 -19.8314
vn -0.232966 0.508981 -0.828653
v 25.4514 -33.007 -18.8482
vn -0.174223 0.278011 -0.944646
v 30.8733 -35.3885 -20.7382
vn -0.193845 0.451801 -0.870804
v 32.6416 -32.689 -19.714
vn 0.220424 0.266137 -0.938395
v 46.908 -31.4428 -20.4451
vn -0.0903071 0.354812 -0.930566
v 39.4167 -29.1182 -20.2732
vn 0.190497 0.393214 -0.899496
v 44.6036 -26.5786 -18.9173
vn -0.0014446 0.391259 -0.920279
v 40.2061 -26.2773 -19.1867
vn 0.943645 0.13021 -0.304269
v 14.0851 -25.8573 -18.0919
vn 0.500044 0.71354 -0.49073
v -1.32664 -18.418 -21.0601
vn 0.462645 0.583895 -0.667103
v -1.98752 -16.4001 -19.3126
vn -0.191466 -0.792887 -0.578507
v 42.7198 -14.828 -18.014
vn -0.0844333 -0.364633 -0.927315
v 41.4812 -12.5202 -19.2387
vn 0.376278 -0.602027 -0.704257
v 44.9606 -14.6544 -18.0053
vn -0.317276 -0.4678 -0.824923
v 36.4566 -10.2755 -18.968
vn -0.0839216 -0.244849 -0.965923
v 35.9979 -7.99087 -19.5241
vn 0.187277 -0.0669684 -0.980022
v 43.3386 -9.87941 -19.6807
vn 0.553924 -0.0659752 -0.829949
v 45.4828 -9.81537 -18.7223
vn -0.318897 -0.545492 -0.775077
v 31.4988 -7.46029 -18.5865
vn 0.204702 0.144928 -0.968036
v 38.576 -3.66855 -19.7005
vn 0.0138607 -0.532989 -0.846009
v 31.2865 -4.22158 -20.3412
vn 0.367022 0.168572 -0.914811
v 44.7716 -5.40057 -18.7137
vn 0.276075 0.402263 -0.872907
v 41.3233 -2.65097 -18.749
vn -0.0335911 -0.943636 -0.329275
v 11.7287 1.18152 -20.3747
vn 0.562438 0.691707 -0.452997
v 33.6563 2.75313 -20.4703
vn 0.852252 0.470037 -0.229636
v 20.4728 14.6938 -20.9507
vn 0.419742 0.838686 -0.34702
v 4.29696 33.3706 -18.7788
vn 0.293389 0.869572 -0.3972
v 1.01489 33.397 -21.7106
vn 0.165332 0.966381 -0.196907
v -19.0369 36.8353 -22.0335
vn -0.951369 0.261303 -0.16315
v -76.0207 50.3649 -19.1633
vn 0.665463 0.717769 -0.204858
v -44.6249 48.7596 -18.7434
vn -0.935139 0.319337 -0.153424
v -74.7507 55.3691 -17.5014
vn 0.885022 0.362159 -0.292535
v -56.2995 64.6692 -20.6187
vn 0.161284 -0.971383 -0.174364
v 72.8454 -87.7337 -17.1759
vn -0.0689527 -0.996554 -0.0461082
v 57.5644 -87.2121 -18.9793
vn 0.296619 -0.921289 -0.251482
v 77.6842 -86.5648 -17.6051
vn -0.0988341 -0.990278 0.0978793
v 30.434 -83.983 -17.8195
vn -0.142872 -0.989601 0.0166687
v 12.7973 -81.9573 -23.4424
vn -0.208153 -0.967776 0.141711
v 5.0175 -80.5263 -19.9828
vn -0.263697 -0.963816 0.0390099
v -22.561 -66.437 -19.3118
vn -0.753706 -0.657169 0.00750525
v -36.9609 -54.5902 -20.1616
vn -0.449295 0.526491 -0.721763
v 6.36053 -53.8855 -18.9068
vn 0.584622 -0.685889 -0.433328
v -0.385828 -52.0378 -20.5381
vn -0.54496 0.572302 -0.612771
v 7.32167 -51.8672 -17.7672
vn -0.371726 0.342701 -0.862772
v 13.2249 -47.7141 -19.1545
vn -0.819414 -0.564263 -0.100836
v -45.8796 -43.8498 -19.6844
vn 0.497595 0.0488884 -0.866031
v 54.5873 -44.8998 -18.7876
vn -0.824337 -0.542127 -0.162994
v -48.8255 -39.9792 -17.3016
vn -0.795231 -0.577884 -0.183459
v -52.4713 -34.486 -17.4267
vn 0.916937 -0.22882 -0.326906
v 12.5447 -33.8652 -19.37
vn -0.780957 -0.586968 -0.213483
v -54.2777 -31.4813 -18.4071
vn -0.319967 0.453468 -0.831859
v 35.0742 -29.4676 -18.8375
vn 0.0222547 0.525186 -0.850696
v 42.2285 -22.832 -17.5537
vn -0.370862 -0.654436 -0.658919
v 38.8624 -13.0695 -18.1478
vn 0.541941 0.451514 -0.708826
v -9.72672 -9.15565 -18.7399
vn 0.40235 0.41126 -0.817912
v 47.808 -2.4517 -16.5613
vn -0.932695 -0.354853 -0.0645011
v -71.0475 -3.69044 -19.1094
vn -0.250086 -0.707432 -0.661058
v 23.3466 -3.56821 -18.8214
vn 0.0652444 -0.873836 -0.481824
v 7.66272 0.39012 -19.2077
vn 0.421356 0.85451 -0.303763
v 32.9384 4.87987 -16.8231
vn 0.774483 0.577535 -0.258128
v 16.239 23.6739 -15.6435
vn 0.167795 0.963417 -0.208982
v -14.7117 36.0226 -21.1804
vn 0.563554 0.801533 -0.199879
v -40.0322 45.3147 -18.4326
vn 0.866266 0.412523 -0.281795
v -54.9248 62.9244 -18.7596
vn 0.865388 0.355889 -0.35277
v -57.7996 71.0625 -17.639
vn 0.597651 0.566414 -0.56744
v -60.941 76.0491 -19.2605
vn 0.073545 -0.967998 -0.239941
v 68.0221 -88.066 -17.5459
vn 0.31581 0.620526 -0.717782
v 78.8626 -79.2474 -17.3078
vn 0.303904 0.502926 -0.80914
v 71.3116 -74.8636 -16.8353
vn -0.475459 -0.844526 0.246403
v -7.9288 -75.0441 -15.385
vn 0.313291 0.373269 -0.873223
v 66.8154 -71.4999 -16.8064
vn 0.35311 0.231219 -0.90656
v 63.8349 -68.9991 -16.9015
vn -0.757724 -0.639473 -0.130106
v -13.7572 -71.634 -18.3494
vn -0.505979 0.147575 -0.849827
v -14.4672 -67.0381 -17.892
vn -0.876064 -0.325702 -0.355571
v -15.3189 -69.2115 -16.677
vn 0.640975 -0.760523 0.103711
v -11.6799 -61.421 -16.3211
vn -0.429284 0.686213 -0.58722
v -1.84362 -58.2307 -16.7952
vn -0.485496 0.621511 -0.614831
v 1.03145 -56.5945 -16.8839
vn 0.39015 0.0580246 -0.918921
v 59.091 -55.3514 -17.3144
vn -0.772173 -0.633887 -0.0439913
v -43.8869 -46.5932 -18.7633
vn 0.738368 -0.659269 0.142046
v 10.3155 -43.843 -16.0726
vn -0.362129 0.352647 -0.862846
v 11.9356 -42.3101 -16.0655
vn -0.351393 0.211265 -0.91208
v 17.7746 -43.5113 -19.3689
vn 0.40109 0.0611474 -0.913996
v 52.3448 -40.6651 -19.9577
vn -0.471951 0.361194 -0.80424
v 19.0515 -37.1716 -18.59
vn -0.642735 0.492462 -0.586832
v 16.1983 -35.5516 -15.3396
vn -0.372584 0.621449 -0.68919
v 20.5268 -32.6326 -16.5296
vn -0.248505 0.608333 -0.753774
v 30.3982 -30.7776 -18.1226
vn 0.351918 0.355763 -0.865787
v 50.2792 -30.9386 -18.7944
vn -0.261441 0.449404 -0.854216
v 38.6317 -24.837 -18.3743
vn -0.368468 0.497583 -0.785266
v 33.3648 -28.6624 -17.4899
vn -0.795636 -0.582292 -0.16703
v -58.1241 -26.8103 -17.3966
vn 0.79085 0.435657 -0.429837
v 12.438 -24.0764 -20.2659
vn 0.231001 0.517601 -0.823849
v 45.7421 -22.786 -16.6702
vn -0.825157 -0.557171 -0.0931451
v -62.124 -21.4438 -17.0116
vn 0.525355 0.560541 -0.640153
v -5.18311 -12.6533 -19.1778
vn 0.321646 0.274194 -0.90629
v -3.98477 -10.4582 -17.0892
vn -0.463242 -0.723377 -0.511989
v 33.4269 -10.0481 -17.0759
vn 0.376244 -0.105438 -0.920502
v -8.5399 -6.52355 -17.8003
vn 0.709624 0.130119 -0.692461
v -12.5681 -5.84954 -20.3005
vn -0.331072 -0.751761 -0.570304
v 28.3481 -7.35613 -17.1922
vn 0.377662 -0.473352 -0.795807
v -7.51764 -3.91127 -18.6592
vn -0.164227 -0.682149 -0.712532
v 15.505 -3.00334 -16.6562
vn 0.739645 0.635531 -0.221418
v 23.5986 10.4379 -18.3824
vn 0.468676 0.800545 -0.373457
v 5.6752 33.9828 -15.2353
vn -0.899927 0.414067 -0.136675
v -69.6806 67.7957 -19.9199
vn 0.585507 0.543134 -0.60182
v -60.4554 78.6763 -16.3282
vn -0.151135 -0.9873 0.0489541
v 41.286 -85.3099 -20.1259
vn 0.527794 -0.72065 -0.449552
v 85.5716 -83.3353 -14.591
vn -0.538032 -0.825382 0.171075
v -11.9989 -72.3809 -13.9508
vn 0.376675 0.16483 -0.911563
v 61.2765 -65.7036 -17.1689
vn -0.440248 0.727699 -0.525962
v -9.52487 -62.7621 -16.0817
vn -0.388353 0.678836 -0.623189
v -4.32894 -61.7151 -19.1557
vn 0.575905 -0.815976 -0.05017
v -4.64896 -56.2307 -18.2649
vn 0.490387 -0.866099 0.0969215
v -3.15697 -55.8623 -14.2252
vn -0.750371 -0.66058 -0.0240247
v -40.9408 -49.9598 -17.5108
vn 0.467773 0.0595553 -0.88184
v 58.4974 -43.5541 -16.6851
vn -0.805129 -0.588859 -0.0708044
v -48.922 -40.4054 -14.2013
vn 0.422804 0.191935 -0.885662
v 53.9657 -33.4773 -18.2142
vn -0.302311 0.581378 -0.755386
v 38.2262 -22.4627 -16.5702
vn 0.420328 0.785991 -0.453368
v 9.43037 -20.2818 -16.4438
vn -0.848404 -0.528685 -0.0265193
v -63.0998 -20.6228 -12.5264
vn -0.873916 -0.475791 -0.0994649
v -67.3336 -12.7763 -19.0266
vn 0.39791 0.449776 -0.799606
v 1.02247 -15.596 -16.8759
vn -0.474702 -0.838423 -0.267779
v 37.6662 -14.0096 -15.2898
vn -0.918138 -0.390147 -0.0693456
v -68.8004 -9.72575 -17.9454
vn 0.347601 0.132138 -0.928285
v -1.62612 -9.887 -16.3901
vn -0.0607263 -0.695956 -0.715513
v 10.865 -0.839949 -17.4574
vn 0.423799 0.703256 -0.570811
v 37.8875 1.9687 -16.5913
vn 0.336005 0.849272 -0.407232
v 36.0133 4.59951 -13.9312
vn 0.523912 0.805266 -0.277601
v 28.1951 6.60783 -19.3546
vn 0.824621 0.526046 -0.20803
v 22.9363 12.9709 -14.1368
vn 0.834881 0.497695 -0.235103
v 19.2856 18.953 -16.4034
vn 0.635397 0.689789 -0.347076
v 10.8786 30.0726 -15.2489
vn 0.101855 0.955825 -0.275723
v -11.5372 37.0335 -15.6879
vn 0.484202 0.842363 -0.236586
v -35.7243 43.0226 -16.6104
vn -0.991874 0.107598 -0.0678785
v -78.187 43.4825 -15.6568
vn 0.731261 0.626273 -0.270259
v -48.1502 53.5738 -16.3031
vn 0.792745 0.535056 -0.29201
v -49.7009 57.9141 -11.8691
vn 0.804296 0.547203 -0.231681
v -51.8138 56.7289 -20.6095
vn -0.922239 0.358943 -0.143649
v -71.8927 63.2585 -16.9828
vn -0.145185 0.779249 -0.609666
v -62.4837 78.0344 -17.6376
vn -0.118833 -0.992736 0.0188142
v 49.2055 -86.3083 -17.5973
vn 0.696782 -0.0814131 -0.712648
v 84.9621 -82.4323 -16.7024
vn -0.153159 -0.982967 0.101578
v 11.7401 -81.391 -15.7067
vn 0.468541 0.631153 -0.618155
v 83.8647 -79.2705 -14.6074
vn 0.385443 0.27507 -0.880778
v 67.4154 -68.4432 -15.439
vn -0.553286 -0.812874 0.181962
v -27.9454 -62.7569 -14.279
vn 0.395565 0.110427 -0.911776
v 59.7082 -62.0151 -17.3266
vn 0.347125 0.0973667 -0.932751
v 63.7745 -62.0899 -15.8653
vn 0.430849 0.124558 -0.893787
v 65.2623 -58.2412 -14.9871
vn 0.43935 0.111993 -0.891308
v 63.6567 -55.5265 -15.2894
vn -0.718988 -0.692369 0.0606711
v -37.0251 -54.4285 -11.887
vn -0.61365 0.64088 -0.461201
v 7.71474 -49.3474 -15.5289
vn 0.598429 -0.761118 -0.250162
v 3.62094 -50.5387 -16.9451
vn 0.449367 0.0585344 -0.891428
v 57.6774 -47.388 -17.3699
vn -0.513022 0.344104 -0.786384
v 12.6667 -44.3438 -16.8816
vn -0.630853 0.479211 -0.610231
v 13.2435 -40.4416 -15.4989
vn 0.439055 0.0710524 -0.895646
v 60.6552 -45.682 -15.6469
vn 0.921269 -0.216902 0.322826
v 12.1648 -39.847 -16.1203
vn 0.476144 0.0849578 -0.875254
v 57.967 -36.8488 -16.5018
vn 0.484485 0.0945112 -0.869679
v 61.9527 -41.786 -14.7842
vn -0.774755 -0.608246 -0.172602
v -54.4956 -32.6888 -15.0156
vn 0.476414 0.121104 -0.870841
v 59.1884 -32.1985 -15.1963
vn -0.331532 0.696391 -0.636495
v 24.6226 -29.5862 -14.8278
vn 0.424996 0.256787 -0.868008
v 56.458 -32.2638 -16.634
vn 0.923586 0.302214 -0.235916
v 14.1812 -23.2762 -13.8377
vn 0.102595 -0.974827 0.197957
v 44.9515 -15.9069 -12.378
vn -0.931757 -0.358351 -0.058425
v -70.826 -5.41579 -11.863
vn 0.243916 0.0176349 -0.969636
v -5.77915 -6.76014 -17.1039
vn -0.24726 -0.932224 -0.264236
v 25.9953 -8.24616 -13.7659
vn -0.27888 -0.790119 -0.545838
v 25.0679 -6.46308 -16.33
vn 0.0709004 -0.526949 -0.846934
v 7.45702 -4.69621 -15.1738
vn -0.224878 -0.765633 -0.602691
v 19.2635 -5.4579 -15.3465
vn 0.258703 -0.414107 -0.87269
v -3.46026 -3.07428 -17.0177
vn 0.104327 -0.447163 -0.888347
v 3.65951 -3.47358 -15.8335
vn 0.109882 -0.736272 -0.667704
v -1.17902 -2.00825 -17.4596
vn -0.0260593 -0.559069 -0.828712
v 12.458 -3.76475 -15.864
vn 0.0369361 -0.640561 -0.767018
v 7.23327 -1.25514 -17.1796
vn -0.972626 -0.227019 -0.0496003
v -76.3933 11.0128 -11.04
vn -0.972334 -0.224899 -0.0631444
v -77.2615 15.6646 -15.751
vn 0.235953 0.9128 -0.333349
v 0.169523 35.2733 -17.1435
vn 0.218339 0.952612 -0.211799
v -23.0612 38.9749 -14.8206
vn 0.844582 0.452506 -0.286215
v -52.4684 60.9781 -14.2335
vn -0.459796 0.788709 -0.408076
v -62.0491 80.757 -14.3788
vn 0.352629 -0.921758 -0.161289
v 79.7746 -86.3819 -14.7647
vn -0.279469 -0.927387 0.248697
v 3.73751 -78.9454 -13.288
vn -0.295263 -0.914024 0.278172
v -1.20325 -76.7148 -11.0599
vn -0.699142 -0.711702 -0.0684199
v -15.5079 -69.7407 -14.0333
vn -0.366607 -0.892065 -0.264234
v -18.4546 -66.9509 -15.999
vn 0.431844 0.139823 -0.891044
v 66.0102 -64.7345 -15.3003
vn -0.792806 -0.608276 -0.038185
v -54.9185 -32.7463 -10.4352
vn -0.516064 0.701827 -0.491036
v 18.1355 -31.7132 -13.978
vn 0.961449 -0.274342 -0.0187931
v 14.1273 -31.2413 -15.0191
vn -0.369177 0.581992 -0.724565
v 27.764 -27.7285 -14.6694
vn 0.677439 0.639112 -0.364159
v 12.7866 -22.2643 -15.9982
vn 0.378491 0.696686 -0.609404
v 5.37565 -19.1205 -18.0743
vn -0.27696 -0.954052 -0.114362
v 40.0083 -15.462 -13.9546
vn 0.0684181 -0.967335 -0.244093
v 43.7959 -15.9929 -15.6567
vn 0.633627 -0.55058 -0.543487
v 46.3542 -14.3481 -16.7735
vn -0.88949 -0.456081 -0.0282298
v -67.4308 -13.1239 -13.8614
vn 0.290782 -0.154652 -0.944208
v -0.0701845 -6.9131 -15.7095
vn -0.193867 -0.874088 -0.445405
v 21.3496 -7.38598 -13.1142
vn 0.238798 -0.362468 -0.900884
v 2.11572 -6.19679 -15.1626
vn 0.571413 0.183517 -0.799881
v 49.7416 -3.60708 -15.4563
vn 0.274003 0.654735 -0.704446
v 40.8353 0.923477 -16.404
vn 0.379556 0.899885 -0.214812
v 31.3255 6.32028 -13.8056
vn 0.360499 0.898888 -0.249082
v -31.6737 40.937 -17.7763
vn 0.633407 0.7214 -0.27996
v -41.2221 47.926 -13.4947
vn -0.832043 0.533055 -0.15348
v -66.7516 75.4768 -12.1068
vn -0.116115 -0.990579 0.0725978
v 60.221 -87.6799 -12.0842
vn -0.118025 -0.988061 0.0990259
v 33.3975 -84.1806 -17.3346
vn -0.128171 -0.989258 0.0702982
v 38.4887 -84.8238 -16.4354
vn -0.143001 -0.9817 0.125764
v 30.2754 -83.4333 -14.034
vn -0.113323 -0.978965 0.169664
v 16.9079 -81.5817 -11.8504
vn -0.124737 -0.984557 0.122835
v 24.2 -82.665 -14.4478
vn 0.739312 0.0577043 -0.670886
v 87.6547 -81.6883 -13.4375
vn 0.414504 0.560918 -0.716629
v 76.4811 -74.0254 -13.8161
vn 0.407048 0.388162 -0.826827
v 70.7803 -70.5894 -14.7544
vn -0.271115 0.914703 -0.299692
v -16.0398 -62.5004 -10.7812
vn 0.543163 0.132955 -0.829034
v 69.259 -59.1391 -12.6525
vn 0.63971 -0.751912 -0.15937
v 1.81512 -53.0829 -15.5399
vn -0.523858 0.682921 -0.509109
v 2.38654 -52.3774 -12.5419
vn -0.38504 0.921931 0.042273
v 3.80313 -50.7976 -12.3446
vn -0.74641 -0.664243 0.0406717
v -41.4243 -49.5972 -12.6129
vn 0.454706 0.0884273 -0.886241
v 63.1568 -48.0382 -14.7712
vn -0.804664 0.351433 -0.47855
v 8.71807 -46.3749 -13.8357
vn -0.846313 0.505185 -0.168946
v 11.1082 -38.9968 -9.54115
vn 0.496096 0.273365 -0.824112
v 60.9079 -31.0713 -14.1077
vn 0.436634 0.414027 -0.798706
v 58.5915 -26.7946 -12.9954
vn 0.971033 -0.0719613 -0.227853
v 15.0848 -24.6784 -7.63941
vn 0.369146 0.438214 -0.819573
v 51.0126 -24.0084 -15.2854
vn -0.408741 0.569262 -0.713352
v 33.149 -23.3084 -14.6813
vn 0.271376 0.553073 -0.787696
v 47.217 -20.5147 -14.7716
vn -0.374609 0.73688 -0.56274
v 36.2402 -19.6661 -12.5512
vn -0.0955551 0.698302 -0.709396
v 41.0743 -20.5859 -15.7851
vn 0.226479 0.539475 -0.810971
v 48.7481 -18.682 -12.8316
vn -0.901116 -0.432285 -0.0334501
v -68.969 -10.3138 -9.17625
vn 0.0909962 -0.678298 -0.72913
v 11.2351 -6.86317 -13.1248
vn 0.670286 -0.17053 -0.722244
v 51.5519 -6.77849 -14.082
vn -0.0800566 -0.82957 -0.552634
v 17.8231 -6.89815 -12.9143
vn 0.331201 0.562487 -0.757571
v 47.4263 1.36062 -14.0989
vn -0.971276 -0.230918 -0.0574371
v -76.4122 13.2798 -18.8363
vn -0.715742 0.629091 -0.303247
v -64.7825 76.7258 -16.4001
vn 0.693954 0.412925 -0.589848
v -58.4054 81.123 -12.0654
vn -0.0648726 -0.996775 -0.0472329
v 63.5677 -88.0357 -15.0813
vn -0.0095228 -0.996147 0.0871763
v 69.2137 -88.2205 -10.6047
vn 0.102159 -0.990847 0.0882325
v 73.0786 -87.8945 -9.95767
vn -0.130855 -0.986655 0.0968991
v 55.7683 -87.0234 -12.8419
vn -0.176797 -0.952684 0.247257
v 13.9902 -80.9271 -10.6328
vn -0.110698 -0.985414 0.129249
v 20.2689 -82.2197 -14.119
vn 0.519895 0.359046 -0.77511
v 74.4018 -67.2962 -10.9445
vn -0.612427 -0.78871 0.0535676
v -16.7561 -68.8344 -11.18
vn -0.585111 -0.737926 0.336319
v -21.0419 -65.2528 -12.4321
vn 0.509376 0.233003 -0.8284
v 70.2228 -65.4727 -13.0304
vn -0.343675 -0.89169 0.294577
v -26.0409 -62.7954 -11.3419
vn -0.24115 -0.882827 0.403066
v -24.0369 -63.7413 -11.626
vn -0.702983 -0.70849 0.062102
v -33.4383 -58.1998 -16.6956
vn 0.511677 -0.834748 0.203425
v -10.0808 -59.8288 -13.3861
vn -0.512552 0.764328 -0.391273
v -2.83242 -56.9991 -13.8937
vn 0.600859 -0.707042 0.372907
v 3.89013 -51.4298 -13.6317
vn -0.718142 0.623034 -0.310002
v 5.9113 -48.5296 -10.8999
vn 0.645939 -0.720692 0.251726
v 8.71619 -45.4806 -13.2191
vn -0.858216 0.450338 -0.246295
v 8.49871 -44.7028 -11.4415
vn 0.536587 0.123992 -0.834686
v 65.9056 -38.4303 -12.0404
vn 0.958245 -0.276429 0.0731745
v 12.5222 -35.636 -14.1534
vn -0.795451 0.5179 -0.314704
v 13.7956 -34.7445 -10.8068
vn 0.566676 0.202242 -0.798735
v 64.0135 -34.8555 -12.6096
vn -0.417548 0.646476 -0.638532
v 24.5155 -27.8764 -12.8686
vn -0.462756 0.694606 -0.550798
v 28.7974 -24.5419 -12.6277
vn -0.224768 0.833307 -0.505054
v 40.2716 -16.7018 -10.4079
vn -0.0349806 0.752748 -0.657378
v 46.2327 -16.849 -12.0506
vn 0.450596 0.318158 -0.83411
v 5.04614 -13.5178 -13.7533
vn 0.729197 -0.39969 -0.555445
v 49.249 -12.8609 -13.888
vn 0.357216 -0.106912 -0.927883
v 3.79591 -8.91491 -13.8057
vn -0.939636 -0.336373 -0.0627444
v -72.4106 -0.940964 -13.1603
vn -0.94893 -0.30818 -0.0675021
v -74.4947 6.68481 -19.8154
vn 0.191789 0.780279 -0.595299
v 39.2287 4.24837 -12.5757
vn 0.41939 0.861842 -0.285203
v 28.9721 7.96425 -10.5358
vn 0.877275 0.421494 -0.229633
v 20.5028 19.4723 -10.6225
vn 0.623303 0.665209 -0.411086
v 10.9176 32.718 -10.5132
vn 0.101112 0.957629 -0.269673
v -13.3708 37.4611 -14.2673
vn 0.240221 0.916641 -0.319472
v -24.2028 39.9438 -12.0796
vn 0.697914 0.648898 -0.303063
v -44.2679 52.1993 -10.1892
vn -0.892395 0.427713 -0.143852
v -70.5007 68.1728 -12.5865
vn -0.706306 0.674091 -0.21618
v -63.1059 80.9051 -10.7989
vn 0.0331085 0.805079 -0.592242
v -60.3938 81.8218 -12.9187
vn -0.129458 -0.990613 0.04389
v 51.7649 -86.8243 -15.6549
vn 0.516757 0.603757 -0.606992
v 80.6263 -74.6159 -11.1977
vn 0.0743694 -0.716684 0.693422
v -19.9352 -62.7342 -9.498
vn -0.222147 0.970763 0.0909344
v -18.6819 -62.9997 -9.94384
vn 0.572082 0.170313 -0.802319
v 72.2574 -62.6555 -10.8776
vn -0.644335 -0.745203 0.171769
v -32.5374 -57.7976 -7.73561
vn -0.478354 0.774035 -0.414786
v -8.58483 -60.0283 -12.7445
vn 0.503118 -0.843414 0.18848
v -7.08939 -57.1678 -11.5153
vn 0.523285 0.102277 -0.845998
v 66.6294 -47.6002 -12.6476
vn 0.749232 -0.657055 0.0832461
v 6.29995 -47.7955 -13.0881
vn 0.589152 0.139606 -0.795871
v 68.8389 -43.277 -10.7254
vn 0.870041 -0.373191 0.322113
v 10.8251 -39.1903 -12.1239
vn 0.908816 -0.417198 -0.000239925
v 12.7565 -32.9441 -8.20231
vn 0.564022 0.302174 -0.768486
v 63.9637 -29.2108 -10.7077
vn -0.481621 0.747309 -0.457789
v 21.426 -28.1143 -11.0567
vn -0.831497 -0.550636 -0.0735747
v -59.8717 -25.5821 -12.5641
vn 0.91332 0.0247217 -0.406491
v 15.4778 -22.7867 -7.06196
vn 0.357238 0.447463 -0.819852
v 53.4266 -22.5864 -13.1691
vn 0.0459395 0.683974 -0.728059
v 44.0965 -18.0851 -13.3789
vn -0.355405 -0.929793 0.0957689
v 37.9645 -14.6725 -11.1156
vn 0.706431 -0.41721 -0.571744
v 52.8264 -10.3698 -11.1487
vn 0.371783 -0.115366 -0.921123
v 8.66579 -10.2171 -11.9358
vn -0.455082 -0.874186 -0.169408
v 30.5176 -10.1665 -11.8632
vn 0.224772 -0.434309 -0.872269
v 7.65726 -7.90464 -12.9064
vn 0.665935 0.0407741 -0.744894
v 55.6198 -2.27455 -10.625
vn -0.96089 -0.275718 -0.0258962
v -75.4243 6.75563 -9.54306
vn -0.989031 -0.140876 -0.0444018
v -78.5001 21.3924 -13.4085
vn 0.741978 0.577812 -0.340002
v 15.3382 26.5828 -12.1225
vn 0.124452 0.935622 -0.330338
v -3.46116 36.3368 -15.7076
vn 0.161538 0.946373 -0.279791
v -17.6845 38.0836 -14.6726
vn 0.0869824 0.910242 -0.404839
v -14.1291 38.7645 -11.4588
vn -0.997861 0.0652446 0.00407003
v -78.5514 41.4301 -5.79596
vn 0.462952 0.822233 -0.33107
v -37.7204 45.3903 -13.0152
vn -0.921294 0.361117 -0.144264
v -73.1817 62.6359 -11.613
vn 0.360153 -0.915412 -0.179755
v 84.2541 -85.2384 -10.0561
vn -0.138294 -0.987531 0.075209
v 44.4826 -85.4597 -12.7602
vn -0.139365 -0.964989 0.222203
v 19.616 -81.2752 -9.20963
vn 0.639465 0.471544 -0.607233
v 88.914 -80.3949 -11.4919
vn -0.241841 -0.945367 0.218621
v 8.07483 -80.0084 -12.4837
vn -0.852823 -0.475868 0.215039
v -19.237 -66.1465 -9.70221
vn -0.505208 0.826132 -0.249539
v -7.37789 -58.0948 -10.0713
vn 0.625542 0.205648 -0.7526
v 67.155 -35.4033 -10.5958
vn 0.869632 -0.464743 0.166595
v 10.6812 -37.268 -8.48377
vn -0.820541 -0.567409 -0.0689926
v -57.8161 -28.7025 -13.1813
vn -0.706386 0.668096 -0.233809
v 16.1381 -31.7091 -10.7011
vn -0.459086 0.752645 -0.47198
v 24.9145 -25.7924 -11.0223
vn 0.604986 0.569323 -0.556654
v 11.7383 -18.9468 -12.7221
vn 0.858628 0.374567 -0.349939
v 13.882 -20.5228 -10.5349
vn -0.466577 0.822932 -0.324175
v 34.712 -17.8372 -8.36122
vn 0.77946 0.225247 -0.584557
v 13.919 -18.2313 -9.23944
vn 0.546808 0.183884 -0.816815
v 9.13237 -15.0634 -11.7978
vn 0.570103 -0.708737 -0.415541
v 49.4341 -14.7915 -11.5917
vn -0.489342 -0.867897 0.0854402
v 34.1842 -12.433 -10.166
vn 0.276656 -0.470515 -0.8379
v 10.483 -8.77318 -11.6352
vn 0.391902 -0.40485 -0.826141
v 14.05 -9.73465 -9.72593
vn 0.519045 0.328401 -0.789142
v 54.2279 1.43997 -10.7496
vn -0.942327 -0.329427 -0.0591464
v -73.5073 1.63972 -10.9459
vn 0.225285 0.651489 -0.724437
v 50.1654 3.97712 -11.423
vn 0.124084 0.874502 -0.468881
v 38.9122 6.43589 -9.43339
vn 0.0586803 0.851907 -0.520395
v 45.4048 6.23098 -9.05812
vn 0.154848 0.907918 -0.389495
v -1.91964 37.9989 -10.8175
vn 0.260049 0.869002 -0.420963
v 3.10884 37.3218 -10.28
vn 0.0714782 0.922919 -0.3783
v -6.16709 37.9267 -12.5831
vn 0.227003 0.872629 -0.432422
v -26.7625 42.1805 -8.97181
vn 0.408212 0.797064 -0.44503
v -33.7819 45.6703 -7.95174
vn -0.984565 0.157395 -0.0765406
v -78.5281 45.6494 -11.0551
vn -0.950443 0.292359 -0.105755
v -75.5916 56.879 -9.2057
vn 0.890271 0.310917 -0.332788
v -54.503 67.9595 -11.2607
vn 0.868654 0.254173 -0.425249
v -57.1568 75.3561 -13.1723
vn -0.133947 -0.985415 0.10496
v 48.432 -85.8254 -10.6812
vn 0.504328 -0.838796 -0.20512
v 89.9182 -83.2405 -9.19521
vn -0.181383 -0.95563 0.232103
v 25.1566 -81.4499 -4.71914
vn -0.3807 -0.88688 0.261748
v -5.85749 -74.3203 -8.47936
vn -0.588501 -0.787515 0.182996
v -16.5025 -68.6182 -7.8125
vn 0.544612 0.156858 -0.823889
v 74.0371 -61.7403 -9.43732
vn -0.454975 0.868054 -0.198696
v -11.1881 -59.8722 -8.50797
vn 0.467085 -0.867834 0.169397
v -11.1811 -58.7379 -7.96545
vn 0.558306 0.10088 -0.823479
v 72.2005 -54.6051 -9.89974
vn 0.552014 0.110389 -0.826496
v 71.7423 -51.0982 -9.79197
vn 0.615256 0.209339 -0.760024
v 71.6608 -43.9123 -8.79359
vn -0.820951 0.567587 0.0623232
v 13.6356 -34.3836 -7.58696
vn -0.611084 0.789842 -0.0522071
v 20.1787 -28.1367 -8.49843
vn 0.261986 0.457381 -0.849803
v 52.7077 -17.3746 -11.1386
vn -0.86217 -0.506289 -0.0183078
v -65.6887 -16.3212 -13.6017
vn 0.420578 0.354377 -0.835183
v 61.5531 -24.1667 -10.3909
vn -0.29242 0.28857 -0.911712
v 49.481 -14.6655 -10.1146
vn -0.351975 -0.935455 0.0321921
v 30.243 -9.86334 -7.6257
vn -0.969125 -0.244193 -0.0341617
v -77.0223 13.6936 -9.34529
vn 0.497445 0.734488 -0.461601
v 9.39861 35.7293 -7.70485
vn 0.051677 0.911229 -0.408646
v -8.20121 38.6623 -11.0592
vn 0.621888 0.682628 -0.383764
v -41.7038 51.0109 -8.04555
vn 0.862454 0.167692 -0.477549
v -54.8762 77.5334 -7.15172
vn 0.288165 0.669753 -0.684391
v -58.7004 83.7745 -10.2319
vn -0.0511082 -0.97378 0.221675
v 66.0881 -87.6257 -8.38351
vn 0.213577 -0.976 0.0425266
v 79.3081 -86.5802 -9.80687
vn -0.150573 -0.983503 0.100248
v 36.9117 -83.9695 -9.62281
vn -0.16469 -0.973084 0.161195
v 32.9706 -82.6317 -5.09644
vn 0.790307 -0.260009 -0.554806
v 90.2377 -82.3043 -10.2273
vn -0.239094 -0.911497 0.334675
v 9.48689 -78.9891 -7.99942
vn -0.243136 -0.89154 0.382154
v 7.48727 -77.3738 -4.98867
vn 0.576827 0.415443 -0.703333
v 78.5705 -70.3015 -9.65416
vn 0.0279842 -0.946643 0.321068
v -22.7362 -62.5916 -8.10373
vn 0.559883 -0.802918 0.204581
v -5.26261 -54.5721 -7.34973
vn 0.540799 0.109433 -0.834003
v 75.0684 -53.4115 -7.96449
vn -0.711282 -0.687025 0.148576
v -39.3098 -51.3059 -8.20434
vn 0.580886 -0.758187 0.296182
v -1.43433 -51.4901 -6.52921
vn -0.656709 0.748854 -0.0891714
v 4.18324 -49.2165 -8.05581
vn -0.781504 -0.623444 0.0238622
v -50.4299 -38.7203 -7.77125
vn 0.677424 0.219325 -0.702135
v 70.016 -37.2372 -8.147
vn 0.636215 0.257347 -0.727325
v 67.3523 -29.2837 -8.01873
vn -0.558721 0.805566 -0.197216
v 23.5471 -25.6058 -8.39221
vn -0.592228 0.805769 0.00135019
v 27.6016 -22.3879 -6.80113
vn -0.521435 0.783188 -0.338707
v 30.1513 -21.441 -9.62555
vn 0.345933 0.492508 -0.798603
v 56.7207 -15.9099 -8.56745
vn 0.6642 -0.0791225 -0.743356
v 14.1678 -14.5062 -8.30817
vn 0.861752 -0.342691 -0.374094
v 55.53 -11.3014 -6.76858
vn -0.000904344 -0.944915 -0.327315
v 21.162 -8.42031 -10.0052
vn 0.704273 -0.312482 -0.637459
v 54.7586 -7.48066 -10.9969
vn 0.771405 -0.256282 -0.582456
v 57.5024 -6.3142 -8.36229
vn 0.764931 0.138163 -0.629119
v 57.4607 -1.57113 -8.8414
vn 0.639159 0.511425 -0.574387
v 55.8991 3.62801 -8.13067
vn 0.391856 0.623714 -0.676336
v 52.6921 3.56768 -10.622
vn 0.601728 0.769 -0.215785
v 27.2764 8.60342 -12.6288
vn -0.978481 -0.203012 -0.0368869
v -78.2033 17.5994 -7.45285
vn 0.727734 0.617327 -0.298848
v -46.1511 54.6177 -9.951
vn 0.689011 0.362897 -0.627352
v -56.8227 84.1493 -8.40259
vn -0.115395 -0.979114 0.167392
v 55.396 -86.3173 -8.25238
vn 0.54382 0.569546 -0.616342
v 85.4406 -73.432 -5.86891
vn 0.586924 0.447896 -0.67447
v 82.5221 -72.0929 -7.3843
vn 0.540047 0.217407 -0.81307
v 77.5307 -64.2926 -7.72679
vn -0.848755 0.091316 0.520842
v -20.0404 -64.0717 -9.93693
vn -0.536429 0.830055 -0.15249
v -5.92022 -56.372 -7.33411
vn 0.617614 0.232725 -0.751261
v 73.4807 -44.6271 -7.57551
vn -0.800743 0.589789 -0.104689
v 6.94601 -46.3279 -7.96008
vn -0.860804 0.508855 -0.00910142
v 9.02444 -42.7579 -7.64906
vn -0.827343 -0.56155 0.0128621
v -57.0861 -29.6207 -6.23822
vn 0.97598 -0.206554 -0.0692771
v 14.4458 -28.3236 -9.25577
vn 0.490717 0.338741 -0.802777
v 64.0784 -19.1164 -6.85859
vn 0.364127 0.463906 -0.807591
v 61.2184 -16.1309 -7.07626
vn -0.444891 0.872482 -0.202108
v 37.9243 -15.6684 -6.81448
vn -0.27996 -0.911457 0.301445
v 37.5497 -13.6395 -7.81393
vn 0.471106 -0.506652 -0.722054
v 16.4754 -11.412 -7.31707
vn 0.185786 -0.798587 -0.572488
v 18.2922 -9.49226 -8.60965
vn 0.837815 -0.148442 -0.525387
v 58.7423 -5.35558 -6.76429
vn -0.948672 -0.316261 0.00108309
v -72.2397 -2.66683 -5.5089
vn -0.947421 -0.315674 0.0523715
v -74.5239 4.21219 -6.72328
vn 0.7441 0.51393 -0.42684
v 16.9215 28.3006 -6.81043
vn 0.379005 0.786608 -0.487446
v 7.44421 38.1165 -5.73432
vn 0.120212 0.906535 -0.404651
v -18.1862 40.1607 -9.37712
vn 0.340256 0.844798 -0.412968
v -29.7326 43.4464 -8.26597
vn -0.982578 0.184192 0.0247645
v -78.1525 47.9564 -8.01039
vn 0.500065 0.757319 -0.420005
v -37.8256 47.8958 -7.71999
vn -0.456419 0.77272 -0.441118
v -59.7299 84.5343 -9.03273
vn 0.483396 0.556496 -0.675752
v -56.2542 87.3455 -5.89097
vn 0.00819737 0.775806 -0.630918
v -57.4216 86.8833 -6.80244
vn 0.0937446 -0.971983 0.215546
v 74.7723 -86.9163 -5.01835
vn -0.12362 -0.968774 0.214929
v 60.1451 -87.0598 -9.17923
vn -0.107488 -0.982917 0.1494
v 45.8163 -84.953 -5.97107
vn -0.142301 -0.979331 0.14374
v 27.1091 -82.1459 -7.69734
vn 0.801193 0.232932 -0.55121
v 92.5833 -79.7135 -6.54304
vn 0.587568 0.621413 -0.518276
v 91.2946 -77.9126 -6.35111
vn 0.593576 0.29298 -0.749553
v 80.0903 -67.6241 -6.99449
vn -0.555709 0.811266 0.181758
v -16.3785 -62.3342 -2.55156
vn 0.316996 -0.915596 0.247382
v -17.3746 -61.5091 -8.99827
vn 0.426341 -0.222549 0.876758
v 2.29954 -51.7452 -11.2548
vn -0.760867 -0.647657 0.040281
v -47.1242 -42.9106 -9.78756
vn 0.767142 -0.533784 0.355763
v 7.18768 -43.5161 -8.80122
vn 0.802947 -0.578511 0.143527
v 7.41703 -41.368 -5.35429
vn -0.728992 -0.674312 0.117785
v -47.9447 -40.98 -2.41446
vn 0.896965 -0.349293 -0.271013
v 15.0805 -28.5683 -6.20949
vn 0.568068 0.27549 -0.775502
v 65.2119 -22.5022 -7.4662
vn 0.784787 -0.0102194 -0.619681
v 15.4761 -16.0722 -6.90436
vn 0.645488 -0.284217 -0.708918
v 18.7226 -15.2106 -3.57318
vn 0.590024 0.0107145 -0.807314
v 52.9696 -14.0576 -9.2206
vn -0.927455 -0.37383 -0.00880673
v -70.9094 -6.47383 -5.26059
vn 0.30372 -0.82208 -0.4816
v 22.0571 -9.85733 -5.56731
vn 0.480845 -0.748504 0.45665
v 56.0615 -10.0475 -4.48453
vn 0.774813 -0.531585 -0.342173
v 56.9118 -8.13693 -7.07316
vn 0.453353 0.754054 -0.475262
v 53.9245 6.10631 -6.3808
vn 0.201351 0.914317 -0.351401
v 32.879 6.96095 -9.72736
vn 0.0156982 0.915132 -0.402848
v 41.2836 7.97756 -5.5058
vn 0.200481 0.820798 -0.534882
v 50.0182 5.87917 -8.80146
vn 0.855802 0.386605 -0.343714
v 21.3638 20.4307 -6.31464
vn 0.826254 0.446387 -0.343574
v 19.3311 23.1017 -8.425
vn -0.977432 0.197351 0.0753612
v -77.3781 51.0743 -5.45061
vn 0.679388 0.572985 -0.458389
v -44.8895 57.408 -2.94685
vn -0.924502 0.373824 -0.0745063
v -73.7035 63.0051 -6.6725
vn -0.899745 0.4271 -0.0896908
v -71.4256 68.4733 -6.32298
vn 0.887373 0.194508 -0.418014
v -53.9236 72.6343 -6.76847
vn -0.0861644 -0.968986 0.231606
v 57.1762 -85.4019 -3.46875
vn 0.289964 -0.956966 0.0116841
v 85.6843 -85.0437 -8.0173
vn 0.823798 -0.411019 -0.39041
v 93.1039 -81.1539 -5.5542
vn -0.216551 -0.91305 0.345608
v 15.3462 -79.4284 -5.39744
vn -0.275882 -0.888934 0.365631
v 2.72058 -75.9452 -4.88913
vn 0.578055 0.537553 -0.613913
v 88.1223 -72.8625 -2.89357
vn -0.464512 -0.866427 0.183122
v -10.565 -72.093 -8.64828
vn 0.207501 -0.973771 0.0933487
v -17.4356 -60.9805 -4.23491
vn 0.606714 0.145333 -0.781521
v 79.1307 -60.2071 -6.08742
vn 0.669929 0.200338 -0.714885
v 78.2656 -49.8509 -5.23436
vn -0.566431 0.824073 -0.00778474
v 2.04486 -50.5555 -7.11584
vn 0.720425 -0.596336 0.354078
v 2.2304 -47.811 -5.59103
vn 0.814854 -0.57905 -0.0267189
v 10.5044 -37.1682 -4.72033
vn -0.839765 0.525984 0.134668
v 9.9065 -41.8326 -5.00071
vn 0.757351 -0.554353 -0.345125
v 11.9795 -35.5036 -2.65491
vn 0.737406 0.234189 -0.633552
v 72.2598 -34.4429 -5.08809
vn 0.883174 -0.235275 -0.40577
v 16.3444 -26.8161 -4.84419
vn -0.640483 0.745564 0.184162
v 23.1925 -26.3281 -5.44119
vn 0.63223 0.288969 -0.718876
v 67.8804 -19.7328 -4.52209
vn 0.815976 -0.115443 -0.566441
v 17.3353 -19.5769 -4.0617
vn -0.847144 -0.528222 0.0576941
v -64.1282 -18.5813 -7.06601
vn 0.468277 0.448314 -0.761401
v 64.6847 -15.2858 -4.80175
vn 0.759468 0.526269 -0.382425
v 55.9135 -10.6516 -5.02455
vn -0.297448 -0.944939 0.13644
v 34.1414 -10.9608 -4.43554
vn -0.055695 -0.990122 -0.128672
v 26.1894 -9.00882 -6.06656
vn 0.711352 0.630392 -0.31078
v 25.6377 12.2267 -6.25157
vn 0.848447 0.438808 -0.295947
v 22.6491 15.781 -8.64291
vn -0.99721 -0.0660607 -0.034751
v -78.7346 23.6418 -12.6644
vn 0.654282 0.607711 -0.450113
v 13.726 32.5752 -6.51205
vn 0.254735 0.861437 -0.439359
v 4.2828 39.5205 -5.63908
vn 0.321004 0.797924 -0.51017
v -29.4564 47.2318 -2.31779
vn -0.969886 0.236464 0.0583544
v -76.3205 55.0662 -3.98982
vn 0.863189 0.357496 -0.356511
v -52.0204 64.1754 -8.51786
vn 0.835847 0.129196 -0.533543
v -53.9244 82.4396 -4.42541
vn 0.096898 -0.970406 0.221185
v 75.8514 -85.9174 -1.88923
vn -0.166717 -0.969203 0.181246
v 37.5335 -83.4013 -3.91591
vn -0.145048 -0.976394 0.160049
v 43.3306 -84.5361 -5.12898
vn 0.548135 -0.810316 -0.207209
v 92.4338 -82.534 -4.06325
vn 0.644597 0.314099 -0.69702
v 82.9278 -68.1663 -4.7152
vn 0.679595 0.171533 -0.713251
v 82.0559 -63.0754 -4.06575
vn 0.354523 -0.93328 -0.0574671
v -12.7869 -59.2849 -1.46794
vn -0.509354 0.842818 0.17383
v -5.88217 -56.4039 -3.48318
vn -0.54144 0.817739 0.19531
v -0.985123 -53.1454 -4.2336
vn 0.689885 -0.68558 0.232464
v 0.31057 -48.934 -3.65651
vn 0.730077 0.345861 -0.589379
v 77.6127 -46.4611 -4.12095
vn -0.767558 0.589928 0.250679
v 14.8707 -34.2577 -4.19188
vn -0.681529 0.708266 0.18406
v 16.0855 -31.6755 -6.4894
vn 0.893297 -0.119853 -0.433191
v 17.2144 -24.8379 -3.52204
vn 0.47107 -0.540278 -0.697275
v 18.744 -12.7335 -5.10001
vn 0.518345 -0.84278 0.145055
v 57.4204 -8.36607 -3.9494
vn 0.0909303 -0.952374 -0.29106
v 26.4575 -9.24373 -4.06921
vn 0.770794 -0.541618 -0.335449
v 60.652 -6.20156 -3.24988
vn 0.826359 0.0855407 -0.556609
v 60.5709 -0.638682 -4.43196
vn 0.756949 0.426595 -0.49502
v 57.9478 2.06704 -6.44112
vn 0.0956639 0.962525 -0.25376
v 35.2517 8.90749 -3.72875
vn 0.107479 0.904131 -0.413516
v -3.54143 40.4301 -6.2604
vn 0.185014 0.884497 -0.428293
v 2.39138 40.5012 -3.97277
vn 0.100915 0.898046 -0.428169
v -13.562 41.2164 -5.64432
vn 0.214637 0.849407 -0.482119
v -24.2545 42.9293 -6.12319
vn 0.756366 0.376911 -0.534647
v -48.4078 63.6993 -1.63114
vn 0.810554 0.241256 -0.533664
v -50.2792 69.3533 -1.16026
vn -0.868721 0.477831 -0.130391
v -68.6364 73.3118 -8.33416
vn -0.77333 0.605036 -0.189453
v -63.1366 83.1245 -3.02231
vn -0.272491 0.7762 -0.568561
v -56.1762 90.396 -1.28722
vn -0.0595675 -0.965454 0.253672
v 66.1661 -86.7067 -4.69434
vn -0.0944157 -0.965179 0.243956
v 47.1279 -84.0614 -1.00684
vn -0.081569 -0.975045 0.20648
v 50.7555 -84.983 -3.7806
vn -0.157404 -0.96877 0.191596
v 32.875 -82.1327 -2.15507
vn -0.250268 -0.8486 0.466095
v 15.5409 -76.772 0.107408
vn -0.830782 -0.405257 0.381535
v -18.6065 -65.5142 -3.76213
vn -0.11467 -0.974069 0.195037
v -22.5616 -61.4624 -3.49915
vn -0.503815 0.863513 0.0226985
v -10.2358 -58.9075 -3.37315
vn 0.493041 -0.861396 -0.122097
v -10.6378 -58.2204 -1.66857
vn -0.614505 -0.729519 0.300309
v -32.7774 -56.3544 -3.41332
vn 0.611897 -0.773073 -0.167152
v -5.75644 -54.6125 -3.5094
vn 0.748943 0.254294 -0.611897
v 79.8038 -51.0029 -3.79872
vn 0.698678 -0.714889 -0.0279804
v -1.99716 -51.3566 -3.57223
vn -0.710122 -0.683833 0.16763
v -41.5145 -48.4479 -5.66936
vn -0.792865 0.609351 -0.00749273
v 7.37062 -45.7615 -3.74115
vn 0.717254 0.289481 -0.633835
v 74.0544 -40.8296 -5.23198
vn 0.759038 0.293432 -0.58117
v 75.6641 -40.608 -2.62523
vn -0.721745 -0.679154 0.133542
v -45.5975 -44.0509 -5.29218
vn 0.73156 -0.665835 0.146573
v 3.90013 -45.0077 -3.34144
vn -0.802705 0.592778 -0.0654056
v 11.1521 -41.0471 -0.938177
vn 0.692271 0.229511 -0.684168
v 68.8492 -24.8237 -5.14829
vn -0.850456 -0.524879 0.0350216
v -60.3103 -24.7342 -5.28312
vn 0.6235 -0.321515 -0.712654
v 20.4517 -17.6104 -0.882864
vn -0.257608 0.90889 -0.327959
v 41.3501 -13.7617 -4.56727
vn -0.851901 -0.522741 0.031717
v -67.1801 -13.5956 -4.88102
vn -0.0458071 -0.944606 0.324995
v 38.7343 -12.6642 -5.00011
vn 0.325258 0.750673 -0.575062
v 63.6887 -11.7447 -2.774
vn 0.379681 -0.714555 -0.587583
v 23.5607 -10.8883 -3.29745
vn -0.0367611 0.946259 -0.321314
v 54.3167 -10.163 -2.32506
vn -0.949291 -0.311966 0.0390427
v -73.6976 3.81026 -0.33319
vn 0.207879 0.848893 -0.48597
v 52.0511 10.8855 0.780225
vn 0.307548 0.828365 -0.468215
v 51.9346 7.99831 -4.48501
vn 0.519558 0.766307 -0.377932
v 28.2692 10.7353 -5.18501
vn -0.960483 -0.277649 -0.0195944
v -76.6835 11.8893 -4.18007
vn 0.790557 0.453956 -0.411028
v 20.4078 26.0733 -3.15559
vn 0.0610134 0.916439 -0.395497
v -7.16816 41.1428 -5.04053
vn 0.23134 0.842922 -0.485761
v -20.6507 45.0308 -1.52278
vn 0.425574 0.751226 -0.504526
v -36.4309 50.9419 -1.40512
vn -0.948901 0.315036 -0.0184385
v -75.0688 59.3539 -6.06108
vn -0.959534 0.279463 0.0345678
v -75.4548 55.6771 2.15077
vn 0.795668 0.474096 -0.377021
v -49.799 60.6483 -6.98912
vn 0.869964 0.164892 -0.46473
v -51.9681 71.8749 -2.90167
vn -0.249332 -0.889802 0.382212
v 19.9846 -78.9576 -1.51527
vn -0.413982 -0.856201 0.309094
v -11.9387 -70.5336 -4.67956
vn -0.898139 0.217424 0.382196
v -18.6455 -64.4932 -4.24933
vn -0.659967 0.457127 0.59622
v -15.2858 -63.0763 -0.172853
vn -0.441317 -0.862782 0.246669
v -28.4092 -60.2115 -5.93984
vn 0.698904 0.139551 -0.701469
v 79.9813 -55.0855 -4.51028
vn -0.685673 -0.692094 0.225519
v -37.477 -52.1116 -4.44078
vn -0.766996 -0.639487 0.0526634
v -52.2805 -36.1224 -3.52585
vn -0.616945 0.744997 0.253689
v 20.8861 -28.5979 -4.63939
vn -0.671991 0.719005 0.177369
v 23.1194 -27.925 -1.34778
vn 0.781428 0.218999 -0.584302
v 73.2719 -28.6134 -1.73891
vn -0.8517 -0.523169 0.0300329
v -58.4785 -27.4221 -0.419378
vn 0.806688 0.268958 -0.526229
v 72.4627 -23.6254 -0.485301
vn -0.583293 0.811119 -0.0430709
v 30.6729 -20.3511 -5.02348
vn -0.245874 0.938485 -0.242473
v 49.3155 -10.3714 -1.21093
vn 0.0736472 -0.940944 -0.330455
v 28.7899 -9.74547 -2.08604
vn -0.190775 -0.978996 -0.071915
v 30.6 -9.96263 -4.2696
vn 0.34977 0.878315 -0.32592
v 31.8566 9.92997 -3.41296
vn 0.0497099 0.886343 -0.460353
v 47.397 8.90758 -4.1436
vn 0.567591 0.739674 -0.361556
v 30.524 11.6515 -0.891328
vn 0.812381 0.349606 -0.466703
v 21.5075 22.3248 -4.39715
vn -0.998668 0.00415311 -0.051426
v -78.9833 24.1782 -2.74074
vn 0.327604 0.786847 -0.523018
v 9.42766 40.7508 0.102162
vn -0.976769 0.19365 0.0917678
v -76.7993 50.6041 -1.38485
vn 0.573014 0.655167 -0.492352
v -40.019 53.3602 -1.56868
vn 0.220184 0.589777 -0.77697
v -54.2478 90.2049 -1.86133
vn 0.428924 -0.903298 0.00874189
v 95.803 -81.638 1.9083
vn 0.725992 -0.601551 -0.333274
v 95.4638 -81.5506 -1.06275
vn 0.849961 0.0195726 -0.526482
v 95.2406 -79.7657 -2.33388
vn -0.211921 -0.841513 0.496936
v 6.29326 -74.3109 0.12815
vn -0.304441 -0.883966 0.354851
v -4.38857 -73.0392 -3.47543
vn 0.640212 0.407834 -0.651
v 88.2845 -70.7696 -1.14954
vn -0.534094 -0.725061 0.434775
v -14.6985 -67.8187 -2.18093
vn 0.703192 0.174287 -0.689307
v 84.3635 -59.6452 -0.908017
vn 0.735357 0.239775 -0.633844
v 82.7567 -53.6144 -1.27518
vn -0.655739 0.74449 0.125462
v 2.5261 -51.3268 -2.54452
vn 0.739572 0.32992 -0.586674
v 79.5116 -44.6678 -0.64671
vn 0.788934 -0.452124 -0.416133
v 14.5688 -31.1896 -3.24869
vn -0.664202 0.736475 0.128222
v 19.2677 -31.6879 -0.272274
vn -0.688429 0.719658 0.0903203
v 27.6433 -23.1949 -2.06149
vn -0.884333 -0.46134 0.0715598
v -60.314 -23.8311 0.977516
vn 0.818922 -0.170077 -0.548124
v 18.9215 -23.765 -0.380278
vn -0.859085 -0.50577 0.0785509
v -61.9896 -21.5622 -3.34918
vn 0.46977 -0.478403 -0.741921
v 22.1282 -13.8762 -1.75512
vn -0.409717 0.898094 -0.159871
v 41.0239 -13.0425 0.890136
vn 0.00672192 -0.988913 0.148343
v 36.8673 -11.1381 1.3082
vn 0.155471 -0.956545 0.24668
v 41.7786 -11.1749 -1.46484
vn 0.284748 0.714925 -0.638593
v 59.8332 -12.0242 -4.33075
vn 0.251343 -0.883847 0.394513
v 52.5766 -9.16363 -1.85573
vn -0.89321 -0.448151 0.0365422
v -69.3335 -9.86495 -3.03531
vn -0.93963 -0.33933 0.0441727
v -71.3834 -4.07827 1.70863
vn 0.859406 -0.393417 -0.326564
v 61.6935 -5.20587 -2.14088
vn 0.550963 0.699228 -0.455543
v 56.9369 6.55284 -2.66159
vn -0.0697999 0.963494 -0.258469
v 40.4098 9.4197 -2.23136
vn 0.701132 0.55638 -0.445932
v 26.067 13.5619 -3.66139
vn 0.695261 0.472044 -0.542021
v 27.1815 14.5113 -1.16479
vn 0.804574 0.493013 -0.331056
v 28.1389 15.6916 0.960708
vn -0.97966 -0.196518 -0.0405867
v -78.4297 18.0351 -2.83051
vn 0.803346 0.379657 -0.458798
v 23.7181 18.0774 -3.64327
vn 0.790966 0.340963 -0.508052
v 24.4492 21.2673 -0.657678
vn 0.811433 0.367169 -0.454712
v 21.0014 29.6356 2.37381
vn 0.494381 0.711154 -0.499848
v 11.4633 38.8286 -1.35815
vn -0.992824 0.111784 -0.0424802
v -78.9243 38.9633 2.0802
vn 0.14543 0.839052 -0.524254
v 3.90872 43.6916 2.23029
vn 0.075279 0.891899 -0.445926
v -3.61585 42.7603 -0.809431
vn -0.610623 0.728772 -0.309888
v -59.5572 86.5906 -5.30136
vn 0.835943 0.0605732 -0.545464
v -52.2621 79.9042 -2.09439
vn 0.697097 0.17897 -0.694281
v -52.5916 87.811 -1.78409
vn 0.327333 0.406258 -0.853117
v -51.6002 93.2471 0.140071
vn -0.00122496 -0.971166 0.2384
v 68.5038 -85.9739 -1.70803
vn 0.0459101 -0.96519 0.25749
v 75.5833 -85.0331 2.15137
vn 0.170509 -0.97019 0.172214
v 83.1415 -84.7401 -1.22166
vn 0.582231 0.61665 -0.529858
v 91.796 -74.9004 -1.82331
vn -0.223088 -0.8019 0.554245
v 11.225 -74.8175 1.36805
vn 0.0907825 -0.994567 0.0509493
v -18.5825 -61.2004 -0.585675
vn -0.414106 0.800447 0.43336
v -6.02464 -58.1928 1.03867
vn -0.492656 0.774037 0.397689
v -2.90336 -55.3738 -1.18375
vn -0.768157 0.626507 0.132001
v -0.858322 -55.943 2.32065
vn -0.65588 -0.698385 0.286496
v -37.7027 -50.0743 -0.0655651
vn 0.721978 -0.659108 -0.210533
v 2.39202 -46.5588 -1.40238
vn -0.664666 -0.715579 0.214863
v -43.365 -45.1468 -0.89705
vn 0.647166 -0.598043 -0.472779
v 8.63707 -39.9356 -0.958085
vn 0.781034 0.220721 -0.584181
v 74.3551 -32.6071 -1.46973
vn 0.826796 -0.278753 -0.488575
v 17.5147 -27.4275 -1.46949
vn -0.817856 -0.563168 0.118121
v -64.5995 -16.1951 1.84095
vn -0.533433 0.830282 -0.161498
v 36.4062 -16.0428 0.121713
vn 0.688928 0.390794 -0.610457
v 68.4832 -16.0171 -2.12967
vn 0.434674 -0.374944 -0.818825
v 24.7951 -14.8907 0.114679
vn 0.67327 0.597422 -0.435653
v 68.5286 -12.2089 1.60503
vn 0.469112 0.644656 -0.603616
v 65.6696 -12.7205 -2.48408
vn 0.395974 -0.67896 -0.618238
v 27.7465 -10.5337 -1.06883
vn 0.924857 0.099089 -0.367181
v 62.2474 -2.55294 -1.73461
vn -0.972388 -0.225494 -0.0601155
v -78.5981 17.9422 1.49786
vn 0.799663 0.438996 -0.40966
v 23.8052 23.1709 -0.509501
vn 0.859639 0.431854 -0.272989
v 22.6142 27.6728 4.07732
vn -0.997024 0.0143856 -0.0757396
v -79.2162 33.0695 -1.18029
vn 0.14849 0.871884 -0.466658
v -14.3368 43.274 -1.89471
vn 0.136108 0.854315 -0.501619
v -14.6169 44.7859 1.03819
vn -0.983342 0.176855 0.0419621
v -77.794 45.912 -1.33848
vn 0.832423 0.0837354 -0.547778
v -51.3489 76.0919 -0.944376
vn -0.106617 -0.970666 0.215498
v 61.8143 -85.6424 -2.87688
vn -0.0492696 -0.969591 0.23972
v 66.148 -85.4192 0.252008
vn -0.171705 -0.92638 0.335166
v 34.4109 -80.9033 4.56417
vn 0.756253 0.362115 -0.544935
v 96.9296 -78.407 0.329137
vn 0.598032 0.572589 -0.560803
v 90.5353 -73.1735 -0.990272
vn -0.378764 -0.773132 0.50873
v -8.34848 -69.3044 1.53136
vn -0.737548 -0.169118 0.653776
v -16.3092 -64.8442 -0.779033
vn -0.470437 0.793905 0.385232
v -10.541 -59.8144 -0.509381
vn -0.482252 -0.805354 0.344729
v -27.2214 -58.422 1.22643
vn 0.707652 0.321787 -0.629033
v 81.4208 -44.4884 2.07114
vn 0.704541 -0.656355 -0.269851
v 6.01872 -42.916 -1.09231
vn 0.744463 0.280624 -0.605826
v 76.7766 -38.2083 -0.39053
vn -0.785689 -0.61746 0.0378938
v -54.7219 -33.047 -0.519872
vn -0.605421 0.658639 -0.446834
v 22.7913 -28.4245 0.926614
vn -0.631976 0.739263 -0.232589
v 31.0768 -19.8024 0.572205
vn 0.817149 0.407175 -0.408015
v 71.1856 -16.8584 1.11628
vn 0.175683 -0.957539 0.228591
v 45.4716 -10.182 -0.768542
vn 0.180585 0.88756 -0.423824
v 61.2404 -9.33863 0.784397
vn 0.84995 0.397554 -0.34574
v 61.3971 3.06614 0.370026
vn -0.93336 -0.358238 0.022459
v -74.9201 6.88907 -0.208855
vn -0.0779872 0.996926 0.00756404
v 38.4426 9.37319 -0.197887
vn 0.664805 0.746957 -0.00947095
v 31.5264 11.4724 2.82776
vn -0.166992 0.965517 -0.199728
v 44.4984 10.5024 -0.188708
vn -0.942299 -0.333732 -0.026355
v -77.1673 12.1396 0.800848
vn -0.998725 0.0216594 -0.0456035
v -79.5077 30.8004 2.66111
vn 0.688988 0.503035 -0.521777
v 17.4793 34.0356 0.535488
vn 0.515367 0.63003 -0.580913
v 13.7331 38.8471 0.977039
vn 0.351847 0.7566 -0.551144
v -32.015 50.2616 0.790238
vn 0.694452 0.408945 -0.592031
v -47.0326 63.7342 0.141501
vn 0.77241 0.0450303 -0.633525
v -50.8364 90.9136 0.534296
vn -0.179518 0.715976 -0.674649
v -51.9954 94.3934 0.89407
vn 0.431339 0.387024 -0.814959
v -49.9293 95.1731 2.07007
vn -0.0763255 -0.967592 0.240708
v 61.7127 -84.7393 2.42209
vn -0.10073 -0.953179 0.285138
v 46.5586 -83.2613 1.47164
vn -0.0836176 -0.957441 0.276253
v 51.6244 -83.9428 0.304103
vn -0.215332 -0.945211 0.245376
v 28.8869 -81.0329 -0.673652
vn -0.295584 -0.874307 0.384991
v 25.2422 -79.1519 1.68645
vn -0.176442 -0.724099 0.666744
v 0.125237 -70.8797 3.3567
vn -0.185148 -0.841406 0.507698
v 3.07405 -72.816 1.69647
vn -0.284972 -0.817837 0.499933
v -3.94795 -71.3394 0.900626
vn -0.634705 -0.042036 0.77161
v -13.38 -64.4929 2.07126
vn -0.334151 -0.855976 0.394522
v -21.9715 -59.4482 4.81403
vn 0.639509 -0.580253 -0.504316
v -0.290789 -51.4495 0.498414
vn 0.603415 -0.512349 -0.611055
v 2.94869 -47.3322 1.00696
vn 0.318548 -0.522618 -0.79082
v 5.39111 -45.6863 1.67561
vn 0.105094 -0.230484 -0.967384
v 8.92083 -42.0146 0.605702
vn -0.704899 -0.697835 0.127059
v -51.0388 -36.4264 4.59409
vn -0.50883 0.387716 -0.768615
v 12.117 -39.167 0.0673532
vn -0.0501104 0.141471 -0.988673
v 14.3935 -35.4891 0.828624
vn -0.740098 0.661479 -0.121247
v 14.7819 -35.7256 -0.414491
vn -0.407077 0.52229 -0.749334
v 19.6991 -30.9805 1.02472
vn 0.619336 -0.15485 -0.769704
v 19.321 -27.7136 0.888944
vn 0.455663 -0.291948 -0.840915
v 21.018 -20.0388 1.13022
vn 0.290231 -0.153761 -0.944523
v 26.5587 -17.3611 1.51086
vn 0.46637 -0.366342 -0.805166
v 29.0788 -12.29 1.5856
vn 0.238448 -0.807325 -0.539786
v 31.3334 -11.1477 2.03574
vn 0.122289 -0.975522 0.182762
v 39.6155 -10.8201 2.26068
vn 0.734482 -0.658111 0.165609
v 62.8141 -4.79189 2.27022
vn 0.31802 0.945924 -0.063971
v 34.3612 9.9039 1.11258
vn 0.10541 0.99437 -0.0108668
v 38.8153 8.73721 5.15723
vn -0.189698 0.926106 0.326102
v 40.148 9.03125 2.60329
vn -0.0512336 0.897665 -0.43769
v 49.5792 11.4821 1.32203
vn 0.867974 0.475156 0.14439
v 27.3075 17.5019 2.61378
vn 0.915557 0.379302 -0.133734
v 25.58 21.7002 1.79267
vn 0.187787 0.805673 -0.561808
v -16.932 46.5531 3.06833
vn -0.945804 0.322442 0.0385359
v -73.5723 63.4514 -2.33936
vn -0.928182 0.372078 -0.00600143
v -71.2832 69.2539 0.240922
vn 0.730533 0.24404 -0.637782
v -47.273 70.5473 2.79927
vn -0.866648 0.491263 -0.0870779
v -67.7119 76.5189 -0.0351667
vn 0.779161 0.0820345 -0.621433
v -49.2624 80.3929 2.635
vn -0.811485 0.567915 -0.137714
v -63.9582 83.6061 3.34847
vn -0.413448 0.746516 -0.52132
v -52.7623 96.1196 3.57783
vn -0.119857 -0.968618 0.217749
v 58.1001 -84.356 1.40882
vn 0.240388 -0.965819 0.0969868
v 88.0646 -83.5192 -0.59092
vn -0.14379 -0.959578 0.241939
v 38.0848 -82.404 0.682831
vn -0.0885249 -0.940115 0.329162
v 44.3717 -82.253 4.26531
vn -0.266297 -0.903045 0.337041
v 30.4466 -80.5551 3.18277
vn 0.639966 0.439983 -0.629966
v 91.2969 -71.7674 1.07908
vn 0.628688 0.460324 -0.62678
v 92.9508 -72.3043 2.46096
vn 0.676024 0.308507 -0.66919
v 89.3473 -66.2359 2.16186
vn -0.520379 -0.569912 0.635929
v -12.089 -66.9888 1.62137
vn 0.221569 -0.972264 -0.0748983
v -14.0903 -60.6016 3.12746
vn -0.241328 -0.939925 0.241456
v -24.3844 -60.5616 -1.07431
vn 0.714202 0.201204 -0.670397
v 87.9205 -57.7588 3.28255
vn 0.429398 -0.803667 -0.411992
v -5.573 -56.8584 1.73545
vn 0.667599 0.262384 -0.696754
v 85.6095 -50.8662 3.31354
vn -0.666666 0.721538 0.186921
v 1.3385 -53.4008 1.00696
vn -0.606381 -0.71519 0.347572
v -33.6536 -52.6335 2.17521
vn -0.238 -0.0856023 -0.967485
v 5.09758 -47.8723 2.70498
vn -0.697638 0.384418 -0.604586
v 7.71674 -44.2799 0.602841
vn 0.731932 0.315166 -0.604107
v 80.029 -39.773 2.83241
vn 0.474781 -0.435785 -0.76464
v 11.9371 -38.3737 0.129461
vn 0.60046 -0.372054 -0.70783
v 16.6165 -32.9993 0.645757
vn -0.0566912 0.169431 -0.98391
v 20.332 -29.3225 1.41025
vn 0.837247 0.284713 -0.466858
v 75.364 -27.7331 2.39456
vn -0.88225 -0.464152 0.0787236
v -58.9507 -26.3359 5.12159
vn -0.665417 0.642077 -0.380733
v 25.7395 -25.6649 0.849605
vn 0.47469 -0.110538 -0.873184
v 20.3766 -22.3601 1.09625
vn -0.555524 0.580328 -0.595493
v 28.6783 -22.051 1.18005
vn -0.3239 0.509224 -0.797358
v 30.6189 -19.6086 1.88553
vn 0.0178147 0.167971 -0.985631
v 28.4247 -20.6166 1.73783
vn -0.861652 -0.485331 0.148355
v -62.4273 -19.5331 2.64823
vn 0.24407 0.0901305 -0.96556
v 29.097 -17.6249 2.47347
vn -0.477195 0.856032 -0.198733
v 39.5072 -13.1035 4.37343
vn -0.858334 -0.509008 0.0646067
v -67.8253 -11.9806 1.62446
vn 0.371317 -0.13289 -0.918947
v 30.8709 -13.0304 2.94471
vn 0.110161 -0.974489 -0.195542
v 34.4303 -11.1983 3.32522
vn -0.224379 0.949597 -0.218904
v 50.975 -9.02617 3.25358
vn 0.29313 0.887261 -0.35615
v 63.8189 -7.76958 5.03957
vn -0.958942 -0.282993 0.0185878
v -73.039 1.99552 5.74791
vn 0.566719 0.758464 -0.32181
v 57.6389 8.9017 2.43211
vn 0.437458 0.824436 -0.359076
v 54.905 10.909 3.05283
vn -0.37928 0.899853 0.215434
v 45.413 10.5573 3.15201
vn 0.0369735 0.935915 -0.350279
v 50.5031 13.5288 4.41134
vn -0.994461 -0.0924227 -0.0500499
v -79.1786 21.4389 0.746846
vn -0.998796 -0.0318048 -0.0373586
v -79.4448 24.3656 2.87569
vn 0.0927859 0.843399 -0.529215
v -1.43649 44.2624 2.12395
vn -0.975182 0.212996 -0.0604445
v -77.2906 47.589 2.64347
vn 0.264801 0.802906 -0.534063
v -23.6793 47.3815 1.24073
vn -0.979332 0.201987 0.0104908
v -76.5355 51.2074 1.65486
vn 0.460972 0.645888 -0.60855
v -36.4763 53.4241 1.74546
vn 0.613153 0.536638 -0.579709
v -41.8103 57.4921 0.78547
vn -0.95284 0.301465 0.0348652
v -73.1156 63.4489 4.30381
vn -0.922456 0.385911 -0.01211
v -70.3562 71.8481 5.47206
vn -0.664338 0.687399 -0.293493
v -58.7716 89.0407 -0.724316
vn -0.595561 0.705396 -0.384348
v -56.6847 92.53 2.89321
vn -0.140247 -0.941868 0.305311
v 58.1202 -83.5843 4.54879
vn -0.232852 -0.641771 0.730691
v -2.91679 -68.7103 4.75085
vn -0.337776 -0.550886 0.763172
v -7.657 -67.1299 4.29726
vn -0.407769 0.536636 0.738747
v -7.59918 -61.4153 4.51159
vn -0.440511 0.723099 0.53205
v -9.07465 -61.0992 3.07596
vn 0.698301 0.233148 -0.67677
v 87.6309 -63.7013 1.25015
vn 0.334799 -0.914938 -0.225383
v -6.75552 -58.4885 4.64606
vn -0.459746 -0.770542 0.441473
v -25.5969 -57.0704 5.82933
vn 0.27398 -0.913149 -0.301817
v -4.76757 -57.3969 3.53909
vn -0.924275 0.228861 0.305512
v -0.959083 -57.3092 4.22633
vn -0.797647 0.572979 -0.188293
v 4.89914 -48.4403 2.3855
vn -0.601315 -0.731922 0.320486
v -38.4616 -46.7457 6.71685
vn -0.663337 -0.722199 0.195989
v -45.9157 -41.8071 2.87795
vn -0.74265 -0.649952 0.161348
v -54.2029 -33.0548 5.95117
vn -0.183385 0.473076 -0.861725
v 32.0543 -17.6512 2.76053
vn 0.506293 -0.855458 0.1089
v 61.3093 -5.87657 1.71471
vn 0.769548 0.566839 -0.294089
v 59.6812 6.20627 1.17779
vn -0.920304 -0.382607 0.0815601
v -75.2243 8.06221 4.97079
vn 0.707677 0.701858 -0.0811707
v 59.0888 8.5477 6.02663
vn -0.230218 0.96128 0.151464
v 42.6309 10.2871 1.51134
vn -0.448543 0.883135 -0.137411
v 46.9028 11.6173 3.0874
vn 0.911217 0.411877 -0.00633344
v 24.5392 24.5561 4.04012
vn 0.69755 0.367187 -0.615303
v 20.5286 34.9148 5.01287
vn 0.189758 0.772813 -0.605601
v -17.7899 48.2081 4.78613
vn 0.655546 0.407574 -0.635722
v -43.5699 62.615 3.16751
vn -0.0442539 0.695192 -0.71746
v -49.8786 97.3718 3.55899
vn 0.10697 -0.959626 0.260147
v 80.5365 -83.8495 4.32563
vn 0.84067 -0.443076 -0.31138
v 97.6731 -79.9567 2.63059
vn -0.258928 -0.77248 0.579854
v 13.8858 -73.5546 3.96299
vn -0.527814 0.442618 0.724915
v -11.8853 -63.0038 2.69532
vn 0.657979 0.202485 -0.725303
v 91.6954 -60.3737 6.61969
vn -0.49517 0.648601 0.578034
v -2.43106 -58.2638 3.77262
vn -0.541331 -0.718736 0.436323
v -30.2011 -53.1396 7.00879
vn 0.0622389 -0.0484375 -0.996885
v 3.33063 -50.3319 2.87569
vn 0.633428 0.32621 -0.701681
v 83.747 -45.1284 3.97086
vn -0.906564 -0.404557 0.120315
v -60.918 -21.509 6.06143
vn 0.869514 0.345685 -0.35277
v 73.3053 -19.4319 3.71599
vn -0.39051 0.798022 -0.45898
v 35.6982 -15.5543 2.76494
vn 0.416707 -0.413265 -0.809671
v 33.8175 -11.8445 4.07553
vn -0.957312 -0.287196 0.0327524
v -72.543 0.139546 -0.247121
vn -0.489827 0.869935 0.0572883
v 43.5309 9.04959 4.7816
vn 0.529199 0.837514 -0.136083
v 55.8576 10.9934 5.79989
vn -0.941525 -0.336757 0.0112166
v -77.4884 12.9886 4.28522
vn -0.968471 -0.243998 0.0502962
v -78.4203 15.8778 5.13947
vn 0.927404 0.235001 0.291027
v 24.2111 23.7798 5.67949
vn 0.885463 0.245191 -0.394761
v 21.4903 32.0097 4.72963
vn 0.517882 0.567931 -0.639729
v 15.4484 39.9612 3.34454
vn 0.462078 0.533235 -0.708622
v 15.6847 42.7086 5.63657
vn 0.0793631 0.864981 -0.49549
v -10.5776 44.1367 0.442028
vn 0.120892 0.782509 -0.610791
v 7.3819 45.1691 5.21016
vn 0.565496 0.514968 -0.644222
v -40.2732 59.1354 3.72458
vn 0.65073 0.371132 -0.662428
v -41.9632 64.0422 5.57184
vn -0.891325 0.453358 -0.00231137
v -68.0153 76.7451 7.07304
vn 0.76438 -0.0125052 -0.644645
v -48.4012 82.7751 3.70157
vn 0.74263 -0.0222699 -0.669332
v -48.2468 89.6323 3.57366
vn -0.793614 0.582155 -0.176841
v -60.5101 88.871 4.43697
vn 0.638479 -0.0513609 -0.767923
v -45.5972 93.6681 5.80049
vn -0.0657152 -0.953349 0.294632
v 63.7316 -84.0983 5.0323
vn -0.0886332 -0.938598 0.333434
v 51.4906 -82.2009 6.04546
vn -0.117123 -0.910171 0.397329
v 40.7037 -80.6257 7.25472
vn 0.220734 -0.94894 0.225364
v 94.705 -81.1894 6.46186
vn 0.881724 -0.429115 -0.196019
v 99.3009 -78.9205 5.43106
vn 0.868152 0.14648 -0.474189
v 99.0477 -77.5893 4.60446
vn -0.335797 -0.786294 0.518634
v 22.3263 -76.4563 4.54473
vn -0.3553 -0.718279 0.598195
v 22.8308 -72.8547 10.0182
vn -0.18556 -0.583599 0.790556
v 7.42269 -68.3955 6.99174
vn -0.49535 -0.1809 0.849649
v -10.6202 -65.0544 3.90399
vn -0.415981 0.027136 0.908968
v -7.17494 -63.9617 5.56433
vn 0.668743 0.285387 -0.68654
v 91.6628 -65.1497 4.85075
vn -0.0227474 -0.981133 0.191994
v -16.3677 -60.782 3.56984
vn 0.211599 -0.976381 0.0436612
v -10.1319 -59.8482 6.87468
vn -0.64391 0.0895883 0.759838
v 0.137262 -58.9682 6.17468
vn -0.53944 -0.832047 0.129239
v -0.882737 -57.5208 5.8955
vn -0.614361 -0.737942 0.279289
v -46.1629 -40.3336 7.03466
vn 0.655558 0.356896 -0.665484
v 83.0661 -38.354 6.88004
vn -0.894961 -0.393897 0.209497
v -62.1093 -17.9867 7.78711
vn -0.772125 -0.590163 0.235649
v -63.5362 -15.9708 7.49803
vn -0.804551 -0.583791 0.109027
v -67.5551 -11.4982 6.67298
vn -0.287493 0.923243 -0.254894
v 44.3724 -10.98 4.40013
vn 0.181868 -0.977145 0.11005
v 42.111 -9.90741 5.60677
vn 0.204235 -0.957025 0.20589
v 48.5772 -9.08009 1.88947
vn -0.0877315 0.938739 -0.333275
v 56.5838 -7.76213 4.65906
vn 0.0566961 0.934757 -0.350734
v 61.0474 -7.30469 5.29957
vn 0.261876 -0.93262 0.248276
v 56.663 -7.06676 2.81143
vn 0.981014 -0.180438 -0.0710948
v 63.6883 -2.86362 3.00264
vn 0.962151 0.248721 -0.111371
v 63.6013 0.721686 5.31745
vn 0.345886 0.937593 0.0358097
v 34.2669 9.61672 5.01931
vn -0.994489 0.0616447 -0.0848067
v -79.5342 37.1979 6.93047
vn -0.981694 0.154447 -0.111457
v -78.5761 41.6744 3.70157
vn 0.0937346 0.822822 -0.560516
v -0.630364 47.0653 6.47426
vn 0.328806 0.735229 -0.592726
v -28.0182 51.2052 4.26364
vn -0.951916 0.306353 0.0022148
v -71.6734 67.8718 5.93376
vn 0.737455 0.160655 -0.656011
v -44.3949 74.1659 7.04002
vn 0.0296136 -0.959785 0.27917
v 73.5738 -83.9677 5.65434
vn -0.198071 -0.727242 0.657182
v 8.46555 -71.3528 4.51767
vn 0.646115 0.34186 -0.682398
v 93.6013 -68.8906 4.95601
vn 0.616078 0.259678 -0.74365
v 93.8415 -64.7568 7.15148
vn -0.164847 -0.910125 0.380128
v -17.8997 -59.8663 6.2331
vn 0.634128 0.170298 -0.754242
v 90.0904 -53.4571 6.76572
vn -0.524902 -0.72413 0.44734
v -34.181 -48.134 10.4214
vn 0.671 0.419423 -0.611427
v 81.5842 -33.1726 8.52084
vn 0.769841 0.335772 -0.542772
v 78.9717 -33.0698 4.90487
vn 0.24305 0.332903 -0.911099
v 34.5221 -14.8315 3.81029
vn 0.718927 0.630238 -0.293162
v 69.5736 -11.0288 5.9191
vn 0.52913 -0.643289 -0.553354
v 37.4093 -11.1773 6.02651
vn 0.458543 0.797327 -0.392438
v 66.5881 -9.8541 3.23987
vn -0.923573 -0.383376 0.00603164
v -71.0732 -5.20444 7.71713
vn 0.571723 0.765213 -0.295942
v 68.245 -8.2396 10.5795
vn -0.23102 0.955265 -0.184657
v 42.0457 8.38304 4.86755
vn -0.916309 -0.363263 0.168577
v -76.7285 11.5839 6.24001
vn -0.382822 0.923795 0.00708516
v 48.3402 12.721 5.97143
vn 0.266684 0.696833 -0.665811
v 11.1586 43.4869 4.19962
vn 0.0965078 0.816784 -0.568814
v -9.68225 46.991 4.83394
vn 0.158631 0.724187 -0.67111
v 11.2179 46.4904 7.36547
vn 0.242874 0.757963 -0.605396
v -24.3628 50.5669 5.29611
vn 0.149452 0.762913 -0.62899
v -12.5286 48.8456 7.13444
vn 0.590799 0.456128 -0.665511
v -39.3686 62.3416 6.93703
vn 0.685705 0.296745 -0.664644
v -43.3577 69.2025 6.65843
vn 0.765318 0.0394801 -0.64244
v -45.4633 81.8117 7.13325
vn 0.732989 -0.101335 -0.672651
v -45.2328 87.3887 7.2875
vn 0.24123 0.2639 -0.933898
v -46.1251 98.587 5.76913
vn -0.285858 0.668012 -0.687055
v -48.7117 99.7948 6.68168
vn -0.181979 0.392671 -0.901495
v -46.4259 99.8169 6.13213
vn 0.187204 0.0787543 -0.979159
v -40.9478 102.806 6.62005
vn 0.462124 -0.0784889 -0.883335
v -38.664 104.001 7.52127
vn -0.00675562 0.527754 -0.84937
v -40.1263 104.584 7.249
vn 0.153923 -0.958471 0.240087
v 88.2455 -82.3911 6.10399
vn -0.304491 -0.796866 0.521814
v 30.3284 -77.8235 8.14712
vn 0.56281 -0.824235 0.0623089
v 98.3476 -79.9005 6.58703
vn 0.947556 -0.110727 -0.299796
v 100.285 -76.7806 7.54309
vn 0.78089 0.294354 -0.550969
v 99.635 -72.9486 8.91936
vn -0.33014 -0.689993 0.644141
v 15.5702 -71.5708 7.32982
vn 0.655837 0.401307 -0.639398
v 96.6654 -71.8754 6.21951
vn -0.1485 -0.539613 0.828713
v 1.27181 -68.151 6.03878
vn -0.275013 -0.316068 0.908003
v 4.76473 -65.2402 7.92134
vn -0.222291 -0.381573 0.897212
v -1.643 -65.2544 7.11489
vn -0.252845 0.0546057 0.965964
v -3.47991 -63.2684 7.22659
vn -0.343065 0.494637 0.798524
v -3.52159 -62.0584 6.64639
vn -0.411884 0.0280186 0.910805
v 2.99454 -61.1903 7.82371
vn 0.290386 -0.95587 0.0445842
v -4.85507 -58.2246 7.99
vn 0.0829539 -0.996241 0.0249659
v -2.33605 -57.5215 6.96397
vn -0.848226 -0.518395 0.108531
v -69.7562 -7.90488 9.72116
vn 0.28489 -0.928169 0.239457
v 52.3849 -7.11259 6.94513
vn -0.0100898 0.932985 -0.359774
v 59.2651 -6.05261 8.80837
vn 0.394113 -0.857421 0.330913
v 60.1692 -4.4783 7.53629
vn 0.907182 -0.309139 0.285402
v 63.0978 -1.05044 7.76362
vn -0.960642 -0.277788 -0.000975912
v -72.237 -1.57156 5.81467
vn 0.0451073 0.997566 -0.0531753
v 37.8135 8.80843 7.13086
vn -0.261227 0.931909 -0.251608
v 42.2585 9.79354 7.42638
vn -0.475894 0.851838 -0.218854
v 46.207 11.7962 6.43814
vn 0.347011 0.933801 0.0871784
v 54.8907 11.9378 10.6815
vn 0.0613258 0.99811 0.00404783
v 50.729 13.7637 5.38099
vn 0.676068 0.601809 0.425158
v 27.3735 13.3875 8.75664
vn 0.791679 0.432281 0.431715
v 25.573 17.4747 6.47509
vn -0.979101 -0.128742 0.157437
v -79.3534 23.5374 9.3503
vn -0.99228 -0.117377 0.0400256
v -79.2248 20.5805 6.00672
vn 0.998181 -0.0185343 0.0573657
v 23.2102 25.7841 8.33428
vn 0.957879 0.286881 0.0129432
v 23.1083 26.972 6.20282
vn 0.960623 0.0608908 -0.271101
v 23.024 28.4771 7.76625
vn -0.950129 0.230675 -0.209866
v -78.6449 49.466 11.1421
vn 0.462295 0.623588 -0.630414
v -33.293 56.4524 6.6545
vn -0.944284 0.322161 -0.0673727
v -73.8459 60.8901 7.4439
vn -0.935681 0.351416 -0.0317544
v -71.0709 69.8792 8.01194
vn -0.575633 0.73722 -0.35377
v -53.0449 99.3515 9.88662
vn -0.0117879 -0.935658 0.35271
v 68.8813 -82.8865 9.82928
vn 0.0730594 -0.949368 0.305553
v 80.6089 -82.7023 8.44038
vn -0.124438 -0.919401 0.373119
v 56.4001 -81.3638 9.46128
vn 0.610172 -0.787135 0.0900477
v 99.857 -77.9264 11.0779
vn -0.353924 -0.738369 0.574063
v 24.7178 -74.8553 8.69906
vn -0.370575 -0.748287 0.550219
v -23.2769 -55.5622 10.3018
vn -0.177073 -0.773095 0.609072
v -17.3897 -57.3217 11.095
vn -0.557531 -0.417159 0.717731
v 4.37564 -59.8599 9.25875
vn -0.617024 -0.41885 0.666218
v 1.903 -58.7657 7.59768
vn -0.605963 -0.734217 0.30616
v -42.3674 -43.785 6.18958
vn -0.664985 -0.693826 0.276406
v -51.7883 -32.236 14.4571
vn -0.343332 0.907286 -0.242805
v 42.1746 -10.7692 7.4203
vn 0.438637 0.302349 -0.846276
v 44.4819 -8.71683 11.7345
vn -0.280328 0.908802 -0.309023
v 48.1184 -8.3585 9.46069
vn -0.265812 0.909823 -0.318695
v 48.1664 -9.20425 7.90036
vn 0.261514 0.907601 -0.328437
v 64.1136 -6.47185 9.37426
vn 0.593149 -0.70861 0.382161
v 61.0612 -2.93994 9.68075
vn 0.976206 0.145884 0.160436
v 63.4138 1.79878 8.2128
vn 0.8482 0.528459 -0.0358797
v 61.294 5.98369 7.88128
vn 0.295127 0.955311 -0.0167818
v 34.9612 9.63321 7.78282
vn -0.242392 0.966711 -0.0819559
v 41.6253 10.2052 9.52637
vn 0.282664 0.953465 0.104901
v 52.879 12.729 8.17811
vn -0.997708 -0.0518926 0.0434289
v -79.5291 29.6589 9.71103
vn 0.852023 0.130182 -0.507059
v 24.2949 36.9512 10.6449
vn -0.988186 0.0843703 -0.127943
v -79.243 41.3989 7.61664
vn 0.528004 0.477035 -0.702601
v 20.5982 43.4988 9.46832
vn 0.0875113 0.761434 -0.642309
v -4.87579 48.9732 8.64768
vn -0.950642 0.281377 -0.130789
v -76.4805 53.1499 6.13928
vn 0.201637 0.743155 -0.638015
v -19.0177 51.4422 8.18062
vn 0.590206 0.441726 -0.675674
v -37.7146 62.9983 9.03523
vn 0.677144 0.258627 -0.688903
v -41.0363 69.4375 9.21917
vn -0.866549 0.497045 -0.0451507
v -65.1961 81.9995 7.90548
vn 0.498538 -0.201206 -0.843194
v -43.4466 97.7111 6.91962
vn 0.5724 -0.319963 -0.754971
v -36.2322 100.515 10.7982
vn -0.44449 0.774358 -0.450332
v -46.7567 103.589 9.46808
vn 0.394279 0.210701 -0.894511
v -36.9809 105.301 8.48103
vn -0.126912 -0.902483 0.411604
v 51.4359 -80.4831 10.1717
vn -0.0967594 -0.914984 0.391717
v 47.7846 -81.0655 7.56359
vn -0.307501 -0.565378 0.765369
v 9.98108 -67.4233 8.52871
vn -0.382794 -0.551636 0.741058
v 13.1856 -66.7358 10.7256
vn 0.577495 0.167235 -0.799082
v 94.1266 -58.876 8.4666
vn -0.443505 -0.436702 0.782684
v 7.85688 -62.359 10.5394
vn 0.0801171 -0.938654 0.335425
v -10.0872 -59.2717 8.82518
vn -0.294058 -0.864116 0.408452
v 2.5166 -57.5336 10.2603
vn 0.604914 0.213377 -0.76717
v 91.9167 -49.5742 8.94153
vn 0.571653 0.333755 -0.749547
v 87.1658 -42.6572 8.05032
vn 0.567081 0.421764 -0.707485
v 85.6031 -35.9089 10.2333
vn -0.809825 -0.57635 0.109567
v -56.6308 -29.7974 6.07812
vn 0.806387 0.508734 -0.301545
v 71.8183 -12.9536 8.84545
vn -0.220012 0.909796 -0.351946
v 53.9082 -6.19784 10.6841
vn 0.328088 -0.885816 0.328159
v 55.7561 -5.27273 9.3261
vn -0.973325 -0.228703 0.0182681
v -72.9344 0.964731 10.7946
vn -0.953062 -0.277021 0.122202
v -74.0452 5.99166 8.95095
vn 0.534549 0.821148 0.199931
v 31.1266 10.9592 6.46818
vn 0.600148 0.793607 0.100055
v 56.3729 10.8892 11.4146
vn -0.961717 -0.272445 0.0295821
v -74.6157 9.6384 13.7526
vn -0.103585 0.978666 0.177435
v 50.0429 12.3326 10.4889
vn 0.782278 0.447028 0.433828
v 25.1094 16.262 8.56614
vn -0.924237 -0.332359 0.187947
v -76.1337 11.9975 9.40681
vn -0.946595 -0.252674 0.200284
v -78.3613 17.6871 7.86424
vn -0.949938 -0.215925 0.225817
v -77.888 21.0591 13.3656
vn 0.0699849 0.75215 -0.655265
v 3.23382 47.7235 7.93457
vn 0.165773 0.698439 -0.696205
v 12.0811 48.4751 9.59861
vn 0.307408 0.719693 -0.622529
v -24.9218 52.3913 7.30669
vn -0.916302 0.363142 -0.168876
v -76.3204 56.6693 11.5088
vn -0.755722 0.617701 -0.217556
v -57.0531 95.5137 10.4166
vn -0.291352 0.719222 -0.63074
v -43.6472 103.549 7.75385
vn 0.12545 -0.938336 0.322161
v 86.7596 -80.9428 11.3505
vn 0.14331 -0.911199 0.386238
v 90.9048 -80.8999 10.159
vn 0.903564 -0.147004 -0.402444
v 101.64 -75.8125 11.0524
vn 0.641817 0.2169 -0.735544
v 97.4644 -65.3058 9.77242
vn 0.0356058 -0.842972 0.536777
v -8.79186 -57.6621 12.0211
vn 0.12829 -0.932352 0.338027
v -2.66282 -56.8717 11.0269
vn -0.279826 -0.690554 0.666957
v -18.9689 -55.8302 12.0529
vn 0.56072 0.19817 -0.803941
v 93.6749 -49.0848 10.5526
vn -0.532916 -0.721118 0.442707
v -37.7296 -44.6882 11.7669
vn 0.835228 0.360977 -0.414838
v 76.9689 -25.6895 7.41446
vn 0.713136 0.621653 -0.324013
v 72.0731 -10.2772 13.8772
vn 0.084594 0.85979 -0.503593
v 42.6773 -10.2517 9.55546
vn -0.916025 -0.39428 0.0737606
v -71.1897 -4.1773 13.1321
vn -0.969569 -0.237065 0.0611161
v -73.9001 7.39778 11.2556
vn -0.311249 0.949846 0.0302917
v 44.7424 11.0535 9.5129
vn -0.999815 -8.16966e-05 -0.0192349
v -79.9848 36.888 11.8901
vn 0.0624579 0.725198 -0.685702
v 7.07899 50.8372 11.448
vn 0.0993977 0.730537 -0.6756
v -8.41278 51.342 10.3436
vn 0.291512 0.681611 -0.671139
v -24.3009 55.2029 10.8378
vn 0.443 0.592496 -0.67283
v -31.6219 57.4761 9.22167
vn 0.734444 0.139902 -0.664093
v -43.0979 76.8558 9.14466
vn 0.680951 0.181517 -0.709477
v -40.449 74.4244 11.4055
vn 0.718697 0.00728964 -0.695285
v -43.0583 83.9208 10.197
vn 0.250799 0.466211 -0.848379
v -34.3453 107.086 10.1901
vn -0.140208 0.795262 -0.589831
v -38.1169 106.693 9.60863
vn 0.100295 -0.927013 0.36137
v 82.7507 -81.679 11.0657
vn -0.146542 -0.866821 0.4766
v 55.7909 -79.6562 13.0885
vn -0.290708 -0.717467 0.633033
v 31.9626 -75.3629 12.0997
vn -0.204984 -0.818403 0.53684
v 38.8196 -77.9454 11.5983
vn 0.787248 -0.61618 0.0237393
v 102.063 -76.2644 12.8483
vn -0.330247 -0.664215 0.670638
v 26.2977 -71.974 12.7654
vn 0.727979 0.17407 -0.663134
v 100.75 -71.0367 11.0739
vn 0.614896 0.165389 -0.77107
v 99.622 -67.3131 11.1463
vn -0.374179 -0.640168 0.670951
v 6.05638 -57.3422 12.5048
vn -0.0688789 -0.876227 0.47695
v -12.0581 -58.5278 10.3575
vn 0.531585 0.173957 -0.828949
v 96.0805 -55.8817 10.7937
vn -0.41908 -0.708072 0.568336
v -25.6371 -52.6879 11.779
vn -0.64788 -0.714188 0.264927
v -50.8023 -35.965 8.02624
vn -0.748238 -0.6413 0.169927
v -62.6902 -14.3076 13.0631
vn -0.753168 -0.631213 0.185224
v -67.1887 -10.2394 12.6383
vn 0.31253 -0.923895 0.220777
v 49.0559 -7.50536 9.58109
vn 0.457711 0.834598 -0.306508
v 66.4408 -6.05715 12.8769
vn 0.926534 0.310435 0.212519
v 61.9567 4.00718 11.7875
vn 0.0106787 0.999511 -0.0294003
v 36.7323 9.10947 9.81867
vn 0.926363 0.206066 0.315259
v 23.1133 21.234 8.96215
vn 0.93891 -0.149228 -0.310127
v 24.5055 28.5476 11.7604
vn -0.983725 0.113064 -0.139648
v -79.2403 44.4491 9.43565
vn 0.62611 0.406648 -0.6653
v 22.298 45.5607 12.3396
vn 0.715346 0.319029 -0.621692
v 22.3588 41.8759 10.2311
vn 0.328311 0.636806 -0.697632
v 15.6454 45.4832 8.01182
vn 0.344861 0.592095 -0.72835
v 18.4342 49.8334 13.1522
vn 0.0653911 0.735695 -0.674149
v -0.845306 50.6118 10.5461
vn -0.922918 0.369833 -0.106989
v -73.8488 62.9129 12.8158
vn 0.549362 0.333148 -0.766298
v -36.8729 68.4703 12.2517
vn -0.912331 0.408583 0.0266686
v -70.9774 70.2789 15.0765
vn 0.522644 -0.151517 -0.838979
v -31.1083 105.738 12.0381
vn -0.119406 -0.919143 0.37539
v 61.0862 -82.6699 8.23903
vn 0.843806 -0.0483006 -0.53447
v 102.734 -72.6562 13.2818
vn -0.418864 -0.491506 0.763528
v 11.7585 -62.3089 12.7507
vn 0.545054 0.125152 -0.829007
v 97.9066 -60.3128 10.9572
vn 0.455112 0.193753 -0.869099
v 96.0233 -48.8404 11.9561
vn 0.52247 0.270766 -0.808524
v 92.243 -43.6207 11.091
vn 0.426518 0.264697 -0.864881
v 93.2692 -40.5784 12.6886
vn -0.567639 -0.743314 0.353936
v -45.6894 -38.2446 12.2463
vn 0.462724 0.376349 -0.802651
v 88.7351 -37.961 11.3295
vn 0.369845 0.368124 -0.853053
v 91.7924 -36.1219 13.4578
vn 0.429721 0.459824 -0.777111
v 86.7111 -31.8553 13.8716
vn -0.907753 -0.386254 0.163681
v -59.7942 -18.9748 16.5294
vn 0.831511 0.405986 -0.379164
v 75.2864 -18.4932 10.6089
vn -0.860423 -0.458471 0.222434
v -61.812 -16.6095 10.8787
vn 0.740845 0.527062 -0.416358
v 74.7247 -14.4151 14.1029
vn 0.207802 0.911888 -0.353946
v 61.3557 -4.49362 13.0312
vn 0.782179 0.600192 0.167226
v 60.0515 6.88191 12.802
vn 0.232968 0.957396 0.170641
v 32.2612 9.53706 12.4919
vn 0.89695 0.00716177 -0.442074
v 25.8799 35.46 13.4746
vn 0.815989 0.226706 -0.531758
v 25.2219 42.7078 14.4961
vn -0.962659 0.220592 -0.156928
v -79.5611 50.2878 14.8098
vn 0.142901 0.736972 -0.660645
v -13.6445 52.6048 11.0321
vn 0.496267 0.419403 -0.760145
v -36.1818 64.3815 10.9086
vn 0.444758 0.462704 -0.766874
v -29.7319 61.1143 12.9676
vn -0.907239 0.420613 -0.00157902
v -69.6733 73.7147 10.4163
vn 0.640879 -0.222813 -0.734594
v -41.8556 93.2397 9.27138
vn 0.666533 -0.188944 -0.721134
v -40.3434 90.7205 11.5386
vn -0.408014 0.843438 -0.349481
v -43.496 106.81 13.4053
vn 0.277872 0.405829 -0.870684
v -31.5482 108.685 11.9197
vn 0.30242 0.335881 -0.892035
v -28.7285 109.637 13.173
vn -0.0321117 -0.902618 0.429244
v 69.2688 -81.4787 12.8801
vn -0.118396 -0.876229 0.467125
v 44.7932 -78.4792 12.519
vn -0.118852 -0.845081 0.52126
v 49.412 -78.4865 13.5571
vn 0.250876 -0.881638 0.39972
v 96.3274 -78.6779 12.6455
vn 0.4084 -0.821948 0.397003
v 101.238 -76.3629 14.2881
vn -0.269519 -0.689965 0.671794
v 35.9861 -74.1825 14.9969
vn -0.320146 -0.63314 0.704727
v 32.5583 -72.9732 14.7475
vn -0.313635 -0.617382 0.721437
v 27.5745 -69.9917 14.8313
vn -0.361072 -0.639173 0.679032
v 19.5557 -69.375 11.8961
vn -0.348414 -0.558343 0.752901
v 21.9893 -67.4572 14.9899
vn -0.400765 -0.552871 0.730563
v 16.04 -65.9296 12.7503
vn 0.524087 0.062669 -0.849356
v 102.217 -59.3246 13.4614
vn -0.0464663 -0.827867 0.558996
v 0.796907 -55.8378 12.8661
vn -0.224964 -0.687261 0.690697
v 5.52791 -55.0304 14.8021
vn -0.364859 -0.694772 0.619814
v -26.1492 -50.0377 15.0971
vn -0.433568 -0.699529 0.568047
v -31.8975 -45.8751 15.486
vn 0.448082 0.155047 -0.880445
v 99.3333 -51.0822 13.0672
vn 0.402787 0.253178 -0.879581
v 96.6878 -40.2309 14.2037
vn -0.773846 -0.59451 0.218449
v -56.6346 -27.9305 13.6822
vn 0.662593 0.455591 -0.594481
v 80.7361 -28.161 11.3482
vn -0.884879 -0.430917 0.176916
v -58.9317 -24.142 12.5901
vn 0.716944 0.425318 -0.552355
v 78.5412 -22.741 13.4064
vn 0.921593 -0.101603 0.374624
v 60.9064 2.12003 15.165
vn -0.975254 -0.220224 -0.0195311
v -73.3548 2.59266 14.1183
vn 0.565142 0.792818 0.228154
v 26.6488 10.7755 14.8748
vn 0.561348 0.762225 0.322337
v 27.1885 11.6763 12.1226
vn -0.197687 0.974721 0.104109
v 47.823 11.6633 12.7413
vn 0.810068 0.497569 0.310185
v 23.6998 15.6326 11.7477
vn 0.996344 -0.0512557 0.0683486
v 22.524 22.3528 9.99987
vn -0.961184 -0.131032 0.24281
v -78.1483 27.7053 16.4822
vn 0.0543714 0.700893 -0.711191
v -2.76463 52.5857 12.6584
vn 0.0830404 0.730417 -0.677935
v -6.34982 53.2422 13.0638
vn -0.906167 0.417069 -0.0701084
v -75.1571 61.2309 17.3746
vn 0.667499 0.081737 -0.740111
v -39.9261 79.744 12.766
vn 0.602645 -0.198897 -0.772825
v -38.2538 89.2228 13.7185
vn 0.561586 -0.366441 -0.74185
v -32.6819 101.564 13.0947
vn -0.701612 0.698421 -0.141243
v -55.9294 97.5643 12.3587
vn 0.538279 -0.249406 -0.805017
v -28.7975 106.605 13.3382
vn -0.234507 0.874064 -0.425463
v -34.8323 111.27 16.2355
vn 0.108509 -0.868797 0.483133
v 83.3028 -79.7552 14.8596
vn -0.171329 -0.775941 0.607093
v 43.0003 -76.6633 15.0653
vn -0.406886 -0.486541 0.773125
v 19.4042 -64.3332 15.5762
vn 0.611071 0.055871 -0.789602
v 102.686 -65.6385 13.7736
vn -0.281784 -0.730579 0.621975
v -19.9219 -52.7454 15.0241
vn -0.525338 -0.740367 0.419377
v -40.7597 -40.0359 15.656
vn 0.665307 0.431978 -0.608901
v 76.6713 -16.2446 15.1093
vn 0.0997661 0.914004 -0.393248
v 58.4669 -3.43997 14.2034
vn 0.842533 -0.420821 0.336226
v 60.2272 -0.0970215 15.2329
vn 0.918467 0.240823 0.313723
v 60.9557 4.2115 15.2687
vn -0.252404 0.949864 0.18453
v 42.9363 9.544 17.0957
vn 0.877065 0.477757 0.0500557
v 23.8289 14.087 15.6165
vn -0.99796 0.0382707 -0.051105
v -79.7019 45.4567 14.3318
vn 0.795783 0.254383 -0.549563
v 26.0463 47.774 17.8502
vn 0.505134 0.469474 -0.724178
v 22.8729 49.7685 15.2746
vn 0.156139 0.675064 -0.721047
v 13.5193 50.6103 12.1161
vn 0.0544402 0.710512 -0.701577
v 5.11733 52.4033 13.1615
vn 0.204754 0.716831 -0.666506
v -19.409 55.5385 12.6852
vn 0.12497 0.710877 -0.692125
v -11.5177 55.2238 14.2797
vn 0.334881 0.589761 -0.734872
v -26.7921 58.5591 12.7321
vn 0.585308 0.201757 -0.785308
v -37.6251 73.8415 13.8217
vn 0.609246 0.027405 -0.792507
v -37.4945 83.3847 15.1914
vn 0.664135 -0.0668128 -0.744621
v -40.1757 84.6181 12.7803
vn 0.564749 -0.122036 -0.81619
v -37.2627 86.3888 14.9981
vn -0.870794 0.490863 -0.0277715
v -61.1775 89.4546 10.8709
vn 0.599111 -0.305929 -0.739914
v -37.2002 95.5858 12.3363
vn -0.593356 0.791552 -0.146197
v -49.4942 102.666 12.4096
vn 0.536196 -0.36819 -0.759559
v -29.8893 101.509 15.0996
vn -0.0631135 0.773645 -0.630468
v -33.6568 109.319 12.3987
vn 0.334788 0.212354 -0.918054
v -25.5515 111.013 14.7927
vn 0.048781 -0.894811 0.443772
v 76.7538 -80.6269 14.2007
vn 0.156643 -0.812301 0.56181
v 93.5638 -76.2009 18.1102
vn 0.934601 -0.328498 -0.136419
v 103.104 -73.8232 14.7676
vn -0.398692 -0.512954 0.760212
v 12.4208 -59.2741 14.9959
vn -0.376124 -0.485738 0.789043
v 13.9966 -57.9789 16.8186
vn -0.16532 -0.749832 0.640641
v -14.1055 -55.171 14.1764
vn 0.0189459 -0.814216 0.580252
v -6.25664 -56.1539 13.7824
vn 0.0206533 -0.73526 0.677471
v -4.44815 -54.0076 16.2714
vn -0.35964 -0.581083 0.730069
v 8.7646 -55.0589 16.121
vn -0.0953605 -0.725686 0.681386
v -12.3745 -53.8288 16.3332
vn 0.498443 0.0914688 -0.862084
v 103.553 -55.9173 14.6271
vn -0.228619 -0.721486 0.653599
v -19.6079 -51.2021 16.9628
vn 0.427049 0.156893 -0.890513
v 101.831 -48.9048 14.8665
vn -0.447811 -0.730532 0.515546
v -37.8767 -41.0735 17.0037
vn 0.428623 0.294852 -0.854017
v 99.0876 -39.3501 15.442
vn 0.48225 0.429931 -0.763278
v 84.8551 -28.4218 14.7164
vn -0.896197 -0.372268 0.241347
v -58.4771 -22.8278 16.6781
vn 0.515934 0.357716 -0.778364
v 79.2628 -21.3922 14.9131
vn -0.826413 -0.557014 0.0823244
v -61.6972 -15.3037 15.615
vn -0.722053 -0.682226 0.114924
v -64.8908 -11.9686 15.9833
vn 0.309483 0.916609 -0.253076
v 63.9172 -4.21319 15.6332
vn -0.0339553 0.992579 0.116769
v 37.6174 9.16326 14.4062
vn -0.244552 0.963999 0.104402
v 43.6125 10.3142 13.3867
vn 0.931672 -0.312128 -0.185912
v 23.4579 25.0199 13.3606
vn 0.936536 -0.0790744 -0.341538
v 27.3337 33.9794 16.5764
vn 0.208877 0.577283 -0.789376
v 17.0217 55.4655 17.0305
vn 0.0479248 0.718377 -0.694001
v -4.72282 55.2778 14.9802
vn 0.0509946 0.672016 -0.738779
v 10.1025 54.4527 15.3714
vn 0.394659 0.431269 -0.811327
v -28.9399 63.1347 14.6372
vn -0.879344 0.473904 0.046584
v -64.657 82.9276 14.3224
vn -0.854369 0.519611 -0.00767145
v -59.7087 92.4161 13.6755
vn -0.765379 0.643097 0.0249369
v -56.2107 97.4373 15.0956
vn -0.573311 0.811654 -0.111946
v -45.8162 106.307 16.9028
vn 0.138541 -0.829279 0.541389
v 88.525 -77.0958 17.8045
vn 0.715312 -0.649647 0.257463
v 102.849 -73.238 17.7767
vn 0.899958 -0.371762 -0.227748
v 104.789 -70.6441 16.5787
vn -0.304558 -0.624959 0.718798
v 34.1242 -70.8708 17.3156
vn 0.786176 -0.11857 -0.606521
v 104.872 -68.184 15.6122
vn -0.314393 -0.558153 0.767868
v 25.4736 -66.9648 16.5849
vn 0.538196 0.175194 -0.82441
v 105.352 -47.6447 16.574
vn 0.349527 0.438077 -0.828202
v 92.2535 -32.6863 15.3533
vn 0.357549 0.456058 -0.814966
v 89.1823 -29.184 16.3394
vn -0.764553 -0.570882 0.299253
v -56.1728 -27.0856 16.6178
vn 0.399384 0.288138 -0.870327
v 84.9691 -23.0985 17.1262
vn 0.370827 0.375683 -0.849323
v 81.601 -18.3079 17.1943
vn 0.665423 0.723448 -0.183946
v 71.2612 -8.02484 16.6283
vn 0.240259 0.964719 0.10767
v 29.4011 9.49536 15.7894
vn 0.18668 0.96753 0.170399
v 53.1375 11.8289 14.7457
vn -0.974722 -0.207047 0.0839539
v -74.9953 10.5501 19.1723
vn -0.968556 -0.215507 0.12432
v -76.3548 16.396 15.0671
vn -0.977551 -0.123743 0.170534
v -76.3106 20.8445 19.629
vn 0.923927 -0.230413 -0.305399
v 27.7362 29.6592 20.6468
vn -0.970155 -0.124305 0.208201
v -79.2588 35.2711 17.5761
vn 0.0614948 0.691562 -0.719694
v 2.96935 54.6589 14.883
vn -0.956604 0.277579 0.0886481
v -78.6897 53.5573 18.2066
vn 0.0357337 0.687158 -0.725628
v 0.792339 56.9942 17.28
vn 0.208131 0.630216 -0.748004
v -17.0335 57.0674 15.2313
vn 0.35968 0.42401 -0.831171
v -26.1149 64.1307 16.2729
vn 0.454543 0.32185 -0.830544
v -31.0047 69.0329 15.9942
vn 0.519128 0.172269 -0.837155
v -35.5383 75.9103 15.6285
vn 0.504983 -0.0232313 -0.862817
v -35.2189 82.0047 16.7047
vn 0.519288 -0.174776 -0.836537
v -33.4225 92.001 16.3106
vn 0.560041 -0.295606 -0.773932
v -32.8755 95.7551 15.5773
vn -0.692452 0.720103 0.0442927
v -50.9477 101.998 20.5613
vn 0.510064 -0.328156 -0.795078
v -26.9139 104.623 15.4555
vn 0.411135 -0.181697 -0.893283
v -22.8947 109.524 15.998
vn -0.41713 0.878605 -0.232501
v -39.9407 109.825 17.0834
vn 0.380725 -0.0930857 -0.919991
v -19.8335 111.324 16.8483
vn 0.218105 0.30259 -0.927831
v -22.9387 112.521 16.0265
vn -0.0268891 0.756139 -0.653858
v -27.7701 111.708 14.9218
vn -0.0502091 0.758899 -0.64927
v -23.5589 114.35 17.4272
vn 0.207227 0.4264 -0.880477
v -19.9865 114.151 17.3409
vn -0.0986023 -0.869023 0.484847
v 64.9942 -79.5394 16.4788
vn -0.18215 -0.799917 0.571799
v 60.8677 -78.2971 17.3476
vn 0.0155557 -0.828788 0.559347
v 71.4945 -79.3403 17.0507
vn -0.184872 -0.775849 0.603225
v 54.5523 -76.0969 17.8381
vn 0.0941051 -0.809528 0.579489
v 84.378 -77.5923 18.1721
vn 0.371788 -0.724272 0.580692
v 102.364 -72.0756 20.2146
vn 0.877184 -0.471426 -0.0911366
v 106.36 -68.5446 18.9017
vn 0.80945 -0.175068 -0.560483
v 106.866 -64.8431 17.2347
vn 0.930988 -0.359358 -0.0642078
v 107.34 -66.5841 19.1523
vn -0.354674 -0.453973 0.817383
v 21.1351 -61.457 18.1267
vn 0.577134 0.0410045 -0.815619
v 105.073 -55.7653 15.3965
vn -0.316409 -0.525889 0.78951
v 12.651 -54.4871 18.3768
vn 0.681837 0.0517118 -0.729674
v 106.869 -52.2077 16.9505
vn -0.0736617 -0.71289 0.697396
v -12.1497 -51.7619 18.1071
vn 0.60466 0.313537 -0.732175
v 103.987 -42.2585 17.1914
vn 0.449158 0.472558 -0.758252
v 97.2146 -32.6194 17.6079
vn -0.802334 -0.588655 0.098719
v -62.2808 -14.2195 18.6762
vn 0.514942 0.856612 -0.0324156
v 69.5016 -6.47621 18.0215
vn 0.350181 0.934429 -0.0649334
v 60.765 -2.61493 18.1084
vn -0.972409 -0.216866 0.0859659
v -73.7783 4.36419 19.7161
vn 0.910664 -0.256292 -0.324046
v 25.4861 29.3506 14.4628
vn -0.989197 -0.0247311 0.144494
v -79.7176 38.4014 16.1121
vn -0.992738 0.0865988 0.0835029
v -79.7922 49.4453 16.6256
vn 0.174288 0.599172 -0.78142
v -12.9871 58.1588 16.7822
vn 0.0672023 0.688767 -0.721862
v -7.27171 56.8182 16.7614
vn -0.911534 0.386974 -0.13913
v -77.7227 55.3677 15.7826
vn -0.902072 0.429645 -0.040869
v -73.4558 64.7994 17.5623
vn -0.877752 0.473412 0.0737075
v -65.8092 80.1758 17.8233
vn -0.863073 0.484668 0.14213
v -59.7799 91.4053 17.4142
vn 0.522366 -0.342969 -0.780709
v -27.7116 99.6188 17.6588
vn -0.387169 0.862971 -0.324625
v -41.1722 108.699 15.4463
vn -0.261083 -0.600563 0.755751
v 40.2594 -69.9557 20.5749
vn 0.863543 -0.140958 -0.484174
v 108.402 -61.9508 19.0995
vn -0.142403 -0.672656 0.726123
v 7.47313 -51.7506 18.4844
vn -0.290631 -0.701978 0.6502
v -19.5918 -48.7634 19.5675
vn 0.82437 0.183732 -0.535403
v 108.323 -49.9499 19.0293
vn 0.867883 0.317903 -0.381729
v 106.755 -42.5086 19.7078
vn -0.520645 -0.759151 0.390664
v -45.4669 -35.7245 17.8227
vn 0.615856 0.476639 -0.627326
v 101.283 -34.1034 19.6944
vn -0.703788 -0.604812 0.372674
v -53.5884 -28.2326 19.9145
vn 0.421106 0.496389 -0.759123
v 93.4054 -28.3049 18.779
vn 0.568621 0.373416 -0.73296
v 90.0155 -22.7888 19.6841
vn 0.408195 0.326171 -0.852637
v 88.5269 -24.8026 18.3259
vn 0.417512 0.356271 -0.835916
v 86.7622 -18.3462 18.8295
vn 0.427866 0.678822 -0.596767
v 78.2569 -14.4979 18.2927
vn 0.619707 0.540128 -0.569408
v 87.8861 -17.7675 19.8898
vn 0.30914 0.56361 -0.766013
v 83.3229 -16.0853 18.6498
vn 0.616918 0.744183 -0.256133
v 75.4978 -12.3541 18.9518
vn 0.656201 0.747253 0.104942
v 72.5796 -9.31327 19.8103
vn 0.771095 0.63411 0.0575833
v 58.8361 -2.00822 17.3352
vn 0.16419 0.983559 0.0751865
v 32.604 8.72817 17.6767
vn -0.190518 0.918084 0.347599
v 46.8013 10.2326 20.3848
vn 0.881637 0.28465 0.376417
v 58.6872 5.46806 19.9072
vn 0.576433 0.816315 -0.0368116
v 27.0198 10.3598 16.8349
vn 0.739541 0.63369 -0.226972
v 25.0703 12.4497 18.5796
vn -0.972247 -0.187114 0.14044
v -75.1411 12.5159 21.5744
vn 0.989791 0.137471 -0.0376106
v 22.5742 16.8211 18.1222
vn 0.91079 0.096666 -0.401394
v 27.3121 39.6935 17.1169
vn 0.55481 0.386282 -0.736866
v 23.6912 52.8468 17.7776
vn 0.036518 0.648117 -0.760665
v 6.38479 56.6983 17.2558
vn 0.105876 0.634989 -0.765231
v -7.93926 58.5941 18.1371
vn -0.933881 0.344131 0.0971584
v -75.8292 59.8751 21.9328
vn 0.283975 0.498825 -0.81886
v -21.0994 60.8952 16.2425
vn 0.371297 0.394171 -0.840695
v -24.0236 67.0206 18.7843
vn 0.440599 0.232148 -0.867168
v -28.0874 73.9275 19.3763
vn 0.516685 -0.105785 -0.849615
v -30.1087 86.3069 18.99
vn 0.463517 -0.0821371 -0.882273
v -32.7111 85.2233 17.7603
vn -0.861942 0.492032 0.122316
v -62.1128 86.6469 18.4786
vn 0.505084 -0.202599 -0.838954
v -29.5025 94.39 18.2501
vn 0.542908 -0.28868 -0.788616
v -30.1195 96.8944 17.0749
vn 0.456894 -0.327323 -0.827108
v -18.1675 109.638 18.2488
vn 0.38804 -0.278227 -0.878643
v -14.2069 110.472 19.9888
vn 0.404433 0.0545986 -0.912936
v -17.4393 113.175 17.9635
vn -0.0889001 -0.771585 0.629884
v 63.5458 -76.6596 19.9612
vn 0.00969356 -0.792244 0.610127
v 72.8367 -76.5899 20.341
vn 0.0560023 -0.812679 0.580015
v 80.5639 -77.8973 18.0165
vn -0.199835 -0.707604 0.677763
v 54.328 -73.6453 20.9973
vn -0.127286 -0.728387 0.673239
v 47.3008 -74.074 18.6862
vn -0.208013 -0.674521 0.708344
v 42.6276 -73.3719 18.3556
vn 0.589225 -0.641999 0.490562
v 104.272 -70.7329 20.2464
vn -0.34347 -0.539758 0.768563
v 29.376 -66.8881 18.4448
vn 0.992097 -0.0487107 -0.115634
v 109.96 -57.7471 20.3705
vn -0.334178 -0.453015 0.8265
v 18.0728 -57.1051 18.8773
vn -0.346586 -0.441521 0.82761
v 23.9057 -60.5768 19.731
vn 0.892216 0.084511 -0.443631
v 109.177 -56.0405 19.3236
vn -0.273053 -0.486088 0.830157
v 12.5714 -53.158 19.1749
vn -0.0088302 -0.728098 0.685416
v -2.73819 -51.5786 18.5167
vn -0.157839 -0.736133 0.658175
v -15.9174 -49.8174 19.7198
vn -0.00189911 -0.707295 0.706915
v 0.672452 -50.0756 20.2441
vn -0.380247 -0.677582 0.62952
v -26.1928 -46.586 18.2328
vn -0.408871 -0.744242 0.528137
v -38.5715 -38.1901 20.7069
vn 0.823208 0.469521 -0.319183
v 105.373 -39.4066 20.1092
vn -0.843028 -0.493979 0.212813
v -70.7168 -3.74429 19.0732
vn 0.458983 0.861992 0.215183
v 67.589 -5.91748 21.2506
vn -0.940369 -0.326474 0.0955045
v -73.1147 1.35645 18.2753
vn -0.176439 0.96935 0.170966
v 48.6184 11.3253 17.875
vn 0.879359 0.387639 -0.276521
v 23.2086 15.6933 19.7003
vn 0.903885 -0.0281759 -0.426847
v 23.2507 18.3718 20.91
vn -0.970915 -0.107716 0.213826
v -76.5678 24.9686 20.9541
vn 0.291513 0.58381 -0.757751
v 20.2881 57.6654 19.0235
vn 0.06099 0.643626 -0.762906
v 11.8 58.1018 18.3164
vn 0.109282 0.583938 -0.804409
v -8.35975 60.8024 19.8089
vn -0.89457 0.442959 0.0594198
v -70.1182 71.6254 20.8051
vn -0.883949 0.464686 0.0519671
v -68.4362 75.2558 17.9887
vn 0.49936 0.0544554 -0.864682
v -30.6236 79.7901 18.9514
vn 0.487271 -0.379884 -0.786292
v -23.747 102.066 19.0332
vn -0.283351 0.891942 -0.352352
v -32.5917 113.587 20.3631
vn -0.0453692 0.874427 -0.483032
v -19.6661 116.383 20.07
vn 0.0950962 -0.725892 0.681204
v 84.4073 -73.9714 22.5518
vn 0.219419 -0.770459 0.598539
v 97.8595 -74.0482 19.4547
vn -0.306104 -0.566193 0.765327
v 36.7109 -68.8974 20.0263
vn 0.674712 -0.533682 0.509851
v 105.689 -68.0782 21.672
vn -0.154085 -0.602247 0.783299
v 11.077 -49.9841 20.5265
vn 0.909584 0.373846 0.181374
v 106.768 -41.8633 22.4513
vn -0.381282 -0.722118 0.577208
v -32.5274 -42.2408 19.2975
vn -0.601088 -0.727219 0.33143
v -50.3544 -31.6193 19.1381
vn 0.589209 0.596429 -0.545073
v 98.9928 -31.0438 20.0655
vn -0.833974 -0.456626 0.309807
v -57.8464 -22.2947 19.4739
vn 0.396193 0.794964 -0.459416
v 84.9621 -15.7374 20.0362
vn 0.581487 0.812728 0.0366889
v 74.4416 -11.1992 20.9728
vn -0.882033 -0.346175 0.319656
v -72.2293 1.25162 22.0195
vn 0.0817218 0.976236 0.200712
v 35.8393 8.25763 21.2195
vn 0.557839 0.774349 0.298663
v 56.0165 9.27341 19.2494
vn 0.138986 0.924252 0.355585
v 52.1074 11.158 18.9507
vn 0.931193 -0.277804 -0.236019
v 23.4318 21.6817 18.0596
vn 0.853314 -0.3467 -0.389429
v 26.261 25.5448 21.1222
vn -0.944055 -0.0550266 0.325165
v -78.3229 37.5047 21.4812
vn 0.845048 0.156871 -0.51116
v 27.8528 50.4703 21.8216
vn 0.616854 0.388067 -0.684759
v 25.2553 53.9792 19.5864
vn 0.034775 0.615271 -0.787548
v 2.16827 59.5908 19.2175
vn 0.183397 0.644952 -0.741891
v 19.22 59.9931 21.1201
vn 0.0852154 0.622529 -0.777943
v 14.1804 60.8627 21.1202
vn 0.220127 0.522008 -0.824046
v -14.9245 62.6581 19.5409
vn 0.371309 0.305508 -0.876809
v -22.3065 70.1389 20.7106
vn 0.44515 0.032295 -0.894874
v -28.6507 81.3387 20.4753
vn 0.494222 -0.132363 -0.8592
v -26.5338 89.9188 20.7893
vn 0.502798 -0.224864 -0.834644
v -24.4584 98.0622 20.3211
vn 0.457691 -0.468288 -0.755794
v -17.9758 105.746 20.7729
vn -0.64246 0.765624 0.0326318
v -46.7751 105.66 22.1497
vn 0.340912 0.313215 -0.886383
v -12.0462 114.932 20.5253
vn 0.190486 0.62675 -0.755579
v -15.5769 115.802 19.5137
vn 0.162699 0.783152 -0.600168
v -15.2402 116.574 20.5041
vn -0.031947 -0.686915 0.726036
v 67.9483 -74.8253 22.6012
vn 0.0362651 -0.725463 0.687305
v 75.6065 -75.0841 22.3179
vn 0.168312 -0.707106 0.686784
v 94.3588 -72.5257 22.1332
vn -0.19898 -0.644497 0.738262
v 48.8276 -70.8156 22.119
vn -0.294971 -0.537096 0.790266
v 36.1271 -65.9645 21.8152
vn -0.240122 -0.524291 0.816983
v 40.8236 -66.7534 22.9853
vn 0.869199 -0.360221 0.338723
v 107.806 -63.9771 21.9486
vn -0.3802 -0.474485 0.793921
v 30.362 -63.6191 20.6347
vn -0.335113 -0.493837 0.802386
v 33.8628 -64.9336 21.6248
vn -0.365738 -0.451897 0.813649
v 25.1948 -57.02 22.1598
vn -0.36772 -0.46241 0.806821
v 30.1103 -60.4515 22.6973
vn -0.341452 -0.468899 0.814582
v 21.1769 -52.0282 23.159
vn -0.299536 -0.502992 0.810726
v 14.4301 -51.3251 20.8153
vn -0.0128809 -0.655647 0.754957
v 3.87812 -48.2353 21.7539
vn -0.121424 -0.672861 0.729736
v 10.3873 -48.5879 21.6218
vn -0.342178 -0.672419 0.656329
v -25.9676 -44.1414 21.3739
vn -0.598615 -0.68902 0.408548
v -50.7012 -29.6733 22.3587
vn 0.58105 0.528741 -0.61872
v 93.6214 -24.5427 21.5272
vn 0.634653 0.764215 -0.114853
v 88.2775 -16.9812 22.0592
vn 0.914562 -0.182921 0.360716
v 57.4412 0.64018 22.1908
vn -0.215214 0.876735 0.430138
v 45.4693 9.15689 21.9914
vn 0.738961 0.609144 -0.287889
v 26.5276 12.5731 22.0996
vn -0.973859 0.0321845 0.224862
v -79.3542 47.1605 18.7624
vn -0.945872 0.177819 0.271491
v -78.1664 54.1777 20.2849
vn 0.434127 0.519339 -0.736085
v 22.9477 58.4689 21.3606
vn -0.912461 0.408772 0.0179257
v -73.7447 64.7596 23.6274
vn -0.879153 0.47443 -0.0447836
v -73.1855 65.6113 20.1006
vn 0.265706 0.406512 -0.874156
v -17.2155 67.1171 21.4105
vn -0.878501 0.476825 0.0295728
v -68.0231 75.1998 23.0955
vn 0.384929 0.170782 -0.907008
v -24.9675 75.358 20.993
vn 0.347461 -0.0547438 -0.936095
v -10.4671 113.343 20.8172
vn 0.450217 0.040138 -0.892017
v -6.6187 114.089 22.5238
vn 0.894192 -0.0852932 0.439483
v 109.74 -57.473 21.5856
vn 0.987535 0.151548 0.0425104
v 108.666 -48.2676 21.8204
vn -0.132557 -0.663446 0.736389
v 10.2969 -45.6937 24.4541
vn -0.356652 -0.712332 0.604469
v -30.0864 -41.7095 21.426
vn -0.384125 -0.788099 0.480987
v -38.9521 -35.688 23.95
vn 0.817176 0.551879 -0.16629
v 102.472 -33.6499 22.4977
vn -0.504545 -0.746184 0.434331
v -46.6836 -31.4433 24.0515
vn -0.737136 -0.545682 0.398574
v -54.614 -23.7566 24.2063
vn -0.807688 -0.526611 0.265179
v -58.821 -18.7958 22.4879
vn 0.709906 0.612087 -0.348401
v 91.3779 -19.7452 23.7392
vn 0.515642 0.797068 0.314318
v 69.1947 -7.62552 23.3078
vn 0.436021 0.808829 -0.394565
v 48.7184 -6.44505 15.4446
vn -0.79147 -0.45077 0.412774
v -69.2816 -2.89999 23.6622
vn -0.0831038 0.940126 0.330539
v 39.3954 8.08034 21.9477
vn 0.900855 -0.139537 -0.411084
v 28.3441 26.8875 24.1735
vn 0.94188 0.0623007 -0.330122
v 28.5636 42.7761 21.0652
vn -0.941745 0.0378436 0.33419
v -77.9041 47.2758 23.3481
vn 0.543095 0.47359 -0.693369
v 25.7126 60.0504 23.8367
vn 0.0524357 0.611568 -0.789452
v 7.53735 61.3587 21.2886
vn 0.0384959 0.58506 -0.810076
v -1.95433 61.968 21.1091
vn 0.136447 0.517605 -0.84467
v -6.55929 63.9915 22.0323
vn 0.0433239 0.57897 -0.814197
v 3.82246 64.6475 23.1327
vn 0.328942 0.239008 -0.913604
v -19.9338 72.3476 22.5385
vn 0.411851 0.0858836 -0.907195
v -22.9125 80.0445 22.7197
vn 0.359634 0.056476 -0.931383
v -26.1808 82.5439 21.2542
vn 0.445458 -0.0606238 -0.893248
v -24.4375 88.2771 21.9972
vn -0.834572 0.547262 0.063201
v -61.4325 86.0752 24.0824
vn -0.790183 0.588077 0.17256
v -55.4994 97.2614 19.8672
vn -0.71885 0.689411 0.0892579
v -49.9555 102.44 25.034
vn 0.370646 -0.493018 -0.787118
v -13.8446 106.021 22.8648
vn -0.545218 0.834471 -0.0799764
v -42.115 108.992 20.7319
vn 0.459269 -0.232601 -0.857303
v -6.35818 111.395 23.1775
vn 0.383899 -0.315722 -0.867722
v -10.782 110.686 21.3192
vn -0.49146 0.865253 -0.0990185
v -37.4573 112.026 22.59
vn 0.190318 0.749712 -0.633807
v -9.89655 116.603 22.3136
vn 0.421683 0.457379 -0.782935
v -6.876 116.411 23.2123
vn -0.138547 -0.669148 0.7301
v 61.8007 -74.2951 22.3733
vn -0.0754673 -0.629454 0.773364
v 63.9097 -72.1297 24.2786
vn 0.271728 -0.614288 0.74082
v 100.819 -69.9365 22.7599
vn -0.283602 -0.486746 0.826225
v 37.4825 -65.2425 22.8045
vn 0.954517 0.127182 0.269672
v 109.314 -54.8538 21.9189
vn -0.335652 -0.53068 0.778278
v 22.4099 -49.9261 24.8275
vn -0.138827 -0.691666 0.708749
v -16.381 -47.6281 21.9716
vn -0.0216288 -0.70905 0.704826
v -8.3304 -49.5106 20.997
vn -0.262867 -0.597538 0.757529
v 14.8811 -49.0893 22.5512
vn 0.873907 0.156258 0.460293
v 107.997 -46.2254 23.9564
vn -0.252715 -0.651123 0.715663
v -18.7879 -45.984 22.9719
vn -0.463168 -0.775271 0.429453
v -45.2021 -34.2372 21.0589
vn 0.749538 0.602061 -0.275163
v 99.414 -29.3948 23.6448
vn 0.608432 0.580431 -0.541211
v 96.3003 -28.0832 20.8623
vn 0.701422 0.62767 -0.337694
v 95.9725 -24.3351 24.508
vn 0.444559 0.895742 0.00362217
v 85.7907 -14.9257 26.0116
vn -0.793278 -0.569006 0.216662
v -62.9565 -12.8557 22.5804
vn 0.343152 0.902931 -0.258771
v 80.4078 -13.7927 20.8203
vn -0.748091 -0.51592 0.417357
v -64.2793 -10.1597 23.8725
vn 0.370394 0.928782 -0.0131545
v 76.7977 -12.2422 22.4575
vn -0.774584 -0.582431 0.246565
v -66.9495 -8.22468 20.6181
vn 0.198718 0.887071 0.416674
v 63.0515 -4.93912 24.2195
vn 0.0102289 0.918772 0.394655
v 60.9285 -3.29934 21.4207
vn 0.830168 0.144814 0.538377
v 57.303 4.29611 23.3611
vn 0.385695 0.921964 0.0349346
v 31.0164 9.04577 22.9796
vn 0.194534 0.855815 0.47931
v 37.2621 6.4769 25.2382
vn 0.517602 0.848674 -0.108818
v 29.8262 9.56092 20.0908
vn -0.897036 -0.269854 0.350007
v -73.7041 9.80797 25.2986
vn 0.812012 0.24269 -0.53079
v 26.6408 14.1781 24.1454
vn 0.977016 -0.0320185 -0.210746
v 28.9722 30.605 24.9343
vn -0.942985 0.131784 0.305635
v -75.7665 55.0953 27.1338
vn 0.0726862 0.50077 -0.862523
v 16.142 63.3038 22.9802
vn 0.279877 0.523472 -0.804764
v 21.5501 62.0863 23.1531
vn -0.8834 0.468129 -0.021429
v -70.6959 70.0376 23.3619
vn 0.532919 -0.230485 -0.814171
v -21.4876 96.4195 22.7063
vn -0.768787 0.627279 0.124449
v -52.2851 99.6824 25.2932
vn 0.492721 -0.374108 -0.785664
v -17.6171 102.686 22.8555
vn 0.411668 -0.387108 -0.825031
v -6.67355 109.577 23.6427
vn -0.214578 0.906464 -0.363703
v -24.6215 117.057 23.1277
vn 0.091835 -0.638346 0.764252
v 85.9339 -71.2957 24.8631
vn -0.172074 -0.669734 0.72239
v 54.7945 -70.2227 24.2186
vn 0.42445 -0.533075 0.731897
v 103.84 -66.2783 24.3708
vn 0.664869 -0.270156 0.696394
v 106.559 -63.0269 24.3477
vn -0.370685 -0.471054 0.800438
v 25.7375 -52.9063 24.6227
vn 0.710621 -0.0268007 0.703064
v 107.783 -56.5295 24.1375
vn -0.246238 -0.634982 0.732233
v 16.3275 -47.1967 24.596
vn 0.731547 0.00169277 0.681789
v 107.413 -50.151 24.4019
vn -0.0560374 -0.662314 0.747128
v 8.69839 -44.6252 25.1609
vn -0.272418 -0.689319 0.671288
v -26.8083 -40.403 24.4662
vn 0.865129 0.411671 0.286494
v 103.508 -36.0414 24.1485
vn -0.275688 -0.748825 0.602708
v -30.2743 -37.6822 26.4837
vn -0.445766 -0.757584 0.476821
v -43.485 -31.7718 27.1245
vn 0.885583 0.432786 0.168636
v 100.862 -31.438 25.4035
vn 0.509337 0.85287 0.114845
v 73.2505 -10.6982 22.894
vn 0.465655 0.859835 0.2094
v 71.8203 -10.2517 25.4388
vn 0.656032 0.525427 0.541802
v 55.9522 7.11459 23.554
vn 0.793687 -0.202121 -0.573766
v 25.0057 20.5836 22.8827
vn 0.698652 -0.217329 -0.681655
v 27.4884 22.9637 24.5149
vn -0.966464 -0.109105 0.232472
v -75.221 24.1941 28.5062
vn -0.969599 -0.0784106 0.231798
v -76.4791 31.2037 23.847
vn 0.971555 -0.0490039 -0.231688
v 28.4695 35.8388 20.7667
vn -0.916531 -0.0328673 0.398611
v -75.5765 42.1919 27.5534
vn -0.914842 0.0232944 0.40314
v -76.7941 48.5285 25.6281
vn -0.934096 0.33429 0.125355
v -73.3783 65.5426 26.7147
vn 0.0405765 0.501691 -0.864095
v 10.442 63.7611 22.9887
vn 0.0209072 0.468149 -0.883402
v 6.50739 65.8719 24.0198
vn 0.0548341 0.490117 -0.86993
v -1.78045 65.8337 24.0027
vn 0.142153 0.403034 -0.904077
v 18.5605 66.2237 24.525
vn 0.18101 0.427505 -0.885706
v -6.26324 66.8476 23.755
vn 0.0246324 0.37323 -0.927412
v 16.7742 67.2342 24.754
vn 0.21523 0.388825 -0.895819
v -13.3616 68.9716 23.0719
vn 0.203264 0.324902 -0.923646
v -9.46994 70.9493 24.7561
vn 0.270579 0.273918 -0.922906
v -16.6754 72.039 23.3094
vn 0.31911 0.267811 -0.909091
v -15.8287 75.4005 24.5568
vn -0.858881 0.511788 0.0198931
v -65.1397 80.1901 23.7674
vn 0.381073 0.147832 -0.91265
v -20.0049 81.128 23.9465
vn -0.845396 0.512474 0.150587
v -58.7997 90.5151 23.2317
vn 0.488 0.00275034 -0.872839
v -20.4183 87.8858 24.292
vn -0.834945 0.549506 0.0301435
v -59.2558 89.0578 25.8452
vn 0.493622 -0.161948 -0.854465
v -19.2243 95.8939 24.5899
vn 0.545624 0.0371555 -0.837206
v -2.93583 113.081 24.8113
vn 0.384924 0.650276 -0.654962
v -5.36199 117.675 25.2165
vn -0.109235 -0.639281 0.761175
v 60.9985 -69.7687 26.0508
vn 0.0160545 -0.609481 0.792638
v 77.5712 -72.5103 24.1474
vn -0.23413 -0.615268 0.752747
v 51.4015 -68.7953 24.6248
vn 0.171067 -0.61424 0.770354
v 91.4558 -70.2609 24.8656
vn -0.190077 -0.62543 0.756775
v 56.2148 -68.1913 26.4111
vn 0.212927 -0.563231 0.798394
v 97.8448 -67.5443 25.0046
vn 0.262392 -0.418245 0.86961
v 98.8065 -65.4176 26.3852
vn -0.253488 -0.551698 0.79459
v 43.6891 -64.9273 24.7338
vn -0.263389 -0.563842 0.782757
v 49.7075 -65.8176 26.3323
vn 0.386259 -0.311307 0.86827
v 104.217 -64.4435 25.378
vn -0.295415 -0.520067 0.801412
v 39.1585 -63.1877 24.5528
vn -0.258842 -0.518361 0.815048
v 43.4053 -62.3169 26.6936
vn 0.462929 -0.0928767 0.881516
v 105.384 -58.3094 25.6642
vn -0.339421 -0.466118 0.817023
v 34.5749 -60.0411 24.4993
vn -0.305659 -0.443473 0.842558
v 37.8319 -58.7935 26.8663
vn -0.368355 -0.463229 0.80606
v 29.0977 -55.2076 24.8202
vn -0.331639 -0.438848 0.835121
v 32.5549 -54.8644 26.7645
vn 0.442347 0.0136858 0.89674
v 104.844 -48.7098 26.4988
vn -0.32389 -0.503472 0.801006
v 24.6163 -48.6793 26.6782
vn -0.251994 -0.595387 0.762898
v 19.3415 -46.4736 26.48
vn -0.0674126 -0.645126 0.761097
v -9.43316 -45.3937 24.6478
vn 0.020705 -0.671367 0.740836
v 1.50484 -44.7419 25.0289
vn -0.0233287 -0.609633 0.792341
v -5.16365 -44.3862 25.7916
vn -0.136603 -0.587678 0.79748
v -17.0588 -44.0422 24.9341
vn 0.61847 0.166711 0.767921
v 106.105 -44.1524 25.3181
vn -0.0584416 -0.536443 0.84191
v -8.25389 -41.9244 27.0451
vn -0.267342 -0.61484 0.741957
v -23.1359 -42.1207 24.2919
vn -0.146584 -0.544258 0.826012
v -17.6039 -41.2228 26.791
vn 0.70054 0.205648 0.68334
v 104.315 -40.3482 25.9678
vn -0.186315 -0.638085 0.747084
v -23.6692 -39.3215 26.6416
vn -0.316552 -0.803601 0.504004
v -37.5427 -34.8277 26.5365
vn -0.589992 -0.674576 0.443685
v -50.1184 -28.3146 25.5128
vn 0.798409 0.597065 -0.0778165
v 98.0013 -25.9475 26.2624
vn -0.689367 -0.537184 0.48601
v -52.1126 -23.0705 29.6602
vn -0.742786 -0.494853 0.450987
v -56.1526 -18.1856 28.1328
vn -0.741773 -0.52154 0.421627
v -59.7911 -16.5458 24.1287
vn -0.710402 -0.487247 0.507858
v -60.688 -12.6556 26.7413
vn 0.330635 0.795988 0.507034
v 70.9072 -10.4865 27.3483
vn -0.746836 -0.487034 0.452806
v -66.9819 -5.2707 25.2069
vn 0.455465 0.81794 0.351462
v 59.5696 -4.92275 27.127
vn 0.604861 0.522323 0.6011
v 55.6908 -2.16863 26.8062
vn 0.276137 0.483807 0.830469
v 43.1046 -0.395756 27.3551
vn -0.927068 -0.253044 0.276611
v -73.0719 5.59051 23.2056
vn -0.0978693 0.700441 0.706968
v 44.8837 6.19303 25.7075
vn 0.657453 0.731995 -0.178713
v 29.9529 9.91888 26.3581
vn -0.0774342 0.777504 0.624092
v 50.3869 8.05349 25.3149
vn -0.957141 -0.12535 0.261091
v -75.4041 19.5899 25.949
vn 0.641291 0.206705 -0.73893
v 29.5769 24.3807 26.2461
vn -0.913231 -0.0328484 0.406117
v -77.9503 42.5534 23.0693
vn 0.986275 -0.0129303 -0.164605
v 29.4755 45.1036 24.447
vn 0.632032 0.466379 -0.618892
v 25.4743 61.9249 25.3257
vn 0.455897 0.420754 -0.784298
v 23.2046 65.6823 26.2172
vn 0.015453 0.434161 -0.900703
v 2.13425 68.9646 25.3283
vn 0.439088 -0.00682116 -0.898418
v -18.0459 88.1539 25.553
vn -0.811832 0.560884 0.162289
v -54.3608 97.0103 25.0366
vn 0.43684 -0.189439 -0.879365
v -16.2581 96.3136 25.8126
vn 0.419139 -0.411754 -0.809185
v -14.239 102.959 24.6985
vn -0.577155 0.816101 0.0295126
v -43.0276 108.588 25.0894
vn -0.310991 0.93745 -0.156435
v -30.8365 115.602 25.2937
vn -0.0100062 0.932497 -0.361039
v -14.9572 118.812 25.4571
vn -0.170387 0.959405 -0.224747
v -21.4703 118.824 26.4
vn -0.00149451 -0.623759 0.781615
v 67.7976 -69.585 26.5733
vn 0.0116257 -0.603513 0.797269
v 73.3066 -69.0416 26.8306
vn 0.400359 -0.171279 0.900209
v 103.749 -57.9346 26.4558
vn -0.308237 -0.420116 0.853518
v 37.2987 -54.1644 28.4934
vn -0.360627 -0.458992 0.811957
v 27.4881 -50.9417 26.8362
vn -0.0261124 -0.611298 0.79097
v 6.92197 -42.5749 26.8966
vn 0.526041 0.780983 0.336668
v 86.5578 -16.157 28.5046
vn -0.70558 -0.448883 0.548326
v -64.3839 -3.85236 29.7586
vn 0.336884 0.722711 0.603488
v 65.6356 -8.45672 27.3162
vn -0.750108 -0.391641 0.532875
v -68.2008 -0.7057 27.1858
vn 0.0640682 0.26053 0.963338
v 51.9305 -1.97873 27.9292
vn 0.0754534 0.330662 0.940728
v 46.7666 -1.78716 27.6515
vn 0.252626 0.687579 0.680746
v 52.5148 7.33337 25.9867
vn 0.410268 0.270972 0.870778
v 53.5862 4.99373 26.6746
vn -0.0116814 0.300831 0.953606
v 49.6156 5.46258 26.914
vn 0.761781 0.411765 -0.50014
v 29.1569 11.2439 26.7318
vn 0.592282 -0.180796 -0.785185
v 27.6063 18.7436 25.7994
vn 0.560194 -0.485732 -0.671005
v 31.6749 19.6632 27.3188
vn 0.514331 -0.0633345 -0.85525
v 33.0935 21.9525 27.0439
vn 0.45542 -0.073896 -0.887204
v 28.773 21.8819 25.6348
vn 0.892608 -0.317486 -0.320083
v 33.8388 21.099 28.1463
vn -0.944828 -0.0976 0.31269
v -76.5184 34.0233 24.7897
vn 0.991284 -0.0151593 -0.130869
v 29.5339 38.9214 26.024
vn 0.112617 0.429799 -0.895874
v 18.2295 68.9157 25.4775
vn 0.268817 0.360937 -0.893007
v 19.726 73.0924 27.8347
vn 0.120197 0.381405 -0.91656
v -3.41367 68.1713 24.8144
vn 0.0684204 0.386384 -0.919797
v -0.865422 71.2427 26.5466
vn 0.0194702 0.414199 -0.909978
v 17.7755 70.8663 26.6371
vn 0.00916907 0.371386 -0.928433
v 10.0277 70.8543 26.53
vn 0.205923 0.359126 -0.910288
v -8.04606 73.4676 25.8573
vn 0.28313 0.271393 -0.919882
v -12.0472 77.0388 26.3611
vn 0.419464 0.133508 -0.897901
v -17.7687 82.23 25.2802
vn 0.40159 0.106139 -0.909648
v -14.6225 84.9396 27.0238
vn 0.334608 -0.339333 -0.879142
v -12.1773 101.599 26.356
vn 0.324025 -0.400069 -0.857294
v -5.7719 106.733 25.6957
vn 0.489755 -0.202413 -0.848038
v -1.69012 111.042 25.9341
vn 0.55631 0.149578 -0.817402
v -1.38511 113.856 25.898
vn -0.315542 0.93821 -0.142113
v -27.8624 116.357 24.2372
vn 0.564398 0.5357 -0.628076
v -1.4174 116.989 27.5186
vn 0.131929 0.950415 -0.281614
v -8.22619 120.113 28.505
vn 0.059463 -0.58068 0.811957
v 85.1702 -68.8718 26.9173
vn 0.035184 -0.532387 0.845769
v 70.7583 -67.1845 28.214
vn 0.151248 -0.484468 0.861635
v 89.8814 -66.75 27.6036
vn 0.320421 -0.339694 0.884273
v 97.486 -62.3286 28.0331
vn 0.396535 -0.0995498 0.912606
v 100.748 -57.4159 27.8121
vn 0.380991 -0.0338678 0.923958
v 100.341 -47.184 28.5081
vn -0.310489 -0.466646 0.828153
v 28.1864 -47.9118 28.5892
vn 0.496872 0.0310768 0.867267
v 101.377 -41.8111 28.1869
vn -0.00877998 -0.587699 0.809032
v 0.458509 -42.181 27.3291
vn 0.425323 0.0259535 0.904669
v 102.847 -48.6298 27.0301
vn -0.0806543 -0.571206 0.816835
v -11.8781 -39.4712 28.3641
vn 0.738949 0.217904 0.637552
v 101.217 -35.8204 27.4005
vn 0.831844 0.331535 0.445106
v 99.2501 -28.8736 27.879
vn 0.671129 0.732809 0.112149
v 93.5907 -21.8404 26.7613
vn 0.0649159 0.731287 0.678973
v 53.015 -2.93168 28.3408
vn 0.197625 0.0841145 0.976662
v 42.9384 1.03709 27.1775
vn -0.00285198 0.12418 0.992256
v 48.5936 0.609446 27.2928
vn 0.170348 0.130094 0.976758
v 53.4229 0.550296 27.1873
vn 0.638132 0.155057 0.754152
v 55.1067 1.9112 26.5012
vn 0.135992 0.465165 0.874715
v 40.0969 3.86463 27.1946
vn 0.120177 0.0748699 0.989925
v 42.9696 2.7475 27.1974
vn -0.0304936 0.346446 0.937574
v 44.8685 4.42407 27.071
vn 0.522122 0.634101 0.570354
v 37.2968 4.20608 28.3585
vn 0.73553 0.0631711 -0.67454
v 28.323 15.3378 26.679
vn 0.820652 0.393098 -0.414734
v 33.5552 23.4221 28.0017
vn -0.950802 -0.00462727 0.309765
v -75.2838 31.2798 28.9921
vn 0.994378 -0.0331319 -0.100571
v 29.6177 34.6076 27.3693
vn 0.995305 -0.0961278 -0.0112945
v 29.9979 46.5417 29.5326
vn 0.91471 0.190121 -0.356596
v 29.5219 55.6451 26.3027
vn -0.943265 0.256742 0.210559
v -74.8998 60.0883 26.9282
vn 0.733099 0.362215 -0.575644
v 28.0008 56.792 24.3933
vn -0.00742155 0.319839 -0.947443
v 7.60251 73.6747 27.2127
vn 0.195622 0.320383 -0.926869
v -4.11823 75.9111 27.8147
vn 0.284442 0.253151 -0.924666
v -10.6755 78.5341 27.1149
vn -0.804187 0.588555 0.0829845
v -53.5903 97.136 29.6865
vn -0.683112 0.723784 0.0974424
v -48.3823 103.452 29.5385
vn 0.575561 0.308187 -0.757464
v 1.63763 113.648 28.0499
vn -0.397338 0.917669 -0.00253209
v -29.7227 116.173 30.6985
vn 0.047507 -0.532447 0.845129
v 69.7006 -65.2869 29.2537
vn 0.0487544 -0.475794 0.878205
v 84.6046 -66.1948 28.5721
vn 0.112296 -0.323587 0.939511
v 88.2888 -63.8545 29.124
vn 0.137558 -0.32922 0.93418
v 91.5854 -62.5138 29.1787
vn -0.319284 -0.481829 0.816026
v 44.1532 -58.5503 28.7702
vn -0.292799 -0.432416 0.85281
v 32.7951 -50.6634 28.7064
vn -0.200411 -0.583332 0.787121
v 19.8622 -44.1763 28.277
vn -0.168868 -0.624984 0.762154
v 12.3994 -41.4998 28.5299
vn -0.0698223 -0.642072 0.763458
v 7.31739 -40.0689 28.5048
vn 0.572818 0.0742409 0.816314
v 99.6479 -36.003 28.7807
vn 0.654802 0.581438 0.48287
v 96.9188 -25.3419 27.9529
vn 0.596759 0.573166 0.561569
v 93.382 -22.3488 28.2264
vn 0.603945 0.612683 0.509774
v 89.9912 -19.0285 28.9323
vn 0.30777 0.935867 0.171555
v 82.5033 -13.9624 26.8711
vn 0.235402 0.907666 0.34746
v 78.5016 -13.0372 27.7249
vn 0.281731 0.862246 0.420904
v 74.5121 -12.0111 27.8803
vn 0.202247 0.657984 0.725364
v 70.3668 -11.7803 28.7721
vn -0.678 -0.440647 0.588342
v -62.366 -6.12792 30.4961
vn 0.0881164 0.611077 0.786652
v 48.1835 -2.68644 27.764
vn 0.465157 0.441841 0.767076
v 41.219 -0.211433 28.3023
vn -0.811527 -0.34264 0.47331
v -71.5497 4.77978 25.9812
vn 0.754552 0.585187 0.296996
v 35.862 4.76147 29.6302
vn 0.59158 0.790228 0.159916
v 33.9527 7.42464 26.734
vn 0.754359 0.553777 -0.352524
v 32.4422 8.73476 28.4053
vn -0.958571 -0.162154 0.234195
v -75.1174 15.2355 24.8677
vn 0.948969 0.21029 -0.235025
v 31.8059 14.4683 29.8516
vn 0.766596 -0.0812458 -0.63697
v 30.6508 16.6253 28.7285
vn -0.877163 -0.224541 0.424459
v -73.2122 19.3178 31.949
vn 0.863212 -0.50214 -0.0521651
v 32.1157 18.6935 29.1039
vn 0.68302 0.673665 -0.28224
v 30.6245 25.545 28.0743
vn 0.999493 0.0274055 0.0162334
v 29.5264 30.3674 29.1077
vn 0.999792 0.00296543 0.020173
v 29.6317 38.0985 29.7108
vn -0.922407 0.00139025 0.386217
v -74.8405 45.9874 30.0089
vn 0.964818 0.0197401 -0.262178
v 29.8088 50.0628 25.853
vn 0.868178 0.303782 -0.392408
v 28.032 62.6292 29.4046
vn 0.712732 0.367232 -0.597623
v 26.8322 64.5886 28.6404
vn -0.915848 0.401522 0.0014272
v -69.7505 73.6265 30.6168
vn 0.0705144 0.325061 -0.94306
v -1.43674 75.2664 28.0974
vn 0.0296642 0.298653 -0.9539
v 12.0193 73.3288 27.1184
vn -0.0188343 0.254899 -0.966784
v 7.56089 77.3217 28.7225
vn 0.0954862 0.287091 -0.953132
v 16.0294 77.1521 28.3244
vn -0.871106 0.479959 -0.103989
v -67.8227 75.9994 25.7323
vn 0.10114 0.278264 -0.955165
v 14.0942 79.2162 28.7484
vn 0.284242 0.330432 -0.900012
v 18.646 77.3303 29.0536
vn 0.232642 0.189844 -0.953854
v -8.8462 81.204 28.5345
vn 0.318164 0.0277544 -0.947629
v -12.1982 89.3333 28.4896
vn 0.38153 -0.0948967 -0.919472
v -12.5191 94.3863 27.9577
vn 0.237583 -0.256483 -0.936894
v -8.97168 98.9261 28.5017
vn 0.363295 -0.286779 -0.88644
v -12.5648 98.6951 27.055
vn 0.262832 -0.390201 -0.882419
v -6.20055 102.444 27.3525
vn 0.223512 -0.261378 -0.939002
v -3.05308 101.316 28.7999
vn 0.420697 -0.0589832 -0.905282
v 4.19891 108.896 28.8663
vn 0.406179 -0.219273 -0.887095
v 0.158675 107.185 27.572
vn -0.616825 0.779553 0.108741
v -44.6352 106.781 29.0661
vn -0.415365 0.898573 -0.141556
v -33.6982 114.175 22.845
vn 0.518012 0.770168 -0.372163
v -1.38134 118.137 29.1346
vn -0.194551 0.977281 -0.0840928
v -20.2819 119.211 28.9882
vn 0.305565 0.902889 -0.302358
v -4.36035 119.277 28.2596
vn 0.00801688 -0.583094 0.812365
v 64.2324 -64.8745 30.0689
vn 0.0838751 -0.560679 0.823774
v 72.0941 -62.3583 31.4294
vn 0.0711953 -0.433247 0.898459
v 76.7623 -63.8312 29.987
vn 0.188486 -0.36144 0.913145
v 84.6436 -60.7189 30.673
vn 0.32297 -0.205402 0.923851
v 97.5355 -60.0483 28.9818
vn -0.342116 -0.461512 0.818513
v 46.4685 -57.2201 31.0208
vn 0.235288 -0.207549 0.949507
v 90.7511 -57.0274 30.2722
vn 0.298202 -0.0491402 0.953237
v 96.2294 -45.9427 29.8305
vn 0.167354 -0.164515 0.972074
v 95.7165 -59.6984 29.5367
vn 0.360391 -0.0545053 0.931208
v 94.1404 -47.7237 30.4161
vn 0.313599 -0.034077 0.948944
v 97.7757 -48.138 29.2649
vn -0.246777 -0.53466 0.808233
v 24.052 -44.8231 28.9673
vn -0.243548 -0.435017 0.866859
v 28.4611 -44.47 30.6947
vn -0.159539 -0.597879 0.785549
v 17.7699 -41.3889 29.8496
vn 0.309951 -0.0107092 0.950692
v 98.6323 -44.6654 29.1049
vn 0.228705 0.00945063 0.97345
v 94.9392 -40.7956 30.1933
vn -0.157313 -0.525409 0.836181
v 22.7199 -39.9081 31.7305
vn -0.00772063 -0.619489 0.784967
v 2.05968 -40.0532 28.8389
vn -0.13384 -0.607757 0.782763
v -17.1494 -38.2555 28.4276
vn -0.0527983 -0.608563 0.791747
v -4.61057 -38.7688 29.3363
vn 0.220237 0.0259448 0.975101
v 92.7451 -36.9382 30.4823
vn -0.0750962 -0.666222 0.741963
v -12.2991 -36.9214 30.4894
vn -0.18293 -0.739718 0.647575
v -31.8905 -35.2077 28.4418
vn -0.133756 -0.702464 0.699038
v -23.8613 -34.9131 30.2633
vn 0.232916 0.0498703 0.971217
v 97.3465 -30.0925 29.5687
vn 0.200406 0.0476686 0.978553
v 92.5637 -31.7526 30.5688
vn 0.511105 0.214493 0.832325
v 98.3899 -28.9157 29.2157
vn 0.373293 0.318625 0.871281
v 94.527 -24.9299 29.2449
vn 0.427947 0.26965 0.862642
v 91.8508 -23.2083 30.0831
vn 0.142599 0.458004 0.877438
v 68.2273 -13.7598 30.5583
vn 0.264983 0.739837 0.618405
v 82.5879 -15.492 30.2736
vn 0.122475 0.650645 0.749441
v 76.2566 -14.1745 29.9801
vn 0.226693 0.388908 0.892951
v 62.5888 -13.2466 31.3019
vn 0.32539 0.544475 0.77309
v 62.3943 -9.0577 29.2478
vn 0.509757 0.502352 0.69842
v 60.0095 -7.06616 29.2037
vn -0.875051 -0.242514 0.418895
v -73.0767 14.4081 29.507
vn 0.998402 -0.0293441 -0.0483037
v 31.4353 17.0461 30.093
vn 0.79072 0.581736 0.190642
v 33.4557 24.0886 29.3736
vn 0.96486 0.198513 -0.172154
v 29.8958 27.4148 28.1333
vn -0.925833 0.215672 0.310354
v -72.1419 65.0546 31.9431
vn 0.0574792 0.210244 -0.975958
v 12.0458 81.7212 29.2699
vn -0.816193 0.5713 -0.08629
v -62.3245 85.4076 28.9023
vn 0.160128 -0.0932192 -0.982685
v -8.07632 96.5522 28.9266
vn 0.59124 0.291454 -0.751991
v 4.54401 112.401 29.7481
vn -0.117274 0.980251 -0.159232
v -14.3694 120.054 28.9252
vn -0.185579 -0.622759 0.760086
v 55.8778 -64.9314 28.9242
vn -0.327788 -0.557341 0.762841
v 50.5942 -60.8971 30.2565
vn 0.622707 -0.215496 0.752195
v 92.0794 -52.3047 30.5998
vn 0.527389 -0.0243521 0.849275
v 92.0218 -48.938 31.3445
vn -0.0475198 -0.685184 0.726818
v 6.46839 -37.7807 30.9753
vn -0.0526895 -0.640912 0.765804
v -0.0376999 -37.5046 30.8324
vn -0.121746 -0.767576 0.629289
v -31.3617 -32.4996 32.0114
vn 0.296397 0.0787768 0.95181
v 90.2877 -37.4296 31.1748
vn -0.192282 -0.801977 0.565562
v -36.4311 -32.7318 30.4886
vn 0.243259 0.0437497 0.968974
v 88.8951 -31.1736 31.1232
vn -0.534193 -0.685145 0.495191
v -48.2951 -26.4586 29.9733
vn 0.335693 0.146771 0.930467
v 89.2729 -22.9104 31.1009
vn -0.708755 -0.436263 0.554383
v -57.3265 -12.4618 31.3094
vn 0.120686 0.411056 0.903586
v 68.3269 -16.7136 31.6769
vn 0.131291 0.458282 0.879056
v 81.5663 -16.2339 31.0358
vn 0.454473 0.620659 0.638934
v 57.0975 -5.44693 30.4681
vn 0.3643 0.787167 0.497648
v 43.8103 -2.36966 29.501
vn 0.640148 0.640303 0.424526
v 38.5521 0.475068 30.6624
vn -0.785155 -0.349177 0.511475
v -69.7888 8.45881 31.2934
vn 0.921582 0.213149 -0.32443
v 32.7858 9.86213 29.8105
vn 0.859669 -0.0422214 0.509104
v 30.8521 18.3993 31.8656
vn 0.915387 -0.148286 0.37427
v 33.6264 21.4385 29.626
vn 0.71796 0.210183 0.663594
v 33.1097 23.475 30.4806
vn 0.999704 -0.000211556 -0.0243385
v 30.4341 52.7821 29.3983
vn -0.912642 0.164777 0.374077
v -73.4624 59.1841 31.8608
vn 0.974892 0.164385 -0.150211
v 30.0828 56.851 29.5025
vn -0.916138 0.115076 0.383991
v -74.3992 57.9332 30.3959
vn -0.92509 0.376675 0.0482035
v -71.4926 69.6643 29.4961
vn 0.623845 0.331556 -0.707734
v 24.0713 71.3093 29.6038
vn -0.898466 0.435058 0.0590141
v -68.1753 77.2222 32.1852
vn 0.523858 0.317476 -0.790431
v 22.7465 75.0074 30.1375
vn 0.083937 0.185112 -0.979126
v -1.41484 78.3624 28.9549
vn 0.0047316 0.146444 -0.989208
v 3.19089 79.4947 29.0844
vn 0.335356 0.230617 -0.913429
v 16.6385 85.6474 31.2389
vn 0.193038 0.246358 -0.94976
v 15.8575 82.4484 30.2328
vn 0.158532 0.0869382 -0.983519
v -7.73352 85.026 29.0465
vn 0.140911 0.126379 -0.981923
v 12.4228 85.6826 30.1303
vn 0.0688111 0.0180259 -0.997467
v 8.03173 91.3867 30.0038
vn 0.257891 0.118264 -0.958909
v 12.5477 89.2398 30.664
vn 0.0803795 0.019929 -0.996565
v -5.71178 88.6473 29.7282
vn 0.211026 -0.0231113 -0.977207
v -9.67439 91.0936 29.0748
vn -0.774896 0.631945 0.0134851
v -54.6266 95.2718 36.0281
vn 0.107532 -0.094144 -0.989734
v -1.13854 99.3388 29.1961
vn 0.219224 0.0681705 -0.97329
v 9.46091 94.2792 30.2159
vn 0.283444 0.120207 -0.951425
v 9.71111 98.6271 30.6005
vn 0.293772 -0.113514 -0.949112
v 4.15397 105.499 29.3354
vn 0.363827 0.0859358 -0.927494
v 7.74171 103.489 30.5265
vn 0.240559 -0.0164461 -0.970495
v 5.15109 104.405 29.81
vn -0.324934 0.945674 0.0108295
v -25.8331 117.838 31.7471
vn -0.0133197 0.993581 -0.11234
v -10.6507 120.5 29.4858
vn 0.159672 -0.544025 0.823736
v 79.2106 -60.586 31.1741
vn 0.201606 -0.652126 0.730812
v 85.4977 -57.6256 31.8058
vn -0.347979 -0.451637 0.821544
v 50.1744 -57.5671 32.2112
vn 0.17485 -0.765958 0.618656
v 81.3067 -57.867 32.9379
vn 0.473789 -0.556695 0.682359
v 89.5431 -56.6347 30.9131
vn 0.784505 -0.614454 0.0836531
v 89.4246 -55.6455 32.3318
vn -0.328656 -0.415162 0.848308
v 40.1493 -52.0284 31.0676
vn 0.596576 0.0238112 0.802203
v 90.3667 -50.9186 32.4687
vn -0.332634 -0.397737 0.855079
v 39.659 -47.1146 32.6816
vn -0.296396 -0.415468 0.859963
v 36.0426 -48.8024 31.0247
vn 0.447638 0.115789 0.886687
v 89.0262 -45.3033 32.9376
vn 0.360505 0.0665657 0.930379
v 92.1125 -43.2304 31.0448
vn -0.14378 -0.665603 0.732325
v 12.0296 -38.7127 30.8061
vn 0.343641 0.17869 0.921944
v 85.7343 -35.2301 32.5297
vn -0.0572874 -0.653755 0.754534
v -3.9454 -36.8283 31.0712
vn -0.144973 -0.685939 0.713071
v -20.1243 -35.3658 30.7405
vn -0.0929989 -0.665685 0.740415
v -15.0262 -34.0122 32.9961
vn 0.238426 0.134072 0.961861
v 82.702 -30.5332 32.7178
vn -0.284848 -0.77953 0.557848
v -38.4304 -31.7089 31.2265
vn 0.27039 0.217737 0.937806
v 78.8605 -25.8217 32.8875
vn 0.145165 0.153956 0.977356
v 80.6877 -24.3073 32.083
vn 0.203067 0.141196 0.968931
v 87.3946 -21.5276 31.4639
vn 0.174537 0.276824 0.944937
v 74.1793 -20.0157 32.5718
vn 0.144161 0.232452 0.961865
v 83.3612 -18.4439 31.4825
vn 0.377223 0.443494 0.813029
v 88.0385 -19.028 30.3167
vn 0.144499 0.393588 0.907859
v 63.5299 -18.192 33.658
vn 0.0752186 0.261723 0.962207
v 74.6701 -17.3044 31.7906
vn 0.341567 0.274647 0.898833
v 58.3381 -13.3821 32.6383
vn 0.393152 0.357292 0.847215
v 59.993 -10.1263 30.8796
vn 0.137325 0.832778 0.536305
v 49.0776 -4.69273 31.7392
vn 0.200298 0.732052 0.651138
v 54.1025 -5.07884 31.5099
vn 0.411243 0.394143 0.821906
v 55.4358 -6.80378 32.1832
vn 0.591666 0.676956 0.437792
v 38.623 -1.48093 34.0189
vn 0.764155 0.407014 0.500407
v 30.4975 24.6615 31.6837
vn 0.955196 0.178017 0.236455
v 29.6456 27.0942 31.2347
vn -0.96861 0.0321841 0.246493
v -74.4055 30.6212 32.7977
vn -0.957926 0.074936 0.277059
v -74.0718 35.7365 31.013
vn 0.748188 0.283988 -0.599638
v 25.4958 74.6177 32.5795
vn -0.856342 0.516339 0.00847683
v -65.9831 80.814 33.1925
vn 0.401066 0.146112 -0.904322
v 13.7405 92.906 31.243
vn 0.541151 0.157361 -0.826071
v 6.56177 109.282 30.2824
vn -0.554393 0.828828 0.0754441
v -37.8996 111.631 28.8422
vn 0.627 0.575591 -0.524945
v 5.52176 113.856 31.6788
vn 0.118641 0.983793 0.134447
v -9.24004 120.241 31.6718
vn -0.251114 -0.557968 0.790958
v 54.1422 -60.2899 32.2896
vn -0.0433266 -0.623505 0.780618
v 60.9822 -62.2323 32.2839
vn -0.0389251 -0.516093 0.855648
v 61.2775 -61.178 33.0937
vn 0.238352 -0.924897 0.296233
v 87.1748 -56.8163 32.944
vn 0.979033 -0.0870064 -0.184185
v 90.0995 -55.8158 33.8267
vn -0.359556 -0.402721 0.841746
v 46.1368 -52.9866 32.5305
vn -0.248863 -0.362076 0.898314
v 33.5099 -42.2348 32.802
vn -0.124197 -0.693503 0.709668
v 15.676 -36.8971 33.2311
vn -0.418906 -0.73636 0.531311
v -40.8861 -30.109 31.626
vn 0.372043 0.748433 0.549028
v 43.0187 -4.07981 33.4994
vn 0.905117 0.423837 0.0335519
v 34.11 7.07271 32.0719
vn 0.954153 0.292183 0.0649772
v 32.9881 10.8555 32.3273
vn -0.967117 0.0189153 0.253627
v -73.8347 33.0744 35.2404
vn 0.982646 -0.0761346 0.169148
v 29.3947 43.234 32.9225
vn 0.994257 -0.0442494 0.0974433
v 30.2884 54.558 33.407
vn 0.862722 0.233058 -0.448771
v 28.1203 70.2153 34.317
vn -0.92542 0.27216 0.263679
v -70.2178 71.3288 33.3667
vn 0.535873 0.288763 -0.793383
v 22.0654 81.031 32.0218
vn 0.634823 0.288064 -0.716951
v 22.5588 83.2096 33.0746
vn 0.49993 0.307018 -0.809821
v 19.6803 87.4701 33.1395
vn -0.799298 0.600866 -0.00913506
v -57.9472 91.0225 30.4037
vn 0.522377 0.226167 -0.822175
v 17.0274 91.8437 32.9102
vn 0.44818 0.203579 -0.870454
v 11.4661 102.973 31.8401
vn 0.557577 0.272531 -0.784114
v 10.1994 107.937 32.6498
vn -0.504389 0.861599 0.0569081
v -33.6932 114.14 32.2125
vn 0.44673 0.891844 -0.0710347
v 1.14843 117.299 32.6676
vn -0.185703 0.979904 0.072821
v -21.1462 119.155 33.1748
vn 0.0562777 -0.558148 0.82783
v 68.5021 -60.3649 32.6672
vn -0.211652 -0.421964 0.881561
v 54.5266 -59.0774 33.139
vn -0.142281 -0.285503 0.947757
v 55.0959 -55.833 34.5795
vn -0.337861 -0.400354 0.851802
v 50.0144 -55.4524 33.2807
vn -0.0204114 -0.388134 0.921377
v 64.6224 -58.0511 34.4735
vn 0.0670236 -0.565257 0.822187
v 73.138 -58.4247 34.0185
vn 0.135572 -0.652436 0.745619
v 77.8005 -58.6386 32.9692
vn -0.262111 -0.306542 0.915057
v 48.9144 -51.9175 34.4191
vn 0.434287 0.142624 0.889412
v 86.0669 -52.4728 35.0542
vn -0.309169 -0.353553 0.882845
v 43.1088 -48.3021 33.8951
vn 0.475137 0.0669719 0.877359
v 88.3738 -48.6162 33.7138
vn -0.280443 -0.324432 0.90338
v 37.9691 -42.7324 34.2622
vn -0.0207052 -0.573276 0.819101
v 25.8796 -36.4532 34.5367
vn 0.384976 0.171603 0.906833
v 87.0541 -38.8046 32.7485
vn -0.133725 -0.43458 0.89065
v 29.0605 -39.4141 32.9723
vn -0.0721805 -0.654217 0.752855
v 21.4912 -37.5237 33.233
vn -0.0435332 -0.667964 0.74292
v 1.35642 -35.4511 32.5038
vn -0.107086 -0.700537 0.705536
v 8.22153 -35.443 33.1427
vn -0.128975 -0.693265 0.709048
v 8.52931 -34.4912 34.5142
vn -0.0457552 -0.670332 0.74065
v -1.87381 -34.9346 32.9055
vn -0.12207 -0.437815 0.89074
v 30.9315 -36.3327 34.5923
vn -0.0475727 -0.657842 0.751652
v -8.48523 -33.9423 33.2376
vn -0.0709942 -0.678581 0.731086
v 4.39782 -33.1369 35.1061
vn 0.337709 0.213584 0.916698
v 80.3354 -34.7902 34.8623
vn -0.107554 -0.777983 0.619011
v -27.8671 -30.717 34.6192
vn -0.44954 -0.675797 0.584134
v -45.104 -26.4096 33.5618
vn 0.252775 0.237164 0.938008
v 75.9447 -28.8895 34.5531
vn 0.217544 0.222848 0.95027
v 56.3929 -18.4665 34.7311
vn 0.26417 0.318834 0.910252
v 58.5417 -16.1014 33.2825
vn 0.216513 0.527343 0.821603
v 50.7862 -6.61056 33.8421
vn 0.776212 0.489745 0.397045
v 35.932 1.50881 34.6423
vn 0.678887 -0.0195578 0.733982
v 30.7976 20.1838 32.2655
vn -0.951671 -0.109852 0.286801
v -74.6846 25.7619 31.6597
vn 0.981251 -0.0233289 0.191317
v 29.4757 37.4304 31.8953
vn -0.941368 0.00770066 0.337295
v -73.751 40.0398 31.9922
vn -0.958008 0.0306947 0.285094
v -72.8875 43.4032 34.5261
vn -0.909655 0.0377253 0.413647
v -73.1938 53.3056 32.914
vn -0.651723 0.752856 0.092007
v -45.9326 104.936 34.5168
vn -0.60679 0.792708 0.0584752
v -41.4285 108.029 36.1156
vn 0.673625 0.521057 -0.524146
v 8.97752 111.354 33.587
vn 0.606932 0.760217 -0.23174
v 6.26623 114.416 33.9259
vn -0.0122694 -0.535804 0.844254
v 74.0044 -56.563 35.1651
vn 0.0520266 -0.790994 0.609608
v 80.2602 -56.1849 35.6048
vn 0.751838 0.270943 0.601107
v 89.4461 -54.153 33.742
vn 0.363107 0.113331 0.924829
v 86.0232 -47.5793 34.5376
vn 0.352486 0.154051 0.923051
v 84.2269 -41.9541 34.5765
vn 0.332082 0.247976 0.910071
v 80.509 -31.4089 33.5963
vn -0.0770351 -0.725642 0.683746
v -21.0933 -31.8167 34.3349
vn 0.329819 0.219109 0.918265
v 54.8967 -12.8918 34.0759
vn -0.663458 -0.423439 0.616866
v -61.4989 -2.36991 34.1053
vn -0.710685 -0.394744 0.582326
v -65.8128 2.4473 32.2717
vn 0.840613 0.337196 0.423873
v 33.2491 7.74739 34.4834
vn 0.88655 0.287796 0.362219
v 31.6374 14.9098 31.696
vn -0.880266 -0.167695 0.443857
v -72.823 27.6043 37.0835
vn 0.859616 0.0478725 0.508692
v 28.1452 26.2352 34.5268
vn 0.955923 -0.0107216 0.29342
v 29.1377 31.7168 32.7127
vn 0.922135 -0.0510014 0.383493
v 28.1834 39.1068 35.5548
vn 0.974916 -0.0930263 0.2022
v 29.6675 48.3726 34.3347
vn -0.921719 0.0578236 0.383523
v -72.4012 55.0232 34.8092
vn 0.97831 0.109834 -0.175629
v 30.1321 63.0561 35.9527
vn 0.72471 0.332251 -0.603659
v 23.6782 85.9348 35.5929
vn 0.666012 0.375597 -0.644481
v 18.4365 97.868 35.5747
vn -0.748747 0.65783 0.0814699
v -50.5065 100.604 33.4038
vn -0.719936 0.691345 0.061104
v -49.8275 100.932 37.5229
vn 0.626494 0.280376 -0.727252
v 14.2675 100.165 33.2857
vn 0.451682 0.858607 0.24244
v 4.63688 115.556 36.7184
vn 0.20947 0.926865 0.31152
v -4.1358 117.691 37.4402
vn 0.278001 0.958598 0.061695
v -3.45606 119.179 30.7735
vn -0.0872113 0.992144 0.0896926
v -14.7991 119.978 32.0652
vn 0.24024 -0.966961 0.0852676
v 90.0691 -56.0767 34.5639
vn 0.0796422 -0.896494 0.43584
v 87.0853 -56.2062 35.2838
vn -0.0583859 -0.354099 0.933384
v 65.3406 -55.4032 35.2099
vn 0.503152 0.766111 0.399891
v 90.0803 -55.9896 35.8211
vn -0.151794 -0.26184 0.953099
v 53.0242 -51.7319 35.1197
vn -0.0769831 -0.284561 0.955562
v 59.5226 -54.6853 35.0198
vn 0.445939 0.247772 0.860085
v 84.6889 -53.4255 35.9856
vn -0.0911832 -0.328946 0.939936
v 65.1703 -52.574 36.6201
vn 0.331659 0.172037 0.927581
v 83.2812 -51.4121 36.1264
vn -0.0748353 -0.178191 0.981146
v 64.5529 -49.769 37.1549
vn -0.217918 -0.242205 0.945436
v 47.512 -47.1552 35.0873
vn -0.160821 -0.237185 0.958061
v 54.7211 -48.8153 36.5692
vn -0.206573 -0.150812 0.966738
v 48.5407 -43.1941 36.4856
vn 0.171006 0.150654 0.973684
v 77.1943 -45.7032 36.652
vn 0.237683 0.130103 0.96259
v 81.6154 -41.5511 35.3377
vn -0.176693 -0.208536 0.961921
v 38.9773 -39.7577 35.2619
vn -0.172454 -0.188513 0.966811
v 42.4678 -42.1077 35.2893
vn 0.157984 0.102806 0.982075
v 68.3471 -39.4517 37.248
vn -0.193293 -0.0296073 0.980694
v 46.1916 -38.9808 36.1304
vn 0.219011 0.18625 0.957781
v 77.7193 -32.7777 35.1182
vn -0.193771 -0.306652 0.931889
v 34.7692 -38.1925 34.6912
vn -0.0338643 -0.17696 0.983635
v 36.9177 -34.9783 35.7522
vn 0.159294 0.101182 0.982032
v 75.4865 -37.9873 35.92
vn -0.21296 0.108023 0.971071
v 46.7589 -36.568 36.2649
vn 0.148422 0.101432 0.983708
v 69.8069 -35.2999 36.6743
vn -0.0814504 -0.677514 0.730986
v 18.6342 -34.2824 36.4332
vn 0.0846981 -0.54834 0.831955
v 27.3511 -33.2237 36.6209
vn -0.11718 0.101622 0.987898
v 55.4917 -26.5934 36.1335
vn -0.015616 -0.38843 0.921346
v 33.0089 -34.3116 36.0099
vn 0.0956664 -0.245681 0.964619
v 39.5991 -31.7417 36.5245
vn -0.209227 0.203408 0.956477
v 51.6205 -31.8865 36.371
vn -0.0293033 -0.619025 0.784825
v -12.8023 -29.9956 36.6749
vn -0.0496276 -0.711576 0.700854
v -26.0913 -29.8697 36.1191
vn 0.146908 -0.17176 0.974123
v 44.3746 -29.3975 36.3839
vn 0.17317 0.165263 0.970927
v 70.9149 -30.5531 35.8315
vn -0.260976 -0.706586 0.657744
v -38.1863 -29.1304 34.5346
vn -0.0735462 0.0281359 0.996895
v 45.9418 -35.5547 36.045
vn -0.376336 -0.635867 0.673828
v -42.533 -24.8097 36.5154
vn 0.0931844 0.227716 0.969259
v 63.5134 -22.7827 35.6029
vn 0.110329 -0.146976 0.982968
v 45.7349 -29.8149 36.1149
vn 0.18628 0.27942 0.941926
v 70.3961 -24.0968 34.6743
vn -0.563565 -0.576604 0.591543
v -48.8031 -23.2145 33.5627
vn -0.667903 -0.454609 0.589267
v -50.9602 -20.1293 33.8413
vn 0.2217 -0.117638 0.967993
v 47.9519 -22.9639 36.7208
vn 0.102314 0.240663 0.965201
v 55.4648 -20.8532 35.2323
vn 0.150182 0.375195 0.914699
v 65.1456 -21.6031 35.053
vn -0.521325 -0.507844 0.685795
v -46.7629 -21.0886 37.0636
vn 0.0838911 0.0651279 0.994344
v 52.9758 -22.6928 35.8233
vn 0.266373 0.14656 0.952662
v 52.9918 -15.3957 35.0193
vn -0.670702 -0.418942 0.612084
v -56.2838 -9.25089 34.379
vn 0.479859 0.312369 0.819854
v 47.2185 -10.8509 36.6516
vn 0.319764 0.488322 0.811968
v 48.2683 -6.82036 34.4527
vn 0.378465 0.605378 0.700201
v 41.9564 -5.59507 35.9294
vn -0.652883 -0.393278 0.64736
v -61.4769 1.64326 36.6526
vn 0.570409 0.596727 0.564403
v 38.8691 -3.05025 35.7037
vn -0.796148 -0.299362 0.525862
v -69.718 12.4881 34.0905
vn -0.69566 -0.352994 0.625662
v -67.5356 12.1071 36.7683
vn 0.717688 0.209844 0.663995
v 28.4184 17.4083 35.6104
vn 0.708698 0.0163705 0.705322
v 26.8172 20.0954 36.5925
vn -0.867647 -0.249683 0.429939
v -72.5386 23.5853 35.7294
vn 0.880352 -0.0538417 0.471255
v 27.9254 35.0817 35.7853
vn -0.950676 0.071915 0.301735
v -71.9815 46.5124 37.2403
vn -0.936874 0.0721059 0.342151
v -71.5804 50.4294 37.3923
vn 0.997658 0.0471012 -0.0495961
v 30.3957 59.0921 34.6518
vn 0.933402 0.158528 -0.321915
v 29.8286 70.3173 38.1485
vn 0.804198 0.259119 -0.534904
v 24.9588 82.106 35.4837
vn -0.800931 0.597234 -0.0426739
v -62.6222 85.8123 34.5523
vn 0.690797 0.719477 -0.071775
v 10.23 111.472 36.3078
vn 0.735556 0.463514 -0.494077
v 12.7801 108.059 35.4577
vn 0.0755836 0.960576 0.267545
v -10.2618 119.509 35.7558
vn -0.134629 -0.149874 0.979496
v 53.7643 -44.3816 37.0826
vn 0.104085 0.106773 0.98882
v 74.8476 -47.1882 37.3011
vn -0.171629 -0.0546879 0.983643
v 50.0148 -40.1073 37.1022
vn 0.153307 0.107358 0.982329
v 73.2297 -42.0246 36.6935
vn 0.127207 -0.416684 0.900107
v 36.271 -30.9643 36.9179
vn 0.104997 0.145966 0.983702
v 65.9528 -29.5786 36.5962
vn 0.23882 -0.27303 0.93189
v 43.1191 -27.5986 36.9018
vn -0.0631093 0.166132 0.984082
v 57.7321 -26.141 36.3282
vn 0.336214 -0.00193042 0.941784
v 49.6857 -19.1062 36.4034
vn -0.673786 -0.381269 0.632967
v -52.0425 -15.3894 35.8672
vn 0.476812 0.189138 0.858416
v 49.1464 -14.2284 36.4175
vn -0.655479 -0.388831 0.647425
v -54.6934 -8.34127 36.9037
vn 0.316526 0.474231 0.821533
v 44.3932 -7.17563 36.4343
vn -0.631528 -0.426355 0.647606
v -58.2006 -3.93615 36.4085
vn 0.495999 0.496736 0.712206
v 37.2294 -3.95765 38.0247
vn -0.661528 -0.395662 0.63705
v -63.4312 4.03268 36.1561
vn 0.645024 0.311365 0.697851
v 32.2179 7.54676 36.2014
vn -0.904927 0.141836 0.401235
v -71.7833 61.0229 34.7705
vn -0.864419 0.487211 0.124117
v -64.412 83.2189 37.4132
vn 0.714222 0.293916 -0.635217
v 21.5891 91.2199 36.1003
vn -0.75806 0.651765 -0.0233903
v -57.2894 92.1811 37.0197
vn 0.523504 0.78326 0.335331
v 8.76362 112.316 38.3331
vn -0.374997 0.921202 0.103753
v -28.3614 116.501 35.5476
vn -0.239844 0.961513 0.134046
v -21.7555 118.534 36.5855
vn 0.0744294 -0.583962 0.808362
v 87.4914 -55.5691 36.056
vn -0.893535 0.298552 -0.335352
v 90.123 -55.8847 36.0315
vn -0.00238573 -0.484906 0.874563
v 79.6536 -55.0572 36.6309
vn 0.245406 0.122672 0.961628
v 84.673 -54.5961 36.3692
vn -0.0766616 -0.384028 0.920133
v 72.9238 -53.1196 37.0685
vn -0.0265238 -0.129085 0.991279
v 70.4645 -50.9072 37.402
vn 0.0355732 -0.133397 0.990424
v 79.07 -53.5616 37.3495
vn 0.183597 0.126186 0.974869
v 78.7232 -51.238 37.2401
vn -0.0816551 -0.166033 0.982734
v 59.6249 -47.5769 37.1828
vn -0.0935151 -0.0811553 0.992305
v 54.1127 -41.5152 37.6394
vn -0.00904025 -0.0456224 0.998918
v 67.74 -47.7697 37.6792
vn 0.105694 0.0726847 0.991739
v 70.478 -44.047 37.3222
vn -0.212532 0.0891439 0.973079
v 49.9013 -36.8941 37.0809
vn 0.0948586 0.079408 0.992319
v 64.7613 -37.4414 37.6811
vn -0.113767 0.112306 0.98714
v 53.6996 -33.4794 37.3294
vn -0.132376 -0.629632 0.765532
v 12.1006 -33.0323 36.2961
vn 0.0376972 -0.633754 0.772616
v 22.1778 -33.6278 37.1213
vn 0.115188 0.110949 0.987128
v 64.952 -32.6968 36.9228
vn 0.00444416 0.108965 0.994036
v 58.314 -30.3423 37.2523
vn -0.0935042 -0.569953 0.81634
v 5.04953 -30.7964 36.7824
vn -0.0389006 -0.580262 0.813501
v -4.85334 -30.5475 36.6569
vn -0.226074 -0.694078 0.683481
v -35.0213 -27.6346 36.7482
vn 0.0250312 -0.585949 0.809961
v -18.2521 -25.9264 39.7091
vn -0.223973 -0.655086 0.721594
v -36.707 -25.5704 38.5777
vn 0.377158 -0.218519 0.900001
v 44.6921 -22.6822 37.6651
vn -0.397544 -0.554586 0.731022
v -43.1153 -21.7619 39.0056
vn 0.374186 -0.124797 0.918918
v 47.1281 -19.9184 37.2415
vn 0.410073 0.354548 0.840319
v 44.2662 -11.1907 38.4628
vn 0.408807 0.363061 0.837296
v 39.5865 -9.19867 40.0422
vn 0.583358 0.393674 0.710432
v 34.2565 1.44291 36.6249
vn 0.395094 0.347275 0.850471
v 25.2156 5.78631 38.8352
vn 0.307062 0.245451 0.919492
v 27.2689 5.14388 38.1157
vn 0.353266 0.237447 0.904888
v 31.4992 4.82218 37.1934
vn 0.389549 0.121941 0.912898
v 27.506 13.0752 37.1855
vn 0.510128 0.240472 0.825798
v 30.0715 10.5969 36.527
vn 0.564157 0.104286 0.819055
v 22.7487 8.86478 38.9594
vn 0.40366 0.0892118 0.910549
v 23.4164 10.3853 38.444
vn 0.656132 -0.111613 0.746346
v 22.8008 15.8598 39.0841
vn 0.467992 -0.00413958 0.883723
v 24.9159 17.5552 37.6681
vn 0.712822 -0.131466 0.688913
v 24.6002 22.3923 39.2103
vn 0.808961 -0.0686542 0.58384
v 25.5546 29.4698 38.5807
vn -0.907662 0.163183 0.386679
v -69.1459 62.8909 40.0931
vn 0.99207 0.0521371 -0.114364
v 30.5245 67.3835 39.8709
vn -0.900987 0.370866 0.225123
v -66.4659 78.5963 37.3969
vn 0.808638 0.415279 -0.416712
v 20.9294 96.7562 37.8045
vn 0.779066 0.507796 -0.367695
v 16.2451 104.562 38.0833
vn -0.528752 0.846849 0.0571682
v -34.453 112.927 38.6746
vn -0.426384 0.882413 0.198856
v -31.8201 114.395 39.711
vn 0.272744 0.905963 0.323793
v 1.37735 116.475 37.3085
vn -0.145925 -0.490063 0.859386
v 10.1086 -28.4449 39.344
vn 0.139389 -0.58504 0.798936
v 29.8553 -30.2184 38.7594
vn -0.0942882 -0.693766 0.714002
v -29.0949 -27.5467 38.3269
vn -0.576677 -0.39479 0.715251
v -47.9474 -16.1947 39.4893
vn 0.461314 0.0854974 0.883108
v 44.7468 -13.8927 39.0221
vn -0.626744 -0.337906 0.702148
v -50.6225 -10.7214 39.4706
vn 0.418029 0.457554 0.78479
v 33.5559 -1.11621 38.7632
vn -0.616322 -0.396956 0.680127
v -58.3856 1.33808 39.4511
vn 0.373656 0.471251 0.798939
v 27.2527 -0.216193 40.9533
vn -0.764892 -0.285072 0.577645
v -69.3337 19.6411 38.141
vn -0.959544 0.0881623 0.267402
v -72.7064 39.1679 37.8472
vn 0.855023 -0.0965153 0.509529
v 26.6047 36.817 38.3757
vn -0.80623 0.585747 0.0830296
v -61.3455 87.5851 39.2101
vn -0.580996 0.811698 0.0599166
v -38.3527 110.315 36.5762
vn 0.168011 0.905539 0.389579
v -8.21809 117.89 39.1504
vn -0.0765983 0.974865 0.209216
v -18.2728 118.707 38.3574
vn 0.0772566 0.937472 0.339378
v -12.319 118.328 39.3115
vn -0.0788956 -0.598194 0.797458
v 18.5703 -31.7581 38.4376
vn 0.040366 -0.533886 0.844593
v 24.2023 -29.6008 39.9014
vn 0.160762 -0.596528 0.786327
v 29.5735 -28.4429 39.9989
vn -0.0886052 -0.510702 0.85518
v 4.81002 -27.2999 38.988
vn -0.0750677 -0.467332 0.880889
v 16.939 -28.9776 40.3241
vn -0.00925235 -0.49819 0.867019
v -8.46682 -26.7221 38.705
vn 0.255314 -0.462212 0.84922
v 37.3442 -27.6776 38.7032
vn 0.0242325 -0.55383 0.832277
v -21.6729 -24.5871 40.6183
vn 0.0253208 -0.550107 0.83471
v -11.6048 -26.2272 39.161
vn -0.0708817 -0.462444 0.883811
v 3.31727 -24.5378 40.3724
vn 0.376122 -0.296845 0.877733
v 42.1836 -23.7356 38.6928
vn 0.428027 -0.168626 0.887895
v 42.3066 -18.9697 39.9421
vn 0.38765 0.0818508 0.918165
v 42.4627 -14.0619 40.2795
vn 0.370838 0.409625 0.833479
v 29.3504 1.7264 39.0543
vn 0.417981 0.42368 0.803609
v 24.3041 2.46663 40.779
vn -0.637787 -0.367033 0.677137
v -63.4149 8.20786 38.4673
vn -0.639687 -0.350986 0.68382
v -64.763 14.0116 40.2405
vn -0.960897 0.0490257 0.272531
v -72.8889 35.8568 38.1541
vn 0.94954 -0.123783 0.288186
v 29.1846 49.3201 36.6597
vn 0.997078 -0.0523207 0.0556635
v 30.4288 61.1871 38.1042
vn -0.901175 0.184432 0.39226
v -68.6413 70.3279 38.2283
vn 0.917751 0.288874 -0.272553
v 26.6596 82.6512 39.0718
vn 0.888203 0.328927 -0.320785
v 24.7428 88.6334 39.551
vn 0.894771 0.3906 -0.216371
v 22.3703 94.2178 39.2021
vn -0.656857 0.732323 0.179562
v -47.7683 102.448 42.7848
vn -0.620629 0.784031 0.0107204
v -39.6299 109.606 40.799
vn -0.31325 0.903044 0.293915
v -27.1147 116.137 40.1465
vn -0.241162 0.938193 0.248264
v -23.5992 117.807 38.6629
vn -0.109761 -0.39895 0.91038
v 18.304 -26.8549 41.176
vn -0.105619 -0.400851 0.910035
v 12.7266 -24.9672 41.1173
vn -0.0760496 -0.605998 0.791822
v -28.7431 -24.9878 40.3478
vn -0.150434 -0.600806 0.785112
v -34.4665 -23.6332 40.503
vn -0.0190395 -0.488347 0.872442
v -2.86198 -23.2893 40.8152
vn 0.429303 0.464254 0.774704
v 33.1539 -3.69985 40.3575
vn 0.612029 0.196497 0.766035
v 20.7663 7.32313 40.8344
vn 0.714469 -0.0578309 0.697273
v 21.2146 14.2523 40.4217
vn -0.87914 -0.138841 0.455891
v -72.1512 30.5998 39.5377
vn 0.893862 -0.133916 0.427875
v 27.8143 44.8874 37.9138
vn -0.928231 0.112354 0.354631
v -69.6372 53.7232 42.0016
vn 0.934786 -0.183777 0.303976
v 28.9286 55.0985 39.5818
vn 0.973838 0.215296 -0.0727168
v 29.9891 73.105 41.1042
vn 0.913314 0.278864 -0.296805
v 27.9578 78.3793 39.3387
vn -0.771101 0.629669 0.0944434
v -58.4345 90.921 41.4253
vn -0.756196 0.653418 0.0348088
v -53.2354 96.8397 39.9079
vn 0.848095 0.512003 -0.136336
v 20.0284 98.6824 39.14
vn -0.630234 0.764289 0.136627
v -44.6872 105.227 41.1109
vn -0.415737 0.85992 0.296142
v -34.3928 112.32 42.4672
vn 0.313527 0.806339 0.501516
v 0.40362 113.521 42.992
vn 0.0465641 -0.579451 0.813676
v 23.5623 -28.1153 40.8353
vn 0.0295545 -0.579454 0.814469
v 27.3653 -26.2305 42.4715
vn -0.0910474 -0.458038 0.884258
v 22.2068 -26.196 42.1015
vn -0.0788465 -0.317857 0.944855
v 14.3628 -21.6649 42.7371
vn 0.312055 -0.473333 0.823758
v 33.6159 -24.3662 41.7668
vn 0.0266768 -0.41007 0.911664
v -23.2612 -22.1996 42.317
vn 0.0634989 -0.415242 0.907492
v -16.7736 -21.2196 42.3084
vn 0.0374007 -0.479954 0.876496
v -12.2263 -23.3143 40.7368
vn 0.386491 -0.329023 0.861608
v 38.3752 -22.0804 40.7175
vn -0.28962 -0.549733 0.783527
v -39.0687 -21.5182 41.0305
vn -0.0546525 -0.529385 0.846619
v -31.3808 -22.0485 42.2932
vn -0.061286 -0.429416 0.901025
v 4.55577 -21.7407 41.9062
vn 0.382064 -0.244067 0.891324
v 36.219 -21.3241 42.2925
vn -0.0208601 -0.464275 0.885446
v 1.79198 -20.5117 42.4184
vn 0.387457 -0.0915248 0.917333
v 39.9051 -18.0737 41.0963
vn -0.47656 -0.399392 0.783183
v -46.1373 -13.0855 42.2271
vn 0.345654 0.16351 0.924007
v 39.6407 -13.402 41.0427
vn 0.408341 0.415429 0.81282
v 32.1744 -5.83021 42.318
vn -0.591044 -0.391073 0.705499
v -53.9005 -3.63346 40.302
vn 0.427985 0.377311 0.821258
v 35.7488 -6.76921 40.6507
vn 0.362294 0.447438 0.817644
v 25.8928 -1.06457 42.322
vn 0.393921 0.36824 0.842156
v 21.153 1.62457 42.9021
vn -0.631467 -0.371395 0.680672
v -60.3594 6.7003 40.5648
vn -0.601827 -0.343499 0.720981
v -61.3885 11.3135 42.0989
vn 0.672437 -0.00948471 0.740094
v 19.4054 10.7097 42.4832
vn -0.643762 -0.327032 0.691824
v -66.1222 19.4767 41.7224
vn 0.724395 -0.124066 0.67813
v 22.4641 26.3372 42.1654
vn -0.742996 -0.293327 0.601595
v -68.6512 25.3437 41.7753
vn 0.762954 -0.119497 0.635312
v 22.9182 32.3265 42.7686
vn -0.919287 0.0593678 0.389085
v -69.7132 44.2459 45.375
vn 0.973103 -0.0890707 0.212455
v 30.2624 64.3863 41.7155
vn -0.894014 0.26187 0.363542
v -67.4191 73.4723 39.3233
vn 0.876423 0.435487 0.205509
v 23.2416 92.8671 42.6913
vn -0.720186 0.674711 0.161547
v -51.4659 98.7288 42.5965
vn 0.438586 0.735818 0.51596
v 11.0209 107.47 44.171
vn 0.230672 0.859935 0.455305
v -3.25825 115.643 41.3104
vn -0.014301 -0.354998 0.934758
v 12.8855 -18.7595 43.3069
vn 0.557214 -0.0359567 0.82959
v 16.3211 7.51116 44.2709
vn 0.801419 -0.107304 0.588398
v 24.7055 41.4392 42.2901
vn -0.935403 0.118846 0.333011
v -70.1627 48.2718 42.7097
vn 0.82766 -0.2353 0.509523
v 27.7927 58.6794 44.0322
vn -0.889541 0.20098 0.410274
v -66.9617 68.7277 42.1797
vn -0.871174 0.360233 0.3336
v -63.5792 82.7844 40.9702
vn 0.930355 0.357882 0.0797555
v 24.8471 89.509 42.4575
vn -0.740509 0.648609 0.175935
v -53.9268 95.877 43.4808
vn 0.786776 0.599982 0.14493
v 16.2872 105.178 41.1712
vn 0.629683 0.664499 0.402419
v 14.8584 106.052 42.5009
vn -0.523907 0.826052 0.207749
v -38.548 110.504 41.8767
vn -0.0357741 0.924862 0.378618
v -17.4612 117.922 41.8581
vn 0.202607 -0.488663 0.848622
v 29.3196 -25.5193 42.672
vn 0.306106 -0.331314 0.892485
v 32.9531 -22.1067 43.0225
vn -0.0963867 -0.38103 0.919525
v 23.8926 -23.0856 44.0434
vn -0.154927 -0.293067 0.943456
v 18.1453 -20.4271 43.2357
vn 0.0175255 -0.434891 0.900312
v -13.3984 -19.5242 42.7479
vn -0.0216013 -0.445581 0.894981
v 6.78956 -19.0789 43.2311
vn 0.0372947 -0.432881 0.900679
v -31.5724 -19.654 43.2688
vn 0.0355601 -0.412886 0.910088
v -22.3956 -19.5272 43.0068
vn -0.0224772 -0.444471 0.895511
v -0.245161 -18.168 43.5299
vn 0.370489 -0.136993 0.918679
v 33.6384 -17.9669 43.7571
vn 0.0307555 -0.478475 0.877563
v -15.6587 -18.2337 43.4829
vn -0.00369617 -0.411032 0.911613
v 6.08375 -17.8826 44.1223
vn -0.112272 -0.446198 0.887864
v -35.1048 -18.3311 44.2308
vn 0.0156747 -0.425021 0.905048
v -5.03746 -15.507 44.6216
vn -0.022501 -0.378584 0.925293
v 0.346333 -14.6521 44.9997
vn -0.096901 -0.281 0.954803
v 17.2482 -15.4052 44.7432
vn -0.370579 -0.355211 0.858193
v -42.588 -10.5442 44.8593
vn -0.344977 -0.407738 0.845423
v -40.7565 -17.586 42.791
vn 0.0433253 -0.441031 0.896446
v -12.7717 -15.6667 44.6869
vn 0.415566 0.113163 0.902496
v 36.563 -13.1694 42.4916
vn -0.532637 -0.344135 0.77322
v -47.9411 -7.77158 43.1601
vn -0.537076 -0.359776 0.762962
v -50.9436 1.04022 44.9511
vn -0.566576 -0.367829 0.737356
v -55.6384 2.09745 42.2827
vn 0.50517 0.158127 0.84841
v 19.0343 4.84112 42.9906
vn 0.677186 -0.124984 0.725119
v 17.4379 15.1405 44.4895
vn 0.69654 -0.169779 0.697143
v 20.7626 19.9376 42.2999
vn 0.697438 -0.140113 0.702815
v 20.755 29.84 44.4382
vn -0.875279 -0.0472876 0.4813
v -71.1316 36.4213 42.3034
vn 0.78542 -0.152231 0.599951
v 24.1345 44.8514 43.605
vn 0.961279 0.106456 0.254184
v 29.9576 72.1806 42.919
vn 0.946791 0.291919 0.135536
v 28.267 78.4839 42.6215
vn -0.824496 0.475943 0.306079
v -60.7116 87.3234 42.5369
vn 0.950981 0.305175 0.0500308
v 26.813 83.0317 41.9427
vn 0.824843 0.474625 0.307191
v 20.3167 97.1729 44.7398
vn 0.387423 0.767943 0.510066
v 4.73144 112.108 42.3204
vn 0.155829 0.878414 0.451782
v -10.2655 116.267 43.4779
vn -0.245092 -0.345092 0.906003
v -36.2644 -15.4844 44.8753
vn 0.0560059 -0.524815 0.849372
v -17.0318 -14.5401 45.3717
vn 0.0535077 -0.485856 0.872399
v -22.3704 -16.3517 45.2803
vn 0.0002568 -0.254022 0.967198
v 14.6288 -13.4545 45.1583
vn 0.294166 0.379838 0.877034
v 22.5199 -2.61161 44.3968
vn -0.762955 -0.218586 0.608374
v -70.2486 30.8945 42.5385
vn -0.923469 0.150729 0.352826
v -68.1794 59.6509 43.7409
vn -0.893703 0.225544 0.387847
v -64.9302 68.2337 46.8749
vn -0.580493 0.752876 0.310169
v -40.2944 108.538 43.5394
vn -0.291181 0.859984 0.419096
v -27.404 113.847 45.5455
vn -0.173754 0.880131 0.44179
v -20.4696 116.426 43.6448
vn 0.137325 0.861236 0.489299
v -11.9944 114.377 47.2976
vn 0.0198196 0.87225 0.488658
v -16.1386 116.506 44.2916
vn 0.201008 -0.303482 0.931394
v 30.2895 -21.6163 44.2344
vn -0.0565562 -0.248946 0.966865
v 25.0049 -20.9635 44.8502
vn 0.033106 -0.127812 0.991246
v 26.8088 -19.4512 45.225
vn 0.286069 -0.0794664 0.954908
v 31.14 -17.0859 44.892
vn -0.0871926 -0.401929 0.91151
v -31.4391 -15.0919 45.9453
vn 0.0294576 -0.331442 0.943016
v 6.86429 -15.1658 44.9632
vn -0.0815828 -0.172027 0.981708
v 19.6792 -13.9381 45.2496
vn 0.245689 0.0519821 0.967954
v 30.4699 -13.4964 45.0841
vn -0.00020264 -0.392781 0.919632
v 3.35052 -12.8311 45.8828
vn -0.0161844 -0.136295 0.990536
v 19.9105 -12.0355 45.5791
vn 0.108542 -0.261977 0.958951
v 8.16239 -11.0192 46.4832
vn 0.126026 0.0724055 0.989381
v 26.6313 -9.88456 45.592
vn 0.31843 0.26469 0.910242
v 29.1653 -9.59757 44.8877
vn 0.107501 -0.197389 0.974413
v 11.2547 -11.8451 45.7078
vn 0.0741116 0.0552644 0.995718
v 24.0644 -8.90393 45.7286
vn 0.256229 0.291752 0.921535
v 25.3372 -6.71911 45.0946
vn -0.429246 -0.346947 0.833892
v -45.5332 -5.32428 45.6959
vn 0.183561 0.23854 0.953627
v 21.55 -4.60013 45.4725
vn 0.252921 0.261523 0.93147
v 17.3746 -1.19236 45.2415
vn -0.450352 -0.360658 0.816767
v -46.5182 -0.677105 47.0232
vn 0.129088 0.0596541 0.989837
v 15.674 -3.01518 45.7896
vn 0.344753 0.0837802 0.934947
v 15.5127 1.12379 45.2896
vn 0.306905 -0.0366691 0.951033
v 11.7823 0.704445 46.7185
vn -0.538029 -0.331375 0.775058
v -53.2617 7.64606 46.5266
vn 0.452054 -0.0593415 0.890014
v 13.3859 8.79198 46.4231
vn -0.564659 -0.342421 0.750938
v -56.5785 9.80564 44.7165
vn -0.564124 -0.330053 0.756855
v -59.1637 17.3838 46.296
vn -0.576156 -0.363766 0.731928
v -61.5011 20.9527 46.0244
vn 0.642324 -0.164533 0.748565
v 16.8425 20.0563 46.3718
vn -0.639597 -0.313432 0.701909
v -63.8948 28.9447 48.3655
vn 0.712562 -0.125597 0.690276
v 22.3101 39.8169 44.7148
vn -0.924842 0.120577 0.360734
v -68.8879 53.6598 44.0751
vn 0.790789 -0.220892 0.570841
v 26.1155 54.8626 44.5975
vn 0.845317 -0.0968798 0.525408
v 29.4281 65.615 44.2122
vn 0.843768 0.123764 0.522243
v 28.9808 73.4755 44.6297
vn -0.881435 0.237557 0.408214
v -64.4425 76.0124 43.938
vn 0.890327 0.278893 0.359912
v 26.8278 81.4614 44.3476
vn -0.764964 0.544698 0.343706
v -57.2043 91.2106 44.994
vn 0.785521 0.372247 0.494358
v 21.1283 93.6217 46.3268
vn 0.535659 0.639994 0.550887
v 13.6416 104.097 46.3074
vn 0.385746 0.767066 0.512649
v 3.64377 108.752 47.7737
vn 0.248794 0.841421 0.4797
v -3.7872 112.673 46.6377
vn -0.111507 -0.46104 0.880346
v -30.6521 -13.2203 46.9185
vn 0.0629348 -0.563972 0.823392
v -7.79525 -12.9702 46.096
vn 0.0540474 -0.340881 0.938552
v 4.04824 -10.6518 46.8255
vn 0.224904 -0.0683046 0.971984
v 12.6809 -6.21831 46.2989
vn -0.479049 -0.340015 0.80926
v -48.9669 3.94848 47.6726
vn -0.506108 -0.325581 0.798656
v -53.0741 13.0042 48.5259
vn 0.65556 -0.114102 0.746473
v 18.5595 29.704 46.7056
vn -0.765427 -0.208044 0.608966
v -67.5869 32.6142 46.0793
vn 0.681642 -0.16242 0.713431
v 21.7969 45.8715 46.671
vn 0.667453 -0.221092 0.711073
v 22.412 54.0365 48.1013
vn -0.914975 0.146021 0.376162
v -66.8665 58.8206 47.8255
vn -0.849673 0.330901 0.410561
v -61.2483 80.6308 47.8846
vn 0.810506 0.264246 0.522738
v 24.4208 84.4709 47.4023
vn -0.684758 0.622725 0.378578
v -52.4251 95.8202 47.1829
vn -0.653782 0.681805 0.328195
v -49.2095 99.6355 46.2538
vn 0.625043 0.557395 0.546472
v 14.3627 101.048 48.216
vn 0.0284598 -0.646833 0.7621
v -16.3609 -12.3329 47.3679
vn 0.0166853 -0.560159 0.828217
v -20.4526 -12.6718 46.9538
vn 0.0493609 -0.443974 0.894679
v -1.5399 -11.2825 46.4903
vn -0.268571 -0.377725 0.886111
v -39.173 -9.21225 46.8279
vn 0.140732 -0.428831 0.892356
v -6.10518 -10.0312 48.1004
vn 0.0838839 -0.374562 0.923399
v -1.50675 -8.51015 47.7597
vn 0.185079 -0.146009 0.971816
v 8.62234 -6.70473 47.0186
vn -0.342108 -0.372499 0.862674
v -39.728 -4.07162 48.6938
vn 0.137215 -0.247039 0.959241
v 3.30335 -8.68727 47.6383
vn 0.149164 -0.216176 0.964893
v 1.89444 -4.64085 48.7312
vn 0.27906 -0.106915 0.954303
v 6.87874 2.14784 48.4453
vn 0.268439 -0.0598021 0.961439
v 9.54808 -2.84083 47.1445
vn 0.349452 -0.0794673 0.933578
v 8.85645 4.52811 47.7515
vn 0.358752 -0.0904434 0.929041
v 10.5247 7.00546 47.4244
vn 0.523846 -0.158294 0.836976
v 15.0808 13.4405 46.2495
vn 0.535299 -0.187121 0.823675
v 11.9015 15.9193 48.6065
vn 0.620583 -0.121298 0.774702
v 15.8896 29.5723 48.7629
vn 0.644728 -0.117052 0.755397
v 17.831 33.5284 47.645
vn 0.650271 -0.150093 0.744728
v 17.5847 39.3815 48.8919
vn -0.826526 -0.0832487 0.556709
v -68.7565 40.2034 46.893
vn 0.714119 -0.206882 0.668755
v 25.1655 58.6822 47.1364
vn 0.725597 -0.064235 0.685115
v 25.2244 67.3257 49.1091
vn 0.746529 -0.07482 0.661133
v 27.6766 66.4466 46.456
vn 0.850128 0.332729 0.408135
v 24.2952 87.3649 45.6926
vn 0.751179 0.349505 0.559979
v 20.7414 90.3313 48.8449
vn 0.705674 0.479917 0.521252
v 18.5889 98.0339 46.6586
vn -0.579723 0.728209 0.365558
v -43.3073 104.349 46.9002
vn 0.417882 0.743126 0.522626
v 6.37636 107.717 47.124
vn -0.378233 0.806779 0.453924
v -33.0918 109.797 48.6654
vn -0.0893175 -0.486189 0.869277
v -28.2022 -10.7671 48.6459
vn -0.231398 -0.414053 0.88035
v -35.9633 -7.58367 48.3314
vn -0.41427 -0.343987 0.842647
v -44.6398 1.33743 48.942
vn -0.57437 -0.376999 0.726616
v -59.3194 26.1202 50.5897
vn 0.663844 -0.175292 0.727038
v 19.7403 48.0151 48.7615
vn -0.864492 0.0595617 0.499105
v -68.0898 46.8387 48.1223
vn -0.870867 0.0843648 0.484225
v -67.3089 51.9599 48.2835
vn 0.786139 0.152701 0.598889
v 23.6323 78.6791 50.464
vn -0.803433 0.410404 0.431351
v -58.8543 84.9434 48.8268
vn -0.609555 0.647122 0.457905
v -47.2829 98.7974 50.8193
vn 0.245601 0.846061 0.47314
v -4.83409 110.775 51.1156
vn -0.0340391 -0.452892 0.890915
v -24.851 -8.19765 50.161
vn 0.184144 -0.379264 0.90678
v -7.76214 -7.17497 49.6041
vn 0.1273 -0.521812 0.843509
v -11.2278 -10.0176 48.7736
vn 0.156093 -0.279164 0.947472
v -1.54822 -4.63628 49.0659
vn 0.238424 -0.1997 0.950407
v 2.35704 0.134781 49.189
vn 0.281369 -0.1946 0.939661
v 2.0819 3.6047 50.522
vn 0.395766 -0.178013 0.900933
v 7.08932 7.06397 48.9115
vn 0.315831 -0.158989 0.9354
v 3.41754 7.93457 50.6405
vn 0.447252 -0.2343 0.863174
v 9.06377 13.9697 50.0275
vn -0.495 -0.34973 0.795402
v -50.319 14.9596 51.1755
vn -0.534473 -0.378796 0.755548
v -56.7924 20.8068 49.6351
vn 0.560966 -0.180986 0.807812
v 14.2139 23.3877 49.1375
vn 0.600699 -0.146662 0.785908
v 13.8083 34.1104 51.2911
vn -0.721261 -0.188706 0.666463
v -67.1044 37.6352 48.7117
vn -0.653158 -0.234799 0.719899
v -64.3974 36.7479 50.7408
vn -0.726787 -0.0902422 0.680909
v -66.0662 41.4005 50.3033
vn 0.639936 -0.163797 0.750768
v 16.9723 44.1937 50.6438
vn -0.797365 0.0356208 0.602445
v -66.7639 47.8293 49.939
vn 0.646174 -0.200989 0.736249
v 18.853 51.7829 50.7973
vn -0.862217 0.082794 0.499728
v -65.1384 58.2486 51.742
vn 0.802501 0.127034 0.582971
v 26.9211 75.5228 46.913
vn 0.742041 0.383683 0.549692
v 18.1096 93.1069 50.603
vn -0.270588 0.829273 0.488966
v -27.4217 112.293 48.1161
vn -0.191257 0.857334 0.477911
v -22.441 113.636 48.1266
vn -0.0314431 0.877598 0.478366
v -17.4542 114.736 47.5219
vn 0.0332045 -0.478464 0.877479
v -18.5659 -9.50572 49.7104
vn 0.00859373 -0.368652 0.929528
v -19.5178 -6.11994 50.9945
vn 0.15321 -0.274711 0.949242
v -9.35791 -5.46911 50.6328
vn -0.261452 -0.397737 0.879459
v -35.2683 -3.24672 50.701
vn -0.362107 -0.363507 0.858336
v -40.6529 2.86093 51.329
vn -0.454595 -0.30859 0.835533
v -49.05 6.50626 48.5383
vn 0.34396 -0.264342 0.901008
v 5.54832 14.5522 51.9623
vn -0.616567 -0.318872 0.719838
v -61.5464 29.8397 50.6443
vn 0.643514 -0.193967 0.74045
v 22.5848 62.0004 50.6135
vn -0.88518 0.234728 0.401696
v -62.8228 72.4769 49.652
vn 0.758671 0.273983 0.591059
v 22.1452 84.6383 50.4037
vn -0.74334 0.481847 0.46397
v -55.8224 88.9897 50.1789
vn 0.521098 0.661777 0.538987
v 9.27279 103.75 50.5916
vn -0.0959628 0.83383 0.543617
v -19.514 112.687 50.989
vn 0.113797 -0.305564 0.945347
v -13.1651 -5.19643 51.0367
vn -0.135111 -0.414917 0.899771
v -29.9363 -5.70902 50.7385
vn -0.0905636 -0.358727 0.929039
v -29.869 -2.71049 52.2748
vn 0.0268145 -0.302479 0.952779
v -22.5455 -2.66938 52.4431
vn 0.0848989 -0.262989 0.961056
v -17.3303 -1.49665 52.5256
vn 0.108219 -0.305819 0.945919
v -14.2164 -4.12166 51.6254
vn 0.18687 -0.265872 0.945723
v -9.42265 0.905029 51.9203
vn 0.147573 -0.193462 0.969946
v -7.81091 -1.05128 51.1199
vn -0.214066 -0.368201 0.904767
v -34.3292 1.96956 53.0173
vn 0.144618 -0.262883 0.953928
v -11.6765 1.68948 52.5762
vn 0.197797 -0.203636 0.958858
v -0.606827 4.75039 51.0851
vn 0.232701 -0.253357 0.938968
v -3.21014 7.11341 52.5986
vn 0.298941 -0.226243 0.927064
v 1.00652 8.5932 51.3519
vn -0.459842 -0.338243 0.821058
v -46.5784 9.44391 51.164
vn -0.425798 -0.325017 0.844429
v -46.6667 13.6283 52.7302
vn 0.47231 -0.207749 0.8566
v 8.81281 19.9002 51.7441
vn 0.545588 -0.153298 0.823914
v 11.6334 24.5929 51.0181
vn -0.513079 -0.381595 0.768853
v -56.8167 24.5688 51.7246
vn -0.56105 -0.324689 0.761446
v -60.7188 32.8257 52.785
vn 0.507089 -0.169747 0.845013
v 9.61988 28.4214 53.0123
vn 0.554092 -0.156474 0.817618
v 11.5077 34.2915 52.9646
vn 0.611107 -0.154659 0.776292
v 14.8265 41.8401 51.8404
vn 0.613739 -0.185189 0.767483
v 16.667 53.0503 52.6494
vn -0.882567 0.207191 0.422074
v -64.6094 64.3351 50.1701
vn 0.679067 -0.129235 0.72261
v 22.1425 66.3345 51.9103
vn 0.752371 -0.00677575 0.658705
v 23.8925 74.2425 50.7513
vn -0.817696 0.252475 0.51733
v -60.2687 72.6486 54.7661
vn -0.685124 0.553358 0.473709
v -52.768 92.8474 50.6123
vn -0.620477 0.563383 0.545535
v -49.3278 93.4689 54.1457
vn 0.651503 0.533115 0.539752
v 14.9289 98.2132 50.79
vn -0.342517 0.7796 0.524315
v -32.0862 108.796 51.1159
vn 0.422623 0.787038 0.449401
v 0.0562444 109.941 48.7162
vn 0.379495 0.772196 0.509605
v -0.796191 108.495 52.9693
vn 0.141178 -0.239713 0.960524
v -12.3725 3.39274 53.1272
vn -0.757305 -0.0516568 0.651016
v -63.011 51.0684 54.3953
vn 0.607847 -0.201499 0.768063
v 20.1371 62.6962 52.6468
vn -0.70833 0.346608 0.614924
v -56.6138 79.5625 56.475
vn 0.628728 0.498404 0.596904
v 13.6825 96.8867 53.5723
vn 0.438574 0.731804 0.521648
v 5.76716 104.97 52.0452
vn 0.397308 0.649571 0.648231
v -0.263378 107 54.3648
vn -0.252837 0.811602 0.526664
v -27.4273 110.702 50.8698
vn 0.18588 0.744136 0.641646
v -6.40269 108.971 54.1724
vn -0.124635 0.780757 0.612278
v -20.3421 110.062 54.2401
vn 0.117187 0.846225 0.51978
v -13.1478 112.354 51.3321
vn -0.0571668 -0.33075 0.941985
v -27.917 0.0166968 53.1696
vn 0.0268495 -0.298772 0.953947
v -22.9387 -0.42269 53.1057
vn 0.0933044 -0.257229 0.961836
v -17.1538 1.50897 53.1703
vn -0.262079 -0.346782 0.900587
v -38.0814 5.44732 53.4993
vn 0.0695504 -0.297613 0.95215
v -22.0639 1.45989 53.6951
vn -0.0733844 -0.305438 0.94938
v -30.7947 3.51361 54.4685
vn -0.345717 -0.324617 0.8804
v -41.022 8.80317 53.712
vn 0.155929 -0.269933 0.950169
v -11.6999 5.2947 53.5477
vn 0.13409 -0.254215 0.957807
v -14.4149 7.75002 54.5946
vn 0.216664 -0.236375 0.947198
v -2.86259 10.2284 53.0466
vn 0.151778 -0.214561 0.964846
v -6.44559 12.5587 54.6345
vn 0.340109 -0.267734 0.901468
v 5.58151 18.2988 52.7896
vn 0.240948 -0.2975 0.923817
v -3.84019 11.3831 53.7087
vn 0.263461 -0.252926 0.930922
v 1.34445 17.8461 54.3209
vn 0.232176 -0.249355 0.940168
v -1.13482 18.4339 54.9306
vn 0.358817 -0.205764 0.910446
v 5.74896 22.7497 54.0973
vn -0.455797 -0.367181 0.810819
v -53.7492 24.1851 53.2843
vn 0.442284 -0.19574 0.875254
v 5.6023 29.1692 55.2961
vn 0.593734 -0.178728 0.784561
v 11.7739 43.8662 54.7632
vn 0.60768 -0.16601 0.776637
v 13.3391 47.8089 54.4325
vn 0.629394 -0.173044 0.757575
v 14.9492 47.0205 52.8115
vn 0.577592 -0.184603 0.795179
v 15.6825 57.7806 54.9172
vn 0.524876 -0.149859 0.837883
v 16.6406 62.9711 55.3211
vn -0.865532 0.193092 0.462135
v -61.8453 67.62 54.695
vn 0.647187 -0.130009 0.751164
v 20.8832 68.1485 53.5804
vn -0.87261 0.262851 0.411656
v -61.7484 76.7551 49.3282
vn 0.744195 0.0988962 0.660601
v 21.6444 76.9949 53.4602
vn -0.742498 0.418927 0.522682
v -55.7664 85.381 53.6581
vn 0.727571 0.374901 0.574534
v 16.4451 91.9266 53.985
vn -0.359614 0.658998 0.660605
v -35.6712 103.007 56.0888
vn 0.0772331 -0.258547 0.962906
v -20.483 4.53382 54.4747
vn 0.152398 -0.284834 0.946385
v -14.2317 10.8784 55.1859
vn -0.400533 -0.332468 0.853837
v -43.3645 14.9781 54.8347
vn -0.621758 -0.191162 0.759522
v -60.547 38.9263 55.127
vn 0.547089 -0.171675 0.819281
v 10.3455 38.3965 54.5403
vn -0.808105 0.310509 0.50055
v -58.8781 78.1596 54.1974
vn 0.507828 0.413446 0.75576
v 12.619 96.7275 54.6631
vn -0.524003 0.605881 0.598606
v -43.4404 99.4627 54.3412
vn 0.525416 0.606342 0.596898
v 9.67005 101.033 53.521
vn -0.429143 0.745407 0.510103
v -37.2776 105.649 51.8371
vn -0.310589 0.72175 0.618555
v -29.0124 106.871 55.401
vn -0.205974 0.694419 0.689461
v -25.1717 107.095 56.7833
vn -0.0342022 -0.26198 0.964467
v -29.6448 6.65008 55.1089
vn 0.0791377 -0.287219 0.95459
v -23.0646 5.97978 55.0488
vn 0.102961 -0.31756 0.942632
v -19.4561 8.63006 55.5245
vn -0.181664 -0.303947 0.935208
v -35.058 8.7525 55.2334
vn 0.00170004 -0.252261 0.967658
v -26.3935 10.5472 56.4836
vn -0.123034 -0.251444 0.96002
v -34.7725 11.5932 56.3992
vn 0.0689247 -0.222249 0.972551
v -21.8019 11.8327 56.6489
vn 0.196886 -0.309664 0.930239
v -7.49998 14.5136 55.0426
vn -0.314964 -0.323027 0.892441
v -39.9431 11.4999 55.0164
vn -0.277932 -0.272369 0.921178
v -42.7556 17.9395 56.2514
vn 0.144701 -0.275917 0.950227
v -10.9909 15.7011 56.568
vn 0.268244 -0.316983 0.909707
v -3.42797 19.8902 56.3449
vn 0.351018 -0.257644 0.900225
v 3.34185 23.3519 54.9523
vn -0.399332 -0.329333 0.855613
v -47.3333 21.0912 55.2548
vn 0.359293 -0.242461 0.901178
v 2.67901 26.7935 56.3699
vn -0.265583 -0.297308 0.917101
v -45.0207 24.3695 57.4478
vn -0.478137 -0.297201 0.826472
v -55.5736 33.8976 56.4798
vn 0.484375 -0.179322 0.856285
v 7.64861 31.9211 54.8741
vn 0.466502 -0.209243 0.859414
v 4.1814 33.5017 57.0639
vn -0.65733 -0.0907016 0.748125
v -61.771 44.1387 54.8137
vn 0.574649 -0.164042 0.801791
v 12.6299 52.3558 55.885
vn -0.703683 -0.104015 0.702859
v -61.7926 52.899 56.197
vn 0.515975 -0.122663 0.847776
v 12.1636 58.8272 57.2442
vn 0.445283 -0.118013 0.887579
v 14.2674 65.6144 57.0256
vn 0.6166 -0.0748681 0.783709
v 20.2368 72.1057 54.4456
vn 0.73685 0.228893 0.636129
v 18.5051 85.9142 54.0847
vn 0.573904 0.164525 0.802225
v 16.9371 83.3698 56.3115
vn -0.661588 0.493554 0.564541
v -52.0138 89.8808 54.5434
vn 0.600283 0.276338 0.750532
v 16.5603 90.1931 54.9015
vn -0.481734 0.674222 0.559783
v -40.553 102.133 53.9483
vn 0.403827 0.529087 0.746318
v 6.95441 101.834 54.6771
vn 0.0423638 0.768506 0.638438
v -13.9655 110.104 54.5367
vn -0.194115 -0.281852 0.939616
v -42.1109 21.4693 57.2885
vn -0.383438 -0.384646 0.839656
v -48.3826 26.4855 56.9979
vn -0.435302 -0.347286 0.830605
v -52.246 29.8727 56.8303
vn -0.584694 -0.14426 0.798325
v -57.2117 48.2223 58.9
vn 0.533254 -0.177376 0.827151
v 9.02151 46.1127 56.9743
vn -0.820762 0.0439693 0.569576
v -62.9446 59.319 54.9625
vn -0.757445 0.168945 0.630663
v -60.4294 64.9452 57.6998
vn 0.601986 0.0599109 0.796256
v 20.0671 77.8829 54.926
vn 0.407349 0.174671 0.896413
v 13.3614 85.2693 57.8996
vn -0.124358 -0.227536 0.965796
v -35.5696 15.9224 56.9645
vn -0.0270767 -0.231836 0.972378
v -27.7883 13.6454 56.9433
vn 0.0539418 -0.267602 0.962018
v -22.4599 15.0192 57.2702
vn 0.0315068 -0.266332 0.963366
v -24.2224 18.2384 58.6089
vn 0.143508 -0.319024 0.936819
v -11.3444 18.7286 57.1193
vn 0.0957352 -0.270787 0.957867
v -17.7341 15.927 57.0472
vn 0.107515 -0.302715 0.946997
v -15.872 20.1449 58.585
vn 0.236017 -0.299075 0.924581
v -4.29513 22.3228 57.1083
vn -0.0986651 -0.23567 0.966812
v -33.5896 20.3546 58.6485
vn -0.164999 -0.239222 0.956843
v -39.6332 22.8482 58.3383
vn 0.171038 -0.279086 0.944911
v -6.93259 23.8052 58.5407
vn 0.351197 -0.281953 0.89284
v -0.18999 26.1796 57.1233
vn 0.344039 -0.268793 0.89966
v -0.806384 28.3482 58.216
vn -0.312637 -0.324557 0.892704
v -48.6455 29.4085 58.3056
vn 0.366949 -0.183573 0.911948
v 2.11245 33.5321 58.3366
vn -0.371264 -0.272058 0.887777
v -51.0321 35.1462 59.1072
vn -0.498565 -0.220102 0.838444
v -58.211 40.4292 57.2182
vn 0.504668 -0.185808 0.843081
v 7.50781 41.0557 56.8162
vn 0.421545 -0.185146 0.887705
v 4.51143 40.9214 58.5865
vn 0.569792 -0.144926 0.808909
v 10.6017 54.1054 57.5761
vn 0.464343 -0.0896303 0.881108
v 11.9092 64.3045 57.9456
vn 0.476786 -0.0966287 0.873692
v 16.5607 71.0943 56.6579
vn 0.414038 -0.0942591 0.905366
v 11.8439 68.3007 58.5066
vn 0.456303 0.0937641 0.884871
v 15.3529 80.0461 57.6602
vn -0.672757 0.418614 0.610049
v -54.0997 84.9961 55.9765
vn 0.409794 0.264564 0.872969
v 11.8568 90.9205 57.0675
vn 0.277072 0.22571 0.933963
v 8.54602 90.84 58.4451
vn -0.566693 0.49212 0.660815
v -47.6404 90.6877 58.3783
vn 0.234237 0.251505 0.939084
v 4.40127 94.5801 58.4067
vn 0.35145 0.324035 0.878342
v 9.47252 95.3412 56.7671
vn -0.503257 0.558448 0.659445
v -44.0922 95.2939 57.7644
vn 0.274492 0.259177 0.926003
v 0.673853 96.9619 58.7271
vn 0.288687 0.388249 0.87517
v 0.878774 101.592 57.3086
vn 0.309654 0.3594 0.88031
v 4.75513 99.6168 56.904
vn 0.258076 0.489995 0.832648
v -3.18585 104.194 57.4757
vn 0.125425 0.644643 0.754124
v -9.84754 107.695 56.6159
vn -0.0548549 0.652255 0.756012
v -22.2611 107.175 57.3863
vn -0.090885 -0.273905 0.957453
v -31.5053 22.8164 59.0769
vn -0.000125258 -0.277452 0.960739
v -23.9379 21.2072 59.0881
vn -0.683744 -0.0978875 0.723127
v -59.8862 54.8383 58.0307
vn 0.541532 -0.0992468 0.834801
v 10.0713 58.6934 58.6473
vn 0.434062 -0.0607771 0.89883
v 9.58033 68.0114 59.455
vn 0.430644 -0.0313086 0.901978
v 15.1092 78.0274 57.9432
vn 0.369296 0.0572475 0.927547
v 12.2445 79.6514 58.9894
vn 0.157511 0.485565 0.859894
v -7.24582 104.164 58.5223
vn 0.0624995 0.57066 0.818805
v -14.3131 105.019 58.8423
vn -0.0895771 -0.248566 0.964464
v -34.0454 27.8274 60.656
vn -0.17189 -0.309705 0.935167
v -38.578 25.3473 59.0972
vn 0.164761 -0.297699 0.940334
v -7.25114 26.8535 59.1069
vn 0.00578563 -0.304041 0.952641
v -23.076 24.3303 60.6686
vn 0.121273 -0.279932 0.952329
v -13.6572 26.6852 60.6118
vn 0.0970407 -0.304777 0.947467
v -16.1354 23.1244 59.0926
vn 0.254455 -0.240625 0.936671
v -2.89567 29.4577 59.0483
vn -0.244285 -0.310747 0.918565
v -46.8165 30.6618 59.028
vn 0.259079 -0.21434 0.941773
v -2.64582 33.85 60.424
vn -0.278257 -0.258207 0.92515
v -47.9959 35.6161 60.4261
vn 0.364569 -0.190224 0.911539
v 0.0951439 33.369 58.8723
vn -0.433513 -0.208646 0.87666
v -54.6348 40.0466 58.9682
vn 0.407316 -0.185873 0.894173
v -0.12245 40.7283 60.5835
vn 0.34393 -0.193841 0.91877
v 3.0264 42.1183 59.1704
vn 0.402829 -0.202932 0.892495
v 4.24558 45.9251 59.8322
vn -0.45105 -0.174915 0.875191
v -53.98 45.7427 60.4929
vn 0.512214 -0.151162 0.845451
v 7.78085 52.3658 59.3528
vn -0.569966 -0.131307 0.811109
v -56.9641 54.9109 60.6455
vn -0.753221 0.0229789 0.657366
v -60.9297 61.349 57.8276
vn 0.484663 -0.0519055 0.87316
v 8.10136 60.8459 60.1016
vn 0.368501 -0.0467999 0.928449
v 11.0649 72.5941 59.1627
vn -0.622332 0.374423 0.687394
v -52.1713 82.9253 59.2209
vn 0.299124 0.0976619 0.949203
v 8.0795 81.9647 60.5637
vn -0.621565 0.44338 0.64581
v -49.5794 88.2055 58.3469
vn 0.333003 0.166701 0.928073
v 10.4907 84.0418 59.208
vn 0.272459 0.2387 0.932088
v 7.26994 88.284 59.2116
vn 0.266327 0.242007 0.933007
v 3.10083 88.7648 60.5139
vn 0.266539 0.257469 0.928798
v 1.47531 93.3957 59.2822
vn 0.302654 0.25712 0.917764
v -2.39856 94.9372 60.2812
vn 0.267191 0.331207 0.904937
v -4.6496 100.328 59.5239
vn -0.251746 0.592767 0.765017
v -30.0995 102.331 59.1704
vn -0.136828 0.559119 0.817719
v -22.2852 101.867 60.9268
vn 0.0200474 0.514396 0.857318
v -18.2861 103.097 60.47
vn 0.0433565 -0.147446 0.988119
v -13.5723 29.2243 60.9995
vn -0.166041 -0.2826 0.944758
v -41.2666 29.7945 60.3422
vn 0.455167 -0.193559 0.869113
v 4.0521 51.4492 61.0317
vn -0.6298 0.0327213 0.776068
v -57.6556 62.4791 60.6648
vn 0.345851 -0.0222579 0.938025
v 7.75652 73.9479 60.6116
vn 0.306953 0.246043 0.919371
v -4.04847 92.8544 61.2398
vn -0.197441 0.499677 0.84341
v -30.599 98.4626 61.5925
vn 0.142924 0.352991 0.924646
v -13.6978 100.226 61.6676
vn -0.0290416 -0.221008 0.974839
v -24.3391 27.7245 61.0529
vn -0.0696663 -0.281351 0.957073
v -31.6169 30.1586 61.1697
vn -0.0724737 -0.275333 0.958613
v -35.3222 34.1385 62.4875
vn 0.0484407 -0.198457 0.978912
v -19.3425 27.8501 61.0203
vn -0.150937 -0.343679 0.926878
v -38.3398 31.6181 61.1714
vn 0.131282 -0.241277 0.961536
v -10.2064 33.1363 61.4201
vn -0.254018 -0.269093 0.929012
v -45.8807 37.0053 61.1926
vn -0.0369909 -0.248118 0.968023
v -27.4213 33.2184 62.5829
vn 0.0520104 -0.24702 0.967614
v -18.7754 32.9721 62.7197
vn 0.274119 -0.239876 0.931299
v -5.21037 35.3359 61.0155
vn -0.203382 -0.282793 0.93737
v -41.6774 36.069 62.3273
vn 0.186738 -0.232116 0.954595
v -8.10373 37.526 62.7016
vn 0.334671 -0.224512 0.915199
v -3.46743 41.6675 62.1887
vn -0.343495 -0.217401 0.913646
v -51.3926 40.482 60.3906
vn 0.374788 -0.208352 0.903396
v -1.75874 41.7773 61.2348
vn 0.414604 -0.229605 0.88056
v -0.813514 46.3117 62.3294
vn -0.438041 -0.181785 0.880383
v -53.0503 48.6826 61.5317
vn 0.448532 -0.0663229 0.891302
v 5.80563 56.3805 60.8903
vn -0.542202 -0.111325 0.832841
v -54.4762 58.2506 62.6985
vn 0.310139 0.0394485 0.949872
v 5.38351 80.2208 61.1717
vn 0.402666 0.00670093 0.915323
v 3.35404 70.9361 62.3554
vn -0.681969 0.174573 0.710241
v -57.9129 69.0855 59.4202
vn -0.688148 0.261145 0.676945
v -55.7642 75.4458 59.4791
vn -0.56464 0.237003 0.790577
v -51.5885 75.756 62.7037
vn -0.610707 0.322289 0.723303
v -51.9465 79.8582 60.9242
vn -0.562458 0.39627 0.72568
v -48.5093 86.1128 60.6204
vn 0.232404 0.142073 0.962187
v 3.7355 83.6454 61.2127
vn 0.2443 0.172241 0.95428
v -4.06569 88.2377 62.6732
vn 0.268554 0.0948365 0.958585
v 2.12146 77.8304 62.6825
vn 0.25472 0.196504 0.946839
v 0.711933 87.6174 61.2372
vn -0.43683 0.525548 0.730054
v -41.5705 93.5995 60.5944
vn 0.253474 0.24716 0.935234
v -7.69334 94.4603 62.4145
vn -0.365852 0.576235 0.730825
v -37.286 97.0527 60.2561
vn -0.0622939 0.447452 0.892136
v -23.3972 99.3791 62.5254
vn 0.28185 0.290022 0.914575
v -7.23057 98.17 61.0059
vn 0.0117177 -0.216787 0.976149
v -20.0332 35.3116 62.996
vn -0.162688 -0.246574 0.955371
v -41.6777 40.0973 63.306
vn -0.323462 -0.224035 0.919337
v -49.1256 44.111 62.2119
vn 0.367449 -0.0915094 0.925531
v 3.1062 55.5924 62.4501
vn 0.30507 0.00610229 0.95231
v 0.860766 70.9758 63.1267
vn 0.26568 0.169928 0.948967
v -6.58412 86.8184 63.2781
vn -0.0296351 -0.199338 0.979483
v -28.7644 36.2779 63.1894
vn -0.0278249 -0.247237 0.968555
v -26.8238 37.5653 63.5315
vn 0.0503338 -0.216894 0.974897
v -18.2385 37.3393 63.5606
vn -0.0619907 -0.228233 0.971631
v -39.1512 38.1698 62.96
vn 0.0709308 -0.152996 0.985678
v -13.032 38.1765 63.3053
vn 0.151083 -0.144667 0.977878
v -8.18954 40.8578 63.0399
vn -0.138711 -0.259908 0.955619
v -41.3314 43.6327 64.3362
vn -0.0138926 -0.239218 0.970866
v -28.9889 41.4195 64.5527
vn -0.0647369 -0.246832 0.966894
v -34.1613 43.1413 64.546
vn 0.125721 -0.243939 0.961607
v -14.9095 40.932 64.0711
vn 0.0761135 -0.257164 0.963366
v -16.056 41.8919 64.4118
vn 0.283809 -0.178326 0.942153
v -3.22051 46.91 63.2128
vn -0.294066 -0.235902 0.926216
v -45.7003 44.7087 63.3453
vn 0.191178 -0.208521 0.959151
v -8.53157 47.1301 64.4711
vn 0.257925 -0.205345 0.944091
v -3.63901 49.4218 63.8214
vn -0.414628 -0.2064 0.886275
v -51.4594 51.8895 62.8945
vn -0.317365 -0.164514 0.933924
v -49.8592 55.178 64.4611
vn 0.344379 -0.138357 0.92858
v -1.05886 52.1229 63.3568
vn 0.282573 -0.097638 0.954264
v -2.68846 54.814 64.5288
vn -0.440903 -0.106071 0.891265
v -52.3862 58.8551 64.1431
vn 0.356228 -0.0429328 0.933412
v 0.358582 55.3845 63.1431
vn 0.318014 0.00461951 0.948075
v -2.23386 60.9947 64.4633
vn -0.596977 0.0409926 0.80121
v -54.3516 63.1152 63.0518
vn -0.473639 0.0639746 0.878393
v -52.5125 66.516 64.2651
vn 0.280359 0.0363656 0.959206
v -2.63676 70.9874 64.4284
vn -0.603356 0.171211 0.778876
v -53.3112 70.0145 62.8949
vn -0.41388 0.177062 0.892946
v -49.712 73.3813 64.4802
vn 0.295887 0.0745966 0.952306
v 0.0285208 75.7351 63.2507
vn -0.496344 0.299051 0.814992
v -48.512 80.0829 63.3751
vn 0.246585 0.145486 0.958139
v -3.27691 81.9812 63.156
vn 0.259272 0.127181 0.957394
v -4.87505 78.6199 64.5794
vn -0.430499 0.307148 0.848723
v -45.9255 85.5041 62.6725
vn 0.228026 0.201411 0.952595
v -11.6014 88.6195 64.5777
vn -0.443913 0.413668 0.794871
v -43.1836 88.958 62.8656
vn -0.281657 0.458759 0.842739
v -37.8746 92.4384 63.3014
vn 0.11155 0.253639 0.960845
v -15.8415 92.6708 64.5069
vn 0.120915 0.33676 0.933794
v -15.6755 97.6981 62.7834
vn 0.188054 0.201558 0.961254
v -8.98889 91.9105 63.0301
vn -0.147148 0.440821 0.885451
v -32.4206 94.0139 63.7807
vn -0.032147 0.381882 0.923652
v -22.5907 97.4395 63.2311
vn -0.0472129 -0.230959 0.971817
v -33.3729 45.4877 65.2105
vn -0.112527 -0.237354 0.964884
v -39.9926 46.1384 65.1852
vn -0.282205 -0.216587 0.934586
v -46.513 48.9872 64.3135
vn -0.291343 -0.0590265 0.954796
v -49.9604 60.0683 64.9971
vn 0.230257 -0.0161909 0.972995
v -4.60085 59.464 65.0219
vn 0.240094 0.0346205 0.970132
v -5.2269 70.9202 65.0202
vn -0.11521 0.375501 0.919634
v -30.364 91.5397 65.1473
vn -0.0109192 0.324078 0.945967
v -23.6805 94.8636 64.4196
vn 0.106105 -0.247894 0.962959
v -15.4368 44.3427 65.0893
vn -0.0106113 -0.183017 0.983053
v -29.4366 44.9128 65.3638
vn 0.0288654 -0.215202 0.976143
v -27.0752 43.9338 65.0271
vn -0.00971991 -0.179444 0.98372
v -30.1401 46.8848 65.5881
vn -0.152136 -0.193532 0.969227
v -41.2157 47.9396 65.437
vn 0.0593565 -0.189015 0.980179
v -16.8069 45.5477 65.5133
vn -0.0111916 -0.18773 0.982157
v -26.928 51.6962 66.6443
vn 0.160232 -0.131261 0.978313
v -9.88261 49.7595 65.1263
vn 0.174033 -0.0917101 0.98046
v -5.76221 54.3229 64.9825
vn -0.218587 -0.14474 0.965024
v -44.0451 51.8299 65.3442
vn -0.090865 -0.170125 0.981224
v -38.6805 52.0364 66.4989
vn 0.0527036 -0.206454 0.977036
v -21.7671 50.8692 66.4965
vn 0.158707 -0.137151 0.977753
v -12.088 53.6206 65.9715
vn 0.172446 -0.163277 0.971392
v -14.418 54.3396 66.5308
vn 0.2038 -0.0118687 0.97894
v -9.55314 65.6833 66.5947
vn -0.177928 -0.102816 0.978657
v -42.4754 57.5635 66.5876
vn -0.239231 -0.114789 0.964154
v -46.9835 56.0244 65.3001
vn -0.228681 -0.0477211 0.972331
v -45.511 63.8521 66.481
vn -0.317281 0.0218713 0.948079
v -49.0364 66.7478 65.5748
vn 0.238967 -0.0367456 0.970332
v -6.73401 61.4469 65.6677
vn -0.340126 0.0665078 0.938025
v -50.4955 67.3446 64.9961
vn -0.28017 0.0603481 0.958052
v -46.3294 70.1889 66.2929
vn -0.384334 0.1629 0.908709
v -47.4792 72.6313 65.24
vn 0.266384 0.0677034 0.961486
v -7.50106 71.3146 65.6284
vn -0.302858 0.130568 0.944049
v -43.7138 75.8142 66.6672
vn -0.397991 0.256984 0.88066
v -44.5673 81.0339 64.6747
vn 0.170872 0.073488 0.982549
v -12.8535 73.7615 66.7881
vn 0.234387 0.124142 0.964184
v -11.1363 79.565 65.6866
vn 0.136422 0.118449 0.983544
v -17.2243 83.3738 66.5909
vn 0.210868 0.0908479 0.973284
v -7.45074 77.1391 65.1129
vn -0.321378 0.339059 0.884169
v -39.2879 88.3379 64.5481
vn 0.0188348 0.329252 0.944054
v -27.1468 88.983 66.3415
vn 0.0931674 0.205774 0.974155
v -21.7801 86.7865 66.4862
vn 0.207741 0.137853 0.968422
v -12.4108 85.2263 65.1389
vn -0.242994 0.272282 0.93103
v -38.7273 84.5537 66.5466
vn -0.10238 0.308546 0.945684
v -31.9974 88.4974 66.2826
vn 0.187568 0.205269 0.960564
v -15.143 86.4614 65.6527
vn 0.148199 0.180083 0.972423
v -14.3948 88.3035 65.0619
vn 0.0697471 0.255706 0.964235
v -20.3436 91.3649 64.9389
vn 0.0255617 -0.20758 0.977884
v -21.903 53.8195 67.0699
vn -0.10349 -0.153139 0.982771
v -37.3177 54.4948 66.9914
vn 0.155546 -0.193149 0.968762
v -16.4326 55.551 67.0961
vn 0.160768 -0.0378979 0.986264
v -13.7971 63.4489 67.1839
vn -0.0108183 -0.174821 0.984541
v -25.9961 55.1146 67.2373
vn -5.51537e-05 -0.0585408 0.998285
v -23.4322 58.1729 67.7508
vn -0.0839779 -0.12808 0.988202
v -36.7136 56.3565 67.4125
vn -0.169772 -0.0866769 0.981664
v -40.1246 58.7629 67.0098
vn 0.0809372 -0.125687 0.988763
v -17.6539 56.5223 67.5613
vn -0.166311 -0.0202346 0.985866
v -42.7451 65.5989 66.9955
vn 0.1279 0.0184199 0.991616
v -12.3776 65.9393 67.0632
vn -0.12071 -0.0216985 0.992451
v -38.8519 65.0104 67.6812
vn -0.166953 0.0350271 0.985343
v -42.6082 71.8473 66.8539
vn 0.0816865 0.0370922 0.995968
v -18.7644 72.2827 67.6078
vn 0.120873 0.0466441 0.991571
v -14.6681 70.302 67.1045
vn 0.105828 0.069274 0.991969
v -17.5589 77.0388 67.0303
vn -0.108407 0.0652918 0.99196
v -37.1223 77.2338 67.7153
vn -0.155969 0.0960084 0.983085
v -38.9874 79.194 66.9953
vn -0.128853 0.182267 0.97477
v -34.9513 83.4404 67.0589
vn -0.00626959 0.153969 0.988056
v -29.5119 84.1156 67.6943
vn 0.0946497 0.121979 0.988009
v -21.3027 82.486 66.9602
vn -0.00546558 0.231726 0.972766
v -29.3253 86.4138 67.0651
vn -0.580981 -0.351712 -0.734002
v -15.6563 -67.6508 -17.1872
vn -0.246134 0.71574 -0.653555
v -13.3863 -65.4198 -17.0432
vn -0.406722 0.810667 -0.421184
v -11.1293 -61.0949 -11.8351
vn -0.335178 0.934323 0.121223
v 5.55824 -50.2374 -13.4288
vn -0.748402 0.548899 -0.372297
v 11.3332 -40.5853 -12.4916
vn 0.41841 -0.836906 0.352876
v -15.58 -61.5201 -11.0655
vn -0.593916 0.788836 -0.158121
v -2.08748 -53.6906 -6.91783
vn 0.836267 -0.482008 0.261392
v 8.96432 -40.0693 -8.23522
vn 0.146446 -0.919043 0.365941
v 46.9171 -10.7464 -3.05486
vn -0.234794 0.903256 -0.359167
v 47.3403 -11.5503 -3.37648
vn 0.352936 -0.910832 -0.214059
v -10.8979 -59.3357 1.99282
vn -0.354537 0.732844 0.580726
v -4.41682 -59.1417 3.44825
vn -0.489816 -0.306974 -0.815995
v -0.614554 -54.9955 2.86257
vn -0.273336 0.912579 -0.304117
v 52.4562 -7.92582 6.19447
vn -0.197457 0.935146 -0.294132
v 53.7421 -7.05111 7.90346
vn 0.252321 -0.949054 0.188761
v 47.5795 -8.46789 7.59518
vn 0.45007 -0.891275 -0.0553597
v 45.0933 -8.1495 11.8526
vn 0.391589 -0.89881 0.196974
v 54.5433 -4.78002 12.2403
vn 0.564166 -0.791348 0.235553
v 58.8615 -2.11909 14.1605
vn 0.585361 -0.791265 0.176784
v 56.5046 -2.41403 21.9196
vn 0.891637 -0.338927 0.300186
v 55.9796 -1.5351 25.735

vt 0 0
vt 0 0
vt 0 0
vt 0 0
vt 0 0
vt 0 0
vt 0 0
vt 0 0
vt 0 0
vt 0 0
vt 0 0
vt 0 0
vt 0 0
vt 0 0
vt 0 0
vt 0 0
vt 0 0
vt 0 0
vt 0 0
vt 0 0
vt 0 0
vt 0 0
vt 0 0
vt 0 0
vt 0 0
vt 0 0
vt 0 0
vt 0 0
vt 0 0
vt 0 0
vt 0 0
vt 0 0
vt 0 0
vt 0 0
vt 0 0
vt 0 0
vt 0 0
vt 0 0
vt 0 0
vt 0 0
vt 0 0
vt 0 0
vt 0 0
vt 0 0
vt 0 0
vt 0 0
vt 0 0
vt 0 0
vt 0 0
vt 0 0
vt 0 0
vt 0 0
vt 0 0
vt 0 0
vt 0 0
vt 0 0
vt 0 0
vt 0 0
vt 0 0
vt 0 0
vt 0 0
vt 0 0
vt 0 0
vt 0 0
vt 0 0
vt 0 0
vt 0 0
vt 0 0
vt 0 0
vt 0 0
vt 0 0
vt 0 0
vt 0 0
vt 0 0
vt 0 0
vt 0 0
vt 0 0
vt 0 0
vt 0 0
vt 0 0
vt 0 0
vt 0 0
vt 0 0
vt 0 0
vt 0 0
vt 0 0
vt 0 0
vt 0 0
vt 0 0
vt 0 0
vt 0 0
vt 0 0
vt 0 0
vt 0 0
vt 0 0
vt 0 0
vt 0 0
vt 0 0
vt 0 0
vt 0 0
vt 0 0
vt 0 0
vt 0 0
vt 0 0
vt 0 0
vt 0 0
vt 0 0
vt 0 0
vt 0 0
vt 0 0
vt 0 0
vt 0 0
vt 0 0
vt 0 0
vt 0 0
vt 0 0
vt 0 0
vt 0 0
vt 0 0
vt 0 0
vt 0 0
vt 0 0
vt 0 0
vt 0 0
vt 0 0
vt 0 0
vt 0 0
vt 0 0
vt 0 0
vt 0 0
vt 0 0
vt 0 0
vt 0 0
vt 0 0
vt 0 0
vt 0 0
vt 0 0
vt 0 0
vt 0 0
vt 0 0
vt 0 0
vt 0 0
vt 0 0
vt 0 0
vt 0 0
vt 0 0
vt 0 0
vt 0 0
vt 0 0
vt 0 0
vt 0 0
vt 0 0
vt 0 0
vt 0 0
vt 0 0
vt 0 0
vt 0 0
vt 0 0
vt 0 0
vt 0 0
vt 0 0
vt 0 0
vt 0 0
vt 0 0
vt 0 0
vt 0 0
vt 0 0
vt 0 0
vt 0 0
vt 0 0
vt 0 0
vt 0 0
vt 0 0
vt 0 0
vt 0 0
vt 0 0
vt 0 0
vt 0 0
vt 0 0
vt 0 0
vt 0 0
vt 0 0
vt 0 0
vt 0 0
vt 0 0
vt 0 0
vt 0 0
vt 0 0
vt 0 0
vt 0 0
vt 0 0
vt 0 0
vt 0 0
vt 0 0
vt 0 0
vt 0 0
vt 0 0
vt 0 0
vt 0 0
vt 0 0
vt 0 0
vt 0 0
vt 0 0
vt 0 0
vt 0 0
vt 0 0
vt 0 0
vt 0 0
vt 0 0
vt 0 0
vt 0 0
vt 0 0
vt 0 0
vt 0 0
vt 0 0
vt 0 0
vt 0 0
vt 0 0
vt 0 0
vt 0 0
vt 0 0
vt 0 0
vt 0 0
vt 0 0
vt 0 0
vt 0 0
vt 0 0
vt 0 0
vt 0 0
vt 0 0
vt 0 0
vt 0 0
vt 0 0
vt 0 0
vt 0 0
vt 0 0
vt 0 0
vt 0 0
vt 0 0
vt 0 0
vt 0 0
vt 0 0
vt 0 0
vt 0 0
vt 0 0
vt 0 0
vt 0 0
vt 0 0
vt 0 0
vt 0 0
vt 0 0
vt 0 0
vt 0 0
vt 0 0
vt 0 0
vt 0 0
vt 0 0
vt 0 0
vt 0 0
vt 0 0
vt 0 0
vt 0 0
vt 0 0
vt 0 0
vt 0 0
vt 0 0
vt 0 0
vt 0 0
vt 0 0
vt 0 0
vt 0 0
vt 0 0
vt 0 0
vt 0 0
vt 0 0
vt 0 0
vt 0 0
vt 0 0
vt 0 0
vt 0 0
vt 0 0
vt 0 0
vt 0 0
vt 0 0
vt 0 0
vt 0 0
vt 0 0
vt 0 0
vt 0 0
vt 0 0
vt 0 0
vt 0 0
vt 0 0
vt 0 0
vt 0 0
vt 0 0
vt 0 0
vt 0 0
vt 0 0
vt 0 0
vt 0 0
vt 0 0
vt 0 0
vt 0 0
vt 0 0
vt 0 0
vt 0 0
vt 0 0
vt 0 0
vt 0 0
vt 0 0
vt 0 0
vt 0 0
vt 0 0
vt 0 0
vt 0 0
vt 0 0
vt 0 0
vt 0 0
vt 0 0
vt 0 0
vt 0 0
vt 0 0
vt 0 0
vt 0 0
vt 0 0
vt 0 0
vt 0 0
vt 0 0
vt 0 0
vt 0 0
vt 0 0
vt 0 0
vt 0 0
vt 0 0
vt 0 0
vt 0 0
vt 0 0
vt 0 0
vt 0 0
vt 0 0
vt 0 0
vt 0 0
vt 0 0
vt 0 0
vt 0 0
vt 0 0
vt 0 0
vt 0 0
vt 0 0
vt 0 0
vt 0 0
vt 0 0
vt 0 0
vt 0 0
vt 0 0
vt 0 0
vt 0 0
vt 0 0
vt 0 0
vt 0 0
vt 0 0
vt 0 0
vt 0 0
vt 0 0
vt 0 0
vt 0 0
vt 0 0
vt 0 0
vt 0 0
vt 0 0
vt 0 0
vt 0 0
vt 0 0
vt 0 0
vt 0 0
vt 0 0
vt 0 0
vt 0 0
vt 0 0
vt 0 0
vt 0 0
vt 0 0
vt 0 0
vt 0 0
vt 0 0
vt 0 0
vt 0 0
vt 0 0
vt 0 0
vt 0 0
vt 0 0
vt 0 0
vt 0 0
vt 0 0
vt 0 0
vt 0 0
vt 0 0
vt 0 0
vt 0 0
vt 0 0
vt 0 0
vt 0 0
vt 0 0
vt 0 0
vt 0 0
vt 0 0
vt 0 0
vt 0 0
vt 0 0
vt 0 0
vt 0 0
vt 0 0
vt 0 0
vt 0 0
vt 0 0
vt 0 0
vt 0 0
vt 0 0
vt 0 0
vt 0 0
vt 0 0
vt 0 0
vt 0 0
vt 0 0
vt 0 0
vt 0 0
vt 0 0
vt 0 0
vt 0 0
vt 0 0
vt 0 0
vt 0 0
vt 0 0
vt 0 0
vt 0 0
vt 0 0
vt 0 0
vt 0 0
vt 0 0
vt 0 0
vt 0 0
vt 0 0
vt 0 0
vt 0 0
vt 0 0
vt 0 0
vt 0 0
vt 0 0
vt 0 0
vt 0 0
vt 0 0
vt 0 0
vt 0 0
vt 0 0
vt 0 0
vt 0 0
vt 0 0
vt 0 0
vt 0 0
vt 0 0
vt 0 0
vt 0 0
vt 0 0
vt 0 0
vt 0 0
vt 0 0
vt 0 0
vt 0 0
vt 0 0
vt 0 0
vt 0 0
vt 0 0
vt 0 0
vt 0 0
vt 0 0
vt 0 0
vt 0 0
vt 0 0
vt 0 0
vt 0 0
vt 0 0
vt 0 0
vt 0 0
vt 0 0
vt 0 0
vt 0 0
vt 0 0
vt 0 0
vt 0 0
vt 0 0
vt 0 0
vt 0 0
vt 0 0
vt 0 0
vt 0 0
vt 0 0
vt 0 0
vt 0 0
vt 0 0
vt 0 0
vt 0 0
vt 0 0
vt 0 0
vt 0 0
vt 0 0
vt 0 0
vt 0 0
vt 0 0
vt 0 0
vt 0 0
vt 0 0
vt 0 0
vt 0 0
vt 0 0
vt 0 0
vt 0 0
vt 0 0
vt 0 0
vt 0 0
vt 0 0
vt 0 0
vt 0 0
vt 0 0
vt 0 0
vt 0 0
vt 0 0
vt 0 0
vt 0 0
vt 0 0
vt 0 0
vt 0 0
vt 0 0
vt 0 0
vt 0 0
vt 0 0
vt 0 0
vt 0 0
vt 0 0
vt 0 0
vt 0 0
vt 0 0
vt 0 0
vt 0 0
vt 0 0
vt 0 0
vt 0 0
vt 0 0
vt 0 0
vt 0 0
vt 0 0
vt 0 0
vt 0 0
vt 0 0
vt 0 0
vt 0 0
vt 0 0
vt 0 0
vt 0 0
vt 0 0
vt 0 0
vt 0 0
vt 0 0
vt 0 0
vt 0 0
vt 0 0
vt 0 0
vt 0 0
vt 0 0
vt 0 0
vt 0 0
vt 0 0
vt 0 0
vt 0 0
vt 0 0
vt 0 0
vt 0 0
vt 0 0
vt 0 0
vt 0 0
vt 0 0
vt 0 0
vt 0 0
vt 0 0
vt 0 0
vt 0 0
vt 0 0
vt 0 0
vt 0 0
vt 0 0
vt 0 0
vt 0 0
vt 0 0
vt 0 0
vt 0 0
vt 0 0
vt 0 0
vt 0 0
vt 0 0
vt 0 0
vt 0 0
vt 0 0
vt 0 0
vt 0 0
vt 0 0
vt 0 0
vt 0 0
vt 0 0
vt 0 0
vt 0 0
vt 0 0
vt 0 0
vt 0 0
vt 0 0
vt 0 0
vt 0 0
vt 0 0
vt 0 0
vt 0 0
vt 0 0
vt 0 0
vt 0 0
vt 0 0
vt 0 0
vt 0 0
vt 0 0
vt 0 0
vt 0 0
vt 0 0
vt 0 0
vt 0 0
vt 0 0
vt 0 0
vt 0 0
vt 0 0
vt 0 0
vt 0 0
vt 0 0
vt 0 0
vt 0 0
vt 0 0
vt 0 0
vt 0 0
vt 0 0
vt 0 0
vt 0 0
vt 0 0
vt 0 0
vt 0 0
vt 0 0
vt 0 0
vt 0 0
vt 0 0
vt 0 0
vt 0 0
vt 0 0
vt 0 0
vt 0 0
vt 0 0
vt 0 0
vt 0 0
vt 0 0
vt 0 0
vt 0 0
vt 0 0
vt 0 0
vt 0 0
vt 0 0
vt 0 0
vt 0 0
vt 0 0
vt 0 0
vt 0 0
vt 0 0
vt 0 0
vt 0 0
vt 0 0
vt 0 0
vt 0 0
vt 0 0
vt 0 0
vt 0 0
vt 0 0
vt 0 0
vt 0 0
vt 0 0
vt 0 0
vt 0 0
vt 0 0
vt 0 0
vt 0 0
vt 0 0
vt 0 0
vt 0 0
vt 0 0
vt 0 0
vt 0 0
vt 0 0
vt 0 0
vt 0 0
vt 0 0
vt 0 0
vt 0 0
vt 0 0
vt 0 0
vt 0 0
vt 0 0
vt 0 0
vt 0 0
vt 0 0
vt 0 0
vt 0 0
vt 0 0
vt 0 0
vt 0 0
vt 0 0
vt 0 0
vt 0 0
vt 0 0
vt 0 0
vt 0 0
vt 0 0
vt 0 0
vt 0 0
vt 0 0
vt 0 0
vt 0 0
vt 0 0
vt 0 0
vt 0 0
vt 0 0
vt 0 0
vt 0 0
vt 0 0
vt 0 0
vt 0 0
vt 0 0
vt 0 0
vt 0 0
vt 0 0
vt 0 0
vt 0 0
vt 0 0
vt 0 0
vt 0 0
vt 0 0
vt 0 0
vt 0 0
vt 0 0
vt 0 0
vt 0 0
vt 0 0
vt 0 0
vt 0 0
vt 0 0
vt 0 0
vt 0 0
vt 0 0
vt 0 0
vt 0 0
vt 0 0
vt 0 0
vt 0 0
vt 0 0
vt 0 0
vt 0 0
vt 0 0
vt 0 0
vt 0 0
vt 0 0
vt 0 0
vt 0 0
vt 0 0
vt 0 0
vt 0 0
vt 0 0
vt 0 0
vt 0 0
vt 0 0
vt 0 0
vt 0 0
vt 0 0
vt 0 0
vt 0 0
vt 0 0
vt 0 0
vt 0 0
vt 0 0
vt 0 0
vt 0 0
vt 0 0
vt 0 0
vt 0 0
vt 0 0
vt 0 0
vt 0 0
vt 0 0
vt 0 0
vt 0 0
vt 0 0
vt 0 0
vt 0 0
vt 0 0
vt 0 0
vt 0 0
vt 0 0
vt 0 0
vt 0 0
vt 0 0
vt 0 0
vt 0 0
vt 0 0
vt 0 0
vt 0 0
vt 0 0
vt 0 0
vt 0 0
vt 0 0
vt 0 0
vt 0 0
vt 0 0
vt 0 0
vt 0 0
vt 0 0
vt 0 0
vt 0 0
vt 0 0
vt 0 0
vt 0 0
vt 0 0
vt 0 0
vt 0 0
vt 0 0
vt 0 0
vt 0 0
vt 0 0
vt 0 0
vt 0 0
vt 0 0
vt 0 0
vt 0 0
vt 0 0
vt 0 0
vt 0 0
vt 0 0
vt 0 0
vt 0 0
vt 0 0
vt 0 0
vt 0 0
vt 0 0
vt 0 0
vt 0 0
vt 0 0
vt 0 0
vt 0 0
vt 0 0
vt 0 0
vt 0 0
vt 0 0
vt 0 0
vt 0 0
vt 0 0
vt 0 0
vt 0 0
vt 0 0
vt 0 0
vt 0 0
vt 0 0
vt 0 0
vt 0 0
vt 0 0
vt 0 0
vt 0 0
vt 0 0
vt 0 0
vt 0 0
vt 0 0
vt 0 0
vt 0 0
vt 0 0
vt 0 0
vt 0 0
vt 0 0
vt 0 0
vt 0 0
vt 0 0
vt 0 0
vt 0 0
vt 0 0
vt 0 0
vt 0 0
vt 0 0
vt 0 0
vt 0 0
vt 0 0
vt 0 0
vt 0 0
vt 0 0
vt 0 0
vt 0 0
vt 0 0
vt 0 0
vt 0 0
vt 0 0
vt 0 0
vt 0 0
vt 0 0
vt 0 0
vt 0 0
vt 0 0
vt 0 0
vt 0 0
vt 0 0
vt 0 0
vt 0 0
vt 0 0
vt 0 0
vt 0 0
vt 0 0
vt 0 0
vt 0 0
vt 0 0
vt 0 0
vt 0 0
vt 0 0
vt 0 0
vt 0 0
vt 0 0
vt 0 0
vt 0 0
vt 0 0
vt 0 0
vt 0 0
vt 0 0
vt 0 0
vt 0 0
vt 0 0
vt 0 0
vt 0 0
vt 0 0
vt 0 0
vt 0 0
vt 0 0
vt 0 0
vt 0 0
vt 0 0
vt 0 0
vt 0 0
vt 0 0
vt 0 0
vt 0 0
vt 0 0
vt 0 0
vt 0 0
vt 0 0
vt 0 0
vt 0 0
vt 0 0
vt 0 0
vt 0 0
vt 0 0
vt 0 0
vt 0 0
vt 0 0
vt 0 0
vt 0 0
vt 0 0
vt 0 0
vt 0 0
vt 0 0
vt 0 0
vt 0 0
vt 0 0
vt 0 0
vt 0 0
vt 0 0
vt 0 0
vt 0 0
vt 0 0
vt 0 0
vt 0 0
vt 0 0
vt 0 0
vt 0 0
vt 0 0
vt 0 0
vt 0 0
vt 0 0
vt 0 0
vt 0 0
vt 0 0
vt 0 0
vt 0 0
vt 0 0
vt 0 0
vt 0 0
vt 0 0
vt 0 0
vt 0 0
vt 0 0
vt 0 0
vt 0 0
vt 0 0
vt 0 0
vt 0 0
vt 0 0
vt 0 0
vt 0 0
vt 0 0
vt 0 0
vt 0 0
vt 0 0
vt 0 0
vt 0 0
vt 0 0
vt 0 0
vt 0 0
vt 0 0
vt 0 0
vt 0 0
vt 0 0
vt 0 0
vt 0 0
vt 0 0
vt 0 0
vt 0 0
vt 0 0
vt 0 0
vt 0 0
vt 0 0
vt 0 0
vt 0 0
vt 0 0
vt 0 0
vt 0 0
vt 0 0
vt 0 0
vt 0 0
vt 0 0
vt 0 0
vt 0 0
vt 0 0
vt 0 0
vt 0 0
vt 0 0
vt 0 0
vt 0 0
vt 0 0
vt 0 0
vt 0 0
vt 0 0
vt 0 0
vt 0 0
vt 0 0
vt 0 0
vt 0 0
vt 0 0
vt 0 0
vt 0 0
vt 0 0
vt 0 0
vt 0 0
vt 0 0
vt 0 0
vt 0 0
vt 0 0
vt 0 0
vt 0 0
vt 0 0
vt 0 0
vt 0 0
vt 0 0
vt 0 0
vt 0 0
vt 0 0
vt 0 0
vt 0 0
vt 0 0
vt 0 0
vt 0 0
vt 0 0
vt 0 0
vt 0 0
vt 0 0
vt 0 0
vt 0 0
vt 0 0
vt 0 0
vt 0 0
vt 0 0
vt 0 0
vt 0 0
vt 0 0
vt 0 0
vt 0 0
vt 0 0
vt 0 0
vt 0 0
vt 0 0
vt 0 0
vt 0 0
vt 0 0
vt 0 0
vt 0 0
vt 0 0
vt 0 0
vt 0 0
vt 0 0
vt 0 0
vt 0 0
vt 0 0
vt 0 0
vt 0 0
vt 0 0
vt 0 0
vt 0 0
vt 0 0
vt 0 0
vt 0 0
vt 0 0
vt 0 0
vt 0 0
vt 0 0
vt 0 0
vt 0 0
vt 0 0
vt 0 0
vt 0 0
vt 0 0
vt 0 0
vt 0 0
vt 0 0
vt 0 0
vt 0 0
vt 0 0
vt 0 0
vt 0 0
vt 0 0
vt 0 0
vt 0 0
vt 0 0
vt 0 0
vt 0 0
vt 0 0
vt 0 0
vt 0 0
vt 0 0
vt 0 0
vt 0 0
vt 0 0
vt 0 0
vt 0 0
vt 0 0
vt 0 0
vt 0 0
vt 0 0
vt 0 0
vt 0 0
vt 0 0
vt 0 0
vt 0 0
vt 0 0
vt 0 0
vt 0 0
vt 0 0
vt 0 0
vt 0 0
vt 0 0
vt 0 0
vt 0 0
vt 0 0
vt 0 0
vt 0 0
vt 0 0
vt 0 0
vt 0 0
vt 0 0
vt 0 0
vt 0 0
vt 0 0
vt 0 0
vt 0 0
vt 0 0
vt 0 0
vt 0 0
vt 0 0
vt 0 0
vt 0 0
vt 0 0
vt 0 0
vt 0 0
vt 0 0
vt 0 0
vt 0 0
vt 0 0
vt 0 0
vt 0 0
vt 0 0
vt 0 0
vt 0 0
vt 0 0
vt 0 0
vt 0 0
vt 0 0
vt 0 0
vt 0 0
vt 0 0
vt 0 0
vt 0 0
vt 0 0
vt 0 0
vt 0 0
vt 0 0
vt 0 0
vt 0 0
vt 0 0
vt 0 0
vt 0 0
vt 0 0
vt 0 0
vt 0 0
vt 0 0
vt 0 0
vt 0 0
vt 0 0
vt 0 0
vt 0 0
vt 0 0
vt 0 0
vt 0 0
vt 0 0
vt 0 0
vt 0 0
vt 0 0
vt 0 0
vt 0 0
vt 0 0
vt 0 0
vt 0 0
vt 0 0
vt 0 0
vt 0 0
vt 0 0
vt 0 0
vt 0 0
vt 0 0
vt 0 0
vt 0 0
vt 0 0
vt 0 0
vt 0 0
vt 0 0
vt 0 0
vt 0 0
vt 0 0
vt 0 0
vt 0 0
vt 0 0
vt 0 0
vt 0 0
vt 0 0
vt 0 0
vt 0 0
vt 0 0
vt 0 0
vt 0 0
vt 0 0
vt 0 0
vt 0 0
vt 0 0
vt 0 0
vt 0 0
vt 0 0
vt 0 0
vt 0 0
vt 0 0
vt 0 0
vt 0 0
vt 0 0
vt 0 0
vt 0 0
vt 0 0
vt 0 0
vt 0 0
vt 0 0
vt 0 0
vt 0 0
vt 0 0
vt 0 0
vt 0 0
vt 0 0
vt 0 0
vt 0 0
vt 0 0
vt 0 0
vt 0 0
vt 0 0
vt 0 0
vt 0 0
vt 0 0
vt 0 0
vt 0 0
vt 0 0
vt 0 0
vt 0 0
vt 0 0
vt 0 0
vt 0 0
vt 0 0
vt 0 0
vt 0 0
vt 0 0
vt 0 0
vt 0 0
vt 0 0
vt 0 0
vt 0 0
vt 0 0
vt 0 0
vt 0 0
vt 0 0
vt 0 0
vt 0 0
vt 0 0
vt 0 0
vt 0 0
vt 0 0
vt 0 0
vt 0 0
vt 0 0
vt 0 0
vt 0 0
vt 0 0
vt 0 0
vt 0 0
vt 0 0
vt 0 0
vt 0 0
vt 0 0
vt 0 0
vt 0 0
vt 0 0
vt 0 0
vt 0 0
vt 0 0
vt 0 0
vt 0 0
vt 0 0
vt 0 0
vt 0 0
vt 0 0
vt 0 0
vt 0 0
vt 0 0
vt 0 0
vt 0 0
vt 0 0
vt 0 0
vt 0 0
vt 0 0
vt 0 0
vt 0 0
vt 0 0
vt 0 0
vt 0 0
vt 0 0
vt 0 0
vt 0 0
vt 0 0
vt 0 0
vt 0 0
vt 0 0
vt 0 0
vt 0 0
vt 0 0
vt 0 0
vt 0 0
vt 0 0
vt 0 0
vt 0 0
vt 0 0
vt 0 0
vt 0 0
vt 0 0
vt 0 0
vt 0 0
vt 0 0
vt 0 0
vt 0 0
vt 0 0
vt 0 0
vt 0 0
vt 0 0
vt 0 0
vt 0 0
vt 0 0
vt 0 0
vt 0 0
vt 0 0
vt 0 0
vt 0 0
vt 0 0
vt 0 0
vt 0 0
vt 0 0
vt 0 0
vt 0 0
vt 0 0
vt 0 0
vt 0 0
vt 0 0
vt 0 0
vt 0 0
vt 0 0
vt 0 0
vt 0 0
vt 0 0
vt 0 0
vt 0 0
vt 0 0
vt 0 0
vt 0 0
vt 0 0
vt 0 0
vt 0 0
vt 0 0
vt 0 0
vt 0 0
vt 0 0
vt 0 0
vt 0 0
vt 0 0
vt 0 0
vt 0 0
vt 0 0
vt 0 0
vt 0 0
vt 0 0
vt 0 0
vt 0 0
vt 0 0
vt 0 0
vt 0 0
vt 0 0
vt 0 0
vt 0 0
vt 0 0
vt 0 0
vt 0 0
vt 0 0
vt 0 0
vt 0 0
vt 0 0
vt 0 0
vt 0 0
vt 0 0
vt 0 0
vt 0 0
vt 0 0
vt 0 0
vt 0 0
vt 0 0
vt 0 0
vt 0 0
vt 0 0
vt 0 0
vt 0 0
vt 0 0
vt 0 0
vt 0 0
vt 0 0
vt 0 0
vt 0 0
vt 0 0
vt 0 0
vt 0 0
vt 0 0
vt 0 0
vt 0 0
vt 0 0
vt 0 0
vt 0 0
vt 0 0
vt 0 0
vt 0 0
vt 0 0
vt 0 0
vt 0 0
vt 0 0
vt 0 0
vt 0 0
vt 0 0
vt 0 0
vt 0 0
vt 0 0
vt 0 0
vt 0 0
vt 0 0
vt 0 0
vt 0 0
vt 0 0
vt 0 0
vt 0 0
vt 0 0
vt 0 0
vt 0 0
vt 0 0
vt 0 0
vt 0 0
vt 0 0
vt 0 0
vt 0 0
vt 0 0
vt 0 0
vt 0 0
vt 0 0
vt 0 0
vt 0 0
vt 0 0
vt 0 0
vt 0 0
vt 0 0
vt 0 0
vt 0 0
vt 0 0
vt 0 0
vt 0 0
vt 0 0
vt 0 0
vt 0 0
vt 0 0
vt 0 0
vt 0 0
vt 0 0
vt 0 0
vt 0 0
vt 0 0
vt 0 0
vt 0 0
vt 0 0
vt 0 0
vt 0 0
vt 0 0
vt 0 0
vt 0 0
vt 0 0
vt 0 0
vt 0 0
vt 0 0
vt 0 0
vt 0 0
vt 0 0
vt 0 0
vt 0 0
vt 0 0
vt 0 0
vt 0 0
vt 0 0
vt 0 0
vt 0 0
vt 0 0
vt 0 0
vt 0 0
vt 0 0
vt 0 0
vt 0 0
vt 0 0
vt 0 0
vt 0 0
vt 0 0
vt 0 0
vt 0 0
vt 0 0
vt 0 0
vt 0 0
vt 0 0
vt 0 0
vt 0 0
vt 0 0
vt 0 0
vt 0 0
vt 0 0
vt 0 0
vt 0 0
vt 0 0
vt 0 0
vt 0 0
vt 0 0
vt 0 0
vt 0 0
vt 0 0
vt 0 0
vt 0 0
vt 0 0
vt 0 0
vt 0 0
vt 0 0
vt 0 0
vt 0 0
vt 0 0
vt 0 0
vt 0 0
vt 0 0
vt 0 0
vt 0 0
vt 0 0
vt 0 0
vt 0 0
vt 0 0
vt 0 0
vt 0 0
vt 0 0
vt 0 0
vt 0 0
vt 0 0
vt 0 0
vt 0 0
vt 0 0
vt 0 0
vt 0 0
vt 0 0
vt 0 0
vt 0 0
vt 0 0
vt 0 0
vt 0 0
vt 0 0
vt 0 0
vt 0 0
vt 0 0
vt 0 0
vt 0 0
vt 0 0
vt 0 0
vt 0 0
vt 0 0
vt 0 0
vt 0 0
vt 0 0
vt 0 0
vt 0 0
vt 0 0
vt 0 0
vt 0 0
vt 0 0
vt 0 0
vt 0 0
vt 0 0
vt 0 0
vt 0 0
vt 0 0
vt 0 0
vt 0 0
vt 0 0
vt 0 0
vt 0 0
vt 0 0
vt 0 0
vt 0 0
vt 0 0
vt 0 0
vt 0 0
vt 0 0
vt 0 0
vt 0 0
vt 0 0
vt 0 0
vt 0 0
vt 0 0
vt 0 0
vt 0 0
vt 0 0
vt 0 0
vt 0 0
vt 0 0
vt 0 0
vt 0 0
vt 0 0
vt 0 0
vt 0 0
vt 0 0
vt 0 0
vt 0 0
vt 0 0
vt 0 0
vt 0 0
vt 0 0
vt 0 0
vt 0 0
vt 0 0
vt 0 0
vt 0 0
vt 0 0
vt 0 0
vt 0 0
vt 0 0
vt 0 0
vt 0 0
vt 0 0
vt 0 0
vt 0 0
vt 0 0
vt 0 0
vt 0 0
vt 0 0
vt 0 0
vt 0 0
vt 0 0
vt 0 0
vt 0 0
vt 0 0
vt 0 0
vt 0 0
vt 0 0
vt 0 0
vt 0 0
vt 0 0
vt 0 0
vt 0 0
vt 0 0
vt 0 0
vt 0 0
vt 0 0
vt 0 0
vt 0 0
vt 0 0
vt 0 0
vt 0 0
vt 0 0
vt 0 0
vt 0 0
vt 0 0
vt 0 0
vt 0 0
vt 0 0
vt 0 0
vt 0 0
vt 0 0
vt 0 0
vt 0 0
vt 0 0
vt 0 0
vt 0 0
vt 0 0
vt 0 0
vt 0 0
vt 0 0
vt 0 0
vt 0 0
vt 0 0
vt 0 0
vt 0 0
vt 0 0
vt 0 0
vt 0 0
vt 0 0
vt 0 0
vt 0 0
vt 0 0
vt 0 0
vt 0 0
vt 0 0
vt 0 0
vt 0 0
vt 0 0
vt 0 0
vt 0 0
vt 0 0
vt 0 0
vt 0 0
vt 0 0
vt 0 0
vt 0 0
vt 0 0
vt 0 0
vt 0 0
vt 0 0
vt 0 0
vt 0 0
vt 0 0
vt 0 0
vt 0 0
vt 0 0
vt 0 0
vt 0 0
vt 0 0
vt 0 0
vt 0 0
vt 0 0
vt 0 0
vt 0 0
vt 0 0
vt 0 0
vt 0 0
vt 0 0
vt 0 0
vt 0 0
vt 0 0
vt 0 0
vt 0 0
vt 0 0
vt 0 0
vt 0 0
vt 0 0
vt 0 0
vt 0 0
vt 0 0
vt 0 0
vt 0 0
vt 0 0
vt 0 0
vt 0 0
vt 0 0
vt 0 0
vt 0 0
vt 0 0
vt 0 0
vt 0 0
vt 0 0
vt 0 0
vt 0 0
vt 0 0
vt 0 0
vt 0 0
vt 0 0
vt 0 0
vt 0 0
vt 0 0
vt 0 0
vt 0 0
vt 0 0
vt 0 0
vt 0 0
vt 0 0
vt 0 0
vt 0 0
vt 0 0
vt 0 0
vt 0 0
vt 0 0
vt 0 0
vt 0 0
vt 0 0
vt 0 0
vt 0 0
vt 0 0
vt 0 0
vt 0 0
vt 0 0
vt 0 0
vt 0 0
vt 0 0
vt 0 0
vt 0 0
vt 0 0
vt 0 0
vt 0 0
vt 0 0
vt 0 0
vt 0 0
vt 0 0
vt 0 0
vt 0 0
vt 0 0
vt 0 0
vt 0 0
vt 0 0
vt 0 0
vt 0 0
vt 0 0
vt 0 0
vt 0 0
vt 0 0
vt 0 0
vt 0 0
vt 0 0
vt 0 0
vt 0 0
vt 0 0
vt 0 0
vt 0 0
vt 0 0
vt 0 0
vt 0 0
vt 0 0
vt 0 0
vt 0 0
vt 0 0
vt 0 0
vt 0 0
vt 0 0
vt 0 0
vt 0 0
vt 0 0
vt 0 0
vt 0 0
vt 0 0
vt 0 0
vt 0 0
vt 0 0
vt 0 0
vt 0 0
vt 0 0
vt 0 0
vt 0 0
vt 0 0
vt 0 0
vt 0 0
vt 0 0
vt 0 0
vt 0 0
vt 0 0
vt 0 0
vt 0 0
vt 0 0
vt 0 0
vt 0 0
vt 0 0
vt 0 0
vt 0 0
vt 0 0
vt 0 0
vt 0 0
vt 0 0
vt 0 0
vt 0 0
vt 0 0
vt 0 0
vt 0 0
vt 0 0
vt 0 0
vt 0 0
vt 0 0
vt 0 0
vt 0 0
vt 0 0
vt 0 0
vt 0 0
vt 0 0
vt 0 0
vt 0 0
vt 0 0
vt 0 0
vt 0 0
vt 0 0
vt 0 0
vt 0 0
vt 0 0
vt 0 0
vt 0 0
vt 0 0
vt 0 0
vt 0 0
vt 0 0
vt 0 0
vt 0 0
vt 0 0
vt 0 0
vt 0 0
vt 0 0
vt 0 0
vt 0 0
vt 0 0
vt 0 0
vt 0 0
vt 0 0
vt 0 0
vt 0 0
vt 0 0
vt 0 0
vt 0 0
vt 0 0
vt 0 0
vt 0 0
vt 0 0
vt 0 0
vt 0 0
vt 0 0
vt 0 0
vt 0 0
vt 0 0
vt 0 0
vt 0 0
vt 0 0
vt 0 0
vt 0 0
vt 0 0
vt 0 0
vt 0 0
vt 0 0
vt 0 0
vt 0 0
vt 0 0
vt 0 0
vt 0 0
vt 0 0
vt 0 0
vt 0 0
vt 0 0
vt 0 0
vt 0 0
vt 0 0
vt 0 0
vt 0 0
vt 0 0
vt 0 0
vt 0 0
vt 0 0
vt 0 0
vt 0 0
vt 0 0
vt 0 0
vt 0 0
vt 0 0
vt 0 0
vt 0 0
vt 0 0
vt 0 0
vt 0 0
vt 0 0
vt 0 0
vt 0 0
vt 0 0
vt 0 0
vt 0 0
vt 0 0
vt 0 0
vt 0 0
vt 0 0
vt 0 0
vt 0 0
vt 0 0
vt 0 0
vt 0 0
vt 0 0
vt 0 0
vt 0 0
vt 0 0
vt 0 0
vt 0 0
vt 0 0
vt 0 0
vt 0 0
vt 0 0
vt 0 0
vt 0 0
vt 0 0
vt 0 0
vt 0 0
vt 0 0
vt 0 0
vt 0 0
vt 0 0
vt 0 0
vt 0 0
vt 0 0
vt 0 0
vt 0 0
vt 0 0
vt 0 0
vt 0 0
vt 0 0
vt 0 0
vt 0 0
vt 0 0
vt 0 0
vt 0 0
vt 0 0
vt 0 0
vt 0 0
vt 0 0
vt 0 0
vt 0 0
vt 0 0
vt 0 0
vt 0 0
vt 0 0
vt 0 0
vt 0 0
vt 0 0
vt 0 0
vt 0 0
vt 0 0
vt 0 0
vt 0 0
vt 0 0
vt 0 0
vt 0 0
vt 0 0
vt 0 0
vt 0 0
vt 0 0
vt 0 0
vt 0 0
vt 0 0
vt 0 0
vt 0 0
vt 0 0
vt 0 0
vt 0 0
vt 0 0
vt 0 0
vt 0 0
vt 0 0
vt 0 0
vt 0 0
vt 0 0
vt 0 0
vt 0 0
vt 0 0
vt 0 0
vt 0 0
vt 0 0
vt 0 0
vt 0 0
vt 0 0
vt 0 0
vt 0 0
vt 0 0
vt 0 0
vt 0 0
vt 0 0
vt 0 0
vt 0 0
vt 0 0
vt 0 0
vt 0 0
vt 0 0
vt 0 0
vt 0 0
vt 0 0
vt 0 0
vt 0 0
vt 0 0
vt 0 0
vt 0 0
vt 0 0
vt 0 0
vt 0 0
vt 0 0
vt 0 0
vt 0 0
vt 0 0
vt 0 0
vt 0 0
vt 0 0
vt 0 0
vt 0 0
vt 0 0
vt 0 0
vt 0 0
vt 0 0
vt 0 0
vt 0 0
vt 0 0
vt 0 0
vt 0 0
vt 0 0
vt 0 0
vt 0 0
vt 0 0
vt 0 0
vt 0 0
vt 0 0
vt 0 0
vt 0 0
vt 0 0
vt 0 0
vt 0 0
vt 0 0
vt 0 0
vt 0 0
vt 0 0
vt 0 0
vt 0 0
vt 0 0
vt 0 0
vt 0 0
vt 0 0
vt 0 0
vt 0 0
vt 0 0
vt 0 0
vt 0 0
vt 0 0
vt 0 0
vt 0 0
vt 0 0
vt 0 0
vt 0 0
vt 0 0
vt 0 0
vt 0 0
vt 0 0
vt 0 0
vt 0 0
vt 0 0
vt 0 0
vt 0 0
vt 0 0
vt 0 0
vt 0 0
vt 0 0
vt 0 0
vt 0 0
vt 0 0
vt 0 0
vt 0 0
vt 0 0
vt 0 0
vt 0 0
vt 0 0
vt 0 0
vt 0 0
vt 0 0
vt 0 0
vt 0 0
vt 0 0
vt 0 0
vt 0 0
vt 0 0
vt 0 0
vt 0 0
vt 0 0
vt 0 0
vt 0 0
vt 0 0
vt 0 0
vt 0 0
vt 0 0
vt 0 0
vt 0 0
vt 0 0
vt 0 0
vt 0 0
vt 0 0
vt 0 0
vt 0 0
vt 0 0
vt 0 0
vt 0 0
vt 0 0
vt 0 0
vt 0 0
vt 0 0
vt 0 0
vt 0 0
vt 0 0
vt 0 0
vt 0 0
vt 0 0
vt 0 0
vt 0 0
vt 0 0
vt 0 0
vt 0 0
vt 0 0
vt 0 0
vt 0 0
vt 0 0
vt 0 0
vt 0 0
vt 0 0
vt 0 0
vt 0 0
vt 0 0
vt 0 0
vt 0 0
vt 0 0
vt 0 0
vt 0 0
vt 0 0
vt 0 0
vt 0 0
vt 0 0
vt 0 0
vt 0 0
vt 0 0
vt 0 0
vt 0 0
vt 0 0
vt 0 0
vt 0 0
vt 0 0
vt 0 0
vt 0 0
vt 0 0
vt 0 0
vt 0 0
vt 0 0
vt 0 0
vt 0 0
vt 0 0
vt 0 0
vt 0 0
vt 0 0
vt 0 0
vt 0 0
vt 0 0
vt 0 0
vt 0 0
vt 0 0
vt 0 0
vt 0 0
vt 0 0
vt 0 0
vt 0 0
vt 0 0
vt 0 0
vt 0 0
vt 0 0
vt 0 0
vt 0 0
vt 0 0
vt 0 0
vt 0 0
vt 0 0
vt 0 0
vt 0 0
vt 0 0
vt 0 0
vt 0 0
vt 0 0
vt 0 0
vt 0 0
vt 0 0
vt 0 0
vt 0 0
vt 0 0
vt 0 0
vt 0 0
vt 0 0
vt 0 0
vt 0 0
vt 0 0
vt 0 0
vt 0 0
vt 0 0
vt 0 0
vt 0 0
vt 0 0
vt 0 0
vt 0 0
vt 0 0
vt 0 0
vt 0 0
vt 0 0
vt 0 0
vt 0 0
vt 0 0
vt 0 0
vt 0 0
vt 0 0
vt 0 0
vt 0 0
vt 0 0
vt 0 0
vt 0 0
vt 0 0
vt 0 0
vt 0 0
vt 0 0
vt 0 0
vt 0 0
vt 0 0
vt 0 0
vt 0 0
vt 0 0
vt 0 0
vt 0 0
vt 0 0
vt 0 0
vt 0 0
vt 0 0
vt 0 0
vt 0 0
vt 0 0
vt 0 0
vt 0 0
vt 0 0
vt 0 0
vt 0 0
vt 0 0
vt 0 0
vt 0 0
vt 0 0
vt 0 0
vt 0 0
vt 0 0
vt 0 0
vt 0 0
vt 0 0
vt 0 0
vt 0 0
vt 0 0
vt 0 0
vt 0 0
vt 0 0
vt 0 0
vt 0 0
vt 0 0
vt 0 0
vt 0 0
vt 0 0
vt 0 0
vt 0 0
vt 0 0
vt 0 0
vt 0 0
vt 0 0
vt 0 0
vt 0 0
vt 0 0
vt 0 0
vt 0 0
vt 0 0
vt 0 0
vt 0 0
vt 0 0
vt 0 0
vt 0 0
vt 0 0
vt 0 0
vt 0 0
vt 0 0
vt 0 0
vt 0 0
vt 0 0
vt 0 0
vt 0 0
vt 0 0
vt 0 0
vt 0 0
vt 0 0
vt 0 0
vt 0 0
vt 0 0
vt 0 0
vt 0 0
vt 0 0
vt 0 0
vt 0 0
vt 0 0
vt 0 0
vt 0 0
vt 0 0
vt 0 0
vt 0 0
vt 0 0
vt 0 0
vt 0 0
vt 0 0
vt 0 0
vt 0 0
vt 0 0
vt 0 0
vt 0 0
vt 0 0
vt 0 0
vt 0 0
vt 0 0
vt 0 0
vt 0 0
vt 0 0
vt 0 0
vt 0 0
vt 0 0
vt 0 0
vt 0 0
vt 0 0
vt 0 0
vt 0 0
vt 0 0
vt 0 0
vt 0 0
vt 0 0
vt 0 0
vt 0 0
vt 0 0
vt 0 0
vt 0 0
vt 0 0
vt 0 0
vt 0 0
vt 0 0
vt 0 0
vt 0 0
vt 0 0
vt 0 0
vt 0 0
vt 0 0
vt 0 0
vt 0 0
vt 0 0
vt 0 0
vt 0 0
vt 0 0
vt 0 0
vt 0 0
vt 0 0
vt 0 0
vt 0 0
vt 0 0
vt 0 0
vt 0 0
vt 0 0
vt 0 0
vt 0 0
vt 0 0
vt 0 0
vt 0 0
vt 0 0
vt 0 0
vt 0 0
vt 0 0
vt 0 0
vt 0 0
vt 0 0
vt 0 0
vt 0 0
vt 0 0
vt 0 0
vt 0 0
vt 0 0
vt 0 0
vt 0 0
vt 0 0
vt 0 0
vt 0 0
vt 0 0
vt 0 0
vt 0 0
vt 0 0
vt 0 0
vt 0 0
vt 0 0
vt 0 0
vt 0 0
vt 0 0
vt 0 0
vt 0 0
vt 0 0
vt 0 0
vt 0 0
vt 0 0
vt 0 0
vt 0 0
vt 0 0
vt 0 0
vt 0 0
vt 0 0
vt 0 0
vt 0 0
vt 0 0
vt 0 0
vt 0 0
vt 0 0
vt 0 0
vt 0 0
vt 0 0
vt 0 0
vt 0 0
vt 0 0
vt 0 0
vt 0 0
vt 0 0
vt 0 0
vt 0 0
vt 0 0
vt 0 0
vt 0 0
vt 0 0
vt 0 0
vt 0 0
vt 0 0
vt 0 0
vt 0 0
vt 0 0
vt 0 0
vt 0 0
vt 0 0
vt 0 0
vt 0 0
vt 0 0
vt 0 0
vt 0 0
vt 0 0
vt 0 0
vt 0 0
vt 0 0
vt 0 0
vt 0 0
vt 0 0
vt 0 0
vt 0 0
vt 0 0
vt 0 0
vt 0 0
vt 0 0
vt 0 0
vt 0 0
vt 0 0
vt 0 0
vt 0 0
vt 0 0
vt 0 0
vt 0 0
vt 0 0
vt 0 0
vt 0 0
vt 0 0
vt 0 0
vt 0 0
vt 0 0
vt 0 0
vt 0 0
vt 0 0
vt 0 0
vt 0 0
vt 0 0
vt 0 0
vt 0 0
vt 0 0
vt 0 0
vt 0 0
vt 0 0
vt 0 0
vt 0 0
vt 0 0
vt 0 0
vt 0 0
vt 0 0
vt 0 0
vt 0 0
vt 0 0
vt 0 0
vt 0 0
vt 0 0
vt 0 0
vt 0 0
vt 0 0
vt 0 0
vt 0 0
vt 0 0
vt 0 0
vt 0 0
vt 0 0
vt 0 0
vt 0 0
vt 0 0
vt 0 0
vt 0 0
vt 0 0
vt 0 0
vt 0 0
vt 0 0
vt 0 0
vt 0 0
vt 0 0
vt 0 0
vt 0 0
vt 0 0
vt 0 0
vt 0 0
vt 0 0
vt 0 0
vt 0 0
vt 0 0
vt 0 0
vt 0 0
vt 0 0
vt 0 0
vt 0 0
vt 0 0
vt 0 0
vt 0 0
vt 0 0
vt 0 0
vt 0 0
vt 0 0
vt 0 0
vt 0 0
vt 0 0
vt 0 0
vt 0 0
vt 0 0
vt 0 0
vt 0 0
vt 0 0
vt 0 0
vt 0 0
vt 0 0
vt 0 0
vt 0 0
vt 0 0
vt 0 0
vt 0 0
vt 0 0
vt 0 0
vt 0 0
vt 0 0
vt 0 0
vt 0 0
vt 0 0
vt 0 0
vt 0 0
vt 0 0
vt 0 0
vt 0 0
vt 0 0
vt 0 0
vt 0 0
vt 0 0
vt 0 0
vt 0 0
vt 0 0
vt 0 0
vt 0 0
vt 0 0
vt 0 0
vt 0 0
vt 0 0
vt 0 0
vt 0 0
vt 0 0
vt 0 0
vt 0 0
vt 0 0
vt 0 0
vt 0 0
vt 0 0
vt 0 0
vt 0 0
vt 0 0
vt 0 0
vt 0 0
vt 0 0
vt 0 0
vt 0 0
vt 0 0
vt 0 0
vt 0 0
vt 0 0
vt 0 0
vt 0 0
vt 0 0
vt 0 0
vt 0 0
vt 0 0
vt 0 0
vt 0 0
vt 0 0
vt 0 0
vt 0 0
vt 0 0
vt 0 0
vt 0 0
vt 0 0
vt 0 0
vt 0 0
vt 0 0
vt 0 0
vt 0 0
vt 0 0
vt 0 0
vt 0 0
vt 0 0
vt 0 0
vt 0 0
vt 0 0
vt 0 0
vt 0 0
vt 0 0
vt 0 0
vt 0 0
vt 0 0
vt 0 0
vt 0 0
vt 0 0
vt 0 0
vt 0 0
vt 0 0
vt 0 0
vt 0 0
vt 0 0
vt 0 0
vt 0 0
vt 0 0
vt 0 0
vt 0 0
vt 0 0
vt 0 0
vt 0 0
vt 0 0
vt 0 0
vt 0 0
vt 0 0
vt 0 0
vt 0 0
vt 0 0
vt 0 0
vt 0 0
vt 0 0
vt 0 0
vt 0 0
vt 0 0
vt 0 0
vt 0 0
vt 0 0
vt 0 0
vt 0 0
vt 0 0
vt 0 0
vt 0 0
vt 0 0
vt 0 0
vt 0 0
vt 0 0
vt 0 0
vt 0 0
vt 0 0
vt 0 0
vt 0 0
vt 0 0
vt 0 0
vt 0 0
vt 0 0
vt 0 0
vt 0 0
vt 0 0
vt 0 0
vt 0 0
vt 0 0
vt 0 0
vt 0 0
vt 0 0
vt 0 0
vt 0 0
vt 0 0
vt 0 0
vt 0 0
vt 0 0
vt 0 0
vt 0 0
vt 0 0
vt 0 0
vt 0 0
vt 0 0
vt 0 0
vt 0 0
vt 0 0
vt 0 0
vt 0 0
vt 0 0
vt 0 0
vt 0 0
vt 0 0
vt 0 0
vt 0 0
vt 0 0
vt 0 0
vt 0 0
vt 0 0
vt 0 0
vt 0 0
vt 0 0
vt 0 0
vt 0 0
vt 0 0
vt 0 0
vt 0 0
vt 0 0
vt 0 0
vt 0 0
vt 0 0
vt 0 0
vt 0 0
vt 0 0
vt 0 0
vt 0 0
vt 0 0
vt 0 0
vt 0 0
vt 0 0
vt 0 0
vt 0 0
vt 0 0
vt 0 0
vt 0 0
vt 0 0
vt 0 0
vt 0 0
vt 0 0
vt 0 0
vt 0 0
vt 0 0
vt 0 0
vt 0 0
vt 0 0
vt 0 0
vt 0 0
vt 0 0
vt 0 0
vt 0 0
vt 0 0
vt 0 0
vt 0 0
vt 0 0
vt 0 0
vt 0 0
vt 0 0
vt 0 0
vt 0 0
vt 0 0
vt 0 0
vt 0 0
vt 0 0
vt 0 0
vt 0 0
vt 0 0
vt 0 0
vt 0 0
vt 0 0
vt 0 0
vt 0 0
vt 0 0
vt 0 0
vt 0 0
vt 0 0
vt 0 0
vt 0 0
vt 0 0
vt 0 0
vt 0 0
vt 0 0
vt 0 0
vt 0 0
vt 0 0
vt 0 0
vt 0 0
vt 0 0
vt 0 0
vt 0 0
vt 0 0
vt 0 0
vt 0 0
vt 0 0
vt 0 0
vt 0 0
vt 0 0
vt 0 0
vt 0 0
vt 0 0
vt 0 0
vt 0 0
vt 0 0
vt 0 0
vt 0 0
vt 0 0
vt 0 0
vt 0 0
vt 0 0
vt 0 0
vt 0 0
vt 0 0
vt 0 0
vt 0 0
vt 0 0
vt 0 0
vt 0 0
vt 0 0
vt 0 0
vt 0 0
vt 0 0
vt 0 0
vt 0 0
vt 0 0
vt 0 0
vt 0 0
vt 0 0
vt 0 0
vt 0 0
vt 0 0
vt 0 0
vt 0 0
vt 0 0
vt 0 0
vt 0 0
vt 0 0
vt 0 0
vt 0 0
vt 0 0
vt 0 0
vt 0 0
vt 0 0
vt 0 0
vt 0 0
vt 0 0
vt 0 0
vt 0 0
vt 0 0
vt 0 0
vt 0 0
vt 0 0
vt 0 0
vt 0 0
vt 0 0
vt 0 0
vt 0 0
vt 0 0
vt 0 0
vt 0 0
vt 0 0
vt 0 0
vt 0 0
vt 0 0
vt 0 0
vt 0 0
vt 0 0
vt 0 0
vt 0 0
vt 0 0
vt 0 0
vt 0 0
vt 0 0
vt 0 0
vt 0 0
vt 0 0
vt 0 0
vt 0 0
vt 0 0
vt 0 0
vt 0 0
vt 0 0
vt 0 0
vt 0 0
vt 0 0
vt 0 0
vt 0 0
vt 0 0
vt 0 0
vt 0 0
vt 0 0
vt 0 0
vt 0 0
vt 0 0
vt 0 0
vt 0 0
vt 0 0
vt 0 0
vt 0 0
vt 0 0
vt 0 0
vt 0 0
vt 0 0
vt 0 0
vt 0 0
vt 0 0
vt 0 0
vt 0 0
vt 0 0
vt 0 0
vt 0 0
vt 0 0
vt 0 0
vt 0 0
vt 0 0
vt 0 0
vt 0 0
vt 0 0
vt 0 0
vt 0 0
vt 0 0
vt 0 0
vt 0 0
vt 0 0
vt 0 0
vt 0 0
vt 0 0
vt 0 0
vt 0 0
vt 0 0
vt 0 0
vt 0 0
vt 0 0
vt 0 0
vt 0 0
vt 0 0
vt 0 0
vt 0 0
vt 0 0
vt 0 0
vt 0 0
vt 0 0
vt 0 0
vt 0 0
vt 0 0
vt 0 0
vt 0 0
vt 0 0
vt 0 0
vt 0 0
vt 0 0
vt 0 0
vt 0 0
vt 0 0
vt 0 0
vt 0 0
vt 0 0
vt 0 0
vt 0 0
vt 0 0
vt 0 0
vt 0 0
vt 0 0
vt 0 0
vt 0 0
vt 0 0
vt 0 0
vt 0 0
vt 0 0
vt 0 0
vt 0 0
vt 0 0
vt 0 0
vt 0 0
vt 0 0
vt 0 0
vt 0 0
vt 0 0
vt 0 0
vt 0 0
vt 0 0
vt 0 0
vt 0 0
vt 0 0
vt 0 0
vt 0 0
vt 0 0
vt 0 0
vt 0 0
vt 0 0
vt 0 0
vt 0 0
vt 0 0
vt 0 0
vt 0 0
vt 0 0
vt 0 0
vt 0 0
vt 0 0
vt 0 0
vt 0 0
vt 0 0
vt 0 0
vt 0 0
vt 0 0
vt 0 0
vt 0 0
vt 0 0
vt 0 0
vt 0 0
vt 0 0
vt 0 0
vt 0 0
vt 0 0
vt 0 0
vt 0 0
vt 0 0
vt 0 0
vt 0 0
vt 0 0
vt 0 0
vt 0 0
vt 0 0
vt 0 0
vt 0 0
vt 0 0
vt 0 0
vt 0 0
vt 0 0
vt 0 0
vt 0 0
vt 0 0
vt 0 0
vt 0 0
vt 0 0
vt 0 0
vt 0 0
vt 0 0
vt 0 0
vt 0 0
vt 0 0
vt 0 0
vt 0 0
vt 0 0
vt 0 0
vt 0 0
vt 0 0
vt 0 0
vt 0 0
vt 0 0
vt 0 0
vt 0 0
vt 0 0
vt 0 0
vt 0 0
vt 0 0
vt 0 0
vt 0 0
vt 0 0
vt 0 0
vt 0 0
vt 0 0
vt 0 0
vt 0 0
vt 0 0
vt 0 0
vt 0 0
vt 0 0
vt 0 0
vt 0 0
vt 0 0
vt 0 0
vt 0 0
vt 0 0
vt 0 0
vt 0 0
vt 0 0
vt 0 0
vt 0 0
vt 0 0
vt 0 0
vt 0 0
vt 0 0
vt 0 0
vt 0 0
vt 0 0
vt 0 0
vt 0 0
vt 0 0
vt 0 0
vt 0 0
vt 0 0
vt 0 0
vt 0 0
vt 0 0
vt 0 0
vt 0 0
vt 0 0
vt 0 0
vt 0 0
vt 0 0
vt 0 0
vt 0 0
vt 0 0
vt 0 0
vt 0 0
vt 0 0
vt 0 0
vt 0 0
vt 0 0
vt 0 0
vt 0 0
vt 0 0
vt 0 0
vt 0 0
vt 0 0
vt 0 0
vt 0 0
vt 0 0
vt 0 0
vt 0 0
vt 0 0
vt 0 0
vt 0 0
vt 0 0
vt 0 0
vt 0 0
vt 0 0
vt 0 0
vt 0 0
vt 0 0
vt 0 0
vt 0 0
vt 0 0
vt 0 0
vt 0 0
vt 0 0
vt 0 0
vt 0 0
vt 0 0
vt 0 0
vt 0 0
vt 0 0
vt 0 0
vt 0 0
vt 0 0
vt 0 0
vt 0 0
vt 0 0
vt 0 0
vt 0 0
vt 0 0
vt 0 0
vt 0 0
vt 0 0
vt 0 0
vt 0 0
vt 0 0
vt 0 0
vt 0 0
vt 0 0
vt 0 0
vt 0 0
vt 0 0
vt 0 0
vt 0 0
vt 0 0
vt 0 0
vt 0 0
vt 0 0
vt 0 0
vt 0 0
vt 0 0
vt 0 0
vt 0 0
vt 0 0
vt 0 0
vt 0 0
vt 0 0
vt 0 0
vt 0 0
vt 0 0
vt 0 0
vt 0 0
vt 0 0
vt 0 0
vt 0 0
vt 0 0
vt 0 0
vt 0 0
vt 0 0
vt 0 0
vt 0 0
vt 0 0
vt 0 0
vt 0 0
vt 0 0
vt 0 0
vt 0 0
vt 0 0
vt 0 0
vt 0 0
vt 0 0
vt 0 0
vt 0 0
vt 0 0
vt 0 0
vt 0 0
vt 0 0
vt 0 0
vt 0 0
vt 0 0
vt 0 0
vt 0 0
vt 0 0
vt 0 0
vt 0 0
vt 0 0
vt 0 0
vt 0 0
vt 0 0
vt 0 0
vt 0 0
vt 0 0
vt 0 0
vt 0 0
vt 0 0
vt 0 0
vt 0 0
vt 0 0
vt 0 0
vt 0 0
vt 0 0
vt 0 0
vt 0 0
vt 0 0
vt 0 0
vt 0 0
vt 0 0
vt 0 0
vt 0 0
vt 0 0
vt 0 0
vt 0 0
vt 0 0
vt 0 0
vt 0 0
vt 0 0
vt 0 0
vt 0 0
vt 0 0
vt 0 0
vt 0 0
vt 0 0
vt 0 0
vt 0 0
vt 0 0
vt 0 0
vt 0 0
vt 0 0
vt 0 0
vt 0 0
vt 0 0
vt 0 0
vt 0 0
vt 0 0
vt 0 0
vt 0 0
vt 0 0
vt 0 0
vt 0 0
vt 0 0
vt 0 0
vt 0 0
vt 0 0
vt 0 0
vt 0 0
vt 0 0
vt 0 0
vt 0 0
vt 0 0
vt 0 0
vt 0 0
vt 0 0
vt 0 0
vt 0 0
vt 0 0
vt 0 0
vt 0 0
vt 0 0
vt 0 0
vt 0 0
vt 0 0
vt 0 0
vt 0 0
vt 0 0
vt 0 0
vt 0 0
vt 0 0
vt 0 0
vt 0 0
vt 0 0
vt 0 0
vt 0 0
vt 0 0
vt 0 0
vt 0 0
vt 0 0
vt 0 0
vt 0 0
vt 0 0
vt 0 0
vt 0 0
vt 0 0
vt 0 0
vt 0 0
vt 0 0
vt 0 0
vt 0 0
vt 0 0
vt 0 0
vt 0 0
vt 0 0
vt 0 0
vt 0 0
vt 0 0
vt 0 0
vt 0 0
vt 0 0
vt 0 0
vt 0 0
vt 0 0
vt 0 0
vt 0 0
vt 0 0
vt 0 0
vt 0 0
vt 0 0
vt 0 0
vt 0 0
vt 0 0
vt 0 0
vt 0 0
vt 0 0
vt 0 0
vt 0 0
vt 0 0
vt 0 0
vt 0 0
vt 0 0
vt 0 0
vt 0 0
vt 0 0
vt 0 0
vt 0 0
vt 0 0
vt 0 0
vt 0 0
vt 0 0
vt 0 0
vt 0 0
vt 0 0
vt 0 0
vt 0 0
vt 0 0
vt 0 0
vt 0 0
vt 0 0
vt 0 0
vt 0 0
vt 0 0
vt 0 0
vt 0 0
vt 0 0
vt 0 0
vt 0 0
vt 0 0
vt 0 0
vt 0 0
vt 0 0
vt 0 0
vt 0 0
vt 0 0
vt 0 0
vt 0 0
vt 0 0
vt 0 0
vt 0 0
vt 0 0
vt 0 0
vt 0 0
vt 0 0
vt 0 0
vt 0 0
vt 0 0
vt 0 0
vt 0 0
vt 0 0
vt 0 0
vt 0 0
vt 0 0
vt 0 0
vt 0 0
vt 0 0
vt 0 0
vt 0 0
vt 0 0
vt 0 0
vt 0 0
vt 0 0
vt 0 0
vt 0 0
vt 0 0
vt 0 0
vt 0 0
vt 0 0
vt 0 0
vt 0 0
vt 0 0
vt 0 0
vt 0 0
vt 0 0
vt 0 0
vt 0 0
vt 0 0
vt 0 0
vt 0 0
vt 0 0
vt 0 0
vt 0 0
vt 0 0
vt 0 0
vt 0 0
vt 0 0
vt 0 0
vt 0 0
vt 0 0
vt 0 0
vt 0 0
vt 0 0
vt 0 0
vt 0 0
vt 0 0
vt 0 0
vt 0 0
vt 0 0
vt 0 0
vt 0 0
vt 0 0
vt 0 0
vt 0 0
vt 0 0
vt 0 0
vt 0 0
vt 0 0
vt 0 0
vt 0 0
vt 0 0
vt 0 0
vt 0 0
vt 0 0
vt 0 0
vt 0 0
vt 0 0
vt 0 0
vt 0 0
vt 0 0
vt 0 0
vt 0 0
vt 0 0
vt 0 0
vt 0 0
vt 0 0
vt 0 0
vt 0 0
vt 0 0
vt 0 0
vt 0 0
vt 0 0
vt 0 0
vt 0 0
vt 0 0
vt 0 0
vt 0 0
vt 0 0
vt 0 0
vt 0 0
vt 0 0
vt 0 0
vt 0 0
vt 0 0
vt 0 0
vt 0 0
vt 0 0
vt 0 0
vt 0 0
vt 0 0
vt 0 0
vt 0 0
vt 0 0
vt 0 0
vt 0 0
vt 0 0
vt 0 0
vt 0 0
vt 0 0
vt 0 0
vt 0 0
vt 0 0
vt 0 0
vt 0 0
vt 0 0
vt 0 0
vt 0 0
vt 0 0
vt 0 0
vt 0 0
vt 0 0
vt 0 0
vt 0 0
vt 0 0
vt 0 0
vt 0 0
vt 0 0
vt 0 0
vt 0 0
vt 0 0
vt 0 0
vt 0 0
vt 0 0
vt 0 0
vt 0 0
vt 0 0
vt 0 0
vt 0 0
vt 0 0
vt 0 0
vt 0 0
vt 0 0
vt 0 0
vt 0 0
vt 0 0
vt 0 0
vt 0 0
vt 0 0
vt 0 0
vt 0 0
vt 0 0
vt 0 0
vt 0 0
vt 0 0
vt 0 0
vt 0 0
vt 0 0
vt 0 0
vt 0 0
vt 0 0
vt 0 0
vt 0 0
vt 0 0
vt 0 0
vt 0 0
vt 0 0
vt 0 0
vt 0 0
vt 0 0
vt 0 0
vt 0 0
vt 0 0
vt 0 0
vt 0 0
vt 0 0
vt 0 0
vt 0 0
vt 0 0
vt 0 0
vt 0 0
vt 0 0
vt 0 0
vt 0 0
vt 0 0
vt 0 0
vt 0 0
vt 0 0
vt 0 0
vt 0 0
vt 0 0
vt 0 0
vt 0 0
vt 0 0
vt 0 0
vt 0 0
vt 0 0
vt 0 0
vt 0 0
vt 0 0
vt 0 0
vt 0 0
vt 0 0
vt 0 0
vt 0 0
vt 0 0
vt 0 0
vt 0 0
vt 0 0
vt 0 0
vt 0 0
vt 0 0
vt 0 0
vt 0 0
vt 0 0
vt 0 0
vt 0 0
vt 0 0
vt 0 0
vt 0 0
vt 0 0
vt 0 0
vt 0 0
vt 0 0
vt 0 0
vt 0 0
vt 0 0
vt 0 0
vt 0 0
vt 0 0
vt 0 0
vt 0 0
vt 0 0
vt 0 0
vt 0 0
vt 0 0
vt 0 0
vt 0 0
vt 0 0
vt 0 0
vt 0 0
vt 0 0
vt 0 0
vt 0 0
vt 0 0
vt 0 0
vt 0 0
vt 0 0
vt 0 0
vt 0 0
vt 0 0
vt 0 0
vt 0 0
vt 0 0
vt 0 0
vt 0 0
vt 0 0
vt 0 0
vt 0 0
vt 0 0
vt 0 0
vt 0 0
vt 0 0
vt 0 0
vt 0 0
vt 0 0
vt 0 0
vt 0 0
vt 0 0
vt 0 0
vt 0 0
vt 0 0
vt 0 0
vt 0 0
vt 0 0
vt 0 0
vt 0 0
vt 0 0
vt 0 0
vt 0 0
vt 0 0
vt 0 0
vt 0 0
vt 0 0
vt 0 0
vt 0 0
vt 0 0
vt 0 0
vt 0 0
vt 0 0
vt 0 0
vt 0 0
vt 0 0
vt 0 0
vt 0 0
vt 0 0
vt 0 0
vt 0 0
vt 0 0
vt 0 0
vt 0 0
vt 0 0
vt 0 0
vt 0 0
vt 0 0
vt 0 0
vt 0 0
vt 0 0
vt 0 0
vt 0 0
vt 0 0
vt 0 0
vt 0 0
vt 0 0
vt 0 0
vt 0 0
vt 0 0
vt 0 0
vt 0 0
vt 0 0
vt 0 0
vt 0 0
vt 0 0
vt 0 0
vt 0 0
vt 0 0
vt 0 0
vt 0 0
vt 0 0
vt 0 0
vt 0 0
vt 0 0
vt 0 0
vt 0 0
vt 0 0
vt 0 0
vt 0 0
vt 0 0
vt 0 0
vt 0 0
vt 0 0
vt 0 0
vt 0 0
vt 0 0
vt 0 0
vt 0 0
vt 0 0
vt 0 0
vt 0 0
vt 0 0
vt 0 0
vt 0 0
vt 0 0
vt 0 0
vt 0 0
vt 0 0
vt 0 0
vt 0 0
vt 0 0
vt 0 0
vt 0 0
vt 0 0
vt 0 0
vt 0 0
vt 0 0
vt 0 0
vt 0 0
vt 0 0
vt 0 0
vt 0 0
vt 0 0
vt 0 0
vt 0 0
vt 0 0
vt 0 0
vt 0 0
vt 0 0
vt 0 0
vt 0 0
vt 0 0
vt 0 0
vt 0 0
vt 0 0
vt 0 0
vt 0 0
vt 0 0
vt 0 0
vt 0 0
vt 0 0
vt 0 0
vt 0 0
vt 0 0
vt 0 0
vt 0 0
vt 0 0
vt 0 0
vt 0 0
vt 0 0
vt 0 0
vt 0 0
vt 0 0
vt 0 0
vt 0 0
vt 0 0
vt 0 0
vt 0 0
vt 0 0
vt 0 0
vt 0 0
vt 0 0
vt 0 0
vt 0 0
vt 0 0
vt 0 0
vt 0 0
vt 0 0
vt 0 0
vt 0 0
vt 0 0
vt 0 0
vt 0 0
vt 0 0
vt 0 0
vt 0 0
vt 0 0
vt 0 0
vt 0 0
vt 0 0
vt 0 0
vt 0 0
vt 0 0
vt 0 0
vt 0 0
vt 0 0
vt 0 0
vt 0 0
vt 0 0
vt 0 0
vt 0 0
vt 0 0
vt 0 0
vt 0 0
vt 0 0
vt 0 0
vt 0 0
vt 0 0
vt 0 0
vt 0 0
vt 0 0
vt 0 0
vt 0 0
vt 0 0
vt 0 0
vt 0 0
vt 0 0
vt 0 0
vt 0 0
vt 0 0
vt 0 0
vt 0 0
vt 0 0
vt 0 0
vt 0 0
vt 0 0
vt 0 0
vt 0 0
vt 0 0
vt 0 0
vt 0 0
vt 0 0
vt 0 0
vt 0 0
vt 0 0
vt 0 0
vt 0 0
vt 0 0
vt 0 0
vt 0 0
vt 0 0
vt 0 0
vt 0 0
vt 0 0
vt 0 0
vt 0 0
vt 0 0
vt 0 0
vt 0 0
vt 0 0
vt 0 0
vt 0 0
vt 0 0
vt 0 0
vt 0 0
vt 0 0
vt 0 0
vt 0 0
vt 0 0
vt 0 0
vt 0 0
vt 0 0
vt 0 0
vt 0 0
vt 0 0
vt 0 0
vt 0 0
vt 0 0
vt 0 0
vt 0 0
vt 0 0
vt 0 0
vt 0 0
vt 0 0
vt 0 0
vt 0 0
vt 0 0
vt 0 0
vt 0 0
vt 0 0
vt 0 0
vt 0 0
vt 0 0
vt 0 0
vt 0 0
vt 0 0
vt 0 0
vt 0 0
vt 0 0
vt 0 0
vt 0 0
vt 0 0
vt 0 0
vt 0 0
vt 0 0
vt 0 0
vt 0 0
vt 0 0
vt 0 0
vt 0 0
vt 0 0
vt 0 0
vt 0 0
vt 0 0
vt 0 0
vt 0 0
vt 0 0
vt 0 0
vt 0 0
vt 0 0
vt 0 0
vt 0 0
vt 0 0
vt 0 0
vt 0 0
vt 0 0
vt 0 0
vt 0 0
vt 0 0
vt 0 0
vt 0 0
vt 0 0
vt 0 0
vt 0 0
vt 0 0
vt 0 0
vt 0 0
vt 0 0
vt 0 0
vt 0 0
vt 0 0
vt 0 0
vt 0 0
vt 0 0
vt 0 0
vt 0 0
vt 0 0
vt 0 0
vt 0 0
vt 0 0
vt 0 0
vt 0 0
vt 0 0
vt 0 0
vt 0 0
vt 0 0
vt 0 0
vt 0 0
vt 0 0
vt 0 0
vt 0 0
vt 0 0
vt 0 0
vt 0 0
vt 0 0
vt 0 0
vt 0 0
vt 0 0
vt 0 0
vt 0 0
vt 0 0
vt 0 0
vt 0 0
vt 0 0
vt 0 0
vt 0 0
vt 0 0
vt 0 0
vt 0 0
vt 0 0
vt 0 0
vt 0 0
vt 0 0
vt 0 0
vt 0 0
vt 0 0
vt 0 0
vt 0 0
vt 0 0
vt 0 0
vt 0 0
vt 0 0
vt 0 0
vt 0 0
vt 0 0
vt 0 0
vt 0 0
vt 0 0
vt 0 0
vt 0 0
vt 0 0
vt 0 0
vt 0 0
vt 0 0
vt 0 0
vt 0 0
vt 0 0
vt 0 0
vt 0 0
vt 0 0
vt 0 0
vt 0 0
vt 0 0
vt 0 0
vt 0 0
vt 0 0
vt 0 0
vt 0 0
vt 0 0
vt 0 0
vt 0 0
vt 0 0
vt 0 0
vt 0 0
vt 0 0
vt 0 0
vt 0 0
vt 0 0
vt 0 0
vt 0 0
vt 0 0
vt 0 0
vt 0 0
vt 0 0
vt 0 0
vt 0 0
vt 0 0
vt 0 0
vt 0 0
vt 0 0
vt 0 0
vt 0 0
vt 0 0
vt 0 0
vt 0 0
vt 0 0
vt 0 0
vt 0 0
vt 0 0
vt 0 0
vt 0 0
vt 0 0
vt 0 0
vt 0 0
vt 0 0
vt 0 0
vt 0 0
vt 0 0
vt 0 0
vt 0 0
vt 0 0
vt 0 0
vt 0 0
vt 0 0
vt 0 0
vt 0 0
vt 0 0
vt 0 0
vt 0 0
vt 0 0
vt 0 0
vt 0 0
vt 0 0
vt 0 0
vt 0 0
vt 0 0
vt 0 0
vt 0 0
vt 0 0
vt 0 0
vt 0 0
vt 0 0
vt 0 0
vt 0 0
vt 0 0
vt 0 0
vt 0 0
vt 0 0
vt 0 0
vt 0 0
vt 0 0
vt 0 0
vt 0 0
vt 0 0
vt 0 0
vt 0 0
vt 0 0
vt 0 0
vt 0 0
vt 0 0
vt 0 0
vt 0 0
vt 0 0
vt 0 0
vt 0 0
vt 0 0
vt 0 0
vt 0 0
vt 0 0
vt 0 0
vt 0 0
vt 0 0
vt 0 0
vt 0 0
vt 0 0
vt 0 0
vt 0 0
vt 0 0
vt 0 0
vt 0 0
vt 0 0
vt 0 0
vt 0 0
vt 0 0
vt 0 0
vt 0 0
vt 0 0
vt 0 0
vt 0 0
vt 0 0
vt 0 0
vt 0 0
vt 0 0
vt 0 0
vt 0 0
vt 0 0
vt 0 0
vt 0 0
vt 0 0
vt 0 0
vt 0 0
vt 0 0
vt 0 0
vt 0 0
vt 0 0
vt 0 0
vt 0 0
vt 0 0
vt 0 0
vt 0 0
vt 0 0
vt 0 0
vt 0 0
vt 0 0
vt 0 0
vt 0 0
vt 0 0
vt 0 0
vt 0 0
vt 0 0
vt 0 0
vt 0 0
vt 0 0
vt 0 0
vt 0 0
vt 0 0
vt 0 0
vt 0 0
vt 0 0
vt 0 0
vt 0 0
vt 0 0
vt 0 0
vt 0 0
vt 0 0
vt 0 0
vt 0 0
vt 0 0
vt 0 0
vt 0 0
vt 0 0
vt 0 0
vt 0 0
vt 0 0
vt 0 0
vt 0 0
vt 0 0
vt 0 0
vt 0 0
vt 0 0
vt 0 0
vt 0 0
vt 0 0
vt 0 0
vt 0 0
vt 0 0
vt 0 0
vt 0 0
vt 0 0
vt 0 0
vt 0 0
vt 0 0
vt 0 0
vt 0 0
vt 0 0
vt 0 0
vt 0 0
vt 0 0
vt 0 0
vt 0 0
vt 0 0
vt 0 0
vt 0 0
vt 0 0
vt 0 0
vt 0 0
vt 0 0
vt 0 0
vt 0 0
vt 0 0
vt 0 0
vt 0 0
vt 0 0
vt 0 0
vt 0 0
vt 0 0
vt 0 0
vt 0 0
vt 0 0
vt 0 0
vt 0 0
vt 0 0
vt 0 0
vt 0 0
vt 0 0
vt 0 0
vt 0 0
vt 0 0
vt 0 0
vt 0 0
vt 0 0
vt 0 0
vt 0 0
vt 0 0
vt 0 0
vt 0 0
vt 0 0
vt 0 0
vt 0 0
vt 0 0
vt 0 0
vt 0 0
vt 0 0
vt 0 0
vt 0 0
vt 0 0
vt 0 0
vt 0 0
vt 0 0
vt 0 0
vt 0 0
vt 0 0
vt 0 0
vt 0 0
vt 0 0
vt 0 0
vt 0 0
vt 0 0
vt 0 0
vt 0 0
vt 0 0
vt 0 0
vt 0 0
vt 0 0
vt 0 0
vt 0 0
vt 0 0
vt 0 0
vt 0 0
vt 0 0
vt 0 0
vt 0 0
vt 0 0
vt 0 0
vt 0 0
vt 0 0
vt 0 0
vt 0 0
vt 0 0
vt 0 0
vt 0 0
vt 0 0
vt 0 0
vt 0 0
vt 0 0
vt 0 0
vt 0 0
vt 0 0
vt 0 0
vt 0 0
vt 0 0
vt 0 0
vt 0 0
vt 0 0
vt 0 0
vt 0 0
vt 0 0
vt 0 0
vt 0 0
vt 0 0
vt 0 0
vt 0 0
vt 0 0
vt 0 0
vt 0 0
vt 0 0
vt 0 0
vt 0 0
vt 0 0
vt 0 0
vt 0 0
vt 0 0
vt 0 0
vt 0 0
vt 0 0
vt 0 0
vt 0 0
vt 0 0
vt 0 0
vt 0 0
vt 0 0
vt 0 0
vt 0 0
vt 0 0
vt 0 0
vt 0 0
vt 0 0
vt 0 0
vt 0 0
vt 0 0
vt 0 0
vt 0 0
vt 0 0
vt 0 0
vt 0 0
vt 0 0
vt 0 0
vt 0 0
vt 0 0
vt 0 0
vt 0 0
vt 0 0
vt 0 0
vt 0 0
vt 0 0
vt 0 0
vt 0 0
vt 0 0
vt 0 0
vt 0 0
vt 0 0
vt 0 0
vt 0 0
vt 0 0
vt 0 0
vt 0 0
vt 0 0
vt 0 0
vt 0 0
vt 0 0
vt 0 0
vt 0 0
vt 0 0
vt 0 0
vt 0 0
vt 0 0
vt 0 0
vt 0 0
vt 0 0
vt 0 0
vt 0 0
vt 0 0
vt 0 0
vt 0 0
vt 0 0
vt 0 0
vt 0 0
vt 0 0
vt 0 0
vt 0 0
vt 0 0
vt 0 0
vt 0 0
vt 0 0
vt 0 0
vt 0 0
vt 0 0
vt 0 0
vt 0 0
vt 0 0
vt 0 0
vt 0 0
vt 0 0
vt 0 0
vt 0 0
vt 0 0
vt 0 0
vt 0 0
vt 0 0
vt 0 0
vt 0 0
vt 0 0
vt 0 0
vt 0 0
vt 0 0
vt 0 0
vt 0 0
vt 0 0
vt 0 0
vt 0 0
vt 0 0
vt 0 0
vt 0 0
vt 0 0
vt 0 0
vt 0 0
vt 0 0
vt 0 0
vt 0 0
vt 0 0
vt 0 0
vt 0 0
vt 0 0
vt 0 0
vt 0 0
vt 0 0
vt 0 0
vt 0 0
vt 0 0
vt 0 0
vt 0 0
vt 0 0
vt 0 0
vt 0 0
vt 0 0
vt 0 0
vt 0 0
vt 0 0
vt 0 0
vt 0 0
vt 0 0
vt 0 0
vt 0 0
vt 0 0
vt 0 0
vt 0 0
vt 0 0
vt 0 0
vt 0 0
vt 0 0
vt 0 0
vt 0 0
vt 0 0
vt 0 0
vt 0 0
vt 0 0
vt 0 0
vt 0 0
vt 0 0
vt 0 0
vt 0 0
vt 0 0
vt 0 0
vt 0 0
vt 0 0
vt 0 0
vt 0 0
vt 0 0
vt 0 0
vt 0 0
vt 0 0
vt 0 0
vt 0 0
vt 0 0
vt 0 0
vt 0 0
vt 0 0
vt 0 0
vt 0 0
vt 0 0
vt 0 0
vt 0 0
vt 0 0
vt 0 0
vt 0 0
vt 0 0
vt 0 0
vt 0 0
vt 0 0
vt 0 0
vt 0 0
vt 0 0
vt 0 0
vt 0 0
vt 0 0
vt 0 0
vt 0 0
vt 0 0
vt 0 0
vt 0 0
vt 0 0
vt 0 0
vt 0 0
vt 0 0
vt 0 0
vt 0 0
vt 0 0
vt 0 0
vt 0 0
vt 0 0
vt 0 0
vt 0 0
vt 0 0
vt 0 0
vt 0 0
vt 0 0
vt 0 0
vt 0 0
vt 0 0
vt 0 0
vt 0 0
vt 0 0
vt 0 0
vt 0 0
vt 0 0
vt 0 0
vt 0 0
vt 0 0
vt 0 0
vt 0 0
vt 0 0
vt 0 0
vt 0 0
vt 0 0
vt 0 0
vt 0 0
vt 0 0
vt 0 0
vt 0 0
vt 0 0
vt 0 0
vt 0 0
vt 0 0
vt 0 0
vt 0 0
vt 0 0
vt 0 0
vt 0 0
vt 0 0
vt 0 0
vt 0 0
vt 0 0
vt 0 0
vt 0 0
vt 0 0
vt 0 0
vt 0 0
vt 0 0
vt 0 0
vt 0 0
vt 0 0
vt 0 0
vt 0 0
vt 0 0
vt 0 0
vt 0 0
vt 0 0
vt 0 0
vt 0 0
vt 0 0
vt 0 0
vt 0 0
vt 0 0
vt 0 0
vt 0 0
vt 0 0
vt 0 0
vt 0 0
vt 0 0
vt 0 0
vt 0 0
vt 0 0
vt 0 0
vt 0 0
vt 0 0
vt 0 0
vt 0 0
vt 0 0
vt 0 0
vt 0 0
vt 0 0
vt 0 0
vt 0 0
vt 0 0
vt 0 0
vt 0 0
vt 0 0
vt 0 0
vt 0 0
vt 0 0
vt 0 0
vt 0 0
vt 0 0
vt 0 0
vt 0 0
vt 0 0
vt 0 0
vt 0 0
vt 0 0
vt 0 0
vt 0 0
vt 0 0
vt 0 0
vt 0 0
vt 0 0
vt 0 0
vt 0 0
vt 0 0
vt 0 0
vt 0 0
vt 0 0
vt 0 0
vt 0 0
vt 0 0
vt 0 0
vt 0 0
vt 0 0
vt 0 0
vt 0 0
vt 0 0
vt 0 0
vt 0 0
vt 0 0
vt 0 0
vt 0 0
vt 0 0
vt 0 0
vt 0 0
vt 0 0
vt 0 0
vt 0 0
vt 0 0
vt 0 0
vt 0 0
vt 0 0
vt 0 0
vt 0 0
vt 0 0
vt 0 0
vt 0 0
vt 0 0
vt 0 0
vt 0 0
vt 0 0
vt 0 0
vt 0 0
vt 0 0
vt 0 0
vt 0 0
vt 0 0
vt 0 0
vt 0 0
vt 0 0
vt 0 0
vt 0 0
vt 0 0
vt 0 0
vt 0 0
vt 0 0
vt 0 0
vt 0 0
vt 0 0
vt 0 0
vt 0 0
vt 0 0
vt 0 0
vt 0 0
vt 0 0
vt 0 0
vt 0 0
vt 0 0
vt 0 0
vt 0 0
vt 0 0
vt 0 0
vt 0 0
vt 0 0
vt 0 0
vt 0 0
vt 0 0
vt 0 0
vt 0 0
vt 0 0
vt 0 0
vt 0 0
vt 0 0
vt 0 0
vt 0 0
vt 0 0
vt 0 0
vt 0 0
vt 0 0
vt 0 0
vt 0 0
vt 0 0
vt 0 0
vt 0 0
vt 0 0
vt 0 0
vt 0 0
vt 0 0
vt 0 0
vt 0 0
vt 0 0
vt 0 0
vt 0 0
vt 0 0
vt 0 0
vt 0 0
vt 0 0
vt 0 0
vt 0 0
vt 0 0
vt 0 0
vt 0 0
vt 0 0
vt 0 0
vt 0 0
vt 0 0
vt 0 0
vt 0 0
vt 0 0
vt 0 0
vt 0 0
vt 0 0
vt 0 0
vt 0 0
vt 0 0
vt 0 0
vt 0 0
vt 0 0
vt 0 0
vt 0 0
vt 0 0
vt 0 0
vt 0 0
vt 0 0
vt 0 0
vt 0 0
vt 0 0
vt 0 0
vt 0 0
vt 0 0
vt 0 0
vt 0 0
vt 0 0
vt 0 0
vt 0 0
vt 0 0
vt 0 0
vt 0 0
vt 0 0
vt 0 0
vt 0 0
vt 0 0
vt 0 0
vt 0 0
vt 0 0
vt 0 0
vt 0 0
vt 0 0
vt 0 0
vt 0 0
vt 0 0
vt 0 0
vt 0 0
vt 0 0
vt 0 0
vt 0 0
vt 0 0
vt 0 0
vt 0 0
vt 0 0
vt 0 0
vt 0 0
vt 0 0
vt 0 0
vt 0 0
vt 0 0
vt 0 0
vt 0 0
vt 0 0
vt 0 0
vt 0 0
vt 0 0
vt 0 0
vt 0 0
vt 0 0
vt 0 0
vt 0 0
vt 0 0
vt 0 0
vt 0 0
vt 0 0
vt 0 0
vt 0 0
vt 0 0
vt 0 0
vt 0 0
vt 0 0
vt 0 0
vt 0 0
vt 0 0
vt 0 0
vt 0 0
vt 0 0
vt 0 0
vt 0 0
vt 0 0
vt 0 0
vt 0 0
vt 0 0
vt 0 0
vt 0 0
vt 0 0
vt 0 0
vt 0 0
vt 0 0
vt 0 0
vt 0 0
vt 0 0
vt 0 0
vt 0 0
vt 0 0
vt 0 0
vt 0 0
vt 0 0
vt 0 0
vt 0 0
vt 0 0
vt 0 0
vt 0 0
vt 0 0
vt 0 0
vt 0 0
vt 0 0
vt 0 0
vt 0 0
vt 0 0
vt 0 0
vt 0 0
vt 0 0
vt 0 0
vt 0 0
vt 0 0
vt 0 0
vt 0 0
vt 0 0
vt 0 0
vt 0 0
vt 0 0
vt 0 0
vt 0 0
vt 0 0
vt 0 0
vt 0 0
vt 0 0
vt 0 0
vt 0 0
vt 0 0
vt 0 0
vt 0 0
vt 0 0
vt 0 0
vt 0 0
vt 0 0
vt 0 0
vt 0 0
vt 0 0
vt 0 0
vt 0 0
vt 0 0
vt 0 0
vt 0 0
vt 0 0
vt 0 0
vt 0 0
vt 0 0
vt 0 0
vt 0 0
vt 0 0
vt 0 0
vt 0 0
vt 0 0
vt 0 0
vt 0 0
vt 0 0
vt 0 0
vt 0 0
vt 0 0
vt 0 0
vt 0 0
vt 0 0
vt 0 0
vt 0 0
vt 0 0
vt 0 0
vt 0 0
vt 0 0
vt 0 0
vt 0 0
vt 0 0
vt 0 0
vt 0 0
vt 0 0
vt 0 0
vt 0 0
vt 0 0
vt 0 0
vt 0 0
vt 0 0
vt 0 0
vt 0 0
vt 0 0
vt 0 0
vt 0 0
vt 0 0
vt 0 0
vt 0 0
vt 0 0
vt 0 0
vt 0 0
vt 0 0
vt 0 0
vt 0 0
vt 0 0
vt 0 0
vt 0 0
vt 0 0
vt 0 0
vt 0 0
vt 0 0
vt 0 0
vt 0 0
vt 0 0
vt 0 0
vt 0 0
vt 0 0
vt 0 0
vt 0 0
vt 0 0
vt 0 0
vt 0 0
vt 0 0
vt 0 0
vt 0 0
vt 0 0
vt 0 0
vt 0 0
vt 0 0
vt 0 0
vt 0 0
vt 0 0
vt 0 0
vt 0 0
vt 0 0
vt 0 0
vt 0 0
vt 0 0
vt 0 0
vt 0 0
vt 0 0
vt 0 0
vt 0 0
vt 0 0
vt 0 0
vt 0 0
vt 0 0
vt 0 0
vt 0 0
vt 0 0
vt 0 0
vt 0 0
vt 0 0
vt 0 0
vt 0 0
vt 0 0
vt 0 0
vt 0 0
vt 0 0
vt 0 0
vt 0 0
vt 0 0
vt 0 0
vt 0 0
vt 0 0
vt 0 0
vt 0 0
vt 0 0
vt 0 0
vt 0 0
vt 0 0
vt 0 0
vt 0 0
vt 0 0
vt 0 0
vt 0 0
vt 0 0
vt 0 0
vt 0 0
vt 0 0
vt 0 0
vt 0 0
vt 0 0
vt 0 0
vt 0 0
vt 0 0
vt 0 0
vt 0 0
vt 0 0
vt 0 0
vt 0 0
vt 0 0
vt 0 0
vt 0 0
vt 0 0
vt 0 0
vt 0 0
vt 0 0
vt 0 0
vt 0 0
vt 0 0
vt 0 0
vt 0 0
vt 0 0
vt 0 0
vt 0 0
vt 0 0
vt 0 0
vt 0 0
vt 0 0
vt 0 0
vt 0 0
vt 0 0
vt 0 0
vt 0 0
vt 0 0
vt 0 0
vt 0 0
vt 0 0
vt 0 0
vt 0 0
vt 0 0
vt 0 0
vt 0 0
vt 0 0
vt 0 0
vt 0 0
vt 0 0
vt 0 0
vt 0 0
vt 0 0
vt 0 0
vt 0 0
vt 0 0
vt 0 0
vt 0 0
vt 0 0
vt 0 0
vt 0 0
vt 0 0
vt 0 0
vt 0 0
vt 0 0
vt 0 0
vt 0 0
vt 0 0
vt 0 0
vt 0 0
vt 0 0
vt 0 0
vt 0 0
vt 0 0
vt 0 0
vt 0 0
vt 0 0
vt 0 0
vt 0 0
vt 0 0
vt 0 0
vt 0 0
vt 0 0
vt 0 0
vt 0 0
vt 0 0
vt 0 0
vt 0 0
vt 0 0
vt 0 0
vt 0 0
vt 0 0
vt 0 0
vt 0 0
vt 0 0
vt 0 0
vt 0 0
vt 0 0
vt 0 0
vt 0 0
vt 0 0
vt 0 0
vt 0 0
vt 0 0
vt 0 0
vt 0 0
vt 0 0
vt 0 0
vt 0 0
vt 0 0
vt 0 0
vt 0 0
vt 0 0
vt 0 0
vt 0 0
vt 0 0
vt 0 0
vt 0 0
vt 0 0
vt 0 0
vt 0 0
vt 0 0
vt 0 0
vt 0 0
vt 0 0
vt 0 0
vt 0 0
vt 0 0
vt 0 0
vt 0 0
vt 0 0
vt 0 0
vt 0 0
vt 0 0
vt 0 0
vt 0 0
vt 0 0
vt 0 0
vt 0 0
vt 0 0
vt 0 0
vt 0 0
vt 0 0
vt 0 0
vt 0 0
vt 0 0
vt 0 0
vt 0 0
vt 0 0
vt 0 0
vt 0 0
vt 0 0
vt 0 0
vt 0 0
vt 0 0
vt 0 0
vt 0 0
vt 0 0
vt 0 0
vt 0 0
vt 0 0
vt 0 0
vt 0 0
vt 0 0
vt 0 0
vt 0 0
vt 0 0
vt 0 0
vt 0 0
vt 0 0
vt 0 0
vt 0 0
vt 0 0
vt 0 0
vt 0 0
vt 0 0
vt 0 0
vt 0 0
vt 0 0
vt 0 0
vt 0 0
vt 0 0
vt 0 0
vt 0 0
vt 0 0
vt 0 0
vt 0 0
vt 0 0
vt 0 0
vt 0 0
vt 0 0
vt 0 0
vt 0 0
vt 0 0
vt 0 0
vt 0 0
vt 0 0
vt 0 0
vt 0 0
vt 0 0
vt 0 0
vt 0 0
vt 0 0
vt 0 0
vt 0 0
vt 0 0
vt 0 0
vt 0 0
vt 0 0
vt 0 0
vt 0 0
vt 0 0
vt 0 0
vt 0 0
vt 0 0
vt 0 0
vt 0 0
vt 0 0
vt 0 0
vt 0 0
vt 0 0
vt 0 0
vt 0 0
vt 0 0
vt 0 0
vt 0 0
vt 0 0
vt 0 0
vt 0 0
vt 0 0
vt 0 0
vt 0 0
vt 0 0
vt 0 0
vt 0 0
vt 0 0
vt 0 0
vt 0 0
vt 0 0
vt 0 0
vt 0 0
vt 0 0
vt 0 0
vt 0 0
vt 0 0
vt 0 0
vt 0 0
vt 0 0
vt 0 0
vt 0 0
vt 0 0
vt 0 0
vt 0 0
vt 0 0
vt 0 0
vt 0 0
vt 0 0
vt 0 0
vt 0 0
vt 0 0
vt 0 0
vt 0 0
vt 0 0
vt 0 0
vt 0 0
vt 0 0
vt 0 0
vt 0 0
vt 0 0
vt 0 0
vt 0 0
vt 0 0
vt 0 0
vt 0 0
vt 0 0
vt 0 0
vt 0 0
vt 0 0
vt 0 0
vt 0 0
vt 0 0
vt 0 0
vt 0 0
vt 0 0
vt 0 0
vt 0 0
vt 0 0
vt 0 0
vt 0 0
vt 0 0
vt 0 0
vt 0 0
vt 0 0
vt 0 0
vt 0 0
vt 0 0
vt 0 0
vt 0 0
vt 0 0
vt 0 0
vt 0 0
vt 0 0
vt 0 0
vt 0 0
vt 0 0
vt 0 0
vt 0 0
vt 0 0
vt 0 0
vt 0 0
vt 0 0
vt 0 0
vt 0 0
vt 0 0
vt 0 0
vt 0 0
vt 0 0
vt 0 0
vt 0 0
vt 0 0
vt 0 0
vt 0 0
vt 0 0
vt 0 0
vt 0 0
vt 0 0
vt 0 0
vt 0 0
vt 0 0
vt 0 0
vt 0 0
vt 0 0
vt 0 0
vt 0 0
vt 0 0
vt 0 0
vt 0 0
vt 0 0
vt 0 0
vt 0 0
vt 0 0
vt 0 0
vt 0 0
vt 0 0
vt 0 0
vt 0 0
vt 0 0
vt 0 0
vt 0 0
vt 0 0
vt 0 0
vt 0 0
vt 0 0
vt 0 0
vt 0 0
vt 0 0
vt 0 0
vt 0 0
vt 0 0
vt 0 0
vt 0 0
vt 0 0
vt 0 0
vt 0 0
vt 0 0
vt 0 0
vt 0 0
vt 0 0
vt 0 0
vt 0 0
vt 0 0
vt 0 0
vt 0 0
vt 0 0
vt 0 0
vt 0 0
vt 0 0
vt 0 0
vt 0 0
vt 0 0
vt 0 0
vt 0 0
vt 0 0
vt 0 0
vt 0 0
vt 0 0
vt 0 0
vt 0 0
vt 0 0
vt 0 0
vt 0 0
vt 0 0
vt 0 0
vt 0 0
vt 0 0
vt 0 0
vt 0 0
vt 0 0
vt 0 0
vt 0 0
vt 0 0
vt 0 0
vt 0 0
vt 0 0
vt 0 0
vt 0 0
vt 0 0
vt 0 0
vt 0 0
vt 0 0
vt 0 0
vt 0 0
vt 0 0
vt 0 0
vt 0 0
vt 0 0
vt 0 0
vt 0 0
vt 0 0
vt 0 0
vt 0 0
vt 0 0
vt 0 0
vt 0 0
vt 0 0
vt 0 0
vt 0 0
vt 0 0
vt 0 0
vt 0 0
vt 0 0
vt 0 0
vt 0 0
vt 0 0
vt 0 0
vt 0 0
vt 0 0
vt 0 0
vt 0 0
vt 0 0
vt 0 0
vt 0 0
vt 0 0
vt 0 0
vt 0 0
vt 0 0
vt 0 0
vt 0 0
vt 0 0
vt 0 0
vt 0 0
vt 0 0
vt 0 0
vt 0 0
vt 0 0
vt 0 0
vt 0 0
vt 0 0
vt 0 0
vt 0 0
vt 0 0
vt 0 0
vt 0 0
vt 0 0
vt 0 0
vt 0 0
vt 0 0
vt 0 0
vt 0 0
vt 0 0
vt 0 0
vt 0 0
vt 0 0
vt 0 0
vt 0 0
vt 0 0
vt 0 0
vt 0 0
vt 0 0
vt 0 0
vt 0 0
vt 0 0
vt 0 0
vt 0 0
vt 0 0
vt 0 0
vt 0 0
vt 0 0
vt 0 0
vt 0 0
vt 0 0
vt 0 0
vt 0 0
vt 0 0
vt 0 0
vt 0 0
vt 0 0
vt 0 0
vt 0 0
vt 0 0
vt 0 0
vt 0 0
vt 0 0
vt 0 0
vt 0 0
vt 0 0
vt 0 0
vt 0 0
vt 0 0
vt 0 0
vt 0 0
vt 0 0
vt 0 0
vt 0 0
vt 0 0
vt 0 0
vt 0 0
vt 0 0
vt 0 0
vt 0 0
vt 0 0
vt 0 0
vt 0 0
vt 0 0
vt 0 0
vt 0 0
vt 0 0
vt 0 0
vt 0 0
vt 0 0
vt 0 0
vt 0 0
vt 0 0
vt 0 0
vt 0 0
vt 0 0
vt 0 0
vt 0 0
vt 0 0
vt 0 0
vt 0 0
vt 0 0
vt 0 0
vt 0 0
vt 0 0
vt 0 0
vt 0 0
vt 0 0
vt 0 0
vt 0 0
vt 0 0
vt 0 0
vt 0 0
vt 0 0
vt 0 0
vt 0 0
vt 0 0
vt 0 0
vt 0 0
vt 0 0
vt 0 0
vt 0 0
vt 0 0
vt 0 0
vt 0 0
vt 0 0
vt 0 0
vt 0 0
vt 0 0
vt 0 0
vt 0 0
vt 0 0
vt 0 0
vt 0 0
vt 0 0
vt 0 0
vt 0 0
vt 0 0
vt 0 0
vt 0 0
vt 0 0
vt 0 0
vt 0 0
vt 0 0
vt 0 0
vt 0 0
vt 0 0
vt 0 0
vt 0 0
vt 0 0
vt 0 0
vt 0 0
vt 0 0
vt 0 0
vt 0 0
vt 0 0
vt 0 0
vt 0 0
vt 0 0
vt 0 0
vt 0 0
vt 0 0
vt 0 0
vt 0 0
vt 0 0
vt 0 0
vt 0 0
vt 0 0
vt 0 0
vt 0 0
vt 0 0
vt 0 0
vt 0 0
vt 0 0
vt 0 0
vt 0 0
vt 0 0
vt 0 0
vt 0 0
vt 0 0
vt 0 0
vt 0 0
vt 0 0
vt 0 0
vt 0 0
vt 0 0
vt 0 0
vt 0 0
vt 0 0
vt 0 0
vt 0 0
vt 0 0
vt 0 0
vt 0 0
vt 0 0
vt 0 0
vt 0 0
vt 0 0
vt 0 0
vt 0 0
vt 0 0
vt 0 0
vt 0 0
vt 0 0
vt 0 0
vt 0 0
vt 0 0
vt 0 0
vt 0 0
vt 0 0
vt 0 0
vt 0 0
vt 0 0
vt 0 0
vt 0 0
vt 0 0
vt 0 0
vt 0 0
vt 0 0
vt 0 0
vt 0 0
vt 0 0
vt 0 0
vt 0 0
vt 0 0
vt 0 0
vt 0 0
vt 0 0
vt 0 0
vt 0 0
vt 0 0
vt 0 0
vt 0 0
vt 0 0
vt 0 0
vt 0 0
vt 0 0
vt 0 0
vt 0 0
vt 0 0
vt 0 0
vt 0 0
vt 0 0
vt 0 0
vt 0 0
vt 0 0
vt 0 0
vt 0 0
vt 0 0
vt 0 0
vt 0 0
vt 0 0
vt 0 0
vt 0 0
vt 0 0
vt 0 0
vt 0 0
vt 0 0
vt 0 0
vt 0 0
vt 0 0
vt 0 0
vt 0 0
vt 0 0
vt 0 0
vt 0 0
vt 0 0
vt 0 0
vt 0 0
vt 0 0
vt 0 0
vt 0 0
vt 0 0
vt 0 0
vt 0 0
vt 0 0
vt 0 0
vt 0 0
vt 0 0
vt 0 0
vt 0 0
vt 0 0
vt 0 0
vt 0 0
vt 0 0
vt 0 0
vt 0 0
vt 0 0
vt 0 0
vt 0 0
vt 0 0
vt 0 0
vt 0 0
vt 0 0
vt 0 0
vt 0 0
vt 0 0
vt 0 0
vt 0 0
vt 0 0
vt 0 0
vt 0 0
vt 0 0
vt 0 0
vt 0 0
vt 0 0
vt 0 0
vt 0 0
vt 0 0
vt 0 0
vt 0 0
vt 0 0
vt 0 0
vt 0 0
vt 0 0
vt 0 0
vt 0 0
vt 0 0
vt 0 0
vt 0 0
vt 0 0
vt 0 0
vt 0 0
vt 0 0
vt 0 0
vt 0 0
vt 0 0
vt 0 0
vt 0 0
vt 0 0
vt 0 0
vt 0 0
vt 0 0
vt 0 0
vt 0 0
vt 0 0
vt 0 0
vt 0 0
vt 0 0
vt 0 0
vt 0 0
vt 0 0
vt 0 0
vt 0 0
vt 0 0
vt 0 0
vt 0 0
vt 0 0
vt 0 0
vt 0 0
vt 0 0
vt 0 0
vt 0 0
vt 0 0
vt 0 0
vt 0 0
vt 0 0
vt 0 0
vt 0 0
vt 0 0
vt 0 0
vt 0 0
vt 0 0
vt 0 0
vt 0 0
vt 0 0
vt 0 0
vt 0 0
vt 0 0
vt 0 0
vt 0 0
vt 0 0
vt 0 0
vt 0 0
vt 0 0
vt 0 0
vt 0 0
vt 0 0
vt 0 0
vt 0 0
vt 0 0
vt 0 0
vt 0 0
vt 0 0
vt 0 0
vt 0 0
vt 0 0
vt 0 0
vt 0 0
vt 0 0
vt 0 0
vt 0 0
vt 0 0
vt 0 0
vt 0 0
vt 0 0
vt 0 0
vt 0 0
vt 0 0
vt 0 0
vt 0 0
vt 0 0
vt 0 0
vt 0 0
vt 0 0
vt 0 0
vt 0 0
vt 0 0
vt 0 0
vt 0 0
vt 0 0
vt 0 0
vt 0 0
vt 0 0
vt 0 0
vt 0 0
vt 0 0
vt 0 0
vt 0 0
vt 0 0
vt 0 0
vt 0 0
vt 0 0
vt 0 0
vt 0 0
vt 0 0
vt 0 0
vt 0 0
vt 0 0
vt 0 0
vt 0 0
vt 0 0
vt 0 0
vt 0 0
vt 0 0
vt 0 0
vt 0 0
vt 0 0
vt 0 0
vt 0 0
vt 0 0
vt 0 0
vt 0 0
vt 0 0
vt 0 0
vt 0 0
vt 0 0
vt 0 0
vt 0 0
vt 0 0
vt 0 0
vt 0 0
vt 0 0
vt 0 0
vt 0 0
vt 0 0
vt 0 0
vt 0 0
vt 0 0
vt 0 0
vt 0 0
vt 0 0
vt 0 0
vt 0 0
vt 0 0
vt 0 0
vt 0 0
vt 0 0
vt 0 0
vt 0 0
vt 0 0
vt 0 0
vt 0 0
vt 0 0
vt 0 0
vt 0 0
vt 0 0
vt 0 0
vt 0 0
vt 0 0
vt 0 0
vt 0 0
vt 0 0
vt 0 0
vt 0 0
vt 0 0
vt 0 0
vt 0 0
vt 0 0
vt 0 0
vt 0 0
vt 0 0
vt 0 0
vt 0 0
vt 0 0
vt 0 0
vt 0 0
vt 0 0
vt 0 0
vt 0 0
vt 0 0
vt 0 0
vt 0 0
vt 0 0
vt 0 0
vt 0 0
vt 0 0
vt 0 0
vt 0 0
vt 0 0
vt 0 0
vt 0 0
vt 0 0
vt 0 0
vt 0 0
vt 0 0
vt 0 0
vt 0 0
vt 0 0
vt 0 0
vt 0 0
vt 0 0
vt 0 0
vt 0 0
vt 0 0
vt 0 0
vt 0 0
vt 0 0
vt 0 0
vt 0 0
vt 0 0
vt 0 0
vt 0 0
vt 0 0
vt 0 0
vt 0 0
vt 0 0
vt 0 0
vt 0 0
vt 0 0
vt 0 0
vt 0 0
vt 0 0
vt 0 0
vt 0 0
vt 0 0
vt 0 0
vt 0 0
vt 0 0
vt 0 0
vt 0 0
vt 0 0
vt 0 0
vt 0 0
vt 0 0
vt 0 0
vt 0 0
vt 0 0
vt 0 0
vt 0 0
vt 0 0
vt 0 0
vt 0 0
vt 0 0
vt 0 0
vt 0 0
vt 0 0
vt 0 0
vt 0 0
vt 0 0
vt 0 0
vt 0 0
vt 0 0
vt 0 0
vt 0 0
vt 0 0
vt 0 0
vt 0 0
vt 0 0
vt 0 0
vt 0 0
vt 0 0
vt 0 0
vt 0 0
vt 0 0
vt 0 0
vt 0 0
vt 0 0
vt 0 0
vt 0 0
vt 0 0
vt 0 0
vt 0 0
vt 0 0
vt 0 0
vt 0 0
vt 0 0
vt 0 0
vt 0 0
vt 0 0
vt 0 0
vt 0 0
vt 0 0
vt 0 0
vt 0 0
vt 0 0
vt 0 0
vt 0 0
vt 0 0
vt 0 0
vt 0 0
vt 0 0
vt 0 0
vt 0 0
vt 0 0
vt 0 0
vt 0 0
vt 0 0
vt 0 0
vt 0 0
vt 0 0
vt 0 0
vt 0 0
vt 0 0
vt 0 0
vt 0 0
vt 0 0
vt 0 0
vt 0 0
vt 0 0
vt 0 0
vt 0 0
vt 0 0
vt 0 0
vt 0 0
vt 0 0
vt 0 0
vt 0 0
vt 0 0
vt 0 0
vt 0 0
vt 0 0
vt 0 0
vt 0 0
vt 0 0
vt 0 0
vt 0 0
vt 0 0
vt 0 0
vt 0 0
vt 0 0
vt 0 0
vt 0 0
vt 0 0
vt 0 0
vt 0 0
vt 0 0
vt 0 0
vt 0 0
vt 0 0
vt 0 0
vt 0 0
vt 0 0
vt 0 0
vt 0 0
vt 0 0
vt 0 0
vt 0 0
vt 0 0
vt 0 0
vt 0 0
vt 0 0
vt 0 0
vt 0 0
vt 0 0
vt 0 0
vt 0 0
vt 0 0
vt 0 0
vt 0 0
vt 0 0
vt 0 0
vt 0 0
vt 0 0
vt 0 0
vt 0 0
vt 0 0
vt 0 0
vt 0 0
vt 0 0
vt 0 0
vt 0 0
vt 0 0
vt 0 0
vt 0 0
vt 0 0
vt 0 0
vt 0 0
vt 0 0
vt 0 0
vt 0 0
vt 0 0
vt 0 0
vt 0 0
vt 0 0
vt 0 0
vt 0 0
vt 0 0
vt 0 0
vt 0 0
vt 0 0
vt 0 0
vt 0 0
vt 0 0
vt 0 0
vt 0 0
vt 0 0
vt 0 0
vt 0 0
vt 0 0
vt 0 0
vt 0 0
vt 0 0
vt 0 0
vt 0 0
vt 0 0
vt 0 0
vt 0 0
vt 0 0
vt 0 0
vt 0 0
vt 0 0
vt 0 0
vt 0 0
vt 0 0
vt 0 0
vt 0 0
vt 0 0
vt 0 0
vt 0 0
vt 0 0
vt 0 0
vt 0 0
vt 0 0
vt 0 0
vt 0 0
vt 0 0
vt 0 0
vt 0 0
vt 0 0
vt 0 0
vt 0 0
vt 0 0
vt 0 0
vt 0 0
vt 0 0
vt 0 0
vt 0 0
vt 0 0
vt 0 0
vt 0 0
vt 0 0
vt 0 0
vt 0 0
vt 0 0
vt 0 0
vt 0 0
vt 0 0
vt 0 0
vt 0 0
vt 0 0
vt 0 0
vt 0 0
vt 0 0
vt 0 0
vt 0 0
vt 0 0
vt 0 0
vt 0 0
vt 0 0
vt 0 0
vt 0 0
vt 0 0
vt 0 0
vt 0 0
vt 0 0
vt 0 0
vt 0 0
vt 0 0
vt 0 0
vt 0 0
vt 0 0
vt 0 0
vt 0 0
vt 0 0
vt 0 0
vt 0 0
vt 0 0
vt 0 0
vt 0 0
vt 0 0
vt 0 0
vt 0 0
vt 0 0
vt 0 0
vt 0 0
vt 0 0
vt 0 0
vt 0 0
vt 0 0
vt 0 0
vt 0 0
vt 0 0
vt 0 0
vt 0 0
vt 0 0
vt 0 0
vt 0 0
vt 0 0
vt 0 0
vt 0 0
vt 0 0
vt 0 0
vt 0 0
vt 0 0
vt 0 0
vt 0 0
vt 0 0
vt 0 0
vt 0 0
vt 0 0
vt 0 0
vt 0 0
vt 0 0
vt 0 0
vt 0 0
vt 0 0
vt 0 0
vt 0 0
vt 0 0
vt 0 0
vt 0 0
vt 0 0
vt 0 0
vt 0 0
vt 0 0
vt 0 0
vt 0 0
vt 0 0
vt 0 0
vt 0 0
vt 0 0
vt 0 0
vt 0 0
vt 0 0
vt 0 0
vt 0 0
vt 0 0
vt 0 0
vt 0 0
vt 0 0
vt 0 0
vt 0 0
vt 0 0
vt 0 0
vt 0 0
vt 0 0
vt 0 0
vt 0 0
vt 0 0
vt 0 0
vt 0 0
vt 0 0
vt 0 0
vt 0 0
vt 0 0
vt 0 0
vt 0 0
vt 0 0
vt 0 0
vt 0 0
vt 0 0
vt 0 0
vt 0 0
vt 0 0
vt 0 0
vt 0 0
vt 0 0
vt 0 0
vt 0 0
vt 0 0
vt 0 0
vt 0 0
vt 0 0
vt 0 0
vt 0 0
vt 0 0
vt 0 0
vt 0 0
vt 0 0
vt 0 0
vt 0 0
vt 0 0
vt 0 0
vt 0 0
vt 0 0
vt 0 0
vt 0 0
vt 0 0
vt 0 0
vt 0 0
vt 0 0
vt 0 0
vt 0 0
vt 0 0
vt 0 0
vt 0 0
vt 0 0
vt 0 0
vt 0 0
vt 0 0
vt 0 0
vt 0 0
vt 0 0
vt 0 0
vt 0 0
vt 0 0
vt 0 0
vt 0 0
vt 0 0
vt 0 0
vt 0 0
vt 0 0
vt 0 0
vt 0 0
vt 0 0
vt 0 0
vt 0 0
vt 0 0
vt 0 0
vt 0 0
vt 0 0
vt 0 0
vt 0 0
vt 0 0
vt 0 0
vt 0 0
vt 0 0
vt 0 0
vt 0 0
vt 0 0
vt 0 0
vt 0 0
vt 0 0
vt 0 0
vt 0 0
vt 0 0
vt 0 0
vt 0 0
vt 0 0
vt 0 0
vt 0 0
vt 0 0
vt 0 0
vt 0 0
vt 0 0
vt 0 0
vt 0 0
vt 0 0
vt 0 0
vt 0 0
vt 0 0
vt 0 0
vt 0 0
vt 0 0
vt 0 0
vt 0 0
vt 0 0
vt 0 0
vt 0 0
vt 0 0
vt 0 0
vt 0 0
vt 0 0
vt 0 0
vt 0 0
vt 0 0
vt 0 0
vt 0 0
vt 0 0
vt 0 0
vt 0 0
vt 0 0
vt 0 0
vt 0 0
vt 0 0
vt 0 0
vt 0 0
vt 0 0
vt 0 0
vt 0 0
vt 0 0
vt 0 0
vt 0 0
vt 0 0
vt 0 0
vt 0 0
vt 0 0
vt 0 0
vt 0 0
vt 0 0
vt 0 0
vt 0 0
vt 0 0
vt 0 0
vt 0 0
vt 0 0
vt 0 0
vt 0 0
vt 0 0
vt 0 0
vt 0 0
vt 0 0
vt 0 0
vt 0 0
vt 0 0
vt 0 0
vt 0 0
vt 0 0
vt 0 0
vt 0 0
vt 0 0
vt 0 0
vt 0 0
vt 0 0
vt 0 0
vt 0 0
vt 0 0
vt 0 0
vt 0 0
vt 0 0
vt 0 0
vt 0 0
vt 0 0
vt 0 0
vt 0 0
vt 0 0
vt 0 0
vt 0 0
vt 0 0
vt 0 0
vt 0 0
vt 0 0
vt 0 0
vt 0 0
vt 0 0
vt 0 0
vt 0 0
vt 0 0
vt 0 0
vt 0 0
vt 0 0
vt 0 0
vt 0 0
vt 0 0
vt 0 0
vt 0 0
vt 0 0
vt 0 0
vt 0 0
vt 0 0
vt 0 0
vt 0 0
vt 0 0
vt 0 0
vt 0 0
vt 0 0
vt 0 0
vt 0 0
vt 0 0
vt 0 0
vt 0 0
vt 0 0
vt 0 0
vt 0 0
vt 0 0
vt 0 0
vt 0 0
vt 0 0
vt 0 0
vt 0 0
vt 0 0
vt 0 0
vt 0 0
vt 0 0
vt 0 0
vt 0 0
vt 0 0
vt 0 0
vt 0 0
vt 0 0
vt 0 0
vt 0 0
vt 0 0
vt 0 0
vt 0 0
vt 0 0
vt 0 0
vt 0 0
vt 0 0
vt 0 0
vt 0 0
vt 0 0
vt 0 0
vt 0 0
vt 0 0
vt 0 0
vt 0 0
vt 0 0
vt 0 0
vt 0 0
vt 0 0
vt 0 0
vt 0 0
vt 0 0
vt 0 0
vt 0 0
vt 0 0
vt 0 0
vt 0 0
vt 0 0
vt 0 0
vt 0 0
vt 0 0
vt 0 0
vt 0 0
vt 0 0
vt 0 0
vt 0 0
vt 0 0
vt 0 0
vt 0 0
vt 0 0
vt 0 0
vt 0 0
vt 0 0
vt 0 0
vt 0 0
vt 0 0
vt 0 0
vt 0 0
vt 0 0
vt 0 0
vt 0 0
vt 0 0
vt 0 0
vt 0 0
vt 0 0
vt 0 0
vt 0 0
vt 0 0
vt 0 0
vt 0 0
vt 0 0
vt 0 0
vt 0 0
vt 0 0
vt 0 0
vt 0 0
vt 0 0
vt 0 0
vt 0 0
vt 0 0
vt 0 0
vt 0 0
vt 0 0
vt 0 0
vt 0 0
vt 0 0
vt 0 0
vt 0 0
vt 0 0
vt 0 0
vt 0 0
vt 0 0
vt 0 0
vt 0 0
vt 0 0
vt 0 0
vt 0 0
vt 0 0
vt 0 0
vt 0 0
vt 0 0
vt 0 0
vt 0 0
vt 0 0
vt 0 0
vt 0 0
vt 0 0
vt 0 0
vt 0 0
vt 0 0
vt 0 0
vt 0 0
vt 0 0
vt 0 0
vt 0 0
vt 0 0
vt 0 0
vt 0 0
vt 0 0
vt 0 0
vt 0 0
vt 0 0
vt 0 0
vt 0 0
vt 0 0
vt 0 0
vt 0 0
vt 0 0
vt 0 0
vt 0 0
vt 0 0
vt 0 0
vt 0 0
vt 0 0
vt 0 0
vt 0 0
vt 0 0
vt 0 0
vt 0 0
vt 0 0
vt 0 0
vt 0 0
vt 0 0
vt 0 0
vt 0 0
vt 0 0
vt 0 0
vt 0 0
vt 0 0
vt 0 0
vt 0 0
vt 0 0
vt 0 0
vt 0 0
vt 0 0
vt 0 0
vt 0 0
vt 0 0
vt 0 0
vt 0 0
vt 0 0
vt 0 0
vt 0 0
vt 0 0
vt 0 0
vt 0 0
vt 0 0
vt 0 0
vt 0 0
vt 0 0
vt 0 0
vt 0 0
vt 0 0
vt 0 0
vt 0 0
vt 0 0
vt 0 0
vt 0 0
vt 0 0
vt 0 0
vt 0 0
vt 0 0
vt 0 0
vt 0 0
vt 0 0
vt 0 0
vt 0 0
vt 0 0
vt 0 0
vt 0 0
vt 0 0
vt 0 0
vt 0 0
vt 0 0
vt 0 0
vt 0 0
vt 0 0
vt 0 0
vt 0 0
vt 0 0
vt 0 0
vt 0 0
vt 0 0
vt 0 0
vt 0 0
vt 0 0
vt 0 0
vt 0 0
vt 0 0
vt 0 0
vt 0 0
vt 0 0
vt 0 0
vt 0 0
vt 0 0
vt 0 0
vt 0 0
vt 0 0
vt 0 0
vt 0 0
vt 0 0
vt 0 0
vt 0 0
vt 0 0
vt 0 0
vt 0 0
vt 0 0
vt 0 0
vt 0 0
vt 0 0
vt 0 0
vt 0 0
vt 0 0
vt 0 0
vt 0 0
vt 0 0
vt 0 0
vt 0 0
vt 0 0
vt 0 0
vt 0 0
vt 0 0
vt 0 0
vt 0 0
vt 0 0
vt 0 0
vt 0 0
vt 0 0
vt 0 0
vt 0 0
vt 0 0
vt 0 0
vt 0 0
vt 0 0
vt 0 0
vt 0 0
vt 0 0
vt 0 0
vt 0 0
vt 0 0
vt 0 0
vt 0 0
vt 0 0
vt 0 0
vt 0 0
vt 0 0
vt 0 0
vt 0 0
vt 0 0
vt 0 0
vt 0 0
vt 0 0
vt 0 0
vt 0 0
vt 0 0
vt 0 0
vt 0 0
vt 0 0
vt 0 0
vt 0 0
vt 0 0
vt 0 0
vt 0 0
vt 0 0
vt 0 0
vt 0 0
vt 0 0
vt 0 0
vt 0 0
vt 0 0
vt 0 0
vt 0 0
vt 0 0
vt 0 0
vt 0 0
vt 0 0
vt 0 0
vt 0 0
vt 0 0
vt 0 0
vt 0 0
vt 0 0
vt 0 0
vt 0 0
vt 0 0
vt 0 0
vt 0 0
vt 0 0
vt 0 0
vt 0 0
vt 0 0
vt 0 0
vt 0 0
vt 0 0
vt 0 0
vt 0 0
vt 0 0
vt 0 0
vt 0 0
vt 0 0
vt 0 0
vt 0 0
vt 0 0
vt 0 0
vt 0 0
vt 0 0
vt 0 0
vt 0 0
vt 0 0
vt 0 0
vt 0 0
vt 0 0
vt 0 0
vt 0 0
vt 0 0
vt 0 0
vt 0 0
vt 0 0
vt 0 0
vt 0 0
vt 0 0
vt 0 0
vt 0 0
vt 0 0
vt 0 0
vt 0 0
vt 0 0
vt 0 0
vt 0 0
vt 0 0
vt 0 0
vt 0 0
vt 0 0
vt 0 0
vt 0 0
vt 0 0
vt 0 0
vt 0 0
vt 0 0
vt 0 0
vt 0 0
vt 0 0
vt 0 0
vt 0 0
vt 0 0
vt 0 0
vt 0 0
vt 0 0
vt 0 0
vt 0 0
vt 0 0
vt 0 0
vt 0 0
vt 0 0
vt 0 0
vt 0 0
vt 0 0
vt 0 0
vt 0 0
vt 0 0
vt 0 0
vt 0 0
vt 0 0
vt 0 0
vt 0 0
vt 0 0
vt 0 0
vt 0 0
vt 0 0
vt 0 0
vt 0 0
vt 0 0
vt 0 0
vt 0 0
vt 0 0
vt 0 0
vt 0 0
vt 0 0
vt 0 0
vt 0 0
vt 0 0
vt 0 0
vt 0 0
vt 0 0
vt 0 0
vt 0 0
vt 0 0
vt 0 0
vt 0 0
vt 0 0
vt 0 0
vt 0 0
vt 0 0
vt 0 0
vt 0 0
vt 0 0
vt 0 0
vt 0 0
vt 0 0
vt 0 0
vt 0 0
vt 0 0
vt 0 0
vt 0 0
vt 0 0
vt 0 0
vt 0 0
vt 0 0
vt 0 0
vt 0 0
vt 0 0
vt 0 0
vt 0 0
vt 0 0
vt 0 0
vt 0 0
vt 0 0
vt 0 0
vt 0 0
vt 0 0
vt 0 0
vt 0 0
vt 0 0
vt 0 0
vt 0 0
vt 0 0
vt 0 0
vt 0 0
vt 0 0
vt 0 0
vt 0 0
vt 0 0
vt 0 0
vt 0 0
vt 0 0
vt 0 0
vt 0 0
vt 0 0
vt 0 0
vt 0 0
vt 0 0
vt 0 0
vt 0 0
vt 0 0
vt 0 0
vt 0 0
vt 0 0
vt 0 0
vt 0 0
vt 0 0
vt 0 0
vt 0 0
vt 0 0
vt 0 0
vt 0 0
vt 0 0
vt 0 0
vt 0 0
vt 0 0
vt 0 0
vt 0 0
vt 0 0
vt 0 0
vt 0 0
vt 0 0
vt 0 0
vt 0 0
vt 0 0
vt 0 0
vt 0 0
vt 0 0
vt 0 0
vt 0 0
vt 0 0
vt 0 0
vt 0 0
vt 0 0
vt 0 0
vt 0 0
vt 0 0
vt 0 0
vt 0 0
vt 0 0
vt 0 0
vt 0 0
vt 0 0
vt 0 0
vt 0 0
vt 0 0
vt 0 0
vt 0 0
vt 0 0
vt 0 0
vt 0 0
vt 0 0
vt 0 0
vt 0 0
vt 0 0
vt 0 0
vt 0 0
vt 0 0
vt 0 0
vt 0 0
vt 0 0
vt 0 0
vt 0 0
vt 0 0
vt 0 0
vt 0 0
vt 0 0
vt 0 0
vt 0 0
vt 0 0
vt 0 0
vt 0 0
vt 0 0
vt 0 0
vt 0 0
vt 0 0
vt 0 0
vt 0 0
vt 0 0
vt 0 0
vt 0 0
vt 0 0
vt 0 0
vt 0 0
vt 0 0
vt 0 0
vt 0 0
vt 0 0
vt 0 0
vt 0 0
vt 0 0
vt 0 0
vt 0 0
vt 0 0
vt 0 0
vt 0 0
vt 0 0
vt 0 0
vt 0 0
vt 0 0
vt 0 0
vt 0 0
vt 0 0
vt 0 0
vt 0 0
vt 0 0
vt 0 0
vt 0 0
vt 0 0
vt 0 0
vt 0 0
vt 0 0
vt 0 0
vt 0 0
vt 0 0
vt 0 0
vt 0 0
vt 0 0
vt 0 0
vt 0 0
vt 0 0
vt 0 0
vt 0 0
vt 0 0
vt 0 0
vt 0 0
vt 0 0
vt 0 0
vt 0 0
vt 0 0
vt 0 0
vt 0 0
vt 0 0
vt 0 0
vt 0 0
vt 0 0
vt 0 0
vt 0 0
vt 0 0
vt 0 0
vt 0 0
vt 0 0
vt 0 0
vt 0 0
vt 0 0
vt 0 0
vt 0 0
vt 0 0
vt 0 0
vt 0 0
vt 0 0
vt 0 0
vt 0 0
vt 0 0
vt 0 0
vt 0 0
vt 0 0
vt 0 0
vt 0 0
vt 0 0
vt 0 0
vt 0 0
vt 0 0
vt 0 0
vt 0 0
vt 0 0
vt 0 0
vt 0 0
vt 0 0
vt 0 0
vt 0 0
vt 0 0
vt 0 0
vt 0 0
vt 0 0
vt 0 0
vt 0 0
vt 0 0
vt 0 0
vt 0 0
vt 0 0
vt 0 0
vt 0 0
vt 0 0
vt 0 0
vt 0 0
vt 0 0
vt 0 0
vt 0 0
vt 0 0
vt 0 0
vt 0 0
vt 0 0
vt 0 0
vt 0 0
vt 0 0
vt 0 0
vt 0 0
vt 0 0
vt 0 0
vt 0 0
vt 0 0
vt 0 0
vt 0 0
vt 0 0
vt 0 0
vt 0 0
vt 0 0
vt 0 0
vt 0 0
vt 0 0
vt 0 0
vt 0 0
vt 0 0
vt 0 0
vt 0 0
vt 0 0
vt 0 0
vt 0 0
vt 0 0
vt 0 0
vt 0 0
vt 0 0
vt 0 0
vt 0 0
vt 0 0
vt 0 0
vt 0 0
vt 0 0
vt 0 0
vt 0 0
vt 0 0
vt 0 0
vt 0 0
vt 0 0
vt 0 0
vt 0 0
vt 0 0
vt 0 0
vt 0 0
vt 0 0
vt 0 0
vt 0 0
vt 0 0
vt 0 0
vt 0 0
vt 0 0
vt 0 0
vt 0 0
vt 0 0
vt 0 0
vt 0 0
vt 0 0
vt 0 0
vt 0 0
vt 0 0
vt 0 0
vt 0 0
vt 0 0
vt 0 0
vt 0 0
vt 0 0
vt 0 0
vt 0 0
vt 0 0
vt 0 0
vt 0 0
vt 0 0
vt 0 0
vt 0 0
vt 0 0
vt 0 0
vt 0 0
vt 0 0
vt 0 0
vt 0 0
vt 0 0
vt 0 0
vt 0 0
vt 0 0
vt 0 0
vt 0 0
vt 0 0
vt 0 0
vt 0 0
vt 0 0
vt 0 0
vt 0 0
vt 0 0
vt 0 0
vt 0 0
vt 0 0
vt 0 0
vt 0 0
vt 0 0
vt 0 0
vt 0 0
vt 0 0
vt 0 0
vt 0 0
vt 0 0
vt 0 0
vt 0 0
vt 0 0
vt 0 0
vt 0 0
vt 0 0
vt 0 0
vt 0 0
vt 0 0
vt 0 0
vt 0 0
vt 0 0
vt 0 0
vt 0 0
vt 0 0
vt 0 0
vt 0 0
vt 0 0
vt 0 0
vt 0 0
vt 0 0
vt 0 0
vt 0 0
vt 0 0
vt 0 0
vt 0 0
vt 0 0
vt 0 0
vt 0 0
vt 0 0
vt 0 0
vt 0 0
vt 0 0
vt 0 0
vt 0 0
vt 0 0
vt 0 0
vt 0 0
vt 0 0
vt 0 0
vt 0 0
vt 0 0
vt 0 0
vt 0 0
vt 0 0
vt 0 0
vt 0 0
vt 0 0
vt 0 0
vt 0 0
vt 0 0
vt 0 0
vt 0 0
vt 0 0
vt 0 0
vt 0 0
vt 0 0
vt 0 0
vt 0 0
vt 0 0
vt 0 0
vt 0 0
vt 0 0
vt 0 0
vt 0 0
vt 0 0
vt 0 0
vt 0 0
vt 0 0
vt 0 0
vt 0 0
vt 0 0
vt 0 0
vt 0 0
vt 0 0
vt 0 0
vt 0 0
vt 0 0
vt 0 0
vt 0 0
vt 0 0
vt 0 0
vt 0 0
vt 0 0
vt 0 0
vt 0 0
vt 0 0
vt 0 0
vt 0 0
vt 0 0
vt 0 0
vt 0 0
vt 0 0
vt 0 0
vt 0 0
vt 0 0
vt 0 0
vt 0 0
vt 0 0
vt 0 0
vt 0 0
vt 0 0
vt 0 0
vt 0 0
vt 0 0
vt 0 0
vt 0 0
vt 0 0
vt 0 0
vt 0 0
vt 0 0
vt 0 0
vt 0 0
vt 0 0
vt 0 0
vt 0 0
vt 0 0
vt 0 0
vt 0 0
vt 0 0
vt 0 0
vt 0 0
vt 0 0
vt 0 0
vt 0 0
vt 0 0
vt 0 0
vt 0 0
vt 0 0
vt 0 0
vt 0 0
vt 0 0
vt 0 0
vt 0 0
vt 0 0
vt 0 0
vt 0 0
vt 0 0
vt 0 0
vt 0 0
vt 0 0
vt 0 0
vt 0 0
vt 0 0
vt 0 0
vt 0 0
vt 0 0
vt 0 0
vt 0 0
vt 0 0
vt 0 0
vt 0 0
vt 0 0
vt 0 0
vt 0 0
vt 0 0
vt 0 0
vt 0 0
vt 0 0
vt 0 0
vt 0 0
vt 0 0
vt 0 0
vt 0 0
vt 0 0
vt 0 0
vt 0 0
vt 0 0
vt 0 0
vt 0 0
vt 0 0
vt 0 0
vt 0 0
vt 0 0
vt 0 0
vt 0 0
vt 0 0
vt 0 0
vt 0 0
vt 0 0
vt 0 0
vt 0 0
vt 0 0
vt 0 0
vt 0 0
vt 0 0
vt 0 0
vt 0 0
vt 0 0
vt 0 0
vt 0 0
vt 0 0
vt 0 0
vt 0 0
vt 0 0
vt 0 0
vt 0 0
vt 0 0
vt 0 0
vt 0 0
vt 0 0
vt 0 0
vt 0 0
vt 0 0
vt 0 0
vt 0 0
vt 0 0
vt 0 0
vt 0 0
vt 0 0
vt 0 0
vt 0 0
vt 0 0
vt 0 0
vt 0 0
vt 0 0
vt 0 0
vt 0 0
vt 0 0
vt 0 0
vt 0 0
vt 0 0
vt 0 0
vt 0 0
vt 0 0
vt 0 0
vt 0 0
vt 0 0
vt 0 0
vt 0 0
vt 0 0
vt 0 0
vt 0 0
vt 0 0
vt 0 0
vt 0 0
vt 0 0
vt 0 0
vt 0 0
vt 0 0
vt 0 0
vt 0 0
vt 0 0
vt 0 0
vt 0 0
vt 0 0
vt 0 0
vt 0 0
vt 0 0
vt 0 0
vt 0 0
vt 0 0
vt 0 0
vt 0 0
vt 0 0
vt 0 0
vt 0 0
vt 0 0
vt 0 0
vt 0 0
vt 0 0
vt 0 0
vt 0 0
vt 0 0
vt 0 0
vt 0 0
vt 0 0
vt 0 0
vt 0 0
vt 0 0
vt 0 0
vt 0 0
vt 0 0
vt 0 0
vt 0 0
vt 0 0
vt 0 0
vt 0 0
vt 0 0
vt 0 0
vt 0 0
vt 0 0
vt 0 0
vt 0 0
vt 0 0
vt 0 0
vt 0 0
vt 0 0
vt 0 0
vt 0 0
vt 0 0
vt 0 0
vt 0 0
vt 0 0
vt 0 0
vt 0 0
vt 0 0
vt 0 0
vt 0 0
vt 0 0
vt 0 0
vt 0 0
vt 0 0
vt 0 0
vt 0 0
vt 0 0
vt 0 0
vt 0 0
vt 0 0
vt 0 0
vt 0 0
vt 0 0
vt 0 0
vt 0 0
vt 0 0
vt 0 0
vt 0 0
vt 0 0
vt 0 0
vt 0 0
vt 0 0
vt 0 0
vt 0 0
vt 0 0
vt 0 0
vt 0 0
vt 0 0
vt 0 0
vt 0 0
vt 0 0
vt 0 0
vt 0 0
vt 0 0
vt 0 0
vt 0 0
vt 0 0
vt 0 0
vt 0 0
vt 0 0
vt 0 0
vt 0 0
vt 0 0
vt 0 0
vt 0 0
vt 0 0
vt 0 0
vt 0 0
vt 0 0
vt 0 0
vt 0 0
vt 0 0
vt 0 0
vt 0 0
vt 0 0
vt 0 0
vt 0 0
vt 0 0
vt 0 0
vt 0 0
vt 0 0
vt 0 0
vt 0 0
vt 0 0
vt 0 0
vt 0 0
vt 0 0
vt 0 0
vt 0 0
vt 0 0
vt 0 0
vt 0 0
vt 0 0
vt 0 0
vt 0 0
vt 0 0
vt 0 0
vt 0 0
vt 0 0
vt 0 0
vt 0 0
vt 0 0
vt 0 0
vt 0 0
vt 0 0
vt 0 0
vt 0 0
vt 0 0
vt 0 0
vt 0 0
vt 0 0
vt 0 0
vt 0 0
vt 0 0
vt 0 0
vt 0 0
vt 0 0
vt 0 0
vt 0 0
vt 0 0
vt 0 0
vt 0 0
vt 0 0
vt 0 0
vt 0 0
vt 0 0
vt 0 0
vt 0 0
vt 0 0
vt 0 0
vt 0 0
vt 0 0
vt 0 0
vt 0 0
vt 0 0
vt 0 0
vt 0 0
vt 0 0
vt 0 0
vt 0 0
vt 0 0
vt 0 0
vt 0 0
vt 0 0
vt 0 0
vt 0 0
vt 0 0
vt 0 0
vt 0 0
vt 0 0
vt 0 0
vt 0 0
vt 0 0
vt 0 0
vt 0 0
vt 0 0
vt 0 0
vt 0 0
vt 0 0
vt 0 0
vt 0 0
vt 0 0
vt 0 0
vt 0 0
vt 0 0
vt 0 0
vt 0 0
vt 0 0
vt 0 0
vt 0 0
vt 0 0
vt 0 0
vt 0 0
vt 0 0
vt 0 0
vt 0 0
vt 0 0
vt 0 0
vt 0 0
vt 0 0
vt 0 0
vt 0 0
vt 0 0
vt 0 0
vt 0 0
vt 0 0
vt 0 0
vt 0 0
vt 0 0
vt 0 0
vt 0 0
vt 0 0
vt 0 0
vt 0 0
vt 0 0
vt 0 0
vt 0 0
vt 0 0
vt 0 0
vt 0 0
vt 0 0
vt 0 0
vt 0 0
vt 0 0
vt 0 0
vt 0 0
vt 0 0
vt 0 0
vt 0 0
vt 0 0
vt 0 0
vt 0 0
vt 0 0
vt 0 0
vt 0 0
vt 0 0
vt 0 0
vt 0 0
vt 0 0
vt 0 0
vt 0 0
vt 0 0
vt 0 0
vt 0 0
vt 0 0
vt 0 0
vt 0 0
vt 0 0
vt 0 0
vt 0 0
vt 0 0
vt 0 0
vt 0 0
vt 0 0
vt 0 0
vt 0 0
vt 0 0
vt 0 0
vt 0 0
vt 0 0
vt 0 0
vt 0 0
vt 0 0
vt 0 0
vt 0 0
vt 0 0
vt 0 0
vt 0 0
vt 0 0
vt 0 0
vt 0 0
vt 0 0
vt 0 0
vt 0 0
vt 0 0
vt 0 0
vt 0 0
vt 0 0
vt 0 0
vt 0 0
vt 0 0
vt 0 0
vt 0 0
vt 0 0
vt 0 0
vt 0 0
vt 0 0
vt 0 0
vt 0 0
vt 0 0
vt 0 0
vt 0 0
vt 0 0
vt 0 0
vt 0 0
vt 0 0
vt 0 0
vt 0 0
vt 0 0
vt 0 0
vt 0 0
vt 0 0
vt 0 0
vt 0 0
vt 0 0
vt 0 0
vt 0 0
vt 0 0
vt 0 0
vt 0 0
vt 0 0
vt 0 0
vt 0 0
vt 0 0
vt 0 0
vt 0 0
vt 0 0
vt 0 0
vt 0 0
vt 0 0
vt 0 0
vt 0 0
vt 0 0
vt 0 0
vt 0 0
vt 0 0
vt 0 0
vt 0 0
vt 0 0
vt 0 0
vt 0 0
vt 0 0
vt 0 0
vt 0 0
vt 0 0
vt 0 0
vt 0 0
vt 0 0
vt 0 0
vt 0 0
vt 0 0
vt 0 0
vt 0 0
vt 0 0
vt 0 0
vt 0 0
vt 0 0
vt 0 0
vt 0 0
vt 0 0
vt 0 0
vt 0 0
vt 0 0
vt 0 0
vt 0 0
vt 0 0
vt 0 0
vt 0 0
vt 0 0
vt 0 0
vt 0 0
vt 0 0
vt 0 0
vt 0 0
vt 0 0
vt 0 0
vt 0 0
vt 0 0
vt 0 0
vt 0 0
vt 0 0
vt 0 0
vt 0 0
vt 0 0
vt 0 0
vt 0 0
vt 0 0
vt 0 0
vt 0 0
vt 0 0
vt 0 0
vt 0 0
vt 0 0
vt 0 0
vt 0 0
vt 0 0
vt 0 0
vt 0 0
vt 0 0
vt 0 0
vt 0 0
vt 0 0
vt 0 0
vt 0 0
vt 0 0
vt 0 0
vt 0 0
vt 0 0
vt 0 0
vt 0 0
vt 0 0
vt 0 0
vt 0 0
vt 0 0
vt 0 0
vt 0 0
vt 0 0
vt 0 0
vt 0 0
vt 0 0
vt 0 0
vt 0 0
vt 0 0
vt 0 0
vt 0 0
vt 0 0
vt 0 0
vt 0 0
vt 0 0
vt 0 0
vt 0 0
vt 0 0
vt 0 0
vt 0 0
vt 0 0
vt 0 0
vt 0 0
vt 0 0
vt 0 0
vt 0 0
vt 0 0
vt 0 0
vt 0 0
vt 0 0
vt 0 0
vt 0 0
vt 0 0
vt 0 0
vt 0 0
vt 0 0
vt 0 0
vt 0 0
vt 0 0
vt 0 0
vt 0 0
vt 0 0
vt 0 0
vt 0 0
vt 0 0
vt 0 0
vt 0 0
vt 0 0
vt 0 0
vt 0 0
vt 0 0
vt 0 0
vt 0 0
vt 0 0
vt 0 0
vt 0 0
vt 0 0
vt 0 0
vt 0 0
vt 0 0
vt 0 0
vt 0 0
vt 0 0
vt 0 0
vt 0 0
vt 0 0
vt 0 0
vt 0 0
vt 0 0
vt 0 0
vt 0 0
vt 0 0
vt 0 0
vt 0 0
vt 0 0
vt 0 0
vt 0 0
vt 0 0
vt 0 0
vt 0 0
vt 0 0
vt 0 0
vt 0 0
vt 0 0
vt 0 0
vt 0 0
vt 0 0
vt 0 0
vt 0 0
vt 0 0
vt 0 0
vt 0 0
vt 0 0
vt 0 0
vt 0 0
vt 0 0
vt 0 0
vt 0 0
vt 0 0
vt 0 0
vt 0 0
vt 0 0
vt 0 0
vt 0 0
vt 0 0
vt 0 0
vt 0 0
vt 0 0
vt 0 0
vt 0 0
vt 0 0
vt 0 0
vt 0 0
vt 0 0
vt 0 0
vt 0 0
vt 0 0
vt 0 0
vt 0 0
vt 0 0
vt 0 0
vt 0 0
vt 0 0
vt 0 0
vt 0 0
vt 0 0
vt 0 0
vt 0 0
vt 0 0
vt 0 0
vt 0 0
vt 0 0
vt 0 0
vt 0 0
vt 0 0
vt 0 0
vt 0 0
vt 0 0
vt 0 0
vt 0 0
vt 0 0
vt 0 0
vt 0 0
vt 0 0
vt 0 0
vt 0 0
vt 0 0
vt 0 0
vt 0 0
vt 0 0
vt 0 0
vt 0 0
vt 0 0
vt 0 0
vt 0 0
vt 0 0
vt 0 0
vt 0 0
vt 0 0
vt 0 0
vt 0 0
vt 0 0
vt 0 0
vt 0 0
vt 0 0
vt 0 0
vt 0 0
vt 0 0
vt 0 0
vt 0 0
vt 0 0
vt 0 0
vt 0 0
vt 0 0
vt 0 0
vt 0 0
vt 0 0
vt 0 0
vt 0 0
vt 0 0
vt 0 0
vt 0 0
vt 0 0
vt 0 0
vt 0 0
vt 0 0
vt 0 0
vt 0 0
vt 0 0
vt 0 0
vt 0 0
vt 0 0
vt 0 0
vt 0 0
vt 0 0
vt 0 0
vt 0 0
vt 0 0
vt 0 0
vt 0 0
vt 0 0
vt 0 0
vt 0 0
vt 0 0
vt 0 0
vt 0 0
vt 0 0
vt 0 0
vt 0 0
vt 0 0
vt 0 0
vt 0 0
vt 0 0
vt 0 0
vt 0 0
vt 0 0
vt 0 0
vt 0 0
vt 0 0
vt 0 0
vt 0 0
vt 0 0
vt 0 0
vt 0 0
vt 0 0
vt 0 0
vt 0 0
vt 0 0
vt 0 0
vt 0 0
vt 0 0
vt 0 0
vt 0 0
vt 0 0
vt 0 0
vt 0 0
vt 0 0
vt 0 0
vt 0 0
vt 0 0
vt 0 0
vt 0 0
vt 0 0
vt 0 0
vt 0 0
vt 0 0
vt 0 0
vt 0 0
vt 0 0
vt 0 0
vt 0 0
vt 0 0
vt 0 0
vt 0 0
vt 0 0
vt 0 0
vt 0 0
vt 0 0
vt 0 0
vt 0 0
vt 0 0
vt 0 0
vt 0 0
vt 0 0
vt 0 0
vt 0 0
vt 0 0
vt 0 0
vt 0 0
vt 0 0
vt 0 0
vt 0 0
vt 0 0
vt 0 0
vt 0 0
vt 0 0
vt 0 0
vt 0 0
vt 0 0
vt 0 0
vt 0 0
vt 0 0
vt 0 0
vt 0 0
vt 0 0
vt 0 0
vt 0 0
vt 0 0
vt 0 0
vt 0 0
vt 0 0
vt 0 0
vt 0 0
vt 0 0
vt 0 0
vt 0 0
vt 0 0
vt 0 0
vt 0 0
vt 0 0
vt 0 0
vt 0 0
vt 0 0
vt 0 0
vt 0 0
vt 0 0
vt 0 0
vt 0 0
vt 0 0
vt 0 0
vt 0 0
vt 0 0
vt 0 0
vt 0 0
vt 0 0
vt 0 0
vt 0 0
vt 0 0
vt 0 0
vt 0 0
vt 0 0
vt 0 0
vt 0 0
vt 0 0
vt 0 0
vt 0 0
vt 0 0
vt 0 0
vt 0 0
vt 0 0
vt 0 0
vt 0 0
vt 0 0
vt 0 0
vt 0 0
vt 0 0
vt 0 0
vt 0 0
vt 0 0
vt 0 0
vt 0 0
vt 0 0
vt 0 0
vt 0 0
vt 0 0
vt 0 0
vt 0 0
vt 0 0
vt 0 0
vt 0 0
vt 0 0
vt 0 0
vt 0 0
vt 0 0
vt 0 0
vt 0 0
vt 0 0
vt 0 0
vt 0 0
vt 0 0
vt 0 0
vt 0 0
vt 0 0
vt 0 0
vt 0 0
vt 0 0
vt 0 0
vt 0 0
vt 0 0
vt 0 0
vt 0 0
vt 0 0
vt 0 0
vt 0 0
vt 0 0
vt 0 0
vt 0 0
vt 0 0
vt 0 0
vt 0 0
vt 0 0
vt 0 0
vt 0 0
vt 0 0
vt 0 0
vt 0 0
vt 0 0
vt 0 0
vt 0 0
vt 0 0
vt 0 0
vt 0 0
vt 0 0
vt 0 0
vt 0 0
vt 0 0
vt 0 0
vt 0 0
vt 0 0
vt 0 0
vt 0 0
vt 0 0
vt 0 0
vt 0 0
vt 0 0
vt 0 0
vt 0 0
vt 0 0
vt 0 0
vt 0 0
vt 0 0
vt 0 0
vt 0 0
vt 0 0
vt 0 0
vt 0 0
vt 0 0
vt 0 0
vt 0 0
vt 0 0
vt 0 0
vt 0 0
vt 0 0
vt 0 0
vt 0 0
vt 0 0
vt 0 0
vt 0 0
vt 0 0
vt 0 0
vt 0 0
vt 0 0
vt 0 0
vt 0 0
vt 0 0
vt 0 0
vt 0 0
vt 0 0
vt 0 0
vt 0 0
vt 0 0
vt 0 0
vt 0 0
vt 0 0
vt 0 0
vt 0 0
vt 0 0
vt 0 0
vt 0 0
vt 0 0
vt 0 0
vt 0 0
vt 0 0
vt 0 0
vt 0 0
vt 0 0
vt 0 0
vt 0 0
vt 0 0
vt 0 0
vt 0 0
vt 0 0
vt 0 0
vt 0 0
vt 0 0
vt 0 0
vt 0 0
vt 0 0
vt 0 0
vt 0 0
vt 0 0
vt 0 0
vt 0 0
vt 0 0
vt 0 0
vt 0 0
vt 0 0
vt 0 0
vt 0 0
vt 0 0
vt 0 0
vt 0 0
vt 0 0
vt 0 0
vt 0 0
vt 0 0
vt 0 0
vt 0 0
vt 0 0
vt 0 0
vt 0 0
vt 0 0
vt 0 0
vt 0 0
vt 0 0
vt 0 0
vt 0 0
vt 0 0
vt 0 0
vt 0 0
vt 0 0
vt 0 0
vt 0 0
vt 0 0
vt 0 0
vt 0 0
vt 0 0
vt 0 0
vt 0 0
vt 0 0
vt 0 0
vt 0 0
vt 0 0
vt 0 0
vt 0 0
vt 0 0
vt 0 0
vt 0 0
vt 0 0
vt 0 0
vt 0 0
vt 0 0
vt 0 0
vt 0 0
vt 0 0
vt 0 0
vt 0 0
vt 0 0
vt 0 0
vt 0 0
vt 0 0
vt 0 0
vt 0 0
vt 0 0
vt 0 0
vt 0 0
vt 0 0
vt 0 0
vt 0 0
vt 0 0
vt 0 0
vt 0 0
vt 0 0
vt 0 0
vt 0 0
vt 0 0
vt 0 0
vt 0 0
vt 0 0
vt 0 0
vt 0 0
vt 0 0
vt 0 0
vt 0 0
vt 0 0
vt 0 0
vt 0 0
vt 0 0
vt 0 0
vt 0 0
vt 0 0
vt 0 0
vt 0 0
vt 0 0
vt 0 0
vt 0 0
vt 0 0
vt 0 0
vt 0 0
vt 0 0
vt 0 0
vt 0 0
vt 0 0
vt 0 0
vt 0 0
vt 0 0
vt 0 0
vt 0 0
vt 0 0
vt 0 0
vt 0 0
vt 0 0
vt 0 0
vt 0 0
vt 0 0
vt 0 0
vt 0 0
vt 0 0
vt 0 0
vt 0 0
vt 0 0
vt 0 0
vt 0 0
vt 0 0
vt 0 0
vt 0 0
vt 0 0
vt 0 0
vt 0 0
vt 0 0
vt 0 0
vt 0 0
vt 0 0
vt 0 0
vt 0 0
vt 0 0
vt 0 0
vt 0 0
vt 0 0
vt 0 0
vt 0 0
vt 0 0
vt 0 0
vt 0 0
vt 0 0
vt 0 0
vt 0 0
vt 0 0
vt 0 0
vt 0 0
vt 0 0
vt 0 0
vt 0 0
vt 0 0
vt 0 0
vt 0 0
vt 0 0
vt 0 0
vt 0 0
vt 0 0
vt 0 0
vt 0 0
vt 0 0
vt 0 0
vt 0 0
vt 0 0
vt 0 0
vt 0 0
vt 0 0
vt 0 0
vt 0 0
vt 0 0
vt 0 0
vt 0 0
vt 0 0
vt 0 0
vt 0 0
vt 0 0
vt 0 0
vt 0 0
vt 0 0
vt 0 0
vt 0 0
vt 0 0
vt 0 0
vt 0 0
vt 0 0
vt 0 0
vt 0 0
vt 0 0
vt 0 0
vt 0 0
vt 0 0
vt 0 0
vt 0 0
vt 0 0
vt 0 0
vt 0 0
vt 0 0
vt 0 0
vt 0 0
vt 0 0
vt 0 0
vt 0 0
vt 0 0
vt 0 0
vt 0 0
vt 0 0
vt 0 0
vt 0 0
vt 0 0
vt 0 0
vt 0 0
vt 0 0
vt 0 0
vt 0 0
vt 0 0
vt 0 0
vt 0 0
vt 0 0
vt 0 0
vt 0 0
vt 0 0
vt 0 0
vt 0 0
vt 0 0
vt 0 0
vt 0 0
vt 0 0
vt 0 0
vt 0 0
vt 0 0
vt 0 0
vt 0 0
vt 0 0
vt 0 0
vt 0 0
vt 0 0
vt 0 0
vt 0 0
vt 0 0
vt 0 0
vt 0 0
vt 0 0
vt 0 0
vt 0 0
vt 0 0
vt 0 0
vt 0 0
vt 0 0
vt 0 0
vt 0 0
vt 0 0
vt 0 0
vt 0 0
vt 0 0
vt 0 0
vt 0 0
vt 0 0
vt 0 0
vt 0 0
vt 0 0
vt 0 0
vt 0 0
vt 0 0
vt 0 0
vt 0 0
vt 0 0
vt 0 0
vt 0 0
vt 0 0
vt 0 0
vt 0 0
vt 0 0
vt 0 0
vt 0 0
vt 0 0
vt 0 0
vt 0 0
vt 0 0
vt 0 0
vt 0 0
vt 0 0
vt 0 0
vt 0 0
vt 0 0
vt 0 0
vt 0 0
vt 0 0
vt 0 0
vt 0 0
vt 0 0
vt 0 0
vt 0 0
vt 0 0
vt 0 0
vt 0 0
vt 0 0
vt 0 0
vt 0 0
vt 0 0
vt 0 0
vt 0 0
vt 0 0
vt 0 0
vt 0 0
vt 0 0
vt 0 0
vt 0 0
vt 0 0
vt 0 0
vt 0 0
vt 0 0
vt 0 0
vt 0 0
vt 0 0
vt 0 0
vt 0 0
vt 0 0
vt 0 0
vt 0 0
vt 0 0
vt 0 0
vt 0 0
vt 0 0
vt 0 0
vt 0 0
vt 0 0
vt 0 0
vt 0 0
vt 0 0
vt 0 0
vt 0 0
vt 0 0
vt 0 0
vt 0 0
vt 0 0
vt 0 0
vt 0 0
vt 0 0
vt 0 0
vt 0 0
vt 0 0
vt 0 0
vt 0 0
vt 0 0
vt 0 0
vt 0 0
vt 0 0
vt 0 0
vt 0 0
vt 0 0
vt 0 0
vt 0 0
vt 0 0
vt 0 0
vt 0 0
vt 0 0
vt 0 0
vt 0 0
vt 0 0
vt 0 0
vt 0 0
vt 0 0
vt 0 0
vt 0 0
vt 0 0
vt 0 0
vt 0 0
vt 0 0
vt 0 0
vt 0 0
vt 0 0
vt 0 0
vt 0 0
vt 0 0
vt 0 0
vt 0 0
vt 0 0
vt 0 0
vt 0 0
vt 0 0
vt 0 0
vt 0 0
vt 0 0
vt 0 0
vt 0 0
vt 0 0
vt 0 0
vt 0 0
vt 0 0
vt 0 0
vt 0 0
vt 0 0
vt 0 0
vt 0 0
vt 0 0
vt 0 0
vt 0 0
vt 0 0
vt 0 0
vt 0 0
vt 0 0
vt 0 0
vt 0 0
vt 0 0
vt 0 0
vt 0 0
vt 0 0
vt 0 0
vt 0 0
vt 0 0
vt 0 0
vt 0 0
vt 0 0
vt 0 0
vt 0 0
vt 0 0
vt 0 0
vt 0 0
vt 0 0
vt 0 0
vt 0 0
vt 0 0
vt 0 0
vt 0 0
vt 0 0
vt 0 0
vt 0 0
vt 0 0
vt 0 0
vt 0 0
vt 0 0
vt 0 0
vt 0 0
vt 0 0
vt 0 0
vt 0 0
vt 0 0
vt 0 0
vt 0 0
vt 0 0
vt 0 0
vt 0 0
vt 0 0
vt 0 0
vt 0 0
vt 0 0
vt 0 0
vt 0 0
vt 0 0
vt 0 0
vt 0 0
vt 0 0
vt 0 0
vt 0 0
vt 0 0
vt 0 0
vt 0 0
vt 0 0
vt 0 0
vt 0 0
vt 0 0
vt 0 0
vt 0 0
vt 0 0
vt 0 0
vt 0 0
vt 0 0
vt 0 0
vt 0 0
vt 0 0
vt 0 0
vt 0 0
vt 0 0
vt 0 0
vt 0 0
vt 0 0
vt 0 0
vt 0 0
vt 0 0
vt 0 0
vt 0 0
vt 0 0
vt 0 0
vt 0 0
vt 0 0
vt 0 0
vt 0 0
vt 0 0
vt 0 0
vt 0 0
vt 0 0
vt 0 0
vt 0 0
vt 0 0
vt 0 0
vt 0 0
vt 0 0
vt 0 0
vt 0 0
vt 0 0
vt 0 0
vt 0 0
vt 0 0
vt 0 0
vt 0 0
vt 0 0
vt 0 0
vt 0 0
vt 0 0
vt 0 0
vt 0 0
vt 0 0
vt 0 0
vt 0 0
vt 0 0
vt 0 0
vt 0 0
vt 0 0
vt 0 0
vt 0 0
vt 0 0
vt 0 0
vt 0 0
vt 0 0
vt 0 0
vt 0 0
vt 0 0
vt 0 0
vt 0 0
vt 0 0
vt 0 0
vt 0 0
vt 0 0
vt 0 0
vt 0 0
vt 0 0
vt 0 0
vt 0 0
vt 0 0
vt 0 0
vt 0 0
vt 0 0
vt 0 0
vt 0 0
vt 0 0
vt 0 0
vt 0 0
vt 0 0
vt 0 0
vt 0 0
vt 0 0
vt 0 0
vt 0 0
vt 0 0
vt 0 0
vt 0 0
vt 0 0
vt 0 0
vt 0 0
vt 0 0
vt 0 0
vt 0 0
vt 0 0
vt 0 0
vt 0 0
vt 0 0
vt 0 0
vt 0 0
vt 0 0
vt 0 0
vt 0 0
vt 0 0
vt 0 0
vt 0 0
vt 0 0
vt 0 0
vt 0 0
vt 0 0
vt 0 0
vt 0 0
vt 0 0
vt 0 0
vt 0 0
vt 0 0
vt 0 0
vt 0 0
vt 0 0
vt 0 0
vt 0 0
vt 0 0
vt 0 0
vt 0 0
vt 0 0
vt 0 0
vt 0 0
vt 0 0
vt 0 0
vt 0 0
vt 0 0
vt 0 0
vt 0 0
vt 0 0
vt 0 0
vt 0 0
vt 0 0
vt 0 0
vt 0 0
vt 0 0
vt 0 0
vt 0 0
vt 0 0
vt 0 0
vt 0 0
vt 0 0
vt 0 0
vt 0 0
vt 0 0
vt 0 0
vt 0 0
vt 0 0
vt 0 0
vt 0 0
vt 0 0
vt 0 0
vt 0 0
vt 0 0
vt 0 0
vt 0 0
vt 0 0
vt 0 0
vt 0 0
vt 0 0
vt 0 0
vt 0 0
vt 0 0
vt 0 0
vt 0 0
vt 0 0
vt 0 0
vt 0 0
vt 0 0
vt 0 0
vt 0 0
vt 0 0
vt 0 0
vt 0 0
vt 0 0
vt 0 0
vt 0 0
vt 0 0
vt 0 0
vt 0 0
vt 0 0
vt 0 0
vt 0 0
vt 0 0
vt 0 0
vt 0 0
vt 0 0
vt 0 0
vt 0 0
vt 0 0
vt 0 0
vt 0 0
vt 0 0
vt 0 0
vt 0 0
vt 0 0
vt 0 0
vt 0 0
vt 0 0
vt 0 0
vt 0 0
vt 0 0
vt 0 0
vt 0 0
vt 0 0
vt 0 0
vt 0 0
vt 0 0
vt 0 0
vt 0 0
vt 0 0
vt 0 0
vt 0 0
vt 0 0
vt 0 0
vt 0 0
vt 0 0
vt 0 0
vt 0 0
vt 0 0
vt 0 0
vt 0 0
vt 0 0
vt 0 0
vt 0 0
vt 0 0
vt 0 0
vt 0 0
vt 0 0
vt 0 0
vt 0 0
vt 0 0
vt 0 0
vt 0 0
vt 0 0
vt 0 0
vt 0 0
vt 0 0
vt 0 0
vt 0 0
vt 0 0
vt 0 0
vt 0 0
vt 0 0
vt 0 0
vt 0 0
vt 0 0
vt 0 0
vt 0 0
vt 0 0
vt 0 0
vt 0 0
vt 0 0
vt 0 0
vt 0 0
vt 0 0
vt 0 0
vt 0 0
vt 0 0
vt 0 0
vt 0 0
vt 0 0
vt 0 0
vt 0 0
vt 0 0
vt 0 0
vt 0 0
vt 0 0
vt 0 0
vt 0 0
vt 0 0
vt 0 0
vt 0 0
vt 0 0
vt 0 0
vt 0 0
vt 0 0
vt 0 0
vt 0 0
vt 0 0
vt 0 0
vt 0 0
vt 0 0
vt 0 0
vt 0 0
vt 0 0
vt 0 0
vt 0 0
vt 0 0
vt 0 0
vt 0 0
vt 0 0
vt 0 0
vt 0 0
vt 0 0
vt 0 0
vt 0 0
vt 0 0
vt 0 0
vt 0 0
vt 0 0
vt 0 0
vt 0 0
vt 0 0
vt 0 0
vt 0 0
vt 0 0
vt 0 0
vt 0 0
vt 0 0
vt 0 0
vt 0 0
vt 0 0
vt 0 0
vt 0 0
vt 0 0
vt 0 0
vt 0 0
vt 0 0
vt 0 0
vt 0 0
vt 0 0
vt 0 0
vt 0 0
vt 0 0
vt 0 0
vt 0 0
vt 0 0
vt 0 0
vt 0 0
vt 0 0
vt 0 0
vt 0 0
vt 0 0
vt 0 0
vt 0 0
vt 0 0
vt 0 0
vt 0 0
vt 0 0
vt 0 0
vt 0 0
vt 0 0
vt 0 0
vt 0 0
vt 0 0
vt 0 0
vt 0 0
vt 0 0
vt 0 0
vt 0 0
vt 0 0
vt 0 0
vt 0 0
vt 0 0
vt 0 0
vt 0 0
vt 0 0
vt 0 0
vt 0 0
vt 0 0
vt 0 0
vt 0 0
vt 0 0
vt 0 0
vt 0 0
vt 0 0
vt 0 0
vt 0 0
vt 0 0
vt 0 0
vt 0 0
vt 0 0
vt 0 0
vt 0 0
vt 0 0
vt 0 0
vt 0 0
vt 0 0
vt 0 0
vt 0 0
vt 0 0
vt 0 0
vt 0 0
vt 0 0
vt 0 0
vt 0 0
vt 0 0
vt 0 0
vt 0 0
vt 0 0
vt 0 0
vt 0 0
vt 0 0
vt 0 0
vt 0 0
vt 0 0
vt 0 0
vt 0 0
vt 0 0
vt 0 0
vt 0 0
vt 0 0
vt 0 0
vt 0 0
vt 0 0
vt 0 0
vt 0 0
vt 0 0
vt 0 0
vt 0 0
vt 0 0
vt 0 0
vt 0 0
vt 0 0
vt 0 0
vt 0 0
vt 0 0
vt 0 0
vt 0 0
vt 0 0
vt 0 0
vt 0 0
vt 0 0
vt 0 0
vt 0 0
vt 0 0
vt 0 0
vt 0 0
vt 0 0
vt 0 0
vt 0 0
vt 0 0
vt 0 0
vt 0 0
vt 0 0
vt 0 0
vt 0 0
vt 0 0
vt 0 0
vt 0 0
vt 0 0
vt 0 0
vt 0 0
vt 0 0
vt 0 0
vt 0 0
vt 0 0
vt 0 0
vt 0 0
vt 0 0
vt 0 0
vt 0 0
vt 0 0
vt 0 0
vt 0 0
vt 0 0
vt 0 0
vt 0 0
vt 0 0
vt 0 0
vt 0 0
vt 0 0
vt 0 0
vt 0 0
vt 0 0
vt 0 0
vt 0 0
vt 0 0
vt 0 0
vt 0 0
vt 0 0
vt 0 0
vt 0 0
vt 0 0
vt 0 0
vt 0 0
vt 0 0
vt 0 0
vt 0 0
vt 0 0
vt 0 0
vt 0 0
vt 0 0
vt 0 0
vt 0 0
vt 0 0
vt 0 0
vt 0 0
vt 0 0
vt 0 0
vt 0 0
vt 0 0
vt 0 0
vt 0 0
vt 0 0
vt 0 0
vt 0 0
vt 0 0
vt 0 0
vt 0 0
vt 0 0
vt 0 0
vt 0 0
vt 0 0
vt 0 0
vt 0 0
vt 0 0
vt 0 0
vt 0 0
vt 0 0
vt 0 0
vt 0 0
vt 0 0
vt 0 0
vt 0 0
vt 0 0
vt 0 0
vt 0 0
vt 0 0
vt 0 0
vt 0 0
vt 0 0
vt 0 0
vt 0 0
vt 0 0
vt 0 0
vt 0 0
vt 0 0
vt 0 0
vt 0 0
vt 0 0
vt 0 0
vt 0 0
vt 0 0
vt 0 0
vt 0 0
vt 0 0
vt 0 0
vt 0 0
vt 0 0
vt 0 0
vt 0 0
vt 0 0
vt 0 0
vt 0 0
vt 0 0
vt 0 0
vt 0 0
vt 0 0
vt 0 0
vt 0 0
vt 0 0
vt 0 0
vt 0 0
vt 0 0
vt 0 0
vt 0 0
vt 0 0
vt 0 0
vt 0 0
vt 0 0
vt 0 0
vt 0 0
vt 0 0
vt 0 0
vt 0 0
vt 0 0
vt 0 0
vt 0 0
vt 0 0
vt 0 0
vt 0 0
vt 0 0
vt 0 0
vt 0 0
vt 0 0
vt 0 0
vt 0 0
vt 0 0
vt 0 0
vt 0 0
vt 0 0
vt 0 0
vt 0 0
vt 0 0
vt 0 0
vt 0 0
vt 0 0
vt 0 0
vt 0 0
vt 0 0
vt 0 0
vt 0 0
vt 0 0
vt 0 0
vt 0 0
vt 0 0
vt 0 0
vt 0 0
vt 0 0
vt 0 0
vt 0 0
vt 0 0
vt 0 0
vt 0 0
vt 0 0
vt 0 0
vt 0 0
vt 0 0
vt 0 0
vt 0 0
vt 0 0
vt 0 0
vt 0 0
vt 0 0
vt 0 0
vt 0 0
vt 0 0
vt 0 0
vt 0 0
vt 0 0
vt 0 0
vt 0 0
vt 0 0
vt 0 0
vt 0 0
vt 0 0
vt 0 0
vt 0 0
vt 0 0
vt 0 0
vt 0 0
vt 0 0
vt 0 0
vt 0 0
vt 0 0
vt 0 0
vt 0 0
vt 0 0
vt 0 0
vt 0 0
vt 0 0
vt 0 0
vt 0 0
vt 0 0
vt 0 0
vt 0 0
vt 0 0
vt 0 0
vt 0 0
vt 0 0
vt 0 0
vt 0 0
vt 0 0
vt 0 0
vt 0 0
vt 0 0
vt 0 0
vt 0 0
vt 0 0
vt 0 0
vt 0 0
vt 0 0
vt 0 0
vt 0 0
vt 0 0
vt 0 0
vt 0 0
vt 0 0
vt 0 0
vt 0 0
vt 0 0
vt 0 0
vt 0 0
vt 0 0
vt 0 0
vt 0 0
vt 0 0
vt 0 0
vt 0 0
vt 0 0
vt 0 0
vt 0 0
vt 0 0
vt 0 0
vt 0 0
vt 0 0
vt 0 0
vt 0 0
vt 0 0
vt 0 0
vt 0 0
vt 0 0
vt 0 0
vt 0 0
vt 0 0
vt 0 0
vt 0 0
vt 0 0
vt 0 0
vt 0 0
vt 0 0
vt 0 0
vt 0 0
vt 0 0
vt 0 0
vt 0 0
vt 0 0
vt 0 0
vt 0 0
vt 0 0
vt 0 0
vt 0 0
vt 0 0
vt 0 0
vt 0 0
vt 0 0
vt 0 0
vt 0 0
vt 0 0
vt 0 0
vt 0 0
vt 0 0
vt 0 0
vt 0 0
vt 0 0
vt 0 0
vt 0 0
vt 0 0
vt 0 0
vt 0 0
vt 0 0
vt 0 0
vt 0 0
vt 0 0
vt 0 0
vt 0 0
vt 0 0
vt 0 0
vt 0 0
vt 0 0
vt 0 0
vt 0 0
vt 0 0
vt 0 0
vt 0 0
vt 0 0
vt 0 0
vt 0 0
vt 0 0
vt 0 0
vt 0 0
vt 0 0
vt 0 0
vt 0 0
vt 0 0
vt 0 0
vt 0 0
vt 0 0
vt 0 0
vt 0 0
vt 0 0
vt 0 0
vt 0 0
vt 0 0
vt 0 0
vt 0 0
vt 0 0
vt 0 0
vt 0 0
vt 0 0
vt 0 0
vt 0 0
vt 0 0
vt 0 0
vt 0 0
vt 0 0
vt 0 0
vt 0 0
vt 0 0
vt 0 0
vt 0 0
vt 0 0
vt 0 0
vt 0 0
vt 0 0
vt 0 0
vt 0 0
vt 0 0
vt 0 0
vt 0 0
vt 0 0
vt 0 0
vt 0 0
vt 0 0
vt 0 0
vt 0 0
vt 0 0
vt 0 0
vt 0 0
vt 0 0
vt 0 0
vt 0 0
vt 0 0
vt 0 0
vt 0 0
vt 0 0
vt 0 0
vt 0 0
vt 0 0
vt 0 0
vt 0 0
vt 0 0
vt 0 0
vt 0 0
vt 0 0
vt 0 0
vt 0 0
vt 0 0
vt 0 0
vt 0 0
vt 0 0
vt 0 0
vt 0 0
vt 0 0
vt 0 0
vt 0 0
vt 0 0
vt 0 0
vt 0 0
vt 0 0
vt 0 0
vt 0 0
vt 0 0
vt 0 0
vt 0 0
vt 0 0
vt 0 0
vt 0 0
vt 0 0
vt 0 0
vt 0 0
vt 0 0
vt 0 0
vt 0 0
vt 0 0
vt 0 0
vt 0 0
vt 0 0
vt 0 0
vt 0 0
vt 0 0
vt 0 0
vt 0 0
vt 0 0
vt 0 0
vt 0 0
vt 0 0
vt 0 0
vt 0 0
vt 0 0
vt 0 0
vt 0 0
vt 0 0
vt 0 0
vt 0 0
vt 0 0
vt 0 0
vt 0 0
vt 0 0
vt 0 0
vt 0 0
vt 0 0
vt 0 0
vt 0 0
vt 0 0
vt 0 0
vt 0 0
vt 0 0
vt 0 0
vt 0 0
vt 0 0
vt 0 0
vt 0 0
vt 0 0
vt 0 0
vt 0 0
vt 0 0
vt 0 0
vt 0 0
vt 0 0
vt 0 0
vt 0 0
vt 0 0
vt 0 0
vt 0 0
vt 0 0
vt 0 0
vt 0 0
vt 0 0
vt 0 0
vt 0 0
vt 0 0
vt 0 0
vt 0 0
vt 0 0
vt 0 0
vt 0 0
vt 0 0
vt 0 0
vt 0 0
vt 0 0
vt 0 0
vt 0 0
vt 0 0
vt 0 0
vt 0 0
vt 0 0
vt 0 0
vt 0 0
vt 0 0
vt 0 0
vt 0 0
vt 0 0
vt 0 0
vt 0 0
vt 0 0
vt 0 0
vt 0 0
vt 0 0
vt 0 0
vt 0 0
vt 0 0
vt 0 0
vt 0 0
vt 0 0
vt 0 0
vt 0 0
vt 0 0
vt 0 0
vt 0 0
vt 0 0
vt 0 0
vt 0 0
vt 0 0
vt 0 0
vt 0 0
vt 0 0
vt 0 0
vt 0 0
vt 0 0
vt 0 0
vt 0 0
vt 0 0
vt 0 0
vt 0 0
vt 0 0
vt 0 0
vt 0 0
vt 0 0
vt 0 0
vt 0 0
vt 0 0
vt 0 0
vt 0 0
vt 0 0
vt 0 0
vt 0 0
vt 0 0
vt 0 0
vt 0 0
vt 0 0
vt 0 0
vt 0 0
vt 0 0
vt 0 0
vt 0 0
vt 0 0
vt 0 0
vt 0 0
vt 0 0
vt 0 0
vt 0 0
vt 0 0
vt 0 0
vt 0 0
vt 0 0
vt 0 0
vt 0 0
vt 0 0
vt 0 0
vt 0 0
vt 0 0
vt 0 0
vt 0 0
vt 0 0
vt 0 0
vt 0 0
vt 0 0
vt 0 0
vt 0 0
vt 0 0
vt 0 0
vt 0 0
vt 0 0
vt 0 0
vt 0 0
vt 0 0
vt 0 0
vt 0 0
vt 0 0
vt 0 0
vt 0 0
vt 0 0
vt 0 0
vt 0 0
vt 0 0
vt 0 0
vt 0 0
vt 0 0
vt 0 0
vt 0 0
vt 0 0
vt 0 0
vt 0 0
vt 0 0
vt 0 0
vt 0 0
vt 0 0
vt 0 0
vt 0 0
vt 0 0
vt 0 0
vt 0 0
vt 0 0
vt 0 0
vt 0 0
vt 0 0
vt 0 0
vt 0 0
vt 0 0
vt 0 0
vt 0 0
vt 0 0
vt 0 0
vt 0 0
vt 0 0
vt 0 0
vt 0 0
vt 0 0
vt 0 0
vt 0 0
vt 0 0
vt 0 0
vt 0 0
vt 0 0
vt 0 0
vt 0 0
vt 0 0
vt 0 0
vt 0 0
vt 0 0
vt 0 0
vt 0 0
vt 0 0
vt 0 0
vt 0 0
vt 0 0
vt 0 0
vt 0 0
vt 0 0
vt 0 0
vt 0 0
vt 0 0
vt 0 0
vt 0 0
vt 0 0
vt 0 0
vt 0 0
vt 0 0
vt 0 0
vt 0 0
vt 0 0
vt 0 0
vt 0 0
vt 0 0
vt 0 0
vt 0 0
vt 0 0
vt 0 0
vt 0 0
vt 0 0
vt 0 0
vt 0 0
vt 0 0
vt 0 0
vt 0 0
vt 0 0
vt 0 0
vt 0 0
vt 0 0
vt 0 0
vt 0 0
vt 0 0
vt 0 0
vt 0 0
vt 0 0
vt 0 0
vt 0 0
vt 0 0
vt 0 0
vt 0 0
vt 0 0
vt 0 0
vt 0 0
vt 0 0
vt 0 0
vt 0 0
vt 0 0
vt 0 0
vt 0 0
vt 0 0
vt 0 0
vt 0 0
vt 0 0
vt 0 0
vt 0 0
vt 0 0
vt 0 0
vt 0 0
vt 0 0
vt 0 0
vt 0 0
vt 0 0
vt 0 0
vt 0 0
vt 0 0
vt 0 0
vt 0 0
vt 0 0
vt 0 0
vt 0 0
vt 0 0
vt 0 0
vt 0 0
vt 0 0
vt 0 0
vt 0 0
vt 0 0
vt 0 0
vt 0 0
vt 0 0
vt 0 0
vt 0 0
vt 0 0
vt 0 0
vt 0 0
vt 0 0
vt 0 0
vt 0 0
vt 0 0
vt 0 0
vt 0 0
vt 0 0
vt 0 0
vt 0 0
vt 0 0
vt 0 0
vt 0 0
vt 0 0
vt 0 0
vt 0 0
vt 0 0
vt 0 0
vt 0 0
vt 0 0
vt 0 0
vt 0 0
vt 0 0
vt 0 0
vt 0 0
vt 0 0
vt 0 0
vt 0 0
vt 0 0
vt 0 0
vt 0 0
vt 0 0
vt 0 0
vt 0 0
vt 0 0
vt 0 0
vt 0 0
vt 0 0
vt 0 0
vt 0 0
vt 0 0
vt 0 0
vt 0 0
vt 0 0
vt 0 0
vt 0 0
vt 0 0
vt 0 0
vt 0 0
vt 0 0
vt 0 0
vt 0 0
vt 0 0
vt 0 0
vt 0 0
vt 0 0
vt 0 0
vt 0 0
vt 0 0
vt 0 0
vt 0 0
vt 0 0
vt 0 0
vt 0 0
vt 0 0
vt 0 0
vt 0 0
vt 0 0
vt 0 0
vt 0 0
vt 0 0
vt 0 0
vt 0 0
vt 0 0
vt 0 0
vt 0 0
vt 0 0
vt 0 0
vt 0 0
vt 0 0
vt 0 0
vt 0 0
vt 0 0
vt 0 0
vt 0 0
vt 0 0
vt 0 0
vt 0 0
vt 0 0
vt 0 0
vt 0 0
vt 0 0
vt 0 0
vt 0 0
vt 0 0
vt 0 0
vt 0 0
vt 0 0
vt 0 0
vt 0 0
vt 0 0
vt 0 0
vt 0 0
vt 0 0
vt 0 0
vt 0 0
vt 0 0
vt 0 0
vt 0 0
vt 0 0
vt 0 0
vt 0 0
vt 0 0
vt 0 0
vt 0 0
vt 0 0
vt 0 0
vt 0 0
vt 0 0
vt 0 0
vt 0 0
vt 0 0
vt 0 0
vt 0 0
vt 0 0
vt 0 0
vt 0 0
vt 0 0
vt 0 0
vt 0 0
vt 0 0
vt 0 0
vt 0 0
vt 0 0
vt 0 0
vt 0 0
vt 0 0
vt 0 0
vt 0 0
vt 0 0
vt 0 0
vt 0 0
vt 0 0
vt 0 0
vt 0 0
vt 0 0
vt 0 0
vt 0 0
vt 0 0
vt 0 0
vt 0 0
vt 0 0
vt 0 0
vt 0 0
vt 0 0
vt 0 0
vt 0 0
vt 0 0
vt 0 0
vt 0 0
vt 0 0
vt 0 0
vt 0 0
vt 0 0
vt 0 0
vt 0 0
vt 0 0
vt 0 0
vt 0 0
vt 0 0
vt 0 0
vt 0 0
vt 0 0
vt 0 0
vt 0 0
vt 0 0
vt 0 0
vt 0 0
vt 0 0
vt 0 0
vt 0 0
vt 0 0
vt 0 0
vt 0 0
vt 0 0
vt 0 0
vt 0 0
vt 0 0
vt 0 0
vt 0 0
vt 0 0
vt 0 0
vt 0 0
vt 0 0
vt 0 0
vt 0 0
vt 0 0
vt 0 0
vt 0 0
vt 0 0
vt 0 0
vt 0 0
vt 0 0
vt 0 0
vt 0 0
vt 0 0
vt 0 0
vt 0 0
vt 0 0
vt 0 0
vt 0 0
vt 0 0
vt 0 0
vt 0 0
vt 0 0
vt 0 0
vt 0 0
vt 0 0
vt 0 0
vt 0 0
vt 0 0
vt 0 0
vt 0 0
vt 0 0
vt 0 0
vt 0 0
vt 0 0
vt 0 0
vt 0 0
vt 0 0
vt 0 0
vt 0 0
vt 0 0
vt 0 0
vt 0 0
vt 0 0
vt 0 0
vt 0 0
vt 0 0
vt 0 0
vt 0 0
vt 0 0
vt 0 0
vt 0 0
vt 0 0
vt 0 0
vt 0 0
vt 0 0
vt 0 0
vt 0 0
vt 0 0
vt 0 0
vt 0 0
vt 0 0
vt 0 0
vt 0 0
vt 0 0
vt 0 0
vt 0 0
vt 0 0
vt 0 0
vt 0 0
vt 0 0
vt 0 0
vt 0 0
vt 0 0
vt 0 0
vt 0 0
vt 0 0
vt 0 0
vt 0 0
vt 0 0
vt 0 0
vt 0 0
vt 0 0
vt 0 0
vt 0 0
vt 0 0
vt 0 0
vt 0 0
vt 0 0
vt 0 0
vt 0 0
vt 0 0
vt 0 0
vt 0 0
vt 0 0
vt 0 0
vt 0 0
vt 0 0
vt 0 0
vt 0 0
vt 0 0
vt 0 0
vt 0 0
vt 0 0
vt 0 0
vt 0 0
vt 0 0
vt 0 0
vt 0 0
vt 0 0
vt 0 0
vt 0 0
vt 0 0
vt 0 0
vt 0 0
vt 0 0
vt 0 0
vt 0 0
vt 0 0
vt 0 0
vt 0 0
vt 0 0
vt 0 0
vt 0 0
vt 0 0
vt 0 0
vt 0 0
vt 0 0
vt 0 0
vt 0 0
vt 0 0
vt 0 0
vt 0 0
vt 0 0
vt 0 0
vt 0 0
vt 0 0
vt 0 0
vt 0 0
vt 0 0
vt 0 0
vt 0 0
vt 0 0
vt 0 0
vt 0 0
vt 0 0
vt 0 0
vt 0 0
vt 0 0
vt 0 0
vt 0 0
vt 0 0
vt 0 0
vt 0 0
vt 0 0
vt 0 0
vt 0 0
vt 0 0
vt 0 0
vt 0 0
vt 0 0
vt 0 0
vt 0 0
vt 0 0
vt 0 0
vt 0 0
vt 0 0
vt 0 0
vt 0 0
vt 0 0
vt 0 0
vt 0 0
vt 0 0
vt 0 0
vt 0 0
vt 0 0
vt 0 0
vt 0 0
vt 0 0
vt 0 0
vt 0 0
vt 0 0
vt 0 0
vt 0 0
vt 0 0
vt 0 0
vt 0 0
vt 0 0
vt 0 0
vt 0 0
vt 0 0
vt 0 0
vt 0 0
vt 0 0
vt 0 0
vt 0 0
vt 0 0
vt 0 0
vt 0 0
vt 0 0
vt 0 0
vt 0 0
vt 0 0
vt 0 0
vt 0 0
vt 0 0
vt 0 0
vt 0 0
vt 0 0
vt 0 0
vt 0 0
vt 0 0
vt 0 0
vt 0 0
vt 0 0
vt 0 0
vt 0 0
vt 0 0
vt 0 0
vt 0 0
vt 0 0
vt 0 0
vt 0 0
vt 0 0
vt 0 0
vt 0 0
vt 0 0
vt 0 0
vt 0 0
vt 0 0
vt 0 0
vt 0 0
vt 0 0
vt 0 0
vt 0 0
vt 0 0
vt 0 0
vt 0 0
vt 0 0
vt 0 0
vt 0 0
vt 0 0
vt 0 0
vt 0 0
vt 0 0
vt 0 0
vt 0 0
vt 0 0
vt 0 0
vt 0 0
vt 0 0
vt 0 0
vt 0 0
vt 0 0
vt 0 0
vt 0 0
vt 0 0
vt 0 0
vt 0 0
vt 0 0
vt 0 0
vt 0 0
vt 0 0
vt 0 0
vt 0 0
vt 0 0
vt 0 0
vt 0 0
vt 0 0
vt 0 0
vt 0 0
vt 0 0
vt 0 0
vt 0 0
vt 0 0
vt 0 0
vt 0 0
vt 0 0
vt 0 0
vt 0 0
vt 0 0
vt 0 0
vt 0 0
vt 0 0
vt 0 0
vt 0 0
vt 0 0
vt 0 0
vt 0 0
vt 0 0
vt 0 0
vt 0 0
vt 0 0
vt 0 0
vt 0 0
vt 0 0
vt 0 0
vt 0 0
vt 0 0
vt 0 0
vt 0 0
vt 0 0
vt 0 0
vt 0 0
vt 0 0
vt 0 0
vt 0 0
vt 0 0
vt 0 0
vt 0 0
vt 0 0
vt 0 0
vt 0 0
vt 0 0
vt 0 0
vt 0 0
vt 0 0
vt 0 0
vt 0 0
vt 0 0
vt 0 0
vt 0 0
vt 0 0
vt 0 0
vt 0 0
vt 0 0
vt 0 0
vt 0 0
vt 0 0
vt 0 0
vt 0 0
vt 0 0
vt 0 0
vt 0 0
vt 0 0
vt 0 0
vt 0 0
vt 0 0
vt 0 0
vt 0 0
vt 0 0
vt 0 0
vt 0 0
vt 0 0
vt 0 0
vt 0 0
vt 0 0
vt 0 0
vt 0 0
vt 0 0
vt 0 0
vt 0 0
vt 0 0
vt 0 0
vt 0 0
vt 0 0
vt 0 0
vt 0 0
vt 0 0
vt 0 0
vt 0 0
vt 0 0
vt 0 0
vt 0 0
vt 0 0
vt 0 0
vt 0 0
vt 0 0
vt 0 0
vt 0 0
vt 0 0
vt 0 0
vt 0 0
vt 0 0
vt 0 0
vt 0 0
vt 0 0
vt 0 0
vt 0 0
vt 0 0
vt 0 0
vt 0 0
vt 0 0
vt 0 0
vt 0 0
vt 0 0
vt 0 0
vt 0 0
vt 0 0
vt 0 0
vt 0 0
vt 0 0
vt 0 0
vt 0 0
vt 0 0
vt 0 0
vt 0 0
vt 0 0
vt 0 0
vt 0 0
vt 0 0
vt 0 0
vt 0 0
vt 0 0
vt 0 0
vt 0 0
vt 0 0
vt 0 0
vt 0 0
vt 0 0
vt 0 0
vt 0 0
vt 0 0
vt 0 0
vt 0 0
vt 0 0
vt 0 0
vt 0 0
vt 0 0
vt 0 0
vt 0 0
vt 0 0
vt 0 0
vt 0 0
vt 0 0
vt 0 0
vt 0 0
vt 0 0
vt 0 0
vt 0 0
vt 0 0
vt 0 0
vt 0 0
vt 0 0
vt 0 0
vt 0 0
vt 0 0
vt 0 0
vt 0 0
vt 0 0
vt 0 0
vt 0 0
vt 0 0
vt 0 0
vt 0 0
vt 0 0
vt 0 0
vt 0 0
vt 0 0
vt 0 0
vt 0 0
vt 0 0
vt 0 0
vt 0 0
vt 0 0
vt 0 0
vt 0 0
vt 0 0
vt 0 0
vt 0 0
vt 0 0
vt 0 0
vt 0 0
vt 0 0
vt 0 0
vt 0 0
vt 0 0
vt 0 0
vt 0 0
vt 0 0
vt 0 0
vt 0 0
vt 0 0
vt 0 0
vt 0 0
vt 0 0
vt 0 0
vt 0 0
vt 0 0
vt 0 0
vt 0 0
vt 0 0
vt 0 0
vt 0 0
vt 0 0
vt 0 0
vt 0 0
vt 0 0
vt 0 0
vt 0 0
vt 0 0
vt 0 0
vt 0 0
vt 0 0
vt 0 0
vt 0 0
vt 0 0
vt 0 0
vt 0 0
vt 0 0
vt 0 0
vt 0 0
vt 0 0
vt 0 0
vt 0 0
vt 0 0
vt 0 0
vt 0 0
vt 0 0
vt 0 0
vt 0 0
vt 0 0
vt 0 0
vt 0 0
vt 0 0
vt 0 0
vt 0 0
vt 0 0
vt 0 0
vt 0 0
vt 0 0
vt 0 0
vt 0 0
vt 0 0
vt 0 0
vt 0 0
vt 0 0
vt 0 0
vt 0 0
vt 0 0
vt 0 0
vt 0 0
vt 0 0
vt 0 0
vt 0 0
vt 0 0
vt 0 0
vt 0 0
vt 0 0
vt 0 0
vt 0 0
vt 0 0
vt 0 0
vt 0 0
vt 0 0
vt 0 0
vt 0 0
vt 0 0
vt 0 0
vt 0 0
vt 0 0
vt 0 0
vt 0 0
vt 0 0
vt 0 0
vt 0 0
vt 0 0
vt 0 0
vt 0 0
vt 0 0
vt 0 0
vt 0 0
vt 0 0
vt 0 0
vt 0 0
vt 0 0
vt 0 0
vt 0 0
vt 0 0
vt 0 0
vt 0 0
vt 0 0
vt 0 0
vt 0 0
vt 0 0
vt 0 0
vt 0 0
vt 0 0
vt 0 0
vt 0 0
vt 0 0
vt 0 0
vt 0 0
vt 0 0
vt 0 0
vt 0 0
vt 0 0
vt 0 0
vt 0 0
vt 0 0
vt 0 0
vt 0 0
vt 0 0
vt 0 0
vt 0 0
vt 0 0
vt 0 0
vt 0 0
vt 0 0
vt 0 0
vt 0 0
vt 0 0
vt 0 0
vt 0 0
vt 0 0
vt 0 0
vt 0 0
vt 0 0
vt 0 0
vt 0 0
vt 0 0
vt 0 0
vt 0 0
vt 0 0
vt 0 0
vt 0 0
vt 0 0
vt 0 0
vt 0 0
vt 0 0
vt 0 0
vt 0 0
vt 0 0
vt 0 0
vt 0 0
vt 0 0
vt 0 0
vt 0 0
vt 0 0
vt 0 0
vt 0 0
vt 0 0
vt 0 0
vt 0 0
vt 0 0
vt 0 0
vt 0 0
vt 0 0
vt 0 0
vt 0 0
vt 0 0
vt 0 0
vt 0 0
vt 0 0
vt 0 0
vt 0 0
vt 0 0
vt 0 0
vt 0 0
vt 0 0
vt 0 0
vt 0 0
vt 0 0
vt 0 0
vt 0 0
vt 0 0
vt 0 0
vt 0 0
vt 0 0
vt 0 0
vt 0 0
vt 0 0
vt 0 0
vt 0 0
vt 0 0
vt 0 0
vt 0 0
vt 0 0
vt 0 0
vt 0 0
vt 0 0
vt 0 0
vt 0 0
vt 0 0
vt 0 0
vt 0 0
vt 0 0
vt 0 0
vt 0 0
vt 0 0
vt 0 0
vt 0 0
vt 0 0
vt 0 0
vt 0 0
vt 0 0
vt 0 0
vt 0 0
vt 0 0
vt 0 0
vt 0 0
vt 0 0
vt 0 0
vt 0 0
vt 0 0
vt 0 0
vt 0 0
vt 0 0
vt 0 0
vt 0 0
vt 0 0
vt 0 0
vt 0 0
vt 0 0
vt 0 0
vt 0 0
vt 0 0
vt 0 0
vt 0 0
vt 0 0
vt 0 0
vt 0 0
vt 0 0
vt 0 0
vt 0 0
vt 0 0
vt 0 0
vt 0 0
vt 0 0
vt 0 0
vt 0 0
vt 0 0
vt 0 0
vt 0 0
vt 0 0
vt 0 0
vt 0 0
vt 0 0
vt 0 0
vt 0 0
vt 0 0
vt 0 0
vt 0 0
vt 0 0
vt 0 0
vt 0 0
vt 0 0
vt 0 0
vt 0 0
vt 0 0
vt 0 0
vt 0 0
vt 0 0
vt 0 0
vt 0 0
vt 0 0
vt 0 0
vt 0 0
vt 0 0
vt 0 0
vt 0 0
vt 0 0
vt 0 0
vt 0 0
vt 0 0
vt 0 0
vt 0 0
vt 0 0
vt 0 0
vt 0 0
vt 0 0
vt 0 0
vt 0 0
vt 0 0
vt 0 0
vt 0 0
vt 0 0
vt 0 0
vt 0 0
vt 0 0
vt 0 0
vt 0 0
vt 0 0
vt 0 0
vt 0 0
vt 0 0
vt 0 0
vt 0 0
vt 0 0
vt 0 0
vt 0 0
vt 0 0
vt 0 0
vt 0 0
vt 0 0
vt 0 0
vt 0 0
vt 0 0
vt 0 0
vt 0 0
vt 0 0
vt 0 0
vt 0 0
vt 0 0
vt 0 0
vt 0 0
vt 0 0
vt 0 0
vt 0 0
vt 0 0
vt 0 0
vt 0 0
vt 0 0
vt 0 0
vt 0 0
vt 0 0
vt 0 0
vt 0 0
vt 0 0
vt 0 0
vt 0 0
vt 0 0
vt 0 0
vt 0 0
vt 0 0
vt 0 0
vt 0 0
vt 0 0
vt 0 0
vt 0 0
vt 0 0
vt 0 0
vt 0 0
vt 0 0
vt 0 0
vt 0 0
vt 0 0
vt 0 0
vt 0 0
vt 0 0
vt 0 0
vt 0 0
vt 0 0
vt 0 0
vt 0 0
vt 0 0
vt 0 0
vt 0 0
vt 0 0
vt 0 0
vt 0 0
vt 0 0
vt 0 0
vt 0 0
vt 0 0
vt 0 0
vt 0 0
vt 0 0
vt 0 0
vt 0 0
vt 0 0
vt 0 0
vt 0 0
vt 0 0
vt 0 0
vt 0 0
vt 0 0
vt 0 0
vt 0 0
vt 0 0
vt 0 0
vt 0 0
vt 0 0
vt 0 0
vt 0 0
vt 0 0
vt 0 0
vt 0 0
vt 0 0
vt 0 0
vt 0 0
vt 0 0
vt 0 0
vt 0 0
vt 0 0
vt 0 0
vt 0 0
vt 0 0
vt 0 0
vt 0 0
vt 0 0
vt 0 0
vt 0 0
vt 0 0
vt 0 0
vt 0 0
vt 0 0
vt 0 0
vt 0 0
vt 0 0
vt 0 0
vt 0 0
vt 0 0
vt 0 0
vt 0 0
vt 0 0
vt 0 0
vt 0 0
vt 0 0
vt 0 0
vt 0 0
vt 0 0
vt 0 0
vt 0 0
vt 0 0
vt 0 0
vt 0 0
vt 0 0
vt 0 0
vt 0 0
vt 0 0
vt 0 0
vt 0 0
vt 0 0
vt 0 0
vt 0 0
vt 0 0
vt 0 0
vt 0 0
vt 0 0
vt 0 0
vt 0 0
vt 0 0
vt 0 0
vt 0 0
vt 0 0
vt 0 0
vt 0 0
vt 0 0
vt 0 0
vt 0 0
vt 0 0
vt 0 0
vt 0 0
vt 0 0
vt 0 0
vt 0 0
vt 0 0
vt 0 0
vt 0 0
vt 0 0
vt 0 0
vt 0 0
vt 0 0
vt 0 0
vt 0 0
vt 0 0
vt 0 0
vt 0 0
vt 0 0
vt 0 0
vt 0 0
vt 0 0
vt 0 0
vt 0 0
vt 0 0
vt 0 0
vt 0 0
vt 0 0
vt 0 0
vt 0 0
vt 0 0
vt 0 0
vt 0 0
vt 0 0
vt 0 0
vt 0 0
vt 0 0
vt 0 0
vt 0 0
vt 0 0
vt 0 0
vt 0 0
vt 0 0
vt 0 0
vt 0 0
vt 0 0
vt 0 0
vt 0 0
vt 0 0
vt 0 0
vt 0 0
vt 0 0
vt 0 0
vt 0 0
vt 0 0
vt 0 0
vt 0 0
vt 0 0
vt 0 0
vt 0 0
vt 0 0
vt 0 0
vt 0 0
vt 0 0
vt 0 0
vt 0 0
vt 0 0
vt 0 0
vt 0 0
vt 0 0
vt 0 0
vt 0 0
vt 0 0
vt 0 0
vt 0 0
vt 0 0
vt 0 0
vt 0 0
vt 0 0
vt 0 0
vt 0 0
vt 0 0
vt 0 0
vt 0 0
vt 0 0
vt 0 0
vt 0 0
vt 0 0
vt 0 0
vt 0 0
vt 0 0
vt 0 0
vt 0 0
vt 0 0
vt 0 0
vt 0 0
vt 0 0
vt 0 0
vt 0 0
vt 0 0
vt 0 0
vt 0 0
vt 0 0
vt 0 0
vt 0 0
vt 0 0
vt 0 0
vt 0 0
vt 0 0
vt 0 0
vt 0 0
vt 0 0
vt 0 0
vt 0 0
vt 0 0
vt 0 0
vt 0 0
vt 0 0
vt 0 0
vt 0 0
vt 0 0
vt 0 0
vt 0 0
vt 0 0
vt 0 0
vt 0 0
vt 0 0
vt 0 0
vt 0 0
vt 0 0
vt 0 0
vt 0 0
vt 0 0
vt 0 0
vt 0 0
vt 0 0
vt 0 0
vt 0 0
vt 0 0
vt 0 0
vt 0 0
vt 0 0
vt 0 0
vt 0 0
vt 0 0
vt 0 0
vt 0 0
vt 0 0
vt 0 0
vt 0 0
vt 0 0
vt 0 0
vt 0 0
vt 0 0
vt 0 0
vt 0 0
vt 0 0
vt 0 0
vt 0 0
vt 0 0
vt 0 0
vt 0 0
vt 0 0
vt 0 0
vt 0 0
vt 0 0
vt 0 0
vt 0 0
vt 0 0
vt 0 0
vt 0 0
vt 0 0
vt 0 0
vt 0 0
vt 0 0
vt 0 0
vt 0 0
vt 0 0
vt 0 0
vt 0 0
vt 0 0
vt 0 0
vt 0 0
vt 0 0
vt 0 0
vt 0 0
vt 0 0
vt 0 0
vt 0 0
vt 0 0
vt 0 0
vt 0 0
vt 0 0
vt 0 0
vt 0 0
vt 0 0
vt 0 0
vt 0 0
vt 0 0
vt 0 0
vt 0 0
vt 0 0
vt 0 0
vt 0 0
vt 0 0
vt 0 0
vt 0 0
vt 0 0
vt 0 0
vt 0 0
vt 0 0
vt 0 0
vt 0 0
vt 0 0
vt 0 0
vt 0 0
vt 0 0
vt 0 0
vt 0 0
vt 0 0
vt 0 0
vt 0 0
vt 0 0
vt 0 0
vt 0 0
vt 0 0
vt 0 0
vt 0 0
vt 0 0
vt 0 0
vt 0 0
vt 0 0
vt 0 0
vt 0 0
vt 0 0
vt 0 0
vt 0 0
vt 0 0
vt 0 0
vt 0 0
vt 0 0
vt 0 0
vt 0 0
vt 0 0
vt 0 0
vt 0 0
vt 0 0
vt 0 0
vt 0 0
vt 0 0
vt 0 0
vt 0 0
vt 0 0
vt 0 0
vt 0 0
vt 0 0
vt 0 0
vt 0 0
vt 0 0
vt 0 0
vt 0 0
vt 0 0
vt 0 0
vt 0 0
vt 0 0
vt 0 0
vt 0 0
vt 0 0
vt 0 0
vt 0 0
vt 0 0
vt 0 0
vt 0 0
vt 0 0
vt 0 0
vt 0 0
vt 0 0
vt 0 0
vt 0 0
vt 0 0
vt 0 0
vt 0 0
vt 0 0
vt 0 0
vt 0 0
vt 0 0
vt 0 0
vt 0 0
vt 0 0
vt 0 0
vt 0 0
vt 0 0
vt 0 0
vt 0 0
vt 0 0
vt 0 0
vt 0 0
vt 0 0
vt 0 0
vt 0 0
vt 0 0
vt 0 0
vt 0 0
vt 0 0
vt 0 0
vt 0 0
vt 0 0
vt 0 0
vt 0 0
vt 0 0
vt 0 0
vt 0 0
vt 0 0
vt 0 0
vt 0 0
vt 0 0
vt 0 0
vt 0 0
vt 0 0
vt 0 0
vt 0 0
vt 0 0
vt 0 0
vt 0 0
vt 0 0
vt 0 0
vt 0 0
vt 0 0
vt 0 0
vt 0 0
vt 0 0
vt 0 0
vt 0 0
vt 0 0
vt 0 0
vt 0 0
vt 0 0
vt 0 0
vt 0 0
vt 0 0
vt 0 0
vt 0 0
vt 0 0
vt 0 0
vt 0 0
vt 0 0
vt 0 0
vt 0 0
vt 0 0
vt 0 0
vt 0 0
vt 0 0
vt 0 0
vt 0 0
vt 0 0
vt 0 0
vt 0 0
vt 0 0
vt 0 0
vt 0 0
vt 0 0
vt 0 0
vt 0 0
vt 0 0
vt 0 0
vt 0 0
vt 0 0
vt 0 0
vt 0 0
vt 0 0
vt 0 0
vt 0 0
vt 0 0
vt 0 0
vt 0 0
vt 0 0
vt 0 0
vt 0 0
vt 0 0
vt 0 0
vt 0 0
vt 0 0
vt 0 0
vt 0 0
vt 0 0
vt 0 0
vt 0 0
vt 0 0
vt 0 0
vt 0 0
vt 0 0
vt 0 0
vt 0 0
vt 0 0
vt 0 0
vt 0 0
vt 0 0
vt 0 0
vt 0 0
vt 0 0
vt 0 0
vt 0 0
vt 0 0
vt 0 0
vt 0 0
vt 0 0
vt 0 0
vt 0 0
vt 0 0
vt 0 0
vt 0 0
vt 0 0
vt 0 0
vt 0 0
vt 0 0
vt 0 0
vt 0 0
vt 0 0
vt 0 0
vt 0 0
vt 0 0
vt 0 0
vt 0 0
vt 0 0
vt 0 0
vt 0 0
vt 0 0
vt 0 0
vt 0 0
vt 0 0
vt 0 0
vt 0 0
vt 0 0
vt 0 0
vt 0 0
vt 0 0
vt 0 0
vt 0 0
vt 0 0
vt 0 0
vt 0 0
vt 0 0
vt 0 0
vt 0 0
vt 0 0
vt 0 0
vt 0 0
vt 0 0
vt 0 0
vt 0 0
vt 0 0
vt 0 0
vt 0 0
vt 0 0
vt 0 0
vt 0 0
vt 0 0
vt 0 0
vt 0 0
vt 0 0
vt 0 0
vt 0 0
vt 0 0
vt 0 0
vt 0 0
vt 0 0
vt 0 0
vt 0 0
vt 0 0
vt 0 0
vt 0 0
vt 0 0
vt 0 0
vt 0 0
vt 0 0
vt 0 0
vt 0 0
vt 0 0
vt 0 0
vt 0 0
vt 0 0
vt 0 0
vt 0 0
vt 0 0
vt 0 0
vt 0 0
vt 0 0
vt 0 0
vt 0 0
vt 0 0
vt 0 0
vt 0 0
vt 0 0
vt 0 0
vt 0 0
vt 0 0
vt 0 0
vt 0 0
vt 0 0
vt 0 0
vt 0 0
vt 0 0
vt 0 0
vt 0 0
vt 0 0
vt 0 0
vt 0 0
vt 0 0
vt 0 0
vt 0 0
vt 0 0
vt 0 0
vt 0 0
vt 0 0
vt 0 0
vt 0 0
vt 0 0
vt 0 0
vt 0 0
vt 0 0
vt 0 0
vt 0 0
vt 0 0
vt 0 0
vt 0 0
vt 0 0
vt 0 0
vt 0 0
vt 0 0
vt 0 0
vt 0 0
vt 0 0
vt 0 0
vt 0 0
vt 0 0
vt 0 0
vt 0 0
vt 0 0
vt 0 0
vt 0 0
vt 0 0
vt 0 0
vt 0 0
vt 0 0
vt 0 0
vt 0 0
vt 0 0
vt 0 0
vt 0 0
vt 0 0
vt 0 0
vt 0 0
vt 0 0
vt 0 0
vt 0 0
vt 0 0
vt 0 0
vt 0 0
vt 0 0
vt 0 0
vt 0 0
vt 0 0
vt 0 0
vt 0 0
vt 0 0
vt 0 0
vt 0 0
vt 0 0
vt 0 0
vt 0 0
vt 0 0
vt 0 0
vt 0 0
vt 0 0
vt 0 0
vt 0 0
vt 0 0
vt 0 0
vt 0 0
vt 0 0
vt 0 0
vt 0 0
vt 0 0
vt 0 0
vt 0 0
vt 0 0
vt 0 0
vt 0 0
vt 0 0
vt 0 0
vt 0 0
vt 0 0
vt 0 0
vt 0 0
vt 0 0
vt 0 0
vt 0 0
vt 0 0
vt 0 0
vt 0 0
vt 0 0
vt 0 0
vt 0 0
vt 0 0
vt 0 0
vt 0 0
vt 0 0
vt 0 0
vt 0 0
vt 0 0
vt 0 0
vt 0 0
vt 0 0
vt 0 0
vt 0 0
vt 0 0
vt 0 0
vt 0 0
vt 0 0
vt 0 0
vt 0 0
vt 0 0
vt 0 0
vt 0 0
vt 0 0
vt 0 0
vt 0 0
vt 0 0
vt 0 0
vt 0 0
vt 0 0
vt 0 0
vt 0 0
vt 0 0
vt 0 0
vt 0 0
vt 0 0
vt 0 0
vt 0 0
vt 0 0
vt 0 0
vt 0 0
vt 0 0
vt 0 0
vt 0 0
vt 0 0
vt 0 0
vt 0 0
vt 0 0
vt 0 0
vt 0 0
vt 0 0
vt 0 0
vt 0 0
vt 0 0
vt 0 0
vt 0 0
vt 0 0
vt 0 0
vt 0 0
vt 0 0
vt 0 0
vt 0 0
vt 0 0
vt 0 0
vt 0 0
vt 0 0
vt 0 0
vt 0 0
vt 0 0
vt 0 0
vt 0 0
vt 0 0
vt 0 0
vt 0 0
vt 0 0
vt 0 0
vt 0 0
vt 0 0
vt 0 0
vt 0 0
vt 0 0
vt 0 0
vt 0 0
vt 0 0
vt 0 0
vt 0 0
vt 0 0
vt 0 0
vt 0 0
vt 0 0
vt 0 0
vt 0 0
vt 0 0
vt 0 0
vt 0 0
vt 0 0
vt 0 0
vt 0 0
vt 0 0
vt 0 0
vt 0 0
vt 0 0
vt 0 0
vt 0 0
vt 0 0
vt 0 0
vt 0 0
vt 0 0
vt 0 0
vt 0 0
vt 0 0
vt 0 0
vt 0 0
vt 0 0
vt 0 0
vt 0 0
vt 0 0
vt 0 0
vt 0 0
vt 0 0
vt 0 0
vt 0 0
vt 0 0
vt 0 0
vt 0 0
vt 0 0
vt 0 0
vt 0 0
vt 0 0
vt 0 0
vt 0 0
vt 0 0
vt 0 0
vt 0 0
vt 0 0
vt 0 0
vt 0 0
vt 0 0
vt 0 0
vt 0 0
vt 0 0
vt 0 0
vt 0 0
vt 0 0
vt 0 0
vt 0 0
vt 0 0
vt 0 0
vt 0 0
vt 0 0
vt 0 0
vt 0 0
vt 0 0
vt 0 0
vt 0 0
vt 0 0
vt 0 0
vt 0 0
vt 0 0
vt 0 0
vt 0 0
vt 0 0
vt 0 0
vt 0 0
vt 0 0
vt 0 0
vt 0 0
vt 0 0
vt 0 0
vt 0 0
vt 0 0
vt 0 0
vt 0 0
vt 0 0
vt 0 0
vt 0 0
vt 0 0
vt 0 0
vt 0 0
vt 0 0
vt 0 0
vt 0 0
vt 0 0
vt 0 0
vt 0 0
vt 0 0
vt 0 0
vt 0 0
vt 0 0
vt 0 0
vt 0 0
vt 0 0
vt 0 0
vt 0 0
vt 0 0
vt 0 0
vt 0 0
vt 0 0
vt 0 0
vt 0 0
vt 0 0
vt 0 0
vt 0 0
vt 0 0
vt 0 0
vt 0 0
vt 0 0
vt 0 0
vt 0 0
vt 0 0
vt 0 0
vt 0 0
vt 0 0
vt 0 0
vt 0 0
vt 0 0
vt 0 0
vt 0 0
vt 0 0
vt 0 0
vt 0 0
vt 0 0
vt 0 0
vt 0 0
vt 0 0
vt 0 0
vt 0 0
vt 0 0
vt 0 0
vt 0 0
vt 0 0
vt 0 0
vt 0 0
vt 0 0
vt 0 0
vt 0 0
vt 0 0
vt 0 0
vt 0 0
vt 0 0
vt 0 0
vt 0 0
vt 0 0
vt 0 0
vt 0 0
vt 0 0
vt 0 0
vt 0 0
vt 0 0
vt 0 0
vt 0 0
vt 0 0
vt 0 0
vt 0 0
vt 0 0
vt 0 0
vt 0 0
vt 0 0
vt 0 0
vt 0 0
vt 0 0
vt 0 0
vt 0 0
vt 0 0
vt 0 0
vt 0 0
vt 0 0
vt 0 0
vt 0 0
vt 0 0
vt 0 0
vt 0 0
vt 0 0
vt 0 0
vt 0 0
vt 0 0
vt 0 0
vt 0 0
vt 0 0
vt 0 0
vt 0 0
vt 0 0
vt 0 0
vt 0 0
vt 0 0
vt 0 0
vt 0 0
vt 0 0
vt 0 0
vt 0 0
vt 0 0
vt 0 0
vt 0 0
vt 0 0
vt 0 0
vt 0 0
vt 0 0
vt 0 0
vt 0 0
vt 0 0
vt 0 0
vt 0 0
vt 0 0
vt 0 0
vt 0 0
vt 0 0
vt 0 0
vt 0 0
vt 0 0
vt 0 0
vt 0 0
vt 0 0
vt 0 0
vt 0 0
vt 0 0
vt 0 0
vt 0 0
vt 0 0
vt 0 0
vt 0 0
vt 0 0
vt 0 0
vt 0 0
vt 0 0
vt 0 0
vt 0 0
vt 0 0
vt 0 0
vt 0 0
vt 0 0
vt 0 0
vt 0 0
vt 0 0
vt 0 0
vt 0 0
vt 0 0
vt 0 0
vt 0 0
vt 0 0
vt 0 0
vt 0 0
vt 0 0
vt 0 0
vt 0 0
vt 0 0
vt 0 0
vt 0 0
vt 0 0
vt 0 0
vt 0 0
vt 0 0
vt 0 0
vt 0 0
vt 0 0
vt 0 0
vt 0 0
vt 0 0
vt 0 0
vt 0 0
vt 0 0
vt 0 0
vt 0 0
vt 0 0
vt 0 0
vt 0 0
vt 0 0
vt 0 0
vt 0 0
vt 0 0
vt 0 0
vt 0 0
vt 0 0
vt 0 0
vt 0 0
vt 0 0
vt 0 0
vt 0 0
vt 0 0
vt 0 0
vt 0 0
vt 0 0
vt 0 0
vt 0 0
vt 0 0
vt 0 0
vt 0 0
vt 0 0
vt 0 0
vt 0 0
vt 0 0
vt 0 0
vt 0 0
vt 0 0
vt 0 0
vt 0 0
vt 0 0
vt 0 0
vt 0 0
vt 0 0
vt 0 0
vt 0 0
vt 0 0
vt 0 0
vt 0 0
vt 0 0
vt 0 0
vt 0 0
vt 0 0
vt 0 0
vt 0 0
vt 0 0
vt 0 0
vt 0 0
vt 0 0
vt 0 0
vt 0 0
vt 0 0
vt 0 0
vt 0 0
vt 0 0
vt 0 0
vt 0 0
vt 0 0
vt 0 0
vt 0 0
vt 0 0
vt 0 0
vt 0 0
vt 0 0
vt 0 0
vt 0 0
vt 0 0
vt 0 0
vt 0 0
vt 0 0
vt 0 0
vt 0 0
vt 0 0
vt 0 0
vt 0 0
vt 0 0
vt 0 0
vt 0 0
vt 0 0
vt 0 0
vt 0 0
vt 0 0
vt 0 0
vt 0 0
vt 0 0
vt 0 0
vt 0 0
vt 0 0
vt 0 0
vt 0 0
vt 0 0
vt 0 0
vt 0 0
vt 0 0
vt 0 0
vt 0 0
vt 0 0
vt 0 0
vt 0 0
vt 0 0
vt 0 0
vt 0 0
vt 0 0
vt 0 0
vt 0 0
vt 0 0
vt 0 0
vt 0 0
vt 0 0
vt 0 0
vt 0 0
vt 0 0
vt 0 0
vt 0 0
vt 0 0
vt 0 0
vt 0 0
vt 0 0
vt 0 0
vt 0 0
vt 0 0
vt 0 0
vt 0 0
vt 0 0
vt 0 0
vt 0 0
vt 0 0
vt 0 0
vt 0 0
vt 0 0
vt 0 0
vt 0 0
vt 0 0
vt 0 0
vt 0 0
vt 0 0
vt 0 0
vt 0 0
vt 0 0
vt 0 0
vt 0 0
vt 0 0
vt 0 0
vt 0 0
vt 0 0
vt 0 0
vt 0 0
vt 0 0
vt 0 0
vt 0 0
vt 0 0
vt 0 0
vt 0 0
vt 0 0
vt 0 0
vt 0 0
vt 0 0
vt 0 0
vt 0 0
vt 0 0
vt 0 0
vt 0 0
vt 0 0
vt 0 0
vt 0 0
vt 0 0
vt 0 0
vt 0 0
vt 0 0
vt 0 0
vt 0 0
vt 0 0
vt 0 0
vt 0 0
vt 0 0
vt 0 0
vt 0 0
vt 0 0
vt 0 0
vt 0 0
vt 0 0
vt 0 0
vt 0 0
vt 0 0
vt 0 0
vt 0 0
vt 0 0
vt 0 0
vt 0 0
vt 0 0
vt 0 0
vt 0 0
vt 0 0
vt 0 0
vt 0 0
vt 0 0
vt 0 0
vt 0 0
vt 0 0
vt 0 0
vt 0 0
vt 0 0
vt 0 0
vt 0 0
vt 0 0
vt 0 0
vt 0 0
vt 0 0
vt 0 0
vt 0 0
vt 0 0
vt 0 0
vt 0 0
vt 0 0
vt 0 0
vt 0 0
vt 0 0
vt 0 0
vt 0 0
vt 0 0
vt 0 0
vt 0 0
vt 0 0
vt 0 0
vt 0 0
vt 0 0
vt 0 0
vt 0 0
vt 0 0
vt 0 0
vt 0 0
vt 0 0
vt 0 0
vt 0 0
vt 0 0
vt 0 0
vt 0 0
vt 0 0
vt 0 0
vt 0 0
vt 0 0
vt 0 0
vt 0 0
vt 0 0
vt 0 0
vt 0 0
vt 0 0
vt 0 0
vt 0 0
vt 0 0
vt 0 0
vt 0 0
vt 0 0
vt 0 0
vt 0 0
vt 0 0
vt 0 0
vt 0 0
vt 0 0
vt 0 0
vt 0 0
vt 0 0
vt 0 0
vt 0 0
vt 0 0
vt 0 0
vt 0 0
vt 0 0
vt 0 0
vt 0 0
vt 0 0
vt 0 0
vt 0 0
vt 0 0
vt 0 0
vt 0 0
vt 0 0
vt 0 0
vt 0 0
vt 0 0
vt 0 0
vt 0 0
vt 0 0
vt 0 0
vt 0 0
vt 0 0
vt 0 0
vt 0 0
vt 0 0
vt 0 0
vt 0 0
vt 0 0
vt 0 0
vt 0 0
vt 0 0
vt 0 0
vt 0 0
vt 0 0
vt 0 0
vt 0 0
vt 0 0
vt 0 0
vt 0 0
vt 0 0
vt 0 0
vt 0 0
vt 0 0
vt 0 0
vt 0 0
vt 0 0
vt 0 0
vt 0 0
vt 0 0
vt 0 0
vt 0 0
vt 0 0
vt 0 0
vt 0 0
vt 0 0
vt 0 0
vt 0 0
vt 0 0
vt 0 0
vt 0 0
vt 0 0
vt 0 0
vt 0 0
vt 0 0
vt 0 0
vt 0 0
vt 0 0
vt 0 0
vt 0 0
vt 0 0
vt 0 0
vt 0 0
vt 0 0
vt 0 0
vt 0 0
vt 0 0
vt 0 0
vt 0 0
vt 0 0
vt 0 0
vt 0 0
vt 0 0
vt 0 0
vt 0 0
vt 0 0
vt 0 0
vt 0 0
vt 0 0
vt 0 0
vt 0 0
vt 0 0
vt 0 0
vt 0 0
vt 0 0
vt 0 0
vt 0 0
vt 0 0
vt 0 0
vt 0 0
vt 0 0
vt 0 0
vt 0 0
vt 0 0
vt 0 0
vt 0 0
vt 0 0
vt 0 0
vt 0 0
vt 0 0
vt 0 0
vt 0 0
vt 0 0
vt 0 0
vt 0 0
vt 0 0
vt 0 0
vt 0 0
vt 0 0
vt 0 0
vt 0 0
vt 0 0
vt 0 0
vt 0 0
vt 0 0
vt 0 0
vt 0 0
vt 0 0
vt 0 0
vt 0 0
vt 0 0
vt 0 0
vt 0 0
vt 0 0
vt 0 0
vt 0 0
vt 0 0
vt 0 0
vt 0 0
vt 0 0
vt 0 0
vt 0 0
vt 0 0
vt 0 0
vt 0 0
vt 0 0
vt 0 0
vt 0 0
vt 0 0
vt 0 0
vt 0 0
vt 0 0
vt 0 0
vt 0 0
vt 0 0
vt 0 0
vt 0 0
vt 0 0
vt 0 0
vt 0 0
vt 0 0
vt 0 0
vt 0 0
vt 0 0
vt 0 0
vt 0 0
vt 0 0
vt 0 0
vt 0 0
vt 0 0
vt 0 0
vt 0 0
vt 0 0
vt 0 0
vt 0 0
vt 0 0
vt 0 0
vt 0 0
vt 0 0
vt 0 0
vt 0 0
vt 0 0
vt 0 0
vt 0 0
vt 0 0
vt 0 0
vt 0 0
vt 0 0
vt 0 0
vt 0 0
vt 0 0
vt 0 0
vt 0 0
vt 0 0
vt 0 0
vt 0 0
vt 0 0
vt 0 0
vt 0 0
vt 0 0
vt 0 0
vt 0 0
vt 0 0
vt 0 0
vt 0 0
vt 0 0
vt 0 0
vt 0 0
vt 0 0
vt 0 0
vt 0 0
vt 0 0
vt 0 0
vt 0 0
vt 0 0
vt 0 0
vt 0 0
vt 0 0
vt 0 0
vt 0 0
vt 0 0
vt 0 0
vt 0 0
vt 0 0
vt 0 0
vt 0 0
vt 0 0
vt 0 0
vt 0 0
vt 0 0
vt 0 0
vt 0 0
vt 0 0
vt 0 0
vt 0 0
vt 0 0
vt 0 0
vt 0 0
vt 0 0
vt 0 0
vt 0 0
vt 0 0
vt 0 0
vt 0 0
vt 0 0
vt 0 0
vt 0 0
vt 0 0
vt 0 0
vt 0 0
vt 0 0
vt 0 0
vt 0 0
vt 0 0
vt 0 0
vt 0 0
vt 0 0
vt 0 0
vt 0 0
vt 0 0
vt 0 0
vt 0 0
vt 0 0
vt 0 0
vt 0 0
vt 0 0
vt 0 0
vt 0 0
vt 0 0
vt 0 0
vt 0 0
vt 0 0
vt 0 0
vt 0 0
vt 0 0
vt 0 0
vt 0 0
vt 0 0
vt 0 0
vt 0 0
vt 0 0
vt 0 0
vt 0 0
vt 0 0
vt 0 0
vt 0 0
vt 0 0
vt 0 0
vt 0 0
vt 0 0
vt 0 0
vt 0 0
vt 0 0
vt 0 0
vt 0 0
vt 0 0
vt 0 0
vt 0 0
vt 0 0
vt 0 0
vt 0 0
vt 0 0
vt 0 0
vt 0 0
vt 0 0
vt 0 0
vt 0 0
vt 0 0
vt 0 0
vt 0 0
vt 0 0
vt 0 0
vt 0 0
vt 0 0
vt 0 0
vt 0 0
vt 0 0
vt 0 0
vt 0 0
vt 0 0
vt 0 0
vt 0 0
vt 0 0
vt 0 0
vt 0 0
vt 0 0
vt 0 0
vt 0 0
vt 0 0
vt 0 0
vt 0 0
vt 0 0
vt 0 0
vt 0 0
vt 0 0
vt 0 0
vt 0 0
vt 0 0
vt 0 0
vt 0 0
vt 0 0
vt 0 0
vt 0 0
vt 0 0
vt 0 0
vt 0 0
vt 0 0
vt 0 0
vt 0 0
vt 0 0
vt 0 0
vt 0 0
vt 0 0
vt 0 0
vt 0 0
vt 0 0
vt 0 0
vt 0 0
vt 0 0
vt 0 0
vt 0 0
vt 0 0
vt 0 0
vt 0 0
vt 0 0
vt 0 0
vt 0 0
vt 0 0
vt 0 0
vt 0 0
vt 0 0
vt 0 0
vt 0 0
vt 0 0
vt 0 0
vt 0 0
vt 0 0
vt 0 0
vt 0 0
vt 0 0
vt 0 0
vt 0 0
vt 0 0
vt 0 0
vt 0 0
vt 0 0
vt 0 0
vt 0 0
vt 0 0
vt 0 0
vt 0 0
vt 0 0
vt 0 0
vt 0 0
vt 0 0
vt 0 0
vt 0 0
vt 0 0
vt 0 0
vt 0 0
vt 0 0
vt 0 0
vt 0 0
vt 0 0
vt 0 0
vt 0 0
vt 0 0
vt 0 0
vt 0 0
vt 0 0
vt 0 0
vt 0 0
vt 0 0
vt 0 0
vt 0 0
vt 0 0
vt 0 0
vt 0 0
vt 0 0
vt 0 0
vt 0 0
vt 0 0
vt 0 0
vt 0 0
vt 0 0
vt 0 0
vt 0 0
vt 0 0
vt 0 0
vt 0 0
vt 0 0
vt 0 0
vt 0 0
vt 0 0
vt 0 0
vt 0 0
vt 0 0
vt 0 0
vt 0 0
vt 0 0
vt 0 0
vt 0 0
vt 0 0
vt 0 0
vt 0 0
vt 0 0
vt 0 0
vt 0 0
vt 0 0
vt 0 0
vt 0 0
vt 0 0
vt 0 0
vt 0 0
vt 0 0
vt 0 0
vt 0 0
vt 0 0
vt 0 0
vt 0 0
vt 0 0
vt 0 0
vt 0 0
vt 0 0
vt 0 0
vt 0 0
vt 0 0
vt 0 0
vt 0 0
vt 0 0
vt 0 0
vt 0 0
vt 0 0
vt 0 0
vt 0 0
vt 0 0
vt 0 0
vt 0 0
vt 0 0
vt 0 0
vt 0 0
vt 0 0
vt 0 0
vt 0 0
vt 0 0
vt 0 0
vt 0 0
vt 0 0
vt 0 0
vt 0 0
vt 0 0
vt 0 0
vt 0 0
vt 0 0
vt 0 0
vt 0 0
vt 0 0
vt 0 0
vt 0 0
vt 0 0
vt 0 0
vt 0 0
vt 0 0
vt 0 0
vt 0 0
vt 0 0
vt 0 0
vt 0 0
vt 0 0
vt 0 0
vt 0 0
vt 0 0
vt 0 0
vt 0 0
vt 0 0
vt 0 0
vt 0 0
vt 0 0
vt 0 0
vt 0 0
vt 0 0
vt 0 0
vt 0 0
vt 0 0
vt 0 0
vt 0 0
vt 0 0
vt 0 0
vt 0 0
vt 0 0
vt 0 0
vt 0 0
vt 0 0
vt 0 0
vt 0 0
vt 0 0
vt 0 0
vt 0 0
vt 0 0
vt 0 0
vt 0 0
vt 0 0
vt 0 0
vt 0 0
vt 0 0
vt 0 0
vt 0 0
vt 0 0
vt 0 0
vt 0 0
vt 0 0
vt 0 0
vt 0 0
vt 0 0
vt 0 0
vt 0 0
vt 0 0
vt 0 0
vt 0 0
vt 0 0
vt 0 0
vt 0 0
vt 0 0
vt 0 0
vt 0 0
vt 0 0
vt 0 0
vt 0 0
vt 0 0
vt 0 0
vt 0 0
vt 0 0
vt 0 0
vt 0 0
vt 0 0
vt 0 0
vt 0 0
vt 0 0
vt 0 0
vt 0 0
vt 0 0
vt 0 0
vt 0 0
vt 0 0
vt 0 0
vt 0 0
vt 0 0
vt 0 0
vt 0 0
vt 0 0
vt 0 0
vt 0 0
vt 0 0
vt 0 0
vt 0 0
vt 0 0
vt 0 0
vt 0 0
vt 0 0
vt 0 0
vt 0 0
vt 0 0
vt 0 0
vt 0 0
vt 0 0
vt 0 0
vt 0 0
vt 0 0
vt 0 0
vt 0 0
vt 0 0
vt 0 0
vt 0 0
vt 0 0
vt 0 0
vt 0 0
vt 0 0
vt 0 0
vt 0 0
vt 0 0
vt 0 0
vt 0 0
vt 0 0
vt 0 0
vt 0 0
vt 0 0
vt 0 0
vt 0 0
vt 0 0
vt 0 0
vt 0 0
vt 0 0
vt 0 0
vt 0 0
vt 0 0
vt 0 0
vt 0 0
vt 0 0
vt 0 0
vt 0 0
vt 0 0
vt 0 0
vt 0 0
vt 0 0
vt 0 0
vt 0 0
vt 0 0
vt 0 0
vt 0 0
vt 0 0
vt 0 0
vt 0 0
vt 0 0
vt 0 0
vt 0 0
vt 0 0
vt 0 0
vt 0 0
vt 0 0
vt 0 0
vt 0 0
vt 0 0
vt 0 0
vt 0 0
vt 0 0
vt 0 0
vt 0 0
vt 0 0
vt 0 0
vt 0 0
vt 0 0
vt 0 0
vt 0 0
vt 0 0
vt 0 0
vt 0 0
vt 0 0
vt 0 0
vt 0 0
vt 0 0
vt 0 0
vt 0 0
vt 0 0
vt 0 0
vt 0 0
vt 0 0
vt 0 0
vt 0 0
vt 0 0
vt 0 0
vt 0 0
vt 0 0
vt 0 0
vt 0 0
vt 0 0
vt 0 0
vt 0 0
vt 0 0
vt 0 0
vt 0 0
vt 0 0
vt 0 0
vt 0 0
vt 0 0
vt 0 0
vt 0 0
vt 0 0
vt 0 0
vt 0 0
vt 0 0
vt 0 0
vt 0 0
vt 0 0
vt 0 0
vt 0 0
vt 0 0
vt 0 0
vt 0 0
vt 0 0
vt 0 0
vt 0 0
vt 0 0
vt 0 0
vt 0 0
vt 0 0
vt 0 0
vt 0 0
vt 0 0
vt 0 0
vt 0 0
vt 0 0
vt 0 0
vt 0 0
vt 0 0
vt 0 0
vt 0 0
vt 0 0
vt 0 0
vt 0 0
vt 0 0
vt 0 0
vt 0 0
vt 0 0
vt 0 0
vt 0 0
vt 0 0
vt 0 0
vt 0 0
vt 0 0
vt 0 0
vt 0 0
vt 0 0
vt 0 0
vt 0 0
vt 0 0
vt 0 0
vt 0 0
vt 0 0
vt 0 0
vt 0 0
vt 0 0
vt 0 0
vt 0 0
vt 0 0
vt 0 0
vt 0 0
vt 0 0
vt 0 0
vt 0 0
vt 0 0
vt 0 0
vt 0 0
vt 0 0
vt 0 0
vt 0 0
vt 0 0
vt 0 0
vt 0 0
vt 0 0
vt 0 0
vt 0 0
vt 0 0
vt 0 0
vt 0 0
vt 0 0
vt 0 0
vt 0 0
vt 0 0
vt 0 0
vt 0 0
vt 0 0
vt 0 0
vt 0 0
vt 0 0
vt 0 0
vt 0 0
vt 0 0
vt 0 0
vt 0 0
vt 0 0
vt 0 0
vt 0 0
vt 0 0
vt 0 0
vt 0 0
vt 0 0
vt 0 0
vt 0 0
vt 0 0
vt 0 0
vt 0 0
vt 0 0
vt 0 0
vt 0 0
vt 0 0
vt 0 0
vt 0 0
vt 0 0
vt 0 0
vt 0 0
vt 0 0
vt 0 0
vt 0 0
vt 0 0
vt 0 0
vt 0 0
vt 0 0
vt 0 0
vt 0 0
vt 0 0
vt 0 0
vt 0 0
vt 0 0
vt 0 0
vt 0 0
vt 0 0
vt 0 0
vt 0 0
vt 0 0
vt 0 0
vt 0 0
vt 0 0
vt 0 0
vt 0 0
vt 0 0
vt 0 0
vt 0 0
vt 0 0
vt 0 0
vt 0 0
vt 0 0
vt 0 0
vt 0 0
vt 0 0
vt 0 0
vt 0 0
vt 0 0
vt 0 0
vt 0 0
vt 0 0
vt 0 0
vt 0 0
vt 0 0
vt 0 0
vt 0 0
vt 0 0
vt 0 0
vt 0 0
vt 0 0
vt 0 0
vt 0 0
vt 0 0
vt 0 0
vt 0 0
vt 0 0
vt 0 0
vt 0 0
vt 0 0
vt 0 0
vt 0 0
vt 0 0
vt 0 0
vt 0 0
vt 0 0
vt 0 0
vt 0 0
vt 0 0
vt 0 0
vt 0 0
vt 0 0
vt 0 0
vt 0 0
vt 0 0
vt 0 0
vt 0 0
vt 0 0
vt 0 0
vt 0 0
vt 0 0
vt 0 0
vt 0 0
vt 0 0
vt 0 0
vt 0 0
vt 0 0
vt 0 0
vt 0 0
vt 0 0
vt 0 0
vt 0 0
vt 0 0
vt 0 0
vt 0 0
vt 0 0
vt 0 0
vt 0 0
vt 0 0
vt 0 0
vt 0 0
vt 0 0
vt 0 0
vt 0 0
vt 0 0
vt 0 0
vt 0 0
vt 0 0
vt 0 0
vt 0 0
vt 0 0
vt 0 0
vt 0 0
vt 0 0
vt 0 0
vt 0 0
vt 0 0
vt 0 0
vt 0 0
vt 0 0
vt 0 0
vt 0 0
vt 0 0
vt 0 0
vt 0 0
vt 0 0
vt 0 0
vt 0 0
vt 0 0
vt 0 0
vt 0 0
vt 0 0
vt 0 0
vt 0 0
vt 0 0
vt 0 0
vt 0 0
vt 0 0
vt 0 0
vt 0 0
vt 0 0
vt 0 0
vt 0 0
vt 0 0
vt 0 0
vt 0 0
vt 0 0
vt 0 0
vt 0 0
vt 0 0
vt 0 0
vt 0 0
vt 0 0
vt 0 0
vt 0 0
vt 0 0
vt 0 0
vt 0 0
vt 0 0
vt 0 0
vt 0 0
vt 0 0
vt 0 0
vt 0 0
vt 0 0
vt 0 0
vt 0 0
vt 0 0
vt 0 0
vt 0 0
vt 0 0
vt 0 0
vt 0 0
vt 0 0
vt 0 0
vt 0 0
vt 0 0
vt 0 0
vt 0 0
vt 0 0
vt 0 0
vt 0 0
vt 0 0
vt 0 0
vt 0 0
vt 0 0
vt 0 0
vt 0 0
vt 0 0
vt 0 0
vt 0 0
vt 0 0
vt 0 0
vt 0 0
vt 0 0
vt 0 0
vt 0 0
vt 0 0
vt 0 0
vt 0 0
vt 0 0
vt 0 0
vt 0 0
vt 0 0
vt 0 0
vt 0 0
vt 0 0
vt 0 0
vt 0 0
vt 0 0
vt 0 0
vt 0 0
vt 0 0
vt 0 0
vt 0 0
vt 0 0
vt 0 0
vt 0 0
vt 0 0
vt 0 0
vt 0 0
vt 0 0
vt 0 0
vt 0 0
vt 0 0
vt 0 0
vt 0 0
vt 0 0
vt 0 0
vt 0 0
vt 0 0
vt 0 0
vt 0 0
vt 0 0
vt 0 0
vt 0 0
vt 0 0
vt 0 0
vt 0 0
vt 0 0
vt 0 0
vt 0 0
vt 0 0
vt 0 0
vt 0 0
vt 0 0
vt 0 0
vt 0 0
vt 0 0
vt 0 0
vt 0 0
vt 0 0
vt 0 0
vt 0 0
vt 0 0
vt 0 0
vt 0 0
vt 0 0
vt 0 0
vt 0 0
vt 0 0
vt 0 0
vt 0 0
vt 0 0
vt 0 0
vt 0 0
vt 0 0
vt 0 0
vt 0 0
vt 0 0
vt 0 0
vt 0 0
vt 0 0
vt 0 0
vt 0 0
vt 0 0
vt 0 0
vt 0 0
vt 0 0
vt 0 0
vt 0 0
vt 0 0
vt 0 0
vt 0 0
vt 0 0
vt 0 0
vt 0 0
vt 0 0
vt 0 0
vt 0 0
vt 0 0
vt 0 0
vt 0 0
vt 0 0
vt 0 0
vt 0 0
vt 0 0
vt 0 0
vt 0 0
vt 0 0
vt 0 0
vt 0 0
vt 0 0
vt 0 0
vt 0 0
vt 0 0
vt 0 0
vt 0 0
vt 0 0
vt 0 0
vt 0 0
vt 0 0
vt 0 0
vt 0 0
vt 0 0
vt 0 0
vt 0 0
vt 0 0
vt 0 0
vt 0 0
vt 0 0
vt 0 0
vt 0 0
vt 0 0
vt 0 0
vt 0 0
vt 0 0
vt 0 0
vt 0 0
vt 0 0
vt 0 0
vt 0 0
vt 0 0
vt 0 0
vt 0 0
vt 0 0
vt 0 0
vt 0 0
vt 0 0
vt 0 0
vt 0 0
vt 0 0
vt 0 0
vt 0 0
vt 0 0
vt 0 0
vt 0 0
vt 0 0
vt 0 0
vt 0 0
vt 0 0
vt 0 0
vt 0 0
vt 0 0
vt 0 0
vt 0 0
vt 0 0
vt 0 0
vt 0 0
vt 0 0
vt 0 0
vt 0 0
vt 0 0
vt 0 0
vt 0 0
vt 0 0
vt 0 0
vt 0 0
vt 0 0
vt 0 0
vt 0 0
vt 0 0
vt 0 0
vt 0 0
vt 0 0
vt 0 0
vt 0 0
vt 0 0
vt 0 0
vt 0 0
vt 0 0
vt 0 0
vt 0 0
vt 0 0
vt 0 0
vt 0 0
vt 0 0
vt 0 0
vt 0 0
vt 0 0
vt 0 0
vt 0 0
vt 0 0
vt 0 0
vt 0 0
vt 0 0
vt 0 0
vt 0 0
vt 0 0
vt 0 0
vt 0 0
vt 0 0
vt 0 0
vt 0 0
vt 0 0
vt 0 0
vt 0 0
vt 0 0
vt 0 0
vt 0 0
vt 0 0
vt 0 0
vt 0 0
vt 0 0
vt 0 0
vt 0 0
vt 0 0
vt 0 0
vt 0 0
vt 0 0
vt 0 0
vt 0 0
vt 0 0
vt 0 0
vt 0 0
vt 0 0
vt 0 0
vt 0 0
vt 0 0
vt 0 0
vt 0 0
vt 0 0
vt 0 0
vt 0 0
vt 0 0
vt 0 0
vt 0 0
vt 0 0
vt 0 0
vt 0 0
vt 0 0
vt 0 0
vt 0 0
vt 0 0
vt 0 0
vt 0 0
vt 0 0
vt 0 0
vt 0 0
vt 0 0
vt 0 0
vt 0 0
vt 0 0
vt 0 0
vt 0 0
vt 0 0
vt 0 0
vt 0 0
vt 0 0
vt 0 0
vt 0 0
vt 0 0
vt 0 0
vt 0 0
vt 0 0
vt 0 0
vt 0 0
vt 0 0
vt 0 0
vt 0 0
vt 0 0
vt 0 0
vt 0 0
vt 0 0
vt 0 0
vt 0 0
vt 0 0
vt 0 0
vt 0 0
vt 0 0
vt 0 0
vt 0 0
vt 0 0
vt 0 0
vt 0 0
vt 0 0
vt 0 0
vt 0 0
vt 0 0
vt 0 0
vt 0 0
vt 0 0
vt 0 0
vt 0 0
vt 0 0
vt 0 0
vt 0 0
vt 0 0
vt 0 0
vt 0 0
vt 0 0
vt 0 0
vt 0 0
vt 0 0
vt 0 0
vt 0 0
vt 0 0
vt 0 0
vt 0 0
vt 0 0
vt 0 0
vt 0 0
vt 0 0
vt 0 0
vt 0 0
vt 0 0
vt 0 0
vt 0 0
vt 0 0
vt 0 0
vt 0 0
vt 0 0
vt 0 0
vt 0 0
vt 0 0
vt 0 0
vt 0 0
vt 0 0
vt 0 0
vt 0 0
vt 0 0
vt 0 0
vt 0 0
vt 0 0
vt 0 0
vt 0 0
vt 0 0
vt 0 0
vt 0 0
vt 0 0
vt 0 0
vt 0 0
vt 0 0
vt 0 0
vt 0 0
vt 0 0
vt 0 0
vt 0 0
vt 0 0
vt 0 0
vt 0 0
vt 0 0
vt 0 0
vt 0 0
vt 0 0
vt 0 0
vt 0 0
vt 0 0
vt 0 0
vt 0 0
vt 0 0
vt 0 0
vt 0 0
vt 0 0
vt 0 0
vt 0 0
vt 0 0
vt 0 0
vt 0 0
vt 0 0
vt 0 0
vt 0 0
vt 0 0
vt 0 0
vt 0 0
vt 0 0
vt 0 0
vt 0 0
vt 0 0
vt 0 0
vt 0 0
vt 0 0
vt 0 0
vt 0 0
vt 0 0
vt 0 0
vt 0 0
vt 0 0
vt 0 0
vt 0 0
vt 0 0
vt 0 0
vt 0 0
vt 0 0
vt 0 0
vt 0 0
vt 0 0
vt 0 0
vt 0 0
vt 0 0
vt 0 0
vt 0 0
vt 0 0
vt 0 0
vt 0 0
vt 0 0
vt 0 0
vt 0 0
vt 0 0
vt 0 0
vt 0 0
vt 0 0
vt 0 0
vt 0 0
vt 0 0
vt 0 0
vt 0 0
vt 0 0
vt 0 0
vt 0 0
vt 0 0
vt 0 0
vt 0 0
vt 0 0
vt 0 0
vt 0 0
vt 0 0
vt 0 0
vt 0 0
vt 0 0
vt 0 0
vt 0 0
vt 0 0
vt 0 0
vt 0 0
vt 0 0
vt 0 0
vt 0 0
vt 0 0
vt 0 0
vt 0 0
vt 0 0
vt 0 0
vt 0 0
vt 0 0
vt 0 0
vt 0 0
vt 0 0
vt 0 0
vt 0 0
vt 0 0
vt 0 0
vt 0 0
vt 0 0
vt 0 0
vt 0 0
vt 0 0
vt 0 0
vt 0 0
vt 0 0
vt 0 0
vt 0 0
vt 0 0
vt 0 0
vt 0 0
vt 0 0
vt 0 0
vt 0 0
vt 0 0
vt 0 0
vt 0 0
vt 0 0
vt 0 0
vt 0 0
vt 0 0
vt 0 0
vt 0 0
vt 0 0
vt 0 0
vt 0 0
vt 0 0
vt 0 0
vt 0 0
vt 0 0
vt 0 0
vt 0 0
vt 0 0
vt 0 0
vt 0 0
vt 0 0
vt 0 0
vt 0 0
vt 0 0
vt 0 0
vt 0 0
vt 0 0
vt 0 0
vt 0 0
vt 0 0
vt 0 0
vt 0 0
vt 0 0
vt 0 0
vt 0 0
vt 0 0
vt 0 0
vt 0 0
vt 0 0
vt 0 0
vt 0 0
vt 0 0
vt 0 0
vt 0 0
vt 0 0
vt 0 0
vt 0 0
vt 0 0
vt 0 0
vt 0 0
vt 0 0
vt 0 0
vt 0 0
vt 0 0
vt 0 0
vt 0 0
vt 0 0
vt 0 0
vt 0 0
vt 0 0
vt 0 0
vt 0 0
vt 0 0
vt 0 0
vt 0 0
vt 0 0
vt 0 0
vt 0 0
vt 0 0
vt 0 0
vt 0 0
vt 0 0
vt 0 0
vt 0 0
vt 0 0
vt 0 0
vt 0 0
vt 0 0
vt 0 0
vt 0 0
vt 0 0
vt 0 0
vt 0 0
vt 0 0
vt 0 0
vt 0 0
vt 0 0
vt 0 0
vt 0 0
vt 0 0
vt 0 0
vt 0 0
vt 0 0
vt 0 0
vt 0 0
vt 0 0
vt 0 0
vt 0 0
vt 0 0
vt 0 0
vt 0 0
vt 0 0
vt 0 0
vt 0 0
vt 0 0
vt 0 0
vt 0 0
vt 0 0
vt 0 0
vt 0 0
vt 0 0
vt 0 0
vt 0 0
vt 0 0
vt 0 0
vt 0 0
vt 0 0
vt 0 0
vt 0 0
vt 0 0
vt 0 0
vt 0 0
vt 0 0
vt 0 0
vt 0 0
vt 0 0
vt 0 0
vt 0 0
vt 0 0
vt 0 0
vt 0 0
vt 0 0
vt 0 0
vt 0 0
vt 0 0
vt 0 0
vt 0 0
vt 0 0
vt 0 0
vt 0 0
vt 0 0
vt 0 0
vt 0 0
vt 0 0
vt 0 0
vt 0 0
vt 0 0
vt 0 0
vt 0 0
vt 0 0
vt 0 0
vt 0 0
vt 0 0
vt 0 0
vt 0 0
vt 0 0
vt 0 0
vt 0 0
vt 0 0
vt 0 0
vt 0 0
vt 0 0
vt 0 0
vt 0 0
vt 0 0
vt 0 0
vt 0 0
vt 0 0
vt 0 0
vt 0 0
vt 0 0
vt 0 0
vt 0 0
vt 0 0
vt 0 0
vt 0 0
vt 0 0
vt 0 0
vt 0 0
vt 0 0
vt 0 0
vt 0 0
vt 0 0
vt 0 0
vt 0 0
vt 0 0
vt 0 0
vt 0 0
vt 0 0
vt 0 0
vt 0 0
vt 0 0
vt 0 0
vt 0 0
vt 0 0
vt 0 0
vt 0 0
vt 0 0
vt 0 0
vt 0 0
vt 0 0
vt 0 0
vt 0 0
vt 0 0
vt 0 0
vt 0 0
vt 0 0
vt 0 0
vt 0 0
vt 0 0
vt 0 0
vt 0 0
vt 0 0
vt 0 0
vt 0 0
vt 0 0
vt 0 0
vt 0 0
vt 0 0
vt 0 0
vt 0 0
vt 0 0
vt 0 0
vt 0 0
vt 0 0
vt 0 0
vt 0 0
vt 0 0
vt 0 0
vt 0 0
vt 0 0
vt 0 0
vt 0 0
vt 0 0
vt 0 0
vt 0 0
vt 0 0
vt 0 0
vt 0 0
vt 0 0
vt 0 0
vt 0 0
vt 0 0
vt 0 0
vt 0 0
vt 0 0
vt 0 0
vt 0 0
vt 0 0
vt 0 0
vt 0 0
vt 0 0
vt 0 0
vt 0 0
vt 0 0
vt 0 0
vt 0 0
vt 0 0
vt 0 0
vt 0 0
vt 0 0
vt 0 0
vt 0 0
vt 0 0
vt 0 0
vt 0 0
vt 0 0
vt 0 0
vt 0 0
vt 0 0
vt 0 0
vt 0 0
vt 0 0
vt 0 0
vt 0 0
vt 0 0
vt 0 0
vt 0 0
vt 0 0
vt 0 0
vt 0 0
vt 0 0
vt 0 0
vt 0 0
vt 0 0
vt 0 0
vt 0 0
vt 0 0
vt 0 0
vt 0 0
vt 0 0
vt 0 0
vt 0 0
vt 0 0
vt 0 0
vt 0 0
vt 0 0
vt 0 0
vt 0 0
vt 0 0
vt 0 0
vt 0 0
vt 0 0
vt 0 0
vt 0 0
vt 0 0
vt 0 0
vt 0 0
vt 0 0
vt 0 0
vt 0 0
vt 0 0
vt 0 0
vt 0 0
vt 0 0
vt 0 0
vt 0 0
vt 0 0
vt 0 0
vt 0 0
vt 0 0
vt 0 0
vt 0 0
vt 0 0
vt 0 0
vt 0 0
vt 0 0
vt 0 0
vt 0 0
vt 0 0
vt 0 0
vt 0 0
vt 0 0
vt 0 0
vt 0 0
vt 0 0
vt 0 0
vt 0 0
vt 0 0
vt 0 0
vt 0 0
vt 0 0
vt 0 0
vt 0 0
vt 0 0
vt 0 0
vt 0 0
vt 0 0
vt 0 0
vt 0 0
vt 0 0
vt 0 0
vt 0 0
vt 0 0
vt 0 0
vt 0 0
vt 0 0
vt 0 0
vt 0 0
vt 0 0
vt 0 0
vt 0 0
vt 0 0
vt 0 0
vt 0 0
vt 0 0
vt 0 0
vt 0 0
vt 0 0
vt 0 0
vt 0 0
vt 0 0
vt 0 0
vt 0 0
vt 0 0
vt 0 0
vt 0 0
vt 0 0
vt 0 0
vt 0 0
vt 0 0
vt 0 0
vt 0 0
vt 0 0
vt 0 0
vt 0 0
vt 0 0
vt 0 0
vt 0 0
vt 0 0
vt 0 0
vt 0 0
vt 0 0
vt 0 0
vt 0 0
vt 0 0
vt 0 0
vt 0 0
vt 0 0
vt 0 0
vt 0 0
vt 0 0
vt 0 0
vt 0 0
vt 0 0
vt 0 0
vt 0 0
vt 0 0
vt 0 0
vt 0 0
vt 0 0
vt 0 0
vt 0 0
vt 0 0
vt 0 0
vt 0 0
vt 0 0
vt 0 0
vt 0 0
vt 0 0
vt 0 0
vt 0 0
vt 0 0
vt 0 0
vt 0 0
vt 0 0
vt 0 0
vt 0 0
vt 0 0
vt 0 0
vt 0 0
vt 0 0
vt 0 0
vt 0 0
vt 0 0
vt 0 0
vt 0 0
vt 0 0
vt 0 0
vt 0 0
vt 0 0
vt 0 0
vt 0 0
vt 0 0
vt 0 0
vt 0 0
vt 0 0
vt 0 0
vt 0 0
vt 0 0
vt 0 0
vt 0 0
vt 0 0
vt 0 0
vt 0 0
vt 0 0
vt 0 0
vt 0 0
vt 0 0
vt 0 0
vt 0 0
vt 0 0
vt 0 0
vt 0 0
vt 0 0
vt 0 0
vt 0 0
vt 0 0
vt 0 0
vt 0 0
vt 0 0
vt 0 0
vt 0 0
vt 0 0
vt 0 0
vt 0 0
vt 0 0
vt 0 0
vt 0 0
vt 0 0
vt 0 0
vt 0 0
vt 0 0
vt 0 0
vt 0 0
vt 0 0
vt 0 0
vt 0 0
vt 0 0
vt 0 0
vt 0 0
vt 0 0
vt 0 0
vt 0 0
vt 0 0
vt 0 0
vt 0 0
vt 0 0
vt 0 0
vt 0 0
vt 0 0
vt 0 0
vt 0 0
vt 0 0
vt 0 0
vt 0 0
vt 0 0
vt 0 0
vt 0 0
vt 0 0
vt 0 0
vt 0 0
vt 0 0
vt 0 0
vt 0 0
vt 0 0
vt 0 0
vt 0 0
vt 0 0
vt 0 0
vt 0 0
vt 0 0
vt 0 0
vt 0 0
vt 0 0
vt 0 0
vt 0 0
vt 0 0
vt 0 0
vt 0 0
vt 0 0
vt 0 0
vt 0 0
vt 0 0
vt 0 0
vt 0 0
vt 0 0
vt 0 0
vt 0 0
vt 0 0
vt 0 0
vt 0 0
vt 0 0
vt 0 0
vt 0 0
vt 0 0
vt 0 0
vt 0 0
vt 0 0
vt 0 0
vt 0 0
vt 0 0
vt 0 0
vt 0 0
vt 0 0
vt 0 0
vt 0 0
vt 0 0
vt 0 0
vt 0 0
vt 0 0
vt 0 0
vt 0 0
vt 0 0
vt 0 0
vt 0 0
vt 0 0
vt 0 0
vt 0 0
vt 0 0
vt 0 0
vt 0 0
vt 0 0
vt 0 0
vt 0 0
vt 0 0
vt 0 0
vt 0 0
vt 0 0
vt 0 0
vt 0 0
vt 0 0
vt 0 0
vt 0 0
vt 0 0
vt 0 0
vt 0 0
vt 0 0
vt 0 0
vt 0 0
vt 0 0
vt 0 0
vt 0 0
vt 0 0
vt 0 0
vt 0 0
vt 0 0
vt 0 0
vt 0 0
vt 0 0
vt 0 0
vt 0 0
vt 0 0
vt 0 0
vt 0 0
vt 0 0
vt 0 0
vt 0 0
vt 0 0
vt 0 0
vt 0 0
vt 0 0
vt 0 0
vt 0 0
vt 0 0
vt 0 0
vt 0 0
vt 0 0
vt 0 0
vt 0 0
vt 0 0
vt 0 0
vt 0 0
vt 0 0
vt 0 0
vt 0 0
vt 0 0
vt 0 0
vt 0 0
vt 0 0
vt 0 0
vt 0 0
vt 0 0
vt 0 0
vt 0 0
vt 0 0
vt 0 0
vt 0 0
vt 0 0
vt 0 0
vt 0 0
vt 0 0
vt 0 0
vt 0 0
vt 0 0
vt 0 0
vt 0 0
vt 0 0
vt 0 0
vt 0 0
vt 0 0
vt 0 0
vt 0 0
vt 0 0
vt 0 0
vt 0 0
vt 0 0
vt 0 0
vt 0 0
vt 0 0
vt 0 0
vt 0 0
vt 0 0
vt 0 0
vt 0 0
vt 0 0
vt 0 0
vt 0 0
vt 0 0
vt 0 0
vt 0 0
vt 0 0
vt 0 0
vt 0 0
vt 0 0
vt 0 0
vt 0 0
vt 0 0
vt 0 0
vt 0 0
vt 0 0
vt 0 0
vt 0 0
vt 0 0
vt 0 0
vt 0 0
vt 0 0
vt 0 0
vt 0 0
vt 0 0
vt 0 0
vt 0 0
vt 0 0
vt 0 0
vt 0 0
vt 0 0
vt 0 0
vt 0 0
vt 0 0
vt 0 0
vt 0 0
vt 0 0
vt 0 0
vt 0 0
vt 0 0
vt 0 0
vt 0 0
vt 0 0
vt 0 0
vt 0 0
vt 0 0
vt 0 0
vt 0 0
vt 0 0
vt 0 0
vt 0 0
vt 0 0
vt 0 0
vt 0 0
vt 0 0
vt 0 0
vt 0 0
vt 0 0
vt 0 0
vt 0 0
vt 0 0
vt 0 0
vt 0 0
vt 0 0
vt 0 0
vt 0 0
vt 0 0
vt 0 0
vt 0 0
vt 0 0
vt 0 0
vt 0 0
vt 0 0
vt 0 0
vt 0 0
vt 0 0
vt 0 0
vt 0 0
vt 0 0
vt 0 0
vt 0 0
vt 0 0
vt 0 0
vt 0 0
vt 0 0
vt 0 0
vt 0 0
vt 0 0
vt 0 0
vt 0 0
vt 0 0
vt 0 0
vt 0 0
vt 0 0
vt 0 0
vt 0 0
vt 0 0
vt 0 0
vt 0 0
vt 0 0
vt 0 0
vt 0 0
vt 0 0
vt 0 0
vt 0 0
vt 0 0
vt 0 0
vt 0 0
vt 0 0
vt 0 0
vt 0 0
vt 0 0
vt 0 0
vt 0 0
vt 0 0
vt 0 0
vt 0 0
vt 0 0
vt 0 0
vt 0 0
vt 0 0
vt 0 0
vt 0 0
vt 0 0
vt 0 0
vt 0 0
vt 0 0
vt 0 0
vt 0 0
vt 0 0
vt 0 0
vt 0 0
vt 0 0
vt 0 0
vt 0 0
vt 0 0
vt 0 0
vt 0 0
vt 0 0
vt 0 0
vt 0 0
vt 0 0
vt 0 0
vt 0 0
vt 0 0
vt 0 0
vt 0 0
vt 0 0
vt 0 0
vt 0 0
vt 0 0
vt 0 0
vt 0 0
vt 0 0
vt 0 0
vt 0 0
vt 0 0
vt 0 0
vt 0 0
vt 0 0
vt 0 0
vt 0 0
vt 0 0
vt 0 0
vt 0 0
vt 0 0
vt 0 0
vt 0 0
vt 0 0
vt 0 0
vt 0 0
vt 0 0
vt 0 0
vt 0 0
vt 0 0
vt 0 0
vt 0 0
vt 0 0
vt 0 0
vt 0 0
vt 0 0
vt 0 0
vt 0 0
vt 0 0
vt 0 0
vt 0 0
vt 0 0
vt 0 0
vt 0 0
vt 0 0
vt 0 0
vt 0 0
vt 0 0
vt 0 0
vt 0 0
vt 0 0
vt 0 0
vt 0 0
vt 0 0
vt 0 0
vt 0 0
vt 0 0
vt 0 0
vt 0 0
vt 0 0
vt 0 0
vt 0 0
vt 0 0
vt 0 0
vt 0 0
vt 0 0
vt 0 0
vt 0 0
vt 0 0
vt 0 0
vt 0 0
vt 0 0
vt 0 0
vt 0 0
vt 0 0
vt 0 0
vt 0 0
vt 0 0
vt 0 0
vt 0 0
vt 0 0
vt 0 0
vt 0 0
vt 0 0
vt 0 0
vt 0 0
vt 0 0
vt 0 0
vt 0 0
vt 0 0
vt 0 0
vt 0 0
vt 0 0
vt 0 0
vt 0 0
vt 0 0
vt 0 0
vt 0 0
vt 0 0
vt 0 0
vt 0 0
vt 0 0
vt 0 0
vt 0 0
vt 0 0
vt 0 0
vt 0 0
vt 0 0
vt 0 0
vt 0 0
vt 0 0
vt 0 0
vt 0 0
vt 0 0
vt 0 0
vt 0 0
vt 0 0
vt 0 0
vt 0 0
vt 0 0
vt 0 0
vt 0 0
vt 0 0
vt 0 0
vt 0 0
vt 0 0
vt 0 0
vt 0 0
vt 0 0
vt 0 0
vt 0 0
vt 0 0
vt 0 0
vt 0 0
vt 0 0
vt 0 0
vt 0 0
vt 0 0
vt 0 0
vt 0 0
vt 0 0
vt 0 0
vt 0 0
vt 0 0
vt 0 0
vt 0 0
vt 0 0
vt 0 0
vt 0 0
vt 0 0
vt 0 0
vt 0 0
vt 0 0
vt 0 0
vt 0 0
vt 0 0
vt 0 0
vt 0 0
vt 0 0
vt 0 0
vt 0 0
vt 0 0
vt 0 0
vt 0 0
vt 0 0
vt 0 0
vt 0 0
vt 0 0
vt 0 0
vt 0 0
vt 0 0
vt 0 0
vt 0 0
vt 0 0
vt 0 0
vt 0 0
vt 0 0
vt 0 0
vt 0 0
vt 0 0
vt 0 0
vt 0 0
vt 0 0
vt 0 0
vt 0 0
vt 0 0
vt 0 0
vt 0 0
vt 0 0
vt 0 0
vt 0 0
vt 0 0
vt 0 0
vt 0 0
vt 0 0
vt 0 0
vt 0 0
vt 0 0
vt 0 0
vt 0 0
vt 0 0
vt 0 0
vt 0 0
vt 0 0
vt 0 0
vt 0 0
vt 0 0
vt 0 0
vt 0 0
vt 0 0
vt 0 0
vt 0 0
vt 0 0
vt 0 0
vt 0 0
vt 0 0
vt 0 0
vt 0 0
vt 0 0
vt 0 0
vt 0 0
vt 0 0
vt 0 0
vt 0 0
vt 0 0
vt 0 0
vt 0 0
vt 0 0
vt 0 0
vt 0 0
vt 0 0
vt 0 0
vt 0 0
vt 0 0
vt 0 0
vt 0 0
vt 0 0
vt 0 0
vt 0 0
vt 0 0
vt 0 0
vt 0 0
vt 0 0
vt 0 0
vt 0 0
vt 0 0
vt 0 0
vt 0 0
vt 0 0
vt 0 0
vt 0 0
vt 0 0
vt 0 0
vt 0 0
vt 0 0
vt 0 0
vt 0 0
vt 0 0
vt 0 0
vt 0 0
vt 0 0
vt 0 0
vt 0 0
vt 0 0
vt 0 0
vt 0 0
vt 0 0
vt 0 0
vt 0 0
vt 0 0
vt 0 0
vt 0 0
vt 0 0
vt 0 0
vt 0 0
vt 0 0
vt 0 0
vt 0 0
vt 0 0
vt 0 0
vt 0 0
vt 0 0
vt 0 0
vt 0 0
vt 0 0
vt 0 0
vt 0 0
vt 0 0
vt 0 0
vt 0 0
vt 0 0
vt 0 0
vt 0 0
vt 0 0
vt 0 0
vt 0 0
vt 0 0
vt 0 0
vt 0 0
vt 0 0
vt 0 0
vt 0 0
vt 0 0
vt 0 0
vt 0 0
vt 0 0
vt 0 0
vt 0 0
vt 0 0
vt 0 0
vt 0 0
vt 0 0
vt 0 0
vt 0 0
vt 0 0
vt 0 0
vt 0 0
vt 0 0
vt 0 0
vt 0 0
vt 0 0
vt 0 0
vt 0 0
vt 0 0
vt 0 0
vt 0 0
vt 0 0
vt 0 0
vt 0 0
vt 0 0
vt 0 0
vt 0 0
vt 0 0
vt 0 0
vt 0 0
vt 0 0
vt 0 0
vt 0 0
vt 0 0
vt 0 0
vt 0 0
vt 0 0
vt 0 0
vt 0 0
vt 0 0
vt 0 0
vt 0 0
vt 0 0
vt 0 0
vt 0 0
vt 0 0
vt 0 0
vt 0 0
vt 0 0
vt 0 0
vt 0 0
vt 0 0
vt 0 0
vt 0 0
vt 0 0
vt 0 0
vt 0 0
vt 0 0
vt 0 0
vt 0 0
vt 0 0
vt 0 0
vt 0 0
vt 0 0
vt 0 0
vt 0 0
vt 0 0
vt 0 0
vt 0 0
vt 0 0
vt 0 0
vt 0 0
vt 0 0
vt 0 0
vt 0 0
vt 0 0
vt 0 0
vt 0 0
vt 0 0
vt 0 0
vt 0 0
vt 0 0
vt 0 0
vt 0 0
vt 0 0
vt 0 0
vt 0 0
vt 0 0
vt 0 0
vt 0 0
vt 0 0
vt 0 0
vt 0 0
vt 0 0
vt 0 0
vt 0 0
vt 0 0
vt 0 0
vt 0 0
vt 0 0
vt 0 0
vt 0 0
vt 0 0
vt 0 0
vt 0 0
vt 0 0
vt 0 0
vt 0 0
vt 0 0
vt 0 0
vt 0 0
vt 0 0
vt 0 0
vt 0 0
vt 0 0
vt 0 0
vt 0 0
vt 0 0
vt 0 0
vt 0 0
vt 0 0
vt 0 0
vt 0 0
vt 0 0
vt 0 0
vt 0 0
vt 0 0
vt 0 0
vt 0 0
vt 0 0
vt 0 0
vt 0 0
vt 0 0
vt 0 0
vt 0 0
vt 0 0
vt 0 0
vt 0 0
vt 0 0
vt 0 0
vt 0 0
vt 0 0
vt 0 0
vt 0 0
vt 0 0
vt 0 0
vt 0 0
vt 0 0
vt 0 0
vt 0 0
vt 0 0
vt 0 0
vt 0 0
vt 0 0
vt 0 0
vt 0 0
vt 0 0
vt 0 0
vt 0 0
vt 0 0
vt 0 0
vt 0 0
vt 0 0
vt 0 0
vt 0 0
vt 0 0
vt 0 0
vt 0 0
vt 0 0
vt 0 0
vt 0 0
vt 0 0
vt 0 0
vt 0 0
vt 0 0
vt 0 0
vt 0 0
vt 0 0
vt 0 0
vt 0 0
vt 0 0
vt 0 0
vt 0 0
vt 0 0
vt 0 0
vt 0 0
vt 0 0
vt 0 0
vt 0 0
vt 0 0
vt 0 0
vt 0 0
vt 0 0
vt 0 0
vt 0 0
vt 0 0
vt 0 0
vt 0 0
vt 0 0
vt 0 0
vt 0 0
vt 0 0
vt 0 0
vt 0 0
vt 0 0
vt 0 0
vt 0 0
vt 0 0
vt 0 0
vt 0 0
vt 0 0
vt 0 0
vt 0 0
vt 0 0
vt 0 0
vt 0 0
vt 0 0
vt 0 0
vt 0 0
vt 0 0
vt 0 0
vt 0 0
vt 0 0
vt 0 0
vt 0 0
vt 0 0
vt 0 0
vt 0 0
vt 0 0
vt 0 0
vt 0 0
vt 0 0
vt 0 0
vt 0 0
vt 0 0
vt 0 0
vt 0 0
vt 0 0
vt 0 0
vt 0 0
vt 0 0
vt 0 0
vt 0 0
vt 0 0
vt 0 0
vt 0 0
vt 0 0
vt 0 0
vt 0 0
vt 0 0
vt 0 0
vt 0 0
vt 0 0
vt 0 0
vt 0 0
vt 0 0
vt 0 0
vt 0 0
vt 0 0
vt 0 0
vt 0 0
vt 0 0
vt 0 0
vt 0 0
vt 0 0
vt 0 0
vt 0 0
vt 0 0
vt 0 0
vt 0 0
vt 0 0
vt 0 0
vt 0 0
vt 0 0
vt 0 0
vt 0 0
vt 0 0
vt 0 0
vt 0 0
vt 0 0
vt 0 0
vt 0 0
vt 0 0
vt 0 0
vt 0 0
vt 0 0
vt 0 0
vt 0 0
vt 0 0
vt 0 0
vt 0 0
vt 0 0
vt 0 0
vt 0 0
vt 0 0
vt 0 0
vt 0 0
vt 0 0
vt 0 0
vt 0 0
vt 0 0
vt 0 0
vt 0 0
vt 0 0
vt 0 0
vt 0 0
vt 0 0
vt 0 0
vt 0 0
vt 0 0
vt 0 0
vt 0 0
vt 0 0
vt 0 0
vt 0 0
vt 0 0
vt 0 0
vt 0 0
vt 0 0
vt 0 0
vt 0 0
vt 0 0
vt 0 0
vt 0 0
vt 0 0
vt 0 0
vt 0 0
vt 0 0
vt 0 0
vt 0 0
vt 0 0
vt 0 0
vt 0 0
vt 0 0
vt 0 0
vt 0 0
vt 0 0
vt 0 0
vt 0 0
vt 0 0
vt 0 0
vt 0 0
vt 0 0
vt 0 0
vt 0 0
vt 0 0
vt 0 0
vt 0 0
vt 0 0
vt 0 0
vt 0 0
vt 0 0
vt 0 0
vt 0 0
vt 0 0
vt 0 0
vt 0 0
vt 0 0
vt 0 0
vt 0 0
vt 0 0
vt 0 0
vt 0 0
vt 0 0
vt 0 0
vt 0 0
vt 0 0
vt 0 0
vt 0 0
vt 0 0
vt 0 0
vt 0 0
vt 0 0
vt 0 0
vt 0 0
vt 0 0
vt 0 0
vt 0 0
vt 0 0
vt 0 0
vt 0 0
vt 0 0
vt 0 0
vt 0 0
vt 0 0
vt 0 0
vt 0 0
vt 0 0
vt 0 0
vt 0 0
vt 0 0
vt 0 0
vt 0 0
vt 0 0
vt 0 0
vt 0 0
vt 0 0
vt 0 0
vt 0 0
vt 0 0
vt 0 0
vt 0 0
vt 0 0
vt 0 0
vt 0 0
vt 0 0
vt 0 0
vt 0 0
vt 0 0
vt 0 0
vt 0 0
vt 0 0
vt 0 0
vt 0 0
vt 0 0
vt 0 0
vt 0 0
vt 0 0
vt 0 0
vt 0 0
vt 0 0
vt 0 0
vt 0 0
vt 0 0
vt 0 0
vt 0 0
vt 0 0
vt 0 0
vt 0 0
vt 0 0
vt 0 0
vt 0 0
vt 0 0
vt 0 0
vt 0 0
vt 0 0
vt 0 0
vt 0 0
vt 0 0
vt 0 0
vt 0 0
vt 0 0
vt 0 0
vt 0 0
vt 0 0
vt 0 0
vt 0 0
vt 0 0
vt 0 0
vt 0 0
vt 0 0
vt 0 0
vt 0 0
vt 0 0
vt 0 0
vt 0 0
vt 0 0
vt 0 0
vt 0 0
vt 0 0
vt 0 0
vt 0 0
vt 0 0
vt 0 0
vt 0 0
vt 0 0
vt 0 0
vt 0 0
vt 0 0
vt 0 0
vt 0 0
vt 0 0
vt 0 0
vt 0 0
vt 0 0
vt 0 0
vt 0 0
vt 0 0
vt 0 0
vt 0 0
vt 0 0
vt 0 0
vt 0 0
vt 0 0
vt 0 0
vt 0 0
vt 0 0
vt 0 0
vt 0 0
vt 0 0
vt 0 0
vt 0 0
vt 0 0
vt 0 0
vt 0 0
vt 0 0
vt 0 0
vt 0 0
vt 0 0
vt 0 0
vt 0 0
vt 0 0
vt 0 0
vt 0 0
vt 0 0
vt 0 0
vt 0 0
vt 0 0
vt 0 0
vt 0 0
vt 0 0
vt 0 0
vt 0 0
vt 0 0
vt 0 0
vt 0 0
vt 0 0
vt 0 0
vt 0 0
vt 0 0
vt 0 0
vt 0 0
vt 0 0
vt 0 0
vt 0 0
vt 0 0
vt 0 0
vt 0 0
vt 0 0
vt 0 0
vt 0 0
vt 0 0
vt 0 0
vt 0 0
vt 0 0
vt 0 0
vt 0 0
vt 0 0
vt 0 0
vt 0 0
vt 0 0
vt 0 0
vt 0 0
vt 0 0
vt 0 0
vt 0 0
vt 0 0
vt 0 0
vt 0 0
vt 0 0
vt 0 0
vt 0 0
vt 0 0
vt 0 0
vt 0 0
vt 0 0
vt 0 0
vt 0 0
vt 0 0
vt 0 0
vt 0 0
vt 0 0
vt 0 0
vt 0 0
vt 0 0
vt 0 0
vt 0 0
vt 0 0
vt 0 0
vt 0 0
vt 0 0
vt 0 0
vt 0 0
vt 0 0
vt 0 0
vt 0 0
vt 0 0
vt 0 0
vt 0 0
vt 0 0
vt 0 0
vt 0 0
vt 0 0
vt 0 0
vt 0 0
vt 0 0
vt 0 0
vt 0 0
vt 0 0
vt 0 0
vt 0 0
vt 0 0
vt 0 0
vt 0 0
vt 0 0
vt 0 0
vt 0 0
vt 0 0
vt 0 0
vt 0 0
vt 0 0
vt 0 0
vt 0 0
vt 0 0
vt 0 0
vt 0 0
vt 0 0
vt 0 0
vt 0 0
vt 0 0
vt 0 0
vt 0 0
vt 0 0
vt 0 0
vt 0 0
vt 0 0
vt 0 0
vt 0 0
vt 0 0
vt 0 0
vt 0 0
vt 0 0
vt 0 0
vt 0 0
vt 0 0
vt 0 0
vt 0 0
vt 0 0
vt 0 0
vt 0 0
vt 0 0
vt 0 0
vt 0 0
vt 0 0
vt 0 0
vt 0 0
vt 0 0
vt 0 0
vt 0 0
vt 0 0
vt 0 0
vt 0 0
vt 0 0
vt 0 0
vt 0 0
vt 0 0
vt 0 0
vt 0 0
vt 0 0
vt 0 0
vt 0 0
vt 0 0
vt 0 0
vt 0 0
vt 0 0
vt 0 0
vt 0 0
vt 0 0
vt 0 0
vt 0 0
vt 0 0
vt 0 0
vt 0 0
vt 0 0
vt 0 0
vt 0 0
vt 0 0
vt 0 0
vt 0 0
vt 0 0
vt 0 0
vt 0 0
vt 0 0
vt 0 0
vt 0 0
vt 0 0
vt 0 0
vt 0 0
vt 0 0
vt 0 0
vt 0 0
vt 0 0
vt 0 0
vt 0 0
vt 0 0
vt 0 0
vt 0 0
vt 0 0
vt 0 0
vt 0 0
vt 0 0
vt 0 0
vt 0 0
vt 0 0
vt 0 0
vt 0 0
vt 0 0
vt 0 0
vt 0 0
vt 0 0
vt 0 0
vt 0 0
vt 0 0
vt 0 0
vt 0 0
vt 0 0
vt 0 0
vt 0 0
vt 0 0
vt 0 0
vt 0 0
vt 0 0
vt 0 0
vt 0 0
vt 0 0
vt 0 0
vt 0 0
vt 0 0
vt 0 0
vt 0 0
vt 0 0
vt 0 0
vt 0 0
vt 0 0
vt 0 0
vt 0 0
vt 0 0
vt 0 0
vt 0 0
vt 0 0
vt 0 0
vt 0 0
vt 0 0
vt 0 0
vt 0 0
vt 0 0
vt 0 0
vt 0 0
vt 0 0
vt 0 0
vt 0 0
vt 0 0
vt 0 0
vt 0 0
vt 0 0
vt 0 0
vt 0 0
vt 0 0
vt 0 0
vt 0 0
vt 0 0
vt 0 0
vt 0 0
vt 0 0
vt 0 0
vt 0 0
vt 0 0
vt 0 0
vt 0 0
vt 0 0
vt 0 0
vt 0 0
vt 0 0
vt 0 0
vt 0 0
vt 0 0
vt 0 0
vt 0 0
vt 0 0
vt 0 0
vt 0 0
vt 0 0
vt 0 0
vt 0 0
vt 0 0
vt 0 0
vt 0 0
vt 0 0
vt 0 0
vt 0 0
vt 0 0
vt 0 0
vt 0 0
vt 0 0
vt 0 0
vt 0 0
vt 0 0
vt 0 0
vt 0 0
vt 0 0
vt 0 0
vt 0 0
vt 0 0
vt 0 0
vt 0 0
vt 0 0
vt 0 0
vt 0 0
vt 0 0
vt 0 0
vt 0 0
vt 0 0
vt 0 0
vt 0 0
vt 0 0
vt 0 0
vt 0 0
vt 0 0
vt 0 0
vt 0 0
vt 0 0
vt 0 0
vt 0 0
vt 0 0
vt 0 0
vt 0 0
vt 0 0
vt 0 0
vt 0 0
vt 0 0
vt 0 0
vt 0 0
vt 0 0
vt 0 0
vt 0 0
vt 0 0
vt 0 0
vt 0 0
vt 0 0
vt 0 0
vt 0 0
vt 0 0
vt 0 0
vt 0 0
vt 0 0
vt 0 0
vt 0 0
vt 0 0
vt 0 0
vt 0 0
vt 0 0
vt 0 0
vt 0 0
vt 0 0
vt 0 0
vt 0 0
vt 0 0
vt 0 0
vt 0 0
vt 0 0
vt 0 0
vt 0 0
vt 0 0
vt 0 0
vt 0 0
vt 0 0
vt 0 0
vt 0 0
vt 0 0
vt 0 0
vt 0 0
vt 0 0
vt 0 0
vt 0 0
vt 0 0
vt 0 0
vt 0 0
vt 0 0
vt 0 0
vt 0 0
vt 0 0
vt 0 0
vt 0 0
vt 0 0
vt 0 0
vt 0 0
vt 0 0
vt 0 0
vt 0 0
vt 0 0
vt 0 0
vt 0 0
vt 0 0
vt 0 0
vt 0 0
vt 0 0
vt 0 0
vt 0 0
vt 0 0
vt 0 0
vt 0 0
vt 0 0
vt 0 0
vt 0 0
vt 0 0
vt 0 0
vt 0 0
vt 0 0
vt 0 0
vt 0 0
vt 0 0
vt 0 0
vt 0 0
vt 0 0
vt 0 0
vt 0 0
vt 0 0
vt 0 0
vt 0 0
vt 0 0
vt 0 0
vt 0 0
vt 0 0
vt 0 0
vt 0 0
vt 0 0
vt 0 0
vt 0 0
vt 0 0
vt 0 0
vt 0 0
vt 0 0
vt 0 0
vt 0 0
vt 0 0
vt 0 0
vt 0 0
vt 0 0
vt 0 0
vt 0 0
vt 0 0
vt 0 0
vt 0 0
vt 0 0
vt 0 0
vt 0 0
vt 0 0
vt 0 0
vt 0 0
vt 0 0
vt 0 0
vt 0 0
vt 0 0
vt 0 0
vt 0 0
vt 0 0
vt 0 0
vt 0 0
vt 0 0
vt 0 0
vt 0 0
vt 0 0
vt 0 0
vt 0 0
vt 0 0
vt 0 0
vt 0 0
vt 0 0
vt 0 0
vt 0 0
vt 0 0
vt 0 0
vt 0 0
vt 0 0
vt 0 0
vt 0 0
vt 0 0
vt 0 0
vt 0 0
vt 0 0
vt 0 0
vt 0 0
vt 0 0
vt 0 0
vt 0 0
vt 0 0
vt 0 0
vt 0 0
vt 0 0
vt 0 0
vt 0 0
vt 0 0
vt 0 0
vt 0 0
vt 0 0
vt 0 0
vt 0 0
vt 0 0
vt 0 0
vt 0 0
vt 0 0
vt 0 0
vt 0 0
vt 0 0
vt 0 0
vt 0 0
vt 0 0
vt 0 0
vt 0 0
vt 0 0
vt 0 0
vt 0 0
vt 0 0
vt 0 0
vt 0 0
vt 0 0
vt 0 0
vt 0 0
vt 0 0
vt 0 0
vt 0 0
vt 0 0
vt 0 0
vt 0 0
vt 0 0
vt 0 0
vt 0 0
vt 0 0
vt 0 0
vt 0 0
vt 0 0
vt 0 0
vt 0 0
vt 0 0
vt 0 0
vt 0 0
vt 0 0
vt 0 0
vt 0 0
vt 0 0
vt 0 0
vt 0 0
vt 0 0
vt 0 0
vt 0 0
vt 0 0
vt 0 0
vt 0 0
vt 0 0
vt 0 0
vt 0 0
vt 0 0
vt 0 0
vt 0 0
vt 0 0
vt 0 0
vt 0 0
vt 0 0
vt 0 0
vt 0 0
vt 0 0
vt 0 0
vt 0 0
vt 0 0
vt 0 0
vt 0 0
vt 0 0
vt 0 0
vt 0 0
vt 0 0
vt 0 0
vt 0 0
vt 0 0
vt 0 0
vt 0 0
vt 0 0
vt 0 0
vt 0 0
vt 0 0
vt 0 0
vt 0 0
vt 0 0
vt 0 0
vt 0 0
vt 0 0
vt 0 0
vt 0 0
vt 0 0
vt 0 0
vt 0 0
vt 0 0
vt 0 0
vt 0 0
vt 0 0
vt 0 0
vt 0 0
vt 0 0
vt 0 0
vt 0 0
vt 0 0
vt 0 0
vt 0 0
vt 0 0
vt 0 0
vt 0 0
vt 0 0
vt 0 0
vt 0 0
vt 0 0
vt 0 0
vt 0 0
vt 0 0
vt 0 0
vt 0 0
vt 0 0
vt 0 0
vt 0 0
vt 0 0
vt 0 0
vt 0 0
vt 0 0
vt 0 0
vt 0 0
vt 0 0
vt 0 0
vt 0 0
vt 0 0
vt 0 0
vt 0 0
vt 0 0
vt 0 0
vt 0 0
vt 0 0
vt 0 0
vt 0 0
vt 0 0
vt 0 0
vt 0 0
vt 0 0
vt 0 0
vt 0 0
vt 0 0
vt 0 0
vt 0 0
vt 0 0
vt 0 0
vt 0 0
vt 0 0
vt 0 0
vt 0 0
vt 0 0
vt 0 0
vt 0 0
vt 0 0
vt 0 0
vt 0 0
vt 0 0
vt 0 0
vt 0 0
vt 0 0
vt 0 0
vt 0 0
vt 0 0
vt 0 0
vt 0 0
vt 0 0
vt 0 0
vt 0 0
vt 0 0
vt 0 0
vt 0 0
vt 0 0
vt 0 0
vt 0 0
vt 0 0
vt 0 0
vt 0 0
vt 0 0
vt 0 0
vt 0 0
vt 0 0
vt 0 0
vt 0 0
vt 0 0
vt 0 0
vt 0 0
vt 0 0
vt 0 0
vt 0 0
vt 0 0
vt 0 0
vt 0 0
vt 0 0
vt 0 0
vt 0 0
vt 0 0
vt 0 0
vt 0 0
vt 0 0
vt 0 0
vt 0 0
vt 0 0
vt 0 0
vt 0 0
vt 0 0
vt 0 0
vt 0 0
vt 0 0
vt 0 0
vt 0 0
vt 0 0
vt 0 0
vt 0 0
vt 0 0
vt 0 0
vt 0 0
vt 0 0
vt 0 0
vt 0 0
vt 0 0
vt 0 0
vt 0 0
vt 0 0
vt 0 0
vt 0 0
vt 0 0
vt 0 0
vt 0 0
vt 0 0
vt 0 0
vt 0 0
vt 0 0
vt 0 0
vt 0 0
vt 0 0
vt 0 0
vt 0 0
vt 0 0
vt 0 0
vt 0 0
vt 0 0
vt 0 0
vt 0 0
vt 0 0
vt 0 0
vt 0 0
vt 0 0
vt 0 0
vt 0 0
vt 0 0
vt 0 0
vt 0 0
vt 0 0
vt 0 0
vt 0 0
vt 0 0
vt 0 0
vt 0 0
vt 0 0
vt 0 0
vt 0 0
vt 0 0
vt 0 0
vt 0 0
vt 0 0
vt 0 0
vt 0 0
vt 0 0
vt 0 0
vt 0 0
vt 0 0
vt 0 0
vt 0 0
vt 0 0
vt 0 0
vt 0 0
vt 0 0
vt 0 0
vt 0 0
vt 0 0
vt 0 0
vt 0 0
vt 0 0
vt 0 0
vt 0 0
vt 0 0
vt 0 0
vt 0 0
vt 0 0
vt 0 0
vt 0 0
vt 0 0
vt 0 0
vt 0 0
vt 0 0
vt 0 0
vt 0 0
vt 0 0
vt 0 0
vt 0 0
vt 0 0
vt 0 0
vt 0 0
vt 0 0
vt 0 0
vt 0 0
vt 0 0
vt 0 0
vt 0 0
vt 0 0
vt 0 0
vt 0 0
vt 0 0
vt 0 0
vt 0 0
vt 0 0
vt 0 0
vt 0 0
vt 0 0
vt 0 0
vt 0 0
vt 0 0
vt 0 0
vt 0 0
vt 0 0
vt 0 0
vt 0 0
vt 0 0
vt 0 0
vt 0 0
vt 0 0
vt 0 0
vt 0 0
vt 0 0
vt 0 0
vt 0 0
vt 0 0
vt 0 0
vt 0 0
vt 0 0
vt 0 0
vt 0 0
vt 0 0
vt 0 0
vt 0 0
vt 0 0
vt 0 0
vt 0 0
vt 0 0
vt 0 0
vt 0 0
vt 0 0
vt 0 0
vt 0 0
vt 0 0
vt 0 0
vt 0 0
vt 0 0
vt 0 0
vt 0 0
vt 0 0
vt 0 0
vt 0 0
vt 0 0
vt 0 0
vt 0 0
vt 0 0
vt 0 0
vt 0 0
vt 0 0
vt 0 0
vt 0 0
vt 0 0
vt 0 0
vt 0 0
vt 0 0
vt 0 0
vt 0 0
vt 0 0
vt 0 0
vt 0 0
vt 0 0
vt 0 0
vt 0 0
vt 0 0
vt 0 0
vt 0 0
vt 0 0
vt 0 0
vt 0 0
vt 0 0
vt 0 0
vt 0 0
vt 0 0
vt 0 0
vt 0 0
vt 0 0
vt 0 0
vt 0 0
vt 0 0
vt 0 0
vt 0 0
vt 0 0
vt 0 0
vt 0 0
vt 0 0
vt 0 0
vt 0 0
vt 0 0
vt 0 0
vt 0 0
vt 0 0
vt 0 0
vt 0 0
vt 0 0
vt 0 0
vt 0 0
vt 0 0
vt 0 0
vt 0 0
vt 0 0
vt 0 0
vt 0 0
vt 0 0
vt 0 0
vt 0 0
vt 0 0
vt 0 0
vt 0 0
vt 0 0
vt 0 0
vt 0 0
vt 0 0
vt 0 0
vt 0 0
vt 0 0
vt 0 0
vt 0 0
vt 0 0
vt 0 0
vt 0 0
vt 0 0
vt 0 0
vt 0 0
vt 0 0
vt 0 0
vt 0 0
vt 0 0
vt 0 0
vt 0 0
vt 0 0
vt 0 0
vt 0 0
vt 0 0
vt 0 0
vt 0 0
vt 0 0
vt 0 0
vt 0 0
vt 0 0
vt 0 0
vt 0 0
vt 0 0
vt 0 0
vt 0 0
vt 0 0
vt 0 0
vt 0 0
vt 0 0
vt 0 0
vt 0 0
vt 0 0
vt 0 0
vt 0 0
vt 0 0
vt 0 0
vt 0 0
vt 0 0
vt 0 0
vt 0 0
vt 0 0
vt 0 0
vt 0 0
vt 0 0
vt 0 0
vt 0 0
vt 0 0
vt 0 0
vt 0 0
vt 0 0
vt 0 0
vt 0 0
vt 0 0
vt 0 0
vt 0 0
vt 0 0
vt 0 0
vt 0 0
vt 0 0
vt 0 0
vt 0 0
vt 0 0
vt 0 0
vt 0 0
vt 0 0
vt 0 0
vt 0 0
vt 0 0
vt 0 0
vt 0 0
vt 0 0
vt 0 0
vt 0 0
vt 0 0
vt 0 0
vt 0 0
vt 0 0
vt 0 0
vt 0 0
vt 0 0
vt 0 0
vt 0 0
vt 0 0
vt 0 0
vt 0 0
vt 0 0
vt 0 0
vt 0 0
vt 0 0
vt 0 0
vt 0 0
vt 0 0
vt 0 0
vt 0 0
vt 0 0
vt 0 0
vt 0 0
vt 0 0
vt 0 0
vt 0 0
vt 0 0
vt 0 0
vt 0 0
vt 0 0
vt 0 0
vt 0 0
vt 0 0
vt 0 0
vt 0 0
vt 0 0
vt 0 0
vt 0 0
vt 0 0
vt 0 0
vt 0 0
vt 0 0
vt 0 0
vt 0 0
vt 0 0
vt 0 0
vt 0 0
vt 0 0
vt 0 0
vt 0 0
vt 0 0
vt 0 0
vt 0 0
vt 0 0
vt 0 0
vt 0 0
vt 0 0
vt 0 0
vt 0 0
vt 0 0
vt 0 0
vt 0 0
vt 0 0
vt 0 0
vt 0 0
vt 0 0
vt 0 0
vt 0 0
vt 0 0
vt 0 0
vt 0 0
vt 0 0
vt 0 0
vt 0 0
vt 0 0
vt 0 0
vt 0 0
vt 0 0
vt 0 0
vt 0 0
vt 0 0
vt 0 0
vt 0 0
vt 0 0
vt 0 0
vt 0 0
vt 0 0
vt 0 0
vt 0 0
vt 0 0
vt 0 0
vt 0 0
vt 0 0
vt 0 0
vt 0 0
vt 0 0
vt 0 0
vt 0 0
vt 0 0
vt 0 0
vt 0 0
vt 0 0
vt 0 0
vt 0 0
vt 0 0
vt 0 0
vt 0 0
vt 0 0
vt 0 0
vt 0 0
vt 0 0
vt 0 0
vt 0 0
vt 0 0
vt 0 0
vt 0 0
vt 0 0
vt 0 0
vt 0 0
vt 0 0
vt 0 0
vt 0 0
vt 0 0
vt 0 0
vt 0 0
vt 0 0
vt 0 0
vt 0 0
vt 0 0
vt 0 0
vt 0 0
vt 0 0
vt 0 0
vt 0 0
vt 0 0
vt 0 0
vt 0 0
vt 0 0
vt 0 0
vt 0 0
vt 0 0
vt 0 0
vt 0 0
vt 0 0
vt 0 0
vt 0 0
vt 0 0
vt 0 0
vt 0 0
vt 0 0
vt 0 0
vt 0 0
vt 0 0
vt 0 0
vt 0 0
vt 0 0
vt 0 0
vt 0 0
vt 0 0
vt 0 0
vt 0 0
vt 0 0
vt 0 0
vt 0 0
vt 0 0
vt 0 0
vt 0 0
vt 0 0
vt 0 0
vt 0 0
vt 0 0
vt 0 0
vt 0 0
vt 0 0
vt 0 0
vt 0 0
vt 0 0
vt 0 0
vt 0 0
vt 0 0
vt 0 0
vt 0 0
vt 0 0
vt 0 0
vt 0 0
vt 0 0
vt 0 0
vt 0 0
vt 0 0
vt 0 0
vt 0 0
vt 0 0
vt 0 0
vt 0 0
vt 0 0
vt 0 0
vt 0 0
vt 0 0
vt 0 0
vt 0 0
vt 0 0
vt 0 0
vt 0 0
vt 0 0
vt 0 0
vt 0 0
vt 0 0
vt 0 0
vt 0 0
vt 0 0
vt 0 0
vt 0 0
vt 0 0
vt 0 0
vt 0 0
vt 0 0
vt 0 0
vt 0 0
vt 0 0
vt 0 0
vt 0 0
vt 0 0
vt 0 0
vt 0 0
vt 0 0
vt 0 0
vt 0 0
vt 0 0
vt 0 0
vt 0 0
vt 0 0
vt 0 0
vt 0 0
vt 0 0
vt 0 0
vt 0 0
vt 0 0
vt 0 0
vt 0 0
vt 0 0
vt 0 0
vt 0 0
vt 0 0
vt 0 0
vt 0 0
vt 0 0
vt 0 0
vt 0 0
vt 0 0
vt 0 0
vt 0 0
vt 0 0
vt 0 0
vt 0 0
vt 0 0
vt 0 0
vt 0 0
vt 0 0
vt 0 0
vt 0 0
vt 0 0
vt 0 0
vt 0 0
vt 0 0
vt 0 0
vt 0 0
vt 0 0
vt 0 0
vt 0 0
vt 0 0
vt 0 0
vt 0 0
vt 0 0
vt 0 0
vt 0 0
vt 0 0
vt 0 0
vt 0 0
vt 0 0
vt 0 0
vt 0 0
vt 0 0
vt 0 0
vt 0 0
vt 0 0
vt 0 0
vt 0 0
vt 0 0
vt 0 0
vt 0 0
vt 0 0
vt 0 0
vt 0 0
vt 0 0
vt 0 0
vt 0 0
vt 0 0
vt 0 0
vt 0 0
vt 0 0
vt 0 0
vt 0 0
vt 0 0
vt 0 0
vt 0 0
vt 0 0
vt 0 0
vt 0 0
vt 0 0
vt 0 0
vt 0 0
vt 0 0
vt 0 0
vt 0 0
vt 0 0
vt 0 0
vt 0 0
vt 0 0
vt 0 0
vt 0 0
vt 0 0
vt 0 0
vt 0 0
vt 0 0
vt 0 0
vt 0 0
vt 0 0
vt 0 0
vt 0 0
vt 0 0
vt 0 0
vt 0 0
vt 0 0
vt 0 0
vt 0 0
vt 0 0
vt 0 0
vt 0 0
vt 0 0
vt 0 0
vt 0 0
vt 0 0
vt 0 0
vt 0 0
vt 0 0
vt 0 0
vt 0 0
vt 0 0
vt 0 0
vt 0 0
vt 0 0
vt 0 0
vt 0 0
vt 0 0
vt 0 0
vt 0 0
vt 0 0
vt 0 0
vt 0 0
vt 0 0
vt 0 0
vt 0 0
vt 0 0
vt 0 0
vt 0 0
vt 0 0
vt 0 0
vt 0 0
vt 0 0
vt 0 0
vt 0 0
vt 0 0
vt 0 0
vt 0 0
vt 0 0
vt 0 0
vt 0 0
vt 0 0
vt 0 0
vt 0 0
vt 0 0
vt 0 0
vt 0 0
vt 0 0
vt 0 0
vt 0 0
vt 0 0
vt 0 0
vt 0 0
vt 0 0
vt 0 0
vt 0 0
vt 0 0
vt 0 0
vt 0 0
vt 0 0
vt 0 0
vt 0 0
vt 0 0
vt 0 0
vt 0 0
vt 0 0
vt 0 0
vt 0 0
vt 0 0
vt 0 0
vt 0 0
vt 0 0
vt 0 0
vt 0 0
vt 0 0
vt 0 0
vt 0 0
vt 0 0
vt 0 0
vt 0 0
vt 0 0
vt 0 0
vt 0 0
vt 0 0
vt 0 0
vt 0 0
vt 0 0
vt 0 0
vt 0 0
vt 0 0
vt 0 0
vt 0 0
vt 0 0
vt 0 0
vt 0 0
vt 0 0
vt 0 0
vt 0 0
vt 0 0
vt 0 0
vt 0 0
vt 0 0
vt 0 0
vt 0 0
vt 0 0
vt 0 0
vt 0 0
vt 0 0
vt 0 0
vt 0 0
vt 0 0
vt 0 0
vt 0 0
vt 0 0
vt 0 0
vt 0 0
vt 0 0
vt 0 0
vt 0 0
vt 0 0
vt 0 0
vt 0 0
vt 0 0
vt 0 0
vt 0 0
vt 0 0
vt 0 0
vt 0 0
vt 0 0
vt 0 0
vt 0 0
vt 0 0
vt 0 0
vt 0 0
vt 0 0
vt 0 0
vt 0 0
vt 0 0
vt 0 0
vt 0 0
vt 0 0
vt 0 0
vt 0 0
vt 0 0
vt 0 0
vt 0 0
vt 0 0
vt 0 0
vt 0 0
vt 0 0
vt 0 0
vt 0 0
vt 0 0
vt 0 0
vt 0 0
vt 0 0
vt 0 0
vt 0 0
vt 0 0
vt 0 0
vt 0 0
vt 0 0
vt 0 0
vt 0 0
vt 0 0
vt 0 0
vt 0 0
vt 0 0
vt 0 0
vt 0 0
vt 0 0
vt 0 0
vt 0 0
vt 0 0
vt 0 0
vt 0 0
vt 0 0
vt 0 0
vt 0 0
vt 0 0
vt 0 0
vt 0 0
vt 0 0
vt 0 0
vt 0 0
vt 0 0
vt 0 0
vt 0 0
vt 0 0
vt 0 0
vt 0 0
vt 0 0
vt 0 0
vt 0 0
vt 0 0
vt 0 0
vt 0 0
vt 0 0
vt 0 0
vt 0 0
vt 0 0
vt 0 0
vt 0 0
vt 0 0
vt 0 0
vt 0 0
vt 0 0
vt 0 0
vt 0 0
vt 0 0
vt 0 0
vt 0 0
vt 0 0
vt 0 0
vt 0 0
vt 0 0
vt 0 0
vt 0 0
vt 0 0
vt 0 0
vt 0 0
vt 0 0
vt 0 0
vt 0 0
vt 0 0
vt 0 0
vt 0 0
vt 0 0
vt 0 0
vt 0 0
vt 0 0
vt 0 0
vt 0 0
vt 0 0
vt 0 0
vt 0 0
vt 0 0
vt 0 0
vt 0 0
vt 0 0
vt 0 0
vt 0 0
vt 0 0
vt 0 0
vt 0 0
vt 0 0
vt 0 0
vt 0 0
vt 0 0
vt 0 0
vt 0 0
vt 0 0
vt 0 0
vt 0 0
vt 0 0
vt 0 0
vt 0 0
vt 0 0
vt 0 0
vt 0 0
vt 0 0
vt 0 0
vt 0 0
vt 0 0
vt 0 0
vt 0 0
vt 0 0
vt 0 0
vt 0 0
vt 0 0
vt 0 0
vt 0 0
vt 0 0
vt 0 0
vt 0 0
vt 0 0
vt 0 0
vt 0 0
vt 0 0
vt 0 0
vt 0 0
vt 0 0
vt 0 0
vt 0 0
vt 0 0
vt 0 0
vt 0 0
vt 0 0
vt 0 0
vt 0 0
vt 0 0
vt 0 0
vt 0 0
vt 0 0
vt 0 0
vt 0 0
vt 0 0
vt 0 0
vt 0 0
vt 0 0
vt 0 0
vt 0 0
vt 0 0
vt 0 0
vt 0 0
vt 0 0
vt 0 0
vt 0 0
vt 0 0
vt 0 0
vt 0 0
vt 0 0
vt 0 0
vt 0 0
vt 0 0
vt 0 0
vt 0 0
vt 0 0
vt 0 0
vt 0 0
vt 0 0
vt 0 0
vt 0 0
vt 0 0
vt 0 0
vt 0 0
vt 0 0
vt 0 0
vt 0 0
vt 0 0
vt 0 0
vt 0 0
vt 0 0
vt 0 0
vt 0 0
vt 0 0
vt 0 0
vt 0 0
vt 0 0
vt 0 0
vt 0 0
vt 0 0
vt 0 0
vt 0 0
vt 0 0
vt 0 0
vt 0 0
vt 0 0
vt 0 0
vt 0 0
vt 0 0
vt 0 0
vt 0 0
vt 0 0
vt 0 0
vt 0 0
vt 0 0
vt 0 0
vt 0 0
vt 0 0
vt 0 0
vt 0 0
vt 0 0
vt 0 0
vt 0 0
vt 0 0
vt 0 0
vt 0 0
vt 0 0
vt 0 0
vt 0 0
vt 0 0
vt 0 0
vt 0 0
vt 0 0
vt 0 0
vt 0 0
vt 0 0
vt 0 0
vt 0 0
vt 0 0
vt 0 0
vt 0 0
vt 0 0
vt 0 0
vt 0 0
vt 0 0
vt 0 0
vt 0 0
vt 0 0
vt 0 0
vt 0 0
vt 0 0
vt 0 0
vt 0 0
vt 0 0
vt 0 0
vt 0 0
vt 0 0
vt 0 0
vt 0 0
vt 0 0
vt 0 0
vt 0 0
vt 0 0
vt 0 0
vt 0 0
vt 0 0
vt 0 0
vt 0 0
vt 0 0
vt 0 0
vt 0 0
vt 0 0
vt 0 0
vt 0 0
vt 0 0
vt 0 0
vt 0 0
vt 0 0
vt 0 0
vt 0 0
vt 0 0
vt 0 0
vt 0 0
vt 0 0
vt 0 0
vt 0 0
vt 0 0
vt 0 0
vt 0 0
vt 0 0
vt 0 0
vt 0 0
vt 0 0
vt 0 0
vt 0 0
vt 0 0
vt 0 0
vt 0 0
vt 0 0
vt 0 0
vt 0 0
vt 0 0
vt 0 0
vt 0 0
vt 0 0
vt 0 0
vt 0 0
vt 0 0
vt 0 0
vt 0 0
vt 0 0
vt 0 0
vt 0 0
vt 0 0
vt 0 0
vt 0 0
vt 0 0
vt 0 0
vt 0 0
vt 0 0
vt 0 0
vt 0 0
vt 0 0
vt 0 0
vt 0 0
vt 0 0
vt 0 0
vt 0 0
vt 0 0
vt 0 0
vt 0 0
vt 0 0
vt 0 0
vt 0 0
vt 0 0
vt 0 0
vt 0 0
vt 0 0
vt 0 0
vt 0 0
vt 0 0
vt 0 0
vt 0 0
vt 0 0
vt 0 0
vt 0 0
vt 0 0
vt 0 0
vt 0 0
vt 0 0
vt 0 0
vt 0 0
vt 0 0
vt 0 0
vt 0 0
vt 0 0
vt 0 0
vt 0 0
vt 0 0
vt 0 0
vt 0 0
vt 0 0
vt 0 0
vt 0 0
vt 0 0
vt 0 0
vt 0 0
vt 0 0
vt 0 0
vt 0 0
vt 0 0
vt 0 0
vt 0 0
vt 0 0
vt 0 0
vt 0 0
vt 0 0
vt 0 0
vt 0 0
vt 0 0
vt 0 0
vt 0 0
vt 0 0
vt 0 0
vt 0 0
vt 0 0
vt 0 0
vt 0 0
vt 0 0
vt 0 0
vt 0 0
vt 0 0
vt 0 0
vt 0 0
vt 0 0
vt 0 0
vt 0 0
vt 0 0
vt 0 0
vt 0 0
vt 0 0
vt 0 0
vt 0 0
vt 0 0
vt 0 0
vt 0 0
vt 0 0
vt 0 0
vt 0 0
vt 0 0
vt 0 0
vt 0 0
vt 0 0
vt 0 0
vt 0 0
vt 0 0
vt 0 0
vt 0 0
vt 0 0
vt 0 0
vt 0 0
vt 0 0
vt 0 0
vt 0 0
vt 0 0
vt 0 0
vt 0 0
vt 0 0
vt 0 0
vt 0 0
vt 0 0
vt 0 0
vt 0 0
vt 0 0
vt 0 0
vt 0 0
vt 0 0
vt 0 0
vt 0 0
vt 0 0
vt 0 0
vt 0 0
vt 0 0
vt 0 0
vt 0 0
vt 0 0
vt 0 0
vt 0 0
vt 0 0
vt 0 0
vt 0 0
vt 0 0
vt 0 0
vt 0 0
vt 0 0
vt 0 0
vt 0 0
vt 0 0
vt 0 0
vt 0 0
vt 0 0
vt 0 0
vt 0 0
vt 0 0
vt 0 0
vt 0 0
vt 0 0
vt 0 0
vt 0 0
vt 0 0
vt 0 0
vt 0 0
vt 0 0
vt 0 0
vt 0 0
vt 0 0
vt 0 0
vt 0 0
vt 0 0
vt 0 0
vt 0 0
vt 0 0
vt 0 0
vt 0 0
vt 0 0
vt 0 0
vt 0 0
vt 0 0
vt 0 0
vt 0 0
vt 0 0
vt 0 0
vt 0 0
vt 0 0
vt 0 0
vt 0 0
vt 0 0
vt 0 0
vt 0 0
vt 0 0
vt 0 0
vt 0 0
vt 0 0
vt 0 0
vt 0 0
vt 0 0
vt 0 0
vt 0 0
vt 0 0
vt 0 0
vt 0 0
vt 0 0
vt 0 0
vt 0 0
vt 0 0
vt 0 0
vt 0 0
vt 0 0
vt 0 0
vt 0 0
vt 0 0
vt 0 0
vt 0 0
vt 0 0
vt 0 0
vt 0 0
vt 0 0
vt 0 0
vt 0 0
vt 0 0
vt 0 0
vt 0 0
vt 0 0
vt 0 0
vt 0 0
vt 0 0
vt 0 0
vt 0 0
vt 0 0
vt 0 0
vt 0 0
vt 0 0
vt 0 0
vt 0 0
vt 0 0
vt 0 0
vt 0 0
vt 0 0
vt 0 0
vt 0 0
vt 0 0
vt 0 0
vt 0 0
vt 0 0
vt 0 0
vt 0 0
vt 0 0
vt 0 0
vt 0 0
vt 0 0
vt 0 0
vt 0 0
vt 0 0
vt 0 0
vt 0 0
vt 0 0
vt 0 0
vt 0 0
vt 0 0
vt 0 0
vt 0 0
vt 0 0
vt 0 0
vt 0 0
vt 0 0
vt 0 0
vt 0 0
vt 0 0
vt 0 0
vt 0 0
vt 0 0
vt 0 0
vt 0 0
vt 0 0
vt 0 0
vt 0 0
vt 0 0
vt 0 0
vt 0 0
vt 0 0
vt 0 0
vt 0 0
vt 0 0
vt 0 0
vt 0 0
vt 0 0
vt 0 0
vt 0 0
vt 0 0
vt 0 0
vt 0 0
vt 0 0
vt 0 0
vt 0 0
vt 0 0
vt 0 0
vt 0 0
vt 0 0
vt 0 0
vt 0 0
vt 0 0
vt 0 0
vt 0 0
vt 0 0
vt 0 0
vt 0 0
vt 0 0
vt 0 0
vt 0 0
vt 0 0
vt 0 0
vt 0 0
vt 0 0
vt 0 0
vt 0 0
vt 0 0
vt 0 0
vt 0 0
vt 0 0
vt 0 0
vt 0 0
vt 0 0
vt 0 0
vt 0 0
vt 0 0
vt 0 0
vt 0 0
vt 0 0
vt 0 0
vt 0 0
vt 0 0
vt 0 0
vt 0 0
vt 0 0
vt 0 0
vt 0 0
vt 0 0
vt 0 0
vt 0 0
vt 0 0
vt 0 0
vt 0 0
vt 0 0
vt 0 0
vt 0 0
vt 0 0
vt 0 0
vt 0 0
vt 0 0
vt 0 0
vt 0 0
vt 0 0
vt 0 0
vt 0 0
vt 0 0
vt 0 0
vt 0 0
vt 0 0
vt 0 0
vt 0 0
vt 0 0
vt 0 0
vt 0 0
vt 0 0
vt 0 0
vt 0 0
vt 0 0
vt 0 0
vt 0 0
vt 0 0
vt 0 0
vt 0 0
vt 0 0
vt 0 0
vt 0 0
vt 0 0
vt 0 0
vt 0 0
vt 0 0
vt 0 0
vt 0 0
vt 0 0
vt 0 0
vt 0 0
vt 0 0
vt 0 0
vt 0 0
vt 0 0
vt 0 0
vt 0 0
vt 0 0
vt 0 0
vt 0 0
vt 0 0
vt 0 0
vt 0 0
vt 0 0
vt 0 0
vt 0 0
vt 0 0
vt 0 0
vt 0 0
vt 0 0
vt 0 0
vt 0 0
vt 0 0
vt 0 0
vt 0 0
vt 0 0
vt 0 0
vt 0 0
vt 0 0
vt 0 0
vt 0 0
vt 0 0
vt 0 0
vt 0 0
vt 0 0
vt 0 0
vt 0 0
vt 0 0
vt 0 0
vt 0 0
vt 0 0
vt 0 0
vt 0 0
vt 0 0
vt 0 0
vt 0 0
vt 0 0
vt 0 0
vt 0 0
vt 0 0
vt 0 0
vt 0 0
vt 0 0
vt 0 0
vt 0 0
vt 0 0
vt 0 0
vt 0 0
vt 0 0
vt 0 0
vt 0 0
vt 0 0
vt 0 0
vt 0 0
vt 0 0
vt 0 0
vt 0 0
vt 0 0
vt 0 0
vt 0 0
vt 0 0
vt 0 0
vt 0 0
vt 0 0
vt 0 0
vt 0 0
vt 0 0
vt 0 0
vt 0 0
vt 0 0
vt 0 0
vt 0 0
vt 0 0
vt 0 0
vt 0 0
vt 0 0
vt 0 0
vt 0 0
vt 0 0
vt 0 0
vt 0 0
vt 0 0
vt 0 0
vt 0 0
vt 0 0
vt 0 0
vt 0 0
vt 0 0
vt 0 0
vt 0 0
vt 0 0
vt 0 0
vt 0 0
vt 0 0
vt 0 0
vt 0 0
vt 0 0
vt 0 0
vt 0 0
vt 0 0
vt 0 0
vt 0 0
vt 0 0
vt 0 0
vt 0 0
vt 0 0
vt 0 0
vt 0 0
vt 0 0
vt 0 0
vt 0 0
vt 0 0
vt 0 0
vt 0 0
vt 0 0
vt 0 0
vt 0 0
vt 0 0
vt 0 0
vt 0 0
vt 0 0
vt 0 0
vt 0 0
vt 0 0
vt 0 0
vt 0 0
vt 0 0
vt 0 0
vt 0 0
vt 0 0
vt 0 0
vt 0 0
vt 0 0
vt 0 0
vt 0 0
vt 0 0
vt 0 0
vt 0 0
vt 0 0
vt 0 0
vt 0 0
vt 0 0
vt 0 0
vt 0 0
vt 0 0
vt 0 0
vt 0 0
vt 0 0
vt 0 0
vt 0 0
vt 0 0
vt 0 0
vt 0 0
vt 0 0
vt 0 0
vt 0 0
vt 0 0
vt 0 0
vt 0 0
vt 0 0
vt 0 0
vt 0 0
vt 0 0
vt 0 0
vt 0 0
vt 0 0
vt 0 0
vt 0 0
vt 0 0
vt 0 0
vt 0 0
vt 0 0
vt 0 0
vt 0 0
vt 0 0
vt 0 0
vt 0 0
vt 0 0
vt 0 0
vt 0 0
vt 0 0
vt 0 0
vt 0 0
vt 0 0
vt 0 0
vt 0 0
vt 0 0
vt 0 0
vt 0 0
vt 0 0
vt 0 0
vt 0 0
vt 0 0
vt 0 0
vt 0 0
vt 0 0
vt 0 0
vt 0 0
vt 0 0
vt 0 0
vt 0 0
vt 0 0
vt 0 0
vt 0 0
vt 0 0
vt 0 0
vt 0 0
vt 0 0
vt 0 0
vt 0 0
vt 0 0
vt 0 0
vt 0 0
vt 0 0
vt 0 0
vt 0 0
vt 0 0
vt 0 0
vt 0 0
vt 0 0
vt 0 0
vt 0 0
vt 0 0
vt 0 0
vt 0 0
vt 0 0
vt 0 0
vt 0 0
vt 0 0
vt 0 0
vt 0 0
vt 0 0
vt 0 0
vt 0 0
vt 0 0
vt 0 0
vt 0 0
vt 0 0
vt 0 0
vt 0 0
vt 0 0
vt 0 0
vt 0 0
vt 0 0
vt 0 0
vt 0 0
vt 0 0
vt 0 0
vt 0 0
vt 0 0
vt 0 0
vt 0 0
vt 0 0
vt 0 0
vt 0 0
vt 0 0
vt 0 0
vt 0 0
vt 0 0
vt 0 0
vt 0 0
vt 0 0
vt 0 0
vt 0 0
vt 0 0
vt 0 0
vt 0 0
vt 0 0
vt 0 0
vt 0 0
vt 0 0
vt 0 0
vt 0 0
vt 0 0
vt 0 0
vt 0 0
vt 0 0
vt 0 0
vt 0 0
vt 0 0
vt 0 0
vt 0 0
vt 0 0
vt 0 0
vt 0 0
vt 0 0
vt 0 0
vt 0 0
vt 0 0
vt 0 0
vt 0 0
vt 0 0
vt 0 0
vt 0 0
vt 0 0
vt 0 0
vt 0 0
vt 0 0
vt 0 0
vt 0 0
vt 0 0
vt 0 0
vt 0 0
vt 0 0
vt 0 0
vt 0 0
vt 0 0
vt 0 0
vt 0 0
vt 0 0
vt 0 0
vt 0 0
vt 0 0
vt 0 0
vt 0 0
vt 0 0
vt 0 0
vt 0 0
vt 0 0
vt 0 0
vt 0 0
vt 0 0
vt 0 0
vt 0 0
vt 0 0
vt 0 0
vt 0 0
vt 0 0
vt 0 0
vt 0 0
vt 0 0
vt 0 0
vt 0 0
vt 0 0
vt 0 0
vt 0 0
vt 0 0
vt 0 0
vt 0 0
vt 0 0
vt 0 0
vt 0 0
vt 0 0
vt 0 0
vt 0 0
vt 0 0
vt 0 0
vt 0 0
vt 0 0
vt 0 0
vt 0 0
vt 0 0
vt 0 0
vt 0 0
vt 0 0
vt 0 0
vt 0 0
vt 0 0
vt 0 0
vt 0 0
vt 0 0
vt 0 0
vt 0 0
vt 0 0
vt 0 0
vt 0 0
vt 0 0
vt 0 0
vt 0 0
vt 0 0
vt 0 0
vt 0 0
vt 0 0
vt 0 0
vt 0 0
vt 0 0
vt 0 0
vt 0 0
vt 0 0
vt 0 0
vt 0 0
vt 0 0
vt 0 0
vt 0 0
vt 0 0
vt 0 0
vt 0 0
vt 0 0
vt 0 0
vt 0 0
vt 0 0
vt 0 0
vt 0 0
vt 0 0
vt 0 0
vt 0 0
vt 0 0
vt 0 0
vt 0 0
vt 0 0
vt 0 0
vt 0 0
vt 0 0
vt 0 0
vt 0 0
vt 0 0
vt 0 0
vt 0 0
vt 0 0
vt 0 0
vt 0 0
vt 0 0
vt 0 0
vt 0 0
vt 0 0
vt 0 0
vt 0 0
vt 0 0
vt 0 0
vt 0 0
vt 0 0
vt 0 0
vt 0 0
vt 0 0
vt 0 0
vt 0 0
vt 0 0
vt 0 0
vt 0 0
vt 0 0
vt 0 0
vt 0 0
vt 0 0
vt 0 0
vt 0 0
vt 0 0
vt 0 0
vt 0 0
vt 0 0
vt 0 0
vt 0 0
vt 0 0
vt 0 0
vt 0 0
vt 0 0
vt 0 0
vt 0 0
vt 0 0
vt 0 0
vt 0 0
vt 0 0
vt 0 0
vt 0 0
vt 0 0
vt 0 0
vt 0 0
vt 0 0
vt 0 0
vt 0 0
vt 0 0
vt 0 0
vt 0 0
vt 0 0
vt 0 0
vt 0 0
vt 0 0
vt 0 0
vt 0 0
vt 0 0
vt 0 0
vt 0 0
vt 0 0
vt 0 0
vt 0 0
vt 0 0
vt 0 0
vt 0 0
vt 0 0
vt 0 0
vt 0 0
vt 0 0
vt 0 0
vt 0 0
vt 0 0
vt 0 0
vt 0 0
vt 0 0
vt 0 0
vt 0 0
vt 0 0
vt 0 0
vt 0 0
vt 0 0
vt 0 0
vt 0 0
vt 0 0
vt 0 0
vt 0 0
vt 0 0
vt 0 0
vt 0 0
vt 0 0
vt 0 0
vt 0 0
vt 0 0
vt 0 0
vt 0 0
vt 0 0
vt 0 0
vt 0 0
vt 0 0
vt 0 0
vt 0 0
vt 0 0
vt 0 0
vt 0 0
vt 0 0
vt 0 0
vt 0 0
vt 0 0
vt 0 0
vt 0 0
vt 0 0
vt 0 0
vt 0 0
vt 0 0
vt 0 0
vt 0 0
vt 0 0
vt 0 0
vt 0 0
vt 0 0
vt 0 0
vt 0 0
vt 0 0
vt 0 0
vt 0 0
vt 0 0
vt 0 0
vt 0 0
vt 0 0
vt 0 0
vt 0 0
vt 0 0
vt 0 0
vt 0 0
vt 0 0
vt 0 0
vt 0 0
vt 0 0
vt 0 0
vt 0 0
vt 0 0
vt 0 0
vt 0 0
vt 0 0
vt 0 0
vt 0 0
vt 0 0
vt 0 0
vt 0 0
vt 0 0
vt 0 0
vt 0 0
vt 0 0
vt 0 0
vt 0 0
vt 0 0
vt 0 0
vt 0 0
vt 0 0
vt 0 0
vt 0 0
vt 0 0
vt 0 0
vt 0 0
vt 0 0
vt 0 0
vt 0 0
vt 0 0
vt 0 0
vt 0 0
vt 0 0
vt 0 0
vt 0 0
vt 0 0
vt 0 0
vt 0 0
vt 0 0
vt 0 0
vt 0 0
vt 0 0
vt 0 0
vt 0 0
vt 0 0
vt 0 0
vt 0 0
vt 0 0
vt 0 0
vt 0 0
vt 0 0
vt 0 0
vt 0 0
vt 0 0
vt 0 0
vt 0 0
vt 0 0
vt 0 0
vt 0 0
vt 0 0
vt 0 0
vt 0 0
vt 0 0
vt 0 0
vt 0 0
vt 0 0
vt 0 0
vt 0 0
vt 0 0
vt 0 0
vt 0 0
vt 0 0
vt 0 0
vt 0 0
vt 0 0
vt 0 0
vt 0 0
vt 0 0
vt 0 0
vt 0 0
vt 0 0
vt 0 0
vt 0 0
vt 0 0
vt 0 0
vt 0 0
vt 0 0
vt 0 0
vt 0 0
vt 0 0
vt 0 0
vt 0 0
vt 0 0
vt 0 0
vt 0 0
vt 0 0
vt 0 0
vt 0 0
vt 0 0
vt 0 0
vt 0 0
vt 0 0
vt 0 0
vt 0 0
vt 0 0
vt 0 0
vt 0 0
vt 0 0
vt 0 0
vt 0 0
vt 0 0
vt 0 0
vt 0 0
vt 0 0
vt 0 0
vt 0 0
vt 0 0
vt 0 0
vt 0 0
vt 0 0
vt 0 0
vt 0 0
vt 0 0
vt 0 0
vt 0 0
vt 0 0
vt 0 0
vt 0 0
vt 0 0
vt 0 0
vt 0 0
vt 0 0
vt 0 0
vt 0 0
vt 0 0
vt 0 0
vt 0 0
vt 0 0
vt 0 0
vt 0 0
vt 0 0
vt 0 0
vt 0 0
vt 0 0
vt 0 0
vt 0 0
vt 0 0
vt 0 0
vt 0 0
vt 0 0
vt 0 0
vt 0 0
vt 0 0
vt 0 0
vt 0 0
vt 0 0
vt 0 0
vt 0 0
vt 0 0
vt 0 0
vt 0 0
vt 0 0
vt 0 0
vt 0 0
vt 0 0
vt 0 0
vt 0 0
vt 0 0
vt 0 0
vt 0 0
vt 0 0
vt 0 0
vt 0 0
vt 0 0
vt 0 0
vt 0 0
vt 0 0
vt 0 0
vt 0 0
vt 0 0
vt 0 0
vt 0 0
vt 0 0
vt 0 0
vt 0 0
vt 0 0
vt 0 0
vt 0 0
vt 0 0
vt 0 0
vt 0 0
vt 0 0
vt 0 0
vt 0 0
vt 0 0
vt 0 0
vt 0 0
vt 0 0
vt 0 0
vt 0 0
vt 0 0
vt 0 0
vt 0 0
vt 0 0
vt 0 0
vt 0 0
vt 0 0
vt 0 0
vt 0 0
vt 0 0
vt 0 0
vt 0 0
vt 0 0
vt 0 0
vt 0 0
vt 0 0
vt 0 0
vt 0 0
vt 0 0
vt 0 0
vt 0 0
vt 0 0
vt 0 0
vt 0 0
vt 0 0
vt 0 0
vt 0 0
vt 0 0
vt 0 0
vt 0 0
vt 0 0
vt 0 0
vt 0 0
vt 0 0
vt 0 0
vt 0 0
vt 0 0
vt 0 0
vt 0 0
vt 0 0
vt 0 0
vt 0 0
vt 0 0
vt 0 0
vt 0 0
vt 0 0
vt 0 0
vt 0 0
vt 0 0
vt 0 0
vt 0 0
vt 0 0
vt 0 0
vt 0 0
vt 0 0
vt 0 0
vt 0 0
vt 0 0
vt 0 0
vt 0 0
vt 0 0
vt 0 0
vt 0 0
vt 0 0
vt 0 0
vt 0 0
vt 0 0
vt 0 0
vt 0 0
vt 0 0
vt 0 0
vt 0 0
vt 0 0
vt 0 0
vt 0 0
vt 0 0
vt 0 0
vt 0 0
vt 0 0
vt 0 0
vt 0 0
vt 0 0
vt 0 0
vt 0 0
vt 0 0
vt 0 0
vt 0 0
vt 0 0
vt 0 0
vt 0 0
vt 0 0
vt 0 0
vt 0 0
vt 0 0
vt 0 0
vt 0 0
vt 0 0
vt 0 0
vt 0 0
vt 0 0
vt 0 0
vt 0 0
vt 0 0
vt 0 0
vt 0 0
vt 0 0
vt 0 0
vt 0 0
vt 0 0
vt 0 0
vt 0 0
vt 0 0
vt 0 0
vt 0 0
vt 0 0
vt 0 0
vt 0 0
vt 0 0
vt 0 0
vt 0 0
vt 0 0
vt 0 0
vt 0 0
vt 0 0
vt 0 0
vt 0 0
vt 0 0
vt 0 0
vt 0 0
vt 0 0
vt 0 0
vt 0 0
vt 0 0
vt 0 0
vt 0 0
vt 0 0
vt 0 0
vt 0 0
vt 0 0
vt 0 0
vt 0 0
vt 0 0
vt 0 0
vt 0 0
vt 0 0
vt 0 0
vt 0 0
vt 0 0
vt 0 0
vt 0 0
vt 0 0
vt 0 0
vt 0 0
vt 0 0
vt 0 0
vt 0 0
vt 0 0
vt 0 0
vt 0 0
vt 0 0
vt 0 0
vt 0 0
vt 0 0
vt 0 0
vt 0 0
vt 0 0
vt 0 0
vt 0 0
vt 0 0
vt 0 0
vt 0 0
vt 0 0
vt 0 0
vt 0 0
vt 0 0
vt 0 0
vt 0 0
vt 0 0
vt 0 0
vt 0 0
vt 0 0
vt 0 0
vt 0 0
vt 0 0
vt 0 0
vt 0 0
vt 0 0
vt 0 0
vt 0 0
vt 0 0
vt 0 0
vt 0 0
vt 0 0
vt 0 0
vt 0 0
vt 0 0
vt 0 0
vt 0 0
vt 0 0
vt 0 0
vt 0 0
vt 0 0
vt 0 0
vt 0 0
vt 0 0
vt 0 0
vt 0 0
vt 0 0
vt 0 0
vt 0 0
vt 0 0
vt 0 0
vt 0 0
vt 0 0
vt 0 0
vt 0 0
vt 0 0
vt 0 0
vt 0 0
vt 0 0
vt 0 0
vt 0 0
vt 0 0
vt 0 0
vt 0 0
vt 0 0
vt 0 0
vt 0 0
vt 0 0
vt 0 0
vt 0 0
vt 0 0
vt 0 0
vt 0 0
vt 0 0
vt 0 0
vt 0 0
vt 0 0
vt 0 0
vt 0 0
vt 0 0
vt 0 0
vt 0 0
vt 0 0
vt 0 0
vt 0 0
vt 0 0
vt 0 0
vt 0 0
vt 0 0
vt 0 0
vt 0 0
vt 0 0
vt 0 0
vt 0 0
vt 0 0
vt 0 0
vt 0 0
vt 0 0
vt 0 0
vt 0 0
vt 0 0
vt 0 0
vt 0 0
vt 0 0
vt 0 0
vt 0 0
vt 0 0
vt 0 0
vt 0 0
vt 0 0
vt 0 0
vt 0 0
vt 0 0
vt 0 0
vt 0 0
vt 0 0
vt 0 0
vt 0 0
vt 0 0
vt 0 0
vt 0 0
vt 0 0
vt 0 0
vt 0 0
vt 0 0
vt 0 0
vt 0 0
vt 0 0
vt 0 0
vt 0 0
vt 0 0
vt 0 0
vt 0 0
vt 0 0
vt 0 0
vt 0 0
vt 0 0
vt 0 0
vt 0 0
vt 0 0
vt 0 0
vt 0 0
vt 0 0
vt 0 0
vt 0 0
vt 0 0
vt 0 0
vt 0 0
vt 0 0
vt 0 0
vt 0 0
vt 0 0
vt 0 0
vt 0 0
vt 0 0
vt 0 0
vt 0 0
vt 0 0
vt 0 0
vt 0 0
vt 0 0
vt 0 0
vt 0 0
vt 0 0
vt 0 0
vt 0 0
vt 0 0
vt 0 0
vt 0 0
vt 0 0
vt 0 0
vt 0 0
vt 0 0
vt 0 0
vt 0 0
vt 0 0
vt 0 0
vt 0 0
vt 0 0
vt 0 0
vt 0 0
vt 0 0
vt 0 0
vt 0 0
vt 0 0
vt 0 0
vt 0 0
vt 0 0
vt 0 0
vt 0 0
vt 0 0
vt 0 0
vt 0 0
vt 0 0
vt 0 0
vt 0 0
vt 0 0
vt 0 0
vt 0 0
vt 0 0
vt 0 0
vt 0 0
vt 0 0
vt 0 0
vt 0 0
vt 0 0
vt 0 0
vt 0 0
vt 0 0
vt 0 0
vt 0 0
vt 0 0
vt 0 0
vt 0 0
vt 0 0
vt 0 0
vt 0 0
vt 0 0
vt 0 0
vt 0 0
vt 0 0
vt 0 0
vt 0 0
vt 0 0
vt 0 0
vt 0 0
vt 0 0
vt 0 0
vt 0 0
vt 0 0
vt 0 0
vt 0 0
vt 0 0
vt 0 0
vt 0 0
vt 0 0
vt 0 0
vt 0 0
vt 0 0
vt 0 0
vt 0 0
vt 0 0
vt 0 0
vt 0 0
vt 0 0
vt 0 0
vt 0 0
vt 0 0
vt 0 0
vt 0 0
vt 0 0
vt 0 0
vt 0 0
vt 0 0
vt 0 0
vt 0 0
vt 0 0
vt 0 0
vt 0 0
vt 0 0
vt 0 0
vt 0 0
vt 0 0
vt 0 0
vt 0 0
vt 0 0
vt 0 0
vt 0 0
vt 0 0
vt 0 0
vt 0 0
vt 0 0
vt 0 0
vt 0 0
vt 0 0
vt 0 0
vt 0 0
vt 0 0
vt 0 0
vt 0 0
vt 0 0
vt 0 0
vt 0 0
vt 0 0
vt 0 0
vt 0 0
vt 0 0
vt 0 0
vt 0 0
vt 0 0
vt 0 0
vt 0 0
vt 0 0
vt 0 0
vt 0 0
vt 0 0
vt 0 0
vt 0 0
vt 0 0
vt 0 0
vt 0 0
vt 0 0
vt 0 0
vt 0 0
vt 0 0
vt 0 0
vt 0 0
vt 0 0
vt 0 0
vt 0 0
vt 0 0
vt 0 0
vt 0 0
vt 0 0
vt 0 0
vt 0 0
vt 0 0
vt 0 0
vt 0 0
vt 0 0
vt 0 0
vt 0 0
vt 0 0
vt 0 0
vt 0 0
vt 0 0
vt 0 0
vt 0 0
vt 0 0
vt 0 0
vt 0 0
vt 0 0
vt 0 0
vt 0 0
vt 0 0
vt 0 0
vt 0 0
vt 0 0
vt 0 0
vt 0 0
vt 0 0
vt 0 0
vt 0 0
vt 0 0
vt 0 0
vt 0 0
vt 0 0
vt 0 0
vt 0 0
vt 0 0
vt 0 0
vt 0 0
vt 0 0
vt 0 0
vt 0 0
vt 0 0
vt 0 0
vt 0 0
vt 0 0
vt 0 0
vt 0 0
vt 0 0
vt 0 0
vt 0 0
vt 0 0
vt 0 0
vt 0 0
vt 0 0
vt 0 0
vt 0 0
vt 0 0
vt 0 0
vt 0 0
vt 0 0
vt 0 0
vt 0 0
vt 0 0
vt 0 0
vt 0 0
vt 0 0
vt 0 0
vt 0 0
vt 0 0
vt 0 0
vt 0 0
vt 0 0
vt 0 0
vt 0 0
vt 0 0
vt 0 0
vt 0 0
vt 0 0
vt 0 0
vt 0 0
vt 0 0
vt 0 0
vt 0 0
vt 0 0
vt 0 0
vt 0 0
vt 0 0
vt 0 0
vt 0 0
vt 0 0
vt 0 0
vt 0 0
vt 0 0
vt 0 0
vt 0 0
vt 0 0
vt 0 0
vt 0 0
vt 0 0
vt 0 0
vt 0 0
vt 0 0
vt 0 0
vt 0 0
vt 0 0
vt 0 0
vt 0 0
vt 0 0
vt 0 0
vt 0 0
vt 0 0
vt 0 0
vt 0 0
vt 0 0
vt 0 0
vt 0 0
vt 0 0
vt 0 0
vt 0 0
vt 0 0
vt 0 0
vt 0 0
vt 0 0
vt 0 0
vt 0 0
vt 0 0
vt 0 0
vt 0 0
vt 0 0
vt 0 0
vt 0 0
vt 0 0
vt 0 0
vt 0 0
vt 0 0
vt 0 0
vt 0 0
vt 0 0
vt 0 0
vt 0 0
vt 0 0
vt 0 0
vt 0 0
vt 0 0
vt 0 0
vt 0 0
vt 0 0
vt 0 0
vt 0 0
vt 0 0
vt 0 0
vt 0 0
vt 0 0
vt 0 0
vt 0 0
vt 0 0
vt 0 0
vt 0 0
vt 0 0
vt 0 0
vt 0 0
vt 0 0
vt 0 0
vt 0 0
vt 0 0
vt 0 0
vt 0 0
vt 0 0
vt 0 0
vt 0 0
vt 0 0
vt 0 0
vt 0 0
vt 0 0
vt 0 0
vt 0 0
vt 0 0
vt 0 0
vt 0 0
vt 0 0
vt 0 0
vt 0 0
vt 0 0
vt 0 0
vt 0 0
vt 0 0
vt 0 0
vt 0 0
vt 0 0
vt 0 0
vt 0 0
vt 0 0
vt 0 0
vt 0 0
vt 0 0
vt 0 0
vt 0 0
vt 0 0
vt 0 0
vt 0 0
vt 0 0
vt 0 0
vt 0 0
vt 0 0
vt 0 0
vt 0 0
vt 0 0
vt 0 0
vt 0 0
vt 0 0
vt 0 0
vt 0 0
vt 0 0
vt 0 0
vt 0 0
vt 0 0
vt 0 0
vt 0 0
vt 0 0
vt 0 0
vt 0 0
vt 0 0
vt 0 0
vt 0 0
vt 0 0
vt 0 0
vt 0 0
vt 0 0
vt 0 0
vt 0 0
vt 0 0
vt 0 0
vt 0 0
vt 0 0
vt 0 0
vt 0 0
vt 0 0
vt 0 0
vt 0 0
vt 0 0
vt 0 0
vt 0 0
vt 0 0
vt 0 0
vt 0 0
vt 0 0
vt 0 0
vt 0 0
vt 0 0
vt 0 0
vt 0 0
vt 0 0
vt 0 0
vt 0 0
vt 0 0
vt 0 0
vt 0 0
vt 0 0
vt 0 0
vt 0 0
vt 0 0
vt 0 0
vt 0 0
vt 0 0
vt 0 0
vt 0 0
vt 0 0
vt 0 0
vt 0 0
vt 0 0
vt 0 0
vt 0 0
vt 0 0
vt 0 0
vt 0 0
vt 0 0
vt 0 0
vt 0 0
vt 0 0
vt 0 0
vt 0 0
vt 0 0
vt 0 0
vt 0 0
vt 0 0
vt 0 0
vt 0 0
vt 0 0
vt 0 0
vt 0 0
vt 0 0
vt 0 0
vt 0 0
vt 0 0
vt 0 0
vt 0 0
vt 0 0
vt 0 0
vt 0 0
vt 0 0
vt 0 0
vt 0 0
vt 0 0
vt 0 0
vt 0 0
vt 0 0
vt 0 0
vt 0 0
vt 0 0
vt 0 0
vt 0 0
vt 0 0
vt 0 0
vt 0 0
vt 0 0
vt 0 0
vt 0 0
vt 0 0
vt 0 0
vt 0 0
vt 0 0
vt 0 0
vt 0 0
vt 0 0
vt 0 0
vt 0 0
vt 0 0
vt 0 0
vt 0 0
vt 0 0
vt 0 0
vt 0 0
vt 0 0
vt 0 0
vt 0 0
vt 0 0
vt 0 0
vt 0 0
vt 0 0
vt 0 0
vt 0 0
vt 0 0
vt 0 0
vt 0 0
vt 0 0
vt 0 0
vt 0 0
vt 0 0
vt 0 0
vt 0 0
vt 0 0
vt 0 0
vt 0 0
vt 0 0
vt 0 0
vt 0 0
vt 0 0
vt 0 0
vt 0 0
vt 0 0
vt 0 0
vt 0 0
vt 0 0
vt 0 0
vt 0 0
vt 0 0
vt 0 0
vt 0 0
vt 0 0
vt 0 0
vt 0 0
vt 0 0
vt 0 0
vt 0 0
vt 0 0
vt 0 0
vt 0 0
vt 0 0
vt 0 0
vt 0 0
vt 0 0
vt 0 0
vt 0 0
vt 0 0
vt 0 0
vt 0 0
vt 0 0
vt 0 0
vt 0 0
vt 0 0
vt 0 0
vt 0 0
vt 0 0
vt 0 0
vt 0 0
vt 0 0
vt 0 0
vt 0 0
vt 0 0
vt 0 0
vt 0 0
vt 0 0
vt 0 0
vt 0 0
vt 0 0
vt 0 0
vt 0 0
vt 0 0
vt 0 0
vt 0 0
vt 0 0
vt 0 0
vt 0 0
vt 0 0
vt 0 0
vt 0 0
vt 0 0
vt 0 0
vt 0 0
vt 0 0
vt 0 0
vt 0 0
vt 0 0
vt 0 0
vt 0 0
vt 0 0
vt 0 0
vt 0 0
vt 0 0
vt 0 0
vt 0 0
vt 0 0
vt 0 0
vt 0 0
vt 0 0
vt 0 0
vt 0 0
vt 0 0
vt 0 0
vt 0 0
vt 0 0
vt 0 0
vt 0 0
vt 0 0
vt 0 0
vt 0 0
vt 0 0
vt 0 0
vt 0 0
vt 0 0
vt 0 0
vt 0 0
vt 0 0
vt 0 0
vt 0 0
vt 0 0
vt 0 0
vt 0 0
vt 0 0
vt 0 0
vt 0 0
vt 0 0
vt 0 0
vt 0 0
vt 0 0
vt 0 0
vt 0 0
vt 0 0
vt 0 0
vt 0 0
vt 0 0
vt 0 0
vt 0 0
vt 0 0
vt 0 0
vt 0 0
vt 0 0
vt 0 0
vt 0 0
vt 0 0
vt 0 0
vt 0 0
vt 0 0
vt 0 0
vt 0 0
vt 0 0
vt 0 0
vt 0 0
vt 0 0
vt 0 0
vt 0 0
vt 0 0
vt 0 0
vt 0 0
vt 0 0
vt 0 0
vt 0 0
vt 0 0
vt 0 0
vt 0 0
vt 0 0
vt 0 0
vt 0 0
vt 0 0
vt 0 0
vt 0 0
vt 0 0
vt 0 0
vt 0 0
vt 0 0
vt 0 0
vt 0 0
vt 0 0
vt 0 0
vt 0 0
vt 0 0
vt 0 0
vt 0 0
vt 0 0
vt 0 0
vt 0 0
vt 0 0
vt 0 0
vt 0 0
vt 0 0
vt 0 0
vt 0 0
vt 0 0
vt 0 0
vt 0 0
vt 0 0
vt 0 0
vt 0 0
vt 0 0
vt 0 0
vt 0 0
vt 0 0
vt 0 0
vt 0 0
vt 0 0
vt 0 0
vt 0 0
vt 0 0
vt 0 0
vt 0 0
vt 0 0
vt 0 0
vt 0 0
vt 0 0
vt 0 0
vt 0 0
vt 0 0
vt 0 0
vt 0 0
vt 0 0
vt 0 0
vt 0 0
vt 0 0
vt 0 0
vt 0 0
vt 0 0
vt 0 0
vt 0 0
vt 0 0
vt 0 0
vt 0 0
vt 0 0
vt 0 0
vt 0 0
vt 0 0
vt 0 0
vt 0 0
vt 0 0
vt 0 0
vt 0 0
vt 0 0
vt 0 0
vt 0 0
vt 0 0
vt 0 0
vt 0 0
vt 0 0
vt 0 0
vt 0 0
vt 0 0
vt 0 0
vt 0 0
vt 0 0
vt 0 0
vt 0 0
vt 0 0
vt 0 0
vt 0 0
vt 0 0
vt 0 0
vt 0 0
vt 0 0
vt 0 0
vt 0 0
vt 0 0
vt 0 0
vt 0 0
vt 0 0
vt 0 0
vt 0 0
vt 0 0
vt 0 0
vt 0 0
vt 0 0
vt 0 0
vt 0 0
vt 0 0
vt 0 0
vt 0 0
vt 0 0
vt 0 0
vt 0 0
vt 0 0
vt 0 0
vt 0 0
vt 0 0
vt 0 0
vt 0 0
vt 0 0
vt 0 0
vt 0 0
vt 0 0
vt 0 0
vt 0 0
vt 0 0
vt 0 0
vt 0 0
vt 0 0
vt 0 0
vt 0 0
vt 0 0
vt 0 0
vt 0 0
vt 0 0
vt 0 0
vt 0 0
vt 0 0
vt 0 0
vt 0 0
vt 0 0
vt 0 0
vt 0 0
vt 0 0
vt 0 0
vt 0 0
vt 0 0
vt 0 0
vt 0 0
vt 0 0
vt 0 0
vt 0 0
vt 0 0
vt 0 0
vt 0 0
vt 0 0
vt 0 0
vt 0 0
vt 0 0
vt 0 0
vt 0 0
vt 0 0
vt 0 0
vt 0 0
vt 0 0
vt 0 0
vt 0 0
vt 0 0
vt 0 0
vt 0 0
vt 0 0
vt 0 0
vt 0 0
vt 0 0
vt 0 0
vt 0 0
vt 0 0
vt 0 0
vt 0 0
vt 0 0
vt 0 0
vt 0 0
vt 0 0
vt 0 0
vt 0 0
vt 0 0
vt 0 0
vt 0 0
vt 0 0
vt 0 0
vt 0 0
vt 0 0
vt 0 0
vt 0 0
vt 0 0
vt 0 0
vt 0 0
vt 0 0
vt 0 0
vt 0 0
vt 0 0
vt 0 0
vt 0 0
vt 0 0
vt 0 0
vt 0 0
vt 0 0
vt 0 0
vt 0 0
vt 0 0
vt 0 0
vt 0 0
vt 0 0
vt 0 0
vt 0 0
vt 0 0
vt 0 0
vt 0 0
vt 0 0
vt 0 0
vt 0 0
vt 0 0
vt 0 0
vt 0 0
vt 0 0
vt 0 0
vt 0 0
vt 0 0
vt 0 0
vt 0 0
vt 0 0
vt 0 0
vt 0 0
vt 0 0
vt 0 0
vt 0 0
vt 0 0
vt 0 0
vt 0 0
vt 0 0
vt 0 0
vt 0 0
vt 0 0
vt 0 0
vt 0 0
vt 0 0
vt 0 0
vt 0 0
vt 0 0
vt 0 0
vt 0 0
vt 0 0
vt 0 0
vt 0 0
vt 0 0
vt 0 0
vt 0 0
vt 0 0
vt 0 0
vt 0 0
vt 0 0
vt 0 0
vt 0 0
vt 0 0
vt 0 0
vt 0 0
vt 0 0
vt 0 0
vt 0 0
vt 0 0
vt 0 0
vt 0 0
vt 0 0
vt 0 0
vt 0 0
vt 0 0
vt 0 0
vt 0 0
vt 0 0
vt 0 0
vt 0 0
vt 0 0
vt 0 0
vt 0 0
vt 0 0
vt 0 0
vt 0 0
vt 0 0
vt 0 0
vt 0 0
vt 0 0
vt 0 0
vt 0 0
vt 0 0
vt 0 0
vt 0 0
vt 0 0
vt 0 0
vt 0 0
vt 0 0
vt 0 0
vt 0 0
vt 0 0
vt 0 0
vt 0 0
vt 0 0
vt 0 0
vt 0 0
vt 0 0
vt 0 0
vt 0 0
vt 0 0
vt 0 0
vt 0 0
vt 0 0
vt 0 0
vt 0 0
vt 0 0
vt 0 0
vt 0 0
vt 0 0
vt 0 0
vt 0 0
vt 0 0
vt 0 0
vt 0 0
vt 0 0
vt 0 0
vt 0 0
vt 0 0
vt 0 0
vt 0 0
vt 0 0
vt 0 0
vt 0 0
vt 0 0
vt 0 0
vt 0 0
vt 0 0
vt 0 0
vt 0 0
vt 0 0
vt 0 0
vt 0 0
vt 0 0
vt 0 0
vt 0 0
vt 0 0
vt 0 0
vt 0 0
vt 0 0
vt 0 0
vt 0 0
vt 0 0
vt 0 0
vt 0 0
vt 0 0
vt 0 0
vt 0 0
vt 0 0
vt 0 0
vt 0 0
vt 0 0
vt 0 0
vt 0 0
vt 0 0
vt 0 0
vt 0 0
vt 0 0
vt 0 0
vt 0 0
vt 0 0
vt 0 0
vt 0 0
vt 0 0
vt 0 0
vt 0 0
vt 0 0
vt 0 0
vt 0 0
vt 0 0
vt 0 0
vt 0 0
vt 0 0
vt 0 0
vt 0 0
vt 0 0
vt 0 0
vt 0 0
vt 0 0
vt 0 0
vt 0 0
vt 0 0
vt 0 0
vt 0 0
vt 0 0
vt 0 0
vt 0 0
vt 0 0
vt 0 0
vt 0 0
vt 0 0
vt 0 0
vt 0 0
vt 0 0
vt 0 0
vt 0 0
vt 0 0
vt 0 0
vt 0 0
vt 0 0
vt 0 0
vt 0 0
vt 0 0
vt 0 0
vt 0 0
vt 0 0
vt 0 0
vt 0 0
vt 0 0
vt 0 0
vt 0 0
vt 0 0
vt 0 0
vt 0 0
vt 0 0
vt 0 0
vt 0 0
vt 0 0
vt 0 0
vt 0 0
vt 0 0
vt 0 0
vt 0 0
vt 0 0
vt 0 0
vt 0 0
vt 0 0
vt 0 0
vt 0 0
vt 0 0
vt 0 0
vt 0 0
vt 0 0
vt 0 0
vt 0 0
vt 0 0
vt 0 0
vt 0 0
vt 0 0
vt 0 0
vt 0 0
vt 0 0
vt 0 0
vt 0 0
vt 0 0
vt 0 0
vt 0 0
vt 0 0
vt 0 0
vt 0 0
vt 0 0
vt 0 0
vt 0 0
vt 0 0
vt 0 0
vt 0 0
vt 0 0
vt 0 0
vt 0 0
vt 0 0
vt 0 0
vt 0 0
vt 0 0
vt 0 0
vt 0 0
vt 0 0
vt 0 0
vt 0 0
vt 0 0
vt 0 0
vt 0 0
vt 0 0
vt 0 0
vt 0 0
vt 0 0
vt 0 0
vt 0 0
vt 0 0
vt 0 0
vt 0 0
vt 0 0
vt 0 0
vt 0 0
vt 0 0
vt 0 0
vt 0 0
vt 0 0
vt 0 0
vt 0 0
vt 0 0
vt 0 0
vt 0 0
vt 0 0
vt 0 0
vt 0 0
vt 0 0
vt 0 0
vt 0 0
vt 0 0
vt 0 0
vt 0 0
vt 0 0
vt 0 0
vt 0 0
vt 0 0
vt 0 0
vt 0 0
vt 0 0
vt 0 0
vt 0 0
vt 0 0
vt 0 0
vt 0 0
vt 0 0
vt 0 0
vt 0 0
vt 0 0
vt 0 0
vt 0 0
vt 0 0
vt 0 0
vt 0 0
vt 0 0
vt 0 0
vt 0 0
vt 0 0
vt 0 0
vt 0 0
vt 0 0
vt 0 0
vt 0 0
vt 0 0
vt 0 0
vt 0 0
vt 0 0
vt 0 0
vt 0 0
vt 0 0
vt 0 0
vt 0 0
vt 0 0
vt 0 0
vt 0 0
vt 0 0
vt 0 0
vt 0 0
vt 0 0
vt 0 0
vt 0 0
vt 0 0
vt 0 0
vt 0 0
vt 0 0
vt 0 0
vt 0 0
vt 0 0
vt 0 0
vt 0 0
vt 0 0
vt 0 0
vt 0 0
vt 0 0
vt 0 0
vt 0 0
vt 0 0
vt 0 0
vt 0 0
vt 0 0
vt 0 0
vt 0 0
vt 0 0
vt 0 0
vt 0 0
vt 0 0
vt 0 0
vt 0 0
vt 0 0
vt 0 0
vt 0 0
vt 0 0
vt 0 0
vt 0 0
vt 0 0
vt 0 0
vt 0 0
vt 0 0
vt 0 0
vt 0 0
vt 0 0
vt 0 0
vt 0 0
vt 0 0
vt 0 0
vt 0 0
vt 0 0
vt 0 0
vt 0 0
vt 0 0
vt 0 0
vt 0 0
vt 0 0
vt 0 0
vt 0 0
vt 0 0
vt 0 0
vt 0 0
vt 0 0
vt 0 0
vt 0 0
vt 0 0
vt 0 0
vt 0 0
vt 0 0
vt 0 0
vt 0 0
vt 0 0
vt 0 0
vt 0 0
vt 0 0
vt 0 0
vt 0 0
vt 0 0
vt 0 0
vt 0 0
vt 0 0
vt 0 0
vt 0 0
vt 0 0
vt 0 0
vt 0 0
vt 0 0
vt 0 0
vt 0 0
vt 0 0
vt 0 0
vt 0 0
vt 0 0
vt 0 0
vt 0 0
vt 0 0
vt 0 0
vt 0 0
vt 0 0
vt 0 0
vt 0 0
vt 0 0
vt 0 0
vt 0 0
vt 0 0
vt 0 0
vt 0 0
vt 0 0
vt 0 0
vt 0 0
vt 0 0
vt 0 0
vt 0 0
vt 0 0
vt 0 0
vt 0 0
vt 0 0
vt 0 0
vt 0 0
vt 0 0
vt 0 0
vt 0 0
vt 0 0
vt 0 0
vt 0 0
vt 0 0
vt 0 0
vt 0 0
vt 0 0
vt 0 0
vt 0 0
vt 0 0
vt 0 0
vt 0 0
vt 0 0
vt 0 0
vt 0 0
vt 0 0
vt 0 0
vt 0 0
vt 0 0
vt 0 0
vt 0 0
vt 0 0
vt 0 0
vt 0 0
vt 0 0
vt 0 0
vt 0 0
vt 0 0
vt 0 0
vt 0 0
vt 0 0
vt 0 0
vt 0 0
vt 0 0
vt 0 0
vt 0 0
vt 0 0
vt 0 0
vt 0 0
vt 0 0
vt 0 0
vt 0 0
vt 0 0
vt 0 0
vt 0 0
vt 0 0
vt 0 0
vt 0 0
vt 0 0
vt 0 0
vt 0 0
vt 0 0
vt 0 0
vt 0 0
vt 0 0
vt 0 0
vt 0 0
vt 0 0
vt 0 0
vt 0 0
vt 0 0
vt 0 0
vt 0 0
vt 0 0
vt 0 0
vt 0 0
vt 0 0
vt 0 0
vt 0 0
vt 0 0
vt 0 0
vt 0 0
vt 0 0
vt 0 0
vt 0 0
vt 0 0
vt 0 0
vt 0 0
vt 0 0
vt 0 0
vt 0 0
vt 0 0
vt 0 0
vt 0 0
vt 0 0
vt 0 0
vt 0 0
vt 0 0
vt 0 0
vt 0 0
vt 0 0
vt 0 0
vt 0 0
vt 0 0
vt 0 0
vt 0 0
vt 0 0
vt 0 0
vt 0 0
vt 0 0
vt 0 0
vt 0 0
vt 0 0
vt 0 0
vt 0 0
vt 0 0
vt 0 0
vt 0 0
vt 0 0
vt 0 0
vt 0 0
vt 0 0
vt 0 0
vt 0 0
vt 0 0
vt 0 0
vt 0 0
vt 0 0
vt 0 0
vt 0 0
vt 0 0
vt 0 0
vt 0 0
vt 0 0
vt 0 0
vt 0 0
vt 0 0
vt 0 0
vt 0 0
vt 0 0
vt 0 0
vt 0 0
vt 0 0
vt 0 0
vt 0 0
vt 0 0
vt 0 0
vt 0 0
vt 0 0
vt 0 0
vt 0 0
vt 0 0
vt 0 0
vt 0 0
vt 0 0
vt 0 0
vt 0 0
vt 0 0
vt 0 0
vt 0 0
vt 0 0
vt 0 0
vt 0 0
vt 0 0
vt 0 0
vt 0 0
vt 0 0
vt 0 0
vt 0 0
vt 0 0
vt 0 0
vt 0 0
vt 0 0
vt 0 0
vt 0 0
vt 0 0
vt 0 0
vt 0 0
vt 0 0
vt 0 0
vt 0 0
vt 0 0
vt 0 0
vt 0 0
vt 0 0
vt 0 0
vt 0 0
vt 0 0
vt 0 0
vt 0 0
vt 0 0
vt 0 0
vt 0 0
vt 0 0
vt 0 0
vt 0 0
vt 0 0
vt 0 0
vt 0 0
vt 0 0
vt 0 0
vt 0 0
vt 0 0
vt 0 0
vt 0 0
vt 0 0
vt 0 0
vt 0 0
vt 0 0
vt 0 0
vt 0 0
vt 0 0
vt 0 0
vt 0 0
vt 0 0
vt 0 0
vt 0 0
vt 0 0
vt 0 0
vt 0 0
vt 0 0
vt 0 0
vt 0 0
vt 0 0
vt 0 0
vt 0 0
vt 0 0
vt 0 0
vt 0 0
vt 0 0
vt 0 0
vt 0 0
vt 0 0
vt 0 0
vt 0 0
vt 0 0
vt 0 0
vt 0 0
vt 0 0
vt 0 0
vt 0 0
vt 0 0
vt 0 0
vt 0 0
vt 0 0
vt 0 0
vt 0 0
vt 0 0
vt 0 0
vt 0 0
vt 0 0
vt 0 0
vt 0 0
vt 0 0
vt 0 0
vt 0 0
vt 0 0
vt 0 0
vt 0 0
vt 0 0
vt 0 0
vt 0 0
vt 0 0
vt 0 0
vt 0 0
vt 0 0
vt 0 0
vt 0 0
vt 0 0
vt 0 0
vt 0 0
vt 0 0
vt 0 0
vt 0 0
vt 0 0
vt 0 0
vt 0 0
vt 0 0
vt 0 0
vt 0 0
vt 0 0
vt 0 0
vt 0 0
vt 0 0
vt 0 0
vt 0 0
vt 0 0
vt 0 0
vt 0 0
vt 0 0
vt 0 0
vt 0 0
vt 0 0
vt 0 0
vt 0 0
vt 0 0
vt 0 0
vt 0 0
vt 0 0
vt 0 0
vt 0 0
vt 0 0
vt 0 0
vt 0 0
vt 0 0
vt 0 0
vt 0 0
vt 0 0
vt 0 0
vt 0 0
vt 0 0
vt 0 0
vt 0 0
vt 0 0
vt 0 0
vt 0 0
vt 0 0
vt 0 0
vt 0 0
vt 0 0
vt 0 0
vt 0 0
vt 0 0
vt 0 0
vt 0 0
vt 0 0
vt 0 0
vt 0 0
vt 0 0
vt 0 0
vt 0 0
vt 0 0
vt 0 0
vt 0 0
vt 0 0
vt 0 0
vt 0 0
vt 0 0
vt 0 0
vt 0 0
vt 0 0
vt 0 0
vt 0 0
vt 0 0
vt 0 0
vt 0 0
vt 0 0
vt 0 0
vt 0 0
vt 0 0
vt 0 0
vt 0 0
vt 0 0
vt 0 0
vt 0 0
vt 0 0
vt 0 0
vt 0 0
vt 0 0
vt 0 0
vt 0 0
vt 0 0
vt 0 0
vt 0 0
vt 0 0
vt 0 0
vt 0 0
vt 0 0
vt 0 0
vt 0 0
vt 0 0
vt 0 0
vt 0 0
vt 0 0
vt 0 0
vt 0 0
vt 0 0
vt 0 0
vt 0 0
vt 0 0
vt 0 0
vt 0 0
vt 0 0
vt 0 0
vt 0 0
vt 0 0
vt 0 0
vt 0 0
vt 0 0
vt 0 0
vt 0 0
vt 0 0
vt 0 0
vt 0 0
vt 0 0
vt 0 0
vt 0 0
vt 0 0
vt 0 0
vt 0 0
vt 0 0
vt 0 0
vt 0 0
vt 0 0
vt 0 0
vt 0 0
vt 0 0
vt 0 0
vt 0 0
vt 0 0
vt 0 0
vt 0 0
vt 0 0
vt 0 0
vt 0 0
vt 0 0
vt 0 0
vt 0 0
vt 0 0
vt 0 0
vt 0 0
vt 0 0
vt 0 0
vt 0 0
vt 0 0
vt 0 0
vt 0 0
vt 0 0
vt 0 0
vt 0 0
vt 0 0
vt 0 0
vt 0 0
vt 0 0
vt 0 0
vt 0 0
vt 0 0
vt 0 0
vt 0 0
vt 0 0
vt 0 0
vt 0 0
vt 0 0
vt 0 0
vt 0 0
vt 0 0
vt 0 0
vt 0 0
vt 0 0
vt 0 0
vt 0 0
vt 0 0
vt 0 0
vt 0 0
vt 0 0
vt 0 0
vt 0 0
vt 0 0
vt 0 0
vt 0 0
vt 0 0
vt 0 0
vt 0 0
vt 0 0
vt 0 0
vt 0 0
vt 0 0
vt 0 0
vt 0 0
vt 0 0
vt 0 0
vt 0 0
vt 0 0
vt 0 0
vt 0 0
vt 0 0
vt 0 0
vt 0 0
vt 0 0
vt 0 0
vt 0 0
vt 0 0
vt 0 0
vt 0 0
vt 0 0
vt 0 0
vt 0 0
vt 0 0
vt 0 0
vt 0 0
vt 0 0
vt 0 0
vt 0 0
vt 0 0
vt 0 0
vt 0 0
vt 0 0
vt 0 0
vt 0 0
vt 0 0
vt 0 0
vt 0 0
vt 0 0
vt 0 0
vt 0 0
vt 0 0
vt 0 0
vt 0 0
vt 0 0
vt 0 0
vt 0 0
vt 0 0
vt 0 0
vt 0 0
vt 0 0
vt 0 0
vt 0 0
vt 0 0
vt 0 0
vt 0 0
vt 0 0
vt 0 0
vt 0 0
vt 0 0
vt 0 0
vt 0 0
vt 0 0
vt 0 0
vt 0 0
vt 0 0
vt 0 0
vt 0 0
vt 0 0
vt 0 0
vt 0 0
vt 0 0
vt 0 0
vt 0 0
vt 0 0
vt 0 0
vt 0 0
vt 0 0
vt 0 0
vt 0 0
vt 0 0
vt 0 0
vt 0 0
vt 0 0
vt 0 0
vt 0 0
vt 0 0
vt 0 0
vt 0 0
vt 0 0
vt 0 0
vt 0 0
vt 0 0
vt 0 0
vt 0 0
vt 0 0
vt 0 0
vt 0 0
vt 0 0
vt 0 0
vt 0 0
vt 0 0
vt 0 0
vt 0 0
vt 0 0
vt 0 0
vt 0 0
vt 0 0
vt 0 0
vt 0 0
vt 0 0
vt 0 0
vt 0 0
vt 0 0
vt 0 0
vt 0 0
vt 0 0
vt 0 0
vt 0 0
vt 0 0
vt 0 0
vt 0 0
vt 0 0
vt 0 0
vt 0 0
vt 0 0
vt 0 0
vt 0 0
vt 0 0
vt 0 0
vt 0 0
vt 0 0
vt 0 0
vt 0 0
vt 0 0
vt 0 0
vt 0 0
vt 0 0
vt 0 0
vt 0 0
vt 0 0
vt 0 0
vt 0 0
vt 0 0
vt 0 0
vt 0 0
vt 0 0
vt 0 0
vt 0 0
vt 0 0
vt 0 0
vt 0 0
vt 0 0
vt 0 0
vt 0 0
vt 0 0
vt 0 0
vt 0 0
vt 0 0
vt 0 0
vt 0 0
vt 0 0
vt 0 0
vt 0 0
vt 0 0
vt 0 0
vt 0 0
vt 0 0
vt 0 0
vt 0 0
vt 0 0
vt 0 0
vt 0 0
vt 0 0
vt 0 0
vt 0 0
vt 0 0
vt 0 0
vt 0 0
vt 0 0
vt 0 0
vt 0 0
vt 0 0
vt 0 0
vt 0 0
vt 0 0
vt 0 0
vt 0 0
vt 0 0
vt 0 0
vt 0 0
vt 0 0
vt 0 0
vt 0 0
vt 0 0
vt 0 0
vt 0 0
vt 0 0
vt 0 0
vt 0 0
vt 0 0
vt 0 0
vt 0 0
vt 0 0
vt 0 0
vt 0 0
vt 0 0
vt 0 0
vt 0 0
vt 0 0
vt 0 0
vt 0 0
vt 0 0
vt 0 0
vt 0 0
vt 0 0
vt 0 0
vt 0 0
vt 0 0
vt 0 0
vt 0 0
vt 0 0
vt 0 0
vt 0 0
vt 0 0
vt 0 0
vt 0 0
vt 0 0
vt 0 0
vt 0 0
vt 0 0
vt 0 0
vt 0 0
vt 0 0
vt 0 0
vt 0 0
vt 0 0
vt 0 0
vt 0 0
vt 0 0
vt 0 0
vt 0 0
vt 0 0
vt 0 0
vt 0 0
vt 0 0
vt 0 0
vt 0 0
vt 0 0
vt 0 0
vt 0 0
vt 0 0
vt 0 0
vt 0 0
vt 0 0
vt 0 0
vt 0 0
vt 0 0
vt 0 0
vt 0 0
vt 0 0
vt 0 0
vt 0 0
vt 0 0
vt 0 0
vt 0 0
vt 0 0
vt 0 0
vt 0 0
vt 0 0
vt 0 0
vt 0 0
vt 0 0
vt 0 0
vt 0 0
vt 0 0
vt 0 0
vt 0 0
vt 0 0
vt 0 0
vt 0 0
vt 0 0
vt 0 0
vt 0 0
vt 0 0
vt 0 0
vt 0 0
vt 0 0
vt 0 0
vt 0 0
vt 0 0
vt 0 0
vt 0 0
vt 0 0
vt 0 0
vt 0 0
vt 0 0
vt 0 0
vt 0 0
vt 0 0
vt 0 0
vt 0 0
vt 0 0
vt 0 0
vt 0 0
vt 0 0
vt 0 0
vt 0 0
vt 0 0
vt 0 0
vt 0 0
vt 0 0
vt 0 0
vt 0 0
vt 0 0
vt 0 0
vt 0 0
vt 0 0
vt 0 0
vt 0 0
vt 0 0
vt 0 0
vt 0 0
vt 0 0
vt 0 0
vt 0 0
vt 0 0
vt 0 0
vt 0 0
vt 0 0
vt 0 0
vt 0 0
vt 0 0
vt 0 0
vt 0 0
vt 0 0
vt 0 0
vt 0 0
vt 0 0
vt 0 0
vt 0 0
vt 0 0
vt 0 0
vt 0 0
vt 0 0
vt 0 0
vt 0 0
vt 0 0
vt 0 0
vt 0 0
vt 0 0
vt 0 0
vt 0 0
vt 0 0
vt 0 0
vt 0 0
vt 0 0
vt 0 0
vt 0 0
vt 0 0
vt 0 0
vt 0 0
vt 0 0
vt 0 0
vt 0 0
vt 0 0
vt 0 0
vt 0 0
vt 0 0
vt 0 0
vt 0 0
vt 0 0
vt 0 0
vt 0 0
vt 0 0
vt 0 0
vt 0 0
vt 0 0
vt 0 0
vt 0 0
vt 0 0
vt 0 0
vt 0 0
vt 0 0
vt 0 0
vt 0 0
vt 0 0
vt 0 0
vt 0 0
vt 0 0
vt 0 0
vt 0 0
vt 0 0
vt 0 0
vt 0 0
vt 0 0
vt 0 0
vt 0 0
vt 0 0
vt 0 0
vt 0 0
vt 0 0
vt 0 0
vt 0 0
vt 0 0
vt 0 0
vt 0 0
vt 0 0
vt 0 0
vt 0 0
vt 0 0
vt 0 0
vt 0 0
vt 0 0
vt 0 0
vt 0 0
vt 0 0
vt 0 0
vt 0 0
vt 0 0
vt 0 0
vt 0 0
vt 0 0
vt 0 0
vt 0 0
vt 0 0
vt 0 0
vt 0 0
vt 0 0
vt 0 0
vt 0 0
vt 0 0
vt 0 0
vt 0 0
vt 0 0
vt 0 0
vt 0 0
vt 0 0
vt 0 0
vt 0 0
vt 0 0
vt 0 0
vt 0 0
vt 0 0
vt 0 0
vt 0 0
vt 0 0
vt 0 0
vt 0 0
vt 0 0
vt 0 0
vt 0 0
vt 0 0
vt 0 0
vt 0 0
vt 0 0
vt 0 0
vt 0 0
vt 0 0
vt 0 0
vt 0 0
vt 0 0
vt 0 0
vt 0 0
vt 0 0
vt 0 0
vt 0 0
vt 0 0
vt 0 0
vt 0 0
vt 0 0
vt 0 0
vt 0 0
vt 0 0
vt 0 0
vt 0 0
vt 0 0
vt 0 0
vt 0 0
vt 0 0
vt 0 0
vt 0 0
vt 0 0
vt 0 0
vt 0 0
vt 0 0
vt 0 0
vt 0 0
vt 0 0
vt 0 0
vt 0 0
vt 0 0
vt 0 0
vt 0 0
vt 0 0
vt 0 0
vt 0 0
vt 0 0
vt 0 0
vt 0 0
vt 0 0
vt 0 0
vt 0 0
vt 0 0
vt 0 0
vt 0 0
vt 0 0
vt 0 0
vt 0 0
vt 0 0
vt 0 0
vt 0 0
vt 0 0
vt 0 0
vt 0 0
vt 0 0
vt 0 0
vt 0 0
vt 0 0
vt 0 0
vt 0 0
vt 0 0
vt 0 0
vt 0 0
vt 0 0
vt 0 0
vt 0 0
vt 0 0
vt 0 0
vt 0 0
vt 0 0
vt 0 0
vt 0 0
vt 0 0
vt 0 0
vt 0 0
vt 0 0
vt 0 0
vt 0 0
vt 0 0
vt 0 0
vt 0 0
vt 0 0
vt 0 0
vt 0 0
vt 0 0
vt 0 0
vt 0 0
vt 0 0
vt 0 0
vt 0 0
vt 0 0
vt 0 0
vt 0 0
vt 0 0
vt 0 0
vt 0 0
vt 0 0
vt 0 0
vt 0 0
vt 0 0
vt 0 0
vt 0 0
vt 0 0
vt 0 0
vt 0 0
vt 0 0
vt 0 0
vt 0 0
vt 0 0
vt 0 0
vt 0 0
vt 0 0
vt 0 0
vt 0 0
vt 0 0
vt 0 0
vt 0 0
vt 0 0
vt 0 0
vt 0 0
vt 0 0
vt 0 0
vt 0 0
vt 0 0
vt 0 0
vt 0 0
vt 0 0
vt 0 0
vt 0 0
vt 0 0
vt 0 0
vt 0 0
vt 0 0
vt 0 0
vt 0 0
vt 0 0
vt 0 0
vt 0 0
vt 0 0
vt 0 0
vt 0 0
vt 0 0
vt 0 0
vt 0 0
vt 0 0
vt 0 0
vt 0 0
vt 0 0
vt 0 0
vt 0 0
vt 0 0
vt 0 0
vt 0 0
vt 0 0
vt 0 0
vt 0 0
vt 0 0
vt 0 0
vt 0 0
vt 0 0
vt 0 0
vt 0 0
vt 0 0
vt 0 0
vt 0 0
vt 0 0
vt 0 0
vt 0 0
vt 0 0
vt 0 0
vt 0 0
vt 0 0
vt 0 0
vt 0 0
vt 0 0
vt 0 0
vt 0 0
vt 0 0
vt 0 0
vt 0 0
vt 0 0
vt 0 0
vt 0 0
vt 0 0
vt 0 0
vt 0 0
vt 0 0
vt 0 0
vt 0 0
vt 0 0
vt 0 0
vt 0 0
vt 0 0
vt 0 0
vt 0 0
vt 0 0
vt 0 0
vt 0 0
vt 0 0
vt 0 0
vt 0 0
vt 0 0
vt 0 0
vt 0 0
vt 0 0
vt 0 0
vt 0 0
vt 0 0
vt 0 0
vt 0 0
vt 0 0
vt 0 0
vt 0 0
vt 0 0
vt 0 0
vt 0 0
vt 0 0
vt 0 0
vt 0 0
vt 0 0
vt 0 0
vt 0 0
vt 0 0
vt 0 0
vt 0 0
vt 0 0
vt 0 0
vt 0 0
vt 0 0
vt 0 0
vt 0 0
vt 0 0
vt 0 0
vt 0 0
vt 0 0
vt 0 0
vt 0 0
vt 0 0
vt 0 0
vt 0 0
vt 0 0
vt 0 0
vt 0 0
vt 0 0
vt 0 0
vt 0 0
vt 0 0
vt 0 0
vt 0 0
vt 0 0
vt 0 0
vt 0 0
vt 0 0
vt 0 0
vt 0 0
vt 0 0
vt 0 0
vt 0 0
vt 0 0
vt 0 0
vt 0 0
vt 0 0
vt 0 0
vt 0 0
vt 0 0
vt 0 0
vt 0 0
vt 0 0
vt 0 0
vt 0 0
vt 0 0
vt 0 0
vt 0 0
vt 0 0
vt 0 0
vt 0 0
vt 0 0
vt 0 0
vt 0 0
vt 0 0
vt 0 0
vt 0 0
vt 0 0
vt 0 0
vt 0 0
vt 0 0
vt 0 0
vt 0 0
vt 0 0
vt 0 0
vt 0 0
vt 0 0
vt 0 0
vt 0 0
vt 0 0
vt 0 0
vt 0 0
vt 0 0
vt 0 0
vt 0 0
vt 0 0
vt 0 0
vt 0 0
vt 0 0
vt 0 0
vt 0 0
vt 0 0
vt 0 0
vt 0 0
vt 0 0
vt 0 0
vt 0 0
vt 0 0
vt 0 0
vt 0 0
vt 0 0
vt 0 0
vt 0 0
vt 0 0
vt 0 0
vt 0 0
vt 0 0
vt 0 0
vt 0 0
vt 0 0
vt 0 0
vt 0 0
vt 0 0
vt 0 0
vt 0 0
vt 0 0
vt 0 0
vt 0 0
vt 0 0
vt 0 0
vt 0 0
vt 0 0
vt 0 0
vt 0 0
vt 0 0
vt 0 0
vt 0 0
vt 0 0
vt 0 0
vt 0 0
vt 0 0
vt 0 0
vt 0 0
vt 0 0
vt 0 0
vt 0 0
vt 0 0
vt 0 0
vt 0 0
vt 0 0
vt 0 0
vt 0 0
vt 0 0
vt 0 0
vt 0 0
vt 0 0
vt 0 0
vt 0 0
vt 0 0
vt 0 0
vt 0 0
vt 0 0
vt 0 0
vt 0 0
vt 0 0
vt 0 0
vt 0 0
vt 0 0
vt 0 0
vt 0 0
vt 0 0
vt 0 0
vt 0 0
vt 0 0
vt 0 0
vt 0 0
vt 0 0
vt 0 0
vt 0 0
vt 0 0
vt 0 0
vt 0 0
vt 0 0
vt 0 0
vt 0 0
vt 0 0
vt 0 0
vt 0 0
vt 0 0
vt 0 0
vt 0 0
vt 0 0
vt 0 0
vt 0 0
vt 0 0
vt 0 0
vt 0 0
vt 0 0
vt 0 0
vt 0 0
vt 0 0
vt 0 0
vt 0 0
vt 0 0
vt 0 0
vt 0 0
vt 0 0
vt 0 0
vt 0 0
vt 0 0
vt 0 0
vt 0 0
vt 0 0
vt 0 0
vt 0 0
vt 0 0
vt 0 0
vt 0 0
vt 0 0
vt 0 0
vt 0 0
vt 0 0
vt 0 0
vt 0 0
vt 0 0
vt 0 0
vt 0 0
vt 0 0
vt 0 0
vt 0 0
vt 0 0
vt 0 0
vt 0 0
vt 0 0
vt 0 0
vt 0 0
vt 0 0
vt 0 0
vt 0 0
vt 0 0
vt 0 0
vt 0 0
vt 0 0
vt 0 0
vt 0 0
vt 0 0
vt 0 0
vt 0 0
vt 0 0
vt 0 0
vt 0 0
vt 0 0
vt 0 0
vt 0 0
vt 0 0
vt 0 0
vt 0 0
vt 0 0
vt 0 0
vt 0 0
vt 0 0
vt 0 0
vt 0 0
vt 0 0
vt 0 0
vt 0 0
vt 0 0
vt 0 0
vt 0 0
vt 0 0
vt 0 0
vt 0 0
vt 0 0
vt 0 0
vt 0 0
vt 0 0
vt 0 0
vt 0 0
vt 0 0
vt 0 0
vt 0 0
vt 0 0
vt 0 0
vt 0 0
vt 0 0
vt 0 0
vt 0 0
vt 0 0
vt 0 0
vt 0 0
vt 0 0
vt 0 0
vt 0 0
vt 0 0
vt 0 0
vt 0 0
vt 0 0
vt 0 0
vt 0 0
vt 0 0
vt 0 0
vt 0 0
vt 0 0
vt 0 0
vt 0 0
vt 0 0
vt 0 0
vt 0 0
vt 0 0
vt 0 0
vt 0 0
vt 0 0
vt 0 0
vt 0 0
vt 0 0
vt 0 0
vt 0 0
vt 0 0
vt 0 0
vt 0 0
vt 0 0
vt 0 0
vt 0 0
vt 0 0
vt 0 0
vt 0 0
vt 0 0
vt 0 0
vt 0 0
vt 0 0
vt 0 0
vt 0 0
vt 0 0
vt 0 0
vt 0 0
vt 0 0
vt 0 0
vt 0 0
vt 0 0
vt 0 0
vt 0 0
vt 0 0
vt 0 0
vt 0 0
vt 0 0
vt 0 0
vt 0 0
vt 0 0
vt 0 0
vt 0 0
vt 0 0
vt 0 0
vt 0 0
vt 0 0
vt 0 0
vt 0 0
vt 0 0
vt 0 0
vt 0 0
vt 0 0
vt 0 0
vt 0 0
vt 0 0
vt 0 0
vt 0 0
vt 0 0
vt 0 0
vt 0 0
vt 0 0
vt 0 0
vt 0 0
vt 0 0
vt 0 0
vt 0 0
vt 0 0
vt 0 0
vt 0 0
vt 0 0
vt 0 0
vt 0 0
vt 0 0
vt 0 0
vt 0 0
vt 0 0
vt 0 0
vt 0 0
vt 0 0
vt 0 0
vt 0 0
vt 0 0
vt 0 0
vt 0 0
vt 0 0
vt 0 0
vt 0 0
vt 0 0
vt 0 0
vt 0 0
vt 0 0
vt 0 0
vt 0 0
vt 0 0
vt 0 0
vt 0 0
vt 0 0
vt 0 0
vt 0 0
vt 0 0
vt 0 0
vt 0 0
vt 0 0
vt 0 0
vt 0 0
vt 0 0
vt 0 0
vt 0 0
vt 0 0
vt 0 0
vt 0 0
vt 0 0
vt 0 0
vt 0 0
vt 0 0
vt 0 0
vt 0 0
vt 0 0
vt 0 0
vt 0 0
vt 0 0
vt 0 0
vt 0 0
vt 0 0
vt 0 0
vt 0 0
vt 0 0
vt 0 0
vt 0 0
vt 0 0
vt 0 0
vt 0 0
vt 0 0
vt 0 0
vt 0 0
vt 0 0
vt 0 0
vt 0 0
vt 0 0
vt 0 0
vt 0 0
vt 0 0
vt 0 0
vt 0 0
vt 0 0
vt 0 0
vt 0 0
vt 0 0
vt 0 0
vt 0 0
vt 0 0
vt 0 0
vt 0 0
vt 0 0
vt 0 0
vt 0 0
vt 0 0
vt 0 0
vt 0 0
vt 0 0
vt 0 0
vt 0 0
vt 0 0
vt 0 0
vt 0 0
vt 0 0
vt 0 0
vt 0 0
vt 0 0
vt 0 0
vt 0 0
vt 0 0
vt 0 0
vt 0 0
vt 0 0
vt 0 0
vt 0 0
vt 0 0
vt 0 0
vt 0 0
vt 0 0
vt 0 0
vt 0 0
vt 0 0
vt 0 0
vt 0 0
vt 0 0
vt 0 0
vt 0 0
vt 0 0
vt 0 0
vt 0 0
vt 0 0
vt 0 0
vt 0 0
vt 0 0
vt 0 0
vt 0 0
vt 0 0
vt 0 0
vt 0 0
vt 0 0
vt 0 0
vt 0 0
vt 0 0
vt 0 0
vt 0 0
vt 0 0
vt 0 0
vt 0 0
vt 0 0
vt 0 0
vt 0 0
vt 0 0
vt 0 0
vt 0 0
vt 0 0
vt 0 0
vt 0 0
vt 0 0
vt 0 0
vt 0 0
vt 0 0
vt 0 0
vt 0 0
vt 0 0
vt 0 0
vt 0 0
vt 0 0
vt 0 0
vt 0 0
vt 0 0
vt 0 0
vt 0 0
vt 0 0
vt 0 0
vt 0 0
vt 0 0
vt 0 0
vt 0 0
vt 0 0
vt 0 0
vt 0 0
vt 0 0
vt 0 0
vt 0 0
vt 0 0
vt 0 0
vt 0 0
vt 0 0
vt 0 0
vt 0 0
vt 0 0
vt 0 0
vt 0 0
vt 0 0
vt 0 0
vt 0 0
vt 0 0
vt 0 0
vt 0 0
vt 0 0
vt 0 0
vt 0 0
vt 0 0
vt 0 0
vt 0 0
vt 0 0
vt 0 0
vt 0 0
vt 0 0
vt 0 0
vt 0 0
vt 0 0
vt 0 0
vt 0 0
vt 0 0
vt 0 0
vt 0 0
vt 0 0
vt 0 0
vt 0 0
vt 0 0
vt 0 0
vt 0 0
vt 0 0
vt 0 0
vt 0 0
vt 0 0
vt 0 0
vt 0 0
vt 0 0
vt 0 0
vt 0 0
vt 0 0
vt 0 0
vt 0 0
vt 0 0
vt 0 0
vt 0 0
vt 0 0
vt 0 0
vt 0 0
vt 0 0
vt 0 0
vt 0 0
vt 0 0
vt 0 0
vt 0 0
vt 0 0
vt 0 0
vt 0 0
vt 0 0
vt 0 0
vt 0 0
vt 0 0
vt 0 0
vt 0 0
vt 0 0
vt 0 0
vt 0 0
vt 0 0
vt 0 0
vt 0 0
vt 0 0
vt 0 0
vt 0 0
vt 0 0
vt 0 0
vt 0 0
vt 0 0
vt 0 0
vt 0 0
vt 0 0
vt 0 0
vt 0 0
vt 0 0
vt 0 0
vt 0 0
vt 0 0
vt 0 0
vt 0 0
vt 0 0
vt 0 0
vt 0 0
vt 0 0
vt 0 0
vt 0 0
vt 0 0
vt 0 0
vt 0 0
vt 0 0
vt 0 0
vt 0 0
vt 0 0
vt 0 0
vt 0 0
vt 0 0
vt 0 0
vt 0 0
vt 0 0
vt 0 0
vt 0 0
vt 0 0
vt 0 0
vt 0 0
vt 0 0
vt 0 0
vt 0 0
vt 0 0
vt 0 0
vt 0 0
vt 0 0
vt 0 0
vt 0 0
vt 0 0
vt 0 0
vt 0 0
vt 0 0
vt 0 0
vt 0 0
vt 0 0
vt 0 0
vt 0 0
vt 0 0
vt 0 0
vt 0 0
vt 0 0
vt 0 0
vt 0 0
vt 0 0
vt 0 0
vt 0 0
vt 0 0
vt 0 0
vt 0 0
vt 0 0
vt 0 0
vt 0 0
vt 0 0
vt 0 0
vt 0 0
vt 0 0
vt 0 0
vt 0 0
vt 0 0
vt 0 0
vt 0 0
vt 0 0
vt 0 0
vt 0 0
vt 0 0
vt 0 0
vt 0 0
vt 0 0
vt 0 0
vt 0 0
vt 0 0
vt 0 0
vt 0 0
vt 0 0
vt 0 0
vt 0 0
vt 0 0
vt 0 0
vt 0 0
vt 0 0
vt 0 0
vt 0 0
vt 0 0
vt 0 0
vt 0 0
vt 0 0
vt 0 0
vt 0 0
vt 0 0
vt 0 0
vt 0 0
vt 0 0
vt 0 0
vt 0 0
vt 0 0
vt 0 0
vt 0 0
vt 0 0
vt 0 0
vt 0 0
vt 0 0
vt 0 0
vt 0 0
vt 0 0
vt 0 0
vt 0 0
vt 0 0
vt 0 0
vt 0 0
vt 0 0
vt 0 0
vt 0 0
vt 0 0
vt 0 0
vt 0 0
vt 0 0
vt 0 0
vt 0 0
vt 0 0
vt 0 0
vt 0 0
vt 0 0
vt 0 0
vt 0 0
vt 0 0
vt 0 0
vt 0 0
vt 0 0
vt 0 0
vt 0 0
vt 0 0
vt 0 0
vt 0 0
vt 0 0
vt 0 0
vt 0 0
vt 0 0
vt 0 0
vt 0 0
vt 0 0
vt 0 0
vt 0 0
vt 0 0
vt 0 0
vt 0 0
vt 0 0
vt 0 0
vt 0 0
vt 0 0
vt 0 0
vt 0 0
vt 0 0
vt 0 0
vt 0 0
vt 0 0
vt 0 0
vt 0 0
vt 0 0
vt 0 0
vt 0 0
vt 0 0
vt 0 0
vt 0 0
vt 0 0
vt 0 0
vt 0 0
vt 0 0
vt 0 0
vt 0 0
vt 0 0
vt 0 0
vt 0 0
vt 0 0
vt 0 0
vt 0 0
vt 0 0
vt 0 0
vt 0 0
vt 0 0
vt 0 0
vt 0 0
vt 0 0
vt 0 0
vt 0 0
vt 0 0
vt 0 0
vt 0 0
vt 0 0
vt 0 0
vt 0 0
vt 0 0
vt 0 0
vt 0 0
vt 0 0
vt 0 0
vt 0 0
vt 0 0
vt 0 0
vt 0 0
vt 0 0
vt 0 0
vt 0 0
vt 0 0
vt 0 0
vt 0 0
vt 0 0
vt 0 0
vt 0 0
vt 0 0
vt 0 0
vt 0 0
vt 0 0
vt 0 0
vt 0 0
vt 0 0
vt 0 0
vt 0 0
vt 0 0
vt 0 0
vt 0 0
vt 0 0
vt 0 0
vt 0 0
vt 0 0
vt 0 0
vt 0 0
vt 0 0
vt 0 0
vt 0 0
vt 0 0
vt 0 0
vt 0 0
vt 0 0
vt 0 0
vt 0 0
vt 0 0
vt 0 0
vt 0 0
vt 0 0
vt 0 0
vt 0 0
vt 0 0
vt 0 0
vt 0 0
vt 0 0
vt 0 0
vt 0 0
vt 0 0
vt 0 0
vt 0 0
vt 0 0
vt 0 0
vt 0 0
vt 0 0
vt 0 0
vt 0 0
vt 0 0
vt 0 0
vt 0 0
vt 0 0
vt 0 0
vt 0 0
vt 0 0
vt 0 0
vt 0 0
vt 0 0
vt 0 0
vt 0 0
vt 0 0
vt 0 0
vt 0 0
vt 0 0
vt 0 0
vt 0 0
vt 0 0
vt 0 0
vt 0 0
vt 0 0
vt 0 0
vt 0 0
vt 0 0
vt 0 0
vt 0 0
vt 0 0
vt 0 0
vt 0 0
vt 0 0
vt 0 0
vt 0 0
vt 0 0
vt 0 0
vt 0 0
vt 0 0
vt 0 0
vt 0 0
vt 0 0
vt 0 0
vt 0 0
vt 0 0
vt 0 0
vt 0 0
vt 0 0
vt 0 0
vt 0 0
vt 0 0
vt 0 0
vt 0 0
vt 0 0
vt 0 0
vt 0 0
vt 0 0
vt 0 0
vt 0 0
vt 0 0
vt 0 0
vt 0 0
vt 0 0
vt 0 0
vt 0 0
vt 0 0
vt 0 0
vt 0 0
vt 0 0
vt 0 0
vt 0 0
vt 0 0
vt 0 0
vt 0 0
vt 0 0
vt 0 0
vt 0 0
vt 0 0
vt 0 0
vt 0 0
vt 0 0
vt 0 0
vt 0 0
vt 0 0
vt 0 0
vt 0 0
vt 0 0
vt 0 0
vt 0 0
vt 0 0
vt 0 0
vt 0 0
vt 0 0
vt 0 0
vt 0 0
vt 0 0
vt 0 0
vt 0 0
vt 0 0
vt 0 0
vt 0 0
vt 0 0
vt 0 0
vt 0 0
vt 0 0
vt 0 0
vt 0 0
vt 0 0
vt 0 0
vt 0 0
vt 0 0
vt 0 0
vt 0 0
vt 0 0
vt 0 0
vt 0 0
vt 0 0
vt 0 0
vt 0 0
vt 0 0
vt 0 0
vt 0 0
vt 0 0
vt 0 0
vt 0 0
vt 0 0
vt 0 0
vt 0 0
vt 0 0
vt 0 0
vt 0 0
vt 0 0
vt 0 0
vt 0 0
vt 0 0
vt 0 0
vt 0 0
vt 0 0
vt 0 0
vt 0 0
vt 0 0
vt 0 0
vt 0 0
vt 0 0
vt 0 0
vt 0 0
vt 0 0
vt 0 0
vt 0 0
vt 0 0
vt 0 0
vt 0 0
vt 0 0
vt 0 0
vt 0 0
vt 0 0
vt 0 0
vt 0 0
vt 0 0
vt 0 0
vt 0 0
vt 0 0
vt 0 0
vt 0 0
vt 0 0
vt 0 0
vt 0 0
vt 0 0
vt 0 0
vt 0 0
vt 0 0
vt 0 0
vt 0 0
vt 0 0
vt 0 0
vt 0 0
vt 0 0
vt 0 0
vt 0 0
vt 0 0
vt 0 0
vt 0 0
vt 0 0
vt 0 0
vt 0 0
vt 0 0
vt 0 0
vt 0 0
vt 0 0
vt 0 0
vt 0 0
vt 0 0
vt 0 0
vt 0 0
vt 0 0
vt 0 0
vt 0 0
vt 0 0
vt 0 0
vt 0 0
vt 0 0
vt 0 0
vt 0 0
vt 0 0
vt 0 0
vt 0 0
vt 0 0
vt 0 0
vt 0 0
vt 0 0
vt 0 0
vt 0 0
vt 0 0
vt 0 0
vt 0 0
vt 0 0
vt 0 0
vt 0 0
vt 0 0
vt 0 0
vt 0 0
vt 0 0
vt 0 0
vt 0 0
vt 0 0
vt 0 0
vt 0 0
vt 0 0
vt 0 0
vt 0 0
vt 0 0
vt 0 0
vt 0 0
vt 0 0
vt 0 0
vt 0 0
vt 0 0
vt 0 0
vt 0 0
vt 0 0
vt 0 0
vt 0 0
vt 0 0
vt 0 0
vt 0 0
vt 0 0
vt 0 0
vt 0 0
vt 0 0
vt 0 0
vt 0 0
vt 0 0
vt 0 0
vt 0 0
vt 0 0
vt 0 0
vt 0 0
vt 0 0
vt 0 0
vt 0 0
vt 0 0
vt 0 0
vt 0 0
vt 0 0
vt 0 0
vt 0 0
vt 0 0
vt 0 0
vt 0 0
vt 0 0
vt 0 0
vt 0 0
vt 0 0
vt 0 0
vt 0 0
vt 0 0
vt 0 0
vt 0 0
vt 0 0
vt 0 0
vt 0 0
vt 0 0
vt 0 0
vt 0 0
vt 0 0
vt 0 0
vt 0 0
vt 0 0
vt 0 0
vt 0 0
vt 0 0
vt 0 0
vt 0 0
vt 0 0
vt 0 0
vt 0 0
vt 0 0
vt 0 0
vt 0 0
vt 0 0
vt 0 0
vt 0 0
vt 0 0
vt 0 0
vt 0 0
vt 0 0
vt 0 0
vt 0 0
vt 0 0
vt 0 0
vt 0 0
vt 0 0
vt 0 0
vt 0 0
vt 0 0
vt 0 0
vt 0 0
vt 0 0
vt 0 0
vt 0 0
vt 0 0
vt 0 0
vt 0 0
vt 0 0
vt 0 0
vt 0 0
vt 0 0
vt 0 0
vt 0 0
vt 0 0
vt 0 0
vt 0 0
vt 0 0
vt 0 0
vt 0 0
vt 0 0
vt 0 0
vt 0 0
vt 0 0
vt 0 0
vt 0 0
vt 0 0
vt 0 0
vt 0 0
vt 0 0
vt 0 0
vt 0 0
vt 0 0
vt 0 0
vt 0 0
vt 0 0
vt 0 0
vt 0 0
vt 0 0
vt 0 0
vt 0 0
vt 0 0
vt 0 0
vt 0 0
vt 0 0
vt 0 0
vt 0 0
vt 0 0
vt 0 0
vt 0 0
vt 0 0
vt 0 0
vt 0 0
vt 0 0
vt 0 0
vt 0 0
vt 0 0
vt 0 0
vt 0 0
vt 0 0
vt 0 0
vt 0 0
vt 0 0
vt 0 0
vt 0 0
vt 0 0
vt 0 0
vt 0 0
vt 0 0
vt 0 0
vt 0 0
vt 0 0
vt 0 0
vt 0 0
vt 0 0
vt 0 0
vt 0 0
vt 0 0
vt 0 0
vt 0 0
vt 0 0
vt 0 0
vt 0 0
vt 0 0
vt 0 0
vt 0 0
vt 0 0
vt 0 0
vt 0 0
vt 0 0
vt 0 0
vt 0 0
vt 0 0
vt 0 0
vt 0 0
vt 0 0
vt 0 0
vt 0 0
vt 0 0
vt 0 0
vt 0 0
vt 0 0
vt 0 0
vt 0 0
vt 0 0
vt 0 0
vt 0 0
vt 0 0
vt 0 0
vt 0 0
vt 0 0
vt 0 0
vt 0 0
vt 0 0
vt 0 0
vt 0 0
vt 0 0
vt 0 0
vt 0 0
vt 0 0
vt 0 0
vt 0 0
vt 0 0
vt 0 0
vt 0 0
vt 0 0
vt 0 0
vt 0 0
vt 0 0
vt 0 0
vt 0 0
vt 0 0
vt 0 0
vt 0 0
vt 0 0
vt 0 0
vt 0 0
vt 0 0
vt 0 0
vt 0 0
vt 0 0
vt 0 0
vt 0 0
vt 0 0
vt 0 0
vt 0 0
vt 0 0
vt 0 0
vt 0 0
vt 0 0
vt 0 0
vt 0 0
vt 0 0
vt 0 0
vt 0 0
vt 0 0
vt 0 0
vt 0 0
vt 0 0
vt 0 0
vt 0 0
vt 0 0
vt 0 0
vt 0 0
vt 0 0
vt 0 0
vt 0 0
vt 0 0
vt 0 0
vt 0 0
vt 0 0
vt 0 0
vt 0 0
vt 0 0
vt 0 0
vt 0 0
vt 0 0
vt 0 0
vt 0 0
vt 0 0
vt 0 0
vt 0 0
vt 0 0
vt 0 0
vt 0 0
vt 0 0
vt 0 0
vt 0 0
vt 0 0
vt 0 0
vt 0 0
vt 0 0
vt 0 0
vt 0 0
vt 0 0
vt 0 0
vt 0 0
vt 0 0
vt 0 0
vt 0 0
vt 0 0
vt 0 0
vt 0 0
vt 0 0
vt 0 0
vt 0 0
vt 0 0
vt 0 0
vt 0 0
vt 0 0
vt 0 0
vt 0 0
vt 0 0
vt 0 0
vt 0 0
vt 0 0
vt 0 0
vt 0 0
vt 0 0
vt 0 0
vt 0 0
vt 0 0
vt 0 0
vt 0 0
vt 0 0
vt 0 0
vt 0 0
vt 0 0
vt 0 0
vt 0 0
vt 0 0
vt 0 0
vt 0 0
vt 0 0
vt 0 0
vt 0 0
vt 0 0
vt 0 0
vt 0 0
vt 0 0
vt 0 0
vt 0 0
vt 0 0
vt 0 0
vt 0 0
vt 0 0
vt 0 0
vt 0 0
vt 0 0
vt 0 0
vt 0 0
vt 0 0
vt 0 0
vt 0 0
vt 0 0
vt 0 0
vt 0 0
vt 0 0
vt 0 0
vt 0 0
vt 0 0
vt 0 0
vt 0 0
vt 0 0
vt 0 0
vt 0 0
vt 0 0
vt 0 0
vt 0 0
vt 0 0
vt 0 0
vt 0 0
vt 0 0
vt 0 0
vt 0 0
vt 0 0
vt 0 0
vt 0 0
vt 0 0
vt 0 0
vt 0 0
vt 0 0
vt 0 0
vt 0 0
vt 0 0
vt 0 0
vt 0 0
vt 0 0
vt 0 0
vt 0 0
vt 0 0
vt 0 0
vt 0 0
vt 0 0
vt 0 0
vt 0 0
vt 0 0
vt 0 0
vt 0 0
vt 0 0
vt 0 0
vt 0 0
vt 0 0
vt 0 0
vt 0 0
vt 0 0
vt 0 0
vt 0 0
vt 0 0
vt 0 0
vt 0 0
vt 0 0
vt 0 0
vt 0 0
vt 0 0
vt 0 0
vt 0 0
vt 0 0
vt 0 0
vt 0 0
vt 0 0
vt 0 0
vt 0 0
vt 0 0
vt 0 0
vt 0 0
vt 0 0
vt 0 0
vt 0 0
vt 0 0
vt 0 0
vt 0 0
vt 0 0
vt 0 0
vt 0 0
vt 0 0
vt 0 0
vt 0 0
vt 0 0
vt 0 0
vt 0 0
vt 0 0
vt 0 0
vt 0 0
vt 0 0
vt 0 0
vt 0 0
vt 0 0
vt 0 0
vt 0 0
vt 0 0
vt 0 0
vt 0 0
vt 0 0
vt 0 0
vt 0 0
vt 0 0
vt 0 0
vt 0 0
vt 0 0
vt 0 0
vt 0 0
vt 0 0
vt 0 0
vt 0 0
vt 0 0
vt 0 0
vt 0 0
vt 0 0
vt 0 0
vt 0 0
vt 0 0
vt 0 0
vt 0 0
vt 0 0
vt 0 0
vt 0 0
vt 0 0
vt 0 0
vt 0 0
vt 0 0
vt 0 0
vt 0 0
vt 0 0
vt 0 0
vt 0 0
vt 0 0
vt 0 0
vt 0 0
vt 0 0
vt 0 0
vt 0 0
vt 0 0
vt 0 0
vt 0 0
vt 0 0
vt 0 0
vt 0 0
vt 0 0
vt 0 0
vt 0 0
vt 0 0
vt 0 0
vt 0 0
vt 0 0
vt 0 0
vt 0 0
vt 0 0
vt 0 0
vt 0 0
vt 0 0
vt 0 0
vt 0 0
vt 0 0
vt 0 0
vt 0 0
vt 0 0
vt 0 0
vt 0 0
vt 0 0
vt 0 0
vt 0 0
vt 0 0
vt 0 0
vt 0 0
vt 0 0
vt 0 0
vt 0 0
vt 0 0
vt 0 0
vt 0 0
vt 0 0
vt 0 0
vt 0 0
vt 0 0
vt 0 0
vt 0 0
vt 0 0
vt 0 0
vt 0 0
vt 0 0
vt 0 0
vt 0 0
vt 0 0
vt 0 0
vt 0 0
vt 0 0
vt 0 0
vt 0 0
vt 0 0
vt 0 0
vt 0 0
vt 0 0
vt 0 0
vt 0 0
vt 0 0
vt 0 0
vt 0 0
vt 0 0
vt 0 0
vt 0 0
vt 0 0
vt 0 0
vt 0 0
vt 0 0
vt 0 0
vt 0 0
vt 0 0
vt 0 0
vt 0 0
vt 0 0
vt 0 0
vt 0 0
vt 0 0
vt 0 0
vt 0 0
vt 0 0
vt 0 0
vt 0 0
vt 0 0
vt 0 0
vt 0 0
vt 0 0
vt 0 0
vt 0 0
vt 0 0
vt 0 0
vt 0 0
vt 0 0
vt 0 0
vt 0 0
vt 0 0
vt 0 0
vt 0 0
vt 0 0
vt 0 0
vt 0 0
vt 0 0
vt 0 0
vt 0 0
vt 0 0
vt 0 0
vt 0 0
vt 0 0
vt 0 0
vt 0 0
vt 0 0
vt 0 0
vt 0 0
vt 0 0
vt 0 0
vt 0 0
vt 0 0
vt 0 0
vt 0 0
vt 0 0
vt 0 0
vt 0 0
vt 0 0
vt 0 0
vt 0 0
vt 0 0
vt 0 0
vt 0 0
vt 0 0
vt 0 0
vt 0 0
vt 0 0
vt 0 0
vt 0 0
vt 0 0
vt 0 0
vt 0 0
vt 0 0
vt 0 0
vt 0 0
vt 0 0
vt 0 0
vt 0 0
vt 0 0
vt 0 0
vt 0 0
vt 0 0
vt 0 0
vt 0 0
vt 0 0
vt 0 0
vt 0 0
vt 0 0
vt 0 0
vt 0 0
vt 0 0
vt 0 0
vt 0 0
vt 0 0
vt 0 0
vt 0 0
vt 0 0
vt 0 0
vt 0 0
vt 0 0
vt 0 0
vt 0 0
vt 0 0
vt 0 0
vt 0 0
vt 0 0
vt 0 0
vt 0 0
vt 0 0
vt 0 0
vt 0 0
vt 0 0
vt 0 0
vt 0 0
vt 0 0
vt 0 0
vt 0 0
vt 0 0
vt 0 0
vt 0 0
vt 0 0
vt 0 0
vt 0 0
vt 0 0
vt 0 0
vt 0 0
vt 0 0
vt 0 0
vt 0 0
vt 0 0
vt 0 0
vt 0 0
vt 0 0
vt 0 0
vt 0 0
vt 0 0
vt 0 0
vt 0 0
vt 0 0
vt 0 0
vt 0 0
vt 0 0
vt 0 0
vt 0 0
vt 0 0
vt 0 0
vt 0 0
vt 0 0
vt 0 0
vt 0 0
vt 0 0
vt 0 0
vt 0 0
vt 0 0
vt 0 0
vt 0 0
vt 0 0
vt 0 0
vt 0 0
vt 0 0
vt 0 0
vt 0 0
vt 0 0
vt 0 0
vt 0 0
vt 0 0
vt 0 0
vt 0 0
vt 0 0
vt 0 0
vt 0 0
vt 0 0
vt 0 0
vt 0 0
vt 0 0
vt 0 0
vt 0 0
vt 0 0
vt 0 0
vt 0 0
vt 0 0
vt 0 0
vt 0 0
vt 0 0
vt 0 0
vt 0 0
vt 0 0
vt 0 0
vt 0 0
vt 0 0
vt 0 0
vt 0 0
vt 0 0
vt 0 0
vt 0 0
vt 0 0
vt 0 0
vt 0 0
vt 0 0
vt 0 0
vt 0 0
vt 0 0
vt 0 0
vt 0 0
vt 0 0
vt 0 0
vt 0 0
vt 0 0
vt 0 0
vt 0 0
vt 0 0
vt 0 0
vt 0 0
vt 0 0
vt 0 0
vt 0 0
vt 0 0
vt 0 0
vt 0 0
vt 0 0
vt 0 0
vt 0 0
vt 0 0
vt 0 0
vt 0 0
vt 0 0
vt 0 0
vt 0 0
vt 0 0
vt 0 0
vt 0 0
vt 0 0
vt 0 0
vt 0 0
vt 0 0
vt 0 0
vt 0 0
vt 0 0
vt 0 0
vt 0 0
vt 0 0
vt 0 0
vt 0 0
vt 0 0
vt 0 0
vt 0 0
vt 0 0
vt 0 0
vt 0 0
vt 0 0
vt 0 0
vt 0 0
vt 0 0
vt 0 0
vt 0 0
vt 0 0
vt 0 0
vt 0 0
vt 0 0
vt 0 0
vt 0 0
vt 0 0
vt 0 0
vt 0 0
vt 0 0
vt 0 0
vt 0 0
vt 0 0
vt 0 0
vt 0 0
vt 0 0
vt 0 0
vt 0 0
vt 0 0
vt 0 0
vt 0 0
vt 0 0
vt 0 0
vt 0 0
vt 0 0
vt 0 0
vt 0 0
vt 0 0
vt 0 0
vt 0 0
vt 0 0
vt 0 0
vt 0 0
vt 0 0
vt 0 0
vt 0 0
vt 0 0
vt 0 0
vt 0 0
vt 0 0
vt 0 0
vt 0 0
vt 0 0
vt 0 0
vt 0 0
vt 0 0
vt 0 0
vt 0 0
vt 0 0
vt 0 0
vt 0 0
vt 0 0
vt 0 0
vt 0 0
vt 0 0
vt 0 0
vt 0 0
vt 0 0
vt 0 0
vt 0 0
vt 0 0
vt 0 0
vt 0 0
vt 0 0
vt 0 0
vt 0 0
vt 0 0
vt 0 0
vt 0 0
vt 0 0
vt 0 0
vt 0 0
vt 0 0
vt 0 0
vt 0 0
vt 0 0
vt 0 0
vt 0 0
vt 0 0
vt 0 0
vt 0 0
vt 0 0
vt 0 0
vt 0 0
vt 0 0
vt 0 0
vt 0 0
vt 0 0
vt 0 0
vt 0 0
vt 0 0
vt 0 0
vt 0 0
vt 0 0
vt 0 0
vt 0 0
vt 0 0
vt 0 0
vt 0 0
vt 0 0
vt 0 0
vt 0 0
vt 0 0
vt 0 0
vt 0 0
vt 0 0
vt 0 0
vt 0 0
vt 0 0
vt 0 0
vt 0 0
vt 0 0
vt 0 0
vt 0 0
vt 0 0
vt 0 0
vt 0 0
vt 0 0
vt 0 0
vt 0 0
vt 0 0
vt 0 0
vt 0 0
vt 0 0
vt 0 0
vt 0 0
vt 0 0
vt 0 0
vt 0 0
vt 0 0
vt 0 0
vt 0 0
vt 0 0
vt 0 0
vt 0 0
vt 0 0
vt 0 0
vt 0 0
vt 0 0
vt 0 0
vt 0 0
vt 0 0
vt 0 0
vt 0 0
vt 0 0
vt 0 0
vt 0 0
vt 0 0
vt 0 0
vt 0 0
vt 0 0
vt 0 0
vt 0 0
vt 0 0
vt 0 0
vt 0 0
vt 0 0
vt 0 0
vt 0 0
vt 0 0
vt 0 0
vt 0 0
vt 0 0
vt 0 0
vt 0 0
vt 0 0
vt 0 0
vt 0 0
vt 0 0
vt 0 0
vt 0 0
vt 0 0
vt 0 0
vt 0 0
vt 0 0
vt 0 0
vt 0 0
vt 0 0
vt 0 0
vt 0 0
vt 0 0
vt 0 0
vt 0 0
vt 0 0
vt 0 0
vt 0 0
vt 0 0
vt 0 0
vt 0 0
vt 0 0
vt 0 0
vt 0 0
vt 0 0
vt 0 0
vt 0 0
vt 0 0
vt 0 0
vt 0 0
vt 0 0
vt 0 0
vt 0 0
vt 0 0
vt 0 0
vt 0 0
vt 0 0
vt 0 0
vt 0 0
vt 0 0
vt 0 0
vt 0 0
vt 0 0
vt 0 0
vt 0 0
vt 0 0
vt 0 0
vt 0 0
vt 0 0
vt 0 0
vt 0 0
vt 0 0
vt 0 0
vt 0 0
vt 0 0
vt 0 0
vt 0 0
vt 0 0
vt 0 0
vt 0 0
vt 0 0
vt 0 0
vt 0 0
vt 0 0
vt 0 0
vt 0 0
vt 0 0
vt 0 0
vt 0 0
vt 0 0
vt 0 0
vt 0 0
vt 0 0
vt 0 0
vt 0 0
vt 0 0
vt 0 0
vt 0 0
vt 0 0
vt 0 0
vt 0 0
vt 0 0
vt 0 0
vt 0 0
vt 0 0
vt 0 0
vt 0 0
vt 0 0
vt 0 0
vt 0 0
vt 0 0
vt 0 0
vt 0 0
vt 0 0
vt 0 0
vt 0 0
vt 0 0
vt 0 0
vt 0 0
vt 0 0
vt 0 0
vt 0 0
vt 0 0
vt 0 0
vt 0 0
vt 0 0
vt 0 0
vt 0 0
vt 0 0
vt 0 0
vt 0 0
vt 0 0
vt 0 0
vt 0 0
vt 0 0
vt 0 0
vt 0 0
vt 0 0
vt 0 0
vt 0 0
vt 0 0
vt 0 0
vt 0 0
vt 0 0
vt 0 0
vt 0 0
vt 0 0
vt 0 0
vt 0 0
vt 0 0
vt 0 0
vt 0 0
vt 0 0
vt 0 0
vt 0 0
vt 0 0
vt 0 0
vt 0 0
vt 0 0
vt 0 0
vt 0 0
vt 0 0
vt 0 0
vt 0 0
vt 0 0
vt 0 0
vt 0 0
vt 0 0
vt 0 0
vt 0 0
vt 0 0
vt 0 0
vt 0 0
vt 0 0
vt 0 0
vt 0 0
vt 0 0
vt 0 0
vt 0 0
vt 0 0
vt 0 0
vt 0 0
vt 0 0
vt 0 0
vt 0 0
vt 0 0
vt 0 0
vt 0 0
vt 0 0
vt 0 0
vt 0 0
vt 0 0
vt 0 0
vt 0 0
vt 0 0
vt 0 0
vt 0 0
vt 0 0
vt 0 0
vt 0 0
vt 0 0
vt 0 0
vt 0 0
vt 0 0
vt 0 0
vt 0 0
vt 0 0
vt 0 0
vt 0 0
vt 0 0
vt 0 0
vt 0 0
vt 0 0
vt 0 0
vt 0 0
vt 0 0
vt 0 0
vt 0 0
vt 0 0
vt 0 0
vt 0 0
vt 0 0
vt 0 0
vt 0 0
vt 0 0
vt 0 0
vt 0 0
vt 0 0
vt 0 0
vt 0 0
vt 0 0
vt 0 0
vt 0 0
vt 0 0
vt 0 0
vt 0 0
vt 0 0
vt 0 0
vt 0 0
vt 0 0
vt 0 0
vt 0 0
vt 0 0
vt 0 0
vt 0 0
vt 0 0
vt 0 0
vt 0 0
vt 0 0
vt 0 0
vt 0 0
vt 0 0
vt 0 0
vt 0 0
vt 0 0
vt 0 0
vt 0 0
vt 0 0
vt 0 0
vt 0 0
vt 0 0
vt 0 0
vt 0 0
vt 0 0
vt 0 0
vt 0 0
vt 0 0
vt 0 0
vt 0 0
vt 0 0
vt 0 0
vt 0 0
vt 0 0
vt 0 0
vt 0 0
vt 0 0
vt 0 0
vt 0 0
vt 0 0
vt 0 0
vt 0 0
vt 0 0
vt 0 0
vt 0 0
vt 0 0
vt 0 0
vt 0 0
vt 0 0
vt 0 0
vt 0 0
vt 0 0
vt 0 0
vt 0 0
vt 0 0
vt 0 0
vt 0 0
vt 0 0
vt 0 0
vt 0 0
vt 0 0
vt 0 0
vt 0 0
vt 0 0
vt 0 0
vt 0 0
vt 0 0
vt 0 0
vt 0 0
vt 0 0
vt 0 0
vt 0 0
vt 0 0
vt 0 0
vt 0 0
vt 0 0
vt 0 0
vt 0 0
vt 0 0
vt 0 0
vt 0 0
vt 0 0
vt 0 0
vt 0 0
vt 0 0
vt 0 0
vt 0 0
vt 0 0
vt 0 0
vt 0 0
vt 0 0
vt 0 0
vt 0 0
vt 0 0
vt 0 0
vt 0 0
vt 0 0
vt 0 0
vt 0 0
vt 0 0
vt 0 0
vt 0 0
vt 0 0
vt 0 0
vt 0 0
vt 0 0
vt 0 0
vt 0 0
vt 0 0
vt 0 0
vt 0 0
vt 0 0
vt 0 0
vt 0 0
vt 0 0
vt 0 0
vt 0 0
vt 0 0
vt 0 0
vt 0 0
vt 0 0
vt 0 0
vt 0 0
vt 0 0
vt 0 0
vt 0 0
vt 0 0
vt 0 0
vt 0 0
vt 0 0
vt 0 0
vt 0 0
vt 0 0
vt 0 0
vt 0 0
vt 0 0
vt 0 0
vt 0 0
vt 0 0
vt 0 0
vt 0 0
vt 0 0
vt 0 0
vt 0 0
vt 0 0
vt 0 0
vt 0 0
vt 0 0
vt 0 0
vt 0 0
vt 0 0
vt 0 0
vt 0 0
vt 0 0
vt 0 0
vt 0 0
vt 0 0
vt 0 0
vt 0 0
vt 0 0
vt 0 0
vt 0 0
vt 0 0
vt 0 0
vt 0 0
vt 0 0
vt 0 0
vt 0 0
vt 0 0
vt 0 0
vt 0 0
vt 0 0
vt 0 0
vt 0 0
vt 0 0
vt 0 0
vt 0 0
vt 0 0
vt 0 0
vt 0 0
vt 0 0
vt 0 0
vt 0 0
vt 0 0
vt 0 0
vt 0 0
vt 0 0
vt 0 0
vt 0 0
vt 0 0
vt 0 0
vt 0 0
vt 0 0
vt 0 0
vt 0 0
vt 0 0
vt 0 0
vt 0 0
vt 0 0
vt 0 0
vt 0 0
vt 0 0
vt 0 0
vt 0 0
vt 0 0
vt 0 0
vt 0 0
vt 0 0
vt 0 0
vt 0 0
vt 0 0
vt 0 0
vt 0 0
vt 0 0
vt 0 0
vt 0 0
vt 0 0
vt 0 0
vt 0 0
vt 0 0
vt 0 0
vt 0 0
vt 0 0
vt 0 0
vt 0 0
vt 0 0
vt 0 0
vt 0 0
vt 0 0
vt 0 0
vt 0 0
vt 0 0
vt 0 0
vt 0 0
vt 0 0
vt 0 0
vt 0 0
vt 0 0
vt 0 0
vt 0 0
vt 0 0
vt 0 0
vt 0 0
vt 0 0
vt 0 0
vt 0 0
vt 0 0
vt 0 0
vt 0 0
vt 0 0
vt 0 0
vt 0 0
vt 0 0
vt 0 0
vt 0 0
vt 0 0
vt 0 0
vt 0 0
vt 0 0
vt 0 0
vt 0 0
vt 0 0
vt 0 0
vt 0 0
vt 0 0
vt 0 0
vt 0 0
vt 0 0
vt 0 0
vt 0 0
vt 0 0
vt 0 0
vt 0 0
vt 0 0
vt 0 0
vt 0 0
vt 0 0
vt 0 0
vt 0 0
vt 0 0
vt 0 0
vt 0 0
vt 0 0
vt 0 0
vt 0 0
vt 0 0
vt 0 0
vt 0 0
vt 0 0
vt 0 0
vt 0 0
vt 0 0
vt 0 0
vt 0 0
vt 0 0
vt 0 0
vt 0 0
vt 0 0
vt 0 0
vt 0 0
vt 0 0
vt 0 0
vt 0 0
vt 0 0
vt 0 0
vt 0 0
vt 0 0
vt 0 0
vt 0 0
vt 0 0
vt 0 0
vt 0 0
vt 0 0
vt 0 0
vt 0 0
vt 0 0
vt 0 0
vt 0 0
vt 0 0
vt 0 0
vt 0 0
vt 0 0
vt 0 0
vt 0 0
vt 0 0
vt 0 0
vt 0 0
vt 0 0
vt 0 0
vt 0 0
vt 0 0
vt 0 0
vt 0 0
vt 0 0
vt 0 0
vt 0 0
vt 0 0
vt 0 0
vt 0 0
vt 0 0
vt 0 0
vt 0 0
vt 0 0
vt 0 0
vt 0 0
vt 0 0
vt 0 0
vt 0 0
vt 0 0
vt 0 0
vt 0 0
vt 0 0
vt 0 0
vt 0 0
vt 0 0
vt 0 0
vt 0 0
vt 0 0
vt 0 0
vt 0 0
vt 0 0
vt 0 0
vt 0 0
vt 0 0
vt 0 0
vt 0 0
vt 0 0
vt 0 0
vt 0 0
vt 0 0
vt 0 0
vt 0 0
vt 0 0
vt 0 0
vt 0 0
vt 0 0
vt 0 0
vt 0 0
vt 0 0
vt 0 0
vt 0 0
vt 0 0
vt 0 0
vt 0 0
vt 0 0
vt 0 0
vt 0 0
vt 0 0
vt 0 0
vt 0 0
vt 0 0
vt 0 0
vt 0 0
vt 0 0
vt 0 0
vt 0 0
vt 0 0
vt 0 0
vt 0 0
vt 0 0
vt 0 0
vt 0 0
vt 0 0
vt 0 0
vt 0 0
vt 0 0
vt 0 0
vt 0 0
vt 0 0
vt 0 0
vt 0 0
vt 0 0
vt 0 0
vt 0 0
vt 0 0
vt 0 0
vt 0 0
vt 0 0
vt 0 0
vt 0 0
vt 0 0
vt 0 0
vt 0 0
vt 0 0
vt 0 0
vt 0 0
vt 0 0
vt 0 0
vt 0 0
vt 0 0
vt 0 0
vt 0 0
vt 0 0
vt 0 0
vt 0 0
vt 0 0
vt 0 0
vt 0 0
vt 0 0
vt 0 0
vt 0 0
vt 0 0
vt 0 0
vt 0 0
vt 0 0
vt 0 0
vt 0 0
vt 0 0
vt 0 0
vt 0 0
vt 0 0
vt 0 0
vt 0 0
vt 0 0
vt 0 0
vt 0 0
vt 0 0
vt 0 0
vt 0 0
vt 0 0
vt 0 0
vt 0 0
vt 0 0
vt 0 0
vt 0 0
vt 0 0
vt 0 0
vt 0 0
vt 0 0
vt 0 0
vt 0 0
vt 0 0
vt 0 0
vt 0 0
vt 0 0
vt 0 0
vt 0 0
vt 0 0
vt 0 0

f 3/1/3 2/1/2 1/1/1
f 12/1/12 5/1/5 1/1/1
f 7/1/7 2/1/2 3/1/3
f 2/1/2 13/1/13 1/1/1
f 13/1/13 2/1/2 7/1/7
f 4/1/4 5/1/5 25/1/25
f 14/1/14 4/1/4 25/1/25
f 4/1/4 10/1/10 3/1/3
f 5/1/5 4/1/4 3/1/3
f 1/1/1 5/1/5 3/1/3
f 1/1/1 6/1/6 12/1/12
f 3/1/3 10/1/10 18/1/18
f 6/1/6 1/1/1 13/1/13
f 7/1/7 3/1/3 18/1/18
f 7/1/7 18/1/18 9/1/9
f 13/1/13 7/1/7 9/1/9
f 8/1/8 13/1/13 9/1/9
f 22/1/22 8/1/8 9/1/9
f 4/1/4 14/1/14 10/1/10
f 5/1/5 12/1/12 16/1/16
f 6/1/6 13/1/13 21/1/21
f 13/1/13 8/1/8 21/1/21
f 21/1/21 8/1/8 22/1/22
f 22/1/22 9/1/9 32/1/32
f 14/1/14 25/1/25 24/1/24
f 25/1/25 5/1/5 16/1/16
f 14/1/14 11/1/11 10/1/10
f 10/1/10 11/1/11 15/1/15
f 16/1/16 12/1/12 6/1/6
f 17/1/17 16/1/16 6/1/6
f 17/1/17 6/1/6 21/1/21
f 21/1/21 28/1/28 17/1/17
f 18/1/18 20/1/20 19/1/19
f 18/1/18 19/1/19 9/1/9
f 21/1/21 22/1/22 31/1/31
f 19/1/19 32/1/32 9/1/9
f 21/1/21 31/1/31 30/1/30
f 14/1/14 23/1/23 11/1/11
f 23/1/23 14/1/14 24/1/24
f 25/1/25 16/1/16 26/1/26
f 17/1/17 27/1/27 16/1/16
f 27/1/27 17/1/17 28/1/28
f 10/1/10 15/1/15 18/1/18
f 21/1/21 30/1/30 28/1/28
f 19/1/19 20/1/20 33/1/33
f 19/1/19 33/1/33 32/1/32
f 32/1/32 39/1/39 22/1/22
f 11/1/11 23/1/23 41/1/41
f 26/1/26 24/1/24 25/1/25
f 11/1/11 46/1/46 15/1/15
f 26/1/26 27/1/27 35/1/35
f 16/1/16 27/1/27 26/1/26
f 29/1/29 27/1/27 28/1/28
f 18/1/18 15/1/15 20/1/20
f 28/1/28 30/1/30 29/1/29
f 30/1/30 31/1/31 39/1/39
f 39/1/39 55/1/55 30/1/30
f 31/1/31 22/1/22 39/1/39
f 32/1/32 33/1/33 56/1/56
f 34/1/34 24/1/24 26/1/26
f 11/1/11 41/1/41 46/1/46
f 15/1/15 46/1/46 36/1/36
f 27/1/27 37/1/37 35/1/35
f 29/1/29 37/1/37 27/1/27
f 38/1/38 29/1/29 30/1/30
f 39/1/39 32/1/32 40/1/40
f 23/1/23 44/1/44 41/1/41
f 23/1/23 24/1/24 57/1/57
f 24/1/24 34/1/34 43/1/43
f 26/1/26 42/1/42 34/1/34
f 35/1/35 42/1/42 26/1/26
f 48/1/48 37/1/37 29/1/29
f 15/1/15 50/1/50 20/1/20
f 33/1/33 20/1/20 51/1/51
f 30/1/30 55/1/55 38/1/38
f 55/1/55 39/1/39 67/1/67
f 56/1/56 33/1/33 66/1/66
f 56/1/56 40/1/40 32/1/32
f 56/1/56 69/1/69 40/1/40
f 23/1/23 57/1/57 44/1/44
f 57/1/57 24/1/24 43/1/43
f 41/1/41 53/1/53 46/1/46
f 35/1/35 47/1/47 42/1/42
f 35/1/35 37/1/37 47/1/47
f 36/1/36 50/1/50 15/1/15
f 48/1/48 29/1/29 38/1/38
f 50/1/50 51/1/51 20/1/20
f 51/1/51 73/1/73 33/1/33
f 39/1/39 40/1/40 67/1/67
f 43/1/43 52/1/52 57/1/57
f 41/1/41 44/1/44 53/1/53
f 42/1/42 45/1/45 34/1/34
f 47/1/47 60/1/60 42/1/42
f 46/1/46 86/1/86 36/1/36
f 62/1/62 47/1/47 37/1/37
f 62/1/62 37/1/37 48/1/48
f 62/1/62 48/1/48 49/1/49
f 49/1/49 63/1/63 62/1/62
f 49/1/49 48/1/48 38/1/38
f 38/1/38 55/1/55 54/1/54
f 67/1/67 40/1/40 74/1/74
f 40/1/40 69/1/69 74/1/74
f 57/1/57 70/1/70 44/1/44
f 59/1/59 53/1/53 44/1/44
f 34/1/34 45/1/45 43/1/43
f 84/1/84 46/1/46 53/1/53
f 45/1/45 42/1/42 60/1/60
f 117/1/117 86/1/86 46/1/46
f 47/1/47 62/1/62 60/1/60
f 86/1/86 50/1/50 36/1/36
f 63/1/63 49/1/49 64/1/64
f 49/1/49 38/1/38 64/1/64
f 73/1/73 66/1/66 33/1/33
f 69/1/69 56/1/56 68/1/68
f 70/1/70 59/1/59 44/1/44
f 52/1/52 43/1/43 58/1/58
f 45/1/45 71/1/71 43/1/43
f 60/1/60 76/1/76 45/1/45
f 62/1/62 61/1/61 60/1/60
f 61/1/61 62/1/62 63/1/63
f 77/1/77 61/1/61 63/1/63
f 77/1/77 63/1/63 64/1/64
f 50/1/50 87/1/87 51/1/51
f 38/1/38 54/1/54 64/1/64
f 73/1/73 51/1/51 65/1/65
f 54/1/54 55/1/55 78/1/78
f 56/1/56 66/1/66 68/1/68
f 69/1/69 81/1/81 74/1/74
f 69/1/69 68/1/68 81/1/81
f 70/1/70 57/1/57 58/1/58
f 57/1/57 52/1/52 58/1/58
f 71/1/71 58/1/58 43/1/43
f 45/1/45 93/1/93 71/1/71
f 53/1/53 95/1/95 84/1/84
f 45/1/45 76/1/76 93/1/93
f 84/1/84 116/1/116 46/1/46
f 116/1/116 117/1/117 46/1/46
f 61/1/61 76/1/76 60/1/60
f 76/1/76 61/1/61 72/1/72
f 64/1/64 88/1/88 77/1/77
f 65/1/65 51/1/51 87/1/87
f 54/1/54 99/1/99 64/1/64
f 104/1/104 66/1/66 73/1/73
f 104/1/104 79/1/79 66/1/66
f 55/1/55 67/1/67 78/1/78
f 78/1/78 67/1/67 80/1/80
f 67/1/67 74/1/74 80/1/80
f 75/1/75 82/1/82 70/1/70
f 70/1/70 82/1/82 59/1/59
f 75/1/75 70/1/70 58/1/58
f 83/1/83 75/1/75 58/1/58
f 83/1/83 58/1/58 71/1/71
f 71/1/71 91/1/91 83/1/83
f 59/1/59 95/1/95 53/1/53
f 93/1/93 91/1/91 71/1/71
f 72/1/72 77/1/77 96/1/96
f 77/1/77 72/1/72 61/1/61
f 86/1/86 87/1/87 50/1/50
f 119/1/119 73/1/73 65/1/65
f 54/1/54 113/1/113 99/1/99
f 79/1/79 68/1/68 66/1/66
f 89/1/89 74/1/74 81/1/81
f 81/1/81 68/1/68 114/1/114
f 83/1/83 91/1/91 90/1/90
f 86/1/86 117/1/117 103/1/103
f 98/1/98 77/1/77 88/1/88
f 88/1/88 64/1/64 99/1/99
f 119/1/119 104/1/104 73/1/73
f 78/1/78 100/1/100 54/1/54
f 54/1/54 100/1/100 113/1/113
f 80/1/80 74/1/74 89/1/89
f 81/1/81 114/1/114 89/1/89
f 115/1/115 59/1/59 82/1/82
f 75/1/75 83/1/83 107/1/107
f 92/1/92 90/1/90 93/1/93
f 93/1/93 90/1/90 91/1/91
f 94/1/94 92/1/92 93/1/93
f 94/1/94 93/1/93 76/1/76
f 85/1/85 94/1/94 76/1/76
f 136/1/136 84/1/84 95/1/95
f 85/1/85 72/1/72 109/1/109
f 72/1/72 85/1/85 76/1/76
f 72/1/72 96/1/96 109/1/109
f 96/1/96 77/1/77 98/1/98
f 88/1/88 97/1/97 98/1/98
f 86/1/86 103/1/103 87/1/87
f 103/1/103 65/1/65 87/1/87
f 88/1/88 99/1/99 113/1/113
f 100/1/100 78/1/78 105/1/105
f 78/1/78 80/1/80 106/1/106
f 105/1/105 78/1/78 106/1/106
f 101/1/101 68/1/68 79/1/79
f 114/1/114 68/1/68 101/1/101
f 89/1/89 114/1/114 134/1/134
f 75/1/75 107/1/107 82/1/82
f 59/1/59 115/1/115 102/1/102
f 90/1/90 107/1/107 83/1/83
f 59/1/59 102/1/102 95/1/95
f 98/1/98 127/1/127 96/1/96
f 88/1/88 111/1/111 97/1/97
f 119/1/119 131/1/131 104/1/104
f 113/1/113 100/1/100 132/1/132
f 121/1/121 106/1/106 80/1/80
f 121/1/121 80/1/80 89/1/89
f 82/1/82 107/1/107 141/1/141
f 107/1/107 90/1/90 122/1/122
f 92/1/92 94/1/94 123/1/123
f 94/1/94 85/1/85 108/1/108
f 109/1/109 108/1/108 85/1/85
f 127/1/127 109/1/109 96/1/96
f 97/1/97 110/1/110 127/1/127
f 98/1/98 97/1/97 127/1/127
f 111/1/111 88/1/88 112/1/112
f 112/1/112 88/1/88 118/1/118
f 88/1/88 113/1/113 118/1/118
f 131/1/131 151/1/151 104/1/104
f 146/1/146 79/1/79 104/1/104
f 152/1/152 100/1/100 105/1/105
f 82/1/82 135/1/135 115/1/115
f 123/1/123 90/1/90 92/1/92
f 123/1/123 94/1/94 108/1/108
f 136/1/136 116/1/116 84/1/84
f 109/1/109 127/1/127 126/1/126
f 128/1/128 127/1/127 110/1/110
f 110/1/110 97/1/97 111/1/111
f 103/1/103 119/1/119 65/1/65
f 112/1/112 130/1/130 111/1/111
f 132/1/132 118/1/118 113/1/113
f 151/1/151 146/1/146 104/1/104
f 100/1/100 152/1/152 132/1/132
f 105/1/105 106/1/106 120/1/120
f 152/1/152 105/1/105 120/1/120
f 114/1/114 101/1/101 140/1/140
f 148/1/148 89/1/89 134/1/134
f 141/1/141 107/1/107 142/1/142
f 135/1/135 82/1/82 141/1/141
f 122/1/122 142/1/142 107/1/107
f 135/1/135 102/1/102 115/1/115
f 90/1/90 123/1/123 122/1/122
f 102/1/102 136/1/136 95/1/95
f 125/1/125 124/1/124 123/1/123
f 125/1/125 123/1/123 108/1/108
f 126/1/126 144/1/144 108/1/108
f 126/1/126 108/1/108 109/1/109
f 128/1/128 126/1/126 127/1/127
f 137/1/137 126/1/126 128/1/128
f 137/1/137 128/1/128 110/1/110
f 129/1/129 137/1/137 110/1/110
f 129/1/129 110/1/110 111/1/111
f 111/1/111 138/1/138 129/1/129
f 117/1/117 150/1/150 103/1/103
f 145/1/145 118/1/118 132/1/132
f 79/1/79 146/1/146 147/1/147
f 120/1/120 106/1/106 133/1/133
f 133/1/133 106/1/106 121/1/121
f 89/1/89 148/1/148 121/1/121
f 134/1/134 114/1/114 140/1/140
f 124/1/124 143/1/143 123/1/123
f 123/1/123 143/1/143 122/1/122
f 138/1/138 111/1/111 130/1/130
f 103/1/103 150/1/150 119/1/119
f 130/1/130 112/1/112 168/1/168
f 152/1/152 139/1/139 132/1/132
f 79/1/79 147/1/147 101/1/101
f 140/1/140 101/1/101 147/1/147
f 142/1/142 143/1/143 155/1/155
f 143/1/143 142/1/142 122/1/122
f 124/1/124 125/1/125 143/1/143
f 102/1/102 177/1/177 136/1/136
f 108/1/108 144/1/144 125/1/125
f 129/1/129 138/1/138 173/1/173
f 130/1/130 161/1/161 138/1/138
f 188/1/188 168/1/168 112/1/112
f 132/1/132 139/1/139 145/1/145
f 169/1/169 147/1/147 146/1/146
f 121/1/121 153/1/153 133/1/133
f 153/1/153 121/1/121 148/1/148
f 140/1/140 162/1/162 134/1/134
f 162/1/162 148/1/148 134/1/134
f 140/1/140 154/1/154 162/1/162
f 160/1/160 135/1/135 141/1/141
f 155/1/155 141/1/141 142/1/142
f 155/1/155 143/1/143 156/1/156
f 136/1/136 177/1/177 158/1/158
f 158/1/158 116/1/116 136/1/136
f 126/1/126 137/1/137 166/1/166
f 166/1/166 137/1/137 167/1/167
f 137/1/137 149/1/149 167/1/167
f 137/1/137 129/1/129 149/1/149
f 116/1/116 172/1/172 117/1/117
f 149/1/149 129/1/129 173/1/173
f 173/1/173 138/1/138 161/1/161
f 150/1/150 131/1/131 119/1/119
f 168/1/168 161/1/161 130/1/130
f 188/1/188 112/1/112 118/1/118
f 131/1/131 174/1/174 151/1/151
f 118/1/118 145/1/145 188/1/188
f 151/1/151 175/1/175 146/1/146
f 175/1/175 169/1/169 146/1/146
f 147/1/147 154/1/154 140/1/140
f 155/1/155 160/1/160 141/1/141
f 135/1/135 157/1/157 102/1/102
f 102/1/102 157/1/157 177/1/177
f 125/1/125 156/1/156 143/1/143
f 144/1/144 165/1/165 125/1/125
f 166/1/166 165/1/165 126/1/126
f 126/1/126 165/1/165 144/1/144
f 158/1/158 172/1/172 116/1/116
f 172/1/172 159/1/159 117/1/117
f 117/1/117 159/1/159 150/1/150
f 194/1/194 174/1/174 131/1/131
f 139/1/139 152/1/152 180/1/180
f 152/1/152 120/1/120 180/1/180
f 133/1/133 170/1/170 120/1/120
f 201/1/201 147/1/147 169/1/169
f 201/1/201 154/1/154 147/1/147
f 133/1/133 153/1/153 170/1/170
f 160/1/160 155/1/155 191/1/191
f 135/1/135 160/1/160 157/1/157
f 155/1/155 156/1/156 163/1/163
f 150/1/150 194/1/194 131/1/131
f 174/1/174 175/1/175 151/1/151
f 175/1/175 219/1/219 169/1/169
f 139/1/139 180/1/180 200/1/200
f 120/1/120 170/1/170 180/1/180
f 163/1/163 191/1/191 155/1/155
f 156/1/156 171/1/171 163/1/163
f 197/1/197 157/1/157 160/1/160
f 156/1/156 125/1/125 192/1/192
f 125/1/125 165/1/165 203/1/203
f 166/1/166 167/1/167 205/1/205
f 213/1/213 172/1/172 158/1/158
f 150/1/150 214/1/214 194/1/194
f 174/1/174 187/1/187 175/1/175
f 170/1/170 153/1/153 202/1/202
f 153/1/153 148/1/148 181/1/181
f 189/1/189 162/1/162 154/1/154
f 162/1/162 190/1/190 148/1/148
f 157/1/157 164/1/164 177/1/177
f 166/1/166 205/1/205 165/1/165
f 159/1/159 214/1/214 150/1/150
f 161/1/161 168/1/168 250/1/250
f 188/1/188 145/1/145 226/1/226
f 139/1/139 200/1/200 145/1/145
f 169/1/169 219/1/219 201/1/201
f 162/1/162 189/1/189 190/1/190
f 171/1/171 176/1/176 163/1/163
f 160/1/160 191/1/191 197/1/197
f 171/1/171 156/1/156 192/1/192
f 157/1/157 197/1/197 164/1/164
f 203/1/203 192/1/192 125/1/125
f 165/1/165 205/1/205 203/1/203
f 167/1/167 178/1/178 205/1/205
f 184/1/184 158/1/158 177/1/177
f 173/1/173 185/1/185 149/1/149
f 172/1/172 193/1/193 159/1/159
f 186/1/186 173/1/173 179/1/179
f 179/1/179 173/1/173 161/1/161
f 168/1/168 232/1/232 250/1/250
f 232/1/232 168/1/168 188/1/188
f 216/1/216 187/1/187 174/1/174
f 180/1/180 170/1/170 208/1/208
f 189/1/189 154/1/154 201/1/201
f 202/1/202 153/1/153 181/1/181
f 181/1/181 148/1/148 190/1/190
f 163/1/163 176/1/176 182/1/182
f 171/1/171 182/1/182 176/1/176
f 164/1/164 198/1/198 177/1/177
f 178/1/178 167/1/167 183/1/183
f 167/1/167 149/1/149 183/1/183
f 213/1/213 158/1/158 184/1/184
f 213/1/213 193/1/193 172/1/172
f 186/1/186 185/1/185 173/1/173
f 194/1/194 216/1/216 174/1/174
f 170/1/170 202/1/202 208/1/208
f 190/1/190 189/1/189 220/1/220
f 191/1/191 163/1/163 182/1/182
f 171/1/171 196/1/196 182/1/182
f 192/1/192 196/1/196 171/1/171
f 204/1/204 164/1/164 197/1/197
f 198/1/198 164/1/164 204/1/204
f 205/1/205 178/1/178 206/1/206
f 177/1/177 198/1/198 184/1/184
f 149/1/149 185/1/185 183/1/183
f 179/1/179 161/1/161 250/1/250
f 232/1/232 188/1/188 218/1/218
f 188/1/188 226/1/226 218/1/218
f 175/1/175 187/1/187 219/1/219
f 226/1/226 145/1/145 200/1/200
f 219/1/219 243/1/243 201/1/201
f 200/1/200 180/1/180 208/1/208
f 201/1/201 244/1/244 189/1/189
f 189/1/189 244/1/244 220/1/220
f 190/1/190 220/1/220 228/1/228
f 195/1/195 191/1/191 182/1/182
f 191/1/191 195/1/195 210/1/210
f 191/1/191 210/1/210 197/1/197
f 196/1/196 192/1/192 223/1/223
f 186/1/186 179/1/179 215/1/215
f 214/1/214 216/1/216 194/1/194
f 199/1/199 226/1/226 200/1/200
f 181/1/181 209/1/209 202/1/202
f 209/1/209 181/1/181 235/1/235
f 203/1/203 205/1/205 212/1/212
f 205/1/205 206/1/206 212/1/212
f 178/1/178 183/1/183 206/1/206
f 207/1/207 183/1/183 185/1/185
f 230/1/230 185/1/185 186/1/186
f 159/1/159 193/1/193 214/1/214
f 179/1/179 250/1/250 215/1/215
f 208/1/208 199/1/199 200/1/200
f 199/1/199 208/1/208 233/1/233
f 244/1/244 201/1/201 243/1/243
f 208/1/208 209/1/209 234/1/234
f 209/1/209 208/1/208 202/1/202
f 227/1/227 235/1/235 190/1/190
f 181/1/181 190/1/190 235/1/235
f 182/1/182 247/1/247 195/1/195
f 223/1/223 221/1/221 196/1/196
f 197/1/197 210/1/210 204/1/204
f 203/1/203 211/1/211 192/1/192
f 192/1/192 211/1/211 223/1/223
f 203/1/203 212/1/212 211/1/211
f 198/1/198 224/1/224 184/1/184
f 213/1/213 240/1/240 193/1/193
f 214/1/214 193/1/193 249/1/249
f 249/1/249 216/1/216 214/1/214
f 225/1/225 232/1/232 218/1/218
f 187/1/187 242/1/242 219/1/219
f 228/1/228 227/1/227 190/1/190
f 182/1/182 196/1/196 221/1/221
f 195/1/195 247/1/247 210/1/210
f 222/1/222 221/1/221 223/1/223
f 211/1/211 222/1/222 223/1/223
f 212/1/212 229/1/229 211/1/211
f 212/1/212 238/1/238 229/1/229
f 206/1/206 238/1/238 212/1/212
f 206/1/206 183/1/183 239/1/239
f 239/1/239 183/1/183 207/1/207
f 184/1/184 268/1/268 275/1/275
f 184/1/184 275/1/275 213/1/213
f 275/1/275 240/1/240 213/1/213
f 230/1/230 186/1/186 231/1/231
f 240/1/240 249/1/249 193/1/193
f 216/1/216 251/1/251 187/1/187
f 187/1/187 251/1/251 217/1/217
f 226/1/226 225/1/225 218/1/218
f 219/1/219 242/1/242 243/1/243
f 182/1/182 221/1/221 236/1/236
f 221/1/221 222/1/222 246/1/246
f 210/1/210 260/1/260 204/1/204
f 268/1/268 184/1/184 224/1/224
f 185/1/185 230/1/230 207/1/207
f 186/1/186 215/1/215 231/1/231
f 216/1/216 241/1/241 251/1/251
f 187/1/187 217/1/217 242/1/242
f 226/1/226 199/1/199 299/1/299
f 235/1/235 227/1/227 245/1/245
f 271/1/271 228/1/228 220/1/220
f 228/1/228 271/1/271 258/1/258
f 228/1/228 258/1/258 227/1/227
f 182/1/182 236/1/236 247/1/247
f 246/1/246 236/1/236 221/1/221
f 280/1/280 210/1/210 247/1/247
f 229/1/229 222/1/222 211/1/211
f 238/1/238 237/1/237 229/1/229
f 239/1/239 238/1/238 206/1/206
f 204/1/204 224/1/224 198/1/198
f 255/1/255 207/1/207 230/1/230
f 230/1/230 231/1/231 255/1/255
f 215/1/215 256/1/256 231/1/231
f 215/1/215 250/1/250 256/1/256
f 263/1/263 244/1/244 243/1/243
f 299/1/299 199/1/199 233/1/233
f 208/1/208 234/1/234 233/1/233
f 209/1/209 235/1/235 321/1/321
f 222/1/222 229/1/229 252/1/252
f 229/1/229 237/1/237 252/1/252
f 210/1/210 280/1/280 260/1/260
f 283/1/283 239/1/239 254/1/254
f 239/1/239 207/1/207 254/1/254
f 267/1/267 207/1/207 255/1/255
f 275/1/275 261/1/261 240/1/240
f 240/1/240 261/1/261 249/1/249
f 249/1/249 241/1/241 216/1/216
f 256/1/256 250/1/250 269/1/269
f 242/1/242 298/1/298 243/1/243
f 243/1/243 298/1/298 263/1/263
f 233/1/233 309/1/309 299/1/299
f 309/1/309 233/1/233 257/1/257
f 235/1/235 245/1/245 321/1/321
f 234/1/234 209/1/209 321/1/321
f 236/1/236 246/1/246 272/1/272
f 246/1/246 264/1/264 272/1/272
f 222/1/222 259/1/259 264/1/264
f 279/1/279 248/1/248 247/1/247
f 236/1/236 279/1/279 247/1/247
f 264/1/264 246/1/246 222/1/222
f 247/1/247 248/1/248 280/1/280
f 222/1/222 252/1/252 259/1/259
f 253/1/253 252/1/252 237/1/237
f 238/1/238 253/1/253 237/1/237
f 238/1/238 266/1/266 253/1/253
f 239/1/239 266/1/266 238/1/238
f 239/1/239 283/1/283 266/1/266
f 267/1/267 254/1/254 207/1/207
f 292/1/292 268/1/268 224/1/224
f 306/1/306 267/1/267 255/1/255
f 274/1/274 306/1/306 255/1/255
f 255/1/255 231/1/231 274/1/274
f 269/1/269 250/1/250 296/1/296
f 241/1/241 217/1/217 251/1/251
f 296/1/296 250/1/250 232/1/232
f 242/1/242 217/1/217 262/1/262
f 297/1/297 225/1/225 226/1/226
f 263/1/263 270/1/270 244/1/244
f 257/1/257 233/1/233 234/1/234
f 220/1/220 244/1/244 270/1/270
f 220/1/220 270/1/270 271/1/271
f 258/1/258 271/1/271 288/1/288
f 272/1/272 279/1/279 236/1/236
f 261/1/261 307/1/307 249/1/249
f 231/1/231 256/1/256 276/1/276
f 249/1/249 307/1/307 241/1/241
f 241/1/241 285/1/285 217/1/217
f 232/1/232 225/1/225 296/1/296
f 242/1/242 262/1/262 298/1/298
f 299/1/299 297/1/297 226/1/226
f 271/1/271 270/1/270 311/1/311
f 227/1/227 258/1/258 245/1/245
f 277/1/277 272/1/272 264/1/264
f 259/1/259 277/1/277 264/1/264
f 259/1/259 252/1/252 265/1/265
f 280/1/280 248/1/248 290/1/290
f 252/1/252 253/1/253 265/1/265
f 265/1/265 253/1/253 273/1/273
f 281/1/281 253/1/253 266/1/266
f 281/1/281 266/1/266 283/1/283
f 260/1/260 224/1/224 204/1/204
f 284/1/284 283/1/283 254/1/254
f 291/1/291 267/1/267 306/1/306
f 231/1/231 276/1/276 274/1/274
f 318/1/318 296/1/296 225/1/225
f 225/1/225 297/1/297 318/1/318
f 258/1/258 288/1/288 287/1/287
f 344/1/344 258/1/258 287/1/287
f 278/1/278 277/1/277 259/1/259
f 248/1/248 279/1/279 290/1/290
f 284/1/284 254/1/254 291/1/291
f 291/1/291 254/1/254 267/1/267
f 293/1/293 306/1/306 274/1/274
f 276/1/276 293/1/293 274/1/274
f 321/1/321 257/1/257 234/1/234
f 321/1/321 245/1/245 286/1/286
f 245/1/245 258/1/258 344/1/344
f 271/1/271 311/1/311 288/1/288
f 272/1/272 277/1/277 289/1/289
f 265/1/265 278/1/278 259/1/259
f 265/1/265 301/1/301 278/1/278
f 289/1/289 279/1/279 272/1/272
f 273/1/273 301/1/301 265/1/265
f 282/1/282 281/1/281 283/1/283
f 284/1/284 282/1/282 283/1/283
f 268/1/268 292/1/292 275/1/275
f 275/1/275 350/1/350 261/1/261
f 261/1/261 294/1/294 307/1/307
f 295/1/295 276/1/276 256/1/256
f 307/1/307 285/1/285 241/1/241
f 285/1/285 310/1/310 217/1/217
f 217/1/217 310/1/310 262/1/262
f 270/1/270 355/1/355 311/1/311
f 289/1/289 300/1/300 279/1/279
f 280/1/280 290/1/290 358/1/358
f 253/1/253 281/1/281 273/1/273
f 260/1/260 280/1/280 304/1/304
f 224/1/224 260/1/260 304/1/304
f 282/1/282 284/1/284 327/1/327
f 284/1/284 291/1/291 305/1/305
f 350/1/350 275/1/275 292/1/292
f 261/1/261 350/1/350 294/1/294
f 256/1/256 269/1/269 295/1/295
f 317/1/317 298/1/298 262/1/262
f 308/1/308 297/1/297 299/1/299
f 263/1/263 298/1/298 331/1/331
f 331/1/331 270/1/270 263/1/263
f 257/1/257 321/1/321 320/1/320
f 344/1/344 286/1/286 245/1/245
f 288/1/288 322/1/322 287/1/287
f 289/1/289 277/1/277 313/1/313
f 278/1/278 313/1/313 277/1/277
f 314/1/314 313/1/313 278/1/278
f 301/1/301 314/1/314 278/1/278
f 300/1/300 290/1/290 279/1/279
f 273/1/273 302/1/302 301/1/301
f 281/1/281 302/1/302 273/1/273
f 281/1/281 303/1/303 337/1/337
f 281/1/281 282/1/282 303/1/303
f 282/1/282 327/1/327 303/1/303
f 304/1/304 338/1/338 224/1/224
f 327/1/327 284/1/284 305/1/305
f 224/1/224 328/1/328 292/1/292
f 340/1/340 305/1/305 291/1/291
f 306/1/306 340/1/340 291/1/291
f 315/1/315 340/1/340 306/1/306
f 315/1/315 306/1/306 293/1/293
f 296/1/296 330/1/330 269/1/269
f 296/1/296 318/1/318 343/1/343
f 296/1/296 343/1/343 330/1/330
f 317/1/317 262/1/262 310/1/310
f 309/1/309 319/1/319 299/1/299
f 355/1/355 270/1/270 331/1/331
f 288/1/288 311/1/311 312/1/312
f 322/1/322 288/1/288 312/1/312
f 314/1/314 301/1/301 325/1/325
f 301/1/301 302/1/302 325/1/325
f 304/1/304 280/1/280 358/1/358
f 281/1/281 335/1/335 302/1/302
f 335/1/335 281/1/281 337/1/337
f 338/1/338 328/1/328 224/1/224
f 292/1/292 362/1/362 350/1/350
f 293/1/293 351/1/351 315/1/315
f 318/1/318 297/1/297 308/1/308
f 308/1/308 299/1/299 363/1/363
f 319/1/319 363/1/363 299/1/299
f 319/1/319 309/1/309 257/1/257
f 344/1/344 287/1/287 322/1/322
f 313/1/313 314/1/314 324/1/324
f 327/1/327 346/1/346 303/1/303
f 305/1/305 340/1/340 349/1/349
f 292/1/292 328/1/328 362/1/362
f 341/1/341 340/1/340 315/1/315
f 341/1/341 315/1/315 351/1/351
f 276/1/276 342/1/342 293/1/293
f 352/1/352 307/1/307 294/1/294
f 276/1/276 295/1/295 342/1/342
f 285/1/285 307/1/307 352/1/352
f 295/1/295 269/1/269 316/1/316
f 269/1/269 330/1/330 316/1/316
f 330/1/330 347/1/347 316/1/316
f 298/1/298 386/1/386 331/1/331
f 364/1/364 320/1/320 321/1/321
f 322/1/322 312/1/312 356/1/356
f 323/1/323 313/1/313 324/1/324
f 323/1/323 289/1/289 313/1/313
f 300/1/300 357/1/357 290/1/290
f 290/1/290 381/1/381 358/1/358
f 302/1/302 335/1/335 325/1/325
f 337/1/337 336/1/336 335/1/335
f 337/1/337 303/1/303 326/1/326
f 327/1/327 339/1/339 346/1/346
f 339/1/339 327/1/327 305/1/305
f 351/1/351 293/1/293 342/1/342
f 329/1/329 317/1/317 310/1/310
f 343/1/343 347/1/347 330/1/330
f 317/1/317 386/1/386 298/1/298
f 319/1/319 257/1/257 320/1/320
f 286/1/286 364/1/364 321/1/321
f 311/1/311 355/1/355 377/1/377
f 344/1/344 322/1/322 332/1/332
f 312/1/312 345/1/345 356/1/356
f 356/1/356 332/1/332 322/1/322
f 371/1/371 289/1/289 323/1/323
f 371/1/371 300/1/300 289/1/289
f 324/1/324 314/1/314 333/1/333
f 314/1/314 325/1/325 333/1/333
f 357/1/357 381/1/381 290/1/290
f 334/1/334 325/1/325 335/1/335
f 359/1/359 390/1/390 304/1/304
f 303/1/303 346/1/346 326/1/326
f 328/1/328 338/1/338 361/1/361
f 339/1/339 305/1/305 349/1/349
f 341/1/341 349/1/349 340/1/340
f 351/1/351 367/1/367 341/1/341
f 350/1/350 352/1/352 294/1/294
f 342/1/342 295/1/295 316/1/316
f 285/1/285 369/1/369 310/1/310
f 364/1/364 286/1/286 370/1/370
f 311/1/311 377/1/377 345/1/345
f 312/1/312 311/1/311 345/1/345
f 325/1/325 334/1/334 333/1/333
f 304/1/304 358/1/358 359/1/359
f 360/1/360 336/1/336 337/1/337
f 360/1/360 337/1/337 326/1/326
f 350/1/350 362/1/362 374/1/374
f 342/1/342 316/1/316 353/1/353
f 310/1/310 403/1/403 329/1/329
f 347/1/347 343/1/343 354/1/354
f 343/1/343 318/1/318 376/1/376
f 318/1/318 308/1/308 376/1/376
f 308/1/308 363/1/363 394/1/394
f 319/1/319 320/1/320 387/1/387
f 320/1/320 364/1/364 387/1/387
f 286/1/286 344/1/344 370/1/370
f 344/1/344 332/1/332 370/1/370
f 336/1/336 334/1/334 335/1/335
f 390/1/390 338/1/338 304/1/304
f 346/1/346 339/1/339 348/1/348
f 339/1/339 349/1/349 348/1/348
f 352/1/352 369/1/369 285/1/285
f 351/1/351 342/1/342 353/1/353
f 403/1/403 310/1/310 369/1/369
f 347/1/347 353/1/353 316/1/316
f 354/1/354 343/1/343 376/1/376
f 319/1/319 387/1/387 363/1/363
f 379/1/379 332/1/332 356/1/356
f 371/1/371 357/1/357 300/1/300
f 381/1/381 357/1/357 415/1/415
f 336/1/336 366/1/366 334/1/334
f 346/1/346 382/1/382 326/1/326
f 338/1/338 390/1/390 361/1/361
f 349/1/349 373/1/373 348/1/348
f 328/1/328 361/1/361 362/1/362
f 349/1/349 341/1/341 402/1/402
f 402/1/402 341/1/341 367/1/367
f 367/1/367 351/1/351 422/1/422
f 351/1/351 353/1/353 368/1/368
f 403/1/403 375/1/375 329/1/329
f 355/1/355 331/1/331 413/1/413
f 355/1/355 413/1/413 377/1/377
f 370/1/370 388/1/388 364/1/364
f 345/1/345 377/1/377 396/1/396
f 378/1/378 345/1/345 396/1/396
f 405/1/405 332/1/332 379/1/379
f 324/1/324 365/1/365 323/1/323
f 324/1/324 372/1/372 365/1/365
f 333/1/333 445/1/445 324/1/324
f 334/1/334 398/1/398 333/1/333
f 334/1/334 366/1/366 398/1/398
f 336/1/336 360/1/360 399/1/399
f 359/1/359 418/1/418 390/1/390
f 346/1/346 348/1/348 382/1/382
f 362/1/362 361/1/361 448/1/448
f 350/1/350 391/1/391 352/1/352
f 369/1/369 352/1/352 391/1/391
f 403/1/403 369/1/369 391/1/391
f 347/1/347 385/1/385 353/1/353
f 329/1/329 375/1/375 317/1/317
f 452/1/452 376/1/376 308/1/308
f 363/1/363 387/1/387 394/1/394
f 388/1/388 370/1/370 405/1/405
f 332/1/332 405/1/405 370/1/370
f 356/1/356 345/1/345 378/1/378
f 323/1/323 380/1/380 371/1/371
f 380/1/380 323/1/323 365/1/365
f 445/1/445 372/1/372 324/1/324
f 357/1/357 397/1/397 415/1/415
f 359/1/359 358/1/358 381/1/381
f 349/1/349 402/1/402 373/1/373
f 362/1/362 448/1/448 374/1/374
f 402/1/402 367/1/367 383/1/383
f 351/1/351 368/1/368 422/1/422
f 391/1/391 392/1/392 403/1/403
f 368/1/368 353/1/353 384/1/384
f 347/1/347 354/1/354 385/1/385
f 317/1/317 375/1/375 386/1/386
f 452/1/452 308/1/308 394/1/394
f 386/1/386 413/1/413 331/1/331
f 387/1/387 364/1/364 453/1/453
f 371/1/371 380/1/380 357/1/357
f 409/1/409 445/1/445 333/1/333
f 409/1/409 333/1/333 398/1/398
f 399/1/399 366/1/366 336/1/336
f 360/1/360 410/1/410 399/1/399
f 410/1/410 360/1/360 326/1/326
f 382/1/382 400/1/400 326/1/326
f 390/1/390 421/1/421 361/1/361
f 373/1/373 428/1/428 348/1/348
f 421/1/421 411/1/411 361/1/361
f 383/1/383 367/1/367 422/1/422
f 374/1/374 391/1/391 350/1/350
f 433/1/433 384/1/384 353/1/353
f 354/1/354 376/1/376 393/1/393
f 387/1/387 453/1/453 395/1/395
f 377/1/377 413/1/413 435/1/435
f 364/1/364 388/1/388 453/1/453
f 435/1/435 396/1/396 377/1/377
f 378/1/378 389/1/389 356/1/356
f 356/1/356 389/1/389 379/1/379
f 389/1/389 406/1/406 379/1/379
f 378/1/378 396/1/396 389/1/389
f 380/1/380 365/1/365 408/1/408
f 357/1/357 380/1/380 397/1/397
f 415/1/415 359/1/359 381/1/381
f 326/1/326 400/1/400 410/1/410
f 448/1/448 430/1/430 374/1/374
f 353/1/353 385/1/385 433/1/433
f 375/1/375 434/1/434 386/1/386
f 452/1/452 394/1/394 443/1/443
f 442/1/442 413/1/413 386/1/386
f 388/1/388 405/1/405 404/1/404
f 366/1/366 399/1/399 398/1/398
f 419/1/419 399/1/399 410/1/410
f 401/1/401 428/1/428 373/1/373
f 373/1/373 402/1/402 401/1/401
f 422/1/422 431/1/431 383/1/383
f 422/1/422 368/1/368 423/1/423
f 423/1/423 368/1/368 384/1/384
f 425/1/425 384/1/384 433/1/433
f 442/1/442 386/1/386 434/1/434
f 387/1/387 395/1/395 459/1/459
f 453/1/453 388/1/388 404/1/404
f 414/1/414 405/1/405 379/1/379
f 379/1/379 406/1/406 407/1/407
f 408/1/408 365/1/365 437/1/437
f 365/1/365 372/1/372 437/1/437
f 359/1/359 415/1/415 439/1/439
f 398/1/398 399/1/399 417/1/417
f 390/1/390 418/1/418 421/1/421
f 455/1/455 410/1/410 427/1/427
f 410/1/410 400/1/400 427/1/427
f 382/1/382 348/1/348 440/1/440
f 348/1/348 428/1/428 440/1/440
f 402/1/402 383/1/383 401/1/401
f 374/1/374 430/1/430 412/1/412
f 412/1/412 391/1/391 374/1/374
f 391/1/391 412/1/412 392/1/392
f 354/1/354 433/1/433 385/1/385
f 387/1/387 459/1/459 394/1/394
f 414/1/414 379/1/379 407/1/407
f 438/1/438 380/1/380 408/1/408
f 416/1/416 409/1/409 398/1/398
f 410/1/410 455/1/455 419/1/419
f 400/1/400 382/1/382 420/1/420
f 427/1/427 400/1/400 420/1/420
f 411/1/411 448/1/448 361/1/361
f 383/1/383 431/1/431 429/1/429
f 424/1/424 422/1/422 423/1/423
f 431/1/431 422/1/422 424/1/424
f 423/1/423 384/1/384 425/1/425
f 424/1/424 423/1/423 425/1/425
f 412/1/412 479/1/479 392/1/392
f 392/1/392 432/1/432 403/1/403
f 376/1/376 452/1/452 393/1/393
f 443/1/443 394/1/394 459/1/459
f 442/1/442 460/1/460 413/1/413
f 414/1/414 426/1/426 405/1/405
f 404/1/404 405/1/405 426/1/426
f 446/1/446 415/1/415 397/1/397
f 398/1/398 417/1/417 416/1/416
f 359/1/359 439/1/439 418/1/418
f 419/1/419 454/1/454 399/1/399
f 455/1/455 454/1/454 419/1/419
f 418/1/418 484/1/484 421/1/421
f 382/1/382 463/1/463 420/1/420
f 440/1/440 463/1/463 382/1/382
f 428/1/428 401/1/401 464/1/464
f 401/1/401 383/1/383 429/1/429
f 429/1/429 449/1/449 401/1/401
f 430/1/430 476/1/476 412/1/412
f 431/1/431 424/1/424 465/1/465
f 392/1/392 479/1/479 432/1/432
f 433/1/433 354/1/354 457/1/457
f 489/1/489 393/1/393 452/1/452
f 413/1/413 460/1/460 435/1/435
f 453/1/453 404/1/404 444/1/444
f 389/1/389 396/1/396 472/1/472
f 406/1/406 389/1/389 436/1/436
f 380/1/380 438/1/438 397/1/397
f 445/1/445 409/1/409 416/1/416
f 439/1/439 415/1/415 446/1/446
f 440/1/440 428/1/428 464/1/464
f 429/1/429 431/1/431 465/1/465
f 465/1/465 424/1/424 450/1/450
f 424/1/424 425/1/425 441/1/441
f 441/1/441 425/1/425 456/1/456
f 425/1/425 433/1/433 456/1/456
f 456/1/456 433/1/433 451/1/451
f 403/1/403 466/1/466 375/1/375
f 466/1/466 468/1/468 375/1/375
f 442/1/442 434/1/434 469/1/469
f 395/1/395 453/1/453 459/1/459
f 396/1/396 435/1/435 480/1/480
f 407/1/407 406/1/406 436/1/436
f 472/1/472 436/1/436 389/1/389
f 372/1/372 445/1/445 482/1/482
f 482/1/482 445/1/445 416/1/416
f 416/1/416 417/1/417 447/1/447
f 399/1/399 454/1/454 417/1/417
f 420/1/420 474/1/474 427/1/427
f 464/1/464 401/1/401 449/1/449
f 448/1/448 476/1/476 430/1/430
f 450/1/450 424/1/424 441/1/441
f 432/1/432 466/1/466 403/1/403
f 393/1/393 489/1/489 354/1/354
f 375/1/375 468/1/468 434/1/434
f 434/1/434 468/1/468 469/1/469
f 452/1/452 443/1/443 556/1/556
f 556/1/556 443/1/443 459/1/459
f 501/1/501 435/1/435 460/1/460
f 444/1/444 404/1/404 426/1/426
f 414/1/414 471/1/471 426/1/426
f 414/1/414 407/1/407 473/1/473
f 472/1/472 396/1/396 480/1/480
f 408/1/408 505/1/505 438/1/438
f 437/1/437 505/1/505 408/1/408
f 447/1/447 417/1/417 461/1/461
f 507/1/507 418/1/418 439/1/439
f 462/1/462 455/1/455 427/1/427
f 427/1/427 474/1/474 462/1/462
f 440/1/440 475/1/475 463/1/463
f 486/1/486 476/1/476 448/1/448
f 478/1/478 465/1/465 450/1/450
f 476/1/476 479/1/479 412/1/412
f 433/1/433 467/1/467 451/1/451
f 433/1/433 457/1/457 467/1/467
f 458/1/458 457/1/457 354/1/354
f 489/1/489 458/1/458 354/1/354
f 489/1/489 452/1/452 556/1/556
f 460/1/460 442/1/442 469/1/469
f 444/1/444 470/1/470 453/1/453
f 436/1/436 473/1/473 407/1/407
f 437/1/437 481/1/481 505/1/505
f 437/1/437 482/1/482 481/1/481
f 437/1/437 372/1/372 482/1/482
f 461/1/461 417/1/417 492/1/492
f 455/1/455 483/1/483 454/1/454
f 420/1/420 463/1/463 474/1/474
f 440/1/440 485/1/485 475/1/475
f 440/1/440 464/1/464 485/1/485
f 519/1/519 448/1/448 411/1/411
f 478/1/478 450/1/450 441/1/441
f 456/1/456 451/1/451 498/1/498
f 459/1/459 453/1/453 470/1/470
f 435/1/435 501/1/501 480/1/480
f 414/1/414 502/1/502 471/1/471
f 414/1/414 473/1/473 502/1/502
f 397/1/397 438/1/438 491/1/491
f 454/1/454 492/1/492 417/1/417
f 507/1/507 484/1/484 418/1/418
f 454/1/454 483/1/483 492/1/492
f 463/1/463 475/1/475 474/1/474
f 519/1/519 411/1/411 421/1/421
f 464/1/464 533/1/533 485/1/485
f 533/1/533 464/1/464 449/1/449
f 519/1/519 486/1/486 448/1/448
f 429/1/429 465/1/465 534/1/534
f 465/1/465 477/1/477 534/1/534
f 478/1/478 477/1/477 465/1/465
f 487/1/487 494/1/494 478/1/478
f 441/1/441 495/1/495 478/1/478
f 456/1/456 498/1/498 441/1/441
f 466/1/466 524/1/524 468/1/468
f 468/1/468 524/1/524 488/1/488
f 488/1/488 469/1/469 468/1/468
f 489/1/489 556/1/556 525/1/525
f 469/1/469 499/1/499 460/1/460
f 460/1/460 499/1/499 500/1/500
f 460/1/460 500/1/500 501/1/501
f 526/1/526 472/1/472 480/1/480
f 490/1/490 473/1/473 436/1/436
f 436/1/436 472/1/472 503/1/503
f 491/1/491 438/1/438 505/1/505
f 397/1/397 491/1/491 559/1/559
f 482/1/482 416/1/416 514/1/514
f 514/1/514 416/1/416 447/1/447
f 446/1/446 397/1/397 559/1/559
f 447/1/447 461/1/461 514/1/514
f 439/1/439 446/1/446 529/1/529
f 529/1/529 507/1/507 439/1/439
f 483/1/483 455/1/455 530/1/530
f 455/1/455 462/1/462 530/1/530
f 484/1/484 519/1/519 421/1/421
f 486/1/486 544/1/544 476/1/476
f 449/1/449 429/1/429 534/1/534
f 494/1/494 477/1/477 478/1/478
f 494/1/494 493/1/493 477/1/477
f 478/1/478 495/1/495 487/1/487
f 441/1/441 498/1/498 497/1/497
f 451/1/451 467/1/467 511/1/511
f 498/1/498 451/1/451 511/1/511
f 588/1/588 458/1/458 489/1/489
f 512/1/512 556/1/556 459/1/459
f 459/1/459 470/1/470 567/1/567
f 471/1/471 444/1/444 426/1/426
f 526/1/526 480/1/480 501/1/501
f 503/1/503 504/1/504 436/1/436
f 505/1/505 481/1/481 513/1/513
f 528/1/528 505/1/505 513/1/513
f 482/1/482 513/1/513 481/1/481
f 514/1/514 506/1/506 482/1/482
f 507/1/507 560/1/560 484/1/484
f 492/1/492 483/1/483 518/1/518
f 484/1/484 560/1/560 531/1/531
f 484/1/484 531/1/531 519/1/519
f 474/1/474 475/1/475 542/1/542
f 485/1/485 508/1/508 475/1/475
f 520/1/520 493/1/493 494/1/494
f 520/1/520 494/1/494 487/1/487
f 520/1/520 487/1/487 496/1/496
f 496/1/496 487/1/487 495/1/495
f 432/1/432 479/1/479 535/1/535
f 466/1/466 432/1/432 535/1/535
f 495/1/495 441/1/441 497/1/497
f 496/1/496 495/1/495 497/1/497
f 497/1/497 498/1/498 553/1/553
f 467/1/467 457/1/457 555/1/555
f 457/1/457 458/1/458 555/1/555
f 489/1/489 525/1/525 588/1/588
f 470/1/470 444/1/444 597/1/597
f 472/1/472 526/1/526 503/1/503
f 490/1/490 436/1/436 504/1/504
f 482/1/482 506/1/506 513/1/513
f 461/1/461 515/1/515 514/1/514
f 515/1/515 461/1/461 492/1/492
f 518/1/518 483/1/483 530/1/530
f 562/1/562 462/1/462 474/1/474
f 533/1/533 508/1/508 485/1/485
f 477/1/477 509/1/509 534/1/534
f 493/1/493 509/1/509 477/1/477
f 520/1/520 547/1/547 493/1/493
f 535/1/535 479/1/479 521/1/521
f 551/1/551 496/1/496 497/1/497
f 466/1/466 536/1/536 524/1/524
f 524/1/524 510/1/510 488/1/488
f 488/1/488 510/1/510 469/1/469
f 510/1/510 499/1/499 469/1/469
f 499/1/499 616/1/616 500/1/500
f 459/1/459 567/1/567 512/1/512
f 526/1/526 501/1/501 557/1/557
f 598/1/598 471/1/471 502/1/502
f 538/1/538 513/1/513 506/1/506
f 505/1/505 577/1/577 491/1/491
f 577/1/577 505/1/505 528/1/528
f 558/1/558 506/1/506 514/1/514
f 558/1/558 514/1/514 515/1/515
f 446/1/446 559/1/559 529/1/529
f 516/1/516 515/1/515 492/1/492
f 517/1/517 516/1/516 492/1/492
f 517/1/517 492/1/492 518/1/518
f 542/1/542 562/1/562 474/1/474
f 493/1/493 547/1/547 545/1/545
f 479/1/479 476/1/476 521/1/521
f 522/1/522 520/1/520 523/1/523
f 520/1/520 496/1/496 523/1/523
f 523/1/523 548/1/548 522/1/522
f 548/1/548 523/1/523 549/1/549
f 535/1/535 536/1/536 466/1/466
f 496/1/496 551/1/551 523/1/523
f 551/1/551 497/1/497 553/1/553
f 498/1/498 511/1/511 553/1/553
f 467/1/467 565/1/565 511/1/511
f 564/1/564 511/1/511 565/1/565
f 555/1/555 458/1/458 588/1/588
f 501/1/501 500/1/500 557/1/557
f 471/1/471 598/1/598 444/1/444
f 568/1/568 598/1/598 502/1/502
f 502/1/502 473/1/473 568/1/568
f 473/1/473 490/1/490 568/1/568
f 599/1/599 503/1/503 526/1/526
f 527/1/527 504/1/504 503/1/503
f 537/1/537 504/1/504 527/1/527
f 538/1/538 528/1/528 513/1/513
f 558/1/558 538/1/538 506/1/506
f 516/1/516 540/1/540 515/1/515
f 518/1/518 541/1/541 517/1/517
f 507/1/507 652/1/652 560/1/560
f 561/1/561 518/1/518 530/1/530
f 462/1/462 532/1/532 530/1/530
f 532/1/532 462/1/462 562/1/562
f 519/1/519 531/1/531 563/1/563
f 563/1/563 701/1/701 519/1/519
f 475/1/475 508/1/508 542/1/542
f 519/1/519 701/1/701 543/1/543
f 519/1/519 543/1/543 486/1/486
f 449/1/449 534/1/534 533/1/533
f 533/1/533 534/1/534 593/1/593
f 493/1/493 582/1/582 509/1/509
f 493/1/493 545/1/545 582/1/582
f 544/1/544 521/1/521 476/1/476
f 547/1/547 520/1/520 522/1/522
f 548/1/548 547/1/547 522/1/522
f 523/1/523 551/1/551 549/1/549
f 510/1/510 524/1/524 536/1/536
f 587/1/587 510/1/510 536/1/536
f 511/1/511 564/1/564 553/1/553
f 616/1/616 510/1/510 587/1/587
f 565/1/565 467/1/467 555/1/555
f 510/1/510 616/1/616 499/1/499
f 512/1/512 619/1/619 556/1/556
f 616/1/616 678/1/678 500/1/500
f 470/1/470 597/1/597 567/1/567
f 490/1/490 504/1/504 537/1/537
f 538/1/538 571/1/571 603/1/603
f 538/1/538 603/1/603 528/1/528
f 539/1/539 571/1/571 538/1/538
f 539/1/539 538/1/538 558/1/558
f 577/1/577 591/1/591 491/1/491
f 491/1/491 591/1/591 559/1/559
f 540/1/540 558/1/558 515/1/515
f 540/1/540 516/1/516 541/1/541
f 541/1/541 516/1/516 517/1/517
f 541/1/541 518/1/518 561/1/561
f 531/1/531 560/1/560 670/1/670
f 670/1/670 560/1/560 630/1/630
f 561/1/561 530/1/530 532/1/532
f 563/1/563 531/1/531 670/1/670
f 613/1/613 508/1/508 533/1/533
f 544/1/544 486/1/486 543/1/543
f 509/1/509 632/1/632 534/1/534
f 509/1/509 582/1/582 657/1/657
f 546/1/546 545/1/545 547/1/547
f 546/1/546 547/1/547 548/1/548
f 586/1/586 546/1/546 548/1/548
f 535/1/535 521/1/521 585/1/585
f 548/1/548 549/1/549 550/1/550
f 550/1/550 595/1/595 548/1/548
f 549/1/549 551/1/551 552/1/552
f 550/1/550 549/1/549 552/1/552
f 551/1/551 553/1/553 554/1/554
f 552/1/552 551/1/551 554/1/554
f 564/1/564 554/1/554 553/1/553
f 566/1/566 555/1/555 588/1/588
f 525/1/525 556/1/556 588/1/588
f 500/1/500 678/1/678 557/1/557
f 503/1/503 599/1/599 527/1/527
f 640/1/640 537/1/537 527/1/527
f 578/1/578 539/1/539 558/1/558
f 507/1/507 529/1/529 652/1/652
f 542/1/542 699/1/699 562/1/562
f 508/1/508 613/1/613 542/1/542
f 632/1/632 509/1/509 657/1/657
f 633/1/633 546/1/546 583/1/583
f 546/1/546 586/1/586 583/1/583
f 634/1/634 535/1/535 585/1/585
f 586/1/586 548/1/548 595/1/595
f 588/1/588 556/1/556 619/1/619
f 597/1/597 444/1/444 664/1/664
f 526/1/526 557/1/557 665/1/665
f 526/1/526 665/1/665 621/1/621
f 621/1/621 599/1/599 526/1/526
f 527/1/527 599/1/599 640/1/640
f 601/1/601 569/1/569 589/1/589
f 590/1/590 589/1/589 569/1/569
f 601/1/601 571/1/571 569/1/569
f 590/1/590 569/1/569 570/1/570
f 572/1/572 569/1/569 571/1/571
f 570/1/570 569/1/569 572/1/572
f 603/1/603 571/1/571 601/1/601
f 574/1/574 570/1/570 572/1/572
f 576/1/576 570/1/570 574/1/574
f 576/1/576 590/1/590 570/1/570
f 576/1/576 602/1/602 590/1/590
f 572/1/572 571/1/571 539/1/539
f 574/1/574 572/1/572 573/1/573
f 574/1/574 575/1/575 576/1/576
f 576/1/576 575/1/575 602/1/602
f 575/1/575 605/1/605 602/1/602
f 605/1/605 575/1/575 608/1/608
f 558/1/558 540/1/540 578/1/578
f 578/1/578 540/1/540 592/1/592
f 579/1/579 578/1/578 592/1/592
f 609/1/609 592/1/592 540/1/540
f 609/1/609 540/1/540 580/1/580
f 540/1/540 541/1/541 580/1/580
f 541/1/541 612/1/612 580/1/580
f 561/1/561 612/1/612 541/1/541
f 560/1/560 652/1/652 630/1/630
f 532/1/532 612/1/612 561/1/561
f 581/1/581 532/1/532 562/1/562
f 699/1/699 581/1/581 562/1/562
f 542/1/542 613/1/613 700/1/700
f 533/1/533 593/1/593 613/1/613
f 582/1/582 545/1/545 594/1/594
f 546/1/546 594/1/594 545/1/545
f 633/1/633 594/1/594 546/1/546
f 544/1/544 615/1/615 521/1/521
f 584/1/584 583/1/583 586/1/586
f 595/1/595 584/1/584 586/1/586
f 535/1/535 634/1/634 536/1/536
f 596/1/596 595/1/595 550/1/550
f 552/1/552 636/1/636 550/1/550
f 552/1/552 554/1/554 636/1/636
f 566/1/566 565/1/565 555/1/555
f 588/1/588 619/1/619 618/1/618
f 512/1/512 663/1/663 619/1/619
f 678/1/678 665/1/665 557/1/557
f 664/1/664 444/1/444 598/1/598
f 568/1/568 707/1/707 598/1/598
f 622/1/622 568/1/568 490/1/490
f 771/1/771 599/1/599 621/1/621
f 622/1/622 490/1/490 537/1/537
f 623/1/623 537/1/537 640/1/640
f 539/1/539 573/1/573 572/1/572
f 575/1/575 574/1/574 604/1/604
f 577/1/577 528/1/528 644/1/644
f 644/1/644 528/1/528 603/1/603
f 578/1/578 573/1/573 539/1/539
f 646/1/646 591/1/591 577/1/577
f 529/1/529 559/1/559 667/1/667
f 544/1/544 543/1/543 671/1/671
f 593/1/593 534/1/534 632/1/632
f 582/1/582 614/1/614 657/1/657
f 594/1/594 614/1/614 582/1/582
f 594/1/594 633/1/633 659/1/659
f 521/1/521 705/1/705 585/1/585
f 536/1/536 634/1/634 587/1/587
f 595/1/595 596/1/596 635/1/635
f 550/1/550 636/1/636 596/1/596
f 587/1/587 661/1/661 616/1/616
f 564/1/564 565/1/565 637/1/637
f 566/1/566 588/1/588 618/1/618
f 663/1/663 512/1/512 567/1/567
f 567/1/567 597/1/597 620/1/620
f 568/1/568 622/1/622 707/1/707
f 622/1/622 537/1/537 623/1/623
f 666/1/666 640/1/640 599/1/599
f 643/1/643 590/1/590 625/1/625
f 601/1/601 589/1/589 624/1/624
f 590/1/590 643/1/643 589/1/589
f 590/1/590 602/1/602 626/1/626
f 606/1/606 574/1/574 573/1/573
f 574/1/574 606/1/606 604/1/604
f 645/1/645 602/1/602 605/1/605
f 577/1/577 644/1/644 646/1/646
f 606/1/606 573/1/573 607/1/607
f 627/1/627 605/1/605 608/1/608
f 607/1/607 573/1/573 578/1/578
f 575/1/575 604/1/604 628/1/628
f 608/1/608 575/1/575 628/1/628
f 607/1/607 578/1/578 579/1/579
f 579/1/579 648/1/648 607/1/607
f 610/1/610 648/1/648 579/1/579
f 592/1/592 609/1/609 579/1/579
f 609/1/609 610/1/610 579/1/579
f 609/1/609 580/1/580 610/1/610
f 611/1/611 610/1/610 580/1/580
f 580/1/580 612/1/612 611/1/611
f 529/1/529 667/1/667 651/1/651
f 651/1/651 652/1/652 529/1/529
f 653/1/653 612/1/612 581/1/581
f 532/1/532 581/1/581 612/1/612
f 542/1/542 700/1/700 699/1/699
f 672/1/672 593/1/593 632/1/632
f 594/1/594 658/1/658 614/1/614
f 660/1/660 704/1/704 583/1/583
f 521/1/521 615/1/615 705/1/705
f 583/1/583 584/1/584 660/1/660
f 673/1/673 660/1/660 584/1/584
f 584/1/584 595/1/595 673/1/673
f 673/1/673 595/1/595 722/1/722
f 634/1/634 674/1/674 587/1/587
f 587/1/587 674/1/674 661/1/661
f 554/1/554 564/1/564 637/1/637
f 638/1/638 565/1/565 566/1/566
f 566/1/566 618/1/618 617/1/617
f 597/1/597 639/1/639 620/1/620
f 598/1/598 679/1/679 664/1/664
f 621/1/621 708/1/708 771/1/771
f 599/1/599 771/1/771 666/1/666
f 624/1/624 589/1/589 600/1/600
f 589/1/589 643/1/643 600/1/600
f 626/1/626 625/1/625 590/1/590
f 604/1/604 606/1/606 629/1/629
f 629/1/629 628/1/628 604/1/604
f 606/1/606 607/1/607 629/1/629
f 646/1/646 736/1/736 591/1/591
f 608/1/608 647/1/647 627/1/627
f 647/1/647 689/1/689 627/1/627
f 607/1/607 648/1/648 629/1/629
f 608/1/608 628/1/628 647/1/647
f 591/1/591 667/1/667 559/1/559
f 653/1/653 611/1/611 612/1/612
f 613/1/613 593/1/593 631/1/631
f 593/1/593 672/1/672 631/1/631
f 614/1/614 656/1/656 657/1/657
f 659/1/659 658/1/658 594/1/594
f 633/1/633 583/1/583 704/1/704
f 636/1/636 723/1/723 596/1/596
f 637/1/637 565/1/565 638/1/638
f 661/1/661 662/1/662 616/1/616
f 677/1/677 566/1/566 617/1/617
f 620/1/620 663/1/663 567/1/567
f 678/1/678 767/1/767 665/1/665
f 597/1/597 664/1/664 639/1/639
f 598/1/598 707/1/707 679/1/679
f 687/1/687 641/1/641 642/1/642
f 641/1/641 600/1/600 643/1/643
f 642/1/642 641/1/641 625/1/625
f 625/1/625 641/1/641 643/1/643
f 626/1/626 642/1/642 625/1/625
f 756/1/756 601/1/601 624/1/624
f 645/1/645 626/1/626 602/1/602
f 605/1/605 627/1/627 688/1/688
f 627/1/627 689/1/689 688/1/688
f 649/1/649 629/1/629 648/1/648
f 628/1/628 629/1/629 649/1/649
f 628/1/628 649/1/649 647/1/647
f 689/1/689 647/1/647 692/1/692
f 692/1/692 647/1/647 649/1/649
f 650/1/650 689/1/689 692/1/692
f 669/1/669 649/1/649 648/1/648
f 610/1/610 669/1/669 648/1/648
f 649/1/649 668/1/668 692/1/692
f 610/1/610 611/1/611 669/1/669
f 653/1/653 697/1/697 611/1/611
f 581/1/581 698/1/698 653/1/653
f 698/1/698 581/1/581 699/1/699
f 654/1/654 701/1/701 563/1/563
f 700/1/700 613/1/613 655/1/655
f 613/1/613 631/1/631 655/1/655
f 657/1/657 672/1/672 632/1/632
f 659/1/659 633/1/633 703/1/703
f 633/1/633 704/1/704 703/1/703
f 742/1/742 674/1/674 634/1/634
f 722/1/722 595/1/595 675/1/675
f 675/1/675 595/1/595 635/1/635
f 674/1/674 706/1/706 661/1/661
f 554/1/554 744/1/744 636/1/636
f 554/1/554 637/1/637 744/1/744
f 637/1/637 638/1/638 766/1/766
f 566/1/566 677/1/677 638/1/638
f 616/1/616 662/1/662 678/1/678
f 823/1/823 618/1/618 619/1/619
f 823/1/823 619/1/619 663/1/663
f 663/1/663 620/1/620 747/1/747
f 665/1/665 708/1/708 621/1/621
f 771/1/771 708/1/708 709/1/709
f 804/1/804 622/1/622 623/1/623
f 666/1/666 726/1/726 640/1/640
f 623/1/623 640/1/640 726/1/726
f 642/1/642 626/1/626 732/1/732
f 601/1/601 756/1/756 644/1/644
f 601/1/601 644/1/644 603/1/603
f 644/1/644 735/1/735 646/1/646
f 605/1/605 688/1/688 734/1/734
f 649/1/649 669/1/669 691/1/691
f 591/1/591 736/1/736 667/1/667
f 695/1/695 611/1/611 697/1/697
f 630/1/630 652/1/652 818/1/818
f 697/1/697 653/1/653 698/1/698
f 630/1/630 818/1/818 670/1/670
f 670/1/670 654/1/654 563/1/563
f 701/1/701 927/1/927 543/1/543
f 658/1/658 659/1/659 702/1/702
f 544/1/544 671/1/671 615/1/615
f 656/1/656 614/1/614 658/1/658
f 702/1/702 659/1/659 703/1/703
f 742/1/742 585/1/585 705/1/705
f 660/1/660 673/1/673 721/1/721
f 585/1/585 742/1/742 634/1/634
f 722/1/722 721/1/721 673/1/673
f 596/1/596 723/1/723 743/1/743
f 596/1/596 743/1/743 635/1/635
f 744/1/744 723/1/723 636/1/636
f 676/1/676 662/1/662 661/1/661
f 638/1/638 677/1/677 745/1/745
f 663/1/663 800/1/800 823/1/823
f 665/1/665 767/1/767 769/1/769
f 665/1/665 769/1/769 708/1/708
f 804/1/804 707/1/707 622/1/622
f 712/1/712 682/1/682 711/1/711
f 683/1/683 682/1/682 712/1/712
f 681/1/681 682/1/682 683/1/683
f 731/1/731 681/1/681 683/1/683
f 712/1/712 710/1/710 684/1/684
f 687/1/687 685/1/685 641/1/641
f 624/1/624 685/1/685 686/1/686
f 685/1/685 624/1/624 641/1/641
f 687/1/687 642/1/642 732/1/732
f 641/1/641 624/1/624 600/1/600
f 732/1/732 626/1/626 713/1/713
f 645/1/645 713/1/713 626/1/626
f 605/1/605 734/1/734 645/1/645
f 689/1/689 650/1/650 690/1/690
f 650/1/650 714/1/714 690/1/690
f 691/1/691 669/1/669 693/1/693
f 691/1/691 668/1/668 649/1/649
f 650/1/650 692/1/692 714/1/714
f 694/1/694 668/1/668 691/1/691
f 692/1/692 668/1/668 694/1/694
f 693/1/693 669/1/669 695/1/695
f 715/1/715 651/1/651 667/1/667
f 669/1/669 611/1/611 695/1/695
f 696/1/696 695/1/695 697/1/697
f 696/1/696 697/1/697 698/1/698
f 716/1/716 698/1/698 699/1/699
f 670/1/670 818/1/818 654/1/654
f 700/1/700 716/1/716 699/1/699
f 631/1/631 718/1/718 741/1/741
f 631/1/631 672/1/672 718/1/718
f 657/1/657 656/1/656 796/1/796
f 657/1/657 796/1/796 672/1/672
f 930/1/930 615/1/615 671/1/671
f 930/1/930 719/1/719 615/1/615
f 720/1/720 703/1/703 704/1/704
f 719/1/719 705/1/705 615/1/615
f 675/1/675 635/1/635 764/1/764
f 706/1/706 676/1/676 661/1/661
f 637/1/637 766/1/766 744/1/744
f 676/1/676 724/1/724 662/1/662
f 725/1/725 662/1/662 724/1/724
f 662/1/662 725/1/725 678/1/678
f 725/1/725 767/1/767 678/1/678
f 707/1/707 804/1/804 803/1/803
f 709/1/709 876/1/876 771/1/771
f 681/1/681 749/1/749 680/1/680
f 681/1/681 680/1/680 682/1/682
f 749/1/749 681/1/681 731/1/731
f 710/1/710 711/1/711 729/1/729
f 710/1/710 729/1/729 730/1/730
f 712/1/712 711/1/711 710/1/710
f 710/1/710 730/1/730 684/1/684
f 685/1/685 815/1/815 686/1/686
f 754/1/754 685/1/685 687/1/687
f 713/1/713 645/1/645 734/1/734
f 692/1/692 790/1/790 714/1/714
f 694/1/694 691/1/691 758/1/758
f 792/1/792 692/1/692 694/1/694
f 790/1/790 692/1/692 792/1/792
f 695/1/695 737/1/737 693/1/693
f 696/1/696 737/1/737 695/1/695
f 738/1/738 737/1/737 696/1/696
f 696/1/696 698/1/698 738/1/738
f 738/1/738 698/1/698 716/1/716
f 652/1/652 867/1/867 818/1/818
f 716/1/716 700/1/700 717/1/717
f 655/1/655 717/1/717 700/1/700
f 671/1/671 543/1/543 927/1/927
f 655/1/655 631/1/631 761/1/761
f 702/1/702 703/1/703 819/1/819
f 703/1/703 720/1/720 820/1/820
f 704/1/704 797/1/797 720/1/720
f 742/1/742 705/1/705 719/1/719
f 704/1/704 660/1/660 797/1/797
f 797/1/797 660/1/660 721/1/721
f 674/1/674 742/1/742 798/1/798
f 674/1/674 798/1/798 706/1/706
f 763/1/763 722/1/722 675/1/675
f 635/1/635 743/1/743 765/1/765
f 635/1/635 765/1/765 764/1/764
f 618/1/618 823/1/823 799/1/799
f 639/1/639 747/1/747 620/1/620
f 664/1/664 768/1/768 639/1/639
f 768/1/768 664/1/664 679/1/679
f 707/1/707 803/1/803 679/1/679
f 804/1/804 623/1/623 911/1/911
f 666/1/666 771/1/771 727/1/727
f 666/1/666 748/1/748 726/1/726
f 680/1/680 749/1/749 808/1/808
f 680/1/680 808/1/808 807/1/807
f 750/1/750 680/1/680 807/1/807
f 827/1/827 682/1/682 750/1/750
f 680/1/680 750/1/750 682/1/682
f 749/1/749 731/1/731 728/1/728
f 711/1/711 751/1/751 729/1/729
f 751/1/751 711/1/711 827/1/827
f 682/1/682 827/1/827 711/1/711
f 712/1/712 782/1/782 683/1/683
f 683/1/683 782/1/782 731/1/731
f 684/1/684 730/1/730 753/1/753
f 684/1/684 782/1/782 712/1/712
f 685/1/685 754/1/754 815/1/815
f 835/1/835 754/1/754 732/1/732
f 732/1/732 754/1/754 687/1/687
f 785/1/785 756/1/756 624/1/624
f 755/1/755 732/1/732 713/1/713
f 757/1/757 755/1/755 713/1/713
f 756/1/756 838/1/838 644/1/644
f 757/1/757 713/1/713 733/1/733
f 733/1/733 713/1/713 734/1/734
f 688/1/688 733/1/733 734/1/734
f 735/1/735 736/1/736 646/1/646
f 688/1/688 689/1/689 788/1/788
f 689/1/689 690/1/690 788/1/788
f 758/1/758 691/1/691 693/1/693
f 758/1/758 693/1/693 737/1/737
f 738/1/738 759/1/759 737/1/737
f 759/1/759 738/1/738 739/1/739
f 739/1/739 738/1/738 740/1/740
f 740/1/740 738/1/738 716/1/716
f 740/1/740 716/1/716 717/1/717
f 740/1/740 717/1/717 760/1/760
f 717/1/717 655/1/655 760/1/760
f 741/1/741 761/1/761 631/1/631
f 931/1/931 656/1/656 658/1/658
f 672/1/672 796/1/796 718/1/718
f 819/1/819 794/1/794 702/1/702
f 703/1/703 820/1/820 819/1/819
f 763/1/763 762/1/762 722/1/722
f 675/1/675 764/1/764 763/1/763
f 723/1/723 906/1/906 743/1/743
f 676/1/676 725/1/725 724/1/724
f 766/1/766 638/1/638 745/1/745
f 677/1/677 617/1/617 746/1/746
f 617/1/617 618/1/618 799/1/799
f 908/1/908 617/1/617 799/1/799
f 663/1/663 747/1/747 800/1/800
f 708/1/708 769/1/769 802/1/802
f 623/1/623 726/1/726 911/1/911
f 727/1/727 771/1/771 912/1/912
f 727/1/727 748/1/748 666/1/666
f 774/1/774 749/1/749 728/1/728
f 779/1/779 730/1/730 729/1/729
f 728/1/728 731/1/731 752/1/752
f 780/1/780 752/1/752 731/1/731
f 730/1/730 779/1/779 753/1/753
f 782/1/782 780/1/780 731/1/731
f 684/1/684 753/1/753 782/1/782
f 754/1/754 814/1/814 815/1/815
f 624/1/624 686/1/686 785/1/785
f 732/1/732 837/1/837 835/1/835
f 732/1/732 755/1/755 837/1/837
f 816/1/816 644/1/644 838/1/838
f 816/1/816 735/1/735 644/1/644
f 790/1/790 690/1/690 714/1/714
f 758/1/758 737/1/737 791/1/791
f 715/1/715 867/1/867 651/1/651
f 651/1/651 867/1/867 652/1/652
f 759/1/759 739/1/739 844/1/844
f 701/1/701 654/1/654 927/1/927
f 760/1/760 655/1/655 761/1/761
f 671/1/671 927/1/927 1027/1/1027
f 671/1/671 1027/1/1027 930/1/930
f 656/1/656 931/1/931 796/1/796
f 702/1/702 794/1/794 658/1/658
f 797/1/797 721/1/721 904/1/904
f 721/1/721 722/1/722 762/1/762
f 744/1/744 906/1/906 723/1/723
f 745/1/745 856/1/856 766/1/766
f 677/1/677 746/1/746 745/1/745
f 617/1/617 908/1/908 746/1/746
f 639/1/639 768/1/768 857/1/857
f 767/1/767 801/1/801 769/1/769
f 679/1/679 770/1/770 768/1/768
f 679/1/679 803/1/803 770/1/770
f 708/1/708 802/1/802 709/1/709
f 804/1/804 911/1/911 910/1/910
f 911/1/911 726/1/726 824/1/824
f 726/1/726 748/1/748 824/1/824
f 805/1/805 777/1/777 773/1/773
f 777/1/777 775/1/775 773/1/773
f 915/1/915 808/1/808 772/1/772
f 749/1/749 772/1/772 808/1/808
f 749/1/749 774/1/774 772/1/772
f 772/1/772 774/1/774 805/1/805
f 805/1/805 774/1/774 777/1/777
f 750/1/750 825/1/825 827/1/827
f 777/1/777 774/1/774 776/1/776
f 775/1/775 777/1/777 809/1/809
f 729/1/729 751/1/751 828/1/828
f 728/1/728 778/1/778 774/1/774
f 776/1/776 774/1/774 778/1/778
f 777/1/777 776/1/776 811/1/811
f 809/1/809 777/1/777 811/1/811
f 778/1/778 728/1/728 752/1/752
f 811/1/811 776/1/776 778/1/778
f 779/1/779 830/1/830 781/1/781
f 753/1/753 779/1/779 781/1/781
f 830/1/830 812/1/812 781/1/781
f 783/1/783 752/1/752 780/1/780
f 813/1/813 781/1/781 812/1/812
f 753/1/753 781/1/781 813/1/813
f 782/1/782 753/1/753 832/1/832
f 832/1/832 753/1/753 813/1/813
f 784/1/784 782/1/782 832/1/832
f 780/1/780 782/1/782 784/1/784
f 783/1/783 780/1/780 784/1/784
f 754/1/754 835/1/835 814/1/814
f 893/1/893 686/1/686 815/1/815
f 755/1/755 786/1/786 837/1/837
f 838/1/838 756/1/756 785/1/785
f 757/1/757 786/1/786 755/1/755
f 757/1/757 733/1/733 787/1/787
f 757/1/757 787/1/787 786/1/786
f 733/1/733 688/1/688 787/1/787
f 787/1/787 688/1/688 788/1/788
f 736/1/736 735/1/735 898/1/898
f 690/1/690 789/1/789 788/1/788
f 667/1/667 736/1/736 865/1/865
f 789/1/789 690/1/690 790/1/790
f 667/1/667 865/1/865 715/1/715
f 790/1/790 843/1/843 789/1/789
f 694/1/694 758/1/758 791/1/791
f 791/1/791 793/1/793 694/1/694
f 792/1/792 694/1/694 793/1/793
f 790/1/790 792/1/792 845/1/845
f 845/1/845 792/1/792 793/1/793
f 844/1/844 791/1/791 737/1/737
f 759/1/759 844/1/844 737/1/737
f 817/1/817 844/1/844 739/1/739
f 760/1/760 851/1/851 740/1/740
f 851/1/851 760/1/760 901/1/901
f 760/1/760 761/1/761 869/1/869
f 795/1/795 718/1/718 796/1/796
f 931/1/931 658/1/658 794/1/794
f 795/1/795 741/1/741 718/1/718
f 820/1/820 903/1/903 819/1/819
f 719/1/719 853/1/853 742/1/742
f 721/1/721 762/1/762 904/1/904
f 706/1/706 821/1/821 676/1/676
f 855/1/855 906/1/906 744/1/744
f 744/1/744 766/1/766 855/1/855
f 856/1/856 855/1/855 766/1/766
f 746/1/746 907/1/907 745/1/745
f 725/1/725 874/1/874 767/1/767
f 800/1/800 873/1/873 823/1/823
f 801/1/801 767/1/767 874/1/874
f 768/1/768 770/1/770 857/1/857
f 803/1/803 804/1/804 910/1/910
f 876/1/876 912/1/912 771/1/771
f 775/1/775 806/1/806 773/1/773
f 826/1/826 806/1/806 775/1/775
f 807/1/807 974/1/974 750/1/750
f 750/1/750 974/1/974 825/1/825
f 826/1/826 775/1/775 809/1/809
f 810/1/810 779/1/779 828/1/828
f 729/1/729 828/1/828 779/1/779
f 779/1/779 810/1/810 830/1/830
f 918/1/918 830/1/830 882/1/882
f 813/1/813 812/1/812 833/1/833
f 784/1/784 832/1/832 863/1/863
f 862/1/862 783/1/783 784/1/784
f 838/1/838 840/1/840 816/1/816
f 788/1/788 895/1/895 787/1/787
f 841/1/841 788/1/788 789/1/789
f 841/1/841 789/1/789 842/1/842
f 789/1/789 843/1/843 842/1/842
f 843/1/843 790/1/790 845/1/845
f 817/1/817 739/1/739 868/1/868
f 739/1/739 740/1/740 868/1/868
f 851/1/851 868/1/868 740/1/740
f 870/1/870 761/1/761 741/1/741
f 796/1/796 902/1/902 795/1/795
f 796/1/796 931/1/931 902/1/902
f 820/1/820 720/1/720 797/1/797
f 872/1/872 797/1/797 904/1/904
f 798/1/798 742/1/742 854/1/854
f 706/1/706 798/1/798 821/1/821
f 763/1/763 764/1/764 765/1/765
f 821/1/821 905/1/905 676/1/676
f 676/1/676 905/1/905 725/1/725
f 856/1/856 745/1/745 822/1/822
f 746/1/746 908/1/908 907/1/907
f 800/1/800 747/1/747 875/1/875
f 747/1/747 639/1/639 875/1/875
f 639/1/639 857/1/857 875/1/875
f 727/1/727 912/1/912 913/1/913
f 727/1/727 913/1/913 748/1/748
f 773/1/773 877/1/877 805/1/805
f 773/1/773 806/1/806 877/1/877
f 772/1/772 805/1/805 915/1/915
f 827/1/827 1044/1/1044 751/1/751
f 826/1/826 809/1/809 880/1/880
f 751/1/751 858/1/858 828/1/828
f 810/1/810 882/1/882 830/1/830
f 752/1/752 861/1/861 778/1/778
f 811/1/811 778/1/778 860/1/860
f 830/1/830 831/1/831 812/1/812
f 830/1/830 918/1/918 831/1/831
f 887/1/887 752/1/752 783/1/783
f 831/1/831 833/1/833 812/1/812
f 833/1/833 832/1/832 813/1/813
f 864/1/864 833/1/833 834/1/834
f 832/1/832 833/1/833 864/1/864
f 863/1/863 832/1/832 864/1/864
f 862/1/862 784/1/784 863/1/863
f 835/1/835 892/1/892 814/1/814
f 836/1/836 892/1/892 835/1/835
f 686/1/686 893/1/893 1019/1/1019
f 836/1/836 835/1/835 837/1/837
f 686/1/686 1019/1/1019 785/1/785
f 837/1/837 786/1/786 920/1/920
f 785/1/785 839/1/839 838/1/838
f 839/1/839 840/1/840 838/1/838
f 787/1/787 984/1/984 786/1/786
f 841/1/841 895/1/895 788/1/788
f 865/1/865 736/1/736 898/1/898
f 715/1/715 865/1/865 921/1/921
f 791/1/791 844/1/844 793/1/793
f 844/1/844 845/1/845 793/1/793
f 843/1/843 845/1/845 847/1/847
f 846/1/846 843/1/843 847/1/847
f 845/1/845 844/1/844 849/1/849
f 849/1/849 844/1/844 848/1/848
f 847/1/847 845/1/845 849/1/849
f 817/1/817 848/1/848 844/1/844
f 846/1/846 847/1/847 850/1/850
f 850/1/850 847/1/847 849/1/849
f 849/1/849 848/1/848 817/1/817
f 850/1/850 849/1/849 817/1/817
f 867/1/867 654/1/654 818/1/818
f 964/1/964 868/1/868 851/1/851
f 964/1/964 851/1/851 926/1/926
f 761/1/761 852/1/852 869/1/869
f 870/1/870 852/1/852 761/1/761
f 741/1/741 795/1/795 870/1/870
f 794/1/794 819/1/819 903/1/903
f 719/1/719 930/1/930 853/1/853
f 820/1/820 797/1/797 871/1/871
f 743/1/743 998/1/998 765/1/765
f 856/1/856 968/1/968 855/1/855
f 822/1/822 745/1/745 907/1/907
f 908/1/908 799/1/799 970/1/970
f 799/1/799 823/1/823 970/1/970
f 940/1/940 857/1/857 770/1/770
f 709/1/709 802/1/802 876/1/876
f 910/1/910 911/1/911 1129/1/1129
f 824/1/824 748/1/748 913/1/913
f 806/1/806 973/1/973 877/1/877
f 805/1/805 916/1/916 915/1/915
f 878/1/878 806/1/806 826/1/826
f 808/1/808 881/1/881 807/1/807
f 827/1/827 825/1/825 1044/1/1044
f 751/1/751 1044/1/1044 858/1/858
f 882/1/882 810/1/810 883/1/883
f 810/1/810 828/1/828 883/1/883
f 859/1/859 809/1/809 811/1/811
f 778/1/778 861/1/861 829/1/829
f 860/1/860 778/1/778 829/1/829
f 811/1/811 860/1/860 859/1/859
f 882/1/882 885/1/885 918/1/918
f 861/1/861 752/1/752 887/1/887
f 862/1/862 887/1/887 783/1/783
f 889/1/889 833/1/833 831/1/831
f 834/1/834 833/1/833 889/1/889
f 815/1/815 814/1/814 919/1/919
f 814/1/814 892/1/892 919/1/919
f 837/1/837 920/1/920 836/1/836
f 920/1/920 786/1/786 894/1/894
f 894/1/894 786/1/786 984/1/984
f 787/1/787 895/1/895 984/1/984
f 735/1/735 957/1/957 1023/1/1023
f 842/1/842 843/1/843 866/1/866
f 715/1/715 923/1/923 867/1/867
f 843/1/843 846/1/846 866/1/866
f 962/1/962 846/1/846 850/1/850
f 850/1/850 817/1/817 900/1/900
f 924/1/924 850/1/850 900/1/900
f 654/1/654 867/1/867 925/1/925
f 926/1/926 851/1/851 901/1/901
f 926/1/926 901/1/901 928/1/928
f 760/1/760 869/1/869 901/1/901
f 869/1/869 852/1/852 988/1/988
f 795/1/795 993/1/993 870/1/870
f 933/1/933 931/1/931 794/1/794
f 903/1/903 933/1/933 794/1/794
f 820/1/820 871/1/871 903/1/903
f 797/1/797 872/1/872 871/1/871
f 904/1/904 967/1/967 872/1/872
f 1125/1/1125 904/1/904 762/1/762
f 763/1/763 1239/1/1239 762/1/762
f 906/1/906 998/1/998 743/1/743
f 905/1/905 937/1/937 725/1/725
f 1035/1/1035 856/1/856 822/1/822
f 907/1/907 908/1/908 1037/1/1037
f 970/1/970 823/1/823 873/1/873
f 873/1/873 800/1/800 875/1/875
f 857/1/857 939/1/939 875/1/875
f 941/1/941 912/1/912 876/1/876
f 806/1/806 878/1/878 973/1/973
f 877/1/877 916/1/916 805/1/805
f 878/1/878 826/1/826 880/1/880
f 879/1/879 878/1/878 880/1/880
f 881/1/881 808/1/808 915/1/915
f 879/1/879 880/1/880 917/1/917
f 859/1/859 880/1/880 809/1/809
f 944/1/944 883/1/883 828/1/828
f 882/1/882 1008/1/1008 885/1/885
f 884/1/884 918/1/918 885/1/885
f 886/1/886 829/1/829 861/1/861
f 886/1/886 861/1/861 887/1/887
f 889/1/889 831/1/831 888/1/888
f 864/1/864 890/1/890 863/1/863
f 834/1/834 889/1/889 948/1/948
f 864/1/864 834/1/834 890/1/890
f 889/1/889 888/1/888 949/1/949
f 950/1/950 889/1/889 949/1/949
f 919/1/919 892/1/892 1082/1/1082
f 891/1/891 815/1/815 919/1/919
f 815/1/815 891/1/891 893/1/893
f 836/1/836 955/1/955 892/1/892
f 920/1/920 955/1/955 836/1/836
f 920/1/920 894/1/894 1018/1/1018
f 984/1/984 1018/1/1018 894/1/894
f 840/1/840 1099/1/1099 816/1/816
f 735/1/735 816/1/816 957/1/957
f 896/1/896 895/1/895 841/1/841
f 896/1/896 841/1/841 897/1/897
f 1023/1/1023 898/1/898 735/1/735
f 866/1/866 897/1/897 841/1/841
f 842/1/842 866/1/866 841/1/841
f 922/1/922 897/1/897 866/1/866
f 922/1/922 866/1/866 899/1/899
f 923/1/923 715/1/715 921/1/921
f 899/1/899 866/1/866 846/1/846
f 963/1/963 846/1/846 962/1/962
f 817/1/817 868/1/868 900/1/900
f 964/1/964 900/1/900 868/1/868
f 993/1/993 795/1/795 902/1/902
f 931/1/931 933/1/933 932/1/932
f 936/1/936 872/1/872 967/1/967
f 853/1/853 854/1/854 742/1/742
f 1034/1/1034 1239/1/1239 763/1/763
f 1034/1/1034 763/1/763 765/1/765
f 1126/1/1126 765/1/765 998/1/998
f 968/1/968 856/1/856 1035/1/1035
f 1036/1/1036 822/1/822 907/1/907
f 857/1/857 940/1/940 939/1/939
f 769/1/769 801/1/801 1065/1/1065
f 769/1/769 909/1/909 802/1/802
f 972/1/972 770/1/770 803/1/803
f 803/1/803 910/1/910 972/1/972
f 911/1/911 824/1/824 999/1/999
f 999/1/999 824/1/824 913/1/913
f 999/1/999 913/1/913 914/1/914
f 973/1/973 878/1/878 1000/1/1000
f 879/1/879 942/1/942 878/1/878
f 878/1/878 942/1/942 1000/1/1000
f 807/1/807 881/1/881 974/1/974
f 883/1/883 1008/1/1008 882/1/882
f 884/1/884 885/1/885 1008/1/1008
f 918/1/918 884/1/884 945/1/945
f 918/1/918 945/1/945 946/1/946
f 980/1/980 918/1/918 946/1/946
f 831/1/831 918/1/918 980/1/980
f 831/1/831 980/1/980 982/1/982
f 831/1/831 982/1/982 888/1/888
f 949/1/949 888/1/888 982/1/982
f 863/1/863 890/1/890 862/1/862
f 834/1/834 948/1/948 890/1/890
f 948/1/948 889/1/889 950/1/950
f 920/1/920 1018/1/1018 1049/1/1049
f 785/1/785 1053/1/1053 839/1/839
f 839/1/839 1053/1/1053 840/1/840
f 984/1/984 895/1/895 956/1/956
f 865/1/865 1111/1/1111 921/1/921
f 898/1/898 1111/1/1111 865/1/865
f 897/1/897 922/1/922 959/1/959
f 899/1/899 961/1/961 922/1/922
f 922/1/922 961/1/961 960/1/960
f 867/1/867 923/1/923 1115/1/1115
f 899/1/899 846/1/846 963/1/963
f 899/1/899 963/1/963 961/1/961
f 962/1/962 850/1/850 924/1/924
f 924/1/924 900/1/900 1025/1/1025
f 964/1/964 1025/1/1025 900/1/900
f 654/1/654 925/1/925 986/1/986
f 987/1/987 927/1/927 654/1/654
f 901/1/901 869/1/869 928/1/928
f 852/1/852 929/1/929 988/1/988
f 931/1/931 994/1/994 902/1/902
f 993/1/993 1062/1/1062 870/1/870
f 930/1/930 992/1/992 853/1/853
f 871/1/871 996/1/996 903/1/903
f 872/1/872 934/1/934 871/1/871
f 936/1/936 966/1/966 872/1/872
f 1125/1/1125 762/1/762 1239/1/1239
f 798/1/798 1033/1/1033 821/1/821
f 937/1/937 938/1/938 725/1/725
f 855/1/855 1241/1/1241 906/1/906
f 1064/1/1064 906/1/906 1241/1/1241
f 725/1/725 938/1/938 874/1/874
f 875/1/875 971/1/971 873/1/873
f 801/1/801 874/1/874 1065/1/1065
f 1038/1/1038 941/1/941 876/1/876
f 913/1/913 912/1/912 941/1/941
f 973/1/973 1066/1/1066 877/1/877
f 915/1/915 916/1/916 881/1/881
f 1003/1/1003 942/1/942 879/1/879
f 881/1/881 1004/1/1004 974/1/974
f 879/1/879 917/1/917 975/1/975
f 1003/1/1003 879/1/879 975/1/975
f 825/1/825 943/1/943 1044/1/1044
f 974/1/974 943/1/943 825/1/825
f 917/1/917 880/1/880 976/1/976
f 1044/1/1044 1251/1/1251 858/1/858
f 1045/1/1045 944/1/944 828/1/828
f 828/1/828 858/1/858 1045/1/1045
f 859/1/859 976/1/976 880/1/880
f 1008/1/1008 883/1/883 1074/1/1074
f 884/1/884 1008/1/1008 977/1/977
f 978/1/978 945/1/945 884/1/884
f 979/1/979 829/1/829 886/1/886
f 860/1/860 829/1/829 979/1/979
f 886/1/886 887/1/887 947/1/947
f 1011/1/1011 886/1/886 947/1/947
f 890/1/890 951/1/951 862/1/862
f 862/1/862 951/1/951 887/1/887
f 887/1/887 951/1/951 947/1/947
f 954/1/954 890/1/890 948/1/948
f 947/1/947 951/1/951 981/1/981
f 948/1/948 950/1/950 952/1/952
f 951/1/951 890/1/890 954/1/954
f 950/1/950 949/1/949 953/1/953
f 952/1/952 950/1/950 953/1/953
f 948/1/948 952/1/952 954/1/954
f 951/1/951 954/1/954 981/1/981
f 953/1/953 949/1/949 982/1/982
f 982/1/982 1014/1/1014 953/1/953
f 1015/1/1015 952/1/952 953/1/953
f 891/1/891 1048/1/1048 893/1/893
f 893/1/893 1048/1/1048 1019/1/1019
f 920/1/920 1049/1/1049 955/1/955
f 1053/1/1053 785/1/785 1019/1/1019
f 984/1/984 1020/1/1020 1018/1/1018
f 1099/1/1099 957/1/957 816/1/816
f 956/1/956 895/1/895 1022/1/1022
f 895/1/895 896/1/896 1022/1/1022
f 958/1/958 1054/1/1054 896/1/896
f 958/1/958 896/1/896 897/1/897
f 1023/1/1023 1111/1/1111 898/1/898
f 958/1/958 897/1/897 959/1/959
f 959/1/959 922/1/922 960/1/960
f 960/1/960 1056/1/1056 959/1/959
f 961/1/961 1024/1/1024 960/1/960
f 961/1/961 963/1/963 985/1/985
f 985/1/985 1024/1/1024 961/1/961
f 867/1/867 1115/1/1115 925/1/925
f 987/1/987 654/1/654 986/1/986
f 1028/1/1028 928/1/928 869/1/869
f 1028/1/1028 869/1/869 988/1/988
f 988/1/988 929/1/929 989/1/989
f 930/1/930 1027/1/1027 990/1/990
f 930/1/930 990/1/990 992/1/992
f 852/1/852 991/1/991 929/1/929
f 852/1/852 965/1/965 991/1/991
f 870/1/870 965/1/965 852/1/852
f 965/1/965 870/1/870 1062/1/1062
f 932/1/932 994/1/994 931/1/931
f 933/1/933 1031/1/1031 932/1/932
f 934/1/934 872/1/872 966/1/966
f 936/1/936 935/1/935 966/1/966
f 935/1/935 1030/1/1030 966/1/966
f 995/1/995 1030/1/1030 935/1/935
f 903/1/903 996/1/996 933/1/933
f 871/1/871 934/1/934 996/1/996
f 936/1/936 1032/1/1032 935/1/935
f 995/1/995 935/1/935 1032/1/1032
f 1124/1/1124 936/1/936 967/1/967
f 853/1/853 1490/1/1490 854/1/854
f 1124/1/1124 967/1/967 904/1/904
f 904/1/904 1125/1/1125 1124/1/1124
f 854/1/854 1123/1/1123 798/1/798
f 1033/1/1033 905/1/905 821/1/821
f 765/1/765 1126/1/1126 1034/1/1034
f 997/1/997 937/1/937 905/1/905
f 937/1/937 1127/1/1127 938/1/938
f 1241/1/1241 855/1/855 968/1/968
f 822/1/822 1036/1/1036 1035/1/1035
f 907/1/907 1037/1/1037 1275/1/1275
f 908/1/908 1169/1/1169 1037/1/1037
f 970/1/970 873/1/873 969/1/969
f 969/1/969 873/1/873 971/1/971
f 875/1/875 939/1/939 971/1/971
f 770/1/770 972/1/972 940/1/940
f 1040/1/1040 913/1/913 941/1/941
f 913/1/913 1040/1/1040 914/1/914
f 1171/1/1171 914/1/914 1130/1/1130
f 999/1/999 914/1/914 1171/1/1171
f 1001/1/1001 916/1/916 877/1/877
f 1066/1/1066 1356/1/1356 877/1/877
f 881/1/881 916/1/916 1005/1/1005
f 974/1/974 1004/1/1004 943/1/943
f 917/1/917 976/1/976 975/1/975
f 944/1/944 1074/1/1074 883/1/883
f 1009/1/1009 859/1/859 860/1/860
f 1009/1/1009 976/1/976 859/1/859
f 978/1/978 884/1/884 977/1/977
f 860/1/860 979/1/979 1010/1/1010
f 979/1/979 886/1/886 1011/1/1011
f 982/1/982 980/1/980 1086/1/1086
f 981/1/981 1011/1/1011 947/1/947
f 981/1/981 954/1/954 983/1/983
f 1082/1/1082 892/1/892 955/1/955
f 954/1/954 952/1/952 1015/1/1015
f 954/1/954 1015/1/1015 983/1/983
f 953/1/953 1012/1/1012 1015/1/1015
f 953/1/953 1014/1/1014 1012/1/1012
f 1471/1/1471 1019/1/1019 1048/1/1048
f 1049/1/1049 1018/1/1018 1093/1/1093
f 1022/1/1022 896/1/896 1054/1/1054
f 1154/1/1154 923/1/923 921/1/921
f 960/1/960 1024/1/1024 1114/1/1114
f 962/1/962 924/1/924 1156/1/1156
f 1025/1/1025 1156/1/1156 924/1/924
f 1058/1/1058 1025/1/1025 964/1/964
f 926/1/926 928/1/928 1026/1/1026
f 989/1/989 1159/1/1159 988/1/988
f 990/1/990 1027/1/1027 1270/1/1270
f 1117/1/1117 989/1/989 929/1/929
f 1117/1/1117 929/1/929 991/1/991
f 993/1/993 902/1/902 994/1/994
f 932/1/932 1031/1/1031 994/1/994
f 1060/1/1060 1030/1/1030 995/1/995
f 992/1/992 1490/1/1490 853/1/853
f 1032/1/1032 936/1/936 1124/1/1124
f 1123/1/1123 1033/1/1033 798/1/798
f 906/1/906 1064/1/1064 998/1/998
f 1167/1/1167 998/1/998 1064/1/1064
f 907/1/907 1275/1/1275 1036/1/1036
f 938/1/938 1065/1/1065 874/1/874
f 970/1/970 969/1/969 1169/1/1169
f 1169/1/1169 908/1/908 970/1/970
f 909/1/909 769/1/769 1065/1/1065
f 972/1/972 910/1/910 1353/1/1353
f 802/1/802 1038/1/1038 876/1/876
f 1129/1/1129 1353/1/1353 910/1/910
f 1129/1/1129 911/1/911 1170/1/1170
f 911/1/911 999/1/999 1170/1/1170
f 973/1/973 1000/1/1000 1066/1/1066
f 877/1/877 1356/1/1356 1001/1/1001
f 1000/1/1000 942/1/942 1041/1/1041
f 942/1/942 1002/1/1002 1042/1/1042
f 1002/1/1002 1006/1/1006 1043/1/1043
f 1043/1/1043 1006/1/1006 1068/1/1068
f 916/1/916 1321/1/1321 1005/1/1005
f 1321/1/1321 916/1/916 1001/1/1001
f 942/1/942 1003/1/1003 1002/1/1002
f 1006/1/1006 1002/1/1002 1003/1/1003
f 1003/1/1003 975/1/975 1007/1/1007
f 1006/1/1006 1003/1/1003 1007/1/1007
f 1251/1/1251 1044/1/1044 1071/1/1071
f 858/1/858 1251/1/1251 1045/1/1045
f 976/1/976 1073/1/1073 975/1/975
f 1073/1/1073 976/1/976 1009/1/1009
f 860/1/860 1010/1/1010 1009/1/1009
f 1078/1/1078 1010/1/1010 979/1/979
f 978/1/978 1077/1/1077 945/1/945
f 946/1/946 945/1/945 1047/1/1047
f 946/1/946 1047/1/1047 980/1/980
f 980/1/980 1047/1/1047 1086/1/1086
f 979/1/979 1011/1/1011 1084/1/1084
f 1084/1/1084 1011/1/1011 1087/1/1087
f 1086/1/1086 1089/1/1089 982/1/982
f 1011/1/1011 981/1/981 1050/1/1050
f 1082/1/1082 955/1/955 1138/1/1138
f 955/1/955 1049/1/1049 1138/1/1138
f 1014/1/1014 982/1/982 1089/1/1089
f 981/1/981 983/1/983 1017/1/1017
f 1013/1/1013 981/1/981 1017/1/1017
f 1050/1/1050 981/1/981 1013/1/1013
f 1017/1/1017 983/1/983 1015/1/1015
f 1012/1/1012 1014/1/1014 1051/1/1051
f 1016/1/1016 1015/1/1015 1012/1/1012
f 1017/1/1017 1015/1/1015 1016/1/1016
f 1016/1/1016 1013/1/1013 1017/1/1017
f 1016/1/1016 1012/1/1012 1052/1/1052
f 1018/1/1018 1147/1/1147 1093/1/1093
f 840/1/840 1053/1/1053 1254/1/1254
f 1018/1/1018 1020/1/1020 1147/1/1147
f 984/1/984 956/1/956 1020/1/1020
f 956/1/956 1021/1/1021 1020/1/1020
f 1022/1/1022 1021/1/1021 956/1/956
f 1101/1/1101 1021/1/1021 1022/1/1022
f 1054/1/1054 1101/1/1101 1022/1/1022
f 1055/1/1055 958/1/958 959/1/959
f 1056/1/1056 1055/1/1055 959/1/959
f 1114/1/1114 1056/1/1056 960/1/960
f 1154/1/1154 921/1/921 1111/1/1111
f 1154/1/1154 1115/1/1115 923/1/923
f 1114/1/1114 1024/1/1024 1306/1/1306
f 1156/1/1156 963/1/963 962/1/962
f 985/1/985 963/1/963 1155/1/1155
f 985/1/985 1155/1/1155 1057/1/1057
f 964/1/964 926/1/926 1026/1/1026
f 1058/1/1058 964/1/964 1026/1/1026
f 928/1/928 1028/1/1028 1026/1/1026
f 927/1/927 987/1/987 1027/1/1027
f 988/1/988 1159/1/1159 1028/1/1028
f 1029/1/1029 1120/1/1120 966/1/966
f 1030/1/1030 1029/1/1029 966/1/966
f 1059/1/1059 1029/1/1029 1030/1/1030
f 1030/1/1030 1060/1/1060 1059/1/1059
f 1120/1/1120 1061/1/1061 934/1/934
f 993/1/993 994/1/994 1063/1/1063
f 1237/1/1237 933/1/933 996/1/996
f 966/1/966 1120/1/1120 934/1/934
f 1033/1/1033 997/1/997 905/1/905
f 940/1/940 972/1/972 1244/1/1244
f 1038/1/1038 802/1/802 909/1/909
f 941/1/941 1039/1/1039 1040/1/1040
f 1170/1/1170 999/1/999 1171/1/1171
f 1130/1/1130 914/1/914 1040/1/1040
f 1042/1/1042 1043/1/1043 1172/1/1172
f 942/1/942 1042/1/1042 1041/1/1041
f 1043/1/1043 1042/1/1042 1002/1/1002
f 881/1/881 1426/1/1426 1004/1/1004
f 1005/1/1005 1426/1/1426 881/1/881
f 1068/1/1068 1006/1/1006 1072/1/1072
f 943/1/943 1133/1/1133 1044/1/1044
f 1006/1/1006 1007/1/1007 1072/1/1072
f 944/1/944 1045/1/1045 1252/1/1252
f 975/1/975 1073/1/1073 1007/1/1007
f 1008/1/1008 1074/1/1074 977/1/977
f 977/1/977 1074/1/1074 1075/1/1075
f 978/1/978 977/1/977 1046/1/1046
f 1075/1/1075 1046/1/1046 977/1/977
f 945/1/945 1077/1/1077 1047/1/1047
f 979/1/979 1084/1/1084 1078/1/1078
f 919/1/919 1187/1/1187 1253/1/1253
f 1082/1/1082 1187/1/1187 919/1/919
f 1087/1/1087 1011/1/1011 1050/1/1050
f 1090/1/1090 1138/1/1138 1049/1/1049
f 1093/1/1093 1090/1/1090 1049/1/1049
f 1051/1/1051 1014/1/1014 1089/1/1089
f 1144/1/1144 1013/1/1013 1016/1/1016
f 1144/1/1144 1050/1/1050 1013/1/1013
f 1016/1/1016 1052/1/1052 1094/1/1094
f 1471/1/1471 1053/1/1053 1019/1/1019
f 1020/1/1020 1021/1/1021 1256/1/1256
f 1021/1/1021 1101/1/1101 1256/1/1256
f 957/1/957 1099/1/1099 1259/1/1259
f 957/1/957 1259/1/1259 1023/1/1023
f 1054/1/1054 958/1/958 1055/1/1055
f 1263/1/1263 1056/1/1056 1114/1/1114
f 1057/1/1057 1024/1/1024 985/1/985
f 1057/1/1057 1306/1/1306 1024/1/1024
f 1156/1/1156 1155/1/1155 963/1/963
f 1115/1/1115 1308/1/1308 925/1/925
f 1025/1/1025 1223/1/1223 1156/1/1156
f 1025/1/1025 1058/1/1058 1223/1/1223
f 987/1/987 1270/1/1270 1027/1/1027
f 991/1/991 1116/1/1116 1117/1/1117
f 1118/1/1118 991/1/991 965/1/965
f 1118/1/1118 965/1/965 1062/1/1062
f 994/1/994 1164/1/1164 1063/1/1063
f 1031/1/1031 1164/1/1164 994/1/994
f 933/1/933 1237/1/1237 1031/1/1031
f 1237/1/1237 996/1/996 1122/1/1122
f 1061/1/1061 996/1/996 934/1/934
f 990/1/990 1490/1/1490 992/1/992
f 1063/1/1063 1062/1/1062 993/1/993
f 995/1/995 1032/1/1032 1238/1/1238
f 1124/1/1124 1344/1/1344 1032/1/1032
f 854/1/854 1490/1/1490 1123/1/1123
f 1166/1/1166 1239/1/1239 1034/1/1034
f 1034/1/1034 1126/1/1126 1166/1/1166
f 1167/1/1167 1126/1/1126 998/1/998
f 937/1/937 1717/1/1717 1127/1/1127
f 1240/1/1240 1064/1/1064 1241/1/1241
f 1035/1/1035 1241/1/1241 968/1/968
f 938/1/938 1127/1/1127 1128/1/1128
f 1275/1/1275 1037/1/1037 1242/1/1242
f 1037/1/1037 1169/1/1169 1168/1/1168
f 1242/1/1242 1037/1/1037 1168/1/1168
f 938/1/938 1128/1/1128 1065/1/1065
f 939/1/939 1276/1/1276 971/1/971
f 939/1/939 940/1/940 1276/1/1276
f 909/1/909 1065/1/1065 1243/1/1243
f 1319/1/1319 941/1/941 1038/1/1038
f 1130/1/1130 1040/1/1040 1131/1/1131
f 1171/1/1171 1130/1/1130 1131/1/1131
f 1000/1/1000 1248/1/1248 1066/1/1066
f 1041/1/1041 1248/1/1248 1000/1/1000
f 1042/1/1042 1172/1/1172 1041/1/1041
f 1043/1/1043 1068/1/1068 1067/1/1067
f 1068/1/1068 1173/1/1173 1132/1/1132
f 1067/1/1067 1068/1/1068 1132/1/1132
f 1069/1/1069 1173/1/1173 1068/1/1068
f 1070/1/1070 1068/1/1068 1072/1/1072
f 1069/1/1069 1068/1/1068 1070/1/1070
f 1250/1/1250 943/1/943 1004/1/1004
f 1074/1/1074 944/1/944 1252/1/1252
f 1136/1/1136 1007/1/1007 1073/1/1073
f 1073/1/1073 1009/1/1009 1076/1/1076
f 1073/1/1073 1076/1/1076 1136/1/1136
f 1077/1/1077 978/1/978 1183/1/1183
f 1009/1/1009 1010/1/1010 1076/1/1076
f 1047/1/1047 1077/1/1077 1081/1/1081
f 1010/1/1010 1078/1/1078 1080/1/1080
f 1077/1/1077 1079/1/1079 1081/1/1081
f 1078/1/1078 1084/1/1084 1080/1/1080
f 1076/1/1076 1010/1/1010 1080/1/1080
f 1186/1/1186 1076/1/1076 1080/1/1080
f 1079/1/1079 1137/1/1137 1081/1/1081
f 1139/1/1139 1081/1/1081 1137/1/1137
f 1083/1/1083 1047/1/1047 1081/1/1081
f 1083/1/1083 1081/1/1081 1139/1/1139
f 1086/1/1086 1047/1/1047 1083/1/1083
f 1084/1/1084 1087/1/1087 1085/1/1085
f 1085/1/1085 1192/1/1192 1084/1/1084
f 1253/1/1253 891/1/891 919/1/919
f 1082/1/1082 1138/1/1138 1187/1/1187
f 1089/1/1089 1086/1/1086 1083/1/1083
f 1085/1/1085 1087/1/1087 1050/1/1050
f 1088/1/1088 1048/1/1048 891/1/891
f 1089/1/1089 1083/1/1083 1092/1/1092
f 1051/1/1051 1089/1/1089 1092/1/1092
f 1092/1/1092 1083/1/1083 1140/1/1140
f 1091/1/1091 1143/1/1143 1141/1/1141
f 1050/1/1050 1144/1/1144 1195/1/1195
f 1141/1/1141 1196/1/1196 1096/1/1096
f 1016/1/1016 1095/1/1095 1144/1/1144
f 1091/1/1091 1141/1/1141 1097/1/1097
f 1012/1/1012 1051/1/1051 1197/1/1197
f 1012/1/1012 1199/1/1199 1052/1/1052
f 1094/1/1094 1095/1/1095 1016/1/1016
f 1141/1/1141 1096/1/1096 1097/1/1097
f 1198/1/1198 1091/1/1091 1098/1/1098
f 1053/1/1053 1471/1/1471 1254/1/1254
f 1091/1/1091 1097/1/1097 1098/1/1098
f 1097/1/1097 1096/1/1096 1146/1/1146
f 1098/1/1098 1097/1/1097 1102/1/1102
f 1020/1/1020 1256/1/1256 1147/1/1147
f 1100/1/1100 1146/1/1146 1148/1/1148
f 1102/1/1102 1097/1/1097 1103/1/1103
f 1254/1/1254 1099/1/1099 840/1/840
f 1097/1/1097 1146/1/1146 1103/1/1103
f 1146/1/1146 1100/1/1100 1103/1/1103
f 1103/1/1103 1100/1/1100 1104/1/1104
f 1102/1/1102 1103/1/1103 1106/1/1106
f 1103/1/1103 1104/1/1104 1107/1/1107
f 1101/1/1101 1054/1/1054 1150/1/1150
f 1098/1/1098 1102/1/1102 1106/1/1106
f 1104/1/1104 1209/1/1209 1105/1/1105
f 1103/1/1103 1107/1/1107 1108/1/1108
f 1150/1/1150 1054/1/1054 1055/1/1055
f 1107/1/1107 1104/1/1104 1105/1/1105
f 1103/1/1103 1108/1/1108 1106/1/1106
f 1098/1/1098 1106/1/1106 1151/1/1151
f 1151/1/1151 1106/1/1106 1110/1/1110
f 1105/1/1105 1109/1/1109 1107/1/1107
f 1113/1/1113 1108/1/1108 1107/1/1107
f 1106/1/1106 1108/1/1108 1113/1/1113
f 1110/1/1110 1106/1/1106 1113/1/1113
f 1055/1/1055 1056/1/1056 1263/1/1263
f 1107/1/1107 1109/1/1109 1112/1/1112
f 1113/1/1113 1107/1/1107 1112/1/1112
f 1218/1/1218 1151/1/1151 1110/1/1110
f 1218/1/1218 1110/1/1110 1113/1/1113
f 1113/1/1113 1112/1/1112 1219/1/1219
f 1222/1/1222 1114/1/1114 1306/1/1306
f 1157/1/1157 1223/1/1223 1058/1/1058
f 1336/1/1336 987/1/987 986/1/986
f 1058/1/1058 1026/1/1026 1157/1/1157
f 1026/1/1026 1028/1/1028 1158/1/1158
f 1028/1/1028 1159/1/1159 1313/1/1313
f 989/1/989 1116/1/1116 1159/1/1159
f 1116/1/1116 1118/1/1118 1159/1/1159
f 1029/1/1029 1059/1/1059 1234/1/1234
f 1160/1/1160 1120/1/1120 1029/1/1029
f 1059/1/1059 1060/1/1060 1161/1/1161
f 1059/1/1059 1161/1/1161 1234/1/1234
f 991/1/991 1118/1/1118 1116/1/1116
f 1062/1/1062 1119/1/1119 1118/1/1118
f 1121/1/1121 1119/1/1119 1062/1/1062
f 1162/1/1162 1121/1/1121 1063/1/1063
f 1164/1/1164 1162/1/1162 1063/1/1063
f 1061/1/1061 1122/1/1122 996/1/996
f 1063/1/1063 1121/1/1121 1062/1/1062
f 1060/1/1060 995/1/995 1238/1/1238
f 1344/1/1344 1238/1/1238 1032/1/1032
f 1033/1/1033 1123/1/1123 1456/1/1456
f 1167/1/1167 1064/1/1064 1240/1/1240
f 1036/1/1036 1275/1/1275 1035/1/1035
f 1421/1/1421 969/1/969 971/1/971
f 1038/1/1038 909/1/909 1245/1/1245
f 1353/1/1353 1129/1/1129 1277/1/1277
f 1246/1/1246 1277/1/1277 1129/1/1129
f 1129/1/1129 1170/1/1170 1278/1/1278
f 941/1/941 1319/1/1319 1039/1/1039
f 1170/1/1170 1171/1/1171 1279/1/1279
f 1172/1/1172 1043/1/1043 1280/1/1280
f 1043/1/1043 1067/1/1067 1280/1/1280
f 1174/1/1174 1001/1/1001 1356/1/1356
f 1066/1/1066 1501/1/1501 1356/1/1356
f 1174/1/1174 1321/1/1321 1001/1/1001
f 1069/1/1069 1176/1/1176 1173/1/1173
f 1070/1/1070 1180/1/1180 1069/1/1069
f 1251/1/1251 1358/1/1358 1045/1/1045
f 1072/1/1072 1007/1/1007 1134/1/1134
f 1180/1/1180 1072/1/1072 1134/1/1134
f 1070/1/1070 1072/1/1072 1180/1/1180
f 1075/1/1075 1074/1/1074 1135/1/1135
f 1136/1/1136 1134/1/1134 1007/1/1007
f 1079/1/1079 1183/1/1183 1286/1/1286
f 1079/1/1079 1077/1/1077 1183/1/1183
f 1076/1/1076 1186/1/1186 1136/1/1136
f 1079/1/1079 1185/1/1185 1137/1/1137
f 1084/1/1084 1192/1/1192 1080/1/1080
f 1187/1/1187 1138/1/1138 1190/1/1190
f 1083/1/1083 1139/1/1139 1140/1/1140
f 1195/1/1195 1192/1/1192 1085/1/1085
f 1193/1/1193 1091/1/1091 1142/1/1142
f 1085/1/1085 1050/1/1050 1195/1/1195
f 1048/1/1048 1361/1/1361 1471/1/1471
f 1051/1/1051 1092/1/1092 1197/1/1197
f 1143/1/1143 1196/1/1196 1141/1/1141
f 1199/1/1199 1012/1/1012 1197/1/1197
f 1093/1/1093 1147/1/1147 1327/1/1327
f 1094/1/1094 1052/1/1052 1199/1/1199
f 1096/1/1096 1196/1/1196 1145/1/1145
f 1146/1/1146 1096/1/1096 1145/1/1145
f 1145/1/1145 1148/1/1148 1146/1/1146
f 1256/1/1256 1101/1/1101 1208/1/1208
f 1148/1/1148 1149/1/1149 1104/1/1104
f 1100/1/1100 1148/1/1148 1104/1/1104
f 1297/1/1297 1198/1/1198 1098/1/1098
f 1151/1/1151 1297/1/1297 1098/1/1098
f 1209/1/1209 1104/1/1104 1149/1/1149
f 1099/1/1099 1293/1/1293 1259/1/1259
f 1101/1/1101 1150/1/1150 1208/1/1208
f 1214/1/1214 1297/1/1297 1151/1/1151
f 1152/1/1152 1150/1/1150 1055/1/1055
f 1105/1/1105 1216/1/1216 1109/1/1109
f 1152/1/1152 1055/1/1055 1263/1/1263
f 1218/1/1218 1214/1/1214 1151/1/1151
f 1109/1/1109 1217/1/1217 1112/1/1112
f 1216/1/1216 1217/1/1217 1109/1/1109
f 1263/1/1263 1114/1/1114 1153/1/1153
f 1113/1/1113 1219/1/1219 1218/1/1218
f 1222/1/1222 1153/1/1153 1114/1/1114
f 1057/1/1057 1155/1/1155 1334/1/1334
f 1155/1/1155 1156/1/1156 1410/1/1410
f 987/1/987 1339/1/1339 1270/1/1270
f 1028/1/1028 1313/1/1313 1158/1/1158
f 1160/1/1160 1029/1/1029 1234/1/1234
f 1118/1/1118 1119/1/1119 1315/1/1315
f 1315/1/1315 1119/1/1119 1162/1/1162
f 1271/1/1271 1120/1/1120 1160/1/1160
f 1061/1/1061 1120/1/1120 1271/1/1271
f 1119/1/1119 1121/1/1121 1162/1/1162
f 1161/1/1161 1060/1/1060 1163/1/1163
f 1031/1/1031 1272/1/1272 1164/1/1164
f 1031/1/1031 1237/1/1237 1272/1/1272
f 1163/1/1163 1060/1/1060 1238/1/1238
f 1317/1/1317 1124/1/1124 1125/1/1125
f 1239/1/1239 1166/1/1166 1346/1/1346
f 1033/1/1033 1394/1/1394 997/1/997
f 1274/1/1274 1166/1/1166 1126/1/1126
f 997/1/997 1717/1/1717 937/1/937
f 1350/1/1350 1065/1/1065 1128/1/1128
f 1349/1/1349 971/1/971 1276/1/1276
f 1243/1/1243 1245/1/1245 909/1/909
f 1039/1/1039 1131/1/1131 1040/1/1040
f 1355/1/1355 1171/1/1171 1131/1/1131
f 1279/1/1279 1171/1/1171 1355/1/1355
f 1067/1/1067 1132/1/1132 1280/1/1280
f 1173/1/1173 1249/1/1249 1132/1/1132
f 1176/1/1176 1069/1/1069 1175/1/1175
f 1176/1/1176 1175/1/1175 1177/1/1177
f 943/1/943 1250/1/1250 1427/1/1427
f 1180/1/1180 1178/1/1178 1069/1/1069
f 1069/1/1069 1178/1/1178 1175/1/1175
f 1177/1/1177 1175/1/1175 1178/1/1178
f 1044/1/1044 1179/1/1179 1071/1/1071
f 1045/1/1045 1358/1/1358 1252/1/1252
f 1135/1/1135 1074/1/1074 1252/1/1252
f 1180/1/1180 1134/1/1134 1181/1/1181
f 1181/1/1181 1134/1/1134 1136/1/1136
f 1181/1/1181 1136/1/1136 1182/1/1182
f 1046/1/1046 1183/1/1183 978/1/978
f 1284/1/1284 1181/1/1181 1182/1/1182
f 1182/1/1182 1136/1/1136 1184/1/1184
f 1136/1/1136 1186/1/1186 1184/1/1184
f 1182/1/1182 1184/1/1184 1189/1/1189
f 1188/1/1188 1186/1/1186 1080/1/1080
f 1189/1/1189 1184/1/1184 1142/1/1142
f 1287/1/1287 1137/1/1137 1185/1/1185
f 1142/1/1142 1184/1/1184 1186/1/1186
f 4012/1/4012 1137/1/1137 1287/1/1287
f 1192/1/1192 1188/1/1188 1080/1/1080
f 1193/1/1193 1186/1/1186 1188/1/1188
f 1139/1/1139 1137/1/1137 4012/1/4012
f 1142/1/1142 1186/1/1186 1193/1/1193
f 891/1/891 1253/1/1253 1088/1/1088
f 1143/1/1143 1192/1/1192 1191/1/1191
f 1188/1/1188 1192/1/1192 1143/1/1143
f 1193/1/1193 1188/1/1188 1143/1/1143
f 1190/1/1190 1138/1/1138 1090/1/1090
f 1194/1/1194 1189/1/1189 1142/1/1142
f 1191/1/1191 1192/1/1192 1195/1/1195
f 1193/1/1193 1143/1/1143 1091/1/1091
f 1140/1/1140 1326/1/1326 1092/1/1092
f 1143/1/1143 1191/1/1191 1196/1/1196
f 1194/1/1194 1142/1/1142 1201/1/1201
f 1326/1/1326 1197/1/1197 1092/1/1092
f 1142/1/1142 1091/1/1091 1198/1/1198
f 1198/1/1198 1201/1/1201 1142/1/1142
f 1191/1/1191 1195/1/1195 1196/1/1196
f 1144/1/1144 1095/1/1095 1195/1/1195
f 1145/1/1145 1195/1/1195 1095/1/1095
f 1196/1/1196 1195/1/1195 1145/1/1145
f 1145/1/1145 1095/1/1095 1200/1/1200
f 1202/1/1202 1199/1/1199 1197/1/1197
f 1094/1/1094 1199/1/1199 1206/1/1206
f 1200/1/1200 1094/1/1094 1206/1/1206
f 1095/1/1095 1094/1/1094 1200/1/1200
f 1199/1/1199 1202/1/1202 1206/1/1206
f 1145/1/1145 1200/1/1200 1148/1/1148
f 1201/1/1201 1198/1/1198 1203/1/1203
f 1435/1/1435 1147/1/1147 1256/1/1256
f 1203/1/1203 1198/1/1198 1207/1/1207
f 1202/1/1202 1197/1/1197 1255/1/1255
f 1200/1/1200 1206/1/1206 1204/1/1204
f 1148/1/1148 1200/1/1200 1204/1/1204
f 1329/1/1329 1099/1/1099 1254/1/1254
f 1202/1/1202 1255/1/1255 1257/1/1257
f 1205/1/1205 1202/1/1202 1257/1/1257
f 1206/1/1206 1202/1/1202 1258/1/1258
f 1258/1/1258 1202/1/1202 1205/1/1205
f 1148/1/1148 1204/1/1204 1149/1/1149
f 1207/1/1207 1198/1/1198 1297/1/1297
f 1204/1/1204 1206/1/1206 1211/1/1211
f 1099/1/1099 1329/1/1329 1293/1/1293
f 1203/1/1203 1207/1/1207 1260/1/1260
f 1211/1/1211 1206/1/1206 1258/1/1258
f 1260/1/1260 1207/1/1207 1297/1/1297
f 1211/1/1211 1258/1/1258 1296/1/1296
f 1149/1/1149 1204/1/1204 1210/1/1210
f 1210/1/1210 1204/1/1204 1211/1/1211
f 1209/1/1209 1149/1/1149 1210/1/1210
f 1210/1/1210 1211/1/1211 1212/1/1212
f 1296/1/1296 1298/1/1298 1212/1/1212
f 1211/1/1211 1296/1/1296 1212/1/1212
f 1105/1/1105 1209/1/1209 1216/1/1216
f 1259/1/1259 1261/1/1261 1023/1/1023
f 1209/1/1209 1210/1/1210 1213/1/1213
f 1213/1/1213 1210/1/1210 1212/1/1212
f 1216/1/1216 1209/1/1209 1213/1/1213
f 1262/1/1262 1023/1/1023 1261/1/1261
f 1215/1/1215 1212/1/1212 1298/1/1298
f 1213/1/1213 1212/1/1212 1215/1/1215
f 1332/1/1332 1297/1/1297 1214/1/1214
f 1023/1/1023 1262/1/1262 1111/1/1111
f 1216/1/1216 1213/1/1213 1217/1/1217
f 1262/1/1262 1264/1/1264 1111/1/1111
f 1214/1/1214 1218/1/1218 1302/1/1302
f 1302/1/1302 1332/1/1332 1214/1/1214
f 1217/1/1217 1213/1/1213 1215/1/1215
f 1112/1/1112 1217/1/1217 1265/1/1265
f 1264/1/1264 1154/1/1154 1111/1/1111
f 1219/1/1219 1112/1/1112 1265/1/1265
f 1302/1/1302 1218/1/1218 1220/1/1220
f 1220/1/1220 1218/1/1218 1219/1/1219
f 1220/1/1220 1219/1/1219 1221/1/1221
f 1154/1/1154 1305/1/1305 1115/1/1115
f 1306/1/1306 1057/1/1057 1409/1/1409
f 1410/1/1410 1156/1/1156 1223/1/1223
f 1308/1/1308 986/1/986 925/1/925
f 1410/1/1410 1223/1/1223 1224/1/1224
f 1223/1/1223 1157/1/1157 1224/1/1224
f 1309/1/1309 1224/1/1224 1157/1/1157
f 1225/1/1225 1267/1/1267 1226/1/1226
f 1227/1/1227 1225/1/1225 1226/1/1226
f 1309/1/1309 1157/1/1157 1026/1/1026
f 1226/1/1226 1267/1/1267 1228/1/1228
f 1158/1/1158 1309/1/1309 1026/1/1026
f 1227/1/1227 1226/1/1226 1230/1/1230
f 1231/1/1231 1227/1/1227 1230/1/1230
f 987/1/987 1336/1/1336 1339/1/1339
f 1226/1/1226 1228/1/1228 1229/1/1229
f 1226/1/1226 1229/1/1229 1230/1/1230
f 1228/1/1228 1232/1/1232 1229/1/1229
f 1235/1/1235 1230/1/1230 1233/1/1233
f 1231/1/1231 1230/1/1230 1235/1/1235
f 1160/1/1160 1229/1/1229 1232/1/1232
f 1229/1/1229 1160/1/1160 1234/1/1234
f 1230/1/1230 1229/1/1229 1233/1/1233
f 1159/1/1159 1118/1/1118 1313/1/1313
f 1229/1/1229 1234/1/1234 1161/1/1161
f 1233/1/1233 1229/1/1229 1161/1/1161
f 1235/1/1235 1233/1/1233 1236/1/1236
f 1315/1/1315 1313/1/1313 1118/1/1118
f 1163/1/1163 1233/1/1233 1161/1/1161
f 1163/1/1163 1236/1/1236 1233/1/1233
f 1164/1/1164 1390/1/1390 1162/1/1162
f 1163/1/1163 1238/1/1238 1342/1/1342
f 1238/1/1238 1344/1/1344 1273/1/1273
f 1344/1/1344 1124/1/1124 1317/1/1317
f 1123/1/1123 1490/1/1490 1165/1/1165
f 1317/1/1317 1125/1/1125 1239/1/1239
f 1165/1/1165 1456/1/1456 1123/1/1123
f 1717/1/1717 1817/1/1817 1127/1/1127
f 1167/1/1167 1240/1/1240 1318/1/1318
f 1035/1/1035 1395/1/1395 1241/1/1241
f 1242/1/1242 1168/1/1168 1495/1/1495
f 1421/1/1421 971/1/971 1349/1/1349
f 1351/1/1351 1244/1/1244 972/1/972
f 972/1/972 1353/1/1353 1351/1/1351
f 1038/1/1038 1245/1/1245 1354/1/1354
f 1129/1/1129 1278/1/1278 1246/1/1246
f 1131/1/1131 1039/1/1039 1355/1/1355
f 1172/1/1172 1459/1/1459 1041/1/1041
f 1172/1/1172 1280/1/1280 1459/1/1459
f 1501/1/1501 1066/1/1066 1248/1/1248
f 1132/1/1132 1247/1/1247 1280/1/1280
f 1247/1/1247 1132/1/1132 1249/1/1249
f 1249/1/1249 1173/1/1173 1176/1/1176
f 1004/1/1004 1425/1/1425 1250/1/1250
f 1004/1/1004 1426/1/1426 1425/1/1425
f 1176/1/1176 1177/1/1177 1322/1/1322
f 943/1/943 1427/1/1427 1133/1/1133
f 1071/1/1071 1358/1/1358 1251/1/1251
f 1179/1/1179 1044/1/1044 1133/1/1133
f 1281/1/1281 1178/1/1178 1180/1/1180
f 1177/1/1177 1178/1/1178 1281/1/1281
f 1357/1/1357 1177/1/1177 1359/1/1359
f 1135/1/1135 1046/1/1046 1075/1/1075
f 1046/1/1046 1283/1/1283 1183/1/1183
f 1282/1/1282 1181/1/1181 1284/1/1284
f 1079/1/1079 1286/1/1286 1185/1/1185
f 1182/1/1182 1189/1/1189 1285/1/1285
f 1088/1/1088 1361/1/1361 1048/1/1048
f 1140/1/1140 1325/1/1325 1326/1/1326
f 1090/1/1090 1093/1/1093 1289/1/1289
f 1290/1/1290 1197/1/1197 1326/1/1326
f 1291/1/1291 1197/1/1197 1290/1/1290
f 1327/1/1327 1147/1/1147 1328/1/1328
f 1147/1/1147 1435/1/1435 1328/1/1328
f 1203/1/1203 1292/1/1292 1201/1/1201
f 1208/1/1208 1368/1/1368 1256/1/1256
f 1150/1/1150 1294/1/1294 1208/1/1208
f 1298/1/1298 1300/1/1300 1215/1/1215
f 1215/1/1215 1301/1/1301 1217/1/1217
f 1301/1/1301 1265/1/1265 1217/1/1217
f 1303/1/1303 1219/1/1219 1265/1/1265
f 1303/1/1303 1221/1/1221 1219/1/1219
f 1302/1/1302 1220/1/1220 1307/1/1307
f 1221/1/1221 1266/1/1266 1220/1/1220
f 1221/1/1221 1303/1/1303 1266/1/1266
f 1334/1/1334 1409/1/1409 1057/1/1057
f 1231/1/1231 1413/1/1413 1227/1/1227
f 1158/1/1158 1268/1/1268 1309/1/1309
f 1311/1/1311 1228/1/1228 1267/1/1267
f 1232/1/1232 1228/1/1228 1311/1/1311
f 1232/1/1232 1314/1/1314 1160/1/1160
f 1314/1/1314 1271/1/1271 1160/1/1160
f 1164/1/1164 1272/1/1272 1390/1/1390
f 1237/1/1237 1341/1/1341 1272/1/1272
f 1341/1/1341 1237/1/1237 1122/1/1122
f 990/1/990 1489/1/1489 1490/1/1490
f 1343/1/1343 1342/1/1342 1238/1/1238
f 1167/1/1167 1318/1/1318 1347/1/1347
f 1240/1/1240 1241/1/1241 1395/1/1395
f 1240/1/1240 1395/1/1395 1318/1/1318
f 1348/1/1348 1242/1/1242 1495/1/1495
f 1348/1/1348 1275/1/1275 1242/1/1242
f 1035/1/1035 1275/1/1275 1529/1/1529
f 1168/1/1168 1169/1/1169 1530/1/1530
f 1065/1/1065 1350/1/1350 1243/1/1243
f 1276/1/1276 940/1/940 1244/1/1244
f 1354/1/1354 1319/1/1319 1038/1/1038
f 1170/1/1170 1279/1/1279 1278/1/1278
f 1355/1/1355 1039/1/1039 1457/1/1457
f 1279/1/1279 1320/1/1320 1278/1/1278
f 1177/1/1177 1357/1/1357 1322/1/1322
f 1071/1/1071 1179/1/1179 1358/1/1358
f 1539/1/1539 1252/1/1252 1358/1/1358
f 1177/1/1177 1281/1/1281 1359/1/1359
f 1281/1/1281 1180/1/1180 1282/1/1282
f 1181/1/1181 1282/1/1282 1180/1/1180
f 1046/1/1046 1135/1/1135 1283/1/1283
f 1284/1/1284 1182/1/1182 1285/1/1285
f 1185/1/1185 1286/1/1286 1288/1/1288
f 1287/1/1287 1185/1/1185 1288/1/1288
f 1285/1/1285 1189/1/1189 1324/1/1324
f 4011/1/4011 1287/1/1287 1288/1/1288
f 1187/1/1187 1403/1/1403 1253/1/1253
f 1187/1/1187 1190/1/1190 1403/1/1403
f 1189/1/1189 1362/1/1362 1324/1/1324
f 1139/1/1139 4012/1/4012 1325/1/1325
f 1190/1/1190 1090/1/1090 1289/1/1289
f 1140/1/1140 1139/1/1139 1325/1/1325
f 1189/1/1189 1194/1/1194 1362/1/1362
f 1327/1/1327 1289/1/1289 1093/1/1093
f 1194/1/1194 1201/1/1201 1362/1/1362
f 1291/1/1291 1255/1/1255 1197/1/1197
f 1255/1/1255 1291/1/1291 1257/1/1257
f 1256/1/1256 1368/1/1368 1435/1/1435
f 1205/1/1205 1257/1/1257 1367/1/1367
f 1203/1/1203 1369/1/1369 1292/1/1292
f 1367/1/1367 1258/1/1258 1205/1/1205
f 1370/1/1370 1258/1/1258 1367/1/1367
f 1203/1/1203 1260/1/1260 1369/1/1369
f 1296/1/1296 1258/1/1258 1370/1/1370
f 1330/1/1330 1369/1/1369 1260/1/1260
f 1150/1/1150 1152/1/1152 1295/1/1295
f 1295/1/1295 1152/1/1152 1373/1/1373
f 1298/1/1298 1296/1/1296 1370/1/1370
f 1260/1/1260 1297/1/1297 1374/1/1374
f 1374/1/1374 1297/1/1297 1332/1/1332
f 1298/1/1298 1299/1/1299 1300/1/1300
f 1300/1/1300 1301/1/1301 1215/1/1215
f 1301/1/1301 1300/1/1300 1378/1/1378
f 1301/1/1301 1304/1/1304 1265/1/1265
f 1379/1/1379 1332/1/1332 1302/1/1302
f 1154/1/1154 1264/1/1264 1305/1/1305
f 1304/1/1304 1301/1/1301 1408/1/1408
f 1265/1/1265 1304/1/1304 1303/1/1303
f 1303/1/1303 1304/1/1304 1333/1/1333
f 1445/1/1445 1302/1/1302 1307/1/1307
f 1304/1/1304 1446/1/1446 1333/1/1333
f 1266/1/1266 1307/1/1307 1220/1/1220
f 1308/1/1308 1115/1/1115 1305/1/1305
f 1222/1/1222 1306/1/1306 1380/1/1380
f 1266/1/1266 1303/1/1303 1333/1/1333
f 1155/1/1155 1410/1/1410 1334/1/1334
f 1266/1/1266 1333/1/1333 1449/1/1449
f 1410/1/1410 1224/1/1224 1337/1/1337
f 1309/1/1309 1337/1/1337 1224/1/1224
f 1227/1/1227 1412/1/1412 1225/1/1225
f 1337/1/1337 1309/1/1309 1310/1/1310
f 1310/1/1310 1309/1/1309 1268/1/1268
f 1453/1/1453 1413/1/1413 1231/1/1231
f 1314/1/1314 1232/1/1232 1311/1/1311
f 1313/1/1313 1268/1/1268 1158/1/1158
f 1310/1/1310 1268/1/1268 1312/1/1312
f 1312/1/1312 1383/1/1383 1310/1/1310
f 1312/1/1312 1268/1/1268 1313/1/1313
f 1418/1/1418 1231/1/1231 1235/1/1235
f 1315/1/1315 1312/1/1312 1313/1/1313
f 1314/1/1314 1385/1/1385 1271/1/1271
f 1312/1/1312 1315/1/1315 1388/1/1388
f 1269/1/1269 1418/1/1418 1235/1/1235
f 1271/1/1271 1316/1/1316 1061/1/1061
f 1235/1/1235 1236/1/1236 1269/1/1269
f 1270/1/1270 1489/1/1489 990/1/990
f 1388/1/1388 1162/1/1162 1390/1/1390
f 1163/1/1163 1419/1/1419 1236/1/1236
f 1390/1/1390 1272/1/1272 1392/1/1392
f 1316/1/1316 1341/1/1341 1122/1/1122
f 1061/1/1061 1316/1/1316 1122/1/1122
f 1419/1/1419 1163/1/1163 1342/1/1342
f 1341/1/1341 1392/1/1392 1272/1/1272
f 1238/1/1238 1273/1/1273 1343/1/1343
f 1239/1/1239 1345/1/1345 1317/1/1317
f 1239/1/1239 1346/1/1346 1345/1/1345
f 1456/1/1456 1394/1/1394 1033/1/1033
f 1166/1/1166 1274/1/1274 1346/1/1346
f 1528/1/1528 1274/1/1274 1126/1/1126
f 1126/1/1126 1167/1/1167 1347/1/1347
f 1395/1/1395 1035/1/1035 1529/1/1529
f 1495/1/1495 1168/1/1168 1530/1/1530
f 1498/1/1498 1039/1/1039 1319/1/1319
f 1279/1/1279 1355/1/1355 1320/1/1320
f 1501/1/1501 1248/1/1248 1462/1/1462
f 1248/1/1248 1424/1/1424 1462/1/1462
f 1041/1/1041 1424/1/1424 1248/1/1248
f 1424/1/1424 1041/1/1041 1459/1/1459
f 1399/1/1399 1249/1/1249 1176/1/1176
f 1321/1/1321 1426/1/1426 1005/1/1005
f 1174/1/1174 1536/1/1536 1321/1/1321
f 1133/1/1133 1427/1/1427 1429/1/1429
f 1358/1/1358 1179/1/1179 1464/1/1464
f 1429/1/1429 1179/1/1179 1133/1/1133
f 1359/1/1359 1281/1/1281 1431/1/1431
f 1431/1/1431 1281/1/1281 1282/1/1282
f 1323/1/1323 1183/1/1183 1283/1/1283
f 1183/1/1183 1323/1/1323 1286/1/1286
f 1362/1/1362 1201/1/1201 1292/1/1292
f 1290/1/1290 1436/1/1436 1291/1/1291
f 1366/1/1366 1329/1/1329 1254/1/1254
f 1510/1/1510 1368/1/1368 1208/1/1208
f 1294/1/1294 1150/1/1150 1295/1/1295
f 1260/1/1260 1374/1/1374 1330/1/1330
f 1261/1/1261 1259/1/1259 1331/1/1331
f 1370/1/1370 1371/1/1371 1298/1/1298
f 1479/1/1479 1373/1/1373 1152/1/1152
f 1331/1/1331 1262/1/1262 1261/1/1261
f 1152/1/1152 1263/1/1263 1479/1/1479
f 1332/1/1332 1379/1/1379 1374/1/1374
f 1479/1/1479 1263/1/1263 1407/1/1407
f 1299/1/1299 1406/1/1406 1300/1/1300
f 1407/1/1407 1263/1/1263 1153/1/1153
f 1305/1/1305 1264/1/1264 1376/1/1376
f 1301/1/1301 1378/1/1378 1408/1/1408
f 1304/1/1304 1408/1/1408 1446/1/1446
f 1302/1/1302 1445/1/1445 1379/1/1379
f 1380/1/1380 1306/1/1306 1409/1/1409
f 1449/1/1449 1307/1/1307 1266/1/1266
f 986/1/986 1308/1/1308 1335/1/1335
f 1336/1/1336 986/1/986 1335/1/1335
f 1584/1/1584 1414/1/1414 1336/1/1336
f 1225/1/1225 1338/1/1338 1267/1/1267
f 1338/1/1338 1311/1/1311 1267/1/1267
f 1337/1/1337 1310/1/1310 1340/1/1340
f 1453/1/1453 1487/1/1487 1413/1/1413
f 1270/1/1270 1339/1/1339 1382/1/1382
f 1418/1/1418 1453/1/1453 1231/1/1231
f 1382/1/1382 1489/1/1489 1270/1/1270
f 1312/1/1312 1388/1/1388 1383/1/1383
f 1271/1/1271 1387/1/1387 1316/1/1316
f 1315/1/1315 1162/1/1162 1388/1/1388
f 1341/1/1341 1316/1/1316 1391/1/1391
f 1419/1/1419 1269/1/1269 1236/1/1236
f 1273/1/1273 1344/1/1344 1420/1/1420
f 1456/1/1456 1165/1/1165 1393/1/1393
f 1394/1/1394 1527/1/1527 997/1/997
f 1275/1/1275 1348/1/1348 1529/1/1529
f 969/1/969 1396/1/1396 1169/1/1169
f 1128/1/1128 1127/1/1127 1350/1/1350
f 969/1/969 1421/1/1421 1496/1/1496
f 1396/1/1396 969/1/969 1496/1/1496
f 1349/1/1349 1276/1/1276 1422/1/1422
f 1566/1/1566 1243/1/1243 1350/1/1350
f 1244/1/1244 1422/1/1422 1276/1/1276
f 1352/1/1352 1351/1/1351 1353/1/1353
f 1277/1/1277 1397/1/1397 1353/1/1353
f 1354/1/1354 1498/1/1498 1319/1/1319
f 1278/1/1278 1277/1/1277 1246/1/1246
f 1355/1/1355 1457/1/1457 1398/1/1398
f 1320/1/1320 1355/1/1355 1500/1/1500
f 1249/1/1249 1595/1/1595 1247/1/1247
f 1321/1/1321 1536/1/1536 1426/1/1426
f 1357/1/1357 1359/1/1359 1430/1/1430
f 1135/1/1135 1252/1/1252 1400/1/1400
f 1539/1/1539 1400/1/1400 1252/1/1252
f 1284/1/1284 1432/1/1432 1282/1/1282
f 1431/1/1431 1282/1/1282 1432/1/1432
f 1360/1/1360 1432/1/1432 1284/1/1284
f 1286/1/1286 1402/1/1402 1288/1/1288
f 1284/1/1284 1285/1/1285 1360/1/1360
f 4011/1/4011 1288/1/1288 1402/1/1402
f 1360/1/1360 1285/1/1285 1404/1/1404
f 4011/1/4011 1402/1/1402 1403/1/1403
f 4011/1/4011 1403/1/1403 1190/1/1190
f 1285/1/1285 1324/1/1324 1363/1/1363
f 1404/1/1404 1285/1/1285 1363/1/1363
f 1467/1/1467 1088/1/1088 1253/1/1253
f 1403/1/1403 1467/1/1467 1253/1/1253
f 1363/1/1363 1324/1/1324 1362/1/1362
f 1326/1/1326 1325/1/1325 1507/1/1507
f 1363/1/1363 1362/1/1362 1292/1/1292
f 1404/1/1404 1363/1/1363 1364/1/1364
f 1472/1/1472 1289/1/1289 1327/1/1327
f 1363/1/1363 1292/1/1292 1365/1/1365
f 1364/1/1364 1363/1/1363 1365/1/1365
f 1436/1/1436 1257/1/1257 1291/1/1291
f 1367/1/1367 1257/1/1257 1437/1/1437
f 1365/1/1365 1292/1/1292 1372/1/1372
f 1439/1/1439 1365/1/1365 1372/1/1372
f 1372/1/1372 1292/1/1292 1369/1/1369
f 1438/1/1438 1293/1/1293 1329/1/1329
f 1208/1/1208 1294/1/1294 1510/1/1510
f 1370/1/1370 1367/1/1367 1440/1/1440
f 1372/1/1372 1369/1/1369 1330/1/1330
f 1331/1/1331 1259/1/1259 1293/1/1293
f 1439/1/1439 1372/1/1372 1375/1/1375
f 1371/1/1371 1370/1/1370 1295/1/1295
f 1372/1/1372 1330/1/1330 1374/1/1374
f 1298/1/1298 1371/1/1371 1299/1/1299
f 1375/1/1375 1372/1/1372 1374/1/1374
f 1377/1/1377 1375/1/1375 1374/1/1374
f 1374/1/1374 1379/1/1379 1377/1/1377
f 1262/1/1262 1376/1/1376 1264/1/1264
f 1544/1/1544 1305/1/1305 1376/1/1376
f 1442/1/1442 1377/1/1377 1379/1/1379
f 1308/1/1308 1305/1/1305 1516/1/1516
f 1516/1/1516 1335/1/1335 1308/1/1308
f 1519/1/1519 1307/1/1307 1449/1/1449
f 1447/1/1447 1307/1/1307 1519/1/1519
f 1336/1/1336 1335/1/1335 1584/1/1584
f 1411/1/1411 1225/1/1225 1412/1/1412
f 1227/1/1227 1381/1/1381 1412/1/1412
f 1225/1/1225 1411/1/1411 1338/1/1338
f 1337/1/1337 1340/1/1340 1486/1/1486
f 1336/1/1336 1414/1/1414 1339/1/1339
f 1383/1/1383 1340/1/1340 1310/1/1310
f 1384/1/1384 1314/1/1314 1523/1/1523
f 1311/1/1311 1523/1/1523 1314/1/1314
f 1340/1/1340 1383/1/1383 1415/1/1415
f 1314/1/1314 1384/1/1384 1385/1/1385
f 1415/1/1415 1383/1/1383 1388/1/1388
f 1417/1/1417 1415/1/1415 1389/1/1389
f 1389/1/1389 1415/1/1415 1388/1/1388
f 1386/1/1386 1391/1/1391 1452/1/1452
f 1391/1/1391 1316/1/1316 1452/1/1452
f 1271/1/1271 1385/1/1385 1387/1/1387
f 1386/1/1386 1417/1/1417 1389/1/1389
f 1391/1/1391 1386/1/1386 1389/1/1389
f 1389/1/1389 1388/1/1388 1390/1/1390
f 1391/1/1391 1389/1/1389 1392/1/1392
f 1392/1/1392 1389/1/1389 1390/1/1390
f 1341/1/1341 1391/1/1391 1392/1/1392
f 1418/1/1418 1269/1/1269 1455/1/1455
f 1455/1/1455 1269/1/1269 1419/1/1419
f 1623/1/1623 1420/1/1420 1344/1/1344
f 1623/1/1623 1344/1/1344 1317/1/1317
f 1624/1/1624 1527/1/1527 1394/1/1394
f 1527/1/1527 1717/1/1717 997/1/997
f 1528/1/1528 1126/1/1126 1347/1/1347
f 1562/1/1562 1318/1/1318 1395/1/1395
f 1395/1/1395 1529/1/1529 1562/1/1562
f 1169/1/1169 1396/1/1396 1530/1/1530
f 1244/1/1244 1351/1/1351 1422/1/1422
f 1567/1/1567 1245/1/1245 1243/1/1243
f 1353/1/1353 1397/1/1397 1352/1/1352
f 1567/1/1567 1354/1/1354 1245/1/1245
f 1423/1/1423 1039/1/1039 1498/1/1498
f 1423/1/1423 1457/1/1457 1039/1/1039
f 1569/1/1569 1278/1/1278 1320/1/1320
f 1398/1/1398 1500/1/1500 1355/1/1355
f 1247/1/1247 1461/1/1461 1280/1/1280
f 1399/1/1399 1595/1/1595 1249/1/1249
f 1536/1/1536 1356/1/1356 1570/1/1570
f 1536/1/1536 1174/1/1174 1356/1/1356
f 1176/1/1176 1535/1/1535 1399/1/1399
f 1535/1/1535 1176/1/1176 1322/1/1322
f 1427/1/1427 1250/1/1250 1425/1/1425
f 1322/1/1322 1357/1/1357 1430/1/1430
f 1464/1/1464 1179/1/1179 1429/1/1429
f 1358/1/1358 1463/1/1463 1539/1/1539
f 1135/1/1135 1400/1/1400 1401/1/1401
f 1502/1/1502 1359/1/1359 1431/1/1431
f 1323/1/1323 1402/1/1402 1286/1/1286
f 1404/1/1404 1364/1/1364 1434/1/1434
f 1326/1/1326 1507/1/1507 1473/1/1473
f 1290/1/1290 1326/1/1326 1473/1/1473
f 1436/1/1436 1290/1/1290 1473/1/1473
f 1327/1/1327 1328/1/1328 1508/1/1508
f 1257/1/1257 1436/1/1436 1437/1/1437
f 1329/1/1329 1366/1/1366 1438/1/1438
f 1437/1/1437 1435/1/1435 1368/1/1368
f 1437/1/1437 1368/1/1368 1474/1/1474
f 1294/1/1294 1476/1/1476 1510/1/1510
f 1370/1/1370 1440/1/1440 1295/1/1295
f 1666/1/1666 1331/1/1331 1293/1/1293
f 1262/1/1262 1405/1/1405 1376/1/1376
f 1405/1/1405 1262/1/1262 1331/1/1331
f 1375/1/1375 1377/1/1377 1442/1/1442
f 1299/1/1299 1545/1/1545 1406/1/1406
f 1153/1/1153 1222/1/1222 1444/1/1444
f 1379/1/1379 1445/1/1445 1442/1/1442
f 1544/1/1544 1516/1/1516 1305/1/1305
f 1445/1/1445 1307/1/1307 1447/1/1447
f 1446/1/1446 1448/1/1448 1333/1/1333
f 1547/1/1547 1409/1/1409 1334/1/1334
f 1333/1/1333 1448/1/1448 1449/1/1449
f 1449/1/1449 1448/1/1448 1484/1/1484
f 1410/1/1410 1337/1/1337 1486/1/1486
f 1227/1/1227 1413/1/1413 1381/1/1381
f 1338/1/1338 1523/1/1523 1311/1/1311
f 1487/1/1487 1453/1/1453 1521/1/1521
f 1340/1/1340 1415/1/1415 1488/1/1488
f 1451/1/1451 1382/1/1382 1339/1/1339
f 1415/1/1415 1417/1/1417 1488/1/1488
f 1416/1/1416 1385/1/1385 1384/1/1384
f 1417/1/1417 1386/1/1386 1524/1/1524
f 1419/1/1419 1342/1/1342 1491/1/1491
f 1491/1/1491 1342/1/1342 1343/1/1343
f 1273/1/1273 1420/1/1420 1343/1/1343
f 1346/1/1346 1493/1/1493 1345/1/1345
f 1563/1/1563 1348/1/1348 1495/1/1495
f 1529/1/1529 1348/1/1348 1563/1/1563
f 1496/1/1496 1421/1/1421 1650/1/1650
f 1421/1/1421 1349/1/1349 1533/1/1533
f 1533/1/1533 1349/1/1349 1422/1/1422
f 1243/1/1243 1566/1/1566 1567/1/1567
f 1351/1/1351 1352/1/1352 1625/1/1625
f 1567/1/1567 1534/1/1534 1354/1/1354
f 1397/1/1397 1277/1/1277 1568/1/1568
f 1568/1/1568 1277/1/1277 1278/1/1278
f 1320/1/1320 1458/1/1458 1569/1/1569
f 1280/1/1280 1460/1/1460 1459/1/1459
f 1461/1/1461 1247/1/1247 1595/1/1595
f 1356/1/1356 1501/1/1501 1570/1/1570
f 1428/1/1428 1463/1/1463 1358/1/1358
f 1464/1/1464 1428/1/1428 1358/1/1358
f 1359/1/1359 1538/1/1538 1430/1/1430
f 1283/1/1283 1135/1/1135 1573/1/1573
f 1431/1/1431 1432/1/1432 1465/1/1465
f 1466/1/1466 1403/1/1403 1402/1/1402
f 1432/1/1432 1360/1/1360 1468/1/1468
f 1466/1/1466 1467/1/1467 1403/1/1403
f 1360/1/1360 1404/1/1404 1468/1/1468
f 1361/1/1361 1088/1/1088 1469/1/1469
f 1088/1/1088 1470/1/1470 1469/1/1469
f 1468/1/1468 1404/1/1404 1434/1/1434
f 4013/1/4013 1507/1/1507 1325/1/1325
f 1472/1/1472 1327/1/1327 1508/1/1508
f 1365/1/1365 1434/1/1434 1364/1/1364
f 1435/1/1435 1436/1/1436 1328/1/1328
f 1437/1/1437 1436/1/1436 1435/1/1435
f 1365/1/1365 1509/1/1509 1434/1/1434
f 1439/1/1439 1509/1/1509 1365/1/1365
f 1367/1/1367 1437/1/1437 4014/1/4014
f 1510/1/1510 1474/1/1474 1368/1/1368
f 1367/1/1367 1475/1/1475 1440/1/1440
f 1293/1/1293 1438/1/1438 1666/1/1666
f 1509/1/1509 1439/1/1439 1375/1/1375
f 1441/1/1441 1371/1/1371 4015/1/4015
f 1481/1/1481 1478/1/1478 1375/1/1375
f 1512/1/1512 1373/1/1373 1479/1/1479
f 1331/1/1331 1608/1/1608 1405/1/1405
f 1480/1/1480 1299/1/1299 1371/1/1371
f 1481/1/1481 1375/1/1375 1442/1/1442
f 1406/1/1406 1378/1/1378 1300/1/1300
f 1407/1/1407 1153/1/1153 1637/1/1637
f 1378/1/1378 1406/1/1406 1515/1/1515
f 1482/1/1482 1378/1/1378 1515/1/1515
f 1408/1/1408 1378/1/1378 1482/1/1482
f 1446/1/1446 1408/1/1408 1483/1/1483
f 1445/1/1445 1443/1/1443 1442/1/1442
f 1222/1/1222 1380/1/1380 1444/1/1444
f 1443/1/1443 1445/1/1445 1518/1/1518
f 1447/1/1447 1518/1/1518 1445/1/1445
f 1448/1/1448 1446/1/1446 1483/1/1483
f 1518/1/1518 1447/1/1447 1450/1/1450
f 1334/1/1334 1410/1/1410 1547/1/1547
f 1450/1/1450 1447/1/1447 1519/1/1519
f 1450/1/1450 1519/1/1519 1485/1/1485
f 1547/1/1547 1410/1/1410 1486/1/1486
f 1412/1/1412 1381/1/1381 1411/1/1411
f 1338/1/1338 1411/1/1411 1520/1/1520
f 1552/1/1552 1413/1/1413 1487/1/1487
f 1414/1/1414 1451/1/1451 1339/1/1339
f 1486/1/1486 1340/1/1340 1488/1/1488
f 1416/1/1416 1384/1/1384 1617/1/1617
f 1417/1/1417 1524/1/1524 1488/1/1488
f 1387/1/1387 1416/1/1416 1454/1/1454
f 1452/1/1452 1524/1/1524 1386/1/1386
f 1385/1/1385 1416/1/1416 1387/1/1387
f 1454/1/1454 1452/1/1452 1316/1/1316
f 1387/1/1387 1454/1/1454 1316/1/1316
f 1455/1/1455 1556/1/1556 1418/1/1418
f 1491/1/1491 1455/1/1455 1419/1/1419
f 1489/1/1489 1557/1/1557 1490/1/1490
f 1317/1/1317 1345/1/1345 1623/1/1623
f 1346/1/1346 1528/1/1528 1684/1/1684
f 1346/1/1346 1274/1/1274 1528/1/1528
f 1347/1/1347 1318/1/1318 1494/1/1494
f 1530/1/1530 1396/1/1396 1496/1/1496
f 1569/1/1569 1568/1/1568 1278/1/1278
f 1398/1/1398 1457/1/1457 1499/1/1499
f 1320/1/1320 1500/1/1500 1458/1/1458
f 1459/1/1459 1460/1/1460 1424/1/1424
f 1280/1/1280 1461/1/1461 1460/1/1460
f 1425/1/1425 1596/1/1596 1427/1/1427
f 1426/1/1426 1596/1/1596 1425/1/1425
f 1322/1/1322 1571/1/1571 1535/1/1535
f 1322/1/1322 1598/1/1598 1571/1/1571
f 1322/1/1322 1430/1/1430 1598/1/1598
f 1427/1/1427 1597/1/1597 1429/1/1429
f 1464/1/1464 1537/1/1537 1428/1/1428
f 1432/1/1432 1468/1/1468 1465/1/1465
f 1467/1/1467 1470/1/1470 1088/1/1088
f 1503/1/1503 1470/1/1470 1467/1/1467
f 4013/1/4013 1576/1/1576 1507/1/1507
f 1473/1/1473 1507/1/1507 1541/1/1541
f 1366/1/1366 1254/1/1254 1471/1/1471
f 4014/1/4014 1475/1/1475 1367/1/1367
f 1477/1/1477 1440/1/1440 1475/1/1475
f 1477/1/1477 1476/1/1476 1440/1/1440
f 1509/1/1509 1375/1/1375 1478/1/1478
f 1371/1/1371 1441/1/1441 1480/1/1480
f 1545/1/1545 1299/1/1299 1480/1/1480
f 1479/1/1479 1407/1/1407 1513/1/1513
f 1405/1/1405 1544/1/1544 1376/1/1376
f 1513/1/1513 1407/1/1407 1637/1/1637
f 1442/1/1442 1443/1/1443 1514/1/1514
f 1153/1/1153 1444/1/1444 1637/1/1637
f 1408/1/1408 1482/1/1482 1483/1/1483
f 1546/1/1546 1483/1/1483 1482/1/1482
f 1444/1/1444 1380/1/1380 1517/1/1517
f 1409/1/1409 1548/1/1548 1380/1/1380
f 1448/1/1448 1483/1/1483 1613/1/1613
f 1484/1/1484 1519/1/1519 1449/1/1449
f 1583/1/1583 1450/1/1450 1485/1/1485
f 1413/1/1413 1552/1/1552 1381/1/1381
f 1338/1/1338 1520/1/1520 1553/1/1553
f 1523/1/1523 1338/1/1338 1553/1/1553
f 1455/1/1455 1558/1/1558 1556/1/1556
f 1455/1/1455 1491/1/1491 1558/1/1558
f 1165/1/1165 1557/1/1557 1526/1/1526
f 1165/1/1165 1490/1/1490 1557/1/1557
f 1492/1/1492 1420/1/1420 1623/1/1623
f 1165/1/1165 1526/1/1526 1393/1/1393
f 1456/1/1456 1588/1/1588 1394/1/1394
f 1624/1/1624 1394/1/1394 1588/1/1588
f 1528/1/1528 1347/1/1347 1494/1/1494
f 1563/1/1563 1561/1/1561 1529/1/1529
f 1495/1/1495 1530/1/1530 1531/1/1531
f 1563/1/1563 1495/1/1495 1531/1/1531
f 1127/1/1127 1532/1/1532 1350/1/1350
f 1350/1/1350 1532/1/1532 1566/1/1566
f 1591/1/1591 1422/1/1422 1497/1/1497
f 1422/1/1422 1351/1/1351 1625/1/1625
f 1497/1/1497 1422/1/1422 1625/1/1625
f 1534/1/1534 1498/1/1498 1354/1/1354
f 1457/1/1457 1423/1/1423 1499/1/1499
f 1398/1/1398 1499/1/1499 1500/1/1500
f 1501/1/1501 1462/1/1462 1627/1/1627
f 1399/1/1399 1535/1/1535 1595/1/1595
f 1538/1/1538 1598/1/1598 1430/1/1430
f 1538/1/1538 1359/1/1359 1502/1/1502
f 1401/1/1401 1573/1/1573 1135/1/1135
f 1323/1/1323 1573/1/1573 1696/1/1696
f 1283/1/1283 1573/1/1573 1323/1/1323
f 1502/1/1502 1431/1/1431 1465/1/1465
f 1465/1/1465 1601/1/1601 1502/1/1502
f 1696/1/1696 1402/1/1402 1323/1/1323
f 1467/1/1467 1466/1/1466 1540/1/1540
f 1468/1/1468 1505/1/1505 1465/1/1465
f 1468/1/1468 1434/1/1434 1505/1/1505
f 1506/1/1506 1471/1/1471 1361/1/1361
f 1508/1/1508 1577/1/1577 1472/1/1472
f 1506/1/1506 1366/1/1366 1471/1/1471
f 1578/1/1578 1434/1/1434 1509/1/1509
f 1579/1/1579 1578/1/1578 1509/1/1509
f 1366/1/1366 1605/1/1605 1438/1/1438
f 1478/1/1478 1511/1/1511 1509/1/1509
f 1481/1/1481 1542/1/1542 1478/1/1478
f 1610/1/1610 1542/1/1542 1481/1/1481
f 1481/1/1481 1442/1/1442 1514/1/1514
f 1406/1/1406 1545/1/1545 1582/1/1582
f 1515/1/1515 1406/1/1406 1582/1/1582
f 1482/1/1482 1515/1/1515 1546/1/1546
f 1514/1/1514 1443/1/1443 1585/1/1585
f 1518/1/1518 1585/1/1585 1443/1/1443
f 1583/1/1583 1585/1/1585 1518/1/1518
f 1548/1/1548 1409/1/1409 1547/1/1547
f 1448/1/1448 1613/1/1613 1549/1/1549
f 1518/1/1518 1450/1/1450 1583/1/1583
f 1550/1/1550 1547/1/1547 1551/1/1551
f 1486/1/1486 1551/1/1551 1547/1/1547
f 1411/1/1411 1381/1/1381 1520/1/1520
f 1551/1/1551 1486/1/1486 1522/1/1522
f 1521/1/1521 1552/1/1552 1487/1/1487
f 1414/1/1414 1778/1/1778 1451/1/1451
f 1522/1/1522 1486/1/1486 1488/1/1488
f 1524/1/1524 1522/1/1522 1488/1/1488
f 1554/1/1554 1522/1/1522 1524/1/1524
f 1521/1/1521 1453/1/1453 1618/1/1618
f 1452/1/1452 1554/1/1554 1524/1/1524
f 1617/1/1617 1454/1/1454 1416/1/1416
f 1618/1/1618 1453/1/1453 1525/1/1525
f 1453/1/1453 1418/1/1418 1525/1/1525
f 1525/1/1525 1418/1/1418 1556/1/1556
f 1558/1/1558 1622/1/1622 1556/1/1556
f 1558/1/1558 1491/1/1491 1560/1/1560
f 1491/1/1491 1343/1/1343 1559/1/1559
f 1393/1/1393 1588/1/1588 1456/1/1456
f 1345/1/1345 1493/1/1493 1716/1/1716
f 1493/1/1493 1346/1/1346 1684/1/1684
f 1531/1/1531 1590/1/1590 1563/1/1563
f 1530/1/1530 1496/1/1496 1649/1/1649
f 1564/1/1564 1496/1/1496 1650/1/1650
f 1421/1/1421 1533/1/1533 1650/1/1650
f 1567/1/1567 1792/1/1792 1534/1/1534
f 1397/1/1397 1722/1/1722 1352/1/1352
f 1397/1/1397 1568/1/1568 1722/1/1722
f 1458/1/1458 1500/1/1500 1593/1/1593
f 1500/1/1500 1653/1/1653 1593/1/1593
f 1460/1/1460 1594/1/1594 1424/1/1424
f 1424/1/1424 1657/1/1657 1462/1/1462
f 1424/1/1424 1594/1/1594 1657/1/1657
f 1501/1/1501 1627/1/1627 1570/1/1570
f 1426/1/1426 1726/1/1726 1596/1/1596
f 1537/1/1537 1463/1/1463 1428/1/1428
f 1464/1/1464 1572/1/1572 1537/1/1537
f 1429/1/1429 1572/1/1572 1464/1/1464
f 1599/1/1599 1400/1/1400 1539/1/1539
f 1401/1/1401 1400/1/1400 1600/1/1600
f 1599/1/1599 1600/1/1600 1400/1/1400
f 1538/1/1538 1502/1/1502 1661/1/1661
f 1466/1/1466 1402/1/1402 1696/1/1696
f 1467/1/1467 1540/1/1540 1631/1/1631
f 1631/1/1631 1503/1/1503 1467/1/1467
f 1361/1/1361 1469/1/1469 1800/1/1800
f 4016/1/4016 1664/1/1664 1503/1/1503
f 1576/1/1576 1541/1/1541 1507/1/1507
f 4016/1/4016 1577/1/1577 1664/1/1664
f 1472/1/1472 1577/1/1577 4016/1/4016
f 1505/1/1505 1434/1/1434 1578/1/1578
f 1577/1/1577 1508/1/1508 1603/1/1603
f 1474/1/1474 1510/1/1510 1667/1/1667
f 1475/1/1475 1634/1/1634 1477/1/1477
f 1579/1/1579 1509/1/1509 1511/1/1511
f 1510/1/1510 1476/1/1476 1667/1/1667
f 1542/1/1542 1511/1/1511 1478/1/1478
f 1479/1/1479 1543/1/1543 1512/1/1512
f 1513/1/1513 1543/1/1543 1479/1/1479
f 1610/1/1610 1481/1/1481 1514/1/1514
f 1546/1/1546 1611/1/1611 1483/1/1483
f 1483/1/1483 1611/1/1611 1613/1/1613
f 1517/1/1517 1380/1/1380 1548/1/1548
f 1548/1/1548 1547/1/1547 1550/1/1550
f 1335/1/1335 1710/1/1710 1584/1/1584
f 1549/1/1549 1484/1/1484 1448/1/1448
f 1550/1/1550 1551/1/1551 1615/1/1615
f 1414/1/1414 1584/1/1584 1778/1/1778
f 1678/1/1678 1521/1/1521 1618/1/1618
f 1554/1/1554 1452/1/1452 1555/1/1555
f 1384/1/1384 1714/1/1714 1617/1/1617
f 1384/1/1384 1587/1/1587 1714/1/1714
f 1643/1/1643 1555/1/1555 1452/1/1452
f 1454/1/1454 1643/1/1643 1452/1/1452
f 1617/1/1617 1643/1/1643 1454/1/1454
f 1525/1/1525 1619/1/1619 1618/1/1618
f 1382/1/1382 1645/1/1645 1489/1/1489
f 1491/1/1491 1559/1/1559 1560/1/1560
f 1558/1/1558 1560/1/1560 1682/1/1682
f 1680/1/1680 1420/1/1420 1492/1/1492
f 1680/1/1680 1343/1/1343 1420/1/1420
f 1559/1/1559 1343/1/1343 1680/1/1680
f 1623/1/1623 1345/1/1345 1715/1/1715
f 1624/1/1624 1717/1/1717 1527/1/1527
f 1528/1/1528 1647/1/1647 1684/1/1684
f 1318/1/1318 1562/1/1562 1589/1/1589
f 1529/1/1529 1561/1/1561 1562/1/1562
f 1531/1/1531 1530/1/1530 1649/1/1649
f 1531/1/1531 1649/1/1649 1590/1/1590
f 1533/1/1533 1565/1/1565 1650/1/1650
f 1652/1/1652 1533/1/1533 1422/1/1422
f 1534/1/1534 1792/1/1792 1687/1/1687
f 1458/1/1458 1592/1/1592 1569/1/1569
f 1500/1/1500 1499/1/1499 1653/1/1653
f 1460/1/1460 1461/1/1461 1594/1/1594
f 1627/1/1627 1462/1/1462 1657/1/1657
f 1658/1/1658 1536/1/1536 1570/1/1570
f 1536/1/1536 1726/1/1726 1426/1/1426
f 1571/1/1571 1691/1/1691 1535/1/1535
f 1429/1/1429 1659/1/1659 1572/1/1572
f 1429/1/1429 1597/1/1597 1659/1/1659
f 1538/1/1538 1660/1/1660 1598/1/1598
f 1539/1/1539 1463/1/1463 1599/1/1599
f 1538/1/1538 1661/1/1661 1660/1/1660
f 1401/1/1401 1600/1/1600 1694/1/1694
f 1628/1/1628 1661/1/1661 1502/1/1502
f 1502/1/1502 1601/1/1601 1629/1/1629
f 1574/1/1574 1540/1/1540 1466/1/1466
f 1465/1/1465 1505/1/1505 1575/1/1575
f 1540/1/1540 1798/1/1798 1631/1/1631
f 1465/1/1465 1575/1/1575 1630/1/1630
f 1470/1/1470 1503/1/1503 1602/1/1602
f 1602/1/1602 1469/1/1469 1470/1/1470
f 1503/1/1503 1664/1/1664 1602/1/1602
f 1576/1/1576 4013/1/4013 1433/1/1433
f 1800/1/1800 1506/1/1506 1361/1/1361
f 1505/1/1505 1578/1/1578 1575/1/1575
f 1511/1/1511 1580/1/1580 1579/1/1579
f 1634/1/1634 1635/1/1635 1477/1/1477
f 1666/1/1666 1608/1/1608 1331/1/1331
f 1542/1/1542 1609/1/1609 1511/1/1511
f 1580/1/1580 1511/1/1511 1609/1/1609
f 1512/1/1512 1543/1/1543 4018/1/4018
f 1610/1/1610 1609/1/1609 1542/1/1542
f 1480/1/1480 1581/1/1581 1545/1/1545
f 1636/1/1636 1544/1/1544 1405/1/1405
f 1544/1/1544 1775/1/1775 1516/1/1516
f 1611/1/1611 1515/1/1515 1582/1/1582
f 1546/1/1546 1515/1/1515 1611/1/1611
f 1514/1/1514 1585/1/1585 1671/1/1671
f 1516/1/1516 1775/1/1775 1335/1/1335
f 1585/1/1585 1583/1/1583 1614/1/1614
f 1640/1/1640 1484/1/1484 1549/1/1549
f 1674/1/1674 1583/1/1583 1586/1/1586
f 1614/1/1614 1583/1/1583 1674/1/1674
f 1586/1/1586 1552/1/1552 1674/1/1674
f 1555/1/1555 1615/1/1615 1551/1/1551
f 1641/1/1641 1553/1/1553 1520/1/1520
f 1521/1/1521 1616/1/1616 1552/1/1552
f 1551/1/1551 1522/1/1522 1555/1/1555
f 1587/1/1587 1523/1/1523 1553/1/1553
f 1555/1/1555 1522/1/1522 1554/1/1554
f 1587/1/1587 1384/1/1384 1523/1/1523
f 1619/1/1619 1525/1/1525 1620/1/1620
f 1557/1/1557 1489/1/1489 1645/1/1645
f 1620/1/1620 1525/1/1525 1556/1/1556
f 1556/1/1556 1622/1/1622 1621/1/1621
f 1682/1/1682 1622/1/1622 1558/1/1558
f 1393/1/1393 1526/1/1526 1588/1/1588
f 1345/1/1345 1716/1/1716 1715/1/1715
f 1494/1/1494 1318/1/1318 1589/1/1589
f 1590/1/1590 1649/1/1649 1789/1/1789
f 1563/1/1563 1590/1/1590 1745/1/1745
f 1561/1/1561 1563/1/1563 1745/1/1745
f 1496/1/1496 1564/1/1564 1649/1/1649
f 1532/1/1532 1651/1/1651 1566/1/1566
f 1533/1/1533 1652/1/1652 1565/1/1565
f 1566/1/1566 1651/1/1651 1567/1/1567
f 1352/1/1352 1722/1/1722 1794/1/1794
f 1751/1/1751 1498/1/1498 1688/1/1688
f 1423/1/1423 1498/1/1498 1751/1/1751
f 1458/1/1458 1593/1/1593 1626/1/1626
f 1655/1/1655 1593/1/1593 1653/1/1653
f 1626/1/1626 1593/1/1593 1655/1/1655
f 1756/1/1756 1570/1/1570 1627/1/1627
f 1570/1/1570 1756/1/1756 1658/1/1658
f 1726/1/1726 1536/1/1536 1658/1/1658
f 1660/1/1660 1692/1/1692 1598/1/1598
f 1463/1/1463 1693/1/1693 1599/1/1599
f 1696/1/1696 1574/1/1574 1466/1/1466
f 1601/1/1601 1465/1/1465 1630/1/1630
f 1469/1/1469 1602/1/1602 1760/1/1760
f 1575/1/1575 1578/1/1578 1604/1/1604
f 1605/1/1605 1366/1/1366 1506/1/1506
f 1604/1/1604 1578/1/1578 1579/1/1579
f 1606/1/1606 1603/1/1603 1665/1/1665
f 1700/1/1700 1607/1/1607 1665/1/1665
f 1605/1/1605 1767/1/1767 1438/1/1438
f 1665/1/1665 1607/1/1607 1475/1/1475
f 1666/1/1666 1438/1/1438 1767/1/1767
f 1667/1/1667 1701/1/1701 1474/1/1474
f 1579/1/1579 1580/1/1580 1633/1/1633
f 1668/1/1668 4018/1/4018 1543/1/1543
f 1581/1/1581 1480/1/1480 1441/1/1441
f 1405/1/1405 1608/1/1608 1803/1/1803
f 1581/1/1581 1736/1/1736 1545/1/1545
f 1545/1/1545 1736/1/1736 1582/1/1582
f 1544/1/1544 1636/1/1636 1775/1/1775
f 1611/1/1611 1612/1/1612 1613/1/1613
f 1548/1/1548 1550/1/1550 1517/1/1517
f 1614/1/1614 1639/1/1639 1585/1/1585
f 1616/1/1616 1674/1/1674 1552/1/1552
f 1619/1/1619 1678/1/1678 1618/1/1618
f 1382/1/1382 1675/1/1675 1645/1/1645
f 1620/1/1620 1556/1/1556 1621/1/1621
f 1646/1/1646 1526/1/1526 1557/1/1557
f 1526/1/1526 1646/1/1646 1787/1/1787
f 1623/1/1623 1786/1/1786 1492/1/1492
f 1526/1/1526 1787/1/1787 1588/1/1588
f 1493/1/1493 1684/1/1684 1683/1/1683
f 1528/1/1528 1718/1/1718 1647/1/1647
f 1718/1/1718 1528/1/1528 1494/1/1494
f 1561/1/1561 1745/1/1745 1562/1/1562
f 1789/1/1789 1745/1/1745 1590/1/1590
f 1127/1/1127 1817/1/1817 1532/1/1532
f 1652/1/1652 1422/1/1422 1591/1/1591
f 1625/1/1625 1352/1/1352 1794/1/1794
f 1498/1/1498 1534/1/1534 1687/1/1687
f 1688/1/1688 1498/1/1498 1687/1/1687
f 1568/1/1568 1569/1/1569 1689/1/1689
f 1592/1/1592 1458/1/1458 1626/1/1626
f 1656/1/1656 1594/1/1594 1461/1/1461
f 1595/1/1595 1656/1/1656 1461/1/1461
f 1725/1/1725 1427/1/1427 1596/1/1596
f 1571/1/1571 1598/1/1598 1692/1/1692
f 1463/1/1463 1537/1/1537 1693/1/1693
f 1694/1/1694 1573/1/1573 1401/1/1401
f 1628/1/1628 1502/1/1502 1629/1/1629
f 1601/1/1601 1662/1/1662 1629/1/1629
f 1540/1/1540 1574/1/1574 1759/1/1759
f 1601/1/1601 1630/1/1630 1662/1/1662
f 1540/1/1540 1759/1/1759 1798/1/1798
f 1504/1/1504 1631/1/1631 1663/1/1663
f 1800/1/1800 1469/1/1469 1760/1/1760
f 1630/1/1630 1575/1/1575 1604/1/1604
f 1604/1/1604 1698/1/1698 1630/1/1630
f 4017/1/4017 1700/1/1700 1665/1/1665
f 1604/1/1604 1579/1/1579 1633/1/1633
f 1701/1/1701 1665/1/1665 1474/1/1474
f 1475/1/1475 1607/1/1607 1634/1/1634
f 1768/1/1768 1635/1/1635 1634/1/1634
f 1771/1/1771 1669/1/1669 1666/1/1666
f 1668/1/1668 1667/1/1667 4018/1/4018
f 1666/1/1666 1669/1/1669 1608/1/1608
f 1543/1/1543 1513/1/1513 1702/1/1702
f 1735/1/1735 1736/1/1736 1581/1/1581
f 1707/1/1707 1611/1/1611 1582/1/1582
f 1514/1/1514 1671/1/1671 1610/1/1610
f 1585/1/1585 1638/1/1638 1671/1/1671
f 1838/1/1838 1335/1/1335 1775/1/1775
f 1613/1/1613 1612/1/1612 1809/1/1809
f 1335/1/1335 1838/1/1838 1710/1/1710
f 1639/1/1639 1638/1/1638 1585/1/1585
f 1550/1/1550 1615/1/1615 1672/1/1672
f 1584/1/1584 1710/1/1710 1778/1/1778
f 1615/1/1615 1555/1/1555 1642/1/1642
f 1641/1/1641 1713/1/1713 1553/1/1553
f 1778/1/1778 1845/1/1845 1451/1/1451
f 1713/1/1713 1587/1/1587 1553/1/1553
f 1643/1/1643 1642/1/1642 1555/1/1555
f 1521/1/1521 1678/1/1678 1616/1/1616
f 1617/1/1617 1676/1/1676 1643/1/1643
f 1617/1/1617 1714/1/1714 1676/1/1676
f 1678/1/1678 1619/1/1619 1644/1/1644
f 1675/1/1675 1382/1/1382 1451/1/1451
f 1619/1/1619 1620/1/1620 1644/1/1644
f 1644/1/1644 1620/1/1620 1743/1/1743
f 1645/1/1645 1646/1/1646 1557/1/1557
f 1743/1/1743 1620/1/1620 1621/1/1621
f 1622/1/1622 1679/1/1679 1621/1/1621
f 1682/1/1682 1679/1/1679 1622/1/1622
f 1560/1/1560 1559/1/1559 1681/1/1681
f 1679/1/1679 1682/1/1682 1785/1/1785
f 1623/1/1623 1715/1/1715 1786/1/1786
f 1716/1/1716 1493/1/1493 1683/1/1683
f 1624/1/1624 1853/1/1853 1717/1/1717
f 1718/1/1718 1494/1/1494 1589/1/1589
f 1562/1/1562 1648/1/1648 1589/1/1589
f 1719/1/1719 1562/1/1562 1745/1/1745
f 1789/1/1789 1649/1/1649 1747/1/1747
f 1650/1/1650 1748/1/1748 1564/1/1564
f 1748/1/1748 1649/1/1649 1564/1/1564
f 1651/1/1651 1685/1/1685 1567/1/1567
f 1686/1/1686 1497/1/1497 1625/1/1625
f 1568/1/1568 1689/1/1689 1722/1/1722
f 1569/1/1569 1592/1/1592 1689/1/1689
f 1592/1/1592 1626/1/1626 1723/1/1723
f 1626/1/1626 1655/1/1655 1654/1/1654
f 1594/1/1594 1656/1/1656 1754/1/1754
f 1627/1/1627 1657/1/1657 1690/1/1690
f 1691/1/1691 1595/1/1595 1535/1/1535
f 1596/1/1596 1726/1/1726 1725/1/1725
f 1427/1/1427 1725/1/1725 1597/1/1597
f 1537/1/1537 1572/1/1572 1693/1/1693
f 1696/1/1696 1797/1/1797 1574/1/1574
f 1662/1/1662 1630/1/1630 1698/1/1698
f 1631/1/1631 1798/1/1798 1663/1/1663
f 1504/1/1504 1663/1/1663 1433/1/1433
f 1602/1/1602 1664/1/1664 1697/1/1697
f 1577/1/1577 1730/1/1730 1664/1/1664
f 1761/1/1761 1632/1/1632 1541/1/1541
f 1506/1/1506 1802/1/1802 1605/1/1605
f 1763/1/1763 1802/1/1802 1506/1/1506
f 1766/1/1766 1603/1/1603 1606/1/1606
f 1831/1/1831 1607/1/1607 1700/1/1700
f 1635/1/1635 1768/1/1768 1703/1/1703
f 1703/1/1703 1441/1/1441 1635/1/1635
f 1633/1/1633 1580/1/1580 1769/1/1769
f 1580/1/1580 1609/1/1609 1769/1/1769
f 1609/1/1609 1610/1/1610 1705/1/1705
f 1908/1/1908 1636/1/1636 1405/1/1405
f 1704/1/1704 1513/1/1513 1670/1/1670
f 1637/1/1637 1670/1/1670 1513/1/1513
f 1582/1/1582 1736/1/1736 1804/1/1804
f 1707/1/1707 1582/1/1582 1804/1/1804
f 1637/1/1637 1444/1/1444 1670/1/1670
f 1610/1/1610 1671/1/1671 1774/1/1774
f 1612/1/1612 1611/1/1611 1707/1/1707
f 1517/1/1517 1550/1/1550 1672/1/1672
f 1613/1/1613 1809/1/1809 1549/1/1549
f 1638/1/1638 1708/1/1708 1671/1/1671
f 1615/1/1615 1673/1/1673 1672/1/1672
f 1673/1/1673 1615/1/1615 1642/1/1642
f 1614/1/1614 1674/1/1674 1712/1/1712
f 1843/1/1843 1614/1/1614 1712/1/1712
f 1451/1/1451 1845/1/1845 1675/1/1675
f 1642/1/1642 1643/1/1643 1676/1/1676
f 1677/1/1677 1616/1/1616 1678/1/1678
f 1739/1/1739 1677/1/1677 1678/1/1678
f 1644/1/1644 1743/1/1743 1742/1/1742
f 1679/1/1679 1743/1/1743 1621/1/1621
f 1680/1/1680 1681/1/1681 1559/1/1559
f 1814/1/1814 1682/1/1682 1560/1/1560
f 1492/1/1492 1813/1/1813 1680/1/1680
f 1681/1/1681 1680/1/1680 1744/1/1744
f 1813/1/1813 1492/1/1492 1786/1/1786
f 1748/1/1748 1650/1/1650 1720/1/1720
f 1650/1/1650 1565/1/1565 1720/1/1720
f 1532/1/1532 1685/1/1685 1651/1/1651
f 1497/1/1497 1686/1/1686 1591/1/1591
f 1685/1/1685 1721/1/1721 1567/1/1567
f 1567/1/1567 1721/1/1721 1792/1/1792
f 1625/1/1625 1794/1/1794 1686/1/1686
f 1794/1/1794 1722/1/1722 1750/1/1750
f 1653/1/1653 1499/1/1499 1752/1/1752
f 1861/1/1861 1653/1/1653 1752/1/1752
f 1626/1/1626 1654/1/1654 1723/1/1723
f 1655/1/1655 1653/1/1653 1861/1/1861
f 1594/1/1594 1754/1/1754 1657/1/1657
f 1656/1/1656 1595/1/1595 1724/1/1724
f 1627/1/1627 1690/1/1690 1756/1/1756
f 1896/1/1896 1690/1/1690 1657/1/1657
f 1691/1/1691 1571/1/1571 1969/1/1969
f 1727/1/1727 1571/1/1571 1692/1/1692
f 1572/1/1572 1796/1/1796 1693/1/1693
f 1661/1/1661 1628/1/1628 1868/1/1868
f 1694/1/1694 1826/1/1826 1573/1/1573
f 1629/1/1629 1728/1/1728 1628/1/1628
f 1629/1/1629 1662/1/1662 1728/1/1728
f 1728/1/1728 1662/1/1662 1698/1/1698
f 1602/1/1602 1697/1/1697 1760/1/1760
f 1663/1/1663 1576/1/1576 1433/1/1433
f 1978/1/1978 1800/1/1800 1760/1/1760
f 1697/1/1697 1664/1/1664 1730/1/1730
f 1762/1/1762 1730/1/1730 1577/1/1577
f 1541/1/1541 1576/1/1576 1761/1/1761
f 1506/1/1506 1800/1/1800 1763/1/1763
f 1603/1/1603 1762/1/1762 1577/1/1577
f 1632/1/1632 1731/1/1731 4017/1/4017
f 1698/1/1698 1604/1/1604 1699/1/1699
f 1801/1/1801 1698/1/1698 1699/1/1699
f 4017/1/4017 1732/1/1732 1700/1/1700
f 1802/1/1802 1767/1/1767 1605/1/1605
f 1699/1/1699 1604/1/1604 1633/1/1633
f 1606/1/1606 1665/1/1665 1733/1/1733
f 1665/1/1665 1701/1/1701 1733/1/1733
f 1634/1/1634 1607/1/1607 1768/1/1768
f 1734/1/1734 1699/1/1699 1633/1/1633
f 1666/1/1666 1767/1/1767 1771/1/1771
f 1701/1/1701 1667/1/1667 1772/1/1772
f 1668/1/1668 1772/1/1772 1667/1/1667
f 1734/1/1734 1633/1/1633 1769/1/1769
f 1703/1/1703 1581/1/1581 1441/1/1441
f 1543/1/1543 1702/1/1702 1668/1/1668
f 1703/1/1703 1735/1/1735 1581/1/1581
f 1769/1/1769 1609/1/1609 1705/1/1705
f 1702/1/1702 1513/1/1513 1704/1/1704
f 1908/1/1908 1405/1/1405 1803/1/1803
f 1774/1/1774 1705/1/1705 1610/1/1610
f 1670/1/1670 1444/1/1444 1706/1/1706
f 1706/1/1706 1444/1/1444 1517/1/1517
f 1517/1/1517 1737/1/1737 1706/1/1706
f 1707/1/1707 1835/1/1835 1612/1/1612
f 1774/1/1774 1671/1/1671 1708/1/1708
f 1672/1/1672 1709/1/1709 1517/1/1517
f 1638/1/1638 1639/1/1639 1711/1/1711
f 1638/1/1638 1711/1/1711 1708/1/1708
f 1673/1/1673 1709/1/1709 1672/1/1672
f 1614/1/1614 1843/1/1843 1639/1/1639
f 1738/1/1738 1673/1/1673 1642/1/1642
f 1713/1/1713 1641/1/1641 1779/1/1779
f 1674/1/1674 1616/1/1616 1712/1/1712
f 1713/1/1713 1812/1/1812 1587/1/1587
f 1714/1/1714 1740/1/1740 1676/1/1676
f 1587/1/1587 1812/1/1812 1714/1/1714
f 1678/1/1678 1741/1/1741 1739/1/1739
f 1741/1/1741 1678/1/1678 1644/1/1644
f 1741/1/1741 1644/1/1644 1742/1/1742
f 1679/1/1679 1848/1/1848 1743/1/1743
f 1744/1/1744 1680/1/1680 1813/1/1813
f 1682/1/1682 1814/1/1814 1785/1/1785
f 1588/1/1588 1787/1/1787 1624/1/1624
f 1716/1/1716 1683/1/1683 1854/1/1854
f 1684/1/1684 1816/1/1816 1683/1/1683
f 1684/1/1684 1647/1/1647 1788/1/1788
f 1647/1/1647 1718/1/1718 1921/1/1921
f 1648/1/1648 1562/1/1562 1719/1/1719
f 1719/1/1719 1745/1/1745 1746/1/1746
f 1748/1/1748 1747/1/1747 1649/1/1649
f 1894/1/1894 1685/1/1685 1532/1/1532
f 1652/1/1652 1720/1/1720 1565/1/1565
f 1792/1/1792 1961/1/1961 1687/1/1687
f 1722/1/1722 1689/1/1689 1795/1/1795
f 1499/1/1499 1423/1/1423 1964/1/1964
f 1499/1/1499 1964/1/1964 1752/1/1752
f 1654/1/1654 1655/1/1655 1753/1/1753
f 1657/1/1657 1754/1/1754 1896/1/1896
f 1867/1/1867 1595/1/1595 1691/1/1691
f 1969/1/1969 1867/1/1867 1691/1/1691
f 1571/1/1571 1727/1/1727 1969/1/1969
f 1572/1/1572 1659/1/1659 1757/1/1757
f 1659/1/1659 1597/1/1597 1757/1/1757
f 1692/1/1692 1824/1/1824 1727/1/1727
f 1660/1/1660 1824/1/1824 1692/1/1692
f 1660/1/1660 1661/1/1661 1824/1/1824
f 1695/1/1695 1868/1/1868 1628/1/1628
f 1826/1/1826 1696/1/1696 1573/1/1573
f 1828/1/1828 1759/1/1759 1574/1/1574
f 1728/1/1728 1698/1/1698 1729/1/1729
f 1760/1/1760 1697/1/1697 1870/1/1870
f 1576/1/1576 1663/1/1663 1761/1/1761
f 1870/1/1870 1697/1/1697 1730/1/1730
f 1698/1/1698 1801/1/1801 1729/1/1729
f 1632/1/1632 1761/1/1761 1731/1/1731
f 1762/1/1762 1603/1/1603 1764/1/1764
f 1731/1/1731 1732/1/1732 4017/1/4017
f 1801/1/1801 1699/1/1699 1765/1/1765
f 1603/1/1603 1766/1/1766 1764/1/1764
f 1700/1/1700 1732/1/1732 1831/1/1831
f 1606/1/1606 1733/1/1733 1766/1/1766
f 1607/1/1607 1831/1/1831 1768/1/1768
f 1765/1/1765 1699/1/1699 1734/1/1734
f 1701/1/1701 1772/1/1772 1733/1/1733
f 1608/1/1608 1669/1/1669 1803/1/1803
f 1704/1/1704 1670/1/1670 1833/1/1833
f 1878/1/1878 1705/1/1705 1774/1/1774
f 1833/1/1833 1670/1/1670 1706/1/1706
f 1737/1/1737 1517/1/1517 1709/1/1709
f 1708/1/1708 1808/1/1808 1774/1/1774
f 1612/1/1612 1835/1/1835 1809/1/1809
f 1778/1/1778 1710/1/1710 1880/1/1880
f 1549/1/1549 1809/1/1809 1640/1/1640
f 1711/1/1711 1639/1/1639 1843/1/1843
f 1642/1/1642 1676/1/1676 1738/1/1738
f 1843/1/1843 1712/1/1712 1782/1/1782
f 1676/1/1676 1781/1/1781 1738/1/1738
f 1812/1/1812 1740/1/1740 1714/1/1714
f 1681/1/1681 1814/1/1814 1560/1/1560
f 1681/1/1681 1744/1/1744 1849/1/1849
f 1715/1/1715 1850/1/1850 1786/1/1786
f 1715/1/1715 1716/1/1716 1850/1/1850
f 1716/1/1716 1854/1/1854 1850/1/1850
f 1787/1/1787 1853/1/1853 1624/1/1624
f 1816/1/1816 1684/1/1684 1788/1/1788
f 1857/1/1857 1718/1/1718 1589/1/1589
f 1817/1/1817 1891/1/1891 1532/1/1532
f 1857/1/1857 1589/1/1589 1648/1/1648
f 1720/1/1720 1652/1/1652 1791/1/1791
f 1652/1/1652 1591/1/1591 1820/1/1820
f 1686/1/1686 1794/1/1794 1749/1/1749
f 1750/1/1750 1722/1/1722 1795/1/1795
f 1751/1/1751 1688/1/1688 1964/1/1964
f 1964/1/1964 1423/1/1423 1751/1/1751
f 1723/1/1723 1795/1/1795 1689/1/1689
f 1689/1/1689 1592/1/1592 1723/1/1723
f 1753/1/1753 1655/1/1655 1861/1/1861
f 1754/1/1754 1724/1/1724 1865/1/1865
f 1656/1/1656 1724/1/1724 1754/1/1754
f 1595/1/1595 1867/1/1867 1724/1/1724
f 1929/1/1929 1725/1/1725 1726/1/1726
f 1658/1/1658 1755/1/1755 1726/1/1726
f 1756/1/1756 1755/1/1755 1658/1/1658
f 1727/1/1727 1822/1/1822 1969/1/1969
f 1693/1/1693 1758/1/1758 1599/1/1599
f 1599/1/1599 1758/1/1758 1600/1/1600
f 1868/1/1868 1824/1/1824 1661/1/1661
f 1728/1/1728 1695/1/1695 1628/1/1628
f 1826/1/1826 1797/1/1797 1696/1/1696
f 1574/1/1574 1797/1/1797 1828/1/1828
f 1761/1/1761 1903/1/1903 1731/1/1731
f 1767/1/1767 1876/1/1876 1771/1/1771
f 1734/1/1734 1769/1/1769 1770/1/1770
f 1906/1/1906 1772/1/1772 1668/1/1668
f 1906/1/1906 1668/1/1668 1702/1/1702
f 1703/1/1703 1773/1/1773 1735/1/1735
f 1769/1/1769 1705/1/1705 1770/1/1770
f 1770/1/1770 1705/1/1705 1878/1/1878
f 1736/1/1736 1834/1/1834 1804/1/1804
f 1806/1/1806 1878/1/1878 1774/1/1774
f 1775/1/1775 1636/1/1636 1807/1/1807
f 1706/1/1706 1879/1/1879 1833/1/1833
f 1838/1/1838 1880/1/1880 1710/1/1710
f 1711/1/1711 1882/1/1882 1708/1/1708
f 1711/1/1711 1885/1/1885 1882/1/1882
f 1881/1/1881 1640/1/1640 1809/1/1809
f 1840/1/1840 1777/1/1777 1640/1/1640
f 1738/1/1738 1839/1/1839 1673/1/1673
f 1711/1/1711 1843/1/1843 1885/1/1885
f 1885/1/1885 1843/1/1843 1780/1/1780
f 1779/1/1779 4019/1/4019 1842/1/1842
f 1676/1/1676 1740/1/1740 1781/1/1781
f 1739/1/1739 1844/1/1844 1677/1/1677
f 1675/1/1675 1846/1/1846 1645/1/1645
f 1847/1/1847 1742/1/1742 1887/1/1887
f 1741/1/1741 1742/1/1742 1847/1/1847
f 1645/1/1645 2061/1/2061 1646/1/1646
f 1783/1/1783 1915/1/1915 1646/1/1646
f 1848/1/1848 1679/1/1679 1785/1/1785
f 1915/1/1915 1787/1/1787 1646/1/1646
f 1681/1/1681 1918/1/1918 1814/1/1814
f 1784/1/1784 1785/1/1785 1814/1/1814
f 1815/1/1815 1813/1/1813 1786/1/1786
f 1815/1/1815 1786/1/1786 1850/1/1850
f 1683/1/1683 1816/1/1816 1854/1/1854
f 1853/1/1853 2010/1/2010 1717/1/1717
f 1717/1/1717 2010/1/2010 1817/1/1817
f 1648/1/1648 1719/1/1719 1857/1/1857
f 1789/1/1789 1860/1/1860 1745/1/1745
f 1747/1/1747 1748/1/1748 1892/1/1892
f 1789/1/1789 1747/1/1747 2070/1/2070
f 1720/1/1720 1790/1/1790 1748/1/1748
f 1894/1/1894 1819/1/1819 1685/1/1685
f 1791/1/1791 1652/1/1652 1820/1/1820
f 1685/1/1685 1819/1/1819 1721/1/1721
f 1591/1/1591 1686/1/1686 1820/1/1820
f 1792/1/1792 1793/1/1793 1961/1/1961
f 1795/1/1795 1723/1/1723 1862/1/1862
f 1795/1/1795 1862/1/1862 1895/1/1895
f 1654/1/1654 1863/1/1863 1723/1/1723
f 2020/1/2020 1753/1/1753 1861/1/1861
f 1654/1/1654 1753/1/1753 1821/1/1821
f 1757/1/1757 1597/1/1597 1970/1/1970
f 1725/1/1725 1970/1/1970 1597/1/1597
f 1572/1/1572 1757/1/1757 1931/1/1931
f 1727/1/1727 1824/1/1824 1823/1/1823
f 1826/1/1826 1694/1/1694 1825/1/1825
f 1798/1/1798 1799/1/1799 1663/1/1663
f 1801/1/1801 1829/1/1829 1729/1/1729
f 1978/1/1978 1904/1/1904 1800/1/1800
f 1732/1/1732 1731/1/1731 1872/1/1872
f 1763/1/1763 1874/1/1874 1802/1/1802
f 1732/1/1732 1872/1/1872 1982/1/1982
f 1801/1/1801 1765/1/1765 1830/1/1830
f 1766/1/1766 1938/1/1938 1764/1/1764
f 1832/1/1832 1830/1/1830 1765/1/1765
f 1802/1/1802 1874/1/1874 1767/1/1767
f 1875/1/1875 1766/1/1766 1733/1/1733
f 1876/1/1876 1767/1/1767 1874/1/1874
f 1733/1/1733 1772/1/1772 1875/1/1875
f 1734/1/1734 1770/1/1770 1832/1/1832
f 1669/1/1669 1771/1/1771 1876/1/1876
f 1768/1/1768 1773/1/1773 1703/1/1703
f 1772/1/1772 1906/1/1906 1875/1/1875
f 1877/1/1877 1906/1/1906 1702/1/1702
f 1773/1/1773 1945/1/1945 1735/1/1735
f 1702/1/1702 1704/1/1704 1877/1/1877
f 1942/1/1942 1908/1/1908 1803/1/1803
f 1834/1/1834 1735/1/1735 1945/1/1945
f 1736/1/1736 1735/1/1735 1834/1/1834
f 1805/1/1805 1804/1/1804 1834/1/1834
f 1879/1/1879 1706/1/1706 1737/1/1737
f 1805/1/1805 1707/1/1707 1804/1/1804
f 1835/1/1835 1707/1/1707 1805/1/1805
f 1774/1/1774 1808/1/1808 1806/1/1806
f 1837/1/1837 1737/1/1737 1709/1/1709
f 1775/1/1775 1836/1/1836 1838/1/1838
f 1808/1/1808 1708/1/1708 1882/1/1882
f 1809/1/1809 1835/1/1835 1910/1/1910
f 1709/1/1709 1776/1/1776 1837/1/1837
f 1673/1/1673 1776/1/1776 1709/1/1709
f 1673/1/1673 1839/1/1839 1776/1/1776
f 1840/1/1840 4020/1/4020 1777/1/1777
f 1778/1/1778 2000/1/2000 1845/1/1845
f 1839/1/1839 1738/1/1738 1781/1/1781
f 1779/1/1779 1842/1/1842 1841/1/1841
f 1841/1/1841 1713/1/1713 1779/1/1779
f 4019/1/4019 1912/1/1912 1842/1/1842
f 1812/1/1812 1713/1/1713 2002/1/2002
f 1781/1/1781 1740/1/1740 1811/1/1811
f 2061/1/2061 1645/1/1645 1846/1/1846
f 1742/1/1742 1743/1/1743 1914/1/1914
f 1813/1/1813 1954/1/1954 1744/1/1744
f 1957/1/1957 1784/1/1784 1814/1/1814
f 1855/1/1855 1816/1/1816 1889/1/1889
f 1816/1/1816 1788/1/1788 1889/1/1889
f 1788/1/1788 1647/1/1647 1921/1/1921
f 1719/1/1719 1746/1/1746 1818/1/1818
f 1719/1/1719 1818/1/1818 1857/1/1857
f 1894/1/1894 1532/1/1532 1858/1/1858
f 1746/1/1746 1745/1/1745 1859/1/1859
f 1746/1/1746 1859/1/1859 1818/1/1818
f 1892/1/1892 1748/1/1748 1790/1/1790
f 1819/1/1819 2015/1/2015 1721/1/1721
f 2015/1/2015 1793/1/1793 1721/1/1721
f 1721/1/1721 1793/1/1793 1792/1/1792
f 1686/1/1686 1749/1/1749 1924/1/1924
f 1794/1/1794 1750/1/1750 1749/1/1749
f 1723/1/1723 1863/1/1863 1862/1/1862
f 1863/1/1863 1654/1/1654 1821/1/1821
f 1754/1/1754 1897/1/1897 1896/1/1896
f 1897/1/1897 1754/1/1754 1865/1/1865
f 1756/1/1756 1930/1/1930 1755/1/1755
f 1690/1/1690 1930/1/1930 1756/1/1756
f 1968/1/1968 1690/1/1690 1896/1/1896
f 1822/1/1822 1727/1/1727 1823/1/1823
f 1796/1/1796 1572/1/1572 1932/1/1932
f 1824/1/1824 1868/1/1868 1899/1/1899
f 1600/1/1600 1825/1/1825 1694/1/1694
f 1695/1/1695 1900/1/1900 1868/1/1868
f 1827/1/1827 1900/1/1900 1695/1/1695
f 1695/1/1695 1728/1/1728 1827/1/1827
f 1828/1/1828 1797/1/1797 1901/1/1901
f 1759/1/1759 1828/1/1828 1902/1/1902
f 2027/1/2027 1827/1/1827 1728/1/1728
f 1902/1/1902 1798/1/1798 1759/1/1759
f 1728/1/1728 1729/1/1729 1829/1/1829
f 1829/1/1829 2027/1/2027 1728/1/1728
f 1663/1/1663 1903/1/1903 1761/1/1761
f 1904/1/1904 1763/1/1763 1800/1/1800
f 1871/1/1871 1731/1/1731 1903/1/1903
f 1872/1/1872 1731/1/1731 1871/1/1871
f 1763/1/1763 1983/1/1983 1874/1/1874
f 1732/1/1732 1982/1/1982 1831/1/1831
f 1938/1/1938 1766/1/1766 1875/1/1875
f 1734/1/1734 1832/1/1832 1765/1/1765
f 1773/1/1773 1943/1/1943 1945/1/1945
f 1669/1/1669 1942/1/1942 1803/1/1803
f 2233/1/2233 1807/1/1807 1636/1/1636
f 1882/1/1882 1911/1/1911 1808/1/1808
f 1809/1/1809 1910/1/1910 1881/1/1881
f 1640/1/1640 1881/1/1881 1840/1/1840
f 1882/1/1882 1885/1/1885 1884/1/1884
f 1886/1/1886 1883/1/1883 1839/1/1839
f 1886/1/1886 1839/1/1839 1781/1/1781
f 4020/1/4020 1840/1/1840 1810/1/1810
f 1843/1/1843 1913/1/1913 1780/1/1780
f 1843/1/1843 1782/1/1782 1913/1/1913
f 1886/1/1886 1781/1/1781 1811/1/1811
f 1740/1/1740 1812/1/1812 1811/1/1811
f 4019/1/4019 2102/1/2102 1912/1/1912
f 4019/1/4019 1844/1/1844 2102/1/2102
f 1742/1/1742 1914/1/1914 1887/1/1887
f 2061/1/2061 1783/1/1783 1646/1/1646
f 1848/1/1848 2038/1/2038 1743/1/1743
f 1744/1/1744 1954/1/1954 1916/1/1916
f 1849/1/1849 1744/1/1744 1916/1/1916
f 1916/1/1916 1918/1/1918 1849/1/1849
f 1849/1/1849 1918/1/1918 1681/1/1681
f 1918/1/1918 1957/1/1957 1814/1/1814
f 1919/1/1919 1787/1/1787 1915/1/1915
f 1815/1/1815 1850/1/1850 1851/1/1851
f 1852/1/1852 1815/1/1815 1851/1/1851
f 1854/1/1854 1851/1/1851 1850/1/1850
f 1787/1/1787 1888/1/1888 1853/1/1853
f 1888/1/1888 1787/1/1787 1919/1/1919
f 1851/1/1851 1854/1/1854 1855/1/1855
f 1854/1/1854 1816/1/1816 1855/1/1855
f 2010/1/2010 1891/1/1891 1817/1/1817
f 1921/1/1921 1718/1/1718 1857/1/1857
f 1891/1/1891 1858/1/1858 1532/1/1532
f 1892/1/1892 2070/1/2070 1747/1/1747
f 2070/1/2070 1860/1/1860 1789/1/1789
f 1860/1/1860 1859/1/1859 1745/1/1745
f 2014/1/2014 1790/1/1790 1720/1/1720
f 1720/1/1720 1791/1/1791 1923/1/1923
f 1820/1/1820 1686/1/1686 2017/1/2017
f 1961/1/1961 1962/1/1962 1687/1/1687
f 1962/1/1962 1688/1/1688 1687/1/1687
f 1964/1/1964 1688/1/1688 1962/1/1962
f 1895/1/1895 1750/1/1750 1795/1/1795
f 1864/1/1864 1863/1/1863 1821/1/1821
f 1821/1/1821 1753/1/1753 1864/1/1864
f 1724/1/1724 1866/1/1866 1865/1/1865
f 1724/1/1724 1867/1/1867 1866/1/1866
f 1726/1/1726 1755/1/1755 1929/1/1929
f 1690/1/1690 1968/1/1968 1930/1/1930
f 1970/1/1970 1725/1/1725 1929/1/1929
f 1757/1/1757 1970/1/1970 1898/1/1898
f 1824/1/1824 2049/1/2049 1823/1/1823
f 1932/1/1932 1572/1/1572 1931/1/1931
f 2049/1/2049 1824/1/1824 1899/1/1899
f 1796/1/1796 1758/1/1758 1693/1/1693
f 1869/1/1869 1600/1/1600 1758/1/1758
f 1600/1/1600 1869/1/1869 1825/1/1825
f 1934/1/1934 1826/1/1826 1825/1/1825
f 1934/1/1934 1935/1/1935 1826/1/1826
f 1900/1/1900 1827/1/1827 1973/1/1973
f 1826/1/1826 1935/1/1935 1797/1/1797
f 1976/1/1976 1902/1/1902 1828/1/1828
f 1902/1/1902 1799/1/1799 1798/1/1798
f 1760/1/1760 1870/1/1870 1978/1/1978
f 1663/1/1663 1799/1/1799 1903/1/1903
f 1730/1/1730 1762/1/1762 4021/1/4021
f 1801/1/1801 1830/1/1830 1829/1/1829
f 1873/1/1873 1982/1/1982 1872/1/1872
f 1669/1/1669 1876/1/1876 2034/1/2034
f 1907/1/1907 1832/1/1832 1770/1/1770
f 1704/1/1704 1987/1/1987 1877/1/1877
f 1704/1/1704 1833/1/1833 1988/1/1988
f 1988/1/1988 1833/1/1833 1879/1/1879
f 1805/1/1805 1834/1/1834 1909/1/1909
f 1805/1/1805 1992/1/1992 1835/1/1835
f 1807/1/1807 1836/1/1836 1775/1/1775
f 1837/1/1837 1879/1/1879 1737/1/1737
f 1841/1/1841 2002/1/2002 1713/1/1713
f 1841/1/1841 1842/1/1842 1952/1/1952
f 1913/1/1913 1885/1/1885 1780/1/1780
f 1782/1/1782 1810/1/1810 2003/1/2003
f 1913/1/1913 1782/1/1782 2103/1/2103
f 1844/1/1844 2105/1/2105 2102/1/2102
f 1844/1/1844 1739/1/1739 2105/1/2105
f 1741/1/1741 2037/1/2037 1739/1/1739
f 1675/1/1675 1845/1/1845 1846/1/1846
f 1741/1/1741 1847/1/1847 2037/1/2037
f 1914/1/1914 1743/1/1743 2038/1/2038
f 1848/1/1848 1785/1/1785 2006/1/2006
f 2007/1/2007 1785/1/1785 1784/1/1784
f 1813/1/1813 1815/1/1815 1954/1/1954
f 1918/1/1918 1916/1/1916 2041/1/2041
f 1851/1/1851 1855/1/1855 1852/1/1852
f 1890/1/1890 1889/1/1889 1788/1/1788
f 1856/1/1856 1788/1/1788 1921/1/1921
f 1790/1/1790 1893/1/1893 1892/1/1892
f 1895/1/1895 1862/1/1862 1925/1/1925
f 1861/1/1861 1752/1/1752 1966/1/1966
f 1966/1/1966 2020/1/2020 1861/1/1861
f 1862/1/1862 1863/1/1863 1925/1/1925
f 1863/1/1863 1864/1/1864 1925/1/1925
f 1926/1/1926 1864/1/1864 1753/1/1753
f 1865/1/1865 1866/1/1866 1897/1/1897
f 1757/1/1757 1898/1/1898 1931/1/1931
f 1823/1/1823 2049/1/2049 1822/1/1822
f 1932/1/1932 1758/1/1758 1796/1/1796
f 1900/1/1900 1899/1/1899 1868/1/1868
f 2050/1/2050 1869/1/1869 1758/1/1758
f 1797/1/1797 1935/1/1935 1901/1/1901
f 1973/1/1973 1827/1/1827 1975/1/1975
f 1827/1/1827 2027/1/2027 1975/1/1975
f 2027/1/2027 1829/1/1829 1979/1/1979
f 1870/1/1870 1977/1/1977 2091/1/2091
f 1730/1/1730 1977/1/1977 1870/1/1870
f 1762/1/1762 1980/1/1980 4021/1/4021
f 1872/1/1872 1871/1/1871 4022/1/4022
f 4022/1/4022 2053/1/2053 1872/1/1872
f 1764/1/1764 1980/1/1980 1762/1/1762
f 1872/1/1872 2053/1/2053 1873/1/1873
f 1829/1/1829 1830/1/1830 1979/1/1979
f 1938/1/1938 1980/1/1980 1764/1/1764
f 1905/1/1905 1981/1/1981 1830/1/1830
f 1831/1/1831 2032/1/2032 1768/1/1768
f 1832/1/1832 1905/1/1905 1830/1/1830
f 1939/1/1939 1938/1/1938 1875/1/1875
f 1939/1/1939 1875/1/1875 1940/1/1940
f 2032/1/2032 1985/1/1985 1768/1/1768
f 1985/1/1985 1773/1/1773 1768/1/1768
f 1875/1/1875 1906/1/1906 1940/1/1940
f 1940/1/1940 1906/1/1906 1941/1/1941
f 1773/1/1773 1985/1/1985 1943/1/1943
f 1906/1/1906 1877/1/1877 1941/1/1941
f 1832/1/1832 1907/1/1907 1986/1/1986
f 1669/1/1669 2034/1/2034 1942/1/1942
f 1877/1/1877 1987/1/1987 1941/1/1941
f 1704/1/1704 1988/1/1988 1987/1/1987
f 1907/1/1907 1770/1/1770 1878/1/1878
f 1947/1/1947 1988/1/1988 1879/1/1879
f 1878/1/1878 1806/1/1806 1990/1/1990
f 1805/1/1805 1909/1/1909 1992/1/1992
f 1837/1/1837 1947/1/1947 1879/1/1879
f 1994/1/1994 1835/1/1835 1992/1/1992
f 1835/1/1835 1994/1/1994 1910/1/1910
f 1836/1/1836 1997/1/1997 1838/1/1838
f 1993/1/1993 1837/1/1837 1776/1/1776
f 2058/1/2058 1808/1/1808 1911/1/1911
f 1948/1/1948 1993/1/1993 1776/1/1776
f 1880/1/1880 1838/1/1838 1997/1/1997
f 1949/1/1949 1776/1/1776 1883/1/1883
f 1883/1/1883 1776/1/1776 1839/1/1839
f 1883/1/1883 1886/1/1886 1950/1/1950
f 1845/1/1845 2000/1/2000 1846/1/1846
f 1811/1/1811 1951/1/1951 1886/1/1886
f 1886/1/1886 1951/1/1951 1950/1/1950
f 1913/1/1913 2127/1/2127 1885/1/1885
f 1951/1/1951 1811/1/1811 1812/1/1812
f 1782/1/1782 2003/1/2003 2103/1/2103
f 1739/1/1739 2037/1/2037 2105/1/2105
f 1847/1/1847 1953/1/1953 2037/1/2037
f 1953/1/1953 1847/1/1847 2106/1/2106
f 1847/1/1847 1887/1/1887 2106/1/2106
f 2006/1/2006 2038/1/2038 1848/1/1848
f 2007/1/2007 2006/1/2006 1785/1/1785
f 1917/1/1917 1954/1/1954 1815/1/1815
f 1853/1/1853 1888/1/1888 2010/1/2010
f 1852/1/1852 1855/1/1855 1959/1/1959
f 1855/1/1855 1889/1/1889 1959/1/1959
f 1891/1/1891 2010/1/2010 2011/1/2011
f 1920/1/1920 1891/1/1891 2011/1/2011
f 1890/1/1890 1788/1/1788 1856/1/1856
f 1922/1/1922 2068/1/2068 1921/1/1921
f 1921/1/1921 1857/1/1857 1922/1/1922
f 1857/1/1857 1818/1/1818 1922/1/1922
f 2110/1/2110 1894/1/1894 1858/1/1858
f 1860/1/1860 2070/1/2070 2012/1/2012
f 1860/1/1860 2012/1/2012 1859/1/1859
f 1894/1/1894 2110/1/2110 2013/1/2013
f 2014/1/2014 1960/1/1960 1790/1/1790
f 1894/1/1894 2013/1/2013 1819/1/1819
f 2016/1/2016 1923/1/1923 1791/1/1791
f 1791/1/1791 1820/1/1820 2016/1/2016
f 1686/1/1686 1924/1/1924 2017/1/2017
f 2046/1/2046 2017/1/2017 1924/1/1924
f 1961/1/1961 2018/1/2018 1962/1/1962
f 1749/1/1749 1750/1/1750 1963/1/1963
f 1895/1/1895 1965/1/1965 1750/1/1750
f 1925/1/1925 1965/1/1965 1895/1/1895
f 1966/1/1966 1752/1/1752 1964/1/1964
f 1753/1/1753 2020/1/2020 2021/1/2021
f 1925/1/1925 1864/1/1864 1927/1/1927
f 1864/1/1864 1926/1/1926 1927/1/1927
f 1928/1/1928 1896/1/1896 1897/1/1897
f 1896/1/1896 1928/1/1928 1968/1/1968
f 1866/1/1866 1928/1/1928 1897/1/1897
f 1867/1/1867 2048/1/2048 1866/1/1866
f 1930/1/1930 1929/1/1929 1755/1/1755
f 1867/1/1867 1969/1/1969 2148/1/2148
f 1929/1/1929 1971/1/1971 1970/1/1970
f 2049/1/2049 1899/1/1899 2084/1/2084
f 2085/1/2085 1758/1/1758 1932/1/1932
f 1900/1/1900 1974/1/1974 1899/1/1899
f 1973/1/1973 1974/1/1974 1900/1/1900
f 1935/1/1935 1934/1/1934 1933/1/1933
f 1976/1/1976 1828/1/1828 1901/1/1901
f 1902/1/1902 1976/1/1976 1936/1/1936
f 1936/1/1936 1799/1/1799 1902/1/1902
f 2051/1/2051 1799/1/1799 1936/1/1936
f 1870/1/1870 2091/1/2091 1978/1/1978
f 2051/1/2051 1903/1/1903 1799/1/1799
f 2051/1/2051 2026/1/2026 1903/1/1903
f 1982/1/1982 2032/1/2032 1831/1/1831
f 1876/1/1876 2195/1/2195 2034/1/2034
f 1945/1/1945 1943/1/1943 1944/1/1944
f 1945/1/1945 1944/1/1944 1946/1/1946
f 1834/1/1834 1945/1/1945 1946/1/1946
f 1907/1/1907 1878/1/1878 2123/1/2123
f 1908/1/1908 2233/1/2233 1636/1/1636
f 1834/1/1834 1946/1/1946 1909/1/1909
f 1806/1/1806 1808/1/1808 1990/1/1990
f 1947/1/1947 1837/1/1837 1993/1/1993
f 1776/1/1776 1949/1/1949 1948/1/1948
f 1881/1/1881 1910/1/1910 2059/1/2059
f 1949/1/1949 1883/1/1883 1950/1/1950
f 1778/1/1778 1880/1/1880 2000/1/2000
f 1881/1/1881 2059/1/2059 1999/1/1999
f 1840/1/1840 1881/1/1881 1999/1/1999
f 1882/1/1882 1884/1/1884 1911/1/1911
f 1810/1/1810 1840/1/1840 2100/1/2100
f 1842/1/1842 1912/1/1912 1952/1/1952
f 1951/1/1951 1812/1/1812 2002/1/2002
f 2127/1/2127 1913/1/1913 2004/1/2004
f 1887/1/1887 1914/1/1914 2107/1/2107
f 2061/1/2061 2168/1/2168 1783/1/1783
f 1916/1/1916 1954/1/1954 1955/1/1955
f 1916/1/1916 1955/1/1955 1956/1/1956
f 2041/1/2041 1916/1/1916 1956/1/1956
f 1957/1/1957 1918/1/1918 2042/1/2042
f 1852/1/1852 1917/1/1917 1815/1/1815
f 1959/1/1959 1958/1/1958 1852/1/1852
f 1893/1/1893 2070/1/2070 1892/1/1892
f 1790/1/1790 1960/1/1960 1893/1/1893
f 1923/1/1923 2112/1/2112 1720/1/1720
f 2015/1/2015 1819/1/1819 2013/1/2013
f 1820/1/1820 2017/1/2017 2016/1/2016
f 2018/1/2018 1961/1/1961 1793/1/1793
f 1924/1/1924 1749/1/1749 1963/1/1963
f 2019/1/2019 1964/1/1964 1962/1/1962
f 1925/1/1925 1927/1/1927 2076/1/2076
f 1926/1/1926 1753/1/1753 2021/1/2021
f 1927/1/1927 1926/1/1926 1967/1/1967
f 1927/1/1927 1967/1/1967 2047/1/2047
f 1867/1/1867 2148/1/2148 2048/1/2048
f 1822/1/1822 2082/1/2082 1969/1/1969
f 1931/1/1931 1898/1/1898 1972/1/1972
f 1931/1/1931 1972/1/1972 1932/1/1932
f 2050/1/2050 1758/1/1758 2085/1/2085
f 1825/1/1825 1869/1/1869 2116/1/2116
f 1825/1/1825 2116/1/2116 1934/1/1934
f 1975/1/1975 1974/1/1974 1973/1/1973
f 1935/1/1935 2024/1/2024 1901/1/1901
f 2024/1/2024 1976/1/1976 1901/1/1901
f 1978/1/1978 1937/1/1937 1904/1/1904
f 1977/1/1977 1730/1/1730 4021/1/4021
f 1904/1/1904 2054/1/2054 1763/1/1763
f 2030/1/2030 1980/1/1980 4023/1/4023
f 1979/1/1979 1830/1/1830 1981/1/1981
f 1763/1/1763 2054/1/2054 1983/1/1983
f 2055/1/2055 4023/1/4023 1938/1/1938
f 1939/1/1939 2055/1/2055 1938/1/1938
f 1939/1/1939 1984/1/1984 2055/1/2055
f 2033/1/2033 1876/1/1876 1874/1/1874
f 2056/1/2056 1981/1/1981 1905/1/1905
f 1940/1/1940 1984/1/1984 1939/1/1939
f 1984/1/1984 1940/1/1940 1985/1/1985
f 1985/1/1985 1940/1/1940 1941/1/1941
f 1985/1/1985 1941/1/1941 1943/1/1943
f 1943/1/1943 1941/1/1941 1987/1/1987
f 1943/1/1943 1987/1/1987 1944/1/1944
f 1987/1/1987 1988/1/1988 1944/1/1944
f 1986/1/1986 1907/1/1907 2123/1/2123
f 1944/1/1944 1988/1/1988 1946/1/1946
f 1946/1/1946 1988/1/1988 1989/1/1989
f 1989/1/1989 1988/1/1988 1947/1/1947
f 1909/1/1909 1946/1/1946 1989/1/1989
f 1909/1/1909 1989/1/1989 1992/1/1992
f 1807/1/1807 1991/1/1991 1836/1/1836
f 1989/1/1989 1947/1/1947 1993/1/1993
f 1992/1/1992 1989/1/1989 1994/1/1994
f 1994/1/1994 1989/1/1989 1996/1/1996
f 1996/1/1996 1989/1/1989 1993/1/1993
f 1996/1/1996 1993/1/1993 1949/1/1949
f 1995/1/1995 1994/1/1994 1996/1/1996
f 1994/1/1994 1995/1/1995 1910/1/1910
f 1995/1/1995 2036/1/2036 1910/1/1910
f 1948/1/1948 1949/1/1949 1993/1/1993
f 1995/1/1995 1996/1/1996 1998/1/1998
f 1996/1/1996 1949/1/1949 1998/1/1998
f 1995/1/1995 1998/1/1998 2036/1/2036
f 1910/1/1910 2036/1/2036 2059/1/2059
f 1998/1/1998 1949/1/1949 1950/1/1950
f 1950/1/1950 2001/1/2001 1998/1/1998
f 1840/1/1840 1999/1/1999 2100/1/2100
f 1951/1/1951 2001/1/2001 1950/1/1950
f 1912/1/1912 2101/1/2101 1952/1/1952
f 2102/1/2102 2101/1/2101 1912/1/1912
f 1913/1/1913 2103/1/2103 2104/1/2104
f 2004/1/2004 1913/1/1913 2104/1/2104
f 1887/1/1887 2107/1/2107 2106/1/2106
f 2038/1/2038 2107/1/2107 1914/1/1914
f 1915/1/1915 2005/1/2005 2039/1/2039
f 1783/1/1783 2005/1/2005 1915/1/1915
f 2038/1/2038 2006/1/2006 2040/1/2040
f 2108/1/2108 1954/1/1954 1917/1/1917
f 1918/1/1918 2041/1/2041 2008/1/2008
f 1918/1/1918 2008/1/2008 2042/1/2042
f 1957/1/1957 2042/1/2042 2009/1/2009
f 1784/1/1784 1957/1/1957 2009/1/2009
f 2009/1/2009 2007/1/2007 1784/1/1784
f 1919/1/1919 2064/1/2064 1888/1/1888
f 1852/1/1852 1958/1/1958 1917/1/1917
f 1959/1/1959 1889/1/1889 2043/1/2043
f 1889/1/1889 1890/1/1890 2043/1/2043
f 1856/1/1856 1921/1/1921 2044/1/2044
f 1891/1/1891 1920/1/1920 1858/1/1858
f 2044/1/2044 1921/1/1921 2068/1/2068
f 1922/1/1922 1818/1/1818 2068/1/2068
f 2133/1/2133 1818/1/1818 1859/1/1859
f 1720/1/1720 2112/1/2112 2014/1/2014
f 2016/1/2016 2112/1/2112 1923/1/1923
f 2017/1/2017 2072/1/2072 2016/1/2016
f 2072/1/2072 2017/1/2017 2046/1/2046
f 2046/1/2046 1924/1/1924 1963/1/1963
f 1962/1/1962 2113/1/2113 2019/1/2019
f 1750/1/1750 1965/1/1965 1963/1/1963
f 2019/1/2019 2074/1/2074 1964/1/1964
f 1965/1/1965 1925/1/1925 2075/1/2075
f 2020/1/2020 1966/1/1966 2077/1/2077
f 1926/1/1926 2021/1/2021 1967/1/1967
f 1928/1/1928 2022/1/2022 1968/1/1968
f 1928/1/1928 2115/1/2115 2079/1/2079
f 1866/1/1866 2115/1/2115 1928/1/1928
f 1968/1/1968 2022/1/2022 1930/1/1930
f 2081/1/2081 1970/1/1970 1971/1/1971
f 2080/1/2080 1929/1/1929 1930/1/1930
f 1970/1/1970 2081/1/2081 1898/1/1898
f 2153/1/2153 2050/1/2050 2085/1/2085
f 1974/1/1974 2154/1/2154 1899/1/1899
f 1899/1/1899 2154/1/2154 2084/1/2084
f 1933/1/1933 1934/1/1934 2116/1/2116
f 1869/1/1869 2050/1/2050 2116/1/2116
f 1933/1/1933 2023/1/2023 1935/1/1935
f 2023/1/2023 2024/1/2024 1935/1/1935
f 1974/1/1974 1975/1/1975 2117/1/2117
f 2024/1/2024 2088/1/2088 1976/1/1976
f 1976/1/1976 2088/1/2088 1936/1/1936
f 2088/1/2088 2051/1/2051 1936/1/1936
f 2026/1/2026 2051/1/2051 2025/1/2025
f 1975/1/1975 2027/1/2027 2052/1/2052
f 2119/1/2119 1978/1/1978 2091/1/2091
f 2026/1/2026 2025/1/2025 4022/1/4022
f 2119/1/2119 1937/1/1937 1978/1/1978
f 1937/1/1937 2029/1/2029 1904/1/1904
f 1873/1/1873 2053/1/2053 2031/1/2031
f 2029/1/2029 2054/1/2054 1904/1/1904
f 4023/1/4023 2094/1/2094 2030/1/2030
f 4023/1/4023 1873/1/1873 2031/1/2031
f 1980/1/1980 1938/1/1938 4023/1/4023
f 2032/1/2032 1873/1/1873 4023/1/4023
f 1982/1/1982 1873/1/1873 2032/1/2032
f 1874/1/1874 1983/1/1983 2033/1/2033
f 1984/1/1984 1985/1/1985 2032/1/2032
f 1876/1/1876 2033/1/2033 2195/1/2195
f 1905/1/1905 1832/1/1832 1986/1/1986
f 2034/1/2034 2095/1/2095 1942/1/1942
f 1942/1/1942 2035/1/2035 1908/1/1908
f 1908/1/1908 2035/1/2035 2233/1/2233
f 1878/1/1878 1990/1/1990 2123/1/2123
f 1991/1/1991 1807/1/1807 2233/1/2233
f 2057/1/2057 1997/1/1997 1836/1/1836
f 2036/1/2036 2124/1/2124 2059/1/2059
f 2036/1/2036 1998/1/1998 2001/1/2001
f 2000/1/2000 1880/1/1880 2099/1/2099
f 1911/1/1911 1884/1/1884 2125/1/2125
f 2100/1/2100 2003/1/2003 1810/1/1810
f 1951/1/1951 2002/1/2002 2060/1/2060
f 2101/1/2101 2002/1/2002 1841/1/1841
f 1952/1/1952 2101/1/2101 1841/1/1841
f 1884/1/1884 1885/1/1885 2127/1/2127
f 2000/1/2000 2128/1/2128 1846/1/1846
f 2105/1/2105 2164/1/2164 2102/1/2102
f 1783/1/1783 2168/1/2168 2005/1/2005
f 2107/1/2107 2038/1/2038 2204/1/2204
f 1919/1/1919 1915/1/1915 2039/1/2039
f 1954/1/1954 2108/1/2108 1955/1/1955
f 2062/1/2062 1956/1/1956 2130/1/2130
f 1956/1/1956 1955/1/1955 2130/1/2130
f 2008/1/2008 1956/1/1956 2062/1/2062
f 2041/1/2041 1956/1/1956 2008/1/2008
f 2062/1/2062 2042/1/2042 2008/1/2008
f 2063/1/2063 2006/1/2006 2007/1/2007
f 2039/1/2039 2064/1/2064 1919/1/1919
f 2132/1/2132 2009/1/2009 2042/1/2042
f 2007/1/2007 2009/1/2009 2063/1/2063
f 1958/1/1958 1959/1/1959 2066/1/2066
f 2010/1/2010 2177/1/2177 2011/1/2011
f 1959/1/1959 2043/1/2043 2066/1/2066
f 1818/1/1818 2133/1/2133 2068/1/2068
f 1859/1/1859 2012/1/2012 2111/1/2111
f 2070/1/2070 1893/1/1893 2134/1/2134
f 1960/1/1960 2014/1/2014 2045/1/2045
f 2045/1/2045 2014/1/2014 2136/1/2136
f 2014/1/2014 2112/1/2112 2136/1/2136
f 2018/1/2018 2113/1/2113 1962/1/1962
f 2075/1/2075 1925/1/1925 2076/1/2076
f 2020/1/2020 2077/1/2077 2021/1/2021
f 2078/1/2078 2076/1/2076 1927/1/1927
f 2022/1/2022 1928/1/1928 2079/1/2079
f 1866/1/1866 2048/1/2048 2115/1/2115
f 2048/1/2048 2148/1/2148 2187/1/2187
f 1969/1/1969 2082/1/2082 2148/1/2148
f 2223/1/2223 1971/1/1971 1929/1/1929
f 2049/1/2049 2150/1/2150 1822/1/1822
f 2150/1/2150 2049/1/2049 2083/1/2083
f 2083/1/2083 2049/1/2049 2084/1/2084
f 2154/1/2154 1974/1/1974 2117/1/2117
f 1933/1/1933 2155/1/2155 2023/1/2023
f 2116/1/2116 2087/1/2087 1933/1/1933
f 2117/1/2117 1975/1/1975 2090/1/2090
f 2025/1/2025 2051/1/2051 2089/1/2089
f 1975/1/1975 2052/1/2052 2090/1/2090
f 1977/1/1977 4021/1/4021 2092/1/2092
f 2027/1/2027 1979/1/1979 2052/1/2052
f 2028/1/2028 2092/1/2092 4021/1/4021
f 2161/1/2161 2028/1/2028 2030/1/2030
f 2030/1/2030 2094/1/2094 2162/1/2162
f 4023/1/4023 2055/1/2055 2032/1/2032
f 2032/1/2032 2055/1/2055 1984/1/1984
f 1905/1/1905 2096/1/2096 2056/1/2056
f 2056/1/2056 2096/1/2096 2231/1/2231
f 2095/1/2095 2034/1/2034 2195/1/2195
f 1986/1/1986 2096/1/2096 1905/1/1905
f 1990/1/1990 2262/1/2262 2123/1/2123
f 1990/1/1990 1808/1/1808 2262/1/2262
f 2057/1/2057 1836/1/1836 1991/1/1991
f 2262/1/2262 1808/1/1808 2058/1/2058
f 1997/1/1997 2057/1/2057 2097/1/2097
f 1997/1/1997 2098/1/2098 1880/1/1880
f 2124/1/2124 2036/1/2036 2001/1/2001
f 2124/1/2124 2001/1/2001 2060/1/2060
f 1999/1/1999 2059/1/2059 2198/1/2198
f 1999/1/1999 2197/1/2197 2100/1/2100
f 2060/1/2060 2001/1/2001 1951/1/1951
f 2128/1/2128 2000/1/2000 2099/1/2099
f 2125/1/2125 1884/1/1884 2127/1/2127
f 2103/1/2103 2003/1/2003 4024/1/4024
f 2037/1/2037 2166/1/2166 2105/1/2105
f 2037/1/2037 1953/1/1953 2166/1/2166
f 1846/1/1846 2128/1/2128 2061/1/2061
f 1953/1/1953 2106/1/2106 2167/1/2167
f 2204/1/2204 2038/1/2038 2040/1/2040
f 2006/1/2006 2063/1/2063 2040/1/2040
f 2171/1/2171 2042/1/2042 2062/1/2062
f 2108/1/2108 1917/1/1917 2239/1/2239
f 2042/1/2042 2171/1/2171 2132/1/2132
f 2009/1/2009 2173/1/2173 2063/1/2063
f 1958/1/1958 2239/1/2239 1917/1/1917
f 2064/1/2064 2065/1/2065 1888/1/1888
f 2239/1/2239 1958/1/1958 2175/1/2175
f 2177/1/2177 2010/1/2010 2065/1/2065
f 2010/1/2010 1888/1/1888 2065/1/2065
f 2179/1/2179 2043/1/2043 1890/1/1890
f 1890/1/1890 1856/1/1856 2067/1/2067
f 2044/1/2044 2067/1/2067 1856/1/1856
f 2109/1/2109 1858/1/1858 1920/1/1920
f 2109/1/2109 2110/1/2110 1858/1/1858
f 2044/1/2044 2068/1/2068 2069/1/2069
f 2068/1/2068 2133/1/2133 2069/1/2069
f 2133/1/2133 1859/1/1859 2071/1/2071
f 2070/1/2070 2111/1/2111 2012/1/2012
f 1859/1/1859 2111/1/2111 2071/1/2071
f 1960/1/1960 2134/1/2134 1893/1/1893
f 2134/1/2134 1960/1/1960 2045/1/2045
f 2213/1/2213 2015/1/2015 2013/1/2013
f 2213/1/2213 1793/1/1793 2015/1/2015
f 2182/1/2182 2016/1/2016 2072/1/2072
f 1793/1/1793 2183/1/2183 2018/1/2018
f 2073/1/2073 2072/1/2072 2046/1/2046
f 2046/1/2046 1963/1/1963 2073/1/2073
f 2074/1/2074 2217/1/2217 1964/1/1964
f 1965/1/1965 2075/1/2075 2140/1/2140
f 2217/1/2217 1966/1/1966 1964/1/1964
f 1927/1/1927 2142/1/2142 2078/1/2078
f 1927/1/1927 2047/1/2047 2142/1/2142
f 2142/1/2142 2047/1/2047 2143/1/2143
f 1930/1/1930 2022/1/2022 2188/1/2188
f 2080/1/2080 1930/1/1930 2188/1/2188
f 1971/1/1971 2223/1/2223 2081/1/2081
f 2080/1/2080 2223/1/2223 1929/1/1929
f 1822/1/1822 2150/1/2150 2082/1/2082
f 1898/1/1898 2149/1/2149 1972/1/1972
f 2149/1/2149 1932/1/1932 1972/1/1972
f 1932/1/1932 2149/1/2149 2085/1/2085
f 2085/1/2085 2086/1/2086 2153/1/2153
f 2116/1/2116 2050/1/2050 2153/1/2153
f 2155/1/2155 1933/1/1933 2087/1/2087
f 2224/1/2224 2087/1/2087 2116/1/2116
f 2157/1/2157 2024/1/2024 2023/1/2023
f 2089/1/2089 2088/1/2088 2024/1/2024
f 2051/1/2051 2088/1/2088 2089/1/2089
f 2159/1/2159 4022/1/4022 2025/1/2025
f 1977/1/1977 2092/1/2092 2091/1/2091
f 2053/1/2053 4022/1/4022 2159/1/2159
f 2053/1/2053 2159/1/2159 2093/1/2093
f 2031/1/2031 2053/1/2053 2093/1/2093
f 2120/1/2120 1979/1/1979 1981/1/1981
f 1983/1/1983 2121/1/2121 2033/1/2033
f 1986/1/1986 2123/1/2123 2096/1/2096
f 1997/1/1997 2097/1/2097 2098/1/2098
f 2058/1/2058 1911/1/1911 2234/1/2234
f 1880/1/1880 2098/1/2098 2099/1/2099
f 2102/1/2102 4026/1/4026 2101/1/2101
f 2165/1/2165 2104/1/2104 2103/1/2103
f 2105/1/2105 2166/1/2166 2236/1/2236
f 2128/1/2128 2168/1/2168 2061/1/2061
f 2131/1/2131 2064/1/2064 2039/1/2039
f 2064/1/2064 2131/1/2131 2065/1/2065
f 2063/1/2063 2173/1/2173 2207/1/2207
f 2132/1/2132 2173/1/2173 2009/1/2009
f 1958/1/1958 2066/1/2066 2175/1/2175
f 2177/1/2177 2208/1/2208 2011/1/2011
f 2043/1/2043 2179/1/2179 2066/1/2066
f 2011/1/2011 2208/1/2208 1920/1/1920
f 1890/1/1890 2067/1/2067 2179/1/2179
f 2302/1/2302 2069/1/2069 2133/1/2133
f 2070/1/2070 2134/1/2134 2111/1/2111
f 2016/1/2016 2182/1/2182 2112/1/2112
f 2183/1/2183 1793/1/1793 2213/1/2213
f 2183/1/2183 2213/1/2213 2250/1/2250
f 2072/1/2072 2073/1/2073 2138/1/2138
f 2073/1/2073 1963/1/1963 2139/1/2139
f 2113/1/2113 2184/1/2184 2019/1/2019
f 1963/1/1963 1965/1/1965 2114/1/2114
f 2075/1/2075 2076/1/2076 2140/1/2140
f 2140/1/2140 2076/1/2076 2141/1/2141
f 2076/1/2076 2078/1/2078 2141/1/2141
f 2251/1/2251 1967/1/1967 2021/1/2021
f 2185/1/2185 1967/1/1967 2251/1/2251
f 2047/1/2047 1967/1/1967 2143/1/2143
f 2309/1/2309 2022/1/2022 2079/1/2079
f 2048/1/2048 2187/1/2187 2115/1/2115
f 2081/1/2081 2281/1/2281 1898/1/1898
f 2083/1/2083 2084/1/2084 2151/1/2151
f 2149/1/2149 2190/1/2190 2085/1/2085
f 2084/1/2084 2152/1/2152 2151/1/2151
f 2190/1/2190 2086/1/2086 2085/1/2085
f 2118/1/2118 2154/1/2154 2117/1/2117
f 2023/1/2023 2155/1/2155 2157/1/2157
f 2118/1/2118 2117/1/2117 2090/1/2090
f 2157/1/2157 2089/1/2089 2024/1/2024
f 2118/1/2118 2090/1/2090 2052/1/2052
f 2025/1/2025 2089/1/2089 2159/1/2159
f 2159/1/2159 2160/1/2160 2093/1/2093
f 2091/1/2091 2228/1/2228 2119/1/2119
f 2091/1/2091 2092/1/2092 2228/1/2228
f 2028/1/2028 2161/1/2161 2092/1/2092
f 2093/1/2093 2160/1/2160 2194/1/2194
f 1937/1/1937 2191/1/2191 2029/1/2029
f 2120/1/2120 2052/1/2052 1979/1/1979
f 2030/1/2030 2162/1/2162 2161/1/2161
f 2054/1/2054 2029/1/2029 2191/1/2191
f 2096/1/2096 2123/1/2123 2122/1/2122
f 2124/1/2124 2198/1/2198 2059/1/2059
f 2124/1/2124 2060/1/2060 2126/1/2126
f 2198/1/2198 2124/1/2124 2126/1/2126
f 1999/1/1999 2198/1/2198 2197/1/2197
f 2100/1/2100 2197/1/2197 2199/1/2199
f 2126/1/2126 2060/1/2060 2002/1/2002
f 2100/1/2100 2199/1/2199 2200/1/2200
f 2100/1/2100 2200/1/2200 2003/1/2003
f 2101/1/2101 2126/1/2126 2002/1/2002
f 2101/1/2101 4027/1/4027 2126/1/2126
f 2101/1/2101 4026/1/4026 4027/1/4027
f 4024/1/4024 4025/1/4025 2103/1/2103
f 2129/1/2129 2127/1/2127 2004/1/2004
f 2165/1/2165 2103/1/2103 4025/1/4025
f 2236/1/2236 2164/1/2164 2105/1/2105
f 2167/1/2167 2106/1/2106 2107/1/2107
f 2107/1/2107 2204/1/2204 2203/1/2203
f 2005/1/2005 2238/1/2238 2039/1/2039
f 1955/1/1955 2108/1/2108 2205/1/2205
f 1955/1/1955 2205/1/2205 2169/1/2169
f 2170/1/2170 1955/1/1955 2169/1/2169
f 2130/1/2130 1955/1/1955 2170/1/2170
f 2039/1/2039 2244/1/2244 2131/1/2131
f 2062/1/2062 2130/1/2130 2171/1/2171
f 2171/1/2171 2130/1/2130 2170/1/2170
f 2131/1/2131 2245/1/2245 2065/1/2065
f 2175/1/2175 2174/1/2174 2239/1/2239
f 2065/1/2065 2245/1/2245 2177/1/2177
f 2179/1/2179 2178/1/2178 2066/1/2066
f 2067/1/2067 2180/1/2180 2179/1/2179
f 2044/1/2044 2209/1/2209 2067/1/2067
f 2301/1/2301 2044/1/2044 2211/1/2211
f 2210/1/2210 2110/1/2110 2109/1/2109
f 2302/1/2302 2211/1/2211 2069/1/2069
f 2071/1/2071 2135/1/2135 2133/1/2133
f 2071/1/2071 2111/1/2111 2247/1/2247
f 2302/1/2302 2133/1/2133 2135/1/2135
f 2045/1/2045 2137/1/2137 2134/1/2134
f 2111/1/2111 2134/1/2134 2212/1/2212
f 2135/1/2135 2071/1/2071 2247/1/2247
f 2110/1/2110 2181/1/2181 2013/1/2013
f 2136/1/2136 2137/1/2137 2045/1/2045
f 2212/1/2212 2134/1/2134 2137/1/2137
f 2136/1/2136 2112/1/2112 2249/1/2249
f 2214/1/2214 2137/1/2137 2136/1/2136
f 2249/1/2249 2112/1/2112 2182/1/2182
f 2138/1/2138 2182/1/2182 2072/1/2072
f 2113/1/2113 2018/1/2018 2183/1/2183
f 2138/1/2138 2073/1/2073 2139/1/2139
f 2114/1/2114 2139/1/2139 1963/1/1963
f 2074/1/2074 2019/1/2019 2184/1/2184
f 2077/1/2077 1966/1/1966 2217/1/2217
f 1967/1/1967 2185/1/2185 2143/1/2143
f 2142/1/2142 2218/1/2218 2078/1/2078
f 2143/1/2143 2144/1/2144 2142/1/2142
f 2218/1/2218 2142/1/2142 2145/1/2145
f 2145/1/2145 2142/1/2142 2144/1/2144
f 2143/1/2143 2252/1/2252 2144/1/2144
f 2146/1/2146 2218/1/2218 2145/1/2145
f 2147/1/2147 2144/1/2144 2252/1/2252
f 2145/1/2145 2144/1/2144 2147/1/2147
f 2146/1/2146 2145/1/2145 2147/1/2147
f 2221/1/2221 2146/1/2146 2147/1/2147
f 2309/1/2309 2188/1/2188 2022/1/2022
f 2080/1/2080 2188/1/2188 2223/1/2223
f 2082/1/2082 2253/1/2253 2148/1/2148
f 1898/1/1898 2281/1/2281 2149/1/2149
f 2083/1/2083 2189/1/2189 2150/1/2150
f 2152/1/2152 2084/1/2084 2154/1/2154
f 2224/1/2224 2116/1/2116 2153/1/2153
f 2156/1/2156 2157/1/2157 2155/1/2155
f 2087/1/2087 2156/1/2156 2155/1/2155
f 2224/1/2224 2156/1/2156 2087/1/2087
f 2156/1/2156 2158/1/2158 2157/1/2157
f 2157/1/2157 2158/1/2158 2089/1/2089
f 2156/1/2156 2160/1/2160 2158/1/2158
f 2159/1/2159 2089/1/2089 2158/1/2158
f 2160/1/2160 2159/1/2159 2158/1/2158
f 2226/1/2226 2118/1/2118 2052/1/2052
f 2287/1/2287 2119/1/2119 2228/1/2228
f 2119/1/2119 2191/1/2191 1937/1/1937
f 2193/1/2193 2194/1/2194 2160/1/2160
f 2194/1/2194 2229/1/2229 2094/1/2094
f 2121/1/2121 1983/1/1983 2054/1/2054
f 1981/1/1981 2230/1/2230 2120/1/2120
f 1981/1/1981 2056/1/2056 2231/1/2231
f 1981/1/1981 2231/1/2231 2230/1/2230
f 2095/1/2095 2290/1/2290 1942/1/1942
f 2095/1/2095 2316/1/2316 2290/1/2290
f 2290/1/2290 2035/1/2035 1942/1/1942
f 2290/1/2290 2196/1/2196 2035/1/2035
f 1991/1/1991 2359/1/2359 2057/1/2057
f 2058/1/2058 2321/1/2321 2262/1/2262
f 2234/1/2234 1911/1/1911 2125/1/2125
f 2128/1/2128 2099/1/2099 2163/1/2163
f 2003/1/2003 2200/1/2200 4024/1/4024
f 4026/1/4026 2102/1/2102 2164/1/2164
f 2293/1/2293 4026/1/4026 2164/1/2164
f 4025/1/4025 2235/1/2235 2165/1/2165
f 2104/1/2104 2165/1/2165 2201/1/2201
f 2004/1/2004 2104/1/2104 2201/1/2201
f 1953/1/1953 2202/1/2202 2166/1/2166
f 1953/1/1953 2167/1/2167 2202/1/2202
f 2167/1/2167 2107/1/2107 2203/1/2203
f 2039/1/2039 2238/1/2238 2244/1/2244
f 2169/1/2169 2205/1/2205 2296/1/2296
f 2205/1/2205 2108/1/2108 2239/1/2239
f 2169/1/2169 2296/1/2296 2170/1/2170
f 2063/1/2063 2172/1/2172 2240/1/2240
f 2132/1/2132 2171/1/2171 2267/1/2267
f 2207/1/2207 2172/1/2172 2063/1/2063
f 2244/1/2244 2245/1/2245 2131/1/2131
f 2175/1/2175 2243/1/2243 2174/1/2174
f 2175/1/2175 2297/1/2297 2243/1/2243
f 2175/1/2175 2066/1/2066 2297/1/2297
f 2066/1/2066 2178/1/2178 2297/1/2297
f 1920/1/1920 2208/1/2208 2109/1/2109
f 2044/1/2044 2301/1/2301 2209/1/2209
f 2044/1/2044 2069/1/2069 2211/1/2211
f 2299/1/2299 2110/1/2110 2210/1/2210
f 2247/1/2247 2111/1/2111 2212/1/2212
f 2181/1/2181 2213/1/2213 2013/1/2013
f 2249/1/2249 2214/1/2214 2136/1/2136
f 2114/1/2114 1965/1/1965 2140/1/2140
f 2402/1/2402 2077/1/2077 2217/1/2217
f 2141/1/2141 2078/1/2078 2334/1/2334
f 2021/1/2021 2077/1/2077 2251/1/2251
f 2334/1/2334 2078/1/2078 2218/1/2218
f 2147/1/2147 2252/1/2252 2277/1/2277
f 2221/1/2221 2147/1/2147 2277/1/2277
f 2079/1/2079 2186/1/2186 2309/1/2309
f 2115/1/2115 2186/1/2186 2079/1/2079
f 2115/1/2115 2187/1/2187 2186/1/2186
f 2187/1/2187 2148/1/2148 2278/1/2278
f 2082/1/2082 2254/1/2254 2253/1/2253
f 2150/1/2150 2189/1/2189 2082/1/2082
f 2255/1/2255 2189/1/2189 2151/1/2151
f 2189/1/2189 2083/1/2083 2151/1/2151
f 2151/1/2151 2152/1/2152 2255/1/2255
f 2256/1/2256 2152/1/2152 2154/1/2154
f 2154/1/2154 2118/1/2118 2256/1/2256
f 2256/1/2256 2118/1/2118 2226/1/2226
f 2156/1/2156 2193/1/2193 2160/1/2160
f 2191/1/2191 2119/1/2119 2192/1/2192
f 2119/1/2119 2287/1/2287 2192/1/2192
f 2228/1/2228 2092/1/2092 2161/1/2161
f 2161/1/2161 2162/1/2162 2258/1/2258
f 2094/1/2094 2229/1/2229 2162/1/2162
f 2162/1/2162 2229/1/2229 2258/1/2258
f 2052/1/2052 2120/1/2120 2226/1/2226
f 2230/1/2230 2226/1/2226 2120/1/2120
f 2033/1/2033 2261/1/2261 2195/1/2195
f 2232/1/2232 2096/1/2096 2122/1/2122
f 2196/1/2196 2233/1/2233 2035/1/2035
f 2097/1/2097 2057/1/2057 2359/1/2359
f 2321/1/2321 2058/1/2058 2234/1/2234
f 2322/1/2322 2098/1/2098 2097/1/2097
f 2264/1/2264 2197/1/2197 2198/1/2198
f 2234/1/2234 2125/1/2125 2129/1/2129
f 2200/1/2200 2199/1/2199 4024/1/4024
f 2129/1/2129 2125/1/2125 2127/1/2127
f 2293/1/2293 4027/1/4027 4026/1/4026
f 2128/1/2128 2265/1/2265 2168/1/2168
f 2168/1/2168 2237/1/2237 2005/1/2005
f 2237/1/2237 2238/1/2238 2005/1/2005
f 2325/1/2325 2204/1/2204 2040/1/2040
f 2170/1/2170 2296/1/2296 2206/1/2206
f 2063/1/2063 2240/1/2240 2040/1/2040
f 2170/1/2170 2206/1/2206 2267/1/2267
f 2171/1/2171 2170/1/2170 2267/1/2267
f 2173/1/2173 2132/1/2132 2242/1/2242
f 2132/1/2132 2267/1/2267 2242/1/2242
f 2173/1/2173 2242/1/2242 2207/1/2207
f 2174/1/2174 2243/1/2243 2366/1/2366
f 2245/1/2245 2176/1/2176 2177/1/2177
f 2297/1/2297 2178/1/2178 2367/1/2367
f 2176/1/2176 2208/1/2208 2177/1/2177
f 2178/1/2178 2179/1/2179 2180/1/2180
f 2180/1/2180 2067/1/2067 2209/1/2209
f 2268/1/2268 2210/1/2210 2109/1/2109
f 2299/1/2299 2181/1/2181 2110/1/2110
f 2302/1/2302 2135/1/2135 2248/1/2248
f 2248/1/2248 2135/1/2135 2247/1/2247
f 2247/1/2247 2212/1/2212 2304/1/2304
f 2330/1/2330 2137/1/2137 2214/1/2214
f 2182/1/2182 2272/1/2272 2249/1/2249
f 2182/1/2182 2215/1/2215 2272/1/2272
f 2182/1/2182 2138/1/2138 2215/1/2215
f 2138/1/2138 2139/1/2139 2215/1/2215
f 2183/1/2183 2184/1/2184 2113/1/2113
f 2139/1/2139 2216/1/2216 2215/1/2215
f 2139/1/2139 2114/1/2114 2216/1/2216
f 2273/1/2273 2216/1/2216 2114/1/2114
f 2273/1/2273 2114/1/2114 2140/1/2140
f 2275/1/2275 2273/1/2273 2140/1/2140
f 2275/1/2275 2140/1/2140 2141/1/2141
f 2402/1/2402 2251/1/2251 2077/1/2077
f 2218/1/2218 2219/1/2219 2334/1/2334
f 2220/1/2220 2143/1/2143 2185/1/2185
f 2146/1/2146 2219/1/2219 2218/1/2218
f 2252/1/2252 2143/1/2143 2220/1/2220
f 2221/1/2221 2277/1/2277 2276/1/2276
f 2188/1/2188 2222/1/2222 2223/1/2223
f 2148/1/2148 2253/1/2253 2278/1/2278
f 2281/1/2281 2081/1/2081 2340/1/2340
f 2149/1/2149 2283/1/2283 2190/1/2190
f 2283/1/2283 2086/1/2086 2190/1/2190
f 2152/1/2152 2284/1/2284 2255/1/2255
f 2086/1/2086 2347/1/2347 2153/1/2153
f 2224/1/2224 2153/1/2153 2225/1/2225
f 2256/1/2256 2284/1/2284 2152/1/2152
f 2156/1/2156 2224/1/2224 2227/1/2227
f 2224/1/2224 2225/1/2225 2227/1/2227
f 2156/1/2156 2227/1/2227 2193/1/2193
f 2161/1/2161 2258/1/2258 2228/1/2228
f 2194/1/2194 2193/1/2193 2229/1/2229
f 2191/1/2191 2289/1/2289 2054/1/2054
f 2121/1/2121 2261/1/2261 2033/1/2033
f 2383/1/2383 2195/1/2195 2261/1/2261
f 2383/1/2383 2095/1/2095 2195/1/2195
f 2231/1/2231 2232/1/2232 2317/1/2317
f 2231/1/2231 2096/1/2096 2232/1/2232
f 2122/1/2122 2123/1/2123 2358/1/2358
f 2262/1/2262 2358/1/2358 2123/1/2123
f 1991/1/1991 2233/1/2233 2359/1/2359
f 2098/1/2098 2292/1/2292 2099/1/2099
f 2264/1/2264 2199/1/2199 2197/1/2197
f 4024/1/4024 2199/1/2199 4025/1/4025
f 2201/1/2201 2129/1/2129 2004/1/2004
f 2265/1/2265 2128/1/2128 2163/1/2163
f 2164/1/2164 4028/1/4028 2293/1/2293
f 2236/1/2236 2166/1/2166 2202/1/2202
f 2265/1/2265 2237/1/2237 2168/1/2168
f 2203/1/2203 2204/1/2204 2295/1/2295
f 2204/1/2204 2325/1/2325 2295/1/2295
f 2238/1/2238 2266/1/2266 2244/1/2244
f 2205/1/2205 2239/1/2239 2296/1/2296
f 2174/1/2174 2364/1/2364 2239/1/2239
f 2239/1/2239 2364/1/2364 2326/1/2326
f 2176/1/2176 2245/1/2245 2246/1/2246
f 2208/1/2208 2268/1/2268 2109/1/2109
f 2268/1/2268 2299/1/2299 2210/1/2210
f 2212/1/2212 2137/1/2137 2270/1/2270
f 2212/1/2212 2270/1/2270 2304/1/2304
f 2074/1/2074 2184/1/2184 2333/1/2333
f 2219/1/2219 2146/1/2146 2221/1/2221
f 2252/1/2252 2336/1/2336 2277/1/2277
f 2276/1/2276 2308/1/2308 2221/1/2221
f 2276/1/2276 2277/1/2277 2406/1/2406
f 2187/1/2187 2408/1/2408 2186/1/2186
f 2187/1/2187 2278/1/2278 2408/1/2408
f 2340/1/2340 2081/1/2081 2223/1/2223
f 2082/1/2082 2342/1/2342 2254/1/2254
f 2189/1/2189 2342/1/2342 2082/1/2082
f 2281/1/2281 2280/1/2280 2149/1/2149
f 2153/1/2153 2349/1/2349 2225/1/2225
f 2153/1/2153 2347/1/2347 2349/1/2349
f 2284/1/2284 2256/1/2256 2285/1/2285
f 2226/1/2226 2312/1/2312 2256/1/2256
f 2225/1/2225 2311/1/2311 2227/1/2227
f 2193/1/2193 2227/1/2227 2286/1/2286
f 2257/1/2257 2228/1/2228 2258/1/2258
f 2229/1/2229 2193/1/2193 2286/1/2286
f 2312/1/2312 2226/1/2226 2288/1/2288
f 2259/1/2259 2191/1/2191 2192/1/2192
f 2288/1/2288 2226/1/2226 2230/1/2230
f 2288/1/2288 2230/1/2230 2260/1/2260
f 2313/1/2313 2288/1/2288 2260/1/2260
f 2289/1/2289 2121/1/2121 2054/1/2054
f 2314/1/2314 2260/1/2260 2230/1/2230
f 2314/1/2314 2230/1/2230 2231/1/2231
f 2314/1/2314 2231/1/2231 2317/1/2317
f 2358/1/2358 2232/1/2232 2122/1/2122
f 2233/1/2233 2357/1/2357 2359/1/2359
f 2321/1/2321 2360/1/2360 2262/1/2262
f 2098/1/2098 2322/1/2322 2291/1/2291
f 2321/1/2321 2234/1/2234 2323/1/2323
f 2098/1/2098 2291/1/2291 2292/1/2292
f 2129/1/2129 2263/1/2263 2234/1/2234
f 2163/1/2163 2099/1/2099 2292/1/2292
f 2164/1/2164 2236/1/2236 4028/1/4028
f 2167/1/2167 2386/1/2386 2202/1/2202
f 2239/1/2239 2326/1/2326 2296/1/2296
f 2040/1/2040 2240/1/2240 2325/1/2325
f 2207/1/2207 2242/1/2242 2172/1/2172
f 2364/1/2364 2174/1/2174 2366/1/2366
f 2366/1/2366 2243/1/2243 2297/1/2297
f 2178/1/2178 2180/1/2180 2298/1/2298
f 2298/1/2298 2180/1/2180 2209/1/2209
f 2247/1/2247 2269/1/2269 2248/1/2248
f 2211/1/2211 2302/1/2302 2303/1/2303
f 2304/1/2304 2269/1/2269 2247/1/2247
f 2270/1/2270 2137/1/2137 2330/1/2330
f 2213/1/2213 2181/1/2181 2250/1/2250
f 2249/1/2249 2395/1/2395 2214/1/2214
f 2395/1/2395 2249/1/2249 2271/1/2271
f 2272/1/2272 2397/1/2397 2249/1/2249
f 2183/1/2183 2250/1/2250 2305/1/2305
f 2272/1/2272 2215/1/2215 2331/1/2331
f 2332/1/2332 2272/1/2272 2331/1/2331
f 2216/1/2216 2306/1/2306 2215/1/2215
f 2216/1/2216 2274/1/2274 2306/1/2306
f 2216/1/2216 2273/1/2273 2274/1/2274
f 2274/1/2274 2273/1/2273 2275/1/2275
f 2275/1/2275 2141/1/2141 2335/1/2335
f 2335/1/2335 2141/1/2141 2334/1/2334
f 2219/1/2219 2403/1/2403 2334/1/2334
f 2251/1/2251 2375/1/2375 2185/1/2185
f 2185/1/2185 2404/1/2404 2220/1/2220
f 2308/1/2308 2219/1/2219 2221/1/2221
f 2220/1/2220 2336/1/2336 2252/1/2252
f 2276/1/2276 2406/1/2406 2337/1/2337
f 2279/1/2279 2222/1/2222 2188/1/2188
f 2282/1/2282 2189/1/2189 2255/1/2255
f 2149/1/2149 2280/1/2280 2283/1/2283
f 2284/1/2284 2310/1/2310 2255/1/2255
f 2283/1/2283 2347/1/2347 2086/1/2086
f 2285/1/2285 2256/1/2256 2312/1/2312
f 2287/1/2287 2257/1/2257 2192/1/2192
f 2228/1/2228 2257/1/2257 2287/1/2287
f 2229/1/2229 2351/1/2351 2258/1/2258
f 2286/1/2286 2351/1/2351 2229/1/2229
f 2289/1/2289 2191/1/2191 2259/1/2259
f 2313/1/2313 2260/1/2260 2314/1/2314
f 2095/1/2095 2383/1/2383 2316/1/2316
f 2357/1/2357 2233/1/2233 2196/1/2196
f 2358/1/2358 2262/1/2262 2360/1/2360
f 2199/1/2199 2235/1/2235 4025/1/4025
f 2201/1/2201 2294/1/2294 2129/1/2129
f 2163/1/2163 2292/1/2292 2265/1/2265
f 2235/1/2235 2385/1/2385 2165/1/2165
f 2165/1/2165 2324/1/2324 2201/1/2201
f 2324/1/2324 2294/1/2294 2201/1/2201
f 2165/1/2165 2385/1/2385 2324/1/2324
f 2236/1/2236 4029/1/4029 4028/1/4028
f 2236/1/2236 2202/1/2202 4029/1/4029
f 2237/1/2237 2362/1/2362 2266/1/2266
f 2238/1/2238 2237/1/2237 2266/1/2266
f 2206/1/2206 2296/1/2296 2430/1/2430
f 2365/1/2365 2267/1/2267 2430/1/2430
f 2267/1/2267 2206/1/2206 2430/1/2430
f 2267/1/2267 2365/1/2365 2242/1/2242
f 2246/1/2246 2244/1/2244 2457/1/2457
f 2245/1/2245 2244/1/2244 2246/1/2246
f 2368/1/2368 2176/1/2176 2246/1/2246
f 2368/1/2368 2208/1/2208 2176/1/2176
f 2431/1/2431 2178/1/2178 2298/1/2298
f 2209/1/2209 2301/1/2301 2328/1/2328
f 2211/1/2211 2300/1/2300 2301/1/2301
f 2211/1/2211 2303/1/2303 2300/1/2300
f 2248/1/2248 2393/1/2393 2303/1/2303
f 2302/1/2302 2248/1/2248 2303/1/2303
f 2269/1/2269 2304/1/2304 2394/1/2394
f 2330/1/2330 2214/1/2214 2395/1/2395
f 2271/1/2271 2249/1/2249 2397/1/2397
f 2272/1/2272 2332/1/2332 2397/1/2397
f 2183/1/2183 2305/1/2305 2184/1/2184
f 2215/1/2215 2306/1/2306 2331/1/2331
f 2307/1/2307 2333/1/2333 2184/1/2184
f 2398/1/2398 2306/1/2306 2274/1/2274
f 2333/1/2333 2583/1/2583 2074/1/2074
f 2217/1/2217 2437/1/2437 2402/1/2402
f 2251/1/2251 2402/1/2402 2438/1/2438
f 2185/1/2185 2375/1/2375 2404/1/2404
f 2219/1/2219 2308/1/2308 2374/1/2374
f 2336/1/2336 2220/1/2220 2404/1/2404
f 2276/1/2276 2337/1/2337 2308/1/2308
f 2339/1/2339 2186/1/2186 2408/1/2408
f 2188/1/2188 2309/1/2309 2480/1/2480
f 2186/1/2186 2339/1/2339 2309/1/2309
f 2188/1/2188 2480/1/2480 2279/1/2279
f 2223/1/2223 2341/1/2341 2340/1/2340
f 2223/1/2223 2222/1/2222 2341/1/2341
f 2281/1/2281 2344/1/2344 2280/1/2280
f 2410/1/2410 2282/1/2282 2255/1/2255
f 2410/1/2410 2255/1/2255 2310/1/2310
f 2381/1/2381 2284/1/2284 2285/1/2285
f 2381/1/2381 2310/1/2310 2284/1/2284
f 2225/1/2225 2349/1/2349 2311/1/2311
f 2381/1/2381 2285/1/2285 2312/1/2312
f 2312/1/2312 2350/1/2350 2381/1/2381
f 2311/1/2311 2286/1/2286 2227/1/2227
f 2258/1/2258 2414/1/2414 2257/1/2257
f 2192/1/2192 2413/1/2413 2259/1/2259
f 2192/1/2192 2414/1/2414 2413/1/2413
f 2312/1/2312 2288/1/2288 2355/1/2355
f 2382/1/2382 2289/1/2289 2259/1/2259
f 2288/1/2288 2313/1/2313 2355/1/2355
f 2121/1/2121 2289/1/2289 2354/1/2354
f 2317/1/2317 2315/1/2315 2314/1/2314
f 2313/1/2313 2314/1/2314 2315/1/2315
f 2421/1/2421 2383/1/2383 2261/1/2261
f 2318/1/2318 2315/1/2315 2317/1/2317
f 2517/1/2517 2196/1/2196 2290/1/2290
f 2318/1/2318 2317/1/2317 2319/1/2319
f 2319/1/2319 2317/1/2317 2232/1/2232
f 2358/1/2358 2319/1/2319 2232/1/2232
f 2322/1/2322 2097/1/2097 2320/1/2320
f 2322/1/2322 2426/1/2426 2291/1/2291
f 2234/1/2234 2263/1/2263 2323/1/2323
f 2386/1/2386 4029/1/4029 2202/1/2202
f 2361/1/2361 2386/1/2386 2167/1/2167
f 2167/1/2167 2203/1/2203 2361/1/2361
f 2361/1/2361 2203/1/2203 2295/1/2295
f 2266/1/2266 2241/1/2241 2244/1/2244
f 2429/1/2429 2296/1/2296 2326/1/2326
f 2296/1/2296 2429/1/2429 2430/1/2430
f 2455/1/2455 2172/1/2172 2242/1/2242
f 2327/1/2327 2298/1/2298 2209/1/2209
f 2500/1/2500 2298/1/2298 2327/1/2327
f 2268/1/2268 2390/1/2390 2299/1/2299
f 2328/1/2328 2301/1/2301 2300/1/2300
f 2299/1/2299 2390/1/2390 2181/1/2181
f 2303/1/2303 2392/1/2392 2300/1/2300
f 2269/1/2269 2393/1/2393 2248/1/2248
f 2270/1/2270 2370/1/2370 2304/1/2304
f 2370/1/2370 2369/1/2369 2304/1/2304
f 2369/1/2369 2394/1/2394 2304/1/2304
f 2505/1/2505 2181/1/2181 2329/1/2329
f 2330/1/2330 2370/1/2370 2270/1/2270
f 2181/1/2181 2505/1/2505 2250/1/2250
f 2397/1/2397 2395/1/2395 2271/1/2271
f 2332/1/2332 2331/1/2331 2306/1/2306
f 2274/1/2274 2275/1/2275 2372/1/2372
f 2437/1/2437 2217/1/2217 2074/1/2074
f 2400/1/2400 2372/1/2372 2275/1/2275
f 2400/1/2400 2275/1/2275 2335/1/2335
f 2335/1/2335 2334/1/2334 2403/1/2403
f 2374/1/2374 2403/1/2403 2219/1/2219
f 2374/1/2374 2308/1/2308 2376/1/2376
f 2277/1/2277 2336/1/2336 2510/1/2510
f 2510/1/2510 2406/1/2406 2277/1/2277
f 2376/1/2376 2308/1/2308 2338/1/2338
f 2338/1/2338 2308/1/2308 2337/1/2337
f 2406/1/2406 2510/1/2510 2377/1/2377
f 2337/1/2337 2406/1/2406 2338/1/2338
f 2477/1/2477 2338/1/2338 2406/1/2406
f 2378/1/2378 2408/1/2408 2278/1/2278
f 2378/1/2378 2253/1/2253 2254/1/2254
f 2279/1/2279 2341/1/2341 2222/1/2222
f 2342/1/2342 2189/1/2189 2343/1/2343
f 2340/1/2340 2379/1/2379 2281/1/2281
f 2341/1/2341 2379/1/2379 2340/1/2340
f 2189/1/2189 2282/1/2282 2343/1/2343
f 2344/1/2344 2281/1/2281 2379/1/2379
f 2280/1/2280 2344/1/2344 2345/1/2345
f 2283/1/2283 2280/1/2280 2345/1/2345
f 2345/1/2345 2346/1/2346 2283/1/2283
f 2346/1/2346 2347/1/2347 2283/1/2283
f 2346/1/2346 2348/1/2348 2347/1/2347
f 2347/1/2347 2348/1/2348 2349/1/2349
f 2349/1/2349 2380/1/2380 2311/1/2311
f 2416/1/2416 2286/1/2286 2311/1/2311
f 2312/1/2312 2355/1/2355 2350/1/2350
f 2257/1/2257 2414/1/2414 2192/1/2192
f 2258/1/2258 2351/1/2351 2414/1/2414
f 2352/1/2352 2286/1/2286 2416/1/2416
f 2382/1/2382 2259/1/2259 2413/1/2413
f 2286/1/2286 2352/1/2352 2351/1/2351
f 2382/1/2382 2353/1/2353 2289/1/2289
f 2353/1/2353 2354/1/2354 2289/1/2289
f 2261/1/2261 2121/1/2121 2354/1/2354
f 2355/1/2355 2313/1/2313 2356/1/2356
f 2354/1/2354 2421/1/2421 2261/1/2261
f 2313/1/2313 2315/1/2315 2356/1/2356
f 2315/1/2315 2318/1/2318 2356/1/2356
f 2517/1/2517 2290/1/2290 2316/1/2316
f 2359/1/2359 2424/1/2424 2097/1/2097
f 2360/1/2360 2321/1/2321 2384/1/2384
f 2322/1/2322 2320/1/2320 2426/1/2426
f 2321/1/2321 2323/1/2323 2384/1/2384
f 2292/1/2292 2291/1/2291 2427/1/2427
f 2129/1/2129 2294/1/2294 2263/1/2263
f 2265/1/2265 2362/1/2362 2237/1/2237
f 2387/1/2387 2361/1/2361 2295/1/2295
f 2326/1/2326 2454/1/2454 2429/1/2429
f 2430/1/2430 2429/1/2429 2388/1/2388
f 2454/1/2454 2326/1/2326 2363/1/2363
f 2326/1/2326 2364/1/2364 2363/1/2363
f 2430/1/2430 2575/1/2575 2365/1/2365
f 2242/1/2242 2365/1/2365 2455/1/2455
f 2455/1/2455 2240/1/2240 2172/1/2172
f 2363/1/2363 2366/1/2366 2389/1/2389
f 2364/1/2364 2366/1/2366 2363/1/2363
f 2241/1/2241 2457/1/2457 2244/1/2244
f 2178/1/2178 2431/1/2431 2367/1/2367
f 2208/1/2208 2460/1/2460 2268/1/2268
f 2209/1/2209 2328/1/2328 2327/1/2327
f 2390/1/2390 2329/1/2329 2181/1/2181
f 2394/1/2394 2369/1/2369 2461/1/2461
f 2330/1/2330 2395/1/2395 2396/1/2396
f 2370/1/2370 2330/1/2330 2396/1/2396
f 2333/1/2333 2307/1/2307 2583/1/2583
f 2274/1/2274 2372/1/2372 2398/1/2398
f 2400/1/2400 2335/1/2335 2373/1/2373
f 2373/1/2373 2401/1/2401 2400/1/2400
f 2335/1/2335 2403/1/2403 2373/1/2373
f 2251/1/2251 2438/1/2438 2439/1/2439
f 2439/1/2439 2375/1/2375 2251/1/2251
f 2472/1/2472 2376/1/2376 2407/1/2407
f 2376/1/2376 2338/1/2338 2407/1/2407
f 2339/1/2339 2408/1/2408 2482/1/2482
f 2278/1/2278 2253/1/2253 2378/1/2378
f 2254/1/2254 2441/1/2441 2378/1/2378
f 2254/1/2254 2409/1/2409 2441/1/2441
f 2342/1/2342 2409/1/2409 2254/1/2254
f 2282/1/2282 2442/1/2442 2343/1/2343
f 2442/1/2442 2282/1/2282 2410/1/2410
f 2443/1/2443 2410/1/2410 2310/1/2310
f 2310/1/2310 2381/1/2381 2445/1/2445
f 2380/1/2380 2349/1/2349 2348/1/2348
f 2311/1/2311 2380/1/2380 2411/1/2411
f 2381/1/2381 2350/1/2350 2418/1/2418
f 2490/1/2490 2381/1/2381 2418/1/2418
f 2416/1/2416 2311/1/2311 2411/1/2411
f 2351/1/2351 2415/1/2415 2414/1/2414
f 2418/1/2418 2350/1/2350 2355/1/2355
f 2419/1/2419 2353/1/2353 2382/1/2382
f 2418/1/2418 2355/1/2355 2420/1/2420
f 2420/1/2420 2355/1/2355 2356/1/2356
f 2517/1/2517 2316/1/2316 2383/1/2383
f 2448/1/2448 2356/1/2356 2318/1/2318
f 2318/1/2318 2319/1/2319 2448/1/2448
f 2196/1/2196 2450/1/2450 2357/1/2357
f 2319/1/2319 2358/1/2358 2423/1/2423
f 2357/1/2357 2450/1/2450 2359/1/2359
f 2358/1/2358 2360/1/2360 2423/1/2423
f 2424/1/2424 2320/1/2320 2097/1/2097
f 2294/1/2294 2453/1/2453 2263/1/2263
f 2428/1/2428 2294/1/2294 2324/1/2324
f 2324/1/2324 2385/1/2385 2428/1/2428
f 2295/1/2295 2325/1/2325 2387/1/2387
f 2365/1/2365 2575/1/2575 2455/1/2455
f 2366/1/2366 2297/1/2297 2389/1/2389
f 2297/1/2297 2367/1/2367 2536/1/2536
f 2298/1/2298 2500/1/2500 2431/1/2431
f 2501/1/2501 2390/1/2390 2268/1/2268
f 2327/1/2327 2328/1/2328 2537/1/2537
f 2300/1/2300 2391/1/2391 2328/1/2328
f 2392/1/2392 2391/1/2391 2300/1/2300
f 2269/1/2269 2435/1/2435 2393/1/2393
f 2394/1/2394 2435/1/2435 2269/1/2269
f 2393/1/2393 2433/1/2433 2303/1/2303
f 2396/1/2396 2434/1/2434 2370/1/2370
f 2434/1/2434 2369/1/2369 2370/1/2370
f 2461/1/2461 2369/1/2369 2434/1/2434
f 2393/1/2393 2435/1/2435 2433/1/2433
f 2396/1/2396 2395/1/2395 2464/1/2464
f 2464/1/2464 2395/1/2395 2397/1/2397
f 2250/1/2250 2371/1/2371 2305/1/2305
f 2332/1/2332 2436/1/2436 2397/1/2397
f 2506/1/2506 2184/1/2184 2305/1/2305
f 2332/1/2332 2306/1/2306 2436/1/2436
f 2184/1/2184 2506/1/2506 2307/1/2307
f 2436/1/2436 2306/1/2306 2466/1/2466
f 2306/1/2306 2398/1/2398 2466/1/2466
f 2466/1/2466 2398/1/2398 2467/1/2467
f 2507/1/2507 2437/1/2437 2074/1/2074
f 2398/1/2398 2372/1/2372 2399/1/2399
f 2372/1/2372 2400/1/2400 2399/1/2399
f 2401/1/2401 2399/1/2399 2400/1/2400
f 2373/1/2373 2469/1/2469 2401/1/2401
f 2438/1/2438 2402/1/2402 2508/1/2508
f 2470/1/2470 2469/1/2469 2373/1/2373
f 2470/1/2470 2373/1/2373 2403/1/2403
f 2374/1/2374 2470/1/2470 2403/1/2403
f 2439/1/2439 2404/1/2404 2375/1/2375
f 2374/1/2374 2376/1/2376 2405/1/2405
f 2376/1/2376 2472/1/2472 2405/1/2405
f 2338/1/2338 2477/1/2477 2407/1/2407
f 2480/1/2480 2309/1/2309 2339/1/2339
f 2480/1/2480 2481/1/2481 2279/1/2279
f 2378/1/2378 2555/1/2555 2408/1/2408
f 2341/1/2341 2279/1/2279 2483/1/2483
f 2441/1/2441 2484/1/2484 2378/1/2378
f 2341/1/2341 2557/1/2557 2379/1/2379
f 2444/1/2444 2345/1/2345 2344/1/2344
f 2345/1/2345 2560/1/2560 2346/1/2346
f 2560/1/2560 2345/1/2345 2444/1/2444
f 2346/1/2346 2446/1/2446 2348/1/2348
f 2446/1/2446 2346/1/2346 2560/1/2560
f 2380/1/2380 2348/1/2348 2489/1/2489
f 2412/1/2412 2411/1/2411 2380/1/2380
f 2445/1/2445 2381/1/2381 2490/1/2490
f 2412/1/2412 2416/1/2416 2411/1/2411
f 2414/1/2414 2417/1/2417 2413/1/2413
f 2415/1/2415 2417/1/2417 2414/1/2414
f 2413/1/2413 2419/1/2419 2382/1/2382
f 2417/1/2417 2419/1/2419 2413/1/2413
f 2513/1/2513 2415/1/2415 2351/1/2351
f 2352/1/2352 2513/1/2513 2351/1/2351
f 2569/1/2569 2354/1/2354 2353/1/2353
f 2356/1/2356 2422/1/2422 2420/1/2420
f 2448/1/2448 2422/1/2422 2356/1/2356
f 2319/1/2319 2423/1/2423 2449/1/2449
f 2448/1/2448 2319/1/2319 2449/1/2449
f 2450/1/2450 2424/1/2424 2359/1/2359
f 2360/1/2360 2425/1/2425 2423/1/2423
f 2360/1/2360 2384/1/2384 2425/1/2425
f 2291/1/2291 2426/1/2426 2427/1/2427
f 2453/1/2453 2294/1/2294 2497/1/2497
f 2294/1/2294 2428/1/2428 2497/1/2497
f 2498/1/2498 2428/1/2428 2385/1/2385
f 2385/1/2385 2529/1/2529 2498/1/2498
f 4029/1/4029 2386/1/2386 2529/1/2529
f 2265/1/2265 2574/1/2574 2362/1/2362
f 2362/1/2362 2499/1/2499 2266/1/2266
f 2429/1/2429 2454/1/2454 2530/1/2530
f 2240/1/2240 2602/1/2602 2325/1/2325
f 2533/1/2533 2454/1/2454 2363/1/2363
f 2575/1/2575 2430/1/2430 2388/1/2388
f 2240/1/2240 2455/1/2455 2602/1/2602
f 2363/1/2363 2389/1/2389 2533/1/2533
f 2457/1/2457 2241/1/2241 2456/1/2456
f 2297/1/2297 2536/1/2536 2389/1/2389
f 2536/1/2536 2367/1/2367 2604/1/2604
f 2246/1/2246 2458/1/2458 2368/1/2368
f 2367/1/2367 2431/1/2431 2604/1/2604
f 2208/1/2208 2368/1/2368 2460/1/2460
f 2500/1/2500 2327/1/2327 2432/1/2432
f 2460/1/2460 2501/1/2501 2268/1/2268
f 2432/1/2432 2327/1/2327 2537/1/2537
f 2390/1/2390 2502/1/2502 2329/1/2329
f 2329/1/2329 2462/1/2462 2505/1/2505
f 2392/1/2392 2303/1/2303 2433/1/2433
f 2396/1/2396 2504/1/2504 2434/1/2434
f 2461/1/2461 2434/1/2434 2463/1/2463
f 2394/1/2394 2461/1/2461 2539/1/2539
f 2435/1/2435 2394/1/2394 2539/1/2539
f 2250/1/2250 2505/1/2505 2371/1/2371
f 2464/1/2464 2397/1/2397 2542/1/2542
f 2542/1/2542 2397/1/2397 2436/1/2436
f 2507/1/2507 2074/1/2074 2583/1/2583
f 2398/1/2398 2399/1/2399 2467/1/2467
f 2547/1/2547 2508/1/2508 2402/1/2402
f 2508/1/2508 2439/1/2439 2438/1/2438
f 2405/1/2405 2470/1/2470 2374/1/2374
f 2471/1/2471 2404/1/2404 2439/1/2439
f 2336/1/2336 2404/1/2404 2440/1/2440
f 2440/1/2440 2510/1/2510 2336/1/2336
f 2510/1/2510 2474/1/2474 2377/1/2377
f 2377/1/2377 2477/1/2477 2406/1/2406
f 2407/1/2407 2477/1/2477 2478/1/2478
f 2478/1/2478 2476/1/2476 2407/1/2407
f 2482/1/2482 2480/1/2480 2339/1/2339
f 2555/1/2555 2378/1/2378 2484/1/2484
f 2279/1/2279 2481/1/2481 2483/1/2483
f 2341/1/2341 2483/1/2483 2557/1/2557
f 2343/1/2343 2589/1/2589 2342/1/2342
f 2558/1/2558 2344/1/2344 2379/1/2379
f 2410/1/2410 2443/1/2443 2442/1/2442
f 2443/1/2443 2310/1/2310 2445/1/2445
f 2348/1/2348 2446/1/2446 2489/1/2489
f 2487/1/2487 2445/1/2445 2490/1/2490
f 2513/1/2513 2352/1/2352 2416/1/2416
f 2417/1/2417 2415/1/2415 2493/1/2493
f 2417/1/2417 2493/1/2493 2419/1/2419
f 2418/1/2418 2420/1/2420 2490/1/2490
f 2492/1/2492 2490/1/2490 2447/1/2447
f 2490/1/2490 2420/1/2420 2447/1/2447
f 2514/1/2514 2353/1/2353 2419/1/2419
f 2447/1/2447 2420/1/2420 2422/1/2422
f 2447/1/2447 2422/1/2422 2494/1/2494
f 2354/1/2354 2594/1/2594 2421/1/2421
f 2494/1/2494 2422/1/2422 2518/1/2518
f 2422/1/2422 2448/1/2448 2495/1/2495
f 2517/1/2517 2595/1/2595 2196/1/2196
f 2520/1/2520 2448/1/2448 2449/1/2449
f 2522/1/2522 2449/1/2449 2423/1/2423
f 2451/1/2451 2423/1/2423 2425/1/2425
f 2451/1/2451 2425/1/2425 2452/1/2452
f 2320/1/2320 2424/1/2424 2597/1/2597
f 2384/1/2384 2452/1/2452 2425/1/2425
f 2452/1/2452 2384/1/2384 2524/1/2524
f 2524/1/2524 2384/1/2384 2323/1/2323
f 2263/1/2263 2527/1/2527 2323/1/2323
f 2453/1/2453 2527/1/2527 2263/1/2263
f 2265/1/2265 2292/1/2292 2572/1/2572
f 2574/1/2574 2499/1/2499 2362/1/2362
f 2325/1/2325 2532/1/2532 2387/1/2387
f 2266/1/2266 2499/1/2499 2241/1/2241
f 2455/1/2455 2575/1/2575 2603/1/2603
f 2535/1/2535 2457/1/2457 2456/1/2456
f 2457/1/2457 2458/1/2458 2246/1/2246
f 2431/1/2431 2500/1/2500 2605/1/2605
f 2432/1/2432 2537/1/2537 2750/1/2750
f 2391/1/2391 2537/1/2537 2328/1/2328
f 2390/1/2390 2644/1/2644 2502/1/2502
f 2391/1/2391 2392/1/2392 2538/1/2538
f 2502/1/2502 2462/1/2462 2329/1/2329
f 2433/1/2433 2538/1/2538 2392/1/2392
f 2434/1/2434 2504/1/2504 2463/1/2463
f 2539/1/2539 2461/1/2461 2463/1/2463
f 2580/1/2580 2433/1/2433 2435/1/2435
f 2396/1/2396 2464/1/2464 2503/1/2503
f 2540/1/2540 2396/1/2396 2503/1/2503
f 2504/1/2504 2396/1/2396 2540/1/2540
f 2503/1/2503 2464/1/2464 2542/1/2542
f 2436/1/2436 2465/1/2465 2542/1/2542
f 2305/1/2305 2371/1/2371 2506/1/2506
f 2436/1/2436 2466/1/2466 2465/1/2465
f 2467/1/2467 2399/1/2399 2468/1/2468
f 2547/1/2547 2437/1/2437 2507/1/2507
f 2468/1/2468 2399/1/2399 2401/1/2401
f 2547/1/2547 2402/1/2402 2437/1/2437
f 2468/1/2468 2401/1/2401 2469/1/2469
f 2549/1/2549 2469/1/2469 2470/1/2470
f 2405/1/2405 2549/1/2549 2470/1/2470
f 2509/1/2509 2549/1/2549 2405/1/2405
f 2509/1/2509 2405/1/2405 2472/1/2472
f 2473/1/2473 2585/1/2585 2472/1/2472
f 2473/1/2473 2475/1/2475 2585/1/2585
f 2472/1/2472 2407/1/2407 2473/1/2473
f 2407/1/2407 2476/1/2476 2473/1/2473
f 2475/1/2475 2473/1/2473 2476/1/2476
f 2475/1/2475 2476/1/2476 2479/1/2479
f 2479/1/2479 2552/1/2552 2475/1/2475
f 2479/1/2479 2476/1/2476 2478/1/2478
f 2482/1/2482 2408/1/2408 2555/1/2555
f 2553/1/2553 2481/1/2481 2480/1/2480
f 2558/1/2558 2379/1/2379 2557/1/2557
f 2343/1/2343 2485/1/2485 2589/1/2589
f 2442/1/2442 2485/1/2485 2343/1/2343
f 2511/1/2511 2444/1/2444 2344/1/2344
f 2443/1/2443 2486/1/2486 2442/1/2442
f 2443/1/2443 2445/1/2445 2486/1/2486
f 2445/1/2445 2487/1/2487 2486/1/2486
f 2488/1/2488 2486/1/2486 2487/1/2487
f 2446/1/2446 2560/1/2560 2489/1/2489
f 2412/1/2412 2380/1/2380 2489/1/2489
f 2412/1/2412 2489/1/2489 2562/1/2562
f 2487/1/2487 2490/1/2490 2512/1/2512
f 2412/1/2412 2562/1/2562 2491/1/2491
f 2490/1/2490 2492/1/2492 2512/1/2512
f 2412/1/2412 2491/1/2491 2416/1/2416
f 2491/1/2491 2513/1/2513 2416/1/2416
f 2566/1/2566 2415/1/2415 2513/1/2513
f 2566/1/2566 2493/1/2493 2415/1/2415
f 2493/1/2493 2567/1/2567 2419/1/2419
f 2353/1/2353 2514/1/2514 2569/1/2569
f 2447/1/2447 2515/1/2515 2492/1/2492
f 2447/1/2447 2494/1/2494 2515/1/2515
f 2518/1/2518 2422/1/2422 2495/1/2495
f 2196/1/2196 2595/1/2595 2450/1/2450
f 2495/1/2495 2448/1/2448 2520/1/2520
f 2451/1/2451 2522/1/2522 2423/1/2423
f 2426/1/2426 2320/1/2320 2496/1/2496
f 2323/1/2323 2527/1/2527 2524/1/2524
f 2496/1/2496 2427/1/2427 2426/1/2426
f 2527/1/2527 2453/1/2453 2528/1/2528
f 2710/1/2710 2292/1/2292 2427/1/2427
f 2453/1/2453 2497/1/2497 2528/1/2528
f 2428/1/2428 2498/1/2498 2497/1/2497
f 2529/1/2529 2386/1/2386 2641/1/2641
f 2386/1/2386 2361/1/2361 2641/1/2641
f 2429/1/2429 2530/1/2530 2601/1/2601
f 2325/1/2325 2602/1/2602 2532/1/2532
f 2456/1/2456 2241/1/2241 2499/1/2499
f 2454/1/2454 2533/1/2533 2716/1/2716
f 2530/1/2530 2454/1/2454 2716/1/2716
f 2534/1/2534 2533/1/2533 2389/1/2389
f 2576/1/2576 2534/1/2534 2389/1/2389
f 2578/1/2578 2368/1/2368 2458/1/2458
f 2431/1/2431 2605/1/2605 2604/1/2604
f 2459/1/2459 2500/1/2500 2432/1/2432
f 2501/1/2501 2644/1/2644 2390/1/2390
f 2435/1/2435 2539/1/2539 2580/1/2580
f 2538/1/2538 2433/1/2433 2579/1/2579
f 2539/1/2539 2463/1/2463 2609/1/2609
f 2542/1/2542 2465/1/2465 2543/1/2543
f 2543/1/2543 2465/1/2465 2466/1/2466
f 2466/1/2466 2467/1/2467 2544/1/2544
f 2467/1/2467 2468/1/2468 2584/1/2584
f 2469/1/2469 2546/1/2546 2468/1/2468
f 2508/1/2508 2681/1/2681 2439/1/2439
f 2681/1/2681 2471/1/2471 2439/1/2439
f 2404/1/2404 2471/1/2471 2440/1/2440
f 2510/1/2510 2684/1/2684 2474/1/2474
f 2586/1/2586 2377/1/2377 2474/1/2474
f 2550/1/2550 2475/1/2475 2552/1/2552
f 2620/1/2620 2479/1/2479 2478/1/2478
f 2555/1/2555 2554/1/2554 2482/1/2482
f 2342/1/2342 2589/1/2589 2409/1/2409
f 2558/1/2558 2511/1/2511 2344/1/2344
f 2511/1/2511 2590/1/2590 2444/1/2444
f 2590/1/2590 2560/1/2560 2444/1/2444
f 2560/1/2560 2563/1/2563 2489/1/2489
f 2488/1/2488 2487/1/2487 2512/1/2512
f 2512/1/2512 2492/1/2492 2564/1/2564
f 2564/1/2564 2492/1/2492 2515/1/2515
f 2514/1/2514 2419/1/2419 2567/1/2567
f 2494/1/2494 2516/1/2516 2515/1/2515
f 2354/1/2354 2569/1/2569 2657/1/2657
f 2657/1/2657 2594/1/2594 2354/1/2354
f 2494/1/2494 2571/1/2571 2516/1/2516
f 2421/1/2421 2570/1/2570 2383/1/2383
f 2518/1/2518 2571/1/2571 2494/1/2494
f 2383/1/2383 2570/1/2570 2517/1/2517
f 2495/1/2495 2520/1/2520 2596/1/2596
f 2595/1/2595 2519/1/2519 2450/1/2450
f 2449/1/2449 2522/1/2522 2520/1/2520
f 2597/1/2597 2450/1/2450 2519/1/2519
f 2450/1/2450 2597/1/2597 2424/1/2424
f 2522/1/2522 2451/1/2451 2523/1/2523
f 2523/1/2523 2521/1/2521 2522/1/2522
f 2523/1/2523 2451/1/2451 2452/1/2452
f 2525/1/2525 2521/1/2521 2523/1/2523
f 2526/1/2526 2452/1/2452 2524/1/2524
f 2523/1/2523 2452/1/2452 2526/1/2526
f 2598/1/2598 2523/1/2523 2526/1/2526
f 2525/1/2525 2523/1/2523 2598/1/2598
f 2598/1/2598 2526/1/2526 2524/1/2524
f 2710/1/2710 2427/1/2427 2496/1/2496
f 2265/1/2265 2572/1/2572 2574/1/2574
f 2361/1/2361 2387/1/2387 2532/1/2532
f 2531/1/2531 2575/1/2575 2388/1/2388
f 2716/1/2716 2533/1/2533 2534/1/2534
f 2531/1/2531 2603/1/2603 2575/1/2575
f 2603/1/2603 2602/1/2602 2455/1/2455
f 2576/1/2576 2389/1/2389 2536/1/2536
f 2535/1/2535 2458/1/2458 2457/1/2457
f 2605/1/2605 2500/1/2500 2459/1/2459
f 2538/1/2538 2607/1/2607 2391/1/2391
f 2608/1/2608 2538/1/2538 2579/1/2579
f 2433/1/2433 2580/1/2580 2579/1/2579
f 2462/1/2462 2541/1/2541 2505/1/2505
f 2504/1/2504 2540/1/2540 2609/1/2609
f 2463/1/2463 2504/1/2504 2609/1/2609
f 2505/1/2505 2541/1/2541 2371/1/2371
f 2581/1/2581 2503/1/2503 2612/1/2612
f 2612/1/2612 2503/1/2503 2542/1/2542
f 2543/1/2543 2466/1/2466 2544/1/2544
f 2544/1/2544 2467/1/2467 2584/1/2584
f 2764/1/2764 2547/1/2547 2507/1/2507
f 2584/1/2584 2468/1/2468 2546/1/2546
f 2546/1/2546 2545/1/2545 2584/1/2584
f 2469/1/2469 2545/1/2545 2546/1/2546
f 2548/1/2548 2545/1/2545 2469/1/2469
f 2469/1/2469 2549/1/2549 2548/1/2548
f 2548/1/2548 2549/1/2549 2509/1/2509
f 2509/1/2509 2616/1/2616 2548/1/2548
f 2616/1/2616 2509/1/2509 2585/1/2585
f 2440/1/2440 2471/1/2471 2618/1/2618
f 2509/1/2509 2472/1/2472 2585/1/2585
f 2510/1/2510 2440/1/2440 2684/1/2684
f 2617/1/2617 2585/1/2585 2550/1/2550
f 2475/1/2475 2550/1/2550 2585/1/2585
f 2551/1/2551 2550/1/2550 2552/1/2552
f 2377/1/2377 2586/1/2586 2477/1/2477
f 2478/1/2478 2477/1/2477 2586/1/2586
f 2552/1/2552 2479/1/2479 2620/1/2620
f 2619/1/2619 2552/1/2552 2620/1/2620
f 2620/1/2620 2478/1/2478 2587/1/2587
f 2480/1/2480 2482/1/2482 2553/1/2553
f 2553/1/2553 2482/1/2482 2554/1/2554
f 2555/1/2555 2484/1/2484 2588/1/2588
f 2484/1/2484 2441/1/2441 2588/1/2588
f 2483/1/2483 2481/1/2481 2556/1/2556
f 2481/1/2481 2553/1/2553 2556/1/2556
f 2588/1/2588 2623/1/2623 2555/1/2555
f 2441/1/2441 2409/1/2409 2588/1/2588
f 2442/1/2442 2559/1/2559 2485/1/2485
f 2625/1/2625 2511/1/2511 2558/1/2558
f 2557/1/2557 2625/1/2625 2558/1/2558
f 2559/1/2559 2442/1/2442 2486/1/2486
f 2563/1/2563 2560/1/2560 2629/1/2629
f 2488/1/2488 2512/1/2512 2628/1/2628
f 2489/1/2489 2563/1/2563 2562/1/2562
f 2512/1/2512 2564/1/2564 2561/1/2561
f 2491/1/2491 2562/1/2562 2565/1/2565
f 2633/1/2633 2562/1/2562 2563/1/2563
f 2634/1/2634 2562/1/2562 2633/1/2633
f 2634/1/2634 2565/1/2565 2562/1/2562
f 2491/1/2491 2565/1/2565 2513/1/2513
f 2634/1/2634 2592/1/2592 2565/1/2565
f 2493/1/2493 2566/1/2566 2697/1/2697
f 2513/1/2513 2568/1/2568 2566/1/2566
f 2564/1/2564 2515/1/2515 2655/1/2655
f 2696/1/2696 2514/1/2514 2567/1/2567
f 2697/1/2697 2567/1/2567 2493/1/2493
f 2568/1/2568 2697/1/2697 2566/1/2566
f 2592/1/2592 2568/1/2568 2513/1/2513
f 2565/1/2565 2592/1/2592 2513/1/2513
f 2569/1/2569 2514/1/2514 2637/1/2637
f 2637/1/2637 2657/1/2657 2569/1/2569
f 2594/1/2594 2570/1/2570 2421/1/2421
f 2701/1/2701 2595/1/2595 2517/1/2517
f 2596/1/2596 2518/1/2518 2495/1/2495
f 2703/1/2703 2596/1/2596 2520/1/2520
f 2521/1/2521 2520/1/2520 2522/1/2522
f 2320/1/2320 2662/1/2662 2496/1/2496
f 2524/1/2524 2707/1/2707 2598/1/2598
f 2707/1/2707 2524/1/2524 2527/1/2527
f 2528/1/2528 2599/1/2599 2527/1/2527
f 2292/1/2292 2710/1/2710 2572/1/2572
f 2497/1/2497 2573/1/2573 2528/1/2528
f 2497/1/2497 2498/1/2498 2573/1/2573
f 2498/1/2498 2529/1/2529 2712/1/2712
f 2641/1/2641 4030/1/4030 2529/1/2529
f 2429/1/2429 2601/1/2601 2667/1/2667
f 2667/1/2667 2388/1/2388 2429/1/2429
f 2536/1/2536 2604/1/2604 2577/1/2577
f 2749/1/2749 2368/1/2368 2578/1/2578
f 2606/1/2606 2460/1/2460 2854/1/2854
f 2460/1/2460 2606/1/2606 2501/1/2501
f 2537/1/2537 2669/1/2669 2750/1/2750
f 2537/1/2537 2391/1/2391 2669/1/2669
f 2502/1/2502 2644/1/2644 2462/1/2462
f 2607/1/2607 2538/1/2538 2608/1/2608
f 2645/1/2645 2541/1/2541 2462/1/2462
f 2609/1/2609 2580/1/2580 2539/1/2539
f 2609/1/2609 2540/1/2540 2581/1/2581
f 2540/1/2540 2503/1/2503 2581/1/2581
f 2371/1/2371 2648/1/2648 2506/1/2506
f 2542/1/2542 2543/1/2543 2649/1/2649
f 2506/1/2506 2723/1/2723 2307/1/2307
f 2307/1/2307 2582/1/2582 2583/1/2583
f 2650/1/2650 2583/1/2583 2582/1/2582
f 2616/1/2616 2545/1/2545 2548/1/2548
f 2684/1/2684 2440/1/2440 2618/1/2618
f 2551/1/2551 2552/1/2552 2619/1/2619
f 2478/1/2478 2586/1/2586 2728/1/2728
f 2621/1/2621 2620/1/2620 2587/1/2587
f 2690/1/2690 2556/1/2556 2553/1/2553
f 2555/1/2555 2623/1/2623 2554/1/2554
f 2409/1/2409 2624/1/2624 2588/1/2588
f 2409/1/2409 2589/1/2589 2624/1/2624
f 2483/1/2483 2625/1/2625 2557/1/2557
f 2483/1/2483 2556/1/2556 2625/1/2625
f 2591/1/2591 2559/1/2559 2486/1/2486
f 2486/1/2486 2488/1/2488 2591/1/2591
f 2560/1/2560 2590/1/2590 2630/1/2630
f 2560/1/2560 2630/1/2630 2629/1/2629
f 2512/1/2512 2561/1/2561 2628/1/2628
f 2629/1/2629 2631/1/2631 2563/1/2563
f 2561/1/2561 2694/1/2694 2654/1/2654
f 2564/1/2564 2694/1/2694 2561/1/2561
f 2694/1/2694 2564/1/2564 2655/1/2655
f 2568/1/2568 2592/1/2592 2635/1/2635
f 2635/1/2635 2592/1/2592 2636/1/2636
f 2697/1/2697 2696/1/2696 2567/1/2567
f 2515/1/2515 2516/1/2516 2655/1/2655
f 2655/1/2655 2516/1/2516 2593/1/2593
f 2516/1/2516 2571/1/2571 2593/1/2593
f 2659/1/2659 2571/1/2571 2518/1/2518
f 2638/1/2638 2519/1/2519 2595/1/2595
f 2702/1/2702 2596/1/2596 2703/1/2703
f 2639/1/2639 2703/1/2703 2520/1/2520
f 2521/1/2521 2639/1/2639 2520/1/2520
f 2320/1/2320 2597/1/2597 2662/1/2662
f 2525/1/2525 2598/1/2598 2640/1/2640
f 2527/1/2527 2709/1/2709 2707/1/2707
f 2709/1/2709 2527/1/2527 2599/1/2599
f 2496/1/2496 2706/1/2706 2710/1/2710
f 2498/1/2498 2712/1/2712 2573/1/2573
f 2665/1/2665 2712/1/2712 2529/1/2529
f 2572/1/2572 2600/1/2600 2574/1/2574
f 2574/1/2574 2600/1/2600 2499/1/2499
f 2532/1/2532 2641/1/2641 2361/1/2361
f 2716/1/2716 2714/1/2714 2530/1/2530
f 2388/1/2388 2667/1/2667 2642/1/2642
f 2531/1/2531 2388/1/2388 2642/1/2642
f 2716/1/2716 2534/1/2534 2643/1/2643
f 2534/1/2534 2576/1/2576 2718/1/2718
f 2643/1/2643 2534/1/2534 2718/1/2718
f 2576/1/2576 2536/1/2536 2577/1/2577
f 2577/1/2577 2604/1/2604 2746/1/2746
f 2368/1/2368 2854/1/2854 2460/1/2460
f 2750/1/2750 2459/1/2459 2432/1/2432
f 2501/1/2501 2606/1/2606 2644/1/2644
f 2391/1/2391 2607/1/2607 2669/1/2669
f 2644/1/2644 2645/1/2645 2462/1/2462
f 2646/1/2646 2608/1/2608 2579/1/2579
f 2610/1/2610 2646/1/2646 2579/1/2579
f 2610/1/2610 2580/1/2580 2611/1/2611
f 2579/1/2579 2580/1/2580 2610/1/2610
f 2580/1/2580 2609/1/2609 2672/1/2672
f 2611/1/2611 2580/1/2580 2672/1/2672
f 2673/1/2673 2609/1/2609 2581/1/2581
f 2649/1/2649 2612/1/2612 2542/1/2542
f 2648/1/2648 2371/1/2371 2647/1/2647
f 2506/1/2506 2648/1/2648 2723/1/2723
f 2649/1/2649 2543/1/2543 2613/1/2613
f 2723/1/2723 2582/1/2582 2307/1/2307
f 2613/1/2613 2543/1/2543 2544/1/2544
f 2613/1/2613 2544/1/2544 2651/1/2651
f 2544/1/2544 2584/1/2584 2614/1/2614
f 2614/1/2614 2584/1/2584 2545/1/2545
f 2614/1/2614 2615/1/2615 2679/1/2679
f 2615/1/2615 2614/1/2614 2545/1/2545
f 2766/1/2766 2508/1/2508 2547/1/2547
f 2615/1/2615 2545/1/2545 2616/1/2616
f 2766/1/2766 2681/1/2681 2508/1/2508
f 2683/1/2683 2617/1/2617 2551/1/2551
f 2551/1/2551 2686/1/2686 2683/1/2683
f 2550/1/2550 2551/1/2551 2617/1/2617
f 2586/1/2586 2474/1/2474 2687/1/2687
f 2686/1/2686 2551/1/2551 2652/1/2652
f 2652/1/2652 2653/1/2653 2686/1/2686
f 2652/1/2652 2551/1/2551 2619/1/2619
f 2620/1/2620 2621/1/2621 2619/1/2619
f 2553/1/2553 2622/1/2622 2690/1/2690
f 2554/1/2554 2622/1/2622 2553/1/2553
f 2623/1/2623 2622/1/2622 2554/1/2554
f 2730/1/2730 2625/1/2625 2556/1/2556
f 2624/1/2624 2589/1/2589 2692/1/2692
f 2485/1/2485 2692/1/2692 2589/1/2589
f 2559/1/2559 2692/1/2692 2485/1/2485
f 2559/1/2559 2591/1/2591 2692/1/2692
f 2625/1/2625 2627/1/2627 2511/1/2511
f 2590/1/2590 2511/1/2511 2626/1/2626
f 2627/1/2627 2626/1/2626 2511/1/2511
f 2590/1/2590 2626/1/2626 2630/1/2630
f 2488/1/2488 2628/1/2628 2591/1/2591
f 2693/1/2693 2630/1/2630 2626/1/2626
f 2632/1/2632 2629/1/2629 2630/1/2630
f 2629/1/2629 2632/1/2632 2631/1/2631
f 2628/1/2628 2561/1/2561 2654/1/2654
f 2633/1/2633 2563/1/2563 2631/1/2631
f 2698/1/2698 2634/1/2634 2633/1/2633
f 2636/1/2636 2592/1/2592 2698/1/2698
f 2592/1/2592 2634/1/2634 2698/1/2698
f 2635/1/2635 2697/1/2697 2568/1/2568
f 2700/1/2700 2514/1/2514 2696/1/2696
f 2514/1/2514 2700/1/2700 2637/1/2637
f 2700/1/2700 2798/1/2798 2637/1/2637
f 2570/1/2570 2594/1/2594 2657/1/2657
f 2571/1/2571 2659/1/2659 2739/1/2739
f 2658/1/2658 2517/1/2517 2570/1/2570
f 2658/1/2658 2701/1/2701 2517/1/2517
f 2595/1/2595 2701/1/2701 2638/1/2638
f 2659/1/2659 2518/1/2518 2596/1/2596
f 2702/1/2702 2659/1/2659 2596/1/2596
f 2639/1/2639 2521/1/2521 2663/1/2663
f 2521/1/2521 2525/1/2525 2663/1/2663
f 2663/1/2663 2525/1/2525 2640/1/2640
f 2710/1/2710 2706/1/2706 2708/1/2708
f 2743/1/2743 2599/1/2599 2664/1/2664
f 2599/1/2599 2528/1/2528 2664/1/2664
f 2664/1/2664 2528/1/2528 2573/1/2573
f 2572/1/2572 2666/1/2666 2600/1/2600
f 2600/1/2600 2814/1/2814 2499/1/2499
f 2499/1/2499 2814/1/2814 2456/1/2456
f 2530/1/2530 2714/1/2714 2601/1/2601
f 2745/1/2745 2532/1/2532 2602/1/2602
f 2642/1/2642 2817/1/2817 2531/1/2531
f 2745/1/2745 2602/1/2602 2845/1/2845
f 2814/1/2814 2535/1/2535 2456/1/2456
f 2603/1/2603 2845/1/2845 2602/1/2602
f 2535/1/2535 2935/1/2935 2458/1/2458
f 2368/1/2368 2749/1/2749 2854/1/2854
f 2750/1/2750 2668/1/2668 2459/1/2459
f 2606/1/2606 2670/1/2670 2644/1/2644
f 2371/1/2371 2541/1/2541 2647/1/2647
f 2674/1/2674 2673/1/2673 2581/1/2581
f 2609/1/2609 2673/1/2673 2675/1/2675
f 2612/1/2612 2674/1/2674 2581/1/2581
f 2649/1/2649 2674/1/2674 2612/1/2612
f 2650/1/2650 2507/1/2507 2583/1/2583
f 2544/1/2544 2614/1/2614 2651/1/2651
f 2651/1/2651 2614/1/2614 2678/1/2678
f 2678/1/2678 2614/1/2614 2679/1/2679
f 2615/1/2615 2616/1/2616 2679/1/2679
f 2724/1/2724 2616/1/2616 2585/1/2585
f 2585/1/2585 2617/1/2617 2726/1/2726
f 2829/1/2829 2684/1/2684 2618/1/2618
f 2687/1/2687 2474/1/2474 2684/1/2684
f 2619/1/2619 2653/1/2653 2652/1/2652
f 2478/1/2478 2728/1/2728 2587/1/2587
f 2619/1/2619 2621/1/2621 2688/1/2688
f 2621/1/2621 2587/1/2587 2831/1/2831
f 2623/1/2623 2773/1/2773 2622/1/2622
f 2623/1/2623 2588/1/2588 2773/1/2773
f 2624/1/2624 2775/1/2775 2588/1/2588
f 2627/1/2627 2693/1/2693 2626/1/2626
f 2591/1/2591 2628/1/2628 2731/1/2731
f 2785/1/2785 2632/1/2632 2630/1/2630
f 2785/1/2785 2630/1/2630 2693/1/2693
f 2632/1/2632 2787/1/2787 2631/1/2631
f 2636/1/2636 2656/1/2656 2635/1/2635
f 2637/1/2637 2738/1/2738 2657/1/2657
f 2638/1/2638 2661/1/2661 2519/1/2519
f 2703/1/2703 2639/1/2639 2704/1/2704
f 2597/1/2597 2519/1/2519 2661/1/2661
f 2704/1/2704 2639/1/2639 2663/1/2663
f 2661/1/2661 2662/1/2662 2597/1/2597
f 2598/1/2598 2705/1/2705 2640/1/2640
f 2662/1/2662 2706/1/2706 2496/1/2496
f 2599/1/2599 2743/1/2743 2709/1/2709
f 2710/1/2710 2666/1/2666 2572/1/2572
f 2711/1/2711 2573/1/2573 2712/1/2712
f 2641/1/2641 2532/1/2532 2713/1/2713
f 2531/1/2531 2817/1/2817 2603/1/2603
f 2576/1/2576 2577/1/2577 2718/1/2718
f 2668/1/2668 2605/1/2605 2459/1/2459
f 2668/1/2668 2750/1/2750 2719/1/2719
f 2606/1/2606 2820/1/2820 2670/1/2670
f 2752/1/2752 2670/1/2670 2820/1/2820
f 2669/1/2669 2607/1/2607 2821/1/2821
f 2644/1/2644 2670/1/2670 2645/1/2645
f 2670/1/2670 2752/1/2752 2645/1/2645
f 2752/1/2752 2720/1/2720 2645/1/2645
f 2607/1/2607 2608/1/2608 2903/1/2903
f 2646/1/2646 2903/1/2903 2608/1/2608
f 2610/1/2610 2722/1/2722 2646/1/2646
f 2721/1/2721 2722/1/2722 2611/1/2611
f 2722/1/2722 2610/1/2610 2611/1/2611
f 2675/1/2675 2672/1/2672 2609/1/2609
f 2672/1/2672 2754/1/2754 2721/1/2721
f 2611/1/2611 2672/1/2672 2721/1/2721
f 2675/1/2675 2754/1/2754 2672/1/2672
f 2675/1/2675 2673/1/2673 2674/1/2674
f 2723/1/2723 2648/1/2648 2647/1/2647
f 2674/1/2674 2649/1/2649 2760/1/2760
f 2758/1/2758 2674/1/2674 2760/1/2760
f 2649/1/2649 2613/1/2613 2676/1/2676
f 2651/1/2651 2676/1/2676 2613/1/2613
f 2649/1/2649 2676/1/2676 2762/1/2762
f 2582/1/2582 2723/1/2723 2650/1/2650
f 2677/1/2677 2676/1/2676 2651/1/2651
f 2507/1/2507 2650/1/2650 2764/1/2764
f 2677/1/2677 2651/1/2651 2678/1/2678
f 2677/1/2677 2678/1/2678 2679/1/2679
f 2680/1/2680 2766/1/2766 2547/1/2547
f 2679/1/2679 2616/1/2616 2724/1/2724
f 2766/1/2766 2826/1/2826 2681/1/2681
f 2585/1/2585 2726/1/2726 2724/1/2724
f 2471/1/2471 2682/1/2682 2618/1/2618
f 2683/1/2683 2828/1/2828 2617/1/2617
f 2653/1/2653 2685/1/2685 2686/1/2686
f 2965/1/2965 2830/1/2830 2586/1/2586
f 2586/1/2586 2830/1/2830 2870/1/2870
f 2653/1/2653 2619/1/2619 2689/1/2689
f 2688/1/2688 2689/1/2689 2619/1/2619
f 2832/1/2832 2587/1/2587 2728/1/2728
f 2831/1/2831 2688/1/2688 2621/1/2621
f 2622/1/2622 2773/1/2773 2691/1/2691
f 2622/1/2622 2691/1/2691 2690/1/2690
f 2773/1/2773 2588/1/2588 2729/1/2729
f 2730/1/2730 2556/1/2556 2691/1/2691
f 2690/1/2690 2691/1/2691 2556/1/2556
f 2775/1/2775 2624/1/2624 2692/1/2692
f 2625/1/2625 2730/1/2730 2774/1/2774
f 2731/1/2731 2692/1/2692 2591/1/2591
f 2625/1/2625 2779/1/2779 2627/1/2627
f 2782/1/2782 2693/1/2693 2779/1/2779
f 2779/1/2779 2693/1/2693 2627/1/2627
f 2693/1/2693 2782/1/2782 2785/1/2785
f 2628/1/2628 2654/1/2654 2732/1/2732
f 2785/1/2785 2787/1/2787 2632/1/2632
f 2654/1/2654 2734/1/2734 2732/1/2732
f 2654/1/2654 2694/1/2694 2734/1/2734
f 2631/1/2631 2733/1/2733 2633/1/2633
f 2736/1/2736 2734/1/2734 2694/1/2694
f 2655/1/2655 2736/1/2736 2694/1/2694
f 2633/1/2633 2695/1/2695 2698/1/2698
f 2695/1/2695 2735/1/2735 2698/1/2698
f 2699/1/2699 2736/1/2736 2655/1/2655
f 2696/1/2696 2697/1/2697 2792/1/2792
f 2697/1/2697 2635/1/2635 2793/1/2793
f 2795/1/2795 2696/1/2696 2792/1/2792
f 2792/1/2792 2697/1/2697 2794/1/2794
f 2793/1/2793 2794/1/2794 2697/1/2697
f 2656/1/2656 2737/1/2737 2635/1/2635
f 2698/1/2698 2656/1/2656 2636/1/2636
f 2699/1/2699 2655/1/2655 2593/1/2593
f 2696/1/2696 2795/1/2795 2700/1/2700
f 2737/1/2737 2793/1/2793 2635/1/2635
f 2637/1/2637 2798/1/2798 2738/1/2738
f 2657/1/2657 2740/1/2740 2570/1/2570
f 2571/1/2571 2739/1/2739 2593/1/2593
f 2741/1/2741 2660/1/2660 2701/1/2701
f 2739/1/2739 2659/1/2659 2742/1/2742
f 2701/1/2701 2660/1/2660 2638/1/2638
f 2742/1/2742 2659/1/2659 2702/1/2702
f 2803/1/2803 2638/1/2638 2660/1/2660
f 2661/1/2661 2638/1/2638 2803/1/2803
f 2662/1/2662 2807/1/2807 2706/1/2706
f 2707/1/2707 2709/1/2709 2924/1/2924
f 2744/1/2744 2743/1/2743 2664/1/2664
f 2710/1/2710 2708/1/2708 2810/1/2810
f 2664/1/2664 2573/1/2573 2711/1/2711
f 2641/1/2641 4031/1/4031 4030/1/4030
f 2600/1/2600 2931/1/2931 2814/1/2814
f 2601/1/2601 2715/1/2715 2667/1/2667
f 2532/1/2532 2745/1/2745 2713/1/2713
f 2601/1/2601 2714/1/2714 2715/1/2715
f 2815/1/2815 2667/1/2667 2715/1/2715
f 2642/1/2642 2667/1/2667 2815/1/2815
f 2714/1/2714 2716/1/2716 2816/1/2816
f 2814/1/2814 2717/1/2717 2535/1/2535
f 2845/1/2845 2603/1/2603 2817/1/2817
f 2935/1/2935 2535/1/2535 2717/1/2717
f 2643/1/2643 2718/1/2718 2848/1/2848
f 2848/1/2848 2716/1/2716 2643/1/2643
f 2935/1/2935 2818/1/2818 2458/1/2458
f 2818/1/2818 2748/1/2748 2458/1/2458
f 2458/1/2458 2748/1/2748 2578/1/2578
f 2605/1/2605 2746/1/2746 2604/1/2604
f 2605/1/2605 2668/1/2668 2747/1/2747
f 2750/1/2750 2669/1/2669 2855/1/2855
f 2606/1/2606 2854/1/2854 2751/1/2751
f 2820/1/2820 2606/1/2606 2751/1/2751
f 2669/1/2669 2821/1/2821 2855/1/2855
f 2645/1/2645 2720/1/2720 2541/1/2541
f 2903/1/2903 2901/1/2901 2607/1/2607
f 2903/1/2903 2646/1/2646 2671/1/2671
f 2646/1/2646 2722/1/2722 2671/1/2671
f 2675/1/2675 2674/1/2674 2756/1/2756
f 2760/1/2760 2649/1/2649 2762/1/2762
f 2762/1/2762 2676/1/2676 2765/1/2765
f 2677/1/2677 2765/1/2765 2676/1/2676
f 2764/1/2764 2680/1/2680 2547/1/2547
f 2677/1/2677 2679/1/2679 2767/1/2767
f 2724/1/2724 2767/1/2767 2679/1/2679
f 2681/1/2681 2826/1/2826 2725/1/2725
f 2725/1/2725 2471/1/2471 2681/1/2681
f 2617/1/2617 2828/1/2828 2726/1/2726
f 2683/1/2683 2686/1/2686 2727/1/2727
f 2685/1/2685 2727/1/2727 2686/1/2686
f 2687/1/2687 2684/1/2684 2829/1/2829
f 2829/1/2829 3105/1/3105 2687/1/2687
f 2727/1/2727 2685/1/2685 2770/1/2770
f 2770/1/2770 2685/1/2685 2653/1/2653
f 2586/1/2586 2870/1/2870 2728/1/2728
f 2653/1/2653 2689/1/2689 2770/1/2770
f 2587/1/2587 2832/1/2832 2831/1/2831
f 2689/1/2689 2688/1/2688 2771/1/2771
f 2588/1/2588 2775/1/2775 2729/1/2729
f 2777/1/2777 2775/1/2775 2692/1/2692
f 2774/1/2774 2779/1/2779 2625/1/2625
f 2692/1/2692 2731/1/2731 2777/1/2777
f 2628/1/2628 2732/1/2732 2731/1/2731
f 2733/1/2733 2631/1/2631 2787/1/2787
f 2695/1/2695 2633/1/2633 2733/1/2733
f 2735/1/2735 2656/1/2656 2698/1/2698
f 2795/1/2795 2798/1/2798 2700/1/2700
f 2593/1/2593 2796/1/2796 2699/1/2699
f 2800/1/2800 2796/1/2796 2593/1/2593
f 2657/1/2657 2738/1/2738 2740/1/2740
f 2593/1/2593 2739/1/2739 2800/1/2800
f 2570/1/2570 2740/1/2740 2658/1/2658
f 2658/1/2658 2802/1/2802 2701/1/2701
f 2802/1/2802 2741/1/2741 2701/1/2701
f 2703/1/2703 2804/1/2804 2702/1/2702
f 2805/1/2805 2661/1/2661 2803/1/2803
f 2703/1/2703 2704/1/2704 2804/1/2804
f 2704/1/2704 2663/1/2663 2886/1/2886
f 2705/1/2705 2598/1/2598 2707/1/2707
f 2705/1/2705 2707/1/2707 2924/1/2924
f 2807/1/2807 2708/1/2708 2706/1/2706
f 2709/1/2709 2925/1/2925 2924/1/2924
f 2709/1/2709 2743/1/2743 2744/1/2744
f 2809/1/2809 2744/1/2744 2664/1/2664
f 2708/1/2708 2840/1/2840 2810/1/2810
f 2810/1/2810 2666/1/2666 2710/1/2710
f 2712/1/2712 2665/1/2665 2711/1/2711
f 2666/1/2666 2931/1/2931 2600/1/2600
f 2713/1/2713 4031/1/4031 2641/1/2641
f 2933/1/2933 2715/1/2715 2714/1/2714
f 2816/1/2816 2716/1/2716 2848/1/2848
f 2577/1/2577 2746/1/2746 2718/1/2718
f 2849/1/2849 2718/1/2718 2746/1/2746
f 2849/1/2849 2746/1/2746 2747/1/2747
f 2605/1/2605 2747/1/2747 2746/1/2746
f 2578/1/2578 2748/1/2748 2749/1/2749
f 2668/1/2668 2719/1/2719 3007/1/3007
f 2719/1/2719 2750/1/2750 2899/1/2899
f 2899/1/2899 2750/1/2750 2855/1/2855
f 2607/1/2607 2944/1/2944 2821/1/2821
f 2944/1/2944 2607/1/2607 2901/1/2901
f 2541/1/2541 2902/1/2902 2647/1/2647
f 2671/1/2671 2722/1/2722 2822/1/2822
f 2675/1/2675 2755/1/2755 2754/1/2754
f 2757/1/2757 2721/1/2721 2754/1/2754
f 2823/1/2823 2822/1/2822 2722/1/2722
f 2758/1/2758 2756/1/2756 2674/1/2674
f 2757/1/2757 2754/1/2754 2755/1/2755
f 2722/1/2722 2721/1/2721 2757/1/2757
f 2823/1/2823 2722/1/2722 2757/1/2757
f 2755/1/2755 2675/1/2675 2756/1/2756
f 2756/1/2756 2758/1/2758 2858/1/2858
f 2755/1/2755 2756/1/2756 2759/1/2759
f 2757/1/2757 2755/1/2755 2759/1/2759
f 2759/1/2759 2756/1/2756 2824/1/2824
f 2758/1/2758 2760/1/2760 2761/1/2761
f 2858/1/2858 2758/1/2758 2761/1/2761
f 2760/1/2760 2762/1/2762 2761/1/2761
f 2761/1/2761 2762/1/2762 2763/1/2763
f 2765/1/2765 2763/1/2763 2762/1/2762
f 2764/1/2764 2650/1/2650 2952/1/2952
f 2864/1/2864 2763/1/2763 2765/1/2765
f 2677/1/2677 2767/1/2767 2765/1/2765
f 2769/1/2769 2767/1/2767 2724/1/2724
f 2828/1/2828 2769/1/2769 2724/1/2724
f 2828/1/2828 2724/1/2724 2726/1/2726
f 2618/1/2618 2964/1/2964 2829/1/2829
f 2683/1/2683 2727/1/2727 2828/1/2828
f 2586/1/2586 2687/1/2687 2965/1/2965
f 2770/1/2770 2689/1/2689 2771/1/2771
f 2869/1/2869 2770/1/2770 2771/1/2771
f 2728/1/2728 2870/1/2870 2832/1/2832
f 2688/1/2688 2872/1/2872 2771/1/2771
f 2730/1/2730 2691/1/2691 2772/1/2772
f 2691/1/2691 2773/1/2773 2834/1/2834
f 2691/1/2691 2833/1/2833 2772/1/2772
f 2833/1/2833 2691/1/2691 2834/1/2834
f 2729/1/2729 2873/1/2873 2773/1/2773
f 2730/1/2730 2776/1/2776 2774/1/2774
f 2772/1/2772 2776/1/2776 2730/1/2730
f 2775/1/2775 2875/1/2875 2729/1/2729
f 2776/1/2776 2780/1/2780 2774/1/2774
f 2775/1/2775 2777/1/2777 2778/1/2778
f 2774/1/2774 2780/1/2780 2779/1/2779
f 2731/1/2731 2778/1/2778 2777/1/2777
f 2781/1/2781 2778/1/2778 2731/1/2731
f 2731/1/2731 2732/1/2732 2781/1/2781
f 2779/1/2779 2783/1/2783 2782/1/2782
f 2780/1/2780 2783/1/2783 2779/1/2779
f 2781/1/2781 2784/1/2784 2778/1/2778
f 2783/1/2783 2786/1/2786 2782/1/2782
f 2732/1/2732 2784/1/2784 2781/1/2781
f 2784/1/2784 2835/1/2835 2778/1/2778
f 2782/1/2782 2786/1/2786 2785/1/2785
f 2732/1/2732 2734/1/2734 2784/1/2784
f 2785/1/2785 2788/1/2788 2787/1/2787
f 2786/1/2786 2788/1/2788 2785/1/2785
f 2788/1/2788 2837/1/2837 2787/1/2787
f 2784/1/2784 2789/1/2789 2835/1/2835
f 2736/1/2736 2789/1/2789 2784/1/2784
f 2734/1/2734 2736/1/2736 2784/1/2784
f 2787/1/2787 2837/1/2837 2733/1/2733
f 2837/1/2837 2695/1/2695 2733/1/2733
f 2837/1/2837 2790/1/2790 2695/1/2695
f 2695/1/2695 2791/1/2791 2735/1/2735
f 2790/1/2790 2791/1/2791 2695/1/2695
f 2736/1/2736 2796/1/2796 2789/1/2789
f 2736/1/2736 2699/1/2699 2796/1/2796
f 2737/1/2737 2656/1/2656 2918/1/2918
f 2735/1/2735 2918/1/2918 2656/1/2656
f 2794/1/2794 2793/1/2793 2881/1/2881
f 2838/1/2838 2881/1/2881 2793/1/2793
f 2737/1/2737 2838/1/2838 2793/1/2793
f 2794/1/2794 2795/1/2795 2792/1/2792
f 2799/1/2799 2798/1/2798 2795/1/2795
f 2799/1/2799 2795/1/2795 2797/1/2797
f 2794/1/2794 2797/1/2797 2795/1/2795
f 2799/1/2799 2801/1/2801 2798/1/2798
f 2801/1/2801 2738/1/2738 2798/1/2798
f 2801/1/2801 2740/1/2740 2738/1/2738
f 2800/1/2800 2739/1/2739 2884/1/2884
f 2802/1/2802 2658/1/2658 2740/1/2740
f 2884/1/2884 2739/1/2739 2742/1/2742
f 2741/1/2741 2803/1/2803 2660/1/2660
f 2742/1/2742 2702/1/2702 2804/1/2804
f 2661/1/2661 2805/1/2805 2806/1/2806
f 2661/1/2661 2806/1/2806 2662/1/2662
f 2663/1/2663 2640/1/2640 2886/1/2886
f 2662/1/2662 2806/1/2806 2807/1/2807
f 2640/1/2640 2705/1/2705 2839/1/2839
f 2708/1/2708 2807/1/2807 2808/1/2808
f 2709/1/2709 2744/1/2744 2926/1/2926
f 2744/1/2744 2809/1/2809 2926/1/2926
f 2808/1/2808 2840/1/2840 2708/1/2708
f 2664/1/2664 2841/1/2841 2809/1/2809
f 2664/1/2664 2711/1/2711 2841/1/2841
f 2711/1/2711 2665/1/2665 2811/1/2811
f 2842/1/2842 2666/1/2666 2810/1/2810
f 2812/1/2812 2811/1/2811 2665/1/2665
f 2842/1/2842 2931/1/2931 2666/1/2666
f 2888/1/2888 2813/1/2813 2844/1/2844
f 2891/1/2891 4031/1/4031 2713/1/2713
f 2713/1/2713 2745/1/2745 2846/1/2846
f 2717/1/2717 2814/1/2814 2931/1/2931
f 2745/1/2745 2845/1/2845 2846/1/2846
f 2817/1/2817 2642/1/2642 2815/1/2815
f 2718/1/2718 2849/1/2849 2896/1/2896
f 2747/1/2747 2852/1/2852 2849/1/2849
f 2819/1/2819 2747/1/2747 2668/1/2668
f 2819/1/2819 2668/1/2668 3007/1/3007
f 2720/1/2720 2902/1/2902 2541/1/2541
f 2671/1/2671 2822/1/2822 2903/1/2903
f 2753/1/2753 2647/1/2647 2902/1/2902
f 2757/1/2757 2856/1/2856 2823/1/2823
f 2756/1/2756 2858/1/2858 2824/1/2824
f 2856/1/2856 2759/1/2759 2824/1/2824
f 2757/1/2757 2759/1/2759 2856/1/2856
f 2647/1/2647 2753/1/2753 2723/1/2723
f 2723/1/2723 2753/1/2753 3041/1/3041
f 2761/1/2761 2862/1/2862 2858/1/2858
f 2952/1/2952 2650/1/2650 2723/1/2723
f 2763/1/2763 2862/1/2862 2761/1/2761
f 2764/1/2764 3010/1/3010 2680/1/2680
f 2765/1/2765 2767/1/2767 2864/1/2864
f 2864/1/2864 2767/1/2767 2825/1/2825
f 2766/1/2766 2680/1/2680 2768/1/2768
f 2767/1/2767 2769/1/2769 2825/1/2825
f 2825/1/2825 2769/1/2769 2827/1/2827
f 2828/1/2828 2827/1/2827 2769/1/2769
f 2725/1/2725 2682/1/2682 2471/1/2471
f 2828/1/2828 2727/1/2727 2867/1/2867
f 2867/1/2867 2727/1/2727 2868/1/2868
f 2727/1/2727 2770/1/2770 2868/1/2868
f 2910/1/2910 2830/1/2830 2965/1/2965
f 2831/1/2831 2872/1/2872 2688/1/2688
f 2834/1/2834 2773/1/2773 2873/1/2873
f 2873/1/2873 2729/1/2729 2875/1/2875
f 2833/1/2833 2834/1/2834 2874/1/2874
f 2969/1/2969 2772/1/2772 2833/1/2833
f 2775/1/2775 2778/1/2778 2875/1/2875
f 2915/1/2915 2783/1/2783 2780/1/2780
f 2788/1/2788 2786/1/2786 2836/1/2836
f 2882/1/2882 2789/1/2789 2796/1/2796
f 2735/1/2735 2791/1/2791 2918/1/2918
f 2791/1/2791 2917/1/2917 2918/1/2918
f 2881/1/2881 2797/1/2797 2794/1/2794
f 2737/1/2737 2918/1/2918 2838/1/2838
f 2882/1/2882 2796/1/2796 2800/1/2800
f 2991/1/2991 2802/1/2802 2740/1/2740
f 2885/1/2885 2742/1/2742 2804/1/2804
f 2804/1/2804 2704/1/2704 2886/1/2886
f 2839/1/2839 2886/1/2886 2640/1/2640
f 2709/1/2709 2926/1/2926 2925/1/2925
f 2928/1/2928 2840/1/2840 2808/1/2808
f 2841/1/2841 2711/1/2711 2811/1/2811
f 2844/1/2844 2929/1/2929 2843/1/2843
f 2843/1/2843 2929/1/2929 2887/1/2887
f 3030/1/3030 2844/1/2844 2813/1/2813
f 2891/1/2891 2713/1/2713 2846/1/2846
f 2815/1/2815 2715/1/2715 2892/1/2892
f 2894/1/2894 2847/1/2847 2815/1/2815
f 2714/1/2714 2816/1/2816 2934/1/2934
f 2934/1/2934 2933/1/2933 2714/1/2714
f 2815/1/2815 2847/1/2847 2817/1/2817
f 2847/1/2847 2845/1/2845 2817/1/2817
f 2848/1/2848 2718/1/2718 2896/1/2896
f 2850/1/2850 2849/1/2849 2851/1/2851
f 2851/1/2851 2849/1/2849 2852/1/2852
f 2850/1/2850 2851/1/2851 2853/1/2853
f 2897/1/2897 2853/1/2853 2851/1/2851
f 2747/1/2747 2819/1/2819 2852/1/2852
f 2851/1/2851 2852/1/2852 2819/1/2819
f 2897/1/2897 2851/1/2851 2819/1/2819
f 3007/1/3007 2940/1/2940 2819/1/2819
f 2897/1/2897 2819/1/2819 2940/1/2940
f 2719/1/2719 2941/1/2941 3007/1/3007
f 2941/1/2941 2719/1/2719 2899/1/2899
f 2898/1/2898 2854/1/2854 2749/1/2749
f 2854/1/2854 2898/1/2898 2751/1/2751
f 2942/1/2942 2855/1/2855 2821/1/2821
f 2751/1/2751 2752/1/2752 2820/1/2820
f 2944/1/2944 2901/1/2901 3037/1/3037
f 2823/1/2823 2856/1/2856 2857/1/2857
f 3042/1/3042 2823/1/2823 2857/1/2857
f 2824/1/2824 2858/1/2858 2859/1/2859
f 2861/1/2861 2824/1/2824 2859/1/2859
f 2856/1/2856 2824/1/2824 2861/1/2861
f 2857/1/2857 2856/1/2856 2860/1/2860
f 2860/1/2860 2856/1/2856 2861/1/2861
f 2859/1/2859 2858/1/2858 2862/1/2862
f 2723/1/2723 3041/1/3041 2952/1/2952
f 2860/1/2860 2861/1/2861 2949/1/2949
f 2859/1/2859 2862/1/2862 2948/1/2948
f 2763/1/2763 2863/1/2863 2862/1/2862
f 2863/1/2863 2905/1/2905 2862/1/2862
f 2763/1/2763 2864/1/2864 2863/1/2863
f 3010/1/3010 2764/1/2764 2952/1/2952
f 2865/1/2865 2863/1/2863 2864/1/2864
f 2865/1/2865 2864/1/2864 2825/1/2825
f 2680/1/2680 3010/1/3010 2768/1/2768
f 2957/1/2957 2865/1/2865 2825/1/2825
f 2768/1/2768 3128/1/3128 2766/1/2766
f 2826/1/2826 2907/1/2907 2725/1/2725
f 2959/1/2959 2827/1/2827 2866/1/2866
f 2866/1/2866 2827/1/2827 2828/1/2828
f 2866/1/2866 2867/1/2867 2960/1/2960
f 2618/1/2618 2682/1/2682 2908/1/2908
f 2828/1/2828 2867/1/2867 2866/1/2866
f 2869/1/2869 2963/1/2963 2868/1/2868
f 2869/1/2869 2868/1/2868 2770/1/2770
f 2687/1/2687 3105/1/3105 3132/1/3132
f 2965/1/2965 2687/1/2687 3132/1/3132
f 2771/1/2771 2871/1/2871 2869/1/2869
f 2871/1/2871 2909/1/2909 2869/1/2869
f 2831/1/2831 2832/1/2832 2967/1/2967
f 2969/1/2969 2833/1/2833 2874/1/2874
f 2873/1/2873 2912/1/2912 2834/1/2834
f 2772/1/2772 3014/1/3014 2776/1/2776
f 2912/1/2912 2874/1/2874 2834/1/2834
f 2875/1/2875 2912/1/2912 2873/1/2873
f 2780/1/2780 2776/1/2776 3014/1/3014
f 2969/1/2969 3014/1/3014 2772/1/2772
f 2874/1/2874 2911/1/2911 2969/1/2969
f 2778/1/2778 2876/1/2876 2875/1/2875
f 2876/1/2876 2778/1/2778 2835/1/2835
f 2783/1/2783 2915/1/2915 2786/1/2786
f 2835/1/2835 2877/1/2877 2876/1/2876
f 2786/1/2786 2915/1/2915 2836/1/2836
f 2788/1/2788 2836/1/2836 2916/1/2916
f 2835/1/2835 2789/1/2789 2877/1/2877
f 2882/1/2882 2878/1/2878 2877/1/2877
f 2788/1/2788 2916/1/2916 2837/1/2837
f 2877/1/2877 2789/1/2789 2882/1/2882
f 2879/1/2879 2837/1/2837 2916/1/2916
f 2837/1/2837 2879/1/2879 2790/1/2790
f 2790/1/2790 2980/1/2980 2791/1/2791
f 2882/1/2882 2880/1/2880 2878/1/2878
f 2980/1/2980 2917/1/2917 2791/1/2791
f 2881/1/2881 2988/1/2988 2797/1/2797
f 2881/1/2881 2838/1/2838 2986/1/2986
f 2882/1/2882 2800/1/2800 2880/1/2880
f 2799/1/2799 2797/1/2797 2883/1/2883
f 2988/1/2988 2883/1/2883 2797/1/2797
f 2918/1/2918 2919/1/2919 2838/1/2838
f 2801/1/2801 2799/1/2799 2987/1/2987
f 2883/1/2883 2987/1/2987 2799/1/2799
f 2800/1/2800 2884/1/2884 2880/1/2880
f 2920/1/2920 2880/1/2880 2884/1/2884
f 2991/1/2991 2740/1/2740 2801/1/2801
f 2884/1/2884 2742/1/2742 2885/1/2885
f 2802/1/2802 3082/1/3082 2741/1/2741
f 2741/1/2741 3024/1/3024 2803/1/2803
f 2803/1/2803 3024/1/3024 2805/1/2805
f 2921/1/2921 2804/1/2804 2886/1/2886
f 2807/1/2807 3026/1/3026 2808/1/2808
f 2705/1/2705 2924/1/2924 2839/1/2839
f 3002/1/3002 2811/1/2811 3003/1/3003
f 2841/1/2841 2811/1/2811 3002/1/3002
f 2810/1/2810 2840/1/2840 2842/1/2842
f 2843/1/2843 2887/1/2887 2812/1/2812
f 2930/1/2930 3030/1/3030 2813/1/2813
f 2889/1/2889 2844/1/2844 2843/1/2843
f 2812/1/2812 2890/1/2890 2843/1/2843
f 2890/1/2890 2889/1/2889 2843/1/2843
f 4031/1/4031 2891/1/2891 2812/1/2812
f 2930/1/2930 2813/1/2813 2888/1/2888
f 2844/1/2844 2889/1/2889 2888/1/2888
f 2812/1/2812 2891/1/2891 2890/1/2890
f 2930/1/2930 2892/1/2892 2895/1/2895
f 2888/1/2888 2893/1/2893 2930/1/2930
f 2930/1/2930 2893/1/2893 2892/1/2892
f 2889/1/2889 2893/1/2893 2888/1/2888
f 2890/1/2890 2847/1/2847 2889/1/2889
f 2891/1/2891 2846/1/2846 2890/1/2890
f 2894/1/2894 2892/1/2892 2893/1/2893
f 2847/1/2847 2893/1/2893 2889/1/2889
f 2890/1/2890 2846/1/2846 2847/1/2847
f 2847/1/2847 2894/1/2894 2893/1/2893
f 2892/1/2892 2715/1/2715 2895/1/2895
f 2894/1/2894 2815/1/2815 2892/1/2892
f 2895/1/2895 2933/1/2933 2932/1/2932
f 2715/1/2715 2933/1/2933 2895/1/2895
f 2845/1/2845 2847/1/2847 2846/1/2846
f 2816/1/2816 2848/1/2848 2934/1/2934
f 2717/1/2717 3004/1/3004 2935/1/2935
f 2896/1/2896 2849/1/2849 2937/1/2937
f 2850/1/2850 2937/1/2937 2849/1/2849
f 2850/1/2850 2853/1/2853 2939/1/2939
f 2748/1/2748 2898/1/2898 2749/1/2749
f 2899/1/2899 2855/1/2855 2942/1/2942
f 2821/1/2821 2944/1/2944 2900/1/2900
f 3037/1/3037 2901/1/2901 3039/1/3039
f 2903/1/2903 2822/1/2822 2945/1/2945
f 2946/1/2946 2822/1/2822 2823/1/2823
f 2947/1/2947 2952/1/2952 3041/1/3041
f 2948/1/2948 2904/1/2904 2859/1/2859
f 2859/1/2859 2904/1/2904 2861/1/2861
f 2860/1/2860 2949/1/2949 2857/1/2857
f 2949/1/2949 2861/1/2861 2904/1/2904
f 2905/1/2905 2948/1/2948 2862/1/2862
f 2905/1/2905 2863/1/2863 2906/1/2906
f 2863/1/2863 2865/1/2865 2906/1/2906
f 3128/1/3128 2768/1/2768 3010/1/3010
f 2907/1/2907 2826/1/2826 2766/1/2766
f 2827/1/2827 2957/1/2957 2825/1/2825
f 2959/1/2959 2957/1/2957 2827/1/2827
f 3197/1/3197 2682/1/2682 2725/1/2725
f 2866/1/2866 2960/1/2960 2959/1/2959
f 2908/1/2908 2964/1/2964 2618/1/2618
f 2867/1/2867 2963/1/2963 2960/1/2960
f 2867/1/2867 2868/1/2868 2963/1/2963
f 2829/1/2829 2964/1/2964 3105/1/3105
f 2963/1/2963 2869/1/2869 2909/1/2909
f 2871/1/2871 2771/1/2771 2966/1/2966
f 2872/1/2872 2831/1/2831 3063/1/3063
f 2872/1/2872 2968/1/2968 2771/1/2771
f 2771/1/2771 2968/1/2968 2966/1/2966
f 3013/1/3013 2831/1/2831 2967/1/2967
f 2874/1/2874 2912/1/2912 2911/1/2911
f 2912/1/2912 2875/1/2875 2913/1/2913
f 2875/1/2875 2876/1/2876 2914/1/2914
f 3015/1/3015 2780/1/2780 3014/1/3014
f 2876/1/2876 2973/1/2973 2914/1/2914
f 2877/1/2877 2973/1/2973 2876/1/2876
f 2979/1/2979 2973/1/2973 2877/1/2877
f 2878/1/2878 2979/1/2979 2877/1/2877
f 2879/1/2879 2980/1/2980 2790/1/2790
f 2878/1/2878 2983/1/2983 2979/1/2979
f 2880/1/2880 2983/1/2983 2878/1/2878
f 2983/1/2983 2880/1/2880 2920/1/2920
f 2986/1/2986 2838/1/2838 2919/1/2919
f 2881/1/2881 2986/1/2986 2988/1/2988
f 2883/1/2883 2988/1/2988 2990/1/2990
f 2883/1/2883 2990/1/2990 2987/1/2987
f 2992/1/2992 2991/1/2991 2801/1/2801
f 2987/1/2987 2992/1/2992 2801/1/2801
f 3022/1/3022 2802/1/2802 2991/1/2991
f 2920/1/2920 2884/1/2884 2885/1/2885
f 3082/1/3082 2802/1/2802 3022/1/3022
f 3082/1/3082 3116/1/3116 2741/1/2741
f 2804/1/2804 2921/1/2921 2885/1/2885
f 2921/1/2921 2922/1/2922 2996/1/2996
f 2886/1/2886 2922/1/2922 2921/1/2921
f 2886/1/2886 2923/1/2923 2922/1/2922
f 2923/1/2923 2886/1/2886 2839/1/2839
f 3026/1/3026 2807/1/2807 2806/1/2806
f 2925/1/2925 2999/1/2999 2924/1/2924
f 2808/1/2808 3026/1/3026 2928/1/2928
f 2841/1/2841 2927/1/2927 2809/1/2809
f 2809/1/2809 2927/1/2927 2926/1/2926
f 3030/1/3030 2929/1/2929 2844/1/2844
f 2812/1/2812 3029/1/3029 2811/1/2811
f 2930/1/2930 3031/1/3031 3030/1/3030
f 2930/1/2930 2895/1/2895 3031/1/3031
f 2842/1/2842 3185/1/3185 2931/1/2931
f 2934/1/2934 2848/1/2848 2937/1/2937
f 2937/1/2937 3033/1/3033 2934/1/2934
f 2936/1/2936 3033/1/3033 2937/1/2937
f 2937/1/2937 2848/1/2848 2896/1/2896
f 2818/1/2818 2935/1/2935 3004/1/3004
f 2938/1/2938 2818/1/2818 3004/1/3004
f 2937/1/2937 2850/1/2850 2939/1/2939
f 2818/1/2818 2938/1/2938 2748/1/2748
f 2853/1/2853 2897/1/2897 3035/1/3035
f 2897/1/2897 2940/1/2940 3006/1/3006
f 2942/1/2942 2941/1/2941 2899/1/2899
f 2751/1/2751 2943/1/2943 2752/1/2752
f 2900/1/2900 2944/1/2944 3037/1/3037
f 2943/1/2943 2720/1/2720 2752/1/2752
f 2902/1/2902 2720/1/2720 3040/1/3040
f 2901/1/2901 2945/1/2945 3039/1/3039
f 3038/1/3038 2902/1/2902 3040/1/3040
f 2901/1/2901 2903/1/2903 2945/1/2945
f 2902/1/2902 3038/1/3038 2753/1/2753
f 3038/1/3038 3008/1/3008 2753/1/2753
f 2822/1/2822 2946/1/2946 2945/1/2945
f 3042/1/3042 2946/1/2946 2823/1/2823
f 3042/1/3042 2857/1/2857 3044/1/3044
f 2949/1/2949 2904/1/2904 2950/1/2950
f 2951/1/2951 2949/1/2949 2950/1/2950
f 2857/1/2857 2949/1/2949 2951/1/2951
f 3043/1/3043 2952/1/2952 2947/1/2947
f 2904/1/2904 2948/1/2948 2950/1/2950
f 2857/1/2857 2951/1/2951 2954/1/2954
f 3044/1/3044 2857/1/2857 2954/1/2954
f 2948/1/2948 3046/1/3046 2950/1/2950
f 2905/1/2905 2906/1/2906 2955/1/2955
f 2951/1/2951 2950/1/2950 2953/1/2953
f 2954/1/2954 2951/1/2951 2953/1/2953
f 2952/1/2952 3043/1/3043 3010/1/3010
f 2953/1/2953 2950/1/2950 3009/1/3009
f 2906/1/2906 2865/1/2865 2955/1/2955
f 2955/1/2955 2865/1/2865 2956/1/2956
f 3049/1/3049 2955/1/2955 2956/1/2956
f 2956/1/2956 2865/1/2865 2957/1/2957
f 2766/1/2766 3128/1/3128 2907/1/2907
f 2958/1/2958 2957/1/2957 2959/1/2959
f 3011/1/3011 2957/1/2957 2958/1/2958
f 2960/1/2960 2958/1/2958 2959/1/2959
f 2961/1/2961 2958/1/2958 2960/1/2960
f 2682/1/2682 3197/1/3197 2908/1/2908
f 2961/1/2961 2960/1/2960 2963/1/2963
f 2962/1/2962 2961/1/2961 2963/1/2963
f 3059/1/3059 2961/1/2961 2962/1/2962
f 3059/1/3059 2962/1/2962 3104/1/3104
f 2962/1/2962 2963/1/2963 2909/1/2909
f 3012/1/3012 2962/1/2962 2909/1/2909
f 3132/1/3132 2910/1/2910 2965/1/2965
f 2830/1/2830 2910/1/2910 2870/1/2870
f 2909/1/2909 2871/1/2871 2966/1/2966
f 2870/1/2870 3062/1/3062 2967/1/2967
f 2832/1/2832 2870/1/2870 2967/1/2967
f 3013/1/3013 3063/1/3063 2831/1/2831
f 2970/1/2970 2969/1/2969 2911/1/2911
f 2971/1/2971 2970/1/2970 2911/1/2911
f 2912/1/2912 2971/1/2971 2911/1/2911
f 2913/1/2913 2971/1/2971 2912/1/2912
f 2913/1/2913 2875/1/2875 2914/1/2914
f 2972/1/2972 2971/1/2971 2913/1/2913
f 2915/1/2915 2780/1/2780 3015/1/3015
f 2914/1/2914 2973/1/2973 2977/1/2977
f 2975/1/2975 2972/1/2972 2913/1/2913
f 2914/1/2914 2975/1/2975 2913/1/2913
f 3015/1/3015 2974/1/2974 2915/1/2915
f 2972/1/2972 2975/1/2975 3068/1/3068
f 2977/1/2977 2975/1/2975 2914/1/2914
f 2973/1/2973 2976/1/2976 2977/1/2977
f 3070/1/3070 2915/1/2915 2974/1/2974
f 2973/1/2973 2979/1/2979 2976/1/2976
f 2915/1/2915 3070/1/3070 2836/1/2836
f 3068/1/3068 2975/1/2975 3016/1/3016
f 2976/1/2976 3016/1/3016 2975/1/2975
f 2977/1/2977 2976/1/2976 2975/1/2975
f 2836/1/2836 3073/1/3073 2916/1/2916
f 3070/1/3070 3073/1/3073 2836/1/2836
f 2976/1/2976 2978/1/2978 3016/1/3016
f 3017/1/3017 3016/1/3016 2978/1/2978
f 3073/1/3073 2879/1/2879 2916/1/2916
f 3073/1/3073 2981/1/2981 2879/1/2879
f 2980/1/2980 2879/1/2879 2981/1/2981
f 2976/1/2976 2984/1/2984 2978/1/2978
f 2917/1/2917 2980/1/2980 2982/1/2982
f 2979/1/2979 2983/1/2983 2976/1/2976
f 2980/1/2980 2985/1/2985 2982/1/2982
f 2981/1/2981 2985/1/2985 2980/1/2980
f 2918/1/2918 2917/1/2917 2982/1/2982
f 2993/1/2993 2984/1/2984 2976/1/2976
f 2983/1/2983 2993/1/2993 2976/1/2976
f 2982/1/2982 3076/1/3076 2918/1/2918
f 3018/1/3018 3019/1/3019 2986/1/2986
f 2918/1/2918 3076/1/3076 2919/1/2919
f 2983/1/2983 2995/1/2995 2993/1/2993
f 2983/1/2983 2920/1/2920 2995/1/2995
f 2986/1/2986 3019/1/3019 2988/1/2988
f 2919/1/2919 3018/1/3018 2986/1/2986
f 3076/1/3076 3018/1/3018 2919/1/2919
f 2990/1/2990 3079/1/3079 2987/1/2987
f 2988/1/2988 3078/1/3078 2990/1/2990
f 2987/1/2987 3079/1/3079 2992/1/2992
f 2992/1/2992 3020/1/3020 2991/1/2991
f 2984/1/2984 2994/1/2994 2989/1/2989
f 2993/1/2993 2994/1/2994 2984/1/2984
f 2920/1/2920 2885/1/2885 2995/1/2995
f 2741/1/2741 3116/1/3116 3024/1/3024
f 2994/1/2994 2996/1/2996 2997/1/2997
f 2993/1/2993 2996/1/2996 2994/1/2994
f 2995/1/2995 2996/1/2996 2993/1/2993
f 2885/1/2885 2921/1/2921 2995/1/2995
f 2995/1/2995 2921/1/2921 2996/1/2996
f 2996/1/2996 2922/1/2922 2997/1/2997
f 2922/1/2922 2923/1/2923 2997/1/2997
f 2923/1/2923 3088/1/3088 2997/1/2997
f 2805/1/2805 3026/1/3026 2806/1/2806
f 3000/1/3000 2927/1/2927 2998/1/2998
f 2999/1/2999 2925/1/2925 3000/1/3000
f 2839/1/2839 2924/1/2924 2999/1/2999
f 3002/1/3002 3001/1/3001 2998/1/2998
f 2925/1/2925 2926/1/2926 3000/1/3000
f 2927/1/2927 3002/1/3002 2998/1/2998
f 3000/1/3000 2926/1/2926 2927/1/2927
f 2927/1/2927 2841/1/2841 3002/1/3002
f 3003/1/3003 3092/1/3092 3002/1/3002
f 3029/1/3029 3003/1/3003 2811/1/2811
f 2929/1/2929 3030/1/3030 3093/1/3093
f 2887/1/2887 2929/1/2929 3093/1/3093
f 2887/1/2887 3093/1/3093 3094/1/3094
f 2812/1/2812 2887/1/2887 3094/1/3094
f 2840/1/2840 3185/1/3185 2842/1/2842
f 2931/1/2931 3185/1/3185 3032/1/3032
f 2895/1/2895 2932/1/2932 3031/1/3031
f 3118/1/3118 2932/1/2932 2933/1/2933
f 2931/1/2931 3032/1/3032 2717/1/2717
f 3118/1/3118 2933/1/2933 2934/1/2934
f 2936/1/2936 2937/1/2937 3005/1/3005
f 2937/1/2937 2939/1/2939 3005/1/3005
f 2853/1/2853 3035/1/3035 2939/1/2939
f 2897/1/2897 3006/1/3006 3035/1/3035
f 2940/1/2940 3097/1/3097 3006/1/3006
f 2940/1/2940 3007/1/3007 3097/1/3097
f 3099/1/3099 3100/1/3100 2898/1/2898
f 3169/1/3169 2898/1/2898 3100/1/3100
f 2898/1/2898 3169/1/3169 2751/1/2751
f 2942/1/2942 2821/1/2821 3121/1/3121
f 3169/1/3169 2943/1/2943 2751/1/2751
f 2821/1/2821 2900/1/2900 3121/1/3121
f 2753/1/2753 3008/1/3008 3041/1/3041
f 2948/1/2948 2905/1/2905 3045/1/3045
f 2905/1/2905 2955/1/2955 3045/1/3045
f 2955/1/2955 3049/1/3049 3045/1/3045
f 3009/1/3009 2950/1/2950 3046/1/3046
f 3009/1/3009 3048/1/3048 2953/1/2953
f 2954/1/2954 2953/1/2953 3048/1/3048
f 2956/1/2956 3054/1/3054 3049/1/3049
f 2956/1/2956 2957/1/2957 3054/1/3054
f 3054/1/3054 2957/1/2957 3011/1/3011
f 2725/1/2725 2907/1/2907 3197/1/3197
f 2961/1/2961 3056/1/3056 2958/1/2958
f 2958/1/2958 3056/1/3056 3011/1/3011
f 3104/1/3104 2962/1/2962 3012/1/3012
f 2909/1/2909 2966/1/2966 3106/1/3106
f 2909/1/2909 3106/1/3106 3012/1/3012
f 2870/1/2870 2910/1/2910 3062/1/3062
f 2966/1/2966 2968/1/2968 3202/1/3202
f 2968/1/2968 2872/1/2872 3202/1/3202
f 2969/1/2969 3109/1/3109 3014/1/3014
f 3064/1/3064 2970/1/2970 2971/1/2971
f 3014/1/3014 3108/1/3108 3015/1/3015
f 2971/1/2971 3065/1/3065 3064/1/3064
f 2972/1/2972 3065/1/3065 2971/1/2971
f 3068/1/3068 3065/1/3065 2972/1/2972
f 3068/1/3068 3016/1/3016 3069/1/3069
f 2978/1/2978 2984/1/2984 3075/1/3075
f 3075/1/3075 2989/1/2989 3021/1/3021
f 3075/1/3075 2984/1/2984 2989/1/2989
f 3019/1/3019 3078/1/3078 2988/1/2988
f 2989/1/2989 2994/1/2994 3021/1/3021
f 3080/1/3080 3079/1/3079 2990/1/2990
f 3022/1/3022 2991/1/2991 3020/1/3020
f 3021/1/3021 2994/1/2994 3023/1/3023
f 2994/1/2994 2997/1/2997 3023/1/3023
f 3024/1/3024 3245/1/3245 2805/1/2805
f 2997/1/2997 3088/1/3088 3025/1/3025
f 2923/1/2923 2839/1/2839 3088/1/3088
f 2999/1/2999 3088/1/3088 2839/1/2839
f 3000/1/3000 2998/1/2998 3027/1/3027
f 3000/1/3000 3027/1/3027 3028/1/3028
f 3000/1/3000 3028/1/3028 2999/1/2999
f 2998/1/2998 3001/1/3001 3027/1/3027
f 3092/1/3092 3001/1/3001 3002/1/3002
f 3253/1/3253 2928/1/2928 3026/1/3026
f 3092/1/3092 3003/1/3003 3095/1/3095
f 3003/1/3003 3029/1/3029 3095/1/3095
f 3094/1/3094 3029/1/3029 2812/1/2812
f 3118/1/3118 2934/1/2934 3033/1/3033
f 2717/1/2717 3032/1/3032 3004/1/3004
f 3033/1/3033 2936/1/2936 3119/1/3119
f 3119/1/3119 2936/1/2936 3187/1/3187
f 3187/1/3187 2936/1/2936 3005/1/3005
f 2939/1/2939 3035/1/3035 3034/1/3034
f 2939/1/2939 3034/1/3034 3005/1/3005
f 3006/1/3006 3036/1/3036 3035/1/3035
f 3006/1/3006 3097/1/3097 3036/1/3036
f 3167/1/3167 2898/1/2898 2748/1/2748
f 3097/1/3097 3007/1/3007 3098/1/3098
f 3098/1/3098 3007/1/3007 2941/1/2941
f 2941/1/2941 2942/1/2942 3168/1/3168
f 3168/1/3168 2942/1/2942 3121/1/3121
f 2900/1/2900 3037/1/3037 3192/1/3192
f 2943/1/2943 3040/1/3040 2720/1/2720
f 3038/1/3038 3040/1/3040 3171/1/3171
f 2948/1/2948 3045/1/3045 3046/1/3046
f 3125/1/3125 3044/1/3044 2954/1/2954
f 3010/1/3010 3043/1/3043 3102/1/3102
f 3048/1/3048 3047/1/3047 2954/1/2954
f 3046/1/3046 3045/1/3045 3053/1/3053
f 3125/1/3125 2954/1/2954 3047/1/3047
f 3051/1/3051 3046/1/3046 3053/1/3053
f 3270/1/3270 3010/1/3010 3102/1/3102
f 3045/1/3045 3049/1/3049 3053/1/3053
f 3050/1/3050 3009/1/3009 3046/1/3046
f 3050/1/3050 3046/1/3046 3051/1/3051
f 3009/1/3009 3050/1/3050 3048/1/3048
f 3048/1/3048 3050/1/3050 3052/1/3052
f 3050/1/3050 3051/1/3051 3057/1/3057
f 3053/1/3053 3049/1/3049 3054/1/3054
f 3051/1/3051 3053/1/3053 3056/1/3056
f 3050/1/3050 3057/1/3057 3052/1/3052
f 3053/1/3053 3054/1/3054 3011/1/3011
f 3128/1/3128 3055/1/3055 2907/1/2907
f 3052/1/3052 3057/1/3057 3058/1/3058
f 3058/1/3058 3103/1/3103 3052/1/3052
f 3056/1/3056 3053/1/3053 3011/1/3011
f 3051/1/3051 3056/1/3056 3061/1/3061
f 3057/1/3057 3051/1/3051 3061/1/3061
f 3058/1/3058 3057/1/3057 3060/1/3060
f 3059/1/3059 3056/1/3056 2961/1/2961
f 3057/1/3057 3061/1/3061 3060/1/3060
f 3061/1/3061 3056/1/3056 3059/1/3059
f 3060/1/3060 3061/1/3061 3104/1/3104
f 3104/1/3104 3061/1/3061 3059/1/3059
f 3104/1/3104 3012/1/3012 3106/1/3106
f 3013/1/3013 2967/1/2967 3203/1/3203
f 3203/1/3203 3063/1/3063 3013/1/3013
f 3202/1/3202 2872/1/2872 3107/1/3107
f 3107/1/3107 2872/1/2872 3063/1/3063
f 3109/1/3109 3108/1/3108 3014/1/3014
f 2969/1/2969 3135/1/3135 3109/1/3109
f 2970/1/2970 3135/1/3135 2969/1/2969
f 3064/1/3064 3141/1/3141 2970/1/2970
f 3108/1/3108 3066/1/3066 3015/1/3015
f 3067/1/3067 3141/1/3141 3064/1/3064
f 3065/1/3065 3067/1/3067 3064/1/3064
f 3015/1/3015 3066/1/3066 2974/1/2974
f 2974/1/2974 3066/1/3066 3113/1/3113
f 3111/1/3111 3067/1/3067 3065/1/3065
f 3068/1/3068 3111/1/3111 3065/1/3065
f 2974/1/2974 3113/1/3113 3070/1/3070
f 3178/1/3178 3069/1/3069 3016/1/3016
f 3178/1/3178 3016/1/3016 3071/1/3071
f 3016/1/3016 3017/1/3017 3071/1/3071
f 2978/1/2978 3075/1/3075 3017/1/3017
f 3070/1/3070 3072/1/3072 3073/1/3073
f 3017/1/3017 3075/1/3075 3074/1/3074
f 3073/1/3073 3114/1/3114 2981/1/2981
f 3075/1/3075 3148/1/3148 3074/1/3074
f 3114/1/3114 3149/1/3149 2981/1/2981
f 2981/1/2981 3149/1/3149 2985/1/2985
f 3075/1/3075 3021/1/3021 3148/1/3148
f 3150/1/3150 2982/1/2982 2985/1/2985
f 3076/1/3076 2982/1/2982 3115/1/3115
f 2982/1/2982 3150/1/3150 3115/1/3115
f 3148/1/3148 3021/1/3021 3077/1/3077
f 3078/1/3078 3019/1/3019 3154/1/3154
f 3151/1/3151 3154/1/3154 3019/1/3019
f 3018/1/3018 3152/1/3152 3019/1/3019
f 3019/1/3019 3152/1/3152 3151/1/3151
f 3076/1/3076 3152/1/3152 3018/1/3018
f 3078/1/3078 3156/1/3156 2990/1/2990
f 3154/1/3154 3156/1/3156 3078/1/3078
f 3021/1/3021 3023/1/3023 3077/1/3077
f 3020/1/3020 3082/1/3082 3022/1/3022
f 3023/1/3023 3081/1/3081 3077/1/3077
f 3081/1/3081 3083/1/3083 3181/1/3181
f 3085/1/3085 3081/1/3081 3023/1/3023
f 3085/1/3085 3084/1/3084 3081/1/3081
f 3081/1/3081 3084/1/3084 3083/1/3083
f 3023/1/3023 2997/1/2997 3025/1/3025
f 3023/1/3023 3025/1/3025 3085/1/3085
f 3085/1/3085 3087/1/3087 3084/1/3084
f 2805/1/2805 3245/1/3245 3246/1/3246
f 3083/1/3083 3084/1/3084 3086/1/3086
f 3084/1/3084 3090/1/3090 3086/1/3086
f 3088/1/3088 3085/1/3085 3025/1/3025
f 2805/1/2805 3246/1/3246 3026/1/3026
f 3087/1/3087 3090/1/3090 3084/1/3084
f 3088/1/3088 3087/1/3087 3085/1/3085
f 3090/1/3090 3027/1/3027 3086/1/3086
f 3087/1/3087 3028/1/3028 3090/1/3090
f 3088/1/3088 2999/1/2999 3028/1/3028
f 3088/1/3088 3028/1/3028 3087/1/3087
f 3027/1/3027 3001/1/3001 3089/1/3089
f 3028/1/3028 3027/1/3027 3090/1/3090
f 3001/1/3001 3092/1/3092 3091/1/3091
f 3094/1/3094 3095/1/3095 3029/1/3029
f 3093/1/3093 3030/1/3030 3117/1/3117
f 3030/1/3030 3031/1/3031 3096/1/3096
f 3096/1/3096 3117/1/3117 3030/1/3030
f 3031/1/3031 2932/1/2932 3165/1/3165
f 3165/1/3165 2932/1/2932 3118/1/3118
f 3185/1/3185 3260/1/3260 3032/1/3032
f 3118/1/3118 3033/1/3033 3119/1/3119
f 3005/1/3005 3034/1/3034 3187/1/3187
f 3034/1/3034 3035/1/3035 3166/1/3166
f 3036/1/3036 3097/1/3097 3166/1/3166
f 3035/1/3035 3036/1/3036 3166/1/3166
f 3263/1/3263 3167/1/3167 2748/1/2748
f 3167/1/3167 3099/1/3099 2898/1/2898
f 3098/1/3098 2941/1/2941 3190/1/3190
f 3190/1/3190 2941/1/2941 3168/1/3168
f 3169/1/3169 3170/1/3170 2943/1/2943
f 3121/1/3121 2900/1/2900 3192/1/3192
f 3037/1/3037 3039/1/3039 3122/1/3122
f 3122/1/3122 3039/1/3039 3267/1/3267
f 3039/1/3039 2945/1/2945 3267/1/3267
f 3008/1/3008 3038/1/3038 3291/1/3291
f 2945/1/2945 2946/1/2946 3123/1/3123
f 2946/1/2946 3042/1/3042 3123/1/3123
f 3041/1/3041 3124/1/3124 2947/1/2947
f 3042/1/3042 3044/1/3044 3101/1/3101
f 3101/1/3101 3044/1/3044 3125/1/3125
f 3048/1/3048 3052/1/3052 3047/1/3047
f 3047/1/3047 3052/1/3052 3103/1/3103
f 3058/1/3058 3130/1/3130 3103/1/3103
f 3058/1/3058 3060/1/3060 3131/1/3131
f 3058/1/3058 3131/1/3131 3130/1/3130
f 2908/1/2908 3172/1/3172 2964/1/2964
f 3172/1/3172 3173/1/3173 2964/1/2964
f 3060/1/3060 3104/1/3104 3131/1/3131
f 3104/1/3104 3106/1/3106 3174/1/3174
f 3106/1/3106 2966/1/2966 3133/1/3133
f 2966/1/2966 3202/1/3202 3133/1/3133
f 3203/1/3203 3273/1/3273 3107/1/3107
f 3107/1/3107 3063/1/3063 3203/1/3203
f 3135/1/3135 3110/1/3110 3109/1/3109
f 3109/1/3109 3110/1/3110 3108/1/3108
f 2970/1/2970 3140/1/3140 3135/1/3135
f 3141/1/3141 3140/1/3140 2970/1/2970
f 3069/1/3069 3112/1/3112 3204/1/3204
f 3068/1/3068 3069/1/3069 3111/1/3111
f 3070/1/3070 3113/1/3113 3072/1/3072
f 3145/1/3145 3071/1/3071 3017/1/3017
f 3017/1/3017 3074/1/3074 3145/1/3145
f 3073/1/3073 3072/1/3072 3114/1/3114
f 3148/1/3148 3180/1/3180 3074/1/3074
f 3147/1/3147 2985/1/2985 3149/1/3149
f 3115/1/3115 3152/1/3152 3076/1/3076
f 2992/1/2992 3079/1/3079 3080/1/3080
f 2990/1/2990 3156/1/3156 3080/1/3080
f 3020/1/3020 2992/1/2992 3182/1/3182
f 3080/1/3080 3182/1/3182 2992/1/2992
f 3182/1/3182 3159/1/3159 3020/1/3020
f 3181/1/3181 3077/1/3077 3081/1/3081
f 3082/1/3082 3020/1/3020 3239/1/3239
f 3024/1/3024 3116/1/3116 3160/1/3160
f 3083/1/3083 3161/1/3161 3181/1/3181
f 3160/1/3160 3245/1/3245 3024/1/3024
f 3244/1/3244 3086/1/3086 3027/1/3027
f 3026/1/3026 3246/1/3246 3283/1/3283
f 3163/1/3163 3089/1/3089 3001/1/3001
f 3163/1/3163 3001/1/3001 3091/1/3091
f 3183/1/3183 3163/1/3163 3091/1/3091
f 3253/1/3253 3026/1/3026 3283/1/3283
f 3091/1/3091 3092/1/3092 3183/1/3183
f 3095/1/3095 3183/1/3183 3092/1/3092
f 2840/1/2840 2928/1/2928 3185/1/3185
f 3184/1/3184 3185/1/3185 2928/1/2928
f 3031/1/3031 3165/1/3165 3096/1/3096
f 3032/1/3032 3259/1/3259 3004/1/3004
f 3004/1/3004 3259/1/3259 2938/1/2938
f 2938/1/2938 3263/1/3263 2748/1/2748
f 3120/1/3120 3100/1/3100 3099/1/3099
f 2943/1/2943 3171/1/3171 3040/1/3040
f 3037/1/3037 3382/1/3382 3192/1/3192
f 3008/1/3008 3124/1/3124 3041/1/3041
f 3101/1/3101 3123/1/3123 3042/1/3042
f 3124/1/3124 3043/1/3043 2947/1/2947
f 3047/1/3047 3127/1/3127 3125/1/3125
f 3127/1/3127 3126/1/3126 3125/1/3125
f 3103/1/3103 3129/1/3129 3047/1/3047
f 3127/1/3127 3047/1/3047 3129/1/3129
f 3010/1/3010 3270/1/3270 3128/1/3128
f 3129/1/3129 3103/1/3103 3199/1/3199
f 3197/1/3197 2907/1/2907 3055/1/3055
f 3199/1/3199 3103/1/3103 3130/1/3130
f 2908/1/2908 3197/1/3197 3172/1/3172
f 3131/1/3131 3199/1/3199 3130/1/3130
f 2964/1/2964 3360/1/3360 3105/1/3105
f 3131/1/3131 3104/1/3104 3174/1/3174
f 3175/1/3175 3174/1/3174 3106/1/3106
f 2910/1/2910 3132/1/3132 3296/1/3296
f 3062/1/3062 3134/1/3134 2967/1/2967
f 3134/1/3134 3203/1/3203 2967/1/2967
f 3136/1/3136 3108/1/3108 3110/1/3110
f 3066/1/3066 3108/1/3108 3136/1/3136
f 3110/1/3110 3139/1/3139 3136/1/3136
f 3135/1/3135 3139/1/3139 3110/1/3110
f 3140/1/3140 3139/1/3139 3135/1/3135
f 3066/1/3066 3136/1/3136 3138/1/3138
f 3137/1/3137 3138/1/3138 3136/1/3136
f 3139/1/3139 3137/1/3137 3136/1/3136
f 3141/1/3141 3176/1/3176 3140/1/3140
f 3067/1/3067 3177/1/3177 3141/1/3141
f 3067/1/3067 3111/1/3111 3177/1/3177
f 3111/1/3111 3069/1/3069 3204/1/3204
f 3113/1/3113 3066/1/3066 3138/1/3138
f 3113/1/3113 3138/1/3138 3142/1/3142
f 3137/1/3137 3142/1/3142 3138/1/3138
f 3071/1/3071 3143/1/3143 3178/1/3178
f 3072/1/3072 3113/1/3113 3144/1/3144
f 3142/1/3142 3144/1/3144 3113/1/3113
f 3071/1/3071 3145/1/3145 3143/1/3143
f 3146/1/3146 3072/1/3072 3144/1/3144
f 3074/1/3074 3179/1/3179 3145/1/3145
f 3114/1/3114 3072/1/3072 3146/1/3146
f 3074/1/3074 3180/1/3180 3179/1/3179
f 3146/1/3146 3224/1/3224 3114/1/3114
f 3150/1/3150 2985/1/2985 3147/1/3147
f 3114/1/3114 3155/1/3155 3149/1/3149
f 3224/1/3224 3155/1/3155 3114/1/3114
f 3155/1/3155 3147/1/3147 3149/1/3149
f 3148/1/3148 3077/1/3077 3158/1/3158
f 3151/1/3151 3157/1/3157 3154/1/3154
f 3152/1/3152 3157/1/3157 3151/1/3151
f 3153/1/3153 3152/1/3152 3115/1/3115
f 3157/1/3157 3156/1/3156 3154/1/3154
f 3153/1/3153 3157/1/3157 3152/1/3152
f 3077/1/3077 3181/1/3181 3158/1/3158
f 3116/1/3116 3082/1/3082 3239/1/3239
f 3349/1/3349 3239/1/3239 3020/1/3020
f 3116/1/3116 3239/1/3239 3160/1/3160
f 3083/1/3083 3086/1/3086 3161/1/3161
f 3086/1/3086 3244/1/3244 3161/1/3161
f 3162/1/3162 3248/1/3248 3089/1/3089
f 3244/1/3244 3027/1/3027 3249/1/3249
f 3249/1/3249 3027/1/3027 3089/1/3089
f 3089/1/3089 3163/1/3163 3162/1/3162
f 3163/1/3163 3183/1/3183 3162/1/3162
f 3095/1/3095 3164/1/3164 3183/1/3183
f 3255/1/3255 3164/1/3164 3093/1/3093
f 3255/1/3255 3093/1/3093 3117/1/3117
f 3094/1/3094 3093/1/3093 3164/1/3164
f 3095/1/3095 3094/1/3094 3164/1/3164
f 3253/1/3253 3184/1/3184 2928/1/2928
f 3258/1/3258 3117/1/3117 3096/1/3096
f 3118/1/3118 3119/1/3119 3186/1/3186
f 3186/1/3186 3119/1/3119 3187/1/3187
f 3262/1/3262 3261/1/3261 3034/1/3034
f 3166/1/3166 3262/1/3262 3034/1/3034
f 3097/1/3097 3262/1/3262 3166/1/3166
f 3189/1/3189 3262/1/3262 3097/1/3097
f 3098/1/3098 3189/1/3189 3097/1/3097
f 3188/1/3188 3099/1/3099 3167/1/3167
f 3098/1/3098 3190/1/3190 3189/1/3189
f 3171/1/3171 2943/1/2943 3266/1/3266
f 3122/1/3122 3382/1/3382 3037/1/3037
f 3193/1/3193 3038/1/3038 3171/1/3171
f 3193/1/3193 3291/1/3291 3038/1/3038
f 3267/1/3267 2945/1/2945 3194/1/3194
f 3194/1/3194 2945/1/2945 3123/1/3123
f 3125/1/3125 3269/1/3269 3101/1/3101
f 3269/1/3269 3125/1/3125 3126/1/3126
f 3128/1/3128 3294/1/3294 3055/1/3055
f 3129/1/3129 3199/1/3199 3196/1/3196
f 3173/1/3173 3360/1/3360 2964/1/2964
f 3105/1/3105 3360/1/3360 3132/1/3132
f 3106/1/3106 3133/1/3133 3175/1/3175
f 2910/1/2910 3296/1/3296 3062/1/3062
f 3133/1/3133 3202/1/3202 3346/1/3346
f 3201/1/3201 3202/1/3202 3107/1/3107
f 3140/1/3140 3176/1/3176 3139/1/3139
f 3177/1/3177 3176/1/3176 3141/1/3141
f 3137/1/3137 3139/1/3139 3209/1/3209
f 3139/1/3139 3206/1/3206 3209/1/3209
f 3205/1/3205 3177/1/3177 3111/1/3111
f 3205/1/3205 3111/1/3111 3204/1/3204
f 3112/1/3112 3178/1/3178 3207/1/3207
f 3209/1/3209 3208/1/3208 3137/1/3137
f 3210/1/3210 3178/1/3178 3143/1/3143
f 3208/1/3208 3142/1/3142 3137/1/3137
f 3179/1/3179 3143/1/3143 3145/1/3145
f 3142/1/3142 3214/1/3214 3144/1/3144
f 3144/1/3144 3220/1/3220 3146/1/3146
f 3219/1/3219 3146/1/3146 3220/1/3220
f 3146/1/3146 3219/1/3219 3224/1/3224
f 3150/1/3150 3314/1/3314 3229/1/3229
f 3147/1/3147 3314/1/3314 3150/1/3150
f 3224/1/3224 3232/1/3232 3155/1/3155
f 3229/1/3229 3115/1/3115 3150/1/3150
f 3155/1/3155 3232/1/3232 3147/1/3147
f 3080/1/3080 3156/1/3156 3182/1/3182
f 3020/1/3020 3159/1/3159 3349/1/3349
f 3245/1/3245 3160/1/3160 3241/1/3241
f 3089/1/3089 3248/1/3248 3249/1/3249
f 3162/1/3162 3252/1/3252 3248/1/3248
f 3162/1/3162 3183/1/3183 3252/1/3252
f 3183/1/3183 3255/1/3255 3252/1/3252
f 3183/1/3183 3164/1/3164 3255/1/3255
f 3256/1/3256 3255/1/3255 3117/1/3117
f 3256/1/3256 3117/1/3117 3258/1/3258
f 3257/1/3257 3185/1/3185 3184/1/3184
f 3289/1/3289 3185/1/3185 3257/1/3257
f 3118/1/3118 3186/1/3186 3165/1/3165
f 3260/1/3260 3259/1/3259 3032/1/3032
f 3034/1/3034 3261/1/3261 3187/1/3187
f 3167/1/3167 3263/1/3263 3188/1/3188
f 3188/1/3188 3120/1/3120 3099/1/3099
f 3189/1/3189 3190/1/3190 3264/1/3264
f 3120/1/3120 3381/1/3381 3100/1/3100
f 3190/1/3190 3168/1/3168 3191/1/3191
f 3381/1/3381 3169/1/3169 3100/1/3100
f 3169/1/3169 3357/1/3357 3170/1/3170
f 3168/1/3168 3121/1/3121 3191/1/3191
f 3170/1/3170 3265/1/3265 2943/1/2943
f 3124/1/3124 3443/1/3443 3043/1/3043
f 3101/1/3101 3405/1/3405 3123/1/3123
f 3269/1/3269 3405/1/3405 3101/1/3101
f 3127/1/3127 3195/1/3195 3126/1/3126
f 3293/1/3293 3195/1/3195 3127/1/3127
f 3129/1/3129 3293/1/3293 3127/1/3127
f 3293/1/3293 3129/1/3129 3196/1/3196
f 3343/1/3343 3196/1/3196 3199/1/3199
f 3272/1/3272 3343/1/3343 3199/1/3199
f 3199/1/3199 3131/1/3131 3272/1/3272
f 3131/1/3131 3174/1/3174 3272/1/3272
f 3272/1/3272 3174/1/3174 3271/1/3271
f 3271/1/3271 3174/1/3174 3175/1/3175
f 3133/1/3133 3200/1/3200 3175/1/3175
f 3134/1/3134 3062/1/3062 3297/1/3297
f 3362/1/3362 3203/1/3203 3134/1/3134
f 3273/1/3273 3201/1/3201 3107/1/3107
f 3273/1/3273 3203/1/3203 3362/1/3362
f 3139/1/3139 3176/1/3176 3206/1/3206
f 3177/1/3177 3300/1/3300 3176/1/3176
f 3178/1/3178 3301/1/3301 3207/1/3207
f 3206/1/3206 3211/1/3211 3209/1/3209
f 3176/1/3176 3211/1/3211 3206/1/3206
f 3211/1/3211 3176/1/3176 3302/1/3302
f 3301/1/3301 3178/1/3178 3210/1/3210
f 3209/1/3209 3211/1/3211 3208/1/3208
f 3212/1/3212 3210/1/3210 3143/1/3143
f 3211/1/3211 3215/1/3215 3208/1/3208
f 3143/1/3143 3179/1/3179 3212/1/3212
f 3142/1/3142 3208/1/3208 3214/1/3214
f 3215/1/3215 3214/1/3214 3208/1/3208
f 3179/1/3179 3218/1/3218 3212/1/3212
f 3212/1/3212 3218/1/3218 3217/1/3217
f 3215/1/3215 3216/1/3216 3214/1/3214
f 3144/1/3144 3214/1/3214 3220/1/3220
f 3216/1/3216 3220/1/3220 3214/1/3214
f 3218/1/3218 3277/1/3277 3217/1/3217
f 3180/1/3180 3218/1/3218 3179/1/3179
f 3216/1/3216 3222/1/3222 3220/1/3220
f 3218/1/3218 3226/1/3226 3277/1/3277
f 3180/1/3180 3148/1/3148 3218/1/3218
f 3220/1/3220 3225/1/3225 3219/1/3219
f 3222/1/3222 3225/1/3225 3220/1/3220
f 3221/1/3221 3277/1/3277 3228/1/3228
f 3218/1/3218 3223/1/3223 3226/1/3226
f 3224/1/3224 3219/1/3219 3225/1/3225
f 3222/1/3222 3240/1/3240 3225/1/3225
f 3277/1/3277 3226/1/3226 3228/1/3228
f 3148/1/3148 3158/1/3158 3218/1/3218
f 3227/1/3227 3240/1/3240 3222/1/3222
f 3225/1/3225 3232/1/3232 3224/1/3224
f 3226/1/3226 3238/1/3238 3228/1/3228
f 3218/1/3218 3158/1/3158 3223/1/3223
f 3313/1/3313 3115/1/3115 3229/1/3229
f 3231/1/3231 3240/1/3240 3227/1/3227
f 3234/1/3234 3231/1/3231 3227/1/3227
f 3313/1/3313 3153/1/3153 3115/1/3115
f 3147/1/3147 3230/1/3230 3314/1/3314
f 3232/1/3232 3230/1/3230 3147/1/3147
f 3240/1/3240 3243/1/3243 3225/1/3225
f 3317/1/3317 3157/1/3157 3153/1/3153
f 3313/1/3313 3317/1/3317 3153/1/3153
f 3233/1/3233 3232/1/3232 3225/1/3225
f 3223/1/3223 3238/1/3238 3226/1/3226
f 3156/1/3156 3157/1/3157 3318/1/3318
f 3243/1/3243 3233/1/3233 3225/1/3225
f 3181/1/3181 3223/1/3223 3158/1/3158
f 3156/1/3156 3235/1/3235 3182/1/3182
f 3235/1/3235 3156/1/3156 3318/1/3318
f 3157/1/3157 3317/1/3317 3318/1/3318
f 3228/1/3228 3238/1/3238 3279/1/3279
f 3181/1/3181 3161/1/3161 3223/1/3223
f 3182/1/3182 3236/1/3236 3159/1/3159
f 3235/1/3235 3236/1/3236 3182/1/3182
f 3233/1/3233 3243/1/3243 3237/1/3237
f 3161/1/3161 3238/1/3238 3223/1/3223
f 3239/1/3239 3349/1/3349 3319/1/3319
f 3236/1/3236 3349/1/3349 3159/1/3159
f 3281/1/3281 3231/1/3231 3234/1/3234
f 3238/1/3238 3242/1/3242 3279/1/3279
f 3247/1/3247 3237/1/3237 3243/1/3243
f 3251/1/3251 3243/1/3243 3240/1/3240
f 3242/1/3242 3281/1/3281 3279/1/3279
f 3161/1/3161 3244/1/3244 3238/1/3238
f 3231/1/3231 3251/1/3251 3240/1/3240
f 3241/1/3241 3160/1/3160 3239/1/3239
f 3238/1/3238 3244/1/3244 3242/1/3242
f 3245/1/3245 3241/1/3241 3250/1/3250
f 3281/1/3281 3251/1/3251 3231/1/3231
f 3242/1/3242 3251/1/3251 3281/1/3281
f 3244/1/3244 3249/1/3249 3242/1/3242
f 3251/1/3251 3247/1/3247 3243/1/3243
f 3246/1/3246 3245/1/3245 3250/1/3250
f 3242/1/3242 3248/1/3248 3251/1/3251
f 3242/1/3242 3249/1/3249 3248/1/3248
f 3250/1/3250 3283/1/3283 3246/1/3246
f 3251/1/3251 3282/1/3282 3247/1/3247
f 3248/1/3248 3252/1/3252 3251/1/3251
f 3251/1/3251 3252/1/3252 3282/1/3282
f 3252/1/3252 3284/1/3284 3282/1/3282
f 3283/1/3283 3285/1/3285 3253/1/3253
f 3284/1/3284 3255/1/3255 3254/1/3254
f 3252/1/3252 3255/1/3255 3284/1/3284
f 3254/1/3254 3255/1/3255 3286/1/3286
f 3287/1/3287 3253/1/3253 3285/1/3285
f 3255/1/3255 3256/1/3256 3286/1/3286
f 3253/1/3253 3287/1/3287 3184/1/3184
f 3287/1/3287 3257/1/3257 3184/1/3184
f 3165/1/3165 3327/1/3327 3258/1/3258
f 3165/1/3165 3258/1/3258 3096/1/3096
f 3185/1/3185 3289/1/3289 3260/1/3260
f 3187/1/3187 3290/1/3290 3186/1/3186
f 3290/1/3290 3187/1/3187 3332/1/3332
f 3356/1/3356 3259/1/3259 3260/1/3260
f 3332/1/3332 3187/1/3187 3261/1/3261
f 2938/1/2938 3259/1/3259 3356/1/3356
f 2938/1/2938 3356/1/3356 3263/1/3263
f 3191/1/3191 3264/1/3264 3190/1/3190
f 3357/1/3357 3169/1/3169 3381/1/3381
f 3401/1/3401 3191/1/3191 3121/1/3121
f 3192/1/3192 3401/1/3401 3121/1/3121
f 2943/1/2943 3265/1/3265 3266/1/3266
f 3193/1/3193 3171/1/3171 3266/1/3266
f 3122/1/3122 3403/1/3403 3382/1/3382
f 3122/1/3122 3267/1/3267 3403/1/3403
f 3291/1/3291 3339/1/3339 3008/1/3008
f 3194/1/3194 3123/1/3123 3340/1/3340
f 3341/1/3341 3102/1/3102 3043/1/3043
f 3292/1/3292 3270/1/3270 3102/1/3102
f 3269/1/3269 3126/1/3126 3195/1/3195
f 3200/1/3200 3271/1/3271 3175/1/3175
f 3296/1/3296 3297/1/3297 3062/1/3062
f 3200/1/3200 3133/1/3133 3346/1/3346
f 3134/1/3134 3297/1/3297 3362/1/3362
f 3298/1/3298 3204/1/3204 3299/1/3299
f 3177/1/3177 3298/1/3298 3300/1/3300
f 3205/1/3205 3298/1/3298 3177/1/3177
f 3298/1/3298 3205/1/3205 3204/1/3204
f 3176/1/3176 3300/1/3300 3302/1/3302
f 3303/1/3303 3211/1/3211 3302/1/3302
f 3301/1/3301 3212/1/3212 3305/1/3305
f 3301/1/3301 3210/1/3210 3212/1/3212
f 3303/1/3303 3213/1/3213 3211/1/3211
f 3211/1/3211 3213/1/3213 3306/1/3306
f 3211/1/3211 3306/1/3306 3215/1/3215
f 3215/1/3215 3306/1/3306 3274/1/3274
f 3217/1/3217 3305/1/3305 3212/1/3212
f 3217/1/3217 3275/1/3275 3305/1/3305
f 3274/1/3274 3216/1/3216 3215/1/3215
f 3275/1/3275 3217/1/3217 3309/1/3309
f 3309/1/3309 3217/1/3217 3277/1/3277
f 3221/1/3221 3309/1/3309 3277/1/3277
f 3276/1/3276 3222/1/3222 3216/1/3216
f 3227/1/3227 3222/1/3222 3310/1/3310
f 3228/1/3228 3315/1/3315 3221/1/3221
f 3227/1/3227 3310/1/3310 3234/1/3234
f 3364/1/3364 3313/1/3313 3229/1/3229
f 3232/1/3232 3233/1/3233 3278/1/3278
f 3279/1/3279 3315/1/3315 3228/1/3228
f 3233/1/3233 3280/1/3280 3278/1/3278
f 3234/1/3234 3312/1/3312 3281/1/3281
f 3237/1/3237 3280/1/3280 3233/1/3233
f 3279/1/3279 3281/1/3281 3316/1/3316
f 3247/1/3247 3280/1/3280 3237/1/3237
f 3239/1/3239 3319/1/3319 3241/1/3241
f 3247/1/3247 3282/1/3282 3324/1/3324
f 3283/1/3283 3352/1/3352 3285/1/3285
f 3288/1/3288 3256/1/3256 3258/1/3258
f 3327/1/3327 3290/1/3290 3330/1/3330
f 3165/1/3165 3186/1/3186 3327/1/3327
f 3186/1/3186 3290/1/3290 3327/1/3327
f 3379/1/3379 3260/1/3260 3289/1/3289
f 3332/1/3332 3261/1/3261 3331/1/3331
f 3261/1/3261 3262/1/3262 3331/1/3331
f 3262/1/3262 3189/1/3189 3338/1/3338
f 3189/1/3189 3264/1/3264 3338/1/3338
f 3358/1/3358 3191/1/3191 3401/1/3401
f 3357/1/3357 3265/1/3265 3170/1/3170
f 3401/1/3401 3192/1/3192 3382/1/3382
f 3291/1/3291 3193/1/3193 3402/1/3402
f 3267/1/3267 3194/1/3194 3383/1/3383
f 3008/1/3008 3339/1/3339 3124/1/3124
f 3268/1/3268 3340/1/3340 3123/1/3123
f 3124/1/3124 3384/1/3384 3443/1/3443
f 3123/1/3123 3405/1/3405 3268/1/3268
f 3443/1/3443 3341/1/3341 3043/1/3043
f 3102/1/3102 3341/1/3341 3292/1/3292
f 3293/1/3293 3386/1/3386 3195/1/3195
f 3128/1/3128 3359/1/3359 3294/1/3294
f 3196/1/3196 3342/1/3342 3293/1/3293
f 3197/1/3197 3198/1/3198 3172/1/3172
f 3196/1/3196 3343/1/3343 3408/1/3408
f 3271/1/3271 3343/1/3343 3272/1/3272
f 3132/1/3132 3345/1/3345 3296/1/3296
f 3295/1/3295 3271/1/3271 3200/1/3200
f 3201/1/3201 3346/1/3346 3202/1/3202
f 3362/1/3362 3363/1/3363 3273/1/3273
f 3302/1/3302 3300/1/3300 3304/1/3304
f 3298/1/3298 3301/1/3301 3300/1/3300
f 3207/1/3207 3301/1/3301 3298/1/3298
f 3301/1/3301 3305/1/3305 3304/1/3304
f 3301/1/3301 3304/1/3304 3300/1/3300
f 3304/1/3304 3303/1/3303 3302/1/3302
f 3303/1/3303 3308/1/3308 3213/1/3213
f 3305/1/3305 3275/1/3275 3304/1/3304
f 3308/1/3308 3306/1/3306 3213/1/3213
f 3304/1/3304 3309/1/3309 3303/1/3303
f 3275/1/3275 3309/1/3309 3304/1/3304
f 3303/1/3303 3309/1/3309 3308/1/3308
f 3306/1/3306 3307/1/3307 3274/1/3274
f 3308/1/3308 3307/1/3307 3306/1/3306
f 3276/1/3276 3216/1/3216 3274/1/3274
f 3309/1/3309 3311/1/3311 3308/1/3308
f 3274/1/3274 3307/1/3307 3276/1/3276
f 3307/1/3307 3312/1/3312 3276/1/3276
f 3309/1/3309 3221/1/3221 3311/1/3311
f 3222/1/3222 3276/1/3276 3310/1/3310
f 3312/1/3312 3310/1/3310 3276/1/3276
f 3308/1/3308 3312/1/3312 3307/1/3307
f 3221/1/3221 3315/1/3315 3311/1/3311
f 3311/1/3311 3316/1/3316 3308/1/3308
f 3308/1/3308 3316/1/3316 3312/1/3312
f 3229/1/3229 3314/1/3314 3364/1/3364
f 3312/1/3312 3234/1/3234 3310/1/3310
f 3315/1/3315 3316/1/3316 3311/1/3311
f 3232/1/3232 3278/1/3278 3230/1/3230
f 3278/1/3278 3348/1/3348 3230/1/3230
f 3314/1/3314 3230/1/3230 3348/1/3348
f 3347/1/3347 3317/1/3317 3313/1/3313
f 3370/1/3370 3348/1/3348 3278/1/3278
f 3279/1/3279 3316/1/3316 3315/1/3315
f 3235/1/3235 3372/1/3372 3236/1/3236
f 3280/1/3280 3370/1/3370 3278/1/3278
f 3318/1/3318 3369/1/3369 3235/1/3235
f 3367/1/3367 3369/1/3369 3318/1/3318
f 3317/1/3317 3367/1/3367 3318/1/3318
f 3312/1/3312 3316/1/3316 3281/1/3281
f 3241/1/3241 3319/1/3319 3321/1/3321
f 3349/1/3349 3321/1/3321 3319/1/3319
f 3320/1/3320 3349/1/3349 3236/1/3236
f 3280/1/3280 3374/1/3374 3370/1/3370
f 3247/1/3247 3322/1/3322 3280/1/3280
f 3280/1/3280 3322/1/3322 3374/1/3374
f 3250/1/3250 3241/1/3241 3323/1/3323
f 3321/1/3321 3323/1/3323 3241/1/3241
f 3322/1/3322 3247/1/3247 3324/1/3324
f 3350/1/3350 3283/1/3283 3250/1/3250
f 3284/1/3284 3351/1/3351 3282/1/3282
f 3254/1/3254 3325/1/3325 3284/1/3284
f 3325/1/3325 3254/1/3254 3286/1/3286
f 3325/1/3325 3286/1/3286 3256/1/3256
f 3326/1/3326 3256/1/3256 3288/1/3288
f 3287/1/3287 3430/1/3430 3354/1/3354
f 3287/1/3287 3354/1/3354 3257/1/3257
f 3288/1/3288 3327/1/3327 3353/1/3353
f 3258/1/3258 3327/1/3327 3288/1/3288
f 3327/1/3327 3377/1/3377 3353/1/3353
f 3327/1/3327 3330/1/3330 3377/1/3377
f 3377/1/3377 3329/1/3329 3328/1/3328
f 3377/1/3377 3330/1/3330 3329/1/3329
f 3257/1/3257 3379/1/3379 3289/1/3289
f 3330/1/3330 3332/1/3332 3329/1/3329
f 3290/1/3290 3332/1/3332 3330/1/3330
f 3328/1/3328 3334/1/3334 3333/1/3333
f 3329/1/3329 3334/1/3334 3328/1/3328
f 3332/1/3332 3331/1/3331 3329/1/3329
f 3380/1/3380 3260/1/3260 3379/1/3379
f 3335/1/3335 3333/1/3333 3334/1/3334
f 3334/1/3334 3336/1/3336 3335/1/3335
f 3331/1/3331 3336/1/3336 3334/1/3334
f 3329/1/3329 3331/1/3331 3334/1/3334
f 3262/1/3262 3336/1/3336 3331/1/3331
f 3336/1/3336 3262/1/3262 3335/1/3335
f 3263/1/3263 3356/1/3356 3188/1/3188
f 3262/1/3262 3337/1/3337 3335/1/3335
f 3262/1/3262 3338/1/3338 3337/1/3337
f 3188/1/3188 3400/1/3400 3120/1/3120
f 3338/1/3338 3264/1/3264 3358/1/3358
f 3400/1/3400 3381/1/3381 3120/1/3120
f 3264/1/3264 3191/1/3191 3358/1/3358
f 3403/1/3403 3267/1/3267 3383/1/3383
f 3124/1/3124 3339/1/3339 3384/1/3384
f 3405/1/3405 3269/1/3269 3385/1/3385
f 3269/1/3269 3195/1/3195 3386/1/3386
f 3128/1/3128 3270/1/3270 3359/1/3359
f 3386/1/3386 3293/1/3293 3387/1/3387
f 3293/1/3293 3342/1/3342 3387/1/3387
f 3407/1/3407 3197/1/3197 3055/1/3055
f 3407/1/3407 3198/1/3198 3197/1/3197
f 3342/1/3342 3196/1/3196 3408/1/3408
f 3172/1/3172 3198/1/3198 3388/1/3388
f 3172/1/3172 3409/1/3409 3173/1/3173
f 3344/1/3344 3132/1/3132 3360/1/3360
f 3344/1/3344 3345/1/3345 3132/1/3132
f 3297/1/3297 3296/1/3296 3391/1/3391
f 3201/1/3201 3273/1/3273 3361/1/3361
f 3364/1/3364 3347/1/3347 3313/1/3313
f 3348/1/3348 3365/1/3365 3314/1/3314
f 3317/1/3317 3347/1/3347 3367/1/3367
f 3369/1/3369 3372/1/3372 3235/1/3235
f 3371/1/3371 3349/1/3349 3320/1/3320
f 3236/1/3236 3372/1/3372 3320/1/3320
f 3370/1/3370 3374/1/3374 3420/1/3420
f 3321/1/3321 3421/1/3421 3323/1/3323
f 3324/1/3324 3282/1/3282 3351/1/3351
f 3283/1/3283 3350/1/3350 3352/1/3352
f 3284/1/3284 3325/1/3325 3351/1/3351
f 3325/1/3325 3256/1/3256 3326/1/3326
f 3352/1/3352 3430/1/3430 3285/1/3285
f 3285/1/3285 3430/1/3430 3287/1/3287
f 3377/1/3377 3355/1/3355 3353/1/3353
f 3333/1/3333 3335/1/3335 3399/1/3399
f 3260/1/3260 3437/1/3437 3356/1/3356
f 3356/1/3356 3439/1/3439 3188/1/3188
f 3358/1/3358 3401/1/3401 3450/1/3450
f 3193/1/3193 3266/1/3266 3402/1/3402
f 3454/1/3454 3292/1/3292 3341/1/3341
f 3454/1/3454 3359/1/3359 3292/1/3292
f 3292/1/3292 3359/1/3359 3270/1/3270
f 3269/1/3269 3386/1/3386 3385/1/3385
f 3388/1/3388 3409/1/3409 3172/1/3172
f 3296/1/3296 3345/1/3345 3390/1/3390
f 3391/1/3391 3296/1/3296 3390/1/3390
f 3297/1/3297 3391/1/3391 3362/1/3362
f 3363/1/3363 3361/1/3361 3273/1/3273
f 3314/1/3314 3365/1/3365 3364/1/3364
f 3364/1/3364 3368/1/3368 3347/1/3347
f 3365/1/3365 3368/1/3368 3364/1/3364
f 3366/1/3366 3412/1/3412 3365/1/3365
f 3348/1/3348 3366/1/3366 3365/1/3365
f 3348/1/3348 3370/1/3370 3366/1/3366
f 3347/1/3347 3373/1/3373 3367/1/3367
f 3349/1/3349 3371/1/3371 3394/1/3394
f 3367/1/3367 3373/1/3373 3369/1/3369
f 3393/1/3393 3373/1/3373 3347/1/3347
f 3366/1/3366 3370/1/3370 3416/1/3416
f 3349/1/3349 3394/1/3394 3321/1/3321
f 3394/1/3394 3395/1/3395 3321/1/3321
f 3372/1/3372 3419/1/3419 3320/1/3320
f 3370/1/3370 3420/1/3420 3416/1/3416
f 3321/1/3321 3395/1/3395 3421/1/3421
f 3369/1/3369 3419/1/3419 3372/1/3372
f 3396/1/3396 3419/1/3419 3369/1/3369
f 3373/1/3373 3396/1/3396 3369/1/3369
f 3322/1/3322 3375/1/3375 3374/1/3374
f 3322/1/3322 3324/1/3324 3375/1/3375
f 3350/1/3350 3250/1/3250 3427/1/3427
f 3427/1/3427 3250/1/3250 3323/1/3323
f 3324/1/3324 3351/1/3351 3375/1/3375
f 3351/1/3351 3376/1/3376 3375/1/3375
f 3351/1/3351 3326/1/3326 3376/1/3376
f 3325/1/3325 3326/1/3326 3351/1/3351
f 3431/1/3431 3326/1/3326 3288/1/3288
f 3353/1/3353 3397/1/3397 3288/1/3288
f 3431/1/3431 3288/1/3288 3397/1/3397
f 3355/1/3355 3397/1/3397 3353/1/3353
f 3430/1/3430 3483/1/3483 3354/1/3354
f 3355/1/3355 3377/1/3377 3328/1/3328
f 3257/1/3257 3354/1/3354 3434/1/3434
f 3328/1/3328 3378/1/3378 3355/1/3355
f 3257/1/3257 3434/1/3434 3379/1/3379
f 3398/1/3398 3378/1/3378 3328/1/3328
f 3398/1/3398 3328/1/3328 3333/1/3333
f 3398/1/3398 3333/1/3333 3399/1/3399
f 3380/1/3380 3437/1/3437 3260/1/3260
f 3400/1/3400 3188/1/3188 3439/1/3439
f 3440/1/3440 3338/1/3338 3358/1/3358
f 3381/1/3381 3488/1/3488 3357/1/3357
f 3339/1/3339 3291/1/3291 3402/1/3402
f 3383/1/3383 3194/1/3194 3442/1/3442
f 3442/1/3442 3194/1/3194 3340/1/3340
f 3404/1/3404 3340/1/3340 3268/1/3268
f 3268/1/3268 3405/1/3405 3404/1/3404
f 3405/1/3405 3385/1/3385 3493/1/3493
f 3294/1/3294 3359/1/3359 3406/1/3406
f 3055/1/3055 3406/1/3406 3407/1/3407
f 3055/1/3055 3294/1/3294 3406/1/3406
f 3387/1/3387 3342/1/3342 3408/1/3408
f 3445/1/3445 3198/1/3198 3407/1/3407
f 3198/1/3198 3445/1/3445 3388/1/3388
f 3457/1/3457 3408/1/3408 3343/1/3343
f 3173/1/3173 3389/1/3389 3360/1/3360
f 3457/1/3457 3343/1/3343 3271/1/3271
f 3458/1/3458 3457/1/3457 3271/1/3271
f 3458/1/3458 3271/1/3271 3295/1/3295
f 3360/1/3360 3389/1/3389 3344/1/3344
f 3344/1/3344 3389/1/3389 3459/1/3459
f 3295/1/3295 3200/1/3200 3495/1/3495
f 3411/1/3411 3200/1/3200 3346/1/3346
f 3447/1/3447 3346/1/3346 3201/1/3201
f 3411/1/3411 3346/1/3346 3447/1/3447
f 3392/1/3392 3347/1/3347 3368/1/3368
f 3365/1/3365 3392/1/3392 3368/1/3368
f 3366/1/3366 3413/1/3413 3412/1/3412
f 3347/1/3347 3392/1/3392 3393/1/3393
f 3393/1/3393 3423/1/3423 3373/1/3373
f 3419/1/3419 3371/1/3371 3320/1/3320
f 3425/1/3425 3373/1/3373 3423/1/3423
f 3425/1/3425 3396/1/3396 3373/1/3373
f 3374/1/3374 3375/1/3375 3420/1/3420
f 3426/1/3426 3420/1/3420 3375/1/3375
f 3421/1/3421 3427/1/3427 3323/1/3323
f 3427/1/3427 3352/1/3352 3350/1/3350
f 3326/1/3326 3428/1/3428 3376/1/3376
f 3326/1/3326 3431/1/3431 3428/1/3428
f 3481/1/3481 3430/1/3430 3352/1/3352
f 3379/1/3379 3434/1/3434 3435/1/3435
f 3435/1/3435 3380/1/3380 3379/1/3379
f 3335/1/3335 3486/1/3486 3399/1/3399
f 3437/1/3437 3439/1/3439 3356/1/3356
f 3486/1/3486 3335/1/3335 3337/1/3337
f 3337/1/3337 3338/1/3338 3438/1/3438
f 3400/1/3400 3488/1/3488 3381/1/3381
f 3502/1/3502 3488/1/3488 3400/1/3400
f 3450/1/3450 3440/1/3440 3358/1/3358
f 3488/1/3488 3441/1/3441 3357/1/3357
f 3450/1/3450 3401/1/3401 3489/1/3489
f 3357/1/3357 3441/1/3441 3265/1/3265
f 3265/1/3265 3451/1/3451 3266/1/3266
f 3266/1/3266 3451/1/3451 3402/1/3402
f 3383/1/3383 3442/1/3442 3403/1/3403
f 3453/1/3453 3384/1/3384 3339/1/3339
f 3384/1/3384 3453/1/3453 3443/1/3443
f 3341/1/3341 3443/1/3443 3454/1/3454
f 3386/1/3386 3493/1/3493 3385/1/3385
f 3387/1/3387 3455/1/3455 3386/1/3386
f 3455/1/3455 3387/1/3387 3444/1/3444
f 3387/1/3387 3408/1/3408 3444/1/3444
f 3389/1/3389 3173/1/3173 3409/1/3409
f 3446/1/3446 3295/1/3295 3495/1/3495
f 3344/1/3344 3459/1/3459 3410/1/3410
f 3410/1/3410 3345/1/3345 3344/1/3344
f 3411/1/3411 3495/1/3495 3200/1/3200
f 3391/1/3391 3390/1/3390 3507/1/3507
f 3391/1/3391 3507/1/3507 3460/1/3460
f 3447/1/3447 3201/1/3201 3361/1/3361
f 3391/1/3391 3460/1/3460 3362/1/3362
f 3496/1/3496 3361/1/3361 3363/1/3363
f 3363/1/3363 3362/1/3362 3460/1/3460
f 3392/1/3392 3365/1/3365 3414/1/3414
f 3414/1/3414 3365/1/3365 3412/1/3412
f 3366/1/3366 3461/1/3461 3413/1/3413
f 3416/1/3416 3461/1/3461 3366/1/3366
f 3415/1/3415 3393/1/3393 3392/1/3392
f 3414/1/3414 3415/1/3415 3392/1/3392
f 3394/1/3394 3422/1/3422 3395/1/3395
f 3371/1/3371 3422/1/3422 3394/1/3394
f 3415/1/3415 3423/1/3423 3393/1/3393
f 3417/1/3417 3422/1/3422 3371/1/3371
f 3371/1/3371 3419/1/3419 3418/1/3418
f 3422/1/3422 3421/1/3421 3395/1/3395
f 3418/1/3418 3417/1/3417 3371/1/3371
f 3419/1/3419 3396/1/3396 3425/1/3425
f 3420/1/3420 3424/1/3424 3416/1/3416
f 3425/1/3425 3465/1/3465 3419/1/3419
f 3422/1/3422 3473/1/3473 3421/1/3421
f 3419/1/3419 3465/1/3465 3418/1/3418
f 3420/1/3420 3426/1/3426 3424/1/3424
f 3427/1/3427 3421/1/3421 3478/1/3478
f 3426/1/3426 3480/1/3480 3424/1/3424
f 3375/1/3375 3376/1/3376 3426/1/3426
f 3426/1/3426 3428/1/3428 3480/1/3480
f 3426/1/3426 3376/1/3376 3428/1/3428
f 3428/1/3428 3431/1/3431 3480/1/3480
f 3480/1/3480 3431/1/3431 3429/1/3429
f 3431/1/3431 3397/1/3397 3429/1/3429
f 3429/1/3429 3355/1/3355 3432/1/3432
f 3397/1/3397 3355/1/3355 3429/1/3429
f 3355/1/3355 3378/1/3378 3432/1/3432
f 3432/1/3432 3378/1/3378 3433/1/3433
f 3378/1/3378 3398/1/3398 3433/1/3433
f 3398/1/3398 3484/1/3484 3433/1/3433
f 3483/1/3483 3434/1/3434 3354/1/3354
f 3435/1/3435 3434/1/3434 3483/1/3483
f 3398/1/3398 3436/1/3436 3484/1/3484
f 3398/1/3398 3399/1/3399 3436/1/3436
f 3437/1/3437 3380/1/3380 3435/1/3435
f 3486/1/3486 3337/1/3337 3438/1/3438
f 3438/1/3438 3338/1/3338 3440/1/3440
f 3400/1/3400 3439/1/3439 3502/1/3502
f 3441/1/3441 3451/1/3451 3265/1/3265
f 3542/1/3542 3489/1/3489 3401/1/3401
f 3542/1/3542 3401/1/3401 3382/1/3382
f 3403/1/3403 3542/1/3542 3382/1/3382
f 3442/1/3442 3452/1/3452 3403/1/3403
f 3340/1/3340 3404/1/3404 3490/1/3490
f 3545/1/3545 3443/1/3443 3453/1/3453
f 3404/1/3404 3405/1/3405 3491/1/3491
f 3443/1/3443 3545/1/3545 3454/1/3454
f 3405/1/3405 3493/1/3493 3491/1/3491
f 3492/1/3492 3406/1/3406 3359/1/3359
f 3493/1/3493 3386/1/3386 3455/1/3455
f 3406/1/3406 3456/1/3456 3407/1/3407
f 3407/1/3407 3456/1/3456 3445/1/3445
f 3444/1/3444 3408/1/3408 3494/1/3494
f 3408/1/3408 3457/1/3457 3494/1/3494
f 3295/1/3295 3446/1/3446 3458/1/3458
f 3496/1/3496 3447/1/3447 3361/1/3361
f 3496/1/3496 3363/1/3363 3460/1/3460
f 3412/1/3412 3413/1/3413 3414/1/3414
f 3413/1/3413 3463/1/3463 3414/1/3414
f 3416/1/3416 3462/1/3462 3461/1/3461
f 3414/1/3414 3464/1/3464 3415/1/3415
f 3464/1/3464 3414/1/3414 3463/1/3463
f 3424/1/3424 3462/1/3462 3416/1/3416
f 3468/1/3468 3417/1/3417 3418/1/3418
f 3448/1/3448 3415/1/3415 3464/1/3464
f 3470/1/3470 3462/1/3462 3424/1/3424
f 3473/1/3473 3478/1/3478 3421/1/3421
f 3470/1/3470 3424/1/3424 3480/1/3480
f 3427/1/3427 3481/1/3481 3352/1/3352
f 3483/1/3483 3535/1/3535 3435/1/3435
f 3484/1/3484 3436/1/3436 3449/1/3449
f 3485/1/3485 3436/1/3436 3399/1/3399
f 3399/1/3399 3486/1/3486 3485/1/3485
f 3441/1/3441 3488/1/3488 3587/1/3587
f 3452/1/3452 3542/1/3542 3403/1/3403
f 3402/1/3402 3503/1/3503 3339/1/3339
f 3453/1/3453 3339/1/3339 3503/1/3503
f 3442/1/3442 3340/1/3340 3490/1/3490
f 3404/1/3404 3491/1/3491 3490/1/3490
f 3454/1/3454 3492/1/3492 3359/1/3359
f 3492/1/3492 3547/1/3547 3406/1/3406
f 3389/1/3389 3409/1/3409 3505/1/3505
f 3389/1/3389 3505/1/3505 3459/1/3459
f 3410/1/3410 3506/1/3506 3345/1/3345
f 3506/1/3506 3390/1/3390 3345/1/3345
f 3461/1/3461 3463/1/3463 3413/1/3413
f 3461/1/3461 3510/1/3510 3463/1/3463
f 3462/1/3462 3510/1/3510 3461/1/3461
f 3422/1/3422 3417/1/3417 3467/1/3467
f 3467/1/3467 3417/1/3417 3468/1/3468
f 3422/1/3422 3467/1/3467 3473/1/3473
f 3468/1/3468 3418/1/3418 3465/1/3465
f 3465/1/3465 3425/1/3425 3466/1/3466
f 3425/1/3425 3423/1/3423 3466/1/3466
f 3423/1/3423 3415/1/3415 3466/1/3466
f 3466/1/3466 3415/1/3415 3448/1/3448
f 3476/1/3476 3463/1/3463 3511/1/3511
f 3476/1/3476 3464/1/3464 3463/1/3463
f 3462/1/3462 3470/1/3470 3510/1/3510
f 3499/1/3499 3467/1/3467 3468/1/3468
f 3465/1/3465 3471/1/3471 3468/1/3468
f 3469/1/3469 3471/1/3471 3465/1/3465
f 3466/1/3466 3469/1/3469 3465/1/3465
f 3472/1/3472 3469/1/3469 3466/1/3466
f 3471/1/3471 3499/1/3499 3468/1/3468
f 3448/1/3448 3472/1/3472 3466/1/3466
f 3464/1/3464 3476/1/3476 3448/1/3448
f 3499/1/3499 3473/1/3473 3467/1/3467
f 3479/1/3479 3499/1/3499 3471/1/3471
f 3474/1/3474 3479/1/3479 3471/1/3471
f 3469/1/3469 3474/1/3474 3471/1/3471
f 3472/1/3472 3475/1/3475 3469/1/3469
f 3475/1/3475 3474/1/3474 3469/1/3469
f 3472/1/3472 3448/1/3448 3476/1/3476
f 3477/1/3477 3427/1/3427 3478/1/3478
f 3477/1/3477 3481/1/3481 3427/1/3427
f 3480/1/3480 3429/1/3429 3522/1/3522
f 3522/1/3522 3432/1/3432 3525/1/3525
f 3522/1/3522 3429/1/3429 3432/1/3432
f 3481/1/3481 3482/1/3482 3430/1/3430
f 3482/1/3482 3483/1/3483 3430/1/3430
f 3501/1/3501 3432/1/3432 3433/1/3433
f 3484/1/3484 3528/1/3528 3433/1/3433
f 3535/1/3535 3483/1/3483 3482/1/3482
f 3436/1/3436 3485/1/3485 3449/1/3449
f 3536/1/3536 3435/1/3435 3535/1/3535
f 3435/1/3435 3536/1/3536 3437/1/3437
f 3486/1/3486 3438/1/3438 3487/1/3487
f 3438/1/3438 3440/1/3440 3487/1/3487
f 3440/1/3440 3450/1/3450 3540/1/3540
f 3541/1/3541 3402/1/3402 3451/1/3451
f 3402/1/3402 3541/1/3541 3503/1/3503
f 3442/1/3442 3543/1/3543 3452/1/3452
f 3442/1/3442 3490/1/3490 3543/1/3543
f 3504/1/3504 3545/1/3545 3453/1/3453
f 3491/1/3491 3544/1/3544 3490/1/3490
f 3491/1/3491 3493/1/3493 3546/1/3546
f 3493/1/3493 3591/1/3591 3546/1/3546
f 3406/1/3406 3547/1/3547 3456/1/3456
f 3457/1/3457 3593/1/3593 3494/1/3494
f 3458/1/3458 3593/1/3593 3457/1/3457
f 3594/1/3594 3409/1/3409 3388/1/3388
f 3409/1/3409 3594/1/3594 3505/1/3505
f 3505/1/3505 3596/1/3596 3459/1/3459
f 3495/1/3495 3595/1/3595 3446/1/3446
f 3447/1/3447 3551/1/3551 3411/1/3411
f 3460/1/3460 3507/1/3507 3509/1/3509
f 3460/1/3460 3509/1/3509 3496/1/3496
f 3510/1/3510 3511/1/3511 3463/1/3463
f 3470/1/3470 3513/1/3513 3510/1/3510
f 3476/1/3476 3511/1/3511 3516/1/3516
f 3478/1/3478 3473/1/3473 3497/1/3497
f 3513/1/3513 3470/1/3470 3480/1/3480
f 3472/1/3472 3515/1/3515 3475/1/3475
f 3478/1/3478 3497/1/3497 3477/1/3477
f 3499/1/3499 3479/1/3479 3498/1/3498
f 3500/1/3500 3515/1/3515 3472/1/3472
f 3476/1/3476 3500/1/3500 3472/1/3472
f 3479/1/3479 3553/1/3553 3498/1/3498
f 3479/1/3479 3474/1/3474 3553/1/3553
f 3570/1/3570 3474/1/3474 3475/1/3475
f 3516/1/3516 3500/1/3500 3476/1/3476
f 3517/1/3517 3480/1/3480 3522/1/3522
f 3481/1/3481 3477/1/3477 3526/1/3526
f 3481/1/3481 3526/1/3526 3482/1/3482
f 3432/1/3432 3501/1/3501 3525/1/3525
f 3433/1/3433 3528/1/3528 3501/1/3501
f 3484/1/3484 3531/1/3531 3528/1/3528
f 3531/1/3531 3484/1/3484 3449/1/3449
f 3536/1/3536 3537/1/3537 3437/1/3437
f 3538/1/3538 3486/1/3486 3487/1/3487
f 3439/1/3439 3437/1/3437 3539/1/3539
f 3439/1/3439 3539/1/3539 3502/1/3502
f 3502/1/3502 3559/1/3559 3488/1/3488
f 3487/1/3487 3440/1/3440 3540/1/3540
f 3450/1/3450 3489/1/3489 3540/1/3540
f 3562/1/3562 3541/1/3541 3603/1/3603
f 3503/1/3503 3541/1/3541 3562/1/3562
f 3503/1/3503 3562/1/3562 3453/1/3453
f 3543/1/3543 3490/1/3490 3544/1/3544
f 3628/1/3628 3544/1/3544 3546/1/3546
f 3544/1/3544 3491/1/3491 3546/1/3546
f 3563/1/3563 3492/1/3492 3454/1/3454
f 3493/1/3493 3455/1/3455 3591/1/3591
f 3591/1/3591 3455/1/3455 3444/1/3444
f 3547/1/3547 3565/1/3565 3456/1/3456
f 3459/1/3459 3596/1/3596 3410/1/3410
f 3410/1/3410 3596/1/3596 3506/1/3506
f 3390/1/3390 3506/1/3506 3507/1/3507
f 3496/1/3496 3551/1/3551 3447/1/3447
f 3508/1/3508 3496/1/3496 3509/1/3509
f 3510/1/3510 3512/1/3512 3511/1/3511
f 3510/1/3510 3513/1/3513 3512/1/3512
f 3497/1/3497 3473/1/3473 3514/1/3514
f 3512/1/3512 3516/1/3516 3511/1/3511
f 3473/1/3473 3499/1/3499 3514/1/3514
f 3517/1/3517 3521/1/3521 3512/1/3512
f 3513/1/3513 3517/1/3517 3512/1/3512
f 3512/1/3512 3519/1/3519 3516/1/3516
f 3499/1/3499 3569/1/3569 3514/1/3514
f 3499/1/3499 3498/1/3498 3569/1/3569
f 3518/1/3518 3475/1/3475 3515/1/3515
f 3513/1/3513 3480/1/3480 3517/1/3517
f 3514/1/3514 3571/1/3571 3497/1/3497
f 3553/1/3553 3568/1/3568 3498/1/3498
f 3475/1/3475 3518/1/3518 3570/1/3570
f 3523/1/3523 3520/1/3520 3515/1/3515
f 3500/1/3500 3523/1/3523 3515/1/3515
f 3519/1/3519 3523/1/3523 3500/1/3500
f 3516/1/3516 3519/1/3519 3500/1/3500
f 3512/1/3512 3521/1/3521 3519/1/3519
f 3571/1/3571 3477/1/3477 3497/1/3497
f 3570/1/3570 3553/1/3553 3474/1/3474
f 3518/1/3518 3554/1/3554 3570/1/3570
f 3520/1/3520 3518/1/3518 3515/1/3515
f 3521/1/3521 3524/1/3524 3519/1/3519
f 3524/1/3524 3523/1/3523 3519/1/3519
f 3517/1/3517 3522/1/3522 3521/1/3521
f 3523/1/3523 3555/1/3555 3520/1/3520
f 3521/1/3521 3525/1/3525 3524/1/3524
f 3522/1/3522 3525/1/3525 3521/1/3521
f 3571/1/3571 3526/1/3526 3477/1/3477
f 3530/1/3530 3523/1/3523 3524/1/3524
f 3525/1/3525 3527/1/3527 3524/1/3524
f 3523/1/3523 3530/1/3530 3555/1/3555
f 3524/1/3524 3527/1/3527 3530/1/3530
f 3526/1/3526 3529/1/3529 3482/1/3482
f 3527/1/3527 3528/1/3528 3530/1/3530
f 3501/1/3501 3528/1/3528 3527/1/3527
f 3525/1/3525 3501/1/3501 3527/1/3527
f 3530/1/3530 3531/1/3531 3555/1/3555
f 3531/1/3531 3532/1/3532 3555/1/3555
f 3528/1/3528 3531/1/3531 3530/1/3530
f 3531/1/3531 3534/1/3534 3532/1/3532
f 3535/1/3535 3482/1/3482 3533/1/3533
f 3449/1/3449 3534/1/3534 3531/1/3531
f 3449/1/3449 3582/1/3582 3534/1/3534
f 3449/1/3449 3485/1/3485 3582/1/3582
f 3536/1/3536 3535/1/3535 3533/1/3533
f 3485/1/3485 3538/1/3538 3582/1/3582
f 3485/1/3485 3486/1/3486 3538/1/3538
f 3539/1/3539 3437/1/3437 3537/1/3537
f 3538/1/3538 3487/1/3487 3558/1/3558
f 3559/1/3559 3502/1/3502 3539/1/3539
f 3587/1/3587 3488/1/3488 3559/1/3559
f 3487/1/3487 3540/1/3540 3558/1/3558
f 3540/1/3540 3489/1/3489 3560/1/3560
f 3560/1/3560 3489/1/3489 3542/1/3542
f 3560/1/3560 3542/1/3542 3561/1/3561
f 3542/1/3542 3452/1/3452 3588/1/3588
f 3452/1/3452 3543/1/3543 3588/1/3588
f 3504/1/3504 3453/1/3453 3670/1/3670
f 3544/1/3544 3590/1/3590 3543/1/3543
f 3545/1/3545 3716/1/3716 3454/1/3454
f 3716/1/3716 3563/1/3563 3454/1/3454
f 3605/1/3605 3492/1/3492 3563/1/3563
f 3492/1/3492 3605/1/3605 3547/1/3547
f 3591/1/3591 3444/1/3444 3548/1/3548
f 3444/1/3444 3494/1/3494 3548/1/3548
f 3456/1/3456 3565/1/3565 3445/1/3445
f 3388/1/3388 3445/1/3445 3566/1/3566
f 3594/1/3594 3388/1/3388 3566/1/3566
f 3458/1/3458 3567/1/3567 3593/1/3593
f 3458/1/3458 3549/1/3549 3567/1/3567
f 3458/1/3458 3446/1/3446 3549/1/3549
f 3446/1/3446 3595/1/3595 3549/1/3549
f 3550/1/3550 3411/1/3411 3678/1/3678
f 3495/1/3495 3411/1/3411 3550/1/3550
f 3506/1/3506 3631/1/3631 3507/1/3507
f 3509/1/3509 3507/1/3507 3632/1/3632
f 3508/1/3508 3509/1/3509 3632/1/3632
f 3569/1/3569 3552/1/3552 3514/1/3514
f 3569/1/3569 3498/1/3498 3568/1/3568
f 3552/1/3552 3571/1/3571 3514/1/3514
f 3572/1/3572 3553/1/3553 3570/1/3570
f 3518/1/3518 3520/1/3520 3554/1/3554
f 3520/1/3520 3574/1/3574 3554/1/3554
f 3520/1/3520 3555/1/3555 3574/1/3574
f 3571/1/3571 3575/1/3575 3526/1/3526
f 3532/1/3532 3579/1/3579 3555/1/3555
f 3482/1/3482 3556/1/3556 3533/1/3533
f 3581/1/3581 3532/1/3532 3534/1/3534
f 3582/1/3582 3581/1/3581 3534/1/3534
f 3533/1/3533 3557/1/3557 3536/1/3536
f 3582/1/3582 3538/1/3538 3583/1/3583
f 3585/1/3585 3558/1/3558 3540/1/3540
f 3560/1/3560 3585/1/3585 3540/1/3540
f 3451/1/3451 3441/1/3441 3602/1/3602
f 3451/1/3451 3602/1/3602 3541/1/3541
f 3602/1/3602 3603/1/3603 3541/1/3541
f 3542/1/3542 3588/1/3588 3561/1/3561
f 3588/1/3588 3543/1/3543 3590/1/3590
f 3590/1/3590 3544/1/3544 3589/1/3589
f 3589/1/3589 3544/1/3544 3628/1/3628
f 3642/1/3642 3545/1/3545 3504/1/3504
f 3545/1/3545 3642/1/3642 3716/1/3716
f 3546/1/3546 3564/1/3564 3628/1/3628
f 3546/1/3546 3591/1/3591 3564/1/3564
f 3548/1/3548 3494/1/3494 3593/1/3593
f 3445/1/3445 3565/1/3565 3566/1/3566
f 3730/1/3730 3505/1/3505 3594/1/3594
f 3595/1/3595 3495/1/3495 3550/1/3550
f 3506/1/3506 3596/1/3596 3630/1/3630
f 3678/1/3678 3411/1/3411 3551/1/3551
f 3506/1/3506 3630/1/3630 3631/1/3631
f 3496/1/3496 3508/1/3508 3551/1/3551
f 3569/1/3569 3597/1/3597 3552/1/3552
f 3553/1/3553 3610/1/3610 3568/1/3568
f 3610/1/3610 3553/1/3553 3572/1/3572
f 3552/1/3552 3598/1/3598 3571/1/3571
f 3573/1/3573 3572/1/3572 3570/1/3570
f 3554/1/3554 3573/1/3573 3570/1/3570
f 3576/1/3576 3573/1/3573 3554/1/3554
f 3554/1/3554 3574/1/3574 3576/1/3576
f 3597/1/3597 3598/1/3598 3552/1/3552
f 3572/1/3572 3573/1/3573 3577/1/3577
f 3575/1/3575 3571/1/3571 3598/1/3598
f 3526/1/3526 3575/1/3575 3529/1/3529
f 3529/1/3529 3575/1/3575 3599/1/3599
f 3576/1/3576 3577/1/3577 3573/1/3573
f 3555/1/3555 3579/1/3579 3574/1/3574
f 3574/1/3574 3578/1/3578 3576/1/3576
f 3579/1/3579 3578/1/3578 3574/1/3574
f 3576/1/3576 3578/1/3578 3577/1/3577
f 3579/1/3579 3580/1/3580 3578/1/3578
f 3579/1/3579 3532/1/3532 3580/1/3580
f 3529/1/3529 3556/1/3556 3482/1/3482
f 3556/1/3556 3529/1/3529 3599/1/3599
f 3532/1/3532 3581/1/3581 3580/1/3580
f 3638/1/3638 3533/1/3533 3556/1/3556
f 3614/1/3614 3580/1/3580 3581/1/3581
f 3533/1/3533 3638/1/3638 3557/1/3557
f 3614/1/3614 3581/1/3581 3582/1/3582
f 3616/1/3616 3614/1/3614 3582/1/3582
f 3583/1/3583 3616/1/3616 3582/1/3582
f 3537/1/3537 3536/1/3536 3618/1/3618
f 3584/1/3584 3538/1/3538 3558/1/3558
f 3539/1/3539 3537/1/3537 3600/1/3600
f 3584/1/3584 3558/1/3558 3585/1/3585
f 3539/1/3539 3621/1/3621 3559/1/3559
f 3587/1/3587 3559/1/3559 3621/1/3621
f 3585/1/3585 3560/1/3560 3586/1/3586
f 3560/1/3560 3561/1/3561 3601/1/3601
f 3453/1/3453 3562/1/3562 3670/1/3670
f 3588/1/3588 3590/1/3590 3589/1/3589
f 3564/1/3564 3604/1/3604 3628/1/3628
f 3547/1/3547 3605/1/3605 3644/1/3644
f 3564/1/3564 3591/1/3591 3592/1/3592
f 3591/1/3591 3548/1/3548 3592/1/3592
f 3548/1/3548 3593/1/3593 3592/1/3592
f 3567/1/3567 3549/1/3549 3645/1/3645
f 3595/1/3595 3645/1/3645 3549/1/3549
f 3632/1/3632 3507/1/3507 3631/1/3631
f 3568/1/3568 3633/1/3633 3569/1/3569
f 3569/1/3569 3608/1/3608 3597/1/3597
f 3610/1/3610 3572/1/3572 3611/1/3611
f 3577/1/3577 3611/1/3611 3572/1/3572
f 3612/1/3612 3611/1/3611 3577/1/3577
f 3612/1/3612 3577/1/3577 3578/1/3578
f 3578/1/3578 3614/1/3614 3612/1/3612
f 3599/1/3599 3638/1/3638 3556/1/3556
f 3580/1/3580 3614/1/3614 3578/1/3578
f 3557/1/3557 3618/1/3618 3536/1/3536
f 3583/1/3583 3538/1/3538 3619/1/3619
f 3618/1/3618 3600/1/3600 3537/1/3537
f 3538/1/3538 3584/1/3584 3619/1/3619
f 3585/1/3585 3586/1/3586 3584/1/3584
f 3584/1/3584 3586/1/3586 3620/1/3620
f 3539/1/3539 3622/1/3622 3621/1/3621
f 3587/1/3587 3602/1/3602 3441/1/3441
f 3624/1/3624 3586/1/3586 3560/1/3560
f 3601/1/3601 3624/1/3624 3560/1/3560
f 3562/1/3562 3627/1/3627 3670/1/3670
f 3644/1/3644 3605/1/3605 3718/1/3718
f 3565/1/3565 3547/1/3547 3674/1/3674
f 3592/1/3592 3593/1/3593 3629/1/3629
f 3566/1/3566 3565/1/3565 3606/1/3606
f 3566/1/3566 3606/1/3606 3594/1/3594
f 3595/1/3595 3685/1/3685 3645/1/3645
f 3594/1/3594 3762/1/3762 3730/1/3730
f 3595/1/3595 3550/1/3550 3685/1/3685
f 3551/1/3551 3607/1/3607 3678/1/3678
f 3551/1/3551 3508/1/3508 3690/1/3690
f 3568/1/3568 3610/1/3610 3633/1/3633
f 3648/1/3648 3597/1/3597 3608/1/3608
f 3608/1/3608 3569/1/3569 3633/1/3633
f 3609/1/3609 3633/1/3633 3610/1/3610
f 3609/1/3609 3635/1/3635 3633/1/3633
f 3598/1/3598 3597/1/3597 3648/1/3648
f 3611/1/3611 3609/1/3609 3610/1/3610
f 3598/1/3598 3636/1/3636 3575/1/3575
f 3612/1/3612 3609/1/3609 3611/1/3611
f 3612/1/3612 3635/1/3635 3609/1/3609
f 3612/1/3612 3613/1/3613 3635/1/3635
f 3575/1/3575 3637/1/3637 3599/1/3599
f 3612/1/3612 3614/1/3614 3613/1/3613
f 3614/1/3614 3615/1/3615 3613/1/3613
f 3616/1/3616 3615/1/3615 3614/1/3614
f 3557/1/3557 3638/1/3638 3660/1/3660
f 3660/1/3660 3617/1/3617 3557/1/3557
f 3618/1/3618 3557/1/3557 3617/1/3617
f 3583/1/3583 3619/1/3619 3616/1/3616
f 3662/1/3662 3616/1/3616 3619/1/3619
f 3664/1/3664 3600/1/3600 3618/1/3618
f 3619/1/3619 3584/1/3584 3663/1/3663
f 3586/1/3586 3668/1/3668 3620/1/3620
f 3587/1/3587 3621/1/3621 3623/1/3623
f 3624/1/3624 3668/1/3668 3586/1/3586
f 3587/1/3587 3623/1/3623 3602/1/3602
f 3623/1/3623 3625/1/3625 3602/1/3602
f 3626/1/3626 3624/1/3624 3601/1/3601
f 3603/1/3603 3602/1/3602 3625/1/3625
f 3601/1/3601 3561/1/3561 3626/1/3626
f 3641/1/3641 3626/1/3626 3561/1/3561
f 3561/1/3561 3588/1/3588 3641/1/3641
f 3588/1/3588 3589/1/3589 3641/1/3641
f 3671/1/3671 3641/1/3641 3589/1/3589
f 3714/1/3714 3642/1/3642 3504/1/3504
f 3628/1/3628 3672/1/3672 3589/1/3589
f 3672/1/3672 3628/1/3628 3604/1/3604
f 3563/1/3563 3716/1/3716 3726/1/3726
f 3604/1/3604 3564/1/3564 3643/1/3643
f 3564/1/3564 3592/1/3592 3643/1/3643
f 3592/1/3592 3629/1/3629 3643/1/3643
f 3674/1/3674 3547/1/3547 3644/1/3644
f 3674/1/3674 3675/1/3675 3565/1/3565
f 3593/1/3593 3676/1/3676 3629/1/3629
f 3565/1/3565 3675/1/3675 3606/1/3606
f 3593/1/3593 3567/1/3567 3676/1/3676
f 3567/1/3567 3645/1/3645 3676/1/3676
f 3678/1/3678 3685/1/3685 3550/1/3550
f 3730/1/3730 3596/1/3596 3505/1/3505
f 3596/1/3596 3677/1/3677 3687/1/3687
f 3687/1/3687 3630/1/3630 3596/1/3596
f 3631/1/3631 3630/1/3630 3687/1/3687
f 3646/1/3646 3631/1/3631 3687/1/3687
f 3607/1/3607 3551/1/3551 3690/1/3690
f 3632/1/3632 3690/1/3690 3508/1/3508
f 3632/1/3632 3631/1/3631 3646/1/3646
f 3634/1/3634 3608/1/3608 3633/1/3633
f 3647/1/3647 3634/1/3634 3633/1/3633
f 3635/1/3635 3647/1/3647 3633/1/3633
f 3648/1/3648 3636/1/3636 3598/1/3598
f 3635/1/3635 3654/1/3654 3647/1/3647
f 3613/1/3613 3657/1/3657 3635/1/3635
f 3637/1/3637 3638/1/3638 3599/1/3599
f 3657/1/3657 3613/1/3613 3659/1/3659
f 3615/1/3615 3659/1/3659 3613/1/3613
f 3659/1/3659 3615/1/3615 3616/1/3616
f 3639/1/3639 3659/1/3659 3616/1/3616
f 3639/1/3639 3616/1/3616 3662/1/3662
f 3619/1/3619 3663/1/3663 3662/1/3662
f 3600/1/3600 3640/1/3640 3539/1/3539
f 3620/1/3620 3663/1/3663 3584/1/3584
f 3539/1/3539 3640/1/3640 3622/1/3622
f 3621/1/3621 3622/1/3622 3623/1/3623
f 3562/1/3562 3603/1/3603 3627/1/3627
f 3670/1/3670 3714/1/3714 3504/1/3504
f 3589/1/3589 3672/1/3672 3671/1/3671
f 3672/1/3672 3604/1/3604 3717/1/3717
f 3563/1/3563 3726/1/3726 3605/1/3605
f 3762/1/3762 3594/1/3594 3606/1/3606
f 3730/1/3730 3677/1/3677 3596/1/3596
f 3607/1/3607 3679/1/3679 3678/1/3678
f 3690/1/3690 3632/1/3632 3646/1/3646
f 3648/1/3648 3608/1/3608 3634/1/3634
f 3634/1/3634 3649/1/3649 3648/1/3648
f 3647/1/3647 3652/1/3652 3634/1/3634
f 3650/1/3650 3649/1/3649 3634/1/3634
f 3652/1/3652 3651/1/3651 3634/1/3634
f 3651/1/3651 3650/1/3650 3634/1/3634
f 3648/1/3648 3649/1/3649 3636/1/3636
f 3652/1/3652 3653/1/3653 3651/1/3651
f 3653/1/3653 3652/1/3652 3647/1/3647
f 3637/1/3637 3575/1/3575 3636/1/3636
f 3654/1/3654 3653/1/3653 3647/1/3647
f 3649/1/3649 3655/1/3655 3636/1/3636
f 3653/1/3653 3656/1/3656 3651/1/3651
f 3655/1/3655 3637/1/3637 3636/1/3636
f 3635/1/3635 3657/1/3657 3654/1/3654
f 3657/1/3657 3653/1/3653 3654/1/3654
f 3655/1/3655 3694/1/3694 3637/1/3637
f 3657/1/3657 3658/1/3658 3653/1/3653
f 3656/1/3656 3653/1/3653 3658/1/3658
f 3660/1/3660 3637/1/3637 3697/1/3697
f 3659/1/3659 3658/1/3658 3657/1/3657
f 3638/1/3638 3637/1/3637 3660/1/3660
f 3658/1/3658 3659/1/3659 3639/1/3639
f 3661/1/3661 3617/1/3617 3660/1/3660
f 3702/1/3702 3639/1/3639 3662/1/3662
f 3618/1/3618 3707/1/3707 3664/1/3664
f 3665/1/3665 3600/1/3600 3664/1/3664
f 3666/1/3666 3662/1/3662 3663/1/3663
f 3665/1/3665 3640/1/3640 3600/1/3600
f 3663/1/3663 3620/1/3620 3666/1/3666
f 3622/1/3622 3640/1/3640 3665/1/3665
f 3620/1/3620 3668/1/3668 3667/1/3667
f 3624/1/3624 3711/1/3711 3668/1/3668
f 3624/1/3624 3626/1/3626 3669/1/3669
f 3681/1/3681 3627/1/3627 3603/1/3603
f 3625/1/3625 3681/1/3681 3603/1/3603
f 3641/1/3641 3669/1/3669 3626/1/3626
f 3682/1/3682 3669/1/3669 3641/1/3641
f 3671/1/3671 3672/1/3672 3715/1/3715
f 3714/1/3714 3673/1/3673 3642/1/3642
f 3642/1/3642 3673/1/3673 3716/1/3716
f 3605/1/3605 3726/1/3726 3718/1/3718
f 3643/1/3643 3629/1/3629 3719/1/3719
f 3676/1/3676 3645/1/3645 3729/1/3729
f 3678/1/3678 3686/1/3686 3685/1/3685
f 3689/1/3689 3646/1/3646 3687/1/3687
f 3690/1/3690 3646/1/3646 3764/1/3764
f 3649/1/3649 3650/1/3650 3692/1/3692
f 3649/1/3649 3691/1/3691 3655/1/3655
f 3692/1/3692 3691/1/3691 3649/1/3649
f 3651/1/3651 3693/1/3693 3650/1/3650
f 3651/1/3651 3656/1/3656 3693/1/3693
f 3658/1/3658 3680/1/3680 3656/1/3656
f 3658/1/3658 3700/1/3700 3680/1/3680
f 3694/1/3694 3697/1/3697 3637/1/3637
f 3639/1/3639 3700/1/3700 3658/1/3658
f 3661/1/3661 3707/1/3707 3617/1/3617
f 3618/1/3618 3617/1/3617 3707/1/3707
f 3665/1/3665 3724/1/3724 3622/1/3622
f 3681/1/3681 3625/1/3625 3623/1/3623
f 3669/1/3669 3711/1/3711 3624/1/3624
f 3627/1/3627 3770/1/3770 3670/1/3670
f 3714/1/3714 3670/1/3670 3770/1/3770
f 3682/1/3682 3641/1/3641 3671/1/3671
f 3672/1/3672 3757/1/3757 3715/1/3715
f 3718/1/3718 3726/1/3726 3683/1/3683
f 3718/1/3718 3760/1/3760 3644/1/3644
f 3758/1/3758 3643/1/3643 3719/1/3719
f 3760/1/3760 3674/1/3674 3644/1/3644
f 3675/1/3675 3674/1/3674 3760/1/3760
f 3629/1/3629 3676/1/3676 3719/1/3719
f 3684/1/3684 3719/1/3719 3676/1/3676
f 3676/1/3676 3729/1/3729 3684/1/3684
f 3685/1/3685 3729/1/3729 3645/1/3645
f 3762/1/3762 3720/1/3720 3730/1/3730
f 3679/1/3679 3686/1/3686 3678/1/3678
f 3677/1/3677 3731/1/3731 3687/1/3687
f 3646/1/3646 3689/1/3689 3764/1/3764
f 3688/1/3688 3607/1/3607 3690/1/3690
f 3695/1/3695 3691/1/3691 3692/1/3692
f 3692/1/3692 3650/1/3650 3693/1/3693
f 3693/1/3693 3695/1/3695 3692/1/3692
f 3656/1/3656 3680/1/3680 3693/1/3693
f 3695/1/3695 3696/1/3696 3691/1/3691
f 3691/1/3691 3696/1/3696 3655/1/3655
f 3721/1/3721 3696/1/3696 3695/1/3695
f 3693/1/3693 3698/1/3698 3695/1/3695
f 3680/1/3680 3698/1/3698 3693/1/3693
f 3696/1/3696 3694/1/3694 3655/1/3655
f 3698/1/3698 3699/1/3699 3695/1/3695
f 3699/1/3699 3721/1/3721 3695/1/3695
f 3680/1/3680 3700/1/3700 3698/1/3698
f 3721/1/3721 3699/1/3699 3722/1/3722
f 3703/1/3703 3699/1/3699 3698/1/3698
f 3700/1/3700 3703/1/3703 3698/1/3698
f 3697/1/3697 3661/1/3661 3660/1/3660
f 3722/1/3722 3699/1/3699 3701/1/3701
f 3703/1/3703 3701/1/3701 3699/1/3699
f 3702/1/3702 3703/1/3703 3700/1/3700
f 3700/1/3700 3639/1/3639 3702/1/3702
f 3704/1/3704 3701/1/3701 3703/1/3703
f 3702/1/3702 3704/1/3704 3703/1/3703
f 3701/1/3701 3704/1/3704 3705/1/3705
f 3661/1/3661 3746/1/3746 3707/1/3707
f 3702/1/3702 3706/1/3706 3704/1/3704
f 3706/1/3706 3705/1/3705 3704/1/3704
f 3702/1/3702 3662/1/3662 3706/1/3706
f 3662/1/3662 3666/1/3666 3706/1/3706
f 3707/1/3707 3665/1/3665 3664/1/3664
f 3706/1/3706 3666/1/3666 3708/1/3708
f 3708/1/3708 3666/1/3666 3750/1/3750
f 3666/1/3666 3667/1/3667 3750/1/3750
f 3620/1/3620 3667/1/3667 3666/1/3666
f 3749/1/3749 3724/1/3724 3665/1/3665
f 3667/1/3667 3725/1/3725 3750/1/3750
f 3667/1/3667 3668/1/3668 3725/1/3725
f 3622/1/3622 3724/1/3724 3623/1/3623
f 3725/1/3725 3711/1/3711 3709/1/3709
f 3725/1/3725 3668/1/3668 3711/1/3711
f 3752/1/3752 3623/1/3623 3724/1/3724
f 3681/1/3681 3623/1/3623 3752/1/3752
f 3711/1/3711 3710/1/3710 3709/1/3709
f 3711/1/3711 3669/1/3669 3710/1/3710
f 3753/1/3753 3669/1/3669 3712/1/3712
f 3681/1/3681 3770/1/3770 3627/1/3627
f 3682/1/3682 3713/1/3713 3712/1/3712
f 3669/1/3669 3682/1/3682 3712/1/3712
f 3713/1/3713 3682/1/3682 3715/1/3715
f 3682/1/3682 3671/1/3671 3715/1/3715
f 3717/1/3717 3757/1/3757 3672/1/3672
f 3643/1/3643 3717/1/3717 3604/1/3604
f 3643/1/3643 3758/1/3758 3717/1/3717
f 3758/1/3758 3719/1/3719 3761/1/3761
f 3728/1/3728 3762/1/3762 3606/1/3606
f 3677/1/3677 3730/1/3730 3731/1/3731
f 3688/1/3688 3679/1/3679 3607/1/3607
f 3688/1/3688 3690/1/3690 3764/1/3764
f 3696/1/3696 3734/1/3734 3733/1/3733
f 3696/1/3696 3721/1/3721 3734/1/3734
f 3736/1/3736 3694/1/3694 3696/1/3696
f 3694/1/3694 3736/1/3736 3697/1/3697
f 3736/1/3736 3741/1/3741 3697/1/3697
f 3661/1/3661 3697/1/3697 3741/1/3741
f 3740/1/3740 3722/1/3722 3701/1/3701
f 3741/1/3741 3723/1/3723 3661/1/3661
f 3723/1/3723 3746/1/3746 3661/1/3661
f 3706/1/3706 3745/1/3745 3705/1/3705
f 3745/1/3745 3706/1/3706 3708/1/3708
f 3710/1/3710 3769/1/3769 3709/1/3709
f 3770/1/3770 3681/1/3681 3754/1/3754
f 3714/1/3714 3770/1/3770 3838/1/3838
f 3673/1/3673 3726/1/3726 3716/1/3716
f 3717/1/3717 3772/1/3772 3757/1/3757
f 3717/1/3717 3758/1/3758 3772/1/3772
f 3727/1/3727 3719/1/3719 3684/1/3684
f 3675/1/3675 3728/1/3728 3606/1/3606
f 3684/1/3684 3729/1/3729 3727/1/3727
f 3727/1/3727 3729/1/3729 3763/1/3763
f 3729/1/3729 3685/1/3685 3763/1/3763
f 3730/1/3730 3720/1/3720 3731/1/3731
f 3763/1/3763 3685/1/3685 3686/1/3686
f 3732/1/3732 3687/1/3687 3731/1/3731
f 3687/1/3687 3732/1/3732 3689/1/3689
f 3686/1/3686 3679/1/3679 3688/1/3688
f 3736/1/3736 3696/1/3696 3733/1/3733
f 3735/1/3735 3733/1/3733 3734/1/3734
f 3734/1/3734 3721/1/3721 3722/1/3722
f 3722/1/3722 3735/1/3735 3734/1/3734
f 3735/1/3735 3737/1/3737 3733/1/3733
f 3733/1/3733 3738/1/3738 3736/1/3736
f 3737/1/3737 3738/1/3738 3733/1/3733
f 3735/1/3735 3739/1/3739 3737/1/3737
f 3738/1/3738 3741/1/3741 3736/1/3736
f 3722/1/3722 3739/1/3739 3735/1/3735
f 3779/1/3779 3739/1/3739 3743/1/3743
f 3722/1/3722 3743/1/3743 3739/1/3739
f 3741/1/3741 3742/1/3742 3723/1/3723
f 3738/1/3738 3742/1/3742 3741/1/3741
f 3740/1/3740 3743/1/3743 3722/1/3722
f 3701/1/3701 3705/1/3705 3740/1/3740
f 3740/1/3740 3744/1/3744 3743/1/3743
f 3705/1/3705 3744/1/3744 3740/1/3740
f 3746/1/3746 3723/1/3723 3742/1/3742
f 3744/1/3744 3781/1/3781 3743/1/3743
f 3742/1/3742 3748/1/3748 3746/1/3746
f 3705/1/3705 3745/1/3745 3744/1/3744
f 3745/1/3745 3747/1/3747 3744/1/3744
f 3766/1/3766 3707/1/3707 3746/1/3746
f 3766/1/3766 3746/1/3746 3748/1/3748
f 3745/1/3745 3708/1/3708 3747/1/3747
f 3707/1/3707 3767/1/3767 3665/1/3665
f 3665/1/3665 3767/1/3767 3749/1/3749
f 3747/1/3747 3708/1/3708 3751/1/3751
f 3750/1/3750 3751/1/3751 3708/1/3708
f 3750/1/3750 3725/1/3725 3751/1/3751
f 3749/1/3749 3790/1/3790 3724/1/3724
f 3725/1/3725 3709/1/3709 3769/1/3769
f 3752/1/3752 3724/1/3724 3768/1/3768
f 3769/1/3769 3710/1/3710 3753/1/3753
f 3710/1/3710 3669/1/3669 3753/1/3753
f 3753/1/3753 3755/1/3755 3793/1/3793
f 3712/1/3712 3755/1/3755 3753/1/3753
f 3712/1/3712 3713/1/3713 3755/1/3755
f 3756/1/3756 3755/1/3755 3713/1/3713
f 3795/1/3795 3756/1/3756 3713/1/3713
f 3757/1/3757 3795/1/3795 3713/1/3713
f 3713/1/3713 3715/1/3715 3757/1/3757
f 3757/1/3757 3772/1/3772 3795/1/3795
f 3718/1/3718 3683/1/3683 3798/1/3798
f 3772/1/3772 3758/1/3758 3759/1/3759
f 3758/1/3758 3761/1/3761 3759/1/3759
f 3718/1/3718 3798/1/3798 3760/1/3760
f 3719/1/3719 3727/1/3727 3761/1/3761
f 3804/1/3804 3728/1/3728 3675/1/3675
f 3727/1/3727 3763/1/3763 3803/1/3803
f 3806/1/3806 3686/1/3686 3808/1/3808
f 3763/1/3763 3686/1/3686 3806/1/3806
f 3686/1/3686 3688/1/3688 3808/1/3808
f 3810/1/3810 3689/1/3689 3732/1/3732
f 3689/1/3689 3810/1/3810 3764/1/3764
f 3764/1/3764 3809/1/3809 3688/1/3688
f 3738/1/3738 3775/1/3775 3774/1/3774
f 3739/1/3739 3776/1/3776 3775/1/3775
f 3739/1/3739 3775/1/3775 3737/1/3737
f 3739/1/3739 3779/1/3779 3776/1/3776
f 3743/1/3743 3778/1/3778 3779/1/3779
f 3742/1/3742 3738/1/3738 3774/1/3774
f 3742/1/3742 3774/1/3774 3765/1/3765
f 3742/1/3742 3765/1/3765 3748/1/3748
f 3747/1/3747 3781/1/3781 3744/1/3744
f 3785/1/3785 3781/1/3781 3747/1/3747
f 3766/1/3766 3767/1/3767 3707/1/3707
f 3751/1/3751 3785/1/3785 3747/1/3747
f 3791/1/3791 3751/1/3751 3725/1/3725
f 3769/1/3769 3791/1/3791 3725/1/3725
f 3724/1/3724 3790/1/3790 3768/1/3768
f 3752/1/3752 3768/1/3768 3681/1/3681
f 3793/1/3793 3769/1/3769 3753/1/3753
f 3681/1/3681 3768/1/3768 3754/1/3754
f 3813/1/3813 3770/1/3770 3754/1/3754
f 3838/1/3838 3771/1/3771 3714/1/3714
f 3673/1/3673 3714/1/3714 3771/1/3771
f 3816/1/3816 3795/1/3795 3772/1/3772
f 3673/1/3673 3883/1/3883 3726/1/3726
f 3726/1/3726 3883/1/3883 3683/1/3683
f 3797/1/3797 3816/1/3816 3772/1/3772
f 3759/1/3759 3797/1/3797 3772/1/3772
f 3759/1/3759 3761/1/3761 3773/1/3773
f 3843/1/3843 3760/1/3760 3798/1/3798
f 3799/1/3799 3773/1/3773 3761/1/3761
f 3761/1/3761 3727/1/3727 3799/1/3799
f 3760/1/3760 3801/1/3801 3675/1/3675
f 3799/1/3799 3727/1/3727 3803/1/3803
f 3893/1/3893 3762/1/3762 3728/1/3728
f 3803/1/3803 3763/1/3763 3807/1/3807
f 3807/1/3807 3763/1/3763 3806/1/3806
f 3688/1/3688 3809/1/3809 3808/1/3808
f 3809/1/3809 3764/1/3764 3810/1/3810
f 3738/1/3738 3737/1/3737 3775/1/3775
f 3776/1/3776 3777/1/3777 3775/1/3775
f 3779/1/3779 3777/1/3777 3776/1/3776
f 3743/1/3743 3781/1/3781 3778/1/3778
f 3782/1/3782 3765/1/3765 3774/1/3774
f 3775/1/3775 3782/1/3782 3774/1/3774
f 3777/1/3777 3782/1/3782 3775/1/3775
f 3779/1/3779 3780/1/3780 3777/1/3777
f 3778/1/3778 3780/1/3780 3779/1/3779
f 3778/1/3778 3784/1/3784 3780/1/3780
f 3782/1/3782 3783/1/3783 3765/1/3765
f 3781/1/3781 3784/1/3784 3778/1/3778
f 3765/1/3765 3783/1/3783 3748/1/3748
f 3781/1/3781 3786/1/3786 3784/1/3784
f 3785/1/3785 3786/1/3786 3781/1/3781
f 3766/1/3766 3787/1/3787 3767/1/3767
f 3787/1/3787 3766/1/3766 3748/1/3748
f 3785/1/3785 3751/1/3751 3786/1/3786
f 3787/1/3787 3789/1/3789 3767/1/3767
f 3786/1/3786 3751/1/3751 3788/1/3788
f 3749/1/3749 3767/1/3767 3789/1/3789
f 3789/1/3789 3790/1/3790 3749/1/3749
f 3751/1/3751 3792/1/3792 3788/1/3788
f 3791/1/3791 3792/1/3792 3751/1/3751
f 3791/1/3791 3769/1/3769 3792/1/3792
f 3792/1/3792 3769/1/3769 3834/1/3834
f 3836/1/3836 3769/1/3769 3793/1/3793
f 3768/1/3768 3813/1/3813 3754/1/3754
f 3755/1/3755 3814/1/3814 3793/1/3793
f 3770/1/3770 3813/1/3813 3838/1/3838
f 3814/1/3814 3755/1/3755 3794/1/3794
f 3755/1/3755 3756/1/3756 3794/1/3794
f 3756/1/3756 3795/1/3795 3794/1/3794
f 3882/1/3882 3673/1/3673 3771/1/3771
f 3794/1/3794 3816/1/3816 3796/1/3796
f 3795/1/3795 3816/1/3816 3794/1/3794
f 3841/1/3841 3798/1/3798 3683/1/3683
f 3797/1/3797 3759/1/3759 3773/1/3773
f 3799/1/3799 3800/1/3800 3773/1/3773
f 3843/1/3843 3801/1/3801 3760/1/3760
f 3675/1/3675 3801/1/3801 3804/1/3804
f 3847/1/3847 3800/1/3800 3802/1/3802
f 3799/1/3799 3803/1/3803 3800/1/3800
f 3800/1/3800 3803/1/3803 3802/1/3802
f 3802/1/3802 3806/1/3806 3805/1/3805
f 3803/1/3803 3807/1/3807 3802/1/3802
f 3893/1/3893 3728/1/3728 3804/1/3804
f 3802/1/3802 3807/1/3807 3806/1/3806
f 3720/1/3720 3762/1/3762 3893/1/3893
f 3806/1/3806 3808/1/3808 3805/1/3805
f 3850/1/3850 3720/1/3720 3893/1/3893
f 3731/1/3731 3720/1/3720 3850/1/3850
f 3732/1/3732 3731/1/3731 3850/1/3850
f 3809/1/3809 3819/1/3819 3818/1/3818
f 3808/1/3808 3809/1/3809 3818/1/3818
f 3851/1/3851 3810/1/3810 3732/1/3732
f 3809/1/3809 3810/1/3810 3819/1/3819
f 3782/1/3782 3777/1/3777 3812/1/3812
f 3812/1/3812 3811/1/3811 3782/1/3782
f 3825/1/3825 3812/1/3812 3777/1/3777
f 3780/1/3780 3825/1/3825 3777/1/3777
f 3783/1/3783 3811/1/3811 3821/1/3821
f 3782/1/3782 3811/1/3811 3783/1/3783
f 3784/1/3784 3825/1/3825 3780/1/3780
f 3784/1/3784 3822/1/3822 3825/1/3825
f 3783/1/3783 3821/1/3821 3748/1/3748
f 3786/1/3786 3826/1/3826 3784/1/3784
f 3827/1/3827 3787/1/3787 3748/1/3748
f 3786/1/3786 3830/1/3830 3826/1/3826
f 3788/1/3788 3830/1/3830 3786/1/3786
f 3789/1/3789 3787/1/3787 3827/1/3827
f 3789/1/3789 3831/1/3831 3790/1/3790
f 3833/1/3833 3788/1/3788 3792/1/3792
f 3836/1/3836 3793/1/3793 3814/1/3814
f 3814/1/3814 3794/1/3794 3839/1/3839
f 3771/1/3771 3838/1/3838 3856/1/3856
f 3794/1/3794 3796/1/3796 3815/1/3815
f 3815/1/3815 3796/1/3796 3840/1/3840
f 3840/1/3840 3796/1/3796 3816/1/3816
f 3797/1/3797 3817/1/3817 3816/1/3816
f 3683/1/3683 3885/1/3885 3841/1/3841
f 3797/1/3797 3773/1/3773 3817/1/3817
f 3841/1/3841 3843/1/3843 3798/1/3798
f 3844/1/3844 3800/1/3800 3845/1/3845
f 3773/1/3773 3800/1/3800 3844/1/3844
f 3802/1/3802 3805/1/3805 3847/1/3847
f 3808/1/3808 3849/1/3849 3805/1/3805
f 3850/1/3850 3851/1/3851 3732/1/3732
f 3819/1/3819 3810/1/3810 3852/1/3852
f 3825/1/3825 3823/1/3823 3812/1/3812
f 3812/1/3812 3823/1/3823 3811/1/3811
f 3820/1/3820 3821/1/3821 3811/1/3811
f 3823/1/3823 3820/1/3820 3811/1/3811
f 3824/1/3824 3823/1/3823 3825/1/3825
f 3784/1/3784 3826/1/3826 3822/1/3822
f 3748/1/3748 3821/1/3821 3827/1/3827
f 3822/1/3822 3824/1/3824 3825/1/3825
f 3821/1/3821 3854/1/3854 3827/1/3827
f 3820/1/3820 3854/1/3854 3821/1/3821
f 3826/1/3826 3828/1/3828 3822/1/3822
f 3822/1/3822 3828/1/3828 3824/1/3824
f 3830/1/3830 3828/1/3828 3826/1/3826
f 3827/1/3827 3829/1/3829 3789/1/3789
f 3829/1/3829 3827/1/3827 3854/1/3854
f 3789/1/3789 3874/1/3874 3831/1/3831
f 3829/1/3829 3874/1/3874 3789/1/3789
f 3788/1/3788 3833/1/3833 3830/1/3830
f 3830/1/3830 3832/1/3832 3828/1/3828
f 3833/1/3833 3832/1/3832 3830/1/3830
f 3833/1/3833 3834/1/3834 3832/1/3832
f 3874/1/3874 3835/1/3835 3831/1/3831
f 3792/1/3792 3834/1/3834 3833/1/3833
f 3831/1/3831 3768/1/3768 3790/1/3790
f 3831/1/3831 3835/1/3835 3768/1/3768
f 3769/1/3769 3836/1/3836 3834/1/3834
f 3855/1/3855 3834/1/3834 3836/1/3836
f 3768/1/3768 3837/1/3837 3813/1/3813
f 3836/1/3836 3814/1/3814 3878/1/3878
f 3878/1/3878 3814/1/3814 3839/1/3839
f 3837/1/3837 3838/1/3838 3813/1/3813
f 3794/1/3794 3815/1/3815 3839/1/3839
f 3839/1/3839 3815/1/3815 3857/1/3857
f 3856/1/3856 3882/1/3882 3771/1/3771
f 3673/1/3673 3882/1/3882 3883/1/3883
f 3815/1/3815 3840/1/3840 3857/1/3857
f 3840/1/3840 3842/1/3842 3857/1/3857
f 3817/1/3817 3842/1/3842 3840/1/3840
f 3840/1/3840 3816/1/3816 3817/1/3817
f 3817/1/3817 3844/1/3844 3842/1/3842
f 3817/1/3817 3773/1/3773 3844/1/3844
f 3844/1/3844 3845/1/3845 3842/1/3842
f 3886/1/3886 3843/1/3843 3841/1/3841
f 3842/1/3842 3845/1/3845 3846/1/3846
f 3886/1/3886 3801/1/3801 3843/1/3843
f 3845/1/3845 3847/1/3847 3846/1/3846
f 3848/1/3848 3858/1/3858 3846/1/3846
f 3846/1/3846 3847/1/3847 3848/1/3848
f 3845/1/3845 3800/1/3800 3847/1/3847
f 3801/1/3801 3891/1/3891 3804/1/3804
f 3804/1/3804 3891/1/3891 3893/1/3893
f 3847/1/3847 3805/1/3805 3848/1/3848
f 3848/1/3848 3805/1/3805 3849/1/3849
f 3849/1/3849 3818/1/3818 3860/1/3860
f 3860/1/3860 3818/1/3818 3852/1/3852
f 3808/1/3808 3818/1/3818 3849/1/3849
f 3818/1/3818 3819/1/3819 3852/1/3852
f 3852/1/3852 3810/1/3810 3851/1/3851
f 3823/1/3823 3864/1/3864 3861/1/3861
f 3823/1/3823 3824/1/3824 3864/1/3864
f 3861/1/3861 3820/1/3820 3823/1/3823
f 3824/1/3824 3853/1/3853 3864/1/3864
f 3820/1/3820 3862/1/3862 3854/1/3854
f 3824/1/3824 3866/1/3866 3853/1/3853
f 3866/1/3866 3824/1/3824 3828/1/3828
f 3854/1/3854 3867/1/3867 3829/1/3829
f 3829/1/3829 3867/1/3867 3874/1/3874
f 3875/1/3875 3828/1/3828 3832/1/3832
f 3875/1/3875 3832/1/3832 3834/1/3834
f 3855/1/3855 3875/1/3875 3834/1/3834
f 3836/1/3836 3878/1/3878 3855/1/3855
f 3837/1/3837 3856/1/3856 3838/1/3838
f 3839/1/3839 3857/1/3857 3878/1/3878
f 3883/1/3883 3885/1/3885 3683/1/3683
f 3857/1/3857 3842/1/3842 3880/1/3880
f 3880/1/3880 3842/1/3842 3887/1/3887
f 3846/1/3846 3887/1/3887 3842/1/3842
f 3801/1/3801 3886/1/3886 3935/1/3935
f 3935/1/3935 3891/1/3891 3801/1/3801
f 3890/1/3890 3846/1/3846 3858/1/3858
f 3858/1/3858 3848/1/3848 3895/1/3895
f 3849/1/3849 3895/1/3895 3848/1/3848
f 3860/1/3860 3895/1/3895 3849/1/3849
f 3850/1/3850 3859/1/3859 3851/1/3851
f 3820/1/3820 3861/1/3861 3862/1/3862
f 3854/1/3854 3862/1/3862 3865/1/3865
f 3868/1/3868 3862/1/3862 3861/1/3861
f 3864/1/3864 3869/1/3869 3861/1/3861
f 3853/1/3853 3866/1/3866 3864/1/3864
f 3862/1/3862 3863/1/3863 3865/1/3865
f 3869/1/3869 3868/1/3868 3861/1/3861
f 3867/1/3867 3854/1/3854 3865/1/3865
f 3862/1/3862 3868/1/3868 3863/1/3863
f 3864/1/3864 3866/1/3866 3869/1/3869
f 3828/1/3828 3870/1/3870 3866/1/3866
f 3865/1/3865 3871/1/3871 3867/1/3867
f 3863/1/3863 3871/1/3871 3865/1/3865
f 3866/1/3866 3872/1/3872 3869/1/3869
f 3828/1/3828 3875/1/3875 3870/1/3870
f 3870/1/3870 3872/1/3872 3866/1/3866
f 3872/1/3872 3906/1/3906 3869/1/3869
f 3870/1/3870 3873/1/3873 3872/1/3872
f 3875/1/3875 3873/1/3873 3870/1/3870
f 3867/1/3867 3898/1/3898 3874/1/3874
f 3871/1/3871 3898/1/3898 3867/1/3867
f 3874/1/3874 3877/1/3877 3835/1/3835
f 3898/1/3898 3877/1/3877 3874/1/3874
f 3876/1/3876 3873/1/3873 3875/1/3875
f 3913/1/3913 3873/1/3873 3876/1/3876
f 3875/1/3875 3855/1/3855 3876/1/3876
f 3835/1/3835 3877/1/3877 3768/1/3768
f 3876/1/3876 3899/1/3899 3913/1/3913
f 3855/1/3855 3899/1/3899 3876/1/3876
f 3768/1/3768 3877/1/3877 3837/1/3837
f 3837/1/3837 3877/1/3877 3917/1/3917
f 3855/1/3855 3878/1/3878 3899/1/3899
f 3917/1/3917 3879/1/3879 3837/1/3837
f 3878/1/3878 3881/1/3881 3899/1/3899
f 3837/1/3837 3879/1/3879 3856/1/3856
f 3856/1/3856 3924/1/3924 3882/1/3882
f 3878/1/3878 3880/1/3880 3881/1/3881
f 3927/1/3927 3882/1/3882 3924/1/3924
f 3878/1/3878 3857/1/3857 3880/1/3880
f 3883/1/3883 3882/1/3882 3927/1/3927
f 3884/1/3884 3883/1/3883 3927/1/3927
f 3880/1/3880 3889/1/3889 3881/1/3881
f 3885/1/3885 3883/1/3883 3884/1/3884
f 3880/1/3880 3887/1/3887 3889/1/3889
f 3930/1/3930 3841/1/3841 3885/1/3885
f 3887/1/3887 3890/1/3890 3889/1/3889
f 3841/1/3841 3930/1/3930 3886/1/3886
f 3887/1/3887 3846/1/3846 3890/1/3890
f 3933/1/3933 3935/1/3935 3886/1/3886
f 3889/1/3889 3890/1/3890 3888/1/3888
f 3890/1/3890 3858/1/3858 3888/1/3888
f 3888/1/3888 3858/1/3858 3892/1/3892
f 3936/1/3936 3891/1/3891 3935/1/3935
f 3858/1/3858 3895/1/3895 3892/1/3892
f 3936/1/3936 3893/1/3893 3891/1/3891
f 3892/1/3892 3895/1/3895 3860/1/3860
f 3859/1/3859 3850/1/3850 3893/1/3893
f 3852/1/3852 3938/1/3938 3860/1/3860
f 3851/1/3851 3859/1/3859 3894/1/3894
f 3852/1/3852 3851/1/3851 3894/1/3894
f 3868/1/3868 3869/1/3869 3896/1/3896
f 3863/1/3863 3868/1/3868 3902/1/3902
f 3896/1/3896 3902/1/3902 3868/1/3868
f 3871/1/3871 3863/1/3863 3905/1/3905
f 3871/1/3871 3905/1/3905 3897/1/3897
f 3871/1/3871 3897/1/3897 3914/1/3914
f 3873/1/3873 3907/1/3907 3872/1/3872
f 3913/1/3913 3907/1/3907 3873/1/3873
f 3914/1/3914 3898/1/3898 3871/1/3871
f 3898/1/3898 3917/1/3917 3877/1/3877
f 3919/1/3919 3913/1/3913 3899/1/3899
f 3899/1/3899 3922/1/3922 3919/1/3919
f 3899/1/3899 3881/1/3881 3900/1/3900
f 3879/1/3879 3924/1/3924 3856/1/3856
f 3889/1/3889 3929/1/3929 3900/1/3900
f 3881/1/3881 3889/1/3889 3900/1/3900
f 3885/1/3885 3884/1/3884 3930/1/3930
f 3930/1/3930 3933/1/3933 3886/1/3886
f 3888/1/3888 3931/1/3931 3889/1/3889
f 3888/1/3888 3901/1/3901 3931/1/3931
f 3888/1/3888 3892/1/3892 3939/1/3939
f 3893/1/3893 3936/1/3936 3859/1/3859
f 3940/1/3940 3859/1/3859 3936/1/3936
f 3860/1/3860 3939/1/3939 3892/1/3892
f 3939/1/3939 3860/1/3860 3938/1/3938
f 3859/1/3859 3941/1/3941 3894/1/3894
f 3852/1/3852 3894/1/3894 3938/1/3938
f 3863/1/3863 3902/1/3902 3905/1/3905
f 3903/1/3903 3902/1/3902 3896/1/3896
f 3904/1/3904 3903/1/3903 3896/1/3896
f 3869/1/3869 3906/1/3906 3896/1/3896
f 3903/1/3903 3905/1/3905 3902/1/3902
f 3906/1/3906 3904/1/3904 3896/1/3896
f 3906/1/3906 3872/1/3872 3907/1/3907
f 3904/1/3904 3909/1/3909 3903/1/3903
f 3911/1/3911 3909/1/3909 3904/1/3904
f 3909/1/3909 3905/1/3905 3903/1/3903
f 3907/1/3907 3904/1/3904 3906/1/3906
f 3905/1/3905 3908/1/3908 3897/1/3897
f 3909/1/3909 3910/1/3910 3905/1/3905
f 3907/1/3907 3911/1/3911 3904/1/3904
f 3908/1/3908 3914/1/3914 3897/1/3897
f 3910/1/3910 3908/1/3908 3905/1/3905
f 3911/1/3911 3912/1/3912 3909/1/3909
f 3916/1/3916 3911/1/3911 3907/1/3907
f 3911/1/3911 3915/1/3915 3912/1/3912
f 3916/1/3916 3915/1/3915 3911/1/3911
f 3913/1/3913 3916/1/3916 3907/1/3907
f 3908/1/3908 3944/1/3944 3914/1/3914
f 3898/1/3898 3914/1/3914 3917/1/3917
f 3944/1/3944 3917/1/3917 3914/1/3914
f 3913/1/3913 3919/1/3919 3916/1/3916
f 3916/1/3916 3920/1/3920 3915/1/3915
f 3919/1/3919 3920/1/3920 3916/1/3916
f 3918/1/3918 3917/1/3917 3944/1/3944
f 3879/1/3879 3917/1/3917 3921/1/3921
f 3918/1/3918 3921/1/3921 3917/1/3917
f 3922/1/3922 3920/1/3920 3919/1/3919
f 3922/1/3922 3923/1/3923 3920/1/3920
f 3899/1/3899 3900/1/3900 3922/1/3922
f 3921/1/3921 3924/1/3924 3879/1/3879
f 3900/1/3900 3923/1/3923 3922/1/3922
f 3921/1/3921 3925/1/3925 3924/1/3924
f 3925/1/3925 3927/1/3927 3924/1/3924
f 3925/1/3925 3928/1/3928 3927/1/3927
f 3900/1/3900 3929/1/3929 3923/1/3923
f 3928/1/3928 3884/1/3884 3927/1/3927
f 3923/1/3923 3929/1/3929 3926/1/3926
f 3926/1/3926 3929/1/3929 3932/1/3932
f 3930/1/3930 3884/1/3884 3928/1/3928
f 3929/1/3929 3931/1/3931 3932/1/3932
f 3889/1/3889 3931/1/3931 3929/1/3929
f 3975/1/3975 3933/1/3933 3930/1/3930
f 3931/1/3931 3901/1/3901 3932/1/3932
f 3901/1/3901 3934/1/3934 3932/1/3932
f 3901/1/3901 3939/1/3939 3934/1/3934
f 3888/1/3888 3939/1/3939 3901/1/3901
f 3936/1/3936 3935/1/3935 3980/1/3980
f 3934/1/3934 3938/1/3938 3937/1/3937
f 3939/1/3939 3938/1/3938 3934/1/3934
f 3937/1/3937 3941/1/3941 3949/1/3949
f 3938/1/3938 3941/1/3941 3937/1/3937
f 3941/1/3941 3940/1/3940 3949/1/3949
f 3941/1/3941 3859/1/3859 3940/1/3940
f 3938/1/3938 3894/1/3894 3941/1/3941
f 3909/1/3909 3952/1/3952 3951/1/3951
f 3912/1/3912 3952/1/3952 3909/1/3909
f 3912/1/3912 3950/1/3950 3952/1/3952
f 3910/1/3910 3909/1/3909 3951/1/3951
f 3950/1/3950 3912/1/3912 3915/1/3915
f 3908/1/3908 3942/1/3942 3943/1/3943
f 3910/1/3910 3942/1/3942 3908/1/3908
f 3944/1/3944 3908/1/3908 3943/1/3943
f 3943/1/3943 3954/1/3954 3944/1/3944
f 3915/1/3915 3958/1/3958 3957/1/3957
f 3918/1/3918 3944/1/3944 3966/1/3966
f 3920/1/3920 3958/1/3958 3915/1/3915
f 3946/1/3946 3958/1/3958 3920/1/3920
f 3921/1/3921 3918/1/3918 3945/1/3945
f 3966/1/3966 3945/1/3945 3918/1/3918
f 3920/1/3920 3923/1/3923 3946/1/3946
f 3921/1/3921 3945/1/3945 3925/1/3925
f 3923/1/3923 3947/1/3947 3946/1/3946
f 3923/1/3923 3926/1/3926 3947/1/3947
f 3970/1/3970 3928/1/3928 3925/1/3925
f 3932/1/3932 3947/1/3947 3926/1/3926
f 3932/1/3932 3979/1/3979 3947/1/3947
f 3928/1/3928 3975/1/3975 3930/1/3930
f 3983/1/3983 3979/1/3979 3932/1/3932
f 3933/1/3933 3975/1/3975 3980/1/3980
f 3932/1/3932 3934/1/3934 3983/1/3983
f 3933/1/3933 3980/1/3980 3935/1/3935
f 3983/1/3983 3934/1/3934 3987/1/3987
f 3987/1/3987 3934/1/3934 3937/1/3937
f 3936/1/3936 3980/1/3980 3948/1/3948
f 3940/1/3940 3936/1/3936 3948/1/3948
f 3987/1/3987 3937/1/3937 3988/1/3988
f 3940/1/3940 3948/1/3948 3949/1/3949
f 3948/1/3948 3988/1/3988 3949/1/3949
f 3988/1/3988 3937/1/3937 3949/1/3949
f 3910/1/3910 3951/1/3951 3942/1/3942
f 3950/1/3950 3955/1/3955 3952/1/3952
f 3953/1/3953 3951/1/3951 3952/1/3952
f 3955/1/3955 3953/1/3953 3952/1/3952
f 3915/1/3915 3957/1/3957 3950/1/3950
f 3953/1/3953 3943/1/3943 3942/1/3942
f 3951/1/3951 3953/1/3953 3942/1/3942
f 3953/1/3953 3954/1/3954 3943/1/3943
f 3957/1/3957 3955/1/3955 3950/1/3950
f 3961/1/3961 3956/1/3956 3953/1/3953
f 3955/1/3955 3961/1/3961 3953/1/3953
f 3962/1/3962 3961/1/3961 3955/1/3955
f 3954/1/3954 3959/1/3959 3944/1/3944
f 3953/1/3953 3960/1/3960 3954/1/3954
f 3956/1/3956 3960/1/3960 3953/1/3953
f 3957/1/3957 3962/1/3962 3955/1/3955
f 3954/1/3954 3960/1/3960 3959/1/3959
f 3944/1/3944 3959/1/3959 3966/1/3966
f 3962/1/3962 3963/1/3963 3961/1/3961
f 3960/1/3960 3965/1/3965 3959/1/3959
f 3964/1/3964 3963/1/3963 3962/1/3962
f 3990/1/3990 3965/1/3965 3960/1/3960
f 3957/1/3957 3969/1/3969 3962/1/3962
f 3958/1/3958 3969/1/3969 3957/1/3957
f 3946/1/3946 3969/1/3969 3958/1/3958
f 3965/1/3965 3966/1/3966 3959/1/3959
f 3962/1/3962 3969/1/3969 3964/1/3964
f 3965/1/3965 3967/1/3967 3966/1/3966
f 3966/1/3966 3968/1/3968 3945/1/3945
f 3967/1/3967 3968/1/3968 3966/1/3966
f 3945/1/3945 3970/1/3970 3925/1/3925
f 3967/1/3967 3971/1/3971 3968/1/3968
f 3946/1/3946 3947/1/3947 3969/1/3969
f 3945/1/3945 3968/1/3968 3970/1/3970
f 3968/1/3968 3972/1/3972 3970/1/3970
f 3969/1/3969 3973/1/3973 3964/1/3964
f 3947/1/3947 3973/1/3973 3969/1/3969
f 3971/1/3971 3972/1/3972 3968/1/3968
f 3964/1/3964 3973/1/3973 3976/1/3976
f 3970/1/3970 3972/1/3972 3928/1/3928
f 3974/1/3974 3972/1/3972 3971/1/3971
f 3947/1/3947 3979/1/3979 3973/1/3973
f 3973/1/3973 3977/1/3977 3976/1/3976
f 3972/1/3972 3975/1/3975 3928/1/3928
f 3974/1/3974 3975/1/3975 3972/1/3972
f 3979/1/3979 3977/1/3977 3973/1/3973
f 3977/1/3977 3978/1/3978 3976/1/3976
f 3974/1/3974 3984/1/3984 3975/1/3975
f 3979/1/3979 3983/1/3983 3977/1/3977
f 3977/1/3977 3986/1/3986 3978/1/3978
f 3983/1/3983 3986/1/3986 3977/1/3977
f 3984/1/3984 3980/1/3980 3975/1/3975
f 3984/1/3984 4007/1/4007 3985/1/3985
f 3978/1/3978 3986/1/3986 3982/1/3982
f 3983/1/3983 3987/1/3987 3986/1/3986
f 3982/1/3982 3988/1/3988 3981/1/3981
f 3986/1/3986 3988/1/3988 3982/1/3982
f 3984/1/3984 3948/1/3948 3980/1/3980
f 3985/1/3985 3948/1/3948 3984/1/3984
f 3987/1/3987 3988/1/3988 3986/1/3986
f 3981/1/3981 3948/1/3948 3985/1/3985
f 3988/1/3988 3948/1/3948 3981/1/3981
f 3956/1/3956 3961/1/3961 3989/1/3989
f 3993/1/3993 3990/1/3990 3960/1/3960
f 3956/1/3956 3993/1/3993 3960/1/3960
f 3989/1/3989 3993/1/3993 3956/1/3956
f 3991/1/3991 3989/1/3989 3961/1/3961
f 3963/1/3963 3991/1/3991 3961/1/3961
f 3990/1/3990 3996/1/3996 3965/1/3965
f 3992/1/3992 3963/1/3963 3964/1/3964
f 3998/1/3998 3967/1/3967 3965/1/3965
f 3999/1/3999 3992/1/3992 3964/1/3964
f 3967/1/3967 3998/1/3998 3971/1/3971
f 4003/1/4003 3999/1/3999 3964/1/3964
f 4001/1/4001 3971/1/3971 3998/1/3998
f 3964/1/3964 3976/1/3976 4003/1/4003
f 3971/1/3971 4001/1/4001 3974/1/3974
f 4003/1/4003 3976/1/3976 4004/1/4004
f 3976/1/3976 3978/1/3978 4004/1/4004
f 4006/1/4006 3984/1/3984 3974/1/3974
f 3978/1/3978 4009/1/4009 4004/1/4004
f 3984/1/3984 4006/1/4006 4007/1/4007
f 4009/1/4009 3978/1/3978 3982/1/3982
f 3981/1/3981 4010/1/4010 3982/1/3982
f 3985/1/3985 4007/1/4007 4010/1/4010
f 3981/1/3981 3985/1/3985 4010/1/4010
f 3993/1/3993 3995/1/3995 3990/1/3990
f 3997/1/3997 3993/1/3993 3989/1/3989
f 3991/1/3991 3997/1/3997 3989/1/3989
f 3995/1/3995 3996/1/3996 3990/1/3990
f 3993/1/3993 3994/1/3994 3995/1/3995
f 3997/1/3997 3994/1/3994 3993/1/3993
f 3994/1/3994 4000/1/4000 3995/1/3995
f 3963/1/3963 3992/1/3992 3991/1/3991
f 3991/1/3991 3992/1/3992 3997/1/3997
f 3965/1/3965 3996/1/3996 3998/1/3998
f 3994/1/3994 4005/1/4005 4000/1/4000
f 3995/1/3995 4000/1/4000 3996/1/3996
f 4000/1/4000 3998/1/3998 3996/1/3996
f 4002/1/4002 4005/1/4005 3994/1/3994
f 3997/1/3997 4002/1/4002 3994/1/3994
f 3997/1/3997 3992/1/3992 4002/1/4002
f 3999/1/3999 4003/1/4003 3992/1/3992
f 4000/1/4000 4001/1/4001 3998/1/3998
f 4003/1/4003 4002/1/4002 3992/1/3992
f 4000/1/4000 4005/1/4005 4001/1/4001
f 4003/1/4003 4004/1/4004 4002/1/4002
f 4005/1/4005 4006/1/4006 4001/1/4001
f 4001/1/4001 4006/1/4006 3974/1/3974
f 4002/1/4002 4008/1/4008 4005/1/4005
f 4004/1/4004 4009/1/4009 4002/1/4002
f 4005/1/4005 4007/1/4007 4006/1/4006
f 4002/1/4002 4009/1/4009 4008/1/4008
f 4008/1/4008 4007/1/4007 4005/1/4005
f 4008/1/4008 4010/1/4010 4007/1/4007
f 4009/1/4009 4010/1/4010 4008/1/4008
f 3982/1/3982 4010/1/4010 4009/1/4009
f 1117/1/1117 1116/1/1116 989/1/989
f 1287/1/1287 4011/1/4011 1190/1/1190
f 1289/1/1289 1472/1/1472 4016/1/4016
f 1190/1/1190 1289/1/1289 4016/1/4016
f 1503/1/1503 1631/1/1631 1504/1/1504
f 1190/1/1190 4016/1/4016 1503/1/1503
f 4013/1/4013 1325/1/1325 4012/1/4012
f 1433/1/1433 4013/1/4013 4012/1/4012
f 4012/1/4012 1287/1/1287 1190/1/1190
f 1433/1/1433 4012/1/4012 1190/1/1190
f 1504/1/1504 1433/1/1433 1190/1/1190
f 1503/1/1503 1504/1/1504 1190/1/1190
f 1512/1/1512 4018/1/4018 1667/1/1667
f 1512/1/1512 1667/1/1667 1476/1/1476
f 1373/1/1373 1512/1/1512 1476/1/1476
f 1373/1/1373 1476/1/1476 1294/1/1294
f 1295/1/1295 1373/1/1373 1294/1/1294
f 1477/1/1477 1635/1/1635 1441/1/1441
f 1477/1/1477 1441/1/1441 4015/1/4015
f 4015/1/4015 1371/1/1371 1295/1/1295
f 1477/1/1477 4015/1/4015 1295/1/1295
f 1476/1/1476 1477/1/1477 1295/1/1295
f 1476/1/1476 1295/1/1295 1440/1/1440
f 1603/1/1603 1508/1/1508 1328/1/1328
f 1665/1/1665 1603/1/1603 1328/1/1328
f 1474/1/1474 1665/1/1665 1328/1/1328
f 1473/1/1473 1541/1/1541 1632/1/1632
f 1473/1/1473 1632/1/1632 4017/1/4017
f 1436/1/1436 1473/1/1473 4017/1/4017
f 1436/1/1436 4017/1/4017 1665/1/1665
f 1665/1/1665 1475/1/1475 4014/1/4014
f 1665/1/1665 4014/1/4014 1437/1/1437
f 1474/1/1474 1328/1/1328 1436/1/1436
f 1484/1/1484 1640/1/1640 1777/1/1777
f 1712/1/1712 1616/1/1616 1677/1/1677
f 1485/1/1485 1519/1/1519 1484/1/1484
f 1485/1/1485 1484/1/1484 1777/1/1777
f 1485/1/1485 1777/1/1777 4020/1/4020
f 1586/1/1586 1583/1/1583 1485/1/1485
f 1586/1/1586 1485/1/1485 4020/1/4020
f 4020/1/4020 1810/1/1810 1782/1/1782
f 1586/1/1586 4020/1/4020 1782/1/1782
f 1641/1/1641 1520/1/1520 1381/1/1381
f 1677/1/1677 1844/1/1844 4019/1/4019
f 1779/1/1779 1641/1/1641 1381/1/1381
f 4019/1/4019 1779/1/1779 1381/1/1381
f 1677/1/1677 4019/1/4019 1381/1/1381
f 1586/1/1586 1782/1/1782 1712/1/1712
f 1381/1/1381 1552/1/1552 1586/1/1586
f 1677/1/1677 1381/1/1381 1586/1/1586
f 1677/1/1677 1586/1/1586 1712/1/1712
f 1871/1/1871 1903/1/1903 2026/1/2026
f 4022/1/4022 1871/1/1871 2026/1/2026
f 2028/1/2028 4021/1/4021 1980/1/1980
f 2028/1/2028 1980/1/1980 2030/1/2030
f 2093/1/2093 2194/1/2194 2094/1/2094
f 2031/1/2031 2093/1/2093 2094/1/2094
f 4023/1/4023 2031/1/2031 2094/1/2094
f 2198/1/2198 2126/1/2126 4027/1/4027
f 4028/1/4028 4029/1/4029 2529/1/2529
f 4028/1/4028 2529/1/2529 4030/1/4030
f 2293/1/2293 4028/1/4028 4030/1/4030
f 4027/1/4027 2293/1/2293 4030/1/4030
f 2529/1/2529 2385/1/2385 2235/1/2235
f 2529/1/2529 2235/1/2235 2199/1/2199
f 4031/1/4031 2812/1/2812 2665/1/2665
f 4030/1/4030 4031/1/4031 2665/1/2665
f 4027/1/4027 4030/1/4030 2665/1/2665
f 2665/1/2665 2529/1/2529 2199/1/2199
f 2665/1/2665 2199/1/2199 2264/1/2264
f 2665/1/2665 2264/1/2264 2198/1/2198
f 3069/1/3069 3178/1/3178 3112/1/3112
f 3204/1/3204 3112/1/3112 3207/1/3207
f 3299/1/3299 3204/1/3204 3207/1/3207
f 3299/1/3299 3207/1/3207 3298/1/3298
f 2198/1/2198 4027/1/4027 2665/1/2665
