vn 0.203208 0.0924955 -0.974757
v -43.0911 -6.94762 -78.9297
vn 0.617827 0.328557 -0.714381
v -42.3617 -4.995 -78.2887
vn -0.049651 0.161678 -0.985594
v -45.9961 -3.65226 -78.8556
vn 0.158011 -0.484981 -0.860131
v -41.3924 -17.1342 -77.4615
vn -0.315637 -0.423556 -0.849102
v -42.4912 -16.2344 -77.8695
vn 0.19022 -0.209817 -0.959058
v -41.7014 -13.854 -78.7728
vn -0.0232992 -0.0663191 -0.997526
v -41.8674 -13.1852 -78.8421
vn 0.59299 0.0319947 -0.804574
v -41.0123 -10.8342 -78.4484
vn -0.494158 -0.260424 -0.82945
v -43.1394 -14.2368 -78.2352
vn -0.364053 -0.159176 -0.917676
v -44.5043 -9.08418 -78.5424
vn 0.702965 0.174656 -0.689445
v -40.9844 -8.16963 -78.0087
vn -0.472964 -0.170565 -0.864415
v -47.5993 -4.30688 -78.1901
vn 0.741791 0.47663 -0.471773
v -41.3624 -4.36659 -76.397
vn -0.0952159 0.201065 -0.974939
v -47.8024 -1.79475 -78.2514
vn 0.392657 0.562987 -0.727232
v -46.6243 0.372304 -76.7227
vn -0.495127 -0.0140368 -0.868707
v -50.4608 0.998852 -77.2449
vn 0.0312626 -0.318387 -0.947445
v -54.6962 23.3321 -77.2036
vn 0.189728 -0.226194 -0.955426
v -51.8453 28.1659 -78.3628
vn -0.259266 0.0370366 -0.965096
v -52.6068 28.9 -78.3856
vn 0.505891 -0.264476 -0.821052
v -47.7749 31.4167 -77.7238
vn 0.100271 0.0180468 -0.994796
v -48.4752 33.8512 -78.4086
vn 0.252597 0.0714421 -0.96493
v -47.3048 36.3526 -78.0043
vn -0.65859 -0.330055 -0.676257
v -47.4956 -12.1459 -75.3103
vn 0.399536 0.476601 -0.783085
v -44.5275 -2.92179 -78.3007
vn 0.0356478 0.428084 -0.903036
v -50.213 2.5513 -77.0791
vn 0.476991 -0.428504 -0.767375
v -50.7689 27.2097 -77.4833
vn -0.546047 0.00259064 -0.837751
v -55.6174 24.1199 -77.1065
vn -0.305622 0.240738 -0.921217
v -50.0257 35.4734 -77.824
vn -0.148824 0.333434 -0.930953
v -47.4411 41.0213 -76.8423
vn -0.143987 0.277055 -0.950004
v -48.1523 38.2281 -77.5804
vn 0.679248 -0.160745 -0.716089
v -39.8848 -16.2749 -76.8415
vn -0.534366 -0.490809 -0.688157
v -43.4093 -19.2199 -75.065
vn -0.66957 -0.25009 -0.699379
v -50.2352 -4.13739 -76.2801
vn -0.313428 0.261088 -0.913015
v -51.9058 3.78852 -76.0389
vn 0.347237 0.629086 -0.695469
v -49.6391 3.86494 -75.7529
vn 0.495064 -0.480137 -0.724141
v -53.5388 22.2046 -76.1863
vn -0.609078 0.251803 -0.752076
v -53.9683 29.5106 -77.4624
vn -0.54218 0.354697 -0.761729
v -51.6041 36.6252 -76.5589
vn 0.306064 0.127853 -0.943387
v -45.244 39.3566 -76.9297
vn 0.196013 0.256224 -0.946535
v -44.5963 43.0638 -76.021
vn 0.86033 0.275683 -0.428755
v -39.1027 -7.83531 -74.6422
vn 0.365406 0.543302 -0.755845
v -51.8963 6.17392 -74.8675
vn 0.330545 0.329429 -0.88443
v -53.2161 7.70989 -74.586
vn -0.245763 0.125279 -0.9612
v -53.9224 6.13814 -74.7946
vn 0.28031 0.0522009 -0.958489
v -55.0625 11.1587 -74.0884
vn -0.723973 -0.112603 -0.680576
v -58.268 19.5998 -74.7445
vn -0.147759 -0.194992 -0.969611
v -56.3985 15.0373 -74.6809
vn -0.381712 -0.167881 -0.908907
v -57.3357 19.4152 -75.2776
vn 0.232019 -0.336414 -0.912684
v -55.8164 18.5883 -75.2116
vn 0.584167 -0.272945 -0.764362
v -55.0324 18.0586 -74.5074
vn -0.802664 0.0914283 -0.589383
v -57.8249 23.2966 -74.9229
vn 0.617125 -0.539314 -0.572973
v -47.8169 26.2295 -74.2298
vn 0.611984 -0.535367 -0.582115
v -45.1906 28.456 -73.42
vn -0.779163 0.221574 -0.586354
v -56.5735 28.5338 -75.1628
vn -0.791889 0.334991 -0.510581
v -55.4918 32.6752 -74.4234
vn 0.610396 -0.103626 -0.785288
v -41.6948 40.0509 -74.7937
vn -0.671831 0.445999 -0.591378
v -51.7614 39.3876 -74.7112
vn 0.518016 0.105483 -0.848842
v -41.8016 42.231 -75.0195
vn -0.475488 0.460844 -0.749355
v -47.8084 43.4294 -75.4829
vn 0.287181 0.378135 -0.88008
v -43.5667 45.7434 -74.9771
vn 0.0248576 -0.479231 -0.877337
v -40.8506 -20.0792 -75.3352
vn -0.734514 -0.435183 -0.520677
v -48.3741 -14.7984 -72.2955
vn 0.871276 0.0666055 -0.486253
v -38.4573 -12.1799 -75.1462
vn -0.759767 -0.3191 -0.566506
v -51.1079 -6.83176 -73.7232
vn 0.600174 0.611914 -0.515123
v -43.1537 -1.43486 -75.5206
vn -0.717897 -0.189902 -0.669747
v -53.2676 1.6583 -74.9905
vn -0.671491 -0.126623 -0.730114
v -54.6364 4.62255 -74.3134
vn 0.707908 0.447424 -0.546515
v -52.0534 7.89031 -73.508
vn 0.633844 -0.34136 -0.694057
v -44.4964 31.8533 -75.3759
vn -0.741744 0.400356 -0.538081
v -53.5784 36.8037 -74.2015
vn -0.143248 0.510116 -0.848093
v -45.2188 46.1848 -74.9114
vn -0.702279 -0.499372 -0.507377
v -44.2717 -20.4561 -73.0682
vn 0.694672 -0.203002 -0.690087
v -38.454 -20.3434 -74.1278
vn -0.775031 -0.402721 -0.486973
v -51.1861 -11.4758 -70.9227
vn -0.803241 -0.31379 -0.506301
v -53.9548 -5.55604 -70.3596
vn 0.707982 0.579076 -0.404269
v -41.4201 -1.35702 -72.6533
vn 0.571532 0.683829 -0.453573
v -47.6472 4.04779 -73.3412
vn -0.511261 -0.124125 -0.850415
v -56.0562 9.91851 -73.8466
vn 0.761389 0.212868 -0.612351
v -53.245 12.3551 -72.4703
vn -0.788534 -0.193132 -0.583879
v -58.1859 16.6845 -73.7949
vn 0.670739 -0.239001 -0.702131
v -39.9205 33.8582 -71.6164
vn 0.690522 -0.0120808 -0.72321
v -39.3323 42.5121 -72.7727
vn 0.45952 0.324516 -0.826759
v -39.9453 47.7491 -72.0517
vn -0.575124 0.552727 -0.603096
v -47.9603 46.2398 -73.2407
vn -0.329842 0.658625 -0.676327
v -45.7122 48.1618 -73.1571
vn 0.147095 0.531999 -0.83387
v -42.4128 49.8296 -71.8562
vn -0.0916943 -0.54688 -0.832175
v -40.1009 -24.1967 -73.2733
vn 0.510191 -0.331326 -0.79368
v -38.0241 -24.2908 -72.7689
vn -0.474456 -0.547357 -0.689414
v -41.9621 -22.8965 -73.3795
vn -0.829302 -0.187512 -0.526401
v -58.4062 9.86105 -70.8975
vn -0.934598 -0.00313177 -0.355692
v -59.2213 19.1166 -72.5081
vn 0.679101 -0.486455 -0.549712
v -51.9231 19.6864 -72.0097
vn -0.7436 0.488473 -0.456567
v -51.7358 44.3355 -70.0767
vn 0.52263 0.29509 -0.799862
v -41.0013 45.7326 -73.6752
vn -0.309348 0.650426 -0.693722
v -44.4333 50.3698 -71.507
vn 0.897251 0.191794 -0.397687
v -36.3494 -6.46644 -66.4619
vn -0.79257 -0.252904 -0.554863
v -55.8572 0.320867 -70.756
vn 0.681611 -0.497695 -0.536382
v -47.3855 21.5762 -67.5514
vn -0.908529 0.204434 -0.364392
v -58.801 28.315 -70.7178
vn 0.2242 -0.567667 -0.792142
v -37.7119 -27.8176 -70.6107
vn -0.444013 -0.624587 -0.642452
v -40.1855 -27.1881 -70.6329
vn -0.68478 -0.563333 -0.462312
v -43.1458 -23.9924 -70.864
vn 0.833865 -0.100454 -0.54275
v -36.4031 -24.132 -70.8173
vn 0.900758 0.0566962 -0.430606
v -36.1834 -15.5608 -70.2773
vn 0.658268 0.623845 -0.421309
v -49.7712 7.1884 -70.5924
vn 0.857207 0.0227912 -0.514468
v -50.6961 13.6054 -66.9312
vn -0.961889 0.0752706 -0.262874
v -60.2667 24.7206 -67.9332
vn -0.496438 0.654607 -0.570123
v -44.2971 53.7073 -67.9254
vn -0.0960875 0.651447 -0.752585
v -40.7578 54.6278 -68.8893
vn 0.297999 0.424135 -0.855164
v -38.8147 53.253 -69.5029
vn 0.649941 -0.442537 -0.617849
v -35.2142 -31.2526 -66.4784
vn 0.742251 -0.274578 -0.611286
v -35.8781 -29.0778 -68.3507
vn -0.33505 -0.650137 -0.681956
v -39.0402 -29.7427 -69.0743
vn -0.748219 -0.522064 -0.409412
v -45.7021 -21.5656 -69.0951
vn 0.591579 0.688194 -0.420028
v -44.2568 2.68811 -70.4689
vn 0.776343 -0.202303 -0.596963
v -52.91 17.5042 -71.9786
vn 0.619838 -0.49469 -0.609166
v -40.5809 30.9593 -70.566
vn 0.675004 0.117802 -0.728349
v -37.4281 46.4974 -70.5263
vn 0.0645719 -0.713224 -0.697956
v -37.4575 -31.8679 -67.0479
vn -0.704881 -0.551 -0.4467
v -42.705 -26.5411 -67.9416
vn 0.904207 -0.0668457 -0.421831
v -34.2358 -26.2873 -66.4025
vn 0.663061 0.492552 -0.563686
v -38.6427 1.68385 -65.1926
vn 0.649054 0.552573 -0.522869
v -48.8868 8.39083 -67.3949
vn 0.604401 -0.61159 -0.510545
v -43.8971 26.039 -68.5253
vn 0.550798 -0.606164 -0.573747
v -42.122 28.3976 -69.3849
vn 0.616185 -0.44525 -0.649668
v -36.6939 31.6401 -67.7161
vn -0.816138 0.409727 -0.407482
v -55.635 39.2799 -68.4183
vn 0.730658 -0.0761145 -0.678488
v -37.0179 38.8207 -70.0509
vn 0.752618 0.032733 -0.657644
v -34.7171 46.9501 -67.6803
vn 0.505066 0.407245 -0.760959
v -36.7136 54.6054 -67.913
vn -0.759918 -0.505865 -0.408197
v -48.8477 -17.7386 -68.4594
vn -0.7834 -0.489465 -0.383024
v -51.0628 -15.8861 -66.3113
vn -0.803416 -0.407657 -0.433981
v -52.7798 -11.6864 -67.9127
vn -0.837373 -0.273982 -0.473012
v -57.7648 0.999023 -68.3222
vn 0.822535 0.361739 -0.43884
v -38.0175 -4.14695 -68.4056
vn 0.691256 0.547719 -0.471347
v -40.6479 -0.108775 -69.5277
vn -0.899817 -0.180411 -0.397218
v -60.0683 7.24836 -66.7976
vn 0.528554 0.67136 -0.519525
v -42.2199 3.09041 -67.4592
vn 0.550891 0.697203 -0.458723
v -45.4686 5.32413 -67.4003
vn 0.793874 0.372791 -0.480407
v -50.3069 10.436 -67.5635
vn -0.884842 0.314321 -0.343885
v -58.3058 33.6954 -67.8162
vn 0.647493 0.18755 -0.738632
v -35.6731 52.2141 -67.8789
vn -0.346327 0.734533 -0.58354
v -42.2577 55.9107 -67.1307
vn 0.155048 0.671205 -0.724875
v -37.4547 57.0664 -66.4396
vn -0.770405 -0.510973 -0.381289
v -49.3085 -19.9626 -64.1106
vn 0.915533 0.100513 -0.389482
v -34.4817 -14.101 -66.1944
vn -0.865834 -0.309004 -0.393508
v -58.5225 -1.32154 -65.0153
vn 0.532637 0.613864 -0.582639
v -44.6921 6.98494 -64.49
vn 0.740086 -0.109731 -0.6635
v -50.0485 14.5235 -65.9184
vn 0.714559 -0.252726 -0.65233
v -35.34 33.649 -67.1424
vn 0.762103 -0.0633018 -0.644354
v -33.1484 40.1263 -65.4447
vn -0.633276 0.60736 -0.479663
v -50.4734 47.6494 -68.2186
vn -0.666855 -0.555816 -0.49636
v -41.163 -33.5848 -62.8188
vn -0.305715 -0.681047 -0.665367
v -38.8588 -34.8894 -63.5587
vn -0.475864 -0.654005 -0.588074
v -40.0784 -31.7731 -66.116
vn 0.322863 -0.647778 -0.690031
v -36.2078 -33.5639 -65.0664
vn -0.747217 -0.497885 -0.440202
v -44.3698 -26.8756 -64.6773
vn -0.825806 -0.390405 -0.406975
v -53.9077 -11.6165 -65.7914
vn -0.858233 -0.363533 -0.362326
v -56.7544 -7.94688 -63.1014
vn 0.689844 0.269403 -0.671966
v -48.7168 10.4008 -65.5794
vn -0.939983 -0.0815751 -0.331327
v -59.9019 13.655 -68.9926
vn 0.772479 -0.345478 -0.532843
v -49.804 17.3177 -67.0608
vn 0.59284 -0.564077 -0.574768
v -44.1879 22.4172 -64.7862
vn -0.75134 -0.523869 -0.401309
v -46.128 -23.4646 -65.6993
vn -0.810022 -0.463468 -0.359253
v -54.4219 -12.5515 -63.434
vn 0.52033 0.633934 -0.572175
v -39.13 5.41307 -61.7309
vn 0.504389 0.614166 -0.606953
v -40.7687 6.74227 -61.4639
vn 0.516889 -0.59134 -0.618985
v -36.737 28.2171 -64.9365
vn -0.939273 0.2222 -0.261521
v -60.0806 29.7523 -65.5962
vn -0.886069 0.342135 -0.312772
v -57.653 38.3634 -64.5553
vn 0.769428 0.0626729 -0.635651
v -32.7568 48.5161 -65.1498
vn 0.701248 0.27289 -0.658621
v -33.0332 55.1575 -64.0959
vn -0.485314 0.727404 -0.485133
v -44.6818 57.5716 -61.9655
vn -0.21051 0.802922 -0.557675
v -37.9341 60.4437 -62.182
vn 0.465555 0.55601 -0.688558
v -34.6513 58.8743 -63.4547
vn 0.831832 -0.2849 -0.476328
v -34.0698 -31.5147 -64.2176
vn 0.852302 -0.000645751 -0.52305
v -32.0652 -23.5432 -61.6659
vn 0.867625 0.151639 -0.473532
v -34.4141 -9.73174 -63.3112
vn 0.761967 0.224953 -0.607292
v -35.0534 -1.68346 -62.8891
vn -0.949765 -0.138195 -0.2808
v -61.1412 5.55096 -62.8887
vn 0.669905 -0.0390081 -0.741421
v -47.3892 15.0123 -63.778
vn 0.689779 -0.19648 -0.696851
v -45.0572 15.6389 -61.7665
vn 0.659844 -0.378408 -0.649164
v -45.9097 19.6097 -64.2943
vn 0.49612 -0.6549 -0.570062
v -39.5947 27.0549 -65.9608
vn 0.708849 -0.180555 -0.68186
v -30.4802 32.8387 -61.3059
vn 0.884966 -0.0640101 -0.461236
v -32.7323 -27.3681 -62.5146
vn 0.894606 -0.00378135 -0.446839
v -33.5962 -16.5217 -63.8671
vn 0.646491 0.341708 -0.682118
v -45.4954 9.58524 -63.0013
vn -0.965754 0.117981 -0.231083
v -61.5558 26.827 -61.5707
vn 0.620523 -0.485561 -0.615777
v -32.5826 29.057 -61.4558
vn 0.775694 -0.0214463 -0.630745
v -30.2663 38.1218 -62.0972
vn -0.608808 0.633044 -0.47813
v -48.216 54.1439 -62.9632
vn 0.0831806 0.786573 -0.61187
v -35.5548 61.6087 -61.0399
vn 0.529225 -0.463773 -0.710518
v -34.546 -36.9476 -61.1721
vn -0.60593 -0.626553 -0.490184
v -40.0124 -36.5878 -60.8574
vn 0.73614 -0.263583 -0.623396
v -32.3739 -35.327 -59.2382
vn 0.875024 0.0694367 -0.479074
v -32.3013 -15.0724 -61.5485
vn -0.9053 -0.26234 -0.334079
v -60.0283 0.924536 -63.4069
vn 0.698322 0.0459444 -0.714308
v -44.2601 12.8462 -60.8412
vn -0.973022 -0.0889018 -0.212897
v -62.165 7.23606 -60.2781
vn -0.965655 -0.00510563 -0.259779
v -61.5168 18.1911 -63.4784
vn 0.684321 -0.3861 -0.618572
v -43.6395 19.9448 -62.1789
vn 0.522743 -0.703734 -0.481142
v -37.7027 24.1813 -60.5325
vn 0.59349 -0.577476 -0.560617
v -34.246 27.3577 -61.9139
vn -0.936113 0.243656 -0.253621
v -60.4865 34.5601 -59.6067
vn -0.793205 0.456819 -0.402669
v -54.5475 43.3699 -65.8733
vn 0.807593 0.095263 -0.581996
v -30.5564 52.3585 -61.9607
vn -0.733419 0.530049 -0.42561
v -52.0648 50.2429 -62.0722
vn 0.75041 0.269375 -0.603591
v -31.1892 55.5251 -61.9091
vn 0.0432699 -0.665861 -0.74482
v -36.3517 -37.5268 -61.3347
vn -0.755665 -0.504606 -0.417545
v -43.945 -31.5264 -60.2524
vn 0.809476 0.0378703 -0.585931
v -30.8086 -19.3169 -59.0689
vn -0.783205 -0.493045 -0.378809
v -51.4446 -19.0738 -61.2749
vn -0.852247 -0.399825 -0.337365
v -56.9101 -10.3109 -60.2753
vn 0.800513 0.08368 -0.593444
v -32.9049 -8.85447 -61.1144
vn -0.884628 -0.338269 -0.320949
v -59.41 -3.5404 -60.5149
vn 0.674193 0.255964 -0.692782
v -33.4097 0.340805 -60.8004
vn 0.578411 0.499838 -0.644672
v -35.5672 3.06285 -60.8122
vn 0.581332 0.456518 -0.673531
v -42.4861 9.59548 -60.4418
vn 0.602638 -0.583159 -0.54475
v -40.5601 21.6855 -60.3398
vn 0.801061 0.0544182 -0.596104
v -29.1498 46.9161 -60.0749
vn 0.743987 0.333234 -0.57917
v -30.6494 59.1073 -59.4273
vn 0.549938 0.543774 -0.633938
v -33.305 60.9264 -60.7559
vn -0.374488 -0.715541 -0.589711
v -38.1396 -38.4124 -60.0068
vn -0.119552 -0.640336 -0.758734
v -34.8957 -42.1157 -57.3481
vn 0.385214 -0.427901 -0.817625
v -33.1783 -40.871 -58.0316
vn -0.679487 -0.610909 -0.406309
v -41.7361 -36.3545 -58.4852
vn -0.770458 -0.495779 -0.400747
v -49.4017 -22.9763 -60.3236
vn -0.801926 -0.475937 -0.361108
v -53.2069 -16.8535 -60.3146
vn 0.756264 0.0545542 -0.651988
v -30.9841 -13.1685 -58.7766
vn 0.67513 0.156407 -0.720927
v -42.853 12.3391 -59.5351
vn -0.977044 0.0269887 -0.211321
v -62.498 19.7995 -59.7089
vn 0.702077 -0.363858 -0.612123
v -41.9062 18.8351 -59.4097
vn 0.711757 -0.0526818 -0.700448
v -28.334 37.5973 -59.6579
vn -0.915292 0.286565 -0.283056
v -60.0001 38.2462 -57.2961
vn 0.756432 0.0591965 -0.651387
v -28.0574 43.5929 -59.1088
vn -0.79265 0.458745 -0.401571
v -55.6121 48.7863 -57.3952
vn 0.792003 0.107068 -0.601056
v -27.2994 47.9507 -57.7004
vn 0.829316 0.153592 -0.537256
v -29.0978 53.1786 -59.3143
vn -0.629075 0.596556 -0.498383
v -50.6297 55.7473 -57.7732
vn 0.839465 -0.104584 -0.533254
v -29.9762 -28.5393 -57.2773
vn -0.854909 -0.41062 -0.317053
v -56.5331 -13.5813 -57.2831
vn -0.925408 -0.268529 -0.267417
v -60.2904 -1.89547 -59.6965
vn 0.63859 0.236519 -0.732299
v -31.1624 1.22259 -57.9966
vn -0.982598 -0.0296761 -0.183358
v -62.8032 15.7411 -57.831
vn 0.643909 -0.49174 -0.586151
v -38.3727 21.0893 -56.8173
vn 0.543547 -0.689823 -0.478226
v -33.1214 26.5891 -59.2725
vn 0.365374 0.724218 -0.584816
v -33.216 63.6382 -57.451
vn 0.712937 -0.140335 -0.687042
v -30.6991 -40.2323 -56.6276
vn -0.744979 -0.547993 -0.380408
v -45.2713 -33.0703 -55.5964
vn -0.758562 -0.497234 -0.421118
v -47.2149 -28.4838 -57.9202
vn 0.770207 -0.0598033 -0.634985
v -28.9206 -22.3882 -56.8419
vn 0.514897 0.587854 -0.623946
v -38.7033 8.58719 -57.9744
vn 0.613282 0.376184 -0.69453
v -40.788 10.9342 -58.057
vn 0.712246 -0.149807 -0.685758
v -42.5229 16.7001 -59.3629
vn -0.979918 0.0404443 -0.195255
v -63.2469 21.0716 -55.6585
vn 0.653808 -0.305744 -0.692138
v -27.0188 30.3679 -57.6286
vn 0.72177 -0.0559005 -0.689872
v -25.6598 34.28 -57.2148
vn 0.710119 0.417372 -0.567037
v -29.519 60.4188 -57.0615
vn 0.345135 -0.392339 -0.852615
v -32.2323 -43.4557 -56.5216
vn -0.688292 -0.613331 -0.3874
v -40.2551 -39.6661 -55.6466
vn -0.823423 -0.442073 -0.355733
v -55.076 -17.6972 -55.1795
vn 0.669449 -0.0223869 -0.74252
v -28.378 -16.9855 -56.6115
vn -0.883398 -0.355542 -0.305285
v -58.8651 -9.11197 -56.1948
vn 0.588078 0.034889 -0.808051
v -29.5181 -8.65205 -57.479
vn 0.464299 0.547596 -0.696107
v -31.7431 4.98274 -56.0612
vn -0.98247 -0.097641 -0.158806
v -62.4012 6.31409 -57.6197
vn -0.984772 -0.0498457 -0.166552
v -63.2033 9.16005 -54.1365
vn 0.593604 -0.633428 -0.49639
v -34.7789 22.8811 -55.076
vn -0.965371 0.141914 -0.218905
v -62.4864 29.3243 -55.9368
vn 0.766701 -0.372629 -0.522798
v -24.6931 30.6743 -55.0851
vn -0.941616 0.224167 -0.251215
v -60.9631 35.8691 -56.3893
vn -0.869111 0.367337 -0.331225
v -57.9095 41.5931 -60.5283
vn 0.495479 0.68599 -0.53284
v -29.8682 65.2355 -53.4291
vn -0.490138 -0.675566 -0.550795
v -37.1226 -42.5654 -55.7535
vn 0.750055 -0.0166947 -0.661164
v -28.654 -42.0245 -54.2906
vn 0.849141 -0.134306 -0.510804
v -30.1066 -33.6065 -56.1975
vn 0.641975 -0.0942199 -0.760914
v -26.5786 -24.5873 -54.2326
vn 0.543905 -0.000980752 -0.839146
v -26.2005 -8.07156 -55.2035
vn -0.930043 -0.262909 -0.256707
v -61.2241 -2.10837 -55.9411
vn 0.532267 0.25378 -0.807643
v -28.7579 2.64094 -56.0941
vn 0.574015 0.448853 -0.684864
v -37.2987 9.88996 -55.6169
vn 0.679337 -0.280352 -0.678163
v -37.6852 19.0341 -54.7955
vn 0.730003 0.0720747 -0.679632
v -24.1384 39.6649 -55.1243
vn 0.80408 0.167816 -0.570345
v -25.8549 50.5762 -55.1043
vn -0.736836 0.519805 -0.432292
v -53.4362 54.2701 -55.2007
vn -0.439531 0.740972 -0.507714
v -47.179 62.4626 -52.9212
vn -0.484121 0.709928 -0.511497
v -47.2476 60.8541 -55.3258
vn -0.397811 0.753272 -0.523764
v -45.2791 60.689 -57.0654
vn 0.0308857 -0.611242 -0.790841
v -31.359 -47.2227 -53.9436
vn 0.86098 -0.0189113 -0.508287
v -29.0003 -35.7278 -53.6314
vn 0.784479 -0.282844 -0.551898
v -27.322 -31.1223 -52.6049
vn 0.721397 -0.190898 -0.665691
v -28.0858 -28.1238 -54.7983
vn -0.782764 -0.468505 -0.409613
v -50.239 -24.7719 -56.5321
vn -0.957476 -0.192606 -0.214808
v -61.672 2.37424 -58.4062
vn 0.681823 0.0860397 -0.72644
v -38.9389 13.837 -55.8666
vn -0.986042 -0.0226551 -0.164948
v -63.5623 16.3391 -53.5627
vn -0.884045 0.342548 -0.318002
v -59.1115 43.4229 -54.8548
vn 0.823079 0.218935 -0.524031
v -27.069 56.3656 -55.2945
vn -0.324646 0.797726 -0.508172
v -42.7557 63.6452 -53.9143
vn 0.0500265 0.846896 -0.5294
v -34.9193 65.4598 -55.2035
vn -0.306786 -0.725754 -0.615762
v -31.9135 -48.8475 -52.3955
vn 0.521672 -0.307083 -0.795963
v -29.1965 -45.3549 -54.2137
vn -0.728623 -0.586376 -0.353938
v -42.4832 -39.544 -51.7861
vn -0.752309 -0.54823 -0.365344
v -47.0859 -33.3075 -52.2351
vn -0.81962 -0.446262 -0.359268
v -55.2078 -20.1224 -52.2893
vn 0.575731 -0.0695509 -0.814676
v -25.367 -17.7243 -53.9026
vn 0.461982 -0.068823 -0.884215
v -23.6865 -11.9838 -53.3306
vn 0.43004 0.0233926 -0.902507
v -22.1356 -4.7204 -52.9278
vn -0.964753 -0.158397 -0.210147
v -62.8316 0.525858 -50.7763
vn 0.605372 -0.648631 -0.461304
v -26.436 28.7921 -55.4535
vn -0.9634 0.136778 -0.230548
v -63.5454 29.5759 -51.1434
vn 0.761549 -0.0793999 -0.643225
v -23.4021 35.0834 -54.5339
vn -0.924224 0.257599 -0.281875
v -61.2794 39.1932 -52.3509
vn -0.63614 0.611494 -0.470532
v -50.0145 58.9667 -54.6553
vn -0.236631 0.840829 -0.486839
v -37.5619 65.2562 -54.5197
vn 0.430987 -0.460521 -0.775996
v -27.9973 -49.1902 -51.4973
vn -0.580216 -0.692581 -0.428581
v -35.6645 -46.4368 -51.943
vn -0.661119 -0.642941 -0.386716
v -39.5554 -42.5207 -52.3054
vn 0.850058 0.128174 -0.510854
v -27.7137 -37.485 -51.9104
vn -0.786394 -0.491258 -0.3745
v -50.6855 -27.443 -52.9266
vn -0.851431 -0.40434 -0.334027
v -57.8144 -14.7472 -52.4737
vn -0.903534 -0.320938 -0.283944
v -59.8754 -9.78901 -52.6502
vn 0.485488 0.178873 -0.855749
v -24.9012 -1.02754 -54.0324
vn 0.484109 0.496585 -0.720445
v -25.0121 4.61349 -52.0639
vn 0.446808 0.713015 -0.540345
v -27.6545 6.82003 -52.0199
vn 0.485973 0.647905 -0.586557
v -31.7596 8.82495 -52.7029
vn 0.778458 -0.133231 -0.613394
v -35.6668 18.3848 -52.4888
vn 0.774571 0.429293 -0.464486
v -28.3168 64.1156 -52.5786
vn -0.0152579 -0.740831 -0.671518
v -28.4314 -51.6808 -49.6136
vn 0.861084 0.110096 -0.496401
v -25.1182 -43.1266 -49.1661
vn 0.84391 -0.0625263 -0.532828
v -26.9478 -34.9965 -49.8619
vn -0.792699 -0.532942 -0.295976
v -49.6264 -30.4754 -50.5107
vn 0.554666 -0.380095 -0.740185
v -24.2058 -29.4561 -50.4452
vn -0.812768 -0.497083 -0.303838
v -52.7511 -26.1906 -49.7333
vn 0.550551 -0.169887 -0.817333
v -23.1363 -23.61 -51.8859
vn 0.524652 -0.110314 -0.844139
v -21.4221 -17.0953 -51.5926
vn 0.655345 0.345326 -0.671769
v -34.9071 11.4514 -52.5082
vn 0.556096 -0.769426 -0.314231
v -29.5617 26.1865 -54.8799
vn 0.635071 -0.697018 -0.332942
v -23.807 29.4103 -50.6107
vn 0.723279 -0.311823 -0.616145
v -22.5204 32.3687 -52.7144
vn -0.953148 0.179288 -0.24365
v -63.502 34.5739 -48.1209
vn -0.925379 0.266619 -0.26942
v -61.4773 42.1772 -48.7641
vn 0.774725 0.16406 -0.610643
v -23.5942 46.9356 -53.1364
vn 0.738841 0.2305 -0.633233
v -20.1355 44.0606 -49.682
vn -0.887452 0.345541 -0.30501
v -59.7048 47.3073 -49.2114
vn -0.823397 0.435198 -0.364171
v -56.1823 52.3662 -52.2851
vn -0.417475 -0.773171 -0.477411
v -31.6206 -51.2146 -49.0613
vn 0.277837 -0.656055 -0.701712
v -25.9705 -53.1886 -47.7999
vn 0.765147 -0.115636 -0.633387
v -26.2075 -45.6038 -51.285
vn 0.634315 -0.360528 -0.683859
v -25.7396 -33.9714 -48.5924
vn 0.495693 -0.153311 -0.854859
v -19.5802 -15.9172 -50.4703
vn -0.923387 -0.311017 -0.225
v -60.829 -10.3106 -48.5703
vn -0.944289 -0.232064 -0.233376
v -61.6385 -4.57404 -51.7683
vn 0.428652 -0.0635568 -0.901231
v -19.0654 -7.8623 -51.814
vn 0.410786 0.0869833 -0.907573
v -13.8422 -2.17921 -49.7259
vn 0.365484 0.211668 -0.906432
v -18.9665 -1.24738 -51.1966
vn -0.978404 -0.088952 -0.186583
v -63.3801 6.20006 -51.8534
vn 0.733204 -0.498359 -0.462655
v -33.2644 21.7074 -51.4754
vn 0.614513 -0.71842 -0.325955
v -30.4885 24.4262 -51.2244
vn 0.822099 0.234976 -0.518594
v -22.9701 52.5195 -50.1251
vn -0.395514 0.739683 -0.544462
v -45.9645 65.0856 -50.0472
vn -0.245601 0.822997 -0.512208
v -40.7487 65.9187 -51.6676
vn 0.22745 0.84806 -0.478603
v -31.5065 66.5847 -52.6158
vn 0.69891 -0.295629 -0.651252
v -25.0869 -51.3078 -48.2358
vn -0.622249 -0.689014 -0.371572
v -36.7861 -48.2752 -46.7851
vn 0.449274 -0.327872 -0.831055
v -19.5977 -27.489 -49.0218
vn 0.449232 -0.260661 -0.854545
v -22.4648 -24.8364 -51.04
vn 0.527848 -0.162334 -0.833681
v -18.4659 -24.9899 -48.858
vn -0.838493 -0.457648 -0.295784
v -54.8635 -22.6567 -49.6049
vn 0.525862 -0.114943 -0.842767
v -17.2469 -20.9432 -48.2967
vn 0.397777 0.430702 -0.810105
v -18.5854 2.1774 -49.903
vn 0.390748 0.441217 -0.807864
v -21.1387 3.84324 -50.3401
vn 0.343738 0.76739 -0.541255
v -22.9719 6.03168 -49.2877
vn 0.396046 0.83186 -0.388788
v -25.6193 8.08463 -46.8946
vn -0.98484 -0.0400606 -0.168778
v -63.9114 9.03455 -49.5272
vn 0.595673 0.652159 -0.468895
v -28.0345 9.79779 -46.4247
vn 0.712238 0.392785 -0.581753
v -33.6902 12.2155 -50.6394
vn 0.57027 -0.759042 -0.314082
v -26.1974 26.9727 -48.5965
vn 0.723985 0.0432302 -0.688459
v -21.3665 38.2657 -52.5956
vn 0.830957 0.330874 -0.44725
v -23.587 57.7074 -48.2131
vn -0.674941 0.610823 -0.413944
v -52.0648 61.0987 -48.7612
vn 0.720907 0.56928 -0.395239
v -27.1159 66.4522 -47.0051
vn -0.161077 -0.172345 -0.971777
v 5.65258 -66.2553 -46.8588
vn -0.518098 -0.762599 -0.387322
v -32.4851 -52.0247 -46.7293
vn -0.662681 -0.659257 -0.355295
v -38.1403 -45.9341 -48.8463
vn -0.755525 -0.565364 -0.330977
v -45.2138 -37.2109 -49.5085
vn 0.419206 -0.504921 -0.754534
v -23.5142 -31.9805 -48.2687
vn 0.431601 -0.170431 -0.885818
v -16.3291 -14.6567 -49.1499
vn 0.434045 -0.125337 -0.89213
v -15.0365 -8.06392 -49.5916
vn -0.966558 -0.141274 -0.214025
v -63.6722 0.424171 -47.3382
vn 0.464122 0.0497151 -0.884375
v -11.6656 -2.42357 -48.5706
vn 0.399067 0.35628 -0.844873
v -12.8807 0.171875 -48.5151
vn 0.348453 0.685792 -0.63896
v -17.9225 6.33951 -47.2386
vn -0.978377 -0.0571767 -0.198769
v -64.3651 5.18165 -46.5437
vn 0.769482 0.232593 -0.594809
v -31.9916 14.2268 -47.5943
vn -0.991801 0.0478208 -0.11851
v -64.2322 26.6999 -49.6123
vn -0.973954 0.126571 -0.188133
v -64.0796 33.3314 -46.4054
vn 0.693412 0.082603 -0.715791
v -17.6225 38.1866 -49.024
vn -0.939942 0.222084 -0.259208
v -62.9449 37.7917 -47.8142
vn -0.924091 0.274927 -0.265463
v -62.3961 42.2597 -45.5023
vn 0.779947 0.285593 -0.556884
v -19.9455 50.1219 -46.7763
vn -0.255791 0.801263 -0.540878
v -43.7163 67.9718 -47.3575
vn -0.0514509 0.900674 -0.431439
v -34.1158 67.6664 -50.7697
vn 0.29842 -0.226539 -0.92716
v 12.0264 -69.2321 -45.4824
vn 0.127565 -0.139926 -0.98191
v 8.66213 -67.2693 -46.7307
vn 0.452299 0.35163 -0.819623
v 11.0134 -66.9817 -45.7532
vn 0.840417 -0.0758431 -0.536607
v -22.8564 -48.9223 -45.4528
vn -0.752888 -0.577934 -0.314884
v -44.7159 -39.5826 -46.5122
vn 0.540247 -0.216341 -0.813221
v -17.4999 -27.4392 -47.7226
vn 0.426185 -0.100001 -0.899092
v -10.8781 -7.97358 -47.8244
vn -0.951063 -0.224866 -0.211932
v -62.7615 -4.90215 -47.043
vn 0.365955 0.583333 -0.72512
v -11.5994 4.23246 -45.4245
vn 0.207352 0.884502 -0.417925
v -23.495 7.04689 -47.2305
vn 0.318023 0.871275 -0.373821
v -17.9468 6.61992 -46.7773
vn -0.992543 -0.00509036 -0.121793
v -64.2992 16.9779 -49.0271
vn -0.983851 0.0014226 -0.178986
v -64.8233 15.7254 -45.6505
vn -0.992906 0.0139879 -0.118078
v -64.1814 20.2198 -48.3949
vn 0.590721 -0.644756 -0.485117
v -18.377 31.8518 -48.0268
vn 0.713012 -0.234938 -0.66062
v -17.4868 33.8503 -48.4643
vn 0.838978 0.344451 -0.42127
v -25.7651 60.8879 -50.3091
vn 0.476681 0.784783 -0.396096
v -29.9034 67.6042 -49.2069
vn -0.330449 -0.661526 -0.673192
v 1.48948 -66.6959 -44.9898
vn -0.203039 -0.142446 -0.968754
v 1.71445 -65.1132 -46.0218
vn 0.244858 0.446444 -0.860658
v 7.57247 -65.8551 -46.7908
vn 0.0411289 0.400473 -0.915385
v 3.79912 -64.5739 -46.4536
vn -0.113642 0.179034 -0.977258
v -2.37565 -62.1567 -45.6087
vn 0.087305 0.448293 -0.889613
v 0.960439 -62.2881 -45.5237
vn -0.711609 -0.620048 -0.330384
v -41.0815 -43.0511 -48.1931
vn 0.401854 -0.444871 -0.800377
v -19.0287 -30.4516 -47.1741
vn 0.415284 -0.157147 -0.896015
v -14.8492 -22.4719 -46.7667
vn -0.862807 -0.4267 -0.271092
v -56.3709 -20.0481 -49.061
vn -0.881975 -0.395324 -0.25659
v -59.0573 -14.8973 -48.7679
vn 0.387252 -0.172037 -0.905781
v -13.3856 -14.976 -47.5509
vn 0.376103 -0.084905 -0.92268
v -7.81342 -11.7796 -46.1788
vn 0.399962 0.496991 -0.770085
v -9.54682 3.20717 -44.9914
vn 0.482556 0.670155 -0.563943
v -16.2894 5.52017 -46.5279
vn 0.735487 -0.434717 -0.519691
v -30.5697 21.2764 -46.7487
vn 0.644588 -0.646466 -0.408153
v -28.3074 24.7004 -47.5816
vn 0.684215 -0.475638 -0.552828
v -14.5541 33.1943 -44.4529
vn -0.813212 0.472143 -0.340247
v -55.4797 57.6441 -46.7506
vn -0.137997 -0.678419 -0.721599
v 8.46361 -69.0205 -46.0532
vn -0.304094 -0.354919 -0.884058
v -2.41487 -64.1273 -45.3438
vn -0.281887 0.0791052 -0.956181
v -5.89621 -61.2695 -44.6333
vn 0.489623 -0.539118 -0.685289
v -23.1499 -56.1446 -43.2291
vn 0.829374 0.0828476 -0.552517
v -23.4446 -41.5924 -45.4214
vn 0.747544 -0.0596401 -0.661529
v -24.5386 -37.3413 -46.6637
vn -0.816448 -0.51171 -0.267515
v -52.962 -28.355 -45.1128
vn 0.383748 -0.177887 -0.906142
v -14.7679 -25.4484 -46.1634
vn 0.286162 -0.136378 -0.948426
v -7.61284 -23.2284 -44.7098
vn -0.849637 -0.465494 -0.247855
v -55.6825 -24.0799 -44.6315
vn 0.297109 -0.122082 -0.947007
v -9.76191 -20.3587 -45.4811
vn 0.409705 -0.071145 -0.90944
v -5.92019 -12.3965 -45.3425
vn 0.489848 0.014914 -0.87168
v -4.97431 -9.09315 -44.7877
vn 0.483725 0.152261 -0.861874
v -8.12981 -1.03434 -46.4309
vn 0.481487 0.202484 -0.852743
v -5.37112 -0.679258 -44.6577
vn 0.286935 0.747158 -0.599519
v -14.5464 5.70573 -45.3034
vn 0.774403 -0.15204 -0.614152
v -31.7445 18.5663 -46.9301
vn -0.979771 0.028176 -0.198126
v -65.1272 25.7852 -44.3234
vn 0.594092 -0.703531 -0.389997
v -15.8888 31.3497 -43.9918
vn 0.619943 0.336633 -0.708766
v -12.7244 42.5379 -43.2514
vn 0.700399 0.322657 -0.636658
v -18.1122 48.8551 -45.2593
vn -0.877535 0.376561 -0.296874
v -59.4003 50.9102 -45.8544
vn 0.803647 0.391622 -0.448089
v -20.8159 56.9045 -43.6878
vn -0.0323805 0.868157 -0.495232
v -35.8008 69.7329 -46.4527
vn -0.0205249 -0.711843 -0.702039
v 12.1626 -70.9042 -44.483
vn -0.271847 -0.649834 -0.709799
v 5.87796 -67.9993 -46.2147
vn 0.327511 0.705684 -0.628288
v 4.17744 -61.8792 -44.1841
vn -0.434255 -0.295047 -0.851099
v -9.28786 -61.5373 -43.1983
vn -0.21535 0.336809 -0.916616
v -7.68421 -58.5239 -43.3739
vn 0.771041 -0.213437 -0.599951
v -21.6735 -55.8727 -41.9812
vn -0.691432 -0.642053 -0.331195
v -41.1388 -45.691 -43.0949
vn 0.740993 -0.073031 -0.66753
v -22.2231 -41.063 -43.9955
vn 0.545505 -0.375696 -0.749184
v -21.3584 -35.8736 -44.3765
vn 0.389732 -0.564294 -0.727793
v -20.0723 -34.3934 -44.5638
vn 0.324805 -0.558594 -0.763201
v -17.3511 -32.5825 -44.9801
vn 0.271784 -0.675541 -0.685403
v -15.4366 -33.8533 -43.1804
vn -0.79392 -0.536485 -0.286137
v -49.6436 -33.5282 -45.2304
vn 0.248764 -0.49322 -0.833577
v -12.5939 -32.3384 -43.3392
vn 0.401878 -0.35718 -0.843159
v -15.9313 -30.6934 -45.5164
vn 0.258461 -0.248278 -0.933572
v -11.8292 -28.6558 -44.6016
vn 0.400161 -0.109183 -0.909918
v -5.44722 -20.5374 -44.1328
vn 0.761982 0.308454 -0.56942
v -28.1379 12.6664 -43.5138
vn 0.78713 -0.0842552 -0.611005
v -28.9529 18.0958 -43.6827
vn -0.984531 0.0486943 -0.16831
v -64.5396 27.4283 -46.4735
vn 0.671028 0.0527265 -0.739555
v -14.4494 39.5154 -45.8838
vn 0.667099 -0.192602 -0.719641
v -10.0665 37.6544 -41.9792
vn -0.790195 0.515099 -0.332061
v -56.4908 58.7741 -42.7706
vn -0.625268 0.654509 -0.425038
v -50.1583 63.9892 -47.4389
vn -0.323257 0.797402 -0.509563
v -44.4498 69.6314 -44.6213
vn 0.21413 0.895573 -0.389997
v -31.443 68.7592 -47.8012
vn 0.278492 -0.461656 -0.842209
v 14.9682 -71.233 -43.7037
vn 0.599841 -0.160938 -0.783767
v 17.974 -72.0007 -42.0733
vn 0.54913 0.268752 -0.791346
v 14.6792 -68.8549 -44.0926
vn 0.606279 0.682416 -0.408331
v 15.7352 -67.4295 -41.6946
vn -0.372567 -0.704061 -0.60456
v -3.45171 -65.3859 -43.9403
vn -0.43149 -0.458573 -0.77687
v -6.37511 -63.3064 -43.9887
vn 0.490354 0.702468 -0.515841
v 11.1624 -65.2776 -43.7635
vn 0.338243 0.72932 -0.594714
v 6.95311 -63.1543 -44.2331
vn -0.435719 -0.00397351 -0.900074
v -11.1379 -59.8599 -42.7111
vn 0.0356797 0.582095 -0.812337
v -2.94724 -59.0654 -43.9629
vn -0.205463 -0.817238 -0.53843
v -26.8981 -55.6833 -44.2539
vn -0.536599 -0.756288 -0.374285
v -34.9385 -53.4711 -39.7275
vn 0.42145 -0.644768 -0.637694
v -18.1294 -35.5086 -42.6259
vn 0.21597 -0.715351 -0.664553
v -12.1942 -33.6483 -42.2697
vn 0.265892 -0.29267 -0.918502
v -7.61726 -30.333 -43.3868
vn 0.360998 -0.565942 -0.741209
v -6.42597 -31.551 -42.4625
vn -0.841321 -0.493772 -0.219927
v -54.3097 -28.864 -39.4519
vn 0.501916 -0.256199 -0.826101
v -5.51254 -30.0055 -42.5541
vn 0.382624 -0.161761 -0.909633
v -5.94957 -25.5229 -43.7229
vn 0.48171 -0.132045 -0.866325
v -3.13951 -19.6771 -43.1629
vn -0.950663 -0.272118 -0.148969
v -63.3532 -6.7421 -41.5255
vn -0.978508 -0.102873 -0.178714
v -65.0695 3.39319 -42.4583
vn 0.622366 -0.644239 -0.444541
v -25.7293 24.4009 -43.3752
vn 0.663291 0.139774 -0.735193
v -9.78798 39.5584 -42.033
vn -0.950117 0.207901 -0.232496
v -63.4752 39.4092 -44.2859
vn 0.612409 0.402206 -0.680577
v -11.8875 46.1193 -40.9619
vn -0.467626 0.733138 -0.493796
v -47.5639 66.1283 -47.4184
vn 0.653862 0.641454 -0.401249
v -26.1276 68.1847 -42.6149
vn -0.0976719 0.827836 -0.552401
v -40.8749 71.5668 -42.92
vn -0.0472133 -0.781906 -0.621606
v 14.6364 -73.2364 -41.7183
vn 0.0535369 -0.767725 -0.638539
v -23.9851 -58.1584 -41.5049
vn -0.387105 -0.803329 -0.452562
v -27.851 -57.5116 -40.788
vn 0.827611 0.0322505 -0.560375
v -22.6308 -42.8823 -44.4129
vn 0.554698 -0.430557 -0.711991
v -19.2761 -36.6216 -42.535
vn 0.245459 -0.865454 -0.436738
v -12.0266 -34.4878 -40.8154
vn 0.502811 -0.167501 -0.848012
v -3.36584 -24.3049 -42.3631
vn 0.487022 -0.0562461 -0.871577
v -3.45463 -14.1527 -43.8508
vn -0.977398 -0.168662 -0.127461
v -64.6821 -1.30551 -40.9235
vn 0.246775 0.892184 -0.378298
v -16.1929 6.6876 -43.939
vn 0.504574 0.707071 -0.495434
v -26.6104 9.71086 -44.6233
vn -0.986188 -0.0246282 -0.163789
v -65.454 11.6679 -41.7544
vn 0.741434 -0.387877 -0.547564
v -27.4332 22.8242 -43.9621
vn 0.549894 -0.752981 -0.361436
v -22.7563 27.0757 -43.993
vn -0.973648 0.100046 -0.204939
v -65.2449 31.8309 -40.8963
vn 0.587807 -0.538129 -0.60407
v -10.826 34.2849 -41.0841
vn -0.961463 0.164731 -0.220119
v -64.4012 38.9988 -40.3841
vn -0.889729 0.354629 -0.287439
v -61.6687 49.2789 -40.8967
vn 0.702355 0.440126 -0.559452
v -17.0347 51.2036 -42.2527
vn 0.807279 0.423851 -0.410673
v -20.1104 56.8714 -41.9886
vn 0.831228 0.380359 -0.405445
v -22.0264 61.3015 -41.3978
vn 0.804499 0.433919 -0.405581
v -24.5523 65.4966 -43.0795
vn 0.776515 0.180646 -0.603649
v 19.973 -71.8153 -39.5858
vn -0.354858 -0.860609 -0.365278
v 6.11241 -71.6968 -38.6139
vn -0.353706 -0.864203 -0.357833
v 3.5352 -70.4437 -39.1708
vn 0.715035 0.414346 -0.563066
v 17.2819 -69.5766 -42.3462
vn -0.415135 -0.637187 -0.649351
v -11.1388 -63.9573 -40.118
vn -0.51198 -0.32907 -0.793467
v -12.4327 -60.9665 -41.575
vn 0.483593 0.781278 -0.394642
v 8.30029 -61.1237 -39.1381
vn 0.261237 0.710809 -0.653074
v -0.717409 -58.9958 -43.3889
vn -0.639247 -0.684911 -0.349658
v -35.8205 -51.2953 -42.586
vn 0.859769 -0.0722455 -0.505548
v -20.7119 -47.7518 -41.7107
vn 0.658802 -0.242954 -0.712006
v -20.2993 -38.3047 -42.7071
vn 0.282258 -0.840424 -0.462622
v -7.23043 -33.2601 -40.9995
vn 0.509292 -0.211714 -0.834146
v -0.402503 -23.3599 -40.7908
vn 0.520526 -0.0165954 -0.853684
v -0.527747 -11.7075 -42.1822
vn -0.98715 -0.0337079 -0.1562
v -65.3197 7.8413 -42.7673
vn 0.203998 0.830613 -0.518137
v -17.1191 8.61704 -40.1792
vn 0.27161 0.87225 -0.406703
v -21.8918 8.0225 -44.2421
vn 0.633105 0.45237 -0.628124
v -26.0383 12.8579 -40.6487
vn 0.778193 0.0138758 -0.627872
v -26.9115 16.1718 -40.4241
vn 0.684795 -0.552517 -0.475164
v -24.5995 23.5345 -40.6422
vn 0.632297 0.514594 -0.579131
v -14.8381 51.9826 -39.2035
vn -0.597208 0.698212 -0.394769
v -49.2863 67.7382 -42.1301
vn 0.476879 0.777674 -0.409645
v -26.8636 69.4459 -41.2598
vn -0.212803 0.838774 -0.501171
v -42.0811 73.114 -40.3308
vn 0.0502694 0.847481 -0.52844
v -36.5262 73.0581 -40.8066
vn 0.356184 -0.553211 -0.753054
v 18.1448 -73.7323 -40.8147
vn -0.329082 -0.887137 -0.323564
v -1.8542 -68.7992 -37.292
vn -0.33992 -0.851015 -0.400285
v -3.69119 -66.4192 -41.7642
vn -0.412984 -0.734809 -0.538052
v -7.98248 -65.0666 -40.7356
vn 0.547942 0.77948 -0.303595
v 11.4847 -62.8021 -38.3803
vn -0.553879 -0.338825 -0.760536
v -15.2476 -61.0394 -39.3565
vn -0.474901 -0.642063 -0.601851
v -12.7486 -63.1715 -39.846
vn -0.0854266 -0.80144 -0.591942
v -22.8644 -60.339 -38.6757
vn 0.462987 -0.558595 -0.688197
v -21.8473 -58.17 -40.5003
vn 0.408324 0.755753 -0.511966
v 2.75675 -57.9596 -39.426
vn -0.136209 0.577893 -0.804665
v -8.90233 -56.0263 -41.5061
vn 0.246521 0.72364 -0.644649
v -3.53649 -54.9859 -39.3336
vn -0.741021 -0.592242 -0.316446
v -44.5536 -41.9226 -42.579
vn -0.779361 -0.560591 -0.279881
v -47.1825 -39.3496 -40.7168
vn 0.616485 -0.41814 -0.667162
v -17.744 -37.0665 -40.8874
vn 0.563086 -0.689114 -0.456131
v -14.7078 -36.1264 -38.5754
vn 0.583751 -0.266343 -0.767004
v -2.15545 -27.9673 -40.7843
vn 0.525423 -0.153481 -0.836883
v 0.766233 -21.8037 -40.5519
vn -0.937555 -0.315387 -0.1467
v -61.6889 -12.2165 -41.6718
vn 0.483801 0.139039 -0.864063
v -0.526167 0.624484 -41.7119
vn 0.391864 0.41051 -0.823361
v -2.99734 2.74562 -42.1593
vn 0.135997 0.833211 -0.535971
v -11.557 8.02195 -40.0212
vn 0.256667 0.73443 -0.628279
v -9.60819 5.92171 -42.5295
vn 0.538399 -0.777844 -0.324168
v -14.5631 30.9182 -40.6865
vn -0.937472 0.232312 -0.259185
v -63.9875 43.2968 -38.4344
vn -0.845244 0.430318 -0.316843
v -59.2012 57.4201 -37.3623
vn 0.712748 0.48787 -0.503957
v -17.5829 57.8894 -36.9931
vn 0.711546 0.564448 -0.418451
v -24.1058 68.3165 -39.1915
vn 0.396684 0.792957 -0.46245
v -29.0925 72.5055 -38.0806
vn 0.257178 0.844657 -0.469483
v -31.7087 71.5226 -41.6344
vn -0.0395898 -0.805521 -0.591243
v 17.3963 -75.16 -39.5162
vn 0.444334 -0.421879 -0.790308
v 21.6698 -75.93 -37.6356
vn 0.175345 -0.571775 -0.801453
v -20.2989 -60.6137 -38.0784
vn -0.483209 0.164627 -0.859888
v -12.7021 -58.7109 -41.4472
vn -0.266334 0.440089 -0.857548
v -14.7636 -55.3224 -39.1992
vn 0.567811 -0.507124 -0.648395
v -2.88073 -31.3836 -39.8565
vn 0.549116 -0.289183 -0.78412
v 2.17768 -24.4493 -38.7581
vn 0.517493 -0.146627 -0.843031
v 3.86675 -20.3351 -38.7582
vn -0.908784 -0.381555 -0.168903
v -59.2304 -18.5093 -41.4905
vn 0.530425 -0.0216495 -0.847456
v 2.23538 -10.2752 -40.5356
vn 0.454047 0.262796 -0.85134
v 3.32752 2.16272 -39.2222
vn -0.989128 -0.115716 -0.0907512
v -65.4846 1.9051 -38.618
vn -0.993466 -0.0841431 -0.0771088
v -65.9518 4.77827 -36.6606
vn 0.284993 0.630545 -0.721936
v -3.31371 6.25123 -39.857
vn 0.179655 0.761732 -0.622486
v -5.4266 7.92485 -38.8412
vn 0.380681 0.672794 -0.634375
v -21.4299 11.2877 -38.6635
vn 0.739787 -0.201449 -0.641976
v -26.0276 19.9741 -40.1304
vn 0.674468 -0.351977 -0.649003
v -22.5094 23.4653 -37.5629
vn 0.499294 -0.758335 -0.419087
v -11.8824 31.8253 -38.4936
vn 0.502395 -0.724086 -0.472545
v -9.19892 33.2171 -38.562
vn 0.628715 0.423796 -0.652008
v -8.24883 44.8235 -38.3355
vn -0.718769 0.594224 -0.360928
v -53.8893 64.3498 -39.3032
vn -0.287895 -0.856199 -0.428998
v 10.376 -73.0634 -39.689
vn 0.740913 0.118339 -0.661092
v 22.2067 -73.8777 -37.6459
vn -0.128219 0.0307226 -0.99127
v -18.1358 -57.112 -38.4544
vn 0.487815 -0.161938 -0.857795
v -19.6239 -56.233 -39.2613
vn 0.282256 0.296473 -0.912379
v -17.9994 -55.0119 -38.2025
vn -0.0199244 0.649891 -0.759766
v -9.07025 -53.9319 -39.7017
vn 0.834006 -0.0695317 -0.547357
v -18.1547 -49.4001 -36.2358
vn -0.71968 -0.621623 -0.309268
v -42.4444 -46.898 -38.1787
vn 0.743857 -0.305501 -0.594429
v -16.695 -40.5006 -38.2963
vn -0.81642 -0.524399 -0.241793
v -50.206 -35.5151 -39.4759
vn 0.429423 -0.855103 -0.290508
v -3.42017 -33.1242 -37.8792
vn 0.595307 -0.527266 -0.6063
v -1.59334 -31.3386 -38.5604
vn 0.492907 -0.0368786 -0.8693
v 4.71265 -12.5686 -38.7702
vn 0.499487 0.0371011 -0.865526
v 5.07887 -1.3405 -38.5517
vn 0.11582 0.809422 -0.575692
v -8.44377 8.15304 -39.2889
vn -0.983703 -0.0220313 -0.178449
v -66.2898 16.0169 -38.3835
vn -0.977256 0.0260354 -0.21046
v -65.7674 25.2203 -40.791
vn 0.605931 -0.591171 -0.532319
v -19.5856 26.4329 -36.9422
vn 0.721959 0.000222221 -0.691936
v -5.9923 37.9836 -38.403
vn 0.691129 0.179587 -0.700064
v -7.48955 40.9517 -39.5233
vn 0.603287 0.522449 -0.602571
v -10.6345 48.9349 -37.5029
vn -0.501639 0.757712 -0.417411
v -47.3251 71.8275 -37.4908
vn -0.0337404 0.879699 -0.474332
v -37.7756 76.1894 -35.865
vn 0.223604 0.825668 -0.517951
v -33.9394 74.505 -38.0815
vn -0.350165 -0.838793 -0.416907
v -9.95068 -66.0844 -37.1865
vn -0.124282 -0.349675 -0.928591
v -17.7858 -60.2495 -38.1074
vn -0.556995 -0.761908 -0.330534
v -32.6498 -57.183 -35.1649
vn -0.11017 0.649733 -0.752137
v -12.9867 -53.0278 -38.3674
vn 0.782041 0.0754577 -0.618642
v -19.7334 -53.158 -39.1168
vn 0.789901 -0.178098 -0.586803
v -17.7767 -43.6074 -38.3493
vn -0.810859 -0.536433 -0.233981
v -48.8582 -40.1425 -33.724
vn 0.273125 -0.959681 -0.0664485
v -5.4333 -33.871 -37.1215
vn -0.891771 -0.439644 -0.107041
v -55.8471 -28.2085 -34.0319
vn -0.877788 -0.437229 -0.195753
v -57.2312 -23.5359 -39.4347
vn 0.540188 -0.14253 -0.829387
v 6.35456 -20.5629 -37.3687
vn 0.553546 -0.01663 -0.832652
v 7.47001 -9.60198 -37.4468
vn -0.966967 -0.243647 -0.0749095
v -64.2315 -5.96982 -37.299
vn 0.540359 0.144428 -0.828947
v 7.17694 1.23982 -37.2462
vn 0.346812 0.53572 -0.769886
v 2.19981 5.45399 -38.23
vn 0.228096 0.736997 -0.636245
v -1.62905 8.51619 -37.0757
vn 0.150695 0.809557 -0.56737
v -10.1129 9.64261 -37.3533
vn 0.588128 0.223914 -0.777154
v -24.3444 14.0627 -38.5208
vn 0.637325 -0.0733874 -0.767093
v -22.9121 20.2607 -37.0841
vn -0.980925 -0.0195067 -0.193406
v -66.4441 21.4633 -37.3927
vn -0.967784 0.0955585 -0.232945
v -65.957 32.5594 -37.6242
vn 0.510051 -0.783403 -0.355145
v -17.5838 28.3354 -37.3599
vn 0.686807 0.341954 -0.641376
v -4.91171 43.932 -35.6276
vn 0.814503 0.40538 -0.415033
v -20.6323 62.2713 -37.8637
vn 0.831653 0.385728 -0.399459
v -22.8382 65.842 -39.2313
vn -0.654199 0.639747 -0.403421
v -51.7445 68.5571 -36.6947
vn -0.0721603 -0.570335 -0.818237
v -18.4861 -61.767 -37.4251
vn 0.597761 0.760482 -0.253669
v 12.1428 -62.207 -34.8913
vn -0.657154 -0.696938 -0.287101
v -38.0949 -52.492 -36.1541
vn 0.107019 0.735073 -0.669488
v -6.78601 -51.675 -37.0824
vn 0.0650567 0.693315 -0.717692
v -9.18801 -49.9271 -35.3048
vn -0.756128 -0.606392 -0.246087
v -44.6293 -45.5738 -35.1079
vn -0.0196339 0.625735 -0.779788
v -13.3928 -49.8456 -35.2478
vn -0.852823 -0.491248 -0.177112
v -53.3656 -33.3026 -32.6023
vn 0.617049 -0.544851 -0.567793
v 3.41073 -29.1843 -35.6514
vn 0.58406 -0.319826 -0.746047
v 5.39307 -24.8606 -36.6273
vn 0.662173 -0.208099 -0.719876
v 7.83725 -20.3606 -36.1286
vn -0.940827 -0.336186 -0.0426978
v -60.8531 -16.5375 -34.4733
vn 0.576959 -0.064142 -0.81425
v 6.67838 -15.0286 -37.604
vn -0.968351 -0.246792 0.0372952
v -64.2643 -6.0661 -34.3307
vn 0.482113 0.440934 -0.757063
v 4.75959 5.15581 -37.2005
vn 0.431391 0.648664 -0.627007
v 4.41758 7.98418 -35.0474
vn 0.393627 0.411846 -0.821852
v -19.9541 14.0736 -35.8724
vn 0.487916 -0.759714 -0.429851
v -13.6897 29.1301 -34.5652
vn 0.655831 -0.428691 -0.621377
v -6.03094 35.431 -37.3686
vn 0.623306 0.557614 -0.54823
v -12.83 52.9114 -35.9613
vn 0.062653 -0.78582 -0.615274
v 22.0819 -78.0243 -35.6765
vn 0.529534 -0.366605 -0.76498
v 23.3952 -76.944 -36.0019
vn 0.755938 0.238358 -0.609707
v 24.3427 -75.2358 -35.2788
vn 0.704108 0.599264 -0.380939
v 22.4226 -71.1742 -33.9871
vn 0.705347 0.658034 -0.263585
v 18.5681 -67.7982 -36.0241
vn -0.332524 -0.710726 -0.619917
v -15.938 -64.2267 -35.8321
vn -0.232347 -0.811036 -0.536875
v -22.21 -62.0901 -36.3946
vn -0.444187 -0.809907 -0.383079
v -29.5875 -59.1933 -35.2352
vn 0.49661 0.711958 -0.496481
v 3.51059 -56.6908 -36.685
vn 0.602185 0.293994 -0.742254
v -17.9865 -51.8363 -36.4969
vn 0.501998 -0.86137 -0.0777111
v -12.4673 -35.7765 -36.0209
vn 0.300314 -0.930347 0.210396
v -3.04288 -32.8206 -34.0313
vn 0.569276 -0.775871 -0.271934
v 1.71668 -30.9625 -35.303
vn 0.74218 -0.583702 -0.329334
v 6.40091 -26.8565 -34.2488
vn -0.951646 -0.306358 -0.0226949
v -62.8304 -10.4625 -34.9105
vn -0.987493 -0.156004 -0.0228248
v -64.4544 -5.04855 -35.2127
vn -0.988994 -0.147944 -0.00198727
v -65.5484 1.3934 -34.2655
vn 0.63267 0.248829 -0.733357
v 9.44734 2.32533 -35.2561
vn 0.671557 0.496253 -0.550221
v 9.46051 3.99554 -34.1897
vn -0.989542 -0.0745933 -0.12346
v -66.2929 9.9388 -36.4259
vn 0.206771 0.804308 -0.557077
v -10.2682 11.6599 -34.3783
vn 0.122402 0.822793 -0.555004
v -7.06577 10.2134 -36.0602
vn 0.167829 0.833433 -0.52652
v -1.9187 10.13 -34.8322
vn 0.60352 -0.200428 -0.771747
v -19.5732 22.9578 -35.0517
vn -0.899294 0.322015 -0.295935
v -62.5843 50.874 -35.9785
vn -0.336961 0.832307 -0.44014
v -42.4581 74.2184 -38.0883
vn 0.172992 0.877697 -0.446902
v -33.8601 76.4772 -34.893
vn 0.153165 -0.773081 -0.615537
v 23.9888 -78.7956 -34.1779
vn -0.188768 -0.904001 -0.3836
v 19.2151 -78.3905 -34.0578
vn -0.373499 -0.874992 -0.308037
v 9.30505 -74.5893 -34.914
vn -0.238832 -0.826804 -0.509268
v -20.4807 -63.6765 -34.3144
vn 0.625483 0.640896 -0.444998
v 10.1104 -59.2514 -32.2681
vn -0.662331 -0.696286 -0.276592
v -37.8587 -53.6463 -33.2936
vn 0.37994 0.707438 -0.595967
v -0.922181 -53.2503 -35.7047
vn 0.0245471 0.510608 -0.859463
v -16.9328 -51.0096 -35.6919
vn 0.531431 0.156972 -0.832431
v -17.066 -49.1143 -34.8972
vn 0.756344 -0.165334 -0.632937
v -16.3067 -46.2862 -34.5878
vn 0.412877 -0.900595 0.135871
v -10.2276 -34.376 -33.8052
vn 0.658778 -0.752078 0.0197373
v 4.62874 -28.8095 -33.8806
vn -0.919638 -0.388672 -0.0565736
v -58.9661 -21.5618 -34.1081
vn 0.733441 -0.198722 -0.650057
v 10.8967 -18.9648 -33.7349
vn 0.707803 -0.0601377 -0.703846
v 11.0713 -11.4205 -34.1553
vn -0.992162 -0.118696 -0.0390665
v -66.275 8.17088 -33.3286
vn 0.210567 0.697591 -0.684856
v -16.83 11.5441 -36.4851
vn 0.28845 0.699659 -0.653661
v -11.7895 12.1609 -34.6486
vn 0.381028 0.496866 -0.779707
v -14.2508 14.5549 -33.4283
vn 0.532044 0.0994288 -0.840858
v -20.6132 16.4858 -35.5021
vn -0.982755 0.0121941 -0.184511
v -67.0626 25.6599 -35.4707
vn 0.616991 -0.204269 -0.759998
v -17.7425 23.3308 -33.5795
vn 0.589164 -0.498883 -0.635611
v -16.5177 26.7219 -34.3118
vn 0.545527 -0.749153 -0.375727
v -5.32176 33.5209 -33.7894
vn -0.952928 0.167078 -0.253008
v -65.558 39.9885 -35.3961
vn -0.932221 0.237928 -0.272681
v -64.812 46.1955 -33.5823
vn 0.607163 0.524686 -0.596707
v -6.23731 49.8258 -32.498
vn -0.76423 0.537813 -0.355962
v -56.1348 63.8604 -35.3343
vn 0.575976 0.693077 -0.43347
v -25.1415 70.5916 -37.4133
vn 0.583125 -0.10473 -0.805604
v 26.9351 -78.3017 -32.9133
vn -0.384811 -0.87348 -0.298249
v 3.78615 -72.0093 -34.7387
vn -0.269511 -0.887789 -0.373088
v -8.84577 -68.3441 -32.8563
vn -0.403556 -0.833697 -0.376949
v -25.6432 -62.1576 -33.098
vn 0.392744 0.54823 -0.738374
v 0.486992 -51.7927 -33.4203
vn -0.124156 0.0612678 -0.990369
v 4.6736 -43.5188 -33.0989
vn 0.163478 -0.0100894 -0.986495
v 5.81989 -43.8361 -33.1674
vn 0.837021 -0.306513 -0.453261
v -14.2512 -39.7879 -34.5895
vn 0.774528 -0.532223 -0.341826
v -13.1357 -36.6434 -35.4538
vn 0.771352 -0.446579 -0.453413
v 8.77902 -23.4161 -33.8311
vn 0.360518 0.794926 -0.487975
v 3.59418 9.55602 -33.5519
vn 0.538438 0.144085 -0.830255
v -17.262 18.669 -33.2816
vn 0.697477 -0.495431 -0.517759
v -1.48541 36.3418 -32.8655
vn -0.957292 0.153973 -0.244715
v -66.886 39.2315 -30.9642
vn 0.777232 -0.0850516 -0.623439
v -1.1081 38.1968 -33.0974
vn -0.886087 0.336341 -0.318943
v -63.4404 54.4586 -29.7875
vn 0.572392 0.604113 -0.554449
v -8.92755 51.2671 -33.7008
vn 0.677751 0.543877 -0.494825
v -14.4557 57.7588 -32.837
vn -0.83025 0.43851 -0.344083
v -60.1771 59.5189 -32.2243
vn -0.283873 -0.876953 -0.387775
v 15.1985 -76.976 -34.6153
vn -0.379589 -0.870326 -0.313761
v 7.27782 -74.9293 -30.9689
vn -0.361496 -0.860301 -0.359447
v 3.3194 -73.2301 -30.6432
vn -0.259066 -0.87964 -0.398897
v -10.4679 -68.6877 -31.1116
vn -0.294135 -0.856909 -0.42331
v -15.7857 -66.7982 -31.2233
vn 0.627217 0.75116 -0.20581
v 15.9215 -65.0706 -34.6398
vn 0.526923 0.549554 -0.648338
v 4.74058 -54.9218 -33.0077
vn 0.224535 0.643571 -0.731711
v -5.17046 -49.5633 -34.0404
vn 0.328623 0.305309 -0.893752
v -15.9233 -48.4517 -34.3771
vn 0.286128 0.536864 -0.793667
v -13.5145 -46.2086 -32.3373
vn 0.30163 -0.0343999 -0.952804
v 8.44231 -43.6723 -32.1505
vn 0.569475 -0.822004 -0.0026588
v -9.30772 -33.406 -30.628
vn 0.570079 -0.749461 0.336627
v 5.41004 -26.5324 -28.9513
vn 0.710483 -0.701673 0.0535596
v 8.61276 -24.6975 -31.1445
vn 0.838935 -0.540427 -0.0642397
v 10.9623 -21.8209 -30.6083
vn 0.887949 -0.105597 -0.447655
v 14.8759 -11.6049 -29.6888
vn 0.699348 -5.60979e-05 -0.714781
v 10.9375 -4.08621 -34.7316
vn 0.760678 0.0597438 -0.646374
v 11.6107 -2.45834 -34.1966
vn 0.283541 0.861657 -0.420894
v 2.05519 11.7852 -30.488
vn 0.754476 0.505909 -0.418118
v -22.1619 69.9822 -33.3777
vn -0.520807 0.737315 -0.430263
v -50.3574 71.9485 -33.4123
vn 0.329768 0.837508 -0.435699
v -31.3218 76.6452 -32.7712
vn -0.182756 0.887247 -0.423547
v -41.3555 76.7304 -33.7825
vn 0.149211 -0.723908 -0.673568
v 27.7 -80.4379 -31.5502
vn -0.31067 -0.894418 -0.321715
v -1.71362 -69.9484 -34.042
vn -0.302592 -0.868106 -0.393484
v -1.91848 -71.5023 -29.7884
vn -0.24057 -0.898631 -0.366863
v -5.88467 -70.0328 -30.5978
vn -0.326664 -0.85523 -0.402333
v -22.0049 -64.2209 -32.2902
vn 0.687568 0.686942 -0.23529
v 13.6911 -62.5864 -31.5426
vn -0.571022 -0.763366 -0.302004
v -33.0805 -58.4596 -31.3623
vn -0.680382 -0.685884 -0.258153
v -38.9485 -54.5672 -28.7998
vn 0.0824209 -0.178553 -0.980472
v 5.05969 -47.3316 -32.2088
vn 0.145479 0.287222 -0.946752
v 0.723958 -49.7071 -32.4506
vn -0.159066 0.00217761 -0.987266
v 1.57376 -46.4006 -31.9906
vn -0.317567 0.148216 -0.93658
v 1.45628 -42.695 -31.933
vn -0.396223 0.261217 -0.880212
v 0.72436 -38.0859 -30.8206
vn -0.0942677 0.276542 -0.956367
v 4.44127 -39.9097 -32.1241
vn 0.890212 -0.28052 -0.358931
v -12.2414 -39.0123 -30.1393
vn -0.0332885 0.389455 -0.920444
v 4.47069 -36.1729 -30.9532
vn 0.446985 -0.875235 0.184848
v 1.67371 -31.0364 -33.5908
vn 0.836995 -0.271877 -0.474892
v 12.8482 -17.9526 -31.3208
vn 0.885018 -0.443405 -0.141901
v 13.0347 -18.4578 -30.3942
vn 0.856483 0.0354167 -0.514959
v 14.7484 -7.25955 -30.2865
vn -0.981231 -0.19114 0.0255053
v -64.9159 -2.21254 -32.1699
vn 0.798921 0.326584 -0.505043
v 11.0637 1.58048 -33.6453
vn -0.986069 -0.166275 -0.00447024
v -66.3375 6.88854 -28.249
vn 0.291033 0.76364 -0.576328
v -6.68969 13.9008 -30.1713
vn -0.989595 -0.0804871 -0.119265
v -66.9726 12.9314 -33.2603
vn 0.563568 -0.704255 -0.431759
v -10.0151 29.4907 -31.2528
vn 0.545327 -0.758234 -0.357351
v -6.86949 30.8214 -28.543
vn 0.59817 -0.724393 -0.342706
v -0.788294 34.9397 -29.5987
vn 0.742939 0.268781 -0.613025
v -1.54108 43.816 -31.9092
vn -0.936798 0.230235 -0.263441
v -65.9525 47.9799 -27.5414
vn 0.577934 0.63233 -0.515899
v -8.79335 54.1611 -29.7472
vn 0.623097 0.596045 -0.506439
v -10.8865 54.4869 -32.1419
vn 0.750167 0.477049 -0.457901
v -17.1659 63.6859 -30.2516
vn 0.768363 0.449258 -0.455836
v -18.774 63.4444 -33.1647
vn -0.610038 0.669174 -0.424334
v -51.7464 72.3617 -31.0197
vn -0.416337 0.803134 -0.426192
v -45.2109 75.6792 -32.8173
vn 0.406289 0.788079 -0.462452
v -26.3408 76.5156 -28.3331
vn 0.420685 -0.291509 -0.859096
v 30.0675 -79.9309 -30.7253
vn 0.545627 0.330586 -0.770068
v 31.3456 -77.0946 -29.4434
vn 0.611385 0.763343 -0.208606
v 19.2996 -67.4019 -30.7095
vn 0.506172 0.203791 -0.838009
v 10.6712 -57.8724 -30.5174
vn 0.370344 0.275269 -0.887171
v 5.54391 -53.9798 -32.0341
vn 0.160887 0.0539711 -0.985496
v 3.49631 -50.6001 -31.982
vn 0.261277 -0.00981214 -0.965214
v 8.39063 -53.3193 -30.9014
vn 0.276593 -0.105288 -0.955202
v 10.9886 -48.2709 -30.9151
vn 0.0614998 0.651034 -0.756553
v -6.12168 -46.4327 -31.6107
vn -0.0644185 0.508647 -0.858562
v -3.79625 -45.8394 -31.1839
vn -0.34898 0.210276 -0.913234
v -0.996396 -44.5396 -30.9998
vn 0.348934 -0.086477 -0.933149
v 14.5836 -45.5171 -30.022
vn 0.798158 0.029392 -0.601731
v -13.6572 -44.0352 -31.9229
vn -0.803973 -0.566154 -0.181928
v -47.5624 -43.261 -30.7874
vn 0.259584 0.0974111 -0.960795
v 12.5919 -40.3179 -30.6693
vn 0.17076 0.255797 -0.95153
v 7.30859 -39.9851 -31.7954
vn 0.143331 0.349353 -0.925964
v 12.4163 -36.2662 -29.7508
vn -0.394168 0.564062 -0.725579
v 1.95631 -35.4398 -30.1947
vn 0.724606 -0.643682 0.246209
v 10.0526 -23.1421 -29.7649
vn -0.940024 -0.3273 0.0960736
v -60.0406 -18.4141 -26.9575
vn 0.874756 0.124417 -0.468318
v 14.0465 -1.64171 -30.1704
vn 0.961224 0.136197 -0.239789
v 15.314 -1.4696 -26.8249
vn 0.601904 0.680342 -0.418147
v 8.45751 7.72849 -31.0921
vn -0.992369 -0.0440073 -0.115184
v -67.4117 16.9391 -31.4827
vn 0.617079 -0.0951039 -0.781133
v -15.3631 22.7308 -31.6824
vn -0.989873 0.00441152 -0.141889
v -67.4323 24.7529 -32.2546
vn 0.600389 -0.485545 -0.635436
v -13.5585 27.3427 -32.1104
vn 0.647723 -0.509662 -0.566303
v -11.6723 27.6266 -30.2666
vn -0.990335 0.0146689 -0.137921
v -68.3059 29.4127 -27.2507
vn -0.976193 0.0651307 -0.206895
v -67.012 32.2749 -32.9183
vn 0.859812 0.0482935 -0.508321
v 1.7167 39.0501 -29.0043
vn 0.67186 0.501533 -0.54504
v -3.19347 48.1923 -30.6629
vn 0.570878 0.630506 -0.525891
v -6.92488 51.4915 -31.502
vn 0.656327 0.58004 -0.482482
v -13.0426 59.0282 -29.4162
vn 0.512765 0.732747 -0.447386
v -24.3153 73.4975 -31.5406
vn -0.242508 0.854179 -0.459965
v -42.7423 78.8423 -28.3354
vn 0.0699111 0.914383 -0.398769
v -35.8088 78.5533 -30.4347
vn 0.0949174 -0.808734 -0.580465
v 29.7952 -82.1288 -28.8849
vn -0.306874 -0.905188 -0.294045
v 15.8837 -79.1814 -28.4744
vn 0.635909 0.521316 -0.569078
v 26.1713 -73.5459 -31.4216
vn -0.258612 -0.880869 -0.39647
v -11.5485 -69.6098 -28.272
vn -0.308449 -0.867963 -0.389229
v -17.594 -68.141 -27.0729
vn 0.557391 0.689661 -0.462259
v 17.1582 -65.033 -27.3983
vn 0.725295 0.387167 -0.569253
v 12.2143 -60.0088 -30.1704
vn 0.346319 -0.092081 -0.933587
v 12.6144 -51.6759 -29.8058
vn -0.738637 -0.628238 -0.244401
v -43.2643 -48.966 -30.6311
vn 0.432117 -0.14142 -0.89066
v 15.3554 -52.2463 -28.4671
vn 0.391037 0.576836 -0.717183
v -12.0268 -43.4252 -29.4714
vn 0.354349 -0.0971634 -0.930052
v 19.9147 -46.188 -27.7564
vn -0.641893 0.388194 -0.661271
v -0.657663 -37.7103 -29.607
vn -0.845047 -0.518698 -0.129801
v -50.6103 -38.8815 -30.1614
vn 0.334156 0.061107 -0.940535
v 19.4535 -37.2372 -28.2563
vn 0.191996 0.276115 -0.941753
v 15.5115 -35.9728 -29.2379
vn -0.715077 0.613059 -0.335892
v -0.477575 -34.66 -26.3792
vn 0.109105 0.598826 -0.793413
v 10.6525 -33.1472 -28.4476
vn 0.471367 -0.79146 0.389107
v 2.96387 -28.3421 -29.4117
vn 0.937405 -0.310228 -0.15821
v 14.3603 -15.6078 -29.1626
vn 0.654941 0.721155 -0.225804
v 9.42343 8.99167 -26.8514
vn 0.809191 -0.395833 -0.434196
v 1.47096 36.9227 -28.7985
vn 0.351652 -0.527512 -0.773351
v 33.8244 -81.605 -28.4513
vn -0.18775 -0.913393 -0.361198
v 21.6801 -80.4941 -29.7422
vn 0.554002 0.0227372 -0.832205
v 34.0587 -80.0654 -28.7983
vn 0.600587 0.401956 -0.691178
v 35.2753 -78.5385 -27.3278
vn -0.323386 -0.847819 -0.420266
v 0.0705495 -73.915 -26.7806
vn 0.553573 0.707819 -0.438803
v 25.1273 -70.6567 -28.6759
vn -0.267945 -0.869598 -0.414734
v -5.74347 -71.409 -27.4664
vn 0.460112 0.698132 -0.548552
v 19.6904 -66.6458 -27.854
vn -0.394293 -0.85116 -0.346496
v -22.1524 -65.6486 -28.7384
vn -0.468572 -0.823867 -0.318877
v -28.7121 -61.6848 -30.4836
vn 0.566839 -0.026806 -0.823392
v 13.2083 -57.8234 -28.8367
vn 0.822812 0.155704 -0.546567
v -11.5194 -41.2867 -27.777
vn -0.150482 0.630695 -0.761301
v -5.19429 -43.4847 -29.169
vn -0.439078 0.462641 -0.770178
v -2.85398 -41.6953 -29.1866
vn 0.24668 0.319829 -0.914799
v 18.2438 -34.9057 -28.273
vn 0.325558 0.157839 -0.932255
v 22.0936 -35.4245 -27.1077
vn 0.763849 -0.622092 -0.171858
v -10.2435 -34.4205 -31.0999
vn -0.0297839 0.72733 -0.685641
v 6.94792 -31.8402 -27.8049
vn 0.114239 0.544784 -0.830758
v 15.3566 -33.1542 -27.8801
vn -0.08036 0.922524 -0.37748
v 6.38419 -31.0563 -26.611
vn -0.917298 -0.395428 0.0469192
v -55.0789 -30.1945 -26.499
vn -0.958074 -0.27879 0.0661048
v -61.9988 -12.8614 -30.6775
vn 0.981899 -0.0139063 -0.188894
v 15.5333 -8.46858 -28.539
vn 0.79916 0.527269 -0.288671
v 12.4131 5.04468 -27.1215
vn -0.987164 -0.15404 -0.0421753
v -67.0051 11.2172 -28.0203
vn 0.600967 0.217391 -0.769142
v -13.4358 18.8617 -30.5048
vn 0.686995 -0.141885 -0.712675
v -12.0275 23.4133 -28.9045
vn -0.974985 0.0937558 -0.201532
v -67.5345 37.8764 -29.3874
vn 0.646018 0.597636 -0.47486
v -4.46407 50.6162 -29.7214
vn 0.569494 0.612322 -0.548396
v -9.67852 58.7159 -25.6596
vn -0.0606978 -0.946558 -0.316769
v 29.4634 -83.5909 -25.5609
vn -0.165291 -0.916709 -0.363763
v 26.4918 -82.1034 -28.381
vn 0.605191 0.0605052 -0.793778
v 14.2553 -60.6503 -27.7871
vn -0.893559 -0.447061 -0.041096
v -53.5934 -33.7982 -28.515
vn -0.4222 0.766097 -0.484605
v 1.90257 -32.8089 -27.2393
vn 0.0528575 0.809744 -0.584398
v 10.3849 -31.637 -26.7592
vn 0.562325 -0.687157 0.460006
v 7.6659 -22.6068 -25.3042
vn 0.835082 -0.515634 0.191727
v 13.0011 -18.195 -28.7577
vn 0.965812 -0.258835 0.0145581
v 15.2067 -13.2461 -27.3996
vn -0.981904 -0.184418 0.0430666
v -65.5958 3.07126 -28.2252
vn 0.3549 0.829783 -0.430705
v -1.4893 14.6911 -26.105
vn -0.990531 -0.120109 -0.0665012
v -67.6512 15.3043 -27.5601
vn 0.444577 0.658889 -0.606809
v -5.42591 15.935 -26.9899
vn 0.752071 0.510113 -0.417341
v 0.84997 46.3289 -26.8367
vn 0.707461 0.573515 -0.413012
v -1.04254 48.1371 -27.4975
vn 0.603999 0.608363 -0.51486
v -11.2356 60.5228 -25.0906
vn 0.773142 0.456977 -0.439798
v -19.8675 68.8851 -30.3627
vn -0.427246 0.777854 -0.460873
v -46.466 77.3539 -28.3905
vn -0.0100553 0.882398 -0.470397
v -38.5871 80.2903 -26.9499
vn 0.201983 -0.813788 -0.544933
v 34.9019 -83.3107 -26.2095
vn 0.507715 -0.416696 -0.754049
v 37.8435 -82.327 -25.3922
vn -0.323819 -0.876311 -0.35668
v 7.03348 -76.8132 -26.1654
vn 0.561935 0.603893 -0.565281
v 33.6655 -75.9551 -26.5733
vn 0.531266 0.57215 -0.62482
v 26.481 -67.9006 -23.5029
vn 0.427779 -0.0866109 -0.899724
v 17.7773 -56.98 -26.5473
vn 0.417204 -0.186554 -0.88946
v 22.0948 -48.8686 -26.4861
vn -0.141895 0.758676 -0.635827
v -7.37054 -40.9447 -26.0734
vn -0.616715 0.641583 -0.456108
v -4.03615 -39.1072 -25.9544
vn 0.360414 0.00717988 -0.932765
v 22.9756 -39.9939 -27.0659
vn 0.195292 0.451597 -0.870587
v 20.154 -32.5059 -26.5584
vn 0.00582446 0.600259 -0.799785
v 17.7377 -31.3496 -26.1716
vn 0.536233 -0.836951 0.109394
v -6.95119 -32.024 -27.6998
vn 0.422539 -0.825196 0.37485
v -3.59759 -30.3344 -27.6275
vn 0.689841 -0.580325 0.43283
v 11.426 -16.9273 -22.6549
vn 0.845114 -0.475495 0.244309
v 14.3113 -14.771 -25.1366
vn -0.972957 -0.225353 0.0507086
v -65.2581 1.97638 -23.6929
vn 0.463294 0.836552 -0.292472
v 4.93933 11.7122 -27.1107
vn 0.482436 0.532242 -0.695682
v -8.75688 17.3486 -27.8839
vn 0.70335 0.076336 -0.706733
v -10.6263 21.2982 -27.495
vn 0.734913 -0.388262 -0.556017
v -7.72673 27.7345 -25.7213
vn -0.97615 0.12532 -0.177272
v -67.7827 39.2072 -26.981
vn 0.807849 0.349382 -0.474671
v 1.37603 44.5108 -27.6731
vn -0.921908 0.302761 -0.241704
v -64.7393 54.3989 -26.2548
vn 0.645008 0.594858 -0.479696
v -4.18165 52.2897 -26.7615
vn 0.564567 0.618703 -0.546325
v -7.38456 55.606 -26.6811
vn -0.607619 0.633382 -0.479194
v -53.3905 74.3958 -25.5579
vn -0.44979 0.729289 -0.515584
v -49.7622 77.3925 -25.2889
vn -0.275592 0.805712 -0.524287
v -43.4685 80.4557 -25.267
vn 0.620916 0.177617 -0.763489
v 38.2508 -80.2803 -25.2605
vn -0.286749 -0.919893 -0.267529
v 12.511 -80.3107 -21.4376
vn -0.34133 -0.8699 -0.356046
v -18.5722 -69.1018 -24.075
vn -0.504723 -0.802533 -0.318113
v -31.0134 -61.8764 -26.0753
vn 0.630542 0.351639 -0.691929
v 15.6713 -63.2248 -27.3526
vn 0.407785 -0.192466 -0.892563
v 18.4828 -53.412 -26.8531
vn -0.787869 -0.596075 -0.15478
v -43.6365 -49.7917 -27.1153
vn 0.455956 -0.208023 -0.86535
v 26.0454 -47.6245 -24.4151
vn 0.427293 -0.0280993 -0.903676
v 27.917 -39.4942 -25.126
vn 0.829457 -0.493231 -0.262153
v -9.02874 -34.4522 -27.1248
vn -0.581289 0.80968 -0.0807579
v 0.974908 -32.2463 -24.1027
vn -0.294896 0.948472 -0.11592
v 3.41237 -31.2027 -25.0186
vn 0.310792 0.245371 -0.91826
v 24.5192 -32.626 -25.5011
vn -0.921184 -0.377065 0.096134
v -58.8 -21.9747 -28.6815
vn 0.722976 -0.580287 0.374931
v 9.91526 -21.5288 -27.0212
vn -0.954422 -0.267944 0.131468
v -61.527 -9.93077 -20.6989
vn -0.958766 -0.266714 0.0981383
v -63.2317 -7.6277 -29.0736
vn -0.968678 -0.23472 0.0810557
v -64.3989 -2.66386 -27.1284
vn 0.889746 0.337797 -0.306994
v 14.8628 1.27367 -26.4663
vn -0.995032 -0.0359847 -0.0928256
v -68.2279 22.9637 -26.4268
vn -0.988626 0.043537 -0.143956
v -68.3336 35.3188 -24.8973
vn 0.550495 -0.751516 -0.363563
v -2.21837 32.4399 -25.859
vn 0.867541 -0.228999 -0.44151
v 3.16032 37.9302 -25.6504
vn -0.965388 0.181169 -0.187627
v -67.4049 45.6401 -23.9159
vn 0.685354 0.475965 -0.551133
v -0.525355 49.7291 -24.3463
vn -0.852773 0.415069 -0.317009
v -61.1749 63.2022 -25.0864
vn -0.75506 0.516787 -0.403505
v -56.7964 68.9327 -27.0182
vn 0.719275 0.524306 -0.455792
v -19.8553 74.2535 -24.3727
vn 0.612765 0.643236 -0.459092
v -22.7024 74.2782 -28.4794
vn 0.414184 0.765308 -0.492702
v -24.2663 80.2031 -20.629
vn 0.533084 0.694314 -0.483475
v -21.525 76.5653 -23.8028
vn 0.187143 0.80926 -0.556844
v -33.1363 81.9114 -23.5278
vn 0.217113 0.865077 -0.452222
v -32.0091 79.2456 -27.6538
vn 0.49663 -0.429469 -0.754264
v 40.1987 -82.6357 -23.7788
vn 0.610659 0.529206 -0.589098
v 37.849 -77.5959 -24.0413
vn -0.298785 -0.881405 -0.365859
v 1.34901 -76.0881 -23.0353
vn 0.54176 0.681575 -0.491886
v 31.424 -72.8544 -24.7876
vn 0.437238 0.252472 -0.863181
v 19.4632 -64.1862 -25.7034
vn -0.660766 -0.70818 -0.248735
v -37.0393 -57.8153 -24.4536
vn 0.456447 -0.143068 -0.878173
v 20.5174 -55.5974 -25.2246
vn -0.744657 -0.645708 -0.168957
v -41.7692 -52.2901 -25.983
vn 0.482818 -0.071366 -0.872808
v 29.7161 -41.5742 -24.0003
vn -0.652424 0.75235 -0.0911731
v -2.01741 -35.2444 -21.5158
vn 0.460415 0.105135 -0.881456
v 29.3737 -36.3015 -24.0548
vn 0.0400846 0.418522 -0.907322
v 19.4841 -28.9673 -24.7501
vn -0.306268 0.482131 -0.820823
v 16.8957 -28.1578 -23.9089
vn 0.588718 -0.715279 0.376546
v -3.19963 -27.5255 -22.9368
vn 0.981155 -0.124085 0.148117
v 15.5294 -9.19069 -22.8305
vn -0.977926 -0.208852 0.00638631
v -66.5468 7.88734 -24.072
vn 0.660027 0.307295 -0.685517
v -7.85428 20.0913 -25.2331
vn 0.799844 -0.0744393 -0.595573
v -8.13088 25.3787 -25.2001
vn 0.599497 -0.661494 -0.450587
v -4.94064 29.7528 -24.4597
vn 0.681155 -0.646518 -0.343573
v 1.78658 35.287 -24.7889
vn 0.846975 0.249481 -0.469459
v 3.42081 42.9065 -24.621
vn 0.719969 0.50918 -0.471572
v -14.6175 65.0544 -24.6972
vn 0.777284 0.447061 -0.442681
v -17.1238 69.2773 -24.7666
vn -0.0493008 0.798101 -0.600504
v -38.9114 81.6862 -24.6782
vn 0.177896 -0.878002 -0.444371
v 36.8485 -83.8595 -24.3406
vn -0.241838 -0.942269 -0.231611
v 20.3215 -82.5187 -21.7689
vn 0.685957 0.0345443 -0.726821
v 41.9103 -81.3798 -22.8272
vn 0.557948 0.688472 -0.463357
v 35.3344 -74.0398 -22.2849
vn -0.297914 -0.880343 -0.36911
v -13.4101 -71.6733 -22.3405
vn -0.40708 -0.844761 -0.347367
v -22.9401 -67.7062 -22.9659
vn 0.491516 -0.110889 -0.86378
v 23.5925 -57.8431 -23.2488
vn -0.844294 -0.535281 -0.025333
v -47.8226 -44.1895 -23.6569
vn 0.556943 -0.188479 -0.808882
v 31.5129 -44.5573 -22.5589
vn -0.870121 -0.492758 0.00885639
v -50.2341 -40.2043 -24.6802
vn -0.661429 0.746774 0.0695776
v -0.698276 -33.9162 -22.5269
vn 0.727984 -0.680907 0.0800324
v -5.86099 -30.8455 -24.4346
vn -0.175895 0.7649 -0.619668
v 15.2166 -30.19 -24.9296
vn 0.393143 0.208706 -0.895478
v 27.5419 -29.6151 -23.6859
vn 0.178243 0.284372 -0.941999
v 26.5038 -28.8002 -23.7605
vn -0.0990274 0.285417 -0.953274
v 18.8609 -25.2426 -23.5056
vn 0.129249 0.289405 -0.94844
v 23.6679 -24.0098 -22.9686
vn 0.424097 -0.757377 0.496509
v 2.64456 -25.7921 -24.8473
vn 0.474548 -0.713909 0.514915
v 3.8487 -25.0324 -24.7871
vn 0.474474 -0.717724 0.509654
v 2.02902 -23.8073 -21.8968
vn -0.0850825 0.350245 -0.932786
v 19.8867 -22.9537 -22.9715
vn 0.575403 -0.639526 0.509821
v 8.43875 -19.0924 -21.7965
vn 0.931354 0.357857 -0.0672214
v 15.1693 1.39922 -24.4195
vn 0.535938 0.831061 -0.148689
v 3.41218 13.7984 -22.7816
vn 0.674338 0.521037 -0.523248
v -5.57469 20.5083 -22.7312
vn -0.991572 -0.0326314 -0.125378
v -68.5288 25.4957 -23.4537
vn 0.587606 -0.698263 -0.408837
v -1.02513 31.4254 -22.0982
vn -0.966112 0.189478 -0.175288
v -68.0812 45.7451 -19.5958
vn 0.768346 0.448738 -0.456376
v 1.6866 47.3462 -23.2727
vn 0.508408 0.595432 -0.622079
v -5.27794 58.3707 -21.8215
vn -0.622928 0.65242 -0.431635
v -53.4452 76.8013 -22.4806
vn 0.576446 0.610466 -0.543176
v 29.2771 -69.5082 -22.6426
vn -0.817683 -0.574475 -0.0370452
v -43.836 -50.217 -23.3756
vn -0.880362 -0.459949 0.1158
v -49.7177 -40.1757 -19.6315
vn 0.835027 -0.000826584 -0.550209
v -7.6924 -36.7602 -21.626
vn -0.20615 0.97749 -0.0448861
v 7.45228 -30.6051 -22.9146
vn -0.139115 0.925304 -0.352789
v 11.7222 -30.2799 -23.7667
vn -0.592446 0.412096 -0.692232
v 11.0655 -27.8767 -19.9826
vn -0.40637 0.306715 -0.860691
v 15.6465 -24.2975 -22.0595
vn 0.0960833 0.534971 -0.839389
v 23.6317 -20.731 -21.6055
vn 0.844642 -0.405715 0.349249
v 14.5431 -12.0441 -21.8493
vn 0.995672 0.0731597 0.0573147
v 15.7623 -1.44071 -22.6976
vn 0.922358 0.2983 0.245506
v 15.2362 0.620292 -21.5753
vn 0.81083 0.585154 0.0122741
v 11.4794 7.46495 -23.0489
vn 0.738141 0.632873 0.233709
v 11.8417 6.72368 -21.5866
vn -0.985356 -0.166784 -0.0354381
v -67.4295 12.7031 -23.7494
vn 0.820617 0.131379 -0.556172
v -6.77663 22.0439 -23.5758
vn 0.86901 -0.125524 -0.478607
v -6.0439 25.6504 -22.1635
vn 0.493428 0.641758 -0.587091
v -6.80827 62.288 -19.0379
vn -0.83187 0.459962 -0.310528
v -59.7293 69.1139 -21.1257
vn -0.742137 0.558836 -0.370048
v -56.6739 73.7137 -21.444
vn 0.324658 0.803466 -0.499039
v -28.5309 80.5349 -23.3837
vn 0.187153 0.74323 -0.642327
v -35.4478 85.1965 -20.5249
vn 0.0166637 -0.986352 -0.163807
v 37.7564 -84.89 -20.6455
vn 0.267763 -0.881695 -0.38848
v 42.2715 -84.5535 -20.5752
vn 0.631331 -0.498635 -0.593956
v 43.4125 -84.0922 -20.306
vn -0.124626 -0.975174 -0.183041
v 29.2912 -84.4758 -21.835
vn 0.803991 0.0679471 -0.590747
v 44.6045 -82.502 -19.575
vn -0.272804 -0.89801 -0.345191
v -2.76634 -76.4726 -18.758
vn 0.546218 0.279579 -0.789608
v 23.254 -64.3616 -23.808
vn 0.522243 -0.242394 -0.817623
v 29.0663 -50.8712 -21.8174
vn 0.54222 0.0440944 -0.839079
v 32.7966 -36.5781 -22.1604
vn 0.432989 0.577768 -0.691885
v -8.7447 -38.5278 -23.2364
vn -0.318251 0.919925 -0.22903
v -3.15893 -36.0105 -18.6878
vn 0.588629 -0.0858555 -0.803831
v 33.7443 -41.5539 -21.0177
vn -0.905053 -0.415254 0.0918837
v -52.4119 -36.1096 -24.6257
vn -0.397226 0.901347 0.172584
v 2.49457 -31.8416 -22.3833
vn -0.914454 -0.393019 0.0964849
v -53.8377 -30.9718 -18.9146
vn -0.419102 0.875474 -0.240623
v 8.37521 -29.9143 -20.2243
vn -0.923268 -0.364542 0.12118
v -55.6521 -27.0602 -21.6665
vn 0.325465 0.311989 -0.892601
v 27.8362 -24.2773 -22.1156
vn 0.869546 -0.491502 -0.0481212
v -4.03868 -28.0561 -21.7213
vn 0.780443 -0.622853 0.0544265
v -2.9404 -25.8722 -20.3443
vn -0.211591 0.531158 -0.820427
v 18.2047 -21.385 -22.0115
vn 0.83402 -0.271754 0.480166
v 14.6765 -10.2624 -20.3906
vn -0.950089 -0.289254 0.116888
v -63.2304 -4.2984 -20.8936
vn 0.61413 0.789019 0.0171314
v 8.55782 10.1366 -23.6899
vn -0.993737 -0.100687 -0.0484635
v -68.169 17.0365 -23.1453
vn 0.864933 0.281501 -0.41551
v -4.84595 22.7886 -19.6758
vn 0.630957 -0.704951 -0.32394
v -1.1664 29.2889 -19.0645
vn -0.988345 0.0333063 -0.148544
v -69.1911 35.0474 -20.5141
vn -0.982814 0.102833 -0.153302
v -68.5717 39.8216 -21.7139
vn 0.578108 0.545169 -0.607109
v -3.36647 55.3536 -23.013
vn 0.629972 0.577272 -0.519512
v -11.5254 64.2433 -21.1951
vn -0.723704 0.624538 -0.293607
v -55.1843 76.284 -19.7703
vn -0.30399 0.760908 -0.573244
v -43.5172 82.0181 -23.2384
vn 0.236961 0.74562 -0.622817
v -34.0663 86.9644 -17.9612
vn -0.0724147 -0.995681 -0.0581003
v 30.0574 -84.7674 -18.3338
vn -0.267432 -0.914154 -0.304636
v 6.21735 -78.1728 -21.8669
vn 0.675382 0.47128 -0.567234
v 41.7625 -79.9025 -22.022
vn 0.610241 0.654228 -0.446756
v 38.0049 -75.8259 -21.5239
vn -0.268708 -0.880369 -0.390828
v -7.64978 -73.4361 -22.3162
vn 0.572662 -0.242132 -0.783218
v 30.0715 -53.1048 -20.1164
vn 0.299065 0.751289 -0.588324
v -6.05156 -36.7877 -20.1967
vn -0.257007 0.86151 -0.43789
v -5.23991 -37.7484 -21.7667
vn 0.870708 -0.397392 -0.289735
v -7.05712 -32.9711 -23.2266
vn 0.449081 0.149896 -0.880828
v 33.1511 -31.1708 -21.0482
vn -0.404126 0.720181 -0.563934
v 12.1162 -29.1821 -22.111
vn -0.671015 0.589768 -0.449348
v 9.58011 -28.4249 -18.8388
vn 0.3954 0.269257 -0.878157
v 30.7617 -25.0673 -20.9337
vn 0.579157 -0.769468 0.269253
v -1.79604 -24.8794 -20.1041
vn 0.295015 0.470994 -0.831343
v 27.4446 -19.7295 -19.9748
vn -0.526387 0.50872 -0.681264
v 14.8432 -21.1117 -20.2157
vn 0.592146 -0.646181 0.48147
v 4.94766 -19.6019 -18.5315
vn -0.240117 0.748648 -0.617956
v 18.4314 -18.8034 -19.3974
vn 0.931961 -0.00290627 0.362547
v 15.1634 -4.29773 -20.2686
vn 0.849215 0.437789 0.295252
v 13.2376 3.61469 -20.2647
vn 0.635911 0.759908 0.134745
v 7.60379 10.2655 -20.5903
vn 0.655368 0.754743 -0.0292571
v 2.24776 14.7052 -20.4053
vn 0.719363 -0.589595 -0.367279
v 3.47082 34.3951 -20.5906
vn 0.84563 -0.321504 -0.426081
v 5.36925 38.8347 -22.0931
vn 0.888934 -0.166269 -0.426792
v 7.02585 39.8226 -19.5795
vn 0.83504 0.144191 -0.530959
v 5.95006 41.4396 -21.1581
vn 0.631235 0.327757 -0.702935
v 2.10897 49.5988 -21.5477
vn -0.917986 0.341867 -0.201067
v -64.5095 57.2626 -21.9176
vn -0.889488 0.391872 -0.235046
v -61.7427 64.9406 -21.1929
vn 0.759702 0.477292 -0.44164
v -16.4106 72.5556 -20.2418
vn 0.622411 0.62753 -0.467772
v -20.1057 77.6708 -20.7067
vn -0.529653 0.714886 -0.456516
v -52.1368 78.7918 -21.0315
vn 0.759075 -0.12064 -0.639727
v 46.3227 -83.1824 -16.9734
vn -0.234252 -0.957103 -0.170527
v 16.8562 -82.0702 -19.4306
vn -0.345697 -0.888298 -0.302358
v -17.0154 -72.7577 -16.1888
vn -0.550228 -0.788 -0.276234
v -31.0496 -63.5346 -22.0371
vn 0.616002 0.341757 -0.709749
v 29.2939 -66.5445 -20.2697
vn -0.688299 -0.700875 -0.187131
v -36.6155 -59.6443 -20.9839
vn 0.573472 -0.0936314 -0.813857
v 25.16 -60.0745 -22.1221
vn 0.560328 -0.126636 -0.818533
v 36.2578 -44.5695 -19.1073
vn 0.539697 -0.000254467 -0.841859
v 35.8121 -35.5375 -19.9905
vn -0.423025 0.905131 0.0422821
v 5.41013 -31.3055 -18.9462
vn 0.87579 -0.288466 -0.387012
v -4.09997 -30.4796 -18.0503
vn 0.446645 0.0489437 -0.893372
v 37.6824 -30.018 -18.823
vn 0.421866 0.108533 -0.900138
v 36.1122 -29.8595 -19.5771
vn 0.669653 -0.723304 0.168514
v -0.613183 -23.5755 -18.4954
vn 0.615492 -0.512313 0.59892
v 10.4101 -14.4124 -18.8957
vn 0.5553 0.751358 -0.356513
v -0.168271 16.0693 -22.6708
vn -0.990102 -0.117313 -0.0770423
v -68.3591 18.872 -20.2916
vn 0.662692 0.683845 -0.305279
v -1.73179 18.6491 -19.8887
vn -0.990754 -0.0522374 -0.125207
v -69.0776 25.4697 -20.5762
vn 0.727199 0.30924 -0.612824
v 4.49751 45.4409 -20.9873
vn 0.563634 0.169597 -0.808427
v 4.70954 46.7174 -20.3726
vn 0.517369 0.129509 -0.845906
v 8.0384 49.8495 -18.7042
vn -0.948599 0.267361 -0.169345
v -66.0656 53.0226 -21.4034
vn -0.639693 0.662615 -0.38953
v -51.8729 81.033 -17.607
vn 0.540218 0.691899 -0.478999
v -20.8649 79.9883 -18.1075
vn -0.387981 0.725502 -0.568434
v -46.872 82.3343 -20.4783
vn 0.0742424 -0.990522 -0.115561
v 41.8414 -85.016 -18.1108
vn -0.230807 -0.945299 -0.230517
v 8.86817 -80.7422 -15.2154
vn -0.296131 -0.892841 -0.339325
v -13.0027 -73.4728 -18.1558
vn -0.517623 0.847554 0.117127
v 0.444159 -33.8901 -19.2064
vn 0.791564 0.153795 -0.591417
v -5.18552 -35.3905 -17.8931
vn 0.472875 -0.0208303 -0.880883
v 38.2664 -31.8237 -18.4634
vn 0.429578 0.0680088 -0.900465
v 39.5687 -29.2134 -17.8013
vn 0.38404 0.159603 -0.909417
v 38.35 -26.4902 -17.9943
vn 0.347259 0.307622 -0.885878
v 33.2263 -22.8778 -19.1704
vn -0.782218 0.484 -0.392273
v 12.208 -22.8528 -18.2541
vn 0.848697 -0.478047 -0.226241
v -2.67504 -26.1812 -18.8548
vn 0.0772057 0.648697 -0.757121
v 25.1984 -17.7214 -19.0214
vn 0.661312 -0.347747 0.664634
v 12.7296 -9.79719 -18.0371
vn 0.687022 0.718882 0.105877
v 6.914 10.405 -18.5479
vn -0.978217 -0.207085 -0.0143882
v -67.5742 12.3756 -14.5526
vn 0.772108 0.555034 -0.309494
v -2.39868 20.5945 -17.2964
vn 0.824879 -0.459277 -0.329605
v -3.82631 26.8277 -19.1933
vn 0.657857 -0.720626 -0.218912
v 1.61143 31.4607 -18.3977
vn 0.861179 -0.104376 -0.497469
v 8.07446 40.9458 -17.3419
vn 0.681534 0.0471494 -0.730265
v 6.19958 44.7719 -19.3617
vn 0.62064 -0.111306 -0.776155
v 8.56862 48.1723 -18.3468
vn 0.430339 0.391541 -0.813329
v 6.317 53.6117 -18.2703
vn 0.426645 0.33318 -0.840813
v 2.55116 53.781 -19.7065
vn 0.510194 0.491401 -0.705852
v -1.24989 56.0745 -20.7676
vn 0.43514 0.627256 -0.645912
v -1.23686 60.7673 -16.6856
vn 0.578275 0.588832 -0.56469
v -10.2998 66.2761 -17.4414
vn -0.812567 0.527573 -0.247793
v -58.8274 71.7443 -19.2799
vn -0.783695 0.560582 -0.267528
v -57.8646 75.0425 -14.9707
vn 0.734046 0.481764 -0.478623
v -14.4565 70.5901 -18.8922
vn 0.712554 0.536783 -0.451809
v -17.8764 77.0902 -17.7789
vn -0.0855502 0.761765 -0.64218
v -38.6492 87.0357 -18.6969
vn 0.170331 -0.964767 -0.200529
v 50.7126 -85.3332 -7.9567
vn -0.188401 -0.976675 -0.103007
v 25.2308 -83.9586 -19.6058
vn -0.219892 -0.935982 -0.274926
v 6.61653 -79.8338 -16.9378
vn 0.599006 0.658608 -0.455442
v 38.9172 -73.2291 -15.876
vn 0.619045 0.570599 -0.539629
v 35.6182 -70.0556 -15.5796
vn 0.582731 0.664956 -0.467181
v 33.6297 -70.9471 -19.4093
vn 0.679802 0.447081 -0.581368
v 33.2714 -69.3425 -17.8502
vn 0.598055 0.0174138 -0.801266
v 34.8346 -63.1322 -14.8056
vn 0.593494 0.0192072 -0.804609
v 29.6792 -62.6571 -18.802
vn 0.562841 -0.231471 -0.793493
v 33.8867 -45.7229 -20.2789
vn -0.858585 -0.503823 0.0948403
v -45.2709 -47.6451 -17.0711
vn 0.536096 -0.0844523 -0.839922
v 38.5774 -38.6692 -17.898
vn -0.897864 -0.425129 0.114484
v -52.0417 -34.1776 -16.874
vn 0.493286 -0.0835759 -0.865843
v 41.2307 -37.278 -16.6221
vn -0.848394 0.528302 -0.0335336
v 10.3695 -24.7064 -15.4926
vn -0.611498 0.708723 -0.351827
v 14.184 -20.3139 -18.677
vn 0.24754 0.534537 -0.808081
v 30.7309 -18.4722 -18.0279
vn 0.0683158 0.742786 -0.666035
v 26.7058 -15.6264 -16.9549
vn -0.924387 -0.351507 0.148159
v -59.0939 -18.3889 -22.3157
vn -0.204155 0.809929 -0.549851
v 21.2973 -15.8394 -16.9216
vn -0.941986 -0.310479 0.127536
v -60.3128 -11.8826 -15.9713
vn 0.783182 -0.0850495 0.615948
v 13.8668 -6.05717 -18.0413
vn 0.84522 0.187199 0.50056
v 14.306 -0.289248 -19.0562
vn 0.741971 0.665332 -0.082531
v 3.53488 13.5242 -16.0101
vn 0.736907 0.644938 -0.20254
v 0.183679 17.3907 -17.7326
vn -0.971534 -0.221228 -0.0847324
v -68.5921 17.2868 -12.5204
vn -0.99096 -0.116632 -0.0662907
v -69.344 21.3594 -14.4494
vn 0.96656 -0.251303 -0.0510668
v -3.73765 25.3061 -14.9258
vn -0.996796 -0.0390494 -0.0698027
v -69.5079 27.3605 -15.6679
vn 0.774691 -0.614371 -0.149673
v 4.37789 33.9416 -17.359
vn -0.94391 0.274825 -0.183041
v -66.5749 53.8949 -17.0848
vn 0.448861 0.495851 -0.743408
v 6.65601 55.7445 -16.9198
vn 0.378488 0.560218 -0.736819
v 2.22268 57.4767 -17.6475
vn 0.714424 0.495125 -0.494418
v -15.3133 75.4095 -15.5639
vn 0.402037 0.755132 -0.517823
v -26.6445 83.9763 -16.5719
vn 0.341343 0.745335 -0.572679
v -30.1063 83.7165 -19.3713
vn -0.211235 -0.965338 -0.153306
v 15.4901 -82.7215 -14.037
vn 0.726261 0.450363 -0.519345
v 45.9925 -80.6793 -16.6393
vn -0.266166 -0.917841 -0.294489
v 2.10262 -78.8887 -15.7915
vn -0.38721 -0.867645 -0.311866
v -21.3915 -69.8603 -19.0721
vn -0.462296 -0.835537 -0.296917
v -26.1932 -67.0114 -20.6359
vn -0.625137 -0.766867 -0.145322
v -32.0511 -64.3459 -16.6688
vn 0.575755 -0.184935 -0.796433
v 32.7448 -56.0591 -17.5636
vn -0.791976 -0.604969 -0.0823809
v -40.6566 -54.9541 -19.4436
vn 0.546904 -0.216387 -0.808748
v 39.5349 -46.3912 -16.2021
vn -0.338625 0.92363 -0.179555
v -0.447549 -34.4314 -16.2684
vn -0.592185 0.804506 -0.0456876
v 5.41501 -31.3739 -15.5526
vn 0.474658 0.0187308 -0.879971
v 41.9111 -29.3522 -16.7204
vn -0.809605 0.556125 -0.187787
v 8.55627 -28.1822 -16.0242
vn 0.383534 0.14894 -0.911438
v 40.6165 -25.1723 -16.869
vn 0.85123 -0.47016 -0.233144
v -0.345856 -23.4063 -15.6862
vn 0.329202 0.252894 -0.909764
v 37.5542 -23.3039 -17.6101
vn 0.337147 0.246873 -0.908507
v 41.1657 -20.593 -15.6824
vn 0.749447 -0.655285 0.0945051
v 1.43655 -21.0481 -15.7876
vn 0.269297 0.391795 -0.879759
v 34.6242 -19.2113 -17.0694
vn -0.19993 0.905568 -0.374133
v 22.4471 -14.7168 -15.1199
vn 0.800974 -0.404747 0.441159
v 8.18187 -10.6628 -14.0769
vn 0.689122 -0.21612 0.691666
v 10.8184 -7.68257 -15.4073
vn 0.780651 0.103667 0.616309
v 12.0432 -0.615228 -15.9392
vn 0.841395 0.334406 0.424531
v 10.765 3.66306 -15.9196
vn -0.957296 -0.286549 0.038387
v -66.2123 7.37939 -15.4608
vn 0.964193 0.160474 -0.211137
v -3.65285 23.6115 -15.6856
vn 0.753955 -0.651448 -0.0846606
v -2.9947 27.2741 -16.3188
vn -0.994462 0.0115884 -0.104459
v -69.5401 33.8957 -17.1446
vn 0.845782 -0.46139 -0.267905
v 7.00244 38.1426 -17.5491
vn 0.700156 -0.140189 -0.700091
v 8.08495 43.6577 -17.3757
vn 0.379563 0.645253 -0.663008
v 4.85419 58.8299 -15.1888
vn -0.867975 0.446447 -0.217497
v -59.9277 71.5697 -14.9728
vn -0.255556 0.753716 -0.605478
v -41.3896 87.3255 -17.5813
vn 0.459942 -0.786161 -0.4128
v 45.1197 -84.4664 -17.288
vn 0.663347 -0.530845 -0.527423
v 49.1452 -84.1411 -13.7737
vn -0.277021 -0.91212 -0.302154
v -6.44971 -76.633 -15.3696
vn -0.442485 -0.869901 -0.217895
v -22.1281 -71.5509 -12.9394
vn 0.664342 0.156967 -0.73076
v 35.1664 -67.3989 -14.9809
vn -0.766073 -0.641289 -0.0433658
v -38.0129 -58.5792 -17.1336
vn 0.524942 -0.151561 -0.837535
v 42.8054 -41.6166 -15.027
vn 0.156993 0.818347 -0.552866
v -3.78793 -35.0363 -16.2682
vn 0.857572 -0.244098 -0.452753
v -1.86081 -28.0993 -15.0908
vn 0.485625 0.00806183 -0.87413
v 44.7372 -28.312 -14.9643
vn 0.434276 0.144629 -0.889093
v 43.4131 -23.3835 -15.3413
vn -0.503629 0.8405 -0.199792
v 18.0048 -16.6769 -14.9431
vn 0.0606997 0.741714 -0.667964
v 29.3619 -14.5931 -15.3913
vn 0.649423 -0.485544 0.585233
v 8.03331 -13.985 -16.6924
vn 0.806415 -0.218635 0.549448
v 8.73768 -8.14092 -13.4366
vn -0.953506 -0.288383 0.0875313
v -61.5456 -6.62333 -14.7964
vn -0.945152 -0.314865 0.0868844
v -62.4636 -4.0076 -14.5978
vn -0.95656 -0.279154 0.084064
v -64.7587 1.955 -16.7986
vn 0.743439 0.662155 -0.094064
v 6.20761 11.0226 -15.7577
vn 0.701516 -0.702932 0.117313
v 1.44025 31.2856 -15.9217
vn 0.736955 -0.665622 0.117663
v 5.50849 35.4902 -15.3195
vn 0.724789 -0.433385 -0.535591
v 9.25919 40.9508 -14.9424
vn -0.98593 0.093341 -0.138672
v -69.2686 39.8051 -16.5119
vn 0.548228 -0.293593 -0.783102
v 9.69738 42.5438 -15.4623
vn -0.972659 0.163995 -0.16444
v -68.9175 45.8543 -15.3245
vn 0.61516 0.277457 -0.737967
v 9.94033 51.8459 -16.3892
vn 0.529077 0.506354 -0.680943
v 9.73888 57.0508 -13.8358
vn -0.923427 0.33081 -0.194544
v -64.7855 59.5031 -16.5942
vn 0.394983 0.66921 -0.629402
v 0.0621974 61.8328 -14.7229
vn -0.897756 0.378101 -0.225996
v -63.1504 65.9041 -13.1492
vn 0.431144 0.647187 -0.6287
v -3.94288 64.3858 -14.7149
vn -0.904797 0.375005 -0.201775
v -62.8848 64.1447 -17.3134
vn 0.0532146 0.80153 -0.595582
v -37.129 88.8706 -16.5368
vn 0.781801 0.0146696 -0.623356
v 49.9829 -82.9106 -13.2583
vn 0.65798 0.506608 -0.557146
v 48.658 -80.9427 -13.7189
vn 0.644625 0.315151 -0.696519
v 35.7273 -69.1274 -14.7627
vn 0.564362 -0.181103 -0.805418
v 35.5222 -60.0074 -14.559
vn 0.567267 -0.253369 -0.783589
v 42.0853 -48.9331 -13.7363
vn -0.847541 -0.528049 0.0532838
v -40.9554 -53.7434 -11.3112
vn 0.516769 -0.0921309 -0.851153
v 44.7509 -37.6106 -14.3699
vn 0.715265 0.14705 -0.683207
v -2.21509 -33.5068 -13.9342
vn -0.607986 0.792012 0.0554052
v 5.29244 -31.5704 -13.8411
vn 0.515445 -0.0552487 -0.85514
v 48.9741 -31.182 -12.608
vn -0.756455 0.653765 0.0191537
v 12.2078 -22.0453 -14.7513
vn -0.952023 -0.297793 0.0705129
v -57.8067 -18.2901 -12.5262
vn 0.822513 -0.50697 0.257785
v 5.48398 -15.5159 -14.1787
vn 0.163621 0.564168 -0.809285
v 32.3561 -15.176 -15.3125
vn 0.25934 0.428269 -0.865638
v 41.9794 -15.9042 -13.9578
vn 0.741841 -0.0670253 0.667217
v 11.2727 -3.73756 -15.085
vn 0.863828 0.0543471 0.500847
v 10.0805 1.40017 -13.8672
vn 0.812934 0.562933 0.149149
v 8.07772 8.79671 -16.9802
vn 0.73289 0.583212 -0.350338
v 1.01704 17.7395 -12.9601
vn 0.831009 -0.556092 0.0136421
v -2.59623 27.5994 -13.3509
vn 0.656453 -0.0496075 -0.752734
v 11.3516 48.4245 -15.7423
vn 0.593903 0.320351 -0.738007
v 12.0306 52.859 -14.2083
vn 0.500725 0.572284 -0.649435
v -8.64086 67.9002 -14.4075
vn 0.644134 0.603981 -0.469359
v -18.6476 80.3001 -15.053
vn 0.474526 0.738743 -0.478627
v -20.751 82.6271 -13.9425
vn -0.490663 0.707184 -0.509059
v -48.4037 84.8997 -16.0569
vn 0.334173 -0.896965 -0.289451
v 48.5365 -84.9067 -13.0641
vn 0.74981 -0.350926 -0.560924
v 51.7708 -83.4212 -10.0864
vn -0.181484 -0.9758 -0.121973
v 23.1169 -84.0174 -13.7958
vn 0.618548 0.627828 -0.472474
v 42.9088 -76.5991 -14.9619
vn -0.310952 -0.913344 -0.262893
v -10.6454 -75.9541 -13.2111
vn 0.622905 0.135827 -0.770415
v 37.6748 -68.678 -13.2371
vn 0.573092 -0.117425 -0.811035
v 38.3299 -59.5156 -12.8977
vn 0.597441 -0.273993 -0.753653
v 41.0718 -53.0802 -12.9852
vn 0.581111 -0.211007 -0.785994
v 46.5293 -43.135 -12.3452
vn -0.884041 -0.453585 0.112838
v -49.1134 -40.1612 -15.8301
vn 0.369642 0.616978 -0.694768
v 0.0301376 -32.3753 -12.1129
vn -0.901869 -0.426384 0.0694877
v -52.0609 -33.7143 -14.1124
vn 0.0440653 0.95197 -0.303003
v 1.23334 -32.5778 -12.1006
vn -0.313298 0.949651 -0.00281885
v 2.78749 -32.7211 -13.4608
vn -0.925689 -0.377133 0.0294925
v -54.954 -26.2324 -9.31643
vn -0.801739 0.574631 0.164359
v 12.152 -22.51 -13.3581
vn -0.940399 -0.340056 -0.0034282
v -56.4116 -22.5949 -7.96355
vn 0.384781 0.339007 -0.858497
v 44.4306 -16.0869 -12.9938
vn 0.814943 -0.416834 -0.402637
v 2.36201 -20.9454 -11.2249
vn -0.936251 -0.340926 0.084881
v -57.2203 -21.8559 -17.6152
vn 0.17251 0.610072 -0.773338
v 40.2725 -12.8834 -12.4209
vn 0.014463 0.765723 -0.643008
v 33.8985 -12.4889 -12.8198
vn 0.972429 -0.182544 0.145117
v 8.34576 -7.39123 -11.9187
vn 0.901214 -0.0834036 0.425273
v 9.30077 -2.17705 -12.397
vn 0.979131 0.0241909 0.201787
v 9.78688 3.22516 -13.318
vn 0.759718 0.549525 -0.347637
v 6.24677 12.1977 -12.5075
vn 0.703677 0.634161 -0.320435
v 3.02258 14.5867 -13.9178
vn 0.814524 0.492201 -0.307066
v -2.95971 22.8658 -13.174
vn 0.356731 -0.645217 -0.675602
v 10.2551 39.5927 -13.5159
vn 0.23331 -0.577725 -0.782176
v 13.0089 40.4954 -13.1748
vn 0.378077 -0.140011 -0.915126
v 17.5682 42.0262 -12.6169
vn 0.298851 -0.320831 -0.898752
v 15.1274 41.8368 -13.4737
vn 0.451826 -0.0402483 -0.891198
v 12.7228 46.1125 -14.4182
vn 0.543885 0.108846 -0.832071
v 13.4898 48.5106 -13.9082
vn -0.928552 0.297003 -0.222667
v -67.158 55.7819 -11.6226
vn 0.481737 0.692133 -0.537476
v 10.1123 58.7621 -11.8238
vn 0.651413 0.496302 -0.573887
v -12.2904 71.0747 -15.3606
vn 0.486064 0.532589 -0.692886
v -8.20923 69.7249 -12.69
vn 0.637324 0.542685 -0.547093
v -12.363 74.061 -12.8994
vn 0.340652 0.751284 -0.565269
v -32.2324 88.0771 -15.5083
vn -0.36326 0.761463 -0.536859
v -43.9877 88.793 -14.3172
vn -0.131069 -0.98875 -0.0720769
v 27.6379 -84.832 -14.241
vn -0.21348 -0.959227 -0.185231
v 11.6506 -81.9367 -12.9255
vn -0.280249 -0.923427 -0.262191
v -5.41542 -77.8092 -12.3257
vn 0.599778 0.519165 -0.60888
v 40.0255 -72.0097 -13.1517
vn -0.869654 -0.482971 0.102181
v -44.4228 -47.9727 -12.8813
vn 0.555714 -0.140591 -0.8194
v 48.9848 -35.3467 -12.1762
vn 0.713284 0.0240159 -0.700463
v -0.218593 -30.6137 -11.8495
vn -0.779043 0.626864 0.0115217
v 7.93095 -28.9737 -13.7278
vn 0.500023 -0.0136337 -0.865904
v 49.9851 -26.6608 -12.0951
vn -0.566312 0.814569 0.125572
v 18.3121 -16.413 -12.7855
vn 0.872823 -0.48493 0.0549733
v 6.05623 -13.2211 -12.7195
vn -0.380706 0.924691 0.00304649
v 22.3904 -14.293 -12.7517
vn -0.168671 0.931551 -0.322123
v 26.5511 -13.1909 -12.9452
vn -0.00460584 0.784592 -0.619995
v 37.4331 -11.1967 -11.2102
vn -0.177558 0.911555 -0.370864
v 30.8698 -11.7877 -11.0817
vn 0.883466 -0.350479 -0.31089
v 7.28662 -11.9432 -10.8521
vn 0.982702 -0.0923248 0.160539
v 9.21325 -0.0603534 -11.9799
vn 0.9444 0.310579 0.107934
v 9.70642 4.91573 -14.2833
vn 0.890971 0.439154 -0.115392
v 8.39593 8.27086 -13.5148
vn 0.673 0.459585 -0.579528
v 6.533 14.5235 -9.61153
vn 0.772097 -0.229909 -0.59246
v -3.23565 26.6139 -11.9697
vn 0.696344 -0.673829 0.247103
v 2.49638 34.3444 -10.7988
vn -0.991429 0.0298585 -0.12719
v -70.0231 37.336 -12.8435
vn 0.682106 -0.692356 -0.235318
v 8.18489 38.6356 -13.882
vn 0.461593 -0.137043 -0.876442
v 19.9153 42.3572 -11.5535
vn 0.569208 0.560972 -0.601093
v 12.3481 56.7912 -11.644
vn 0.414789 0.580831 -0.700418
v -1.89219 65.337 -12.4833
vn -0.731001 0.599902 -0.3252
v -54.4678 82.6915 -9.56275
vn -0.66091 0.654563 -0.367077
v -51.8067 83.4667 -13.2659
vn 0.44253 0.734223 -0.514864
v -27.1401 87.0184 -12.7717
vn -0.0819587 -0.996599 0.00859503
v 27.4077 -84.9611 -9.3403
vn -0.0445323 -0.998485 -0.0323301
v 30.7439 -85.151 -11.9187
vn -0.15399 -0.978853 -0.134661
v 16.3415 -83.473 -9.26675
vn 0.776493 0.287268 -0.560835
v 51.0802 -81.6629 -11.3792
vn -0.718271 -0.694869 -0.0352592
v -33.8459 -63.6659 -11.6406
vn -0.767877 -0.63955 -0.0366202
v -36.3691 -60.8457 -13.7166
vn 0.632997 -0.297682 -0.714633
v 46.1402 -49.0589 -10.1808
vn -0.76495 0.637956 -0.0886745
v 11.0561 -24.9537 -10.0855
vn 0.448992 0.117529 -0.885773
v 47.91 -22.7029 -13.0135
vn -0.618807 0.785543 1.7145e-05
v 15.4758 -19.6188 -9.24157
vn 0.408357 0.334866 -0.849182
v 49.4782 -16.1886 -10.6198
vn 0.838635 -0.412033 -0.356259
v 4.26387 -17.8227 -10.8458
vn 0.987353 -0.0487524 -0.150854
v 8.64071 -3.63203 -10.7081
vn 0.965652 0.127147 -0.226605
v 9.78865 4.57069 -9.32829
vn -0.949274 -0.314432 0.00340608
v -66.1739 7.52414 -10.9529
vn 0.638902 0.23459 -0.732647
v -1.99264 22.9216 -11.5779
vn 0.965176 -0.018898 -0.260919
v -3.69416 25.6051 -12.418
vn 0.668259 -0.337388 -0.663023
v 0.0573695 31.0791 -10.6503
vn 0.784377 -0.611861 0.101879
v 0.500582 31.8297 -10.9646
vn 0.428593 -0.774988 -0.464437
v 3.71546 35.616 -10.3758
vn 0.395469 0.137357 -0.90815
v 17.6125 46.515 -12.5488
vn 0.472801 0.342378 -0.811934
v 19.4353 52.1907 -10.3398
vn 0.495246 0.480364 -0.723866
v 14.5565 54.9021 -11.556
vn 0.406871 0.519169 -0.751611
v -1.20644 67.0035 -11.0082
vn 0.493856 0.614334 -0.615386
v -9.91008 73.5648 -10.9583
vn -0.745916 0.577551 -0.33173
v -54.7055 80.5928 -12.3421
vn 0.41844 0.75323 -0.507496
v -23.4162 85.4714 -11.7795
vn 0.427398 0.732376 -0.530053
v -24.0225 87.5968 -9.06973
vn -0.551515 0.715962 -0.428053
v -47.5956 87.5868 -12.8792
vn 0.125427 0.827967 -0.54657
v -36.2982 91.0915 -13.1423
vn 0.481526 -0.800866 -0.356014
v 51.203 -85.0099 -8.72882
vn -0.147363 -0.984913 -0.0907185
v 22.7085 -84.277 -11.4713
vn -0.189159 -0.96088 -0.202309
v 9.61 -82.4551 -8.90769
vn 0.762606 0.260305 -0.592177
v 53.0669 -82.1141 -8.82824
vn 0.631011 0.563934 -0.532732
v 43.9481 -74.5731 -11.323
vn -0.391541 -0.898652 -0.197788
v -18.2023 -73.82 -10.6377
vn -0.519382 -0.852691 -0.0562169
v -22.9349 -72.333 -4.19977
vn -0.651958 -0.758066 -0.016899
v -31.2573 -66.2168 -7.22717
vn 0.670341 -0.0548151 -0.740026
v 41.3672 -64.5564 -9.66023
vn 0.658944 -0.109545 -0.744173
v 39.5689 -62.863 -11.5996
vn -0.87131 -0.486797 0.0620317
v -43.0911 -49.8609 -9.39007
vn 0.613117 -0.24737 -0.750264
v 49.5301 -42.2709 -10.0332
vn 0.572654 -0.137809 -0.808131
v 52.3973 -34.2528 -9.99697
vn -0.364454 0.924279 -0.113493
v 4.41267 -32.8383 -10.2091
vn 0.340536 0.712019 -0.614055
v 3.65563 -32.5996 -10.0537
vn -0.718809 0.63456 -0.283983
v 7.30374 -29.2211 -10.7979
vn -0.908489 -0.417772 0.0107261
v -53.4476 -30.0398 -8.1998
vn 0.792556 -0.159283 -0.588628
v 1.00579 -25.8013 -10.8567
vn -0.384983 0.92265 -0.0224747
v 26.5989 -12.999 -10.3548
vn 0.881707 -0.116772 -0.457119
v 8.51759 -7.95432 -10.0749
vn 0.909747 -0.0390252 -0.413326
v 9.18945 -2.13334 -9.45778
vn 0.575922 0.311187 -0.755961
v 0.511594 20.5481 -10.3647
vn -0.994804 -0.0207578 -0.0996662
v -70.2922 34.6204 -9.70896
vn 0.159982 -0.612527 -0.774091
v 10.7634 37.3508 -10.9961
vn 0.250779 -0.511841 -0.821662
v 17.4517 38.7852 -10.9072
vn 0.474117 -0.222535 -0.851875
v 22.3775 39.7489 -9.74421
vn -0.952303 0.237589 -0.191495
v -67.6038 50.4924 -16.148
vn -0.947079 0.242084 -0.210799
v -68.2952 54.7153 -8.35781
vn 0.491645 0.790143 -0.366005
v 12.0759 58.5428 -9.46094
vn 0.582535 0.597567 -0.550969
v -10.7774 74.8857 -10.2059
vn 0.609837 0.599195 -0.518714
v -15.2742 80.8099 -9.5716
vn 0.33937 0.770698 -0.539308
v -32.5862 90.4847 -12.4898
vn -0.346959 -0.92751 -0.139085
v -11.2724 -77.4852 -6.18397
vn 0.649211 0.531653 -0.543939
v 45.9666 -75.0089 -9.15356
vn 0.661425 0.386075 -0.643011
v 43.6425 -72.0042 -9.57362
vn -0.541979 -0.82448 -0.162761
v -27.263 -68.133 -14.2877
vn -0.385208 0.392493 -0.835203
v 7.00866 -28.3472 -9.42741
vn 0.512499 0.0586914 -0.85668
v 56.0515 -24.2651 -8.55927
vn 0.483649 0.118927 -0.867145
v 53.1254 -21.6972 -10.2151
vn 0.567566 -0.250456 -0.784309
v 3.9042 -20.451 -9.76495
vn 0.6318 -0.218677 -0.743646
v 7.72966 -13.1426 -9.59547
vn -0.222794 0.896566 -0.382795
v 19.1351 -17.3241 -7.65659
vn -0.478016 0.844044 0.243085
v 22.1886 -15.1747 -9.87615
vn -0.955502 -0.294972 -0.00274011
v -62.3555 -3.25959 -5.72884
vn -0.947097 -0.318771 0.0373231
v -63.5758 0.663796 -10.0038
vn 0.976439 -0.0775518 -0.201376
v 9.7217 3.08691 -9.60214
vn 0.846415 0.301462 -0.438979
v 8.64653 10.7479 -9.05396
vn 0.552626 0.457783 -0.696447
v 3.05267 17.9504 -10.1399
vn -0.991783 -0.0906319 -0.0902914
v -69.3566 21.3864 -10.6811
vn 0.419071 -0.00956566 -0.907903
v -0.744611 26.8597 -10.559
vn -0.993278 -0.0478758 -0.105392
v -70.0294 28.4923 -10.4679
vn 0.275006 -0.0908493 -0.957141
v 2.06125 30.562 -9.77705
vn 0.197423 -0.275953 -0.940678
v 8.97452 32.3147 -9.11029
vn 0.168751 -0.178811 -0.969304
v 1.93027 33.4997 -10.2316
vn 0.170436 -0.387987 -0.905769
v 10.8888 35.1154 -9.65892
vn 0.172635 -0.556402 -0.812782
v 14.5398 36.1141 -9.41758
vn 0.558869 0.131287 -0.818797
v 20.5672 49.4588 -10.6078
vn -0.973564 0.149198 -0.172953
v -69.3152 47.032 -11.0336
vn -0.939123 0.289157 -0.185568
v -67.5903 60.0683 -4.58138
vn 0.489012 0.730952 -0.476
v 6.56894 61.3891 -10.9301
vn 0.667525 0.611981 -0.424134
v 5.38164 63.056 -9.38998
vn 0.486043 0.580474 -0.653308
v 3.355 64.0454 -10.3952
vn 0.5878 0.463417 -0.663126
v 3.55528 66.8837 -8.29931
vn 0.418521 0.562844 -0.712774
v 0.964001 69.3124 -8.29427
vn 0.390928 0.618642 -0.681511
v -4.90122 72.7386 -8.60547
vn -0.144237 0.841794 -0.520172
v -39.873 92.9228 -10.3182
vn -0.0198668 -0.997293 -0.0707904
v 42.6294 -85.5806 -8.08905
vn 0.718215 0.288324 -0.633275
v 55.304 -82.0826 -5.83215
vn -0.227414 -0.960105 -0.162729
v -1.32196 -80.5316 -6.4552
vn -0.231058 -0.944778 -0.232393
v 1.81098 -80.6793 -9.34742
vn 0.66509 0.128777 -0.735576
v 42.561 -67.0045 -8.80976
vn 0.630911 -0.234429 -0.73959
v 45.0239 -54.1994 -9.09071
vn -0.220235 0.373155 -0.90125
v 4.29689 -32.6771 -9.84763
vn 0.495765 0.158336 -0.853901
v 1.94579 -30.4122 -10.068
vn 0.53937 -0.0910392 -0.837133
v 53.574 -31.0472 -9.74493
vn 0.103381 0.0749913 -0.991811
v 3.68292 -29.0454 -9.32567
vn 0.510481 -0.0940237 -0.854733
v 2.10392 -25.8352 -9.71873
vn -0.406553 0.428047 -0.807149
v 9.67412 -26.0344 -9.29742
vn -0.559158 0.676608 -0.479108
v 14.6494 -20.6445 -9.3375
vn 0.0774737 0.158451 -0.984323
v 11.4369 -18.0233 -8.83164
vn 0.273603 -0.03549 -0.961188
v 7.92995 -15.7277 -9.07247
vn 0.0890204 0.374713 -0.922857
v 15.3696 -18.8507 -8.77647
vn 0.330272 0.109455 -0.937518
v 9.26074 -14.3391 -8.45225
vn -0.942094 -0.331603 0.0499881
v -59.4498 -12.745 -12.3491
vn 0.260097 0.549024 -0.794306
v 45.1979 -11.0859 -9.74925
vn -0.163074 0.806153 -0.568792
v 37.491 -9.36123 -8.45937
vn 0.188536 0.669781 -0.718225
v 46.3744 -9.23988 -7.86559
vn 0.0852439 0.716971 -0.691871
v 42.7513 -9.38385 -8.80684
vn 0.755235 0.00836316 -0.655401
v 10.5346 2.91311 -8.04766
vn -0.97554 -0.205413 -0.0782785
v -69.0805 16.8073 -7.92588
vn 0.45098 0.219964 -0.865005
v 6.20355 16.5749 -8.74828
vn 0.397008 0.146132 -0.906107
v 1.88205 20.6549 -9.66372
vn 0.338602 -0.0141896 -0.940823
v 3.10609 24.897 -9.24559
vn 0.250505 -0.0270478 -0.967737
v 6.0784 23.0361 -8.30854
vn 0.206158 -0.170248 -0.963594
v 8.33389 30.4148 -8.77039
vn 0.246725 -0.250365 -0.936186
v 13.2786 32.1738 -7.73682
vn 0.134452 -0.285313 -0.948957
v 16.953 33.8804 -7.35639
vn 0.116157 -0.373068 -0.920504
v 19.3058 34.8024 -7.57729
vn 0.507174 -0.291196 -0.811159
v 23.2877 38.3504 -8.70968
vn 0.671012 -0.0229565 -0.741091
v 23.5131 40.7174 -8.83986
vn -0.984634 0.0870785 -0.151372
v -70.0459 42.8455 -9.93051
vn 0.647556 0.23936 -0.723449
v 22.2232 50.3755 -9.01933
vn 0.483342 0.561319 -0.671789
v 19.5782 54.9256 -8.50286
vn -0.83473 0.489896 -0.25145
v -59.8185 74.9644 -9.2331
vn 0.482075 -0.728146 -0.487244
v 53.8563 -84.7216 -6.64894
vn 0.708237 -0.257054 -0.657513
v 55.1756 -83.6922 -6.00417
vn 0.645188 0.551203 -0.529063
v 49.8676 -76.5382 -6.26718
vn 0.675523 -0.0450875 -0.735959
v 43.8361 -63.9931 -7.53979
vn -0.810388 -0.584113 0.0456516
v -37.6615 -58.7614 -8.61068
vn 0.66197 -0.201088 -0.722052
v 45.6879 -58.5891 -7.20035
vn 0.461276 0.23433 -0.855754
v 55.0653 -17.5536 -8.04
vn -0.253346 0.81147 -0.526624
v 23.8811 -16.1715 -5.51297
vn -0.630541 0.761102 0.152123
v 25.4921 -13.8767 -7.08906
vn -0.364405 0.845359 -0.390611
v 34.2827 -9.2715 -6.12839
vn 0.297139 0.485602 -0.822131
v 50.5944 -10.7761 -7.6784
vn 0.739945 0.143232 -0.657241
v 10.1453 7.05807 -7.91924
vn 0.620857 0.174064 -0.764355
v 8.75624 13.6446 -7.6939
vn -0.990991 -0.0723786 -0.112685
v -70.2562 24.2328 -6.91842
vn -0.99636 -0.0371584 -0.0767255
v -70.5357 28.1632 -5.99445
vn -0.994672 -0.0314981 -0.0981632
v -70.1469 28.6758 -9.21701
vn 0.247027 -0.428534 -0.869101
v 22.983 36.3189 -7.70883
vn 0.672943 0.0302951 -0.739074
v 25.7453 37.7382 -6.41806
vn -0.995535 0.0278847 -0.0901747
v -70.5238 38.8318 -7.59275
vn -0.98783 0.0945698 -0.123489
v -70.2666 46.3505 -6.04011
vn 0.722724 0.388213 -0.571805
v 24.1012 51.3725 -6.82099
vn 0.307703 0.8263 -0.471748
v 14.1154 59.1745 -6.17166
vn 0.616347 0.755991 -0.220441
v 8.4058 61.7738 -5.39634
vn 0.812314 0.336632 -0.476262
v 7.68451 62.7713 -5.18835
vn -0.310405 0.856369 -0.412652
v -41.7188 95.4481 -4.64925
vn 0.235733 0.839551 -0.489473
v -34.1839 94.6666 -6.99411
vn 0.0173641 -0.995607 -0.0920042
v 51.3084 -86.0358 -4.04623
vn -0.072091 -0.997313 -0.0130636
v 23.8901 -84.714 -7.68454
vn -0.616506 -0.786134 0.0437343
v -26.9952 -69.6409 -4.19691
vn -0.760381 -0.646551 0.0615828
v -34.5396 -62.8284 -8.52005
vn -0.83941 -0.538172 0.0759048
v -39.019 -56.3738 -5.72294
vn 0.652811 -0.307495 -0.692304
v 50.4124 -46.467 -7.50001
vn 0.64526 -0.264057 -0.716878
v 53.1667 -38.2697 -8.46381
vn -0.892425 -0.451176 0.00422392
v -53.067 -30.9057 0.975445
vn -0.919179 -0.393178 -0.0228094
v -54.5588 -27.6491 -2.48557
vn 0.606509 -0.0852704 -0.790491
v 59.3213 -25.4606 -6.60281
vn -0.952316 -0.303385 -0.0324248
v -58.1597 -17.7167 -6.27984
vn 0.154176 0.587945 -0.794072
v 18.0584 -16.9646 -7.09341
vn 0.500771 0.234216 -0.83329
v 58.6354 -13.0036 -4.84848
vn 0.289067 0.220458 -0.931578
v 13.4128 -12.5613 -6.88411
vn 0.633851 -0.052146 -0.771696
v 9.64189 -10.7241 -8.08792
vn -0.418511 0.758431 -0.499631
v 33.6887 -8.75465 -4.84967
vn 0.552106 0.0134768 -0.833665
v 11.0874 -7.8426 -6.96768
vn 0.682998 -0.00830999 -0.730373
v 10.7097 -1.69265 -7.55765
vn 0.304738 0.00764391 -0.952406
v 12.3234 -5.42443 -6.3978
vn 0.13755 -0.0494215 -0.989261
v 13.9501 -3.09655 -6.16618
vn 0.389775 -0.0526207 -0.919406
v 11.9972 1.59419 -7.03268
vn 0.140468 -0.0389508 -0.989319
v 13.6556 4.35992 -6.88095
vn 0.146144 -0.0934156 -0.984843
v 17.7244 -0.94096 -6.07966
vn 0.300325 -0.468715 -0.830729
v 49.658 1.58055 -5.25178
vn -0.0727916 -0.40763 -0.910241
v 42.9594 1.78458 -5.90147
vn 0.115573 -0.237015 -0.964607
v 47.7762 3.13681 -6.21845
vn 0.454559 0.0548626 -0.889026
v 11.1646 4.97796 -7.45808
vn -0.258425 -0.487931 -0.833751
v 35.0931 4.47421 -5.81093
vn 0.0665266 -0.0675207 -0.995497
v 18.3213 6.83963 -6.78141
vn -0.0640671 -0.152681 -0.986197
v 34.5331 6.87645 -6.52741
vn 0.180528 -0.177101 -0.967494
v 20.2738 6.09959 -6.41845
vn -0.206644 -0.495897 -0.843436
v 30.7057 6.90007 -5.69226
vn 0.0541163 -0.209957 -0.976212
v 24.4653 9.40527 -6.47686
vn 0.179502 0.107398 -0.977878
v 51.5906 10.1165 -6.45261
vn 0.456338 0.0340077 -0.889156
v 53.2421 9.20162 -6.10285
vn 0.0384521 -0.083594 -0.995758
v 25.093 11.7461 -6.77948
vn -0.0268556 -0.169871 -0.9851
v 30.9564 9.8365 -6.62397
vn 0.0709801 -0.0174357 -0.997325
v 11.2256 11.8918 -7.07285
vn 0.357078 0.0588044 -0.932222
v 9.68695 12.6111 -7.25205
vn 0.0999528 0.0975702 -0.990197
v 43.5192 15.3463 -6.68569
vn 0.269375 0.287102 -0.919244
v 49.0676 14.0714 -6.11575
vn -0.981902 -0.168169 -0.0871044
v -69.7852 19.9706 -6.3961
vn 0.259178 -0.00446987 -0.965819
v 8.70705 21.8735 -7.68317
vn 0.0355711 0.0377252 -0.998655
v 38.9282 17.5052 -6.85064
vn 0.156274 0.214007 -0.964251
v 40.4278 19.6382 -6.51966
vn 0.314794 0.518371 -0.795107
v 39.8848 22.3806 -5.67147
vn 0.0903212 0.0227851 -0.995652
v 29.3444 23.5068 -6.84293
vn 0.156042 0.289588 -0.944346
v 35.7525 23.0279 -6.28452
vn 0.260395 0.0299781 -0.965037
v 30.2499 25.2243 -6.66206
vn 0.305023 0.228534 -0.924518
v 31.1447 25.8051 -6.33432
vn 0.18271 -0.0818365 -0.979755
v 10.3812 25.7707 -7.50814
vn 0.169681 0.112093 -0.979103
v 28.0785 27.4021 -6.82943
vn 0.54442 0.453829 -0.705441
v 31.9606 27.3666 -5.25743
vn 0.356956 0.18725 -0.915161
v 28.6635 30.4369 -6.17059
vn 0.0792321 -0.0531724 -0.995437
v 22.8416 33.0568 -6.94589
vn 0.232593 -0.118197 -0.965365
v 24.1529 34.5664 -6.9886
vn 0.509821 0.105642 -0.853769
v 26.2531 35.4035 -6.18334
vn 0.501381 -0.162936 -0.849746
v 24.7879 36.4106 -7.01495
vn 0.691138 0.633344 -0.348143
v 22.7159 54.9153 -4.49856
vn 0.513405 0.712391 -0.47845
v 19.4745 57.094 -6.46497
vn 0.287269 0.944835 -0.157365
v 12.4031 59.8563 -4.83739
vn -0.810377 0.535453 -0.237861
v -56.9911 80.9363 -5.49945
vn 0.463763 0.717876 -0.519208
v -20.3916 86.0115 -8.56374
vn -0.610636 0.699763 -0.37075
v -48.8454 90.0601 -7.09935
vn -0.403981 0.803442 -0.437356
v -42.6612 93.175 -8.40278
vn 0.406638 0.751148 -0.520021
v -30.7431 92.1526 -8.5438
vn -0.0800422 -0.996787 -0.00290985
v 19.9862 -84.5103 -3.21774
vn -0.159437 -0.982543 -0.0958552
v 11.9882 -83.3297 -6.51433
vn 0.624055 0.564855 -0.539901
v 52.476 -78.6134 -5.59473
vn -0.713015 -0.689693 0.126229
v -31.3525 -65.5747 -3.32224
vn 0.662086 -0.28428 -0.693417
v 48.7809 -52.0861 -6.46801
vn 0.670556 -0.30681 -0.675442
v 52.9809 -46.5474 -4.81781
vn -0.878354 -0.471664 0.0776359
v -46.7023 -42.9911 -8.40868
vn 0.668706 -0.227102 -0.707995
v 60.0487 -30.652 -4.61504
vn 0.576575 0.117221 -0.808591
v 59.0372 -20.2519 -6.38603
vn 0.164561 0.130413 -0.977708
v 20.9187 -14.1581 -5.54834
vn -0.466145 0.549247 -0.693569
v 24.4114 -15.402 -5.27862
vn 0.180229 0.172392 -0.9684
v 18.5053 -15.0439 -6.02107
vn 0.302784 0.430899 -0.850087
v 53.7641 -9.1183 -5.93849
vn 0.441103 0.356234 -0.823727
v 57.4947 -9.25738 -4.37211
vn 0.118786 0.72861 -0.67455
v 48.6758 -6.94048 -5.06717
vn -0.000119297 0.781795 -0.623536
v 40.721 -7.08757 -6.48592
vn 0.24752 -0.0236748 -0.968594
v 19.1389 -3.81396 -5.70036
vn -0.948344 -0.314089 -0.0446351
v -64.1774 2.22409 -2.10217
vn 0.0381898 -0.46807 -0.882866
v 28.0493 7.78468 -6.1285
vn 0.426579 -0.269185 -0.863464
v 53.2311 6.54855 -5.56624
vn 0.179392 -0.33332 -0.92559
v 24.1565 6.26558 -5.61962
vn 0.48356 0.394783 -0.781227
v 52.8146 12.4067 -5.10001
vn -0.958849 -0.28113 -0.0396808
v -67.7692 12.4596 -8.03263
vn -0.956561 -0.29041 -0.025561
v -68.9407 15.7647 -3.8313
vn 0.253118 0.319997 -0.91298
v 44.1021 17.9711 -6.06604
vn 0.376106 0.470484 -0.798241
v 48.4224 17.7648 -4.79272
vn 0.351547 0.610006 -0.710146
v 35.7226 25.0723 -5.12697
vn 0.460328 0.792996 -0.399069
v 38.1692 24.6534 -3.88381
vn 0.708168 0.361233 -0.606637
v 29.8358 31.8649 -4.79753
vn 0.710107 0.494006 -0.501702
v 32.4595 29.5769 -2.96235
vn 0.74024 0.238041 -0.628794
v 28.3156 36.407 -4.34668
vn -0.99763 -0.00992054 -0.0680874
v -70.6537 34.9002 -6.27379
vn 0.752156 0.0583869 -0.656393
v 25.2687 42.2491 -7.03223
vn -0.965391 0.189481 -0.179212
v -69.6079 51.2337 -6.01773
vn 0.305337 0.923831 -0.230881
v 18.1499 58.6636 -4.62274
vn -0.899577 0.372973 -0.227272
v -65.6265 63.8677 -7.23638
vn -0.889959 0.407444 -0.204848
v -63.8787 70.0298 -3.31657
vn 0.498618 0.569445 -0.653538
v 2.81168 72.125 -4.71087
vn 0.495089 0.64064 -0.586913
v -9.76967 76.8927 -7.11729
vn 0.604924 0.544468 -0.581052
v -10.9298 78.1098 -7.06823
vn -0.760963 0.578844 -0.293044
v -54.4445 84.9174 -4.83114
vn -0.0288235 -0.999057 -0.0324683
v 44.689 -85.8398 -4.83818
vn 0.245685 -0.933142 -0.26246
v 55.1607 -85.8112 -3.25145
vn -0.0594695 -0.997712 -0.03217
v 40.8785 -85.7493 -3.70607
vn -0.103218 -0.994584 -0.0121836
v 15.9954 -84.064 -3.63915
vn 0.757064 -0.115232 -0.643099
v 58.2 -83.6037 -3.24003
vn 0.69172 0.450238 -0.564632
v 58.5208 -81.9542 -2.24018
vn -0.282684 -0.93516 -0.21346
v -5.83718 -79.2069 -7.15886
vn -0.27628 -0.95499 -0.107995
v -4.39369 -80.3758 -2.65251
vn 0.679168 0.422734 -0.600022
v 47.9651 -74.0667 -6.31411
vn 0.729682 0.189656 -0.656959
v 47.0141 -69.86 -4.89178
vn 0.712857 -0.0868477 -0.695912
v 47.1973 -64.7015 -4.23643
vn 0.682092 -0.241123 -0.690369
v 50.3817 -52.9108 -4.51048
vn 0.665153 -0.306497 -0.680904
v 56.4328 -41.8038 -3.61444
vn 0.658115 -0.240697 -0.713407
v 57.8987 -34.2982 -5.41641
vn 0.679251 -0.0806966 -0.729456
v 61.5686 -26.4947 -4.46744
vn 0.664004 0.0377566 -0.746775
v 63.3926 -21.5591 -2.92759
vn 0.607864 0.16358 -0.777009
v 60.9767 -16.8607 -4.18326
vn 0.124656 0.067445 -0.989905
v 24.0235 -15.5439 -5.25178
vn -0.953973 -0.299697 0.0108238
v -60.4586 -9.8403 -7.72463
vn -0.519287 0.830238 -0.202599
v 29.0905 -11.3273 -5.49199
vn 0.090244 0.802721 -0.589487
v 44.4911 -6.94193 -5.7566
vn -0.0641854 0.849317 -0.523966
v 40.1178 -5.10529 -3.9984
vn 0.345434 -0.206433 -0.915457
v 22.4622 2.44586 -5.14761
vn -0.205372 -0.699938 -0.684039
v 38.8211 0.707971 -4.46296
vn 0.0385002 -0.667087 -0.743984
v 46.4461 -0.53744 -4.53377
vn 0.278533 -0.549944 -0.787389
v 26.7943 5.15195 -4.2537
vn 0.623119 -0.146147 -0.768351
v 57.2852 4.9906 -2.11567
vn 0.396078 0.590928 -0.702799
v 44.2991 19.6485 -5.18353
vn 0.46557 0.648379 -0.60237
v 49.1605 18.1174 -3.98704
vn -0.994257 -0.0857638 -0.0640169
v -70.4349 22.5225 -3.44791
vn 0.828929 0.130167 -0.543998
v 27.5774 39.1797 -4.11586
vn 0.862394 0.173236 -0.475675
v 26.7548 48.6645 -4.13716
vn 0.428272 0.901151 0.0671539
v 10.0899 60.7645 -3.15052
vn -0.856362 0.470473 -0.212835
v -60.8519 74.4541 -6.16796
vn 0.370993 0.651385 -0.661862
v -1.61275 75.6201 -3.99265
vn 0.444566 0.626328 -0.640371
v -8.99103 78.2794 -4.93546
vn 0.566515 0.543848 -0.619104
v -13.9114 84.4561 -4.28607
vn 0.477223 0.642024 -0.600053
v -17.0913 86.4216 -5.33761
vn 0.341453 0.797405 -0.497549
v -29.1719 93.7397 -4.93635
vn -0.00132772 0.901981 -0.431774
v -37.029 96.5413 -3.72486
vn -0.0348158 -0.999122 0.0233144
v 24.8037 -84.6064 -5.1423
vn -0.0953149 -0.994775 0.0365885
v 33.4248 -84.9804 -2.63052
vn -0.0779047 -0.99696 -0.00118761
v 36.8187 -85.4065 -3.42073
vn 0.759951 -0.0155601 -0.649793
v 50.5765 -66.7427 -0.358522
vn -0.873565 -0.482118 0.0666842
v -42.9278 -49.317 -3.11141
vn -0.881038 -0.470817 0.0458714
v -49.5204 -37.4578 -7.31514
vn 0.674451 -0.25575 -0.692609
v 63.328 -33.6444 -0.1138
vn 0.287276 0.160091 -0.944375
v 25.1531 -10.4014 -3.87353
vn -0.333505 0.75406 -0.565834
v 36.8457 -6.96743 -5.19772
vn 0.544334 -0.0629258 -0.836505
v 23.4806 -0.527287 -3.98183
vn 0.073716 0.888503 -0.452912
v 43.4411 -4.75284 -2.03389
vn 0.0462852 -0.904216 -0.42456
v 47.0195 -1.50825 -3.27772
vn -0.224963 -0.874768 -0.429153
v 39.4135 -0.41143 -3.19359
vn 0.242961 -0.75049 -0.614601
v 51.663 -0.808844 -2.32242
vn 0.57845 -0.397406 -0.712365
v 25.2076 2.66913 -3.84544
vn 0.650867 0.258732 -0.713743
v 55.0082 10.7454 -4.25166
vn 0.861168 0.434754 -0.263397
v 25.9992 51.2292 -3.60762
vn 0.518312 0.840284 -0.158984
v 19.0915 58.4246 -3.64688
vn 0.895013 0.396772 -0.203773
v 8.94839 62.0691 -2.94906
vn 0.861573 -0.0908531 -0.499438
v 9.89046 64.0155 -0.879779
vn 0.78166 0.101141 -0.61545
v 8.8314 66.5616 -2.31346
vn 0.687001 0.320512 -0.652152
v 6.101 67.1979 -5.55474
vn 0.629513 0.434203 -0.644345
v 7.94973 69.4214 -2.61807
vn 0.478618 0.561906 -0.674675
v -8.34696 81.3209 -1.89926
vn 0.39637 0.706559 -0.58623
v -24.5087 90.548 -5.93884
vn -0.586249 0.716539 -0.378
v -49.3378 91.0359 -4.25765
vn 0.569791 -0.657198 -0.493384
v 57.0824 -85.006 -3.21588
vn -0.126987 -0.990925 -0.0440702
v 8.27262 -82.8886 -0.516847
vn 0.677388 0.471667 -0.564513
v 50.329 -73.5508 -2.9967
vn -0.428853 -0.900451 -0.0726151
v -17.754 -75.1891 -4.57455
vn 0.741115 0.275974 -0.612036
v 48.7304 -70.7397 -2.89473
vn -0.785099 -0.608374 0.116189
v -36.8763 -58.9338 -2.27185
vn -0.847787 -0.52481 0.0763608
v -40.9254 -52.9548 -3.63682
vn -0.873823 -0.48315 0.0547604
v -45.7021 -44.1466 -1.83439
vn -0.936772 -0.34685 -0.0463952
v -56.7171 -22.4581 -2.40661
vn 0.560361 0.198634 -0.804077
v 61.7388 -13.5283 -2.7595
vn -0.358507 0.708205 -0.608209
v 29.3589 -10.2406 -3.81812
vn -0.245928 0.780771 -0.574383
v 31.3102 -8.04701 -1.94807
vn 0.367139 0.555929 -0.745756
v 60.3336 -6.54143 -1.16511
vn 0.245118 0.657897 -0.712102
v 56.1523 -7.08225 -3.64284
vn -0.958998 -0.27591 -0.0647783
v -61.2914 -6.94029 -3.0046
vn 0.0416876 0.799488 -0.599234
v 51.389 -5.31265 -2.72138
vn -0.954549 -0.286338 -0.0827425
v -62.4064 -3.94551 -0.703111
vn -0.105633 -0.930093 -0.351808
v 41.8392 -1.00121 -2.56912
vn -0.945797 -0.324578 -0.0107849
v -66.7587 9.27051 -2.75941
vn 0.56249 0.547439 -0.61961
v 53.3886 15.9827 -2.12961
vn 0.459753 0.739697 -0.491402
v 49.8398 19.2299 -1.80982
vn 0.443949 0.744324 -0.49889
v 41.3269 22.3495 -4.9004
vn 0.854568 0.474659 -0.210744
v 31.3504 32.0349 -1.66051
vn 0.937846 0.347019 -0.00464083
v 29.7921 35.9302 -0.106633
vn 0.915984 0.252089 -0.312128
v 28.9275 37.8244 -2.0812
vn -0.999077 0.0194335 -0.0382991
v -70.6871 43.8906 -2.33078
vn 0.950726 0.300766 -0.0752272
v 27.8182 47.5254 -2.05457
vn -0.985504 0.119236 -0.120684
v -70.2025 50.4415 -2.81867
vn 0.549327 0.508816 -0.662831
v -10.3039 83.8124 -1.49705
vn 0.267189 0.77619 -0.571085
v -24.1762 95.0997 0.207201
vn -0.546227 0.755408 -0.361932
v -47.0501 94.4944 -1.38628
vn -0.0339296 -0.999312 0.0149864
v 30.36 -84.8635 -1.5205
vn -0.181174 -0.975856 -0.121986
v 5.73266 -82.2266 -5.67438
vn -0.118505 -0.992846 0.01458
v 13.2436 -83.7225 -0.86154
vn -0.212554 -0.973575 -0.0835017
v 1.6902 -81.9192 -0.895217
vn -0.52488 -0.839313 0.141616
v -20.184 -73.896 1.53092
vn 0.73654 -0.199769 -0.646221
v 51.4319 -60.5289 -1.22349
vn 0.694744 -0.150232 -0.703392
v 64.4908 -26.5327 -1.44723
vn 0.644058 0.103129 -0.757993
v 64.7581 -18.0872 -1.22735
vn 0.591248 0.146541 -0.793065
v 63.1945 -15.2556 -2.06605
vn -0.956977 -0.281656 -0.0697438
v -59.1195 -15.1308 -2.18287
vn 0.516968 0.282649 -0.807994
v 61.1504 -9.20932 -2.31367
vn 0.573738 0.204582 -0.793077
v 64.6143 -10.0224 -0.254259
vn 0.0753127 0.401711 -0.912664
v 27.1574 -10.9147 -3.85343
vn 0.210179 0.97645 -0.0486859
v 30.6512 -7.25971 0.0427961
vn 0.435309 0.661593 -0.610575
v 29.2441 -7.30338 -1.57332
vn -0.408798 0.905175 -0.116377
v 33.2467 -6.47034 -1.37003
vn 0.723228 0.535399 -0.436222
v 28.4467 -5.91584 -0.536725
vn 0.569854 0.301884 -0.764285
v 26.9239 -5.15188 -2.13967
vn -0.363744 -0.730408 -0.578096
v 34.7985 1.60128 -2.92283
vn 0.430448 -0.428508 -0.794415
v 55.1955 0.810254 -1.73485
vn 0.197985 -0.728936 -0.655327
v 28.2452 1.89736 -0.486165
vn 0.686912 0.123699 -0.716136
v 57.9401 10.1213 -1.42278
vn 0.621686 0.673733 -0.399488
v 34.0637 28.2452 -2.20682
vn -0.966083 0.221285 -0.133105
v -69.5519 54.4786 -2.53029
vn 0.618193 0.775369 -0.128994
v 10.1721 59.6752 0.478998
vn 0.872631 0.113336 -0.475047
v 9.8448 60.51 0.741467
vn 0.658814 0.507924 -0.554958
v 9.05545 70.9716 -0.313491
vn 0.362996 0.656919 -0.660826
v -3.56775 79.5103 -1.06063
vn 0.0753018 0.947291 -0.311398
v -35.0406 98.9522 2.2054
vn -0.0746091 -0.99558 0.0570394
v 16.2107 -83.9252 -0.280783
vn 0.736385 -0.457476 -0.498451
v 60.2497 -83.7164 -0.117362
vn -0.123978 -0.991736 -0.0329931
v 6.04493 -82.9478 2.3911
vn 0.7397 0.272755 -0.615182
v 51.4658 -71.2779 -0.16287
vn 0.66705 -0.276421 -0.691835
v 61.9576 -36.0354 -0.471652
vn 0.6693 -0.192747 -0.717556
v 67.2963 -28.097 1.70805
vn 0.683801 -0.00119069 -0.729668
v 65.5776 -22.048 -0.918865
vn -0.957096 -0.276617 -0.0863179
v -60.3309 -12.3659 1.95786
vn 0.479365 0.412562 -0.774598
v 64.7232 -6.95949 0.758484
vn -0.0441889 0.758102 0.650637
v 30.3584 -8.37368 1.25884
vn 0.862272 0.490162 0.127391
v 29.9753 -7.07717 0.341371
vn -0.420668 0.790374 -0.445362
v 36.393 -5.06358 -1.9867
vn -0.247684 0.923433 -0.293127
v 38.0413 -4.2161 -2.13252
vn -0.405587 0.900395 -0.157441
v 36.3326 -4.6954 0.987604
vn -0.0188551 0.876489 -0.481053
v 48.0909 -3.07415 1.22392
vn 0.128787 0.492201 -0.860902
v 53.5999 -2.95079 0.611618
vn -0.95255 -0.293177 -0.0818219
v -63.9344 0.919355 -0.182763
vn -0.0241961 -0.965807 -0.25813
v 49.4208 -2.19437 0.555575
vn 0.147369 -0.657759 -0.738671
v 53.7327 -2.50367 0.385851
vn 0.764315 -0.00471934 -0.644826
v 27.0131 -0.0158213 -0.466123
vn 0.527086 -0.475178 -0.704547
v 28.3215 0.686861 0.954464
vn -0.943406 -0.326702 -0.0570104
v -65.2437 4.84682 0.237226
vn -0.955059 -0.295508 -0.0231923
v -66.5782 8.27369 2.39438
vn -0.967404 -0.253192 0.00474318
v -69.9 18.2109 -0.22386
vn 0.406519 0.806396 -0.429496
v 45.2358 21.7516 -1.41972
vn 0.9648 0.119112 -0.234462
v 28.7905 43.4758 -0.921965
vn 0.987524 0.15688 -0.0135782
v 29.1728 37.8687 -0.702098
vn -0.996465 0.0631957 -0.0553585
v -70.7641 48.4614 0.460684
vn 0.958021 0.251786 0.137113
v 27.1514 48.3746 1.95885
vn -0.984625 0.154368 -0.0817511
v -70.2527 52.2963 -0.176311
vn 0.77289 0.621394 -0.128492
v 25.1157 53.6797 -1.58627
vn 0.204542 0.976704 -0.064892
v 15.7 59.3997 -2.15867
vn 0.455668 0.879252 -0.13886
v 18.9668 58.9742 2.7736
vn 0.459707 0.641369 -0.61426
v 1.90187 75.8738 -1.57011
vn -0.710669 0.632291 -0.308477
v -52.9165 88.9802 -0.95357
vn 0.407672 0.630541 -0.660471
v -16.9173 90.283 -1.84563
vn -0.0633745 -0.997847 -0.0169068
v 41.459 -85.782 1.15131
vn 0.240037 -0.953612 -0.181677
v 60.6299 -86.1174 5.89544
vn -0.0860642 -0.996084 0.020259
v 9.49322 -83.1858 4.7584
vn 0.651455 0.583145 -0.485332
v 54.4248 -77.37 -2.04244
vn 0.694609 0.486407 -0.530026
v 52.7511 -74.3906 -0.757053
vn -0.686894 -0.70036 0.194096
v -30.3148 -64.9913 3.95812
vn 0.723291 -0.260703 -0.639441
v 53.6571 -56.1609 -0.0323355
vn 0.675495 -0.303409 -0.672048
v 59.2518 -42.7805 -0.490367
vn 0.701443 -0.0683883 -0.709437
v 68.2419 -23.5835 1.83074
vn 0.81902 0.333462 0.466915
v 29.8637 -9.24918 2.08834
vn -0.0827586 0.958057 -0.274368
v 40.331 -3.74736 0.659883
vn 0.329642 0.457843 -0.825661
v 59.5153 -3.61407 1.04277
vn 0.683058 -0.114502 -0.721333
v 61.6341 3.81411 1.56316
vn 0.631257 0.371778 -0.680658
v 58.0928 12.9224 -0.129849
vn 0.523545 0.558422 -0.643479
v 56.7424 15.7514 0.578895
vn 0.369925 0.846251 -0.383426
v 48.0351 21.1729 0.0477433
vn 0.39054 0.873249 -0.291401
v 43.6266 22.7761 -0.194818
vn 0.561853 0.788886 -0.248958
v 37.3065 27.0552 2.11953
vn 0.969502 0.156836 0.18833
v 28.746 43.1251 0.383422
vn -0.998189 0.0592712 -0.0102366
v -70.6524 50.9095 4.63185
vn 0.0893135 0.986629 -0.136329
v 12.0506 59.4314 0.86619
vn 0.519937 0.614693 -0.593143
v 5.18257 75.4749 0.893191
vn -0.837594 0.498589 -0.223259
v -58.7028 81.0831 0.66036
vn -0.533284 0.78217 -0.322209
v -47.0035 95.7164 1.65996
vn -0.515423 0.810662 -0.277789
v -46.83 97.2426 5.09118
vn -0.133264 -0.990647 0.0293124
v 35.7662 -85.026 4.86398
vn 0.808283 -0.320246 -0.494085
v 62.5322 -83.9648 3.41317
vn 0.82298 0.15997 -0.545081
v 61.1991 -82.4734 1.09856
vn 0.698085 0.580104 -0.419709
v 60.4289 -81.1569 1.27666
vn -0.606799 -0.777634 0.164564
v -24.799 -70.6808 0.628233
vn 0.784875 0.0951827 -0.6123
v 51.9764 -68.1303 1.20853
vn 0.789582 -0.147923 -0.59555
v 52.3858 -64.9995 1.64846
vn 0.682148 -0.320039 -0.657456
v 56.7501 -48.5184 -0.209376
vn 0.627979 -0.290341 -0.722042
v 62.4812 -40.621 1.81638
vn 0.636483 -0.257469 -0.727048
v 64.853 -35.7894 2.02264
vn -0.945468 -0.319252 -0.0645624
v -59.0354 -16.7936 1.19072
vn -0.431784 0.839831 0.329008
v 31.168 -7.57223 0.347078
vn 0.834606 0.103352 -0.541065
v 28.5555 -1.27033 1.42516
vn 0.428993 -0.0978574 -0.897992
v 58.7745 -2.29112 1.01821
vn -0.177841 -0.800579 -0.572229
v 33.4808 -0.831645 2.57337
vn -0.95739 -0.286109 0.0393177
v -67.8507 12.819 4.04608
vn 0.444503 0.719804 -0.533198
v 52.0712 19.6833 1.04441
vn 0.284707 0.878279 -0.384147
v 45.3893 23.3819 3.41934
vn 0.88561 0.463688 0.0262526
v 25.3073 53.011 1.21577
vn 0.678549 0.733903 -0.0309291
v 22.8415 56.0702 0.849232
vn 0.407873 0.546487 -0.731431
v 10.7151 59.9688 1.41303
vn 0.677194 -0.061938 -0.733194
v 10.8723 61.6728 1.75831
vn 0.777188 0.206947 -0.594266
v 10.9167 68.2766 0.217393
vn 0.614605 0.494804 -0.614353
v 9.50485 74.0832 3.72058
vn 0.441648 0.623582 -0.645053
v -1.35735 82.1245 2.85181
vn -0.812159 0.522325 -0.259951
v -56.0963 84.9004 -0.0443608
vn -0.735186 0.619249 -0.275739
v -53.8453 90.0809 3.23187
vn 0.487023 0.535448 -0.690003
v -13.3107 90.2781 0.575647
vn 0.340485 0.673695 -0.655901
v -17.3113 93.7229 1.33955
vn -0.202832 0.918409 -0.339683
v -40.6519 98.2229 1.37235
vn 0.239638 0.889218 -0.389697
v -32.2311 96.5731 -2.06745
vn 0.473246 -0.820232 -0.321338
v 58.9103 -85.6487 0.77939
vn 0.851811 0.257327 -0.456291
v 62.9698 -82.6742 3.9427
vn 0.761562 0.394799 -0.513962
v 55.739 -73.6456 4.25301
vn 0.773388 0.285723 -0.565893
v 53.9786 -72.5534 2.47276
vn 0.727081 -0.333982 -0.599841
v 59.3062 -53.8256 5.50434
vn -0.864107 -0.502853 0.0214094
v -48.1265 -39.6133 2.1231
vn 0.656465 -0.318096 -0.68401
v 64.1242 -39.9068 2.76037
vn -0.702722 0.707478 0.0752061
v 30.7071 -8.92694 2.46561
vn 0.513449 0.465484 -0.720899
v 66.9931 -6.05819 2.77516
vn -0.136377 0.868471 -0.476613
v 42.2882 -2.84179 2.52303
vn -0.0612554 -0.98642 -0.15239
v 44.3799 -1.80175 1.5915
vn -0.108409 -0.916039 -0.38616
v 39.6706 -1.94599 2.90702
vn -0.111621 -0.750199 -0.651723
v 30.1772 2.19616 -1.06552
vn 0.632923 -0.254865 -0.731062
v 61.2804 1.09707 2.10977
vn -0.986362 -0.163675 0.0173476
v -70.3517 20.8206 1.78374
vn 0.417219 0.85671 -0.303274
v 42.4003 24.2086 2.53986
vn 0.942825 0.25789 0.211123
v 28.9252 37.7885 1.46604
vn 0.935079 0.0663209 0.348178
v 27.091 45.0769 3.7376
vn 0.783602 -0.0997505 -0.613203
v 12.0543 65.7913 1.54404
vn -0.929006 0.342571 -0.139976
v -66.9081 64.7679 1.25082
vn 0.80301 0.360004 -0.474944
v 12.7182 69.3712 3.82534
vn -0.891238 0.42562 -0.15666
v -64.5934 71.263 2.90638
vn 0.489597 0.514678 -0.703847
v -7.49238 85.2585 1.50187
vn 0.597684 -0.716112 -0.360495
v 61.4845 -85.0058 3.33405
vn -0.0811363 -0.995919 0.0395274
v 21.1463 -84.0823 3.05051
vn -0.201684 -0.979175 -0.0232472
v 0.71498 -81.9963 3.63168
vn -0.45089 -0.88393 0.123955
v -16.1832 -75.9431 2.96439
vn 0.793184 0.162986 -0.586766
v 54.0112 -70.6689 3.27939
vn 0.791998 -0.00830688 -0.610467
v 53.9165 -66.0437 3.84806
vn 0.795855 -0.161627 -0.583517
v 54.4358 -63.9897 4.17688
vn 0.779588 -0.274718 -0.562826
v 55.6814 -59.9537 4.08027
vn -0.856712 -0.514536 0.0360244
v -45.9613 -43.2535 4.77496
vn 0.683898 -0.352097 -0.638992
v 60.4291 -47.966 3.4059
vn -0.867761 -0.495655 0.0362997
v -43.9864 -46.5467 2.22382
vn -0.95731 -0.270632 -0.101563
v -61.4577 -8.0808 1.23575
vn -0.648237 0.755114 -0.0979373
v 32.105 -6.79947 2.59821
vn -0.318766 0.869486 -0.377336
v 36.7233 -4.10921 2.41104
vn 0.501857 -0.196472 -0.842341
v 29.7403 -0.924345 2.86506
vn 0.539999 0.477718 -0.692955
v 62.0094 -2.3785 3.48122
vn 0.0174677 -0.59039 -0.806929
v 30.9099 -1.15815 3.18791
vn 0.749227 -0.00260197 -0.662308
v 63.7778 5.1213 3.65216
vn 0.581243 0.464018 -0.668464
v 60.5828 16.0681 3.93373
vn 0.3086 0.812766 -0.494143
v 50.5695 20.949 1.90499
vn 0.287916 0.828396 -0.480484
v 15.7745 60.1813 2.45887
vn 0.469129 0.352913 -0.809549
v 13.9863 61.8173 3.33725
vn -0.957463 0.273944 -0.0906565
v -69.0118 58.371 2.02048
vn 0.864467 0.378801 -0.330464
v 14.4397 63.5539 4.89061
vn 0.833857 0.101828 -0.542507
v 13.8794 65.2238 3.94428
vn 0.443075 0.592311 -0.672943
v 3.53837 81.1886 5.52659
vn 0.459522 0.575787 -0.676246
v -2.16687 84.5225 4.45275
vn 0.446621 0.595243 -0.667994
v -11.5611 91.9763 2.96614
vn 0.221697 0.872611 -0.435201
v -27.217 96.148 0.456572
vn -0.328912 0.900828 -0.283419
v -43.478 99.3436 6.67737
vn -0.119781 -0.992446 0.026529
v 6.05279 -82.8323 5.49033
vn -0.0782757 -0.996112 0.040416
v 16.5006 -83.6509 4.04328
vn -0.30391 -0.9527 -0.00112569
v -5.61998 -80.3282 3.48388
vn 0.71841 0.584012 -0.377912
v 57.7926 -77.1055 3.64131
vn 0.804624 -0.000758163 -0.593784
v 54.8707 -66.3329 5.07519
vn 0.716551 -0.325354 -0.617009
v 68.4897 -35.3415 5.27526
vn 0.705245 -0.249758 -0.663514
v 68.7824 -32.5554 4.33691
vn 0.70121 -0.130571 -0.700896
v 70.386 -27.3207 4.43564
vn -0.908484 -0.417918 0.00107458
v -54.8439 -27.2741 1.95104
vn 0.667933 0.194423 -0.718377
v 70.2997 -9.23073 4.5401
vn 0.90123 0.0215435 -0.432805
v 30.0188 -8.70185 3.21238
vn -0.256591 0.422975 -0.869053
v 30.5503 -8.33326 3.44869
vn -0.545576 0.833869 0.0837176
v 33.7749 -5.44754 3.47795
vn 0.478297 0.640235 -0.601108
v 68.2468 -4.45165 5.06225
vn -0.253508 0.0478772 -0.966148
v 38.776 -2.55337 3.39599
vn 0.380369 0.652452 -0.655458
v 64.3741 -3.69982 3.69762
vn 0.785533 0.17499 -0.593563
v 64.747 12.3311 5.82613
vn 0.67003 0.229905 -0.705835
v 62.1854 10.607 2.89069
vn 0.756855 0.382476 -0.529984
v 64.1892 14.1138 5.89491
vn -0.967206 -0.233285 0.100448
v -69.5666 18.8163 5.3335
vn 0.703166 0.709584 -0.0452655
v 30.9482 33.7384 6.10209
vn 0.866455 0.485374 0.116906
v 29.8343 35.4842 3.52672
vn -0.982222 0.185784 -0.0269023
v -70.0597 54.8269 4.12512
vn 0.679883 0.725186 -0.108924
v 16.1212 61.3249 5.73386
vn 0.764832 0.316667 -0.561028
v 11.9073 73.467 5.71986
vn -0.882375 0.449237 -0.140002
v -62.6811 76.1621 7.00374
vn -0.0881233 -0.993566 0.0711345
v 20.2902 -84.0691 10.6384
vn -0.861527 -0.50391 0.0620195
v -41.5995 -50.7608 4.62244
vn 0.739182 -0.371791 -0.561588
v 66.5197 -39.7767 5.44564
vn -0.95797 -0.284551 -0.0363979
v -61.4017 -10.3716 7.43772
vn 0.638808 0.441312 -0.630213
v 69.8768 -5.95164 5.28337
vn 0.499979 0.624085 -0.600449
v 63.9771 -1.2491 6.04644
vn -0.95259 -0.298633 -0.0582344
v -64.8284 2.94955 3.60511
vn 0.90822 -0.285846 -0.305661
v 64.8629 1.23254 5.9799
vn 0.882026 -0.160652 -0.442968
v 65.6016 2.85459 6.56559
vn 0.86055 0.0333321 -0.508274
v 65.6442 7.36058 6.11512
vn 0.630218 0.576229 -0.52037
v 62.7415 16.0968 5.94015
vn 0.444711 0.670306 -0.594073
v 57.0361 20.8541 5.74274
vn -0.99733 -0.070621 0.0186049
v -70.7231 24.7432 4.49397
vn 0.97811 0.204336 -0.0393392
v 26.2047 50.6815 7.66467
vn 0.617452 0.784526 0.0571972
v 19.9744 58.6661 6.35274
vn 0.475284 0.549587 -0.687065
v -1.85734 87.0636 6.69508
vn -0.809597 0.561517 -0.171031
v -54.5582 89.6736 4.77247
vn 0.279574 0.774219 -0.567823
v -17.2853 96.2881 4.36836
vn -0.106702 -0.994086 0.0201967
v 42.461 -85.909 9.58538
vn 0.0856605 -0.988278 -0.126368
v 59.8945 -86.5585 7.48938
vn 0.873997 -0.231984 -0.426981
v 64.3818 -83.6425 6.57512
vn -0.0620492 -0.997714 0.0267614
v 32.283 -84.679 3.782
vn -0.338603 -0.924591 0.174585
v -2.92346 -80.6946 8.3838
vn -0.400265 -0.907565 0.126943
v -10.9623 -78.2319 4.10439
vn -0.64703 -0.693882 0.316037
v -30.4848 -62.3736 10.2762
vn 0.775297 -0.274568 -0.568794
v 57.7018 -60.3177 7.33013
vn -0.825048 -0.554515 0.10867
v -39.9173 -52.6522 8.57379
vn 0.73349 -0.348726 -0.583423
v 61.098 -54.8568 8.22771
vn -0.880968 -0.472184 0.0306166
v -50.8429 -34.8148 6.46909
vn 0.70202 -0.038035 -0.711141
v 71.2144 -20.5767 4.66551
vn 0.706692 -0.0110838 -0.707435
v 74.6042 -17.3962 7.81822
vn 0.676129 0.0508138 -0.735029
v 69.6696 -16.2496 3.18876
vn -0.960497 -0.270435 -0.0656501
v -62.9067 -4.10614 4.33043
vn 0.653194 0.694602 -0.301438
v 64.1309 -1.0771 6.52923
vn -0.965828 -0.257248 0.0316114
v -65.0214 2.5441 10.7799
vn 0.502801 0.827316 -0.250479
v 38.2674 27.6534 6.20295
vn 0.877116 0.329501 0.349423
v 26.9741 39.5075 5.6031
vn 0.893204 0.150549 0.423699
v 25.4985 41.4129 7.33823
vn 0.944908 -0.175008 0.276623
v 25.9249 47.7601 8.0367
vn 0.759527 0.647434 -0.0628411
v 24.2978 54.4405 8.16117
vn 0.877769 0.467676 -0.10393
v 15.0855 62.7702 6.4062
vn -0.951173 0.30138 -0.066635
v -67.3427 65.1943 6.71689
vn 0.169929 0.935793 -0.308894
v -27.5213 98.0797 5.6943
vn 0.195485 0.950951 -0.239746
v -30.8564 99.1857 6.44641
vn 0.624614 -0.716735 -0.310079
v 64.4409 -85.0394 8.61984
vn -0.0579813 -0.997672 0.0358962
v 32.0413 -84.6804 8.76513
vn -0.211041 -0.973494 0.0881563
v 2.09448 -82.3297 7.71862
vn -0.10579 -0.994381 0.00391696
v 18.53 -83.8265 5.06549
vn 0.81148 0.490037 -0.318376
v 63.9445 -82.2059 6.69955
vn 0.734629 0.586913 -0.340373
v 62.592 -79.2601 9.75668
vn -0.412069 -0.847794 0.333833
v -8.21821 -77.4588 11.5065
vn -0.565776 -0.75147 0.339398
v -22.0836 -70.2927 8.81717
vn -0.725059 -0.66236 0.188595
v -34.6934 -59.9463 4.88937
vn 0.719992 -0.363361 -0.591254
v 62.9841 -48.1692 6.6774
vn 0.739333 -0.367527 -0.564191
v 64.6001 -48.2147 8.67413
vn 0.726828 -0.379393 -0.572522
v 64.4317 -43.96 5.63231
vn 0.734755 -0.372225 -0.567084
v 68.8015 -39.3439 8.57081
vn 0.689803 0.166895 -0.704499
v 74.0023 -11.5303 7.85284
vn 0.401915 0.777086 -0.484356
v 67.1813 -1.83099 7.59453
vn 0.846661 -0.521466 -0.106013
v 66.5757 3.01083 9.48696
vn -0.980982 -0.14648 0.127348
v -70.3414 24.0929 9.32838
vn 0.31053 0.889197 -0.336007
v 42.6812 26.5511 8.09655
vn 0.52778 0.849136 -0.020405
v 36.4619 29.4331 8.49211
vn 0.770106 0.585504 0.253223
v 27.2571 36.8451 8.50521
vn -0.999707 0.0238549 0.00416291
v -71.0026 42.1341 9.80632
vn 0.870686 -0.028375 0.491021
v 23.4922 43.5357 11.4006
vn 0.95224 0.251517 -0.173143
v 15.0031 63.8153 7.81997
vn 0.909439 0.11 -0.401024
v 14.7225 71.1735 8.84864
vn -0.705425 0.680578 -0.197962
v -52.1674 93.0497 6.54131
vn 0.147746 0.895211 -0.420438
v -19.3678 97.7206 6.16774
vn 0.349999 0.75646 -0.552512
v -13.0869 95.5184 5.57916
vn 0.0600164 0.971095 -0.231026
v -36.7068 99.5444 4.67364
vn -0.101345 0.965898 -0.238265
v -40.9324 100.526 8.99936
vn -0.0532615 -0.997368 -0.0491954
v 47.2799 -86.6428 7.03456
vn -0.129526 -0.991424 0.0173649
v 39.2639 -85.7553 5.13338
vn -0.616894 -0.721233 0.315064
v -26.3376 -66.6192 9.28563
vn -0.779626 -0.610132 0.141147
v -37.7253 -56.3834 5.00922
vn -0.752271 -0.612834 0.241914
v -38.9754 -52.9832 12.2676
vn -0.865159 -0.499444 0.0453421
v -48.4392 -38.7422 10.7203
vn -0.956312 -0.272065 0.106993
v -63.2153 -3.97705 11.9647
vn 0.528637 0.707251 -0.469403
v 70.7817 -2.7259 9.79929
vn 0.140996 0.877666 -0.458064
v 49.4895 25.2986 8.67638
vn 0.248926 0.80089 -0.54462
v 55.2634 24.0491 8.47973
vn 0.195137 0.901595 -0.386068
v 46.19 25.7409 8.72996
vn -0.998933 -0.0366439 0.0280925
v -70.9239 35.059 10.9877
vn 0.601067 0.782044 0.164701
v 31.5872 32.8533 8.60959
vn 0.872263 -0.365349 0.32508
v 25.5414 48.6573 10.0187
vn 0.945253 0.123961 -0.301879
v 26.5514 51.0707 8.71201
vn 0.620532 0.743616 0.248947
v 20.3093 57.6136 9.11714
vn 0.785166 0.614823 0.0742143
v 16.5633 60.5709 10.0026
vn 0.939613 0.170321 -0.296847
v 14.3176 68.3618 6.98973
vn -0.92235 0.378455 -0.0777341
v -65.1945 71.0433 6.88796
vn -0.870616 0.471723 -0.139662
v -60.4438 80.5548 6.91679
vn 0.528685 0.528599 -0.664135
v 10.7185 77.7522 7.26122
vn 0.477411 0.593247 -0.648179
v 5.81192 77.4433 3.4128
vn 0.472818 0.583113 -0.660622
v -1.06647 89.5654 9.38852
vn 0.47225 0.677985 -0.563308
v -9.45374 94.089 6.71211
vn 0.0936019 0.960119 -0.263458
v -28.2845 99.3492 9.60018
vn -0.323736 0.927803 -0.185412
v -43.7801 99.9715 9.30551
vn 0.134712 0.947226 -0.290888
v -29.7402 100.256 12.5424
vn 0.386391 -0.902808 -0.188782
v 64.5161 -86.1021 12.1688
vn 0.769031 -0.56928 -0.290708
v 66.1565 -85.0097 13.1574
vn 0.805265 0.374033 -0.460051
v 58.1428 -74.871 7.36187
vn 0.832886 0.121707 -0.539896
v 57.4208 -69.367 8.48179
vn 0.711841 -0.364009 -0.600649
v 66.6782 -44.3952 8.87072
vn 0.715578 -0.17426 -0.676448
v 74.0554 -25.7156 7.94004
vn 0.721399 -0.141582 -0.677892
v 75.6683 -25.8786 9.66187
vn -0.946274 -0.317396 0.0618564
v -59.4727 -16.4026 9.01516
vn 0.712825 0.0782274 -0.696966
v 75.761 -13.478 9.04635
vn 0.687145 0.709448 0.156574
v 62.9312 0.0800882 11.0243
vn 0.338781 0.882277 -0.326825
v 68.434 -1.22051 10.3415
vn -0.970892 -0.236124 0.0401877
v -66.3186 7.56038 8.3102
vn -0.966159 -0.227439 0.121688
v -67.1818 12.266 11.1148
vn -0.95857 -0.246372 0.142981
v -68.292 16.142 10.7755
vn 0.359557 0.914446 -0.185762
v 37.5685 29.1461 9.92699
vn 0.947715 -0.0696845 0.311415
v 27.2766 51.6518 10.3308
vn 0.750906 0.561395 0.347816
v 27.0025 51.9771 10.3597
vn 0.565251 0.558203 -0.607372
v 12.4329 80.8716 11.306
vn 0.452511 0.580927 -0.676578
v 5.41039 84.3383 9.29804
vn -0.841884 0.517182 -0.154123
v -58.1217 84.4476 6.42727
vn 0.513966 0.571847 -0.639398
v -6.12924 90.9799 6.51141
vn 0.039073 0.946618 -0.319981
v -22.2394 99.2243 9.7968
vn 0.927694 -0.166655 -0.33408
v 65.4417 -84.0423 9.05761
vn -0.0987912 -0.990826 0.0922211
v 15.397 -83.4176 10.9286
vn -0.462309 -0.827469 0.318692
v -13.3075 -74.9005 11.5489
vn 0.831762 0.225696 -0.507181
v 59.2125 -72.0512 10.9152
vn 0.814929 -0.0845827 -0.573356
v 57.1953 -65.7645 8.22657
vn 0.77726 -0.243124 -0.580308
v 59.7366 -62.3848 11.0533
vn 0.731187 -0.346518 -0.587614
v 63.257 -54.633 11.0385
vn 0.699367 -0.35938 -0.617844
v 66.2747 -48.8034 11.3818
vn -0.82692 -0.542524 0.147892
v -46.2012 -42.4392 11.3723
vn -0.89792 -0.408475 0.163973
v -54.1807 -27.3019 14.7135
vn -0.924067 -0.379024 0.0494123
v -58.0769 -20.42 8.4262
vn 0.695899 -0.0870931 -0.712839
v 78.5344 -24.3921 12.685
vn 0.725617 -0.011083 -0.688009
v 77.3059 -17.0805 10.7822
vn 0.670528 0.438172 -0.598662
v 74.0331 -5.25774 10.5829
vn 0.139485 0.970489 -0.196708
v 65.9269 -0.186561 11.4966
vn 0.291117 -0.911531 0.290451
v 60.3425 1.20242 14.7477
vn -0.96974 -0.218617 0.108679
v -65.8937 6.29708 10.9259
vn 0.452651 0.741873 -0.494704
v 57.4654 24.528 10.3899
vn 0.0964929 0.882194 -0.460893
v 52.1482 26.4325 11.3091
vn -0.968074 -0.134933 0.211248
v -70.3387 29.2885 12.6147
vn 0.791492 -0.184592 0.582638
v 24.0566 46.668 11.5295
vn -0.989866 0.138455 0.0315493
v -70.1737 53.738 10.0493
vn 0.624388 0.398884 0.671588
v 22.454 52.3975 13.252
vn 0.582254 0.722804 0.372201
v 24.3574 54.2024 10.0855
vn 0.642702 0.648781 0.407452
v 19.4767 56.9471 11.6978
vn -0.972412 0.231593 0.0279264
v -68.6439 61.7475 13.0204
vn 0.966826 0.104469 -0.233096
v 15.4264 75.8084 11.7312
vn 0.734965 0.366376 -0.57061
v 14.3649 77.7399 10.5139
vn 0.855007 0.388165 -0.343933
v 14.6138 79.2115 12.3278
vn 0.480983 0.54907 -0.683504
v 8.35718 84.9934 11.8573
vn -0.518915 0.835737 -0.179643
v -46.4302 98.7787 10.0245
vn 0.314857 0.816366 -0.484161
v -12.1919 97.7783 9.58619
vn 0.0146377 -0.996123 -0.0867508
v 58.2864 -86.9524 10.614
vn -0.139043 -0.984937 0.102792
v 39.4279 -85.4698 12.5392
vn -0.050544 -0.992522 0.111113
v 27.5998 -84.3187 10.8989
vn 0.945177 0.126223 -0.301178
v 66.3129 -83.6644 12.3339
vn -0.236156 -0.940033 0.246107
v 3.39928 -82.0247 10.5861
vn 0.774891 0.456622 -0.437081
v 60.1729 -76.8994 8.71639
vn -0.523188 -0.761831 0.381953
v -16.8623 -72.4514 11.8405
vn 0.827554 -0.0356147 -0.560255
v 59.2895 -67.9922 11.5833
vn -0.698571 -0.671402 0.247423
v -34.583 -58.328 10.4451
vn -0.823225 -0.544789 0.159706
v -42.1519 -48.5839 12.1371
vn 0.685413 -0.324025 -0.652086
v 71.7144 -36.6873 10.2121
vn -0.878764 -0.464531 0.109477
v -51.9356 -31.9402 14.7062
vn -0.937841 -0.304937 0.165733
v -61.8933 -8.29406 11.6604
vn 0.93417 -0.111584 -0.338934
v 67.6967 6.26409 10.5265
vn 0.907009 0.191277 -0.375163
v 67.8341 11.0398 11.4295
vn 0.807492 0.483008 -0.338614
v 66.0106 16.3495 12.8015
vn -0.956937 -0.197348 0.212898
v -69.3846 21.8453 11.5854
vn 0.133443 0.930118 -0.342159
v 45.9337 27.1898 12.3939
vn 0.8306 0.367602 0.418297
v 24.0546 40.2606 10.9462
vn 0.796126 0.360047 0.486363
v 22.9186 39.3942 13.1737
vn -0.996498 -0.00917972 0.0831164
v -70.9418 39.4805 13.1988
vn 0.641786 -0.0899307 0.761593
v 24.6406 49.2585 11.551
vn -0.974362 0.224553 -0.0139314
v -69.1896 58.9414 8.47465
vn 0.97973 0.0605347 -0.190957
v 14.9107 67.3746 10.6353
vn 0.403916 0.559322 -0.723886
v 2.78709 89.8873 12.1999
vn -0.800508 0.593243 -0.0851473
v -53.7393 92.3044 13.474
vn -0.683431 0.717408 -0.135081
v -50.6666 95.26 9.93602
vn 0.445605 0.683986 -0.577581
v -5.11286 95.759 12.6358
vn -0.16633 0.962471 -0.214436
v -40.1123 101.544 13.6019
vn 0.0779726 0.967772 -0.239451
v -35.3678 101.731 14.1805
vn 0.108023 0.963557 -0.244723
v -35.0846 101.039 10.9042
vn 0.0707717 -0.995408 -0.0644522
v 59.5921 -87.1461 14.4364
vn -0.148983 -0.978778 0.140704
v 44.1791 -85.8412 14.4596
vn -0.0728908 -0.975878 0.205788
v 20.8073 -83.8102 12.6502
vn -0.0985985 -0.961214 0.257579
v 18.4703 -83.0769 14.607
vn -0.26145 -0.894093 0.363652
v 0.878014 -79.8542 15.1628
vn 0.625068 -0.244699 -0.741224
v 76.5869 -32.8013 13.262
vn -0.904689 -0.34506 0.249944
v -56.6604 -21.2772 14.9738
vn -0.958456 -0.25692 0.123915
v -64.0344 -1.01591 11.6915
vn -0.945056 -0.243342 0.218296
v -65.1695 4.85822 13.6085
vn 0.671174 -0.697976 0.24971
v 62.7023 0.564465 11.126
vn 0.75974 -0.650194 -0.00656344
v 67.3497 4.01588 11.9024
vn -0.954277 -0.203844 0.218641
v -67.2156 15.5029 14.7788
vn 0.666101 0.600788 -0.441999
v 61.6964 20.5474 10.0619
vn 0.368346 0.92891 0.0380485
v 35.3306 29.867 10.9633
vn -0.982756 -0.0629547 0.173861
v -70.5401 34.3016 14.6304
vn -0.995618 0.0855399 0.0377825
v -70.5993 49.241 9.90981
vn 0.850517 0.489619 -0.192082
v 21.9026 52.7607 13.6064
vn -0.986119 0.145563 0.0798754
v -69.607 55.6982 15.1968
vn 0.81863 0.563861 -0.10911
v 18.9307 57.1519 12.5946
vn 0.856015 0.394202 -0.334431
v 16.9912 60.2556 12.3827
vn -0.9125 0.406734 -0.0437087
v -64.5675 73.1993 11.533
vn 0.987884 0.0468859 -0.147943
v 15.8427 73.2327 16.2654
vn -0.864608 0.497477 -0.0704896
v -58.9971 84.4519 14.1419
vn 0.414831 0.617667 -0.668133
v -1.01744 93.3983 13.1461
vn 0.367596 0.802709 -0.469609
v -10.0287 98.4511 12.3577
vn -0.112156 -0.992669 0.0450481
v 47.4286 -86.4447 11.9885
vn -0.0390908 -0.998895 -0.0260711
v 50.8438 -86.7954 10.6819
vn -0.12062 -0.960445 0.250992
v 12.917 -82.6118 13.9315
vn -0.149068 -0.967476 0.204373
v 7.08116 -82.6904 10.8176
vn 0.825199 0.474983 -0.305676
v 65.5745 -81.0747 13.7693
vn 0.815834 0.409489 -0.40833
v 62.2599 -76.1141 13.6254
vn -0.531327 -0.700021 0.477139
v -22.9454 -67.1387 12.9446
vn 0.628783 -0.369527 -0.684165
v 70.7844 -45.388 13.9156
vn 0.689041 -0.0183827 -0.724489
v 79.9971 -20.072 13.3479
vn 0.713237 0.17264 -0.67933
v 78.7654 -11.2398 12.8859
vn 0.708192 0.144585 -0.691056
v 81.6206 -12.993 15.3833
vn 0.568905 0.70411 -0.424943
v 77.4125 -3.18995 17.2848
vn 0.216069 0.946419 -0.240011
v 69.2011 0.0543613 15.1341
vn 0.943397 -0.308292 -0.122304
v 68.9252 6.17024 13.9901
vn 0.901278 0.348229 -0.25775
v 67.8954 13.0031 13.6539
vn 0.587791 0.741872 -0.322688
v 60.2824 25.0594 14.9217
vn 0.648161 0.700467 0.298719
v 28.6071 34.5121 11.2943
vn 0.800198 0.339721 0.49424
v 21.4934 40.3563 14.8265
vn 0.834187 -0.0279722 0.550772
v 21.9228 45.0524 13.7394
vn -0.938315 0.344751 0.0266772
v -66.1906 69.2712 14.5786
vn -0.892831 0.445996 -0.0627675
v -62.595 77.4011 11.2561
vn 0.474467 0.497795 -0.726004
v 8.85773 86.8395 13.3967
vn -0.744302 0.666187 -0.0470059
v -52.6252 94.0135 15.9836
vn 0.401524 0.742616 -0.536003
v -7.7879 98.1827 13.9179
vn 0.154445 0.91975 -0.360842
v -16.2873 98.8478 9.7155
vn 0.282992 0.837927 -0.466684
v -7.10642 98.9418 15.5418
vn 0.0344882 0.952495 -0.302597
v -25.2852 100.337 13.2481
vn -0.0721804 -0.97414 0.214104
v 28.5391 -83.9832 13.7188
vn -0.343848 -0.896801 0.278419
v -2.97032 -80.307 10.2455
vn -0.558081 -0.684735 0.468705
v -26.5227 -63.76 13.9114
vn 0.75562 -0.27855 -0.592831
v 61.6259 -61.6979 13.2029
vn 0.692833 -0.363222 -0.622938
v 66.2969 -53.3943 13.5452
vn 0.630552 -0.139279 -0.763548
v 79.4405 -27.1201 14.0023
vn 0.654905 0.494066 -0.571837
v 77.7803 -5.46133 14.4215
vn 0.392439 0.864229 -0.314801
v 72.7041 -0.885976 15.8547
vn 0.444371 -0.870869 0.210053
v 65.4582 2.75211 14.4837
vn -0.954083 -0.210161 0.213442
v -66.243 10.7801 14.9641
vn 0.71993 0.625846 -0.30003
v 63.7624 22.0771 15.7191
vn 0.243765 0.863903 -0.440739
v 54.803 26.6285 12.5371
vn 0.0490562 0.887709 -0.457784
v 51.2583 28.0277 14.1711
vn 0.440974 0.876761 0.191915
v 32.6049 30.7816 14.7306
vn 0.971366 -0.0141292 0.237169
v 22.2189 51.7724 13.7394
vn 0.680279 0.368485 -0.633592
v 19.7432 57.2369 13.8813
vn 0.645625 0.425771 -0.633947
v 17.3253 63.4201 14.8774
vn 0.920316 0.232675 -0.314453
v 16.0969 63.3662 12.8366
vn 0.708349 0.468887 -0.527623
v 13.4379 82.7627 14.2971
vn -0.417544 0.900155 -0.124007
v -45.4769 99.965 14.5117
vn 0.051726 0.971249 -0.23238
v -20.7668 101.086 16.267
vn 0.0572371 0.957179 -0.283783
v -17.4133 100.203 13.4947
vn -0.0337329 0.972258 -0.231467
v -37.2577 102.413 15.6453
vn -0.148952 -0.983266 0.104892
v 48.8661 -86.498 14.726
vn -0.119546 -0.985754 0.118312
v 34.6131 -84.6231 12.7016
vn -0.0841625 -0.945388 0.314894
v 26.8658 -82.9304 16.7273
vn 0.84539 0.166742 -0.507457
v 60.9836 -71.4676 14.0625
vn -0.470304 -0.746719 0.470345
v -12.8458 -73.5996 14.6115
vn -0.490322 -0.646896 0.584046
v -25.3306 -59.8954 19.3617
vn 0.679414 -0.355444 -0.641916
v 67.5175 -57.0188 17.2605
vn 0.678411 -0.384303 -0.626155
v 67.1475 -54.1381 15.3218
vn 0.584042 -0.396926 -0.708057
v 71.0173 -47.7367 15.3917
vn 0.546892 -0.319703 -0.773757
v 73.8941 -41.1737 13.9903
vn 0.490952 -0.298481 -0.818459
v 77.3848 -40.9242 16.0807
vn -0.842592 -0.509172 0.17545
v -48.765 -37.6028 14.5467
vn 0.52296 -0.204558 -0.827448
v 78.9929 -32.6292 14.6936
vn 0.672803 0.0196163 -0.739561
v 82.6485 -18.7795 16.0647
vn 0.716716 0.402587 -0.569422
v 81.4093 -6.87931 17.636
vn 0.0413818 0.984096 -0.172753
v 60.9824 0.400909 15.1054
vn -0.912533 -0.269954 0.30726
v -62.0911 -3.21196 16.3553
vn 0.965054 0.109267 -0.238183
v 69.2039 9.34413 14.9095
vn 0.922523 0.349331 -0.16407
v 68.2536 14.8345 18.0013
vn 0.218744 0.957679 -0.187086
v 42.2461 28.3091 13.7142
vn 0.00898843 0.925059 -0.379718
v 45.9695 27.909 14.3184
vn 0.03332 0.93049 -0.3648
v 50.1445 29.3455 16.7277
vn 0.581708 0.768692 0.265949
v 26.6281 33.5786 17.7248
vn -0.996305 0.063638 0.0576691
v -70.545 46.2416 14.5963
vn 0.953433 -0.241774 0.180311
v 21.8065 48.615 15.3821
vn 0.8027 0.121313 -0.583914
v 22.587 53.6102 15.0181
vn 0.60093 0.250536 -0.759022
v 23.1673 58.934 16.0774
vn 0.459665 0.293614 -0.838152
v 19.2732 61.4384 15.1179
vn 0.668599 0.495316 -0.55465
v 22.6318 60.832 16.6797
vn 0.884436 0.289323 -0.366148
v 16.3969 66.8821 15.887
vn 0.984107 0.134265 -0.116216
v 15.741 76.6221 15.0859
vn 0.431355 0.510739 -0.743693
v 6.88352 90.4072 14.6522
vn 0.381183 0.503768 -0.775189
v 10.4617 90.5444 16.6229
vn 0.362101 0.569568 -0.737886
v 3.34449 92.1752 14.0861
vn 0.350273 0.693923 -0.62911
v -1.3006 96.5154 15.8272
vn -0.621526 0.779518 -0.077822
v -47.5536 98.9247 16.0444
vn 0.0973242 0.963262 -0.250308
v -30.7361 101.454 15.5027
vn 0.371247 -0.907782 -0.19521
v 65.1354 -86.5294 15.4159
vn -0.185595 -0.910848 0.368661
v 8.17613 -80.707 17.5833
vn -0.37835 -0.817468 0.434278
v -3.71458 -77.0911 17.0185
vn 0.849722 0.169412 -0.499271
v 62.9456 -72.7558 16.9593
vn -0.435971 -0.732169 0.523314
v -10.2254 -72.7869 18.0694
vn -0.498625 -0.649923 0.573562
v -21.5085 -65.5709 16.504
vn 0.746969 -0.27154 -0.60688
v 63.1069 -63.6441 16.0142
vn -0.558568 -0.675058 0.481974
v -29.2306 -61.3944 14.043
vn -0.591812 -0.6895 0.417549
v -33.7369 -57.8994 13.3532
vn -0.65912 -0.662773 0.355376
v -35.5589 -55.6493 14.2838
vn -0.666393 -0.617613 0.417703
v -38.3908 -51.3448 16.7621
vn 0.582693 -0.381372 -0.717652
v 78.7752 -41.4907 17.0422
vn -0.806699 -0.500886 0.313608
v -46.6558 -39.0122 18.3418
vn 0.575074 -0.263749 -0.77442
v 80.9589 -35.8976 16.8988
vn 0.561056 -0.12348 -0.818516
v 82.5635 -31.4756 16.7793
vn 0.638862 -0.0548507 -0.767364
v 83.0239 -23.7778 16.5552
vn -0.911156 -0.293767 0.288957
v -59.2245 -13.2725 15.4873
vn 0.300629 -0.925951 0.228556
v 61.0481 2.53307 19.1219
vn -0.938191 -0.170052 0.301464
v -67.7218 20.7312 16.8371
vn -0.919261 -0.188361 0.345659
v -68.3001 27.9599 18.965
vn 0.207301 0.908568 -0.362671
v 53.0175 27.9351 14.5138
vn 0.197195 0.980065 0.0242012
v 37.3595 29.205 15.0822
vn 0.0806633 0.989543 -0.119571
v 43.404 28.7575 15.9642
vn -0.132326 0.985846 -0.102946
v 45.7174 28.8892 17.4289
vn 0.359015 0.898536 0.252469
v 31.1329 30.1467 18.8324
vn -0.0531358 0.989238 -0.136328
v 48.3501 29.745 17.7976
vn -0.953203 -0.122501 0.276403
v -69.5519 32.6703 17.9697
vn 0.689404 0.650803 0.318084
v 24.6185 35.9831 16.1861
vn -0.991053 0.0961558 0.0925637
v -70.2917 49.5807 15.9084
vn 0.982711 -0.18412 -0.0194665
v 22.9445 53.1025 17.0865
vn 0.672556 0.674945 -0.303509
v 21.2688 62.8485 17.5032
vn 0.771474 0.581819 -0.257516
v 18.4132 66.1094 18.9292
vn -0.950166 0.310946 0.022288
v -67.5452 65.5572 12.9319
vn 0.965933 0.123954 -0.227178
v 15.9053 70.0415 15.2721
vn -0.905305 0.42459 0.0120887
v -62.8968 76.8751 17.23
vn 0.915196 0.152159 -0.373181
v 14.9851 83.8193 18.3929
vn 0.6105 0.362958 -0.703954
v 12.7243 85.3856 15.5304
vn 0.492272 0.490298 -0.719219
v 12.8722 90.1551 17.4171
vn 0.36862 0.629464 -0.684028
v 5.17141 93.5836 16.2743
vn 0.110374 0.971976 -0.207557
v -31.9228 102.104 18.2184
vn 0.0171727 0.984801 -0.172837
v -36.2759 102.826 18.1179
vn -0.104114 -0.99306 0.0546935
v 54.8891 -87.0002 18.1509
vn -0.180919 -0.967528 0.176517
v 47.4912 -85.3511 20.316
vn -0.187321 -0.956864 0.222087
v 40.6672 -84.5423 17.8036
vn 0.938425 0.00179963 -0.345479
v 67.6703 -84.1097 15.9112
vn -0.127533 -0.952786 0.27556
v 34.0319 -83.251 18.5484
vn -0.0813349 -0.925804 0.369149
v 21.3896 -81.7319 18.8322
vn -0.493717 -0.642022 0.586559
v -13.5027 -70.4984 18.0804
vn -0.568982 -0.661393 0.48869
v -34.1118 -54.4488 18.1851
vn 0.54224 -0.457646 -0.704653
v 74.8853 -45.2078 16.5509
vn 0.633796 0.0262569 -0.773054
v 86.1288 -21.5714 18.9457
vn 0.698143 0.139698 -0.702197
v 84.5262 -15.6998 17.8609
vn 0.233999 0.94257 -0.238341
v 69.5556 0.634448 17.9657
vn 0.994946 -0.0929914 -0.0378862
v 69.4756 8.18139 16.3811
vn 0.403776 0.879861 -0.250619
v 57.8973 26.7076 15.451
vn 0.247632 0.959638 -0.133315
v 54.1149 28.9395 19.2486
vn 0.213934 0.931321 0.294743
v 35.3202 29.1627 18.8014
vn 0.175273 0.974395 0.140831
v 37.4755 28.8121 17.4078
vn -0.99097 -0.00682666 0.133908
v -70.9355 42.293 16.0834
vn 0.953414 -0.291988 0.0757958
v 22.2987 50.4565 19.0566
vn 0.841369 0.533233 0.0881007
v 22.3973 61.7343 18.3941
vn 0.939341 0.258603 -0.225307
v 14.7522 81.1502 15.9431
vn -0.54878 0.835265 -0.0342449
v -46.6485 99.7484 18.5685
vn 0.123821 0.943492 -0.307396
v -11.5173 100.536 16.6878
vn 0.159753 0.924479 -0.346146
v -7.29157 100.903 19.2601
vn 0.676035 -0.664921 -0.317581
v 68.5497 -86.003 20.1102
vn -0.1938 -0.969081 0.152719
v 52.4905 -86.234 21.3816
vn 0.93671 -0.0219651 -0.349418
v 68.9025 -84.6435 19.5208
vn -0.268879 -0.853326 0.446697
v 3.55951 -78.973 18.6287
vn -0.366303 -0.733772 0.57219
v -4.32531 -75.3065 19.3708
vn -0.511427 -0.654388 0.556973
v -17.1453 -68.6812 16.7884
vn 0.813432 -0.0942347 -0.573975
v 62.4796 -67.9035 16.1943
vn -0.49631 -0.649421 0.576132
v -31.8394 -54.7674 19.8731
vn -0.543673 -0.625441 0.559681
v -36.1358 -51.468 19.4457
vn 0.618061 -0.432689 -0.656339
v 72.6702 -48.9383 17.3871
vn -0.74566 -0.538719 0.392137
v -44.4297 -42.3066 18.8941
vn 0.641146 -0.398893 -0.655603
v 81.7721 -41.8585 20.5252
vn -0.855281 -0.427204 0.293242
v -52.3197 -30.2894 16.8521
vn 0.613407 -0.171025 -0.771026
v 84.3634 -31.6922 17.9752
vn 0.598679 -0.0239303 -0.800632
v 85.0292 -24.0679 18.0411
vn -0.863114 -0.275295 0.423374
v -58.2173 -10.5534 20.0889
vn -0.875419 -0.277297 0.395915
v -59.9049 -4.719 20.3384
vn 0.076315 0.963017 -0.258409
v 65.3552 1.16971 18.4671
vn 0.982166 0.166913 -0.0865444
v 69.5468 11.0563 19.5328
vn 0.818795 0.544803 -0.18101
v 64.506 22.011 17.8663
vn 0.0377382 0.977287 0.208531
v 39.3129 28.5165 18.4205
vn 0.782132 0.605548 0.146905
v 22.1021 36.9723 19.2658
vn 0.897121 0.413638 0.155171
v 20.0259 41.1985 16.7754
vn -0.95621 0.0267013 0.291462
v -70.1549 44.2202 19.3347
vn -0.964093 0.0572232 0.259328
v -70.0939 47.0543 19.4179
vn 0.951565 0.0902817 0.293895
v 24.0098 58.1403 18.227
vn 0.954995 0.167345 -0.244907
v 24.0855 58.4859 17.1199
vn 0.823554 0.295385 0.484259
v 22.3501 60.7346 19.7287
vn 0.786051 0.579516 0.21514
v 20.5066 63.7287 19.4235
vn -0.926279 0.358295 0.116753
v -64.6743 72.6639 19.4237
vn -0.861954 0.506984 -0.0011659
v -57.8108 87.0977 18.2987
vn 0.758348 0.231682 -0.609288
v 15.0088 89.5818 19.0481
vn 0.681726 0.654675 -0.326574
v 14.5979 91.2943 20.1358
vn 0.430793 0.677404 -0.596273
v 10.1277 94.295 19.6819
vn 0.258363 0.847459 -0.463748
v -2.43541 99.7088 19.0986
vn 0.0606983 0.976654 -0.206064
v -26.5639 102.021 19.8245
vn -0.127253 -0.928845 0.347928
v 26.919 -81.1883 21.5327
vn -0.110037 -0.92207 0.371052
v 14.7589 -81.5526 18.1843
vn -0.236955 -0.787848 0.568461
v 8.00404 -79.19 20.594
vn 0.839954 0.374773 -0.392456
v 64.4667 -77.2121 16.9543
vn 0.866272 0.0909536 -0.491224
v 65.276 -74.1963 20.514
vn -0.487825 -0.607412 0.62696
v -14.589 -66.6701 20.7548
vn 0.695853 -0.37324 -0.61358
v 67.019 -62.1604 19.6078
vn -0.449794 -0.604107 0.65783
v -19.5469 -61.6611 22.0607
vn -0.745418 -0.566135 0.351913
v -42.0576 -45.2965 18.8814
vn 0.627377 -0.512423 -0.586362
v 76.8063 -48.6647 21.2342
vn 0.624939 -0.0719237 -0.777353
v 87.6932 -26.82 20.2932
vn 0.658463 0.148982 -0.73772
v 86.6654 -16.8052 19.7445
vn 0.736866 0.337284 -0.58589
v 83.1468 -8.78049 18.8062
vn 0.293221 0.898291 -0.327252
v 72.7129 0.843948 22.4155
vn 0.448308 -0.878893 0.162995
v 63.9446 4.39413 23.6618
vn 0.495936 -0.848108 0.18644
v 65.7571 3.62254 17.2343
vn -0.901683 -0.240123 0.359596
v -64.4864 7.97502 18.8482
vn -0.937769 -0.173373 0.300883
v -66.3226 14.9248 18.0577
vn -0.917064 -0.155267 0.367267
v -66.9421 21.333 18.9065
vn -0.159322 0.925337 0.344047
v 44.9504 28.3602 20.0199
vn -0.175595 0.97625 0.126897
v 49.4924 29.6256 20.3011
vn 0.9479 -0.313727 0.0553337
v 20.0051 45.6703 17.4939
vn 0.951197 -0.258825 -0.168028
v 21.1504 48.1539 20.5278
vn -0.958777 0.120951 0.257134
v -69.1554 55.6252 19.4607
vn -0.952163 0.173879 0.2513
v -68.7411 58.6843 19.2654
vn -0.942216 0.233956 0.239776
v -67.8834 62.4166 19.5724
vn 0.913653 0.335669 -0.229269
v 17.0412 68.4192 19.1353
vn -0.895078 0.289944 0.338775
v -62.5661 75.5359 23.9449
vn 0.988172 0.0986666 -0.117394
v 16.4802 73.6809 21.8468
vn 0.878748 0.322012 -0.352293
v 15.6153 90.2473 19.9376
vn 0.591654 0.770833 -0.236141
v 11.184 95.4331 22.7741
vn -0.706399 0.706577 0.0418271
v -50.7872 96.0002 20.3451
vn -0.447743 0.894141 0.00619089
v -43.4087 101.743 20.8262
vn 0.0536625 0.970748 -0.234029
v -15.2865 101.23 18.4644
vn 0.0981327 0.971461 -0.215949
v -7.0786 101.664 21.7138
vn -0.279865 0.949659 -0.140794
v -41.8295 102.068 18.4397
vn -0.0403587 -0.99903 0.0175952
v 58.657 -87.1155 20.7003
vn 0.197591 -0.974192 -0.109121
v 66.7752 -86.8778 20.7555
vn -0.168374 -0.93387 0.315495
v 34.3791 -81.9726 22.6793
vn 0.878893 0.355851 -0.317676
v 67.9782 -80.9781 20.5415
vn -0.478356 -0.626163 0.615707
v -17.8891 -65.2058 19.6639
vn 0.682485 -0.396616 -0.61393
v 71.1701 -55.7407 20.0648
vn -0.443757 -0.623372 0.643807
v -23.9718 -57.3791 23.0864
vn -0.493237 -0.651409 0.576527
v -28.4963 -57.474 19.6062
vn -0.470359 -0.635767 0.612015
v -30.7594 -52.1967 23.0256
vn -0.608019 -0.604484 0.514696
v -37.944 -48.8514 20.5328
vn 0.61611 -0.523115 -0.588862
v 81.091 -45.3314 22.6239
vn 0.626725 -0.319351 -0.710795
v 85.0564 -35.2983 20.0388
vn -0.807832 -0.410915 0.422559
v -49.8514 -31.9408 20.4881
vn 0.596895 0.0195358 -0.802082
v 88.5479 -23.347 20.7994
vn 0.677225 0.58238 -0.449667
v 82.0657 -5.99603 19.7271
vn 0.187292 0.914635 -0.35828
v 69.1728 2.15017 23.4714
vn 0.0398636 0.943955 -0.327657
v 61.0284 1.81218 19.7916
vn -0.890238 -0.266435 0.369443
v -63.5758 4.53658 18.3752
vn 0.633065 -0.750286 0.190525
v 67.6825 5.93874 21.8186
vn 0.735937 -0.669002 0.104078
v 68.1184 5.1494 16.0034
vn -0.911063 -0.202007 0.359386
v -65.5852 12.9193 18.9576
vn -0.908277 -0.163702 0.385012
v -65.9095 17.4388 20.2891
vn -0.889162 -0.171454 0.424258
v -65.0883 22.0457 24.0128
vn 0.124053 0.99156 0.0376874
v 52.1694 29.7131 22.5134
vn 0.942426 -0.00162955 0.33441
v 19.5535 42.8979 16.7425
vn -0.94997 0.0994164 0.296098
v -69.6455 49.7799 19.8104
vn 0.999179 -0.0281118 -0.0291781
v 21.9221 50.2267 23.2041
vn 0.950057 -0.0288472 0.310741
v 22.4151 54.3728 20.709
vn 0.836879 0.332514 0.434818
v 20.0422 61.1706 22.5741
vn -0.93894 0.285677 0.191781
v -67.2228 64.4953 19.6223
vn 0.984105 0.0839861 -0.156472
v 16.1123 78.0596 22.0471
vn 0.970408 -0.00441865 -0.241429
v 15.7103 87.348 20.9489
vn -0.795283 0.603755 0.0548181
v -54.4372 91.7606 20.4629
vn 0.470322 0.807355 -0.356335
v 7.99624 97.3479 22.0098
vn 0.299503 0.811516 -0.501737
v 1.5086 99.0741 20.1965
vn 0.0460397 0.977604 -0.205354
v -20.9052 101.445 18.0529
vn 0.0438276 0.974192 -0.221425
v -15.2452 101.908 21.3963
vn 0.0772378 0.980894 -0.178552
v -33.6326 103.119 21.7033
vn -0.145492 -0.983427 0.108185
v 55.9359 -86.8313 21.7875
vn -0.150837 -0.852391 0.500677
v 13.3613 -80.5452 19.7723
vn -0.4354 -0.613038 0.65925
v -10.389 -70.0217 20.8863
vn -0.340695 -0.665582 0.664024
v -3.17667 -73.4892 22.1463
vn 0.821754 -0.159176 -0.547159
v 65.5034 -68.03 20.3242
vn 0.748873 -0.306675 -0.587486
v 67.5779 -64.8006 21.785
vn 0.701593 -0.451651 -0.551162
v 73.9894 -52.9955 21.7284
vn -0.492305 -0.647868 0.581294
v -32.9824 -50.5028 23.3086
vn 0.651074 -0.203985 -0.73109
v 86.2437 -32.1391 19.9164
vn -0.87578 -0.297907 0.379817
v -57.6448 -15.7742 17.8294
vn 0.652596 0.33526 -0.679499
v 85.7528 -10.6451 21.0857
vn -0.858309 -0.265033 0.439389
v -59.7306 -2.26108 22.4264
vn 0.548716 0.711717 -0.438598
v 81.0268 -2.56998 23.9696
vn -0.851271 -0.238227 0.467532
v -60.7747 6.30534 25.0608
vn 0.89691 -0.422219 0.131467
v 69.0741 7.99871 22.6941
vn 0.613691 0.782414 -0.105885
v 60.9815 25.6833 20.0416
vn 0.849367 0.527431 -0.0197923
v 22.1939 36.7168 21.8665
vn -0.929223 -0.0607162 0.364497
v -69.7495 39.0999 20.0522
vn 0.974812 -0.0158009 -0.222466
v 20.0838 43.2334 21.5832
vn 0.932165 0.14752 0.330615
v 21.9662 56.1576 21.5743
vn 0.91522 0.395881 0.0751675
v 18.5581 66.054 21.612
vn -0.933215 0.281509 0.2233
v -65.7687 69.3586 19.8593
vn 0.957713 0.287493 -0.0115511
v 15.9526 89.488 23.7779
vn 0.0399813 0.973526 -0.225052
v -17.0475 102.092 21.9354
vn -0.192498 0.979418 -0.0607095
v -39.7716 103.03 22.1384
vn 0.237311 -0.963094 -0.127019
v 69.8581 -87.1031 27.9952
vn -0.437362 -0.56254 0.701615
v -12.5021 -66.028 22.9637
vn -0.607376 -0.582526 0.540146
v -38.4366 -46.1122 23.1483
vn 0.649501 -0.436733 -0.622425
v 85.693 -39.8837 22.9739
vn 0.663846 -0.314359 -0.678592
v 88.6251 -34.4189 22.8707
vn 0.572069 0.214999 -0.791525
v 89.9508 -16.1509 22.3067
vn -0.831688 -0.284628 0.476741
v -55.9408 -9.26472 24.9066
vn 0.633795 0.542115 -0.551738
v 84.9193 -6.9608 22.6317
vn 0.42247 0.844284 -0.329702
v 76.9895 -1.07507 21.2616
vn 0.900022 0.429325 -0.0751055
v 67.8798 17.1457 21.7728
vn 0.0621502 0.895015 0.441684
v 38.6561 25.9084 24.0179
vn -0.219901 0.95381 0.204669
v 50.8706 29.4829 23.4407
vn -0.870641 -0.149018 0.468805
v -66.0011 30.1998 25.3589
vn 0.634871 0.75707 0.154221
v 27.2152 32.2136 21.0815
vn -0.87843 -0.0617123 0.473869
v -68.3625 37.4791 22.6175
vn -0.858619 0.494034 0.136765
v -58.6085 84.9629 24.2704
vn 0.190554 0.951327 -0.242211
v -3.50272 101.329 23.1071
vn 0.0403526 0.973467 -0.225243
v -19.1885 102.637 23.8854
vn 0.0218694 0.993102 -0.115197
v -36.4448 103.433 22.254
vn 0.721989 -0.624329 -0.298237
v 70.3262 -85.9751 23.4384
vn -0.214118 -0.950356 0.22578
v 48.2869 -84.4712 25.3122
vn -0.229839 -0.944991 0.232737
v 42.3366 -84.2474 21.3557
vn -0.246477 -0.924454 0.29092
v 39.1847 -82.2697 24.8423
vn -0.135621 -0.878292 0.458487
v 20.9804 -79.3106 24.1473
vn 0.88137 0.0953281 -0.462709
v 66.6247 -74.7745 22.9177
vn -0.338203 -0.572712 0.74674
v -1.8466 -71.0672 24.7682
vn 0.817476 -0.272824 -0.507247
v 68.1496 -66.6928 23.748
vn 0.785053 -0.401351 -0.471815
v 69.9831 -62.6527 23.4178
vn 0.64248 -0.118271 -0.75712
v 91.1355 -27.1949 22.8679
vn -0.840877 -0.333741 0.426078
v -52.1831 -24.8241 22.1555
vn 0.608738 0.106079 -0.786248
v 91.0729 -17.7737 22.7427
vn 0.109418 0.909639 -0.40073
v 62.905 3.22085 23.5021
vn 0.989245 -0.0532153 0.136241
v 69.4698 10.6995 23.6004
vn -0.871625 -0.207127 0.444261
v -63.7371 12.7133 22.5233
vn 0.255752 0.87924 0.401906
v 35.633 26.267 24.3196
vn 0.444237 0.823823 0.352094
v 31.7103 27.8747 23.9625
vn 0.722564 0.680884 0.119581
v 25.0794 33.3675 24.3708
vn -0.877208 -0.12098 0.464618
v -67.2158 32.7141 24.1058
vn 0.90116 -0.125222 -0.415006
v 21.2302 43.7524 24.041
vn -0.859682 0.0197518 0.510447
v -67.9593 46.7403 23.4385
vn 0.987099 0.158625 0.021771
v 21.9065 53.0206 24.1539
vn -0.867546 0.093466 0.488496
v -67.1607 55.9654 23.8616
vn 0.943093 0.285093 0.171165
v 19.3112 61.6207 23.8112
vn -0.886524 0.215918 0.409212
v -65.6983 63.9978 23.9712
vn 0.967565 0.212232 -0.137026
v 16.892 70.6914 21.161
vn -0.880062 0.2215 0.420034
v -64.7992 68.047 23.7244
vn -0.904514 0.3859 0.18148
v -61.2702 79.5822 23.4664
vn -0.836518 0.370127 0.404034
v -59.346 82.5144 25.6203
vn 0.995246 0.0563911 -0.0794111
v 16.6465 81.2026 26.3072
vn 0.0485607 0.986856 -0.154133
v -28.3225 103.037 23.944
vn -0.216935 -0.958717 0.183852
v 54.6907 -86.0207 25.2093
vn -0.20668 -0.903621 0.375169
v 35.38 -80.9025 26.0074
vn -0.138773 -0.908885 0.393281
v 27.7482 -79.7227 25.3564
vn 0.874031 0.197193 -0.444055
v 69.7555 -79.5618 26.9898
vn 0.869511 0.279717 -0.407074
v 67.3662 -77.4453 23.0463
vn -0.281776 -0.657398 0.698878
v 2.03723 -73.9926 23.8594
vn 0.86559 -0.0867759 -0.493178
v 66.8942 -70.7741 23.1626
vn 0.778527 -0.438324 -0.449186
v 72.6797 -59.3413 25.3704
vn 0.743553 -0.409996 -0.528235
v 72.1624 -57.6875 22.913
vn -0.441058 -0.645801 0.623225
v -25.2307 -53.0276 26.4493
vn 0.612654 -0.516559 -0.598182
v 82.3748 -46.0813 24.7358
vn 0.633653 -0.308244 -0.709556
v 91.2281 -34.0991 25.3047
vn 0.55589 0.293513 -0.777712
v 89.9611 -12.639 23.5407
vn 0.536702 0.453061 -0.711819
v 86.9837 -8.25402 23.4224
vn 0.520947 0.427909 -0.738586
v 89.3554 -8.17224 25.1484
vn -0.838097 -0.283747 0.465919
v -57.3484 -6.14428 24.4341
vn 0.299525 0.842641 -0.447483
v 72.5884 3.13894 27.5357
vn 0.363275 0.849513 -0.38257
v 77.0897 1.01538 26.7537
vn 0.799241 0.600639 0.021148
v 65.4258 21.1915 22.2867
vn -0.12089 0.902351 0.413701
v 43.0042 25.8418 24.2407
vn -0.368738 0.869233 0.329342
v 46.8972 27.3821 23.4513
vn 0.481373 0.81974 0.310333
v 31.1774 28.9089 22.4122
vn 0.423279 0.904568 0.0509135
v 56.5439 28.2238 23.6305
vn 0.134919 0.971065 0.19705
v 53.3175 29.097 25.53
vn 0.917775 -0.0135571 -0.39687
v 22.3351 49.1753 24.4422
vn 0.942009 0.218716 -0.254524
v 22.2262 52.5644 25.8318
vn 0.97829 0.142369 -0.1506
v 17.3732 71.0834 25.8179
vn 0.904077 0.42737 -0.000571232
v 15.2465 90.7276 26.5665
vn -0.622506 0.764866 0.165726
v -47.195 98.795 24.5724
vn -0.283824 0.953988 0.0966951
v -40.5231 102.822 25.4006
vn 0.0495714 0.998304 -0.0305299
v -31.1213 103.333 25.595
vn 0.757779 -0.60946 -0.233086
v 71.1515 -86.393 26.9784
vn -0.238959 -0.711479 0.660829
v 8.54243 -76.2241 24.2977
vn -0.39325 -0.550394 0.736492
v -7.68784 -67.2778 24.6951
vn -0.418747 -0.559859 0.714989
v -11.8037 -63.7939 24.8021
vn 0.78902 -0.380562 -0.482307
v 70.6578 -64.1123 26.4984
vn -0.410839 -0.621863 0.666706
v -20.1264 -57.8436 24.8286
vn -0.389645 -0.620705 0.680369
v -16.7099 -57.6493 27.2939
vn -0.500742 -0.636027 0.587134
v -34.1376 -47.335 25.6377
vn -0.605219 -0.570476 0.555218
v -39.2433 -41.8604 26.4572
vn 0.633665 -0.430298 -0.642894
v 87.7668 -39.9199 25.4469
vn -0.832745 -0.284906 0.474725
v -54.2667 -16.1483 23.9397
vn 0.558385 0.332446 -0.760056
v 92.2783 -11.3418 25.7156
vn 0.510765 0.52896 -0.677732
v 90.6112 -7.52503 26.4554
vn 0.466711 0.591879 -0.65716
v 89.3571 -6.90799 26.0867
vn 0.492984 0.650378 -0.577906
v 84.9405 -5.08099 24.8602
vn 0.699603 -0.680828 0.216861
v 67.7753 6.80616 24.5952
vn -0.855108 -0.220668 0.469144
v -62.2232 12.0362 25.1095
vn 0.971042 0.225239 0.0796589
v 69.0728 13.9571 23.6836
vn -0.857776 -0.204668 0.47152
v -62.7523 15.7457 25.8943
vn 0.115029 0.915371 0.385829
v 38.1267 24.6338 26.8891
vn -0.252524 0.889957 0.379748
v 43.8009 24.8678 26.9852
vn 0.368066 0.861269 0.350348
v 32.2658 25.7432 28.0614
vn -0.432532 0.855331 0.285174
v 47.5069 26.6689 26.2446
vn 0.955704 0.201787 -0.214272
v 21.2382 39.7584 23.6647
vn 0.800121 -0.167687 -0.575923
v 23.5682 45.817 26.9114
vn -0.791423 0.0282828 0.610614
v -64.8961 46.9914 27.725
vn 0.954363 0.290394 0.0697379
v 20.1563 58.7136 24.5294
vn -0.854326 0.28984 0.431415
v -60.598 79.4788 25.3906
vn 0.988411 0.15174 0.00440239
v 16.2541 86.5027 28.4486
vn 0.707432 0.704742 -0.0536487
v 12.4532 94.638 25.6604
vn 0.251513 0.951301 -0.178234
v 1.54334 100.598 24.3453
vn 0.111576 0.989719 -0.0894781
v -7.09661 102.121 25.1928
vn 0.0409754 0.986083 -0.161128
v -16.3821 103.094 26.1706
vn -0.0576346 0.995931 0.0692776
v -34.9581 103.547 25.8138
vn 0.956579 0.0483237 -0.287439
v 71.0644 -85.305 25.6951
vn 0.92025 0.208231 -0.331329
v 71.3435 -82.4747 28.3236
vn -0.245337 -0.92705 0.283527
v 43.7506 -83.2339 25.8277
vn 0.863116 0.0817653 -0.498343
v 67.9068 -74.5848 25.4431
vn 0.830655 -0.0970555 -0.548264
v 68.8764 -71.624 26.91
vn -0.347757 -0.542177 0.764924
v -11.2669 -61.1332 27.3466
vn 0.721716 -0.464099 -0.513555
v 75.4255 -54.9558 25.4682
vn 0.628875 -0.533371 -0.565713
v 77.4989 -51.2397 24.709
vn 0.641888 -0.17165 -0.74734
v 93.9345 -28.6654 25.7531
vn 0.621009 -0.148622 -0.769584
v 97.252 -27.0629 28.1904
vn 0.584694 0.204671 -0.785012
v 94.233 -15.1554 25.8481
vn 0.437212 0.672141 -0.597555
v 88.2972 -5.06863 27.2978
vn -0.820974 -0.267821 0.504255
v -56.1984 -4.24651 27.4726
vn 0.428512 0.794389 -0.430492
v 81.1562 -0.770539 27.3979
vn 0.966592 0.0512107 0.251154
v 67.8204 11.6577 29.5458
vn 0.898078 0.421589 0.125374
v 68.1254 16.6677 24.4004
vn 0.886564 0.452728 -0.0950918
v 23.0012 35.8935 25.6404
vn 0.932622 0.0900776 -0.349432
v 22.6877 38.4651 28.2948
vn 0.855842 -0.153219 -0.494022
v 22.4184 41.7476 27.0146
vn 0.867475 0.334352 -0.368369
v 24.0599 51.2276 29.5536
vn -0.792632 0.0546238 0.607248
v -64.3339 55.88 27.8699
vn 0.965452 0.232099 -0.118458
v 18.5382 65.664 25.9611
vn -0.844805 0.215804 0.489626
v -62.6341 68.8961 27.305
vn 0.992724 0.0851279 -0.0851653
v 16.8691 76.7859 26.2426
vn -0.78098 0.572702 0.249165
v -54.6297 90.6365 24.4196
vn 0.354281 0.900329 -0.252769
v 4.82853 99.446 23.3025
vn -0.455168 0.851521 0.260259
v -42.1555 101.61 27.9484
vn -0.258908 -0.918371 0.299268
v 48.8088 -83.7255 28.6775
vn -0.249342 -0.904255 0.346628
v 39.8902 -81.221 28.6575
vn -0.204388 -0.787255 0.581768
v 18.2227 -77.4505 26.4854
vn -0.278096 -0.530524 0.800754
v 3.90631 -70.1726 27.6139
vn 0.653812 -0.502852 -0.565393
v 77.2589 -54.9314 27.762
vn -0.675001 -0.482296 0.558358
v -43.2331 -36.6285 27.2089
vn -0.745318 -0.421843 0.516285
v -45.2104 -33.8469 26.9579
vn 0.621732 -0.0165926 -0.783054
v 94.6878 -21.8758 25.7674
vn -0.793927 -0.290685 0.534025
v -50.6748 -18.018 28.6546
vn -0.821778 -0.253936 0.510095
v -58.0586 -1.41749 25.8393
vn -0.83675 -0.182435 0.516302
v -61.8313 18.368 28.5045
vn 0.679766 0.727571 0.0925152
v 62.5196 24.586 23.8108
vn -0.358653 0.908051 0.21636
v 51.1766 28.8566 26.2611
vn 0.652515 0.710247 0.264146
v 28.7055 28.9079 27.1417
vn 0.907829 0.274459 -0.317049
v 23.1092 36.9692 28.4629
vn -0.856256 0.135812 0.498378
v -65.8075 60.0755 25.1247
vn -0.800166 0.469313 0.37347
v -57.7635 86.0457 25.4144
vn -0.659723 0.606352 0.443963
v -47.5462 96.8056 29.2758
vn 0.171597 0.983154 -0.0629447
v -2.57235 101.849 27.6316
vn 0.0783419 0.993692 -0.0802401
v -12.8014 102.8 26.2262
vn 0.0585034 0.99807 0.0208393
v -11.1544 102.796 27.9387
vn -0.0249514 0.986969 0.158963
v -32.7851 103.1 28.8844
vn 0.00911973 0.999914 -0.00941115
v -26.2567 103.257 27.2422
vn 0.0548164 0.997992 0.0317255
v -17.1191 103.218 27.7217
vn 0.918529 -0.184749 -0.349531
v 72.1961 -85.5976 30.2192
vn 0.789755 -0.271077 -0.550277
v 70.6603 -66.9204 27.9678
vn -0.293598 -0.477388 0.828191
v -2.59896 -65.7289 28.0283
vn -0.245819 -0.41391 0.8765
v 0.500299 -62.6169 30.1987
vn -0.260897 -0.464775 0.846119
v -5.98567 -61.8603 28.926
vn 0.73288 -0.420441 -0.534898
v 73.027 -60.5858 27.0916
vn -0.273737 -0.527974 0.803935
v -10.4927 -59.2671 28.7691
vn -0.365726 -0.633929 0.681453
v -20.4005 -53.3566 29.4318
vn -0.356224 -0.632031 0.688216
v -20.7556 -50.7992 31.583
vn 0.610768 -0.401452 -0.682495
v 92.3749 -37.9939 28.2217
vn 0.635485 -0.289355 -0.715844
v 96.2856 -31.8647 28.75
vn -0.793685 -0.338407 0.505514
v -48.2042 -26.2789 27.6243
vn -0.70555 -0.286329 0.64824
v -47.3015 -20.579 32.014
vn 0.500602 0.377997 -0.778792
v 95.9877 -9.47334 29.2624
vn 0.437536 0.598965 -0.670674
v 92.8462 -5.71661 29.9088
vn 0.424438 0.736157 -0.527186
v 85.2408 -2.26705 28.7029
vn 0.90395 -0.340263 0.259028
v 68.847 8.47379 24.5542
vn -0.823945 -0.230551 0.517649
v -59.8697 11.3556 28.8645
vn 0.644667 0.732409 0.219048
v 30.2425 26.6746 29.1841
vn -0.0171625 0.947623 0.318929
v 51.5546 28.2511 29.7316
vn 0.781904 0.61752 0.0854127
v 27.9558 28.8819 30.3374
vn 0.871192 0.481877 -0.0939128
v 25.8387 32.1009 30.1215
vn -0.808888 -0.0219544 0.587552
v -65.1403 39.0932 27.3517
vn 0.851998 0.103075 -0.513297
v 24.1329 47.3316 27.3642
vn 0.931539 0.286255 -0.224262
v 20.4441 60.2495 28.7261
vn -0.8212 0.153571 0.549588
v -62.9009 63.5723 28.5802
vn 0.9558 0.230517 -0.182506
v 18.9787 67.3516 30.0097
vn -0.810235 0.250517 0.529868
v -59.7926 74.957 29.2185
vn -0.737632 0.638524 0.219515
v -51.6047 94.4795 24.7128
vn -0.185042 0.944393 0.271809
v -38.1778 102.682 29.12
vn 0.00366079 0.996174 0.0873194
v -18.9129 103.158 29.0844
vn -0.165789 -0.978842 0.119924
v 59.0681 -86.8851 25.4351
vn 0.422165 -0.887031 -0.186957
v 71.3115 -86.9797 29.7343
vn -0.242122 -0.94792 0.20694
v 55.2865 -85.5326 28.6068
vn -0.170217 -0.863081 0.475518
v 26.6219 -78.3509 28.0169
vn -0.23011 -0.749032 0.62129
v 22.5425 -76.8048 28.8175
vn -0.303093 -0.542512 0.783463
v 17.3691 -72.4122 31.1938
vn -0.278076 -0.620995 0.73283
v 12.7549 -73.8259 28.2276
vn 0.667423 -0.439142 -0.601416
v 76.3392 -60.3598 31.3284
vn 0.590746 -0.478132 -0.64993
v 89.2866 -43.5597 29.2936
vn 0.619936 -0.0518737 -0.782936
v 98.2249 -22.8511 28.2822
vn 0.541639 -0.0109742 -0.84054
v 101.271 -16.6442 30.648
vn 0.550789 0.146654 -0.821659
v 97.6076 -14.4474 28.2447
vn 0.477204 0.227984 -0.848705
v 100.874 -12.405 30.8786
vn 0.998888 -0.0189049 0.0431805
v 67.4835 8.83381 31.5084
vn 0.808896 0.52667 0.261354
v 65.0606 19.4089 30.7426
vn 0.179165 0.877763 0.444334
v 38.4325 23.2444 30.0644
vn -0.803315 -0.0808967 0.590035
v -63.0143 27.799 29.896
vn 0.912022 0.401803 -0.082284
v 26.817 30.4759 32.4208
vn 0.78847 -0.117151 -0.603813
v 25.9341 45.5461 29.9661
vn -0.780589 0.070509 0.621055
v -62.4358 58.5168 30.0959
vn -0.801149 0.187202 0.568433
v -60.802 70.0049 29.7815
vn -0.734308 0.448413 0.509625
v -54.3877 87.5393 29.0877
vn 0.979224 0.192218 0.0645993
v 16.1313 87.889 31.7716
vn 0.619717 0.784462 -0.0238753
v 9.89168 96.9511 30.3199
vn 0.482301 0.872621 -0.07693
v 5.68835 99.4955 27.6659
vn 0.122229 0.992455 0.00968266
v -3.59729 101.917 31.702
vn -0.0494127 -0.998654 0.0157694
v 65.1416 -87.3857 29.7632
vn -0.235442 -0.796581 0.5568
v 30.0292 -77.1421 31.0179
vn -0.292945 -0.439081 0.849347
v 10.2042 -68.1632 30.8269
vn -0.232217 -0.424324 0.875228
v 2.1292 -60.0163 31.8609
vn -0.2952 -0.583857 0.756285
v -15.5999 -54.8865 30.2404
vn 0.567097 -0.554557 -0.608989
v 80.6395 -53.3777 29.6413
vn 0.573745 -0.533348 -0.621576
v 83.8349 -48.4838 28.2109
vn -0.487753 -0.616629 0.617953
v -32.7333 -44.8041 29.9738
vn -0.544992 -0.527485 0.651723
v -34.7555 -41.2977 31.4785
vn -0.607383 -0.465427 0.643788
v -40.9915 -36.8197 29.5096
vn 0.609211 -0.322364 -0.72453
v 98.1918 -33.7507 31.3844
vn -0.701688 -0.326017 0.63352
v -46.3907 -24.5704 31.3131
vn -0.813009 -0.274861 0.513291
v -54.4107 -8.13931 28.263
vn -0.801271 -0.245659 0.545543
v -54.0937 -2.79378 31.3291
vn 0.381351 0.828985 -0.409091
v 77.8408 2.82897 30.8791
vn -0.785685 -0.199803 0.585472
v -58.5724 13.5616 31.9163
vn -0.779115 -0.154471 0.607551
v -59.8991 19.0049 31.6026
vn -0.0403523 0.887757 0.45854
v 40.9326 23.3993 29.6265
vn 0.708302 0.663586 0.240752
v 63.0178 22.6417 29.6224
vn -0.280438 0.832105 0.478493
v 44.6722 23.7688 29.7919
vn -0.526326 0.751789 0.397233
v 46.8189 25.1634 30.0743
vn 0.532199 0.809878 0.246702
v 60.0983 25.1035 29.6451
vn 0.320402 0.903131 0.285826
v 56.6797 26.8931 29.7974
vn -0.403975 0.846314 0.347214
v 50.1433 27.6312 30.3327
vn 0.828405 0.262213 -0.494965
v 25.654 47.993 30.0126
vn 0.825404 0.130535 -0.549243
v 27.9432 45.9717 32.5418
vn -0.786006 0.304634 0.537953
v -58.729 80.1469 28.1362
vn 0.996239 0.0792315 0.0350806
v 16.6196 83.1811 32.084
vn -0.726321 0.529705 0.438031
v -51.1209 92.0719 29.4706
vn 0.803052 0.595003 0.0328483
v 14.0918 92.814 30.9148
vn -0.513687 0.728754 0.452816
v -43.7025 99.5677 30.2143
vn -0.0414589 0.97072 0.236609
v -27.0125 102.788 31.7688
vn 0.573704 -0.776936 -0.259295
v 73.0022 -87.1638 33.4057
vn 0.902497 0.0921732 -0.420719
v 72.4379 -78.5144 32.7933
vn -0.259276 -0.863304 0.432992
v 37.3262 -79.3783 31.3104
vn -0.262183 -0.659581 0.704424
v 27.2093 -74.3028 33.2853
vn -0.273695 -0.367412 0.888875
v 6.91645 -62.3569 32.3913
vn -0.197105 -0.475825 0.85717
v -0.315517 -59.4432 31.6177
vn -0.231438 -0.501177 0.833822
v -5.99139 -58.2101 31.0732
vn -0.204759 -0.532138 0.821525
v -7.82837 -54.7854 32.5552
vn -0.251803 -0.595693 0.762722
v -15.7942 -51.7926 32.5623
vn 0.55133 -0.554442 -0.623401
v 83.7711 -53.6259 32.5944
vn -0.419036 -0.647141 0.636881
v -28.6713 -47.0309 30.4567
vn 0.566006 -0.504516 -0.651997
v 90.7735 -46.581 32.9347
vn 0.588558 -0.450074 -0.67159
v 93.9792 -41.5814 32.0944
vn 0.609623 -0.381278 -0.694972
v 95.7475 -38.261 31.5685
vn 0.625724 -0.188359 -0.756961
v 100.199 -28.4006 31.0478
vn -0.770164 -0.27262 0.57665
v -50.706 -9.35416 33.0618
vn 0.343955 0.749922 -0.565078
v 94.6149 -2.75873 34.2046
vn 0.360218 0.809513 -0.463607
v 86.8597 -0.649326 32.2528
vn -0.765632 -0.209049 0.608363
v -55.9834 11.1792 34.1964
vn 0.90642 0.296846 0.300475
v 67.1492 15.0552 30.3623
vn 0.371169 0.801465 0.468922
v 33.9916 23.3493 32.1489
vn 0.0497032 0.817868 0.573255
v 40.0912 22.3706 31.2486
vn -0.311863 0.69902 0.643515
v 45.4155 22.4536 32.2967
vn 0.622878 0.689857 0.368943
v 61.2261 22.9672 32.7294
vn 0.447994 0.835964 0.316963
v 32.4067 24.4026 31.6274
vn -0.442561 0.711289 0.546084
v 49.6984 26.0409 32.5149
vn 0.871293 -0.055339 -0.487633
v 24.9761 38.3941 32.0999
vn 0.768803 -0.223557 -0.599136
v 27.6382 43.6594 32.6921
vn -0.750975 0.0176103 0.660096
v -62.6274 44.1717 30.6099
vn -0.72822 0.0351916 0.684439
v -59.9342 45.6819 33.2912
vn -0.72844 0.0783505 0.680615
v -60.3651 63.6115 31.9189
vn -0.690041 0.141158 0.709872
v -59.1225 67.1156 32.9048
vn -0.692168 0.1956 0.694726
v -59.0134 69.8421 32.2133
vn -0.745278 0.251254 0.617602
v -57.4829 75.4186 32.0757
vn -0.55304 0.573079 0.604754
v -44.6633 96.1697 33.3139
vn 0.377829 0.925152 -0.036583
v 4.64763 100.19 30.5958
vn 0.0317707 0.988274 0.14935
v -18.6917 102.86 32.0725
vn -0.0127957 -0.998116 -0.0600013
v 69.2552 -87.5512 32.7049
vn -0.235681 -0.959194 0.156208
v 62.4723 -86.6276 32.1069
vn 0.859203 -0.349272 -0.373871
v 73.6136 -86.5774 33.242
vn -0.319301 -0.906175 0.277298
v 57.146 -84.5346 33.9704
vn -0.293434 -0.872358 0.391008
v 47.9164 -81.6965 32.8067
vn 0.877498 -0.0572285 -0.476153
v 72.1014 -75.0852 32.2089
vn -0.311853 -0.392051 0.865473
v 12.8106 -65.1996 33.0122
vn 0.755124 -0.30236 -0.581693
v 73.2859 -65.7366 31.2868
vn 0.690466 -0.388864 -0.609952
v 76.338 -63.7949 33.5602
vn 0.584609 -0.514334 -0.627449
v 79.1085 -57.0046 31.6382
vn -0.244238 -0.545121 0.801992
v -9.10026 -56.7562 31.0565
vn -0.429049 -0.532315 0.729765
v -31.2889 -42.0261 33.3815
vn -0.505122 -0.447554 0.737934
v -33.2738 -39.3142 34.104
vn -0.574028 -0.351657 0.739479
v -40.8725 -27.7221 34.3875
vn -0.62148 -0.374342 0.688209
v -42.6519 -31.2954 31.0321
vn 0.353438 0.613694 -0.706017
v 96.3709 -5.38108 32.2963
vn -0.78707 -0.226734 0.573684
v -54.3772 4.92607 34.1345
vn -0.804993 -0.238408 0.543275
v -57.3839 4.09736 29.6263
vn 0.585531 0.700772 -0.407518
v 68.0993 7.99891 32.2339
vn -0.76575 -0.116344 0.632527
v -60.8788 24.9625 31.8518
vn 0.346328 0.854297 0.387598
v 56.445 25.903 32.8066
vn 0.688725 0.6725 0.270929
v 30.8416 25.0975 33.3892
vn 0.933558 0.204004 -0.294708
v 26.1937 33.3863 33.6333
vn -0.738463 0.0368858 0.673285
v -60.8391 41.4377 32.5172
vn -0.72812 0.034687 0.684572
v -60.3249 51.4267 32.703
vn 0.944739 0.28604 -0.160153
v 20.9313 63.8818 35.0348
vn 0.973546 0.193821 -0.121005
v 17.6431 73.6694 29.4154
vn -0.731313 0.339606 0.59148
v -55.6375 81.6019 31.4086
vn 0.988359 0.149175 0.0298879
v 16.6598 80.357 34.1766
vn 0.772624 0.628032 0.0928908
v 12.8418 94.1028 33.1973
vn -0.331042 0.808576 0.486432
v -38.3191 101.589 31.4736
vn -0.148899 0.908644 0.390123
v -32.6778 101.829 33.2997
vn -0.0108952 0.977408 0.211079
v -10.8746 101.901 35.2624
vn 0.0381081 0.994052 0.102027
v -8.8029 102.455 32.0302
vn 0.928268 -0.271723 -0.253941
v 74.5877 -85.862 35.6791
vn -0.295918 -0.767268 0.568975
v 37.1727 -78.153 33.171
vn -0.272007 -0.566505 0.777871
v 22.4618 -73.0793 32.5172
vn -0.304938 -0.426652 0.851458
v 19.1127 -69.4916 33.6436
vn -0.273867 -0.425788 0.862381
v 6.56608 -59.3616 33.3831
vn -0.217427 -0.507656 0.833674
v 3.13466 -57.7786 33.3721
vn -0.199696 -0.507071 0.838451
v -3.10027 -55.8396 33.0795
vn -0.19122 -0.566021 0.801907
v -10.7458 -51.1186 34.5632
vn -0.350488 -0.568009 0.744663
v -25.9886 -44.2226 34.6676
vn 0.582062 -0.399992 -0.707962
v 98.1544 -38.1578 33.5384
vn 0.597791 -0.350842 -0.720802
v 99.4199 -35.7114 33.3473
vn -0.561977 -0.400156 0.723918
v -37.925 -35.5814 32.6653
vn 0.59269 -0.288878 -0.751843
v 102.081 -30.5938 33.1438
vn 0.495285 -0.0695757 -0.86594
v 104.752 -19.2399 32.647
vn 0.485837 0.121084 -0.865622
v 104.158 -13.6344 32.3403
vn 0.410052 0.430352 -0.804148
v 100.434 -8.80511 31.9146
vn -0.753846 -0.253769 0.606067
v -50.9907 -3.96646 35.1626
vn 0.364126 0.863771 -0.348299
v 85.5267 0.514474 33.4806
vn 0.399634 0.894237 -0.201573
v 80.2229 3.421 34.8054
vn 0.670604 0.741296 -0.0277414
v 67.3804 9.27078 35.4863
vn 0.841927 0.347556 0.412752
v 65.0046 15.2257 35.4089
vn -0.469011 0.63797 0.610757
v 46.3214 20.2105 34.7064
vn 0.402844 0.772425 0.490995
v 57.5003 23.6983 35.8471
vn -0.0385992 0.885133 0.463734
v 52.0843 26.5551 33.0674
vn 0.84415 0.535352 0.0284234
v 27.8288 28.6807 34.1919
vn -0.750341 -0.00819464 0.661
v -60.6805 35.4624 33.0321
vn -0.675654 0.047732 0.735672
v -57.7571 51.8992 35.1082
vn -0.578883 0.0988701 0.809394
v -56.8039 65.3101 34.8409
vn -0.621247 0.228015 0.749708
v -55.2069 77.3961 33.6905
vn -0.651812 0.422274 0.629941
v -50.275 89.3558 33.0455
vn 0.916472 0.381915 0.119247
v 15.3973 89.8879 33.2266
vn 0.888767 0.402279 0.219692
v 15.1296 89.6775 35.1748
vn -0.566606 0.438445 0.697656
v -46.5454 92.3255 34.5035
vn 0.54673 0.829662 0.112904
v 8.445 98.1857 35.3316
vn 0.363934 0.923891 0.118227
v 5.28395 99.8439 35.1987
vn -0.0243066 0.950533 0.30967
v -23.8658 101.804 35.2215
vn -0.349304 -0.808461 0.473684
v 48.5135 -79.6653 37.3936
vn -0.311513 -0.825453 0.47073
v 46.6115 -80.3706 34.8524
vn -0.231291 -0.862222 0.450642
v 41.1437 -79.7341 32.5609
vn 0.877192 -0.00307028 -0.480129
v 73.7905 -76.1768 35.5361
vn -0.281757 -0.415249 0.864974
v 20.6932 -67.4434 35.0532
vn -0.330025 -0.422334 0.844226
v 13.7162 -61.5666 35.0031
vn 0.614508 -0.466924 -0.635895
v 79.4655 -58.5949 32.9804
vn 0.554301 -0.522076 -0.648218
v 83.9955 -56.4526 35.393
vn 0.548357 -0.529903 -0.646921
v 89.0546 -51.2251 35.401
vn -0.293468 -0.597633 0.746131
v -20.4534 -48.1296 34.0509
vn 0.557659 -0.183461 -0.809542
v 104.607 -26.1523 33.6632
vn 0.574435 -0.181659 -0.798138
v 107.645 -23.0022 35.2141
vn -0.556666 -0.332585 0.761255
v -40.824 -23.9252 36.0806
vn -0.613089 -0.320296 0.722172
v -44.4929 -23.5143 33.2816
vn -0.60043 -0.323317 0.731402
v -43.5491 -18.7782 36.2616
vn 0.54362 -0.0485646 -0.837925
v 109.069 -17.4945 35.0052
vn 0.314 0.59249 -0.741862
v 101.943 -5.82382 34.3086
vn 0.254962 0.903713 -0.343944
v 93.2353 -1.39744 35.8571
vn -0.730949 -0.2065 0.65044
v -51.9604 1.50221 36.2645
vn 0.381584 0.848215 -0.367321
v 73.0499 6.05097 32.965
vn 0.897402 0.342985 0.277544
v 66.3422 11.7744 34.9854
vn 0.0565486 0.69974 0.712156
v 40.1434 19.2228 34.4961
vn 0.388381 0.707146 0.59085
v 34.6559 20.1338 35.5458
vn -0.73746 -0.115105 0.66551
v -58.1873 23.6146 34.6497
vn 0.0547274 0.775208 0.629331
v 53.7825 24.6457 36.5769
vn 0.952778 0.218343 -0.211045
v 26.913 31.5638 35.2791
vn -0.740235 0.0372792 0.671314
v -59.2837 38.9092 34.5605
vn 0.801316 -0.276587 -0.530464
v 27.3772 37.9704 36.1426
vn 0.769588 -0.284732 -0.571543
v 25.2863 40.4146 31.4349
vn -0.711846 0.0528176 0.700347
v -58.054 43.1564 35.4219
vn 0.82757 0.420019 -0.37244
v 24.7796 52.7798 32.9031
vn 0.888732 0.381228 -0.254598
v 23.0872 57.1115 34.0178
vn 0.94653 0.301676 -0.114334
v 18.415 73.3368 35.9733
vn -0.536066 0.215969 0.816083
v -50.3947 82.9333 35.3619
vn -0.646731 0.31678 0.693822
v -51.6265 86.4001 33.2072
vn 0.951469 0.224264 0.210742
v 15.6121 87.6386 35.4094
vn -0.461746 0.600918 0.652449
v -40.0057 96.8572 36.0346
vn -0.319618 0.772747 0.548367
v -36.8965 100.126 34.4234
vn 0.221274 0.974594 0.0347007
v 1.58698 101.049 32.293
vn 0.116945 0.985622 0.121955
v -1.87106 101.59 35.0755
vn 0.915432 0.0604792 -0.397902
v 74.0482 -82.6784 35.1521
vn -0.312338 -0.730117 0.607762
v 43.4261 -76.703 38.3686
vn -0.247375 -0.796994 0.551005
v 41.4573 -78.1328 35.6043
vn 0.849305 -0.176696 -0.497453
v 74.6167 -73.6258 36.6002
vn 0.78007 -0.269332 -0.564758
v 74.5446 -68.0435 33.6315
vn 0.652964 -0.438768 -0.61735
v 78.5828 -63.3979 36.2355
vn -0.279428 -0.485975 0.828099
v 8.62504 -55.5487 36.4998
vn -0.278551 -0.451282 0.847793
v 11.3068 -54.412 37.9904
vn -0.218931 -0.507097 0.83362
v 3.66231 -52.3051 36.9414
vn -0.19139 -0.524867 0.829388
v -5.36642 -52.4067 34.7539
vn -0.22235 -0.548217 0.806237
v -17.0555 -45.4582 36.9241
vn 0.527716 -0.443708 -0.72432
v 96.0312 -43.0265 34.7711
vn -0.368434 -0.49566 0.786497
v -25.4001 -39.3538 38.0846
vn 0.576151 -0.275677 -0.76945
v 104.94 -29.9375 35.2144
vn -0.53376 -0.36076 0.764821
v -37.8913 -29.6954 35.53
vn 0.496133 0.101603 -0.862281
v 107.176 -14.3074 34.0371
vn 0.42898 0.303691 -0.850733
v 104.415 -8.67812 33.987
vn 0.432279 0.538019 -0.723651
v 107.826 -6.08902 36.526
vn 0.291749 0.751418 -0.591822
v 104.665 -4.10342 36.8277
vn 0.668359 0.688516 0.2815
v 66.6853 9.56049 38.4744
vn 0.317377 0.757749 0.570166
v 37.6364 17.5079 37.0036
vn -0.740626 -0.0337131 0.671071
v -58.3908 33.1815 35.5764
vn 0.921898 0.00970042 -0.387312
v 26.8863 35.0672 35.9328
vn 0.860267 0.369786 -0.350997
v 29.1254 47.483 35.3593
vn -0.619519 0.078226 0.781074
v -57.4797 60.6499 34.8806
vn -0.592352 0.0714485 0.802505
v -55.8563 57.1058 36.518
vn 0.951152 0.252508 -0.177623
v 20.2501 67.6882 36.4902
vn -0.547585 0.164448 0.820431
v -54.8317 71.9819 34.9138
vn 0.957124 0.28933 -0.0141875
v 17.5037 75.9588 35.4704
vn -0.547987 0.297685 0.781725
v -48.4021 86.5732 35.6297
vn 0.7981 0.536553 0.27413
v 12.1209 94.2475 36.2552
vn -0.403793 0.592162 0.697348
v -36.4596 97.3221 38.0954
vn -0.148902 0.881514 0.448065
v -27.2023 100.784 37.7964
vn 0.349748 -0.918629 -0.183839
v 73.1278 -87.8413 37.0885
vn -0.257297 -0.95643 0.137983
v 65.5113 -86.7595 37.5984
vn 0.827051 -0.427505 -0.365001
v 75.2636 -86.558 38.742
vn -0.386169 -0.875336 0.290964
v 61.0506 -84.7504 38.8882
vn -0.383319 -0.841012 0.381793
v 53.9665 -81.7107 37.9212
vn -0.345612 -0.668136 0.658898
v 38.6902 -75.1424 37.4619
vn -0.300941 -0.470263 0.829631
v 29.139 -71.3275 36.1846
vn -0.305536 -0.412448 0.858216
v 19.2599 -61.8957 36.9809
vn -0.275798 -0.540951 0.794549
v -19.2622 -42.8095 38.0061
vn 0.534994 -0.338349 -0.774145
v 100.79 -39.2493 36.1936
vn 0.541577 -0.28671 -0.790248
v 107.427 -31.345 37.2614
vn -0.494319 -0.336481 0.801517
v -35.4562 -28.5642 37.7874
vn -0.70834 -0.297412 0.640156
v -48.4074 -14.6213 33.5568
vn 0.522343 0.243932 -0.817102
v 109.874 -9.97059 36.1939
vn 0.623243 0.594035 -0.508616
v 109.767 -6.56309 37.7194
vn 0.342505 0.92804 0.146397
v 76.7255 5.05096 35.648
vn 0.392791 0.908383 -0.14337
v 75.5089 5.46542 34.405
vn -0.697548 -0.15366 0.699869
v -53.7352 12.8541 37.2638
vn 0.0547647 0.743791 0.666165
v 40.9641 16.5516 37.0822
vn -0.248894 0.665745 0.703445
v 44.1433 17.5891 36.535
vn -0.510015 0.578372 0.636687
v 48.5597 20.8729 36.3782
vn -0.727094 -0.144652 0.671126
v -56.6844 18.2302 35.1487
vn 0.657058 0.680882 0.323534
v 33.6047 19.1327 38.1731
vn 0.816541 0.555882 0.155741
v 31.6626 21.5974 38.2027
vn 0.918764 0.391939 -0.0475029
v 28.7984 26.5116 38.0958
vn -0.683735 -0.0482673 0.728132
v -56.279 31.2562 37.755
vn 0.797921 -0.132679 -0.587977
v 27.7618 34.8839 38.0476
vn -0.678143 0.0302446 0.734307
v -56.9223 38.435 37.0593
vn 0.882103 -0.0340969 -0.469821
v 30.366 43.6536 36.363
vn 0.856898 0.488943 -0.163278
v 25.4138 54.2567 37.3245
vn -0.583222 0.107544 0.805162
v -54.4649 56.7377 37.5185
vn -0.517606 0.142332 0.843698
v -52.799 64.8753 37.3451
vn -0.518569 0.126232 0.845667
v -53.5969 66.2229 36.6581
vn -0.499156 0.151049 0.853246
v -50.9919 74.8409 36.836
vn -0.481803 0.172507 0.859132
v -47.4553 80.1857 37.8516
vn 0.686321 0.672416 0.277164
v 9.79665 96.9921 36.4686
vn -0.25366 0.787321 0.561945
v -32.035 100.161 36.7017
vn 0.228834 0.937176 0.263317
v 1.34864 100.395 39.5326
vn -0.189839 -0.970015 0.151761
v 71.0285 -87.8233 40.8937
vn -0.276803 -0.37204 0.885983
v 23.4351 -63.1077 37.8985
vn 0.582258 -0.504078 -0.637873
v 80.9452 -63.082 37.8893
vn -0.212566 -0.492469 0.843973
v -3.03515 -48.7922 37.5222
vn -0.210764 -0.500777 0.839524
v 3.60284 -48.4875 39.2309
vn -0.540465 -0.348884 0.765622
v -38.8998 -18.0191 39.8497
vn 0.698398 0.0850943 -0.710633
v 112.618 -13.2508 37.6043
vn 0.759515 0.327012 -0.562317
v 112.654 -10.1034 38.3528
vn 0.18317 0.982983 0.0139039
v 92.2642 -0.181787 39.4452
vn 0.322088 0.945628 -0.0452498
v 86.8656 0.938838 37.6431
vn 0.336647 0.9282 0.158471
v 83.0807 2.51207 38.2906
vn 0.675493 0.565904 0.472717
v 64.6278 11.1686 39.904
vn 0.509988 0.636558 0.578539
v 60.6686 20.4198 37.9578
vn -0.372885 0.612746 0.696777
v 52.2407 24.1233 36.5
vn -0.684988 -0.111028 0.720044
v -55.9108 24.8225 37.2427
vn 0.490167 -0.351479 -0.797621
v 27.9223 36.9072 37.4151
vn 0.728185 -0.25328 -0.636864
v 30.104 41.3327 36.7794
vn 0.92185 0.201169 -0.331246
v 31.0831 42.7003 38.3378
vn 0.923311 0.372591 -0.0931238
v 29.7834 47.0327 37.2134
vn 0.850078 0.462096 0.252655
v 27.9634 50.332 38.4375
vn -0.572435 0.160179 0.804152
v -51.156 61.3624 39.0226
vn 0.968723 0.24442 -0.0428312
v 21.5958 64.3166 40.4617
vn -0.525954 0.165291 0.834297
v -49.4717 67.7334 38.8198
vn -0.486676 0.138106 0.862597
v -50.6754 70.6702 37.5918
vn -0.475826 0.140103 0.868309
v -48.6194 74.1958 38.183
vn -0.500544 0.247338 0.829626
v -44.3935 88.0238 37.7187
vn -0.499241 0.384024 0.776714
v -42.6301 92.8627 36.802
vn 0.836134 -0.101099 -0.539128
v 75.8121 -74.7235 38.8274
vn -0.391879 -0.528915 0.752782
v 40.3266 -71.7868 41.0753
vn -0.318053 -0.621453 0.715988
v 33.3274 -73.8047 36.0145
vn 0.749309 -0.281007 -0.599642
v 77.4023 -71.5903 39.8219
vn 0.658646 -0.393925 -0.6411
v 78.6355 -68.0497 39.1028
vn -0.314224 -0.347383 0.883509
v 27.7337 -65.1417 38.3465
vn -0.271618 -0.406509 0.872338
v 18.4697 -58.8191 38.2264
vn 0.547156 -0.537854 -0.641352
v 86.7158 -56.3098 37.5704
vn -0.249371 -0.496479 0.831458
v 6.84205 -50.0073 39.1884
vn -0.18035 -0.519022 0.835518
v -3.47628 -46.2428 38.827
vn 0.485936 -0.507553 -0.711517
v 95.6379 -47.2146 37.4971
vn -0.150716 -0.551322 0.820566
v -11.8788 -45.1276 38.1073
vn 0.47225 -0.485469 -0.73573
v 97.3712 -45.5357 37.3044
vn -0.205935 -0.554262 0.806464
v -15.8127 -40.8731 40.4254
vn 0.467125 -0.435183 -0.769682
v 99.5897 -46.9472 39.7713
vn 0.506424 -0.383564 -0.772278
v 104.774 -40.0509 39.1479
vn -0.295603 -0.494889 0.817132
v -22.3173 -37.3843 40.6426
vn 0.520491 -0.382276 -0.763515
v 102.895 -40.0411 37.7084
vn -0.475536 -0.393838 0.786611
v -28.844 -34.3893 39.1819
vn -0.451931 -0.403402 0.795629
v -31.5444 -36.5358 36.6608
vn 0.559737 -0.215241 -0.800228
v 110.535 -26.2074 37.9606
vn 0.69129 -0.050466 -0.720813
v 112.234 -16.6304 37.2148
vn -0.674963 -0.299547 0.674312
v -46.3537 -9.15399 38.2358
vn 0.818256 0.571887 -0.0583282
v 111.912 -7.8188 39.7184
vn 0.46802 0.839306 -0.276628
v 106.69 -3.52925 39.3308
vn 0.206705 0.884829 -0.417554
v 98.8911 -1.90198 37.8206
vn 0.239568 0.862235 0.446271
v 79.7612 2.93586 39.3343
vn -0.662625 -0.151339 0.733502
v -50.1447 5.15428 38.8731
vn 0.743941 0.401816 0.533944
v 63.6375 13.3577 39.0195
vn 0.736885 0.443813 0.509933
v 62.3028 18.4408 37.5681
vn 0.577527 0.147273 -0.802978
v 31.4763 39.3029 38.2172
vn 0.608402 0.486579 -0.626968
v 32.9782 39.2677 39.2473
vn 0.808029 0.586633 -0.0543263
v 33.0815 39.572 39.9141
vn 0.903725 0.418353 -0.0909
v 23.3351 58.4713 38.0139
vn -0.490346 0.179053 0.852937
v -45.1793 76.4141 39.7008
vn -0.431505 0.172643 0.885437
v -41.1436 83.2457 40.5698
vn 0.0134197 0.97131 0.237436
v -7.6021 101.575 37.2765
vn 0.0656906 -0.997344 -0.0314583
v 73.441 -88.1042 41.0511
vn -0.301657 -0.910075 0.284194
v 68.5447 -86.7973 42.3129
vn -0.380786 -0.732977 0.56369
v 47.6354 -77.7739 39.71
vn -0.377106 -0.430624 0.819972
v 34.1261 -70.1202 38.7647
vn -0.376793 -0.322938 0.868181
v 32.997 -64.863 40.5157
vn -0.263088 -0.384452 0.884862
v 26.9843 -59.6982 40.0826
vn 0.524073 -0.529472 -0.667088
v 87.0912 -59.6571 40.8092
vn -0.132287 -0.550605 0.824218
v -2.8497 -41.9691 41.7744
vn 0.543425 -0.312192 -0.779247
v 107.559 -35.911 39.2344
vn 0.559932 -0.246772 -0.790936
v 112.307 -29.8744 39.9918
vn -0.49947 -0.348995 0.792926
v -33.8279 -25.5665 39.7332
vn 0.933547 0.29212 -0.207737
v 113.699 -11.1917 40.0061
vn -0.675112 -0.207135 0.708039
v -48.5077 0.10433 39.1904
vn 0.160653 0.985949 -0.045779
v 94.3056 -0.497466 39.0497
vn 0.229475 0.951512 -0.204854
v 102.455 -1.58189 39.7357
vn 0.260098 0.898383 0.353918
v 84.9809 1.34908 39.725
vn -0.666087 -0.1485 0.730941
v -51.2747 14.1651 39.3543
vn -0.362976 0.531681 0.765221
v 47.0996 16.5305 38.6242
vn -0.132238 0.633042 0.762739
v 45.9342 13.645 40.5249
vn 0.509173 0.763081 0.398057
v 35.2446 17.2306 39.3537
vn -0.408388 0.490175 0.770031
v 52.3535 18.4506 40.633
vn -0.124213 0.585809 0.800874
v 54.4039 21.1283 39.4964
vn 0.915865 0.395054 -0.0715847
v 31.046 22.1578 42.0059
vn -0.693303 -0.127997 0.709189
v -53.2231 22.3823 39.3235
vn 0.882702 0.0558411 -0.466603
v 28.2738 29.447 38.7436
vn -0.672641 -0.0370986 0.739038
v -53.0953 28.1415 40.0476
vn 0.532537 -0.262169 -0.804781
v 33.038 35.7286 40.1428
vn 0.474668 -0.0854311 -0.876009
v 34.1294 37.0046 39.4705
vn -0.655248 0.0335165 0.75467
v -54.773 42.859 38.7642
vn -0.574494 0.0631856 0.816066
v -50.4228 45.0248 41.814
vn 0.858887 0.417878 0.296128
v 31.0112 42.6386 40.3262
vn -0.610311 0.0370118 0.791297
v -54.0613 45.6809 39.2771
vn -0.557994 0.0981377 0.824022
v -52.275 51.9877 40.039
vn -0.631268 0.0924241 0.770038
v -53.7088 50.0963 39.3267
vn 0.891017 0.404887 0.205316
v 25.5315 54.2296 39.7455
vn 0.949321 0.30818 -0.0617652
v 20.0479 69.8068 38.4267
vn 0.9522 0.293359 0.0851834
v 17.1521 76.5302 38.1474
vn 0.972388 0.169311 0.160612
v 15.9005 82.8583 38.3448
vn -0.323425 0.511085 0.796359
v -33.7676 96.8966 39.775
vn 0.398658 0.840568 0.366766
v 3.97177 99.2753 39.7412
vn -0.0632193 0.903221 0.424495
v -22.0683 100.22 40.0542
vn 0.00634406 0.895069 0.445883
v -5.93373 100.025 41.7538
vn 0.840007 -0.0732558 -0.537607
v 76.0537 -82.9415 39.1585
vn -0.417984 -0.344073 0.840775
v 39.2082 -68.9861 42.0671
vn 0.572713 -0.47465 -0.668362
v 83.3657 -63.0528 40.4755
vn -0.297628 -0.342711 0.891048
v 31.0237 -58.9862 41.8438
vn -0.246751 -0.435435 0.865743
v 21.8418 -53.4682 41.7338
vn -0.252174 -0.462384 0.850064
v 16.8567 -53.1456 40.4978
vn 0.495222 -0.528199 -0.689754
v 92.1758 -52.5712 38.7795
vn -0.404207 -0.411839 0.816704
v -26.4064 -33.8372 40.9635
vn 0.641412 -0.122177 -0.757406
v 113.866 -21.0558 39.379
vn 0.929544 0.20261 -0.308055
v 114.634 -15.3109 40.4177
vn 0.322271 0.902216 0.286613
v 103.145 -1.93677 41.3814
vn 0.351866 0.815655 0.459235
v 74.8846 4.31832 39.611
vn 0.434272 0.865185 0.250725
v 71.7888 6.30322 38.6927
vn -0.654571 -0.143828 0.742193
v -48.3695 5.69283 40.6295
vn -0.642569 -0.15724 0.74992
v -48.1194 13.1661 42.1925
vn 0.345953 0.574675 0.741664
v 40.3024 11.7843 42.9165
vn 0.188408 0.728067 0.659106
v 41.1488 14.3289 40.0955
vn -0.659872 -0.168 0.732355
v -49.9938 16.9553 41.4789
vn 0.517761 0.439915 0.733757
v 60.0465 15.9964 41.2181
vn 0.317131 0.563244 0.76301
v 58.7079 19.5029 39.9314
vn 0.161852 0.507042 0.846589
v 57.2237 17.8674 41.6006
vn -0.64456 -0.0959613 0.758508
v -50.8626 21.846 41.821
vn 0.84192 0.00764331 -0.539548
v 29.9576 25.4375 41.6242
vn 0.551507 -0.200895 -0.809618
v 28.8241 33.4843 39.1758
vn 0.512732 -0.216069 -0.830915
v 29.8232 30.8481 40.4223
vn 0.378024 0.804516 -0.458096
v 38.6296 30.8318 41.7428
vn -0.640079 -0.0289837 0.767762
v -51.3375 30.9686 42.0084
vn 0.234906 -0.35909 -0.903257
v 34.5743 31.923 41.6467
vn -0.626879 0.041935 0.777987
v -51.7453 38.3901 41.6419
vn 0.919671 0.00813108 0.392605
v 33.7832 36.5025 41.0087
vn -0.557052 0.0737669 0.827195
v -49.5021 48.5818 42.1645
vn 0.945911 0.309565 0.0970675
v 22.9291 59.4796 41.4607
vn -0.547197 0.191226 0.814867
v -46.8846 65.8575 41.1484
vn -0.478442 0.211149 0.852355
v -43.1414 72.6569 41.887
vn 0.90869 0.243585 0.339042
v 15.1217 84.5218 39.818
vn -0.425911 0.244291 0.871161
v -40.0348 88.9672 40.0017
vn 0.876267 0.345244 0.336098
v 14.4599 88.7212 38.3699
vn -0.388988 0.322314 0.863019
v -37.815 92.7068 39.8417
vn -0.2512 0.354412 0.900717
v -30.7759 96.0526 41.2223
vn -0.243544 0.649423 0.720372
v -27.7591 98.336 40.8143
vn -0.177729 0.729363 0.660638
v -25.6186 99.4424 40.3744
vn -0.0974513 0.688957 0.718221
v -17.1192 99.4439 42.1621
vn -0.0312943 0.786672 0.616578
v -13.297 99.4382 42.3583
vn 0.674482 -0.472713 -0.567112
v 78.0885 -86.3754 43
vn -0.433119 -0.817227 0.380195
v 60.9785 -82.6746 43.7371
vn 0.770224 -0.105439 -0.628997
v 77.3545 -76.3645 41.4001
vn -0.380277 -0.283402 0.880382
v 35.5622 -64.2179 41.8071
vn 0.448684 -0.477973 -0.755132
v 86.2909 -62.584 42.1238
vn 0.410964 -0.488196 -0.769918
v 92.1464 -56.0291 41.5424
vn 0.415711 -0.480104 -0.772453
v 97.8731 -50.2215 40.7126
vn -0.203807 -0.389983 0.897985
v 26.7407 -52.6418 43.3943
vn -0.225958 -0.466866 0.854973
v 18.1056 -51.9653 41.516
vn -0.237597 -0.46559 0.85251
v 14.3033 -49.2709 42.0498
vn 0.384993 -0.403764 -0.829912
v 102.519 -50.2823 42.829
vn -0.226373 -0.48033 0.847371
v 6.67781 -46.0214 41.5465
vn -0.171265 -0.469332 0.866254
v 3.53104 -40.4722 43.7895
vn -0.170708 -0.508436 0.844009
v 2.36743 -42.4017 42.4814
vn -0.131158 -0.566882 0.813291
v -9.24209 -41.538 41.23
vn -0.113051 -0.516924 0.848533
v -2.0982 -39.1185 43.8048
vn 0.547935 -0.347686 -0.760843
v 107.265 -38.875 40.1849
vn -0.462191 -0.325889 0.824728
v -30.4617 -26.206 41.8302
vn 0.992656 0.0161565 -0.11989
v 116.453 -25.9654 43.3467
vn 0.843654 -0.110703 -0.52535
v 115.839 -25.8867 41.8731
vn 0.83431 0.0393097 -0.549892
v 115.362 -18.0505 40.9392
vn -0.466241 -0.324281 0.823081
v -35.3163 -19.4868 41.7997
vn -0.3951 -0.307185 0.865756
v -33.5649 -18.4034 43.04
vn -0.582342 -0.295689 0.757262
v -43.3246 -9.66149 41.0204
vn 0.602305 0.790332 0.112272
v 109.341 -5.06273 41.0488
vn 0.116891 0.949609 0.290827
v 98.2208 -1.33733 41.5602
vn 0.241853 0.780222 0.576854
v 76.4107 2.26933 41.8197
vn -0.00938734 0.499658 0.866172
v 46.4761 11.5196 41.9076
vn -0.310866 0.410916 0.857036
v 49.6059 14.265 41.1142
vn -0.205458 0.296349 0.932719
v 50.6608 9.23753 43.2259
vn -0.276046 0.317072 0.907339
v 53.3688 15.05 42.452
vn -0.0689782 0.39545 0.915894
v 55.0263 16.8226 42.0903
vn 0.187028 0.434652 0.880964
v 57.7406 15.6476 42.5144
vn 0.712759 0.662188 0.231262
v 34.947 16.4738 42.0567
vn -0.182327 0.486974 0.854174
v 53.3441 18.272 41.2055
vn -0.58582 -0.00217321 0.810438
v -49.764 33.8571 43.226
vn 0.904934 0.176042 -0.387433
v 33.0441 35.4737 41.083
vn 0.693774 0.356459 0.625792
v 31.8475 38.2016 42.3786
vn -0.561133 0.110532 0.820313
v -48.5618 54.8747 42.1605
vn -0.574115 0.160044 0.80298
v -47.4558 60.339 41.9944
vn 0.912183 0.402643 0.0761547
v 18.8993 72.5664 40.8382
vn -0.394303 0.225999 0.890758
v -40.6398 77.0097 42.0028
vn -0.380152 0.299978 0.874927
v -34.9948 81.6706 42.9368
vn -0.295336 0.197293 0.9348
v -34.8087 84.1129 42.2025
vn -0.294055 0.172796 0.940039
v -38.1325 86.8656 41.0729
vn 0.821418 0.294604 0.488344
v 14.2618 82.186 42.8914
vn 0.828412 0.293195 0.477253
v 13.8852 87.0315 40.8731
vn -0.344188 0.236328 0.908671
v -30.4319 87.9352 42.9124
vn 0.763544 0.463602 0.449526
v 11.9384 90.8873 41.5116
vn -0.2714 0.219558 0.93709
v -28.1022 93.6982 42.5122
vn -0.279321 0.217732 0.935186
v -33.8059 92.0627 41.3921
vn 0.578299 0.574993 0.578751
v 8.68113 93.7795 43.0702
vn -0.187254 0.337028 0.922685
v -26.3869 95.6363 42.3411
vn -0.178669 0.479378 0.859229
v -25.9192 97.7994 41.5852
vn -0.163164 0.559899 0.812337
v -22.0314 99.0043 41.6122
vn 0.0750235 0.926046 0.36988
v -1.40041 100.392 40.3932
vn 0.419087 -0.860671 -0.289155
v 77.0712 -87.354 43.3577
vn 0.724839 -0.160646 -0.669926
v 79.119 -85.228 43.4249
vn -0.42753 -0.567641 0.703564
v 44.2179 -72.8636 42.3766
vn 0.661255 -0.305458 -0.685155
v 80.1755 -71.9527 42.7328
vn -0.365809 -0.310715 0.877291
v 34.593 -58.6275 43.2347
vn 0.297293 -0.439121 -0.847814
v 95.0405 -57.6526 43.6265
vn 0.713801 -0.236218 -0.65931
v 114.73 -28.1315 41.3425
vn -0.394547 -0.288127 0.872534
v -30.6772 -21.6477 43.0527
vn 0.983385 0.15288 -0.0978875
v 115.87 -18.1265 42.1082
vn 0.902833 0.277722 0.328273
v 115.557 -17.593 42.8669
vn 0.86687 0.393146 0.306549
v 113.798 -12.2784 42.2062
vn -0.365588 -0.274208 0.889469
v -33.9165 -14.2992 44.1567
vn -0.410789 -0.297681 0.861765
v -35.89 -11.7407 44.1188
vn -0.453425 -0.310085 0.835615
v -37.3333 -13.993 42.6729
vn -0.472592 -0.265185 0.840436
v -41.957 -7.31033 42.5798
vn 0.172858 0.93984 0.294654
v 88.2589 0.273423 40.649
vn 0.112035 0.363681 0.924762
v 46.2488 8.19045 43.4318
vn -0.291565 0.246901 0.924137
v 55.0245 10.023 44.5054
vn 0.483104 0.733446 0.478191
v 38.4443 14.1095 41.9166
vn -0.237257 0.827979 0.508095
v 39.3086 30.7833 42.1389
vn 0.728102 0.378608 0.571422
v 29.4393 44.3193 41.831
vn 0.741628 0.301717 0.599129
v 25.6979 48.7768 43.0644
vn -0.549821 0.17207 0.817367
v -44.8945 59.2413 43.9821
vn 0.940471 0.170959 0.293746
v 21.5247 63.587 44.1097
vn 0.664933 0.366985 0.650527
v 10.0941 90.3031 44.3262
vn 0.462917 0.733143 0.498205
v 7.34913 96.7406 41.0216
vn 0.232716 0.778547 0.582844
v 0.180706 99.3772 41.965
vn 0.257038 0.598836 0.758503
v 3.42108 96.016 43.7513
vn 0.69436 -0.118093 -0.709872
v 79.5198 -77.4693 43.84
vn -0.448098 -0.682807 0.577047
v 50.4339 -76.7628 42.9416
vn -0.450811 -0.756219 0.474238
v 53.6389 -79.159 42.4336
vn -0.514211 -0.526361 0.677149
v 49.5502 -73.6167 45.2942
vn -0.426195 -0.397473 0.812633
v 41.8633 -69.757 43.0614
vn -0.4289 -0.275918 0.860183
v 39.8759 -63.7977 44.0141
vn 0.570881 -0.420232 -0.705337
v 83.6533 -66.6851 42.8475
vn -0.256858 -0.356156 0.89843
v 31.6182 -55.5511 43.2182
vn -0.203216 -0.43292 0.878227
v 19.7183 -49.989 43.017
vn -0.188858 -0.364326 0.91192
v 25.178 -49.8389 44.1815
vn 0.396308 -0.306094 -0.86559
v 105.093 -48.7376 43.4244
vn 0.48998 -0.356641 -0.795441
v 106.123 -45.4295 42.5495
vn 0.74364 -0.394011 -0.540144
v 111.144 -39.3945 43.711
vn -0.200887 -0.544607 0.814278
v -14.4755 -37.0754 43.3051
vn 0.748422 -0.481922 -0.455648
v 112.635 -37.5274 44.046
vn 0.622536 -0.354807 -0.697539
v 111.955 -35.3639 42.1716
vn -0.289684 -0.418192 0.860929
v -18.2289 -34.208 43.9554
vn 0.856358 -0.510499 -0.0777264
v 114.39 -35.2874 44.736
vn -0.360829 -0.362526 0.859289
v -24.6688 -31.4427 42.7114
vn 0.882447 -0.388902 -0.264654
v 115.287 -33.6171 44.5564
vn -0.335922 -0.24276 0.910068
v -27.4428 -21.073 44.7254
vn 0.668008 0.549362 0.501963
v 110.412 -6.5896 41.9896
vn 0.17231 0.717426 0.674989
v 102.75 -3.39872 43.9376
vn 0.144744 0.799992 0.58229
v 83.6539 -0.472277 42.9848
vn 0.131528 0.879593 0.457183
v 95.401 -1.59061 42.7517
vn -0.583103 -0.189199 0.79006
v -44.097 0.397026 43.2248
vn 0.485427 0.730325 0.480611
v 69.0238 5.87509 42.4889
vn 0.0130255 0.453722 0.891048
v 48.5167 4.50903 44.5827
vn -0.148237 0.282435 0.947764
v 50.4969 6.82773 43.6939
vn 0.447668 0.398336 0.800576
v 40.4093 8.81659 44.7269
vn 0.301091 0.542675 0.784123
v 59.5995 11.8062 44.0188
vn 0.631875 0.538039 0.557897
v 36.9645 13.3631 44.3754
vn -0.125109 0.366122 0.922118
v 55.7882 12.8415 43.7501
vn 0.517789 0.457287 0.723037
v 59.7141 13.5228 43.0445
vn 0.733 0.575498 0.362646
v 34.2716 16.1638 44.4419
vn -0.593399 -0.107364 0.797716
v -48.7448 20.2456 43.0142
vn -0.58502 -0.0541899 0.809206
v -48.9472 25.6793 43.3409
vn -0.207312 -0.630641 -0.747873
v 38.4412 29.7547 42.4032
vn 0.351106 0.793523 0.497037
v 39.3936 30.1311 43.2414
vn 0.711578 0.527667 0.463923
v 33.2646 34.6263 42.9158
vn 0.602805 0.355572 0.714279
v 28.0952 38.5483 45.3751
vn -0.571635 0.126841 0.810645
v -45.1882 55.5098 44.3911
vn -0.518433 0.216283 0.827314
v -43.8459 65.7521 43.0057
vn -0.549736 0.229625 0.803158
v -41.4992 65.7618 44.6927
vn 0.939013 0.297325 0.172777
v 20.748 66.9696 44.3029
vn -0.451209 0.285653 0.845466
v -37.4775 74.6949 44.3081
vn 0.912696 0.331918 0.238361
v 16.394 77.4854 41.4196
vn -0.323127 0.222092 0.919926
v -25.7414 90.3502 44.0249
vn -0.249614 0.319072 0.914268
v -24.1005 92.2881 44.1351
vn -0.180719 0.46191 0.86832
v -19.7728 96.7888 43.341
vn -0.0737127 0.546784 0.834023
v -13.9475 97.3274 43.9447
vn 0.055793 0.538789 0.840591
v -4.33017 97.6101 44.1829
vn 0.0564871 0.704708 0.707246
v -4.02241 98.9012 43.2953
vn -0.466684 -0.377263 0.799924
v 44.7665 -69.8428 44.6472
vn 0.600091 -0.301517 -0.740931
v 83.2966 -73.0164 46.2412
vn 0.292593 -0.480612 -0.826681
v 95.4655 -60.2875 45.3167
vn 0.275741 -0.339216 -0.899388
v 101.009 -55.2694 44.5886
vn 0.369263 -0.261296 -0.891835
v 106.925 -50.7388 44.6089
vn -0.312853 -0.364469 0.877089
v 32.7949 -53.021 44.7559
vn 0.634239 -0.278983 -0.721047
v 110.048 -47.7131 45.2344
vn -0.161931 -0.410148 0.897528
v 16.9571 -44.195 45.2345
vn 0.707252 -0.220635 -0.671651
v 110.156 -43.6737 44.5002
vn -0.220656 -0.439417 0.87076
v 11.8075 -44.3927 43.768
vn 0.87648 -0.481304 -0.0113579
v 111.738 -39.2701 45.321
vn -0.10912 -0.559625 0.82153
v -7.25011 -38.345 43.7315
vn 0.740608 -0.373384 0.558645
v 114.645 -34.2943 45.5933
vn -0.349696 -0.262648 0.899293
v -21.2662 -27.8279 45.1348
vn -0.37003 -0.283693 0.884645
v -26.4135 -27.6508 43.3741
vn 0.803925 0.206589 0.557698
v 116.422 -26.4457 45.273
vn -0.342046 -0.216363 0.914435
v -23.2971 -21.0345 45.8853
vn 0.870609 0.178941 0.458279
v 115.81 -22.1366 44.112
vn 0.622732 0.202989 0.755646
v 114.572 -19.7335 44.9166
vn 0.365252 0.237319 0.900151
v 109.289 -13.7231 45.7499
vn 0.613628 0.276998 0.739414
v 114.345 -16.004 43.994
vn 0.571329 0.359686 0.737706
v 112.966 -13.1323 43.7972
vn 0.41121 0.661912 0.626721
v 106.236 -4.65457 43.7082
vn 0.0968444 0.679487 0.727267
v 84.3374 -2.36645 45.0433
vn 0.0903354 0.700225 0.708184
v 91.4435 -2.98921 45.0087
vn -0.450675 -0.277845 0.848348
v -38.2294 -5.53448 45.2201
vn 0.362804 0.701167 0.61379
v 72.981 1.03707 45.1324
vn 0.368368 0.540139 0.756673
v 41.7267 3.62705 46.0382
vn 0.475293 0.650992 0.591866
v 69.6563 2.84149 45.5332
vn 0.625834 0.39231 0.674111
v 40.028 5.23828 46.3227
vn -0.258673 0.377491 0.889151
v 52.7374 5.67016 44.7056
vn 0.539812 0.667385 0.51303
v 66.3006 7.64901 43.1049
vn -0.614811 -0.138471 0.776424
v -44.4951 11.0413 44.6437
vn 0.745447 0.477771 0.464805
v 33.6782 15.0684 47.3585
vn 0.984293 -0.132084 -0.117136
v 31.5725 22.0007 45.3605
vn 0.378601 -0.688894 -0.618132
v 34.2032 25.3835 45.081
vn 0.290817 -0.827495 -0.480288
v 38.0475 26.2027 45.4559
vn 0.804508 -0.307632 -0.508064
v 31.3034 24.0674 43.7923
vn 0.838029 -0.519458 0.166945
v 38.8563 26.4738 45.4386
vn 0.377763 -0.420073 -0.825127
v 32.9587 28.2171 42.7502
vn 0.325378 -0.502317 -0.801128
v 38.3808 28.4216 44.0281
vn 0.400178 0.499682 0.768229
v 38.836 29.0541 44.6234
vn -0.584901 0.0573131 0.809078
v -49.2525 37.7244 43.3956
vn 0.859684 0.207077 0.466972
v 22.4402 57.9912 43.7879
vn 0.807507 0.399698 0.433791
v 14.5423 79.7719 44.2685
vn -0.377851 0.323212 0.867619
v -31.8516 80.1075 44.8978
vn -0.319719 0.274278 0.906946
v -29.2705 84.1528 44.3963
vn -0.257366 0.23607 0.937034
v -22.21 89.772 45.4157
vn -0.150577 0.354398 0.922892
v -15.8953 94.4471 45.2798
vn -0.491987 -0.706181 0.509174
v 57.9207 -78.951 47.0567
vn 0.660578 -0.0793916 -0.746548
v 83.2559 -78.7814 47.3339
vn -0.57707 -0.475268 0.664161
v 51.581 -73.7133 47.0051
vn 0.185414 -0.397192 -0.89881
v 99.3662 -59.529 45.6533
vn 0.381871 -0.335391 -0.861212
v 106.186 -56.1972 45.9387
vn 0.645215 -0.327486 -0.690254
v 107.793 -54.5141 46.1201
vn 0.75526 -0.296528 -0.584511
v 108.769 -52.0324 46.1288
vn -0.248914 -0.289665 0.924195
v 30.7991 -46.155 46.785
vn -0.136809 -0.301174 0.943704
v 25.5281 -45.6108 45.7248
vn 0.969349 -0.164047 -0.182896
v 110.754 -47.2753 45.9213
vn -0.149781 -0.306173 0.940119
v 25.8968 -42.257 46.6754
vn -0.179756 -0.376735 0.908712
v 15.4115 -43.039 45.5778
vn -0.0917189 -0.327061 0.940542
v 21.0246 -40.753 46.9425
vn 0.971743 -0.235036 0.0217806
v 110.945 -41.375 45.7563
vn -0.199637 -0.354249 0.913593
v 9.45569 -38.7745 45.6612
vn -0.15833 -0.299615 0.940831
v 14.029 -40.2977 46.1472
vn -0.0840717 -0.509919 0.856104
v -0.181571 -37.2955 45.0219
vn -0.125698 -0.43077 0.893665
v 4.37846 -38.664 44.8715
vn -0.036437 -0.44503 0.894774
v 0.480562 -34.5973 46.6786
vn -0.139798 -0.510821 0.848245
v -9.43119 -34.2567 46.4447
vn -0.23721 -0.407611 0.881808
v -12.8008 -31.8842 46.7274
vn 0.960058 0.0069641 0.279714
v 116.707 -27.8306 45.291
vn -0.291865 -0.323735 0.900006
v -14.94 -31.1198 46.5833
vn 0.484943 0.20276 0.850716
v 114.342 -23.7949 45.9429
vn 0.378676 0.226689 0.897339
v 109.375 -17.5383 46.4893
vn 0.226817 0.312678 0.922381
v 103.036 -8.7762 46.4435
vn 0.217393 0.436367 0.873112
v 104.741 -5.9871 45.1405
vn 0.416015 0.371236 0.83013
v 107.462 -6.82065 44.4622
vn -0.359449 -0.305524 0.881732
v -32.8362 -8.94365 46.4442
vn 0.125271 0.605309 0.786071
v 97.3329 -3.72599 44.731
vn -0.385748 -0.281177 0.878714
v -35.5479 -4.96128 46.7282
vn -0.301503 0.415338 0.858248
v 54.6319 3.96307 46.3693
vn 0.690831 0.389497 0.609134
v 37.9522 9.2343 46.5673
vn -0.609944 -0.141875 0.779641
v -45.4326 16.2668 44.912
vn 0.914583 0.36982 0.163618
v 31.9595 20.1181 44.6416
vn 0.42254 0.559541 0.713004
v 36.1562 31.1303 44.6689
vn -0.581381 -0.0104924 0.813563
v -47.0628 31.9252 45.1931
vn -0.554309 0.0296307 0.831783
v -44.8847 36.603 46.7118
vn -0.585991 0.0870258 0.805631
v -47.103 46.5046 44.003
vn 0.738551 0.0844084 0.668893
v 20.6512 56.6872 46.9148
vn 0.81409 0.449821 0.367313
v 16.5704 75.4607 45.2987
vn -0.254876 0.346832 0.902633
v -21.6461 82.2389 47.522
vn -0.194337 0.242376 0.950519
v -17.962 88.6056 46.605
vn 0.617694 0.363356 0.697443
v 9.53339 85.9838 46.9257
vn -0.0312851 0.409882 0.911602
v -3.40407 91.2824 47.4856
vn -0.048483 0.400821 0.914873
v -9.36242 95.6529 45.2804
vn 0.134111 0.506427 0.85179
v 1.46063 93.7896 45.793
vn 0.598693 -0.621478 -0.505304
v 81.2936 -86.8273 46.6346
vn 0.0354287 -0.995423 0.0887516
v 77.7183 -87.6818 46.1425
vn 0.708664 -0.252765 -0.658714
v 82.5983 -85.2164 47.0546
vn -0.378341 -0.849452 0.367818
v 67.2742 -85.2778 45.1603
vn -0.436633 -0.783139 0.44277
v 62.7258 -82.045 47.0076
vn -0.531546 -0.624824 0.571886
v 52.8431 -75.7889 46.1868
vn -0.535164 -0.33184 0.776841
v 48.9346 -69.557 47.3418
vn 0.21107 -0.478719 -0.852219
v 95.1169 -63.1826 46.7878
vn 0.355499 -0.486779 -0.797914
v 105 -60.9503 47.3193
vn -0.369703 -0.283992 0.884685
v 41.3298 -56.619 46.9485
vn 0.973817 -0.222236 0.0478623
v 108.591 -54.5254 47.4397
vn 0.948078 -0.31802 -0.00343601
v 109.549 -50.6894 47.0852
vn -0.149722 -0.327848 0.932791
v 26.1219 -39.6345 47.7271
vn 0.804584 -0.0615488 0.59064
v 110.352 -40.9327 47.2758
vn -0.146181 -0.294391 0.944439
v 13.7474 -35.3612 47.5753
vn 0.783556 -0.332444 0.524901
v 111.865 -37.9601 46.432
vn -0.14307 -0.307858 0.940614
v 18.8328 -38.8694 47.2867
vn -0.126013 -0.32907 0.93586
v 7.90357 -34.5614 46.9364
vn 0.963513 -0.264648 -0.0400567
v 116.157 -31.0525 45.4297
vn 0.652667 -0.0505609 0.755956
v 115.999 -29.8821 46.1503
vn 0.445465 -0.0380886 0.894489
v 113.733 -31.7946 47.4626
vn 0.369406 0.1624 0.914968
v 110.904 -23.0782 47.4399
vn -0.364081 -0.200265 0.909582
v -20.9667 -22.1405 46.8774
vn -0.31524 -0.198178 0.928089
v -21.2873 -16.8201 47.6617
vn -0.280298 -0.268751 0.921524
v -25.4067 -15.1111 46.9606
vn 0.224079 0.283929 0.932294
v 101.675 -10.5082 47.2136
vn 0.190282 0.4033 0.895065
v 97.2382 -8.42194 47.5177
vn -0.299923 -0.286616 0.909889
v -32.7927 -3.90279 48.0988
vn 0.124338 0.557768 0.820631
v 85.8709 -6.39345 48.1321
vn 0.221208 0.6859 0.693259
v 78.4674 -0.920232 44.8778
vn -0.475447 -0.229661 0.849239
v -39.037 0.102635 46.4403
vn 0.183661 0.663714 0.725088
v 44.5152 2.35041 46.3897
vn -0.0632257 0.559208 0.826613
v 49.8976 1.59387 46.4182
vn 0.425574 0.634866 0.64485
v 71.3026 -0.137398 47.4131
vn 0.422467 0.560692 0.712142
v 67.6915 1.82279 48.2169
vn -0.157903 0.430919 0.888468
v 58.3787 9.3954 45.5989
vn 0.273711 0.620637 0.734774
v 61.7725 8.25555 46.2939
vn -0.568349 -0.17284 0.804428
v -41.4969 4.83315 45.9603
vn -0.58881 -0.0923454 0.802979
v -43.9154 20.5487 46.8235
vn 0.65205 -0.751159 -0.102913
v 32.9667 24.2124 46.3973
vn 0.502434 0.158709 0.849924
v 37.2224 26.6167 47.1339
vn 0.693423 0.38287 0.61039
v 38.4744 28.1772 45.1554
vn 0.44621 0.497736 0.743744
v 32.6182 32.1977 45.6924
vn 0.46256 0.380465 0.800803
v 29.7343 31.7026 47.68
vn -0.58523 -0.0421385 0.809772
v -45.1746 25.7944 46.3547
vn -0.516478 0.00672217 0.856274
v -41.7079 32.2048 48.6291
vn 0.536752 0.320015 0.780697
v 26.4704 37.4523 47.291
vn -0.584121 0.07614 0.808087
v -44.122 44.4678 46.6095
vn 0.588909 0.247643 0.769324
v 23.2542 44.885 46.9202
vn 0.644398 0.161791 0.747379
v 22.1983 52.0856 46.1335
vn -0.552385 0.155821 0.818896
v -40.028 56.0816 47.9433
vn -0.529792 0.190466 0.826464
v -38.7414 61.5894 47.5585
vn 0.819587 0.182526 0.543103
v 20.2732 65.8674 46.2671
vn 0.784621 0.385853 0.48527
v 18.4757 71.6689 45.3787
vn -0.444344 0.290917 0.847305
v -37.1257 67.886 47.1464
vn -0.402405 0.335816 0.851644
v -34.2899 73.6696 46.1387
vn 0.510556 0.272547 0.815507
v 12.9487 77.4069 48.5853
vn -0.32782 0.359229 0.873778
v -27.042 78.0938 47.9689
vn -0.360128 0.378252 0.85278
v -29.5938 78.8399 46.3264
vn -0.227137 0.294182 0.928367
v -17.992 85.6019 47.344
vn -0.161171 0.350712 0.92251
v -13.2492 88.0547 47.9364
vn 0.371362 0.376379 0.848781
v 7.05145 87.8865 47.4641
vn 0.379512 0.492615 0.783135
v 7.99882 91.6172 45.2838
vn 0.166744 0.473057 0.865109
v 3.22612 91.4128 46.8259
vn -0.125378 0.302504 0.944866
v -15.9186 90.8554 46.297
vn -0.110421 0.364996 0.924438
v -7.5871 92.0769 46.5455
vn 0.468571 -0.462764 -0.752523
v 87.9487 -67.6041 46.6086
vn 0.346445 -0.507945 -0.788649
v 90.314 -65.4575 46.3213
vn -0.457993 -0.242211 0.855322
v 43.4049 -60.9921 46.7407
vn 0.709935 -0.395176 -0.582948
v 106.55 -59.9383 47.7674
vn 0.857013 -0.352193 -0.376151
v 108.019 -55.6742 47.2053
vn -0.0362919 -0.399662 0.915944
v -6.90264 -32 47.8781
vn 0.00813696 -0.385252 0.922776
v -2.77531 -31.5789 48.0265
vn -0.184501 -0.3705 0.910324
v -9.55937 -31.4455 47.897
vn 0.308081 0.0664937 0.949033
v 111.262 -31.8036 48.1525
vn -0.232163 -0.275839 0.932745
v -13.044 -27.7724 48.1214
vn -0.255363 -0.137395 0.957033
v -17.1216 -21.8895 48.2395
vn 0.374266 0.257458 0.890865
v 108.935 -19.9018 47.4111
vn 0.306996 0.250054 0.918274
v 104.368 -15.2904 47.8938
vn -0.265579 -0.289743 0.91952
v -25.8287 -10.5458 48.1042
vn 0.107251 0.547866 0.829663
v 90.0758 -5.38464 47.0528
vn 0.187778 0.511353 0.838605
v 76.8836 -5.00487 48.817
vn -0.363523 -0.284815 0.886979
v -33.4114 -0.748169 48.8821
vn -0.133876 0.549222 0.824883
v 52.4536 0.250538 47.5146
vn -0.0381892 0.484363 0.874033
v 60.9361 6.83854 47.5319
vn 0.729457 0.403319 0.552473
v 36.0285 9.54447 49.0035
vn -0.587779 -0.13311 0.797996
v -41.2473 12.7496 47.5452
vn -0.54631 -0.104271 0.831067
v -40.8039 17.1217 48.6618
vn 0.916673 0.0495709 0.396552
v 31.225 20.3075 48.7758
vn 0.851552 -0.373616 0.367791
v 32.0188 22.8509 47.8724
vn 0.415522 -0.632791 0.653389
v 36.2842 25.938 47.1986
vn -0.528248 0.0363652 0.848311
v -41.9778 40.1454 48.3025
vn 0.508854 0.209198 0.835047
v 20.1284 46.7664 48.3212
vn 0.599139 0.0444477 0.79941
v 18.9342 63.0533 47.8702
vn 0.547267 0.177076 0.818011
v 17.3791 68.0939 48.7779
vn -0.227629 0.335864 0.913992
v -23.843 77.07 48.8959
vn 0.577952 0.372638 0.726025
v 11.3933 79.7885 48.5407
vn 0.164025 0.406426 0.89884
v 3.06497 88.7131 48.3868
vn 0.24166 -0.969791 0.0332605
v 81.2069 -87.2324 47.8012
vn 0.646951 -0.180516 -0.740857
v 86.0521 -83.1004 50.01
vn -0.342449 -0.819472 0.45956
v 69.6098 -84.5939 48.5519
vn 0.598286 -0.24368 -0.763331
v 85.825 -74.7327 48.7229
vn 0.436914 -0.460713 -0.77256
v 89.6762 -69.8792 48.8556
vn -0.482972 -0.204399 0.851445
v 46.6446 -60.3723 48.7073
vn 0.966521 -0.256288 0.0123899
v 107.527 -58.4644 49.014
vn -0.381678 -0.21358 0.89928
v 44.9192 -54.5459 48.9963
vn 0.754113 -0.148622 0.639707
v 108.869 -51.0727 48.0881
vn 0.613213 -0.0400706 0.7889
v 109.725 -46.7719 48.3126
vn 0.891743 -0.140107 0.430308
v 110.565 -47.1753 47.3157
vn -0.285163 -0.237281 0.928644
v 37.1097 -46.8946 48.279
vn -0.167577 -0.281654 0.944769
v 30.3091 -39.2527 48.6676
vn -0.21951 -0.236811 0.946433
v 33.2324 -43.5211 48.0148
vn -0.116834 -0.302201 0.946057
v 27.9653 -36.5584 49.1202
vn -0.117259 -0.339383 0.933311
v 21.9687 -37.7333 48.1559
vn 0.443714 -0.0799588 0.892595
v 109.094 -36.0222 48.9822
vn -0.162261 -0.287678 0.943882
v 14.7313 -33.0521 48.4851
vn -0.0756965 -0.320485 0.944224
v 10.5928 -31.4073 48.1831
vn -0.121151 -0.264082 0.956861
v -9.16342 -29.5065 48.5819
vn -0.0941759 -0.143247 0.985196
v -7.06109 -23.7134 49.7852
vn -0.150838 -0.162896 0.975045
v -10.4301 -25.3741 49.272
vn -0.269889 -0.209113 0.939911
v -14.8239 -24.9808 48.4086
vn 0.32853 0.083761 0.940772
v 108.189 -26.0573 48.9103
vn 0.307501 0.170646 0.936121
v 105.189 -21.5694 49.2875
vn -0.261735 -0.225963 0.938315
v -18.1466 -14.4581 49.0199
vn 0.2779 0.244406 0.928998
v 101.489 -19.1528 49.9174
vn 0.243845 0.314728 0.917325
v 99.3411 -11.0869 47.971
vn -0.286124 -0.32291 0.902143
v -25.9206 -6.36959 49.4753
vn 0.31702 0.585498 0.746116
v 75.2402 -2.71885 47.7792
vn 0.20401 0.662485 0.720759
v 47.5616 -1.10072 49.17
vn 0.344226 0.479576 0.807165
v 69.3082 -0.298053 48.7892
vn -0.165066 0.508202 0.845272
v 55.0076 -0.862291 49.1212
vn 0.402496 0.714683 0.572035
v 43.2178 0.537631 49.5411
vn -0.456322 -0.237961 0.857406
v -37.0948 3.42299 48.3611
vn -0.246282 0.383822 0.889959
v 59.4103 2.73349 48.8482
vn 0.357911 0.534236 0.765827
v 65.3688 3.53946 48.256
vn 0.0565839 0.355533 0.932949
v 62.8805 3.37884 49.1401
vn -0.522837 -0.178349 0.833566
v -38.4336 7.40052 48.7519
vn 0.854793 0.3379 0.393893
v 32.2568 17.3042 47.9096
vn -0.512171 -0.0267969 0.858465
v -40.3232 25.6922 49.5836
vn 0.557214 -0.528236 0.640687
v 32.8112 24.533 48.1734
vn 0.504121 -0.0486474 0.862262
v 31.5374 25.1079 48.7453
vn 0.530937 0.193349 0.825059
v 27.5994 25.4421 51.2044
vn 0.389196 0.249998 0.886582
v 30.6835 28.1969 48.7666
vn 0.320318 0.173379 0.931309
v 33.4455 27.0404 48.2506
vn 0.520744 0.308303 0.7961
v 23.6494 37.2622 49.0473
vn 0.514653 0.161909 0.841973
v 17.3849 48.7907 49.6196
vn -0.587549 0.106835 0.802105
v -43.8389 49.3272 46.2646
vn -0.531419 0.149241 0.833859
v -37.4829 53.4784 50.0747
vn 0.531069 0.0895047 0.842588
v 19.3114 50.6677 47.9765
vn 0.473964 0.0590922 0.878559
v 16.1185 55.3224 49.7575
vn -0.338269 0.335746 0.879118
v -28.6506 73.6708 48.8403
vn -0.25438 0.336554 0.906654
v -19.9858 80.2743 48.7298
vn -0.0656325 0.374792 0.924783
v -7.15657 86.6301 49.0658
vn 0.0185803 0.379759 0.924899
v -1.94298 88.9729 48.4982
vn 0.65749 -0.648404 -0.38377
v 84.7475 -85.355 49.8058
vn -0.488701 -0.661316 0.569063
v 60.3933 -78.4515 50.0171
vn -0.594088 -0.325762 0.735485
v 52.3099 -69.8624 49.7679
vn 0.254363 -0.507095 -0.823501
v 95.4102 -68.6642 50.3037
vn 0.20929 -0.52755 -0.82334
v 101.752 -62.3504 47.3658
vn 0.434081 -0.558519 -0.706845
v 101.123 -67.9037 51.348
vn 0.781762 -0.530949 -0.32702
v 106.219 -62.2971 49.4857
vn 0.899817 -0.0807813 0.428723
v 107.639 -56.7549 49.2582
vn -0.258084 -0.181601 0.948901
v 39.7491 -44.8586 49.5991
vn 0.501688 0.021593 0.864779
v 106.329 -48.1893 50.0472
vn 0.467247 -0.00524279 0.884112
v 107.464 -41.5514 49.3861
vn -0.176921 -0.203836 0.962886
v 36.0895 -39.3303 49.564
vn -0.293513 -0.135289 0.946334
v 43.8079 -38.6554 51.3465
vn -0.116576 -0.269699 0.955862
v 21.0236 -34.6902 49.1194
vn -0.0950299 -0.211581 0.97273
v 14.5247 -27.6246 49.9102
vn 0.316908 0.0697198 0.94589
v 103.588 -29.0352 50.6048
vn -0.0262983 -0.262531 0.964565
v -1.74841 -29.3083 48.9904
vn -0.0115092 -0.152088 0.9883
v 11.925 -23.2184 50.466
vn -0.0473504 -0.161099 0.985802
v -2.21272 -22.5829 50.3116
vn -0.0190309 -0.278974 0.96011
v 7.75848 -27.0314 49.6033
vn -0.174025 -0.133679 0.975626
v -12.9131 -19.6937 49.4826
vn -0.115328 -0.168965 0.978851
v -7.34787 -18.0629 50.4381
vn -0.171475 -0.227833 0.958483
v -12.7491 -14.885 50.3421
vn -0.262807 -0.286287 0.921397
v -20.4019 -10.6016 49.7217
vn 0.172446 0.387134 0.905754
v 94.3248 -10.4973 49.0864
vn 0.116444 0.37855 0.918227
v 84.8592 -9.45721 50.0134
vn 0.2074 0.364976 0.907622
v 71.7744 -4.01824 49.4666
vn -0.317931 -0.332953 0.887729
v -26.5918 -1.84375 51.0448
vn 0.0864927 0.505912 0.858238
v 49.3987 -3.09908 50.1817
vn 0.235677 0.340544 0.910212
v 66.4418 -0.245549 49.6966
vn -0.491172 -0.172693 0.853772
v -36.2292 8.99543 50.2689
vn -0.566055 0.0700697 0.821385
v -38.4238 47.629 50.2947
vn -0.496818 0.186043 0.847679
v -37.3066 57.7233 49.3153
vn -0.472344 0.218025 0.854024
v -35.8106 63.1932 48.8724
vn 0.377199 0.0709995 0.923407
v 12.7894 62.3063 50.7281
vn -0.407228 0.301095 0.862269
v -31.7174 70.0388 48.8697
vn -0.342465 0.237006 0.909146
v -31.353 65.9629 50.4417
vn 0.443107 0.219411 0.869204
v 14.6999 69.877 49.5254
vn -0.30016 0.323146 0.897486
v -27.7525 72.1472 49.8712
vn 0.284117 0.205899 0.93642
v 8.23105 77.6911 50.3648
vn 0.342813 0.306018 0.888162
v 8.60971 82.855 48.781
vn -0.255053 0.336815 0.906369
v -17.828 82.2379 48.6272
vn -0.268674 0.341957 0.900489
v -17.628 77.4703 50.412
vn 0.184735 0.248241 0.95092
v 5.42355 80.5333 50.3556
vn -0.265046 0.392332 0.88081
v -12.2753 81.2773 50.7634
vn -0.0905348 0.403843 0.910337
v -8.28261 83.4039 50.5438
vn 0.0341151 0.313936 0.948831
v -2.74741 83.9619 50.39
vn 0.13371 0.313712 0.940057
v 3.00882 86.3694 49.21
vn -0.182903 0.380286 0.906603
v -11.8105 84.7826 49.0973
vn -0.176889 -0.91927 0.351645
v 76.2033 -86.4923 49.4653
vn -0.442382 -0.730401 0.520397
v 64.1525 -80.9839 49.9683
vn -0.527476 -0.60601 0.595416
v 55.859 -75.6962 49.2202
vn -0.525547 -0.520355 0.673076
v 57.9349 -75.0188 51.4398
vn 0.447448 -0.31855 -0.835653
v 89.0608 -73.7472 51.0513
vn -0.573529 -0.447793 0.685963
v 54.3318 -73.6957 49.5303
vn 0.581849 -0.650949 -0.487562
v 103.403 -65.6245 50.6266
vn -0.563228 -0.207442 0.799838
v 50.4152 -64.8308 49.8903
vn 0.879624 -0.327045 0.345402
v 106.207 -62.2526 50.4133
vn 0.691024 0.0341527 0.722025
v 106.389 -57.2943 50.5688
vn -0.456515 -0.164552 0.874367
v 49.5074 -54.3907 51.3367
vn -0.344033 -0.163209 0.924664
v 43.8478 -46.9873 50.3018
vn -0.381985 -0.130654 0.914886
v 47.0526 -45.0766 51.9641
vn 0.411914 0.0374699 0.910452
v 102.705 -41.9484 51.5133
vn 0.355876 0.00969574 0.934483
v 105.855 -37.6469 50.0893
vn -0.189321 -0.2063 0.959999
v 38.7903 -35.3937 50.7561
vn -0.106266 -0.226649 0.968162
v 32.4258 -33.6723 50.3585
vn -0.134326 -0.289141 0.947815
v 37.2367 -31.4108 51.4414
vn -0.131153 -0.261673 0.956204
v 29.9005 -29.8573 50.9796
vn -0.0980625 -0.179386 0.978879
v 18.7391 -26.7803 50.5029
vn -0.123244 -0.158283 0.979672
v 26.5896 -27.551 51.1248
vn 0.19445 0.139846 0.970893
v 98.6807 -22.6255 51.2563
vn -0.00801274 -0.180665 0.983512
v 5.12688 -22.8122 50.5348
vn -0.0280207 -0.136617 0.990228
v 13.4215 -20.2314 50.8018
vn -0.113019 -0.0669808 0.991333
v 25.1949 -22.2165 51.4792
vn -0.0695144 -0.0677478 0.995278
v 20.7287 -18.1247 51.2135
vn 0.0970293 0.14504 0.984657
v 89.9535 -16.6825 51.3683
vn -0.0655077 -0.181175 0.981267
v -3.7921 -15.6934 51.2081
vn -0.00480526 -0.198217 0.980146
v 10.0327 -18.4012 51.2924
vn 0.00615974 -0.072313 0.997363
v 17.3313 -17.2193 51.3548
vn 0.114821 0.248596 0.961778
v 87.7201 -13.3741 51.0154
vn 0.1908 0.241844 0.951371
v 97.1005 -16.6429 50.4842
vn 0.147177 0.30359 0.941367
v 93.0262 -12.8007 50.0946
vn -0.0743029 -0.243151 0.967138
v -5.06835 -12.1217 51.9847
vn 0.116441 0.308246 0.944153
v 72.04 -9.95579 51.4526
vn 0.0523897 0.275864 0.959768
v 63.1067 -6.72921 51.9835
vn -0.0274962 0.292854 0.955762
v 54.7342 -7.46886 52.1255
vn 0.0114069 0.246553 0.969062
v 49.4417 -7.0254 51.7694
vn -0.0491994 0.40148 0.914545
v 52.5346 -4.11811 50.8814
vn 0.354845 0.514827 0.780409
v 43.9992 -1.2219 50.7909
vn -0.0923266 0.342501 0.93497
v 58.2618 -1.95371 50.2368
vn 0.0699147 0.261768 0.962595
v 63.857 -1.8116 50.4288
vn 0.631883 0.48726 0.602745
v 37.9476 4.60243 49.6421
vn 0.582961 0.284635 0.761012
v 36.1078 6.20497 50.6745
vn 0.496022 0.243374 0.833506
v 34.4472 8.91963 51.1246
vn 0.459833 0.289013 0.839658
v 33.2949 10.9798 51.0489
vn -0.461423 -0.181229 0.868473
v -33.7462 10.6095 52.0566
vn 0.677953 0.405284 0.61329
v 34.0424 12.1435 49.8649
vn 0.68897 0.311283 0.654541
v 31.3783 15.779 49.7967
vn 0.666334 0.110609 0.737404
v 30.0173 18.5443 50.4031
vn -0.479323 -3.52822e-05 0.877638
v -38.0052 27.9994 50.7695
vn 0.503831 0.332051 0.797431
v 27.1639 31.2896 49.3264
vn 0.53274 0.291581 0.794461
v 25.4517 28.8444 51.6149
vn 0.493363 0.331103 0.80434
v 21.1519 37.4816 50.813
vn -0.503647 -0.00642598 0.863885
v -35.6271 35.3161 52.1402
vn 0.48353 0.266952 0.833628
v 18.4426 40.4625 51.2421
vn -0.533284 0.0543288 0.84419
v -36.5499 47.5959 51.7425
vn 0.453117 0.168708 0.875341
v 14.3926 47.6753 51.3378
vn 0.442444 0.105784 0.890535
v 11.6143 53.9496 51.987
vn 0.333246 0.144341 0.931726
v 9.37659 68.9928 51.499
vn -0.229001 0.280091 0.93226
v -24.3453 71.7316 50.7485
vn -0.24762 0.203268 0.947294
v -17.8098 71.8393 51.8882
vn -0.289692 0.29568 0.910303
v -16.5212 76.0388 51.3516
vn 0.167569 0.31618 0.933783
v -1.03749 79.0237 51.8073
vn 0.137155 0.432682 0.891053
v -4.28855 81.2545 51.4766
vn 0.054258 0.363748 0.929916
v -4.74253 83.17 50.5598
vn 0.255603 -0.947186 0.193666
v 83.4948 -86.3136 50.3059
vn -0.169031 -0.870069 0.463042
v 77.4297 -84.9982 52.9296
vn 0.682625 -0.555663 -0.474618
v 87.623 -83.5078 51.7719
vn 0.406831 -0.44303 -0.798882
v 99.5903 -71.0953 52.7037
vn 0.885996 -0.44612 0.126445
v 103.73 -65.8607 51.9657
vn -0.515846 -0.137973 0.845498
v 53.3383 -62.5079 52.4423
vn 0.724029 -0.0515784 0.687838
v 104.666 -62.7288 52.171
vn 0.517111 0.0877343 0.85141
v 103.356 -53.309 52.3271
vn -0.445334 -0.123273 0.886838
v 51.8222 -50.456 53.1266
vn -0.297579 -0.173684 0.938765
v 44.8688 -37.0316 51.9824
vn 0.395929 0.0738191 0.915309
v 100.569 -35.967 52.156
vn 0.266436 0.143025 0.953182
v 98.5934 -32.1594 52.4868
vn -0.132096 -0.287015 0.948775
v 34.4442 -28.5761 52.2348
vn -0.162607 -0.225558 0.960564
v 41.3241 -29.0694 52.8522
vn 0.179182 0.207524 0.96168
v 91.7519 -25.1213 52.6503
vn 0.124812 0.158454 0.979446
v 95.5582 -23.3659 51.649
vn 0.18045 0.261051 0.948309
v 84.4549 -20.3282 52.7316
vn 0.117961 0.233162 0.965257
v 79.1966 -16.5328 52.7809
vn 0.131723 0.182225 0.974394
v 87.4905 -18.0146 51.7246
vn 0.0547675 -0.220599 0.973826
v 13.3685 -16.7377 51.4519
vn 0.105526 0.267286 0.957822
v 71.0626 -13.5042 52.6991
vn 0.00205746 -0.1772 0.984173
v 19.5754 -13.3577 51.8005
vn 0.0241623 -0.133011 0.99082
v 21.628 -11.0036 52.1527
vn 0.15145 0.15103 0.976859
v 46.4111 -13.2428 52.783
vn -0.0392533 -0.239156 0.970187
v -0.862695 -9.675 52.7359
vn 0.0182012 -0.264682 0.964164
v 10.5972 -13.7117 52.5219
vn -0.181572 -0.0875622 0.979472
v 27.3701 -17.9492 52.4879
vn 0.104626 0.328404 0.938725
v 78.7018 -11.1001 51.2246
vn 0.103059 0.238544 0.965648
v 81.5506 -12.953 51.5086
vn -0.0622028 -0.23146 0.970854
v 5.09659 -12.1777 52.4695
vn 0.123124 0.272168 0.95434
v 67.3613 -10.7476 52.3401
vn 0.166019 0.274951 0.947016
v 68.7258 -7.25072 51.0615
vn -0.19677 -0.307574 0.930956
v -14.5439 -10.2453 51.4937
vn 0.275841 0.188989 0.942441
v 45.3532 -6.3508 52.4134
vn -0.268949 -0.343975 0.899638
v -18.7004 -8.78507 50.6524
vn 0.20994 0.255541 0.943729
v 46.7519 -6.10314 51.9722
vn -0.290893 -0.372428 0.881294
v -22.8361 -5.4112 50.8968
vn -0.104708 -0.0657345 0.992328
v 25.9571 -6.56582 52.7958
vn 0.0363444 -0.124651 0.991535
v 24.4106 -1.80305 53.1964
vn 0.223133 0.17929 0.958158
v 31.7516 3.38317 52.791
vn 0.31506 0.359126 0.878502
v 35.3997 3.87648 51.8518
vn -0.38951 -0.274263 0.879239
v -31.5593 3.93368 51.1827
vn 0.31155 0.191487 0.930736
v 33.9616 5.36186 51.7599
vn 0.538985 0.208692 0.816054
v 29.1139 15.7933 51.7382
vn -0.517861 -0.0922396 0.850478
v -36.6523 14.9407 50.8715
vn -0.417031 -0.101996 0.903151
v -31.7958 14.015 53.5876
vn -0.502291 -0.033184 0.864062
v -36.9652 23.548 51.2536
vn 0.52701 0.131198 0.839671
v 27.1781 21.9712 52.1297
vn 0.460708 0.240294 0.854404
v 23.5978 28.1374 52.9559
vn 0.409132 0.273401 0.870553
v 18.6232 35.5871 52.6209
vn -0.497218 -0.0255803 0.867248
v -34.1425 40.2451 53.1581
vn -0.489891 0.160231 0.856932
v -35.8654 50.0306 51.7551
vn -0.318968 0.224136 0.920882
v -30.8883 58.3758 52.5988
vn 0.358745 0.0999652 0.928067
v 9.47896 58.0959 52.6693
vn -0.431632 0.20055 0.879474
v -34.3226 60.0827 50.4299
vn -0.30658 0.246967 0.919248
v -28.5274 65.3439 51.3592
vn -0.210004 0.316519 0.925048
v -22.1463 66.4386 52.4939
vn -0.202907 0.253045 0.945937
v -25.8014 66.8233 51.8064
vn 0.240147 0.159294 0.957578
v 5.18413 70.5259 52.669
vn -0.250002 0.305939 0.918641
v -17.7851 67.4321 52.829
vn -0.378761 0.217204 0.899646
v -16.4076 69.3014 52.7999
vn 0.227146 0.21866 0.948996
v 0.952341 72.863 52.8862
vn 0.26712 0.200143 0.94265
v 6.7397 73.623 51.3937
vn 0.257101 0.254346 0.932313
v -0.285953 76.613 52.355
vn 0.209073 0.216349 0.953667
v 0.982374 77.5047 51.7723
vn 0.573719 -0.577073 -0.581234
v 90.1366 -81.8754 53.3235
vn 0.273672 -0.382681 -0.882416
v 93.2126 -72.9716 52.0667
vn 0.855697 -0.484589 -0.181537
v 102.077 -69.0873 53.6969
vn -0.563895 -0.255303 0.785393
v 53.6819 -68.5457 51.4116
vn 0.554143 0.128059 0.822512
v 100.672 -58.444 54.597
vn 0.453005 0.0796934 0.887939
v 100.915 -43.9602 52.5595
vn 0.357511 0.247806 0.900432
v 95.8221 -32.4073 53.4222
vn 0.260481 0.305632 0.915827
v 90.4949 -25.8346 52.9719
vn 0.192176 0.256435 0.947264
v 87.8581 -22.3529 52.5838
vn -0.198016 -0.185188 0.962546
v 31.0109 -25.5545 52.3424
vn -0.173423 -0.0410914 0.98399
v 30.9159 -15.4891 53.3493
vn -0.0842886 0.22943 0.969669
v 48.2765 -13.6637 52.7091
vn -0.185654 -0.0347741 0.982
v 29.78 -9.65762 53.3355
vn 0.115833 -0.213139 0.970131
v 19.4457 -10.5922 52.6991
vn -0.105462 0.223932 0.968882
v 51.7307 -9.39128 52.4614
vn -0.0103099 -0.246687 0.96904
v 11.4103 -11.2189 53.2246
vn 0.0544648 0.286217 0.956615
v 60.865 -9.90426 52.7195
vn 0.123428 -0.160386 0.979307
v 22.2267 -1.10332 53.4022
vn 0.310653 0.326837 0.892565
v 40.1807 -1.70307 52.9387
vn -0.368829 -0.236664 0.898863
v -29.505 9.5339 53.7775
vn 0.160612 0.0412583 0.986155
v 28.5035 2.89209 53.4608
vn 0.363445 0.124779 0.923222
v 30.1351 10.801 52.4498
vn 0.273657 0.00332825 0.961821
v 27.4728 8.50041 53.6286
vn -0.443708 -0.0290628 0.8957
v -34.4002 21.6768 52.9113
vn -0.449 0.0022249 0.893529
v -34.5771 32.2145 52.7186
vn 0.42697 0.248958 0.869319
v 13.5586 44.0929 52.8187
vn -0.0703754 0.412007 0.908459
v -8.71925 78.487 52.96
vn 0.448823 -0.88764 0.103211
v 86.3961 -84.6995 52.8742
vn 0.481975 -0.213209 -0.849848
v 90.2705 -76.391 52.0131
vn -0.543145 -0.365365 0.755978
v 57.5982 -72.7268 52.5191
vn -0.539967 -0.36819 0.756883
v 60.9842 -74.2902 54.2697
vn 0.538302 -0.363057 -0.760539
v 100.078 -73.6178 54.2002
vn 0.651166 0.0796726 0.754742
v 101.55 -66.1025 55.3118
vn -0.508319 -0.193416 0.839168
v 56.3949 -66.5835 53.5695
vn -0.404757 -0.0793677 0.910973
v 52.8948 -41.3668 54.9535
vn -0.380761 -0.110849 0.918005
v 49.0826 -40.4407 53.2744
vn 0.425447 0.100394 0.899398
v 98.2299 -38.4436 53.4925
vn -0.173158 -0.132127 0.975991
v 44.3646 -28.3162 53.4908
vn -0.139244 -0.214337 0.966784
v 35.1034 -25.498 53.1635
vn -0.0877285 -0.133736 0.987126
v 41.8987 -25.648 53.548
vn -0.111955 0.0557101 0.99215
v 48.5213 -20.9545 54.3566
vn -0.265159 -0.0747165 0.961305
v 47.3827 -33.7252 53.5946
vn 0.155375 0.352614 0.922779
v 79.8346 -23.7152 55.0148
vn -0.191892 -0.107403 0.975522
v 32.6058 -21.0811 53.3737
vn 0.116195 0.283153 0.95201
v 77.1334 -18.4833 53.3119
vn 0.171175 0.306991 0.936192
v 81.5333 -21.3723 53.5375
vn -0.0222918 0.0842004 0.996199
v 46.9728 -18.9706 53.9096
vn 0.0686261 0.292598 0.95377
v 71.7577 -20.1648 54.5418
vn -0.150711 0.208061 0.966435
v 52.8744 -13.6526 53.801
vn 0.138759 0.11992 0.983039
v 43.584 -14.5652 53.5159
vn 0.0537612 0.221306 0.973722
v 46.5693 -16.1112 53.4894
vn -0.105181 0.212125 0.971566
v 49.1368 -16.2368 53.5859
vn 0.107179 0.250547 0.962153
v 69.3157 -15.6058 53.4546
vn 0.0393817 0.0412663 0.998372
v 41.6566 -17.4607 53.8682
vn 0.00852823 0.24269 0.970067
v 57.6099 -13.214 54.1905
vn 0.110247 0.259152 0.959524
v 66.2208 -13.7499 53.4077
vn -0.0871885 0.29659 0.951017
v 54.4988 -10.4298 53.0838
vn -0.0633091 -0.235638 0.969777
v 5.378 -8.81651 53.2848
vn 0.0464697 -0.184385 0.981755
v 12.7195 -9.39381 53.6397
vn -0.0659115 -0.0671987 0.99556
v 36.4438 -23.2067 53.8
vn 0.147082 -0.127328 0.980895
v 18.1056 -8.46079 53.0706
vn -0.123079 -0.0367505 0.991716
v 28.6576 -3.909 53.2874
vn -0.126172 -0.0144323 0.991903
v 31.8407 -8.24914 53.7825
vn -0.269243 -0.385202 0.882682
v -17.5809 -4.9905 52.8213
vn 0.00338376 -0.327133 0.944972
v -0.234112 -6.20082 53.6355
vn 0.014328 0.0560538 0.998325
v 33.5814 -1.36994 53.7616
vn 0.187475 0.0839006 0.97868
v 42.5876 -7.50385 53.2572
vn -0.0531997 -0.329592 0.942623
v -6.23777 -9.00749 52.7912
vn -0.00582232 -0.29783 0.954601
v 2.95827 -3.90836 54.4795
vn -0.160106 -0.370584 0.914895
v -13.8738 -6.5288 53.0929
vn 0.0119082 -0.358619 0.933408
v -4.76173 -5.1882 54.5136
vn 0.183608 0.19212 0.964043
v 39.3444 -2.69775 53.5399
vn 0.0676107 -0.180538 0.981242
v 11.4127 -3.88965 54.6398
vn -0.01753 -0.0293972 0.999414
v 27.483 0.763186 53.5802
vn -0.2946 -0.329919 0.896864
v -22.5981 -0.849329 52.7595
vn 0.156441 -0.184933 0.97022
v 21.1872 -0.496494 53.7633
vn 0.0822692 -0.141812 0.986469
v 25.3616 1.72482 53.6861
vn 0.139226 0.30262 0.942888
v 35.1669 0.462886 53.2269
vn 0.0998397 0.196253 0.975457
v 30.8666 0.875736 53.5328
vn -0.320047 -0.304403 0.897167
v -26.1449 2.7842 52.863
vn 0.155466 -0.107712 0.981951
v 23.7787 4.69681 54.3403
vn 0.299266 0.0283539 0.953748
v 26.043 11.1526 54.0865
vn -0.362971 -0.0254991 0.931451
v -31.5541 20.9214 53.9134
vn -0.381891 -0.00502269 0.924194
v -31.5702 26.429 53.9496
vn 0.366216 0.227685 0.902245
v 20.8521 29.5824 53.9201
vn -0.442095 -0.0290538 0.896498
v -32.7223 33.9786 53.5342
vn -0.478088 0.0312082 0.877757
v -34.4985 45.0913 52.9692
vn -0.376742 0.0932475 0.921613
v -32.4858 45.4836 54.0183
vn -0.287904 0.138406 0.947605
v -27.8731 48.4617 55.1572
vn -0.448506 0.135715 0.883416
v -33.8009 48.9962 53.0136
vn -0.345953 0.193257 0.918133
v -30.6083 54.3105 53.5116
vn -0.282368 0.188431 0.940618
v -25.4962 56.0538 54.8062
vn -0.366242 0.189926 0.910931
v -30.3627 56.3201 53.1326
vn 0.35549 0.154437 0.921833
v 7.76955 54.6534 53.7804
vn -0.292159 0.26634 0.918534
v -23.808 60.5849 53.9694
vn -0.254937 0.35842 0.898077
v -17.848 64.2303 54.2575
vn -0.408948 0.272523 0.870915
v -14.7165 67.2213 54.3364
vn 0.183702 0.218508 0.958388
v -2.38495 71.1984 54.1015
vn 0.240695 0.179878 0.953787
v 2.68424 69.1266 53.273
vn -0.381667 0.252575 0.889121
v -14.2312 73.8985 52.9302
vn -0.316221 0.231108 0.920105
v -13.0528 69.7642 54.5141
vn -0.00939444 0.235837 0.971747
v -9.34661 75.2869 53.9654
vn 0.198401 0.263789 0.943956
v -3.16077 76.5885 53.1741
vn -0.243236 0.30851 0.919597
v -10.8087 77.0975 53.159
vn 0.0842145 0.345285 0.934712
v -5.32203 78.4979 53.0037
vn 0.0523481 -0.854676 0.516517
v 82.8581 -84.1707 54.9506
vn 0.384655 -0.891888 0.237857
v 89.1428 -82.9936 54.7002
vn 0.432447 -0.897945 0.0817554
v 92.2341 -81.3557 55.7735
vn 0.463251 -0.656924 -0.594852
v 92.9361 -80.6169 54.6563
vn -0.418377 -0.672421 0.610583
v 67.2138 -79.6635 54.2141
vn 0.329945 -0.294936 -0.896744
v 93.6671 -76.1144 53.3663
vn -0.502705 -0.573043 0.647231
v 62.7185 -76.8539 53.7977
vn 0.502793 -0.54183 -0.673513
v 98.5429 -77.3397 54.9093
vn 0.877419 -0.357606 -0.319771
v 100.868 -72.753 54.9595
vn -0.512639 -0.234677 0.82591
v 61.3455 -72.6229 55.1541
vn 0.898426 -0.178776 0.401085
v 101.766 -68.8649 55.022
vn -0.484935 -0.121563 0.86606
v 57.1931 -63.6661 54.339
vn -0.483197 -0.108684 0.86874
v 55.3971 -50.6518 55.1252
vn -0.280608 -0.0288135 0.95939
v 52.872 -36.0347 55.2375
vn 0.438175 0.15474 0.885471
v 94.512 -37.5589 55.3607
vn 0.412104 0.273093 0.869247
v 93.469 -33.4927 54.9564
vn 0.347264 0.368467 0.862346
v 90.4324 -29.8055 54.8259
vn -0.143275 0.0462577 0.988601
v 52.8235 -29.8662 55.1517
vn -0.0896324 0.0857549 0.992276
v 61.0115 -28.0613 55.711
vn 0.241232 0.363454 0.899838
v 87.7169 -26.3455 54.1554
vn -0.125512 0.0603457 0.990255
v 51.8485 -20.2113 54.6064
vn -0.0348582 0.11899 0.992283
v 62.2211 -22.2048 55.3208
vn -0.0213689 0.19734 0.980102
v 64.3771 -23.3637 55.5116
vn 0.0253903 0.278452 0.960114
v 71.8554 -23.5004 55.6913
vn -0.0440371 0.11549 0.992332
v 55.8446 -16.6518 54.5945
vn 0.0566594 0.189461 0.980252
v 64.6247 -18.6558 54.6032
vn -0.194852 -0.313615 0.929343
v -15.2451 -2.79089 54.4164
vn 0.133436 -0.154155 0.978995
v 16.8557 1.42346 54.8926
vn -0.255055 -0.243258 0.935827
v -23.6615 5.4535 54.5836
vn 0.18043 -0.0898257 0.979478
v 21.2916 6.38554 54.9095
vn 0.230424 -0.00350665 0.973084
v 21.4507 11.9322 55.3103
vn -0.332478 -0.132625 0.933739
v -28.7388 11.4574 54.5309
vn -0.231413 -0.128213 0.96437
v -25.9196 11.9235 55.4294
vn 0.387805 0.104434 0.915806
v 25.0031 16.3884 53.8153
vn 0.265476 0.0452561 0.963055
v 20.8691 15.6186 55.3233
vn -0.313129 -0.0514467 0.948316
v -27.9283 20.7859 55.4255
vn 0.396979 0.111523 0.911027
v 23.7113 22.7467 53.8658
vn 0.281917 0.107807 0.953363
v 20.3143 24.0827 55.0192
vn -0.428657 -0.0411847 0.902528
v -28.9902 28.3782 55.1286
vn 0.314161 0.179027 0.932337
v 14.5694 31.8056 55.3176
vn -0.463569 -0.0126653 0.88597
v -30.4258 39.4376 55.2226
vn 0.426582 0.179501 0.886458
v 9.93871 43.4623 54.5928
vn 0.435587 0.174463 0.883078
v 8.30916 48.778 54.7287
vn -0.209664 0.146334 0.966761
v -19.7486 53.7224 56.5932
vn -0.259097 0.306254 0.916012
v -20.7104 60.5634 55.1039
vn 0.287705 0.118377 0.950375
v 5.25204 61.4093 53.5257
vn 0.239754 0.185511 0.952945
v 0.0870228 66.7593 54.7072
vn -0.129636 0.213197 0.96837
v -10.7382 69.7867 54.9938
vn 0.580076 -0.814363 0.0180267
v 97.2795 -78.5721 55.5725
vn -0.481249 -0.118893 0.868483
v 62.1919 -64.4825 57.2881
vn 0.475025 0.135473 0.869482
v 99.6847 -52.2647 54.1331
vn -0.441761 -0.0654317 0.894743
v 57.0559 -48.6773 56.2148
vn 0.448102 0.0920103 0.889235
v 98.3347 -44.4731 53.8706
vn -0.132098 0.0497747 0.989986
v 56.8066 -36.5928 56.2692
vn -0.17993 0.173332 0.968288
v 59.3769 -36.8528 56.5035
vn -0.100193 0.119915 0.987715
v 62.4916 -33.7719 56.3411
vn -0.161229 0.061365 0.985007
v 55.1455 -31.8842 55.5171
vn -0.11785 0.0938734 0.988584
v 64.273 -31.4854 56.3246
vn 0.137628 0.387003 0.91175
v 79.442 -26.817 56.121
vn -0.0951298 0.128096 0.987189
v 66.0022 -26.5744 56.2289
vn -0.108186 0.105247 0.988544
v 64.0709 -25.4239 55.7651
vn 0.0524413 -0.286434 0.956664
v 2.64567 -0.47873 55.618
vn 0.0730495 -0.233964 0.969497
v 9.90444 -0.882763 55.1202
vn -0.185143 -0.252511 0.949716
v -14.3288 3.99034 56.2654
vn -0.0952812 -0.32064 0.942397
v -11.259 0.541616 55.756
vn 0.144748 -0.192889 0.970485
v 13.3298 1.99284 55.3222
vn 0.130817 -0.183216 0.97433
v 10.3145 2.12072 56.1132
vn 0.0535375 -0.22939 0.971861
v 7.25904 2.83189 56.2538
vn 0.166902 -0.124539 0.978077
v 18.7846 7.45133 55.4906
vn 0.15715 -0.0241384 0.98728
v 17.4563 14.2047 56.0054
vn 0.23249 0.0567187 0.970944
v 15.3641 24.3055 56.0829
vn -0.396917 -0.0898953 0.913442
v -26.1333 26.3658 56.3111
vn 0.326606 0.123168 0.937101
v 7.67111 34.078 57.4689
vn -0.346041 0.109538 0.931803
v -28.9041 40.8723 55.8436
vn -0.27935 0.1715 0.94475
v -21.7811 49.7382 56.724
vn 0.176017 0.137277 0.974768
v -2.51837 65.0741 55.52
vn -0.0125798 0.171148 0.985165
v -10.1373 64.4644 56.1756
vn -0.250679 0.260634 0.932325
v -13.9676 64.0236 55.5527
vn 0.0864369 0.205854 0.974758
v -5.40821 67.4949 55.3653
vn -0.367294 -0.69791 0.614831
v 71.4944 -80.0472 56.5243
vn 0.826781 -0.559689 -0.0564013
v 99.5518 -76.5868 55.6802
vn -0.482083 -0.450646 0.751342
v 65.1738 -76.0029 56.0955
vn 0.633477 -0.0113098 0.773679
v 100.063 -71.8469 57.1826
vn 0.838578 -0.285677 0.46387
v 100.274 -74.8859 56.0001
vn 0.490344 0.148914 0.858712
v 97.3135 -58.5297 56.8754
vn -0.423499 -0.0740835 0.902862
v 60.4742 -54.7783 57.5258
vn -0.359068 -0.0024252 0.933308
v 59.1378 -45.885 57.5254
vn -0.303454 0.0171414 0.952692
v 55.7148 -40.5055 55.9359
vn -0.258053 0.145771 0.95507
v 60.6696 -39.8562 57.5389
vn -0.170011 0.154995 0.973177
v 63.1934 -39.5651 57.9623
vn -0.191578 0.262354 0.945763
v 62.4381 -37.3588 57.3785
vn 0.31819 0.181998 0.930393
v 88.7014 -37.4847 57.9438
vn -0.184865 0.230605 0.955325
v 64.698 -34.7221 56.8321
vn -0.182944 0.253306 0.94993
v 66.9259 -35.791 57.7471
vn 0.357222 0.266861 0.895085
v 91.0197 -34.0107 56.2087
vn -0.128513 0.245821 0.960758
v 72.2607 -30.0782 57.5217
vn 0.191014 0.316853 0.929042
v 85.5522 -31.7024 57.3725
vn -0.125527 0.169103 0.977572
v 67.6898 -30.7144 56.7506
vn 0.280063 0.371182 0.885318
v 87.8121 -30.6909 56.1262
vn -0.0453037 0.304004 0.951593
v 73.5125 -27.2533 56.6457
vn 0.0369969 0.331047 0.942889
v 77.3014 -29.099 57.4536
vn -0.0288686 0.181692 0.982932
v 69.0413 -26.2977 56.1808
vn 0.00712698 -0.355482 0.934656
v -2.56968 0.130294 56.1791
vn 0.106484 -0.337913 0.935134
v -0.146955 1.33107 56.483
vn 0.0899964 -0.308077 0.947095
v -1.14042 3.59132 57.6486
vn -0.0612953 -0.338854 0.93884
v -5.93205 3.55756 57.3561
vn 0.172169 -0.272874 0.946519
v 4.03633 4.7501 56.9368
vn -0.163425 -0.302357 0.939081
v -9.80459 5.77217 57.7182
vn -0.235417 -0.238672 0.942133
v -14.7346 8.64972 57.3639
vn 0.228275 -0.229029 0.946275
v 8.44823 9.72747 57.6279
vn 0.240818 -0.204465 0.948789
v 10.4838 10.1908 57.056
vn 0.120856 -0.13428 0.983546
v 9.6655 6.22306 56.5636
vn -0.264379 -0.148317 0.952946
v -21.4187 12.5368 56.3445
vn 0.217418 -0.0758843 0.973124
v 14.0466 11.5403 56.4236
vn 0.251996 -0.0778986 0.964588
v 10.5379 13.201 57.4985
vn -0.340182 -0.137105 0.930311
v -19.3585 19.2427 57.98
vn 0.264119 0.00697051 0.964465
v 10.6377 19.9789 57.6277
vn -0.347142 -0.138746 0.927492
v -23.1796 24.1093 57.0167
vn 0.287853 0.0855944 0.953842
v 9.90866 29.1818 57.2831
vn -0.354546 -0.0353677 0.93437
v -23.7609 30.9778 57.8986
vn -0.372565 0.00531449 0.927991
v -26.3247 36.7555 57.2839
vn 0.368072 0.11965 0.922067
v 4.88065 39.9633 57.7275
vn -0.285407 0.135382 0.948797
v -22.6544 44.0279 57.5112
vn 0.371967 0.177744 0.911069
v 5.11402 46.6165 56.7647
vn -0.261761 0.205968 0.942899
v -19.9883 48.6753 57.5523
vn 0.22294 0.177748 0.95849
v -0.949904 49.2577 58.0806
vn -0.180989 0.279531 0.942924
v -14.7586 54.5639 57.412
vn -0.0967267 0.27087 0.957744
v -11.9613 55.891 57.3475
vn -0.0131903 0.262015 0.964974
v -9.87907 56.0744 57.4895
vn 0.2076 0.235029 0.94956
v -2.21196 54.0838 57.3182
vn -0.211094 0.24788 0.945513
v -16.0108 60.3971 56.2885
vn -0.191587 0.210393 0.95866
v -16.3601 54.2373 57.1536
vn -0.0662705 0.196686 0.978224
v -10.4648 57.3799 57.2285
vn 0.204877 0.15929 0.965739
v -1.35932 58.5264 56.1282
vn -0.10368 0.182045 0.977809
v -13.3008 61.0157 56.5819
vn 0.051015 0.173887 0.983443
v -9.18807 60.5727 56.5948
vn -0.204132 -0.763014 0.613302
v 76.4993 -82.2231 56.9745
vn 0.385381 -0.703773 0.596813
v 94.7929 -79.3895 57.9674
vn 0.574242 -0.462576 0.675477
v 96.3643 -77.7432 58.3627
vn -0.523242 -0.232625 0.819819
v 67.0451 -72.5594 58.8197
vn 0.4287 0.155241 0.89001
v 93.3724 -52.6272 57.6622
vn 0.428353 0.120642 0.895522
v 92.0629 -46.9168 57.427
vn 0.417566 0.0812129 0.90501
v 90.7259 -43.563 57.6668
vn -0.0497626 -0.310936 0.949127
v -6.58885 7.0473 58.6175
vn 0.0548192 -0.26766 0.961953
v -2.89621 6.47219 58.3239
vn 0.148394 -0.226825 0.962564
v 2.52954 7.83283 58.0896
vn -0.283532 -0.190471 0.939856
v -17.024 11.8268 57.6219
vn -0.328745 -0.147356 0.932852
v -19.6927 25.8842 58.9055
vn 0.233613 0.134041 0.963046
v 1.89464 44.1849 58.2225
vn 0.0123579 -0.751593 0.659512
v 82.9721 -80.7192 59.7389
vn 0.18598 -0.767058 0.61403
v 87.5315 -80.13 59.7474
vn -0.476106 -0.0920055 0.874562
v 65.7783 -66.0407 58.9351
vn 0.40521 0.153863 0.901183
v 93.1967 -58.0521 58.7175
vn -0.356702 -0.0308932 0.933707
v 63.0601 -54.3535 58.4778
vn -0.316049 -0.000928227 0.948742
v 61.8817 -49.6775 58.2449
vn 0.341453 0.168577 0.924658
v 87.8878 -46.736 59.2754
vn -0.231803 0.0850924 0.969034
v 61.8511 -43.963 58.252
vn -0.0700973 0.200338 0.977216
v 72.6367 -38.2857 59.3681
vn 0.0948206 0.176975 0.979637
v 83.2019 -40.1295 59.3699
vn 0.272569 0.114587 0.955288
v 87.6312 -43.4682 58.8813
vn -0.174455 0.202562 0.963605
v 68.0519 -38.4831 58.5838
vn -0.110263 0.21534 0.970294
v 73.4226 -33.3304 58.2469
vn 0.15351 0.181527 0.97133
v 85.4245 -35.276 58.2443
vn 0.0224768 0.212167 0.976975
v 77.7005 -32.2801 58.1819
vn 0.0677656 -0.188287 0.979773
v -2.22804 9.99458 59.3489
vn 0.178335 -0.178764 0.967595
v 4.3973 11.1043 58.7078
vn 0.138209 -0.0382675 0.989664
v 2.69591 15.529 59.4374
vn 0.213587 -0.126559 0.968692
v 7.79333 12.3662 58.1298
vn 0.221364 -0.0248762 0.974874
v 7.9637 17.0456 58.1555
vn 0.225177 0.0257662 0.973977
v 7.03647 23.3143 58.5028
vn 0.268663 0.0710972 0.960607
v 6.99277 27.8956 58.1789
vn -0.381668 -0.131095 0.914956
v -23.2039 28.4941 58.0162
vn -0.275858 -0.0483695 0.959981
v -20.2418 28.1556 59.0555
vn 0.304156 0.0840224 0.948909
v 4.06538 36.173 58.3731
vn 0.281192 0.102202 0.954194
v 2.6206 40.0451 58.5358
vn -0.29598 0.0667927 0.952856
v -22.7913 38.1403 58.1346
vn -0.214341 0.134443 0.967462
v -17.5022 45.1795 58.6634
vn -0.20065 0.0655516 0.977467
v -19.7747 37.5589 59.3603
vn -0.200264 0.140083 0.969676
v -17.8156 47.3538 58.3628
vn 0.139179 0.20406 0.969014
v -5.58489 51.6932 58.4316
vn -0.163899 0.294406 0.941521
v -12.9819 53.6474 58.1892
vn 0.0933022 0.139987 0.985748
v -5.13431 47.582 59.2277
vn -0.0317014 0.211376 0.976891
v -11.2651 53.1317 58.4996
vn -0.220976 -0.636735 0.738741
v 77.5993 -79.5512 59.8111
vn -0.465998 -0.50175 0.728761
v 69.7941 -75.8875 59.1174
vn -0.45064 -0.193905 0.871392
v 71.0249 -71.5337 61.5846
vn -0.501889 -0.283391 0.817189
v 69.0301 -73.5313 59.9466
vn 0.499538 -0.0761657 0.862937
v 97.4525 -73.5634 58.5832
vn 0.403081 0.149051 0.902945
v 89.3513 -61.2791 60.955
vn -0.418405 -0.0471006 0.907038
v 65.1186 -60.4079 59.0649
vn 0.397865 0.148697 0.905314
v 90.5304 -54.301 59.1913
vn -0.140337 0.184977 0.972671
v 71.3079 -44.9161 60.481
vn -0.235294 0.137114 0.962204
v 66.835 -44.3874 59.5783
vn -0.136152 0.192677 0.971771
v 70.2542 -41.3117 59.5599
vn -0.192872 -0.267522 0.944051
v -8.79931 9.46015 59.0715
vn -0.0281962 -0.200171 0.979355
v -6.80543 9.9707 59.4872
vn -0.258518 -0.199146 0.945256
v -14.3714 14.7926 58.8955
vn 0.0647647 -0.0743709 0.995125
v -3.08293 13.0978 59.5951
vn -0.107386 -0.125309 0.986289
v -9.77544 14.2355 60.1287
vn 0.143843 -0.0243274 0.989301
v 0.887342 18.4319 59.5346
vn -0.124442 -0.0537316 0.990771
v -13.1062 22.3346 60.2284
vn 0.0964122 -0.0384909 0.994597
v -2.48009 22.4211 60.4313
vn -0.230607 -0.0678083 0.970681
v -17.7035 26.0867 59.4744
vn -0.264732 -0.119331 0.95691
v -16.1652 21.1553 59.3208
vn 0.223814 0.0141403 0.974529
v 1.82055 26.8608 59.5874
vn -0.158117 0.000273307 0.98742
v -15.0174 30.3654 60.3071
vn 0.241443 0.069341 0.967935
v 0.776127 34.9146 59.5177
vn -0.182339 0.021731 0.982996
v -17.5812 34.8099 59.576
vn -0.00823647 0.0904286 0.995869
v -7.74638 36.5641 60.3232
vn -0.0953515 0.0959235 0.990811
v -14.8188 38.5943 59.8987
vn 0.107135 0.0963147 0.989568
v -2.57962 40.2618 59.6468
vn -0.11268 0.0797332 0.990427
v -15.3174 40.0328 59.6263
vn -0.0223834 0.0681985 0.997421
v -10.381 42.9224 59.6866
vn 0.0698411 0.0866312 0.993789
v -6.31231 44.6346 59.567
vn -0.0695991 0.106004 0.991927
v -12.5002 45.5993 59.4734
vn 0.182202 -0.531166 0.827445
v 87.0674 -78.1649 61.7591
vn 0.289685 -0.52285 0.801692
v 90.4396 -78.4663 60.4285
vn 0.38123 -0.25385 0.888946
v 93.6874 -76.4805 60.1517
vn -0.486932 -0.058894 0.871452
v 69.142 -65.4996 60.9742
vn 0.419495 0.063789 0.905514
v 92.8218 -67.727 60.4126
vn 0.433607 0.119419 0.893154
v 95.1983 -65.0151 58.8913
vn 0.377944 0.16401 0.911185
v 88.0326 -55.7551 60.5883
vn -0.336203 0.0909252 0.93739
v 68.8514 -50.8203 60.9517
vn 0.284816 0.197544 0.938006
v 85.4995 -47.9757 60.4109
vn -0.28301 0.0754331 0.956146
v 66.0625 -48.5111 59.8207
vn -0.0232812 0.260145 0.965289
v 75.6198 -43.2613 60.3709
vn 0.151749 0.240337 0.958755
v 80.1545 -44.2217 60.4421
vn 0.0999602 0.306579 0.946582
v 77.7921 -46.1523 61.3655
vn -0.0181654 -0.0296288 0.999396
v -8.24072 19.4666 60.248
vn -0.0564993 0.0157569 0.998278
v -11.4214 30.4198 60.5813
vn 0.0294842 -0.00711912 0.99954
v -4.90604 27.2129 60.5614
vn 0.126662 0.0378395 0.991224
v -1.47128 28.9824 60.2774
vn 0.00630112 0.0220576 0.999737
v -8.71664 31.8317 60.6807
vn 0.3495 -0.176741 0.920115
v 90.3086 -75.8265 61.5863
vn -0.362457 -0.506461 0.782382
v 74.3194 -77.1273 60.7334
vn -0.283946 -0.427999 0.858016
v 75.5964 -75.3386 62.3478
vn -0.0388745 -0.552772 0.832425
v 82.8302 -77.7602 62.4291
vn 0.215185 -0.278715 0.935956
v 86.6103 -76.0227 62.6823
vn -0.356526 -0.109797 0.927811
v 73.397 -70.248 62.9822
vn 0.391989 0.0695956 0.917334
v 88.9472 -69.4768 62.4108
vn -0.399257 0.0405922 0.91594
v 71.209 -53.1579 61.9729
vn 0.311399 0.165654 0.935729
v 85.3414 -58.02 61.9829
vn 0.341278 0.17377 0.923761
v 85.8213 -60.3934 62.3693
vn 0.266648 0.219233 0.938528
v 81.9323 -52.6577 62.4488
vn -0.164168 0.268004 0.949327
v 74.5831 -45.7907 61.1346
vn -0.329611 0.21321 0.919727
v 72.21 -50.9025 62.077
vn 0.257646 0.211197 0.942876
v 83.4336 -49.6861 61.1773
vn 0.103142 0.303718 0.947163
v 77.6728 -48.7748 62.3302
vn -0.142259 0.339514 0.929781
v 74.8775 -48.5244 62.1347
vn 0.299782 -0.0380474 0.953249
v 86.7218 -70.7808 63.2291
vn -0.38767 0.029465 0.921327
v 72.8738 -55.0426 62.872
vn -0.0379053 -0.366094 0.929805
v 81.6873 -75.399 63.7228
vn -0.21398 0.000318591 0.976838
v 75.7405 -67.4315 63.8047
vn -0.300259 -0.00192672 0.953856
v 74.0365 -67.6628 63.2575
vn 0.26125 0.092916 0.960789
v 84.4014 -64.9938 63.689
vn 0.0978654 0.0837784 0.991667
v 80.5309 -61.8837 64.0587
vn 0.24984 0.160249 0.954935
v 83.4134 -61.4578 63.2914
vn 0.00282954 0.0915319 0.995798
v 76.5479 -54.3315 63.745
vn 0.229072 0.158866 0.960358
v 80.0335 -55.1698 63.2681
vn -0.195236 0.172016 0.965553
v 74.8983 -51.5209 63.2804
vn 0.103644 0.221025 0.969745
v 76.7163 -51.5112 63.3063
vn 0.114453 -0.108379 0.987499
v 82.9436 -73.6097 64.1169
vn -0.211693 -0.191833 0.958325
v 77.7752 -72.6594 63.8625
vn -0.11695 -0.0400268 0.992331
v 78.455 -69.6153 64.4769
vn 0.0741935 0.0765256 0.994303
v 81.433 -65.9577 64.298
vn 0.468096 0.558278 -0.68499
v -10.1416 -40.6381 -25.9525
vn 0.85157 -0.00660833 -0.524199
v -10.5494 -39.714 -25.8791
vn 0.172478 0.309705 -0.935058
v 14.5432 -19.8763 -8.8724
vn 0.759594 -0.0413309 -0.649083
v 63.845 -1.13177 5.94211
vn 0.70912 -0.675034 0.203664
v 65.6735 5.379 26.6906
vn 0.62708 0.575155 -0.525325
v 65.0646 4.60947 26.3206
vn 0.881797 0.467477 0.062442
v 34.568 37.4288 39.9793

vt 0 0
vt 0 0
vt 0 0
vt 0 0
vt 0 0
vt 0 0
vt 0 0
vt 0 0
vt 0 0
vt 0 0
vt 0 0
vt 0 0
vt 0 0
vt 0 0
vt 0 0
vt 0 0
vt 0 0
vt 0 0
vt 0 0
vt 0 0
vt 0 0
vt 0 0
vt 0 0
vt 0 0
vt 0 0
vt 0 0
vt 0 0
vt 0 0
vt 0 0
vt 0 0
vt 0 0
vt 0 0
vt 0 0
vt 0 0
vt 0 0
vt 0 0
vt 0 0
vt 0 0
vt 0 0
vt 0 0
vt 0 0
vt 0 0
vt 0 0
vt 0 0
vt 0 0
vt 0 0
vt 0 0
vt 0 0
vt 0 0
vt 0 0
vt 0 0
vt 0 0
vt 0 0
vt 0 0
vt 0 0
vt 0 0
vt 0 0
vt 0 0
vt 0 0
vt 0 0
vt 0 0
vt 0 0
vt 0 0
vt 0 0
vt 0 0
vt 0 0
vt 0 0
vt 0 0
vt 0 0
vt 0 0
vt 0 0
vt 0 0
vt 0 0
vt 0 0
vt 0 0
vt 0 0
vt 0 0
vt 0 0
vt 0 0
vt 0 0
vt 0 0
vt 0 0
vt 0 0
vt 0 0
vt 0 0
vt 0 0
vt 0 0
vt 0 0
vt 0 0
vt 0 0
vt 0 0
vt 0 0
vt 0 0
vt 0 0
vt 0 0
vt 0 0
vt 0 0
vt 0 0
vt 0 0
vt 0 0
vt 0 0
vt 0 0
vt 0 0
vt 0 0
vt 0 0
vt 0 0
vt 0 0
vt 0 0
vt 0 0
vt 0 0
vt 0 0
vt 0 0
vt 0 0
vt 0 0
vt 0 0
vt 0 0
vt 0 0
vt 0 0
vt 0 0
vt 0 0
vt 0 0
vt 0 0
vt 0 0
vt 0 0
vt 0 0
vt 0 0
vt 0 0
vt 0 0
vt 0 0
vt 0 0
vt 0 0
vt 0 0
vt 0 0
vt 0 0
vt 0 0
vt 0 0
vt 0 0
vt 0 0
vt 0 0
vt 0 0
vt 0 0
vt 0 0
vt 0 0
vt 0 0
vt 0 0
vt 0 0
vt 0 0
vt 0 0
vt 0 0
vt 0 0
vt 0 0
vt 0 0
vt 0 0
vt 0 0
vt 0 0
vt 0 0
vt 0 0
vt 0 0
vt 0 0
vt 0 0
vt 0 0
vt 0 0
vt 0 0
vt 0 0
vt 0 0
vt 0 0
vt 0 0
vt 0 0
vt 0 0
vt 0 0
vt 0 0
vt 0 0
vt 0 0
vt 0 0
vt 0 0
vt 0 0
vt 0 0
vt 0 0
vt 0 0
vt 0 0
vt 0 0
vt 0 0
vt 0 0
vt 0 0
vt 0 0
vt 0 0
vt 0 0
vt 0 0
vt 0 0
vt 0 0
vt 0 0
vt 0 0
vt 0 0
vt 0 0
vt 0 0
vt 0 0
vt 0 0
vt 0 0
vt 0 0
vt 0 0
vt 0 0
vt 0 0
vt 0 0
vt 0 0
vt 0 0
vt 0 0
vt 0 0
vt 0 0
vt 0 0
vt 0 0
vt 0 0
vt 0 0
vt 0 0
vt 0 0
vt 0 0
vt 0 0
vt 0 0
vt 0 0
vt 0 0
vt 0 0
vt 0 0
vt 0 0
vt 0 0
vt 0 0
vt 0 0
vt 0 0
vt 0 0
vt 0 0
vt 0 0
vt 0 0
vt 0 0
vt 0 0
vt 0 0
vt 0 0
vt 0 0
vt 0 0
vt 0 0
vt 0 0
vt 0 0
vt 0 0
vt 0 0
vt 0 0
vt 0 0
vt 0 0
vt 0 0
vt 0 0
vt 0 0
vt 0 0
vt 0 0
vt 0 0
vt 0 0
vt 0 0
vt 0 0
vt 0 0
vt 0 0
vt 0 0
vt 0 0
vt 0 0
vt 0 0
vt 0 0
vt 0 0
vt 0 0
vt 0 0
vt 0 0
vt 0 0
vt 0 0
vt 0 0
vt 0 0
vt 0 0
vt 0 0
vt 0 0
vt 0 0
vt 0 0
vt 0 0
vt 0 0
vt 0 0
vt 0 0
vt 0 0
vt 0 0
vt 0 0
vt 0 0
vt 0 0
vt 0 0
vt 0 0
vt 0 0
vt 0 0
vt 0 0
vt 0 0
vt 0 0
vt 0 0
vt 0 0
vt 0 0
vt 0 0
vt 0 0
vt 0 0
vt 0 0
vt 0 0
vt 0 0
vt 0 0
vt 0 0
vt 0 0
vt 0 0
vt 0 0
vt 0 0
vt 0 0
vt 0 0
vt 0 0
vt 0 0
vt 0 0
vt 0 0
vt 0 0
vt 0 0
vt 0 0
vt 0 0
vt 0 0
vt 0 0
vt 0 0
vt 0 0
vt 0 0
vt 0 0
vt 0 0
vt 0 0
vt 0 0
vt 0 0
vt 0 0
vt 0 0
vt 0 0
vt 0 0
vt 0 0
vt 0 0
vt 0 0
vt 0 0
vt 0 0
vt 0 0
vt 0 0
vt 0 0
vt 0 0
vt 0 0
vt 0 0
vt 0 0
vt 0 0
vt 0 0
vt 0 0
vt 0 0
vt 0 0
vt 0 0
vt 0 0
vt 0 0
vt 0 0
vt 0 0
vt 0 0
vt 0 0
vt 0 0
vt 0 0
vt 0 0
vt 0 0
vt 0 0
vt 0 0
vt 0 0
vt 0 0
vt 0 0
vt 0 0
vt 0 0
vt 0 0
vt 0 0
vt 0 0
vt 0 0
vt 0 0
vt 0 0
vt 0 0
vt 0 0
vt 0 0
vt 0 0
vt 0 0
vt 0 0
vt 0 0
vt 0 0
vt 0 0
vt 0 0
vt 0 0
vt 0 0
vt 0 0
vt 0 0
vt 0 0
vt 0 0
vt 0 0
vt 0 0
vt 0 0
vt 0 0
vt 0 0
vt 0 0
vt 0 0
vt 0 0
vt 0 0
vt 0 0
vt 0 0
vt 0 0
vt 0 0
vt 0 0
vt 0 0
vt 0 0
vt 0 0
vt 0 0
vt 0 0
vt 0 0
vt 0 0
vt 0 0
vt 0 0
vt 0 0
vt 0 0
vt 0 0
vt 0 0
vt 0 0
vt 0 0
vt 0 0
vt 0 0
vt 0 0
vt 0 0
vt 0 0
vt 0 0
vt 0 0
vt 0 0
vt 0 0
vt 0 0
vt 0 0
vt 0 0
vt 0 0
vt 0 0
vt 0 0
vt 0 0
vt 0 0
vt 0 0
vt 0 0
vt 0 0
vt 0 0
vt 0 0
vt 0 0
vt 0 0
vt 0 0
vt 0 0
vt 0 0
vt 0 0
vt 0 0
vt 0 0
vt 0 0
vt 0 0
vt 0 0
vt 0 0
vt 0 0
vt 0 0
vt 0 0
vt 0 0
vt 0 0
vt 0 0
vt 0 0
vt 0 0
vt 0 0
vt 0 0
vt 0 0
vt 0 0
vt 0 0
vt 0 0
vt 0 0
vt 0 0
vt 0 0
vt 0 0
vt 0 0
vt 0 0
vt 0 0
vt 0 0
vt 0 0
vt 0 0
vt 0 0
vt 0 0
vt 0 0
vt 0 0
vt 0 0
vt 0 0
vt 0 0
vt 0 0
vt 0 0
vt 0 0
vt 0 0
vt 0 0
vt 0 0
vt 0 0
vt 0 0
vt 0 0
vt 0 0
vt 0 0
vt 0 0
vt 0 0
vt 0 0
vt 0 0
vt 0 0
vt 0 0
vt 0 0
vt 0 0
vt 0 0
vt 0 0
vt 0 0
vt 0 0
vt 0 0
vt 0 0
vt 0 0
vt 0 0
vt 0 0
vt 0 0
vt 0 0
vt 0 0
vt 0 0
vt 0 0
vt 0 0
vt 0 0
vt 0 0
vt 0 0
vt 0 0
vt 0 0
vt 0 0
vt 0 0
vt 0 0
vt 0 0
vt 0 0
vt 0 0
vt 0 0
vt 0 0
vt 0 0
vt 0 0
vt 0 0
vt 0 0
vt 0 0
vt 0 0
vt 0 0
vt 0 0
vt 0 0
vt 0 0
vt 0 0
vt 0 0
vt 0 0
vt 0 0
vt 0 0
vt 0 0
vt 0 0
vt 0 0
vt 0 0
vt 0 0
vt 0 0
vt 0 0
vt 0 0
vt 0 0
vt 0 0
vt 0 0
vt 0 0
vt 0 0
vt 0 0
vt 0 0
vt 0 0
vt 0 0
vt 0 0
vt 0 0
vt 0 0
vt 0 0
vt 0 0
vt 0 0
vt 0 0
vt 0 0
vt 0 0
vt 0 0
vt 0 0
vt 0 0
vt 0 0
vt 0 0
vt 0 0
vt 0 0
vt 0 0
vt 0 0
vt 0 0
vt 0 0
vt 0 0
vt 0 0
vt 0 0
vt 0 0
vt 0 0
vt 0 0
vt 0 0
vt 0 0
vt 0 0
vt 0 0
vt 0 0
vt 0 0
vt 0 0
vt 0 0
vt 0 0
vt 0 0
vt 0 0
vt 0 0
vt 0 0
vt 0 0
vt 0 0
vt 0 0
vt 0 0
vt 0 0
vt 0 0
vt 0 0
vt 0 0
vt 0 0
vt 0 0
vt 0 0
vt 0 0
vt 0 0
vt 0 0
vt 0 0
vt 0 0
vt 0 0
vt 0 0
vt 0 0
vt 0 0
vt 0 0
vt 0 0
vt 0 0
vt 0 0
vt 0 0
vt 0 0
vt 0 0
vt 0 0
vt 0 0
vt 0 0
vt 0 0
vt 0 0
vt 0 0
vt 0 0
vt 0 0
vt 0 0
vt 0 0
vt 0 0
vt 0 0
vt 0 0
vt 0 0
vt 0 0
vt 0 0
vt 0 0
vt 0 0
vt 0 0
vt 0 0
vt 0 0
vt 0 0
vt 0 0
vt 0 0
vt 0 0
vt 0 0
vt 0 0
vt 0 0
vt 0 0
vt 0 0
vt 0 0
vt 0 0
vt 0 0
vt 0 0
vt 0 0
vt 0 0
vt 0 0
vt 0 0
vt 0 0
vt 0 0
vt 0 0
vt 0 0
vt 0 0
vt 0 0
vt 0 0
vt 0 0
vt 0 0
vt 0 0
vt 0 0
vt 0 0
vt 0 0
vt 0 0
vt 0 0
vt 0 0
vt 0 0
vt 0 0
vt 0 0
vt 0 0
vt 0 0
vt 0 0
vt 0 0
vt 0 0
vt 0 0
vt 0 0
vt 0 0
vt 0 0
vt 0 0
vt 0 0
vt 0 0
vt 0 0
vt 0 0
vt 0 0
vt 0 0
vt 0 0
vt 0 0
vt 0 0
vt 0 0
vt 0 0
vt 0 0
vt 0 0
vt 0 0
vt 0 0
vt 0 0
vt 0 0
vt 0 0
vt 0 0
vt 0 0
vt 0 0
vt 0 0
vt 0 0
vt 0 0
vt 0 0
vt 0 0
vt 0 0
vt 0 0
vt 0 0
vt 0 0
vt 0 0
vt 0 0
vt 0 0
vt 0 0
vt 0 0
vt 0 0
vt 0 0
vt 0 0
vt 0 0
vt 0 0
vt 0 0
vt 0 0
vt 0 0
vt 0 0
vt 0 0
vt 0 0
vt 0 0
vt 0 0
vt 0 0
vt 0 0
vt 0 0
vt 0 0
vt 0 0
vt 0 0
vt 0 0
vt 0 0
vt 0 0
vt 0 0
vt 0 0
vt 0 0
vt 0 0
vt 0 0
vt 0 0
vt 0 0
vt 0 0
vt 0 0
vt 0 0
vt 0 0
vt 0 0
vt 0 0
vt 0 0
vt 0 0
vt 0 0
vt 0 0
vt 0 0
vt 0 0
vt 0 0
vt 0 0
vt 0 0
vt 0 0
vt 0 0
vt 0 0
vt 0 0
vt 0 0
vt 0 0
vt 0 0
vt 0 0
vt 0 0
vt 0 0
vt 0 0
vt 0 0
vt 0 0
vt 0 0
vt 0 0
vt 0 0
vt 0 0
vt 0 0
vt 0 0
vt 0 0
vt 0 0
vt 0 0
vt 0 0
vt 0 0
vt 0 0
vt 0 0
vt 0 0
vt 0 0
vt 0 0
vt 0 0
vt 0 0
vt 0 0
vt 0 0
vt 0 0
vt 0 0
vt 0 0
vt 0 0
vt 0 0
vt 0 0
vt 0 0
vt 0 0
vt 0 0
vt 0 0
vt 0 0
vt 0 0
vt 0 0
vt 0 0
vt 0 0
vt 0 0
vt 0 0
vt 0 0
vt 0 0
vt 0 0
vt 0 0
vt 0 0
vt 0 0
vt 0 0
vt 0 0
vt 0 0
vt 0 0
vt 0 0
vt 0 0
vt 0 0
vt 0 0
vt 0 0
vt 0 0
vt 0 0
vt 0 0
vt 0 0
vt 0 0
vt 0 0
vt 0 0
vt 0 0
vt 0 0
vt 0 0
vt 0 0
vt 0 0
vt 0 0
vt 0 0
vt 0 0
vt 0 0
vt 0 0
vt 0 0
vt 0 0
vt 0 0
vt 0 0
vt 0 0
vt 0 0
vt 0 0
vt 0 0
vt 0 0
vt 0 0
vt 0 0
vt 0 0
vt 0 0
vt 0 0
vt 0 0
vt 0 0
vt 0 0
vt 0 0
vt 0 0
vt 0 0
vt 0 0
vt 0 0
vt 0 0
vt 0 0
vt 0 0
vt 0 0
vt 0 0
vt 0 0
vt 0 0
vt 0 0
vt 0 0
vt 0 0
vt 0 0
vt 0 0
vt 0 0
vt 0 0
vt 0 0
vt 0 0
vt 0 0
vt 0 0
vt 0 0
vt 0 0
vt 0 0
vt 0 0
vt 0 0
vt 0 0
vt 0 0
vt 0 0
vt 0 0
vt 0 0
vt 0 0
vt 0 0
vt 0 0
vt 0 0
vt 0 0
vt 0 0
vt 0 0
vt 0 0
vt 0 0
vt 0 0
vt 0 0
vt 0 0
vt 0 0
vt 0 0
vt 0 0
vt 0 0
vt 0 0
vt 0 0
vt 0 0
vt 0 0
vt 0 0
vt 0 0
vt 0 0
vt 0 0
vt 0 0
vt 0 0
vt 0 0
vt 0 0
vt 0 0
vt 0 0
vt 0 0
vt 0 0
vt 0 0
vt 0 0
vt 0 0
vt 0 0
vt 0 0
vt 0 0
vt 0 0
vt 0 0
vt 0 0
vt 0 0
vt 0 0
vt 0 0
vt 0 0
vt 0 0
vt 0 0
vt 0 0
vt 0 0
vt 0 0
vt 0 0
vt 0 0
vt 0 0
vt 0 0
vt 0 0
vt 0 0
vt 0 0
vt 0 0
vt 0 0
vt 0 0
vt 0 0
vt 0 0
vt 0 0
vt 0 0
vt 0 0
vt 0 0
vt 0 0
vt 0 0
vt 0 0
vt 0 0
vt 0 0
vt 0 0
vt 0 0
vt 0 0
vt 0 0
vt 0 0
vt 0 0
vt 0 0
vt 0 0
vt 0 0
vt 0 0
vt 0 0
vt 0 0
vt 0 0
vt 0 0
vt 0 0
vt 0 0
vt 0 0
vt 0 0
vt 0 0
vt 0 0
vt 0 0
vt 0 0
vt 0 0
vt 0 0
vt 0 0
vt 0 0
vt 0 0
vt 0 0
vt 0 0
vt 0 0
vt 0 0
vt 0 0
vt 0 0
vt 0 0
vt 0 0
vt 0 0
vt 0 0
vt 0 0
vt 0 0
vt 0 0
vt 0 0
vt 0 0
vt 0 0
vt 0 0
vt 0 0
vt 0 0
vt 0 0
vt 0 0
vt 0 0
vt 0 0
vt 0 0
vt 0 0
vt 0 0
vt 0 0
vt 0 0
vt 0 0
vt 0 0
vt 0 0
vt 0 0
vt 0 0
vt 0 0
vt 0 0
vt 0 0
vt 0 0
vt 0 0
vt 0 0
vt 0 0
vt 0 0
vt 0 0
vt 0 0
vt 0 0
vt 0 0
vt 0 0
vt 0 0
vt 0 0
vt 0 0
vt 0 0
vt 0 0
vt 0 0
vt 0 0
vt 0 0
vt 0 0
vt 0 0
vt 0 0
vt 0 0
vt 0 0
vt 0 0
vt 0 0
vt 0 0
vt 0 0
vt 0 0
vt 0 0
vt 0 0
vt 0 0
vt 0 0
vt 0 0
vt 0 0
vt 0 0
vt 0 0
vt 0 0
vt 0 0
vt 0 0
vt 0 0
vt 0 0
vt 0 0
vt 0 0
vt 0 0
vt 0 0
vt 0 0
vt 0 0
vt 0 0
vt 0 0
vt 0 0
vt 0 0
vt 0 0
vt 0 0
vt 0 0
vt 0 0
vt 0 0
vt 0 0
vt 0 0
vt 0 0
vt 0 0
vt 0 0
vt 0 0
vt 0 0
vt 0 0
vt 0 0
vt 0 0
vt 0 0
vt 0 0
vt 0 0
vt 0 0
vt 0 0
vt 0 0
vt 0 0
vt 0 0
vt 0 0
vt 0 0
vt 0 0
vt 0 0
vt 0 0
vt 0 0
vt 0 0
vt 0 0
vt 0 0
vt 0 0
vt 0 0
vt 0 0
vt 0 0
vt 0 0
vt 0 0
vt 0 0
vt 0 0
vt 0 0
vt 0 0
vt 0 0
vt 0 0
vt 0 0
vt 0 0
vt 0 0
vt 0 0
vt 0 0
vt 0 0
vt 0 0
vt 0 0
vt 0 0
vt 0 0
vt 0 0
vt 0 0
vt 0 0
vt 0 0
vt 0 0
vt 0 0
vt 0 0
vt 0 0
vt 0 0
vt 0 0
vt 0 0
vt 0 0
vt 0 0
vt 0 0
vt 0 0
vt 0 0
vt 0 0
vt 0 0
vt 0 0
vt 0 0
vt 0 0
vt 0 0
vt 0 0
vt 0 0
vt 0 0
vt 0 0
vt 0 0
vt 0 0
vt 0 0
vt 0 0
vt 0 0
vt 0 0
vt 0 0
vt 0 0
vt 0 0
vt 0 0
vt 0 0
vt 0 0
vt 0 0
vt 0 0
vt 0 0
vt 0 0
vt 0 0
vt 0 0
vt 0 0
vt 0 0
vt 0 0
vt 0 0
vt 0 0
vt 0 0
vt 0 0
vt 0 0
vt 0 0
vt 0 0
vt 0 0
vt 0 0
vt 0 0
vt 0 0
vt 0 0
vt 0 0
vt 0 0
vt 0 0
vt 0 0
vt 0 0
vt 0 0
vt 0 0
vt 0 0
vt 0 0
vt 0 0
vt 0 0
vt 0 0
vt 0 0
vt 0 0
vt 0 0
vt 0 0
vt 0 0
vt 0 0
vt 0 0
vt 0 0
vt 0 0
vt 0 0
vt 0 0
vt 0 0
vt 0 0
vt 0 0
vt 0 0
vt 0 0
vt 0 0
vt 0 0
vt 0 0
vt 0 0
vt 0 0
vt 0 0
vt 0 0
vt 0 0
vt 0 0
vt 0 0
vt 0 0
vt 0 0
vt 0 0
vt 0 0
vt 0 0
vt 0 0
vt 0 0
vt 0 0
vt 0 0
vt 0 0
vt 0 0
vt 0 0
vt 0 0
vt 0 0
vt 0 0
vt 0 0
vt 0 0
vt 0 0
vt 0 0
vt 0 0
vt 0 0
vt 0 0
vt 0 0
vt 0 0
vt 0 0
vt 0 0
vt 0 0
vt 0 0
vt 0 0
vt 0 0
vt 0 0
vt 0 0
vt 0 0
vt 0 0
vt 0 0
vt 0 0
vt 0 0
vt 0 0
vt 0 0
vt 0 0
vt 0 0
vt 0 0
vt 0 0
vt 0 0
vt 0 0
vt 0 0
vt 0 0
vt 0 0
vt 0 0
vt 0 0
vt 0 0
vt 0 0
vt 0 0
vt 0 0
vt 0 0
vt 0 0
vt 0 0
vt 0 0
vt 0 0
vt 0 0
vt 0 0
vt 0 0
vt 0 0
vt 0 0
vt 0 0
vt 0 0
vt 0 0
vt 0 0
vt 0 0
vt 0 0
vt 0 0
vt 0 0
vt 0 0
vt 0 0
vt 0 0
vt 0 0
vt 0 0
vt 0 0
vt 0 0
vt 0 0
vt 0 0
vt 0 0
vt 0 0
vt 0 0
vt 0 0
vt 0 0
vt 0 0
vt 0 0
vt 0 0
vt 0 0
vt 0 0
vt 0 0
vt 0 0
vt 0 0
vt 0 0
vt 0 0
vt 0 0
vt 0 0
vt 0 0
vt 0 0
vt 0 0
vt 0 0
vt 0 0
vt 0 0
vt 0 0
vt 0 0
vt 0 0
vt 0 0
vt 0 0
vt 0 0
vt 0 0
vt 0 0
vt 0 0
vt 0 0
vt 0 0
vt 0 0
vt 0 0
vt 0 0
vt 0 0
vt 0 0
vt 0 0
vt 0 0
vt 0 0
vt 0 0
vt 0 0
vt 0 0
vt 0 0
vt 0 0
vt 0 0
vt 0 0
vt 0 0
vt 0 0
vt 0 0
vt 0 0
vt 0 0
vt 0 0
vt 0 0
vt 0 0
vt 0 0
vt 0 0
vt 0 0
vt 0 0
vt 0 0
vt 0 0
vt 0 0
vt 0 0
vt 0 0
vt 0 0
vt 0 0
vt 0 0
vt 0 0
vt 0 0
vt 0 0
vt 0 0
vt 0 0
vt 0 0
vt 0 0
vt 0 0
vt 0 0
vt 0 0
vt 0 0
vt 0 0
vt 0 0
vt 0 0
vt 0 0
vt 0 0
vt 0 0
vt 0 0
vt 0 0
vt 0 0
vt 0 0
vt 0 0
vt 0 0
vt 0 0
vt 0 0
vt 0 0
vt 0 0
vt 0 0
vt 0 0
vt 0 0
vt 0 0
vt 0 0
vt 0 0
vt 0 0
vt 0 0
vt 0 0
vt 0 0
vt 0 0
vt 0 0
vt 0 0
vt 0 0
vt 0 0
vt 0 0
vt 0 0
vt 0 0
vt 0 0
vt 0 0
vt 0 0
vt 0 0
vt 0 0
vt 0 0
vt 0 0
vt 0 0
vt 0 0
vt 0 0
vt 0 0
vt 0 0
vt 0 0
vt 0 0
vt 0 0
vt 0 0
vt 0 0
vt 0 0
vt 0 0
vt 0 0
vt 0 0
vt 0 0
vt 0 0
vt 0 0
vt 0 0
vt 0 0
vt 0 0
vt 0 0
vt 0 0
vt 0 0
vt 0 0
vt 0 0
vt 0 0
vt 0 0
vt 0 0
vt 0 0
vt 0 0
vt 0 0
vt 0 0
vt 0 0
vt 0 0
vt 0 0
vt 0 0
vt 0 0
vt 0 0
vt 0 0
vt 0 0
vt 0 0
vt 0 0
vt 0 0
vt 0 0
vt 0 0
vt 0 0
vt 0 0
vt 0 0
vt 0 0
vt 0 0
vt 0 0
vt 0 0
vt 0 0
vt 0 0
vt 0 0
vt 0 0
vt 0 0
vt 0 0
vt 0 0
vt 0 0
vt 0 0
vt 0 0
vt 0 0
vt 0 0
vt 0 0
vt 0 0
vt 0 0
vt 0 0
vt 0 0
vt 0 0
vt 0 0
vt 0 0
vt 0 0
vt 0 0
vt 0 0
vt 0 0
vt 0 0
vt 0 0
vt 0 0
vt 0 0
vt 0 0
vt 0 0
vt 0 0
vt 0 0
vt 0 0
vt 0 0
vt 0 0
vt 0 0
vt 0 0
vt 0 0
vt 0 0
vt 0 0
vt 0 0
vt 0 0
vt 0 0
vt 0 0
vt 0 0
vt 0 0
vt 0 0
vt 0 0
vt 0 0
vt 0 0
vt 0 0
vt 0 0
vt 0 0
vt 0 0
vt 0 0
vt 0 0
vt 0 0
vt 0 0
vt 0 0
vt 0 0
vt 0 0
vt 0 0
vt 0 0
vt 0 0
vt 0 0
vt 0 0
vt 0 0
vt 0 0
vt 0 0
vt 0 0
vt 0 0
vt 0 0
vt 0 0
vt 0 0
vt 0 0
vt 0 0
vt 0 0
vt 0 0
vt 0 0
vt 0 0
vt 0 0
vt 0 0
vt 0 0
vt 0 0
vt 0 0
vt 0 0
vt 0 0
vt 0 0
vt 0 0
vt 0 0
vt 0 0
vt 0 0
vt 0 0
vt 0 0
vt 0 0
vt 0 0
vt 0 0
vt 0 0
vt 0 0
vt 0 0
vt 0 0
vt 0 0
vt 0 0
vt 0 0
vt 0 0
vt 0 0
vt 0 0
vt 0 0
vt 0 0
vt 0 0
vt 0 0
vt 0 0
vt 0 0
vt 0 0
vt 0 0
vt 0 0
vt 0 0
vt 0 0
vt 0 0
vt 0 0
vt 0 0
vt 0 0
vt 0 0
vt 0 0
vt 0 0
vt 0 0
vt 0 0
vt 0 0
vt 0 0
vt 0 0
vt 0 0
vt 0 0
vt 0 0
vt 0 0
vt 0 0
vt 0 0
vt 0 0
vt 0 0
vt 0 0
vt 0 0
vt 0 0
vt 0 0
vt 0 0
vt 0 0
vt 0 0
vt 0 0
vt 0 0
vt 0 0
vt 0 0
vt 0 0
vt 0 0
vt 0 0
vt 0 0
vt 0 0
vt 0 0
vt 0 0
vt 0 0
vt 0 0
vt 0 0
vt 0 0
vt 0 0
vt 0 0
vt 0 0
vt 0 0
vt 0 0
vt 0 0
vt 0 0
vt 0 0
vt 0 0
vt 0 0
vt 0 0
vt 0 0
vt 0 0
vt 0 0
vt 0 0
vt 0 0
vt 0 0
vt 0 0
vt 0 0
vt 0 0
vt 0 0
vt 0 0
vt 0 0
vt 0 0
vt 0 0
vt 0 0
vt 0 0
vt 0 0
vt 0 0
vt 0 0
vt 0 0
vt 0 0
vt 0 0
vt 0 0
vt 0 0
vt 0 0
vt 0 0
vt 0 0
vt 0 0
vt 0 0
vt 0 0
vt 0 0
vt 0 0
vt 0 0
vt 0 0
vt 0 0
vt 0 0
vt 0 0
vt 0 0
vt 0 0
vt 0 0
vt 0 0
vt 0 0
vt 0 0
vt 0 0
vt 0 0
vt 0 0
vt 0 0
vt 0 0
vt 0 0
vt 0 0
vt 0 0
vt 0 0
vt 0 0
vt 0 0
vt 0 0
vt 0 0
vt 0 0
vt 0 0
vt 0 0
vt 0 0
vt 0 0
vt 0 0
vt 0 0
vt 0 0
vt 0 0
vt 0 0
vt 0 0
vt 0 0
vt 0 0
vt 0 0
vt 0 0
vt 0 0
vt 0 0
vt 0 0
vt 0 0
vt 0 0
vt 0 0
vt 0 0
vt 0 0
vt 0 0
vt 0 0
vt 0 0
vt 0 0
vt 0 0
vt 0 0
vt 0 0
vt 0 0
vt 0 0
vt 0 0
vt 0 0
vt 0 0
vt 0 0
vt 0 0
vt 0 0
vt 0 0
vt 0 0
vt 0 0
vt 0 0
vt 0 0
vt 0 0
vt 0 0
vt 0 0
vt 0 0
vt 0 0
vt 0 0
vt 0 0
vt 0 0
vt 0 0
vt 0 0
vt 0 0
vt 0 0
vt 0 0
vt 0 0
vt 0 0
vt 0 0
vt 0 0
vt 0 0
vt 0 0
vt 0 0
vt 0 0
vt 0 0
vt 0 0
vt 0 0
vt 0 0
vt 0 0
vt 0 0
vt 0 0
vt 0 0
vt 0 0
vt 0 0
vt 0 0
vt 0 0
vt 0 0
vt 0 0
vt 0 0
vt 0 0
vt 0 0
vt 0 0
vt 0 0
vt 0 0
vt 0 0
vt 0 0
vt 0 0
vt 0 0
vt 0 0
vt 0 0
vt 0 0
vt 0 0
vt 0 0
vt 0 0
vt 0 0
vt 0 0
vt 0 0
vt 0 0
vt 0 0
vt 0 0
vt 0 0
vt 0 0
vt 0 0
vt 0 0
vt 0 0
vt 0 0
vt 0 0
vt 0 0
vt 0 0
vt 0 0
vt 0 0
vt 0 0
vt 0 0
vt 0 0
vt 0 0
vt 0 0
vt 0 0
vt 0 0
vt 0 0
vt 0 0
vt 0 0
vt 0 0
vt 0 0
vt 0 0
vt 0 0
vt 0 0
vt 0 0
vt 0 0
vt 0 0
vt 0 0
vt 0 0
vt 0 0
vt 0 0
vt 0 0
vt 0 0
vt 0 0
vt 0 0
vt 0 0
vt 0 0
vt 0 0
vt 0 0
vt 0 0
vt 0 0
vt 0 0
vt 0 0
vt 0 0
vt 0 0
vt 0 0
vt 0 0
vt 0 0
vt 0 0
vt 0 0
vt 0 0
vt 0 0
vt 0 0
vt 0 0
vt 0 0
vt 0 0
vt 0 0
vt 0 0
vt 0 0
vt 0 0
vt 0 0
vt 0 0
vt 0 0
vt 0 0
vt 0 0
vt 0 0
vt 0 0
vt 0 0
vt 0 0
vt 0 0
vt 0 0
vt 0 0
vt 0 0
vt 0 0
vt 0 0
vt 0 0
vt 0 0
vt 0 0
vt 0 0
vt 0 0
vt 0 0
vt 0 0
vt 0 0
vt 0 0
vt 0 0
vt 0 0
vt 0 0
vt 0 0
vt 0 0
vt 0 0
vt 0 0
vt 0 0
vt 0 0
vt 0 0
vt 0 0
vt 0 0
vt 0 0
vt 0 0
vt 0 0
vt 0 0
vt 0 0
vt 0 0
vt 0 0
vt 0 0
vt 0 0
vt 0 0
vt 0 0
vt 0 0
vt 0 0
vt 0 0
vt 0 0
vt 0 0
vt 0 0
vt 0 0
vt 0 0
vt 0 0
vt 0 0
vt 0 0
vt 0 0
vt 0 0
vt 0 0
vt 0 0
vt 0 0
vt 0 0
vt 0 0
vt 0 0
vt 0 0
vt 0 0
vt 0 0
vt 0 0
vt 0 0
vt 0 0
vt 0 0
vt 0 0
vt 0 0
vt 0 0
vt 0 0
vt 0 0
vt 0 0
vt 0 0
vt 0 0
vt 0 0
vt 0 0
vt 0 0
vt 0 0
vt 0 0
vt 0 0
vt 0 0
vt 0 0
vt 0 0
vt 0 0
vt 0 0
vt 0 0
vt 0 0
vt 0 0
vt 0 0
vt 0 0
vt 0 0
vt 0 0
vt 0 0
vt 0 0
vt 0 0
vt 0 0
vt 0 0
vt 0 0
vt 0 0
vt 0 0
vt 0 0
vt 0 0
vt 0 0
vt 0 0
vt 0 0
vt 0 0
vt 0 0
vt 0 0
vt 0 0
vt 0 0
vt 0 0
vt 0 0
vt 0 0
vt 0 0
vt 0 0
vt 0 0
vt 0 0
vt 0 0
vt 0 0
vt 0 0
vt 0 0
vt 0 0
vt 0 0
vt 0 0
vt 0 0
vt 0 0
vt 0 0
vt 0 0
vt 0 0
vt 0 0
vt 0 0
vt 0 0
vt 0 0
vt 0 0
vt 0 0
vt 0 0
vt 0 0
vt 0 0
vt 0 0
vt 0 0
vt 0 0
vt 0 0
vt 0 0
vt 0 0
vt 0 0
vt 0 0
vt 0 0
vt 0 0
vt 0 0
vt 0 0
vt 0 0
vt 0 0
vt 0 0
vt 0 0
vt 0 0
vt 0 0
vt 0 0
vt 0 0
vt 0 0
vt 0 0
vt 0 0
vt 0 0
vt 0 0
vt 0 0
vt 0 0
vt 0 0
vt 0 0
vt 0 0
vt 0 0
vt 0 0
vt 0 0
vt 0 0
vt 0 0
vt 0 0
vt 0 0
vt 0 0
vt 0 0
vt 0 0
vt 0 0
vt 0 0
vt 0 0
vt 0 0
vt 0 0
vt 0 0
vt 0 0
vt 0 0
vt 0 0
vt 0 0
vt 0 0
vt 0 0
vt 0 0
vt 0 0
vt 0 0
vt 0 0
vt 0 0
vt 0 0
vt 0 0
vt 0 0
vt 0 0
vt 0 0
vt 0 0
vt 0 0
vt 0 0
vt 0 0
vt 0 0
vt 0 0
vt 0 0
vt 0 0
vt 0 0
vt 0 0
vt 0 0
vt 0 0
vt 0 0
vt 0 0
vt 0 0
vt 0 0
vt 0 0
vt 0 0
vt 0 0
vt 0 0
vt 0 0
vt 0 0
vt 0 0
vt 0 0
vt 0 0
vt 0 0
vt 0 0
vt 0 0
vt 0 0
vt 0 0
vt 0 0
vt 0 0
vt 0 0
vt 0 0
vt 0 0
vt 0 0
vt 0 0
vt 0 0
vt 0 0
vt 0 0
vt 0 0
vt 0 0
vt 0 0
vt 0 0
vt 0 0
vt 0 0
vt 0 0
vt 0 0
vt 0 0
vt 0 0
vt 0 0
vt 0 0
vt 0 0
vt 0 0
vt 0 0
vt 0 0
vt 0 0
vt 0 0
vt 0 0
vt 0 0
vt 0 0
vt 0 0
vt 0 0
vt 0 0
vt 0 0
vt 0 0
vt 0 0
vt 0 0
vt 0 0
vt 0 0
vt 0 0
vt 0 0
vt 0 0
vt 0 0
vt 0 0
vt 0 0
vt 0 0
vt 0 0
vt 0 0
vt 0 0
vt 0 0
vt 0 0
vt 0 0
vt 0 0
vt 0 0
vt 0 0
vt 0 0
vt 0 0
vt 0 0
vt 0 0
vt 0 0
vt 0 0
vt 0 0
vt 0 0
vt 0 0
vt 0 0
vt 0 0
vt 0 0
vt 0 0
vt 0 0
vt 0 0
vt 0 0
vt 0 0
vt 0 0
vt 0 0
vt 0 0
vt 0 0
vt 0 0
vt 0 0
vt 0 0
vt 0 0
vt 0 0
vt 0 0
vt 0 0
vt 0 0
vt 0 0
vt 0 0
vt 0 0
vt 0 0
vt 0 0
vt 0 0
vt 0 0
vt 0 0
vt 0 0
vt 0 0
vt 0 0
vt 0 0
vt 0 0
vt 0 0
vt 0 0
vt 0 0
vt 0 0
vt 0 0
vt 0 0
vt 0 0
vt 0 0
vt 0 0
vt 0 0
vt 0 0
vt 0 0
vt 0 0
vt 0 0
vt 0 0
vt 0 0
vt 0 0
vt 0 0
vt 0 0
vt 0 0
vt 0 0
vt 0 0
vt 0 0
vt 0 0
vt 0 0
vt 0 0
vt 0 0
vt 0 0
vt 0 0
vt 0 0
vt 0 0
vt 0 0
vt 0 0
vt 0 0
vt 0 0
vt 0 0
vt 0 0
vt 0 0
vt 0 0
vt 0 0
vt 0 0
vt 0 0
vt 0 0
vt 0 0
vt 0 0
vt 0 0
vt 0 0
vt 0 0
vt 0 0
vt 0 0
vt 0 0
vt 0 0
vt 0 0
vt 0 0
vt 0 0
vt 0 0
vt 0 0
vt 0 0
vt 0 0
vt 0 0
vt 0 0
vt 0 0
vt 0 0
vt 0 0
vt 0 0
vt 0 0
vt 0 0
vt 0 0
vt 0 0
vt 0 0
vt 0 0
vt 0 0
vt 0 0
vt 0 0
vt 0 0
vt 0 0
vt 0 0
vt 0 0
vt 0 0
vt 0 0
vt 0 0
vt 0 0
vt 0 0
vt 0 0
vt 0 0
vt 0 0
vt 0 0
vt 0 0
vt 0 0
vt 0 0
vt 0 0
vt 0 0
vt 0 0
vt 0 0
vt 0 0
vt 0 0
vt 0 0
vt 0 0
vt 0 0
vt 0 0
vt 0 0
vt 0 0
vt 0 0
vt 0 0
vt 0 0
vt 0 0
vt 0 0
vt 0 0
vt 0 0
vt 0 0
vt 0 0
vt 0 0
vt 0 0
vt 0 0
vt 0 0
vt 0 0
vt 0 0
vt 0 0
vt 0 0
vt 0 0
vt 0 0
vt 0 0
vt 0 0
vt 0 0
vt 0 0
vt 0 0
vt 0 0
vt 0 0
vt 0 0
vt 0 0
vt 0 0
vt 0 0
vt 0 0
vt 0 0
vt 0 0
vt 0 0
vt 0 0
vt 0 0
vt 0 0
vt 0 0
vt 0 0
vt 0 0
vt 0 0
vt 0 0
vt 0 0
vt 0 0
vt 0 0
vt 0 0
vt 0 0
vt 0 0
vt 0 0
vt 0 0
vt 0 0
vt 0 0
vt 0 0
vt 0 0
vt 0 0
vt 0 0
vt 0 0
vt 0 0
vt 0 0
vt 0 0
vt 0 0
vt 0 0
vt 0 0
vt 0 0
vt 0 0
vt 0 0
vt 0 0
vt 0 0
vt 0 0
vt 0 0
vt 0 0
vt 0 0
vt 0 0
vt 0 0
vt 0 0
vt 0 0
vt 0 0
vt 0 0
vt 0 0
vt 0 0
vt 0 0
vt 0 0
vt 0 0
vt 0 0
vt 0 0
vt 0 0
vt 0 0
vt 0 0
vt 0 0
vt 0 0
vt 0 0
vt 0 0
vt 0 0
vt 0 0
vt 0 0
vt 0 0
vt 0 0
vt 0 0
vt 0 0
vt 0 0
vt 0 0
vt 0 0
vt 0 0
vt 0 0
vt 0 0
vt 0 0
vt 0 0
vt 0 0
vt 0 0
vt 0 0
vt 0 0
vt 0 0
vt 0 0
vt 0 0
vt 0 0
vt 0 0
vt 0 0
vt 0 0
vt 0 0
vt 0 0
vt 0 0
vt 0 0
vt 0 0
vt 0 0
vt 0 0
vt 0 0
vt 0 0
vt 0 0
vt 0 0
vt 0 0
vt 0 0
vt 0 0
vt 0 0
vt 0 0
vt 0 0
vt 0 0
vt 0 0
vt 0 0
vt 0 0
vt 0 0
vt 0 0
vt 0 0
vt 0 0
vt 0 0
vt 0 0
vt 0 0
vt 0 0
vt 0 0
vt 0 0
vt 0 0
vt 0 0
vt 0 0
vt 0 0
vt 0 0
vt 0 0
vt 0 0
vt 0 0
vt 0 0
vt 0 0
vt 0 0
vt 0 0
vt 0 0
vt 0 0
vt 0 0
vt 0 0
vt 0 0
vt 0 0
vt 0 0
vt 0 0
vt 0 0
vt 0 0
vt 0 0
vt 0 0
vt 0 0
vt 0 0
vt 0 0
vt 0 0
vt 0 0
vt 0 0
vt 0 0
vt 0 0
vt 0 0
vt 0 0
vt 0 0
vt 0 0
vt 0 0
vt 0 0
vt 0 0
vt 0 0
vt 0 0
vt 0 0
vt 0 0
vt 0 0
vt 0 0
vt 0 0
vt 0 0
vt 0 0
vt 0 0
vt 0 0
vt 0 0
vt 0 0
vt 0 0
vt 0 0
vt 0 0
vt 0 0
vt 0 0
vt 0 0
vt 0 0
vt 0 0
vt 0 0
vt 0 0
vt 0 0
vt 0 0
vt 0 0
vt 0 0
vt 0 0
vt 0 0
vt 0 0
vt 0 0
vt 0 0
vt 0 0
vt 0 0
vt 0 0
vt 0 0
vt 0 0
vt 0 0
vt 0 0
vt 0 0
vt 0 0
vt 0 0
vt 0 0
vt 0 0
vt 0 0
vt 0 0
vt 0 0
vt 0 0
vt 0 0
vt 0 0
vt 0 0
vt 0 0
vt 0 0
vt 0 0
vt 0 0
vt 0 0
vt 0 0
vt 0 0
vt 0 0
vt 0 0
vt 0 0
vt 0 0
vt 0 0
vt 0 0
vt 0 0
vt 0 0
vt 0 0
vt 0 0
vt 0 0
vt 0 0
vt 0 0
vt 0 0
vt 0 0
vt 0 0
vt 0 0
vt 0 0
vt 0 0
vt 0 0
vt 0 0
vt 0 0
vt 0 0
vt 0 0
vt 0 0
vt 0 0
vt 0 0
vt 0 0
vt 0 0
vt 0 0
vt 0 0
vt 0 0
vt 0 0
vt 0 0
vt 0 0
vt 0 0
vt 0 0
vt 0 0
vt 0 0
vt 0 0
vt 0 0
vt 0 0
vt 0 0
vt 0 0
vt 0 0
vt 0 0
vt 0 0
vt 0 0
vt 0 0
vt 0 0
vt 0 0
vt 0 0
vt 0 0
vt 0 0
vt 0 0
vt 0 0
vt 0 0
vt 0 0
vt 0 0
vt 0 0
vt 0 0
vt 0 0
vt 0 0
vt 0 0
vt 0 0
vt 0 0
vt 0 0
vt 0 0
vt 0 0
vt 0 0
vt 0 0
vt 0 0
vt 0 0
vt 0 0
vt 0 0
vt 0 0
vt 0 0
vt 0 0
vt 0 0
vt 0 0
vt 0 0
vt 0 0
vt 0 0
vt 0 0
vt 0 0
vt 0 0
vt 0 0
vt 0 0
vt 0 0
vt 0 0
vt 0 0
vt 0 0
vt 0 0
vt 0 0
vt 0 0
vt 0 0
vt 0 0
vt 0 0
vt 0 0
vt 0 0
vt 0 0
vt 0 0
vt 0 0
vt 0 0
vt 0 0
vt 0 0
vt 0 0
vt 0 0
vt 0 0
vt 0 0
vt 0 0
vt 0 0
vt 0 0
vt 0 0
vt 0 0
vt 0 0
vt 0 0
vt 0 0
vt 0 0
vt 0 0
vt 0 0
vt 0 0
vt 0 0
vt 0 0
vt 0 0
vt 0 0
vt 0 0
vt 0 0
vt 0 0
vt 0 0
vt 0 0
vt 0 0
vt 0 0
vt 0 0
vt 0 0
vt 0 0
vt 0 0
vt 0 0
vt 0 0
vt 0 0
vt 0 0
vt 0 0
vt 0 0
vt 0 0
vt 0 0
vt 0 0
vt 0 0
vt 0 0
vt 0 0
vt 0 0
vt 0 0
vt 0 0
vt 0 0
vt 0 0
vt 0 0
vt 0 0
vt 0 0
vt 0 0
vt 0 0
vt 0 0
vt 0 0
vt 0 0
vt 0 0
vt 0 0
vt 0 0
vt 0 0
vt 0 0
vt 0 0
vt 0 0
vt 0 0
vt 0 0
vt 0 0
vt 0 0
vt 0 0
vt 0 0
vt 0 0
vt 0 0
vt 0 0
vt 0 0
vt 0 0
vt 0 0
vt 0 0
vt 0 0
vt 0 0
vt 0 0
vt 0 0
vt 0 0
vt 0 0
vt 0 0
vt 0 0
vt 0 0
vt 0 0
vt 0 0
vt 0 0
vt 0 0
vt 0 0
vt 0 0
vt 0 0
vt 0 0
vt 0 0
vt 0 0
vt 0 0
vt 0 0
vt 0 0
vt 0 0
vt 0 0
vt 0 0
vt 0 0
vt 0 0
vt 0 0
vt 0 0
vt 0 0
vt 0 0
vt 0 0
vt 0 0
vt 0 0
vt 0 0
vt 0 0
vt 0 0
vt 0 0
vt 0 0
vt 0 0
vt 0 0
vt 0 0
vt 0 0
vt 0 0
vt 0 0
vt 0 0
vt 0 0
vt 0 0
vt 0 0
vt 0 0
vt 0 0
vt 0 0
vt 0 0
vt 0 0
vt 0 0
vt 0 0
vt 0 0
vt 0 0
vt 0 0
vt 0 0
vt 0 0
vt 0 0
vt 0 0
vt 0 0
vt 0 0
vt 0 0
vt 0 0
vt 0 0
vt 0 0
vt 0 0
vt 0 0
vt 0 0
vt 0 0
vt 0 0
vt 0 0
vt 0 0
vt 0 0
vt 0 0
vt 0 0
vt 0 0
vt 0 0
vt 0 0
vt 0 0
vt 0 0
vt 0 0
vt 0 0
vt 0 0
vt 0 0
vt 0 0
vt 0 0
vt 0 0
vt 0 0
vt 0 0
vt 0 0
vt 0 0
vt 0 0
vt 0 0
vt 0 0
vt 0 0
vt 0 0
vt 0 0
vt 0 0
vt 0 0
vt 0 0
vt 0 0
vt 0 0
vt 0 0
vt 0 0
vt 0 0
vt 0 0
vt 0 0
vt 0 0
vt 0 0
vt 0 0
vt 0 0
vt 0 0
vt 0 0
vt 0 0
vt 0 0
vt 0 0
vt 0 0
vt 0 0
vt 0 0
vt 0 0
vt 0 0
vt 0 0
vt 0 0
vt 0 0
vt 0 0
vt 0 0
vt 0 0
vt 0 0
vt 0 0
vt 0 0
vt 0 0
vt 0 0
vt 0 0
vt 0 0
vt 0 0
vt 0 0
vt 0 0
vt 0 0
vt 0 0
vt 0 0
vt 0 0
vt 0 0
vt 0 0
vt 0 0
vt 0 0
vt 0 0
vt 0 0
vt 0 0
vt 0 0
vt 0 0
vt 0 0
vt 0 0
vt 0 0
vt 0 0
vt 0 0
vt 0 0
vt 0 0
vt 0 0
vt 0 0
vt 0 0
vt 0 0
vt 0 0
vt 0 0
vt 0 0
vt 0 0
vt 0 0
vt 0 0
vt 0 0
vt 0 0
vt 0 0
vt 0 0
vt 0 0
vt 0 0
vt 0 0
vt 0 0
vt 0 0
vt 0 0
vt 0 0
vt 0 0
vt 0 0
vt 0 0
vt 0 0
vt 0 0
vt 0 0
vt 0 0
vt 0 0
vt 0 0
vt 0 0
vt 0 0
vt 0 0
vt 0 0
vt 0 0
vt 0 0
vt 0 0
vt 0 0
vt 0 0
vt 0 0
vt 0 0
vt 0 0
vt 0 0
vt 0 0
vt 0 0
vt 0 0
vt 0 0
vt 0 0
vt 0 0
vt 0 0
vt 0 0
vt 0 0
vt 0 0
vt 0 0
vt 0 0
vt 0 0
vt 0 0
vt 0 0
vt 0 0
vt 0 0
vt 0 0
vt 0 0
vt 0 0
vt 0 0
vt 0 0
vt 0 0
vt 0 0
vt 0 0
vt 0 0
vt 0 0
vt 0 0
vt 0 0
vt 0 0
vt 0 0
vt 0 0
vt 0 0
vt 0 0
vt 0 0
vt 0 0
vt 0 0
vt 0 0
vt 0 0
vt 0 0
vt 0 0
vt 0 0
vt 0 0
vt 0 0
vt 0 0
vt 0 0
vt 0 0
vt 0 0
vt 0 0
vt 0 0
vt 0 0
vt 0 0
vt 0 0
vt 0 0
vt 0 0
vt 0 0
vt 0 0
vt 0 0
vt 0 0
vt 0 0
vt 0 0
vt 0 0
vt 0 0
vt 0 0
vt 0 0
vt 0 0
vt 0 0
vt 0 0
vt 0 0
vt 0 0
vt 0 0
vt 0 0
vt 0 0
vt 0 0
vt 0 0
vt 0 0
vt 0 0
vt 0 0
vt 0 0
vt 0 0
vt 0 0
vt 0 0
vt 0 0
vt 0 0
vt 0 0
vt 0 0
vt 0 0
vt 0 0
vt 0 0
vt 0 0
vt 0 0
vt 0 0
vt 0 0
vt 0 0
vt 0 0
vt 0 0
vt 0 0
vt 0 0
vt 0 0
vt 0 0
vt 0 0
vt 0 0
vt 0 0
vt 0 0
vt 0 0
vt 0 0
vt 0 0
vt 0 0
vt 0 0
vt 0 0
vt 0 0
vt 0 0
vt 0 0
vt 0 0
vt 0 0
vt 0 0
vt 0 0
vt 0 0
vt 0 0
vt 0 0
vt 0 0
vt 0 0
vt 0 0
vt 0 0
vt 0 0
vt 0 0
vt 0 0
vt 0 0
vt 0 0
vt 0 0
vt 0 0
vt 0 0
vt 0 0
vt 0 0
vt 0 0
vt 0 0
vt 0 0
vt 0 0
vt 0 0
vt 0 0
vt 0 0
vt 0 0
vt 0 0
vt 0 0
vt 0 0
vt 0 0
vt 0 0
vt 0 0
vt 0 0
vt 0 0
vt 0 0
vt 0 0
vt 0 0
vt 0 0
vt 0 0
vt 0 0
vt 0 0
vt 0 0
vt 0 0
vt 0 0
vt 0 0
vt 0 0
vt 0 0
vt 0 0
vt 0 0
vt 0 0
vt 0 0
vt 0 0
vt 0 0
vt 0 0
vt 0 0
vt 0 0
vt 0 0
vt 0 0
vt 0 0
vt 0 0
vt 0 0
vt 0 0
vt 0 0
vt 0 0
vt 0 0
vt 0 0
vt 0 0
vt 0 0
vt 0 0
vt 0 0
vt 0 0
vt 0 0
vt 0 0
vt 0 0
vt 0 0
vt 0 0
vt 0 0
vt 0 0
vt 0 0
vt 0 0
vt 0 0
vt 0 0
vt 0 0
vt 0 0
vt 0 0
vt 0 0
vt 0 0
vt 0 0
vt 0 0
vt 0 0
vt 0 0
vt 0 0
vt 0 0
vt 0 0
vt 0 0
vt 0 0
vt 0 0
vt 0 0
vt 0 0
vt 0 0
vt 0 0
vt 0 0
vt 0 0
vt 0 0
vt 0 0
vt 0 0
vt 0 0
vt 0 0
vt 0 0
vt 0 0
vt 0 0
vt 0 0
vt 0 0
vt 0 0
vt 0 0
vt 0 0
vt 0 0
vt 0 0
vt 0 0
vt 0 0
vt 0 0
vt 0 0
vt 0 0
vt 0 0
vt 0 0
vt 0 0
vt 0 0
vt 0 0
vt 0 0
vt 0 0
vt 0 0
vt 0 0
vt 0 0
vt 0 0
vt 0 0
vt 0 0
vt 0 0
vt 0 0
vt 0 0
vt 0 0
vt 0 0
vt 0 0
vt 0 0
vt 0 0
vt 0 0
vt 0 0
vt 0 0
vt 0 0
vt 0 0
vt 0 0
vt 0 0
vt 0 0
vt 0 0
vt 0 0
vt 0 0
vt 0 0
vt 0 0
vt 0 0
vt 0 0
vt 0 0
vt 0 0
vt 0 0
vt 0 0
vt 0 0
vt 0 0
vt 0 0
vt 0 0
vt 0 0
vt 0 0
vt 0 0
vt 0 0
vt 0 0
vt 0 0
vt 0 0
vt 0 0
vt 0 0
vt 0 0
vt 0 0
vt 0 0
vt 0 0
vt 0 0
vt 0 0
vt 0 0
vt 0 0
vt 0 0
vt 0 0
vt 0 0
vt 0 0
vt 0 0
vt 0 0
vt 0 0
vt 0 0
vt 0 0
vt 0 0
vt 0 0
vt 0 0
vt 0 0
vt 0 0
vt 0 0
vt 0 0
vt 0 0
vt 0 0
vt 0 0
vt 0 0
vt 0 0
vt 0 0
vt 0 0
vt 0 0
vt 0 0
vt 0 0
vt 0 0
vt 0 0
vt 0 0
vt 0 0
vt 0 0
vt 0 0
vt 0 0
vt 0 0
vt 0 0
vt 0 0
vt 0 0
vt 0 0
vt 0 0
vt 0 0
vt 0 0
vt 0 0
vt 0 0
vt 0 0
vt 0 0
vt 0 0
vt 0 0
vt 0 0
vt 0 0
vt 0 0
vt 0 0
vt 0 0
vt 0 0
vt 0 0
vt 0 0
vt 0 0
vt 0 0
vt 0 0
vt 0 0
vt 0 0
vt 0 0
vt 0 0
vt 0 0
vt 0 0
vt 0 0
vt 0 0
vt 0 0
vt 0 0
vt 0 0
vt 0 0
vt 0 0
vt 0 0
vt 0 0
vt 0 0
vt 0 0
vt 0 0
vt 0 0
vt 0 0
vt 0 0
vt 0 0
vt 0 0
vt 0 0
vt 0 0
vt 0 0
vt 0 0
vt 0 0
vt 0 0
vt 0 0
vt 0 0
vt 0 0
vt 0 0
vt 0 0
vt 0 0
vt 0 0
vt 0 0
vt 0 0
vt 0 0
vt 0 0
vt 0 0
vt 0 0
vt 0 0
vt 0 0
vt 0 0
vt 0 0
vt 0 0
vt 0 0
vt 0 0
vt 0 0
vt 0 0
vt 0 0
vt 0 0
vt 0 0
vt 0 0
vt 0 0
vt 0 0
vt 0 0
vt 0 0
vt 0 0
vt 0 0
vt 0 0
vt 0 0
vt 0 0
vt 0 0
vt 0 0
vt 0 0
vt 0 0
vt 0 0
vt 0 0
vt 0 0
vt 0 0
vt 0 0
vt 0 0
vt 0 0
vt 0 0
vt 0 0
vt 0 0
vt 0 0
vt 0 0
vt 0 0
vt 0 0
vt 0 0
vt 0 0
vt 0 0
vt 0 0
vt 0 0
vt 0 0
vt 0 0
vt 0 0
vt 0 0
vt 0 0
vt 0 0
vt 0 0
vt 0 0
vt 0 0
vt 0 0
vt 0 0
vt 0 0
vt 0 0
vt 0 0
vt 0 0
vt 0 0
vt 0 0
vt 0 0
vt 0 0
vt 0 0
vt 0 0
vt 0 0
vt 0 0
vt 0 0
vt 0 0
vt 0 0
vt 0 0
vt 0 0
vt 0 0
vt 0 0
vt 0 0
vt 0 0
vt 0 0
vt 0 0
vt 0 0
vt 0 0
vt 0 0
vt 0 0
vt 0 0
vt 0 0
vt 0 0
vt 0 0
vt 0 0
vt 0 0
vt 0 0
vt 0 0
vt 0 0
vt 0 0
vt 0 0
vt 0 0
vt 0 0
vt 0 0
vt 0 0
vt 0 0
vt 0 0
vt 0 0
vt 0 0
vt 0 0
vt 0 0
vt 0 0
vt 0 0
vt 0 0
vt 0 0
vt 0 0
vt 0 0
vt 0 0
vt 0 0
vt 0 0
vt 0 0
vt 0 0
vt 0 0
vt 0 0
vt 0 0
vt 0 0
vt 0 0
vt 0 0
vt 0 0
vt 0 0
vt 0 0
vt 0 0
vt 0 0
vt 0 0
vt 0 0
vt 0 0
vt 0 0
vt 0 0
vt 0 0
vt 0 0
vt 0 0
vt 0 0
vt 0 0
vt 0 0
vt 0 0
vt 0 0
vt 0 0
vt 0 0
vt 0 0
vt 0 0
vt 0 0
vt 0 0
vt 0 0
vt 0 0
vt 0 0
vt 0 0
vt 0 0
vt 0 0
vt 0 0
vt 0 0
vt 0 0
vt 0 0
vt 0 0
vt 0 0
vt 0 0
vt 0 0
vt 0 0
vt 0 0
vt 0 0
vt 0 0
vt 0 0
vt 0 0
vt 0 0
vt 0 0
vt 0 0
vt 0 0
vt 0 0
vt 0 0
vt 0 0
vt 0 0
vt 0 0
vt 0 0
vt 0 0
vt 0 0
vt 0 0
vt 0 0
vt 0 0
vt 0 0
vt 0 0
vt 0 0
vt 0 0
vt 0 0
vt 0 0
vt 0 0
vt 0 0
vt 0 0
vt 0 0
vt 0 0
vt 0 0
vt 0 0
vt 0 0
vt 0 0
vt 0 0
vt 0 0
vt 0 0
vt 0 0
vt 0 0
vt 0 0
vt 0 0
vt 0 0
vt 0 0
vt 0 0
vt 0 0
vt 0 0
vt 0 0
vt 0 0
vt 0 0
vt 0 0
vt 0 0
vt 0 0
vt 0 0
vt 0 0
vt 0 0
vt 0 0
vt 0 0
vt 0 0
vt 0 0
vt 0 0
vt 0 0
vt 0 0
vt 0 0
vt 0 0
vt 0 0
vt 0 0
vt 0 0
vt 0 0
vt 0 0
vt 0 0
vt 0 0
vt 0 0
vt 0 0
vt 0 0
vt 0 0
vt 0 0
vt 0 0
vt 0 0
vt 0 0
vt 0 0
vt 0 0
vt 0 0
vt 0 0
vt 0 0
vt 0 0
vt 0 0
vt 0 0
vt 0 0
vt 0 0
vt 0 0
vt 0 0
vt 0 0
vt 0 0
vt 0 0
vt 0 0
vt 0 0
vt 0 0
vt 0 0
vt 0 0
vt 0 0
vt 0 0
vt 0 0
vt 0 0
vt 0 0
vt 0 0
vt 0 0
vt 0 0
vt 0 0
vt 0 0
vt 0 0
vt 0 0
vt 0 0
vt 0 0
vt 0 0
vt 0 0
vt 0 0
vt 0 0
vt 0 0
vt 0 0
vt 0 0
vt 0 0
vt 0 0
vt 0 0
vt 0 0
vt 0 0
vt 0 0
vt 0 0
vt 0 0
vt 0 0
vt 0 0
vt 0 0
vt 0 0
vt 0 0
vt 0 0
vt 0 0
vt 0 0
vt 0 0
vt 0 0
vt 0 0
vt 0 0
vt 0 0
vt 0 0
vt 0 0
vt 0 0
vt 0 0
vt 0 0
vt 0 0
vt 0 0
vt 0 0
vt 0 0
vt 0 0
vt 0 0
vt 0 0
vt 0 0
vt 0 0
vt 0 0
vt 0 0
vt 0 0
vt 0 0
vt 0 0
vt 0 0
vt 0 0
vt 0 0
vt 0 0
vt 0 0
vt 0 0
vt 0 0
vt 0 0
vt 0 0
vt 0 0
vt 0 0
vt 0 0
vt 0 0
vt 0 0
vt 0 0
vt 0 0
vt 0 0
vt 0 0
vt 0 0
vt 0 0
vt 0 0
vt 0 0
vt 0 0
vt 0 0
vt 0 0
vt 0 0
vt 0 0
vt 0 0
vt 0 0
vt 0 0
vt 0 0
vt 0 0
vt 0 0
vt 0 0
vt 0 0
vt 0 0
vt 0 0
vt 0 0
vt 0 0
vt 0 0
vt 0 0
vt 0 0
vt 0 0
vt 0 0
vt 0 0
vt 0 0
vt 0 0
vt 0 0
vt 0 0
vt 0 0
vt 0 0
vt 0 0
vt 0 0
vt 0 0
vt 0 0
vt 0 0
vt 0 0
vt 0 0
vt 0 0
vt 0 0
vt 0 0
vt 0 0
vt 0 0
vt 0 0
vt 0 0
vt 0 0
vt 0 0
vt 0 0
vt 0 0
vt 0 0
vt 0 0
vt 0 0
vt 0 0
vt 0 0
vt 0 0
vt 0 0
vt 0 0
vt 0 0
vt 0 0
vt 0 0
vt 0 0
vt 0 0
vt 0 0
vt 0 0
vt 0 0
vt 0 0
vt 0 0
vt 0 0
vt 0 0
vt 0 0
vt 0 0
vt 0 0
vt 0 0
vt 0 0
vt 0 0
vt 0 0
vt 0 0
vt 0 0
vt 0 0
vt 0 0
vt 0 0
vt 0 0
vt 0 0
vt 0 0
vt 0 0
vt 0 0
vt 0 0
vt 0 0
vt 0 0
vt 0 0
vt 0 0
vt 0 0
vt 0 0
vt 0 0
vt 0 0
vt 0 0
vt 0 0
vt 0 0
vt 0 0
vt 0 0
vt 0 0
vt 0 0
vt 0 0
vt 0 0
vt 0 0
vt 0 0
vt 0 0
vt 0 0
vt 0 0
vt 0 0
vt 0 0
vt 0 0
vt 0 0
vt 0 0
vt 0 0
vt 0 0
vt 0 0
vt 0 0
vt 0 0
vt 0 0
vt 0 0
vt 0 0
vt 0 0
vt 0 0
vt 0 0
vt 0 0
vt 0 0
vt 0 0
vt 0 0
vt 0 0
vt 0 0
vt 0 0
vt 0 0
vt 0 0
vt 0 0
vt 0 0
vt 0 0
vt 0 0
vt 0 0
vt 0 0
vt 0 0
vt 0 0
vt 0 0
vt 0 0
vt 0 0
vt 0 0
vt 0 0
vt 0 0
vt 0 0
vt 0 0
vt 0 0
vt 0 0
vt 0 0
vt 0 0
vt 0 0
vt 0 0
vt 0 0
vt 0 0
vt 0 0
vt 0 0
vt 0 0
vt 0 0
vt 0 0
vt 0 0
vt 0 0
vt 0 0
vt 0 0
vt 0 0
vt 0 0
vt 0 0
vt 0 0
vt 0 0
vt 0 0
vt 0 0
vt 0 0
vt 0 0
vt 0 0
vt 0 0
vt 0 0
vt 0 0
vt 0 0
vt 0 0
vt 0 0
vt 0 0
vt 0 0
vt 0 0
vt 0 0
vt 0 0
vt 0 0
vt 0 0
vt 0 0
vt 0 0
vt 0 0
vt 0 0
vt 0 0
vt 0 0
vt 0 0
vt 0 0
vt 0 0
vt 0 0
vt 0 0
vt 0 0
vt 0 0
vt 0 0
vt 0 0
vt 0 0
vt 0 0
vt 0 0
vt 0 0
vt 0 0
vt 0 0
vt 0 0
vt 0 0
vt 0 0
vt 0 0
vt 0 0
vt 0 0
vt 0 0
vt 0 0
vt 0 0
vt 0 0
vt 0 0
vt 0 0
vt 0 0
vt 0 0
vt 0 0
vt 0 0
vt 0 0
vt 0 0
vt 0 0
vt 0 0
vt 0 0
vt 0 0
vt 0 0
vt 0 0
vt 0 0
vt 0 0
vt 0 0
vt 0 0
vt 0 0
vt 0 0
vt 0 0
vt 0 0
vt 0 0
vt 0 0
vt 0 0
vt 0 0
vt 0 0
vt 0 0
vt 0 0
vt 0 0
vt 0 0
vt 0 0
vt 0 0
vt 0 0
vt 0 0
vt 0 0
vt 0 0
vt 0 0
vt 0 0
vt 0 0
vt 0 0
vt 0 0
vt 0 0
vt 0 0
vt 0 0
vt 0 0
vt 0 0
vt 0 0
vt 0 0
vt 0 0
vt 0 0
vt 0 0
vt 0 0
vt 0 0
vt 0 0
vt 0 0
vt 0 0
vt 0 0
vt 0 0
vt 0 0
vt 0 0
vt 0 0
vt 0 0
vt 0 0
vt 0 0
vt 0 0
vt 0 0
vt 0 0
vt 0 0
vt 0 0
vt 0 0
vt 0 0
vt 0 0
vt 0 0
vt 0 0
vt 0 0
vt 0 0
vt 0 0
vt 0 0
vt 0 0
vt 0 0
vt 0 0
vt 0 0
vt 0 0
vt 0 0
vt 0 0
vt 0 0
vt 0 0
vt 0 0
vt 0 0
vt 0 0
vt 0 0
vt 0 0
vt 0 0
vt 0 0
vt 0 0
vt 0 0
vt 0 0
vt 0 0
vt 0 0
vt 0 0
vt 0 0
vt 0 0
vt 0 0
vt 0 0
vt 0 0
vt 0 0
vt 0 0
vt 0 0
vt 0 0
vt 0 0
vt 0 0
vt 0 0
vt 0 0
vt 0 0
vt 0 0
vt 0 0
vt 0 0
vt 0 0
vt 0 0
vt 0 0
vt 0 0
vt 0 0
vt 0 0
vt 0 0
vt 0 0
vt 0 0
vt 0 0
vt 0 0
vt 0 0
vt 0 0
vt 0 0
vt 0 0
vt 0 0
vt 0 0
vt 0 0
vt 0 0
vt 0 0
vt 0 0
vt 0 0
vt 0 0
vt 0 0
vt 0 0
vt 0 0
vt 0 0
vt 0 0
vt 0 0
vt 0 0
vt 0 0
vt 0 0
vt 0 0
vt 0 0
vt 0 0
vt 0 0
vt 0 0
vt 0 0
vt 0 0
vt 0 0
vt 0 0
vt 0 0
vt 0 0
vt 0 0
vt 0 0
vt 0 0
vt 0 0
vt 0 0
vt 0 0
vt 0 0
vt 0 0
vt 0 0
vt 0 0
vt 0 0
vt 0 0
vt 0 0
vt 0 0
vt 0 0
vt 0 0
vt 0 0
vt 0 0
vt 0 0
vt 0 0
vt 0 0
vt 0 0
vt 0 0
vt 0 0
vt 0 0
vt 0 0
vt 0 0
vt 0 0
vt 0 0
vt 0 0
vt 0 0
vt 0 0
vt 0 0
vt 0 0
vt 0 0
vt 0 0
vt 0 0
vt 0 0
vt 0 0
vt 0 0
vt 0 0
vt 0 0
vt 0 0
vt 0 0
vt 0 0
vt 0 0
vt 0 0
vt 0 0
vt 0 0
vt 0 0
vt 0 0
vt 0 0
vt 0 0
vt 0 0
vt 0 0
vt 0 0
vt 0 0
vt 0 0
vt 0 0
vt 0 0
vt 0 0
vt 0 0
vt 0 0
vt 0 0
vt 0 0
vt 0 0
vt 0 0
vt 0 0
vt 0 0
vt 0 0
vt 0 0
vt 0 0
vt 0 0
vt 0 0
vt 0 0
vt 0 0
vt 0 0
vt 0 0
vt 0 0
vt 0 0
vt 0 0
vt 0 0
vt 0 0
vt 0 0
vt 0 0
vt 0 0
vt 0 0
vt 0 0
vt 0 0
vt 0 0
vt 0 0
vt 0 0
vt 0 0
vt 0 0
vt 0 0
vt 0 0
vt 0 0
vt 0 0
vt 0 0
vt 0 0
vt 0 0
vt 0 0
vt 0 0
vt 0 0
vt 0 0
vt 0 0
vt 0 0
vt 0 0
vt 0 0
vt 0 0
vt 0 0
vt 0 0
vt 0 0
vt 0 0
vt 0 0
vt 0 0
vt 0 0
vt 0 0
vt 0 0
vt 0 0
vt 0 0
vt 0 0
vt 0 0
vt 0 0
vt 0 0
vt 0 0
vt 0 0
vt 0 0
vt 0 0
vt 0 0
vt 0 0
vt 0 0
vt 0 0
vt 0 0
vt 0 0
vt 0 0
vt 0 0
vt 0 0
vt 0 0
vt 0 0
vt 0 0
vt 0 0
vt 0 0
vt 0 0
vt 0 0
vt 0 0
vt 0 0
vt 0 0
vt 0 0
vt 0 0
vt 0 0
vt 0 0
vt 0 0
vt 0 0
vt 0 0
vt 0 0
vt 0 0
vt 0 0
vt 0 0
vt 0 0
vt 0 0
vt 0 0
vt 0 0
vt 0 0
vt 0 0
vt 0 0
vt 0 0
vt 0 0
vt 0 0
vt 0 0
vt 0 0
vt 0 0
vt 0 0
vt 0 0
vt 0 0
vt 0 0
vt 0 0
vt 0 0
vt 0 0
vt 0 0
vt 0 0
vt 0 0
vt 0 0
vt 0 0
vt 0 0
vt 0 0
vt 0 0
vt 0 0
vt 0 0
vt 0 0
vt 0 0
vt 0 0
vt 0 0
vt 0 0
vt 0 0
vt 0 0
vt 0 0
vt 0 0
vt 0 0
vt 0 0
vt 0 0
vt 0 0
vt 0 0
vt 0 0
vt 0 0
vt 0 0
vt 0 0
vt 0 0
vt 0 0
vt 0 0
vt 0 0
vt 0 0
vt 0 0
vt 0 0
vt 0 0
vt 0 0
vt 0 0
vt 0 0
vt 0 0
vt 0 0
vt 0 0
vt 0 0
vt 0 0
vt 0 0
vt 0 0
vt 0 0
vt 0 0
vt 0 0
vt 0 0
vt 0 0
vt 0 0
vt 0 0
vt 0 0
vt 0 0
vt 0 0
vt 0 0
vt 0 0
vt 0 0
vt 0 0
vt 0 0
vt 0 0
vt 0 0
vt 0 0
vt 0 0
vt 0 0
vt 0 0
vt 0 0
vt 0 0
vt 0 0
vt 0 0
vt 0 0
vt 0 0
vt 0 0
vt 0 0
vt 0 0
vt 0 0
vt 0 0
vt 0 0
vt 0 0
vt 0 0
vt 0 0
vt 0 0
vt 0 0
vt 0 0
vt 0 0
vt 0 0
vt 0 0
vt 0 0
vt 0 0
vt 0 0
vt 0 0
vt 0 0
vt 0 0
vt 0 0
vt 0 0
vt 0 0
vt 0 0
vt 0 0
vt 0 0
vt 0 0
vt 0 0
vt 0 0
vt 0 0
vt 0 0
vt 0 0
vt 0 0
vt 0 0
vt 0 0
vt 0 0
vt 0 0
vt 0 0
vt 0 0
vt 0 0
vt 0 0
vt 0 0
vt 0 0
vt 0 0
vt 0 0
vt 0 0
vt 0 0
vt 0 0
vt 0 0
vt 0 0
vt 0 0
vt 0 0
vt 0 0
vt 0 0
vt 0 0
vt 0 0
vt 0 0
vt 0 0
vt 0 0
vt 0 0
vt 0 0
vt 0 0
vt 0 0
vt 0 0
vt 0 0
vt 0 0
vt 0 0
vt 0 0
vt 0 0
vt 0 0
vt 0 0
vt 0 0
vt 0 0
vt 0 0
vt 0 0
vt 0 0
vt 0 0
vt 0 0
vt 0 0
vt 0 0
vt 0 0
vt 0 0
vt 0 0
vt 0 0
vt 0 0
vt 0 0
vt 0 0
vt 0 0
vt 0 0
vt 0 0
vt 0 0
vt 0 0
vt 0 0
vt 0 0
vt 0 0
vt 0 0
vt 0 0
vt 0 0
vt 0 0
vt 0 0
vt 0 0
vt 0 0
vt 0 0
vt 0 0
vt 0 0
vt 0 0
vt 0 0
vt 0 0
vt 0 0
vt 0 0
vt 0 0
vt 0 0
vt 0 0
vt 0 0
vt 0 0
vt 0 0
vt 0 0
vt 0 0
vt 0 0
vt 0 0
vt 0 0
vt 0 0
vt 0 0
vt 0 0
vt 0 0
vt 0 0
vt 0 0
vt 0 0
vt 0 0
vt 0 0
vt 0 0
vt 0 0
vt 0 0
vt 0 0
vt 0 0
vt 0 0
vt 0 0
vt 0 0
vt 0 0
vt 0 0
vt 0 0
vt 0 0
vt 0 0
vt 0 0
vt 0 0
vt 0 0
vt 0 0
vt 0 0
vt 0 0
vt 0 0
vt 0 0
vt 0 0
vt 0 0
vt 0 0
vt 0 0
vt 0 0
vt 0 0
vt 0 0
vt 0 0
vt 0 0
vt 0 0
vt 0 0
vt 0 0
vt 0 0
vt 0 0
vt 0 0
vt 0 0
vt 0 0
vt 0 0
vt 0 0
vt 0 0
vt 0 0
vt 0 0
vt 0 0
vt 0 0
vt 0 0
vt 0 0
vt 0 0
vt 0 0
vt 0 0
vt 0 0
vt 0 0
vt 0 0
vt 0 0
vt 0 0
vt 0 0
vt 0 0
vt 0 0
vt 0 0
vt 0 0
vt 0 0
vt 0 0
vt 0 0
vt 0 0
vt 0 0
vt 0 0
vt 0 0
vt 0 0
vt 0 0
vt 0 0
vt 0 0
vt 0 0
vt 0 0
vt 0 0
vt 0 0
vt 0 0
vt 0 0
vt 0 0
vt 0 0
vt 0 0
vt 0 0
vt 0 0
vt 0 0
vt 0 0
vt 0 0
vt 0 0
vt 0 0
vt 0 0
vt 0 0
vt 0 0
vt 0 0
vt 0 0
vt 0 0
vt 0 0
vt 0 0
vt 0 0
vt 0 0
vt 0 0
vt 0 0
vt 0 0
vt 0 0
vt 0 0
vt 0 0
vt 0 0
vt 0 0
vt 0 0
vt 0 0
vt 0 0
vt 0 0
vt 0 0
vt 0 0
vt 0 0
vt 0 0
vt 0 0
vt 0 0
vt 0 0
vt 0 0
vt 0 0
vt 0 0
vt 0 0
vt 0 0
vt 0 0
vt 0 0
vt 0 0
vt 0 0
vt 0 0
vt 0 0
vt 0 0
vt 0 0
vt 0 0
vt 0 0
vt 0 0
vt 0 0
vt 0 0
vt 0 0
vt 0 0
vt 0 0
vt 0 0
vt 0 0
vt 0 0
vt 0 0
vt 0 0
vt 0 0
vt 0 0
vt 0 0
vt 0 0
vt 0 0
vt 0 0
vt 0 0
vt 0 0
vt 0 0
vt 0 0
vt 0 0
vt 0 0
vt 0 0
vt 0 0
vt 0 0
vt 0 0
vt 0 0
vt 0 0
vt 0 0
vt 0 0
vt 0 0
vt 0 0
vt 0 0
vt 0 0
vt 0 0
vt 0 0
vt 0 0
vt 0 0
vt 0 0
vt 0 0
vt 0 0
vt 0 0
vt 0 0
vt 0 0
vt 0 0
vt 0 0
vt 0 0
vt 0 0
vt 0 0
vt 0 0
vt 0 0
vt 0 0
vt 0 0
vt 0 0
vt 0 0
vt 0 0
vt 0 0
vt 0 0
vt 0 0
vt 0 0
vt 0 0
vt 0 0
vt 0 0
vt 0 0
vt 0 0
vt 0 0
vt 0 0
vt 0 0
vt 0 0
vt 0 0
vt 0 0
vt 0 0
vt 0 0
vt 0 0
vt 0 0
vt 0 0
vt 0 0
vt 0 0
vt 0 0
vt 0 0
vt 0 0
vt 0 0
vt 0 0
vt 0 0
vt 0 0
vt 0 0
vt 0 0
vt 0 0
vt 0 0
vt 0 0
vt 0 0
vt 0 0
vt 0 0
vt 0 0
vt 0 0
vt 0 0
vt 0 0
vt 0 0
vt 0 0
vt 0 0
vt 0 0
vt 0 0
vt 0 0
vt 0 0
vt 0 0
vt 0 0
vt 0 0
vt 0 0
vt 0 0
vt 0 0
vt 0 0
vt 0 0
vt 0 0
vt 0 0
vt 0 0
vt 0 0
vt 0 0
vt 0 0
vt 0 0
vt 0 0
vt 0 0
vt 0 0
vt 0 0
vt 0 0
vt 0 0
vt 0 0
vt 0 0
vt 0 0
vt 0 0
vt 0 0
vt 0 0
vt 0 0
vt 0 0
vt 0 0
vt 0 0
vt 0 0
vt 0 0
vt 0 0
vt 0 0
vt 0 0
vt 0 0
vt 0 0
vt 0 0
vt 0 0
vt 0 0
vt 0 0
vt 0 0
vt 0 0
vt 0 0
vt 0 0
vt 0 0
vt 0 0
vt 0 0
vt 0 0
vt 0 0
vt 0 0
vt 0 0
vt 0 0
vt 0 0
vt 0 0
vt 0 0
vt 0 0
vt 0 0
vt 0 0
vt 0 0
vt 0 0
vt 0 0
vt 0 0
vt 0 0
vt 0 0
vt 0 0
vt 0 0
vt 0 0
vt 0 0
vt 0 0
vt 0 0
vt 0 0
vt 0 0
vt 0 0
vt 0 0
vt 0 0
vt 0 0
vt 0 0
vt 0 0
vt 0 0
vt 0 0
vt 0 0
vt 0 0
vt 0 0
vt 0 0
vt 0 0
vt 0 0
vt 0 0
vt 0 0
vt 0 0
vt 0 0
vt 0 0
vt 0 0
vt 0 0
vt 0 0
vt 0 0
vt 0 0
vt 0 0
vt 0 0
vt 0 0
vt 0 0
vt 0 0
vt 0 0
vt 0 0
vt 0 0
vt 0 0
vt 0 0
vt 0 0
vt 0 0
vt 0 0
vt 0 0
vt 0 0
vt 0 0
vt 0 0
vt 0 0
vt 0 0
vt 0 0
vt 0 0
vt 0 0
vt 0 0
vt 0 0
vt 0 0
vt 0 0
vt 0 0
vt 0 0
vt 0 0
vt 0 0
vt 0 0
vt 0 0
vt 0 0
vt 0 0
vt 0 0
vt 0 0
vt 0 0
vt 0 0
vt 0 0
vt 0 0
vt 0 0
vt 0 0
vt 0 0
vt 0 0
vt 0 0
vt 0 0
vt 0 0
vt 0 0
vt 0 0
vt 0 0
vt 0 0
vt 0 0
vt 0 0
vt 0 0
vt 0 0
vt 0 0
vt 0 0
vt 0 0
vt 0 0
vt 0 0
vt 0 0
vt 0 0
vt 0 0
vt 0 0
vt 0 0
vt 0 0
vt 0 0
vt 0 0
vt 0 0
vt 0 0
vt 0 0
vt 0 0
vt 0 0
vt 0 0
vt 0 0
vt 0 0
vt 0 0
vt 0 0
vt 0 0
vt 0 0
vt 0 0
vt 0 0
vt 0 0
vt 0 0
vt 0 0
vt 0 0
vt 0 0
vt 0 0
vt 0 0
vt 0 0
vt 0 0
vt 0 0
vt 0 0
vt 0 0
vt 0 0
vt 0 0
vt 0 0
vt 0 0
vt 0 0
vt 0 0
vt 0 0
vt 0 0
vt 0 0
vt 0 0
vt 0 0
vt 0 0
vt 0 0
vt 0 0
vt 0 0
vt 0 0
vt 0 0
vt 0 0
vt 0 0
vt 0 0
vt 0 0
vt 0 0
vt 0 0
vt 0 0
vt 0 0
vt 0 0
vt 0 0
vt 0 0
vt 0 0
vt 0 0
vt 0 0
vt 0 0
vt 0 0
vt 0 0
vt 0 0
vt 0 0
vt 0 0
vt 0 0
vt 0 0
vt 0 0
vt 0 0
vt 0 0
vt 0 0
vt 0 0
vt 0 0
vt 0 0
vt 0 0
vt 0 0
vt 0 0
vt 0 0
vt 0 0
vt 0 0
vt 0 0
vt 0 0
vt 0 0
vt 0 0
vt 0 0
vt 0 0
vt 0 0
vt 0 0
vt 0 0
vt 0 0
vt 0 0
vt 0 0
vt 0 0
vt 0 0
vt 0 0
vt 0 0
vt 0 0
vt 0 0
vt 0 0
vt 0 0
vt 0 0
vt 0 0
vt 0 0
vt 0 0
vt 0 0
vt 0 0
vt 0 0
vt 0 0
vt 0 0
vt 0 0
vt 0 0
vt 0 0
vt 0 0
vt 0 0
vt 0 0
vt 0 0
vt 0 0
vt 0 0
vt 0 0
vt 0 0
vt 0 0
vt 0 0
vt 0 0
vt 0 0
vt 0 0
vt 0 0
vt 0 0
vt 0 0
vt 0 0
vt 0 0
vt 0 0
vt 0 0
vt 0 0
vt 0 0
vt 0 0
vt 0 0
vt 0 0
vt 0 0
vt 0 0
vt 0 0
vt 0 0
vt 0 0
vt 0 0
vt 0 0
vt 0 0
vt 0 0
vt 0 0
vt 0 0
vt 0 0
vt 0 0
vt 0 0
vt 0 0
vt 0 0
vt 0 0
vt 0 0
vt 0 0
vt 0 0
vt 0 0
vt 0 0
vt 0 0
vt 0 0
vt 0 0
vt 0 0
vt 0 0
vt 0 0
vt 0 0
vt 0 0
vt 0 0
vt 0 0
vt 0 0
vt 0 0
vt 0 0
vt 0 0
vt 0 0
vt 0 0
vt 0 0
vt 0 0
vt 0 0
vt 0 0
vt 0 0
vt 0 0
vt 0 0
vt 0 0
vt 0 0
vt 0 0
vt 0 0
vt 0 0
vt 0 0
vt 0 0
vt 0 0
vt 0 0
vt 0 0
vt 0 0
vt 0 0
vt 0 0
vt 0 0
vt 0 0
vt 0 0
vt 0 0
vt 0 0
vt 0 0
vt 0 0
vt 0 0
vt 0 0
vt 0 0
vt 0 0
vt 0 0
vt 0 0
vt 0 0
vt 0 0
vt 0 0
vt 0 0
vt 0 0
vt 0 0
vt 0 0
vt 0 0
vt 0 0
vt 0 0
vt 0 0
vt 0 0
vt 0 0
vt 0 0
vt 0 0
vt 0 0
vt 0 0
vt 0 0
vt 0 0
vt 0 0
vt 0 0
vt 0 0
vt 0 0
vt 0 0
vt 0 0
vt 0 0
vt 0 0
vt 0 0
vt 0 0
vt 0 0
vt 0 0
vt 0 0
vt 0 0
vt 0 0
vt 0 0
vt 0 0
vt 0 0
vt 0 0
vt 0 0
vt 0 0
vt 0 0
vt 0 0
vt 0 0
vt 0 0
vt 0 0
vt 0 0
vt 0 0
vt 0 0
vt 0 0
vt 0 0
vt 0 0
vt 0 0
vt 0 0
vt 0 0
vt 0 0
vt 0 0
vt 0 0
vt 0 0
vt 0 0
vt 0 0
vt 0 0
vt 0 0
vt 0 0
vt 0 0
vt 0 0
vt 0 0
vt 0 0
vt 0 0
vt 0 0
vt 0 0
vt 0 0
vt 0 0
vt 0 0
vt 0 0
vt 0 0
vt 0 0
vt 0 0
vt 0 0
vt 0 0
vt 0 0
vt 0 0
vt 0 0
vt 0 0
vt 0 0
vt 0 0
vt 0 0
vt 0 0
vt 0 0
vt 0 0
vt 0 0
vt 0 0
vt 0 0
vt 0 0
vt 0 0
vt 0 0
vt 0 0
vt 0 0
vt 0 0
vt 0 0
vt 0 0
vt 0 0
vt 0 0
vt 0 0
vt 0 0
vt 0 0
vt 0 0
vt 0 0
vt 0 0
vt 0 0
vt 0 0
vt 0 0
vt 0 0
vt 0 0
vt 0 0
vt 0 0
vt 0 0
vt 0 0
vt 0 0
vt 0 0
vt 0 0
vt 0 0
vt 0 0
vt 0 0
vt 0 0
vt 0 0
vt 0 0
vt 0 0
vt 0 0
vt 0 0
vt 0 0
vt 0 0
vt 0 0
vt 0 0
vt 0 0
vt 0 0
vt 0 0
vt 0 0
vt 0 0
vt 0 0
vt 0 0
vt 0 0
vt 0 0
vt 0 0
vt 0 0
vt 0 0
vt 0 0
vt 0 0
vt 0 0
vt 0 0
vt 0 0
vt 0 0
vt 0 0
vt 0 0
vt 0 0
vt 0 0
vt 0 0
vt 0 0
vt 0 0
vt 0 0
vt 0 0
vt 0 0
vt 0 0
vt 0 0
vt 0 0
vt 0 0
vt 0 0
vt 0 0
vt 0 0
vt 0 0
vt 0 0
vt 0 0
vt 0 0
vt 0 0
vt 0 0
vt 0 0
vt 0 0
vt 0 0
vt 0 0
vt 0 0
vt 0 0
vt 0 0
vt 0 0
vt 0 0
vt 0 0
vt 0 0
vt 0 0
vt 0 0
vt 0 0
vt 0 0
vt 0 0
vt 0 0
vt 0 0
vt 0 0
vt 0 0
vt 0 0
vt 0 0
vt 0 0
vt 0 0
vt 0 0
vt 0 0
vt 0 0
vt 0 0
vt 0 0
vt 0 0
vt 0 0
vt 0 0
vt 0 0
vt 0 0
vt 0 0
vt 0 0
vt 0 0
vt 0 0
vt 0 0
vt 0 0
vt 0 0
vt 0 0
vt 0 0
vt 0 0
vt 0 0
vt 0 0
vt 0 0
vt 0 0
vt 0 0
vt 0 0
vt 0 0
vt 0 0
vt 0 0
vt 0 0
vt 0 0
vt 0 0
vt 0 0
vt 0 0
vt 0 0
vt 0 0
vt 0 0
vt 0 0
vt 0 0
vt 0 0
vt 0 0
vt 0 0
vt 0 0
vt 0 0
vt 0 0
vt 0 0
vt 0 0
vt 0 0
vt 0 0
vt 0 0
vt 0 0
vt 0 0
vt 0 0
vt 0 0
vt 0 0
vt 0 0
vt 0 0
vt 0 0
vt 0 0
vt 0 0
vt 0 0
vt 0 0
vt 0 0
vt 0 0
vt 0 0
vt 0 0
vt 0 0
vt 0 0
vt 0 0
vt 0 0
vt 0 0
vt 0 0
vt 0 0
vt 0 0
vt 0 0
vt 0 0
vt 0 0
vt 0 0
vt 0 0
vt 0 0
vt 0 0
vt 0 0
vt 0 0
vt 0 0
vt 0 0
vt 0 0
vt 0 0
vt 0 0
vt 0 0
vt 0 0
vt 0 0
vt 0 0
vt 0 0
vt 0 0
vt 0 0
vt 0 0
vt 0 0
vt 0 0
vt 0 0
vt 0 0
vt 0 0
vt 0 0
vt 0 0
vt 0 0
vt 0 0
vt 0 0
vt 0 0
vt 0 0
vt 0 0
vt 0 0
vt 0 0
vt 0 0
vt 0 0
vt 0 0
vt 0 0
vt 0 0
vt 0 0
vt 0 0
vt 0 0
vt 0 0
vt 0 0
vt 0 0
vt 0 0
vt 0 0
vt 0 0
vt 0 0
vt 0 0
vt 0 0
vt 0 0
vt 0 0
vt 0 0
vt 0 0
vt 0 0
vt 0 0
vt 0 0
vt 0 0
vt 0 0
vt 0 0
vt 0 0
vt 0 0
vt 0 0
vt 0 0
vt 0 0
vt 0 0
vt 0 0
vt 0 0
vt 0 0
vt 0 0
vt 0 0
vt 0 0
vt 0 0
vt 0 0
vt 0 0
vt 0 0
vt 0 0
vt 0 0
vt 0 0
vt 0 0
vt 0 0
vt 0 0
vt 0 0
vt 0 0
vt 0 0
vt 0 0
vt 0 0
vt 0 0
vt 0 0
vt 0 0
vt 0 0
vt 0 0
vt 0 0
vt 0 0
vt 0 0
vt 0 0
vt 0 0
vt 0 0
vt 0 0
vt 0 0
vt 0 0
vt 0 0
vt 0 0
vt 0 0
vt 0 0
vt 0 0
vt 0 0
vt 0 0
vt 0 0
vt 0 0
vt 0 0
vt 0 0
vt 0 0
vt 0 0
vt 0 0
vt 0 0
vt 0 0
vt 0 0
vt 0 0
vt 0 0
vt 0 0
vt 0 0
vt 0 0
vt 0 0
vt 0 0
vt 0 0
vt 0 0
vt 0 0
vt 0 0
vt 0 0
vt 0 0
vt 0 0
vt 0 0
vt 0 0
vt 0 0
vt 0 0
vt 0 0
vt 0 0
vt 0 0
vt 0 0
vt 0 0
vt 0 0
vt 0 0
vt 0 0
vt 0 0
vt 0 0
vt 0 0
vt 0 0
vt 0 0
vt 0 0
vt 0 0
vt 0 0
vt 0 0
vt 0 0
vt 0 0
vt 0 0
vt 0 0
vt 0 0
vt 0 0
vt 0 0
vt 0 0
vt 0 0
vt 0 0
vt 0 0
vt 0 0
vt 0 0
vt 0 0
vt 0 0
vt 0 0
vt 0 0
vt 0 0
vt 0 0
vt 0 0
vt 0 0
vt 0 0
vt 0 0
vt 0 0
vt 0 0
vt 0 0
vt 0 0
vt 0 0
vt 0 0
vt 0 0
vt 0 0
vt 0 0
vt 0 0
vt 0 0
vt 0 0
vt 0 0
vt 0 0
vt 0 0
vt 0 0
vt 0 0
vt 0 0
vt 0 0
vt 0 0
vt 0 0
vt 0 0
vt 0 0
vt 0 0
vt 0 0
vt 0 0
vt 0 0
vt 0 0
vt 0 0
vt 0 0
vt 0 0
vt 0 0
vt 0 0
vt 0 0
vt 0 0
vt 0 0
vt 0 0
vt 0 0
vt 0 0
vt 0 0
vt 0 0
vt 0 0
vt 0 0
vt 0 0
vt 0 0
vt 0 0
vt 0 0
vt 0 0
vt 0 0
vt 0 0
vt 0 0
vt 0 0
vt 0 0
vt 0 0
vt 0 0
vt 0 0
vt 0 0
vt 0 0
vt 0 0
vt 0 0
vt 0 0
vt 0 0
vt 0 0
vt 0 0
vt 0 0
vt 0 0
vt 0 0
vt 0 0
vt 0 0
vt 0 0
vt 0 0
vt 0 0
vt 0 0
vt 0 0
vt 0 0
vt 0 0
vt 0 0
vt 0 0
vt 0 0
vt 0 0
vt 0 0
vt 0 0
vt 0 0
vt 0 0
vt 0 0
vt 0 0
vt 0 0
vt 0 0
vt 0 0
vt 0 0
vt 0 0
vt 0 0
vt 0 0
vt 0 0
vt 0 0
vt 0 0
vt 0 0
vt 0 0
vt 0 0
vt 0 0
vt 0 0
vt 0 0
vt 0 0
vt 0 0
vt 0 0
vt 0 0
vt 0 0
vt 0 0
vt 0 0
vt 0 0
vt 0 0
vt 0 0
vt 0 0
vt 0 0
vt 0 0
vt 0 0
vt 0 0
vt 0 0
vt 0 0
vt 0 0
vt 0 0
vt 0 0
vt 0 0
vt 0 0
vt 0 0
vt 0 0
vt 0 0
vt 0 0
vt 0 0
vt 0 0
vt 0 0
vt 0 0
vt 0 0
vt 0 0
vt 0 0
vt 0 0
vt 0 0
vt 0 0
vt 0 0
vt 0 0
vt 0 0
vt 0 0
vt 0 0
vt 0 0
vt 0 0
vt 0 0
vt 0 0
vt 0 0
vt 0 0
vt 0 0
vt 0 0
vt 0 0
vt 0 0
vt 0 0
vt 0 0
vt 0 0
vt 0 0
vt 0 0
vt 0 0
vt 0 0
vt 0 0
vt 0 0
vt 0 0
vt 0 0
vt 0 0
vt 0 0
vt 0 0
vt 0 0
vt 0 0
vt 0 0
vt 0 0
vt 0 0
vt 0 0
vt 0 0
vt 0 0
vt 0 0
vt 0 0
vt 0 0
vt 0 0
vt 0 0
vt 0 0
vt 0 0
vt 0 0
vt 0 0
vt 0 0
vt 0 0
vt 0 0
vt 0 0
vt 0 0
vt 0 0
vt 0 0
vt 0 0
vt 0 0
vt 0 0
vt 0 0
vt 0 0
vt 0 0
vt 0 0
vt 0 0
vt 0 0
vt 0 0
vt 0 0
vt 0 0
vt 0 0
vt 0 0
vt 0 0
vt 0 0
vt 0 0
vt 0 0
vt 0 0
vt 0 0
vt 0 0
vt 0 0
vt 0 0
vt 0 0
vt 0 0
vt 0 0
vt 0 0
vt 0 0
vt 0 0
vt 0 0
vt 0 0
vt 0 0
vt 0 0
vt 0 0
vt 0 0
vt 0 0
vt 0 0
vt 0 0
vt 0 0
vt 0 0
vt 0 0
vt 0 0
vt 0 0
vt 0 0
vt 0 0
vt 0 0
vt 0 0
vt 0 0
vt 0 0
vt 0 0
vt 0 0
vt 0 0
vt 0 0
vt 0 0
vt 0 0
vt 0 0
vt 0 0
vt 0 0
vt 0 0
vt 0 0
vt 0 0
vt 0 0
vt 0 0
vt 0 0
vt 0 0
vt 0 0
vt 0 0
vt 0 0
vt 0 0
vt 0 0
vt 0 0
vt 0 0
vt 0 0
vt 0 0
vt 0 0
vt 0 0
vt 0 0
vt 0 0
vt 0 0
vt 0 0
vt 0 0
vt 0 0
vt 0 0
vt 0 0
vt 0 0
vt 0 0
vt 0 0
vt 0 0
vt 0 0
vt 0 0
vt 0 0
vt 0 0
vt 0 0
vt 0 0
vt 0 0
vt 0 0
vt 0 0
vt 0 0
vt 0 0
vt 0 0
vt 0 0
vt 0 0
vt 0 0
vt 0 0
vt 0 0
vt 0 0
vt 0 0
vt 0 0
vt 0 0
vt 0 0
vt 0 0
vt 0 0
vt 0 0
vt 0 0
vt 0 0
vt 0 0
vt 0 0
vt 0 0
vt 0 0
vt 0 0
vt 0 0
vt 0 0
vt 0 0
vt 0 0
vt 0 0
vt 0 0
vt 0 0
vt 0 0
vt 0 0
vt 0 0
vt 0 0
vt 0 0
vt 0 0
vt 0 0
vt 0 0
vt 0 0
vt 0 0
vt 0 0
vt 0 0
vt 0 0
vt 0 0
vt 0 0
vt 0 0
vt 0 0
vt 0 0
vt 0 0
vt 0 0
vt 0 0
vt 0 0
vt 0 0
vt 0 0
vt 0 0
vt 0 0
vt 0 0
vt 0 0
vt 0 0
vt 0 0
vt 0 0
vt 0 0
vt 0 0
vt 0 0
vt 0 0
vt 0 0
vt 0 0
vt 0 0
vt 0 0
vt 0 0
vt 0 0
vt 0 0
vt 0 0
vt 0 0
vt 0 0
vt 0 0
vt 0 0
vt 0 0
vt 0 0
vt 0 0
vt 0 0
vt 0 0
vt 0 0
vt 0 0
vt 0 0
vt 0 0
vt 0 0
vt 0 0
vt 0 0
vt 0 0
vt 0 0
vt 0 0
vt 0 0
vt 0 0
vt 0 0
vt 0 0
vt 0 0
vt 0 0
vt 0 0
vt 0 0
vt 0 0
vt 0 0
vt 0 0
vt 0 0
vt 0 0
vt 0 0
vt 0 0
vt 0 0
vt 0 0
vt 0 0
vt 0 0
vt 0 0
vt 0 0
vt 0 0
vt 0 0
vt 0 0
vt 0 0
vt 0 0
vt 0 0
vt 0 0
vt 0 0
vt 0 0
vt 0 0
vt 0 0
vt 0 0
vt 0 0
vt 0 0
vt 0 0
vt 0 0
vt 0 0
vt 0 0
vt 0 0
vt 0 0
vt 0 0
vt 0 0
vt 0 0
vt 0 0
vt 0 0
vt 0 0
vt 0 0
vt 0 0
vt 0 0
vt 0 0
vt 0 0
vt 0 0
vt 0 0
vt 0 0
vt 0 0
vt 0 0
vt 0 0
vt 0 0
vt 0 0
vt 0 0
vt 0 0
vt 0 0
vt 0 0
vt 0 0
vt 0 0
vt 0 0
vt 0 0
vt 0 0
vt 0 0
vt 0 0
vt 0 0
vt 0 0
vt 0 0
vt 0 0
vt 0 0
vt 0 0
vt 0 0
vt 0 0
vt 0 0
vt 0 0
vt 0 0
vt 0 0
vt 0 0
vt 0 0
vt 0 0
vt 0 0
vt 0 0
vt 0 0
vt 0 0
vt 0 0
vt 0 0
vt 0 0
vt 0 0
vt 0 0
vt 0 0
vt 0 0
vt 0 0
vt 0 0
vt 0 0
vt 0 0
vt 0 0
vt 0 0
vt 0 0
vt 0 0
vt 0 0
vt 0 0
vt 0 0
vt 0 0
vt 0 0
vt 0 0
vt 0 0
vt 0 0
vt 0 0
vt 0 0
vt 0 0
vt 0 0
vt 0 0
vt 0 0
vt 0 0
vt 0 0
vt 0 0
vt 0 0
vt 0 0
vt 0 0
vt 0 0
vt 0 0
vt 0 0
vt 0 0
vt 0 0
vt 0 0
vt 0 0
vt 0 0
vt 0 0
vt 0 0
vt 0 0
vt 0 0
vt 0 0
vt 0 0
vt 0 0
vt 0 0
vt 0 0
vt 0 0
vt 0 0
vt 0 0
vt 0 0
vt 0 0
vt 0 0
vt 0 0
vt 0 0
vt 0 0
vt 0 0
vt 0 0
vt 0 0
vt 0 0
vt 0 0
vt 0 0
vt 0 0
vt 0 0
vt 0 0
vt 0 0
vt 0 0
vt 0 0
vt 0 0
vt 0 0
vt 0 0
vt 0 0
vt 0 0
vt 0 0
vt 0 0
vt 0 0
vt 0 0
vt 0 0
vt 0 0
vt 0 0
vt 0 0
vt 0 0
vt 0 0
vt 0 0
vt 0 0
vt 0 0
vt 0 0
vt 0 0
vt 0 0
vt 0 0
vt 0 0
vt 0 0
vt 0 0
vt 0 0
vt 0 0
vt 0 0
vt 0 0
vt 0 0
vt 0 0
vt 0 0
vt 0 0
vt 0 0
vt 0 0
vt 0 0
vt 0 0
vt 0 0
vt 0 0
vt 0 0
vt 0 0
vt 0 0
vt 0 0
vt 0 0
vt 0 0
vt 0 0
vt 0 0
vt 0 0
vt 0 0
vt 0 0
vt 0 0
vt 0 0
vt 0 0
vt 0 0
vt 0 0
vt 0 0
vt 0 0
vt 0 0
vt 0 0
vt 0 0
vt 0 0
vt 0 0
vt 0 0
vt 0 0
vt 0 0
vt 0 0
vt 0 0
vt 0 0
vt 0 0
vt 0 0
vt 0 0
vt 0 0
vt 0 0
vt 0 0
vt 0 0
vt 0 0
vt 0 0
vt 0 0
vt 0 0
vt 0 0
vt 0 0
vt 0 0
vt 0 0
vt 0 0
vt 0 0
vt 0 0
vt 0 0
vt 0 0
vt 0 0
vt 0 0
vt 0 0
vt 0 0
vt 0 0
vt 0 0
vt 0 0
vt 0 0
vt 0 0
vt 0 0
vt 0 0
vt 0 0
vt 0 0
vt 0 0
vt 0 0
vt 0 0
vt 0 0
vt 0 0
vt 0 0
vt 0 0
vt 0 0
vt 0 0
vt 0 0
vt 0 0
vt 0 0
vt 0 0
vt 0 0
vt 0 0
vt 0 0
vt 0 0
vt 0 0
vt 0 0
vt 0 0
vt 0 0
vt 0 0
vt 0 0
vt 0 0
vt 0 0
vt 0 0
vt 0 0
vt 0 0
vt 0 0
vt 0 0
vt 0 0
vt 0 0
vt 0 0
vt 0 0
vt 0 0
vt 0 0
vt 0 0
vt 0 0
vt 0 0
vt 0 0
vt 0 0
vt 0 0
vt 0 0
vt 0 0
vt 0 0
vt 0 0
vt 0 0
vt 0 0
vt 0 0
vt 0 0
vt 0 0
vt 0 0
vt 0 0
vt 0 0
vt 0 0
vt 0 0
vt 0 0
vt 0 0
vt 0 0
vt 0 0
vt 0 0
vt 0 0
vt 0 0
vt 0 0
vt 0 0
vt 0 0
vt 0 0
vt 0 0
vt 0 0
vt 0 0
vt 0 0
vt 0 0
vt 0 0
vt 0 0
vt 0 0
vt 0 0
vt 0 0
vt 0 0
vt 0 0
vt 0 0
vt 0 0
vt 0 0
vt 0 0
vt 0 0
vt 0 0
vt 0 0
vt 0 0
vt 0 0
vt 0 0
vt 0 0
vt 0 0
vt 0 0
vt 0 0
vt 0 0
vt 0 0
vt 0 0
vt 0 0
vt 0 0
vt 0 0
vt 0 0
vt 0 0
vt 0 0
vt 0 0
vt 0 0
vt 0 0
vt 0 0
vt 0 0
vt 0 0
vt 0 0
vt 0 0
vt 0 0
vt 0 0
vt 0 0
vt 0 0
vt 0 0
vt 0 0
vt 0 0
vt 0 0
vt 0 0
vt 0 0
vt 0 0
vt 0 0
vt 0 0
vt 0 0
vt 0 0
vt 0 0
vt 0 0
vt 0 0
vt 0 0
vt 0 0
vt 0 0
vt 0 0
vt 0 0
vt 0 0
vt 0 0
vt 0 0
vt 0 0
vt 0 0
vt 0 0
vt 0 0
vt 0 0
vt 0 0
vt 0 0
vt 0 0
vt 0 0
vt 0 0
vt 0 0
vt 0 0
vt 0 0
vt 0 0
vt 0 0
vt 0 0
vt 0 0
vt 0 0
vt 0 0
vt 0 0
vt 0 0
vt 0 0
vt 0 0
vt 0 0
vt 0 0
vt 0 0
vt 0 0
vt 0 0
vt 0 0
vt 0 0
vt 0 0
vt 0 0
vt 0 0
vt 0 0
vt 0 0
vt 0 0
vt 0 0
vt 0 0
vt 0 0
vt 0 0
vt 0 0
vt 0 0
vt 0 0
vt 0 0
vt 0 0
vt 0 0
vt 0 0
vt 0 0
vt 0 0
vt 0 0
vt 0 0
vt 0 0
vt 0 0
vt 0 0
vt 0 0
vt 0 0
vt 0 0
vt 0 0
vt 0 0
vt 0 0
vt 0 0
vt 0 0
vt 0 0
vt 0 0
vt 0 0
vt 0 0
vt 0 0
vt 0 0
vt 0 0
vt 0 0
vt 0 0
vt 0 0
vt 0 0
vt 0 0
vt 0 0
vt 0 0
vt 0 0
vt 0 0
vt 0 0
vt 0 0
vt 0 0
vt 0 0
vt 0 0
vt 0 0
vt 0 0
vt 0 0
vt 0 0
vt 0 0
vt 0 0
vt 0 0
vt 0 0
vt 0 0
vt 0 0
vt 0 0
vt 0 0
vt 0 0
vt 0 0
vt 0 0
vt 0 0
vt 0 0
vt 0 0
vt 0 0
vt 0 0
vt 0 0
vt 0 0
vt 0 0
vt 0 0
vt 0 0
vt 0 0
vt 0 0
vt 0 0
vt 0 0
vt 0 0
vt 0 0
vt 0 0
vt 0 0
vt 0 0
vt 0 0
vt 0 0
vt 0 0
vt 0 0
vt 0 0
vt 0 0
vt 0 0
vt 0 0
vt 0 0
vt 0 0
vt 0 0
vt 0 0
vt 0 0
vt 0 0
vt 0 0
vt 0 0
vt 0 0
vt 0 0
vt 0 0
vt 0 0
vt 0 0
vt 0 0
vt 0 0
vt 0 0
vt 0 0
vt 0 0
vt 0 0
vt 0 0
vt 0 0
vt 0 0
vt 0 0
vt 0 0
vt 0 0
vt 0 0
vt 0 0
vt 0 0
vt 0 0
vt 0 0
vt 0 0
vt 0 0
vt 0 0
vt 0 0
vt 0 0
vt 0 0
vt 0 0
vt 0 0
vt 0 0
vt 0 0
vt 0 0
vt 0 0
vt 0 0
vt 0 0
vt 0 0
vt 0 0
vt 0 0
vt 0 0
vt 0 0
vt 0 0
vt 0 0
vt 0 0
vt 0 0
vt 0 0
vt 0 0
vt 0 0
vt 0 0
vt 0 0
vt 0 0
vt 0 0
vt 0 0
vt 0 0
vt 0 0
vt 0 0
vt 0 0
vt 0 0
vt 0 0
vt 0 0
vt 0 0
vt 0 0
vt 0 0
vt 0 0
vt 0 0
vt 0 0
vt 0 0
vt 0 0
vt 0 0
vt 0 0
vt 0 0
vt 0 0
vt 0 0
vt 0 0
vt 0 0
vt 0 0
vt 0 0
vt 0 0
vt 0 0
vt 0 0
vt 0 0
vt 0 0
vt 0 0
vt 0 0
vt 0 0
vt 0 0
vt 0 0
vt 0 0
vt 0 0
vt 0 0
vt 0 0
vt 0 0
vt 0 0
vt 0 0
vt 0 0
vt 0 0
vt 0 0
vt 0 0
vt 0 0
vt 0 0
vt 0 0
vt 0 0
vt 0 0
vt 0 0
vt 0 0
vt 0 0
vt 0 0
vt 0 0
vt 0 0
vt 0 0
vt 0 0
vt 0 0
vt 0 0
vt 0 0
vt 0 0
vt 0 0
vt 0 0
vt 0 0
vt 0 0
vt 0 0
vt 0 0
vt 0 0
vt 0 0
vt 0 0
vt 0 0
vt 0 0
vt 0 0
vt 0 0
vt 0 0
vt 0 0
vt 0 0
vt 0 0
vt 0 0
vt 0 0
vt 0 0
vt 0 0
vt 0 0
vt 0 0
vt 0 0
vt 0 0
vt 0 0
vt 0 0
vt 0 0
vt 0 0
vt 0 0
vt 0 0
vt 0 0
vt 0 0
vt 0 0
vt 0 0
vt 0 0
vt 0 0
vt 0 0
vt 0 0
vt 0 0
vt 0 0
vt 0 0
vt 0 0
vt 0 0
vt 0 0
vt 0 0
vt 0 0
vt 0 0
vt 0 0
vt 0 0
vt 0 0
vt 0 0
vt 0 0
vt 0 0
vt 0 0
vt 0 0
vt 0 0
vt 0 0
vt 0 0
vt 0 0
vt 0 0
vt 0 0
vt 0 0
vt 0 0
vt 0 0
vt 0 0
vt 0 0
vt 0 0
vt 0 0
vt 0 0
vt 0 0
vt 0 0
vt 0 0
vt 0 0
vt 0 0
vt 0 0
vt 0 0
vt 0 0
vt 0 0
vt 0 0
vt 0 0
vt 0 0
vt 0 0
vt 0 0
vt 0 0
vt 0 0
vt 0 0
vt 0 0
vt 0 0
vt 0 0
vt 0 0
vt 0 0
vt 0 0
vt 0 0
vt 0 0
vt 0 0
vt 0 0
vt 0 0
vt 0 0
vt 0 0
vt 0 0
vt 0 0
vt 0 0
vt 0 0
vt 0 0
vt 0 0
vt 0 0
vt 0 0
vt 0 0
vt 0 0
vt 0 0
vt 0 0
vt 0 0
vt 0 0
vt 0 0
vt 0 0
vt 0 0
vt 0 0
vt 0 0
vt 0 0
vt 0 0
vt 0 0
vt 0 0
vt 0 0
vt 0 0
vt 0 0
vt 0 0
vt 0 0
vt 0 0
vt 0 0
vt 0 0
vt 0 0
vt 0 0
vt 0 0
vt 0 0
vt 0 0
vt 0 0
vt 0 0
vt 0 0
vt 0 0
vt 0 0
vt 0 0
vt 0 0
vt 0 0
vt 0 0
vt 0 0
vt 0 0
vt 0 0
vt 0 0
vt 0 0
vt 0 0
vt 0 0
vt 0 0
vt 0 0
vt 0 0
vt 0 0
vt 0 0
vt 0 0
vt 0 0
vt 0 0
vt 0 0
vt 0 0
vt 0 0
vt 0 0
vt 0 0
vt 0 0
vt 0 0
vt 0 0
vt 0 0
vt 0 0
vt 0 0
vt 0 0
vt 0 0
vt 0 0
vt 0 0
vt 0 0
vt 0 0
vt 0 0
vt 0 0
vt 0 0
vt 0 0
vt 0 0
vt 0 0
vt 0 0
vt 0 0
vt 0 0
vt 0 0
vt 0 0
vt 0 0
vt 0 0
vt 0 0
vt 0 0
vt 0 0
vt 0 0
vt 0 0
vt 0 0
vt 0 0
vt 0 0
vt 0 0
vt 0 0
vt 0 0
vt 0 0
vt 0 0
vt 0 0
vt 0 0
vt 0 0
vt 0 0
vt 0 0
vt 0 0
vt 0 0
vt 0 0
vt 0 0
vt 0 0
vt 0 0
vt 0 0
vt 0 0
vt 0 0
vt 0 0
vt 0 0
vt 0 0
vt 0 0
vt 0 0
vt 0 0
vt 0 0
vt 0 0
vt 0 0
vt 0 0
vt 0 0
vt 0 0
vt 0 0
vt 0 0
vt 0 0
vt 0 0
vt 0 0
vt 0 0
vt 0 0
vt 0 0
vt 0 0
vt 0 0
vt 0 0
vt 0 0
vt 0 0
vt 0 0
vt 0 0
vt 0 0
vt 0 0
vt 0 0
vt 0 0
vt 0 0
vt 0 0
vt 0 0
vt 0 0
vt 0 0
vt 0 0
vt 0 0
vt 0 0
vt 0 0
vt 0 0
vt 0 0
vt 0 0
vt 0 0
vt 0 0
vt 0 0
vt 0 0
vt 0 0
vt 0 0
vt 0 0
vt 0 0
vt 0 0
vt 0 0
vt 0 0
vt 0 0
vt 0 0
vt 0 0
vt 0 0
vt 0 0
vt 0 0
vt 0 0
vt 0 0
vt 0 0
vt 0 0
vt 0 0
vt 0 0
vt 0 0
vt 0 0
vt 0 0
vt 0 0
vt 0 0
vt 0 0
vt 0 0
vt 0 0
vt 0 0
vt 0 0
vt 0 0
vt 0 0
vt 0 0
vt 0 0
vt 0 0
vt 0 0
vt 0 0
vt 0 0
vt 0 0
vt 0 0
vt 0 0
vt 0 0
vt 0 0
vt 0 0
vt 0 0
vt 0 0
vt 0 0
vt 0 0
vt 0 0
vt 0 0
vt 0 0
vt 0 0
vt 0 0
vt 0 0
vt 0 0
vt 0 0
vt 0 0
vt 0 0
vt 0 0
vt 0 0
vt 0 0
vt 0 0
vt 0 0
vt 0 0
vt 0 0
vt 0 0
vt 0 0
vt 0 0
vt 0 0
vt 0 0
vt 0 0
vt 0 0
vt 0 0
vt 0 0
vt 0 0
vt 0 0
vt 0 0
vt 0 0
vt 0 0
vt 0 0
vt 0 0
vt 0 0
vt 0 0
vt 0 0
vt 0 0
vt 0 0
vt 0 0
vt 0 0
vt 0 0
vt 0 0
vt 0 0
vt 0 0
vt 0 0
vt 0 0
vt 0 0
vt 0 0
vt 0 0
vt 0 0
vt 0 0
vt 0 0
vt 0 0
vt 0 0
vt 0 0
vt 0 0
vt 0 0
vt 0 0
vt 0 0
vt 0 0
vt 0 0
vt 0 0
vt 0 0
vt 0 0
vt 0 0
vt 0 0
vt 0 0
vt 0 0
vt 0 0
vt 0 0
vt 0 0
vt 0 0
vt 0 0
vt 0 0
vt 0 0
vt 0 0
vt 0 0
vt 0 0
vt 0 0
vt 0 0
vt 0 0
vt 0 0
vt 0 0
vt 0 0
vt 0 0
vt 0 0
vt 0 0
vt 0 0
vt 0 0
vt 0 0
vt 0 0
vt 0 0
vt 0 0
vt 0 0
vt 0 0
vt 0 0
vt 0 0
vt 0 0
vt 0 0
vt 0 0
vt 0 0
vt 0 0
vt 0 0
vt 0 0
vt 0 0
vt 0 0
vt 0 0
vt 0 0
vt 0 0
vt 0 0
vt 0 0
vt 0 0
vt 0 0
vt 0 0
vt 0 0
vt 0 0
vt 0 0
vt 0 0
vt 0 0
vt 0 0
vt 0 0
vt 0 0
vt 0 0
vt 0 0
vt 0 0
vt 0 0
vt 0 0
vt 0 0
vt 0 0
vt 0 0
vt 0 0
vt 0 0
vt 0 0
vt 0 0
vt 0 0
vt 0 0
vt 0 0
vt 0 0
vt 0 0
vt 0 0
vt 0 0
vt 0 0
vt 0 0
vt 0 0
vt 0 0
vt 0 0
vt 0 0
vt 0 0
vt 0 0
vt 0 0
vt 0 0
vt 0 0
vt 0 0
vt 0 0
vt 0 0
vt 0 0
vt 0 0
vt 0 0
vt 0 0
vt 0 0
vt 0 0
vt 0 0
vt 0 0
vt 0 0
vt 0 0
vt 0 0
vt 0 0
vt 0 0
vt 0 0
vt 0 0
vt 0 0
vt 0 0
vt 0 0
vt 0 0
vt 0 0
vt 0 0
vt 0 0
vt 0 0
vt 0 0
vt 0 0
vt 0 0
vt 0 0
vt 0 0
vt 0 0
vt 0 0
vt 0 0
vt 0 0
vt 0 0
vt 0 0
vt 0 0
vt 0 0
vt 0 0
vt 0 0
vt 0 0
vt 0 0
vt 0 0
vt 0 0
vt 0 0
vt 0 0
vt 0 0
vt 0 0
vt 0 0
vt 0 0
vt 0 0
vt 0 0
vt 0 0
vt 0 0
vt 0 0
vt 0 0
vt 0 0
vt 0 0
vt 0 0
vt 0 0
vt 0 0
vt 0 0
vt 0 0
vt 0 0
vt 0 0
vt 0 0
vt 0 0
vt 0 0
vt 0 0
vt 0 0
vt 0 0
vt 0 0
vt 0 0
vt 0 0
vt 0 0
vt 0 0
vt 0 0
vt 0 0
vt 0 0
vt 0 0
vt 0 0
vt 0 0
vt 0 0
vt 0 0
vt 0 0
vt 0 0
vt 0 0
vt 0 0
vt 0 0
vt 0 0
vt 0 0
vt 0 0
vt 0 0
vt 0 0
vt 0 0
vt 0 0
vt 0 0
vt 0 0
vt 0 0
vt 0 0
vt 0 0
vt 0 0
vt 0 0
vt 0 0
vt 0 0
vt 0 0
vt 0 0
vt 0 0
vt 0 0
vt 0 0
vt 0 0
vt 0 0
vt 0 0
vt 0 0
vt 0 0
vt 0 0
vt 0 0
vt 0 0
vt 0 0
vt 0 0
vt 0 0
vt 0 0
vt 0 0
vt 0 0
vt 0 0
vt 0 0
vt 0 0
vt 0 0
vt 0 0
vt 0 0
vt 0 0
vt 0 0
vt 0 0
vt 0 0
vt 0 0
vt 0 0
vt 0 0
vt 0 0
vt 0 0
vt 0 0
vt 0 0
vt 0 0
vt 0 0
vt 0 0
vt 0 0
vt 0 0
vt 0 0
vt 0 0
vt 0 0
vt 0 0
vt 0 0
vt 0 0
vt 0 0
vt 0 0
vt 0 0
vt 0 0
vt 0 0
vt 0 0
vt 0 0
vt 0 0
vt 0 0
vt 0 0
vt 0 0
vt 0 0
vt 0 0
vt 0 0
vt 0 0
vt 0 0
vt 0 0
vt 0 0
vt 0 0
vt 0 0
vt 0 0
vt 0 0
vt 0 0
vt 0 0
vt 0 0
vt 0 0
vt 0 0
vt 0 0
vt 0 0
vt 0 0
vt 0 0
vt 0 0
vt 0 0
vt 0 0
vt 0 0
vt 0 0
vt 0 0
vt 0 0
vt 0 0
vt 0 0
vt 0 0
vt 0 0
vt 0 0
vt 0 0
vt 0 0
vt 0 0
vt 0 0
vt 0 0
vt 0 0
vt 0 0
vt 0 0
vt 0 0
vt 0 0
vt 0 0
vt 0 0
vt 0 0
vt 0 0
vt 0 0
vt 0 0
vt 0 0
vt 0 0
vt 0 0
vt 0 0
vt 0 0
vt 0 0
vt 0 0
vt 0 0
vt 0 0
vt 0 0
vt 0 0
vt 0 0
vt 0 0
vt 0 0
vt 0 0
vt 0 0
vt 0 0
vt 0 0
vt 0 0
vt 0 0
vt 0 0
vt 0 0
vt 0 0
vt 0 0
vt 0 0
vt 0 0
vt 0 0
vt 0 0
vt 0 0
vt 0 0
vt 0 0
vt 0 0
vt 0 0
vt 0 0
vt 0 0
vt 0 0
vt 0 0
vt 0 0
vt 0 0
vt 0 0
vt 0 0
vt 0 0
vt 0 0
vt 0 0
vt 0 0
vt 0 0
vt 0 0
vt 0 0
vt 0 0
vt 0 0
vt 0 0
vt 0 0
vt 0 0
vt 0 0
vt 0 0
vt 0 0
vt 0 0
vt 0 0
vt 0 0
vt 0 0
vt 0 0
vt 0 0
vt 0 0
vt 0 0
vt 0 0
vt 0 0
vt 0 0
vt 0 0
vt 0 0
vt 0 0
vt 0 0
vt 0 0
vt 0 0
vt 0 0
vt 0 0
vt 0 0
vt 0 0
vt 0 0
vt 0 0
vt 0 0
vt 0 0
vt 0 0
vt 0 0
vt 0 0
vt 0 0
vt 0 0
vt 0 0
vt 0 0
vt 0 0
vt 0 0
vt 0 0
vt 0 0
vt 0 0
vt 0 0
vt 0 0
vt 0 0
vt 0 0
vt 0 0
vt 0 0
vt 0 0
vt 0 0
vt 0 0
vt 0 0
vt 0 0
vt 0 0
vt 0 0
vt 0 0
vt 0 0
vt 0 0
vt 0 0
vt 0 0
vt 0 0
vt 0 0
vt 0 0
vt 0 0
vt 0 0
vt 0 0
vt 0 0
vt 0 0
vt 0 0
vt 0 0
vt 0 0
vt 0 0
vt 0 0
vt 0 0
vt 0 0
vt 0 0
vt 0 0
vt 0 0
vt 0 0
vt 0 0
vt 0 0
vt 0 0
vt 0 0
vt 0 0
vt 0 0
vt 0 0
vt 0 0
vt 0 0
vt 0 0
vt 0 0
vt 0 0
vt 0 0
vt 0 0
vt 0 0
vt 0 0
vt 0 0
vt 0 0
vt 0 0
vt 0 0
vt 0 0
vt 0 0
vt 0 0
vt 0 0
vt 0 0
vt 0 0
vt 0 0
vt 0 0
vt 0 0
vt 0 0
vt 0 0
vt 0 0
vt 0 0
vt 0 0
vt 0 0
vt 0 0
vt 0 0
vt 0 0
vt 0 0
vt 0 0
vt 0 0
vt 0 0
vt 0 0
vt 0 0
vt 0 0
vt 0 0
vt 0 0
vt 0 0
vt 0 0
vt 0 0
vt 0 0
vt 0 0
vt 0 0
vt 0 0
vt 0 0
vt 0 0
vt 0 0
vt 0 0
vt 0 0
vt 0 0
vt 0 0
vt 0 0
vt 0 0
vt 0 0
vt 0 0
vt 0 0
vt 0 0
vt 0 0
vt 0 0
vt 0 0
vt 0 0
vt 0 0
vt 0 0
vt 0 0
vt 0 0
vt 0 0
vt 0 0
vt 0 0
vt 0 0
vt 0 0
vt 0 0
vt 0 0
vt 0 0
vt 0 0
vt 0 0
vt 0 0
vt 0 0
vt 0 0
vt 0 0
vt 0 0
vt 0 0
vt 0 0
vt 0 0
vt 0 0
vt 0 0
vt 0 0
vt 0 0
vt 0 0
vt 0 0
vt 0 0
vt 0 0
vt 0 0
vt 0 0
vt 0 0
vt 0 0
vt 0 0
vt 0 0
vt 0 0
vt 0 0
vt 0 0
vt 0 0
vt 0 0
vt 0 0
vt 0 0
vt 0 0
vt 0 0
vt 0 0
vt 0 0
vt 0 0
vt 0 0
vt 0 0
vt 0 0
vt 0 0
vt 0 0
vt 0 0
vt 0 0
vt 0 0
vt 0 0
vt 0 0
vt 0 0
vt 0 0
vt 0 0
vt 0 0
vt 0 0
vt 0 0
vt 0 0
vt 0 0
vt 0 0
vt 0 0
vt 0 0
vt 0 0
vt 0 0
vt 0 0
vt 0 0
vt 0 0
vt 0 0
vt 0 0
vt 0 0
vt 0 0
vt 0 0
vt 0 0
vt 0 0
vt 0 0
vt 0 0
vt 0 0
vt 0 0
vt 0 0
vt 0 0
vt 0 0
vt 0 0
vt 0 0
vt 0 0
vt 0 0
vt 0 0
vt 0 0
vt 0 0
vt 0 0
vt 0 0
vt 0 0
vt 0 0
vt 0 0
vt 0 0
vt 0 0
vt 0 0
vt 0 0
vt 0 0
vt 0 0
vt 0 0
vt 0 0
vt 0 0
vt 0 0
vt 0 0
vt 0 0
vt 0 0
vt 0 0
vt 0 0
vt 0 0
vt 0 0
vt 0 0
vt 0 0
vt 0 0
vt 0 0
vt 0 0
vt 0 0
vt 0 0
vt 0 0
vt 0 0
vt 0 0
vt 0 0
vt 0 0
vt 0 0
vt 0 0
vt 0 0
vt 0 0
vt 0 0
vt 0 0
vt 0 0
vt 0 0
vt 0 0
vt 0 0
vt 0 0
vt 0 0
vt 0 0
vt 0 0
vt 0 0
vt 0 0
vt 0 0
vt 0 0
vt 0 0
vt 0 0
vt 0 0
vt 0 0
vt 0 0
vt 0 0
vt 0 0
vt 0 0
vt 0 0
vt 0 0
vt 0 0
vt 0 0
vt 0 0
vt 0 0
vt 0 0
vt 0 0
vt 0 0
vt 0 0
vt 0 0
vt 0 0
vt 0 0
vt 0 0
vt 0 0
vt 0 0
vt 0 0
vt 0 0
vt 0 0
vt 0 0
vt 0 0
vt 0 0
vt 0 0
vt 0 0
vt 0 0
vt 0 0
vt 0 0
vt 0 0
vt 0 0
vt 0 0
vt 0 0
vt 0 0
vt 0 0
vt 0 0
vt 0 0
vt 0 0
vt 0 0
vt 0 0
vt 0 0
vt 0 0
vt 0 0
vt 0 0
vt 0 0
vt 0 0
vt 0 0
vt 0 0
vt 0 0
vt 0 0
vt 0 0
vt 0 0
vt 0 0
vt 0 0
vt 0 0
vt 0 0
vt 0 0
vt 0 0
vt 0 0
vt 0 0
vt 0 0
vt 0 0
vt 0 0
vt 0 0
vt 0 0
vt 0 0
vt 0 0
vt 0 0
vt 0 0
vt 0 0
vt 0 0
vt 0 0
vt 0 0
vt 0 0
vt 0 0
vt 0 0
vt 0 0
vt 0 0
vt 0 0
vt 0 0
vt 0 0
vt 0 0
vt 0 0
vt 0 0
vt 0 0
vt 0 0
vt 0 0
vt 0 0
vt 0 0
vt 0 0
vt 0 0
vt 0 0
vt 0 0
vt 0 0
vt 0 0
vt 0 0
vt 0 0
vt 0 0
vt 0 0
vt 0 0
vt 0 0
vt 0 0
vt 0 0
vt 0 0
vt 0 0
vt 0 0
vt 0 0
vt 0 0
vt 0 0
vt 0 0
vt 0 0
vt 0 0
vt 0 0
vt 0 0
vt 0 0
vt 0 0
vt 0 0
vt 0 0
vt 0 0
vt 0 0
vt 0 0
vt 0 0
vt 0 0
vt 0 0
vt 0 0
vt 0 0
vt 0 0
vt 0 0
vt 0 0
vt 0 0
vt 0 0
vt 0 0
vt 0 0
vt 0 0
vt 0 0
vt 0 0
vt 0 0
vt 0 0
vt 0 0
vt 0 0
vt 0 0
vt 0 0
vt 0 0
vt 0 0
vt 0 0
vt 0 0
vt 0 0
vt 0 0
vt 0 0
vt 0 0
vt 0 0
vt 0 0
vt 0 0
vt 0 0
vt 0 0
vt 0 0
vt 0 0
vt 0 0
vt 0 0
vt 0 0
vt 0 0
vt 0 0
vt 0 0
vt 0 0
vt 0 0
vt 0 0
vt 0 0
vt 0 0
vt 0 0
vt 0 0
vt 0 0
vt 0 0
vt 0 0
vt 0 0
vt 0 0
vt 0 0
vt 0 0
vt 0 0
vt 0 0
vt 0 0
vt 0 0
vt 0 0
vt 0 0
vt 0 0
vt 0 0
vt 0 0
vt 0 0
vt 0 0
vt 0 0
vt 0 0
vt 0 0
vt 0 0
vt 0 0
vt 0 0
vt 0 0
vt 0 0
vt 0 0
vt 0 0
vt 0 0
vt 0 0
vt 0 0
vt 0 0
vt 0 0
vt 0 0
vt 0 0
vt 0 0
vt 0 0
vt 0 0
vt 0 0
vt 0 0
vt 0 0
vt 0 0
vt 0 0
vt 0 0
vt 0 0
vt 0 0
vt 0 0
vt 0 0
vt 0 0
vt 0 0
vt 0 0
vt 0 0
vt 0 0
vt 0 0
vt 0 0
vt 0 0
vt 0 0
vt 0 0
vt 0 0
vt 0 0
vt 0 0
vt 0 0
vt 0 0
vt 0 0
vt 0 0
vt 0 0
vt 0 0
vt 0 0
vt 0 0
vt 0 0
vt 0 0
vt 0 0
vt 0 0
vt 0 0
vt 0 0
vt 0 0
vt 0 0
vt 0 0
vt 0 0
vt 0 0
vt 0 0
vt 0 0
vt 0 0
vt 0 0
vt 0 0
vt 0 0
vt 0 0
vt 0 0
vt 0 0
vt 0 0
vt 0 0
vt 0 0
vt 0 0
vt 0 0
vt 0 0
vt 0 0
vt 0 0
vt 0 0
vt 0 0
vt 0 0
vt 0 0
vt 0 0
vt 0 0
vt 0 0
vt 0 0
vt 0 0
vt 0 0
vt 0 0
vt 0 0
vt 0 0
vt 0 0
vt 0 0
vt 0 0
vt 0 0
vt 0 0
vt 0 0
vt 0 0
vt 0 0
vt 0 0
vt 0 0
vt 0 0
vt 0 0
vt 0 0
vt 0 0
vt 0 0
vt 0 0
vt 0 0
vt 0 0
vt 0 0
vt 0 0
vt 0 0
vt 0 0
vt 0 0
vt 0 0
vt 0 0
vt 0 0
vt 0 0
vt 0 0
vt 0 0
vt 0 0
vt 0 0
vt 0 0
vt 0 0
vt 0 0
vt 0 0
vt 0 0
vt 0 0
vt 0 0
vt 0 0
vt 0 0
vt 0 0
vt 0 0
vt 0 0
vt 0 0
vt 0 0
vt 0 0
vt 0 0
vt 0 0
vt 0 0
vt 0 0
vt 0 0
vt 0 0
vt 0 0
vt 0 0
vt 0 0
vt 0 0
vt 0 0
vt 0 0
vt 0 0
vt 0 0
vt 0 0
vt 0 0
vt 0 0
vt 0 0
vt 0 0
vt 0 0
vt 0 0
vt 0 0
vt 0 0
vt 0 0
vt 0 0
vt 0 0
vt 0 0
vt 0 0
vt 0 0
vt 0 0
vt 0 0
vt 0 0
vt 0 0
vt 0 0
vt 0 0
vt 0 0
vt 0 0
vt 0 0
vt 0 0
vt 0 0
vt 0 0
vt 0 0
vt 0 0
vt 0 0
vt 0 0
vt 0 0
vt 0 0
vt 0 0
vt 0 0
vt 0 0
vt 0 0
vt 0 0
vt 0 0
vt 0 0
vt 0 0
vt 0 0
vt 0 0
vt 0 0
vt 0 0
vt 0 0
vt 0 0
vt 0 0
vt 0 0
vt 0 0
vt 0 0
vt 0 0
vt 0 0
vt 0 0
vt 0 0
vt 0 0
vt 0 0
vt 0 0
vt 0 0
vt 0 0
vt 0 0
vt 0 0
vt 0 0
vt 0 0
vt 0 0
vt 0 0
vt 0 0
vt 0 0
vt 0 0
vt 0 0
vt 0 0
vt 0 0
vt 0 0
vt 0 0
vt 0 0
vt 0 0
vt 0 0
vt 0 0
vt 0 0
vt 0 0
vt 0 0
vt 0 0
vt 0 0
vt 0 0
vt 0 0
vt 0 0
vt 0 0
vt 0 0
vt 0 0
vt 0 0
vt 0 0
vt 0 0
vt 0 0
vt 0 0
vt 0 0
vt 0 0
vt 0 0
vt 0 0
vt 0 0
vt 0 0
vt 0 0
vt 0 0
vt 0 0
vt 0 0
vt 0 0
vt 0 0
vt 0 0
vt 0 0
vt 0 0
vt 0 0
vt 0 0
vt 0 0
vt 0 0
vt 0 0
vt 0 0
vt 0 0
vt 0 0
vt 0 0
vt 0 0
vt 0 0
vt 0 0
vt 0 0
vt 0 0
vt 0 0
vt 0 0
vt 0 0
vt 0 0
vt 0 0
vt 0 0
vt 0 0
vt 0 0
vt 0 0
vt 0 0
vt 0 0
vt 0 0
vt 0 0
vt 0 0
vt 0 0
vt 0 0
vt 0 0
vt 0 0
vt 0 0
vt 0 0
vt 0 0
vt 0 0
vt 0 0
vt 0 0
vt 0 0
vt 0 0
vt 0 0
vt 0 0
vt 0 0
vt 0 0
vt 0 0
vt 0 0
vt 0 0
vt 0 0
vt 0 0
vt 0 0
vt 0 0
vt 0 0
vt 0 0
vt 0 0
vt 0 0
vt 0 0
vt 0 0
vt 0 0
vt 0 0
vt 0 0
vt 0 0
vt 0 0
vt 0 0
vt 0 0
vt 0 0
vt 0 0
vt 0 0
vt 0 0
vt 0 0
vt 0 0
vt 0 0
vt 0 0
vt 0 0
vt 0 0
vt 0 0
vt 0 0
vt 0 0
vt 0 0
vt 0 0
vt 0 0
vt 0 0
vt 0 0
vt 0 0
vt 0 0
vt 0 0
vt 0 0
vt 0 0
vt 0 0
vt 0 0
vt 0 0
vt 0 0
vt 0 0
vt 0 0
vt 0 0
vt 0 0
vt 0 0
vt 0 0
vt 0 0
vt 0 0
vt 0 0
vt 0 0
vt 0 0
vt 0 0
vt 0 0
vt 0 0
vt 0 0
vt 0 0
vt 0 0
vt 0 0
vt 0 0
vt 0 0
vt 0 0
vt 0 0
vt 0 0
vt 0 0
vt 0 0
vt 0 0
vt 0 0
vt 0 0
vt 0 0
vt 0 0
vt 0 0
vt 0 0
vt 0 0
vt 0 0
vt 0 0
vt 0 0
vt 0 0
vt 0 0
vt 0 0
vt 0 0
vt 0 0
vt 0 0
vt 0 0
vt 0 0
vt 0 0
vt 0 0
vt 0 0
vt 0 0
vt 0 0
vt 0 0
vt 0 0
vt 0 0
vt 0 0
vt 0 0
vt 0 0
vt 0 0
vt 0 0
vt 0 0
vt 0 0
vt 0 0
vt 0 0
vt 0 0
vt 0 0
vt 0 0
vt 0 0
vt 0 0
vt 0 0
vt 0 0
vt 0 0
vt 0 0
vt 0 0
vt 0 0
vt 0 0
vt 0 0
vt 0 0
vt 0 0
vt 0 0
vt 0 0
vt 0 0
vt 0 0
vt 0 0
vt 0 0
vt 0 0
vt 0 0
vt 0 0
vt 0 0
vt 0 0
vt 0 0
vt 0 0
vt 0 0
vt 0 0
vt 0 0
vt 0 0
vt 0 0
vt 0 0
vt 0 0
vt 0 0
vt 0 0
vt 0 0
vt 0 0
vt 0 0
vt 0 0
vt 0 0
vt 0 0
vt 0 0
vt 0 0
vt 0 0
vt 0 0
vt 0 0
vt 0 0
vt 0 0
vt 0 0
vt 0 0
vt 0 0
vt 0 0
vt 0 0
vt 0 0
vt 0 0
vt 0 0
vt 0 0
vt 0 0
vt 0 0
vt 0 0
vt 0 0
vt 0 0
vt 0 0
vt 0 0
vt 0 0
vt 0 0
vt 0 0
vt 0 0
vt 0 0
vt 0 0
vt 0 0
vt 0 0
vt 0 0
vt 0 0
vt 0 0
vt 0 0
vt 0 0
vt 0 0
vt 0 0
vt 0 0
vt 0 0
vt 0 0
vt 0 0
vt 0 0
vt 0 0
vt 0 0
vt 0 0
vt 0 0
vt 0 0
vt 0 0
vt 0 0
vt 0 0
vt 0 0
vt 0 0
vt 0 0
vt 0 0
vt 0 0
vt 0 0
vt 0 0
vt 0 0
vt 0 0
vt 0 0
vt 0 0
vt 0 0
vt 0 0
vt 0 0
vt 0 0
vt 0 0
vt 0 0
vt 0 0
vt 0 0
vt 0 0
vt 0 0
vt 0 0
vt 0 0
vt 0 0
vt 0 0
vt 0 0
vt 0 0
vt 0 0
vt 0 0
vt 0 0
vt 0 0
vt 0 0
vt 0 0
vt 0 0
vt 0 0
vt 0 0
vt 0 0
vt 0 0
vt 0 0
vt 0 0
vt 0 0
vt 0 0
vt 0 0
vt 0 0
vt 0 0
vt 0 0
vt 0 0
vt 0 0
vt 0 0
vt 0 0
vt 0 0
vt 0 0
vt 0 0
vt 0 0
vt 0 0
vt 0 0
vt 0 0
vt 0 0
vt 0 0
vt 0 0
vt 0 0
vt 0 0
vt 0 0
vt 0 0
vt 0 0
vt 0 0
vt 0 0
vt 0 0
vt 0 0
vt 0 0
vt 0 0
vt 0 0
vt 0 0
vt 0 0
vt 0 0
vt 0 0
vt 0 0
vt 0 0
vt 0 0
vt 0 0
vt 0 0
vt 0 0
vt 0 0
vt 0 0
vt 0 0
vt 0 0
vt 0 0
vt 0 0
vt 0 0
vt 0 0
vt 0 0
vt 0 0
vt 0 0
vt 0 0
vt 0 0
vt 0 0
vt 0 0
vt 0 0
vt 0 0
vt 0 0
vt 0 0
vt 0 0
vt 0 0
vt 0 0
vt 0 0
vt 0 0
vt 0 0
vt 0 0
vt 0 0
vt 0 0
vt 0 0
vt 0 0
vt 0 0
vt 0 0
vt 0 0
vt 0 0
vt 0 0
vt 0 0
vt 0 0
vt 0 0
vt 0 0
vt 0 0
vt 0 0
vt 0 0
vt 0 0
vt 0 0
vt 0 0
vt 0 0
vt 0 0
vt 0 0
vt 0 0
vt 0 0
vt 0 0
vt 0 0
vt 0 0
vt 0 0
vt 0 0
vt 0 0
vt 0 0
vt 0 0
vt 0 0
vt 0 0
vt 0 0
vt 0 0
vt 0 0
vt 0 0
vt 0 0
vt 0 0
vt 0 0
vt 0 0
vt 0 0
vt 0 0
vt 0 0
vt 0 0
vt 0 0
vt 0 0
vt 0 0
vt 0 0
vt 0 0
vt 0 0
vt 0 0
vt 0 0
vt 0 0
vt 0 0
vt 0 0
vt 0 0
vt 0 0
vt 0 0
vt 0 0
vt 0 0
vt 0 0
vt 0 0
vt 0 0
vt 0 0
vt 0 0
vt 0 0
vt 0 0
vt 0 0
vt 0 0
vt 0 0
vt 0 0
vt 0 0
vt 0 0
vt 0 0
vt 0 0
vt 0 0
vt 0 0
vt 0 0
vt 0 0
vt 0 0
vt 0 0
vt 0 0
vt 0 0
vt 0 0
vt 0 0
vt 0 0
vt 0 0
vt 0 0
vt 0 0
vt 0 0
vt 0 0
vt 0 0
vt 0 0
vt 0 0
vt 0 0
vt 0 0
vt 0 0
vt 0 0
vt 0 0
vt 0 0
vt 0 0
vt 0 0
vt 0 0
vt 0 0
vt 0 0
vt 0 0
vt 0 0
vt 0 0
vt 0 0
vt 0 0
vt 0 0
vt 0 0
vt 0 0
vt 0 0
vt 0 0
vt 0 0
vt 0 0
vt 0 0
vt 0 0
vt 0 0
vt 0 0
vt 0 0
vt 0 0
vt 0 0
vt 0 0
vt 0 0
vt 0 0
vt 0 0
vt 0 0
vt 0 0
vt 0 0
vt 0 0
vt 0 0
vt 0 0
vt 0 0
vt 0 0
vt 0 0
vt 0 0
vt 0 0
vt 0 0
vt 0 0
vt 0 0
vt 0 0
vt 0 0
vt 0 0
vt 0 0
vt 0 0
vt 0 0
vt 0 0
vt 0 0
vt 0 0
vt 0 0
vt 0 0
vt 0 0
vt 0 0
vt 0 0
vt 0 0
vt 0 0
vt 0 0
vt 0 0
vt 0 0
vt 0 0
vt 0 0
vt 0 0
vt 0 0
vt 0 0
vt 0 0
vt 0 0
vt 0 0
vt 0 0
vt 0 0
vt 0 0
vt 0 0
vt 0 0
vt 0 0
vt 0 0
vt 0 0
vt 0 0
vt 0 0
vt 0 0
vt 0 0
vt 0 0
vt 0 0
vt 0 0
vt 0 0
vt 0 0
vt 0 0
vt 0 0
vt 0 0
vt 0 0
vt 0 0
vt 0 0
vt 0 0
vt 0 0
vt 0 0
vt 0 0
vt 0 0
vt 0 0
vt 0 0
vt 0 0
vt 0 0
vt 0 0
vt 0 0
vt 0 0
vt 0 0
vt 0 0
vt 0 0
vt 0 0
vt 0 0
vt 0 0
vt 0 0
vt 0 0
vt 0 0
vt 0 0
vt 0 0
vt 0 0
vt 0 0
vt 0 0
vt 0 0
vt 0 0
vt 0 0
vt 0 0
vt 0 0
vt 0 0
vt 0 0
vt 0 0
vt 0 0
vt 0 0
vt 0 0
vt 0 0
vt 0 0
vt 0 0
vt 0 0
vt 0 0
vt 0 0
vt 0 0
vt 0 0
vt 0 0
vt 0 0
vt 0 0
vt 0 0
vt 0 0
vt 0 0
vt 0 0
vt 0 0
vt 0 0
vt 0 0
vt 0 0
vt 0 0
vt 0 0
vt 0 0
vt 0 0
vt 0 0
vt 0 0
vt 0 0
vt 0 0
vt 0 0
vt 0 0
vt 0 0
vt 0 0
vt 0 0
vt 0 0
vt 0 0
vt 0 0
vt 0 0
vt 0 0
vt 0 0
vt 0 0
vt 0 0
vt 0 0
vt 0 0
vt 0 0
vt 0 0
vt 0 0
vt 0 0
vt 0 0
vt 0 0
vt 0 0
vt 0 0
vt 0 0
vt 0 0
vt 0 0
vt 0 0
vt 0 0
vt 0 0
vt 0 0
vt 0 0
vt 0 0
vt 0 0
vt 0 0
vt 0 0
vt 0 0
vt 0 0
vt 0 0
vt 0 0
vt 0 0
vt 0 0
vt 0 0
vt 0 0
vt 0 0
vt 0 0
vt 0 0
vt 0 0
vt 0 0
vt 0 0
vt 0 0
vt 0 0
vt 0 0
vt 0 0
vt 0 0
vt 0 0
vt 0 0
vt 0 0
vt 0 0
vt 0 0
vt 0 0
vt 0 0
vt 0 0
vt 0 0
vt 0 0
vt 0 0
vt 0 0
vt 0 0
vt 0 0
vt 0 0
vt 0 0
vt 0 0
vt 0 0
vt 0 0
vt 0 0
vt 0 0
vt 0 0
vt 0 0
vt 0 0
vt 0 0
vt 0 0
vt 0 0
vt 0 0
vt 0 0
vt 0 0
vt 0 0
vt 0 0
vt 0 0
vt 0 0
vt 0 0
vt 0 0
vt 0 0
vt 0 0
vt 0 0
vt 0 0
vt 0 0
vt 0 0
vt 0 0
vt 0 0
vt 0 0
vt 0 0
vt 0 0
vt 0 0
vt 0 0
vt 0 0
vt 0 0
vt 0 0
vt 0 0
vt 0 0
vt 0 0
vt 0 0
vt 0 0
vt 0 0
vt 0 0
vt 0 0
vt 0 0
vt 0 0
vt 0 0
vt 0 0
vt 0 0
vt 0 0
vt 0 0
vt 0 0
vt 0 0
vt 0 0
vt 0 0
vt 0 0
vt 0 0
vt 0 0
vt 0 0
vt 0 0
vt 0 0
vt 0 0
vt 0 0
vt 0 0
vt 0 0
vt 0 0
vt 0 0
vt 0 0
vt 0 0
vt 0 0
vt 0 0
vt 0 0
vt 0 0
vt 0 0
vt 0 0
vt 0 0
vt 0 0
vt 0 0
vt 0 0
vt 0 0
vt 0 0
vt 0 0
vt 0 0
vt 0 0
vt 0 0
vt 0 0
vt 0 0
vt 0 0
vt 0 0
vt 0 0
vt 0 0
vt 0 0
vt 0 0
vt 0 0
vt 0 0
vt 0 0
vt 0 0
vt 0 0
vt 0 0
vt 0 0
vt 0 0
vt 0 0
vt 0 0
vt 0 0
vt 0 0
vt 0 0
vt 0 0
vt 0 0
vt 0 0
vt 0 0
vt 0 0
vt 0 0
vt 0 0
vt 0 0
vt 0 0
vt 0 0
vt 0 0
vt 0 0
vt 0 0
vt 0 0
vt 0 0
vt 0 0
vt 0 0
vt 0 0
vt 0 0
vt 0 0
vt 0 0
vt 0 0
vt 0 0
vt 0 0
vt 0 0
vt 0 0
vt 0 0
vt 0 0
vt 0 0
vt 0 0
vt 0 0
vt 0 0
vt 0 0
vt 0 0
vt 0 0
vt 0 0
vt 0 0
vt 0 0
vt 0 0
vt 0 0
vt 0 0
vt 0 0
vt 0 0
vt 0 0
vt 0 0
vt 0 0
vt 0 0
vt 0 0
vt 0 0
vt 0 0
vt 0 0
vt 0 0
vt 0 0
vt 0 0
vt 0 0
vt 0 0
vt 0 0
vt 0 0
vt 0 0
vt 0 0
vt 0 0
vt 0 0
vt 0 0
vt 0 0
vt 0 0
vt 0 0
vt 0 0
vt 0 0
vt 0 0
vt 0 0
vt 0 0
vt 0 0
vt 0 0
vt 0 0
vt 0 0
vt 0 0
vt 0 0
vt 0 0
vt 0 0
vt 0 0
vt 0 0
vt 0 0
vt 0 0
vt 0 0
vt 0 0
vt 0 0
vt 0 0
vt 0 0
vt 0 0
vt 0 0
vt 0 0
vt 0 0
vt 0 0
vt 0 0
vt 0 0
vt 0 0
vt 0 0
vt 0 0
vt 0 0
vt 0 0
vt 0 0
vt 0 0
vt 0 0
vt 0 0
vt 0 0
vt 0 0
vt 0 0
vt 0 0
vt 0 0
vt 0 0
vt 0 0
vt 0 0
vt 0 0
vt 0 0
vt 0 0
vt 0 0
vt 0 0
vt 0 0
vt 0 0
vt 0 0
vt 0 0
vt 0 0
vt 0 0
vt 0 0
vt 0 0
vt 0 0
vt 0 0
vt 0 0
vt 0 0
vt 0 0
vt 0 0
vt 0 0
vt 0 0
vt 0 0
vt 0 0
vt 0 0
vt 0 0
vt 0 0
vt 0 0
vt 0 0
vt 0 0
vt 0 0
vt 0 0
vt 0 0
vt 0 0
vt 0 0
vt 0 0
vt 0 0
vt 0 0
vt 0 0
vt 0 0
vt 0 0
vt 0 0
vt 0 0
vt 0 0
vt 0 0
vt 0 0
vt 0 0
vt 0 0
vt 0 0
vt 0 0
vt 0 0
vt 0 0
vt 0 0
vt 0 0
vt 0 0
vt 0 0
vt 0 0
vt 0 0
vt 0 0
vt 0 0
vt 0 0
vt 0 0
vt 0 0
vt 0 0
vt 0 0
vt 0 0
vt 0 0
vt 0 0
vt 0 0
vt 0 0
vt 0 0
vt 0 0
vt 0 0
vt 0 0
vt 0 0
vt 0 0
vt 0 0
vt 0 0
vt 0 0
vt 0 0
vt 0 0
vt 0 0
vt 0 0
vt 0 0
vt 0 0
vt 0 0
vt 0 0
vt 0 0
vt 0 0
vt 0 0
vt 0 0
vt 0 0
vt 0 0
vt 0 0
vt 0 0
vt 0 0
vt 0 0
vt 0 0
vt 0 0
vt 0 0
vt 0 0
vt 0 0
vt 0 0
vt 0 0
vt 0 0
vt 0 0
vt 0 0
vt 0 0
vt 0 0
vt 0 0
vt 0 0
vt 0 0
vt 0 0
vt 0 0
vt 0 0
vt 0 0
vt 0 0
vt 0 0
vt 0 0
vt 0 0
vt 0 0
vt 0 0
vt 0 0
vt 0 0
vt 0 0
vt 0 0
vt 0 0
vt 0 0
vt 0 0
vt 0 0
vt 0 0
vt 0 0
vt 0 0
vt 0 0
vt 0 0
vt 0 0
vt 0 0
vt 0 0
vt 0 0
vt 0 0
vt 0 0
vt 0 0
vt 0 0
vt 0 0
vt 0 0
vt 0 0
vt 0 0
vt 0 0
vt 0 0
vt 0 0
vt 0 0
vt 0 0
vt 0 0
vt 0 0
vt 0 0
vt 0 0
vt 0 0
vt 0 0
vt 0 0
vt 0 0
vt 0 0
vt 0 0
vt 0 0
vt 0 0
vt 0 0
vt 0 0
vt 0 0
vt 0 0
vt 0 0
vt 0 0
vt 0 0
vt 0 0
vt 0 0
vt 0 0
vt 0 0
vt 0 0
vt 0 0
vt 0 0
vt 0 0
vt 0 0
vt 0 0
vt 0 0
vt 0 0
vt 0 0
vt 0 0
vt 0 0
vt 0 0
vt 0 0
vt 0 0
vt 0 0
vt 0 0
vt 0 0
vt 0 0
vt 0 0
vt 0 0
vt 0 0
vt 0 0
vt 0 0
vt 0 0
vt 0 0
vt 0 0
vt 0 0
vt 0 0
vt 0 0
vt 0 0
vt 0 0
vt 0 0
vt 0 0
vt 0 0
vt 0 0
vt 0 0
vt 0 0
vt 0 0
vt 0 0
vt 0 0
vt 0 0
vt 0 0
vt 0 0
vt 0 0
vt 0 0
vt 0 0
vt 0 0
vt 0 0
vt 0 0
vt 0 0
vt 0 0
vt 0 0
vt 0 0
vt 0 0
vt 0 0
vt 0 0
vt 0 0
vt 0 0
vt 0 0
vt 0 0
vt 0 0
vt 0 0
vt 0 0
vt 0 0
vt 0 0
vt 0 0
vt 0 0
vt 0 0
vt 0 0
vt 0 0
vt 0 0
vt 0 0
vt 0 0
vt 0 0
vt 0 0
vt 0 0
vt 0 0
vt 0 0
vt 0 0
vt 0 0
vt 0 0
vt 0 0
vt 0 0
vt 0 0
vt 0 0
vt 0 0
vt 0 0
vt 0 0
vt 0 0
vt 0 0
vt 0 0
vt 0 0
vt 0 0
vt 0 0
vt 0 0
vt 0 0
vt 0 0
vt 0 0
vt 0 0
vt 0 0
vt 0 0
vt 0 0
vt 0 0
vt 0 0
vt 0 0
vt 0 0
vt 0 0
vt 0 0
vt 0 0
vt 0 0
vt 0 0
vt 0 0
vt 0 0
vt 0 0
vt 0 0
vt 0 0
vt 0 0
vt 0 0
vt 0 0
vt 0 0
vt 0 0
vt 0 0
vt 0 0
vt 0 0
vt 0 0
vt 0 0
vt 0 0
vt 0 0
vt 0 0
vt 0 0
vt 0 0
vt 0 0
vt 0 0
vt 0 0
vt 0 0
vt 0 0
vt 0 0
vt 0 0
vt 0 0
vt 0 0
vt 0 0
vt 0 0
vt 0 0
vt 0 0
vt 0 0
vt 0 0
vt 0 0
vt 0 0
vt 0 0
vt 0 0
vt 0 0
vt 0 0
vt 0 0
vt 0 0
vt 0 0
vt 0 0
vt 0 0
vt 0 0
vt 0 0
vt 0 0
vt 0 0
vt 0 0
vt 0 0
vt 0 0
vt 0 0
vt 0 0
vt 0 0
vt 0 0
vt 0 0
vt 0 0
vt 0 0
vt 0 0
vt 0 0
vt 0 0
vt 0 0
vt 0 0
vt 0 0
vt 0 0
vt 0 0
vt 0 0
vt 0 0
vt 0 0
vt 0 0
vt 0 0
vt 0 0
vt 0 0
vt 0 0
vt 0 0
vt 0 0
vt 0 0
vt 0 0
vt 0 0
vt 0 0
vt 0 0
vt 0 0
vt 0 0
vt 0 0
vt 0 0
vt 0 0
vt 0 0
vt 0 0
vt 0 0
vt 0 0
vt 0 0
vt 0 0
vt 0 0
vt 0 0
vt 0 0
vt 0 0
vt 0 0
vt 0 0
vt 0 0
vt 0 0
vt 0 0
vt 0 0
vt 0 0
vt 0 0
vt 0 0
vt 0 0
vt 0 0
vt 0 0
vt 0 0
vt 0 0
vt 0 0
vt 0 0
vt 0 0
vt 0 0
vt 0 0
vt 0 0
vt 0 0
vt 0 0
vt 0 0
vt 0 0
vt 0 0
vt 0 0
vt 0 0
vt 0 0
vt 0 0
vt 0 0
vt 0 0
vt 0 0
vt 0 0
vt 0 0
vt 0 0
vt 0 0
vt 0 0
vt 0 0
vt 0 0
vt 0 0
vt 0 0
vt 0 0
vt 0 0
vt 0 0
vt 0 0
vt 0 0
vt 0 0
vt 0 0
vt 0 0
vt 0 0
vt 0 0
vt 0 0
vt 0 0
vt 0 0
vt 0 0
vt 0 0
vt 0 0
vt 0 0
vt 0 0
vt 0 0
vt 0 0
vt 0 0
vt 0 0
vt 0 0
vt 0 0
vt 0 0
vt 0 0
vt 0 0
vt 0 0
vt 0 0
vt 0 0
vt 0 0
vt 0 0
vt 0 0
vt 0 0
vt 0 0
vt 0 0
vt 0 0
vt 0 0
vt 0 0
vt 0 0
vt 0 0
vt 0 0
vt 0 0
vt 0 0
vt 0 0
vt 0 0
vt 0 0
vt 0 0
vt 0 0
vt 0 0
vt 0 0
vt 0 0
vt 0 0
vt 0 0
vt 0 0
vt 0 0
vt 0 0
vt 0 0
vt 0 0
vt 0 0
vt 0 0
vt 0 0
vt 0 0
vt 0 0
vt 0 0
vt 0 0
vt 0 0
vt 0 0
vt 0 0
vt 0 0
vt 0 0
vt 0 0
vt 0 0
vt 0 0
vt 0 0
vt 0 0
vt 0 0
vt 0 0
vt 0 0
vt 0 0
vt 0 0
vt 0 0
vt 0 0
vt 0 0
vt 0 0
vt 0 0
vt 0 0
vt 0 0
vt 0 0
vt 0 0
vt 0 0
vt 0 0
vt 0 0
vt 0 0
vt 0 0
vt 0 0
vt 0 0
vt 0 0
vt 0 0
vt 0 0
vt 0 0
vt 0 0
vt 0 0
vt 0 0
vt 0 0
vt 0 0
vt 0 0
vt 0 0
vt 0 0
vt 0 0
vt 0 0
vt 0 0
vt 0 0
vt 0 0
vt 0 0
vt 0 0
vt 0 0
vt 0 0
vt 0 0
vt 0 0
vt 0 0
vt 0 0
vt 0 0
vt 0 0
vt 0 0
vt 0 0
vt 0 0
vt 0 0
vt 0 0
vt 0 0
vt 0 0
vt 0 0
vt 0 0
vt 0 0
vt 0 0
vt 0 0
vt 0 0
vt 0 0
vt 0 0
vt 0 0
vt 0 0
vt 0 0
vt 0 0
vt 0 0
vt 0 0
vt 0 0
vt 0 0
vt 0 0
vt 0 0
vt 0 0
vt 0 0
vt 0 0
vt 0 0
vt 0 0
vt 0 0
vt 0 0
vt 0 0
vt 0 0
vt 0 0
vt 0 0
vt 0 0
vt 0 0
vt 0 0
vt 0 0
vt 0 0
vt 0 0
vt 0 0
vt 0 0
vt 0 0
vt 0 0
vt 0 0
vt 0 0
vt 0 0
vt 0 0
vt 0 0
vt 0 0
vt 0 0
vt 0 0
vt 0 0
vt 0 0
vt 0 0
vt 0 0
vt 0 0
vt 0 0
vt 0 0
vt 0 0
vt 0 0
vt 0 0
vt 0 0
vt 0 0
vt 0 0
vt 0 0
vt 0 0
vt 0 0
vt 0 0
vt 0 0
vt 0 0
vt 0 0
vt 0 0
vt 0 0
vt 0 0
vt 0 0
vt 0 0
vt 0 0
vt 0 0
vt 0 0
vt 0 0
vt 0 0
vt 0 0
vt 0 0
vt 0 0
vt 0 0
vt 0 0
vt 0 0
vt 0 0
vt 0 0
vt 0 0
vt 0 0
vt 0 0
vt 0 0
vt 0 0
vt 0 0
vt 0 0
vt 0 0
vt 0 0
vt 0 0
vt 0 0
vt 0 0
vt 0 0
vt 0 0
vt 0 0
vt 0 0
vt 0 0
vt 0 0
vt 0 0
vt 0 0
vt 0 0
vt 0 0
vt 0 0
vt 0 0
vt 0 0
vt 0 0
vt 0 0
vt 0 0
vt 0 0
vt 0 0
vt 0 0
vt 0 0
vt 0 0
vt 0 0
vt 0 0
vt 0 0
vt 0 0
vt 0 0
vt 0 0
vt 0 0
vt 0 0
vt 0 0
vt 0 0
vt 0 0
vt 0 0
vt 0 0
vt 0 0
vt 0 0
vt 0 0
vt 0 0
vt 0 0
vt 0 0
vt 0 0
vt 0 0
vt 0 0
vt 0 0
vt 0 0
vt 0 0
vt 0 0
vt 0 0
vt 0 0
vt 0 0
vt 0 0
vt 0 0
vt 0 0
vt 0 0
vt 0 0
vt 0 0
vt 0 0
vt 0 0
vt 0 0
vt 0 0
vt 0 0
vt 0 0
vt 0 0
vt 0 0
vt 0 0
vt 0 0
vt 0 0
vt 0 0
vt 0 0
vt 0 0
vt 0 0
vt 0 0
vt 0 0
vt 0 0
vt 0 0
vt 0 0
vt 0 0
vt 0 0
vt 0 0
vt 0 0
vt 0 0
vt 0 0
vt 0 0
vt 0 0
vt 0 0
vt 0 0
vt 0 0
vt 0 0
vt 0 0
vt 0 0
vt 0 0
vt 0 0
vt 0 0
vt 0 0
vt 0 0
vt 0 0
vt 0 0
vt 0 0
vt 0 0
vt 0 0
vt 0 0
vt 0 0
vt 0 0
vt 0 0
vt 0 0
vt 0 0
vt 0 0
vt 0 0
vt 0 0
vt 0 0
vt 0 0
vt 0 0
vt 0 0
vt 0 0
vt 0 0
vt 0 0
vt 0 0
vt 0 0
vt 0 0
vt 0 0
vt 0 0
vt 0 0
vt 0 0
vt 0 0
vt 0 0
vt 0 0
vt 0 0
vt 0 0
vt 0 0
vt 0 0
vt 0 0
vt 0 0
vt 0 0
vt 0 0
vt 0 0
vt 0 0
vt 0 0
vt 0 0
vt 0 0
vt 0 0
vt 0 0
vt 0 0
vt 0 0
vt 0 0
vt 0 0
vt 0 0
vt 0 0
vt 0 0
vt 0 0
vt 0 0
vt 0 0
vt 0 0
vt 0 0
vt 0 0
vt 0 0
vt 0 0
vt 0 0
vt 0 0
vt 0 0
vt 0 0
vt 0 0
vt 0 0
vt 0 0
vt 0 0
vt 0 0
vt 0 0
vt 0 0
vt 0 0
vt 0 0
vt 0 0
vt 0 0
vt 0 0
vt 0 0
vt 0 0
vt 0 0
vt 0 0
vt 0 0
vt 0 0
vt 0 0
vt 0 0
vt 0 0
vt 0 0
vt 0 0
vt 0 0
vt 0 0
vt 0 0
vt 0 0
vt 0 0
vt 0 0
vt 0 0
vt 0 0
vt 0 0
vt 0 0
vt 0 0
vt 0 0
vt 0 0
vt 0 0
vt 0 0
vt 0 0
vt 0 0
vt 0 0
vt 0 0
vt 0 0
vt 0 0
vt 0 0
vt 0 0
vt 0 0
vt 0 0
vt 0 0
vt 0 0
vt 0 0
vt 0 0
vt 0 0
vt 0 0
vt 0 0
vt 0 0
vt 0 0
vt 0 0
vt 0 0
vt 0 0
vt 0 0
vt 0 0
vt 0 0
vt 0 0
vt 0 0
vt 0 0
vt 0 0
vt 0 0
vt 0 0
vt 0 0
vt 0 0
vt 0 0
vt 0 0
vt 0 0
vt 0 0
vt 0 0
vt 0 0
vt 0 0
vt 0 0
vt 0 0
vt 0 0
vt 0 0
vt 0 0
vt 0 0
vt 0 0
vt 0 0
vt 0 0
vt 0 0
vt 0 0
vt 0 0
vt 0 0
vt 0 0
vt 0 0
vt 0 0
vt 0 0
vt 0 0
vt 0 0
vt 0 0
vt 0 0
vt 0 0
vt 0 0
vt 0 0
vt 0 0
vt 0 0
vt 0 0
vt 0 0
vt 0 0
vt 0 0
vt 0 0
vt 0 0
vt 0 0
vt 0 0
vt 0 0
vt 0 0
vt 0 0
vt 0 0
vt 0 0
vt 0 0
vt 0 0
vt 0 0
vt 0 0
vt 0 0
vt 0 0
vt 0 0
vt 0 0
vt 0 0
vt 0 0
vt 0 0
vt 0 0
vt 0 0
vt 0 0
vt 0 0
vt 0 0
vt 0 0
vt 0 0
vt 0 0
vt 0 0
vt 0 0
vt 0 0
vt 0 0
vt 0 0
vt 0 0
vt 0 0
vt 0 0
vt 0 0
vt 0 0
vt 0 0
vt 0 0
vt 0 0
vt 0 0
vt 0 0
vt 0 0
vt 0 0
vt 0 0
vt 0 0
vt 0 0
vt 0 0
vt 0 0
vt 0 0
vt 0 0
vt 0 0
vt 0 0
vt 0 0
vt 0 0
vt 0 0
vt 0 0
vt 0 0
vt 0 0
vt 0 0
vt 0 0
vt 0 0
vt 0 0
vt 0 0
vt 0 0
vt 0 0
vt 0 0
vt 0 0
vt 0 0
vt 0 0
vt 0 0
vt 0 0
vt 0 0
vt 0 0
vt 0 0
vt 0 0
vt 0 0
vt 0 0
vt 0 0
vt 0 0
vt 0 0
vt 0 0
vt 0 0
vt 0 0
vt 0 0
vt 0 0
vt 0 0
vt 0 0
vt 0 0
vt 0 0
vt 0 0
vt 0 0
vt 0 0
vt 0 0
vt 0 0
vt 0 0
vt 0 0
vt 0 0
vt 0 0
vt 0 0
vt 0 0
vt 0 0
vt 0 0
vt 0 0
vt 0 0
vt 0 0
vt 0 0
vt 0 0
vt 0 0
vt 0 0
vt 0 0
vt 0 0
vt 0 0
vt 0 0
vt 0 0
vt 0 0
vt 0 0
vt 0 0
vt 0 0
vt 0 0
vt 0 0
vt 0 0
vt 0 0
vt 0 0
vt 0 0
vt 0 0
vt 0 0
vt 0 0
vt 0 0
vt 0 0
vt 0 0
vt 0 0
vt 0 0
vt 0 0
vt 0 0
vt 0 0
vt 0 0
vt 0 0
vt 0 0
vt 0 0
vt 0 0
vt 0 0
vt 0 0
vt 0 0
vt 0 0
vt 0 0
vt 0 0
vt 0 0
vt 0 0
vt 0 0
vt 0 0
vt 0 0
vt 0 0
vt 0 0
vt 0 0
vt 0 0
vt 0 0
vt 0 0
vt 0 0
vt 0 0
vt 0 0
vt 0 0
vt 0 0
vt 0 0
vt 0 0
vt 0 0
vt 0 0
vt 0 0
vt 0 0
vt 0 0
vt 0 0
vt 0 0
vt 0 0
vt 0 0
vt 0 0
vt 0 0
vt 0 0
vt 0 0
vt 0 0
vt 0 0
vt 0 0
vt 0 0
vt 0 0
vt 0 0
vt 0 0
vt 0 0
vt 0 0
vt 0 0
vt 0 0
vt 0 0
vt 0 0
vt 0 0
vt 0 0
vt 0 0
vt 0 0
vt 0 0
vt 0 0
vt 0 0
vt 0 0
vt 0 0
vt 0 0
vt 0 0
vt 0 0
vt 0 0
vt 0 0
vt 0 0
vt 0 0
vt 0 0
vt 0 0
vt 0 0
vt 0 0
vt 0 0
vt 0 0
vt 0 0
vt 0 0
vt 0 0
vt 0 0
vt 0 0
vt 0 0
vt 0 0
vt 0 0
vt 0 0
vt 0 0
vt 0 0
vt 0 0
vt 0 0
vt 0 0
vt 0 0
vt 0 0
vt 0 0
vt 0 0
vt 0 0
vt 0 0
vt 0 0
vt 0 0
vt 0 0
vt 0 0
vt 0 0
vt 0 0
vt 0 0
vt 0 0
vt 0 0
vt 0 0
vt 0 0
vt 0 0
vt 0 0
vt 0 0
vt 0 0
vt 0 0
vt 0 0
vt 0 0
vt 0 0
vt 0 0
vt 0 0
vt 0 0
vt 0 0
vt 0 0
vt 0 0
vt 0 0
vt 0 0
vt 0 0
vt 0 0
vt 0 0
vt 0 0
vt 0 0
vt 0 0
vt 0 0
vt 0 0
vt 0 0
vt 0 0
vt 0 0
vt 0 0
vt 0 0
vt 0 0
vt 0 0
vt 0 0
vt 0 0
vt 0 0
vt 0 0
vt 0 0
vt 0 0
vt 0 0
vt 0 0
vt 0 0
vt 0 0
vt 0 0
vt 0 0
vt 0 0
vt 0 0
vt 0 0
vt 0 0
vt 0 0
vt 0 0
vt 0 0
vt 0 0
vt 0 0
vt 0 0
vt 0 0
vt 0 0
vt 0 0
vt 0 0
vt 0 0
vt 0 0
vt 0 0
vt 0 0
vt 0 0
vt 0 0
vt 0 0
vt 0 0
vt 0 0
vt 0 0
vt 0 0
vt 0 0
vt 0 0
vt 0 0
vt 0 0
vt 0 0
vt 0 0
vt 0 0
vt 0 0
vt 0 0
vt 0 0
vt 0 0
vt 0 0
vt 0 0
vt 0 0
vt 0 0
vt 0 0
vt 0 0
vt 0 0
vt 0 0
vt 0 0
vt 0 0
vt 0 0
vt 0 0
vt 0 0
vt 0 0
vt 0 0
vt 0 0
vt 0 0
vt 0 0
vt 0 0
vt 0 0
vt 0 0
vt 0 0
vt 0 0
vt 0 0
vt 0 0
vt 0 0
vt 0 0
vt 0 0
vt 0 0
vt 0 0
vt 0 0
vt 0 0
vt 0 0
vt 0 0
vt 0 0
vt 0 0
vt 0 0
vt 0 0
vt 0 0
vt 0 0
vt 0 0
vt 0 0
vt 0 0
vt 0 0
vt 0 0
vt 0 0
vt 0 0
vt 0 0
vt 0 0
vt 0 0
vt 0 0
vt 0 0
vt 0 0
vt 0 0
vt 0 0
vt 0 0
vt 0 0
vt 0 0
vt 0 0
vt 0 0
vt 0 0
vt 0 0
vt 0 0
vt 0 0
vt 0 0
vt 0 0
vt 0 0
vt 0 0
vt 0 0
vt 0 0
vt 0 0
vt 0 0
vt 0 0
vt 0 0
vt 0 0
vt 0 0
vt 0 0
vt 0 0
vt 0 0
vt 0 0
vt 0 0
vt 0 0
vt 0 0
vt 0 0
vt 0 0
vt 0 0
vt 0 0
vt 0 0
vt 0 0
vt 0 0
vt 0 0
vt 0 0
vt 0 0
vt 0 0
vt 0 0
vt 0 0
vt 0 0
vt 0 0
vt 0 0
vt 0 0
vt 0 0
vt 0 0
vt 0 0
vt 0 0
vt 0 0
vt 0 0
vt 0 0
vt 0 0
vt 0 0
vt 0 0
vt 0 0
vt 0 0
vt 0 0
vt 0 0
vt 0 0
vt 0 0
vt 0 0
vt 0 0
vt 0 0
vt 0 0
vt 0 0
vt 0 0
vt 0 0
vt 0 0
vt 0 0
vt 0 0
vt 0 0
vt 0 0
vt 0 0
vt 0 0
vt 0 0
vt 0 0
vt 0 0
vt 0 0
vt 0 0
vt 0 0
vt 0 0
vt 0 0
vt 0 0
vt 0 0
vt 0 0
vt 0 0
vt 0 0
vt 0 0
vt 0 0
vt 0 0
vt 0 0
vt 0 0
vt 0 0
vt 0 0
vt 0 0
vt 0 0
vt 0 0
vt 0 0
vt 0 0
vt 0 0
vt 0 0
vt 0 0
vt 0 0
vt 0 0
vt 0 0
vt 0 0
vt 0 0
vt 0 0
vt 0 0
vt 0 0
vt 0 0
vt 0 0
vt 0 0
vt 0 0
vt 0 0
vt 0 0
vt 0 0
vt 0 0
vt 0 0
vt 0 0
vt 0 0
vt 0 0
vt 0 0
vt 0 0
vt 0 0
vt 0 0
vt 0 0
vt 0 0
vt 0 0
vt 0 0
vt 0 0
vt 0 0
vt 0 0
vt 0 0
vt 0 0
vt 0 0
vt 0 0
vt 0 0
vt 0 0
vt 0 0
vt 0 0
vt 0 0
vt 0 0
vt 0 0
vt 0 0
vt 0 0
vt 0 0
vt 0 0
vt 0 0
vt 0 0
vt 0 0
vt 0 0
vt 0 0
vt 0 0
vt 0 0
vt 0 0
vt 0 0
vt 0 0
vt 0 0
vt 0 0
vt 0 0
vt 0 0
vt 0 0
vt 0 0
vt 0 0
vt 0 0
vt 0 0
vt 0 0
vt 0 0
vt 0 0
vt 0 0
vt 0 0
vt 0 0
vt 0 0
vt 0 0
vt 0 0
vt 0 0
vt 0 0
vt 0 0
vt 0 0
vt 0 0
vt 0 0
vt 0 0
vt 0 0
vt 0 0
vt 0 0
vt 0 0
vt 0 0
vt 0 0
vt 0 0
vt 0 0
vt 0 0
vt 0 0
vt 0 0
vt 0 0
vt 0 0
vt 0 0
vt 0 0
vt 0 0
vt 0 0
vt 0 0
vt 0 0
vt 0 0
vt 0 0
vt 0 0
vt 0 0
vt 0 0
vt 0 0
vt 0 0
vt 0 0
vt 0 0
vt 0 0
vt 0 0
vt 0 0
vt 0 0
vt 0 0
vt 0 0
vt 0 0
vt 0 0
vt 0 0
vt 0 0
vt 0 0
vt 0 0
vt 0 0
vt 0 0
vt 0 0
vt 0 0
vt 0 0
vt 0 0
vt 0 0
vt 0 0
vt 0 0
vt 0 0
vt 0 0
vt 0 0
vt 0 0
vt 0 0
vt 0 0
vt 0 0
vt 0 0
vt 0 0
vt 0 0
vt 0 0
vt 0 0
vt 0 0
vt 0 0
vt 0 0
vt 0 0
vt 0 0
vt 0 0
vt 0 0
vt 0 0
vt 0 0
vt 0 0
vt 0 0
vt 0 0
vt 0 0
vt 0 0
vt 0 0
vt 0 0
vt 0 0
vt 0 0
vt 0 0
vt 0 0
vt 0 0
vt 0 0
vt 0 0
vt 0 0
vt 0 0
vt 0 0
vt 0 0
vt 0 0
vt 0 0
vt 0 0
vt 0 0
vt 0 0
vt 0 0
vt 0 0
vt 0 0
vt 0 0
vt 0 0
vt 0 0
vt 0 0
vt 0 0
vt 0 0
vt 0 0
vt 0 0
vt 0 0
vt 0 0
vt 0 0
vt 0 0
vt 0 0
vt 0 0
vt 0 0
vt 0 0
vt 0 0
vt 0 0
vt 0 0
vt 0 0
vt 0 0
vt 0 0
vt 0 0
vt 0 0
vt 0 0
vt 0 0
vt 0 0
vt 0 0
vt 0 0
vt 0 0
vt 0 0
vt 0 0
vt 0 0
vt 0 0
vt 0 0
vt 0 0
vt 0 0
vt 0 0
vt 0 0
vt 0 0
vt 0 0
vt 0 0
vt 0 0
vt 0 0
vt 0 0
vt 0 0
vt 0 0
vt 0 0
vt 0 0
vt 0 0
vt 0 0
vt 0 0
vt 0 0
vt 0 0
vt 0 0
vt 0 0
vt 0 0
vt 0 0
vt 0 0
vt 0 0
vt 0 0
vt 0 0
vt 0 0
vt 0 0
vt 0 0
vt 0 0
vt 0 0
vt 0 0
vt 0 0
vt 0 0
vt 0 0
vt 0 0
vt 0 0
vt 0 0
vt 0 0
vt 0 0
vt 0 0
vt 0 0
vt 0 0
vt 0 0
vt 0 0
vt 0 0
vt 0 0
vt 0 0
vt 0 0
vt 0 0
vt 0 0
vt 0 0
vt 0 0
vt 0 0
vt 0 0
vt 0 0
vt 0 0
vt 0 0
vt 0 0
vt 0 0
vt 0 0
vt 0 0
vt 0 0
vt 0 0
vt 0 0
vt 0 0
vt 0 0
vt 0 0
vt 0 0
vt 0 0
vt 0 0
vt 0 0
vt 0 0
vt 0 0
vt 0 0
vt 0 0
vt 0 0
vt 0 0
vt 0 0
vt 0 0
vt 0 0
vt 0 0
vt 0 0
vt 0 0
vt 0 0
vt 0 0
vt 0 0
vt 0 0
vt 0 0
vt 0 0
vt 0 0
vt 0 0
vt 0 0
vt 0 0
vt 0 0
vt 0 0
vt 0 0
vt 0 0
vt 0 0
vt 0 0
vt 0 0
vt 0 0
vt 0 0
vt 0 0
vt 0 0
vt 0 0
vt 0 0
vt 0 0
vt 0 0
vt 0 0
vt 0 0
vt 0 0
vt 0 0
vt 0 0
vt 0 0
vt 0 0
vt 0 0
vt 0 0
vt 0 0
vt 0 0
vt 0 0
vt 0 0
vt 0 0
vt 0 0
vt 0 0
vt 0 0
vt 0 0
vt 0 0
vt 0 0
vt 0 0
vt 0 0
vt 0 0
vt 0 0
vt 0 0
vt 0 0
vt 0 0
vt 0 0
vt 0 0
vt 0 0
vt 0 0
vt 0 0
vt 0 0
vt 0 0
vt 0 0
vt 0 0
vt 0 0
vt 0 0
vt 0 0
vt 0 0
vt 0 0
vt 0 0
vt 0 0
vt 0 0
vt 0 0
vt 0 0
vt 0 0
vt 0 0
vt 0 0
vt 0 0
vt 0 0
vt 0 0
vt 0 0
vt 0 0
vt 0 0
vt 0 0
vt 0 0
vt 0 0
vt 0 0
vt 0 0
vt 0 0
vt 0 0
vt 0 0
vt 0 0
vt 0 0
vt 0 0
vt 0 0
vt 0 0
vt 0 0
vt 0 0
vt 0 0
vt 0 0
vt 0 0
vt 0 0
vt 0 0
vt 0 0
vt 0 0
vt 0 0
vt 0 0
vt 0 0
vt 0 0
vt 0 0
vt 0 0
vt 0 0
vt 0 0
vt 0 0
vt 0 0
vt 0 0
vt 0 0
vt 0 0
vt 0 0
vt 0 0
vt 0 0
vt 0 0
vt 0 0
vt 0 0
vt 0 0
vt 0 0
vt 0 0
vt 0 0
vt 0 0
vt 0 0
vt 0 0
vt 0 0
vt 0 0
vt 0 0
vt 0 0
vt 0 0
vt 0 0
vt 0 0
vt 0 0
vt 0 0
vt 0 0
vt 0 0
vt 0 0
vt 0 0
vt 0 0
vt 0 0
vt 0 0
vt 0 0
vt 0 0
vt 0 0
vt 0 0
vt 0 0
vt 0 0
vt 0 0
vt 0 0
vt 0 0
vt 0 0
vt 0 0
vt 0 0
vt 0 0
vt 0 0
vt 0 0
vt 0 0
vt 0 0
vt 0 0
vt 0 0
vt 0 0
vt 0 0
vt 0 0
vt 0 0
vt 0 0
vt 0 0
vt 0 0
vt 0 0
vt 0 0
vt 0 0
vt 0 0
vt 0 0
vt 0 0
vt 0 0
vt 0 0
vt 0 0
vt 0 0
vt 0 0
vt 0 0
vt 0 0
vt 0 0
vt 0 0
vt 0 0
vt 0 0
vt 0 0
vt 0 0
vt 0 0
vt 0 0
vt 0 0
vt 0 0
vt 0 0
vt 0 0
vt 0 0
vt 0 0
vt 0 0
vt 0 0
vt 0 0
vt 0 0
vt 0 0
vt 0 0
vt 0 0
vt 0 0
vt 0 0
vt 0 0
vt 0 0
vt 0 0
vt 0 0
vt 0 0
vt 0 0
vt 0 0
vt 0 0
vt 0 0
vt 0 0
vt 0 0
vt 0 0
vt 0 0
vt 0 0
vt 0 0
vt 0 0
vt 0 0
vt 0 0
vt 0 0
vt 0 0
vt 0 0
vt 0 0
vt 0 0
vt 0 0
vt 0 0
vt 0 0
vt 0 0
vt 0 0
vt 0 0
vt 0 0
vt 0 0
vt 0 0
vt 0 0
vt 0 0
vt 0 0
vt 0 0
vt 0 0
vt 0 0
vt 0 0
vt 0 0
vt 0 0
vt 0 0
vt 0 0
vt 0 0
vt 0 0
vt 0 0
vt 0 0
vt 0 0
vt 0 0
vt 0 0
vt 0 0
vt 0 0
vt 0 0
vt 0 0
vt 0 0
vt 0 0
vt 0 0
vt 0 0
vt 0 0
vt 0 0
vt 0 0
vt 0 0
vt 0 0
vt 0 0
vt 0 0
vt 0 0
vt 0 0
vt 0 0
vt 0 0
vt 0 0
vt 0 0
vt 0 0
vt 0 0
vt 0 0
vt 0 0
vt 0 0
vt 0 0
vt 0 0
vt 0 0
vt 0 0
vt 0 0
vt 0 0
vt 0 0
vt 0 0
vt 0 0
vt 0 0
vt 0 0
vt 0 0
vt 0 0
vt 0 0
vt 0 0
vt 0 0
vt 0 0
vt 0 0
vt 0 0
vt 0 0
vt 0 0
vt 0 0
vt 0 0
vt 0 0
vt 0 0
vt 0 0
vt 0 0
vt 0 0
vt 0 0
vt 0 0
vt 0 0
vt 0 0
vt 0 0
vt 0 0
vt 0 0
vt 0 0
vt 0 0
vt 0 0
vt 0 0
vt 0 0
vt 0 0
vt 0 0
vt 0 0
vt 0 0
vt 0 0
vt 0 0
vt 0 0
vt 0 0
vt 0 0
vt 0 0
vt 0 0
vt 0 0
vt 0 0
vt 0 0
vt 0 0
vt 0 0
vt 0 0
vt 0 0
vt 0 0
vt 0 0
vt 0 0
vt 0 0
vt 0 0
vt 0 0
vt 0 0
vt 0 0
vt 0 0
vt 0 0
vt 0 0
vt 0 0
vt 0 0
vt 0 0
vt 0 0
vt 0 0
vt 0 0
vt 0 0
vt 0 0
vt 0 0
vt 0 0
vt 0 0
vt 0 0
vt 0 0
vt 0 0
vt 0 0
vt 0 0
vt 0 0
vt 0 0
vt 0 0
vt 0 0
vt 0 0
vt 0 0
vt 0 0
vt 0 0
vt 0 0
vt 0 0
vt 0 0
vt 0 0
vt 0 0
vt 0 0
vt 0 0
vt 0 0
vt 0 0
vt 0 0
vt 0 0
vt 0 0
vt 0 0
vt 0 0
vt 0 0
vt 0 0
vt 0 0
vt 0 0
vt 0 0
vt 0 0
vt 0 0
vt 0 0
vt 0 0
vt 0 0
vt 0 0
vt 0 0
vt 0 0
vt 0 0
vt 0 0
vt 0 0
vt 0 0
vt 0 0
vt 0 0
vt 0 0
vt 0 0
vt 0 0
vt 0 0
vt 0 0
vt 0 0
vt 0 0
vt 0 0
vt 0 0
vt 0 0
vt 0 0
vt 0 0
vt 0 0
vt 0 0
vt 0 0
vt 0 0
vt 0 0
vt 0 0
vt 0 0
vt 0 0
vt 0 0
vt 0 0
vt 0 0
vt 0 0
vt 0 0
vt 0 0
vt 0 0
vt 0 0
vt 0 0
vt 0 0
vt 0 0
vt 0 0
vt 0 0
vt 0 0
vt 0 0
vt 0 0
vt 0 0
vt 0 0
vt 0 0
vt 0 0
vt 0 0
vt 0 0
vt 0 0
vt 0 0
vt 0 0
vt 0 0
vt 0 0
vt 0 0
vt 0 0
vt 0 0
vt 0 0
vt 0 0
vt 0 0
vt 0 0
vt 0 0
vt 0 0
vt 0 0
vt 0 0
vt 0 0
vt 0 0
vt 0 0
vt 0 0
vt 0 0
vt 0 0
vt 0 0
vt 0 0
vt 0 0
vt 0 0
vt 0 0
vt 0 0
vt 0 0
vt 0 0
vt 0 0
vt 0 0
vt 0 0
vt 0 0
vt 0 0
vt 0 0
vt 0 0
vt 0 0
vt 0 0
vt 0 0
vt 0 0
vt 0 0
vt 0 0
vt 0 0
vt 0 0
vt 0 0
vt 0 0
vt 0 0
vt 0 0
vt 0 0
vt 0 0
vt 0 0
vt 0 0
vt 0 0
vt 0 0
vt 0 0
vt 0 0
vt 0 0
vt 0 0
vt 0 0
vt 0 0
vt 0 0
vt 0 0
vt 0 0
vt 0 0
vt 0 0
vt 0 0
vt 0 0
vt 0 0
vt 0 0
vt 0 0
vt 0 0
vt 0 0
vt 0 0
vt 0 0
vt 0 0
vt 0 0
vt 0 0
vt 0 0
vt 0 0
vt 0 0
vt 0 0
vt 0 0
vt 0 0
vt 0 0
vt 0 0
vt 0 0
vt 0 0
vt 0 0
vt 0 0
vt 0 0
vt 0 0
vt 0 0
vt 0 0
vt 0 0
vt 0 0
vt 0 0
vt 0 0
vt 0 0
vt 0 0
vt 0 0
vt 0 0
vt 0 0
vt 0 0
vt 0 0
vt 0 0
vt 0 0
vt 0 0
vt 0 0
vt 0 0
vt 0 0
vt 0 0
vt 0 0
vt 0 0
vt 0 0
vt 0 0
vt 0 0
vt 0 0
vt 0 0
vt 0 0
vt 0 0
vt 0 0
vt 0 0
vt 0 0
vt 0 0
vt 0 0
vt 0 0
vt 0 0
vt 0 0
vt 0 0
vt 0 0
vt 0 0
vt 0 0
vt 0 0
vt 0 0
vt 0 0
vt 0 0
vt 0 0
vt 0 0
vt 0 0
vt 0 0
vt 0 0
vt 0 0
vt 0 0
vt 0 0
vt 0 0
vt 0 0
vt 0 0
vt 0 0
vt 0 0
vt 0 0
vt 0 0
vt 0 0
vt 0 0
vt 0 0
vt 0 0
vt 0 0
vt 0 0
vt 0 0
vt 0 0
vt 0 0
vt 0 0
vt 0 0
vt 0 0
vt 0 0
vt 0 0
vt 0 0
vt 0 0
vt 0 0
vt 0 0
vt 0 0
vt 0 0
vt 0 0
vt 0 0
vt 0 0
vt 0 0
vt 0 0
vt 0 0
vt 0 0
vt 0 0
vt 0 0
vt 0 0
vt 0 0
vt 0 0
vt 0 0
vt 0 0
vt 0 0
vt 0 0
vt 0 0
vt 0 0
vt 0 0
vt 0 0
vt 0 0
vt 0 0
vt 0 0
vt 0 0
vt 0 0
vt 0 0
vt 0 0
vt 0 0
vt 0 0
vt 0 0
vt 0 0
vt 0 0
vt 0 0
vt 0 0
vt 0 0
vt 0 0
vt 0 0
vt 0 0
vt 0 0
vt 0 0
vt 0 0
vt 0 0
vt 0 0
vt 0 0
vt 0 0
vt 0 0
vt 0 0
vt 0 0
vt 0 0
vt 0 0
vt 0 0
vt 0 0
vt 0 0
vt 0 0
vt 0 0
vt 0 0
vt 0 0
vt 0 0
vt 0 0
vt 0 0
vt 0 0
vt 0 0
vt 0 0
vt 0 0
vt 0 0
vt 0 0
vt 0 0
vt 0 0
vt 0 0
vt 0 0
vt 0 0
vt 0 0
vt 0 0
vt 0 0
vt 0 0
vt 0 0
vt 0 0
vt 0 0
vt 0 0
vt 0 0
vt 0 0
vt 0 0
vt 0 0
vt 0 0
vt 0 0
vt 0 0
vt 0 0
vt 0 0
vt 0 0
vt 0 0
vt 0 0
vt 0 0
vt 0 0
vt 0 0
vt 0 0
vt 0 0
vt 0 0
vt 0 0
vt 0 0
vt 0 0
vt 0 0
vt 0 0
vt 0 0
vt 0 0
vt 0 0
vt 0 0
vt 0 0
vt 0 0
vt 0 0
vt 0 0
vt 0 0
vt 0 0
vt 0 0
vt 0 0
vt 0 0
vt 0 0
vt 0 0
vt 0 0
vt 0 0
vt 0 0
vt 0 0
vt 0 0
vt 0 0
vt 0 0
vt 0 0
vt 0 0
vt 0 0
vt 0 0
vt 0 0
vt 0 0
vt 0 0
vt 0 0
vt 0 0
vt 0 0
vt 0 0
vt 0 0
vt 0 0
vt 0 0
vt 0 0
vt 0 0
vt 0 0
vt 0 0
vt 0 0
vt 0 0
vt 0 0
vt 0 0
vt 0 0
vt 0 0
vt 0 0
vt 0 0
vt 0 0
vt 0 0
vt 0 0
vt 0 0
vt 0 0
vt 0 0
vt 0 0
vt 0 0
vt 0 0
vt 0 0
vt 0 0
vt 0 0
vt 0 0
vt 0 0
vt 0 0
vt 0 0
vt 0 0
vt 0 0
vt 0 0
vt 0 0
vt 0 0
vt 0 0
vt 0 0
vt 0 0
vt 0 0
vt 0 0
vt 0 0
vt 0 0
vt 0 0
vt 0 0
vt 0 0
vt 0 0
vt 0 0
vt 0 0
vt 0 0
vt 0 0
vt 0 0
vt 0 0
vt 0 0
vt 0 0
vt 0 0
vt 0 0
vt 0 0
vt 0 0
vt 0 0
vt 0 0
vt 0 0
vt 0 0
vt 0 0
vt 0 0
vt 0 0
vt 0 0
vt 0 0
vt 0 0
vt 0 0
vt 0 0
vt 0 0
vt 0 0
vt 0 0
vt 0 0
vt 0 0
vt 0 0
vt 0 0
vt 0 0
vt 0 0
vt 0 0
vt 0 0
vt 0 0
vt 0 0
vt 0 0
vt 0 0
vt 0 0
vt 0 0
vt 0 0
vt 0 0
vt 0 0
vt 0 0
vt 0 0
vt 0 0
vt 0 0
vt 0 0
vt 0 0
vt 0 0
vt 0 0
vt 0 0
vt 0 0
vt 0 0
vt 0 0
vt 0 0
vt 0 0
vt 0 0
vt 0 0
vt 0 0
vt 0 0
vt 0 0
vt 0 0
vt 0 0
vt 0 0
vt 0 0
vt 0 0
vt 0 0
vt 0 0
vt 0 0
vt 0 0
vt 0 0
vt 0 0
vt 0 0
vt 0 0
vt 0 0
vt 0 0
vt 0 0
vt 0 0
vt 0 0
vt 0 0
vt 0 0
vt 0 0
vt 0 0
vt 0 0
vt 0 0
vt 0 0
vt 0 0
vt 0 0
vt 0 0
vt 0 0
vt 0 0
vt 0 0
vt 0 0
vt 0 0
vt 0 0
vt 0 0
vt 0 0
vt 0 0
vt 0 0
vt 0 0
vt 0 0
vt 0 0
vt 0 0
vt 0 0
vt 0 0
vt 0 0
vt 0 0
vt 0 0
vt 0 0
vt 0 0
vt 0 0
vt 0 0
vt 0 0
vt 0 0
vt 0 0
vt 0 0
vt 0 0
vt 0 0
vt 0 0
vt 0 0
vt 0 0
vt 0 0
vt 0 0
vt 0 0
vt 0 0
vt 0 0
vt 0 0
vt 0 0
vt 0 0
vt 0 0
vt 0 0
vt 0 0
vt 0 0
vt 0 0
vt 0 0
vt 0 0
vt 0 0
vt 0 0
vt 0 0
vt 0 0
vt 0 0
vt 0 0
vt 0 0
vt 0 0
vt 0 0
vt 0 0
vt 0 0
vt 0 0
vt 0 0
vt 0 0
vt 0 0
vt 0 0
vt 0 0
vt 0 0
vt 0 0
vt 0 0
vt 0 0
vt 0 0
vt 0 0
vt 0 0
vt 0 0
vt 0 0
vt 0 0
vt 0 0
vt 0 0
vt 0 0
vt 0 0
vt 0 0
vt 0 0
vt 0 0
vt 0 0
vt 0 0
vt 0 0
vt 0 0
vt 0 0
vt 0 0
vt 0 0
vt 0 0
vt 0 0
vt 0 0
vt 0 0
vt 0 0
vt 0 0
vt 0 0
vt 0 0
vt 0 0
vt 0 0
vt 0 0
vt 0 0
vt 0 0
vt 0 0
vt 0 0
vt 0 0
vt 0 0
vt 0 0
vt 0 0
vt 0 0
vt 0 0
vt 0 0
vt 0 0
vt 0 0
vt 0 0
vt 0 0
vt 0 0
vt 0 0
vt 0 0
vt 0 0
vt 0 0
vt 0 0
vt 0 0
vt 0 0
vt 0 0
vt 0 0
vt 0 0
vt 0 0
vt 0 0
vt 0 0
vt 0 0
vt 0 0
vt 0 0
vt 0 0
vt 0 0
vt 0 0
vt 0 0
vt 0 0
vt 0 0
vt 0 0
vt 0 0
vt 0 0
vt 0 0
vt 0 0
vt 0 0
vt 0 0
vt 0 0
vt 0 0
vt 0 0
vt 0 0
vt 0 0
vt 0 0
vt 0 0
vt 0 0
vt 0 0
vt 0 0
vt 0 0
vt 0 0
vt 0 0
vt 0 0
vt 0 0
vt 0 0
vt 0 0
vt 0 0
vt 0 0
vt 0 0
vt 0 0
vt 0 0
vt 0 0
vt 0 0
vt 0 0
vt 0 0
vt 0 0
vt 0 0
vt 0 0
vt 0 0
vt 0 0
vt 0 0
vt 0 0
vt 0 0
vt 0 0
vt 0 0
vt 0 0
vt 0 0
vt 0 0
vt 0 0
vt 0 0
vt 0 0
vt 0 0
vt 0 0
vt 0 0
vt 0 0
vt 0 0
vt 0 0
vt 0 0
vt 0 0
vt 0 0
vt 0 0
vt 0 0
vt 0 0
vt 0 0
vt 0 0
vt 0 0
vt 0 0
vt 0 0
vt 0 0
vt 0 0
vt 0 0
vt 0 0
vt 0 0
vt 0 0
vt 0 0
vt 0 0
vt 0 0
vt 0 0
vt 0 0
vt 0 0
vt 0 0
vt 0 0
vt 0 0
vt 0 0
vt 0 0
vt 0 0
vt 0 0
vt 0 0
vt 0 0
vt 0 0
vt 0 0
vt 0 0
vt 0 0
vt 0 0
vt 0 0
vt 0 0
vt 0 0
vt 0 0
vt 0 0
vt 0 0
vt 0 0
vt 0 0
vt 0 0
vt 0 0
vt 0 0
vt 0 0
vt 0 0
vt 0 0
vt 0 0
vt 0 0
vt 0 0
vt 0 0
vt 0 0
vt 0 0
vt 0 0
vt 0 0
vt 0 0
vt 0 0
vt 0 0
vt 0 0
vt 0 0
vt 0 0
vt 0 0
vt 0 0
vt 0 0
vt 0 0
vt 0 0
vt 0 0
vt 0 0
vt 0 0
vt 0 0
vt 0 0
vt 0 0
vt 0 0
vt 0 0
vt 0 0
vt 0 0
vt 0 0
vt 0 0
vt 0 0
vt 0 0
vt 0 0
vt 0 0
vt 0 0
vt 0 0
vt 0 0
vt 0 0
vt 0 0
vt 0 0
vt 0 0
vt 0 0
vt 0 0
vt 0 0
vt 0 0
vt 0 0
vt 0 0
vt 0 0
vt 0 0
vt 0 0
vt 0 0
vt 0 0
vt 0 0
vt 0 0
vt 0 0
vt 0 0
vt 0 0
vt 0 0
vt 0 0
vt 0 0
vt 0 0
vt 0 0
vt 0 0
vt 0 0
vt 0 0
vt 0 0
vt 0 0
vt 0 0
vt 0 0
vt 0 0
vt 0 0
vt 0 0
vt 0 0
vt 0 0
vt 0 0
vt 0 0
vt 0 0
vt 0 0
vt 0 0
vt 0 0
vt 0 0
vt 0 0
vt 0 0
vt 0 0
vt 0 0
vt 0 0
vt 0 0
vt 0 0
vt 0 0
vt 0 0
vt 0 0
vt 0 0
vt 0 0
vt 0 0
vt 0 0
vt 0 0
vt 0 0
vt 0 0
vt 0 0
vt 0 0
vt 0 0
vt 0 0
vt 0 0
vt 0 0
vt 0 0
vt 0 0
vt 0 0
vt 0 0
vt 0 0
vt 0 0
vt 0 0
vt 0 0
vt 0 0
vt 0 0
vt 0 0
vt 0 0
vt 0 0
vt 0 0
vt 0 0
vt 0 0
vt 0 0
vt 0 0
vt 0 0
vt 0 0
vt 0 0
vt 0 0
vt 0 0
vt 0 0
vt 0 0
vt 0 0
vt 0 0
vt 0 0
vt 0 0
vt 0 0
vt 0 0
vt 0 0
vt 0 0
vt 0 0
vt 0 0
vt 0 0
vt 0 0
vt 0 0
vt 0 0
vt 0 0
vt 0 0
vt 0 0
vt 0 0
vt 0 0
vt 0 0
vt 0 0
vt 0 0
vt 0 0
vt 0 0
vt 0 0
vt 0 0
vt 0 0
vt 0 0
vt 0 0
vt 0 0
vt 0 0
vt 0 0
vt 0 0
vt 0 0
vt 0 0
vt 0 0
vt 0 0
vt 0 0
vt 0 0
vt 0 0
vt 0 0
vt 0 0
vt 0 0
vt 0 0
vt 0 0
vt 0 0
vt 0 0
vt 0 0
vt 0 0
vt 0 0
vt 0 0
vt 0 0
vt 0 0
vt 0 0
vt 0 0
vt 0 0
vt 0 0
vt 0 0
vt 0 0
vt 0 0
vt 0 0
vt 0 0
vt 0 0
vt 0 0
vt 0 0
vt 0 0
vt 0 0
vt 0 0
vt 0 0
vt 0 0
vt 0 0
vt 0 0
vt 0 0
vt 0 0
vt 0 0
vt 0 0
vt 0 0
vt 0 0
vt 0 0
vt 0 0
vt 0 0
vt 0 0
vt 0 0
vt 0 0
vt 0 0
vt 0 0
vt 0 0
vt 0 0
vt 0 0
vt 0 0
vt 0 0
vt 0 0
vt 0 0
vt 0 0
vt 0 0
vt 0 0
vt 0 0
vt 0 0
vt 0 0
vt 0 0
vt 0 0
vt 0 0
vt 0 0
vt 0 0
vt 0 0
vt 0 0
vt 0 0
vt 0 0
vt 0 0
vt 0 0
vt 0 0
vt 0 0
vt 0 0
vt 0 0
vt 0 0
vt 0 0
vt 0 0
vt 0 0
vt 0 0
vt 0 0
vt 0 0
vt 0 0
vt 0 0
vt 0 0
vt 0 0
vt 0 0
vt 0 0
vt 0 0
vt 0 0
vt 0 0
vt 0 0
vt 0 0
vt 0 0
vt 0 0
vt 0 0
vt 0 0
vt 0 0
vt 0 0
vt 0 0
vt 0 0
vt 0 0
vt 0 0
vt 0 0
vt 0 0
vt 0 0
vt 0 0
vt 0 0
vt 0 0
vt 0 0
vt 0 0
vt 0 0
vt 0 0
vt 0 0
vt 0 0
vt 0 0
vt 0 0
vt 0 0
vt 0 0
vt 0 0
vt 0 0
vt 0 0
vt 0 0
vt 0 0
vt 0 0
vt 0 0
vt 0 0
vt 0 0
vt 0 0
vt 0 0
vt 0 0
vt 0 0
vt 0 0
vt 0 0
vt 0 0
vt 0 0
vt 0 0
vt 0 0
vt 0 0
vt 0 0
vt 0 0
vt 0 0
vt 0 0
vt 0 0
vt 0 0
vt 0 0
vt 0 0
vt 0 0
vt 0 0
vt 0 0
vt 0 0
vt 0 0
vt 0 0
vt 0 0
vt 0 0
vt 0 0
vt 0 0
vt 0 0
vt 0 0
vt 0 0
vt 0 0
vt 0 0
vt 0 0
vt 0 0
vt 0 0
vt 0 0
vt 0 0
vt 0 0
vt 0 0
vt 0 0
vt 0 0
vt 0 0
vt 0 0
vt 0 0
vt 0 0
vt 0 0
vt 0 0
vt 0 0
vt 0 0
vt 0 0
vt 0 0
vt 0 0
vt 0 0
vt 0 0
vt 0 0
vt 0 0
vt 0 0
vt 0 0
vt 0 0
vt 0 0
vt 0 0
vt 0 0
vt 0 0
vt 0 0
vt 0 0
vt 0 0
vt 0 0
vt 0 0
vt 0 0
vt 0 0
vt 0 0
vt 0 0
vt 0 0
vt 0 0
vt 0 0
vt 0 0
vt 0 0
vt 0 0
vt 0 0
vt 0 0
vt 0 0
vt 0 0
vt 0 0
vt 0 0
vt 0 0
vt 0 0
vt 0 0
vt 0 0
vt 0 0
vt 0 0
vt 0 0
vt 0 0
vt 0 0
vt 0 0
vt 0 0
vt 0 0
vt 0 0
vt 0 0
vt 0 0
vt 0 0
vt 0 0
vt 0 0
vt 0 0
vt 0 0
vt 0 0
vt 0 0
vt 0 0
vt 0 0
vt 0 0
vt 0 0
vt 0 0
vt 0 0
vt 0 0
vt 0 0
vt 0 0
vt 0 0
vt 0 0
vt 0 0
vt 0 0
vt 0 0
vt 0 0
vt 0 0
vt 0 0
vt 0 0
vt 0 0
vt 0 0
vt 0 0
vt 0 0
vt 0 0
vt 0 0
vt 0 0
vt 0 0
vt 0 0
vt 0 0
vt 0 0
vt 0 0
vt 0 0
vt 0 0
vt 0 0
vt 0 0
vt 0 0
vt 0 0
vt 0 0
vt 0 0
vt 0 0
vt 0 0
vt 0 0
vt 0 0
vt 0 0
vt 0 0
vt 0 0
vt 0 0
vt 0 0
vt 0 0
vt 0 0
vt 0 0
vt 0 0
vt 0 0
vt 0 0
vt 0 0
vt 0 0
vt 0 0
vt 0 0
vt 0 0
vt 0 0
vt 0 0
vt 0 0
vt 0 0
vt 0 0
vt 0 0
vt 0 0
vt 0 0
vt 0 0
vt 0 0
vt 0 0
vt 0 0
vt 0 0
vt 0 0
vt 0 0
vt 0 0
vt 0 0
vt 0 0
vt 0 0
vt 0 0
vt 0 0
vt 0 0
vt 0 0
vt 0 0
vt 0 0
vt 0 0
vt 0 0
vt 0 0
vt 0 0
vt 0 0
vt 0 0
vt 0 0
vt 0 0
vt 0 0
vt 0 0
vt 0 0
vt 0 0
vt 0 0
vt 0 0
vt 0 0
vt 0 0
vt 0 0
vt 0 0
vt 0 0
vt 0 0
vt 0 0
vt 0 0
vt 0 0
vt 0 0
vt 0 0
vt 0 0
vt 0 0
vt 0 0
vt 0 0
vt 0 0
vt 0 0
vt 0 0
vt 0 0
vt 0 0
vt 0 0
vt 0 0
vt 0 0
vt 0 0
vt 0 0
vt 0 0
vt 0 0
vt 0 0
vt 0 0
vt 0 0
vt 0 0
vt 0 0
vt 0 0
vt 0 0
vt 0 0
vt 0 0
vt 0 0
vt 0 0
vt 0 0
vt 0 0
vt 0 0
vt 0 0
vt 0 0
vt 0 0
vt 0 0
vt 0 0
vt 0 0
vt 0 0
vt 0 0
vt 0 0
vt 0 0
vt 0 0
vt 0 0
vt 0 0
vt 0 0
vt 0 0
vt 0 0
vt 0 0
vt 0 0
vt 0 0
vt 0 0
vt 0 0
vt 0 0
vt 0 0
vt 0 0
vt 0 0
vt 0 0
vt 0 0
vt 0 0
vt 0 0
vt 0 0
vt 0 0
vt 0 0
vt 0 0
vt 0 0
vt 0 0
vt 0 0
vt 0 0
vt 0 0
vt 0 0
vt 0 0
vt 0 0
vt 0 0
vt 0 0
vt 0 0
vt 0 0
vt 0 0
vt 0 0
vt 0 0
vt 0 0
vt 0 0
vt 0 0
vt 0 0
vt 0 0
vt 0 0
vt 0 0
vt 0 0
vt 0 0
vt 0 0
vt 0 0
vt 0 0
vt 0 0
vt 0 0
vt 0 0
vt 0 0
vt 0 0
vt 0 0
vt 0 0
vt 0 0
vt 0 0
vt 0 0
vt 0 0
vt 0 0
vt 0 0
vt 0 0
vt 0 0
vt 0 0
vt 0 0
vt 0 0
vt 0 0
vt 0 0
vt 0 0
vt 0 0
vt 0 0
vt 0 0
vt 0 0
vt 0 0
vt 0 0
vt 0 0
vt 0 0
vt 0 0
vt 0 0
vt 0 0
vt 0 0
vt 0 0
vt 0 0
vt 0 0
vt 0 0
vt 0 0
vt 0 0
vt 0 0
vt 0 0
vt 0 0
vt 0 0
vt 0 0
vt 0 0
vt 0 0
vt 0 0
vt 0 0
vt 0 0
vt 0 0
vt 0 0
vt 0 0
vt 0 0
vt 0 0
vt 0 0
vt 0 0
vt 0 0
vt 0 0
vt 0 0
vt 0 0
vt 0 0
vt 0 0
vt 0 0
vt 0 0
vt 0 0
vt 0 0
vt 0 0
vt 0 0
vt 0 0
vt 0 0
vt 0 0
vt 0 0
vt 0 0
vt 0 0
vt 0 0
vt 0 0
vt 0 0
vt 0 0
vt 0 0
vt 0 0
vt 0 0
vt 0 0
vt 0 0
vt 0 0
vt 0 0
vt 0 0
vt 0 0
vt 0 0
vt 0 0
vt 0 0
vt 0 0
vt 0 0
vt 0 0
vt 0 0
vt 0 0
vt 0 0
vt 0 0
vt 0 0
vt 0 0
vt 0 0
vt 0 0
vt 0 0
vt 0 0
vt 0 0
vt 0 0
vt 0 0
vt 0 0
vt 0 0
vt 0 0
vt 0 0
vt 0 0
vt 0 0
vt 0 0
vt 0 0
vt 0 0
vt 0 0
vt 0 0
vt 0 0
vt 0 0
vt 0 0
vt 0 0
vt 0 0
vt 0 0
vt 0 0
vt 0 0
vt 0 0
vt 0 0
vt 0 0
vt 0 0
vt 0 0
vt 0 0
vt 0 0
vt 0 0
vt 0 0
vt 0 0
vt 0 0
vt 0 0
vt 0 0
vt 0 0
vt 0 0
vt 0 0
vt 0 0
vt 0 0
vt 0 0
vt 0 0
vt 0 0
vt 0 0
vt 0 0
vt 0 0
vt 0 0
vt 0 0
vt 0 0
vt 0 0
vt 0 0
vt 0 0
vt 0 0
vt 0 0
vt 0 0
vt 0 0
vt 0 0
vt 0 0
vt 0 0
vt 0 0
vt 0 0
vt 0 0
vt 0 0
vt 0 0
vt 0 0
vt 0 0
vt 0 0
vt 0 0
vt 0 0
vt 0 0
vt 0 0
vt 0 0
vt 0 0
vt 0 0
vt 0 0
vt 0 0
vt 0 0
vt 0 0
vt 0 0
vt 0 0
vt 0 0
vt 0 0
vt 0 0
vt 0 0
vt 0 0
vt 0 0
vt 0 0
vt 0 0
vt 0 0
vt 0 0
vt 0 0
vt 0 0
vt 0 0
vt 0 0
vt 0 0
vt 0 0
vt 0 0
vt 0 0
vt 0 0
vt 0 0
vt 0 0
vt 0 0
vt 0 0
vt 0 0
vt 0 0
vt 0 0
vt 0 0
vt 0 0
vt 0 0
vt 0 0
vt 0 0
vt 0 0
vt 0 0
vt 0 0
vt 0 0
vt 0 0
vt 0 0
vt 0 0
vt 0 0
vt 0 0
vt 0 0
vt 0 0
vt 0 0
vt 0 0
vt 0 0
vt 0 0
vt 0 0
vt 0 0
vt 0 0
vt 0 0
vt 0 0
vt 0 0
vt 0 0
vt 0 0
vt 0 0
vt 0 0
vt 0 0
vt 0 0
vt 0 0
vt 0 0
vt 0 0
vt 0 0
vt 0 0
vt 0 0
vt 0 0
vt 0 0
vt 0 0
vt 0 0
vt 0 0
vt 0 0
vt 0 0
vt 0 0
vt 0 0
vt 0 0
vt 0 0
vt 0 0
vt 0 0
vt 0 0
vt 0 0
vt 0 0
vt 0 0
vt 0 0
vt 0 0
vt 0 0
vt 0 0
vt 0 0
vt 0 0
vt 0 0
vt 0 0
vt 0 0
vt 0 0
vt 0 0
vt 0 0
vt 0 0
vt 0 0
vt 0 0
vt 0 0
vt 0 0
vt 0 0
vt 0 0
vt 0 0
vt 0 0
vt 0 0
vt 0 0
vt 0 0
vt 0 0
vt 0 0
vt 0 0
vt 0 0
vt 0 0
vt 0 0
vt 0 0
vt 0 0
vt 0 0
vt 0 0
vt 0 0
vt 0 0
vt 0 0
vt 0 0
vt 0 0
vt 0 0
vt 0 0
vt 0 0
vt 0 0
vt 0 0
vt 0 0
vt 0 0
vt 0 0
vt 0 0
vt 0 0
vt 0 0
vt 0 0
vt 0 0
vt 0 0
vt 0 0
vt 0 0
vt 0 0
vt 0 0
vt 0 0
vt 0 0
vt 0 0
vt 0 0
vt 0 0
vt 0 0
vt 0 0
vt 0 0
vt 0 0
vt 0 0
vt 0 0
vt 0 0
vt 0 0
vt 0 0
vt 0 0
vt 0 0
vt 0 0
vt 0 0
vt 0 0
vt 0 0
vt 0 0
vt 0 0
vt 0 0
vt 0 0
vt 0 0
vt 0 0
vt 0 0
vt 0 0
vt 0 0
vt 0 0
vt 0 0
vt 0 0
vt 0 0
vt 0 0
vt 0 0
vt 0 0
vt 0 0
vt 0 0
vt 0 0
vt 0 0
vt 0 0
vt 0 0
vt 0 0
vt 0 0
vt 0 0
vt 0 0
vt 0 0
vt 0 0
vt 0 0
vt 0 0
vt 0 0
vt 0 0
vt 0 0
vt 0 0
vt 0 0
vt 0 0
vt 0 0
vt 0 0
vt 0 0
vt 0 0
vt 0 0
vt 0 0
vt 0 0
vt 0 0
vt 0 0
vt 0 0
vt 0 0
vt 0 0
vt 0 0
vt 0 0
vt 0 0
vt 0 0
vt 0 0
vt 0 0
vt 0 0
vt 0 0
vt 0 0
vt 0 0
vt 0 0
vt 0 0
vt 0 0
vt 0 0
vt 0 0
vt 0 0
vt 0 0
vt 0 0
vt 0 0
vt 0 0
vt 0 0
vt 0 0
vt 0 0
vt 0 0
vt 0 0
vt 0 0
vt 0 0
vt 0 0
vt 0 0
vt 0 0
vt 0 0
vt 0 0
vt 0 0
vt 0 0
vt 0 0
vt 0 0
vt 0 0
vt 0 0
vt 0 0
vt 0 0
vt 0 0
vt 0 0
vt 0 0
vt 0 0
vt 0 0
vt 0 0
vt 0 0
vt 0 0
vt 0 0
vt 0 0
vt 0 0
vt 0 0
vt 0 0
vt 0 0
vt 0 0
vt 0 0
vt 0 0
vt 0 0
vt 0 0
vt 0 0
vt 0 0
vt 0 0
vt 0 0
vt 0 0
vt 0 0
vt 0 0
vt 0 0
vt 0 0
vt 0 0
vt 0 0
vt 0 0
vt 0 0
vt 0 0
vt 0 0
vt 0 0
vt 0 0
vt 0 0
vt 0 0
vt 0 0
vt 0 0
vt 0 0
vt 0 0
vt 0 0
vt 0 0
vt 0 0
vt 0 0
vt 0 0
vt 0 0
vt 0 0
vt 0 0
vt 0 0
vt 0 0
vt 0 0
vt 0 0
vt 0 0
vt 0 0
vt 0 0
vt 0 0
vt 0 0
vt 0 0
vt 0 0
vt 0 0
vt 0 0
vt 0 0
vt 0 0
vt 0 0
vt 0 0
vt 0 0
vt 0 0
vt 0 0
vt 0 0
vt 0 0
vt 0 0
vt 0 0
vt 0 0
vt 0 0
vt 0 0
vt 0 0
vt 0 0
vt 0 0
vt 0 0
vt 0 0
vt 0 0
vt 0 0
vt 0 0
vt 0 0
vt 0 0
vt 0 0
vt 0 0
vt 0 0
vt 0 0
vt 0 0
vt 0 0
vt 0 0
vt 0 0
vt 0 0
vt 0 0
vt 0 0
vt 0 0
vt 0 0
vt 0 0
vt 0 0
vt 0 0
vt 0 0
vt 0 0
vt 0 0
vt 0 0
vt 0 0
vt 0 0
vt 0 0
vt 0 0
vt 0 0
vt 0 0
vt 0 0
vt 0 0
vt 0 0
vt 0 0
vt 0 0
vt 0 0
vt 0 0
vt 0 0
vt 0 0
vt 0 0
vt 0 0
vt 0 0
vt 0 0
vt 0 0
vt 0 0
vt 0 0
vt 0 0
vt 0 0
vt 0 0
vt 0 0
vt 0 0
vt 0 0
vt 0 0
vt 0 0
vt 0 0
vt 0 0
vt 0 0
vt 0 0
vt 0 0
vt 0 0
vt 0 0
vt 0 0
vt 0 0
vt 0 0
vt 0 0
vt 0 0
vt 0 0
vt 0 0
vt 0 0
vt 0 0
vt 0 0
vt 0 0
vt 0 0
vt 0 0
vt 0 0
vt 0 0
vt 0 0
vt 0 0
vt 0 0
vt 0 0
vt 0 0
vt 0 0
vt 0 0
vt 0 0
vt 0 0
vt 0 0
vt 0 0
vt 0 0
vt 0 0
vt 0 0
vt 0 0
vt 0 0
vt 0 0
vt 0 0
vt 0 0
vt 0 0
vt 0 0
vt 0 0
vt 0 0
vt 0 0
vt 0 0
vt 0 0
vt 0 0
vt 0 0
vt 0 0
vt 0 0
vt 0 0
vt 0 0
vt 0 0
vt 0 0
vt 0 0
vt 0 0
vt 0 0
vt 0 0
vt 0 0
vt 0 0
vt 0 0
vt 0 0
vt 0 0
vt 0 0
vt 0 0
vt 0 0
vt 0 0
vt 0 0
vt 0 0
vt 0 0
vt 0 0
vt 0 0
vt 0 0
vt 0 0
vt 0 0
vt 0 0
vt 0 0
vt 0 0
vt 0 0
vt 0 0
vt 0 0
vt 0 0
vt 0 0
vt 0 0
vt 0 0
vt 0 0
vt 0 0
vt 0 0
vt 0 0
vt 0 0
vt 0 0
vt 0 0
vt 0 0
vt 0 0
vt 0 0
vt 0 0
vt 0 0
vt 0 0
vt 0 0
vt 0 0
vt 0 0
vt 0 0
vt 0 0
vt 0 0
vt 0 0
vt 0 0
vt 0 0
vt 0 0
vt 0 0
vt 0 0
vt 0 0
vt 0 0
vt 0 0
vt 0 0
vt 0 0
vt 0 0
vt 0 0
vt 0 0
vt 0 0
vt 0 0
vt 0 0
vt 0 0
vt 0 0
vt 0 0
vt 0 0
vt 0 0
vt 0 0
vt 0 0
vt 0 0
vt 0 0
vt 0 0
vt 0 0
vt 0 0
vt 0 0
vt 0 0
vt 0 0
vt 0 0
vt 0 0
vt 0 0
vt 0 0
vt 0 0
vt 0 0
vt 0 0
vt 0 0
vt 0 0
vt 0 0
vt 0 0
vt 0 0
vt 0 0
vt 0 0
vt 0 0
vt 0 0
vt 0 0
vt 0 0
vt 0 0
vt 0 0
vt 0 0
vt 0 0
vt 0 0
vt 0 0
vt 0 0
vt 0 0
vt 0 0
vt 0 0
vt 0 0
vt 0 0
vt 0 0
vt 0 0
vt 0 0
vt 0 0
vt 0 0
vt 0 0
vt 0 0
vt 0 0
vt 0 0
vt 0 0
vt 0 0
vt 0 0
vt 0 0
vt 0 0
vt 0 0
vt 0 0
vt 0 0
vt 0 0
vt 0 0
vt 0 0
vt 0 0
vt 0 0
vt 0 0
vt 0 0
vt 0 0
vt 0 0
vt 0 0
vt 0 0
vt 0 0
vt 0 0
vt 0 0
vt 0 0
vt 0 0
vt 0 0
vt 0 0
vt 0 0
vt 0 0
vt 0 0
vt 0 0
vt 0 0
vt 0 0
vt 0 0
vt 0 0
vt 0 0
vt 0 0
vt 0 0
vt 0 0
vt 0 0
vt 0 0
vt 0 0
vt 0 0
vt 0 0
vt 0 0
vt 0 0
vt 0 0
vt 0 0
vt 0 0
vt 0 0
vt 0 0
vt 0 0
vt 0 0
vt 0 0
vt 0 0
vt 0 0
vt 0 0
vt 0 0
vt 0 0
vt 0 0
vt 0 0
vt 0 0
vt 0 0
vt 0 0
vt 0 0
vt 0 0
vt 0 0
vt 0 0
vt 0 0
vt 0 0
vt 0 0
vt 0 0
vt 0 0
vt 0 0
vt 0 0
vt 0 0
vt 0 0
vt 0 0
vt 0 0
vt 0 0
vt 0 0
vt 0 0
vt 0 0
vt 0 0
vt 0 0
vt 0 0
vt 0 0
vt 0 0
vt 0 0
vt 0 0
vt 0 0
vt 0 0
vt 0 0
vt 0 0
vt 0 0
vt 0 0
vt 0 0
vt 0 0
vt 0 0
vt 0 0
vt 0 0
vt 0 0
vt 0 0
vt 0 0
vt 0 0
vt 0 0
vt 0 0
vt 0 0
vt 0 0
vt 0 0
vt 0 0
vt 0 0
vt 0 0
vt 0 0
vt 0 0
vt 0 0
vt 0 0
vt 0 0
vt 0 0
vt 0 0
vt 0 0
vt 0 0
vt 0 0
vt 0 0
vt 0 0
vt 0 0
vt 0 0
vt 0 0
vt 0 0
vt 0 0
vt 0 0
vt 0 0
vt 0 0
vt 0 0
vt 0 0
vt 0 0
vt 0 0
vt 0 0
vt 0 0
vt 0 0
vt 0 0
vt 0 0
vt 0 0
vt 0 0
vt 0 0
vt 0 0
vt 0 0
vt 0 0
vt 0 0
vt 0 0
vt 0 0
vt 0 0
vt 0 0
vt 0 0
vt 0 0
vt 0 0
vt 0 0
vt 0 0
vt 0 0
vt 0 0
vt 0 0
vt 0 0
vt 0 0
vt 0 0
vt 0 0
vt 0 0
vt 0 0
vt 0 0
vt 0 0
vt 0 0
vt 0 0
vt 0 0
vt 0 0
vt 0 0
vt 0 0
vt 0 0
vt 0 0
vt 0 0
vt 0 0
vt 0 0
vt 0 0
vt 0 0
vt 0 0
vt 0 0
vt 0 0
vt 0 0
vt 0 0
vt 0 0
vt 0 0
vt 0 0
vt 0 0
vt 0 0
vt 0 0
vt 0 0
vt 0 0
vt 0 0
vt 0 0
vt 0 0
vt 0 0
vt 0 0
vt 0 0
vt 0 0
vt 0 0
vt 0 0
vt 0 0
vt 0 0
vt 0 0
vt 0 0
vt 0 0
vt 0 0
vt 0 0
vt 0 0
vt 0 0
vt 0 0
vt 0 0
vt 0 0
vt 0 0
vt 0 0
vt 0 0
vt 0 0
vt 0 0
vt 0 0
vt 0 0
vt 0 0
vt 0 0
vt 0 0
vt 0 0
vt 0 0
vt 0 0
vt 0 0
vt 0 0
vt 0 0
vt 0 0
vt 0 0
vt 0 0
vt 0 0
vt 0 0
vt 0 0
vt 0 0
vt 0 0
vt 0 0
vt 0 0
vt 0 0
vt 0 0
vt 0 0
vt 0 0
vt 0 0
vt 0 0
vt 0 0
vt 0 0
vt 0 0
vt 0 0
vt 0 0
vt 0 0
vt 0 0
vt 0 0
vt 0 0
vt 0 0
vt 0 0
vt 0 0
vt 0 0
vt 0 0
vt 0 0
vt 0 0
vt 0 0
vt 0 0
vt 0 0
vt 0 0
vt 0 0
vt 0 0
vt 0 0
vt 0 0
vt 0 0
vt 0 0
vt 0 0
vt 0 0
vt 0 0
vt 0 0
vt 0 0
vt 0 0
vt 0 0
vt 0 0
vt 0 0
vt 0 0
vt 0 0
vt 0 0
vt 0 0
vt 0 0
vt 0 0
vt 0 0
vt 0 0
vt 0 0
vt 0 0
vt 0 0
vt 0 0
vt 0 0
vt 0 0
vt 0 0
vt 0 0
vt 0 0
vt 0 0
vt 0 0
vt 0 0
vt 0 0
vt 0 0
vt 0 0
vt 0 0
vt 0 0
vt 0 0
vt 0 0
vt 0 0
vt 0 0
vt 0 0
vt 0 0
vt 0 0
vt 0 0
vt 0 0
vt 0 0
vt 0 0
vt 0 0
vt 0 0
vt 0 0
vt 0 0
vt 0 0
vt 0 0
vt 0 0
vt 0 0
vt 0 0
vt 0 0
vt 0 0
vt 0 0
vt 0 0
vt 0 0
vt 0 0
vt 0 0
vt 0 0
vt 0 0
vt 0 0
vt 0 0
vt 0 0
vt 0 0
vt 0 0
vt 0 0
vt 0 0
vt 0 0
vt 0 0
vt 0 0
vt 0 0
vt 0 0
vt 0 0
vt 0 0
vt 0 0
vt 0 0
vt 0 0
vt 0 0
vt 0 0
vt 0 0
vt 0 0
vt 0 0
vt 0 0
vt 0 0
vt 0 0
vt 0 0
vt 0 0
vt 0 0
vt 0 0
vt 0 0
vt 0 0
vt 0 0
vt 0 0
vt 0 0
vt 0 0
vt 0 0
vt 0 0
vt 0 0
vt 0 0
vt 0 0
vt 0 0
vt 0 0
vt 0 0
vt 0 0
vt 0 0
vt 0 0
vt 0 0
vt 0 0
vt 0 0
vt 0 0
vt 0 0
vt 0 0
vt 0 0
vt 0 0
vt 0 0
vt 0 0
vt 0 0
vt 0 0
vt 0 0
vt 0 0
vt 0 0
vt 0 0
vt 0 0
vt 0 0
vt 0 0
vt 0 0
vt 0 0
vt 0 0
vt 0 0
vt 0 0
vt 0 0
vt 0 0
vt 0 0
vt 0 0
vt 0 0
vt 0 0
vt 0 0
vt 0 0
vt 0 0
vt 0 0
vt 0 0
vt 0 0
vt 0 0
vt 0 0
vt 0 0
vt 0 0
vt 0 0
vt 0 0
vt 0 0
vt 0 0
vt 0 0
vt 0 0
vt 0 0
vt 0 0
vt 0 0
vt 0 0
vt 0 0
vt 0 0
vt 0 0
vt 0 0
vt 0 0
vt 0 0
vt 0 0
vt 0 0
vt 0 0
vt 0 0
vt 0 0
vt 0 0
vt 0 0
vt 0 0
vt 0 0
vt 0 0
vt 0 0
vt 0 0
vt 0 0
vt 0 0
vt 0 0
vt 0 0
vt 0 0
vt 0 0
vt 0 0
vt 0 0
vt 0 0
vt 0 0
vt 0 0
vt 0 0
vt 0 0
vt 0 0
vt 0 0
vt 0 0
vt 0 0
vt 0 0
vt 0 0
vt 0 0
vt 0 0
vt 0 0
vt 0 0
vt 0 0
vt 0 0
vt 0 0
vt 0 0
vt 0 0
vt 0 0
vt 0 0
vt 0 0
vt 0 0
vt 0 0
vt 0 0
vt 0 0
vt 0 0
vt 0 0
vt 0 0
vt 0 0
vt 0 0
vt 0 0
vt 0 0
vt 0 0
vt 0 0
vt 0 0
vt 0 0
vt 0 0
vt 0 0
vt 0 0
vt 0 0
vt 0 0
vt 0 0
vt 0 0
vt 0 0
vt 0 0
vt 0 0
vt 0 0
vt 0 0
vt 0 0
vt 0 0
vt 0 0
vt 0 0
vt 0 0
vt 0 0
vt 0 0
vt 0 0
vt 0 0
vt 0 0
vt 0 0
vt 0 0
vt 0 0
vt 0 0
vt 0 0
vt 0 0
vt 0 0
vt 0 0
vt 0 0
vt 0 0
vt 0 0
vt 0 0
vt 0 0
vt 0 0
vt 0 0
vt 0 0
vt 0 0
vt 0 0
vt 0 0
vt 0 0
vt 0 0
vt 0 0
vt 0 0
vt 0 0
vt 0 0
vt 0 0
vt 0 0
vt 0 0
vt 0 0
vt 0 0
vt 0 0
vt 0 0
vt 0 0
vt 0 0
vt 0 0
vt 0 0
vt 0 0
vt 0 0
vt 0 0
vt 0 0
vt 0 0
vt 0 0
vt 0 0
vt 0 0
vt 0 0
vt 0 0
vt 0 0
vt 0 0
vt 0 0
vt 0 0
vt 0 0
vt 0 0
vt 0 0
vt 0 0
vt 0 0
vt 0 0
vt 0 0
vt 0 0
vt 0 0
vt 0 0
vt 0 0
vt 0 0
vt 0 0
vt 0 0
vt 0 0
vt 0 0
vt 0 0
vt 0 0
vt 0 0
vt 0 0
vt 0 0
vt 0 0
vt 0 0
vt 0 0
vt 0 0
vt 0 0
vt 0 0
vt 0 0
vt 0 0
vt 0 0
vt 0 0
vt 0 0
vt 0 0
vt 0 0
vt 0 0
vt 0 0
vt 0 0
vt 0 0
vt 0 0
vt 0 0
vt 0 0
vt 0 0
vt 0 0
vt 0 0
vt 0 0
vt 0 0
vt 0 0
vt 0 0
vt 0 0
vt 0 0
vt 0 0
vt 0 0
vt 0 0
vt 0 0
vt 0 0
vt 0 0
vt 0 0
vt 0 0
vt 0 0
vt 0 0
vt 0 0
vt 0 0
vt 0 0
vt 0 0
vt 0 0
vt 0 0
vt 0 0
vt 0 0
vt 0 0
vt 0 0
vt 0 0
vt 0 0
vt 0 0
vt 0 0
vt 0 0
vt 0 0
vt 0 0
vt 0 0
vt 0 0
vt 0 0
vt 0 0
vt 0 0
vt 0 0
vt 0 0
vt 0 0
vt 0 0
vt 0 0
vt 0 0
vt 0 0
vt 0 0
vt 0 0
vt 0 0
vt 0 0
vt 0 0
vt 0 0
vt 0 0
vt 0 0
vt 0 0
vt 0 0
vt 0 0
vt 0 0
vt 0 0
vt 0 0
vt 0 0
vt 0 0
vt 0 0
vt 0 0
vt 0 0
vt 0 0
vt 0 0
vt 0 0
vt 0 0
vt 0 0
vt 0 0
vt 0 0
vt 0 0
vt 0 0
vt 0 0
vt 0 0
vt 0 0
vt 0 0
vt 0 0
vt 0 0
vt 0 0
vt 0 0
vt 0 0
vt 0 0
vt 0 0
vt 0 0
vt 0 0
vt 0 0
vt 0 0
vt 0 0
vt 0 0
vt 0 0
vt 0 0
vt 0 0
vt 0 0
vt 0 0
vt 0 0
vt 0 0
vt 0 0
vt 0 0
vt 0 0
vt 0 0
vt 0 0
vt 0 0
vt 0 0
vt 0 0
vt 0 0
vt 0 0
vt 0 0
vt 0 0
vt 0 0
vt 0 0
vt 0 0
vt 0 0
vt 0 0
vt 0 0
vt 0 0
vt 0 0
vt 0 0
vt 0 0
vt 0 0
vt 0 0
vt 0 0
vt 0 0
vt 0 0
vt 0 0
vt 0 0
vt 0 0
vt 0 0
vt 0 0
vt 0 0
vt 0 0
vt 0 0
vt 0 0
vt 0 0
vt 0 0
vt 0 0
vt 0 0
vt 0 0
vt 0 0
vt 0 0
vt 0 0
vt 0 0
vt 0 0
vt 0 0
vt 0 0
vt 0 0
vt 0 0
vt 0 0
vt 0 0
vt 0 0
vt 0 0
vt 0 0
vt 0 0
vt 0 0
vt 0 0
vt 0 0
vt 0 0
vt 0 0
vt 0 0
vt 0 0
vt 0 0
vt 0 0
vt 0 0
vt 0 0
vt 0 0
vt 0 0
vt 0 0
vt 0 0
vt 0 0
vt 0 0
vt 0 0
vt 0 0
vt 0 0
vt 0 0
vt 0 0
vt 0 0
vt 0 0
vt 0 0
vt 0 0
vt 0 0
vt 0 0
vt 0 0
vt 0 0
vt 0 0
vt 0 0
vt 0 0
vt 0 0
vt 0 0
vt 0 0
vt 0 0
vt 0 0
vt 0 0
vt 0 0
vt 0 0
vt 0 0
vt 0 0
vt 0 0
vt 0 0
vt 0 0
vt 0 0
vt 0 0
vt 0 0
vt 0 0
vt 0 0
vt 0 0
vt 0 0
vt 0 0
vt 0 0
vt 0 0
vt 0 0
vt 0 0
vt 0 0
vt 0 0
vt 0 0
vt 0 0
vt 0 0
vt 0 0
vt 0 0
vt 0 0
vt 0 0
vt 0 0
vt 0 0
vt 0 0
vt 0 0
vt 0 0
vt 0 0
vt 0 0
vt 0 0
vt 0 0
vt 0 0
vt 0 0
vt 0 0
vt 0 0
vt 0 0
vt 0 0
vt 0 0
vt 0 0
vt 0 0
vt 0 0
vt 0 0
vt 0 0
vt 0 0
vt 0 0
vt 0 0
vt 0 0
vt 0 0
vt 0 0
vt 0 0
vt 0 0
vt 0 0
vt 0 0
vt 0 0
vt 0 0
vt 0 0
vt 0 0
vt 0 0
vt 0 0
vt 0 0
vt 0 0
vt 0 0
vt 0 0
vt 0 0
vt 0 0
vt 0 0
vt 0 0
vt 0 0
vt 0 0
vt 0 0
vt 0 0
vt 0 0
vt 0 0
vt 0 0
vt 0 0
vt 0 0
vt 0 0
vt 0 0
vt 0 0
vt 0 0
vt 0 0
vt 0 0
vt 0 0
vt 0 0
vt 0 0
vt 0 0
vt 0 0
vt 0 0
vt 0 0
vt 0 0
vt 0 0
vt 0 0
vt 0 0
vt 0 0
vt 0 0
vt 0 0
vt 0 0
vt 0 0
vt 0 0
vt 0 0
vt 0 0
vt 0 0
vt 0 0
vt 0 0
vt 0 0
vt 0 0
vt 0 0
vt 0 0
vt 0 0
vt 0 0
vt 0 0
vt 0 0
vt 0 0
vt 0 0
vt 0 0
vt 0 0
vt 0 0
vt 0 0
vt 0 0
vt 0 0
vt 0 0
vt 0 0
vt 0 0
vt 0 0
vt 0 0
vt 0 0
vt 0 0
vt 0 0
vt 0 0
vt 0 0
vt 0 0
vt 0 0
vt 0 0
vt 0 0
vt 0 0
vt 0 0
vt 0 0
vt 0 0
vt 0 0
vt 0 0
vt 0 0
vt 0 0
vt 0 0
vt 0 0
vt 0 0
vt 0 0
vt 0 0
vt 0 0
vt 0 0
vt 0 0
vt 0 0
vt 0 0
vt 0 0
vt 0 0
vt 0 0
vt 0 0
vt 0 0
vt 0 0
vt 0 0
vt 0 0
vt 0 0
vt 0 0
vt 0 0
vt 0 0
vt 0 0
vt 0 0
vt 0 0
vt 0 0
vt 0 0
vt 0 0
vt 0 0
vt 0 0
vt 0 0
vt 0 0
vt 0 0
vt 0 0
vt 0 0
vt 0 0
vt 0 0
vt 0 0
vt 0 0
vt 0 0
vt 0 0
vt 0 0
vt 0 0
vt 0 0
vt 0 0
vt 0 0
vt 0 0
vt 0 0
vt 0 0
vt 0 0
vt 0 0
vt 0 0
vt 0 0
vt 0 0
vt 0 0
vt 0 0
vt 0 0
vt 0 0
vt 0 0
vt 0 0
vt 0 0
vt 0 0
vt 0 0
vt 0 0
vt 0 0
vt 0 0
vt 0 0
vt 0 0
vt 0 0
vt 0 0
vt 0 0
vt 0 0
vt 0 0
vt 0 0
vt 0 0
vt 0 0
vt 0 0
vt 0 0
vt 0 0
vt 0 0
vt 0 0
vt 0 0
vt 0 0
vt 0 0
vt 0 0
vt 0 0
vt 0 0
vt 0 0
vt 0 0
vt 0 0
vt 0 0
vt 0 0
vt 0 0
vt 0 0
vt 0 0
vt 0 0
vt 0 0
vt 0 0
vt 0 0
vt 0 0
vt 0 0
vt 0 0
vt 0 0
vt 0 0
vt 0 0
vt 0 0
vt 0 0
vt 0 0
vt 0 0
vt 0 0
vt 0 0
vt 0 0
vt 0 0
vt 0 0
vt 0 0
vt 0 0
vt 0 0
vt 0 0
vt 0 0
vt 0 0
vt 0 0
vt 0 0
vt 0 0
vt 0 0
vt 0 0
vt 0 0
vt 0 0
vt 0 0
vt 0 0
vt 0 0
vt 0 0
vt 0 0
vt 0 0
vt 0 0
vt 0 0
vt 0 0
vt 0 0
vt 0 0
vt 0 0
vt 0 0
vt 0 0
vt 0 0
vt 0 0
vt 0 0
vt 0 0
vt 0 0
vt 0 0
vt 0 0
vt 0 0
vt 0 0
vt 0 0
vt 0 0
vt 0 0
vt 0 0
vt 0 0
vt 0 0
vt 0 0
vt 0 0
vt 0 0
vt 0 0
vt 0 0
vt 0 0
vt 0 0
vt 0 0
vt 0 0
vt 0 0
vt 0 0
vt 0 0
vt 0 0
vt 0 0
vt 0 0
vt 0 0
vt 0 0
vt 0 0
vt 0 0
vt 0 0
vt 0 0
vt 0 0
vt 0 0
vt 0 0
vt 0 0
vt 0 0
vt 0 0
vt 0 0
vt 0 0
vt 0 0
vt 0 0
vt 0 0
vt 0 0
vt 0 0
vt 0 0
vt 0 0
vt 0 0
vt 0 0
vt 0 0
vt 0 0
vt 0 0
vt 0 0
vt 0 0
vt 0 0
vt 0 0
vt 0 0
vt 0 0
vt 0 0
vt 0 0
vt 0 0
vt 0 0
vt 0 0
vt 0 0
vt 0 0
vt 0 0
vt 0 0
vt 0 0
vt 0 0
vt 0 0
vt 0 0
vt 0 0
vt 0 0
vt 0 0
vt 0 0
vt 0 0
vt 0 0
vt 0 0
vt 0 0
vt 0 0
vt 0 0
vt 0 0
vt 0 0
vt 0 0
vt 0 0
vt 0 0
vt 0 0
vt 0 0
vt 0 0
vt 0 0
vt 0 0
vt 0 0
vt 0 0
vt 0 0
vt 0 0
vt 0 0
vt 0 0
vt 0 0
vt 0 0
vt 0 0
vt 0 0
vt 0 0
vt 0 0
vt 0 0
vt 0 0
vt 0 0
vt 0 0
vt 0 0
vt 0 0
vt 0 0
vt 0 0
vt 0 0
vt 0 0
vt 0 0
vt 0 0
vt 0 0
vt 0 0
vt 0 0
vt 0 0
vt 0 0
vt 0 0
vt 0 0
vt 0 0
vt 0 0
vt 0 0
vt 0 0
vt 0 0
vt 0 0
vt 0 0
vt 0 0
vt 0 0
vt 0 0
vt 0 0
vt 0 0
vt 0 0
vt 0 0
vt 0 0
vt 0 0
vt 0 0
vt 0 0
vt 0 0
vt 0 0
vt 0 0
vt 0 0
vt 0 0
vt 0 0
vt 0 0
vt 0 0
vt 0 0
vt 0 0
vt 0 0
vt 0 0
vt 0 0
vt 0 0
vt 0 0
vt 0 0
vt 0 0
vt 0 0
vt 0 0
vt 0 0
vt 0 0
vt 0 0
vt 0 0
vt 0 0
vt 0 0
vt 0 0
vt 0 0
vt 0 0
vt 0 0
vt 0 0
vt 0 0
vt 0 0
vt 0 0
vt 0 0
vt 0 0
vt 0 0
vt 0 0
vt 0 0
vt 0 0
vt 0 0
vt 0 0
vt 0 0
vt 0 0
vt 0 0
vt 0 0
vt 0 0
vt 0 0
vt 0 0
vt 0 0
vt 0 0
vt 0 0
vt 0 0
vt 0 0
vt 0 0
vt 0 0
vt 0 0
vt 0 0
vt 0 0
vt 0 0
vt 0 0
vt 0 0
vt 0 0
vt 0 0
vt 0 0
vt 0 0
vt 0 0
vt 0 0
vt 0 0
vt 0 0
vt 0 0
vt 0 0
vt 0 0
vt 0 0
vt 0 0
vt 0 0
vt 0 0
vt 0 0
vt 0 0
vt 0 0
vt 0 0
vt 0 0
vt 0 0
vt 0 0
vt 0 0
vt 0 0
vt 0 0
vt 0 0
vt 0 0
vt 0 0
vt 0 0
vt 0 0
vt 0 0
vt 0 0
vt 0 0
vt 0 0
vt 0 0
vt 0 0
vt 0 0
vt 0 0
vt 0 0
vt 0 0
vt 0 0
vt 0 0
vt 0 0
vt 0 0
vt 0 0
vt 0 0
vt 0 0
vt 0 0
vt 0 0
vt 0 0
vt 0 0
vt 0 0
vt 0 0
vt 0 0
vt 0 0
vt 0 0
vt 0 0
vt 0 0
vt 0 0
vt 0 0
vt 0 0
vt 0 0
vt 0 0
vt 0 0
vt 0 0
vt 0 0
vt 0 0
vt 0 0
vt 0 0
vt 0 0
vt 0 0
vt 0 0
vt 0 0
vt 0 0
vt 0 0
vt 0 0
vt 0 0
vt 0 0
vt 0 0
vt 0 0
vt 0 0
vt 0 0
vt 0 0
vt 0 0
vt 0 0
vt 0 0
vt 0 0
vt 0 0
vt 0 0
vt 0 0
vt 0 0
vt 0 0
vt 0 0
vt 0 0
vt 0 0
vt 0 0
vt 0 0
vt 0 0
vt 0 0
vt 0 0
vt 0 0
vt 0 0
vt 0 0
vt 0 0
vt 0 0
vt 0 0
vt 0 0
vt 0 0
vt 0 0
vt 0 0
vt 0 0
vt 0 0
vt 0 0
vt 0 0
vt 0 0
vt 0 0
vt 0 0
vt 0 0
vt 0 0
vt 0 0
vt 0 0
vt 0 0
vt 0 0
vt 0 0
vt 0 0
vt 0 0
vt 0 0
vt 0 0
vt 0 0
vt 0 0
vt 0 0
vt 0 0
vt 0 0
vt 0 0
vt 0 0
vt 0 0
vt 0 0
vt 0 0
vt 0 0
vt 0 0
vt 0 0
vt 0 0
vt 0 0
vt 0 0
vt 0 0
vt 0 0
vt 0 0
vt 0 0
vt 0 0
vt 0 0
vt 0 0
vt 0 0
vt 0 0
vt 0 0
vt 0 0
vt 0 0
vt 0 0
vt 0 0
vt 0 0
vt 0 0
vt 0 0
vt 0 0
vt 0 0
vt 0 0
vt 0 0
vt 0 0
vt 0 0
vt 0 0
vt 0 0
vt 0 0
vt 0 0
vt 0 0
vt 0 0
vt 0 0
vt 0 0
vt 0 0
vt 0 0
vt 0 0
vt 0 0
vt 0 0
vt 0 0
vt 0 0
vt 0 0
vt 0 0
vt 0 0
vt 0 0
vt 0 0
vt 0 0
vt 0 0
vt 0 0
vt 0 0
vt 0 0
vt 0 0
vt 0 0
vt 0 0
vt 0 0
vt 0 0
vt 0 0
vt 0 0
vt 0 0
vt 0 0
vt 0 0
vt 0 0
vt 0 0
vt 0 0
vt 0 0
vt 0 0
vt 0 0
vt 0 0
vt 0 0
vt 0 0
vt 0 0
vt 0 0
vt 0 0
vt 0 0
vt 0 0
vt 0 0
vt 0 0
vt 0 0
vt 0 0
vt 0 0
vt 0 0
vt 0 0
vt 0 0
vt 0 0
vt 0 0
vt 0 0
vt 0 0
vt 0 0
vt 0 0
vt 0 0
vt 0 0
vt 0 0
vt 0 0
vt 0 0
vt 0 0
vt 0 0
vt 0 0
vt 0 0
vt 0 0
vt 0 0
vt 0 0
vt 0 0
vt 0 0
vt 0 0
vt 0 0
vt 0 0
vt 0 0
vt 0 0
vt 0 0
vt 0 0
vt 0 0
vt 0 0
vt 0 0
vt 0 0
vt 0 0
vt 0 0
vt 0 0
vt 0 0
vt 0 0
vt 0 0
vt 0 0
vt 0 0
vt 0 0
vt 0 0
vt 0 0
vt 0 0
vt 0 0
vt 0 0
vt 0 0
vt 0 0
vt 0 0
vt 0 0
vt 0 0
vt 0 0
vt 0 0
vt 0 0
vt 0 0
vt 0 0
vt 0 0
vt 0 0
vt 0 0
vt 0 0
vt 0 0
vt 0 0
vt 0 0
vt 0 0
vt 0 0
vt 0 0
vt 0 0
vt 0 0
vt 0 0
vt 0 0
vt 0 0
vt 0 0
vt 0 0
vt 0 0
vt 0 0
vt 0 0
vt 0 0
vt 0 0
vt 0 0
vt 0 0
vt 0 0
vt 0 0
vt 0 0
vt 0 0
vt 0 0
vt 0 0
vt 0 0
vt 0 0
vt 0 0
vt 0 0
vt 0 0
vt 0 0
vt 0 0
vt 0 0
vt 0 0
vt 0 0
vt 0 0
vt 0 0
vt 0 0
vt 0 0
vt 0 0
vt 0 0
vt 0 0
vt 0 0
vt 0 0
vt 0 0
vt 0 0
vt 0 0
vt 0 0
vt 0 0
vt 0 0
vt 0 0
vt 0 0
vt 0 0
vt 0 0
vt 0 0
vt 0 0
vt 0 0
vt 0 0
vt 0 0
vt 0 0
vt 0 0
vt 0 0
vt 0 0
vt 0 0
vt 0 0
vt 0 0
vt 0 0
vt 0 0
vt 0 0
vt 0 0
vt 0 0
vt 0 0
vt 0 0
vt 0 0
vt 0 0
vt 0 0
vt 0 0
vt 0 0
vt 0 0
vt 0 0
vt 0 0
vt 0 0
vt 0 0
vt 0 0
vt 0 0
vt 0 0
vt 0 0
vt 0 0
vt 0 0
vt 0 0
vt 0 0
vt 0 0
vt 0 0
vt 0 0
vt 0 0
vt 0 0
vt 0 0
vt 0 0
vt 0 0
vt 0 0
vt 0 0
vt 0 0
vt 0 0
vt 0 0
vt 0 0
vt 0 0
vt 0 0
vt 0 0
vt 0 0
vt 0 0
vt 0 0
vt 0 0
vt 0 0
vt 0 0
vt 0 0
vt 0 0
vt 0 0
vt 0 0
vt 0 0
vt 0 0
vt 0 0
vt 0 0
vt 0 0
vt 0 0
vt 0 0
vt 0 0
vt 0 0
vt 0 0
vt 0 0
vt 0 0
vt 0 0
vt 0 0
vt 0 0
vt 0 0
vt 0 0
vt 0 0
vt 0 0
vt 0 0
vt 0 0
vt 0 0
vt 0 0
vt 0 0
vt 0 0
vt 0 0
vt 0 0
vt 0 0
vt 0 0
vt 0 0
vt 0 0
vt 0 0
vt 0 0
vt 0 0
vt 0 0
vt 0 0
vt 0 0
vt 0 0
vt 0 0
vt 0 0
vt 0 0
vt 0 0
vt 0 0
vt 0 0
vt 0 0
vt 0 0
vt 0 0
vt 0 0
vt 0 0
vt 0 0
vt 0 0
vt 0 0
vt 0 0
vt 0 0
vt 0 0
vt 0 0
vt 0 0
vt 0 0
vt 0 0
vt 0 0
vt 0 0
vt 0 0
vt 0 0
vt 0 0
vt 0 0
vt 0 0
vt 0 0
vt 0 0
vt 0 0
vt 0 0
vt 0 0
vt 0 0
vt 0 0
vt 0 0
vt 0 0
vt 0 0
vt 0 0
vt 0 0
vt 0 0
vt 0 0
vt 0 0
vt 0 0
vt 0 0
vt 0 0
vt 0 0
vt 0 0
vt 0 0
vt 0 0
vt 0 0
vt 0 0
vt 0 0
vt 0 0
vt 0 0
vt 0 0
vt 0 0
vt 0 0
vt 0 0
vt 0 0
vt 0 0
vt 0 0
vt 0 0
vt 0 0
vt 0 0
vt 0 0
vt 0 0
vt 0 0
vt 0 0
vt 0 0
vt 0 0
vt 0 0
vt 0 0
vt 0 0
vt 0 0
vt 0 0
vt 0 0
vt 0 0
vt 0 0
vt 0 0
vt 0 0
vt 0 0
vt 0 0
vt 0 0
vt 0 0
vt 0 0
vt 0 0
vt 0 0
vt 0 0
vt 0 0
vt 0 0
vt 0 0
vt 0 0
vt 0 0
vt 0 0
vt 0 0
vt 0 0
vt 0 0
vt 0 0
vt 0 0
vt 0 0
vt 0 0
vt 0 0
vt 0 0
vt 0 0
vt 0 0
vt 0 0
vt 0 0
vt 0 0
vt 0 0
vt 0 0
vt 0 0
vt 0 0
vt 0 0
vt 0 0
vt 0 0
vt 0 0
vt 0 0
vt 0 0
vt 0 0
vt 0 0
vt 0 0
vt 0 0
vt 0 0
vt 0 0
vt 0 0
vt 0 0
vt 0 0
vt 0 0
vt 0 0
vt 0 0
vt 0 0
vt 0 0
vt 0 0
vt 0 0
vt 0 0
vt 0 0
vt 0 0
vt 0 0
vt 0 0
vt 0 0
vt 0 0
vt 0 0
vt 0 0
vt 0 0
vt 0 0
vt 0 0
vt 0 0
vt 0 0
vt 0 0
vt 0 0
vt 0 0
vt 0 0
vt 0 0
vt 0 0
vt 0 0
vt 0 0
vt 0 0
vt 0 0
vt 0 0
vt 0 0
vt 0 0
vt 0 0
vt 0 0
vt 0 0
vt 0 0
vt 0 0
vt 0 0
vt 0 0
vt 0 0
vt 0 0
vt 0 0
vt 0 0
vt 0 0
vt 0 0
vt 0 0
vt 0 0
vt 0 0
vt 0 0
vt 0 0
vt 0 0
vt 0 0
vt 0 0
vt 0 0
vt 0 0
vt 0 0
vt 0 0
vt 0 0
vt 0 0
vt 0 0
vt 0 0
vt 0 0
vt 0 0
vt 0 0
vt 0 0
vt 0 0
vt 0 0
vt 0 0
vt 0 0
vt 0 0
vt 0 0
vt 0 0
vt 0 0
vt 0 0
vt 0 0
vt 0 0
vt 0 0
vt 0 0
vt 0 0
vt 0 0
vt 0 0
vt 0 0
vt 0 0
vt 0 0
vt 0 0
vt 0 0
vt 0 0
vt 0 0
vt 0 0
vt 0 0
vt 0 0
vt 0 0
vt 0 0
vt 0 0
vt 0 0
vt 0 0
vt 0 0
vt 0 0
vt 0 0
vt 0 0
vt 0 0
vt 0 0
vt 0 0
vt 0 0
vt 0 0
vt 0 0
vt 0 0
vt 0 0
vt 0 0
vt 0 0
vt 0 0
vt 0 0
vt 0 0
vt 0 0
vt 0 0
vt 0 0
vt 0 0
vt 0 0
vt 0 0
vt 0 0
vt 0 0
vt 0 0
vt 0 0
vt 0 0
vt 0 0
vt 0 0
vt 0 0
vt 0 0
vt 0 0
vt 0 0
vt 0 0
vt 0 0
vt 0 0
vt 0 0
vt 0 0
vt 0 0
vt 0 0
vt 0 0
vt 0 0
vt 0 0
vt 0 0
vt 0 0
vt 0 0
vt 0 0
vt 0 0
vt 0 0
vt 0 0
vt 0 0
vt 0 0
vt 0 0
vt 0 0
vt 0 0
vt 0 0
vt 0 0
vt 0 0
vt 0 0
vt 0 0
vt 0 0
vt 0 0
vt 0 0
vt 0 0
vt 0 0
vt 0 0
vt 0 0
vt 0 0
vt 0 0
vt 0 0
vt 0 0
vt 0 0
vt 0 0
vt 0 0
vt 0 0
vt 0 0
vt 0 0
vt 0 0
vt 0 0
vt 0 0
vt 0 0
vt 0 0
vt 0 0
vt 0 0
vt 0 0
vt 0 0
vt 0 0
vt 0 0
vt 0 0
vt 0 0
vt 0 0
vt 0 0
vt 0 0
vt 0 0
vt 0 0
vt 0 0
vt 0 0
vt 0 0
vt 0 0
vt 0 0
vt 0 0
vt 0 0
vt 0 0
vt 0 0
vt 0 0
vt 0 0
vt 0 0
vt 0 0
vt 0 0
vt 0 0
vt 0 0
vt 0 0
vt 0 0
vt 0 0
vt 0 0
vt 0 0
vt 0 0
vt 0 0
vt 0 0
vt 0 0
vt 0 0
vt 0 0
vt 0 0
vt 0 0
vt 0 0
vt 0 0
vt 0 0
vt 0 0
vt 0 0
vt 0 0
vt 0 0
vt 0 0
vt 0 0
vt 0 0
vt 0 0
vt 0 0
vt 0 0
vt 0 0
vt 0 0
vt 0 0
vt 0 0
vt 0 0
vt 0 0
vt 0 0
vt 0 0
vt 0 0
vt 0 0
vt 0 0
vt 0 0
vt 0 0
vt 0 0
vt 0 0
vt 0 0
vt 0 0
vt 0 0
vt 0 0
vt 0 0
vt 0 0
vt 0 0
vt 0 0
vt 0 0
vt 0 0
vt 0 0
vt 0 0
vt 0 0
vt 0 0
vt 0 0
vt 0 0
vt 0 0
vt 0 0
vt 0 0
vt 0 0
vt 0 0
vt 0 0
vt 0 0
vt 0 0
vt 0 0
vt 0 0
vt 0 0
vt 0 0
vt 0 0
vt 0 0
vt 0 0
vt 0 0
vt 0 0
vt 0 0
vt 0 0
vt 0 0
vt 0 0
vt 0 0
vt 0 0
vt 0 0
vt 0 0
vt 0 0
vt 0 0
vt 0 0
vt 0 0
vt 0 0
vt 0 0
vt 0 0
vt 0 0
vt 0 0
vt 0 0
vt 0 0
vt 0 0
vt 0 0
vt 0 0
vt 0 0
vt 0 0
vt 0 0
vt 0 0
vt 0 0
vt 0 0
vt 0 0
vt 0 0
vt 0 0
vt 0 0
vt 0 0
vt 0 0
vt 0 0
vt 0 0
vt 0 0
vt 0 0
vt 0 0
vt 0 0
vt 0 0
vt 0 0
vt 0 0
vt 0 0
vt 0 0
vt 0 0
vt 0 0
vt 0 0
vt 0 0
vt 0 0
vt 0 0
vt 0 0
vt 0 0
vt 0 0
vt 0 0
vt 0 0
vt 0 0
vt 0 0
vt 0 0
vt 0 0
vt 0 0
vt 0 0
vt 0 0
vt 0 0
vt 0 0
vt 0 0
vt 0 0
vt 0 0
vt 0 0
vt 0 0
vt 0 0
vt 0 0
vt 0 0
vt 0 0
vt 0 0
vt 0 0
vt 0 0
vt 0 0
vt 0 0
vt 0 0
vt 0 0
vt 0 0
vt 0 0
vt 0 0
vt 0 0
vt 0 0
vt 0 0
vt 0 0
vt 0 0
vt 0 0
vt 0 0
vt 0 0
vt 0 0
vt 0 0
vt 0 0
vt 0 0
vt 0 0
vt 0 0
vt 0 0
vt 0 0
vt 0 0
vt 0 0
vt 0 0
vt 0 0
vt 0 0
vt 0 0
vt 0 0
vt 0 0
vt 0 0
vt 0 0
vt 0 0
vt 0 0
vt 0 0
vt 0 0
vt 0 0
vt 0 0
vt 0 0
vt 0 0
vt 0 0
vt 0 0
vt 0 0
vt 0 0
vt 0 0
vt 0 0
vt 0 0
vt 0 0
vt 0 0
vt 0 0
vt 0 0
vt 0 0
vt 0 0
vt 0 0
vt 0 0
vt 0 0
vt 0 0
vt 0 0
vt 0 0
vt 0 0
vt 0 0
vt 0 0
vt 0 0
vt 0 0
vt 0 0
vt 0 0
vt 0 0
vt 0 0
vt 0 0
vt 0 0
vt 0 0
vt 0 0
vt 0 0
vt 0 0
vt 0 0
vt 0 0
vt 0 0
vt 0 0
vt 0 0
vt 0 0
vt 0 0
vt 0 0
vt 0 0
vt 0 0
vt 0 0
vt 0 0
vt 0 0
vt 0 0
vt 0 0
vt 0 0
vt 0 0
vt 0 0
vt 0 0
vt 0 0
vt 0 0
vt 0 0
vt 0 0
vt 0 0
vt 0 0
vt 0 0
vt 0 0
vt 0 0
vt 0 0
vt 0 0
vt 0 0
vt 0 0
vt 0 0
vt 0 0
vt 0 0
vt 0 0
vt 0 0
vt 0 0
vt 0 0
vt 0 0
vt 0 0
vt 0 0
vt 0 0
vt 0 0
vt 0 0
vt 0 0
vt 0 0
vt 0 0
vt 0 0
vt 0 0
vt 0 0
vt 0 0
vt 0 0
vt 0 0
vt 0 0
vt 0 0
vt 0 0
vt 0 0
vt 0 0
vt 0 0
vt 0 0
vt 0 0
vt 0 0
vt 0 0
vt 0 0
vt 0 0
vt 0 0
vt 0 0
vt 0 0
vt 0 0
vt 0 0
vt 0 0
vt 0 0
vt 0 0
vt 0 0
vt 0 0
vt 0 0
vt 0 0
vt 0 0
vt 0 0
vt 0 0
vt 0 0
vt 0 0
vt 0 0
vt 0 0
vt 0 0
vt 0 0
vt 0 0
vt 0 0
vt 0 0
vt 0 0
vt 0 0
vt 0 0
vt 0 0
vt 0 0
vt 0 0
vt 0 0
vt 0 0
vt 0 0
vt 0 0
vt 0 0
vt 0 0
vt 0 0
vt 0 0
vt 0 0
vt 0 0
vt 0 0
vt 0 0
vt 0 0
vt 0 0
vt 0 0
vt 0 0
vt 0 0
vt 0 0
vt 0 0
vt 0 0
vt 0 0
vt 0 0
vt 0 0
vt 0 0
vt 0 0
vt 0 0
vt 0 0
vt 0 0
vt 0 0
vt 0 0
vt 0 0
vt 0 0
vt 0 0
vt 0 0
vt 0 0
vt 0 0
vt 0 0
vt 0 0
vt 0 0
vt 0 0
vt 0 0
vt 0 0
vt 0 0
vt 0 0
vt 0 0
vt 0 0
vt 0 0
vt 0 0
vt 0 0
vt 0 0
vt 0 0
vt 0 0
vt 0 0
vt 0 0
vt 0 0
vt 0 0
vt 0 0
vt 0 0
vt 0 0
vt 0 0
vt 0 0
vt 0 0
vt 0 0
vt 0 0
vt 0 0
vt 0 0
vt 0 0
vt 0 0
vt 0 0
vt 0 0
vt 0 0
vt 0 0
vt 0 0
vt 0 0
vt 0 0
vt 0 0
vt 0 0
vt 0 0
vt 0 0
vt 0 0
vt 0 0
vt 0 0
vt 0 0
vt 0 0
vt 0 0
vt 0 0
vt 0 0
vt 0 0
vt 0 0
vt 0 0
vt 0 0
vt 0 0
vt 0 0
vt 0 0
vt 0 0
vt 0 0
vt 0 0
vt 0 0
vt 0 0
vt 0 0
vt 0 0
vt 0 0
vt 0 0
vt 0 0
vt 0 0
vt 0 0
vt 0 0
vt 0 0
vt 0 0
vt 0 0
vt 0 0
vt 0 0
vt 0 0
vt 0 0
vt 0 0
vt 0 0
vt 0 0
vt 0 0
vt 0 0
vt 0 0
vt 0 0
vt 0 0
vt 0 0
vt 0 0
vt 0 0
vt 0 0
vt 0 0
vt 0 0
vt 0 0
vt 0 0
vt 0 0
vt 0 0
vt 0 0
vt 0 0
vt 0 0
vt 0 0
vt 0 0
vt 0 0
vt 0 0
vt 0 0
vt 0 0
vt 0 0
vt 0 0
vt 0 0
vt 0 0
vt 0 0
vt 0 0
vt 0 0
vt 0 0
vt 0 0
vt 0 0
vt 0 0
vt 0 0
vt 0 0
vt 0 0
vt 0 0
vt 0 0
vt 0 0
vt 0 0
vt 0 0
vt 0 0
vt 0 0
vt 0 0
vt 0 0
vt 0 0
vt 0 0
vt 0 0
vt 0 0
vt 0 0
vt 0 0
vt 0 0
vt 0 0
vt 0 0
vt 0 0
vt 0 0
vt 0 0
vt 0 0
vt 0 0
vt 0 0
vt 0 0
vt 0 0
vt 0 0
vt 0 0
vt 0 0
vt 0 0
vt 0 0
vt 0 0
vt 0 0
vt 0 0
vt 0 0
vt 0 0
vt 0 0
vt 0 0
vt 0 0
vt 0 0
vt 0 0
vt 0 0
vt 0 0
vt 0 0
vt 0 0
vt 0 0
vt 0 0
vt 0 0
vt 0 0
vt 0 0
vt 0 0
vt 0 0
vt 0 0
vt 0 0
vt 0 0
vt 0 0
vt 0 0
vt 0 0
vt 0 0
vt 0 0
vt 0 0
vt 0 0
vt 0 0
vt 0 0
vt 0 0
vt 0 0
vt 0 0
vt 0 0
vt 0 0
vt 0 0
vt 0 0
vt 0 0
vt 0 0
vt 0 0
vt 0 0
vt 0 0
vt 0 0
vt 0 0
vt 0 0
vt 0 0
vt 0 0
vt 0 0
vt 0 0
vt 0 0
vt 0 0
vt 0 0
vt 0 0
vt 0 0
vt 0 0
vt 0 0
vt 0 0
vt 0 0
vt 0 0
vt 0 0
vt 0 0
vt 0 0
vt 0 0
vt 0 0
vt 0 0
vt 0 0
vt 0 0
vt 0 0
vt 0 0
vt 0 0
vt 0 0
vt 0 0
vt 0 0
vt 0 0
vt 0 0
vt 0 0
vt 0 0
vt 0 0
vt 0 0
vt 0 0
vt 0 0
vt 0 0
vt 0 0
vt 0 0
vt 0 0
vt 0 0
vt 0 0
vt 0 0
vt 0 0
vt 0 0
vt 0 0
vt 0 0
vt 0 0
vt 0 0
vt 0 0
vt 0 0
vt 0 0
vt 0 0
vt 0 0
vt 0 0
vt 0 0
vt 0 0
vt 0 0
vt 0 0
vt 0 0
vt 0 0
vt 0 0
vt 0 0
vt 0 0
vt 0 0
vt 0 0
vt 0 0
vt 0 0
vt 0 0
vt 0 0
vt 0 0
vt 0 0
vt 0 0
vt 0 0
vt 0 0
vt 0 0
vt 0 0
vt 0 0
vt 0 0
vt 0 0
vt 0 0
vt 0 0
vt 0 0
vt 0 0
vt 0 0
vt 0 0
vt 0 0
vt 0 0
vt 0 0
vt 0 0
vt 0 0
vt 0 0
vt 0 0
vt 0 0
vt 0 0
vt 0 0
vt 0 0
vt 0 0
vt 0 0
vt 0 0
vt 0 0
vt 0 0
vt 0 0
vt 0 0
vt 0 0
vt 0 0
vt 0 0
vt 0 0
vt 0 0
vt 0 0
vt 0 0
vt 0 0
vt 0 0
vt 0 0
vt 0 0
vt 0 0
vt 0 0
vt 0 0
vt 0 0
vt 0 0
vt 0 0
vt 0 0
vt 0 0
vt 0 0
vt 0 0
vt 0 0
vt 0 0
vt 0 0
vt 0 0
vt 0 0
vt 0 0
vt 0 0
vt 0 0
vt 0 0
vt 0 0
vt 0 0
vt 0 0
vt 0 0
vt 0 0
vt 0 0
vt 0 0
vt 0 0
vt 0 0
vt 0 0
vt 0 0
vt 0 0
vt 0 0
vt 0 0
vt 0 0
vt 0 0
vt 0 0
vt 0 0
vt 0 0
vt 0 0
vt 0 0
vt 0 0
vt 0 0
vt 0 0
vt 0 0
vt 0 0
vt 0 0
vt 0 0
vt 0 0
vt 0 0
vt 0 0
vt 0 0
vt 0 0
vt 0 0
vt 0 0
vt 0 0
vt 0 0
vt 0 0
vt 0 0
vt 0 0
vt 0 0
vt 0 0
vt 0 0
vt 0 0
vt 0 0
vt 0 0
vt 0 0
vt 0 0
vt 0 0
vt 0 0
vt 0 0
vt 0 0
vt 0 0
vt 0 0
vt 0 0
vt 0 0
vt 0 0
vt 0 0
vt 0 0
vt 0 0
vt 0 0
vt 0 0
vt 0 0
vt 0 0
vt 0 0
vt 0 0
vt 0 0
vt 0 0
vt 0 0
vt 0 0
vt 0 0
vt 0 0
vt 0 0
vt 0 0
vt 0 0
vt 0 0
vt 0 0
vt 0 0
vt 0 0
vt 0 0
vt 0 0
vt 0 0
vt 0 0
vt 0 0
vt 0 0
vt 0 0
vt 0 0
vt 0 0
vt 0 0
vt 0 0
vt 0 0
vt 0 0
vt 0 0
vt 0 0
vt 0 0
vt 0 0
vt 0 0
vt 0 0
vt 0 0
vt 0 0
vt 0 0
vt 0 0
vt 0 0
vt 0 0
vt 0 0
vt 0 0
vt 0 0
vt 0 0
vt 0 0
vt 0 0
vt 0 0
vt 0 0
vt 0 0
vt 0 0
vt 0 0
vt 0 0
vt 0 0
vt 0 0
vt 0 0
vt 0 0
vt 0 0
vt 0 0
vt 0 0
vt 0 0
vt 0 0
vt 0 0
vt 0 0
vt 0 0
vt 0 0
vt 0 0
vt 0 0
vt 0 0
vt 0 0
vt 0 0
vt 0 0
vt 0 0
vt 0 0
vt 0 0
vt 0 0
vt 0 0
vt 0 0
vt 0 0
vt 0 0
vt 0 0
vt 0 0
vt 0 0
vt 0 0
vt 0 0
vt 0 0
vt 0 0
vt 0 0
vt 0 0
vt 0 0
vt 0 0
vt 0 0
vt 0 0
vt 0 0
vt 0 0
vt 0 0
vt 0 0
vt 0 0
vt 0 0
vt 0 0
vt 0 0
vt 0 0
vt 0 0
vt 0 0
vt 0 0
vt 0 0
vt 0 0
vt 0 0
vt 0 0
vt 0 0
vt 0 0
vt 0 0
vt 0 0
vt 0 0
vt 0 0
vt 0 0
vt 0 0
vt 0 0
vt 0 0
vt 0 0
vt 0 0
vt 0 0
vt 0 0
vt 0 0
vt 0 0
vt 0 0
vt 0 0
vt 0 0
vt 0 0
vt 0 0
vt 0 0
vt 0 0
vt 0 0
vt 0 0
vt 0 0
vt 0 0
vt 0 0
vt 0 0
vt 0 0
vt 0 0
vt 0 0
vt 0 0
vt 0 0
vt 0 0
vt 0 0
vt 0 0
vt 0 0
vt 0 0
vt 0 0
vt 0 0
vt 0 0
vt 0 0
vt 0 0
vt 0 0
vt 0 0
vt 0 0
vt 0 0
vt 0 0
vt 0 0
vt 0 0
vt 0 0
vt 0 0
vt 0 0
vt 0 0
vt 0 0
vt 0 0
vt 0 0
vt 0 0
vt 0 0
vt 0 0
vt 0 0
vt 0 0
vt 0 0
vt 0 0
vt 0 0
vt 0 0
vt 0 0
vt 0 0
vt 0 0
vt 0 0
vt 0 0
vt 0 0
vt 0 0
vt 0 0
vt 0 0
vt 0 0
vt 0 0
vt 0 0
vt 0 0
vt 0 0
vt 0 0
vt 0 0
vt 0 0
vt 0 0
vt 0 0
vt 0 0
vt 0 0
vt 0 0
vt 0 0
vt 0 0
vt 0 0
vt 0 0
vt 0 0
vt 0 0
vt 0 0
vt 0 0
vt 0 0
vt 0 0
vt 0 0
vt 0 0
vt 0 0
vt 0 0
vt 0 0
vt 0 0
vt 0 0
vt 0 0
vt 0 0
vt 0 0
vt 0 0
vt 0 0
vt 0 0
vt 0 0
vt 0 0
vt 0 0
vt 0 0
vt 0 0
vt 0 0
vt 0 0
vt 0 0
vt 0 0
vt 0 0
vt 0 0
vt 0 0
vt 0 0
vt 0 0
vt 0 0
vt 0 0
vt 0 0
vt 0 0
vt 0 0
vt 0 0
vt 0 0
vt 0 0
vt 0 0
vt 0 0
vt 0 0
vt 0 0
vt 0 0
vt 0 0
vt 0 0
vt 0 0
vt 0 0
vt 0 0
vt 0 0
vt 0 0
vt 0 0
vt 0 0
vt 0 0
vt 0 0
vt 0 0
vt 0 0
vt 0 0
vt 0 0
vt 0 0
vt 0 0
vt 0 0
vt 0 0
vt 0 0
vt 0 0
vt 0 0
vt 0 0
vt 0 0
vt 0 0
vt 0 0
vt 0 0
vt 0 0
vt 0 0
vt 0 0
vt 0 0
vt 0 0
vt 0 0
vt 0 0
vt 0 0
vt 0 0
vt 0 0
vt 0 0
vt 0 0
vt 0 0
vt 0 0
vt 0 0
vt 0 0
vt 0 0
vt 0 0
vt 0 0
vt 0 0
vt 0 0
vt 0 0
vt 0 0
vt 0 0
vt 0 0
vt 0 0
vt 0 0
vt 0 0
vt 0 0
vt 0 0
vt 0 0
vt 0 0
vt 0 0
vt 0 0
vt 0 0
vt 0 0
vt 0 0
vt 0 0
vt 0 0
vt 0 0
vt 0 0
vt 0 0
vt 0 0
vt 0 0
vt 0 0
vt 0 0
vt 0 0
vt 0 0
vt 0 0
vt 0 0
vt 0 0
vt 0 0
vt 0 0
vt 0 0
vt 0 0
vt 0 0
vt 0 0
vt 0 0
vt 0 0
vt 0 0
vt 0 0
vt 0 0
vt 0 0
vt 0 0
vt 0 0
vt 0 0
vt 0 0
vt 0 0
vt 0 0
vt 0 0
vt 0 0
vt 0 0
vt 0 0
vt 0 0
vt 0 0
vt 0 0
vt 0 0
vt 0 0
vt 0 0
vt 0 0
vt 0 0
vt 0 0
vt 0 0
vt 0 0
vt 0 0
vt 0 0
vt 0 0
vt 0 0
vt 0 0
vt 0 0
vt 0 0
vt 0 0
vt 0 0
vt 0 0
vt 0 0
vt 0 0
vt 0 0
vt 0 0
vt 0 0
vt 0 0
vt 0 0
vt 0 0
vt 0 0
vt 0 0
vt 0 0
vt 0 0
vt 0 0
vt 0 0
vt 0 0
vt 0 0
vt 0 0
vt 0 0
vt 0 0
vt 0 0
vt 0 0
vt 0 0
vt 0 0
vt 0 0
vt 0 0
vt 0 0
vt 0 0
vt 0 0
vt 0 0
vt 0 0
vt 0 0
vt 0 0
vt 0 0
vt 0 0
vt 0 0
vt 0 0
vt 0 0
vt 0 0
vt 0 0
vt 0 0
vt 0 0
vt 0 0
vt 0 0
vt 0 0
vt 0 0
vt 0 0
vt 0 0
vt 0 0
vt 0 0
vt 0 0
vt 0 0
vt 0 0
vt 0 0
vt 0 0
vt 0 0
vt 0 0
vt 0 0
vt 0 0
vt 0 0
vt 0 0
vt 0 0
vt 0 0
vt 0 0
vt 0 0
vt 0 0
vt 0 0
vt 0 0
vt 0 0
vt 0 0
vt 0 0
vt 0 0
vt 0 0
vt 0 0
vt 0 0
vt 0 0
vt 0 0
vt 0 0
vt 0 0
vt 0 0
vt 0 0
vt 0 0
vt 0 0
vt 0 0
vt 0 0
vt 0 0
vt 0 0
vt 0 0
vt 0 0
vt 0 0
vt 0 0
vt 0 0
vt 0 0
vt 0 0
vt 0 0
vt 0 0
vt 0 0
vt 0 0
vt 0 0
vt 0 0
vt 0 0
vt 0 0
vt 0 0
vt 0 0
vt 0 0
vt 0 0
vt 0 0
vt 0 0
vt 0 0
vt 0 0
vt 0 0
vt 0 0
vt 0 0
vt 0 0
vt 0 0
vt 0 0
vt 0 0
vt 0 0
vt 0 0
vt 0 0
vt 0 0
vt 0 0
vt 0 0
vt 0 0
vt 0 0
vt 0 0
vt 0 0
vt 0 0
vt 0 0
vt 0 0
vt 0 0
vt 0 0
vt 0 0
vt 0 0
vt 0 0
vt 0 0
vt 0 0
vt 0 0
vt 0 0
vt 0 0
vt 0 0
vt 0 0
vt 0 0
vt 0 0
vt 0 0
vt 0 0
vt 0 0
vt 0 0
vt 0 0
vt 0 0
vt 0 0
vt 0 0
vt 0 0
vt 0 0
vt 0 0
vt 0 0
vt 0 0
vt 0 0
vt 0 0
vt 0 0
vt 0 0
vt 0 0
vt 0 0
vt 0 0
vt 0 0
vt 0 0
vt 0 0
vt 0 0
vt 0 0
vt 0 0
vt 0 0
vt 0 0
vt 0 0
vt 0 0
vt 0 0
vt 0 0
vt 0 0
vt 0 0
vt 0 0
vt 0 0
vt 0 0
vt 0 0
vt 0 0
vt 0 0
vt 0 0
vt 0 0
vt 0 0
vt 0 0
vt 0 0
vt 0 0
vt 0 0
vt 0 0
vt 0 0
vt 0 0
vt 0 0
vt 0 0
vt 0 0
vt 0 0
vt 0 0
vt 0 0
vt 0 0
vt 0 0
vt 0 0
vt 0 0
vt 0 0
vt 0 0
vt 0 0
vt 0 0
vt 0 0
vt 0 0
vt 0 0
vt 0 0
vt 0 0
vt 0 0
vt 0 0
vt 0 0
vt 0 0
vt 0 0
vt 0 0
vt 0 0
vt 0 0
vt 0 0
vt 0 0
vt 0 0
vt 0 0
vt 0 0
vt 0 0
vt 0 0
vt 0 0
vt 0 0
vt 0 0
vt 0 0
vt 0 0
vt 0 0
vt 0 0
vt 0 0
vt 0 0
vt 0 0
vt 0 0
vt 0 0
vt 0 0
vt 0 0
vt 0 0
vt 0 0
vt 0 0
vt 0 0
vt 0 0
vt 0 0
vt 0 0
vt 0 0
vt 0 0
vt 0 0
vt 0 0
vt 0 0
vt 0 0
vt 0 0
vt 0 0
vt 0 0
vt 0 0
vt 0 0
vt 0 0
vt 0 0
vt 0 0
vt 0 0
vt 0 0
vt 0 0
vt 0 0
vt 0 0
vt 0 0
vt 0 0
vt 0 0
vt 0 0
vt 0 0
vt 0 0
vt 0 0
vt 0 0
vt 0 0
vt 0 0
vt 0 0
vt 0 0
vt 0 0
vt 0 0
vt 0 0
vt 0 0
vt 0 0
vt 0 0
vt 0 0
vt 0 0
vt 0 0
vt 0 0
vt 0 0
vt 0 0
vt 0 0
vt 0 0
vt 0 0
vt 0 0
vt 0 0
vt 0 0
vt 0 0
vt 0 0
vt 0 0
vt 0 0
vt 0 0
vt 0 0
vt 0 0
vt 0 0
vt 0 0
vt 0 0
vt 0 0
vt 0 0
vt 0 0
vt 0 0
vt 0 0
vt 0 0
vt 0 0
vt 0 0
vt 0 0
vt 0 0
vt 0 0
vt 0 0
vt 0 0
vt 0 0
vt 0 0
vt 0 0
vt 0 0
vt 0 0
vt 0 0
vt 0 0
vt 0 0
vt 0 0
vt 0 0
vt 0 0
vt 0 0
vt 0 0
vt 0 0
vt 0 0
vt 0 0
vt 0 0
vt 0 0
vt 0 0
vt 0 0
vt 0 0
vt 0 0
vt 0 0
vt 0 0
vt 0 0
vt 0 0
vt 0 0
vt 0 0
vt 0 0
vt 0 0
vt 0 0
vt 0 0
vt 0 0
vt 0 0
vt 0 0
vt 0 0
vt 0 0
vt 0 0
vt 0 0
vt 0 0
vt 0 0
vt 0 0
vt 0 0
vt 0 0
vt 0 0
vt 0 0
vt 0 0
vt 0 0
vt 0 0
vt 0 0
vt 0 0
vt 0 0
vt 0 0
vt 0 0
vt 0 0
vt 0 0
vt 0 0
vt 0 0
vt 0 0
vt 0 0
vt 0 0
vt 0 0
vt 0 0
vt 0 0
vt 0 0
vt 0 0
vt 0 0
vt 0 0
vt 0 0
vt 0 0
vt 0 0
vt 0 0
vt 0 0
vt 0 0
vt 0 0
vt 0 0
vt 0 0
vt 0 0
vt 0 0
vt 0 0
vt 0 0
vt 0 0
vt 0 0
vt 0 0
vt 0 0
vt 0 0
vt 0 0
vt 0 0
vt 0 0
vt 0 0
vt 0 0
vt 0 0
vt 0 0
vt 0 0
vt 0 0
vt 0 0
vt 0 0
vt 0 0
vt 0 0
vt 0 0
vt 0 0
vt 0 0
vt 0 0
vt 0 0
vt 0 0
vt 0 0
vt 0 0
vt 0 0
vt 0 0
vt 0 0
vt 0 0
vt 0 0
vt 0 0
vt 0 0
vt 0 0
vt 0 0
vt 0 0
vt 0 0
vt 0 0
vt 0 0
vt 0 0
vt 0 0
vt 0 0
vt 0 0
vt 0 0
vt 0 0
vt 0 0
vt 0 0
vt 0 0
vt 0 0
vt 0 0
vt 0 0
vt 0 0
vt 0 0
vt 0 0
vt 0 0
vt 0 0
vt 0 0
vt 0 0
vt 0 0
vt 0 0
vt 0 0
vt 0 0
vt 0 0
vt 0 0
vt 0 0
vt 0 0
vt 0 0
vt 0 0
vt 0 0
vt 0 0
vt 0 0
vt 0 0
vt 0 0
vt 0 0
vt 0 0
vt 0 0
vt 0 0
vt 0 0
vt 0 0
vt 0 0
vt 0 0
vt 0 0
vt 0 0
vt 0 0
vt 0 0
vt 0 0
vt 0 0
vt 0 0
vt 0 0
vt 0 0
vt 0 0
vt 0 0
vt 0 0
vt 0 0
vt 0 0
vt 0 0
vt 0 0
vt 0 0
vt 0 0
vt 0 0
vt 0 0
vt 0 0
vt 0 0
vt 0 0
vt 0 0
vt 0 0
vt 0 0
vt 0 0
vt 0 0
vt 0 0
vt 0 0
vt 0 0
vt 0 0
vt 0 0
vt 0 0
vt 0 0
vt 0 0
vt 0 0
vt 0 0
vt 0 0
vt 0 0
vt 0 0
vt 0 0
vt 0 0
vt 0 0
vt 0 0
vt 0 0
vt 0 0
vt 0 0
vt 0 0
vt 0 0
vt 0 0
vt 0 0
vt 0 0
vt 0 0
vt 0 0
vt 0 0
vt 0 0
vt 0 0
vt 0 0
vt 0 0
vt 0 0
vt 0 0
vt 0 0
vt 0 0
vt 0 0
vt 0 0
vt 0 0
vt 0 0
vt 0 0
vt 0 0
vt 0 0
vt 0 0
vt 0 0
vt 0 0
vt 0 0
vt 0 0
vt 0 0
vt 0 0
vt 0 0
vt 0 0
vt 0 0
vt 0 0
vt 0 0
vt 0 0
vt 0 0
vt 0 0
vt 0 0
vt 0 0
vt 0 0
vt 0 0
vt 0 0
vt 0 0
vt 0 0
vt 0 0
vt 0 0
vt 0 0
vt 0 0
vt 0 0
vt 0 0
vt 0 0
vt 0 0
vt 0 0
vt 0 0
vt 0 0
vt 0 0
vt 0 0
vt 0 0
vt 0 0
vt 0 0
vt 0 0
vt 0 0
vt 0 0
vt 0 0
vt 0 0
vt 0 0
vt 0 0
vt 0 0
vt 0 0
vt 0 0
vt 0 0
vt 0 0
vt 0 0
vt 0 0
vt 0 0
vt 0 0
vt 0 0
vt 0 0
vt 0 0
vt 0 0
vt 0 0
vt 0 0
vt 0 0
vt 0 0
vt 0 0
vt 0 0
vt 0 0
vt 0 0
vt 0 0
vt 0 0
vt 0 0
vt 0 0
vt 0 0
vt 0 0
vt 0 0
vt 0 0
vt 0 0
vt 0 0
vt 0 0
vt 0 0
vt 0 0
vt 0 0
vt 0 0
vt 0 0
vt 0 0
vt 0 0
vt 0 0
vt 0 0
vt 0 0
vt 0 0
vt 0 0
vt 0 0
vt 0 0
vt 0 0
vt 0 0
vt 0 0
vt 0 0
vt 0 0
vt 0 0
vt 0 0
vt 0 0
vt 0 0
vt 0 0
vt 0 0
vt 0 0
vt 0 0
vt 0 0
vt 0 0
vt 0 0
vt 0 0
vt 0 0
vt 0 0
vt 0 0
vt 0 0
vt 0 0
vt 0 0
vt 0 0
vt 0 0
vt 0 0
vt 0 0
vt 0 0
vt 0 0
vt 0 0
vt 0 0
vt 0 0
vt 0 0
vt 0 0
vt 0 0
vt 0 0
vt 0 0
vt 0 0
vt 0 0
vt 0 0
vt 0 0
vt 0 0
vt 0 0
vt 0 0
vt 0 0
vt 0 0
vt 0 0
vt 0 0
vt 0 0
vt 0 0
vt 0 0
vt 0 0
vt 0 0
vt 0 0
vt 0 0
vt 0 0
vt 0 0
vt 0 0
vt 0 0
vt 0 0
vt 0 0
vt 0 0
vt 0 0
vt 0 0
vt 0 0
vt 0 0
vt 0 0
vt 0 0
vt 0 0
vt 0 0
vt 0 0
vt 0 0
vt 0 0
vt 0 0
vt 0 0
vt 0 0
vt 0 0
vt 0 0
vt 0 0
vt 0 0
vt 0 0
vt 0 0
vt 0 0
vt 0 0
vt 0 0
vt 0 0
vt 0 0
vt 0 0
vt 0 0
vt 0 0
vt 0 0
vt 0 0
vt 0 0
vt 0 0
vt 0 0
vt 0 0
vt 0 0
vt 0 0
vt 0 0
vt 0 0
vt 0 0
vt 0 0
vt 0 0
vt 0 0
vt 0 0
vt 0 0
vt 0 0
vt 0 0
vt 0 0
vt 0 0
vt 0 0
vt 0 0
vt 0 0
vt 0 0
vt 0 0
vt 0 0
vt 0 0
vt 0 0
vt 0 0
vt 0 0
vt 0 0
vt 0 0
vt 0 0
vt 0 0
vt 0 0
vt 0 0
vt 0 0
vt 0 0
vt 0 0
vt 0 0
vt 0 0
vt 0 0
vt 0 0
vt 0 0
vt 0 0
vt 0 0
vt 0 0
vt 0 0
vt 0 0
vt 0 0
vt 0 0
vt 0 0
vt 0 0
vt 0 0
vt 0 0
vt 0 0
vt 0 0
vt 0 0
vt 0 0
vt 0 0
vt 0 0
vt 0 0
vt 0 0
vt 0 0
vt 0 0
vt 0 0
vt 0 0
vt 0 0
vt 0 0
vt 0 0
vt 0 0
vt 0 0
vt 0 0
vt 0 0
vt 0 0
vt 0 0
vt 0 0
vt 0 0
vt 0 0
vt 0 0
vt 0 0
vt 0 0
vt 0 0
vt 0 0
vt 0 0
vt 0 0
vt 0 0
vt 0 0
vt 0 0
vt 0 0
vt 0 0
vt 0 0
vt 0 0
vt 0 0
vt 0 0
vt 0 0
vt 0 0
vt 0 0
vt 0 0
vt 0 0
vt 0 0
vt 0 0
vt 0 0
vt 0 0
vt 0 0
vt 0 0
vt 0 0
vt 0 0
vt 0 0
vt 0 0
vt 0 0
vt 0 0
vt 0 0
vt 0 0
vt 0 0
vt 0 0
vt 0 0
vt 0 0
vt 0 0
vt 0 0
vt 0 0
vt 0 0
vt 0 0
vt 0 0
vt 0 0
vt 0 0
vt 0 0
vt 0 0
vt 0 0
vt 0 0
vt 0 0
vt 0 0
vt 0 0
vt 0 0
vt 0 0
vt 0 0
vt 0 0
vt 0 0
vt 0 0
vt 0 0
vt 0 0
vt 0 0
vt 0 0
vt 0 0
vt 0 0
vt 0 0
vt 0 0
vt 0 0
vt 0 0
vt 0 0
vt 0 0
vt 0 0
vt 0 0
vt 0 0
vt 0 0
vt 0 0
vt 0 0
vt 0 0
vt 0 0
vt 0 0
vt 0 0
vt 0 0
vt 0 0
vt 0 0
vt 0 0
vt 0 0
vt 0 0
vt 0 0
vt 0 0
vt 0 0
vt 0 0
vt 0 0
vt 0 0
vt 0 0
vt 0 0
vt 0 0
vt 0 0
vt 0 0
vt 0 0
vt 0 0
vt 0 0
vt 0 0
vt 0 0
vt 0 0
vt 0 0
vt 0 0
vt 0 0
vt 0 0
vt 0 0
vt 0 0
vt 0 0
vt 0 0
vt 0 0
vt 0 0
vt 0 0
vt 0 0
vt 0 0
vt 0 0
vt 0 0
vt 0 0
vt 0 0
vt 0 0
vt 0 0
vt 0 0
vt 0 0
vt 0 0
vt 0 0
vt 0 0
vt 0 0
vt 0 0
vt 0 0
vt 0 0
vt 0 0
vt 0 0
vt 0 0
vt 0 0
vt 0 0
vt 0 0
vt 0 0
vt 0 0
vt 0 0
vt 0 0
vt 0 0
vt 0 0
vt 0 0
vt 0 0
vt 0 0
vt 0 0
vt 0 0
vt 0 0
vt 0 0
vt 0 0
vt 0 0
vt 0 0
vt 0 0
vt 0 0
vt 0 0
vt 0 0
vt 0 0
vt 0 0
vt 0 0
vt 0 0
vt 0 0
vt 0 0
vt 0 0
vt 0 0
vt 0 0
vt 0 0
vt 0 0
vt 0 0
vt 0 0
vt 0 0
vt 0 0
vt 0 0
vt 0 0
vt 0 0
vt 0 0
vt 0 0
vt 0 0
vt 0 0
vt 0 0
vt 0 0
vt 0 0
vt 0 0
vt 0 0
vt 0 0
vt 0 0
vt 0 0
vt 0 0
vt 0 0
vt 0 0
vt 0 0
vt 0 0
vt 0 0
vt 0 0
vt 0 0
vt 0 0
vt 0 0
vt 0 0
vt 0 0
vt 0 0
vt 0 0
vt 0 0
vt 0 0
vt 0 0
vt 0 0
vt 0 0
vt 0 0
vt 0 0
vt 0 0
vt 0 0
vt 0 0
vt 0 0
vt 0 0
vt 0 0
vt 0 0
vt 0 0
vt 0 0
vt 0 0
vt 0 0
vt 0 0
vt 0 0
vt 0 0
vt 0 0
vt 0 0
vt 0 0
vt 0 0
vt 0 0
vt 0 0
vt 0 0
vt 0 0
vt 0 0
vt 0 0
vt 0 0
vt 0 0
vt 0 0
vt 0 0
vt 0 0
vt 0 0
vt 0 0
vt 0 0
vt 0 0
vt 0 0
vt 0 0
vt 0 0
vt 0 0
vt 0 0
vt 0 0
vt 0 0
vt 0 0
vt 0 0
vt 0 0
vt 0 0
vt 0 0
vt 0 0
vt 0 0
vt 0 0
vt 0 0
vt 0 0
vt 0 0
vt 0 0
vt 0 0
vt 0 0
vt 0 0
vt 0 0
vt 0 0
vt 0 0
vt 0 0
vt 0 0
vt 0 0
vt 0 0
vt 0 0
vt 0 0
vt 0 0
vt 0 0
vt 0 0
vt 0 0
vt 0 0
vt 0 0
vt 0 0
vt 0 0
vt 0 0
vt 0 0
vt 0 0
vt 0 0
vt 0 0
vt 0 0
vt 0 0
vt 0 0
vt 0 0
vt 0 0
vt 0 0
vt 0 0
vt 0 0
vt 0 0
vt 0 0
vt 0 0
vt 0 0
vt 0 0
vt 0 0
vt 0 0
vt 0 0
vt 0 0
vt 0 0
vt 0 0
vt 0 0
vt 0 0
vt 0 0
vt 0 0
vt 0 0
vt 0 0
vt 0 0
vt 0 0
vt 0 0
vt 0 0
vt 0 0
vt 0 0
vt 0 0
vt 0 0
vt 0 0
vt 0 0
vt 0 0
vt 0 0
vt 0 0
vt 0 0
vt 0 0
vt 0 0
vt 0 0
vt 0 0
vt 0 0
vt 0 0
vt 0 0
vt 0 0
vt 0 0
vt 0 0
vt 0 0
vt 0 0
vt 0 0
vt 0 0
vt 0 0
vt 0 0
vt 0 0
vt 0 0
vt 0 0
vt 0 0
vt 0 0
vt 0 0
vt 0 0
vt 0 0
vt 0 0
vt 0 0
vt 0 0
vt 0 0
vt 0 0
vt 0 0
vt 0 0
vt 0 0
vt 0 0
vt 0 0
vt 0 0
vt 0 0
vt 0 0
vt 0 0
vt 0 0
vt 0 0
vt 0 0
vt 0 0
vt 0 0
vt 0 0
vt 0 0
vt 0 0
vt 0 0
vt 0 0
vt 0 0
vt 0 0
vt 0 0
vt 0 0
vt 0 0
vt 0 0
vt 0 0
vt 0 0
vt 0 0
vt 0 0
vt 0 0
vt 0 0
vt 0 0
vt 0 0
vt 0 0
vt 0 0
vt 0 0
vt 0 0
vt 0 0
vt 0 0
vt 0 0
vt 0 0
vt 0 0
vt 0 0
vt 0 0
vt 0 0
vt 0 0
vt 0 0
vt 0 0
vt 0 0
vt 0 0
vt 0 0
vt 0 0
vt 0 0
vt 0 0
vt 0 0
vt 0 0
vt 0 0
vt 0 0
vt 0 0
vt 0 0
vt 0 0
vt 0 0
vt 0 0
vt 0 0
vt 0 0
vt 0 0
vt 0 0
vt 0 0
vt 0 0
vt 0 0
vt 0 0
vt 0 0
vt 0 0
vt 0 0
vt 0 0
vt 0 0
vt 0 0
vt 0 0
vt 0 0
vt 0 0
vt 0 0
vt 0 0
vt 0 0
vt 0 0
vt 0 0
vt 0 0
vt 0 0
vt 0 0
vt 0 0
vt 0 0
vt 0 0
vt 0 0
vt 0 0
vt 0 0
vt 0 0
vt 0 0
vt 0 0
vt 0 0
vt 0 0
vt 0 0
vt 0 0
vt 0 0
vt 0 0
vt 0 0
vt 0 0
vt 0 0
vt 0 0
vt 0 0
vt 0 0
vt 0 0
vt 0 0
vt 0 0
vt 0 0
vt 0 0
vt 0 0
vt 0 0
vt 0 0
vt 0 0
vt 0 0
vt 0 0
vt 0 0
vt 0 0
vt 0 0
vt 0 0
vt 0 0
vt 0 0
vt 0 0
vt 0 0
vt 0 0
vt 0 0
vt 0 0
vt 0 0
vt 0 0
vt 0 0
vt 0 0
vt 0 0
vt 0 0
vt 0 0
vt 0 0
vt 0 0
vt 0 0
vt 0 0
vt 0 0
vt 0 0
vt 0 0
vt 0 0
vt 0 0
vt 0 0
vt 0 0
vt 0 0
vt 0 0
vt 0 0
vt 0 0
vt 0 0
vt 0 0
vt 0 0
vt 0 0
vt 0 0
vt 0 0
vt 0 0
vt 0 0
vt 0 0
vt 0 0
vt 0 0
vt 0 0
vt 0 0
vt 0 0
vt 0 0
vt 0 0
vt 0 0
vt 0 0
vt 0 0
vt 0 0
vt 0 0
vt 0 0
vt 0 0
vt 0 0
vt 0 0
vt 0 0
vt 0 0
vt 0 0
vt 0 0
vt 0 0
vt 0 0
vt 0 0
vt 0 0
vt 0 0
vt 0 0
vt 0 0
vt 0 0
vt 0 0
vt 0 0
vt 0 0
vt 0 0
vt 0 0
vt 0 0
vt 0 0
vt 0 0
vt 0 0
vt 0 0
vt 0 0
vt 0 0
vt 0 0
vt 0 0
vt 0 0
vt 0 0
vt 0 0
vt 0 0
vt 0 0
vt 0 0
vt 0 0
vt 0 0
vt 0 0
vt 0 0
vt 0 0
vt 0 0
vt 0 0
vt 0 0
vt 0 0
vt 0 0
vt 0 0
vt 0 0
vt 0 0
vt 0 0
vt 0 0
vt 0 0
vt 0 0
vt 0 0
vt 0 0
vt 0 0
vt 0 0
vt 0 0
vt 0 0
vt 0 0
vt 0 0
vt 0 0
vt 0 0
vt 0 0
vt 0 0
vt 0 0
vt 0 0
vt 0 0
vt 0 0
vt 0 0
vt 0 0
vt 0 0
vt 0 0
vt 0 0
vt 0 0
vt 0 0
vt 0 0
vt 0 0
vt 0 0
vt 0 0
vt 0 0
vt 0 0
vt 0 0
vt 0 0
vt 0 0
vt 0 0
vt 0 0
vt 0 0
vt 0 0
vt 0 0
vt 0 0
vt 0 0
vt 0 0
vt 0 0
vt 0 0
vt 0 0
vt 0 0
vt 0 0
vt 0 0
vt 0 0
vt 0 0
vt 0 0
vt 0 0
vt 0 0
vt 0 0
vt 0 0
vt 0 0
vt 0 0
vt 0 0
vt 0 0
vt 0 0
vt 0 0
vt 0 0
vt 0 0
vt 0 0
vt 0 0
vt 0 0
vt 0 0
vt 0 0
vt 0 0
vt 0 0
vt 0 0
vt 0 0
vt 0 0
vt 0 0
vt 0 0
vt 0 0
vt 0 0
vt 0 0
vt 0 0
vt 0 0
vt 0 0
vt 0 0
vt 0 0
vt 0 0
vt 0 0
vt 0 0
vt 0 0
vt 0 0
vt 0 0
vt 0 0
vt 0 0
vt 0 0
vt 0 0
vt 0 0
vt 0 0
vt 0 0
vt 0 0
vt 0 0
vt 0 0
vt 0 0
vt 0 0
vt 0 0
vt 0 0
vt 0 0
vt 0 0
vt 0 0
vt 0 0
vt 0 0
vt 0 0
vt 0 0
vt 0 0
vt 0 0
vt 0 0
vt 0 0
vt 0 0
vt 0 0
vt 0 0
vt 0 0
vt 0 0
vt 0 0
vt 0 0
vt 0 0
vt 0 0
vt 0 0
vt 0 0
vt 0 0
vt 0 0
vt 0 0
vt 0 0
vt 0 0
vt 0 0
vt 0 0
vt 0 0
vt 0 0
vt 0 0
vt 0 0
vt 0 0
vt 0 0
vt 0 0
vt 0 0
vt 0 0
vt 0 0
vt 0 0
vt 0 0
vt 0 0
vt 0 0
vt 0 0
vt 0 0
vt 0 0
vt 0 0
vt 0 0
vt 0 0
vt 0 0
vt 0 0
vt 0 0
vt 0 0
vt 0 0
vt 0 0
vt 0 0
vt 0 0
vt 0 0
vt 0 0
vt 0 0
vt 0 0
vt 0 0
vt 0 0
vt 0 0
vt 0 0
vt 0 0
vt 0 0
vt 0 0
vt 0 0
vt 0 0
vt 0 0
vt 0 0
vt 0 0
vt 0 0
vt 0 0
vt 0 0
vt 0 0
vt 0 0
vt 0 0
vt 0 0
vt 0 0
vt 0 0
vt 0 0
vt 0 0
vt 0 0
vt 0 0
vt 0 0
vt 0 0
vt 0 0
vt 0 0
vt 0 0
vt 0 0
vt 0 0
vt 0 0
vt 0 0
vt 0 0
vt 0 0
vt 0 0
vt 0 0
vt 0 0
vt 0 0
vt 0 0
vt 0 0
vt 0 0
vt 0 0
vt 0 0
vt 0 0
vt 0 0
vt 0 0
vt 0 0
vt 0 0
vt 0 0
vt 0 0
vt 0 0
vt 0 0
vt 0 0
vt 0 0
vt 0 0
vt 0 0
vt 0 0
vt 0 0
vt 0 0
vt 0 0
vt 0 0
vt 0 0
vt 0 0
vt 0 0
vt 0 0
vt 0 0
vt 0 0
vt 0 0
vt 0 0
vt 0 0
vt 0 0
vt 0 0
vt 0 0
vt 0 0
vt 0 0
vt 0 0
vt 0 0
vt 0 0
vt 0 0
vt 0 0
vt 0 0
vt 0 0
vt 0 0
vt 0 0
vt 0 0
vt 0 0
vt 0 0
vt 0 0
vt 0 0
vt 0 0
vt 0 0
vt 0 0
vt 0 0
vt 0 0
vt 0 0
vt 0 0
vt 0 0
vt 0 0
vt 0 0
vt 0 0
vt 0 0
vt 0 0
vt 0 0
vt 0 0
vt 0 0
vt 0 0
vt 0 0
vt 0 0
vt 0 0
vt 0 0
vt 0 0
vt 0 0
vt 0 0
vt 0 0
vt 0 0
vt 0 0
vt 0 0
vt 0 0
vt 0 0
vt 0 0
vt 0 0
vt 0 0
vt 0 0
vt 0 0
vt 0 0
vt 0 0
vt 0 0
vt 0 0
vt 0 0
vt 0 0
vt 0 0
vt 0 0
vt 0 0
vt 0 0
vt 0 0
vt 0 0
vt 0 0
vt 0 0
vt 0 0
vt 0 0
vt 0 0
vt 0 0
vt 0 0
vt 0 0
vt 0 0
vt 0 0
vt 0 0
vt 0 0
vt 0 0
vt 0 0
vt 0 0
vt 0 0
vt 0 0
vt 0 0
vt 0 0
vt 0 0
vt 0 0
vt 0 0
vt 0 0
vt 0 0
vt 0 0
vt 0 0
vt 0 0
vt 0 0
vt 0 0
vt 0 0
vt 0 0
vt 0 0
vt 0 0
vt 0 0
vt 0 0
vt 0 0
vt 0 0
vt 0 0
vt 0 0
vt 0 0
vt 0 0
vt 0 0
vt 0 0
vt 0 0
vt 0 0
vt 0 0
vt 0 0
vt 0 0
vt 0 0
vt 0 0
vt 0 0
vt 0 0
vt 0 0
vt 0 0
vt 0 0
vt 0 0
vt 0 0
vt 0 0
vt 0 0
vt 0 0
vt 0 0
vt 0 0
vt 0 0
vt 0 0
vt 0 0
vt 0 0
vt 0 0
vt 0 0
vt 0 0
vt 0 0
vt 0 0
vt 0 0
vt 0 0
vt 0 0
vt 0 0
vt 0 0
vt 0 0
vt 0 0
vt 0 0
vt 0 0
vt 0 0
vt 0 0
vt 0 0
vt 0 0
vt 0 0
vt 0 0
vt 0 0
vt 0 0
vt 0 0
vt 0 0
vt 0 0
vt 0 0
vt 0 0
vt 0 0
vt 0 0
vt 0 0
vt 0 0
vt 0 0
vt 0 0
vt 0 0
vt 0 0
vt 0 0
vt 0 0
vt 0 0
vt 0 0
vt 0 0
vt 0 0
vt 0 0
vt 0 0
vt 0 0
vt 0 0
vt 0 0
vt 0 0
vt 0 0
vt 0 0
vt 0 0
vt 0 0
vt 0 0
vt 0 0
vt 0 0
vt 0 0
vt 0 0
vt 0 0
vt 0 0
vt 0 0
vt 0 0
vt 0 0
vt 0 0
vt 0 0
vt 0 0
vt 0 0
vt 0 0
vt 0 0
vt 0 0
vt 0 0
vt 0 0
vt 0 0
vt 0 0
vt 0 0
vt 0 0
vt 0 0
vt 0 0
vt 0 0
vt 0 0
vt 0 0
vt 0 0
vt 0 0
vt 0 0
vt 0 0
vt 0 0
vt 0 0
vt 0 0
vt 0 0
vt 0 0
vt 0 0
vt 0 0
vt 0 0
vt 0 0
vt 0 0
vt 0 0
vt 0 0
vt 0 0
vt 0 0
vt 0 0
vt 0 0
vt 0 0
vt 0 0
vt 0 0
vt 0 0
vt 0 0
vt 0 0
vt 0 0
vt 0 0
vt 0 0
vt 0 0
vt 0 0
vt 0 0
vt 0 0
vt 0 0
vt 0 0
vt 0 0
vt 0 0
vt 0 0
vt 0 0
vt 0 0
vt 0 0
vt 0 0
vt 0 0
vt 0 0
vt 0 0
vt 0 0
vt 0 0
vt 0 0
vt 0 0
vt 0 0
vt 0 0
vt 0 0
vt 0 0
vt 0 0
vt 0 0
vt 0 0
vt 0 0
vt 0 0
vt 0 0
vt 0 0
vt 0 0
vt 0 0
vt 0 0
vt 0 0
vt 0 0
vt 0 0
vt 0 0
vt 0 0
vt 0 0
vt 0 0
vt 0 0
vt 0 0
vt 0 0
vt 0 0
vt 0 0
vt 0 0
vt 0 0
vt 0 0
vt 0 0
vt 0 0
vt 0 0
vt 0 0
vt 0 0
vt 0 0
vt 0 0
vt 0 0
vt 0 0
vt 0 0
vt 0 0
vt 0 0
vt 0 0
vt 0 0
vt 0 0
vt 0 0
vt 0 0
vt 0 0
vt 0 0
vt 0 0
vt 0 0
vt 0 0
vt 0 0
vt 0 0
vt 0 0
vt 0 0
vt 0 0
vt 0 0
vt 0 0
vt 0 0
vt 0 0
vt 0 0
vt 0 0
vt 0 0
vt 0 0
vt 0 0
vt 0 0
vt 0 0
vt 0 0
vt 0 0
vt 0 0
vt 0 0
vt 0 0
vt 0 0
vt 0 0
vt 0 0
vt 0 0
vt 0 0
vt 0 0
vt 0 0
vt 0 0
vt 0 0
vt 0 0
vt 0 0
vt 0 0
vt 0 0
vt 0 0
vt 0 0
vt 0 0
vt 0 0
vt 0 0
vt 0 0
vt 0 0
vt 0 0
vt 0 0
vt 0 0
vt 0 0
vt 0 0
vt 0 0
vt 0 0
vt 0 0
vt 0 0
vt 0 0
vt 0 0
vt 0 0
vt 0 0
vt 0 0
vt 0 0
vt 0 0
vt 0 0
vt 0 0
vt 0 0
vt 0 0
vt 0 0
vt 0 0
vt 0 0
vt 0 0
vt 0 0
vt 0 0
vt 0 0
vt 0 0
vt 0 0
vt 0 0
vt 0 0
vt 0 0
vt 0 0
vt 0 0
vt 0 0
vt 0 0
vt 0 0
vt 0 0
vt 0 0
vt 0 0
vt 0 0
vt 0 0
vt 0 0
vt 0 0
vt 0 0
vt 0 0
vt 0 0
vt 0 0
vt 0 0
vt 0 0
vt 0 0
vt 0 0
vt 0 0
vt 0 0
vt 0 0
vt 0 0
vt 0 0
vt 0 0
vt 0 0
vt 0 0
vt 0 0
vt 0 0
vt 0 0
vt 0 0
vt 0 0
vt 0 0
vt 0 0
vt 0 0
vt 0 0
vt 0 0
vt 0 0
vt 0 0
vt 0 0
vt 0 0
vt 0 0
vt 0 0
vt 0 0
vt 0 0
vt 0 0
vt 0 0
vt 0 0
vt 0 0
vt 0 0
vt 0 0
vt 0 0
vt 0 0
vt 0 0
vt 0 0
vt 0 0
vt 0 0
vt 0 0
vt 0 0
vt 0 0
vt 0 0
vt 0 0
vt 0 0
vt 0 0
vt 0 0
vt 0 0
vt 0 0
vt 0 0
vt 0 0
vt 0 0
vt 0 0
vt 0 0
vt 0 0
vt 0 0
vt 0 0
vt 0 0
vt 0 0
vt 0 0
vt 0 0
vt 0 0
vt 0 0
vt 0 0
vt 0 0
vt 0 0
vt 0 0
vt 0 0
vt 0 0
vt 0 0
vt 0 0
vt 0 0
vt 0 0
vt 0 0
vt 0 0
vt 0 0
vt 0 0
vt 0 0
vt 0 0
vt 0 0
vt 0 0
vt 0 0
vt 0 0
vt 0 0
vt 0 0
vt 0 0
vt 0 0
vt 0 0
vt 0 0
vt 0 0
vt 0 0
vt 0 0
vt 0 0
vt 0 0
vt 0 0
vt 0 0
vt 0 0
vt 0 0
vt 0 0
vt 0 0
vt 0 0
vt 0 0
vt 0 0
vt 0 0
vt 0 0
vt 0 0
vt 0 0
vt 0 0
vt 0 0
vt 0 0
vt 0 0
vt 0 0
vt 0 0
vt 0 0
vt 0 0
vt 0 0
vt 0 0
vt 0 0
vt 0 0
vt 0 0
vt 0 0
vt 0 0
vt 0 0
vt 0 0
vt 0 0
vt 0 0
vt 0 0
vt 0 0
vt 0 0
vt 0 0
vt 0 0
vt 0 0
vt 0 0
vt 0 0
vt 0 0
vt 0 0
vt 0 0
vt 0 0
vt 0 0
vt 0 0
vt 0 0
vt 0 0
vt 0 0
vt 0 0
vt 0 0
vt 0 0
vt 0 0
vt 0 0
vt 0 0
vt 0 0
vt 0 0
vt 0 0
vt 0 0
vt 0 0
vt 0 0
vt 0 0
vt 0 0
vt 0 0
vt 0 0
vt 0 0
vt 0 0
vt 0 0
vt 0 0
vt 0 0
vt 0 0
vt 0 0
vt 0 0
vt 0 0
vt 0 0
vt 0 0
vt 0 0
vt 0 0
vt 0 0
vt 0 0
vt 0 0
vt 0 0
vt 0 0
vt 0 0
vt 0 0
vt 0 0
vt 0 0
vt 0 0
vt 0 0
vt 0 0
vt 0 0
vt 0 0
vt 0 0
vt 0 0
vt 0 0
vt 0 0
vt 0 0
vt 0 0
vt 0 0
vt 0 0
vt 0 0
vt 0 0
vt 0 0
vt 0 0
vt 0 0
vt 0 0
vt 0 0
vt 0 0
vt 0 0
vt 0 0
vt 0 0
vt 0 0
vt 0 0
vt 0 0
vt 0 0
vt 0 0
vt 0 0
vt 0 0
vt 0 0
vt 0 0
vt 0 0
vt 0 0
vt 0 0
vt 0 0
vt 0 0
vt 0 0
vt 0 0
vt 0 0
vt 0 0
vt 0 0
vt 0 0
vt 0 0
vt 0 0
vt 0 0
vt 0 0
vt 0 0
vt 0 0
vt 0 0
vt 0 0
vt 0 0
vt 0 0
vt 0 0
vt 0 0
vt 0 0
vt 0 0
vt 0 0
vt 0 0
vt 0 0
vt 0 0
vt 0 0
vt 0 0
vt 0 0
vt 0 0
vt 0 0
vt 0 0
vt 0 0
vt 0 0
vt 0 0
vt 0 0
vt 0 0
vt 0 0
vt 0 0
vt 0 0
vt 0 0
vt 0 0
vt 0 0
vt 0 0
vt 0 0
vt 0 0
vt 0 0
vt 0 0
vt 0 0
vt 0 0
vt 0 0
vt 0 0
vt 0 0
vt 0 0
vt 0 0
vt 0 0
vt 0 0
vt 0 0
vt 0 0
vt 0 0
vt 0 0
vt 0 0
vt 0 0
vt 0 0
vt 0 0
vt 0 0
vt 0 0
vt 0 0
vt 0 0
vt 0 0
vt 0 0
vt 0 0
vt 0 0
vt 0 0
vt 0 0
vt 0 0
vt 0 0
vt 0 0
vt 0 0
vt 0 0
vt 0 0
vt 0 0
vt 0 0
vt 0 0
vt 0 0
vt 0 0
vt 0 0
vt 0 0
vt 0 0
vt 0 0
vt 0 0
vt 0 0
vt 0 0
vt 0 0
vt 0 0
vt 0 0
vt 0 0
vt 0 0
vt 0 0
vt 0 0
vt 0 0
vt 0 0
vt 0 0
vt 0 0
vt 0 0
vt 0 0
vt 0 0
vt 0 0
vt 0 0
vt 0 0
vt 0 0
vt 0 0
vt 0 0
vt 0 0
vt 0 0
vt 0 0
vt 0 0
vt 0 0
vt 0 0
vt 0 0
vt 0 0
vt 0 0
vt 0 0
vt 0 0
vt 0 0
vt 0 0
vt 0 0
vt 0 0
vt 0 0
vt 0 0
vt 0 0
vt 0 0
vt 0 0
vt 0 0
vt 0 0
vt 0 0
vt 0 0
vt 0 0
vt 0 0
vt 0 0
vt 0 0
vt 0 0
vt 0 0
vt 0 0
vt 0 0
vt 0 0
vt 0 0
vt 0 0
vt 0 0
vt 0 0
vt 0 0
vt 0 0
vt 0 0
vt 0 0
vt 0 0
vt 0 0
vt 0 0
vt 0 0
vt 0 0
vt 0 0
vt 0 0
vt 0 0
vt 0 0
vt 0 0
vt 0 0
vt 0 0
vt 0 0
vt 0 0
vt 0 0
vt 0 0
vt 0 0
vt 0 0
vt 0 0
vt 0 0
vt 0 0
vt 0 0
vt 0 0
vt 0 0
vt 0 0
vt 0 0
vt 0 0
vt 0 0
vt 0 0
vt 0 0
vt 0 0
vt 0 0
vt 0 0
vt 0 0
vt 0 0
vt 0 0
vt 0 0
vt 0 0
vt 0 0
vt 0 0
vt 0 0
vt 0 0
vt 0 0
vt 0 0
vt 0 0
vt 0 0
vt 0 0
vt 0 0
vt 0 0
vt 0 0
vt 0 0
vt 0 0
vt 0 0
vt 0 0
vt 0 0
vt 0 0
vt 0 0
vt 0 0
vt 0 0
vt 0 0
vt 0 0
vt 0 0
vt 0 0
vt 0 0
vt 0 0
vt 0 0
vt 0 0
vt 0 0
vt 0 0
vt 0 0
vt 0 0
vt 0 0
vt 0 0
vt 0 0
vt 0 0
vt 0 0
vt 0 0
vt 0 0
vt 0 0
vt 0 0
vt 0 0
vt 0 0
vt 0 0
vt 0 0
vt 0 0
vt 0 0
vt 0 0
vt 0 0
vt 0 0
vt 0 0
vt 0 0
vt 0 0
vt 0 0
vt 0 0
vt 0 0
vt 0 0
vt 0 0
vt 0 0
vt 0 0
vt 0 0
vt 0 0
vt 0 0
vt 0 0
vt 0 0
vt 0 0
vt 0 0
vt 0 0
vt 0 0
vt 0 0
vt 0 0
vt 0 0
vt 0 0
vt 0 0
vt 0 0
vt 0 0
vt 0 0
vt 0 0
vt 0 0
vt 0 0
vt 0 0
vt 0 0
vt 0 0
vt 0 0
vt 0 0
vt 0 0
vt 0 0
vt 0 0
vt 0 0
vt 0 0
vt 0 0
vt 0 0
vt 0 0
vt 0 0
vt 0 0
vt 0 0
vt 0 0
vt 0 0
vt 0 0
vt 0 0
vt 0 0
vt 0 0
vt 0 0
vt 0 0
vt 0 0
vt 0 0
vt 0 0
vt 0 0
vt 0 0
vt 0 0
vt 0 0
vt 0 0
vt 0 0
vt 0 0
vt 0 0
vt 0 0
vt 0 0
vt 0 0
vt 0 0
vt 0 0
vt 0 0
vt 0 0
vt 0 0
vt 0 0
vt 0 0
vt 0 0
vt 0 0
vt 0 0
vt 0 0
vt 0 0
vt 0 0
vt 0 0
vt 0 0
vt 0 0
vt 0 0
vt 0 0
vt 0 0
vt 0 0
vt 0 0
vt 0 0
vt 0 0
vt 0 0
vt 0 0
vt 0 0
vt 0 0
vt 0 0
vt 0 0
vt 0 0
vt 0 0
vt 0 0
vt 0 0
vt 0 0
vt 0 0
vt 0 0
vt 0 0
vt 0 0
vt 0 0
vt 0 0
vt 0 0
vt 0 0
vt 0 0
vt 0 0
vt 0 0
vt 0 0
vt 0 0
vt 0 0
vt 0 0
vt 0 0
vt 0 0
vt 0 0
vt 0 0
vt 0 0
vt 0 0
vt 0 0
vt 0 0
vt 0 0
vt 0 0
vt 0 0
vt 0 0
vt 0 0
vt 0 0
vt 0 0
vt 0 0
vt 0 0
vt 0 0
vt 0 0
vt 0 0
vt 0 0
vt 0 0
vt 0 0
vt 0 0
vt 0 0
vt 0 0
vt 0 0
vt 0 0
vt 0 0
vt 0 0
vt 0 0
vt 0 0
vt 0 0
vt 0 0
vt 0 0
vt 0 0
vt 0 0
vt 0 0
vt 0 0
vt 0 0
vt 0 0
vt 0 0
vt 0 0
vt 0 0
vt 0 0
vt 0 0
vt 0 0
vt 0 0
vt 0 0
vt 0 0
vt 0 0
vt 0 0
vt 0 0
vt 0 0
vt 0 0
vt 0 0
vt 0 0
vt 0 0
vt 0 0
vt 0 0
vt 0 0
vt 0 0
vt 0 0
vt 0 0
vt 0 0
vt 0 0
vt 0 0
vt 0 0
vt 0 0
vt 0 0
vt 0 0
vt 0 0
vt 0 0
vt 0 0
vt 0 0
vt 0 0
vt 0 0
vt 0 0
vt 0 0
vt 0 0
vt 0 0
vt 0 0
vt 0 0
vt 0 0
vt 0 0
vt 0 0
vt 0 0
vt 0 0
vt 0 0
vt 0 0
vt 0 0
vt 0 0
vt 0 0
vt 0 0
vt 0 0
vt 0 0
vt 0 0
vt 0 0
vt 0 0
vt 0 0
vt 0 0
vt 0 0
vt 0 0
vt 0 0
vt 0 0
vt 0 0
vt 0 0
vt 0 0
vt 0 0
vt 0 0
vt 0 0
vt 0 0
vt 0 0
vt 0 0
vt 0 0
vt 0 0
vt 0 0
vt 0 0
vt 0 0
vt 0 0
vt 0 0
vt 0 0
vt 0 0
vt 0 0
vt 0 0
vt 0 0
vt 0 0
vt 0 0
vt 0 0
vt 0 0
vt 0 0
vt 0 0
vt 0 0
vt 0 0
vt 0 0
vt 0 0
vt 0 0
vt 0 0
vt 0 0
vt 0 0
vt 0 0
vt 0 0
vt 0 0
vt 0 0
vt 0 0
vt 0 0
vt 0 0
vt 0 0
vt 0 0
vt 0 0
vt 0 0
vt 0 0
vt 0 0
vt 0 0
vt 0 0
vt 0 0
vt 0 0
vt 0 0
vt 0 0
vt 0 0
vt 0 0
vt 0 0
vt 0 0
vt 0 0
vt 0 0
vt 0 0
vt 0 0
vt 0 0
vt 0 0
vt 0 0
vt 0 0
vt 0 0
vt 0 0
vt 0 0
vt 0 0
vt 0 0
vt 0 0
vt 0 0
vt 0 0
vt 0 0
vt 0 0
vt 0 0
vt 0 0
vt 0 0
vt 0 0
vt 0 0
vt 0 0
vt 0 0
vt 0 0
vt 0 0
vt 0 0
vt 0 0
vt 0 0
vt 0 0
vt 0 0
vt 0 0
vt 0 0
vt 0 0
vt 0 0
vt 0 0
vt 0 0
vt 0 0
vt 0 0
vt 0 0
vt 0 0
vt 0 0
vt 0 0
vt 0 0
vt 0 0
vt 0 0
vt 0 0
vt 0 0
vt 0 0
vt 0 0
vt 0 0
vt 0 0
vt 0 0
vt 0 0
vt 0 0
vt 0 0
vt 0 0
vt 0 0
vt 0 0
vt 0 0
vt 0 0
vt 0 0
vt 0 0
vt 0 0
vt 0 0
vt 0 0
vt 0 0
vt 0 0
vt 0 0
vt 0 0
vt 0 0
vt 0 0
vt 0 0
vt 0 0
vt 0 0
vt 0 0
vt 0 0
vt 0 0
vt 0 0
vt 0 0
vt 0 0
vt 0 0
vt 0 0
vt 0 0
vt 0 0
vt 0 0
vt 0 0
vt 0 0
vt 0 0
vt 0 0
vt 0 0
vt 0 0
vt 0 0
vt 0 0
vt 0 0
vt 0 0
vt 0 0
vt 0 0
vt 0 0
vt 0 0
vt 0 0
vt 0 0
vt 0 0
vt 0 0
vt 0 0
vt 0 0
vt 0 0
vt 0 0
vt 0 0
vt 0 0
vt 0 0
vt 0 0
vt 0 0
vt 0 0
vt 0 0
vt 0 0
vt 0 0
vt 0 0
vt 0 0
vt 0 0
vt 0 0
vt 0 0
vt 0 0
vt 0 0
vt 0 0
vt 0 0
vt 0 0
vt 0 0
vt 0 0
vt 0 0
vt 0 0
vt 0 0
vt 0 0
vt 0 0
vt 0 0
vt 0 0
vt 0 0
vt 0 0
vt 0 0
vt 0 0
vt 0 0
vt 0 0
vt 0 0
vt 0 0
vt 0 0
vt 0 0
vt 0 0
vt 0 0
vt 0 0
vt 0 0
vt 0 0
vt 0 0
vt 0 0
vt 0 0
vt 0 0
vt 0 0
vt 0 0
vt 0 0
vt 0 0
vt 0 0
vt 0 0
vt 0 0
vt 0 0
vt 0 0
vt 0 0
vt 0 0
vt 0 0
vt 0 0
vt 0 0
vt 0 0
vt 0 0
vt 0 0
vt 0 0
vt 0 0
vt 0 0
vt 0 0
vt 0 0
vt 0 0
vt 0 0
vt 0 0
vt 0 0
vt 0 0
vt 0 0
vt 0 0
vt 0 0
vt 0 0
vt 0 0
vt 0 0
vt 0 0
vt 0 0
vt 0 0
vt 0 0
vt 0 0
vt 0 0
vt 0 0
vt 0 0
vt 0 0
vt 0 0
vt 0 0
vt 0 0
vt 0 0
vt 0 0
vt 0 0
vt 0 0
vt 0 0
vt 0 0
vt 0 0
vt 0 0
vt 0 0
vt 0 0
vt 0 0
vt 0 0
vt 0 0
vt 0 0
vt 0 0
vt 0 0
vt 0 0
vt 0 0
vt 0 0
vt 0 0
vt 0 0
vt 0 0
vt 0 0
vt 0 0
vt 0 0
vt 0 0
vt 0 0
vt 0 0
vt 0 0
vt 0 0
vt 0 0
vt 0 0
vt 0 0
vt 0 0
vt 0 0
vt 0 0
vt 0 0
vt 0 0
vt 0 0
vt 0 0
vt 0 0
vt 0 0
vt 0 0
vt 0 0
vt 0 0
vt 0 0
vt 0 0
vt 0 0
vt 0 0
vt 0 0
vt 0 0
vt 0 0
vt 0 0
vt 0 0
vt 0 0
vt 0 0
vt 0 0
vt 0 0
vt 0 0
vt 0 0
vt 0 0
vt 0 0
vt 0 0
vt 0 0
vt 0 0
vt 0 0
vt 0 0
vt 0 0
vt 0 0
vt 0 0
vt 0 0
vt 0 0
vt 0 0
vt 0 0
vt 0 0
vt 0 0
vt 0 0
vt 0 0
vt 0 0
vt 0 0
vt 0 0
vt 0 0
vt 0 0
vt 0 0
vt 0 0
vt 0 0
vt 0 0
vt 0 0
vt 0 0
vt 0 0
vt 0 0
vt 0 0
vt 0 0
vt 0 0
vt 0 0
vt 0 0
vt 0 0
vt 0 0
vt 0 0
vt 0 0
vt 0 0
vt 0 0
vt 0 0
vt 0 0
vt 0 0
vt 0 0
vt 0 0
vt 0 0
vt 0 0
vt 0 0
vt 0 0
vt 0 0
vt 0 0
vt 0 0
vt 0 0
vt 0 0
vt 0 0
vt 0 0
vt 0 0
vt 0 0
vt 0 0
vt 0 0
vt 0 0
vt 0 0
vt 0 0
vt 0 0
vt 0 0
vt 0 0
vt 0 0
vt 0 0
vt 0 0
vt 0 0
vt 0 0
vt 0 0
vt 0 0
vt 0 0
vt 0 0
vt 0 0
vt 0 0
vt 0 0
vt 0 0
vt 0 0
vt 0 0
vt 0 0
vt 0 0
vt 0 0
vt 0 0
vt 0 0
vt 0 0
vt 0 0
vt 0 0
vt 0 0
vt 0 0
vt 0 0
vt 0 0
vt 0 0
vt 0 0
vt 0 0
vt 0 0
vt 0 0
vt 0 0
vt 0 0
vt 0 0
vt 0 0
vt 0 0
vt 0 0
vt 0 0
vt 0 0
vt 0 0
vt 0 0
vt 0 0
vt 0 0
vt 0 0
vt 0 0
vt 0 0
vt 0 0
vt 0 0
vt 0 0
vt 0 0
vt 0 0
vt 0 0
vt 0 0
vt 0 0
vt 0 0
vt 0 0
vt 0 0
vt 0 0
vt 0 0
vt 0 0
vt 0 0
vt 0 0
vt 0 0
vt 0 0
vt 0 0
vt 0 0
vt 0 0
vt 0 0
vt 0 0
vt 0 0
vt 0 0
vt 0 0
vt 0 0
vt 0 0
vt 0 0
vt 0 0
vt 0 0
vt 0 0
vt 0 0
vt 0 0
vt 0 0
vt 0 0
vt 0 0
vt 0 0
vt 0 0
vt 0 0
vt 0 0
vt 0 0
vt 0 0
vt 0 0
vt 0 0
vt 0 0
vt 0 0
vt 0 0
vt 0 0
vt 0 0
vt 0 0
vt 0 0
vt 0 0
vt 0 0
vt 0 0
vt 0 0
vt 0 0
vt 0 0
vt 0 0
vt 0 0
vt 0 0
vt 0 0
vt 0 0
vt 0 0
vt 0 0
vt 0 0
vt 0 0
vt 0 0
vt 0 0
vt 0 0
vt 0 0
vt 0 0
vt 0 0
vt 0 0
vt 0 0
vt 0 0
vt 0 0
vt 0 0
vt 0 0
vt 0 0
vt 0 0
vt 0 0
vt 0 0
vt 0 0
vt 0 0
vt 0 0
vt 0 0
vt 0 0
vt 0 0
vt 0 0
vt 0 0
vt 0 0
vt 0 0
vt 0 0
vt 0 0
vt 0 0
vt 0 0
vt 0 0
vt 0 0
vt 0 0
vt 0 0
vt 0 0
vt 0 0
vt 0 0
vt 0 0
vt 0 0
vt 0 0
vt 0 0
vt 0 0
vt 0 0
vt 0 0
vt 0 0
vt 0 0
vt 0 0
vt 0 0
vt 0 0
vt 0 0
vt 0 0
vt 0 0
vt 0 0
vt 0 0
vt 0 0
vt 0 0
vt 0 0
vt 0 0
vt 0 0
vt 0 0
vt 0 0
vt 0 0
vt 0 0
vt 0 0
vt 0 0
vt 0 0
vt 0 0
vt 0 0
vt 0 0
vt 0 0
vt 0 0
vt 0 0
vt 0 0
vt 0 0
vt 0 0
vt 0 0
vt 0 0
vt 0 0
vt 0 0
vt 0 0
vt 0 0
vt 0 0
vt 0 0
vt 0 0
vt 0 0
vt 0 0
vt 0 0
vt 0 0
vt 0 0
vt 0 0
vt 0 0
vt 0 0
vt 0 0
vt 0 0
vt 0 0
vt 0 0
vt 0 0
vt 0 0
vt 0 0
vt 0 0
vt 0 0
vt 0 0
vt 0 0
vt 0 0
vt 0 0
vt 0 0
vt 0 0
vt 0 0
vt 0 0
vt 0 0
vt 0 0
vt 0 0
vt 0 0
vt 0 0
vt 0 0
vt 0 0
vt 0 0
vt 0 0
vt 0 0
vt 0 0
vt 0 0
vt 0 0
vt 0 0
vt 0 0
vt 0 0
vt 0 0
vt 0 0
vt 0 0
vt 0 0
vt 0 0
vt 0 0
vt 0 0
vt 0 0
vt 0 0
vt 0 0
vt 0 0
vt 0 0
vt 0 0
vt 0 0
vt 0 0
vt 0 0
vt 0 0
vt 0 0
vt 0 0
vt 0 0
vt 0 0
vt 0 0
vt 0 0
vt 0 0
vt 0 0
vt 0 0
vt 0 0
vt 0 0
vt 0 0
vt 0 0
vt 0 0
vt 0 0
vt 0 0
vt 0 0
vt 0 0
vt 0 0
vt 0 0
vt 0 0
vt 0 0
vt 0 0
vt 0 0
vt 0 0
vt 0 0
vt 0 0
vt 0 0
vt 0 0
vt 0 0
vt 0 0
vt 0 0
vt 0 0
vt 0 0
vt 0 0
vt 0 0
vt 0 0
vt 0 0
vt 0 0
vt 0 0
vt 0 0
vt 0 0
vt 0 0
vt 0 0
vt 0 0
vt 0 0
vt 0 0
vt 0 0
vt 0 0
vt 0 0
vt 0 0
vt 0 0
vt 0 0
vt 0 0
vt 0 0
vt 0 0
vt 0 0
vt 0 0
vt 0 0
vt 0 0
vt 0 0
vt 0 0
vt 0 0
vt 0 0
vt 0 0
vt 0 0
vt 0 0
vt 0 0
vt 0 0
vt 0 0
vt 0 0
vt 0 0
vt 0 0
vt 0 0
vt 0 0
vt 0 0
vt 0 0
vt 0 0
vt 0 0
vt 0 0
vt 0 0
vt 0 0
vt 0 0
vt 0 0
vt 0 0
vt 0 0
vt 0 0
vt 0 0
vt 0 0
vt 0 0
vt 0 0
vt 0 0
vt 0 0
vt 0 0
vt 0 0
vt 0 0
vt 0 0
vt 0 0
vt 0 0
vt 0 0
vt 0 0
vt 0 0
vt 0 0
vt 0 0
vt 0 0
vt 0 0
vt 0 0
vt 0 0
vt 0 0
vt 0 0
vt 0 0
vt 0 0
vt 0 0
vt 0 0
vt 0 0
vt 0 0
vt 0 0
vt 0 0
vt 0 0
vt 0 0
vt 0 0
vt 0 0
vt 0 0
vt 0 0
vt 0 0
vt 0 0
vt 0 0
vt 0 0
vt 0 0
vt 0 0
vt 0 0
vt 0 0
vt 0 0
vt 0 0
vt 0 0
vt 0 0
vt 0 0
vt 0 0
vt 0 0
vt 0 0
vt 0 0
vt 0 0
vt 0 0
vt 0 0
vt 0 0
vt 0 0
vt 0 0
vt 0 0
vt 0 0
vt 0 0
vt 0 0
vt 0 0
vt 0 0
vt 0 0
vt 0 0
vt 0 0
vt 0 0
vt 0 0
vt 0 0
vt 0 0
vt 0 0
vt 0 0
vt 0 0
vt 0 0
vt 0 0
vt 0 0
vt 0 0
vt 0 0
vt 0 0
vt 0 0
vt 0 0
vt 0 0
vt 0 0
vt 0 0
vt 0 0
vt 0 0
vt 0 0
vt 0 0
vt 0 0
vt 0 0
vt 0 0
vt 0 0
vt 0 0
vt 0 0
vt 0 0
vt 0 0
vt 0 0
vt 0 0
vt 0 0
vt 0 0
vt 0 0
vt 0 0
vt 0 0
vt 0 0
vt 0 0
vt 0 0
vt 0 0
vt 0 0
vt 0 0
vt 0 0
vt 0 0
vt 0 0
vt 0 0
vt 0 0
vt 0 0
vt 0 0
vt 0 0
vt 0 0
vt 0 0
vt 0 0
vt 0 0
vt 0 0
vt 0 0
vt 0 0
vt 0 0
vt 0 0
vt 0 0
vt 0 0
vt 0 0
vt 0 0
vt 0 0
vt 0 0
vt 0 0
vt 0 0
vt 0 0
vt 0 0
vt 0 0
vt 0 0
vt 0 0
vt 0 0
vt 0 0
vt 0 0
vt 0 0
vt 0 0
vt 0 0
vt 0 0
vt 0 0
vt 0 0
vt 0 0
vt 0 0
vt 0 0
vt 0 0
vt 0 0
vt 0 0
vt 0 0
vt 0 0
vt 0 0
vt 0 0
vt 0 0
vt 0 0
vt 0 0
vt 0 0
vt 0 0
vt 0 0
vt 0 0
vt 0 0
vt 0 0
vt 0 0
vt 0 0
vt 0 0
vt 0 0
vt 0 0
vt 0 0
vt 0 0
vt 0 0
vt 0 0
vt 0 0
vt 0 0
vt 0 0
vt 0 0
vt 0 0
vt 0 0
vt 0 0
vt 0 0
vt 0 0
vt 0 0
vt 0 0
vt 0 0
vt 0 0
vt 0 0
vt 0 0
vt 0 0
vt 0 0
vt 0 0
vt 0 0
vt 0 0
vt 0 0
vt 0 0
vt 0 0
vt 0 0
vt 0 0
vt 0 0
vt 0 0
vt 0 0
vt 0 0
vt 0 0
vt 0 0
vt 0 0
vt 0 0
vt 0 0
vt 0 0
vt 0 0
vt 0 0
vt 0 0
vt 0 0
vt 0 0
vt 0 0
vt 0 0
vt 0 0
vt 0 0
vt 0 0
vt 0 0
vt 0 0
vt 0 0
vt 0 0
vt 0 0
vt 0 0
vt 0 0
vt 0 0
vt 0 0
vt 0 0
vt 0 0
vt 0 0
vt 0 0
vt 0 0
vt 0 0
vt 0 0
vt 0 0
vt 0 0
vt 0 0
vt 0 0
vt 0 0
vt 0 0
vt 0 0
vt 0 0
vt 0 0
vt 0 0
vt 0 0
vt 0 0
vt 0 0
vt 0 0
vt 0 0
vt 0 0
vt 0 0
vt 0 0
vt 0 0
vt 0 0
vt 0 0
vt 0 0
vt 0 0
vt 0 0
vt 0 0
vt 0 0
vt 0 0
vt 0 0
vt 0 0
vt 0 0
vt 0 0
vt 0 0
vt 0 0
vt 0 0
vt 0 0
vt 0 0
vt 0 0
vt 0 0
vt 0 0
vt 0 0
vt 0 0
vt 0 0
vt 0 0
vt 0 0
vt 0 0
vt 0 0
vt 0 0
vt 0 0
vt 0 0
vt 0 0
vt 0 0
vt 0 0
vt 0 0
vt 0 0
vt 0 0
vt 0 0
vt 0 0
vt 0 0
vt 0 0
vt 0 0
vt 0 0
vt 0 0
vt 0 0
vt 0 0
vt 0 0
vt 0 0
vt 0 0
vt 0 0
vt 0 0
vt 0 0
vt 0 0
vt 0 0
vt 0 0
vt 0 0
vt 0 0
vt 0 0
vt 0 0
vt 0 0
vt 0 0
vt 0 0
vt 0 0
vt 0 0
vt 0 0
vt 0 0
vt 0 0
vt 0 0
vt 0 0
vt 0 0
vt 0 0
vt 0 0
vt 0 0
vt 0 0
vt 0 0
vt 0 0
vt 0 0
vt 0 0
vt 0 0
vt 0 0
vt 0 0
vt 0 0
vt 0 0
vt 0 0
vt 0 0
vt 0 0
vt 0 0
vt 0 0
vt 0 0
vt 0 0
vt 0 0
vt 0 0
vt 0 0
vt 0 0
vt 0 0
vt 0 0
vt 0 0
vt 0 0
vt 0 0
vt 0 0
vt 0 0
vt 0 0
vt 0 0
vt 0 0
vt 0 0
vt 0 0
vt 0 0
vt 0 0
vt 0 0
vt 0 0
vt 0 0
vt 0 0
vt 0 0
vt 0 0
vt 0 0
vt 0 0
vt 0 0
vt 0 0
vt 0 0
vt 0 0
vt 0 0
vt 0 0
vt 0 0
vt 0 0
vt 0 0
vt 0 0
vt 0 0
vt 0 0
vt 0 0
vt 0 0
vt 0 0
vt 0 0
vt 0 0
vt 0 0
vt 0 0
vt 0 0
vt 0 0
vt 0 0
vt 0 0
vt 0 0
vt 0 0
vt 0 0
vt 0 0
vt 0 0
vt 0 0
vt 0 0
vt 0 0
vt 0 0
vt 0 0
vt 0 0
vt 0 0
vt 0 0
vt 0 0
vt 0 0
vt 0 0
vt 0 0
vt 0 0
vt 0 0
vt 0 0
vt 0 0
vt 0 0
vt 0 0
vt 0 0
vt 0 0
vt 0 0
vt 0 0
vt 0 0
vt 0 0
vt 0 0
vt 0 0
vt 0 0
vt 0 0
vt 0 0
vt 0 0
vt 0 0
vt 0 0
vt 0 0
vt 0 0
vt 0 0
vt 0 0
vt 0 0
vt 0 0
vt 0 0
vt 0 0
vt 0 0
vt 0 0
vt 0 0
vt 0 0
vt 0 0
vt 0 0
vt 0 0
vt 0 0
vt 0 0
vt 0 0
vt 0 0
vt 0 0
vt 0 0
vt 0 0
vt 0 0
vt 0 0
vt 0 0
vt 0 0
vt 0 0
vt 0 0
vt 0 0
vt 0 0
vt 0 0
vt 0 0
vt 0 0
vt 0 0
vt 0 0
vt 0 0
vt 0 0
vt 0 0
vt 0 0
vt 0 0
vt 0 0
vt 0 0
vt 0 0
vt 0 0
vt 0 0
vt 0 0
vt 0 0
vt 0 0
vt 0 0
vt 0 0
vt 0 0
vt 0 0
vt 0 0
vt 0 0
vt 0 0
vt 0 0
vt 0 0
vt 0 0
vt 0 0
vt 0 0
vt 0 0
vt 0 0
vt 0 0
vt 0 0
vt 0 0
vt 0 0
vt 0 0
vt 0 0
vt 0 0
vt 0 0
vt 0 0
vt 0 0
vt 0 0
vt 0 0
vt 0 0
vt 0 0
vt 0 0
vt 0 0
vt 0 0
vt 0 0
vt 0 0
vt 0 0
vt 0 0
vt 0 0
vt 0 0
vt 0 0
vt 0 0
vt 0 0
vt 0 0
vt 0 0
vt 0 0
vt 0 0
vt 0 0
vt 0 0
vt 0 0
vt 0 0
vt 0 0
vt 0 0
vt 0 0
vt 0 0
vt 0 0
vt 0 0
vt 0 0
vt 0 0
vt 0 0
vt 0 0
vt 0 0
vt 0 0
vt 0 0
vt 0 0
vt 0 0
vt 0 0
vt 0 0
vt 0 0
vt 0 0
vt 0 0
vt 0 0
vt 0 0
vt 0 0
vt 0 0
vt 0 0
vt 0 0
vt 0 0
vt 0 0
vt 0 0
vt 0 0
vt 0 0
vt 0 0
vt 0 0
vt 0 0
vt 0 0
vt 0 0
vt 0 0
vt 0 0
vt 0 0
vt 0 0
vt 0 0
vt 0 0
vt 0 0
vt 0 0
vt 0 0
vt 0 0
vt 0 0
vt 0 0
vt 0 0
vt 0 0
vt 0 0
vt 0 0
vt 0 0
vt 0 0
vt 0 0
vt 0 0
vt 0 0
vt 0 0
vt 0 0
vt 0 0
vt 0 0
vt 0 0
vt 0 0
vt 0 0
vt 0 0
vt 0 0
vt 0 0
vt 0 0
vt 0 0
vt 0 0
vt 0 0
vt 0 0
vt 0 0
vt 0 0
vt 0 0
vt 0 0
vt 0 0
vt 0 0
vt 0 0
vt 0 0
vt 0 0
vt 0 0
vt 0 0
vt 0 0
vt 0 0
vt 0 0
vt 0 0
vt 0 0
vt 0 0
vt 0 0
vt 0 0
vt 0 0
vt 0 0
vt 0 0
vt 0 0
vt 0 0
vt 0 0
vt 0 0
vt 0 0
vt 0 0
vt 0 0
vt 0 0
vt 0 0
vt 0 0
vt 0 0
vt 0 0
vt 0 0
vt 0 0
vt 0 0
vt 0 0
vt 0 0
vt 0 0
vt 0 0
vt 0 0
vt 0 0
vt 0 0
vt 0 0
vt 0 0
vt 0 0
vt 0 0
vt 0 0
vt 0 0
vt 0 0
vt 0 0
vt 0 0
vt 0 0
vt 0 0
vt 0 0
vt 0 0
vt 0 0
vt 0 0
vt 0 0
vt 0 0
vt 0 0
vt 0 0
vt 0 0
vt 0 0
vt 0 0
vt 0 0
vt 0 0
vt 0 0
vt 0 0
vt 0 0
vt 0 0
vt 0 0
vt 0 0
vt 0 0
vt 0 0
vt 0 0
vt 0 0
vt 0 0
vt 0 0
vt 0 0
vt 0 0
vt 0 0
vt 0 0
vt 0 0
vt 0 0
vt 0 0
vt 0 0
vt 0 0
vt 0 0
vt 0 0
vt 0 0
vt 0 0
vt 0 0
vt 0 0
vt 0 0
vt 0 0
vt 0 0
vt 0 0
vt 0 0
vt 0 0
vt 0 0
vt 0 0
vt 0 0
vt 0 0
vt 0 0
vt 0 0
vt 0 0
vt 0 0
vt 0 0
vt 0 0
vt 0 0
vt 0 0
vt 0 0
vt 0 0
vt 0 0
vt 0 0
vt 0 0
vt 0 0
vt 0 0
vt 0 0
vt 0 0
vt 0 0
vt 0 0
vt 0 0
vt 0 0
vt 0 0
vt 0 0
vt 0 0
vt 0 0
vt 0 0
vt 0 0
vt 0 0
vt 0 0
vt 0 0
vt 0 0
vt 0 0
vt 0 0
vt 0 0
vt 0 0
vt 0 0
vt 0 0
vt 0 0
vt 0 0
vt 0 0
vt 0 0
vt 0 0
vt 0 0
vt 0 0
vt 0 0
vt 0 0
vt 0 0
vt 0 0
vt 0 0
vt 0 0
vt 0 0
vt 0 0
vt 0 0
vt 0 0
vt 0 0
vt 0 0
vt 0 0
vt 0 0
vt 0 0
vt 0 0
vt 0 0
vt 0 0
vt 0 0
vt 0 0
vt 0 0
vt 0 0
vt 0 0
vt 0 0
vt 0 0
vt 0 0
vt 0 0
vt 0 0
vt 0 0
vt 0 0
vt 0 0
vt 0 0
vt 0 0
vt 0 0
vt 0 0
vt 0 0
vt 0 0
vt 0 0
vt 0 0
vt 0 0
vt 0 0
vt 0 0
vt 0 0
vt 0 0
vt 0 0
vt 0 0
vt 0 0
vt 0 0
vt 0 0
vt 0 0
vt 0 0
vt 0 0
vt 0 0
vt 0 0
vt 0 0
vt 0 0
vt 0 0
vt 0 0
vt 0 0
vt 0 0
vt 0 0
vt 0 0
vt 0 0
vt 0 0
vt 0 0
vt 0 0
vt 0 0
vt 0 0
vt 0 0
vt 0 0
vt 0 0
vt 0 0
vt 0 0
vt 0 0
vt 0 0
vt 0 0
vt 0 0
vt 0 0
vt 0 0
vt 0 0
vt 0 0
vt 0 0
vt 0 0
vt 0 0
vt 0 0
vt 0 0
vt 0 0
vt 0 0
vt 0 0
vt 0 0
vt 0 0
vt 0 0
vt 0 0
vt 0 0
vt 0 0
vt 0 0
vt 0 0
vt 0 0
vt 0 0
vt 0 0
vt 0 0
vt 0 0
vt 0 0
vt 0 0
vt 0 0
vt 0 0
vt 0 0
vt 0 0
vt 0 0
vt 0 0
vt 0 0
vt 0 0
vt 0 0
vt 0 0
vt 0 0
vt 0 0
vt 0 0
vt 0 0
vt 0 0
vt 0 0
vt 0 0
vt 0 0
vt 0 0
vt 0 0
vt 0 0
vt 0 0
vt 0 0
vt 0 0
vt 0 0
vt 0 0
vt 0 0
vt 0 0
vt 0 0
vt 0 0
vt 0 0
vt 0 0
vt 0 0
vt 0 0
vt 0 0
vt 0 0
vt 0 0
vt 0 0
vt 0 0
vt 0 0
vt 0 0
vt 0 0
vt 0 0
vt 0 0
vt 0 0
vt 0 0
vt 0 0
vt 0 0
vt 0 0
vt 0 0
vt 0 0
vt 0 0
vt 0 0
vt 0 0
vt 0 0
vt 0 0
vt 0 0
vt 0 0
vt 0 0
vt 0 0
vt 0 0
vt 0 0
vt 0 0
vt 0 0
vt 0 0
vt 0 0
vt 0 0
vt 0 0
vt 0 0
vt 0 0
vt 0 0
vt 0 0
vt 0 0
vt 0 0
vt 0 0
vt 0 0
vt 0 0
vt 0 0
vt 0 0
vt 0 0
vt 0 0
vt 0 0
vt 0 0
vt 0 0
vt 0 0
vt 0 0
vt 0 0
vt 0 0
vt 0 0
vt 0 0
vt 0 0
vt 0 0
vt 0 0
vt 0 0
vt 0 0
vt 0 0
vt 0 0
vt 0 0
vt 0 0
vt 0 0
vt 0 0
vt 0 0
vt 0 0
vt 0 0
vt 0 0
vt 0 0
vt 0 0
vt 0 0
vt 0 0
vt 0 0
vt 0 0
vt 0 0
vt 0 0
vt 0 0
vt 0 0
vt 0 0
vt 0 0
vt 0 0
vt 0 0
vt 0 0
vt 0 0
vt 0 0
vt 0 0
vt 0 0
vt 0 0
vt 0 0
vt 0 0
vt 0 0
vt 0 0
vt 0 0
vt 0 0
vt 0 0
vt 0 0
vt 0 0
vt 0 0
vt 0 0
vt 0 0
vt 0 0
vt 0 0
vt 0 0
vt 0 0
vt 0 0
vt 0 0
vt 0 0
vt 0 0
vt 0 0
vt 0 0
vt 0 0
vt 0 0
vt 0 0
vt 0 0
vt 0 0
vt 0 0
vt 0 0
vt 0 0
vt 0 0
vt 0 0
vt 0 0
vt 0 0
vt 0 0
vt 0 0
vt 0 0
vt 0 0
vt 0 0
vt 0 0
vt 0 0
vt 0 0
vt 0 0
vt 0 0
vt 0 0
vt 0 0
vt 0 0
vt 0 0
vt 0 0
vt 0 0
vt 0 0
vt 0 0
vt 0 0
vt 0 0
vt 0 0
vt 0 0
vt 0 0
vt 0 0
vt 0 0
vt 0 0
vt 0 0
vt 0 0
vt 0 0
vt 0 0
vt 0 0
vt 0 0
vt 0 0
vt 0 0
vt 0 0
vt 0 0
vt 0 0
vt 0 0
vt 0 0
vt 0 0
vt 0 0
vt 0 0
vt 0 0
vt 0 0
vt 0 0
vt 0 0
vt 0 0
vt 0 0
vt 0 0
vt 0 0
vt 0 0
vt 0 0
vt 0 0
vt 0 0
vt 0 0
vt 0 0
vt 0 0
vt 0 0
vt 0 0
vt 0 0
vt 0 0
vt 0 0
vt 0 0
vt 0 0
vt 0 0
vt 0 0
vt 0 0
vt 0 0
vt 0 0
vt 0 0
vt 0 0
vt 0 0
vt 0 0
vt 0 0
vt 0 0
vt 0 0
vt 0 0
vt 0 0
vt 0 0
vt 0 0
vt 0 0
vt 0 0
vt 0 0
vt 0 0
vt 0 0
vt 0 0
vt 0 0
vt 0 0
vt 0 0
vt 0 0
vt 0 0
vt 0 0
vt 0 0
vt 0 0
vt 0 0
vt 0 0
vt 0 0
vt 0 0
vt 0 0
vt 0 0
vt 0 0
vt 0 0
vt 0 0
vt 0 0
vt 0 0
vt 0 0
vt 0 0
vt 0 0
vt 0 0
vt 0 0
vt 0 0
vt 0 0
vt 0 0
vt 0 0
vt 0 0
vt 0 0
vt 0 0
vt 0 0
vt 0 0
vt 0 0
vt 0 0
vt 0 0
vt 0 0
vt 0 0
vt 0 0
vt 0 0
vt 0 0
vt 0 0
vt 0 0
vt 0 0
vt 0 0
vt 0 0
vt 0 0
vt 0 0
vt 0 0
vt 0 0
vt 0 0
vt 0 0
vt 0 0
vt 0 0
vt 0 0
vt 0 0
vt 0 0
vt 0 0
vt 0 0
vt 0 0
vt 0 0
vt 0 0
vt 0 0
vt 0 0
vt 0 0
vt 0 0
vt 0 0
vt 0 0
vt 0 0
vt 0 0
vt 0 0
vt 0 0
vt 0 0
vt 0 0
vt 0 0
vt 0 0
vt 0 0
vt 0 0
vt 0 0
vt 0 0
vt 0 0
vt 0 0
vt 0 0
vt 0 0
vt 0 0
vt 0 0
vt 0 0
vt 0 0
vt 0 0
vt 0 0
vt 0 0
vt 0 0
vt 0 0
vt 0 0
vt 0 0
vt 0 0
vt 0 0
vt 0 0
vt 0 0
vt 0 0
vt 0 0
vt 0 0
vt 0 0
vt 0 0
vt 0 0
vt 0 0
vt 0 0
vt 0 0
vt 0 0
vt 0 0
vt 0 0
vt 0 0
vt 0 0
vt 0 0
vt 0 0
vt 0 0
vt 0 0
vt 0 0
vt 0 0
vt 0 0
vt 0 0
vt 0 0
vt 0 0
vt 0 0
vt 0 0
vt 0 0
vt 0 0
vt 0 0
vt 0 0
vt 0 0
vt 0 0
vt 0 0
vt 0 0
vt 0 0
vt 0 0
vt 0 0
vt 0 0
vt 0 0
vt 0 0
vt 0 0
vt 0 0
vt 0 0
vt 0 0
vt 0 0
vt 0 0
vt 0 0
vt 0 0
vt 0 0
vt 0 0
vt 0 0
vt 0 0
vt 0 0
vt 0 0
vt 0 0
vt 0 0
vt 0 0
vt 0 0
vt 0 0
vt 0 0
vt 0 0
vt 0 0
vt 0 0
vt 0 0
vt 0 0
vt 0 0
vt 0 0
vt 0 0
vt 0 0
vt 0 0
vt 0 0
vt 0 0
vt 0 0
vt 0 0
vt 0 0
vt 0 0
vt 0 0
vt 0 0
vt 0 0
vt 0 0
vt 0 0
vt 0 0
vt 0 0
vt 0 0
vt 0 0
vt 0 0
vt 0 0
vt 0 0
vt 0 0
vt 0 0
vt 0 0
vt 0 0
vt 0 0
vt 0 0
vt 0 0
vt 0 0
vt 0 0
vt 0 0
vt 0 0
vt 0 0
vt 0 0
vt 0 0
vt 0 0
vt 0 0
vt 0 0
vt 0 0
vt 0 0
vt 0 0
vt 0 0
vt 0 0
vt 0 0
vt 0 0
vt 0 0
vt 0 0
vt 0 0
vt 0 0
vt 0 0
vt 0 0
vt 0 0
vt 0 0
vt 0 0
vt 0 0
vt 0 0
vt 0 0
vt 0 0
vt 0 0
vt 0 0
vt 0 0
vt 0 0
vt 0 0
vt 0 0
vt 0 0
vt 0 0
vt 0 0
vt 0 0
vt 0 0
vt 0 0
vt 0 0
vt 0 0
vt 0 0
vt 0 0
vt 0 0
vt 0 0
vt 0 0
vt 0 0
vt 0 0
vt 0 0
vt 0 0
vt 0 0
vt 0 0
vt 0 0
vt 0 0
vt 0 0
vt 0 0
vt 0 0
vt 0 0
vt 0 0
vt 0 0
vt 0 0
vt 0 0
vt 0 0
vt 0 0
vt 0 0
vt 0 0
vt 0 0
vt 0 0
vt 0 0
vt 0 0
vt 0 0
vt 0 0
vt 0 0
vt 0 0
vt 0 0
vt 0 0
vt 0 0
vt 0 0
vt 0 0
vt 0 0
vt 0 0
vt 0 0
vt 0 0
vt 0 0
vt 0 0
vt 0 0
vt 0 0
vt 0 0
vt 0 0
vt 0 0
vt 0 0
vt 0 0
vt 0 0
vt 0 0
vt 0 0
vt 0 0
vt 0 0
vt 0 0
vt 0 0
vt 0 0
vt 0 0
vt 0 0
vt 0 0
vt 0 0
vt 0 0
vt 0 0
vt 0 0
vt 0 0
vt 0 0
vt 0 0
vt 0 0
vt 0 0
vt 0 0
vt 0 0
vt 0 0
vt 0 0
vt 0 0
vt 0 0
vt 0 0
vt 0 0
vt 0 0
vt 0 0
vt 0 0
vt 0 0
vt 0 0
vt 0 0
vt 0 0
vt 0 0
vt 0 0
vt 0 0
vt 0 0
vt 0 0
vt 0 0
vt 0 0
vt 0 0
vt 0 0
vt 0 0
vt 0 0
vt 0 0
vt 0 0
vt 0 0
vt 0 0
vt 0 0
vt 0 0
vt 0 0
vt 0 0
vt 0 0
vt 0 0
vt 0 0
vt 0 0
vt 0 0
vt 0 0
vt 0 0
vt 0 0
vt 0 0
vt 0 0
vt 0 0
vt 0 0
vt 0 0
vt 0 0
vt 0 0
vt 0 0
vt 0 0
vt 0 0
vt 0 0
vt 0 0
vt 0 0
vt 0 0
vt 0 0
vt 0 0
vt 0 0
vt 0 0
vt 0 0
vt 0 0
vt 0 0
vt 0 0
vt 0 0
vt 0 0
vt 0 0
vt 0 0
vt 0 0
vt 0 0
vt 0 0
vt 0 0
vt 0 0
vt 0 0
vt 0 0
vt 0 0
vt 0 0
vt 0 0
vt 0 0
vt 0 0
vt 0 0
vt 0 0
vt 0 0
vt 0 0
vt 0 0
vt 0 0
vt 0 0
vt 0 0
vt 0 0
vt 0 0
vt 0 0
vt 0 0
vt 0 0
vt 0 0
vt 0 0
vt 0 0
vt 0 0
vt 0 0
vt 0 0
vt 0 0
vt 0 0
vt 0 0
vt 0 0
vt 0 0
vt 0 0
vt 0 0
vt 0 0
vt 0 0
vt 0 0
vt 0 0
vt 0 0
vt 0 0
vt 0 0
vt 0 0
vt 0 0
vt 0 0
vt 0 0
vt 0 0
vt 0 0
vt 0 0
vt 0 0
vt 0 0
vt 0 0
vt 0 0
vt 0 0
vt 0 0
vt 0 0
vt 0 0
vt 0 0
vt 0 0
vt 0 0
vt 0 0
vt 0 0
vt 0 0
vt 0 0
vt 0 0
vt 0 0
vt 0 0
vt 0 0
vt 0 0
vt 0 0
vt 0 0
vt 0 0
vt 0 0
vt 0 0
vt 0 0
vt 0 0
vt 0 0
vt 0 0
vt 0 0
vt 0 0
vt 0 0
vt 0 0
vt 0 0
vt 0 0
vt 0 0
vt 0 0
vt 0 0
vt 0 0
vt 0 0
vt 0 0
vt 0 0
vt 0 0
vt 0 0
vt 0 0
vt 0 0
vt 0 0
vt 0 0
vt 0 0
vt 0 0
vt 0 0
vt 0 0
vt 0 0
vt 0 0
vt 0 0
vt 0 0
vt 0 0
vt 0 0
vt 0 0
vt 0 0
vt 0 0
vt 0 0
vt 0 0
vt 0 0
vt 0 0
vt 0 0
vt 0 0
vt 0 0
vt 0 0
vt 0 0
vt 0 0
vt 0 0
vt 0 0
vt 0 0
vt 0 0
vt 0 0
vt 0 0
vt 0 0
vt 0 0
vt 0 0
vt 0 0
vt 0 0
vt 0 0
vt 0 0
vt 0 0
vt 0 0
vt 0 0
vt 0 0
vt 0 0
vt 0 0
vt 0 0
vt 0 0
vt 0 0
vt 0 0
vt 0 0
vt 0 0
vt 0 0
vt 0 0
vt 0 0
vt 0 0
vt 0 0
vt 0 0
vt 0 0
vt 0 0
vt 0 0
vt 0 0
vt 0 0
vt 0 0
vt 0 0
vt 0 0
vt 0 0
vt 0 0
vt 0 0
vt 0 0
vt 0 0
vt 0 0
vt 0 0
vt 0 0
vt 0 0
vt 0 0
vt 0 0
vt 0 0
vt 0 0
vt 0 0
vt 0 0
vt 0 0
vt 0 0
vt 0 0
vt 0 0
vt 0 0
vt 0 0
vt 0 0
vt 0 0
vt 0 0
vt 0 0
vt 0 0
vt 0 0
vt 0 0
vt 0 0
vt 0 0
vt 0 0
vt 0 0
vt 0 0
vt 0 0
vt 0 0
vt 0 0
vt 0 0
vt 0 0
vt 0 0
vt 0 0
vt 0 0
vt 0 0
vt 0 0
vt 0 0
vt 0 0
vt 0 0
vt 0 0
vt 0 0
vt 0 0
vt 0 0
vt 0 0
vt 0 0
vt 0 0
vt 0 0
vt 0 0
vt 0 0
vt 0 0
vt 0 0
vt 0 0
vt 0 0
vt 0 0
vt 0 0
vt 0 0
vt 0 0
vt 0 0
vt 0 0
vt 0 0
vt 0 0
vt 0 0
vt 0 0
vt 0 0
vt 0 0
vt 0 0
vt 0 0
vt 0 0
vt 0 0
vt 0 0
vt 0 0
vt 0 0
vt 0 0
vt 0 0
vt 0 0
vt 0 0
vt 0 0
vt 0 0
vt 0 0
vt 0 0
vt 0 0
vt 0 0
vt 0 0
vt 0 0
vt 0 0
vt 0 0
vt 0 0
vt 0 0
vt 0 0
vt 0 0
vt 0 0
vt 0 0
vt 0 0
vt 0 0
vt 0 0
vt 0 0
vt 0 0
vt 0 0
vt 0 0
vt 0 0
vt 0 0
vt 0 0
vt 0 0
vt 0 0
vt 0 0
vt 0 0
vt 0 0
vt 0 0
vt 0 0
vt 0 0
vt 0 0
vt 0 0
vt 0 0
vt 0 0
vt 0 0
vt 0 0
vt 0 0
vt 0 0
vt 0 0
vt 0 0
vt 0 0
vt 0 0
vt 0 0
vt 0 0
vt 0 0
vt 0 0
vt 0 0
vt 0 0
vt 0 0
vt 0 0
vt 0 0
vt 0 0
vt 0 0
vt 0 0
vt 0 0
vt 0 0
vt 0 0
vt 0 0
vt 0 0
vt 0 0
vt 0 0
vt 0 0
vt 0 0
vt 0 0
vt 0 0
vt 0 0
vt 0 0
vt 0 0
vt 0 0
vt 0 0
vt 0 0
vt 0 0
vt 0 0
vt 0 0
vt 0 0
vt 0 0
vt 0 0
vt 0 0
vt 0 0
vt 0 0
vt 0 0
vt 0 0
vt 0 0
vt 0 0
vt 0 0
vt 0 0
vt 0 0
vt 0 0
vt 0 0
vt 0 0
vt 0 0
vt 0 0
vt 0 0
vt 0 0
vt 0 0
vt 0 0
vt 0 0
vt 0 0
vt 0 0
vt 0 0
vt 0 0
vt 0 0
vt 0 0
vt 0 0
vt 0 0
vt 0 0
vt 0 0
vt 0 0
vt 0 0
vt 0 0
vt 0 0
vt 0 0
vt 0 0
vt 0 0
vt 0 0
vt 0 0
vt 0 0
vt 0 0
vt 0 0
vt 0 0
vt 0 0
vt 0 0
vt 0 0
vt 0 0
vt 0 0
vt 0 0
vt 0 0
vt 0 0
vt 0 0
vt 0 0
vt 0 0
vt 0 0
vt 0 0
vt 0 0
vt 0 0
vt 0 0
vt 0 0
vt 0 0
vt 0 0
vt 0 0
vt 0 0
vt 0 0
vt 0 0
vt 0 0
vt 0 0
vt 0 0
vt 0 0
vt 0 0
vt 0 0
vt 0 0
vt 0 0
vt 0 0
vt 0 0
vt 0 0
vt 0 0
vt 0 0
vt 0 0
vt 0 0
vt 0 0
vt 0 0
vt 0 0
vt 0 0
vt 0 0
vt 0 0
vt 0 0
vt 0 0
vt 0 0
vt 0 0
vt 0 0
vt 0 0
vt 0 0
vt 0 0
vt 0 0
vt 0 0
vt 0 0
vt 0 0
vt 0 0
vt 0 0
vt 0 0
vt 0 0
vt 0 0
vt 0 0
vt 0 0
vt 0 0
vt 0 0
vt 0 0
vt 0 0
vt 0 0
vt 0 0
vt 0 0
vt 0 0
vt 0 0
vt 0 0
vt 0 0
vt 0 0
vt 0 0
vt 0 0
vt 0 0
vt 0 0
vt 0 0
vt 0 0
vt 0 0
vt 0 0
vt 0 0
vt 0 0
vt 0 0
vt 0 0
vt 0 0
vt 0 0
vt 0 0
vt 0 0
vt 0 0
vt 0 0
vt 0 0
vt 0 0
vt 0 0
vt 0 0
vt 0 0
vt 0 0
vt 0 0
vt 0 0
vt 0 0
vt 0 0
vt 0 0
vt 0 0
vt 0 0
vt 0 0
vt 0 0
vt 0 0
vt 0 0
vt 0 0
vt 0 0
vt 0 0
vt 0 0
vt 0 0
vt 0 0
vt 0 0
vt 0 0
vt 0 0
vt 0 0
vt 0 0
vt 0 0
vt 0 0
vt 0 0
vt 0 0
vt 0 0
vt 0 0
vt 0 0
vt 0 0
vt 0 0
vt 0 0
vt 0 0
vt 0 0
vt 0 0
vt 0 0
vt 0 0
vt 0 0
vt 0 0
vt 0 0
vt 0 0
vt 0 0
vt 0 0
vt 0 0
vt 0 0
vt 0 0
vt 0 0
vt 0 0
vt 0 0
vt 0 0
vt 0 0
vt 0 0
vt 0 0
vt 0 0
vt 0 0
vt 0 0
vt 0 0
vt 0 0
vt 0 0
vt 0 0
vt 0 0
vt 0 0
vt 0 0
vt 0 0
vt 0 0
vt 0 0
vt 0 0
vt 0 0
vt 0 0
vt 0 0
vt 0 0
vt 0 0
vt 0 0
vt 0 0
vt 0 0
vt 0 0
vt 0 0
vt 0 0
vt 0 0
vt 0 0
vt 0 0
vt 0 0
vt 0 0
vt 0 0
vt 0 0
vt 0 0
vt 0 0
vt 0 0
vt 0 0
vt 0 0
vt 0 0
vt 0 0
vt 0 0
vt 0 0
vt 0 0
vt 0 0
vt 0 0
vt 0 0
vt 0 0
vt 0 0
vt 0 0
vt 0 0
vt 0 0
vt 0 0
vt 0 0
vt 0 0
vt 0 0
vt 0 0
vt 0 0
vt 0 0
vt 0 0
vt 0 0
vt 0 0
vt 0 0
vt 0 0
vt 0 0
vt 0 0
vt 0 0
vt 0 0
vt 0 0
vt 0 0
vt 0 0
vt 0 0
vt 0 0
vt 0 0
vt 0 0
vt 0 0
vt 0 0
vt 0 0
vt 0 0
vt 0 0
vt 0 0
vt 0 0
vt 0 0
vt 0 0
vt 0 0
vt 0 0
vt 0 0
vt 0 0
vt 0 0
vt 0 0
vt 0 0
vt 0 0
vt 0 0
vt 0 0
vt 0 0
vt 0 0
vt 0 0
vt 0 0
vt 0 0
vt 0 0
vt 0 0
vt 0 0
vt 0 0
vt 0 0
vt 0 0
vt 0 0
vt 0 0
vt 0 0
vt 0 0
vt 0 0
vt 0 0
vt 0 0
vt 0 0
vt 0 0
vt 0 0
vt 0 0
vt 0 0
vt 0 0
vt 0 0
vt 0 0
vt 0 0
vt 0 0
vt 0 0
vt 0 0
vt 0 0
vt 0 0
vt 0 0
vt 0 0
vt 0 0
vt 0 0
vt 0 0
vt 0 0
vt 0 0
vt 0 0
vt 0 0
vt 0 0
vt 0 0
vt 0 0
vt 0 0
vt 0 0
vt 0 0
vt 0 0
vt 0 0
vt 0 0
vt 0 0
vt 0 0
vt 0 0
vt 0 0
vt 0 0
vt 0 0
vt 0 0
vt 0 0
vt 0 0
vt 0 0
vt 0 0
vt 0 0
vt 0 0
vt 0 0
vt 0 0
vt 0 0
vt 0 0
vt 0 0
vt 0 0
vt 0 0
vt 0 0
vt 0 0
vt 0 0
vt 0 0
vt 0 0
vt 0 0
vt 0 0
vt 0 0
vt 0 0
vt 0 0
vt 0 0
vt 0 0
vt 0 0
vt 0 0
vt 0 0
vt 0 0
vt 0 0
vt 0 0
vt 0 0
vt 0 0
vt 0 0
vt 0 0
vt 0 0
vt 0 0
vt 0 0
vt 0 0
vt 0 0
vt 0 0
vt 0 0
vt 0 0
vt 0 0
vt 0 0
vt 0 0
vt 0 0
vt 0 0
vt 0 0
vt 0 0
vt 0 0
vt 0 0
vt 0 0
vt 0 0
vt 0 0
vt 0 0
vt 0 0
vt 0 0
vt 0 0
vt 0 0
vt 0 0
vt 0 0
vt 0 0
vt 0 0
vt 0 0
vt 0 0
vt 0 0
vt 0 0
vt 0 0
vt 0 0
vt 0 0
vt 0 0
vt 0 0
vt 0 0
vt 0 0
vt 0 0
vt 0 0
vt 0 0
vt 0 0
vt 0 0
vt 0 0
vt 0 0
vt 0 0
vt 0 0
vt 0 0
vt 0 0
vt 0 0
vt 0 0
vt 0 0
vt 0 0
vt 0 0
vt 0 0
vt 0 0
vt 0 0
vt 0 0
vt 0 0
vt 0 0
vt 0 0
vt 0 0
vt 0 0
vt 0 0
vt 0 0
vt 0 0
vt 0 0
vt 0 0
vt 0 0
vt 0 0
vt 0 0
vt 0 0
vt 0 0
vt 0 0
vt 0 0
vt 0 0
vt 0 0
vt 0 0
vt 0 0
vt 0 0
vt 0 0
vt 0 0
vt 0 0
vt 0 0
vt 0 0
vt 0 0
vt 0 0
vt 0 0
vt 0 0
vt 0 0
vt 0 0
vt 0 0
vt 0 0
vt 0 0
vt 0 0
vt 0 0
vt 0 0
vt 0 0
vt 0 0
vt 0 0
vt 0 0
vt 0 0
vt 0 0
vt 0 0
vt 0 0
vt 0 0
vt 0 0
vt 0 0
vt 0 0
vt 0 0
vt 0 0
vt 0 0
vt 0 0
vt 0 0
vt 0 0
vt 0 0
vt 0 0
vt 0 0
vt 0 0
vt 0 0
vt 0 0
vt 0 0
vt 0 0
vt 0 0
vt 0 0
vt 0 0
vt 0 0
vt 0 0
vt 0 0
vt 0 0
vt 0 0
vt 0 0
vt 0 0
vt 0 0
vt 0 0
vt 0 0
vt 0 0
vt 0 0
vt 0 0
vt 0 0
vt 0 0
vt 0 0
vt 0 0
vt 0 0
vt 0 0
vt 0 0
vt 0 0
vt 0 0
vt 0 0
vt 0 0
vt 0 0
vt 0 0
vt 0 0
vt 0 0
vt 0 0
vt 0 0
vt 0 0
vt 0 0
vt 0 0
vt 0 0
vt 0 0
vt 0 0
vt 0 0
vt 0 0
vt 0 0
vt 0 0
vt 0 0
vt 0 0
vt 0 0
vt 0 0
vt 0 0
vt 0 0
vt 0 0
vt 0 0
vt 0 0
vt 0 0
vt 0 0
vt 0 0
vt 0 0
vt 0 0
vt 0 0
vt 0 0
vt 0 0
vt 0 0
vt 0 0
vt 0 0
vt 0 0
vt 0 0
vt 0 0
vt 0 0
vt 0 0
vt 0 0
vt 0 0
vt 0 0
vt 0 0
vt 0 0
vt 0 0
vt 0 0
vt 0 0
vt 0 0
vt 0 0
vt 0 0
vt 0 0
vt 0 0
vt 0 0
vt 0 0
vt 0 0
vt 0 0
vt 0 0
vt 0 0
vt 0 0
vt 0 0
vt 0 0
vt 0 0
vt 0 0
vt 0 0
vt 0 0
vt 0 0
vt 0 0
vt 0 0
vt 0 0
vt 0 0
vt 0 0
vt 0 0
vt 0 0
vt 0 0
vt 0 0
vt 0 0
vt 0 0
vt 0 0
vt 0 0
vt 0 0
vt 0 0
vt 0 0
vt 0 0
vt 0 0
vt 0 0
vt 0 0
vt 0 0
vt 0 0
vt 0 0
vt 0 0
vt 0 0
vt 0 0
vt 0 0
vt 0 0
vt 0 0
vt 0 0
vt 0 0
vt 0 0
vt 0 0
vt 0 0
vt 0 0
vt 0 0
vt 0 0
vt 0 0
vt 0 0
vt 0 0
vt 0 0
vt 0 0
vt 0 0
vt 0 0
vt 0 0
vt 0 0
vt 0 0
vt 0 0
vt 0 0
vt 0 0
vt 0 0
vt 0 0
vt 0 0
vt 0 0
vt 0 0
vt 0 0
vt 0 0
vt 0 0
vt 0 0
vt 0 0
vt 0 0
vt 0 0
vt 0 0
vt 0 0
vt 0 0
vt 0 0
vt 0 0
vt 0 0
vt 0 0
vt 0 0
vt 0 0
vt 0 0
vt 0 0
vt 0 0
vt 0 0
vt 0 0
vt 0 0
vt 0 0
vt 0 0
vt 0 0
vt 0 0
vt 0 0
vt 0 0
vt 0 0
vt 0 0
vt 0 0
vt 0 0
vt 0 0
vt 0 0
vt 0 0
vt 0 0
vt 0 0
vt 0 0
vt 0 0
vt 0 0
vt 0 0
vt 0 0
vt 0 0
vt 0 0
vt 0 0
vt 0 0
vt 0 0
vt 0 0
vt 0 0
vt 0 0
vt 0 0
vt 0 0
vt 0 0
vt 0 0
vt 0 0
vt 0 0
vt 0 0
vt 0 0
vt 0 0
vt 0 0
vt 0 0
vt 0 0
vt 0 0
vt 0 0
vt 0 0
vt 0 0
vt 0 0
vt 0 0
vt 0 0
vt 0 0
vt 0 0
vt 0 0
vt 0 0
vt 0 0
vt 0 0
vt 0 0
vt 0 0
vt 0 0
vt 0 0
vt 0 0
vt 0 0
vt 0 0
vt 0 0
vt 0 0
vt 0 0
vt 0 0
vt 0 0
vt 0 0
vt 0 0
vt 0 0
vt 0 0
vt 0 0
vt 0 0
vt 0 0
vt 0 0
vt 0 0
vt 0 0
vt 0 0
vt 0 0
vt 0 0
vt 0 0
vt 0 0
vt 0 0
vt 0 0
vt 0 0
vt 0 0
vt 0 0
vt 0 0
vt 0 0
vt 0 0
vt 0 0
vt 0 0
vt 0 0
vt 0 0
vt 0 0
vt 0 0
vt 0 0
vt 0 0
vt 0 0
vt 0 0
vt 0 0
vt 0 0
vt 0 0
vt 0 0
vt 0 0
vt 0 0
vt 0 0
vt 0 0
vt 0 0
vt 0 0
vt 0 0
vt 0 0
vt 0 0
vt 0 0
vt 0 0
vt 0 0
vt 0 0
vt 0 0
vt 0 0
vt 0 0
vt 0 0
vt 0 0
vt 0 0
vt 0 0
vt 0 0
vt 0 0
vt 0 0
vt 0 0
vt 0 0
vt 0 0
vt 0 0
vt 0 0
vt 0 0
vt 0 0
vt 0 0
vt 0 0
vt 0 0
vt 0 0
vt 0 0
vt 0 0
vt 0 0
vt 0 0
vt 0 0
vt 0 0
vt 0 0
vt 0 0
vt 0 0
vt 0 0
vt 0 0
vt 0 0
vt 0 0
vt 0 0
vt 0 0
vt 0 0
vt 0 0
vt 0 0
vt 0 0
vt 0 0
vt 0 0
vt 0 0
vt 0 0
vt 0 0
vt 0 0
vt 0 0
vt 0 0
vt 0 0
vt 0 0
vt 0 0
vt 0 0
vt 0 0
vt 0 0
vt 0 0
vt 0 0
vt 0 0
vt 0 0
vt 0 0
vt 0 0
vt 0 0
vt 0 0
vt 0 0
vt 0 0
vt 0 0
vt 0 0
vt 0 0
vt 0 0
vt 0 0
vt 0 0
vt 0 0
vt 0 0
vt 0 0
vt 0 0
vt 0 0
vt 0 0
vt 0 0
vt 0 0
vt 0 0
vt 0 0
vt 0 0
vt 0 0
vt 0 0
vt 0 0
vt 0 0
vt 0 0
vt 0 0
vt 0 0
vt 0 0
vt 0 0
vt 0 0
vt 0 0
vt 0 0
vt 0 0
vt 0 0
vt 0 0
vt 0 0
vt 0 0
vt 0 0
vt 0 0
vt 0 0
vt 0 0
vt 0 0
vt 0 0
vt 0 0
vt 0 0
vt 0 0
vt 0 0
vt 0 0
vt 0 0
vt 0 0
vt 0 0
vt 0 0
vt 0 0
vt 0 0
vt 0 0
vt 0 0
vt 0 0
vt 0 0
vt 0 0
vt 0 0
vt 0 0
vt 0 0
vt 0 0
vt 0 0
vt 0 0
vt 0 0
vt 0 0
vt 0 0
vt 0 0
vt 0 0
vt 0 0
vt 0 0
vt 0 0
vt 0 0
vt 0 0
vt 0 0
vt 0 0
vt 0 0
vt 0 0
vt 0 0
vt 0 0
vt 0 0
vt 0 0
vt 0 0
vt 0 0
vt 0 0
vt 0 0
vt 0 0
vt 0 0
vt 0 0
vt 0 0
vt 0 0
vt 0 0
vt 0 0
vt 0 0
vt 0 0
vt 0 0
vt 0 0
vt 0 0
vt 0 0
vt 0 0
vt 0 0
vt 0 0
vt 0 0
vt 0 0
vt 0 0
vt 0 0
vt 0 0
vt 0 0
vt 0 0
vt 0 0
vt 0 0
vt 0 0
vt 0 0
vt 0 0
vt 0 0
vt 0 0
vt 0 0
vt 0 0
vt 0 0
vt 0 0
vt 0 0
vt 0 0
vt 0 0
vt 0 0
vt 0 0
vt 0 0
vt 0 0
vt 0 0
vt 0 0
vt 0 0
vt 0 0
vt 0 0
vt 0 0
vt 0 0
vt 0 0
vt 0 0
vt 0 0
vt 0 0
vt 0 0
vt 0 0
vt 0 0
vt 0 0
vt 0 0
vt 0 0
vt 0 0
vt 0 0
vt 0 0
vt 0 0
vt 0 0
vt 0 0
vt 0 0
vt 0 0
vt 0 0
vt 0 0
vt 0 0
vt 0 0
vt 0 0
vt 0 0
vt 0 0
vt 0 0
vt 0 0
vt 0 0
vt 0 0
vt 0 0
vt 0 0
vt 0 0
vt 0 0
vt 0 0
vt 0 0
vt 0 0
vt 0 0
vt 0 0
vt 0 0
vt 0 0
vt 0 0
vt 0 0
vt 0 0
vt 0 0
vt 0 0
vt 0 0
vt 0 0
vt 0 0
vt 0 0
vt 0 0
vt 0 0
vt 0 0
vt 0 0
vt 0 0
vt 0 0
vt 0 0
vt 0 0
vt 0 0
vt 0 0
vt 0 0
vt 0 0
vt 0 0
vt 0 0
vt 0 0
vt 0 0
vt 0 0
vt 0 0
vt 0 0
vt 0 0
vt 0 0
vt 0 0
vt 0 0
vt 0 0
vt 0 0
vt 0 0
vt 0 0
vt 0 0
vt 0 0
vt 0 0
vt 0 0
vt 0 0
vt 0 0
vt 0 0
vt 0 0
vt 0 0
vt 0 0
vt 0 0
vt 0 0
vt 0 0
vt 0 0
vt 0 0
vt 0 0
vt 0 0
vt 0 0
vt 0 0
vt 0 0
vt 0 0
vt 0 0
vt 0 0
vt 0 0
vt 0 0
vt 0 0
vt 0 0
vt 0 0
vt 0 0
vt 0 0
vt 0 0
vt 0 0
vt 0 0
vt 0 0
vt 0 0
vt 0 0
vt 0 0
vt 0 0
vt 0 0
vt 0 0
vt 0 0
vt 0 0
vt 0 0
vt 0 0
vt 0 0
vt 0 0
vt 0 0
vt 0 0
vt 0 0
vt 0 0
vt 0 0
vt 0 0
vt 0 0
vt 0 0
vt 0 0
vt 0 0
vt 0 0
vt 0 0
vt 0 0
vt 0 0
vt 0 0
vt 0 0
vt 0 0
vt 0 0
vt 0 0
vt 0 0
vt 0 0
vt 0 0
vt 0 0
vt 0 0
vt 0 0
vt 0 0
vt 0 0
vt 0 0
vt 0 0
vt 0 0
vt 0 0
vt 0 0
vt 0 0
vt 0 0
vt 0 0
vt 0 0
vt 0 0
vt 0 0
vt 0 0
vt 0 0
vt 0 0
vt 0 0
vt 0 0
vt 0 0
vt 0 0
vt 0 0
vt 0 0
vt 0 0
vt 0 0
vt 0 0
vt 0 0
vt 0 0
vt 0 0
vt 0 0
vt 0 0
vt 0 0
vt 0 0
vt 0 0
vt 0 0
vt 0 0
vt 0 0
vt 0 0
vt 0 0
vt 0 0
vt 0 0
vt 0 0
vt 0 0
vt 0 0
vt 0 0
vt 0 0
vt 0 0
vt 0 0
vt 0 0
vt 0 0
vt 0 0
vt 0 0
vt 0 0
vt 0 0
vt 0 0
vt 0 0
vt 0 0
vt 0 0
vt 0 0
vt 0 0
vt 0 0
vt 0 0
vt 0 0
vt 0 0
vt 0 0
vt 0 0
vt 0 0
vt 0 0
vt 0 0
vt 0 0
vt 0 0
vt 0 0
vt 0 0
vt 0 0
vt 0 0
vt 0 0
vt 0 0
vt 0 0
vt 0 0
vt 0 0
vt 0 0
vt 0 0
vt 0 0
vt 0 0
vt 0 0
vt 0 0
vt 0 0
vt 0 0
vt 0 0
vt 0 0
vt 0 0
vt 0 0
vt 0 0
vt 0 0
vt 0 0
vt 0 0
vt 0 0
vt 0 0
vt 0 0
vt 0 0
vt 0 0
vt 0 0
vt 0 0
vt 0 0
vt 0 0
vt 0 0
vt 0 0
vt 0 0
vt 0 0
vt 0 0
vt 0 0
vt 0 0
vt 0 0
vt 0 0
vt 0 0
vt 0 0
vt 0 0
vt 0 0
vt 0 0
vt 0 0
vt 0 0
vt 0 0
vt 0 0
vt 0 0
vt 0 0
vt 0 0
vt 0 0
vt 0 0
vt 0 0
vt 0 0
vt 0 0
vt 0 0
vt 0 0
vt 0 0
vt 0 0
vt 0 0
vt 0 0
vt 0 0
vt 0 0
vt 0 0
vt 0 0
vt 0 0
vt 0 0
vt 0 0
vt 0 0
vt 0 0
vt 0 0
vt 0 0
vt 0 0
vt 0 0
vt 0 0
vt 0 0
vt 0 0
vt 0 0
vt 0 0
vt 0 0
vt 0 0
vt 0 0
vt 0 0
vt 0 0
vt 0 0
vt 0 0
vt 0 0
vt 0 0
vt 0 0
vt 0 0
vt 0 0
vt 0 0
vt 0 0
vt 0 0
vt 0 0
vt 0 0
vt 0 0
vt 0 0
vt 0 0
vt 0 0
vt 0 0
vt 0 0
vt 0 0
vt 0 0
vt 0 0
vt 0 0
vt 0 0
vt 0 0
vt 0 0
vt 0 0
vt 0 0
vt 0 0
vt 0 0
vt 0 0
vt 0 0
vt 0 0
vt 0 0
vt 0 0
vt 0 0
vt 0 0
vt 0 0
vt 0 0
vt 0 0
vt 0 0
vt 0 0
vt 0 0
vt 0 0
vt 0 0
vt 0 0
vt 0 0
vt 0 0
vt 0 0
vt 0 0
vt 0 0
vt 0 0
vt 0 0
vt 0 0
vt 0 0
vt 0 0
vt 0 0
vt 0 0
vt 0 0
vt 0 0
vt 0 0
vt 0 0
vt 0 0
vt 0 0
vt 0 0
vt 0 0
vt 0 0
vt 0 0
vt 0 0
vt 0 0
vt 0 0
vt 0 0
vt 0 0
vt 0 0
vt 0 0
vt 0 0
vt 0 0
vt 0 0
vt 0 0
vt 0 0
vt 0 0
vt 0 0
vt 0 0
vt 0 0
vt 0 0
vt 0 0
vt 0 0
vt 0 0
vt 0 0
vt 0 0
vt 0 0
vt 0 0
vt 0 0
vt 0 0
vt 0 0
vt 0 0
vt 0 0
vt 0 0
vt 0 0
vt 0 0
vt 0 0
vt 0 0
vt 0 0
vt 0 0
vt 0 0
vt 0 0
vt 0 0
vt 0 0
vt 0 0
vt 0 0
vt 0 0
vt 0 0
vt 0 0
vt 0 0
vt 0 0
vt 0 0
vt 0 0
vt 0 0
vt 0 0
vt 0 0
vt 0 0
vt 0 0
vt 0 0
vt 0 0
vt 0 0
vt 0 0
vt 0 0
vt 0 0
vt 0 0
vt 0 0
vt 0 0
vt 0 0
vt 0 0
vt 0 0
vt 0 0
vt 0 0
vt 0 0
vt 0 0
vt 0 0
vt 0 0
vt 0 0
vt 0 0
vt 0 0
vt 0 0
vt 0 0
vt 0 0
vt 0 0
vt 0 0
vt 0 0
vt 0 0
vt 0 0
vt 0 0
vt 0 0
vt 0 0
vt 0 0
vt 0 0
vt 0 0
vt 0 0
vt 0 0
vt 0 0
vt 0 0
vt 0 0
vt 0 0
vt 0 0
vt 0 0
vt 0 0
vt 0 0
vt 0 0
vt 0 0
vt 0 0
vt 0 0
vt 0 0
vt 0 0
vt 0 0
vt 0 0
vt 0 0
vt 0 0
vt 0 0
vt 0 0
vt 0 0
vt 0 0
vt 0 0
vt 0 0
vt 0 0
vt 0 0
vt 0 0
vt 0 0
vt 0 0
vt 0 0
vt 0 0
vt 0 0
vt 0 0
vt 0 0
vt 0 0
vt 0 0
vt 0 0
vt 0 0
vt 0 0
vt 0 0
vt 0 0
vt 0 0
vt 0 0
vt 0 0
vt 0 0
vt 0 0
vt 0 0
vt 0 0
vt 0 0
vt 0 0
vt 0 0
vt 0 0
vt 0 0
vt 0 0
vt 0 0
vt 0 0
vt 0 0
vt 0 0
vt 0 0
vt 0 0
vt 0 0
vt 0 0
vt 0 0
vt 0 0
vt 0 0
vt 0 0
vt 0 0
vt 0 0
vt 0 0
vt 0 0
vt 0 0
vt 0 0
vt 0 0
vt 0 0
vt 0 0
vt 0 0
vt 0 0
vt 0 0
vt 0 0
vt 0 0
vt 0 0
vt 0 0
vt 0 0
vt 0 0
vt 0 0
vt 0 0
vt 0 0
vt 0 0
vt 0 0
vt 0 0
vt 0 0
vt 0 0
vt 0 0
vt 0 0
vt 0 0
vt 0 0
vt 0 0
vt 0 0
vt 0 0
vt 0 0
vt 0 0
vt 0 0
vt 0 0
vt 0 0
vt 0 0
vt 0 0
vt 0 0
vt 0 0
vt 0 0
vt 0 0
vt 0 0
vt 0 0
vt 0 0
vt 0 0
vt 0 0
vt 0 0
vt 0 0
vt 0 0
vt 0 0
vt 0 0
vt 0 0
vt 0 0
vt 0 0
vt 0 0
vt 0 0
vt 0 0
vt 0 0
vt 0 0
vt 0 0
vt 0 0
vt 0 0
vt 0 0
vt 0 0
vt 0 0
vt 0 0
vt 0 0
vt 0 0
vt 0 0
vt 0 0
vt 0 0
vt 0 0
vt 0 0
vt 0 0
vt 0 0
vt 0 0
vt 0 0
vt 0 0
vt 0 0
vt 0 0
vt 0 0
vt 0 0
vt 0 0
vt 0 0
vt 0 0
vt 0 0
vt 0 0
vt 0 0
vt 0 0
vt 0 0
vt 0 0
vt 0 0
vt 0 0
vt 0 0
vt 0 0
vt 0 0
vt 0 0
vt 0 0
vt 0 0
vt 0 0
vt 0 0
vt 0 0
vt 0 0
vt 0 0
vt 0 0
vt 0 0
vt 0 0
vt 0 0
vt 0 0
vt 0 0
vt 0 0
vt 0 0
vt 0 0
vt 0 0
vt 0 0
vt 0 0
vt 0 0
vt 0 0
vt 0 0
vt 0 0
vt 0 0
vt 0 0
vt 0 0
vt 0 0
vt 0 0
vt 0 0
vt 0 0
vt 0 0
vt 0 0
vt 0 0
vt 0 0
vt 0 0
vt 0 0
vt 0 0
vt 0 0
vt 0 0
vt 0 0
vt 0 0
vt 0 0
vt 0 0
vt 0 0
vt 0 0
vt 0 0
vt 0 0
vt 0 0
vt 0 0
vt 0 0
vt 0 0
vt 0 0
vt 0 0
vt 0 0
vt 0 0
vt 0 0
vt 0 0
vt 0 0
vt 0 0
vt 0 0
vt 0 0
vt 0 0
vt 0 0
vt 0 0
vt 0 0
vt 0 0
vt 0 0
vt 0 0
vt 0 0
vt 0 0
vt 0 0
vt 0 0
vt 0 0
vt 0 0
vt 0 0
vt 0 0
vt 0 0
vt 0 0
vt 0 0
vt 0 0
vt 0 0
vt 0 0
vt 0 0
vt 0 0
vt 0 0
vt 0 0
vt 0 0
vt 0 0
vt 0 0
vt 0 0
vt 0 0
vt 0 0
vt 0 0
vt 0 0
vt 0 0
vt 0 0
vt 0 0
vt 0 0
vt 0 0
vt 0 0
vt 0 0
vt 0 0
vt 0 0
vt 0 0
vt 0 0
vt 0 0
vt 0 0
vt 0 0
vt 0 0
vt 0 0
vt 0 0
vt 0 0
vt 0 0
vt 0 0
vt 0 0
vt 0 0
vt 0 0
vt 0 0
vt 0 0
vt 0 0
vt 0 0
vt 0 0
vt 0 0
vt 0 0
vt 0 0
vt 0 0
vt 0 0
vt 0 0
vt 0 0
vt 0 0
vt 0 0
vt 0 0
vt 0 0
vt 0 0
vt 0 0
vt 0 0
vt 0 0
vt 0 0
vt 0 0
vt 0 0
vt 0 0
vt 0 0
vt 0 0
vt 0 0
vt 0 0
vt 0 0
vt 0 0
vt 0 0
vt 0 0
vt 0 0
vt 0 0
vt 0 0
vt 0 0
vt 0 0
vt 0 0
vt 0 0
vt 0 0
vt 0 0
vt 0 0
vt 0 0
vt 0 0
vt 0 0
vt 0 0
vt 0 0
vt 0 0
vt 0 0
vt 0 0
vt 0 0
vt 0 0
vt 0 0
vt 0 0
vt 0 0
vt 0 0
vt 0 0
vt 0 0
vt 0 0
vt 0 0
vt 0 0
vt 0 0
vt 0 0
vt 0 0
vt 0 0
vt 0 0
vt 0 0
vt 0 0
vt 0 0
vt 0 0
vt 0 0
vt 0 0
vt 0 0
vt 0 0
vt 0 0
vt 0 0
vt 0 0
vt 0 0
vt 0 0
vt 0 0
vt 0 0
vt 0 0
vt 0 0
vt 0 0
vt 0 0
vt 0 0
vt 0 0
vt 0 0
vt 0 0
vt 0 0
vt 0 0
vt 0 0
vt 0 0
vt 0 0
vt 0 0
vt 0 0
vt 0 0
vt 0 0
vt 0 0
vt 0 0
vt 0 0
vt 0 0
vt 0 0
vt 0 0
vt 0 0
vt 0 0
vt 0 0
vt 0 0
vt 0 0
vt 0 0
vt 0 0
vt 0 0
vt 0 0
vt 0 0
vt 0 0
vt 0 0
vt 0 0
vt 0 0
vt 0 0
vt 0 0
vt 0 0
vt 0 0
vt 0 0
vt 0 0
vt 0 0
vt 0 0
vt 0 0
vt 0 0
vt 0 0
vt 0 0
vt 0 0
vt 0 0
vt 0 0
vt 0 0
vt 0 0
vt 0 0
vt 0 0
vt 0 0
vt 0 0
vt 0 0
vt 0 0
vt 0 0
vt 0 0
vt 0 0
vt 0 0
vt 0 0
vt 0 0
vt 0 0
vt 0 0
vt 0 0
vt 0 0
vt 0 0
vt 0 0
vt 0 0
vt 0 0
vt 0 0
vt 0 0
vt 0 0
vt 0 0
vt 0 0
vt 0 0
vt 0 0
vt 0 0
vt 0 0
vt 0 0
vt 0 0
vt 0 0
vt 0 0
vt 0 0
vt 0 0
vt 0 0
vt 0 0
vt 0 0
vt 0 0
vt 0 0
vt 0 0
vt 0 0
vt 0 0
vt 0 0
vt 0 0
vt 0 0
vt 0 0
vt 0 0
vt 0 0
vt 0 0
vt 0 0
vt 0 0
vt 0 0
vt 0 0
vt 0 0
vt 0 0
vt 0 0
vt 0 0
vt 0 0
vt 0 0
vt 0 0
vt 0 0
vt 0 0
vt 0 0
vt 0 0
vt 0 0
vt 0 0
vt 0 0
vt 0 0
vt 0 0
vt 0 0
vt 0 0
vt 0 0
vt 0 0
vt 0 0
vt 0 0
vt 0 0
vt 0 0
vt 0 0
vt 0 0
vt 0 0
vt 0 0
vt 0 0
vt 0 0
vt 0 0
vt 0 0
vt 0 0
vt 0 0
vt 0 0
vt 0 0
vt 0 0
vt 0 0
vt 0 0
vt 0 0
vt 0 0
vt 0 0
vt 0 0
vt 0 0
vt 0 0
vt 0 0
vt 0 0
vt 0 0
vt 0 0
vt 0 0
vt 0 0
vt 0 0
vt 0 0
vt 0 0
vt 0 0
vt 0 0
vt 0 0
vt 0 0
vt 0 0
vt 0 0
vt 0 0
vt 0 0
vt 0 0
vt 0 0
vt 0 0
vt 0 0
vt 0 0
vt 0 0
vt 0 0
vt 0 0
vt 0 0
vt 0 0
vt 0 0
vt 0 0
vt 0 0
vt 0 0
vt 0 0
vt 0 0
vt 0 0
vt 0 0
vt 0 0
vt 0 0
vt 0 0
vt 0 0
vt 0 0
vt 0 0
vt 0 0
vt 0 0
vt 0 0
vt 0 0
vt 0 0
vt 0 0
vt 0 0
vt 0 0
vt 0 0
vt 0 0
vt 0 0
vt 0 0
vt 0 0
vt 0 0
vt 0 0
vt 0 0
vt 0 0
vt 0 0
vt 0 0
vt 0 0
vt 0 0
vt 0 0
vt 0 0
vt 0 0
vt 0 0
vt 0 0
vt 0 0
vt 0 0
vt 0 0
vt 0 0
vt 0 0
vt 0 0
vt 0 0
vt 0 0
vt 0 0
vt 0 0
vt 0 0
vt 0 0
vt 0 0
vt 0 0
vt 0 0
vt 0 0
vt 0 0
vt 0 0
vt 0 0
vt 0 0
vt 0 0
vt 0 0
vt 0 0
vt 0 0
vt 0 0
vt 0 0
vt 0 0
vt 0 0
vt 0 0
vt 0 0
vt 0 0
vt 0 0
vt 0 0
vt 0 0
vt 0 0
vt 0 0
vt 0 0
vt 0 0
vt 0 0
vt 0 0
vt 0 0
vt 0 0
vt 0 0
vt 0 0
vt 0 0
vt 0 0
vt 0 0
vt 0 0
vt 0 0
vt 0 0
vt 0 0
vt 0 0
vt 0 0
vt 0 0
vt 0 0
vt 0 0
vt 0 0
vt 0 0
vt 0 0
vt 0 0
vt 0 0
vt 0 0
vt 0 0
vt 0 0
vt 0 0
vt 0 0
vt 0 0
vt 0 0
vt 0 0
vt 0 0
vt 0 0
vt 0 0
vt 0 0
vt 0 0
vt 0 0
vt 0 0
vt 0 0
vt 0 0
vt 0 0
vt 0 0
vt 0 0
vt 0 0
vt 0 0
vt 0 0
vt 0 0
vt 0 0
vt 0 0
vt 0 0
vt 0 0
vt 0 0
vt 0 0
vt 0 0
vt 0 0
vt 0 0
vt 0 0
vt 0 0
vt 0 0
vt 0 0
vt 0 0
vt 0 0
vt 0 0
vt 0 0
vt 0 0
vt 0 0
vt 0 0
vt 0 0
vt 0 0
vt 0 0
vt 0 0
vt 0 0
vt 0 0
vt 0 0
vt 0 0
vt 0 0
vt 0 0
vt 0 0
vt 0 0
vt 0 0
vt 0 0
vt 0 0
vt 0 0
vt 0 0
vt 0 0
vt 0 0
vt 0 0
vt 0 0
vt 0 0
vt 0 0
vt 0 0
vt 0 0
vt 0 0
vt 0 0
vt 0 0
vt 0 0
vt 0 0
vt 0 0
vt 0 0
vt 0 0
vt 0 0
vt 0 0
vt 0 0
vt 0 0
vt 0 0
vt 0 0
vt 0 0
vt 0 0
vt 0 0
vt 0 0
vt 0 0
vt 0 0
vt 0 0
vt 0 0
vt 0 0
vt 0 0
vt 0 0
vt 0 0
vt 0 0
vt 0 0
vt 0 0
vt 0 0
vt 0 0
vt 0 0
vt 0 0
vt 0 0
vt 0 0
vt 0 0
vt 0 0
vt 0 0
vt 0 0
vt 0 0
vt 0 0
vt 0 0
vt 0 0
vt 0 0
vt 0 0
vt 0 0
vt 0 0
vt 0 0
vt 0 0
vt 0 0
vt 0 0
vt 0 0
vt 0 0
vt 0 0
vt 0 0
vt 0 0
vt 0 0
vt 0 0
vt 0 0
vt 0 0
vt 0 0
vt 0 0
vt 0 0
vt 0 0
vt 0 0
vt 0 0
vt 0 0
vt 0 0
vt 0 0
vt 0 0
vt 0 0
vt 0 0
vt 0 0
vt 0 0
vt 0 0
vt 0 0
vt 0 0
vt 0 0
vt 0 0
vt 0 0
vt 0 0
vt 0 0
vt 0 0
vt 0 0
vt 0 0
vt 0 0
vt 0 0
vt 0 0
vt 0 0
vt 0 0
vt 0 0
vt 0 0
vt 0 0
vt 0 0
vt 0 0
vt 0 0
vt 0 0
vt 0 0
vt 0 0
vt 0 0
vt 0 0
vt 0 0
vt 0 0
vt 0 0
vt 0 0
vt 0 0
vt 0 0
vt 0 0
vt 0 0
vt 0 0
vt 0 0
vt 0 0
vt 0 0
vt 0 0
vt 0 0
vt 0 0
vt 0 0
vt 0 0
vt 0 0
vt 0 0
vt 0 0
vt 0 0
vt 0 0
vt 0 0
vt 0 0
vt 0 0
vt 0 0
vt 0 0
vt 0 0
vt 0 0
vt 0 0
vt 0 0
vt 0 0
vt 0 0
vt 0 0
vt 0 0
vt 0 0
vt 0 0
vt 0 0
vt 0 0
vt 0 0
vt 0 0
vt 0 0
vt 0 0
vt 0 0
vt 0 0
vt 0 0
vt 0 0
vt 0 0
vt 0 0
vt 0 0
vt 0 0
vt 0 0
vt 0 0
vt 0 0
vt 0 0
vt 0 0
vt 0 0
vt 0 0
vt 0 0
vt 0 0
vt 0 0
vt 0 0
vt 0 0
vt 0 0
vt 0 0
vt 0 0
vt 0 0
vt 0 0
vt 0 0
vt 0 0
vt 0 0
vt 0 0
vt 0 0
vt 0 0
vt 0 0
vt 0 0
vt 0 0
vt 0 0
vt 0 0
vt 0 0
vt 0 0
vt 0 0
vt 0 0
vt 0 0
vt 0 0
vt 0 0
vt 0 0
vt 0 0
vt 0 0
vt 0 0
vt 0 0
vt 0 0
vt 0 0
vt 0 0
vt 0 0
vt 0 0
vt 0 0
vt 0 0
vt 0 0
vt 0 0
vt 0 0
vt 0 0
vt 0 0
vt 0 0
vt 0 0
vt 0 0
vt 0 0
vt 0 0
vt 0 0
vt 0 0
vt 0 0
vt 0 0
vt 0 0
vt 0 0
vt 0 0
vt 0 0
vt 0 0
vt 0 0
vt 0 0
vt 0 0
vt 0 0
vt 0 0
vt 0 0
vt 0 0
vt 0 0
vt 0 0
vt 0 0
vt 0 0
vt 0 0
vt 0 0
vt 0 0
vt 0 0
vt 0 0
vt 0 0
vt 0 0
vt 0 0
vt 0 0
vt 0 0
vt 0 0
vt 0 0
vt 0 0
vt 0 0
vt 0 0
vt 0 0
vt 0 0
vt 0 0
vt 0 0
vt 0 0
vt 0 0
vt 0 0
vt 0 0
vt 0 0
vt 0 0
vt 0 0
vt 0 0
vt 0 0
vt 0 0
vt 0 0
vt 0 0
vt 0 0
vt 0 0
vt 0 0
vt 0 0
vt 0 0
vt 0 0
vt 0 0
vt 0 0
vt 0 0
vt 0 0
vt 0 0
vt 0 0
vt 0 0
vt 0 0
vt 0 0
vt 0 0
vt 0 0
vt 0 0
vt 0 0
vt 0 0
vt 0 0
vt 0 0
vt 0 0
vt 0 0
vt 0 0

f 7/1/7 9/1/9 10/1/10
f 9/1/9 7/1/7 6/1/6
f 1/1/1 8/1/8 7/1/7
f 7/1/7 10/1/10 1/1/1
f 11/1/11 8/1/8 1/1/1
f 12/1/12 3/1/3 10/1/10
f 11/1/11 1/1/1 2/1/2
f 1/1/1 10/1/10 3/1/3
f 1/1/1 3/1/3 24/1/24
f 24/1/24 2/1/2 1/1/1
f 24/1/24 3/1/3 15/1/15
f 4/1/4 5/1/5 6/1/6
f 6/1/6 5/1/5 9/1/9
f 31/1/31 4/1/4 6/1/6
f 8/1/8 31/1/31 6/1/6
f 7/1/7 8/1/8 6/1/6
f 2/1/2 24/1/24 13/1/13
f 3/1/3 12/1/12 14/1/14
f 3/1/3 14/1/14 15/1/15
f 16/1/16 14/1/14 12/1/12
f 14/1/14 16/1/16 25/1/25
f 15/1/15 14/1/14 25/1/25
f 19/1/19 17/1/17 27/1/27
f 18/1/18 17/1/17 19/1/19
f 26/1/26 17/1/17 18/1/18
f 37/1/37 19/1/19 27/1/27
f 20/1/20 26/1/26 18/1/18
f 19/1/19 37/1/37 28/1/28
f 18/1/18 19/1/19 21/1/21
f 20/1/20 18/1/18 21/1/21
f 21/1/21 19/1/19 28/1/28
f 22/1/22 21/1/21 28/1/28
f 22/1/22 20/1/20 21/1/21
f 22/1/22 28/1/28 30/1/30
f 32/1/32 9/1/9 5/1/5
f 63/1/63 31/1/31 8/1/8
f 11/1/11 63/1/63 8/1/8
f 12/1/12 10/1/10 23/1/23
f 11/1/11 2/1/2 41/1/41
f 33/1/33 12/1/12 23/1/23
f 24/1/24 65/1/65 13/1/13
f 15/1/15 25/1/25 35/1/35
f 25/1/25 16/1/16 34/1/34
f 28/1/28 37/1/37 38/1/38
f 30/1/30 28/1/28 38/1/38
f 4/1/4 61/1/61 32/1/32
f 4/1/4 73/1/73 61/1/61
f 4/1/4 32/1/32 5/1/5
f 31/1/31 73/1/73 4/1/4
f 63/1/63 73/1/73 31/1/31
f 9/1/9 32/1/32 23/1/23
f 9/1/9 23/1/23 10/1/10
f 11/1/11 41/1/41 63/1/63
f 2/1/2 13/1/13 41/1/41
f 33/1/33 16/1/16 12/1/12
f 16/1/16 33/1/33 66/1/66
f 24/1/24 15/1/15 65/1/65
f 66/1/66 34/1/34 16/1/16
f 34/1/34 35/1/35 25/1/25
f 42/1/42 35/1/35 34/1/34
f 34/1/34 44/1/44 42/1/42
f 27/1/27 17/1/17 48/1/48
f 17/1/17 36/1/36 49/1/49
f 54/1/54 27/1/27 51/1/51
f 26/1/26 36/1/36 17/1/17
f 27/1/27 54/1/54 37/1/37
f 26/1/26 52/1/52 36/1/36
f 26/1/26 20/1/20 53/1/53
f 20/1/20 22/1/22 56/1/56
f 56/1/56 69/1/69 20/1/20
f 57/1/57 59/1/59 38/1/38
f 56/1/56 22/1/22 39/1/39
f 30/1/30 38/1/38 29/1/29
f 38/1/38 59/1/59 29/1/29
f 22/1/22 30/1/30 39/1/39
f 30/1/30 29/1/29 39/1/39
f 40/1/40 39/1/39 29/1/29
f 40/1/40 58/1/58 39/1/39
f 29/1/29 59/1/59 71/1/71
f 71/1/71 40/1/40 29/1/29
f 33/1/33 64/1/64 66/1/66
f 34/1/34 66/1/66 67/1/67
f 44/1/44 34/1/34 67/1/67
f 44/1/44 43/1/43 42/1/42
f 43/1/43 44/1/44 45/1/45
f 44/1/44 78/1/78 45/1/45
f 78/1/78 80/1/80 47/1/47
f 78/1/78 47/1/47 45/1/45
f 80/1/80 46/1/46 47/1/47
f 47/1/47 50/1/50 45/1/45
f 47/1/47 46/1/46 48/1/48
f 49/1/49 50/1/50 47/1/47
f 49/1/49 47/1/47 48/1/48
f 49/1/49 48/1/48 17/1/17
f 51/1/51 48/1/48 46/1/46
f 48/1/48 51/1/51 27/1/27
f 50/1/50 49/1/49 36/1/36
f 26/1/26 53/1/53 52/1/52
f 55/1/55 37/1/37 54/1/54
f 53/1/53 20/1/20 69/1/69
f 37/1/37 55/1/55 70/1/70
f 38/1/38 37/1/37 70/1/70
f 38/1/38 70/1/70 57/1/57
f 56/1/56 39/1/39 58/1/58
f 60/1/60 58/1/58 40/1/40
f 60/1/60 40/1/40 71/1/71
f 61/1/61 87/1/87 89/1/89
f 88/1/88 87/1/87 61/1/61
f 32/1/32 89/1/89 72/1/72
f 89/1/89 32/1/32 61/1/61
f 88/1/88 61/1/61 73/1/73
f 62/1/62 32/1/32 72/1/72
f 23/1/23 32/1/32 62/1/62
f 23/1/23 64/1/64 33/1/33
f 41/1/41 13/1/13 135/1/135
f 135/1/135 13/1/13 76/1/76
f 13/1/13 65/1/65 76/1/76
f 65/1/65 77/1/77 76/1/76
f 77/1/77 65/1/65 15/1/15
f 77/1/77 15/1/15 35/1/35
f 77/1/77 35/1/35 42/1/42
f 67/1/67 78/1/78 44/1/44
f 43/1/43 68/1/68 42/1/42
f 36/1/36 52/1/52 92/1/92
f 69/1/69 56/1/56 81/1/81
f 58/1/58 82/1/82 56/1/56
f 84/1/84 59/1/59 57/1/57
f 84/1/84 71/1/71 59/1/59
f 58/1/58 60/1/60 94/1/94
f 84/1/84 85/1/85 71/1/71
f 71/1/71 86/1/86 60/1/60
f 86/1/86 94/1/94 60/1/60
f 86/1/86 71/1/71 85/1/85
f 87/1/87 88/1/88 100/1/100
f 104/1/104 73/1/73 63/1/63
f 62/1/62 64/1/64 23/1/23
f 64/1/64 62/1/62 74/1/74
f 77/1/77 115/1/115 76/1/76
f 105/1/105 77/1/77 42/1/42
f 45/1/45 79/1/79 43/1/43
f 79/1/79 45/1/45 116/1/116
f 45/1/45 50/1/50 116/1/116
f 92/1/92 116/1/116 50/1/50
f 46/1/46 80/1/80 91/1/91
f 92/1/92 50/1/50 36/1/36
f 99/1/99 54/1/54 51/1/51
f 53/1/53 69/1/69 117/1/117
f 56/1/56 82/1/82 81/1/81
f 93/1/93 57/1/57 70/1/70
f 57/1/57 93/1/93 84/1/84
f 58/1/58 94/1/94 82/1/82
f 94/1/94 118/1/118 82/1/82
f 86/1/86 83/1/83 94/1/94
f 87/1/87 101/1/101 89/1/89
f 89/1/89 102/1/102 72/1/72
f 88/1/88 73/1/73 103/1/103
f 72/1/72 114/1/114 62/1/62
f 73/1/73 104/1/104 103/1/103
f 41/1/41 96/1/96 63/1/63
f 75/1/75 64/1/64 74/1/74
f 135/1/135 76/1/76 136/1/136
f 64/1/64 75/1/75 66/1/66
f 75/1/75 97/1/97 66/1/66
f 97/1/97 67/1/67 66/1/66
f 67/1/67 97/1/97 90/1/90
f 67/1/67 90/1/90 78/1/78
f 43/1/43 79/1/79 68/1/68
f 78/1/78 90/1/90 80/1/80
f 51/1/51 46/1/46 91/1/91
f 124/1/124 92/1/92 52/1/52
f 99/1/99 51/1/51 91/1/91
f 53/1/53 124/1/124 52/1/52
f 69/1/69 81/1/81 117/1/117
f 55/1/55 127/1/127 70/1/70
f 85/1/85 95/1/95 86/1/86
f 74/1/74 133/1/133 75/1/75
f 76/1/76 115/1/115 136/1/136
f 77/1/77 105/1/105 115/1/115
f 90/1/90 97/1/97 134/1/134
f 42/1/42 68/1/68 105/1/105
f 68/1/68 140/1/140 105/1/105
f 54/1/54 99/1/99 55/1/55
f 81/1/81 82/1/82 128/1/128
f 118/1/118 94/1/94 83/1/83
f 85/1/85 84/1/84 152/1/152
f 110/1/110 83/1/83 86/1/86
f 86/1/86 95/1/95 109/1/109
f 110/1/110 86/1/86 109/1/109
f 113/1/113 100/1/100 119/1/119
f 100/1/100 101/1/101 87/1/87
f 100/1/100 113/1/113 101/1/101
f 88/1/88 103/1/103 112/1/112
f 89/1/89 101/1/101 102/1/102
f 102/1/102 114/1/114 72/1/72
f 114/1/114 131/1/131 62/1/62
f 63/1/63 96/1/96 104/1/104
f 90/1/90 134/1/134 137/1/137
f 68/1/68 79/1/79 140/1/140
f 80/1/80 161/1/161 91/1/91
f 79/1/79 116/1/116 106/1/106
f 161/1/161 107/1/107 91/1/91
f 92/1/92 124/1/124 98/1/98
f 91/1/91 107/1/107 99/1/99
f 53/1/53 125/1/125 124/1/124
f 117/1/117 125/1/125 53/1/53
f 99/1/99 141/1/141 55/1/55
f 127/1/127 55/1/55 141/1/141
f 81/1/81 128/1/128 150/1/150
f 118/1/118 128/1/128 82/1/82
f 84/1/84 93/1/93 152/1/152
f 118/1/118 83/1/83 142/1/142
f 85/1/85 152/1/152 95/1/95
f 83/1/83 110/1/110 142/1/142
f 95/1/95 108/1/108 109/1/109
f 100/1/100 112/1/112 111/1/111
f 100/1/100 111/1/111 119/1/119
f 101/1/101 113/1/113 120/1/120
f 100/1/100 88/1/88 112/1/112
f 120/1/120 102/1/102 101/1/101
f 102/1/102 120/1/120 114/1/114
f 112/1/112 103/1/103 121/1/121
f 103/1/103 104/1/104 121/1/121
f 62/1/62 131/1/131 74/1/74
f 104/1/104 96/1/96 146/1/146
f 96/1/96 41/1/41 135/1/135
f 139/1/139 115/1/115 105/1/105
f 140/1/140 79/1/79 106/1/106
f 90/1/90 161/1/161 80/1/80
f 92/1/92 98/1/98 116/1/116
f 81/1/81 126/1/126 117/1/117
f 150/1/150 126/1/126 81/1/81
f 206/1/206 70/1/70 127/1/127
f 93/1/93 70/1/70 206/1/206
f 108/1/108 95/1/95 152/1/152
f 142/1/142 110/1/110 130/1/130
f 119/1/119 155/1/155 113/1/113
f 121/1/121 104/1/104 146/1/146
f 75/1/75 134/1/134 97/1/97
f 136/1/136 122/1/122 135/1/135
f 136/1/136 115/1/115 138/1/138
f 138/1/138 115/1/115 139/1/139
f 123/1/123 139/1/139 105/1/105
f 123/1/123 105/1/105 140/1/140
f 90/1/90 137/1/137 161/1/161
f 125/1/125 117/1/117 126/1/126
f 141/1/141 99/1/99 169/1/169
f 128/1/128 151/1/151 150/1/150
f 128/1/128 118/1/118 129/1/129
f 129/1/129 118/1/118 142/1/142
f 143/1/143 109/1/109 108/1/108
f 109/1/109 144/1/144 110/1/110
f 110/1/110 144/1/144 130/1/130
f 113/1/113 155/1/155 120/1/120
f 114/1/114 120/1/120 164/1/164
f 131/1/131 164/1/164 145/1/145
f 131/1/131 114/1/114 164/1/164
f 131/1/131 132/1/132 74/1/74
f 74/1/74 132/1/132 133/1/133
f 75/1/75 133/1/133 158/1/158
f 158/1/158 134/1/134 75/1/75
f 136/1/136 138/1/138 122/1/122
f 106/1/106 116/1/116 162/1/162
f 162/1/162 116/1/116 98/1/98
f 125/1/125 184/1/184 124/1/124
f 107/1/107 169/1/169 99/1/99
f 143/1/143 108/1/108 173/1/173
f 156/1/156 119/1/119 111/1/111
f 120/1/120 155/1/155 157/1/157
f 111/1/111 112/1/112 121/1/121
f 157/1/157 164/1/164 120/1/120
f 132/1/132 131/1/131 145/1/145
f 133/1/133 132/1/132 158/1/158
f 158/1/158 147/1/147 134/1/134
f 134/1/134 147/1/147 137/1/137
f 138/1/138 139/1/139 148/1/148
f 139/1/139 123/1/123 148/1/148
f 123/1/123 140/1/140 160/1/160
f 161/1/161 201/1/201 107/1/107
f 106/1/106 162/1/162 149/1/149
f 163/1/163 124/1/124 184/1/184
f 125/1/125 168/1/168 184/1/184
f 125/1/125 126/1/126 168/1/168
f 170/1/170 141/1/141 169/1/169
f 127/1/127 141/1/141 170/1/170
f 127/1/127 170/1/170 206/1/206
f 128/1/128 129/1/129 151/1/151
f 129/1/129 142/1/142 171/1/171
f 152/1/152 192/1/192 108/1/108
f 142/1/142 130/1/130 172/1/172
f 174/1/174 109/1/109 143/1/143
f 109/1/109 174/1/174 144/1/144
f 156/1/156 154/1/154 155/1/155
f 156/1/156 155/1/155 119/1/119
f 155/1/155 154/1/154 153/1/153
f 156/1/156 111/1/111 176/1/176
f 121/1/121 176/1/176 111/1/111
f 187/1/187 186/1/186 121/1/121
f 146/1/146 187/1/187 121/1/121
f 178/1/178 146/1/146 96/1/96
f 147/1/147 158/1/158 159/1/159
f 179/1/179 96/1/96 135/1/135
f 122/1/122 138/1/138 166/1/166
f 167/1/167 138/1/138 148/1/148
f 166/1/166 138/1/138 167/1/167
f 180/1/180 161/1/161 137/1/137
f 140/1/140 106/1/106 160/1/160
f 180/1/180 201/1/201 161/1/161
f 183/1/183 162/1/162 98/1/98
f 163/1/163 183/1/183 98/1/98
f 98/1/98 124/1/124 163/1/163
f 151/1/151 129/1/129 171/1/171
f 208/1/208 93/1/93 206/1/206
f 93/1/93 208/1/208 152/1/152
f 192/1/192 173/1/173 108/1/108
f 144/1/144 175/1/175 130/1/130
f 156/1/156 210/1/210 154/1/154
f 155/1/155 153/1/153 157/1/157
f 132/1/132 165/1/165 158/1/158
f 159/1/159 158/1/158 165/1/165
f 147/1/147 216/1/216 198/1/198
f 135/1/135 122/1/122 179/1/179
f 147/1/147 198/1/198 137/1/137
f 198/1/198 180/1/180 137/1/137
f 123/1/123 160/1/160 188/1/188
f 106/1/106 149/1/149 160/1/160
f 181/1/181 149/1/149 183/1/183
f 183/1/183 149/1/149 162/1/162
f 183/1/183 182/1/182 181/1/181
f 201/1/201 189/1/189 107/1/107
f 168/1/168 204/1/204 184/1/184
f 169/1/169 205/1/205 170/1/170
f 150/1/150 151/1/151 185/1/185
f 152/1/152 208/1/208 192/1/192
f 172/1/172 171/1/171 142/1/142
f 130/1/130 175/1/175 172/1/172
f 174/1/174 143/1/143 173/1/173
f 174/1/174 193/1/193 144/1/144
f 175/1/175 144/1/144 193/1/193
f 154/1/154 210/1/210 224/1/224
f 210/1/210 156/1/156 194/1/194
f 176/1/176 121/1/121 186/1/186
f 228/1/228 164/1/164 157/1/157
f 186/1/186 187/1/187 177/1/177
f 132/1/132 145/1/145 165/1/165
f 187/1/187 146/1/146 197/1/197
f 178/1/178 96/1/96 179/1/179
f 179/1/179 122/1/122 218/1/218
f 122/1/122 166/1/166 218/1/218
f 123/1/123 188/1/188 148/1/148
f 160/1/160 149/1/149 181/1/181
f 181/1/181 188/1/188 160/1/160
f 183/1/183 163/1/163 202/1/202
f 163/1/163 220/1/220 202/1/202
f 184/1/184 220/1/220 163/1/163
f 189/1/189 169/1/169 107/1/107
f 126/1/126 204/1/204 168/1/168
f 150/1/150 204/1/204 126/1/126
f 185/1/185 190/1/190 150/1/150
f 191/1/191 151/1/151 171/1/171
f 206/1/206 170/1/170 273/1/273
f 171/1/171 172/1/172 207/1/207
f 172/1/172 223/1/223 209/1/209
f 172/1/172 175/1/175 223/1/223
f 193/1/193 223/1/223 175/1/175
f 154/1/154 195/1/195 153/1/153
f 196/1/196 156/1/156 176/1/176
f 228/1/228 145/1/145 164/1/164
f 145/1/145 213/1/213 165/1/165
f 197/1/197 146/1/146 178/1/178
f 165/1/165 214/1/214 159/1/159
f 178/1/178 179/1/179 215/1/215
f 217/1/217 179/1/179 218/1/218
f 188/1/188 181/1/181 199/1/199
f 199/1/199 181/1/181 182/1/182
f 182/1/182 183/1/183 202/1/202
f 201/1/201 232/1/232 189/1/189
f 190/1/190 204/1/204 150/1/150
f 205/1/205 235/1/235 170/1/170
f 170/1/170 235/1/235 273/1/273
f 185/1/185 151/1/151 191/1/191
f 191/1/191 171/1/171 207/1/207
f 207/1/207 172/1/172 209/1/209
f 224/1/224 195/1/195 154/1/154
f 196/1/196 194/1/194 156/1/156
f 157/1/157 153/1/153 211/1/211
f 277/1/277 196/1/196 176/1/176
f 157/1/157 211/1/211 251/1/251
f 251/1/251 228/1/228 157/1/157
f 177/1/177 187/1/187 197/1/197
f 213/1/213 229/1/229 165/1/165
f 165/1/165 229/1/229 214/1/214
f 197/1/197 178/1/178 215/1/215
f 159/1/159 216/1/216 147/1/147
f 215/1/215 179/1/179 217/1/217
f 243/1/243 180/1/180 198/1/198
f 295/1/295 200/1/200 180/1/180
f 148/1/148 188/1/188 219/1/219
f 201/1/201 180/1/180 200/1/200
f 220/1/220 184/1/184 203/1/203
f 184/1/184 204/1/204 203/1/203
f 204/1/204 247/1/247 203/1/203
f 247/1/247 204/1/204 190/1/190
f 205/1/205 169/1/169 189/1/189
f 185/1/185 257/1/257 190/1/190
f 221/1/221 191/1/191 207/1/207
f 237/1/237 206/1/206 273/1/273
f 208/1/208 206/1/206 237/1/237
f 208/1/208 240/1/240 192/1/192
f 209/1/209 239/1/239 207/1/207
f 209/1/209 223/1/223 222/1/222
f 223/1/223 193/1/193 248/1/248
f 225/1/225 210/1/210 226/1/226
f 210/1/210 225/1/225 224/1/224
f 194/1/194 226/1/226 210/1/210
f 153/1/153 195/1/195 211/1/211
f 277/1/277 176/1/176 186/1/186
f 213/1/213 145/1/145 228/1/228
f 197/1/197 212/1/212 177/1/177
f 230/1/230 212/1/212 197/1/197
f 214/1/214 216/1/216 159/1/159
f 216/1/216 243/1/243 198/1/198
f 219/1/219 167/1/167 148/1/148
f 231/1/231 219/1/219 188/1/188
f 199/1/199 231/1/231 188/1/188
f 200/1/200 245/1/245 201/1/201
f 245/1/245 232/1/232 201/1/201
f 202/1/202 255/1/255 182/1/182
f 233/1/233 202/1/202 220/1/220
f 236/1/236 234/1/234 191/1/191
f 236/1/236 191/1/191 221/1/221
f 237/1/237 240/1/240 208/1/208
f 239/1/239 221/1/221 207/1/207
f 192/1/192 240/1/240 173/1/173
f 239/1/239 209/1/209 222/1/222
f 289/1/289 174/1/174 173/1/173
f 225/1/225 275/1/275 224/1/224
f 195/1/195 224/1/224 227/1/227
f 226/1/226 194/1/194 196/1/196
f 196/1/196 249/1/249 226/1/226
f 227/1/227 211/1/211 195/1/195
f 277/1/277 186/1/186 241/1/241
f 241/1/241 186/1/186 177/1/177
f 228/1/228 251/1/251 294/1/294
f 213/1/213 228/1/228 229/1/229
f 242/1/242 214/1/214 229/1/229
f 215/1/215 230/1/230 197/1/197
f 214/1/214 242/1/242 216/1/216
f 244/1/244 230/1/230 215/1/215
f 217/1/217 244/1/244 215/1/215
f 243/1/243 295/1/295 180/1/180
f 218/1/218 244/1/244 217/1/217
f 218/1/218 166/1/166 253/1/253
f 166/1/166 167/1/167 253/1/253
f 167/1/167 219/1/219 254/1/254
f 219/1/219 231/1/231 254/1/254
f 267/1/267 245/1/245 200/1/200
f 255/1/255 231/1/231 199/1/199
f 199/1/199 182/1/182 255/1/255
f 202/1/202 233/1/233 255/1/255
f 190/1/190 311/1/311 247/1/247
f 190/1/190 257/1/257 311/1/311
f 185/1/185 191/1/191 234/1/234
f 257/1/257 185/1/185 234/1/234
f 236/1/236 258/1/258 234/1/234
f 238/1/238 221/1/221 239/1/239
f 222/1/222 223/1/223 259/1/259
f 211/1/211 227/1/227 250/1/250
f 177/1/177 252/1/252 241/1/241
f 212/1/212 252/1/252 177/1/177
f 294/1/294 229/1/229 228/1/228
f 230/1/230 263/1/263 212/1/212
f 265/1/265 263/1/263 230/1/230
f 216/1/216 264/1/264 243/1/243
f 244/1/244 265/1/265 230/1/230
f 243/1/243 280/1/280 295/1/295
f 254/1/254 253/1/253 167/1/167
f 233/1/233 220/1/220 246/1/246
f 220/1/220 203/1/203 246/1/246
f 203/1/203 247/1/247 269/1/269
f 270/1/270 189/1/189 232/1/232
f 234/1/234 258/1/258 257/1/257
f 298/1/298 237/1/237 273/1/273
f 236/1/236 221/1/221 238/1/238
f 286/1/286 240/1/240 237/1/237
f 240/1/240 289/1/289 173/1/173
f 259/1/259 223/1/223 248/1/248
f 174/1/174 316/1/316 193/1/193
f 193/1/193 301/1/301 248/1/248
f 275/1/275 261/1/261 227/1/227
f 275/1/275 227/1/227 224/1/224
f 251/1/251 211/1/211 250/1/250
f 229/1/229 294/1/294 262/1/262
f 242/1/242 264/1/264 216/1/216
f 264/1/264 280/1/280 243/1/243
f 265/1/265 244/1/244 281/1/281
f 244/1/244 218/1/218 266/1/266
f 295/1/295 267/1/267 200/1/200
f 218/1/218 253/1/253 266/1/266
f 296/1/296 254/1/254 231/1/231
f 255/1/255 296/1/296 231/1/231
f 256/1/256 232/1/232 297/1/297
f 255/1/255 233/1/233 246/1/246
f 246/1/246 203/1/203 269/1/269
f 270/1/270 205/1/205 189/1/189
f 272/1/272 205/1/205 270/1/270
f 205/1/205 272/1/272 235/1/235
f 236/1/236 284/1/284 258/1/258
f 236/1/236 238/1/238 344/1/344
f 239/1/239 222/1/222 259/1/259
f 260/1/260 290/1/290 225/1/225
f 260/1/260 225/1/225 226/1/226
f 226/1/226 249/1/249 260/1/260
f 249/1/249 196/1/196 277/1/277
f 227/1/227 261/1/261 250/1/250
f 252/1/252 293/1/293 241/1/241
f 252/1/252 212/1/212 263/1/263
f 262/1/262 242/1/242 229/1/229
f 279/1/279 263/1/263 265/1/265
f 323/1/323 280/1/280 264/1/264
f 279/1/279 265/1/265 281/1/281
f 281/1/281 244/1/244 266/1/266
f 266/1/266 253/1/253 327/1/327
f 327/1/327 253/1/253 282/1/282
f 254/1/254 282/1/282 253/1/253
f 254/1/254 296/1/296 282/1/282
f 268/1/268 245/1/245 267/1/267
f 255/1/255 283/1/283 296/1/296
f 245/1/245 297/1/297 232/1/232
f 255/1/255 246/1/246 283/1/283
f 232/1/232 256/1/256 270/1/270
f 247/1/247 311/1/311 339/1/339
f 311/1/311 257/1/257 271/1/271
f 271/1/271 257/1/257 258/1/258
f 298/1/298 273/1/273 235/1/235
f 238/1/238 239/1/239 299/1/299
f 315/1/315 288/1/288 240/1/240
f 240/1/240 288/1/288 289/1/289
f 289/1/289 316/1/316 174/1/174
f 248/1/248 274/1/274 259/1/259
f 193/1/193 316/1/316 301/1/301
f 260/1/260 303/1/303 290/1/290
f 290/1/290 275/1/275 225/1/225
f 276/1/276 303/1/303 260/1/260
f 260/1/260 249/1/249 276/1/276
f 249/1/249 277/1/277 291/1/291
f 277/1/277 241/1/241 293/1/293
f 278/1/278 293/1/293 252/1/252
f 321/1/321 306/1/306 294/1/294
f 263/1/263 278/1/278 252/1/252
f 262/1/262 294/1/294 306/1/306
f 262/1/262 264/1/264 242/1/242
f 324/1/324 279/1/279 281/1/281
f 327/1/327 326/1/326 266/1/266
f 283/1/283 246/1/246 269/1/269
f 247/1/247 339/1/339 269/1/269
f 271/1/271 258/1/258 313/1/313
f 313/1/313 341/1/341 271/1/271
f 313/1/313 258/1/258 284/1/284
f 236/1/236 344/1/344 284/1/284
f 344/1/344 238/1/238 285/1/285
f 238/1/238 299/1/299 285/1/285
f 240/1/240 286/1/286 315/1/315
f 239/1/239 259/1/259 299/1/299
f 316/1/316 289/1/289 300/1/300
f 290/1/290 302/1/302 275/1/275
f 290/1/290 303/1/303 317/1/317
f 249/1/249 291/1/291 276/1/276
f 292/1/292 291/1/291 277/1/277
f 250/1/250 305/1/305 251/1/251
f 277/1/277 293/1/293 292/1/292
f 251/1/251 321/1/321 294/1/294
f 307/1/307 278/1/278 263/1/263
f 307/1/307 263/1/263 279/1/279
f 264/1/264 262/1/262 322/1/322
f 264/1/264 322/1/322 323/1/323
f 324/1/324 281/1/281 325/1/325
f 295/1/295 310/1/310 267/1/267
f 281/1/281 266/1/266 325/1/325
f 358/1/358 268/1/268 267/1/267
f 338/1/338 327/1/327 282/1/282
f 282/1/282 296/1/296 338/1/338
f 297/1/297 245/1/245 268/1/268
f 256/1/256 312/1/312 270/1/270
f 311/1/311 271/1/271 340/1/340
f 272/1/272 314/1/314 235/1/235
f 313/1/313 284/1/284 380/1/380
f 314/1/314 298/1/298 235/1/235
f 237/1/237 298/1/298 347/1/347
f 289/1/289 288/1/288 300/1/300
f 259/1/259 329/1/329 299/1/299
f 259/1/259 274/1/274 329/1/329
f 248/1/248 301/1/301 274/1/274
f 274/1/274 301/1/301 364/1/364
f 318/1/318 275/1/275 302/1/302
f 303/1/303 276/1/276 350/1/350
f 318/1/318 319/1/319 275/1/275
f 319/1/319 261/1/261 275/1/275
f 304/1/304 261/1/261 319/1/319
f 276/1/276 291/1/291 320/1/320
f 304/1/304 250/1/250 261/1/261
f 305/1/305 321/1/321 251/1/251
f 292/1/292 293/1/293 334/1/334
f 334/1/334 293/1/293 336/1/336
f 278/1/278 336/1/336 293/1/293
f 306/1/306 322/1/322 262/1/262
f 307/1/307 308/1/308 337/1/337
f 308/1/308 279/1/279 309/1/309
f 307/1/307 279/1/279 308/1/308
f 280/1/280 323/1/323 354/1/354
f 309/1/309 279/1/279 324/1/324
f 280/1/280 354/1/354 295/1/295
f 354/1/354 310/1/310 295/1/295
f 373/1/373 324/1/324 325/1/325
f 310/1/310 358/1/358 267/1/267
f 326/1/326 325/1/325 266/1/266
f 327/1/327 338/1/338 378/1/378
f 328/1/328 338/1/338 296/1/296
f 296/1/296 283/1/283 328/1/328
f 297/1/297 416/1/416 256/1/256
f 269/1/269 328/1/328 283/1/283
f 359/1/359 328/1/328 269/1/269
f 272/1/272 270/1/270 312/1/312
f 284/1/284 344/1/344 380/1/380
f 285/1/285 299/1/299 361/1/361
f 421/1/421 361/1/361 299/1/299
f 288/1/288 315/1/315 382/1/382
f 421/1/421 299/1/299 329/1/329
f 300/1/300 288/1/288 287/1/287
f 316/1/316 300/1/300 363/1/363
f 301/1/301 316/1/316 404/1/404
f 330/1/330 290/1/290 317/1/317
f 290/1/290 330/1/330 302/1/302
f 350/1/350 276/1/276 331/1/331
f 336/1/336 278/1/278 307/1/307
f 309/1/309 355/1/355 308/1/308
f 357/1/357 355/1/355 309/1/309
f 309/1/309 324/1/324 357/1/357
f 269/1/269 360/1/360 359/1/359
f 269/1/269 339/1/339 360/1/360
f 311/1/311 340/1/340 339/1/339
f 340/1/340 271/1/271 341/1/341
f 342/1/342 314/1/314 272/1/272
f 313/1/313 380/1/380 341/1/341
f 346/1/346 298/1/298 314/1/314
f 347/1/347 298/1/298 346/1/346
f 286/1/286 237/1/237 347/1/347
f 288/1/288 382/1/382 287/1/287
f 287/1/287 363/1/363 300/1/300
f 316/1/316 363/1/363 404/1/404
f 348/1/348 302/1/302 330/1/330
f 302/1/302 348/1/348 318/1/318
f 317/1/317 303/1/303 350/1/350
f 318/1/318 386/1/386 319/1/319
f 276/1/276 320/1/320 331/1/331
f 250/1/250 304/1/304 387/1/387
f 320/1/320 291/1/291 332/1/332
f 305/1/305 387/1/387 333/1/333
f 332/1/332 291/1/291 292/1/292
f 305/1/305 333/1/333 321/1/321
f 292/1/292 334/1/334 351/1/351
f 335/1/335 321/1/321 333/1/333
f 334/1/334 336/1/336 368/1/368
f 370/1/370 306/1/306 335/1/335
f 335/1/335 306/1/306 321/1/321
f 336/1/336 307/1/307 337/1/337
f 322/1/322 306/1/306 432/1/432
f 323/1/323 322/1/322 433/1/433
f 337/1/337 308/1/308 355/1/355
f 323/1/323 353/1/353 354/1/354
f 324/1/324 373/1/373 357/1/357
f 357/1/357 373/1/373 372/1/372
f 325/1/325 326/1/326 374/1/374
f 268/1/268 376/1/376 297/1/297
f 378/1/378 338/1/338 328/1/328
f 416/1/416 397/1/397 256/1/256
f 256/1/256 397/1/397 312/1/312
f 339/1/339 340/1/340 379/1/379
f 419/1/419 341/1/341 420/1/420
f 312/1/312 342/1/342 272/1/272
f 380/1/380 399/1/399 341/1/341
f 343/1/343 346/1/346 314/1/314
f 380/1/380 344/1/344 345/1/345
f 344/1/344 285/1/285 361/1/361
f 362/1/362 287/1/287 489/1/489
f 287/1/287 362/1/362 363/1/363
f 383/1/383 329/1/329 274/1/274
f 301/1/301 404/1/404 364/1/364
f 364/1/364 422/1/422 274/1/274
f 330/1/330 317/1/317 349/1/349
f 317/1/317 365/1/365 349/1/349
f 318/1/318 348/1/348 366/1/366
f 317/1/317 350/1/350 365/1/365
f 305/1/305 250/1/250 387/1/387
f 478/1/478 333/1/333 387/1/387
f 370/1/370 432/1/432 306/1/306
f 352/1/352 371/1/371 337/1/337
f 432/1/432 433/1/433 322/1/322
f 323/1/323 433/1/433 353/1/353
f 355/1/355 352/1/352 337/1/337
f 390/1/390 389/1/389 352/1/352
f 352/1/352 355/1/355 390/1/390
f 356/1/356 390/1/390 355/1/355
f 310/1/310 354/1/354 412/1/412
f 356/1/356 355/1/355 357/1/357
f 310/1/310 391/1/391 358/1/358
f 395/1/395 358/1/358 391/1/391
f 373/1/373 325/1/325 374/1/374
f 358/1/358 376/1/376 268/1/268
f 327/1/327 378/1/378 377/1/377
f 376/1/376 416/1/416 297/1/297
f 379/1/379 360/1/360 339/1/339
f 397/1/397 398/1/398 312/1/312
f 420/1/420 341/1/341 399/1/399
f 314/1/314 400/1/400 343/1/343
f 286/1/286 347/1/347 441/1/441
f 382/1/382 315/1/315 286/1/286
f 287/1/287 382/1/382 489/1/489
f 383/1/383 274/1/274 422/1/422
f 422/1/422 364/1/364 491/1/491
f 366/1/366 386/1/386 318/1/318
f 429/1/429 319/1/319 386/1/386
f 429/1/429 409/1/409 304/1/304
f 429/1/429 304/1/304 319/1/319
f 331/1/331 320/1/320 446/1/446
f 292/1/292 351/1/351 332/1/332
f 368/1/368 367/1/367 334/1/334
f 368/1/368 369/1/369 367/1/367
f 336/1/336 369/1/369 368/1/368
f 336/1/336 371/1/371 369/1/369
f 336/1/336 337/1/337 371/1/371
f 352/1/352 389/1/389 371/1/371
f 390/1/390 356/1/356 392/1/392
f 392/1/392 356/1/356 393/1/393
f 357/1/357 393/1/393 356/1/356
f 372/1/372 393/1/393 357/1/357
f 326/1/326 375/1/375 374/1/374
f 326/1/326 327/1/327 377/1/377
f 378/1/378 328/1/328 396/1/396
f 396/1/396 328/1/328 458/1/458
f 416/1/416 418/1/418 397/1/397
f 359/1/359 458/1/458 328/1/328
f 360/1/360 439/1/439 359/1/359
f 360/1/360 379/1/379 439/1/439
f 341/1/341 419/1/419 340/1/340
f 342/1/342 312/1/312 398/1/398
f 400/1/400 314/1/314 342/1/342
f 380/1/380 345/1/345 399/1/399
f 345/1/345 344/1/344 402/1/402
f 402/1/402 344/1/344 361/1/361
f 346/1/346 441/1/441 347/1/347
f 361/1/361 421/1/421 381/1/381
f 441/1/441 382/1/382 286/1/286
f 489/1/489 518/1/518 362/1/362
f 403/1/403 363/1/363 362/1/362
f 363/1/363 465/1/465 404/1/404
f 409/1/409 387/1/387 304/1/304
f 447/1/447 446/1/446 320/1/320
f 320/1/320 332/1/332 447/1/447
f 447/1/447 332/1/332 351/1/351
f 388/1/388 334/1/334 367/1/367
f 367/1/367 430/1/430 388/1/388
f 410/1/410 430/1/430 367/1/367
f 369/1/369 410/1/410 367/1/367
f 371/1/371 410/1/410 369/1/369
f 370/1/370 451/1/451 432/1/432
f 434/1/434 431/1/431 389/1/389
f 389/1/389 390/1/390 411/1/411
f 412/1/412 354/1/354 353/1/353
f 392/1/392 411/1/411 390/1/390
f 412/1/412 391/1/391 310/1/310
f 392/1/392 393/1/393 455/1/455
f 413/1/413 393/1/393 372/1/372
f 372/1/372 373/1/373 394/1/394
f 373/1/373 374/1/374 394/1/394
f 437/1/437 372/1/372 394/1/394
f 414/1/414 374/1/374 375/1/375
f 394/1/394 374/1/374 414/1/414
f 358/1/358 395/1/395 376/1/376
f 375/1/375 326/1/326 377/1/377
f 395/1/395 416/1/416 376/1/376
f 378/1/378 396/1/396 377/1/377
f 397/1/397 418/1/418 485/1/485
f 397/1/397 485/1/485 398/1/398
f 419/1/419 379/1/379 340/1/340
f 420/1/420 440/1/440 419/1/419
f 343/1/343 401/1/401 346/1/346
f 345/1/345 462/1/462 399/1/399
f 402/1/402 462/1/462 345/1/345
f 421/1/421 329/1/329 383/1/383
f 403/1/403 362/1/362 518/1/518
f 465/1/465 363/1/363 403/1/403
f 404/1/404 491/1/491 364/1/364
f 442/1/442 467/1/467 406/1/406
f 407/1/407 405/1/405 406/1/406
f 406/1/406 467/1/467 384/1/384
f 425/1/425 406/1/406 384/1/384
f 407/1/407 406/1/406 425/1/425
f 425/1/425 384/1/384 426/1/426
f 348/1/348 330/1/330 502/1/502
f 502/1/502 330/1/330 349/1/349
f 350/1/350 408/1/408 365/1/365
f 350/1/350 331/1/331 408/1/408
f 387/1/387 409/1/409 478/1/478
f 334/1/334 388/1/388 351/1/351
f 430/1/430 410/1/410 480/1/480
f 335/1/335 333/1/333 448/1/448
f 335/1/335 448/1/448 451/1/451
f 370/1/370 335/1/335 451/1/451
f 371/1/371 431/1/431 410/1/410
f 371/1/371 389/1/389 431/1/431
f 411/1/411 434/1/434 389/1/389
f 393/1/393 436/1/436 455/1/455
f 415/1/415 437/1/437 394/1/394
f 394/1/394 414/1/414 415/1/415
f 416/1/416 395/1/395 417/1/417
f 418/1/418 416/1/416 417/1/417
f 438/1/438 458/1/458 359/1/359
f 359/1/359 439/1/439 438/1/438
f 420/1/420 399/1/399 486/1/486
f 486/1/486 440/1/440 420/1/420
f 346/1/346 463/1/463 441/1/441
f 361/1/361 381/1/381 402/1/402
f 404/1/404 465/1/465 491/1/491
f 442/1/442 405/1/405 466/1/466
f 405/1/405 442/1/442 406/1/406
f 494/1/494 405/1/405 407/1/407
f 423/1/423 424/1/424 384/1/384
f 467/1/467 423/1/423 384/1/384
f 443/1/443 424/1/424 423/1/423
f 384/1/384 424/1/424 426/1/426
f 468/1/468 499/1/499 426/1/426
f 499/1/499 425/1/425 426/1/426
f 424/1/424 443/1/443 427/1/427
f 426/1/426 424/1/424 428/1/428
f 424/1/424 427/1/427 428/1/428
f 468/1/468 426/1/426 428/1/428
f 388/1/388 430/1/430 476/1/476
f 333/1/333 478/1/478 448/1/448
f 480/1/480 410/1/410 449/1/449
f 449/1/449 410/1/410 431/1/431
f 431/1/431 434/1/434 435/1/435
f 433/1/433 606/1/606 353/1/353
f 435/1/435 434/1/434 411/1/411
f 353/1/353 586/1/586 412/1/412
f 455/1/455 435/1/435 411/1/411
f 411/1/411 392/1/392 455/1/455
f 436/1/436 456/1/456 455/1/455
f 413/1/413 436/1/436 393/1/393
f 372/1/372 457/1/457 413/1/413
f 437/1/437 457/1/457 372/1/372
f 530/1/530 437/1/437 415/1/415
f 377/1/377 531/1/531 375/1/375
f 395/1/395 557/1/557 417/1/417
f 379/1/379 419/1/419 534/1/534
f 342/1/342 516/1/516 400/1/400
f 400/1/400 516/1/516 343/1/343
f 516/1/516 401/1/401 343/1/343
f 399/1/399 462/1/462 486/1/486
f 346/1/346 401/1/401 463/1/463
f 381/1/381 464/1/464 402/1/402
f 403/1/403 518/1/518 490/1/490
f 405/1/405 492/1/492 466/1/466
f 494/1/494 492/1/492 405/1/405
f 496/1/496 443/1/443 423/1/423
f 498/1/498 407/1/407 425/1/425
f 443/1/443 496/1/496 497/1/497
f 444/1/444 443/1/443 497/1/497
f 427/1/427 443/1/443 444/1/444
f 428/1/428 427/1/427 501/1/501
f 550/1/550 428/1/428 501/1/501
f 501/1/501 427/1/427 444/1/444
f 349/1/349 445/1/445 502/1/502
f 502/1/502 385/1/385 348/1/348
f 349/1/349 365/1/365 445/1/445
f 365/1/365 408/1/408 445/1/445
f 503/1/503 551/1/551 385/1/385
f 385/1/385 551/1/551 366/1/366
f 348/1/348 385/1/385 366/1/366
f 386/1/386 366/1/366 472/1/472
f 386/1/386 472/1/472 429/1/429
f 408/1/408 331/1/331 524/1/524
f 331/1/331 446/1/446 524/1/524
f 429/1/429 580/1/580 409/1/409
f 474/1/474 447/1/447 351/1/351
f 475/1/475 474/1/474 351/1/351
f 475/1/475 351/1/351 388/1/388
f 388/1/388 476/1/476 475/1/475
f 480/1/480 476/1/476 430/1/430
f 508/1/508 448/1/448 478/1/478
f 450/1/450 449/1/449 452/1/452
f 451/1/451 653/1/653 432/1/432
f 452/1/452 449/1/449 431/1/431
f 433/1/433 432/1/432 653/1/653
f 452/1/452 431/1/431 435/1/435
f 482/1/482 450/1/450 452/1/452
f 453/1/453 482/1/482 452/1/452
f 452/1/452 435/1/435 453/1/453
f 454/1/454 453/1/453 435/1/435
f 586/1/586 353/1/353 606/1/606
f 454/1/454 435/1/435 455/1/455
f 454/1/454 455/1/455 456/1/456
f 414/1/414 559/1/559 415/1/415
f 559/1/559 530/1/530 415/1/415
f 414/1/414 375/1/375 559/1/559
f 513/1/513 557/1/557 395/1/395
f 377/1/377 396/1/396 483/1/483
f 417/1/417 459/1/459 418/1/418
f 533/1/533 458/1/458 438/1/438
f 533/1/533 484/1/484 458/1/458
f 418/1/418 459/1/459 485/1/485
f 439/1/439 514/1/514 533/1/533
f 438/1/438 439/1/439 533/1/533
f 379/1/379 534/1/534 439/1/439
f 534/1/534 419/1/419 460/1/460
f 419/1/419 440/1/440 460/1/460
f 462/1/462 461/1/461 486/1/486
f 402/1/402 464/1/464 462/1/462
f 381/1/381 541/1/541 464/1/464
f 382/1/382 441/1/441 488/1/488
f 489/1/489 382/1/382 488/1/488
f 421/1/421 383/1/383 542/1/542
f 383/1/383 422/1/422 519/1/519
f 403/1/403 490/1/490 465/1/465
f 465/1/465 490/1/490 520/1/520
f 492/1/492 494/1/494 493/1/493
f 570/1/570 423/1/423 545/1/545
f 545/1/545 423/1/423 467/1/467
f 498/1/498 494/1/494 407/1/407
f 423/1/423 570/1/570 496/1/496
f 499/1/499 498/1/498 425/1/425
f 497/1/497 469/1/469 444/1/444
f 428/1/428 550/1/550 468/1/468
f 469/1/469 470/1/470 444/1/444
f 503/1/503 385/1/385 502/1/502
f 445/1/445 408/1/408 471/1/471
f 552/1/552 408/1/408 524/1/524
f 473/1/473 446/1/446 447/1/447
f 474/1/474 475/1/475 504/1/504
f 475/1/475 476/1/476 477/1/477
f 479/1/479 477/1/477 476/1/476
f 479/1/479 476/1/476 480/1/480
f 481/1/481 479/1/479 480/1/480
f 481/1/481 480/1/480 449/1/449
f 450/1/450 481/1/481 449/1/449
f 510/1/510 481/1/481 450/1/450
f 433/1/433 653/1/653 606/1/606
f 482/1/482 453/1/453 528/1/528
f 453/1/453 454/1/454 528/1/528
f 454/1/454 456/1/456 556/1/556
f 529/1/529 391/1/391 412/1/412
f 513/1/513 391/1/391 529/1/529
f 456/1/456 436/1/436 588/1/588
f 391/1/391 513/1/513 395/1/395
f 590/1/590 436/1/436 413/1/413
f 437/1/437 530/1/530 457/1/457
f 531/1/531 559/1/559 375/1/375
f 483/1/483 531/1/531 377/1/377
f 483/1/483 458/1/458 484/1/484
f 396/1/396 458/1/458 483/1/483
f 534/1/534 514/1/514 439/1/439
f 485/1/485 535/1/535 398/1/398
f 486/1/486 487/1/487 440/1/440
f 342/1/342 398/1/398 516/1/516
f 461/1/461 515/1/515 486/1/486
f 441/1/441 463/1/463 538/1/538
f 441/1/441 538/1/538 488/1/488
f 381/1/381 421/1/421 541/1/541
f 542/1/542 383/1/383 519/1/519
f 490/1/490 518/1/518 564/1/564
f 519/1/519 422/1/422 565/1/565
f 565/1/565 422/1/422 491/1/491
f 520/1/520 567/1/567 465/1/465
f 492/1/492 493/1/493 568/1/568
f 492/1/492 521/1/521 466/1/466
f 493/1/493 494/1/494 546/1/546
f 498/1/498 495/1/495 494/1/494
f 497/1/497 496/1/496 571/1/571
f 469/1/469 500/1/500 470/1/470
f 470/1/470 501/1/501 444/1/444
f 500/1/500 601/1/601 578/1/578
f 470/1/470 500/1/500 578/1/578
f 445/1/445 522/1/522 502/1/502
f 366/1/366 551/1/551 472/1/472
f 429/1/429 472/1/472 580/1/580
f 524/1/524 446/1/446 473/1/473
f 473/1/473 447/1/447 553/1/553
f 478/1/478 409/1/409 581/1/581
f 447/1/447 474/1/474 553/1/553
f 475/1/475 477/1/477 504/1/504
f 477/1/477 479/1/479 505/1/505
f 506/1/506 507/1/507 479/1/479
f 506/1/506 479/1/479 481/1/481
f 509/1/509 507/1/507 506/1/506
f 506/1/506 481/1/481 510/1/510
f 509/1/509 506/1/506 510/1/510
f 448/1/448 508/1/508 451/1/451
f 450/1/450 482/1/482 510/1/510
f 527/1/527 510/1/510 482/1/482
f 511/1/511 527/1/527 482/1/482
f 511/1/511 482/1/482 528/1/528
f 556/1/556 528/1/528 454/1/454
f 412/1/412 512/1/512 529/1/529
f 556/1/556 456/1/456 587/1/587
f 611/1/611 588/1/588 436/1/436
f 590/1/590 413/1/413 457/1/457
f 557/1/557 532/1/532 417/1/417
f 417/1/417 532/1/532 459/1/459
f 533/1/533 561/1/561 484/1/484
f 636/1/636 459/1/459 532/1/532
f 459/1/459 535/1/535 485/1/485
f 487/1/487 486/1/486 515/1/515
f 398/1/398 537/1/537 516/1/516
f 592/1/592 401/1/401 516/1/516
f 517/1/517 461/1/461 539/1/539
f 462/1/462 539/1/539 461/1/461
f 462/1/462 464/1/464 539/1/539
f 488/1/488 619/1/619 489/1/489
f 421/1/421 542/1/542 541/1/541
f 597/1/597 491/1/491 465/1/465
f 565/1/565 491/1/491 597/1/597
f 568/1/568 521/1/521 492/1/492
f 544/1/544 467/1/467 442/1/442
f 545/1/545 467/1/467 544/1/544
f 546/1/546 494/1/494 495/1/495
f 495/1/495 498/1/498 572/1/572
f 469/1/469 497/1/497 571/1/571
f 547/1/547 500/1/500 469/1/469
f 499/1/499 468/1/468 549/1/549
f 577/1/577 468/1/468 550/1/550
f 522/1/522 523/1/523 502/1/502
f 470/1/470 578/1/578 501/1/501
f 445/1/445 471/1/471 576/1/576
f 523/1/523 503/1/503 502/1/502
f 471/1/471 408/1/408 552/1/552
f 524/1/524 473/1/473 649/1/649
f 649/1/649 473/1/473 553/1/553
f 581/1/581 409/1/409 580/1/580
f 553/1/553 474/1/474 525/1/525
f 582/1/582 525/1/525 504/1/504
f 474/1/474 504/1/504 525/1/525
f 477/1/477 526/1/526 504/1/504
f 505/1/505 526/1/526 477/1/477
f 507/1/507 505/1/505 479/1/479
f 507/1/507 554/1/554 505/1/505
f 509/1/509 510/1/510 527/1/527
f 528/1/528 556/1/556 511/1/511
f 586/1/586 512/1/512 412/1/412
f 456/1/456 588/1/588 587/1/587
f 457/1/457 589/1/589 590/1/590
f 530/1/530 589/1/589 457/1/457
f 530/1/530 559/1/559 558/1/558
f 535/1/535 459/1/459 636/1/636
f 591/1/591 460/1/460 440/1/440
f 616/1/616 440/1/440 536/1/536
f 536/1/536 440/1/440 487/1/487
f 537/1/537 398/1/398 535/1/535
f 537/1/537 592/1/592 516/1/516
f 538/1/538 401/1/401 592/1/592
f 538/1/538 463/1/463 401/1/401
f 539/1/539 464/1/464 540/1/540
f 539/1/539 540/1/540 594/1/594
f 538/1/538 593/1/593 488/1/488
f 542/1/542 668/1/668 541/1/541
f 489/1/489 564/1/564 518/1/518
f 564/1/564 641/1/641 490/1/490
f 520/1/520 490/1/490 566/1/566
f 465/1/465 567/1/567 597/1/597
f 442/1/442 466/1/466 620/1/620
f 493/1/493 546/1/546 543/1/543
f 570/1/570 545/1/545 569/1/569
f 570/1/570 571/1/571 496/1/496
f 571/1/571 547/1/547 469/1/469
f 499/1/499 549/1/549 498/1/498
f 574/1/574 573/1/573 548/1/548
f 547/1/547 548/1/548 500/1/500
f 547/1/547 574/1/574 548/1/548
f 548/1/548 601/1/601 500/1/500
f 445/1/445 576/1/576 522/1/522
f 501/1/501 579/1/579 550/1/550
f 578/1/578 601/1/601 602/1/602
f 578/1/578 579/1/579 501/1/501
f 471/1/471 552/1/552 648/1/648
f 552/1/552 524/1/524 649/1/649
f 553/1/553 525/1/525 582/1/582
f 505/1/505 554/1/554 526/1/526
f 584/1/584 509/1/509 527/1/527
f 653/1/653 451/1/451 508/1/508
f 527/1/527 511/1/511 555/1/555
f 585/1/585 555/1/555 511/1/511
f 606/1/606 681/1/681 586/1/586
f 607/1/607 556/1/556 587/1/587
f 436/1/436 590/1/590 611/1/611
f 634/1/634 590/1/590 589/1/589
f 613/1/613 559/1/559 531/1/531
f 483/1/483 560/1/560 531/1/531
f 561/1/561 560/1/560 483/1/483
f 483/1/483 484/1/484 561/1/561
f 533/1/533 614/1/614 561/1/561
f 614/1/614 533/1/533 562/1/562
f 533/1/533 514/1/514 562/1/562
f 534/1/534 562/1/562 514/1/514
f 637/1/637 562/1/562 534/1/534
f 665/1/665 637/1/637 534/1/534
f 534/1/534 460/1/460 591/1/591
f 440/1/440 616/1/616 591/1/591
f 517/1/517 639/1/639 515/1/515
f 461/1/461 517/1/517 515/1/515
f 563/1/563 517/1/517 539/1/539
f 540/1/540 464/1/464 667/1/667
f 464/1/464 541/1/541 667/1/667
f 564/1/564 489/1/489 619/1/619
f 668/1/668 542/1/542 595/1/595
f 595/1/595 542/1/542 519/1/519
f 519/1/519 565/1/565 595/1/595
f 490/1/490 641/1/641 566/1/566
f 520/1/520 566/1/566 567/1/567
f 521/1/521 568/1/568 598/1/598
f 521/1/521 620/1/620 466/1/466
f 498/1/498 549/1/549 572/1/572
f 468/1/468 577/1/577 549/1/549
f 600/1/600 575/1/575 576/1/576
f 548/1/548 573/1/573 601/1/601
f 575/1/575 523/1/523 522/1/522
f 576/1/576 575/1/575 522/1/522
f 550/1/550 579/1/579 577/1/577
f 503/1/503 523/1/523 646/1/646
f 578/1/578 602/1/602 625/1/625
f 579/1/579 578/1/578 625/1/625
f 472/1/472 627/1/627 580/1/580
f 649/1/649 553/1/553 628/1/628
f 628/1/628 553/1/553 582/1/582
f 629/1/629 478/1/478 581/1/581
f 504/1/504 583/1/583 582/1/582
f 504/1/504 526/1/526 583/1/583
f 508/1/508 478/1/478 629/1/629
f 554/1/554 507/1/507 630/1/630
f 507/1/507 603/1/603 630/1/630
f 507/1/507 509/1/509 603/1/603
f 603/1/603 509/1/509 584/1/584
f 527/1/527 555/1/555 584/1/584
f 511/1/511 556/1/556 585/1/585
f 556/1/556 607/1/607 585/1/585
f 607/1/607 587/1/587 633/1/633
f 633/1/633 632/1/632 607/1/607
f 609/1/609 513/1/513 529/1/529
f 608/1/608 587/1/587 588/1/588
f 609/1/609 557/1/557 513/1/513
f 589/1/589 530/1/530 558/1/558
f 611/1/611 590/1/590 612/1/612
f 557/1/557 609/1/609 532/1/532
f 559/1/559 613/1/613 558/1/558
f 613/1/613 531/1/531 560/1/560
f 532/1/532 635/1/635 636/1/636
f 665/1/665 534/1/534 591/1/591
f 536/1/536 487/1/487 688/1/688
f 639/1/639 487/1/487 515/1/515
f 539/1/539 594/1/594 563/1/563
f 744/1/744 488/1/488 593/1/593
f 744/1/744 619/1/619 488/1/488
f 565/1/565 745/1/745 595/1/595
f 596/1/596 565/1/565 597/1/597
f 566/1/566 641/1/641 715/1/715
f 568/1/568 599/1/599 598/1/598
f 493/1/493 543/1/543 568/1/568
f 543/1/543 599/1/599 568/1/568
f 521/1/521 598/1/598 620/1/620
f 442/1/442 620/1/620 544/1/544
f 543/1/543 546/1/546 694/1/694
f 570/1/570 569/1/569 644/1/644
f 695/1/695 573/1/573 574/1/574
f 575/1/575 697/1/697 523/1/523
f 600/1/600 576/1/576 623/1/623
f 622/1/622 573/1/573 645/1/645
f 573/1/573 622/1/622 601/1/601
f 576/1/576 471/1/471 623/1/623
f 622/1/622 602/1/602 601/1/601
f 471/1/471 648/1/648 623/1/623
f 625/1/625 602/1/602 647/1/647
f 648/1/648 552/1/552 626/1/626
f 580/1/580 627/1/627 581/1/581
f 582/1/582 583/1/583 628/1/628
f 554/1/554 651/1/651 526/1/526
f 630/1/630 603/1/603 631/1/631
f 631/1/631 603/1/603 584/1/584
f 631/1/631 584/1/584 604/1/604
f 555/1/555 604/1/604 584/1/584
f 585/1/585 604/1/604 555/1/555
f 605/1/605 604/1/604 585/1/585
f 605/1/605 585/1/585 607/1/607
f 605/1/605 607/1/607 632/1/632
f 656/1/656 529/1/529 512/1/512
f 633/1/633 587/1/587 608/1/608
f 588/1/588 658/1/658 608/1/608
f 611/1/611 658/1/658 588/1/588
f 634/1/634 612/1/612 590/1/590
f 609/1/609 610/1/610 532/1/532
f 560/1/560 661/1/661 613/1/613
f 610/1/610 709/1/709 532/1/532
f 661/1/661 560/1/560 561/1/561
f 709/1/709 635/1/635 532/1/532
f 615/1/615 614/1/614 562/1/562
f 616/1/616 536/1/536 617/1/617
f 536/1/536 688/1/688 617/1/617
f 638/1/638 688/1/688 487/1/487
f 638/1/638 487/1/487 639/1/639
f 517/1/517 618/1/618 639/1/639
f 592/1/592 714/1/714 538/1/538
f 640/1/640 618/1/618 517/1/517
f 640/1/640 517/1/517 563/1/563
f 541/1/541 668/1/668 667/1/667
f 564/1/564 619/1/619 669/1/669
f 565/1/565 596/1/596 745/1/745
f 567/1/567 643/1/643 597/1/597
f 596/1/596 597/1/597 643/1/643
f 567/1/567 566/1/566 642/1/642
f 599/1/599 543/1/543 621/1/621
f 694/1/694 546/1/546 495/1/495
f 570/1/570 644/1/644 571/1/571
f 770/1/770 495/1/495 572/1/572
f 770/1/770 694/1/694 495/1/495
f 547/1/547 644/1/644 574/1/574
f 697/1/697 646/1/646 523/1/523
f 622/1/622 624/1/624 602/1/602
f 602/1/602 724/1/724 647/1/647
f 579/1/579 625/1/625 673/1/673
f 625/1/625 647/1/647 673/1/673
f 503/1/503 672/1/672 551/1/551
f 672/1/672 627/1/627 551/1/551
f 551/1/551 627/1/627 472/1/472
f 649/1/649 626/1/626 552/1/552
f 526/1/526 651/1/651 583/1/583
f 677/1/677 508/1/508 629/1/629
f 630/1/630 651/1/651 554/1/554
f 652/1/652 508/1/508 677/1/677
f 605/1/605 679/1/679 604/1/604
f 632/1/632 654/1/654 605/1/605
f 633/1/633 655/1/655 632/1/632
f 633/1/633 608/1/608 657/1/657
f 657/1/657 608/1/608 684/1/684
f 608/1/608 658/1/658 684/1/684
f 611/1/611 659/1/659 658/1/658
f 611/1/611 612/1/612 659/1/659
f 558/1/558 613/1/613 733/1/733
f 589/1/589 558/1/558 733/1/733
f 614/1/614 661/1/661 561/1/561
f 635/1/635 663/1/663 636/1/636
f 615/1/615 562/1/562 637/1/637
f 636/1/636 664/1/664 535/1/535
f 618/1/618 666/1/666 639/1/639
f 714/1/714 593/1/593 538/1/538
f 667/1/667 594/1/594 540/1/540
f 593/1/593 764/1/764 744/1/744
f 715/1/715 642/1/642 566/1/566
f 567/1/567 642/1/642 643/1/643
f 599/1/599 690/1/690 598/1/598
f 599/1/599 621/1/621 691/1/691
f 765/1/765 620/1/620 598/1/598
f 620/1/620 765/1/765 544/1/544
f 545/1/545 544/1/544 747/1/747
f 621/1/621 543/1/543 693/1/693
f 543/1/543 694/1/694 693/1/693
f 571/1/571 644/1/644 547/1/547
f 600/1/600 696/1/696 575/1/575
f 600/1/600 670/1/670 696/1/696
f 645/1/645 695/1/695 670/1/670
f 573/1/573 695/1/695 645/1/645
f 549/1/549 671/1/671 572/1/572
f 670/1/670 600/1/600 623/1/623
f 645/1/645 670/1/670 623/1/623
f 549/1/549 698/1/698 721/1/721
f 577/1/577 698/1/698 549/1/549
f 645/1/645 623/1/623 622/1/622
f 622/1/622 623/1/623 624/1/624
f 723/1/723 698/1/698 577/1/577
f 624/1/624 724/1/724 602/1/602
f 723/1/723 577/1/577 579/1/579
f 627/1/627 672/1/672 675/1/675
f 649/1/649 628/1/628 726/1/726
f 581/1/581 650/1/650 629/1/629
f 628/1/628 583/1/583 753/1/753
f 753/1/753 583/1/583 754/1/754
f 651/1/651 700/1/700 583/1/583
f 678/1/678 631/1/631 604/1/604
f 508/1/508 652/1/652 653/1/653
f 605/1/605 654/1/654 679/1/679
f 729/1/729 606/1/606 653/1/653
f 654/1/654 632/1/632 682/1/682
f 682/1/682 632/1/632 655/1/655
f 681/1/681 704/1/704 586/1/586
f 512/1/512 586/1/586 704/1/704
f 512/1/512 704/1/704 656/1/656
f 655/1/655 633/1/633 657/1/657
f 529/1/529 808/1/808 609/1/609
f 609/1/609 706/1/706 610/1/610
f 658/1/658 685/1/685 684/1/684
f 634/1/634 711/1/711 612/1/612
f 733/1/733 660/1/660 589/1/589
f 589/1/589 660/1/660 634/1/634
f 634/1/634 660/1/660 711/1/711
f 660/1/660 733/1/733 734/1/734
f 635/1/635 812/1/812 663/1/663
f 661/1/661 614/1/614 662/1/662
f 662/1/662 614/1/614 615/1/615
f 663/1/663 737/1/737 636/1/636
f 636/1/636 737/1/737 664/1/664
f 638/1/638 760/1/760 688/1/688
f 535/1/535 741/1/741 537/1/537
f 638/1/638 639/1/639 666/1/666
f 563/1/563 689/1/689 640/1/640
f 669/1/669 619/1/619 744/1/744
f 641/1/641 564/1/564 669/1/669
f 643/1/643 642/1/642 716/1/716
f 691/1/691 690/1/690 599/1/599
f 691/1/691 621/1/621 692/1/692
f 544/1/544 765/1/765 719/1/719
f 545/1/545 747/1/747 569/1/569
f 644/1/644 569/1/569 748/1/748
f 574/1/574 644/1/644 695/1/695
f 572/1/572 671/1/671 770/1/770
f 696/1/696 670/1/670 720/1/720
f 697/1/697 575/1/575 696/1/696
f 671/1/671 549/1/549 721/1/721
f 624/1/624 648/1/648 699/1/699
f 624/1/624 623/1/623 648/1/648
f 699/1/699 724/1/724 624/1/624
f 772/1/772 579/1/579 673/1/673
f 647/1/647 676/1/676 674/1/674
f 673/1/673 647/1/647 674/1/674
f 772/1/772 673/1/673 674/1/674
f 626/1/626 649/1/649 726/1/726
f 581/1/581 627/1/627 675/1/675
f 753/1/753 726/1/726 628/1/628
f 675/1/675 650/1/650 581/1/581
f 583/1/583 700/1/700 754/1/754
f 630/1/630 701/1/701 651/1/651
f 631/1/631 702/1/702 630/1/630
f 678/1/678 702/1/702 631/1/631
f 604/1/604 679/1/679 678/1/678
f 680/1/680 679/1/679 654/1/654
f 680/1/680 654/1/654 682/1/682
f 680/1/680 682/1/682 731/1/731
f 655/1/655 731/1/731 682/1/682
f 705/1/705 656/1/656 683/1/683
f 656/1/656 705/1/705 529/1/529
f 781/1/781 655/1/655 657/1/657
f 609/1/609 808/1/808 706/1/706
f 684/1/684 707/1/707 657/1/657
f 708/1/708 707/1/707 684/1/684
f 708/1/708 684/1/684 685/1/685
f 659/1/659 685/1/685 658/1/658
f 610/1/610 732/1/732 709/1/709
f 659/1/659 612/1/612 711/1/711
f 660/1/660 734/1/734 710/1/710
f 613/1/613 661/1/661 686/1/686
f 686/1/686 733/1/733 613/1/613
f 709/1/709 812/1/812 635/1/635
f 686/1/686 661/1/661 736/1/736
f 661/1/661 662/1/662 736/1/736
f 591/1/591 687/1/687 665/1/665
f 616/1/616 687/1/687 591/1/591
f 617/1/617 688/1/688 740/1/740
f 741/1/741 535/1/535 664/1/664
f 741/1/741 592/1/592 537/1/537
f 816/1/816 638/1/638 666/1/666
f 640/1/640 743/1/743 618/1/618
f 640/1/640 689/1/689 762/1/762
f 563/1/563 594/1/594 689/1/689
f 668/1/668 595/1/595 784/1/784
f 784/1/784 595/1/595 745/1/745
f 715/1/715 787/1/787 642/1/642
f 596/1/596 643/1/643 786/1/786
f 786/1/786 643/1/643 716/1/716
f 718/1/718 690/1/690 717/1/717
f 690/1/690 691/1/691 717/1/717
f 717/1/717 691/1/691 746/1/746
f 746/1/746 691/1/691 692/1/692
f 690/1/690 765/1/765 598/1/598
f 719/1/719 766/1/766 747/1/747
f 719/1/719 747/1/747 544/1/544
f 569/1/569 747/1/747 789/1/789
f 695/1/695 720/1/720 670/1/670
f 503/1/503 646/1/646 672/1/672
f 725/1/725 724/1/724 699/1/699
f 723/1/723 579/1/579 772/1/772
f 648/1/648 626/1/626 699/1/699
f 626/1/626 725/1/725 699/1/699
f 724/1/724 676/1/676 647/1/647
f 672/1/672 722/1/722 675/1/675
f 725/1/725 626/1/626 726/1/726
f 753/1/753 837/1/837 726/1/726
f 629/1/629 650/1/650 677/1/677
f 727/1/727 700/1/700 651/1/651
f 727/1/727 651/1/651 701/1/701
f 702/1/702 804/1/804 630/1/630
f 702/1/702 678/1/678 728/1/728
f 728/1/728 678/1/678 703/1/703
f 679/1/679 703/1/703 678/1/678
f 653/1/653 652/1/652 729/1/729
f 680/1/680 703/1/703 679/1/679
f 755/1/755 703/1/703 680/1/680
f 730/1/730 755/1/755 680/1/680
f 606/1/606 729/1/729 681/1/681
f 730/1/730 680/1/680 731/1/731
f 704/1/704 683/1/683 656/1/656
f 731/1/731 655/1/655 781/1/781
f 707/1/707 782/1/782 781/1/781
f 705/1/705 808/1/808 529/1/529
f 781/1/781 657/1/657 707/1/707
f 711/1/711 712/1/712 659/1/659
f 685/1/685 659/1/659 756/1/756
f 711/1/711 660/1/660 710/1/710
f 812/1/812 737/1/737 663/1/663
f 736/1/736 662/1/662 713/1/713
f 713/1/713 615/1/615 637/1/637
f 713/1/713 662/1/662 615/1/615
f 739/1/739 713/1/713 637/1/637
f 637/1/637 665/1/665 687/1/687
f 637/1/637 687/1/687 739/1/739
f 616/1/616 617/1/617 687/1/687
f 687/1/687 617/1/617 740/1/740
f 759/1/759 664/1/664 854/1/854
f 688/1/688 760/1/760 758/1/758
f 816/1/816 760/1/760 638/1/638
f 592/1/592 742/1/742 714/1/714
f 666/1/666 618/1/618 743/1/743
f 714/1/714 764/1/764 593/1/593
f 594/1/594 667/1/667 821/1/821
f 641/1/641 669/1/669 785/1/785
f 641/1/641 785/1/785 715/1/715
f 717/1/717 746/1/746 788/1/788
f 718/1/718 765/1/765 690/1/690
f 864/1/864 692/1/692 693/1/693
f 692/1/692 621/1/621 693/1/693
f 769/1/769 695/1/695 644/1/644
f 770/1/770 671/1/671 793/1/793
f 696/1/696 749/1/749 697/1/697
f 722/1/722 672/1/672 646/1/646
f 698/1/698 723/1/723 750/1/750
f 750/1/750 723/1/723 772/1/772
f 676/1/676 724/1/724 773/1/773
f 772/1/772 674/1/674 833/1/833
f 900/1/900 700/1/700 727/1/727
f 630/1/630 804/1/804 701/1/701
f 702/1/702 728/1/728 804/1/804
f 782/1/782 707/1/707 809/1/809
f 707/1/707 708/1/708 809/1/809
f 756/1/756 659/1/659 712/1/712
f 709/1/709 732/1/732 812/1/812
f 712/1/712 711/1/711 710/1/710
f 735/1/735 733/1/733 686/1/686
f 735/1/735 734/1/734 733/1/733
f 736/1/736 757/1/757 686/1/686
f 739/1/739 738/1/738 713/1/713
f 854/1/854 737/1/737 850/1/850
f 737/1/737 854/1/854 664/1/664
f 740/1/740 688/1/688 758/1/758
f 759/1/759 741/1/741 664/1/664
f 741/1/741 742/1/742 592/1/592
f 640/1/640 762/1/762 743/1/743
f 764/1/764 714/1/714 761/1/761
f 763/1/763 689/1/689 594/1/594
f 667/1/667 668/1/668 784/1/784
f 745/1/745 596/1/596 859/1/859
f 715/1/715 785/1/785 823/1/823
f 715/1/715 823/1/823 787/1/787
f 717/1/717 885/1/885 718/1/718
f 747/1/747 767/1/767 789/1/789
f 569/1/569 789/1/789 748/1/748
f 693/1/693 694/1/694 827/1/827
f 769/1/769 644/1/644 748/1/748
f 696/1/696 792/1/792 749/1/749
f 792/1/792 696/1/696 720/1/720
f 721/1/721 793/1/793 671/1/671
f 749/1/749 893/1/893 697/1/697
f 697/1/697 794/1/794 646/1/646
f 698/1/698 771/1/771 721/1/721
f 771/1/771 698/1/698 750/1/750
f 724/1/724 725/1/725 773/1/773
f 722/1/722 870/1/870 675/1/675
f 774/1/774 676/1/676 773/1/773
f 773/1/773 725/1/725 726/1/726
f 674/1/674 676/1/676 774/1/774
f 773/1/773 726/1/726 837/1/837
f 752/1/752 796/1/796 751/1/751
f 675/1/675 838/1/838 650/1/650
f 840/1/840 752/1/752 751/1/751
f 700/1/700 900/1/900 754/1/754
f 701/1/701 776/1/776 727/1/727
f 703/1/703 755/1/755 778/1/778
f 729/1/729 844/1/844 681/1/681
f 704/1/704 681/1/681 905/1/905
f 681/1/681 844/1/844 905/1/905
f 807/1/807 731/1/731 781/1/781
f 706/1/706 732/1/732 610/1/610
f 810/1/810 732/1/732 706/1/706
f 708/1/708 685/1/685 847/1/847
f 847/1/847 685/1/685 756/1/756
f 712/1/712 710/1/710 811/1/811
f 710/1/710 734/1/734 811/1/811
f 686/1/686 757/1/757 735/1/735
f 848/1/848 737/1/737 812/1/812
f 736/1/736 713/1/713 757/1/757
f 757/1/757 713/1/713 738/1/738
f 848/1/848 850/1/850 737/1/737
f 851/1/851 739/1/739 687/1/687
f 687/1/687 740/1/740 813/1/813
f 740/1/740 758/1/758 815/1/815
f 816/1/816 666/1/666 856/1/856
f 819/1/819 689/1/689 763/1/763
f 784/1/784 821/1/821 667/1/667
f 669/1/669 822/1/822 785/1/785
f 669/1/669 744/1/744 822/1/822
f 786/1/786 859/1/859 596/1/596
f 716/1/716 642/1/642 861/1/861
f 717/1/717 788/1/788 885/1/885
f 746/1/746 825/1/825 788/1/788
f 746/1/746 692/1/692 864/1/864
f 747/1/747 766/1/766 767/1/767
f 748/1/748 768/1/768 769/1/769
f 694/1/694 770/1/770 827/1/827
f 792/1/792 720/1/720 769/1/769
f 769/1/769 720/1/720 695/1/695
f 697/1/697 893/1/893 794/1/794
f 646/1/646 794/1/794 722/1/722
f 750/1/750 772/1/772 797/1/797
f 837/1/837 774/1/774 773/1/773
f 674/1/674 774/1/774 833/1/833
f 675/1/675 870/1/870 838/1/838
f 796/1/796 798/1/798 751/1/751
f 840/1/840 775/1/775 752/1/752
f 840/1/840 751/1/751 801/1/801
f 650/1/650 875/1/875 677/1/677
f 900/1/900 727/1/727 776/1/776
f 677/1/677 917/1/917 652/1/652
f 703/1/703 777/1/777 728/1/728
f 703/1/703 778/1/778 777/1/777
f 779/1/779 778/1/778 755/1/755
f 779/1/779 755/1/755 805/1/805
f 805/1/805 730/1/730 731/1/731
f 780/1/780 731/1/731 807/1/807
f 704/1/704 978/1/978 683/1/683
f 683/1/683 978/1/978 808/1/808
f 683/1/683 808/1/808 705/1/705
f 781/1/781 782/1/782 845/1/845
f 950/1/950 847/1/847 756/1/756
f 712/1/712 783/1/783 756/1/756
f 783/1/783 712/1/712 811/1/811
f 849/1/849 757/1/757 738/1/738
f 738/1/738 851/1/851 849/1/849
f 739/1/739 851/1/851 738/1/738
f 851/1/851 687/1/687 813/1/813
f 883/1/883 758/1/758 760/1/760
f 742/1/742 741/1/741 817/1/817
f 856/1/856 666/1/666 743/1/743
f 742/1/742 817/1/817 714/1/714
f 714/1/714 817/1/817 761/1/761
f 762/1/762 857/1/857 743/1/743
f 689/1/689 819/1/819 762/1/762
f 594/1/594 821/1/821 763/1/763
f 820/1/820 763/1/763 821/1/821
f 821/1/821 784/1/784 930/1/930
f 745/1/745 859/1/859 784/1/784
f 642/1/642 787/1/787 861/1/861
f 915/1/915 885/1/885 788/1/788
f 718/1/718 863/1/863 765/1/765
f 718/1/718 885/1/885 863/1/863
f 746/1/746 826/1/826 825/1/825
f 719/1/719 863/1/863 766/1/766
f 765/1/765 863/1/863 719/1/719
f 790/1/790 789/1/789 767/1/767
f 864/1/864 693/1/693 889/1/889
f 693/1/693 827/1/827 889/1/889
f 789/1/789 790/1/790 791/1/791
f 789/1/789 791/1/791 748/1/748
f 827/1/827 770/1/770 793/1/793
f 827/1/827 793/1/793 867/1/867
f 749/1/749 892/1/892 893/1/893
f 892/1/892 749/1/749 792/1/792
f 794/1/794 795/1/795 722/1/722
f 829/1/829 828/1/828 771/1/771
f 750/1/750 829/1/829 771/1/771
f 750/1/750 797/1/797 829/1/829
f 830/1/830 829/1/829 797/1/797
f 795/1/795 870/1/870 722/1/722
f 830/1/830 796/1/796 831/1/831
f 830/1/830 797/1/797 798/1/798
f 772/1/772 834/1/834 797/1/797
f 796/1/796 830/1/830 798/1/798
f 772/1/772 833/1/833 834/1/834
f 798/1/798 797/1/797 835/1/835
f 775/1/775 796/1/796 752/1/752
f 832/1/832 796/1/796 775/1/775
f 832/1/832 775/1/775 839/1/839
f 798/1/798 835/1/835 799/1/799
f 798/1/798 799/1/799 751/1/751
f 799/1/799 835/1/835 800/1/800
f 799/1/799 801/1/801 751/1/751
f 839/1/839 775/1/775 840/1/840
f 838/1/838 875/1/875 650/1/650
f 802/1/802 837/1/837 753/1/753
f 801/1/801 799/1/799 803/1/803
f 803/1/803 799/1/799 800/1/800
f 753/1/753 754/1/754 802/1/802
f 840/1/840 801/1/801 803/1/803
f 754/1/754 900/1/900 802/1/802
f 800/1/800 842/1/842 803/1/803
f 880/1/880 946/1/946 804/1/804
f 806/1/806 779/1/779 805/1/805
f 975/1/975 844/1/844 729/1/729
f 755/1/755 730/1/730 805/1/805
f 731/1/731 780/1/780 805/1/805
f 704/1/704 905/1/905 978/1/978
f 978/1/978 979/1/979 808/1/808
f 808/1/808 923/1/923 706/1/706
f 845/1/845 782/1/782 809/1/809
f 923/1/923 810/1/810 706/1/706
f 907/1/907 809/1/809 708/1/708
f 756/1/756 783/1/783 950/1/950
f 735/1/735 951/1/951 734/1/734
f 811/1/811 734/1/734 951/1/951
f 735/1/735 757/1/757 909/1/909
f 909/1/909 757/1/757 849/1/849
f 815/1/815 758/1/758 883/1/883
f 883/1/883 760/1/760 855/1/855
f 741/1/741 759/1/759 817/1/817
f 760/1/760 816/1/816 855/1/855
f 816/1/816 955/1/955 855/1/855
f 856/1/856 743/1/743 857/1/857
f 912/1/912 856/1/856 857/1/857
f 762/1/762 819/1/819 818/1/818
f 857/1/857 762/1/762 818/1/818
f 858/1/858 819/1/819 763/1/763
f 763/1/763 820/1/820 858/1/858
f 823/1/823 785/1/785 822/1/822
f 859/1/859 786/1/786 824/1/824
f 860/1/860 823/1/823 931/1/931
f 860/1/860 787/1/787 823/1/823
f 860/1/860 932/1/932 787/1/787
f 716/1/716 861/1/861 786/1/786
f 915/1/915 788/1/788 862/1/862
f 862/1/862 788/1/788 825/1/825
f 886/1/886 884/1/884 825/1/825
f 825/1/825 826/1/826 886/1/886
f 746/1/746 864/1/864 826/1/826
f 766/1/766 935/1/935 767/1/767
f 889/1/889 827/1/827 891/1/891
f 748/1/748 791/1/791 768/1/768
f 768/1/768 865/1/865 769/1/769
f 792/1/792 866/1/866 892/1/892
f 866/1/866 792/1/792 769/1/769
f 868/1/868 793/1/793 721/1/721
f 721/1/721 771/1/771 828/1/828
f 721/1/721 828/1/828 868/1/868
f 829/1/829 831/1/831 828/1/828
f 829/1/829 830/1/830 831/1/831
f 796/1/796 832/1/832 831/1/831
f 870/1/870 968/1/968 838/1/838
f 833/1/833 774/1/774 872/1/872
f 834/1/834 833/1/833 896/1/896
f 797/1/797 834/1/834 835/1/835
f 872/1/872 774/1/774 837/1/837
f 896/1/896 833/1/833 872/1/872
f 897/1/897 835/1/835 834/1/834
f 836/1/836 832/1/832 839/1/839
f 874/1/874 835/1/835 897/1/897
f 835/1/835 874/1/874 800/1/800
f 841/1/841 839/1/839 840/1/840
f 802/1/802 900/1/900 971/1/971
f 874/1/874 842/1/842 800/1/800
f 841/1/841 840/1/840 803/1/803
f 917/1/917 677/1/677 875/1/875
f 842/1/842 901/1/901 803/1/803
f 776/1/776 701/1/701 945/1/945
f 728/1/728 880/1/880 804/1/804
f 904/1/904 652/1/652 917/1/917
f 652/1/652 904/1/904 729/1/729
f 728/1/728 777/1/777 880/1/880
f 975/1/975 729/1/729 904/1/904
f 779/1/779 843/1/843 778/1/778
f 921/1/921 779/1/779 806/1/806
f 881/1/881 806/1/806 805/1/805
f 780/1/780 881/1/881 805/1/805
f 807/1/807 906/1/906 780/1/780
f 781/1/781 845/1/845 807/1/807
f 847/1/847 907/1/907 708/1/708
f 732/1/732 908/1/908 812/1/812
f 908/1/908 925/1/925 812/1/812
f 812/1/812 925/1/925 848/1/848
f 910/1/910 849/1/849 851/1/851
f 852/1/852 910/1/910 851/1/851
f 850/1/850 853/1/853 854/1/854
f 852/1/852 851/1/851 813/1/813
f 813/1/813 740/1/740 814/1/814
f 815/1/815 814/1/814 740/1/740
f 759/1/759 854/1/854 911/1/911
f 858/1/858 818/1/818 819/1/819
f 820/1/820 821/1/821 930/1/930
f 990/1/990 930/1/930 784/1/784
f 859/1/859 990/1/990 784/1/784
f 932/1/932 861/1/861 787/1/787
f 786/1/786 861/1/861 994/1/994
f 884/1/884 862/1/862 825/1/825
f 888/1/888 767/1/767 935/1/935
f 791/1/791 890/1/890 865/1/865
f 791/1/791 790/1/790 890/1/890
f 791/1/791 865/1/865 768/1/768
f 827/1/827 867/1/867 891/1/891
f 865/1/865 866/1/866 769/1/769
f 966/1/966 867/1/867 793/1/793
f 793/1/793 868/1/868 966/1/966
f 894/1/894 868/1/868 828/1/828
f 794/1/794 1000/1/1000 795/1/795
f 871/1/871 894/1/894 828/1/828
f 828/1/828 831/1/831 869/1/869
f 869/1/869 871/1/871 828/1/828
f 870/1/870 795/1/795 1002/1/1002
f 870/1/870 1002/1/1002 968/1/968
f 831/1/831 832/1/832 869/1/869
f 836/1/836 869/1/869 832/1/832
f 871/1/871 869/1/869 836/1/836
f 896/1/896 897/1/897 834/1/834
f 871/1/871 836/1/836 873/1/873
f 872/1/872 837/1/837 895/1/895
f 876/1/876 836/1/836 839/1/839
f 876/1/876 873/1/873 836/1/836
f 837/1/837 802/1/802 895/1/895
f 841/1/841 877/1/877 839/1/839
f 839/1/839 877/1/877 876/1/876
f 842/1/842 874/1/874 878/1/878
f 876/1/876 877/1/877 898/1/898
f 841/1/841 803/1/803 879/1/879
f 902/1/902 841/1/841 879/1/879
f 877/1/877 841/1/841 902/1/902
f 901/1/901 879/1/879 803/1/803
f 900/1/900 776/1/776 971/1/971
f 701/1/701 946/1/946 945/1/945
f 804/1/804 946/1/946 701/1/701
f 778/1/778 920/1/920 777/1/777
f 778/1/778 843/1/843 920/1/920
f 976/1/976 843/1/843 779/1/779
f 779/1/779 921/1/921 976/1/976
f 806/1/806 881/1/881 921/1/921
f 807/1/807 845/1/845 846/1/846
f 845/1/845 980/1/980 846/1/846
f 809/1/809 980/1/980 845/1/845
f 809/1/809 907/1/907 980/1/980
f 732/1/732 810/1/810 908/1/908
f 847/1/847 950/1/950 882/1/882
f 925/1/925 1096/1/1096 848/1/848
f 735/1/735 909/1/909 951/1/951
f 848/1/848 981/1/981 850/1/850
f 910/1/910 909/1/909 849/1/849
f 981/1/981 853/1/853 850/1/850
f 953/1/953 852/1/852 813/1/813
f 816/1/816 856/1/856 955/1/955
f 957/1/957 912/1/912 857/1/857
f 818/1/818 858/1/858 913/1/913
f 987/1/987 764/1/764 761/1/761
f 988/1/988 744/1/744 764/1/764
f 930/1/930 1017/1/1017 820/1/820
f 823/1/823 822/1/822 931/1/931
f 859/1/859 824/1/824 990/1/990
f 786/1/786 994/1/994 824/1/824
f 862/1/862 914/1/914 915/1/915
f 886/1/886 826/1/826 887/1/887
f 826/1/826 864/1/864 936/1/936
f 888/1/888 790/1/790 767/1/767
f 890/1/890 790/1/790 888/1/888
f 965/1/965 1000/1/1000 794/1/794
f 965/1/965 794/1/794 893/1/893
f 916/1/916 868/1/868 894/1/894
f 872/1/872 895/1/895 4014/1/4014
f 940/1/940 872/1/872 4014/1/4014
f 872/1/872 940/1/940 896/1/896
f 897/1/897 941/1/941 874/1/874
f 876/1/876 899/1/899 873/1/873
f 878/1/878 874/1/874 941/1/941
f 898/1/898 899/1/899 876/1/876
f 842/1/842 878/1/878 918/1/918
f 898/1/898 877/1/877 902/1/902
f 842/1/842 918/1/918 901/1/901
f 776/1/776 945/1/945 971/1/971
f 901/1/901 918/1/918 903/1/903
f 1036/1/1036 946/1/946 880/1/880
f 880/1/880 777/1/777 1036/1/1036
f 843/1/843 976/1/976 920/1/920
f 922/1/922 921/1/921 881/1/881
f 881/1/881 780/1/780 922/1/922
f 922/1/922 780/1/780 906/1/906
f 978/1/978 1094/1/1094 979/1/979
f 808/1/808 979/1/979 923/1/923
f 846/1/846 906/1/906 807/1/807
f 882/1/882 907/1/907 847/1/847
f 783/1/783 924/1/924 950/1/950
f 811/1/811 924/1/924 783/1/783
f 811/1/811 951/1/951 926/1/926
f 910/1/910 952/1/952 909/1/909
f 853/1/853 911/1/911 854/1/854
f 814/1/814 815/1/815 983/1/983
f 1014/1/1014 815/1/815 883/1/883
f 883/1/883 855/1/855 984/1/984
f 856/1/856 927/1/927 955/1/955
f 928/1/928 927/1/927 856/1/856
f 856/1/856 912/1/912 928/1/928
f 817/1/817 956/1/956 761/1/761
f 958/1/958 957/1/957 857/1/857
f 958/1/958 857/1/857 818/1/818
f 929/1/929 913/1/913 858/1/858
f 987/1/987 988/1/988 764/1/764
f 988/1/988 822/1/822 744/1/744
f 959/1/959 822/1/822 988/1/988
f 822/1/822 959/1/959 931/1/931
f 861/1/861 932/1/932 994/1/994
f 933/1/933 862/1/862 884/1/884
f 884/1/884 886/1/886 934/1/934
f 887/1/887 962/1/962 886/1/886
f 863/1/863 935/1/935 766/1/766
f 887/1/887 826/1/826 936/1/936
f 936/1/936 864/1/864 998/1/998
f 864/1/864 889/1/889 998/1/998
f 937/1/937 889/1/889 891/1/891
f 892/1/892 965/1/965 893/1/893
f 966/1/966 868/1/868 916/1/916
f 894/1/894 938/1/938 916/1/916
f 938/1/938 871/1/871 967/1/967
f 894/1/894 871/1/871 938/1/938
f 795/1/795 1000/1/1000 1002/1/1002
f 871/1/871 873/1/873 967/1/967
f 838/1/838 1026/1/1026 875/1/875
f 896/1/896 940/1/940 897/1/897
f 4015/1/4015 895/1/895 802/1/802
f 899/1/899 942/1/942 873/1/873
f 1028/1/1028 917/1/917 875/1/875
f 802/1/802 971/1/971 4015/1/4015
f 902/1/902 943/1/943 898/1/898
f 879/1/879 919/1/919 902/1/902
f 971/1/971 945/1/945 1030/1/1030
f 879/1/879 901/1/901 919/1/919
f 902/1/902 919/1/919 944/1/944
f 918/1/918 973/1/973 903/1/903
f 921/1/921 922/1/922 948/1/948
f 908/1/908 810/1/810 1010/1/1010
f 811/1/811 926/1/926 924/1/924
f 1096/1/1096 981/1/981 848/1/848
f 951/1/951 909/1/909 952/1/952
f 953/1/953 952/1/952 910/1/910
f 953/1/953 910/1/910 852/1/852
f 1013/1/1013 953/1/953 813/1/813
f 814/1/814 1013/1/1013 813/1/813
f 759/1/759 911/1/911 954/1/954
f 955/1/955 1015/1/1015 855/1/855
f 928/1/928 912/1/912 957/1/957
f 913/1/913 958/1/958 818/1/818
f 820/1/820 1016/1/1016 858/1/858
f 1016/1/1016 820/1/820 1017/1/1017
f 930/1/930 989/1/989 1017/1/1017
f 930/1/930 990/1/990 989/1/989
f 862/1/862 933/1/933 914/1/914
f 933/1/933 884/1/884 934/1/934
f 886/1/886 962/1/962 934/1/934
f 936/1/936 996/1/996 887/1/887
f 892/1/892 866/1/866 964/1/964
f 916/1/916 938/1/938 966/1/966
f 967/1/967 873/1/873 939/1/939
f 1002/1/1002 1051/1/1051 968/1/968
f 838/1/838 968/1/968 1026/1/1026
f 939/1/939 873/1/873 942/1/942
f 940/1/940 941/1/941 897/1/897
f 1084/1/1084 917/1/917 1028/1/1028
f 1084/1/1084 904/1/904 917/1/917
f 971/1/971 1030/1/1030 1114/1/1114
f 898/1/898 943/1/943 899/1/899
f 974/1/974 899/1/899 943/1/943
f 943/1/943 902/1/902 944/1/944
f 919/1/919 901/1/901 903/1/903
f 1031/1/1031 944/1/944 919/1/919
f 1036/1/1036 777/1/777 1037/1/1037
f 904/1/904 1088/1/1088 975/1/975
f 777/1/777 920/1/920 1037/1/1037
f 976/1/976 921/1/921 947/1/947
f 922/1/922 906/1/906 1009/1/1009
f 923/1/923 979/1/979 949/1/949
f 923/1/923 949/1/949 810/1/810
f 1010/1/1010 1064/1/1064 908/1/908
f 950/1/950 1095/1/1095 882/1/882
f 908/1/908 1064/1/1064 925/1/925
f 1011/1/1011 951/1/951 952/1/952
f 1012/1/1012 952/1/952 953/1/953
f 954/1/954 911/1/911 982/1/982
f 1014/1/1014 983/1/983 815/1/815
f 1014/1/1014 883/1/883 984/1/984
f 984/1/984 855/1/855 1015/1/1015
f 954/1/954 985/1/985 759/1/759
f 985/1/985 817/1/817 759/1/759
f 956/1/956 987/1/987 761/1/761
f 1016/1/1016 929/1/929 858/1/858
f 931/1/931 960/1/960 961/1/961
f 931/1/931 961/1/961 860/1/860
f 1018/1/1018 860/1/860 961/1/961
f 860/1/860 1018/1/1018 932/1/932
f 933/1/933 934/1/934 1019/1/1019
f 1019/1/1019 934/1/934 995/1/995
f 995/1/995 934/1/934 962/1/962
f 962/1/962 1021/1/1021 995/1/995
f 1020/1/1020 885/1/885 915/1/915
f 885/1/885 1020/1/1020 863/1/863
f 863/1/863 963/1/963 935/1/935
f 962/1/962 887/1/887 996/1/996
f 996/1/996 936/1/936 1109/1/1109
f 997/1/997 890/1/890 888/1/888
f 865/1/865 1023/1/1023 866/1/866
f 1110/1/1110 865/1/865 890/1/890
f 937/1/937 1050/1/1050 889/1/889
f 1024/1/1024 892/1/892 964/1/964
f 891/1/891 867/1/867 999/1/999
f 1024/1/1024 965/1/965 892/1/892
f 867/1/867 966/1/966 999/1/999
f 999/1/999 966/1/966 938/1/938
f 999/1/999 938/1/938 1001/1/1001
f 1001/1/1001 938/1/938 967/1/967
f 939/1/939 1001/1/1001 967/1/967
f 968/1/968 1051/1/1051 1026/1/1026
f 969/1/969 939/1/939 970/1/970
f 875/1/875 1026/1/1026 1028/1/1028
f 942/1/942 970/1/970 939/1/939
f 895/1/895 4015/1/4015 4014/1/4014
f 942/1/942 899/1/899 974/1/974
f 970/1/970 942/1/942 974/1/974
f 1005/1/1005 970/1/970 974/1/974
f 972/1/972 918/1/918 878/1/878
f 973/1/973 918/1/918 972/1/972
f 919/1/919 903/1/903 1055/1/1055
f 919/1/919 1055/1/1055 1031/1/1031
f 943/1/943 944/1/944 1006/1/1006
f 974/1/974 943/1/943 1006/1/1006
f 948/1/948 947/1/947 921/1/921
f 844/1/844 977/1/977 905/1/905
f 1059/1/1059 948/1/948 922/1/922
f 977/1/977 978/1/978 905/1/905
f 979/1/979 1094/1/1094 949/1/949
f 846/1/846 980/1/980 1041/1/1041
f 980/1/980 907/1/907 1041/1/1041
f 810/1/810 949/1/949 1010/1/1010
f 926/1/926 1153/1/1153 924/1/924
f 926/1/926 951/1/951 1011/1/1011
f 1011/1/1011 952/1/952 1012/1/1012
f 981/1/981 1044/1/1044 853/1/853
f 982/1/982 853/1/853 1044/1/1044
f 911/1/911 853/1/853 982/1/982
f 814/1/814 983/1/983 1013/1/1013
f 955/1/955 927/1/927 1047/1/1047
f 928/1/928 986/1/986 1047/1/1047
f 927/1/927 928/1/928 1047/1/1047
f 928/1/928 957/1/957 986/1/986
f 817/1/817 985/1/985 956/1/956
f 1101/1/1101 957/1/957 958/1/958
f 1068/1/1068 988/1/988 987/1/987
f 988/1/988 1069/1/1069 959/1/959
f 931/1/931 959/1/959 960/1/960
f 989/1/989 990/1/990 992/1/992
f 990/1/990 824/1/824 992/1/992
f 992/1/992 824/1/824 991/1/991
f 932/1/932 993/1/993 994/1/994
f 933/1/933 1019/1/1019 914/1/914
f 914/1/914 1075/1/1075 915/1/915
f 863/1/863 1020/1/1020 963/1/963
f 935/1/935 963/1/963 1107/1/1107
f 1022/1/1022 1109/1/1109 936/1/936
f 935/1/935 997/1/997 888/1/888
f 997/1/997 1110/1/1110 890/1/890
f 998/1/998 889/1/889 1050/1/1050
f 999/1/999 1078/1/1078 891/1/891
f 1025/1/1025 1078/1/1078 999/1/999
f 1141/1/1141 1000/1/1000 965/1/965
f 1001/1/1001 1025/1/1025 999/1/999
f 1025/1/1025 1001/1/1001 939/1/939
f 969/1/969 1025/1/1025 939/1/939
f 969/1/969 970/1/970 1003/1/1003
f 1081/1/1081 4014/1/4014 4015/1/4015
f 940/1/940 4014/1/4014 1081/1/1081
f 1003/1/1003 970/1/970 1005/1/1005
f 4015/1/4015 971/1/971 1053/1/1053
f 1004/1/1004 878/1/878 941/1/941
f 971/1/971 1114/1/1114 1053/1/1053
f 1029/1/1029 972/1/972 878/1/878
f 1005/1/1005 974/1/974 1032/1/1032
f 903/1/903 973/1/973 1054/1/1054
f 1055/1/1055 903/1/903 1054/1/1054
f 1007/1/1007 944/1/944 1031/1/1031
f 1007/1/1007 1006/1/1006 944/1/944
f 1033/1/1033 974/1/974 1006/1/1006
f 1032/1/1032 974/1/974 1033/1/1033
f 1008/1/1008 1030/1/1030 946/1/946
f 946/1/946 1030/1/1030 945/1/945
f 1036/1/1036 1008/1/1008 946/1/946
f 975/1/975 1213/1/1213 844/1/844
f 1059/1/1059 922/1/922 1009/1/1009
f 1009/1/1009 906/1/906 1060/1/1060
f 906/1/906 846/1/846 1060/1/1060
f 846/1/846 1041/1/1041 1060/1/1060
f 1041/1/1041 907/1/907 1062/1/1062
f 907/1/907 882/1/882 1062/1/1062
f 1062/1/1062 882/1/882 1095/1/1095
f 950/1/950 1042/1/1042 1095/1/1095
f 925/1/925 1064/1/1064 1096/1/1096
f 950/1/950 924/1/924 1042/1/1042
f 926/1/926 1011/1/1011 1043/1/1043
f 926/1/926 1043/1/1043 1153/1/1153
f 1154/1/1154 1044/1/1044 981/1/981
f 1011/1/1011 1012/1/1012 1065/1/1065
f 1012/1/1012 1066/1/1066 1065/1/1065
f 953/1/953 1066/1/1066 1012/1/1012
f 953/1/953 1013/1/1013 1180/1/1180
f 1014/1/1014 1045/1/1045 983/1/983
f 984/1/984 1015/1/1015 1131/1/1131
f 954/1/954 1100/1/1100 985/1/985
f 1133/1/1133 956/1/956 1160/1/1160
f 987/1/987 956/1/956 1133/1/1133
f 1134/1/1134 987/1/987 1133/1/1133
f 1102/1/1102 929/1/929 1016/1/1016
f 988/1/988 1068/1/1068 1069/1/1069
f 960/1/960 959/1/959 1049/1/1049
f 961/1/961 960/1/960 1104/1/1104
f 824/1/824 994/1/994 1070/1/1070
f 994/1/994 993/1/993 1070/1/1070
f 1018/1/1018 961/1/961 1104/1/1104
f 1018/1/1018 993/1/993 932/1/932
f 1019/1/1019 1075/1/1075 914/1/914
f 995/1/995 1073/1/1073 1019/1/1019
f 915/1/915 1075/1/1075 1020/1/1020
f 962/1/962 996/1/996 1108/1/1108
f 1108/1/1108 1021/1/1021 962/1/962
f 997/1/997 935/1/935 1107/1/1107
f 936/1/936 998/1/998 1022/1/1022
f 865/1/865 1110/1/1110 1023/1/1023
f 998/1/998 1050/1/1050 1200/1/1200
f 964/1/964 866/1/866 1023/1/1023
f 1078/1/1078 937/1/937 891/1/891
f 1235/1/1235 965/1/965 1024/1/1024
f 1027/1/1027 1079/1/1079 969/1/969
f 1003/1/1003 1027/1/1027 969/1/969
f 940/1/940 1081/1/1081 1113/1/1113
f 1113/1/1113 941/1/941 940/1/940
f 1028/1/1028 1052/1/1052 1084/1/1084
f 1081/1/1081 4015/1/4015 1053/1/1053
f 941/1/941 1113/1/1113 1004/1/1004
f 1032/1/1032 1080/1/1080 1005/1/1005
f 973/1/973 972/1/972 1085/1/1085
f 973/1/973 1085/1/1085 1054/1/1054
f 1031/1/1031 1116/1/1116 1007/1/1007
f 1008/1/1008 1090/1/1090 1030/1/1030
f 1034/1/1034 1006/1/1006 1007/1/1007
f 1033/1/1033 1006/1/1006 1034/1/1034
f 1033/1/1033 1034/1/1034 1035/1/1035
f 1034/1/1034 1007/1/1007 1057/1/1057
f 1037/1/1037 920/1/920 1038/1/1038
f 1057/1/1057 1039/1/1039 1034/1/1034
f 1035/1/1035 1034/1/1034 1039/1/1039
f 1088/1/1088 1213/1/1213 975/1/975
f 976/1/976 1040/1/1040 920/1/920
f 976/1/976 947/1/947 1040/1/1040
f 1060/1/1060 1041/1/1041 1061/1/1061
f 924/1/924 1153/1/1153 1042/1/1042
f 1153/1/1153 1043/1/1043 1155/1/1155
f 1154/1/1154 981/1/981 1096/1/1096
f 1043/1/1043 1011/1/1011 1065/1/1065
f 983/1/983 1045/1/1045 1013/1/1013
f 1129/1/1129 984/1/984 1131/1/1131
f 1131/1/1131 1130/1/1130 1129/1/1129
f 1015/1/1015 955/1/955 1047/1/1047
f 986/1/986 1132/1/1132 1047/1/1047
f 1160/1/1160 956/1/956 985/1/985
f 957/1/957 1101/1/1101 986/1/986
f 958/1/958 913/1/913 1101/1/1101
f 913/1/913 1048/1/1048 1101/1/1101
f 1134/1/1134 1068/1/1068 987/1/987
f 959/1/959 1069/1/1069 1049/1/1049
f 1136/1/1136 989/1/989 992/1/992
f 1137/1/1137 960/1/960 1049/1/1049
f 1136/1/1136 992/1/992 991/1/991
f 960/1/960 1137/1/1137 1104/1/1104
f 1018/1/1018 1071/1/1071 993/1/993
f 1019/1/1019 1073/1/1073 1072/1/1072
f 1074/1/1074 1073/1/1073 995/1/995
f 1196/1/1196 1020/1/1020 1075/1/1075
f 995/1/995 1021/1/1021 1074/1/1074
f 996/1/996 1109/1/1109 1108/1/1108
f 1077/1/1077 1110/1/1110 997/1/997
f 937/1/937 1078/1/1078 1142/1/1142
f 1141/1/1141 965/1/965 1235/1/1235
f 1000/1/1000 1141/1/1141 1143/1/1143
f 1078/1/1078 1025/1/1025 1144/1/1144
f 1051/1/1051 1002/1/1002 1238/1/1238
f 1002/1/1002 1000/1/1000 1238/1/1238
f 1144/1/1144 1025/1/1025 1079/1/1079
f 1079/1/1079 1025/1/1025 969/1/969
f 1027/1/1027 1003/1/1003 1080/1/1080
f 1080/1/1080 1003/1/1003 1005/1/1005
f 1004/1/1004 1029/1/1029 878/1/878
f 1085/1/1085 972/1/972 1029/1/1029
f 1114/1/1114 1030/1/1030 1090/1/1090
f 1054/1/1054 1087/1/1087 1055/1/1055
f 904/1/904 1084/1/1084 1088/1/1088
f 1007/1/1007 1116/1/1116 1056/1/1056
f 1007/1/1007 1056/1/1056 1057/1/1057
f 1032/1/1032 1033/1/1033 1089/1/1089
f 1036/1/1036 1119/1/1119 1008/1/1008
f 1038/1/1038 1119/1/1119 1036/1/1036
f 1038/1/1038 1036/1/1036 1037/1/1037
f 1057/1/1057 1092/1/1092 1039/1/1039
f 1089/1/1089 1033/1/1033 1035/1/1035
f 1038/1/1038 920/1/920 1040/1/1040
f 1035/1/1035 1039/1/1039 1058/1/1058
f 948/1/948 1059/1/1059 947/1/947
f 1059/1/1059 1009/1/1009 1093/1/1093
f 978/1/978 977/1/977 1094/1/1094
f 1061/1/1061 1041/1/1041 1062/1/1062
f 1125/1/1125 1061/1/1061 1062/1/1062
f 1062/1/1062 1095/1/1095 1063/1/1063
f 1126/1/1126 1095/1/1095 1042/1/1042
f 1127/1/1127 1042/1/1042 1153/1/1153
f 1066/1/1066 953/1/953 1180/1/1180
f 1013/1/1013 1045/1/1045 1098/1/1098
f 1156/1/1156 1099/1/1099 1044/1/1044
f 1014/1/1014 1128/1/1128 1045/1/1045
f 1044/1/1044 1099/1/1099 982/1/982
f 1128/1/1128 1014/1/1014 984/1/984
f 984/1/984 1129/1/1129 1128/1/1128
f 954/1/954 982/1/982 1100/1/1100
f 1047/1/1047 1157/1/1157 1015/1/1015
f 985/1/985 1046/1/1046 1160/1/1160
f 1187/1/1187 986/1/986 1101/1/1101
f 913/1/913 929/1/929 1067/1/1067
f 1048/1/1048 913/1/913 1067/1/1067
f 1102/1/1102 1067/1/1067 929/1/929
f 1016/1/1016 1017/1/1017 1192/1/1192
f 1017/1/1017 989/1/989 1135/1/1135
f 1070/1/1070 991/1/991 824/1/824
f 1163/1/1163 1194/1/1194 1104/1/1104
f 1104/1/1104 1194/1/1194 1018/1/1018
f 1194/1/1194 1071/1/1071 1018/1/1018
f 1072/1/1072 1075/1/1075 1019/1/1019
f 1021/1/1021 1076/1/1076 1074/1/1074
f 1110/1/1110 1166/1/1166 1023/1/1023
f 1023/1/1023 1140/1/1140 964/1/964
f 1140/1/1140 1023/1/1023 1166/1/1166
f 1024/1/1024 964/1/964 1234/1/1234
f 1234/1/1234 964/1/964 1140/1/1140
f 1238/1/1238 1000/1/1000 1143/1/1143
f 1079/1/1079 1027/1/1027 1111/1/1111
f 1051/1/1051 1205/1/1205 1026/1/1026
f 1204/1/1204 1111/1/1111 1027/1/1027
f 1204/1/1204 1027/1/1027 1083/1/1083
f 1027/1/1027 1080/1/1080 1083/1/1083
f 1026/1/1026 1052/1/1052 1028/1/1028
f 1113/1/1113 1081/1/1081 1112/1/1112
f 1004/1/1004 1113/1/1113 1082/1/1082
f 1115/1/1115 1146/1/1146 1080/1/1080
f 1083/1/1083 1080/1/1080 1146/1/1146
f 1032/1/1032 1115/1/1115 1080/1/1080
f 1115/1/1115 1032/1/1032 1089/1/1089
f 1054/1/1054 1085/1/1085 1147/1/1147
f 1147/1/1147 1087/1/1087 1054/1/1054
f 1116/1/1116 1055/1/1055 1087/1/1087
f 1055/1/1055 1116/1/1116 1031/1/1031
f 1086/1/1086 1088/1/1088 1084/1/1084
f 1115/1/1115 1089/1/1089 1118/1/1118
f 1008/1/1008 1091/1/1091 1090/1/1090
f 1008/1/1008 1119/1/1119 1091/1/1091
f 1057/1/1057 1056/1/1056 1121/1/1121
f 1092/1/1092 1057/1/1057 1121/1/1121
f 1039/1/1039 1092/1/1092 1058/1/1058
f 1058/1/1058 1089/1/1089 1035/1/1035
f 1009/1/1009 1060/1/1060 1124/1/1124
f 1060/1/1060 1061/1/1061 1124/1/1124
f 1062/1/1062 1063/1/1063 1125/1/1125
f 949/1/949 1281/1/1281 1010/1/1010
f 1126/1/1126 1063/1/1063 1095/1/1095
f 1042/1/1042 1127/1/1127 1126/1/1126
f 1043/1/1043 1065/1/1065 1097/1/1097
f 1154/1/1154 1156/1/1156 1044/1/1044
f 1065/1/1065 1066/1/1066 1097/1/1097
f 982/1/982 1099/1/1099 1100/1/1100
f 1015/1/1015 1157/1/1157 1131/1/1131
f 1047/1/1047 1132/1/1132 1157/1/1157
f 986/1/986 1187/1/1187 1132/1/1132
f 1187/1/1187 1101/1/1101 1048/1/1048
f 1295/1/1295 1134/1/1134 1133/1/1133
f 1192/1/1192 1102/1/1102 1016/1/1016
f 1017/1/1017 1135/1/1135 1192/1/1192
f 1135/1/1135 989/1/989 1136/1/1136
f 1049/1/1049 1103/1/1103 1137/1/1137
f 1104/1/1104 1137/1/1137 1163/1/1163
f 993/1/993 1071/1/1071 1230/1/1230
f 1106/1/1106 1075/1/1075 1072/1/1072
f 1196/1/1196 1075/1/1075 1106/1/1106
f 1196/1/1196 1139/1/1139 1020/1/1020
f 1020/1/1020 1139/1/1139 963/1/963
f 1076/1/1076 1021/1/1021 1108/1/1108
f 1233/1/1233 997/1/997 1107/1/1107
f 1198/1/1198 1109/1/1109 1022/1/1022
f 1022/1/1022 998/1/998 1200/1/1200
f 1200/1/1200 1050/1/1050 1201/1/1201
f 1050/1/1050 937/1/937 1142/1/1142
f 1142/1/1142 1078/1/1078 1203/1/1203
f 1144/1/1144 1079/1/1079 1111/1/1111
f 1205/1/1205 1052/1/1052 1026/1/1026
f 1053/1/1053 1112/1/1112 1081/1/1081
f 1084/1/1084 1207/1/1207 1086/1/1086
f 1114/1/1114 1168/1/1168 1053/1/1053
f 1167/1/1167 1085/1/1085 1029/1/1029
f 1004/1/1004 1167/1/1167 1029/1/1029
f 1168/1/1168 1114/1/1114 1148/1/1148
f 1085/1/1085 1167/1/1167 1147/1/1147
f 1114/1/1114 1090/1/1090 1148/1/1148
f 1116/1/1116 1087/1/1087 1117/1/1117
f 1116/1/1116 1117/1/1117 1056/1/1056
f 1174/1/1174 1148/1/1148 1090/1/1090
f 1090/1/1090 1091/1/1091 1174/1/1174
f 1038/1/1038 1151/1/1151 1119/1/1119
f 1088/1/1088 1342/1/1342 1213/1/1213
f 1151/1/1151 1038/1/1038 1122/1/1122
f 1038/1/1038 1040/1/1040 1122/1/1122
f 1089/1/1089 1120/1/1120 1118/1/1118
f 1120/1/1120 1172/1/1172 1118/1/1118
f 1089/1/1089 1058/1/1058 1120/1/1120
f 1121/1/1121 1123/1/1123 1092/1/1092
f 1092/1/1092 1123/1/1123 1058/1/1058
f 1121/1/1121 1210/1/1210 1123/1/1123
f 1058/1/1058 1123/1/1123 1175/1/1175
f 947/1/947 1152/1/1152 1040/1/1040
f 947/1/947 1059/1/1059 1152/1/1152
f 1009/1/1009 1124/1/1124 1093/1/1093
f 1094/1/1094 1281/1/1281 949/1/949
f 1061/1/1061 1125/1/1125 1217/1/1217
f 1154/1/1154 1096/1/1096 1178/1/1178
f 1013/1/1013 1098/1/1098 1180/1/1180
f 1128/1/1128 1181/1/1181 1045/1/1045
f 1100/1/1100 1286/1/1286 985/1/985
f 1286/1/1286 1046/1/1046 985/1/985
f 1131/1/1131 1157/1/1157 1183/1/1183
f 1186/1/1186 1132/1/1132 1187/1/1187
f 1069/1/1069 1068/1/1068 1190/1/1190
f 1103/1/1103 1049/1/1049 1069/1/1069
f 1163/1/1163 1137/1/1137 1161/1/1161
f 993/1/993 1230/1/1230 1070/1/1070
f 1073/1/1073 1164/1/1164 1072/1/1072
f 1074/1/1074 1138/1/1138 1264/1/1264
f 1076/1/1076 1138/1/1138 1074/1/1074
f 1165/1/1165 963/1/963 1139/1/1139
f 1108/1/1108 1232/1/1232 1076/1/1076
f 963/1/963 1165/1/1165 1107/1/1107
f 997/1/997 1233/1/1233 1077/1/1077
f 1166/1/1166 1110/1/1110 1077/1/1077
f 1200/1/1200 1198/1/1198 1022/1/1022
f 1024/1/1024 1234/1/1234 1235/1/1235
f 1050/1/1050 1142/1/1142 1201/1/1201
f 1203/1/1203 1078/1/1078 1144/1/1144
f 1236/1/1236 1143/1/1143 1141/1/1141
f 1236/1/1236 1269/1/1269 1143/1/1143
f 1143/1/1143 1269/1/1269 1238/1/1238
f 1203/1/1203 1144/1/1144 1111/1/1111
f 1205/1/1205 1332/1/1332 1052/1/1052
f 1204/1/1204 1083/1/1083 1145/1/1145
f 1145/1/1145 1083/1/1083 1146/1/1146
f 1052/1/1052 1207/1/1207 1084/1/1084
f 1167/1/1167 1004/1/1004 1082/1/1082
f 1146/1/1146 1115/1/1115 1150/1/1150
f 1115/1/1115 1118/1/1118 1150/1/1150
f 1118/1/1118 1172/1/1172 1150/1/1150
f 1173/1/1173 1056/1/1056 1117/1/1117
f 1173/1/1173 1121/1/1121 1056/1/1056
f 1173/1/1173 1210/1/1210 1121/1/1121
f 1172/1/1172 1120/1/1120 1211/1/1211
f 1120/1/1120 1058/1/1058 1175/1/1175
f 1120/1/1120 1175/1/1175 1211/1/1211
f 1040/1/1040 1152/1/1152 1122/1/1122
f 1213/1/1213 1215/1/1215 844/1/844
f 1277/1/1277 1122/1/1122 1152/1/1152
f 844/1/844 1215/1/1215 977/1/977
f 1093/1/1093 1152/1/1152 1059/1/1059
f 1216/1/1216 1176/1/1176 1093/1/1093
f 1094/1/1094 977/1/977 1279/1/1279
f 1124/1/1124 1216/1/1216 1093/1/1093
f 1124/1/1124 1061/1/1061 1217/1/1217
f 1125/1/1125 1063/1/1063 1254/1/1254
f 1063/1/1063 1177/1/1177 1314/1/1314
f 1126/1/1126 1177/1/1177 1063/1/1063
f 1010/1/1010 1178/1/1178 1064/1/1064
f 1177/1/1177 1127/1/1127 1218/1/1218
f 1177/1/1177 1126/1/1126 1127/1/1127
f 1064/1/1064 1178/1/1178 1096/1/1096
f 1153/1/1153 1219/1/1219 1127/1/1127
f 1155/1/1155 1043/1/1043 1179/1/1179
f 1179/1/1179 1043/1/1043 1097/1/1097
f 1098/1/1098 1045/1/1045 1181/1/1181
f 1099/1/1099 1156/1/1156 1258/1/1258
f 1181/1/1181 1128/1/1128 1224/1/1224
f 1286/1/1286 1099/1/1099 1258/1/1258
f 1128/1/1128 1129/1/1129 1224/1/1224
f 1224/1/1224 1129/1/1129 1259/1/1259
f 1129/1/1129 1130/1/1130 1259/1/1259
f 1130/1/1130 1131/1/1131 1182/1/1182
f 1183/1/1183 1182/1/1182 1131/1/1131
f 1158/1/1158 1183/1/1183 1157/1/1157
f 1157/1/1157 1132/1/1132 1158/1/1158
f 1159/1/1159 1183/1/1183 1158/1/1158
f 1184/1/1184 1183/1/1183 1159/1/1159
f 1158/1/1158 1132/1/1132 1186/1/1186
f 1159/1/1159 1158/1/1158 1186/1/1186
f 1046/1/1046 1225/1/1225 1160/1/1160
f 1185/1/1185 1159/1/1159 1186/1/1186
f 1186/1/1186 1187/1/1187 1227/1/1227
f 1262/1/1262 1068/1/1068 1134/1/1134
f 1103/1/1103 1069/1/1069 1190/1/1190
f 1193/1/1193 1135/1/1135 1136/1/1136
f 991/1/991 1162/1/1162 1136/1/1136
f 1163/1/1163 1161/1/1161 1322/1/1322
f 1194/1/1194 1163/1/1163 1263/1/1263
f 1105/1/1105 1071/1/1071 1194/1/1194
f 1072/1/1072 1164/1/1164 1106/1/1106
f 1074/1/1074 1264/1/1264 1073/1/1073
f 1073/1/1073 1264/1/1264 1164/1/1164
f 1107/1/1107 1165/1/1165 1197/1/1197
f 1107/1/1107 1197/1/1197 1233/1/1233
f 1108/1/1108 1109/1/1109 1232/1/1232
f 1198/1/1198 1200/1/1200 1199/1/1199
f 1202/1/1202 1142/1/1142 1203/1/1203
f 1203/1/1203 1111/1/1111 1237/1/1237
f 1206/1/1206 1145/1/1145 1146/1/1146
f 1082/1/1082 1113/1/1113 1112/1/1112
f 1082/1/1082 1240/1/1240 1167/1/1167
f 1206/1/1206 1146/1/1146 1169/1/1169
f 1240/1/1240 1147/1/1147 1167/1/1167
f 1146/1/1146 1150/1/1150 1169/1/1169
f 1241/1/1241 1087/1/1087 1147/1/1147
f 1169/1/1169 1150/1/1150 1149/1/1149
f 1170/1/1170 1169/1/1169 1149/1/1149
f 1086/1/1086 1342/1/1342 1088/1/1088
f 1149/1/1149 1150/1/1150 1171/1/1171
f 1171/1/1171 1170/1/1170 1149/1/1149
f 1171/1/1171 1150/1/1150 1172/1/1172
f 1246/1/1246 1171/1/1171 1172/1/1172
f 1151/1/1151 1245/1/1245 1174/1/1174
f 1151/1/1151 1174/1/1174 1119/1/1119
f 1119/1/1119 1174/1/1174 1091/1/1091
f 1151/1/1151 1122/1/1122 1248/1/1248
f 1211/1/1211 1249/1/1249 1172/1/1172
f 1249/1/1249 1246/1/1246 1172/1/1172
f 1212/1/1212 1211/1/1211 1175/1/1175
f 1175/1/1175 1123/1/1123 1214/1/1214
f 1093/1/1093 1176/1/1176 1152/1/1152
f 1176/1/1176 1216/1/1216 1252/1/1252
f 1124/1/1124 1217/1/1217 1216/1/1216
f 1254/1/1254 1217/1/1217 1125/1/1125
f 1281/1/1281 1255/1/1255 1010/1/1010
f 1255/1/1255 1178/1/1178 1010/1/1010
f 1155/1/1155 1219/1/1219 1153/1/1153
f 1219/1/1219 1155/1/1155 1179/1/1179
f 1256/1/1256 1179/1/1179 1097/1/1097
f 1154/1/1154 1221/1/1221 1156/1/1156
f 1257/1/1257 1180/1/1180 1098/1/1098
f 1223/1/1223 1258/1/1258 1156/1/1156
f 1099/1/1099 1286/1/1286 1100/1/1100
f 1450/1/1450 1225/1/1225 1046/1/1046
f 1225/1/1225 1133/1/1133 1160/1/1160
f 1227/1/1227 1185/1/1185 1186/1/1186
f 1226/1/1226 1185/1/1185 1227/1/1227
f 1133/1/1133 1225/1/1225 1291/1/1291
f 1187/1/1187 1188/1/1188 1227/1/1227
f 1187/1/1187 1048/1/1048 1188/1/1188
f 1133/1/1133 1291/1/1291 1295/1/1295
f 1067/1/1067 1188/1/1188 1048/1/1048
f 1102/1/1102 1189/1/1189 1067/1/1067
f 1134/1/1134 1295/1/1295 1262/1/1262
f 1102/1/1102 1192/1/1192 1189/1/1189
f 1068/1/1068 1262/1/1262 1190/1/1190
f 1190/1/1190 1191/1/1191 1103/1/1103
f 1135/1/1135 1193/1/1193 1192/1/1192
f 1136/1/1136 1162/1/1162 1193/1/1193
f 1103/1/1103 1161/1/1161 1137/1/1137
f 1070/1/1070 1230/1/1230 1229/1/1229
f 1229/1/1229 991/1/991 1070/1/1070
f 1163/1/1163 1322/1/1322 1263/1/1263
f 1105/1/1105 1230/1/1230 1071/1/1071
f 1194/1/1194 1263/1/1263 1296/1/1296
f 1105/1/1105 1194/1/1194 1296/1/1296
f 1106/1/1106 1364/1/1364 1196/1/1196
f 1196/1/1196 1325/1/1325 1139/1/1139
f 1076/1/1076 1232/1/1232 1138/1/1138
f 1109/1/1109 1326/1/1326 1232/1/1232
f 1266/1/1266 1166/1/1166 1077/1/1077
f 1199/1/1199 1200/1/1200 1201/1/1201
f 1201/1/1201 1142/1/1142 1268/1/1268
f 1459/1/1459 1236/1/1236 1141/1/1141
f 1459/1/1459 1141/1/1141 1235/1/1235
f 1202/1/1202 1268/1/1268 1142/1/1142
f 1237/1/1237 1202/1/1202 1203/1/1203
f 1111/1/1111 1239/1/1239 1237/1/1237
f 1239/1/1239 1111/1/1111 1204/1/1204
f 1051/1/1051 1302/1/1302 1205/1/1205
f 1204/1/1204 1145/1/1145 1239/1/1239
f 1206/1/1206 1239/1/1239 1145/1/1145
f 1052/1/1052 1332/1/1332 1207/1/1207
f 1112/1/1112 1053/1/1053 1168/1/1168
f 1169/1/1169 1208/1/1208 1206/1/1206
f 1169/1/1169 1170/1/1170 1242/1/1242
f 1117/1/1117 1087/1/1087 1241/1/1241
f 1148/1/1148 1174/1/1174 1272/1/1272
f 1170/1/1170 1171/1/1171 1244/1/1244
f 1244/1/1244 1242/1/1242 1170/1/1170
f 1117/1/1117 1243/1/1243 1173/1/1173
f 1245/1/1245 1272/1/1272 1174/1/1174
f 1243/1/1243 1209/1/1209 1173/1/1173
f 1173/1/1173 1307/1/1307 1210/1/1210
f 1214/1/1214 1123/1/1123 1275/1/1275
f 1214/1/1214 1212/1/1212 1175/1/1175
f 1176/1/1176 1277/1/1277 1152/1/1152
f 1279/1/1279 1280/1/1280 1094/1/1094
f 1281/1/1281 1094/1/1094 1280/1/1280
f 1314/1/1314 1254/1/1254 1063/1/1063
f 1282/1/1282 1314/1/1314 1177/1/1177
f 1218/1/1218 1127/1/1127 1219/1/1219
f 1154/1/1154 1220/1/1220 1221/1/1221
f 1097/1/1097 1066/1/1066 1256/1/1256
f 1066/1/1066 1180/1/1180 1256/1/1256
f 1256/1/1256 1180/1/1180 1222/1/1222
f 1098/1/1098 1181/1/1181 1257/1/1257
f 1181/1/1181 1224/1/1224 1283/1/1283
f 1284/1/1284 1224/1/1224 1259/1/1259
f 1259/1/1259 1130/1/1130 1182/1/1182
f 1183/1/1183 1260/1/1260 1182/1/1182
f 1183/1/1183 1184/1/1184 1260/1/1260
f 1450/1/1450 1046/1/1046 1288/1/1288
f 1184/1/1184 1159/1/1159 1317/1/1317
f 1294/1/1294 1067/1/1067 1189/1/1189
f 1295/1/1295 1293/1/1293 1262/1/1262
f 1192/1/1192 1193/1/1193 1228/1/1228
f 1193/1/1193 1320/1/1320 1228/1/1228
f 1103/1/1103 1191/1/1191 1161/1/1161
f 1320/1/1320 1193/1/1193 1162/1/1162
f 1161/1/1161 1392/1/1392 1322/1/1322
f 1230/1/1230 1105/1/1105 1362/1/1362
f 1196/1/1196 1364/1/1364 1325/1/1325
f 1138/1/1138 1298/1/1298 1297/1/1297
f 1325/1/1325 1231/1/1231 1139/1/1139
f 1138/1/1138 1232/1/1232 1298/1/1298
f 1139/1/1139 1231/1/1231 1165/1/1165
f 1266/1/1266 1077/1/1077 1233/1/1233
f 1326/1/1326 1109/1/1109 1198/1/1198
f 1166/1/1166 1327/1/1327 1140/1/1140
f 1268/1/1268 1299/1/1299 1201/1/1201
f 1201/1/1201 1299/1/1299 1199/1/1199
f 1269/1/1269 1236/1/1236 1399/1/1399
f 1238/1/1238 1302/1/1302 1051/1/1051
f 1239/1/1239 1206/1/1206 1270/1/1270
f 1271/1/1271 1112/1/1112 1168/1/1168
f 1271/1/1271 1082/1/1082 1112/1/1112
f 1148/1/1148 1304/1/1304 1168/1/1168
f 1208/1/1208 1169/1/1169 1242/1/1242
f 1334/1/1334 1086/1/1086 1207/1/1207
f 1243/1/1243 1117/1/1117 1241/1/1241
f 1274/1/1274 1242/1/1242 1244/1/1244
f 1171/1/1171 1246/1/1246 1244/1/1244
f 1307/1/1307 1173/1/1173 1209/1/1209
f 1245/1/1245 1151/1/1151 1248/1/1248
f 1244/1/1244 1246/1/1246 1247/1/1247
f 1249/1/1249 1247/1/1247 1246/1/1246
f 1249/1/1249 1211/1/1211 1310/1/1310
f 1213/1/1213 1342/1/1342 1308/1/1308
f 1122/1/1122 1309/1/1309 1248/1/1248
f 1123/1/1123 1210/1/1210 1275/1/1275
f 1310/1/1310 1211/1/1211 1276/1/1276
f 1122/1/1122 1277/1/1277 1309/1/1309
f 1214/1/1214 1275/1/1275 1250/1/1250
f 1214/1/1214 1250/1/1250 1212/1/1212
f 1250/1/1250 1276/1/1276 1212/1/1212
f 1276/1/1276 1211/1/1211 1212/1/1212
f 1213/1/1213 1308/1/1308 1215/1/1215
f 1277/1/1277 1251/1/1251 1309/1/1309
f 1176/1/1176 1251/1/1251 1277/1/1277
f 1176/1/1176 1252/1/1252 1251/1/1251
f 977/1/977 1215/1/1215 1279/1/1279
f 1216/1/1216 1217/1/1217 1253/1/1253
f 1217/1/1217 1254/1/1254 1253/1/1253
f 1314/1/1314 1381/1/1381 1254/1/1254
f 1177/1/1177 1218/1/1218 1282/1/1282
f 1222/1/1222 1180/1/1180 1257/1/1257
f 1283/1/1283 1257/1/1257 1181/1/1181
f 1287/1/1287 1285/1/1285 1182/1/1182
f 1286/1/1286 1288/1/1288 1046/1/1046
f 1260/1/1260 1287/1/1287 1182/1/1182
f 1260/1/1260 1184/1/1184 1317/1/1317
f 1317/1/1317 1159/1/1159 1289/1/1289
f 1185/1/1185 1289/1/1289 1159/1/1159
f 1185/1/1185 1226/1/1226 1289/1/1289
f 1290/1/1290 1289/1/1289 1226/1/1226
f 1226/1/1226 1227/1/1227 1261/1/1261
f 1261/1/1261 1290/1/1290 1226/1/1226
f 1188/1/1188 1067/1/1067 1294/1/1294
f 1190/1/1190 1262/1/1262 1191/1/1191
f 1192/1/1192 1228/1/1228 1359/1/1359
f 1321/1/1321 1320/1/1320 1162/1/1162
f 1162/1/1162 991/1/991 1321/1/1321
f 1230/1/1230 1362/1/1362 1229/1/1229
f 1362/1/1362 1105/1/1105 1296/1/1296
f 1106/1/1106 1395/1/1395 1364/1/1364
f 1106/1/1106 1164/1/1164 1395/1/1395
f 1265/1/1265 1264/1/1264 1138/1/1138
f 1265/1/1265 1138/1/1138 1297/1/1297
f 1266/1/1266 1327/1/1327 1166/1/1166
f 1140/1/1140 1267/1/1267 1234/1/1234
f 1235/1/1235 1267/1/1267 1459/1/1459
f 1267/1/1267 1235/1/1235 1234/1/1234
f 1300/1/1300 1202/1/1202 1237/1/1237
f 1300/1/1300 1237/1/1237 1301/1/1301
f 1239/1/1239 1301/1/1301 1237/1/1237
f 1206/1/1206 1208/1/1208 1270/1/1270
f 1303/1/1303 1270/1/1270 1208/1/1208
f 1271/1/1271 1168/1/1168 1304/1/1304
f 1082/1/1082 1271/1/1271 1240/1/1240
f 1332/1/1332 1334/1/1334 1207/1/1207
f 1303/1/1303 1208/1/1208 1242/1/1242
f 1147/1/1147 1240/1/1240 1336/1/1336
f 1147/1/1147 1336/1/1336 1241/1/1241
f 1303/1/1303 1242/1/1242 1273/1/1273
f 1371/1/1371 1243/1/1243 1241/1/1241
f 1273/1/1273 1242/1/1242 1274/1/1274
f 1244/1/1244 1247/1/1247 1274/1/1274
f 1249/1/1249 1311/1/1311 1247/1/1247
f 1249/1/1249 1310/1/1310 1311/1/1311
f 1308/1/1308 1507/1/1507 1215/1/1215
f 1276/1/1276 1250/1/1250 1376/1/1376
f 1252/1/1252 1278/1/1278 1251/1/1251
f 1252/1/1252 1216/1/1216 1312/1/1312
f 1216/1/1216 1253/1/1253 1312/1/1312
f 1254/1/1254 1313/1/1313 1253/1/1253
f 1314/1/1314 1282/1/1282 1382/1/1382
f 1218/1/1218 1219/1/1219 1315/1/1315
f 1350/1/1350 1179/1/1179 1256/1/1256
f 1283/1/1283 1316/1/1316 1257/1/1257
f 1258/1/1258 1386/1/1386 1286/1/1286
f 1387/1/1387 1284/1/1284 1259/1/1259
f 1285/1/1285 1387/1/1387 1259/1/1259
f 1259/1/1259 1182/1/1182 1285/1/1285
f 1260/1/1260 1317/1/1317 1287/1/1287
f 1290/1/1290 1318/1/1318 1289/1/1289
f 1188/1/1188 1292/1/1292 1227/1/1227
f 1292/1/1292 1261/1/1261 1227/1/1227
f 1293/1/1293 1295/1/1295 1291/1/1291
f 1188/1/1188 1294/1/1294 1292/1/1292
f 1319/1/1319 1294/1/1294 1189/1/1189
f 1189/1/1189 1359/1/1359 1319/1/1319
f 1192/1/1192 1359/1/1359 1189/1/1189
f 1321/1/1321 991/1/991 1229/1/1229
f 1363/1/1363 1263/1/1263 1322/1/1322
f 1264/1/1264 1323/1/1323 1164/1/1164
f 1164/1/1164 1323/1/1323 1195/1/1195
f 1264/1/1264 1265/1/1265 1323/1/1323
f 1397/1/1397 1297/1/1297 1298/1/1298
f 1298/1/1298 1232/1/1232 1326/1/1326
f 1367/1/1367 1326/1/1326 1198/1/1198
f 1327/1/1327 1429/1/1429 1140/1/1140
f 1198/1/1198 1199/1/1199 1367/1/1367
f 1236/1/1236 1398/1/1398 1399/1/1399
f 1302/1/1302 1238/1/1238 1269/1/1269
f 1368/1/1368 1205/1/1205 1302/1/1302
f 1239/1/1239 1270/1/1270 1301/1/1301
f 1205/1/1205 1368/1/1368 1332/1/1332
f 1240/1/1240 1271/1/1271 1335/1/1335
f 1240/1/1240 1335/1/1335 1336/1/1336
f 1304/1/1304 1148/1/1148 1272/1/1272
f 1305/1/1305 1241/1/1241 1336/1/1336
f 1273/1/1273 1306/1/1306 1303/1/1303
f 1371/1/1371 1241/1/1241 1305/1/1305
f 1334/1/1334 1337/1/1337 1086/1/1086
f 1337/1/1337 1342/1/1342 1086/1/1086
f 1371/1/1371 1209/1/1209 1243/1/1243
f 1402/1/1402 1273/1/1273 1274/1/1274
f 1337/1/1337 1339/1/1339 1342/1/1342
f 1247/1/1247 1340/1/1340 1274/1/1274
f 1307/1/1307 1275/1/1275 1210/1/1210
f 1250/1/1250 1275/1/1275 1375/1/1375
f 1343/1/1343 1311/1/1311 1310/1/1310
f 1309/1/1309 1251/1/1251 1374/1/1374
f 1252/1/1252 1312/1/1312 1278/1/1278
f 1346/1/1346 1278/1/1278 1312/1/1312
f 1313/1/1313 1346/1/1346 1312/1/1312
f 1253/1/1253 1313/1/1313 1312/1/1312
f 1254/1/1254 1347/1/1347 1313/1/1313
f 1347/1/1347 1254/1/1254 1381/1/1381
f 1255/1/1255 1281/1/1281 1468/1/1468
f 1382/1/1382 1381/1/1381 1314/1/1314
f 1382/1/1382 1282/1/1282 1348/1/1348
f 1218/1/1218 1349/1/1349 1282/1/1282
f 1178/1/1178 1642/1/1642 1220/1/1220
f 1178/1/1178 1220/1/1220 1154/1/1154
f 1350/1/1350 1219/1/1219 1179/1/1179
f 1223/1/1223 1221/1/1221 1472/1/1472
f 1223/1/1223 1156/1/1156 1221/1/1221
f 1257/1/1257 1316/1/1316 1222/1/1222
f 1284/1/1284 1283/1/1283 1224/1/1224
f 1351/1/1351 1387/1/1387 1285/1/1285
f 1352/1/1352 1287/1/1287 1354/1/1354
f 1286/1/1286 1481/1/1481 1288/1/1288
f 1354/1/1354 1287/1/1287 1355/1/1355
f 1317/1/1317 1355/1/1355 1287/1/1287
f 1317/1/1317 1356/1/1356 1355/1/1355
f 1289/1/1289 1356/1/1356 1317/1/1317
f 1318/1/1318 1356/1/1356 1289/1/1289
f 1389/1/1389 1318/1/1318 1290/1/1290
f 1225/1/1225 1450/1/1450 1357/1/1357
f 1292/1/1292 1358/1/1358 1261/1/1261
f 1292/1/1292 1294/1/1294 1483/1/1483
f 1359/1/1359 1228/1/1228 1361/1/1361
f 1161/1/1161 1191/1/1191 1419/1/1419
f 1161/1/1161 1419/1/1419 1392/1/1392
f 1322/1/1322 1392/1/1392 1422/1/1422
f 1322/1/1322 1422/1/1422 1363/1/1363
f 1393/1/1393 1229/1/1229 1362/1/1362
f 1296/1/1296 1263/1/1263 1489/1/1489
f 1423/1/1423 1296/1/1296 1489/1/1489
f 1296/1/1296 1423/1/1423 1362/1/1362
f 1164/1/1164 1195/1/1195 1490/1/1490
f 1325/1/1325 1364/1/1364 1425/1/1425
f 1297/1/1297 1324/1/1324 1265/1/1265
f 1325/1/1325 1396/1/1396 1231/1/1231
f 1231/1/1231 1365/1/1365 1165/1/1165
f 1366/1/1366 1266/1/1266 1233/1/1233
f 1298/1/1298 1326/1/1326 1428/1/1428
f 1266/1/1266 1366/1/1366 1327/1/1327
f 1267/1/1267 1140/1/1140 1429/1/1429
f 1299/1/1299 1367/1/1367 1199/1/1199
f 1299/1/1299 1328/1/1328 1367/1/1367
f 1268/1/1268 1328/1/1328 1299/1/1299
f 1328/1/1328 1268/1/1268 1202/1/1202
f 1329/1/1329 1202/1/1202 1300/1/1300
f 1328/1/1328 1202/1/1202 1329/1/1329
f 1329/1/1329 1433/1/1433 1328/1/1328
f 1329/1/1329 1300/1/1300 1330/1/1330
f 1301/1/1301 1330/1/1330 1300/1/1300
f 1270/1/1270 1331/1/1331 1301/1/1301
f 1331/1/1331 1270/1/1270 1303/1/1303
f 1706/1/1706 1334/1/1334 1332/1/1332
f 1271/1/1271 1304/1/1304 1333/1/1333
f 1271/1/1271 1333/1/1333 1335/1/1335
f 1370/1/1370 1304/1/1304 1272/1/1272
f 1372/1/1372 1306/1/1306 1273/1/1273
f 1371/1/1371 1338/1/1338 1209/1/1209
f 1209/1/1209 1338/1/1338 1307/1/1307
f 1372/1/1372 1273/1/1273 1402/1/1402
f 1402/1/1402 1274/1/1274 1340/1/1340
f 1341/1/1341 1245/1/1245 1248/1/1248
f 1341/1/1341 1248/1/1248 1309/1/1309
f 1307/1/1307 1403/1/1403 1373/1/1373
f 1275/1/1275 1307/1/1307 1373/1/1373
f 1247/1/1247 1311/1/1311 1340/1/1340
f 1373/1/1373 1375/1/1375 1275/1/1275
f 1343/1/1343 1340/1/1340 1311/1/1311
f 1376/1/1376 1250/1/1250 1375/1/1375
f 1276/1/1276 1344/1/1344 1310/1/1310
f 1344/1/1344 1276/1/1276 1376/1/1376
f 1343/1/1343 1310/1/1310 1344/1/1344
f 1251/1/1251 1278/1/1278 1345/1/1345
f 1346/1/1346 1345/1/1345 1278/1/1278
f 1281/1/1281 1280/1/1280 1468/1/1468
f 1380/1/1380 1346/1/1346 1313/1/1313
f 1313/1/1313 1347/1/1347 1380/1/1380
f 1255/1/1255 1468/1/1468 1408/1/1408
f 1255/1/1255 1408/1/1408 1178/1/1178
f 1348/1/1348 1282/1/1282 1349/1/1349
f 1218/1/1218 1315/1/1315 1349/1/1349
f 1219/1/1219 1350/1/1350 1315/1/1315
f 1410/1/1410 1256/1/1256 1222/1/1222
f 1410/1/1410 1222/1/1222 1316/1/1316
f 1223/1/1223 1386/1/1386 1258/1/1258
f 1283/1/1283 1284/1/1284 1385/1/1385
f 1387/1/1387 1413/1/1413 1284/1/1284
f 1352/1/1352 1354/1/1354 1448/1/1448
f 1448/1/1448 1354/1/1354 1353/1/1353
f 1287/1/1287 1351/1/1351 1285/1/1285
f 1352/1/1352 1351/1/1351 1287/1/1287
f 1353/1/1353 1354/1/1354 1355/1/1355
f 1356/1/1356 1353/1/1353 1355/1/1355
f 1450/1/1450 1288/1/1288 1481/1/1481
f 1416/1/1416 1356/1/1356 1318/1/1318
f 1357/1/1357 1291/1/1291 1225/1/1225
f 1358/1/1358 1389/1/1389 1290/1/1290
f 1290/1/1290 1261/1/1261 1358/1/1358
f 1357/1/1357 1293/1/1293 1291/1/1291
f 1483/1/1483 1294/1/1294 1390/1/1390
f 1390/1/1390 1294/1/1294 1319/1/1319
f 1319/1/1319 1359/1/1359 1360/1/1360
f 1418/1/1418 1360/1/1360 1361/1/1361
f 1361/1/1361 1360/1/1360 1359/1/1359
f 1229/1/1229 1420/1/1420 1321/1/1321
f 1420/1/1420 1229/1/1229 1393/1/1393
f 1362/1/1362 1455/1/1455 1393/1/1393
f 1363/1/1363 1489/1/1489 1263/1/1263
f 1423/1/1423 1455/1/1455 1362/1/1362
f 1364/1/1364 1394/1/1394 1425/1/1425
f 1394/1/1394 1364/1/1364 1395/1/1395
f 1323/1/1323 1424/1/1424 1195/1/1195
f 1265/1/1265 1424/1/1424 1323/1/1323
f 1424/1/1424 1265/1/1265 1324/1/1324
f 1396/1/1396 1325/1/1325 1425/1/1425
f 1297/1/1297 1397/1/1397 1324/1/1324
f 1233/1/1233 1197/1/1197 1493/1/1493
f 1326/1/1326 1367/1/1367 1428/1/1428
f 1398/1/1398 1532/1/1532 1399/1/1399
f 1269/1/1269 1399/1/1399 1302/1/1302
f 1302/1/1302 1434/1/1434 1368/1/1368
f 1400/1/1400 1301/1/1301 1331/1/1331
f 1332/1/1332 1368/1/1368 1626/1/1626
f 1303/1/1303 1369/1/1369 1331/1/1331
f 1335/1/1335 1437/1/1437 1336/1/1336
f 1303/1/1303 1306/1/1306 1369/1/1369
f 1437/1/1437 1305/1/1305 1336/1/1336
f 1437/1/1437 1439/1/1439 1305/1/1305
f 1305/1/1305 1439/1/1439 1371/1/1371
f 1370/1/1370 1272/1/1272 1441/1/1441
f 1441/1/1441 1272/1/1272 1245/1/1245
f 1441/1/1441 1245/1/1245 1341/1/1341
f 1402/1/1402 1462/1/1462 1372/1/1372
f 1339/1/1339 1308/1/1308 1342/1/1342
f 1340/1/1340 1404/1/1404 1462/1/1462
f 1340/1/1340 1462/1/1462 1402/1/1402
f 1307/1/1307 1338/1/1338 1403/1/1403
f 1405/1/1405 1341/1/1341 1309/1/1309
f 1309/1/1309 1374/1/1374 1405/1/1405
f 1376/1/1376 1375/1/1375 1442/1/1442
f 1377/1/1377 1343/1/1343 1344/1/1344
f 1340/1/1340 1343/1/1343 1508/1/1508
f 1378/1/1378 1344/1/1344 1376/1/1376
f 1374/1/1374 1251/1/1251 1379/1/1379
f 1251/1/1251 1345/1/1345 1379/1/1379
f 1345/1/1345 1346/1/1346 1406/1/1406
f 1346/1/1346 1380/1/1380 1406/1/1406
f 1178/1/1178 1408/1/1408 1642/1/1642
f 1513/1/1513 1221/1/1221 1220/1/1220
f 1350/1/1350 1410/1/1410 1409/1/1409
f 1350/1/1350 1256/1/1256 1410/1/1410
f 1410/1/1410 1316/1/1316 1384/1/1384
f 1223/1/1223 1474/1/1474 1386/1/1386
f 1283/1/1283 1412/1/1412 1316/1/1316
f 1284/1/1284 1413/1/1413 1385/1/1385
f 1351/1/1351 1413/1/1413 1387/1/1387
f 1351/1/1351 1447/1/1447 1413/1/1413
f 1386/1/1386 1481/1/1481 1286/1/1286
f 1352/1/1352 1447/1/1447 1351/1/1351
f 1353/1/1353 1356/1/1356 1414/1/1414
f 1388/1/1388 1353/1/1353 1414/1/1414
f 1414/1/1414 1356/1/1356 1416/1/1416
f 1450/1/1450 1451/1/1451 1357/1/1357
f 1318/1/1318 1389/1/1389 1416/1/1416
f 1358/1/1358 1292/1/1292 1483/1/1483
f 1360/1/1360 1390/1/1390 1319/1/1319
f 1527/1/1527 1262/1/1262 1293/1/1293
f 1228/1/1228 1320/1/1320 1361/1/1361
f 1363/1/1363 1422/1/1422 1618/1/1618
f 1363/1/1363 1618/1/1618 1489/1/1489
f 1231/1/1231 1396/1/1396 1365/1/1365
f 1197/1/1197 1165/1/1165 1493/1/1493
f 1426/1/1426 1165/1/1165 1365/1/1365
f 1327/1/1327 1366/1/1366 1456/1/1456
f 1458/1/1458 1367/1/1367 1328/1/1328
f 1328/1/1328 1433/1/1433 1432/1/1432
f 1330/1/1330 1495/1/1495 1329/1/1329
f 1330/1/1330 1400/1/1400 1495/1/1495
f 1400/1/1400 1330/1/1330 1301/1/1301
f 1331/1/1331 1435/1/1435 1400/1/1400
f 1626/1/1626 1706/1/1706 1332/1/1332
f 1435/1/1435 1331/1/1331 1369/1/1369
f 1436/1/1436 1435/1/1435 1369/1/1369
f 1436/1/1436 1369/1/1369 1306/1/1306
f 1335/1/1335 1333/1/1333 1438/1/1438
f 1438/1/1438 1333/1/1333 1497/1/1497
f 1370/1/1370 1333/1/1333 1304/1/1304
f 1497/1/1497 1333/1/1333 1370/1/1370
f 1372/1/1372 1436/1/1436 1306/1/1306
f 1371/1/1371 1439/1/1439 1401/1/1401
f 1371/1/1371 1401/1/1401 1338/1/1338
f 1498/1/1498 1372/1/1372 1462/1/1462
f 1502/1/1502 1338/1/1338 1401/1/1401
f 1502/1/1502 1403/1/1403 1338/1/1338
f 1373/1/1373 1466/1/1466 1375/1/1375
f 1508/1/1508 1404/1/1404 1340/1/1340
f 1405/1/1405 1374/1/1374 1379/1/1379
f 1376/1/1376 1442/1/1442 1378/1/1378
f 1378/1/1378 1377/1/1377 1344/1/1344
f 1507/1/1507 1679/1/1679 1215/1/1215
f 1343/1/1343 1377/1/1377 1511/1/1511
f 1508/1/1508 1343/1/1343 1511/1/1511
f 1215/1/1215 1679/1/1679 1279/1/1279
f 1345/1/1345 1443/1/1443 1379/1/1379
f 1380/1/1380 1347/1/1347 1469/1/1469
f 1407/1/1407 1347/1/1347 1381/1/1381
f 1381/1/1381 1382/1/1382 1407/1/1407
f 1470/1/1470 1382/1/1382 1348/1/1348
f 1383/1/1383 1348/1/1348 1349/1/1349
f 1349/1/1349 1315/1/1315 1383/1/1383
f 1221/1/1221 1513/1/1513 1472/1/1472
f 1315/1/1315 1350/1/1350 1445/1/1445
f 1409/1/1409 1445/1/1445 1350/1/1350
f 1384/1/1384 1316/1/1316 1411/1/1411
f 1316/1/1316 1412/1/1412 1411/1/1411
f 1412/1/1412 1283/1/1283 1385/1/1385
f 1386/1/1386 1524/1/1524 1481/1/1481
f 1353/1/1353 1388/1/1388 1448/1/1448
f 1388/1/1388 1414/1/1414 1480/1/1480
f 1480/1/1480 1414/1/1414 1415/1/1415
f 1415/1/1415 1414/1/1414 1416/1/1416
f 1389/1/1389 1358/1/1358 1452/1/1452
f 1293/1/1293 1357/1/1357 1655/1/1655
f 1483/1/1483 1390/1/1390 1485/1/1485
f 1390/1/1390 1417/1/1417 1485/1/1485
f 1417/1/1417 1390/1/1390 1360/1/1360
f 1262/1/1262 1527/1/1527 1191/1/1191
f 1361/1/1361 1453/1/1453 1418/1/1418
f 1191/1/1191 1527/1/1527 1419/1/1419
f 1361/1/1361 1320/1/1320 1454/1/1454
f 1419/1/1419 1391/1/1391 1392/1/1392
f 1320/1/1320 1321/1/1321 1454/1/1454
f 1393/1/1393 1421/1/1421 1420/1/1420
f 1164/1/1164 1490/1/1490 1395/1/1395
f 1396/1/1396 1426/1/1426 1365/1/1365
f 1427/1/1427 1324/1/1324 1397/1/1397
f 1493/1/1493 1165/1/1165 1426/1/1426
f 1298/1/1298 1530/1/1530 1397/1/1397
f 1233/1/1233 1493/1/1493 1366/1/1366
f 1298/1/1298 1457/1/1457 1530/1/1530
f 1298/1/1298 1428/1/1428 1457/1/1457
f 1456/1/1456 1429/1/1429 1327/1/1327
f 1428/1/1428 1367/1/1367 1458/1/1458
f 1430/1/1430 1459/1/1459 1267/1/1267
f 1458/1/1458 1328/1/1328 1494/1/1494
f 1459/1/1459 1556/1/1556 1431/1/1431
f 1236/1/1236 1459/1/1459 1431/1/1431
f 1432/1/1432 1494/1/1494 1328/1/1328
f 1236/1/1236 1431/1/1431 1398/1/1398
f 1398/1/1398 1557/1/1557 1532/1/1532
f 1433/1/1433 1329/1/1329 1495/1/1495
f 1434/1/1434 1626/1/1626 1368/1/1368
f 1436/1/1436 1560/1/1560 1435/1/1435
f 1706/1/1706 1440/1/1440 1334/1/1334
f 1335/1/1335 1438/1/1438 1437/1/1437
f 1440/1/1440 1337/1/1337 1334/1/1334
f 1436/1/1436 1372/1/1372 1498/1/1498
f 1373/1/1373 1403/1/1403 1466/1/1466
f 1308/1/1308 1564/1/1564 1507/1/1507
f 1442/1/1442 1375/1/1375 1466/1/1466
f 1377/1/1377 1378/1/1378 1509/1/1509
f 1279/1/1279 1679/1/1679 1467/1/1467
f 1279/1/1279 1467/1/1467 1280/1/1280
f 1345/1/1345 1406/1/1406 1443/1/1443
f 1406/1/1406 1380/1/1380 1444/1/1444
f 1444/1/1444 1380/1/1380 1469/1/1469
f 1407/1/1407 1469/1/1469 1347/1/1347
f 1382/1/1382 1470/1/1470 1407/1/1407
f 1220/1/1220 1642/1/1642 1513/1/1513
f 1383/1/1383 1315/1/1315 1471/1/1471
f 1315/1/1315 1445/1/1445 1471/1/1471
f 1409/1/1409 1410/1/1410 1384/1/1384
f 1473/1/1473 1409/1/1409 1384/1/1384
f 1473/1/1473 1445/1/1445 1409/1/1409
f 1473/1/1473 1384/1/1384 1411/1/1411
f 1474/1/1474 1446/1/1446 1386/1/1386
f 1386/1/1386 1446/1/1446 1546/1/1546
f 1447/1/1447 1448/1/1448 1479/1/1479
f 1448/1/1448 1447/1/1447 1352/1/1352
f 1386/1/1386 1546/1/1546 1524/1/1524
f 1449/1/1449 1448/1/1448 1388/1/1388
f 1481/1/1481 1451/1/1451 1450/1/1450
f 1415/1/1415 1525/1/1525 1480/1/1480
f 1526/1/1526 1415/1/1415 1416/1/1416
f 1416/1/1416 1389/1/1389 1452/1/1452
f 1483/1/1483 1485/1/1485 1484/1/1484
f 1488/1/1488 1417/1/1417 1360/1/1360
f 1418/1/1418 1488/1/1488 1360/1/1360
f 1391/1/1391 1419/1/1419 1527/1/1527
f 1453/1/1453 1361/1/1361 1454/1/1454
f 1422/1/1422 1392/1/1392 1391/1/1391
f 1321/1/1321 1420/1/1420 1616/1/1616
f 1454/1/1454 1321/1/1321 1616/1/1616
f 1421/1/1421 1393/1/1393 1619/1/1619
f 1393/1/1393 1455/1/1455 1619/1/1619
f 1553/1/1553 1455/1/1455 1423/1/1423
f 1394/1/1394 1555/1/1555 1425/1/1425
f 1324/1/1324 1528/1/1528 1424/1/1424
f 1530/1/1530 1427/1/1427 1397/1/1397
f 1458/1/1458 1457/1/1457 1428/1/1428
f 1429/1/1429 1430/1/1430 1267/1/1267
f 1399/1/1399 1532/1/1532 1302/1/1302
f 1558/1/1558 1302/1/1302 1532/1/1532
f 1437/1/1437 1496/1/1496 1439/1/1439
f 1460/1/1460 1439/1/1439 1496/1/1496
f 1441/1/1441 1497/1/1497 1370/1/1370
f 1500/1/1500 1497/1/1497 1441/1/1441
f 1461/1/1461 1498/1/1498 1462/1/1462
f 1441/1/1441 1341/1/1341 1500/1/1500
f 1463/1/1463 1500/1/1500 1341/1/1341
f 1308/1/1308 1339/1/1339 1564/1/1564
f 1405/1/1405 1463/1/1463 1341/1/1341
f 1404/1/1404 1534/1/1534 1462/1/1462
f 1463/1/1463 1405/1/1405 1464/1/1464
f 1466/1/1466 1403/1/1403 1465/1/1465
f 1405/1/1405 1379/1/1379 1464/1/1464
f 1466/1/1466 1536/1/1536 1442/1/1442
f 1379/1/1379 1443/1/1443 1568/1/1568
f 1511/1/1511 1377/1/1377 1509/1/1509
f 1510/1/1510 1508/1/1508 1511/1/1511
f 1468/1/1468 1280/1/1280 1467/1/1467
f 1348/1/1348 1383/1/1383 1470/1/1470
f 1516/1/1516 1515/1/1515 1445/1/1445
f 1223/1/1223 1472/1/1472 1474/1/1474
f 1516/1/1516 1445/1/1445 1473/1/1473
f 1475/1/1475 1473/1/1473 1411/1/1411
f 1516/1/1516 1473/1/1473 1475/1/1475
f 1474/1/1474 1543/1/1543 1446/1/1446
f 1475/1/1475 1411/1/1411 1477/1/1477
f 1477/1/1477 1476/1/1476 1518/1/1518
f 1476/1/1476 1477/1/1477 1478/1/1478
f 1478/1/1478 1477/1/1477 1413/1/1413
f 1478/1/1478 1447/1/1447 1479/1/1479
f 1447/1/1447 1478/1/1478 1413/1/1413
f 1479/1/1479 1448/1/1448 1544/1/1544
f 1449/1/1449 1544/1/1544 1448/1/1448
f 1522/1/1522 1544/1/1544 1449/1/1449
f 1449/1/1449 1523/1/1523 1522/1/1522
f 1524/1/1524 1547/1/1547 1481/1/1481
f 1449/1/1449 1388/1/1388 1480/1/1480
f 1523/1/1523 1449/1/1449 1480/1/1480
f 1523/1/1523 1480/1/1480 1525/1/1525
f 1526/1/1526 1525/1/1525 1415/1/1415
f 1526/1/1526 1416/1/1416 1549/1/1549
f 1549/1/1549 1416/1/1416 1452/1/1452
f 1482/1/1482 1655/1/1655 1357/1/1357
f 1358/1/1358 1483/1/1483 1452/1/1452
f 1484/1/1484 1485/1/1485 1486/1/1486
f 1417/1/1417 1486/1/1486 1485/1/1485
f 1486/1/1486 1417/1/1417 1487/1/1487
f 1488/1/1488 1487/1/1487 1417/1/1417
f 1420/1/1420 1421/1/1421 1616/1/1616
f 1617/1/1617 1422/1/1422 1391/1/1391
f 1422/1/1422 1617/1/1617 1618/1/1618
f 1619/1/1619 1455/1/1455 1553/1/1553
f 1395/1/1395 1490/1/1490 1703/1/1703
f 1425/1/1425 1620/1/1620 1396/1/1396
f 1425/1/1425 1555/1/1555 1620/1/1620
f 1427/1/1427 1529/1/1529 1324/1/1324
f 1426/1/1426 1621/1/1621 1759/1/1759
f 1491/1/1491 1529/1/1529 1427/1/1427
f 1759/1/1759 1493/1/1493 1426/1/1426
f 1667/1/1667 1493/1/1493 1492/1/1492
f 1456/1/1456 1366/1/1366 1667/1/1667
f 1493/1/1493 1667/1/1667 1366/1/1366
f 1457/1/1457 1669/1/1669 1530/1/1530
f 1557/1/1557 1398/1/1398 1431/1/1431
f 1533/1/1533 1531/1/1531 1432/1/1432
f 1432/1/1432 1433/1/1433 1533/1/1533
f 1433/1/1433 1495/1/1495 1533/1/1533
f 1495/1/1495 1400/1/1400 1624/1/1624
f 1559/1/1559 1400/1/1400 1435/1/1435
f 1559/1/1559 1435/1/1435 1560/1/1560
f 1674/1/1674 1560/1/1560 1436/1/1436
f 1438/1/1438 1497/1/1497 1496/1/1496
f 1496/1/1496 1497/1/1497 1499/1/1499
f 1496/1/1496 1499/1/1499 1460/1/1460
f 1499/1/1499 1497/1/1497 1500/1/1500
f 1460/1/1460 1501/1/1501 1439/1/1439
f 1501/1/1501 1401/1/1401 1439/1/1439
f 1501/1/1501 1460/1/1460 1499/1/1499
f 1499/1/1499 1500/1/1500 1504/1/1504
f 1504/1/1504 1500/1/1500 1463/1/1463
f 1401/1/1401 1501/1/1501 1502/1/1502
f 1499/1/1499 1504/1/1504 1503/1/1503
f 1501/1/1501 1499/1/1499 1503/1/1503
f 1502/1/1502 1501/1/1501 1503/1/1503
f 1502/1/1502 1503/1/1503 4016/1/4016
f 1461/1/1461 1462/1/1462 1534/1/1534
f 1403/1/1403 1505/1/1505 1465/1/1465
f 1464/1/1464 1504/1/1504 1463/1/1463
f 1466/1/1466 1465/1/1465 1535/1/1535
f 1504/1/1504 1464/1/1464 1506/1/1506
f 4016/1/4016 1503/1/1503 1505/1/1505
f 1506/1/1506 1503/1/1503 1504/1/1504
f 1505/1/1505 1503/1/1503 1506/1/1506
f 1536/1/1536 1466/1/1466 1535/1/1535
f 1534/1/1534 1404/1/1404 1538/1/1538
f 1679/1/1679 1507/1/1507 1564/1/1564
f 1568/1/1568 1506/1/1506 1464/1/1464
f 1680/1/1680 1537/1/1537 1442/1/1442
f 1508/1/1508 1538/1/1538 1404/1/1404
f 1568/1/1568 1464/1/1464 1379/1/1379
f 1378/1/1378 1442/1/1442 1537/1/1537
f 1509/1/1509 1378/1/1378 1537/1/1537
f 1509/1/1509 1635/1/1635 1511/1/1511
f 1538/1/1538 1508/1/1508 1510/1/1510
f 1443/1/1443 1570/1/1570 1568/1/1568
f 1443/1/1443 1406/1/1406 1571/1/1571
f 1406/1/1406 1444/1/1444 1571/1/1571
f 1512/1/1512 1571/1/1571 1444/1/1444
f 1444/1/1444 1469/1/1469 1512/1/1512
f 1469/1/1469 1407/1/1407 1512/1/1512
f 1407/1/1407 1539/1/1539 1512/1/1512
f 1407/1/1407 1470/1/1470 1539/1/1539
f 1471/1/1471 1514/1/1514 1383/1/1383
f 1471/1/1471 1515/1/1515 1514/1/1514
f 1472/1/1472 1513/1/1513 1595/1/1595
f 1471/1/1471 1445/1/1445 1515/1/1515
f 1517/1/1517 1596/1/1596 1514/1/1514
f 1514/1/1514 1515/1/1515 1517/1/1517
f 1517/1/1517 1515/1/1515 1516/1/1516
f 1517/1/1517 1516/1/1516 1475/1/1475
f 1517/1/1517 1475/1/1475 1518/1/1518
f 1518/1/1518 1604/1/1604 1517/1/1517
f 1519/1/1519 1518/1/1518 1476/1/1476
f 1651/1/1651 1543/1/1543 1542/1/1542
f 1518/1/1518 1475/1/1475 1477/1/1477
f 1446/1/1446 1543/1/1543 1651/1/1651
f 1519/1/1519 1476/1/1476 1478/1/1478
f 1478/1/1478 1479/1/1479 1520/1/1520
f 1519/1/1519 1478/1/1478 1520/1/1520
f 1520/1/1520 1479/1/1479 1521/1/1521
f 1446/1/1446 1651/1/1651 1546/1/1546
f 1544/1/1544 1521/1/1521 1479/1/1479
f 1523/1/1523 1611/1/1611 1522/1/1522
f 1526/1/1526 1548/1/1548 1525/1/1525
f 1483/1/1483 1550/1/1550 1452/1/1452
f 1550/1/1550 1483/1/1483 1484/1/1484
f 1655/1/1655 1527/1/1527 1293/1/1293
f 1615/1/1615 1527/1/1527 1694/1/1694
f 1659/1/1659 1453/1/1453 1454/1/1454
f 1616/1/1616 1698/1/1698 1454/1/1454
f 1395/1/1395 1703/1/1703 1394/1/1394
f 1528/1/1528 1324/1/1324 1529/1/1529
f 1396/1/1396 1621/1/1621 1426/1/1426
f 1493/1/1493 1759/1/1759 1492/1/1492
f 1429/1/1429 1456/1/1456 1730/1/1730
f 1458/1/1458 1669/1/1669 1457/1/1457
f 1458/1/1458 1670/1/1670 1669/1/1669
f 1556/1/1556 1459/1/1459 1430/1/1430
f 1458/1/1458 1494/1/1494 1670/1/1670
f 1494/1/1494 1432/1/1432 1531/1/1531
f 1533/1/1533 1495/1/1495 1624/1/1624
f 1302/1/1302 1733/1/1733 1434/1/1434
f 1559/1/1559 1624/1/1624 1400/1/1400
f 1436/1/1436 1498/1/1498 1674/1/1674
f 1440/1/1440 1562/1/1562 1337/1/1337
f 1498/1/1498 1461/1/1461 1563/1/1563
f 1461/1/1461 1534/1/1534 1628/1/1628
f 1506/1/1506 1567/1/1567 1505/1/1505
f 1442/1/1442 1536/1/1536 1680/1/1680
f 1538/1/1538 1632/1/1632 1534/1/1534
f 1681/1/1681 1510/1/1510 1511/1/1511
f 1443/1/1443 1571/1/1571 1570/1/1570
f 1468/1/1468 1745/1/1745 1408/1/1408
f 1539/1/1539 1470/1/1470 1540/1/1540
f 1470/1/1470 1383/1/1383 1540/1/1540
f 1383/1/1383 1514/1/1514 1540/1/1540
f 1540/1/1540 1514/1/1514 1596/1/1596
f 1595/1/1595 1541/1/1541 1472/1/1472
f 1472/1/1472 1541/1/1541 1474/1/1474
f 1596/1/1596 1517/1/1517 1604/1/1604
f 1543/1/1543 1690/1/1690 1542/1/1542
f 1543/1/1543 1541/1/1541 1690/1/1690
f 1543/1/1543 1474/1/1474 1541/1/1541
f 1518/1/1518 1519/1/1519 1604/1/1604
f 1522/1/1522 1611/1/1611 1544/1/1544
f 1611/1/1611 1523/1/1523 1545/1/1545
f 1545/1/1545 1523/1/1523 1652/1/1652
f 1523/1/1523 1525/1/1525 1652/1/1652
f 1652/1/1652 1525/1/1525 1548/1/1548
f 1653/1/1653 1451/1/1451 1481/1/1481
f 1613/1/1613 1548/1/1548 1526/1/1526
f 1451/1/1451 1482/1/1482 1357/1/1357
f 1549/1/1549 1613/1/1613 1526/1/1526
f 1549/1/1549 1452/1/1452 1614/1/1614
f 1551/1/1551 1550/1/1550 1484/1/1484
f 1484/1/1484 1486/1/1486 1551/1/1551
f 1655/1/1655 1694/1/1694 1527/1/1527
f 1418/1/1418 1453/1/1453 1658/1/1658
f 1658/1/1658 1488/1/1488 1418/1/1418
f 1453/1/1453 1659/1/1659 1658/1/1658
f 1659/1/1659 1454/1/1454 1697/1/1697
f 1391/1/1391 1527/1/1527 1615/1/1615
f 1660/1/1660 1391/1/1391 1615/1/1615
f 1697/1/1697 1454/1/1454 1698/1/1698
f 1617/1/1617 1391/1/1391 1660/1/1660
f 1421/1/1421 1619/1/1619 1725/1/1725
f 1725/1/1725 1619/1/1619 1699/1/1699
f 1699/1/1699 1619/1/1619 1553/1/1553
f 1552/1/1552 1489/1/1489 1618/1/1618
f 1661/1/1661 1490/1/1490 1554/1/1554
f 1620/1/1620 1555/1/1555 1701/1/1701
f 1394/1/1394 1701/1/1701 1555/1/1555
f 1554/1/1554 1490/1/1490 1195/1/1195
f 1424/1/1424 1528/1/1528 1195/1/1195
f 1396/1/1396 1664/1/1664 1621/1/1621
f 1620/1/1620 1664/1/1664 1396/1/1396
f 1622/1/1622 1491/1/1491 1427/1/1427
f 1429/1/1429 1730/1/1730 1430/1/1430
f 1531/1/1531 1670/1/1670 1494/1/1494
f 1431/1/1431 1623/1/1623 1557/1/1557
f 1302/1/1302 1558/1/1558 1733/1/1733
f 1434/1/1434 1733/1/1733 1705/1/1705
f 1624/1/1624 1559/1/1559 1625/1/1625
f 1734/1/1734 1626/1/1626 1434/1/1434
f 1559/1/1559 1560/1/1560 1625/1/1625
f 1674/1/1674 1498/1/1498 1563/1/1563
f 1337/1/1337 1562/1/1562 1339/1/1339
f 1563/1/1563 1461/1/1461 1628/1/1628
f 1565/1/1565 1465/1/1465 1505/1/1505
f 1505/1/1505 1567/1/1567 1565/1/1565
f 1632/1/1632 1566/1/1566 1534/1/1534
f 1534/1/1534 1566/1/1566 1628/1/1628
f 1568/1/1568 1567/1/1567 1506/1/1506
f 1570/1/1570 1567/1/1567 1568/1/1568
f 1569/1/1569 1537/1/1537 1680/1/1680
f 1509/1/1509 1537/1/1537 1709/1/1709
f 1538/1/1538 1510/1/1510 1634/1/1634
f 1538/1/1538 1634/1/1634 1632/1/1632
f 1509/1/1509 1709/1/1709 1635/1/1635
f 1510/1/1510 1681/1/1681 1634/1/1634
f 1681/1/1681 1511/1/1511 1635/1/1635
f 1570/1/1570 1571/1/1571 1572/1/1572
f 1468/1/1468 1467/1/1467 1637/1/1637
f 1574/1/1574 1572/1/1572 1571/1/1571
f 1576/1/1576 1573/1/1573 1575/1/1575
f 1578/1/1578 1579/1/1579 1685/1/1685
f 1685/1/1685 1579/1/1579 1577/1/1577
f 1571/1/1571 1512/1/1512 1574/1/1574
f 1576/1/1576 1575/1/1575 1582/1/1582
f 1574/1/1574 1512/1/1512 1580/1/1580
f 1575/1/1575 1574/1/1574 1580/1/1580
f 1584/1/1584 1576/1/1576 1582/1/1582
f 1512/1/1512 1539/1/1539 1580/1/1580
f 1578/1/1578 1581/1/1581 1583/1/1583
f 1579/1/1579 1578/1/1578 1583/1/1583
f 1587/1/1587 1579/1/1579 1583/1/1583
f 1579/1/1579 1639/1/1639 1577/1/1577
f 1582/1/1582 1575/1/1575 1591/1/1591
f 1581/1/1581 1585/1/1585 1583/1/1583
f 1639/1/1639 1579/1/1579 1588/1/1588
f 1575/1/1575 1580/1/1580 1592/1/1592
f 1585/1/1585 1638/1/1638 1590/1/1590
f 1583/1/1583 1585/1/1585 1590/1/1590
f 1588/1/1588 1579/1/1579 1587/1/1587
f 1580/1/1580 1539/1/1539 1592/1/1592
f 1586/1/1586 1640/1/1640 1584/1/1584
f 1408/1/1408 1745/1/1745 1642/1/1642
f 1575/1/1575 1592/1/1592 1591/1/1591
f 1586/1/1586 1584/1/1584 1589/1/1589
f 1638/1/1638 1586/1/1586 1590/1/1590
f 1587/1/1587 1583/1/1583 1593/1/1593
f 1539/1/1539 1540/1/1540 1592/1/1592
f 1589/1/1589 1584/1/1584 1582/1/1582
f 1590/1/1590 1586/1/1586 1589/1/1589
f 1583/1/1583 1590/1/1590 1597/1/1597
f 1597/1/1597 1590/1/1590 1589/1/1589
f 1583/1/1583 1597/1/1597 1593/1/1593
f 1587/1/1587 1593/1/1593 1594/1/1594
f 1641/1/1641 1588/1/1588 1587/1/1587
f 1641/1/1641 1587/1/1587 1594/1/1594
f 1644/1/1644 1594/1/1594 1593/1/1593
f 1600/1/1600 1597/1/1597 1589/1/1589
f 1593/1/1593 1597/1/1597 1598/1/1598
f 1592/1/1592 1540/1/1540 1596/1/1596
f 1589/1/1589 1582/1/1582 1600/1/1600
f 1644/1/1644 1593/1/1593 1598/1/1598
f 1595/1/1595 1513/1/1513 1643/1/1643
f 1600/1/1600 1582/1/1582 1591/1/1591
f 1688/1/1688 1644/1/1644 1599/1/1599
f 1599/1/1599 1644/1/1644 1598/1/1598
f 1591/1/1591 1592/1/1592 1596/1/1596
f 1748/1/1748 1688/1/1688 1599/1/1599
f 1598/1/1598 1597/1/1597 1601/1/1601
f 1591/1/1591 1596/1/1596 1604/1/1604
f 1520/1/1520 1591/1/1591 1604/1/1604
f 1601/1/1601 1597/1/1597 1600/1/1600
f 1598/1/1598 1601/1/1601 1599/1/1599
f 1603/1/1603 1600/1/1600 1602/1/1602
f 1601/1/1601 1600/1/1600 1603/1/1603
f 1599/1/1599 1601/1/1601 1646/1/1646
f 1646/1/1646 1601/1/1601 1603/1/1603
f 1602/1/1602 1600/1/1600 1605/1/1605
f 1646/1/1646 1603/1/1603 1606/1/1606
f 1520/1/1520 1604/1/1604 1519/1/1519
f 1600/1/1600 1591/1/1591 1608/1/1608
f 1605/1/1605 1600/1/1600 1608/1/1608
f 1602/1/1602 1605/1/1605 1603/1/1603
f 1603/1/1603 1605/1/1605 1607/1/1607
f 1608/1/1608 1591/1/1591 1520/1/1520
f 1607/1/1607 1606/1/1606 1603/1/1603
f 1605/1/1605 1608/1/1608 1607/1/1607
f 1607/1/1607 1608/1/1608 1609/1/1609
f 1648/1/1648 1606/1/1606 1607/1/1607
f 1608/1/1608 1520/1/1520 1521/1/1521
f 1610/1/1610 1648/1/1648 1607/1/1607
f 1608/1/1608 1521/1/1521 1609/1/1609
f 1610/1/1610 1607/1/1607 1609/1/1609
f 1544/1/1544 1609/1/1609 1521/1/1521
f 1611/1/1611 1609/1/1609 1544/1/1544
f 1611/1/1611 1610/1/1610 1609/1/1609
f 1545/1/1545 1610/1/1610 1611/1/1611
f 1547/1/1547 1524/1/1524 1546/1/1546
f 1652/1/1652 1548/1/1548 1692/1/1692
f 1547/1/1547 1653/1/1653 1481/1/1481
f 1717/1/1717 1548/1/1548 1612/1/1612
f 1548/1/1548 1613/1/1613 1612/1/1612
f 1654/1/1654 1613/1/1613 1549/1/1549
f 1551/1/1551 1486/1/1486 1722/1/1722
f 1722/1/1722 1486/1/1486 1657/1/1657
f 1657/1/1657 1486/1/1486 1487/1/1487
f 1695/1/1695 1487/1/1487 1488/1/1488
f 1698/1/1698 1616/1/1616 1421/1/1421
f 1700/1/1700 1423/1/1423 1489/1/1489
f 1553/1/1553 1423/1/1423 1700/1/1700
f 1195/1/1195 1528/1/1528 1662/1/1662
f 1554/1/1554 1195/1/1195 1662/1/1662
f 1662/1/1662 1528/1/1528 1727/1/1727
f 1394/1/1394 1702/1/1702 1701/1/1701
f 1663/1/1663 1490/1/1490 1661/1/1661
f 1491/1/1491 1665/1/1665 1529/1/1529
f 1491/1/1491 1622/1/1622 1666/1/1666
f 1492/1/1492 1668/1/1668 1667/1/1667
f 1622/1/1622 1427/1/1427 1530/1/1530
f 1623/1/1623 1431/1/1431 1556/1/1556
f 1671/1/1671 1531/1/1531 1533/1/1533
f 1532/1/1532 1557/1/1557 1732/1/1732
f 1671/1/1671 1533/1/1533 1672/1/1672
f 1532/1/1532 1732/1/1732 1558/1/1558
f 1672/1/1672 1533/1/1533 1624/1/1624
f 1705/1/1705 1734/1/1734 1434/1/1434
f 1440/1/1440 1706/1/1706 1561/1/1561
f 1627/1/1627 1674/1/1674 1563/1/1563
f 1440/1/1440 1561/1/1561 1562/1/1562
f 1675/1/1675 1627/1/1627 1563/1/1563
f 1628/1/1628 1675/1/1675 1563/1/1563
f 1676/1/1676 1675/1/1675 1628/1/1628
f 1339/1/1339 1735/1/1735 1564/1/1564
f 1565/1/1565 1535/1/1535 1465/1/1465
f 1535/1/1535 1565/1/1565 1631/1/1631
f 1566/1/1566 1677/1/1677 1628/1/1628
f 1535/1/1535 1631/1/1631 1629/1/1629
f 1629/1/1629 1678/1/1678 1535/1/1535
f 1630/1/1630 1536/1/1536 1535/1/1535
f 1564/1/1564 1767/1/1767 1679/1/1679
f 1631/1/1631 1565/1/1565 1567/1/1567
f 1536/1/1536 1630/1/1630 1680/1/1680
f 1632/1/1632 1633/1/1633 1566/1/1566
f 1567/1/1567 1570/1/1570 1572/1/1572
f 1631/1/1631 1567/1/1567 1572/1/1572
f 1629/1/1629 1631/1/1631 1636/1/1636
f 1708/1/1708 1629/1/1629 1636/1/1636
f 1709/1/1709 1537/1/1537 1569/1/1569
f 1632/1/1632 1634/1/1634 1740/1/1740
f 1633/1/1633 1632/1/1632 1740/1/1740
f 1631/1/1631 1572/1/1572 1573/1/1573
f 1636/1/1636 1631/1/1631 1573/1/1573
f 1710/1/1710 1636/1/1636 1683/1/1683
f 1636/1/1636 1573/1/1573 1576/1/1576
f 1573/1/1573 1572/1/1572 1574/1/1574
f 1683/1/1683 1636/1/1636 1576/1/1576
f 1684/1/1684 1578/1/1578 1685/1/1685
f 1573/1/1573 1574/1/1574 1575/1/1575
f 1578/1/1578 1684/1/1684 1581/1/1581
f 1468/1/1468 1637/1/1637 1745/1/1745
f 1576/1/1576 1584/1/1584 1683/1/1683
f 1683/1/1683 1584/1/1584 1640/1/1640
f 1638/1/1638 1686/1/1686 1640/1/1640
f 1638/1/1638 1640/1/1640 1586/1/1586
f 1716/1/1716 1588/1/1588 1641/1/1641
f 1513/1/1513 1642/1/1642 1643/1/1643
f 1689/1/1689 1641/1/1641 1645/1/1645
f 1645/1/1645 1641/1/1641 1594/1/1594
f 1645/1/1645 1594/1/1594 1644/1/1644
f 1688/1/1688 1645/1/1645 1644/1/1644
f 1595/1/1595 1690/1/1690 1541/1/1541
f 1599/1/1599 1646/1/1646 1647/1/1647
f 1748/1/1748 1599/1/1599 1647/1/1647
f 1610/1/1610 1650/1/1650 1648/1/1648
f 1545/1/1545 1650/1/1650 1610/1/1610
f 1691/1/1691 1650/1/1650 1545/1/1545
f 1652/1/1652 1691/1/1691 1545/1/1545
f 1548/1/1548 1717/1/1717 1692/1/1692
f 1482/1/1482 1451/1/1451 1653/1/1653
f 1614/1/1614 1452/1/1452 1550/1/1550
f 1694/1/1694 1655/1/1655 1656/1/1656
f 1658/1/1658 1696/1/1696 1488/1/1488
f 1695/1/1695 1488/1/1488 1696/1/1696
f 1696/1/1696 1658/1/1658 1659/1/1659
f 1617/1/1617 1660/1/1660 1726/1/1726
f 1421/1/1421 1725/1/1725 1698/1/1698
f 1617/1/1617 1726/1/1726 1618/1/1618
f 1618/1/1618 1726/1/1726 1552/1/1552
f 1489/1/1489 1552/1/1552 1700/1/1700
f 1394/1/1394 1703/1/1703 1702/1/1702
f 1490/1/1490 1663/1/1663 1703/1/1703
f 1529/1/1529 1665/1/1665 1727/1/1727
f 1529/1/1529 1727/1/1727 1528/1/1528
f 1664/1/1664 1760/1/1760 1621/1/1621
f 1759/1/1759 1761/1/1761 1492/1/1492
f 1456/1/1456 1667/1/1667 1668/1/1668
f 1530/1/1530 1731/1/1731 1729/1/1729
f 1731/1/1731 1530/1/1530 1669/1/1669
f 1670/1/1670 1531/1/1531 1671/1/1671
f 1557/1/1557 1623/1/1623 1732/1/1732
f 1672/1/1672 1763/1/1763 1671/1/1671
f 1855/1/1855 1625/1/1625 1673/1/1673
f 1625/1/1625 1560/1/1560 1673/1/1673
f 1673/1/1673 1560/1/1560 1674/1/1674
f 1677/1/1677 1676/1/1676 1628/1/1628
f 1630/1/1630 1678/1/1678 1629/1/1629
f 1770/1/1770 1630/1/1630 1629/1/1629
f 1708/1/1708 1770/1/1770 1629/1/1629
f 1737/1/1737 1569/1/1569 1680/1/1680
f 1710/1/1710 1708/1/1708 1636/1/1636
f 1679/1/1679 1741/1/1741 1467/1/1467
f 1709/1/1709 1682/1/1682 1635/1/1635
f 1635/1/1635 1682/1/1682 1711/1/1711
f 1635/1/1635 1711/1/1711 1681/1/1681
f 1637/1/1637 1467/1/1467 1743/1/1743
f 1744/1/1744 1685/1/1685 1712/1/1712
f 1685/1/1685 1714/1/1714 1712/1/1712
f 1577/1/1577 1714/1/1714 1685/1/1685
f 1710/1/1710 1683/1/1683 1715/1/1715
f 1684/1/1684 1713/1/1713 1776/1/1776
f 1639/1/1639 1777/1/1777 1577/1/1577
f 1684/1/1684 1776/1/1776 1581/1/1581
f 1715/1/1715 1683/1/1683 1686/1/1686
f 1585/1/1585 1776/1/1776 1891/1/1891
f 1581/1/1581 1776/1/1776 1585/1/1585
f 1640/1/1640 1686/1/1686 1683/1/1683
f 1639/1/1639 1588/1/1588 1687/1/1687
f 1716/1/1716 1687/1/1687 1588/1/1588
f 1645/1/1645 1688/1/1688 1689/1/1689
f 1646/1/1646 1606/1/1606 1780/1/1780
f 1606/1/1606 1648/1/1648 1649/1/1649
f 1691/1/1691 1652/1/1652 1692/1/1692
f 1547/1/1547 1754/1/1754 1653/1/1653
f 1754/1/1754 1781/1/1781 1653/1/1653
f 1653/1/1653 1781/1/1781 1482/1/1482
f 1613/1/1613 1718/1/1718 1612/1/1612
f 1718/1/1718 1613/1/1613 1654/1/1654
f 1614/1/1614 1654/1/1654 1549/1/1549
f 1550/1/1550 1693/1/1693 1614/1/1614
f 1654/1/1654 1614/1/1614 1818/1/1818
f 1550/1/1550 1719/1/1719 1693/1/1693
f 1551/1/1551 1719/1/1719 1550/1/1550
f 1551/1/1551 1722/1/1722 1721/1/1721
f 1487/1/1487 1695/1/1695 1657/1/1657
f 1726/1/1726 1660/1/1660 1821/1/1821
f 1822/1/1822 1697/1/1697 1698/1/1698
f 1822/1/1822 1698/1/1698 1725/1/1725
f 1553/1/1553 1878/1/1878 1699/1/1699
f 1553/1/1553 1700/1/1700 1878/1/1878
f 1703/1/1703 1663/1/1663 1823/1/1823
f 1663/1/1663 1661/1/1661 1823/1/1823
f 1620/1/1620 1701/1/1701 1758/1/1758
f 1621/1/1621 1728/1/1728 1759/1/1759
f 1621/1/1621 1760/1/1760 1728/1/1728
f 1665/1/1665 1491/1/1491 1666/1/1666
f 1492/1/1492 1761/1/1761 1668/1/1668
f 1666/1/1666 1622/1/1622 1826/1/1826
f 1456/1/1456 1668/1/1668 1934/1/1934
f 1530/1/1530 1729/1/1729 1622/1/1622
f 1669/1/1669 1670/1/1670 1731/1/1731
f 1558/1/1558 1732/1/1732 1733/1/1733
f 1624/1/1624 1625/1/1625 1672/1/1672
f 1674/1/1674 1627/1/1627 1707/1/1707
f 1627/1/1627 1675/1/1675 1764/1/1764
f 1764/1/1764 1675/1/1675 1676/1/1676
f 1562/1/1562 1735/1/1735 1339/1/1339
f 1677/1/1677 1765/1/1765 1676/1/1676
f 1766/1/1766 1765/1/1765 1677/1/1677
f 1677/1/1677 1736/1/1736 1766/1/1766
f 1736/1/1736 1677/1/1677 1566/1/1566
f 1737/1/1737 1630/1/1630 1770/1/1770
f 1630/1/1630 1737/1/1737 1680/1/1680
f 1633/1/1633 1736/1/1736 1566/1/1566
f 1767/1/1767 1741/1/1741 1679/1/1679
f 1768/1/1768 1736/1/1736 1633/1/1633
f 1738/1/1738 1569/1/1569 1737/1/1737
f 1739/1/1739 1768/1/1768 1633/1/1633
f 1633/1/1633 1740/1/1740 1739/1/1739
f 1738/1/1738 1798/1/1798 1569/1/1569
f 1710/1/1710 1775/1/1775 1708/1/1708
f 1569/1/1569 1798/1/1798 1709/1/1709
f 1634/1/1634 1681/1/1681 1801/1/1801
f 1634/1/1634 1742/1/1742 1740/1/1740
f 1798/1/1798 1682/1/1682 1709/1/1709
f 1634/1/1634 1801/1/1801 1742/1/1742
f 1682/1/1682 1798/1/1798 1799/1/1799
f 1743/1/1743 1467/1/1467 1741/1/1741
f 1743/1/1743 1803/1/1803 1637/1/1637
f 1713/1/1713 1684/1/1684 1744/1/1744
f 1685/1/1685 1744/1/1744 1684/1/1684
f 1714/1/1714 1577/1/1577 1777/1/1777
f 1777/1/1777 1639/1/1639 1687/1/1687
f 1808/1/1808 1745/1/1745 1637/1/1637
f 1638/1/1638 1585/1/1585 1891/1/1891
f 1836/1/1836 1779/1/1779 1716/1/1716
f 1642/1/1642 1745/1/1745 1643/1/1643
f 1716/1/1716 1641/1/1641 1746/1/1746
f 1836/1/1836 1716/1/1716 1746/1/1746
f 1641/1/1641 1689/1/1689 1746/1/1746
f 1643/1/1643 1810/1/1810 1595/1/1595
f 1595/1/1595 1810/1/1810 1893/1/1893
f 1690/1/1690 1595/1/1595 1893/1/1893
f 1811/1/1811 1689/1/1689 1688/1/1688
f 1811/1/1811 1688/1/1688 1748/1/1748
f 1647/1/1647 1646/1/1646 1780/1/1780
f 1606/1/1606 1649/1/1649 1780/1/1780
f 1649/1/1649 1648/1/1648 1749/1/1749
f 1648/1/1648 1751/1/1751 1749/1/1749
f 1650/1/1650 1751/1/1751 1648/1/1648
f 1691/1/1691 1751/1/1751 1650/1/1650
f 1812/1/1812 1751/1/1751 1691/1/1691
f 1692/1/1692 1812/1/1812 1691/1/1691
f 1546/1/1546 1752/1/1752 1547/1/1547
f 1753/1/1753 1812/1/1812 1692/1/1692
f 1752/1/1752 1754/1/1754 1547/1/1547
f 1753/1/1753 1692/1/1692 1717/1/1717
f 1817/1/1817 1717/1/1717 1612/1/1612
f 1654/1/1654 1818/1/1818 1718/1/1718
f 1614/1/1614 1693/1/1693 1818/1/1818
f 1551/1/1551 1720/1/1720 1719/1/1719
f 1551/1/1551 1721/1/1721 1720/1/1720
f 1722/1/1722 1723/1/1723 1721/1/1721
f 1722/1/1722 1657/1/1657 1723/1/1723
f 1657/1/1657 1695/1/1695 1820/1/1820
f 1695/1/1695 1696/1/1696 1785/1/1785
f 1696/1/1696 1659/1/1659 1724/1/1724
f 1724/1/1724 1785/1/1785 1696/1/1696
f 1659/1/1659 1697/1/1697 1755/1/1755
f 1552/1/1552 1726/1/1726 1757/1/1757
f 1552/1/1552 1877/1/1877 1700/1/1700
f 1661/1/1661 1554/1/1554 1823/1/1823
f 1701/1/1701 1702/1/1702 1758/1/1758
f 1664/1/1664 1787/1/1787 1760/1/1760
f 1826/1/1826 1622/1/1622 1827/1/1827
f 1622/1/1622 1729/1/1729 1827/1/1827
f 1762/1/1762 1430/1/1430 1730/1/1730
f 1852/1/1852 1430/1/1430 1762/1/1762
f 1852/1/1852 1556/1/1556 1430/1/1430
f 1731/1/1731 1670/1/1670 1671/1/1671
f 1704/1/1704 1731/1/1731 1671/1/1671
f 1704/1/1704 1671/1/1671 1763/1/1763
f 1733/1/1733 1959/1/1959 1705/1/1705
f 1625/1/1625 1829/1/1829 1672/1/1672
f 1673/1/1673 1830/1/1830 1855/1/1855
f 1626/1/1626 1734/1/1734 1706/1/1706
f 1673/1/1673 1674/1/1674 1830/1/1830
f 1830/1/1830 1674/1/1674 1791/1/1791
f 1674/1/1674 1707/1/1707 1791/1/1791
f 1735/1/1735 1767/1/1767 1564/1/1564
f 1708/1/1708 1775/1/1775 1770/1/1770
f 1738/1/1738 1773/1/1773 1798/1/1798
f 1710/1/1710 1715/1/1715 1806/1/1806
f 1806/1/1806 1715/1/1715 1807/1/1807
f 1715/1/1715 1686/1/1686 1778/1/1778
f 1891/1/1891 1686/1/1686 1638/1/1638
f 1716/1/1716 1779/1/1779 1687/1/1687
f 1746/1/1746 1689/1/1689 1747/1/1747
f 1689/1/1689 1811/1/1811 1747/1/1747
f 1839/1/1839 1748/1/1748 1647/1/1647
f 1751/1/1751 1750/1/1750 1749/1/1749
f 1651/1/1651 1752/1/1752 1546/1/1546
f 1752/1/1752 1814/1/1814 1754/1/1754
f 1718/1/1718 1817/1/1817 1612/1/1612
f 1843/1/1843 1818/1/1818 1693/1/1693
f 1898/1/1898 1656/1/1656 1655/1/1655
f 1870/1/1870 1721/1/1721 1723/1/1723
f 1723/1/1723 1657/1/1657 1820/1/1820
f 1820/1/1820 1695/1/1695 1785/1/1785
f 1659/1/1659 1755/1/1755 1724/1/1724
f 1615/1/1615 1845/1/1845 1660/1/1660
f 1726/1/1726 1821/1/1821 1757/1/1757
f 1725/1/1725 1699/1/1699 1756/1/1756
f 1552/1/1552 1757/1/1757 1846/1/1846
f 1699/1/1699 1878/1/1878 1930/1/1930
f 1700/1/1700 1877/1/1877 1786/1/1786
f 1727/1/1727 1879/1/1879 1662/1/1662
f 1727/1/1727 1665/1/1665 1788/1/1788
f 1850/1/1850 1788/1/1788 1665/1/1665
f 1665/1/1665 1666/1/1666 1850/1/1850
f 1850/1/1850 1666/1/1666 1851/1/1851
f 1826/1/1826 1851/1/1851 1666/1/1666
f 1730/1/1730 1456/1/1456 1905/1/1905
f 1729/1/1729 1790/1/1790 1827/1/1827
f 1729/1/1729 1731/1/1731 1790/1/1790
f 1556/1/1556 1828/1/1828 1623/1/1623
f 1829/1/1829 1763/1/1763 1672/1/1672
f 1855/1/1855 1829/1/1829 1625/1/1625
f 1706/1/1706 1734/1/1734 1884/1/1884
f 1562/1/1562 1561/1/1561 1940/1/1940
f 1764/1/1764 1707/1/1707 1627/1/1627
f 1764/1/1764 1676/1/1676 1793/1/1793
f 1676/1/1676 1765/1/1765 1793/1/1793
f 1769/1/1769 1765/1/1765 1766/1/1766
f 1767/1/1767 1794/1/1794 1741/1/1741
f 1766/1/1766 1736/1/1736 1768/1/1768
f 1768/1/1768 1769/1/1769 1766/1/1766
f 1737/1/1737 1770/1/1770 1738/1/1738
f 1739/1/1739 1769/1/1769 1768/1/1768
f 1772/1/1772 1770/1/1770 1775/1/1775
f 1771/1/1771 1738/1/1738 1772/1/1772
f 1772/1/1772 1738/1/1738 1770/1/1770
f 1738/1/1738 1771/1/1771 1773/1/1773
f 1774/1/1774 1771/1/1771 1772/1/1772
f 1771/1/1771 1859/1/1859 1773/1/1773
f 1774/1/1774 1772/1/1772 1775/1/1775
f 1681/1/1681 1711/1/1711 1801/1/1801
f 1740/1/1740 1742/1/1742 1802/1/1802
f 1739/1/1739 1740/1/1740 1802/1/1802
f 1682/1/1682 1799/1/1799 1833/1/1833
f 1833/1/1833 1711/1/1711 1682/1/1682
f 1775/1/1775 1710/1/1710 1806/1/1806
f 1774/1/1774 1775/1/1775 1806/1/1806
f 1712/1/1712 1804/1/1804 1744/1/1744
f 1744/1/1744 1804/1/1804 1889/1/1889
f 1714/1/1714 1804/1/1804 1712/1/1712
f 1777/1/1777 1805/1/1805 1714/1/1714
f 1892/1/1892 1861/1/1861 1777/1/1777
f 1715/1/1715 1778/1/1778 1807/1/1807
f 1892/1/1892 1777/1/1777 1687/1/1687
f 1891/1/1891 1778/1/1778 1686/1/1686
f 1836/1/1836 1746/1/1746 1837/1/1837
f 1747/1/1747 1864/1/1864 1746/1/1746
f 1838/1/1838 1747/1/1747 1811/1/1811
f 1647/1/1647 1894/1/1894 1839/1/1839
f 1811/1/1811 1748/1/1748 1839/1/1839
f 1542/1/1542 1970/1/1970 1651/1/1651
f 1780/1/1780 1649/1/1649 1749/1/1749
f 1651/1/1651 1970/1/1970 1752/1/1752
f 1750/1/1750 1751/1/1751 1813/1/1813
f 1813/1/1813 1751/1/1751 1812/1/1812
f 1717/1/1717 1866/1/1866 1753/1/1753
f 1814/1/1814 1816/1/1816 1754/1/1754
f 1754/1/1754 1816/1/1816 1781/1/1781
f 1717/1/1717 1817/1/1817 1866/1/1866
f 1482/1/1482 1781/1/1781 1924/1/1924
f 1817/1/1817 1718/1/1718 1867/1/1867
f 1693/1/1693 1782/1/1782 1843/1/1843
f 1782/1/1782 1719/1/1719 1783/1/1783
f 1782/1/1782 1693/1/1693 1719/1/1719
f 1719/1/1719 1720/1/1720 1783/1/1783
f 1898/1/1898 1655/1/1655 1482/1/1482
f 1723/1/1723 1784/1/1784 1870/1/1870
f 1844/1/1844 1784/1/1784 1723/1/1723
f 1723/1/1723 1820/1/1820 1844/1/1844
f 1873/1/1873 1660/1/1660 1845/1/1845
f 1660/1/1660 1873/1/1873 1821/1/1821
f 1697/1/1697 1822/1/1822 1875/1/1875
f 1697/1/1697 1875/1/1875 1755/1/1755
f 1756/1/1756 1822/1/1822 1725/1/1725
f 1756/1/1756 1699/1/1699 1930/1/1930
f 1786/1/1786 1878/1/1878 1700/1/1700
f 1662/1/1662 1824/1/1824 1554/1/1554
f 1703/1/1703 2032/1/2032 1702/1/1702
f 1620/1/1620 1903/1/1903 1664/1/1664
f 1664/1/1664 1903/1/1903 1787/1/1787
f 1789/1/1789 1759/1/1759 1728/1/1728
f 1760/1/1760 1825/1/1825 1728/1/1728
f 1759/1/1759 1789/1/1789 1761/1/1761
f 1668/1/1668 1761/1/1761 1934/1/1934
f 1934/1/1934 1981/1/1981 1456/1/1456
f 1456/1/1456 1981/1/1981 1905/1/1905
f 1762/1/1762 1730/1/1730 1905/1/1905
f 1731/1/1731 1704/1/1704 1790/1/1790
f 1704/1/1704 1853/1/1853 1790/1/1790
f 1854/1/1854 1704/1/1704 1763/1/1763
f 1732/1/1732 1623/1/1623 1828/1/1828
f 1705/1/1705 1912/1/1912 1734/1/1734
f 1706/1/1706 1986/1/1986 1561/1/1561
f 1707/1/1707 1764/1/1764 1792/1/1792
f 1764/1/1764 1793/1/1793 1831/1/1831
f 1831/1/1831 1792/1/1792 1764/1/1764
f 1940/1/1940 1735/1/1735 1562/1/1562
f 1735/1/1735 1858/1/1858 1767/1/1767
f 1858/1/1858 1794/1/1794 1767/1/1767
f 1769/1/1769 1989/1/1989 1765/1/1765
f 1741/1/1741 1794/1/1794 1913/1/1913
f 1741/1/1741 1913/1/1913 1743/1/1743
f 1769/1/1769 1739/1/1739 1795/1/1795
f 1774/1/1774 1797/1/1797 1771/1/1771
f 1914/1/1914 1773/1/1773 1859/1/1859
f 1798/1/1798 1773/1/1773 1800/1/1800
f 1773/1/1773 1914/1/1914 1800/1/1800
f 1798/1/1798 1800/1/1800 1799/1/1799
f 1800/1/1800 1833/1/1833 1799/1/1799
f 1802/1/1802 1834/1/1834 1739/1/1739
f 1774/1/1774 1806/1/1806 1860/1/1860
f 1714/1/1714 1805/1/1805 1804/1/1804
f 1862/1/1862 1776/1/1776 1713/1/1713
f 1776/1/1776 1862/1/1862 1891/1/1891
f 1637/1/1637 1803/1/1803 1808/1/1808
f 1808/1/1808 1809/1/1809 1745/1/1745
f 1745/1/1745 1863/1/1863 1643/1/1643
f 1837/1/1837 1746/1/1746 1864/1/1864
f 1811/1/1811 1839/1/1839 1838/1/1838
f 1893/1/1893 1970/1/1970 1690/1/1690
f 1690/1/1690 1970/1/1970 1542/1/1542
f 1840/1/1840 1894/1/1894 1647/1/1647
f 1780/1/1780 1840/1/1840 1647/1/1647
f 1752/1/1752 2042/1/2042 1842/1/1842
f 1752/1/1752 1842/1/1842 1814/1/1814
f 1812/1/1812 1753/1/1753 1841/1/1841
f 1753/1/1753 1866/1/1866 1815/1/1815
f 1718/1/1718 1819/1/1819 1867/1/1867
f 1718/1/1718 1818/1/1818 1819/1/1819
f 1898/1/1898 1482/1/1482 1924/1/1924
f 1721/1/1721 1870/1/1870 1897/1/1897
f 1694/1/1694 1656/1/1656 1900/1/1900
f 1845/1/1845 1615/1/1615 1694/1/1694
f 1874/1/1874 1821/1/1821 1873/1/1873
f 1876/1/1876 1875/1/1875 1822/1/1822
f 1876/1/1876 1822/1/1822 1756/1/1756
f 1552/1/1552 1846/1/1846 1877/1/1877
f 1662/1/1662 1879/1/1879 1824/1/1824
f 2032/1/2032 1703/1/1703 1823/1/1823
f 1727/1/1727 1788/1/1788 1879/1/1879
f 1933/1/1933 1760/1/1760 1787/1/1787
f 1758/1/1758 1979/1/1979 1620/1/1620
f 1979/1/1979 1758/1/1758 1702/1/1702
f 1789/1/1789 1728/1/1728 1825/1/1825
f 1760/1/1760 1933/1/1933 1825/1/1825
f 1788/1/1788 1850/1/1850 1849/1/1849
f 1826/1/1826 1935/1/1935 1851/1/1851
f 1826/1/1826 1827/1/1827 1881/1/1881
f 1852/1/1852 1828/1/1828 1556/1/1556
f 1732/1/1732 2034/1/2034 1733/1/1733
f 1705/1/1705 1959/1/1959 1912/1/1912
f 1830/1/1830 1911/1/1911 1855/1/1855
f 1911/1/1911 1830/1/1830 1856/1/1856
f 1706/1/1706 1884/1/1884 1986/1/1986
f 1989/1/1989 1793/1/1793 1765/1/1765
f 1859/1/1859 1796/1/1796 1886/1/1886
f 1795/1/1795 1941/1/1941 1769/1/1769
f 1796/1/1796 1797/1/1797 1832/1/1832
f 1860/1/1860 1797/1/1797 1774/1/1774
f 1711/1/1711 1833/1/1833 1801/1/1801
f 1795/1/1795 1739/1/1739 1947/1/1947
f 1801/1/1801 1833/1/1833 1888/1/1888
f 1802/1/1802 1742/1/1742 1801/1/1801
f 1743/1/1743 1990/1/1990 1803/1/1803
f 1744/1/1744 1890/1/1890 1713/1/1713
f 1744/1/1744 1889/1/1889 1890/1/1890
f 1777/1/1777 1861/1/1861 1805/1/1805
f 1713/1/1713 1890/1/1890 1862/1/1862
f 1892/1/1892 1687/1/1687 1835/1/1835
f 1835/1/1835 1687/1/1687 1779/1/1779
f 1863/1/1863 1810/1/1810 1643/1/1643
f 1838/1/1838 1864/1/1864 1747/1/1747
f 1921/1/1921 1864/1/1864 1838/1/1838
f 1780/1/1780 1749/1/1749 1952/1/1952
f 1953/1/1953 1749/1/1749 1750/1/1750
f 1752/1/1752 1970/1/1970 2042/1/2042
f 1750/1/1750 1813/1/1813 1895/1/1895
f 1813/1/1813 1812/1/1812 1841/1/1841
f 1895/1/1895 1813/1/1813 1841/1/1841
f 1841/1/1841 1753/1/1753 1815/1/1815
f 1843/1/1843 1782/1/1782 1868/1/1868
f 1843/1/1843 1922/1/1922 1818/1/1818
f 1818/1/1818 1922/1/1922 1819/1/1819
f 1900/1/1900 1656/1/1656 1898/1/1898
f 1899/1/1899 1870/1/1870 1784/1/1784
f 1844/1/1844 1871/1/1871 1784/1/1784
f 1724/1/1724 1872/1/1872 1785/1/1785
f 1724/1/1724 1755/1/1755 1901/1/1901
f 1724/1/1724 1901/1/1901 1872/1/1872
f 1875/1/1875 1901/1/1901 1755/1/1755
f 1757/1/1757 1821/1/1821 1846/1/1846
f 1877/1/1877 1846/1/1846 1847/1/1847
f 2000/1/2000 1930/1/1930 1878/1/1878
f 1554/1/1554 2031/1/2031 1823/1/1823
f 1824/1/1824 2031/1/2031 1554/1/1554
f 1702/1/1702 1848/1/1848 1979/1/1979
f 1702/1/1702 2032/1/2032 1848/1/1848
f 1902/1/1902 1879/1/1879 1788/1/1788
f 1903/1/1903 1933/1/1933 1787/1/1787
f 1902/1/1902 1788/1/1788 1849/1/1849
f 1761/1/1761 1904/1/1904 1934/1/1934
f 1789/1/1789 1904/1/1904 1761/1/1761
f 1827/1/1827 1882/1/1882 1881/1/1881
f 1790/1/1790 1882/1/1882 1827/1/1827
f 1882/1/1882 1790/1/1790 1853/1/1853
f 1853/1/1853 1704/1/1704 1854/1/1854
f 1734/1/1734 1912/1/1912 1884/1/1884
f 1911/1/1911 1856/1/1856 1885/1/1885
f 1856/1/1856 1830/1/1830 1791/1/1791
f 1857/1/1857 1856/1/1856 1791/1/1791
f 1857/1/1857 1885/1/1885 1856/1/1856
f 1707/1/1707 1857/1/1857 1791/1/1791
f 1792/1/1792 1857/1/1857 1707/1/1707
f 1735/1/1735 1940/1/1940 1858/1/1858
f 1941/1/1941 1989/1/1989 1769/1/1769
f 1941/1/1941 1795/1/1795 1887/1/1887
f 1913/1/1913 1990/1/1990 1743/1/1743
f 1860/1/1860 1942/1/1942 1797/1/1797
f 1833/1/1833 1800/1/1800 1915/1/1915
f 1802/1/1802 1861/1/1861 1834/1/1834
f 1947/1/1947 1739/1/1739 1834/1/1834
f 1861/1/1861 1802/1/1802 1805/1/1805
f 1806/1/1806 1807/1/1807 1860/1/1860
f 1803/1/1803 1964/1/1964 1808/1/1808
f 1779/1/1779 1836/1/1836 1949/1/1949
f 1809/1/1809 1863/1/1863 1745/1/1745
f 1863/1/1863 1951/1/1951 1810/1/1810
f 1969/1/1969 1837/1/1837 1864/1/1864
f 1839/1/1839 1894/1/1894 1865/1/1865
f 1838/1/1838 1839/1/1839 1865/1/1865
f 1865/1/1865 1921/1/1921 1838/1/1838
f 1780/1/1780 1952/1/1952 1840/1/1840
f 1952/1/1952 1749/1/1749 1953/1/1953
f 1895/1/1895 1953/1/1953 1750/1/1750
f 1841/1/1841 1896/1/1896 1895/1/1895
f 1815/1/1815 1896/1/1896 1841/1/1841
f 1816/1/1816 1814/1/1814 1842/1/1842
f 1866/1/1866 1817/1/1817 1867/1/1867
f 1868/1/1868 1782/1/1782 1783/1/1783
f 1783/1/1783 1720/1/1720 1869/1/1869
f 1897/1/1897 1869/1/1869 1720/1/1720
f 1720/1/1720 1721/1/1721 1897/1/1897
f 1899/1/1899 1784/1/1784 1871/1/1871
f 1694/1/1694 1900/1/1900 1957/1/1957
f 1844/1/1844 1872/1/1872 2052/1/2052
f 1820/1/1820 1872/1/1872 1844/1/1844
f 1820/1/1820 1785/1/1785 1872/1/1872
f 1875/1/1875 1929/1/1929 1901/1/1901
f 1876/1/1876 1929/1/1929 1875/1/1875
f 1756/1/1756 1930/1/1930 2027/1/2027
f 1620/1/1620 1979/1/1979 1903/1/1903
f 1849/1/1849 1850/1/1850 1880/1/1880
f 1850/1/1850 1851/1/1851 1880/1/1880
f 1826/1/1826 1881/1/1881 1935/1/1935
f 1853/1/1853 1906/1/1906 1882/1/1882
f 1853/1/1853 1907/1/1907 1906/1/1906
f 1854/1/1854 1907/1/1907 1853/1/1853
f 1763/1/1763 1829/1/1829 1854/1/1854
f 2010/1/2010 1732/1/1732 1828/1/1828
f 1854/1/1854 1829/1/1829 1909/1/1909
f 1732/1/1732 2010/1/2010 2034/1/2034
f 1883/1/1883 1829/1/1829 1855/1/1855
f 1911/1/1911 1883/1/1883 1855/1/1855
f 1857/1/1857 1792/1/1792 1938/1/1938
f 1831/1/1831 1793/1/1793 1989/1/1989
f 1831/1/1831 1989/1/1989 1987/1/1987
f 1914/1/1914 1859/1/1859 1886/1/1886
f 1990/1/1990 1913/1/1913 1961/1/1961
f 1832/1/1832 1797/1/1797 1942/1/1942
f 1800/1/1800 1914/1/1914 1944/1/1944
f 1915/1/1915 1800/1/1800 1944/1/1944
f 1861/1/1861 1917/1/1917 1834/1/1834
f 1964/1/1964 1803/1/1803 1990/1/1990
f 1861/1/1861 1892/1/1892 4017/1/4017
f 1778/1/1778 1918/1/1918 1807/1/1807
f 1891/1/1891 1918/1/1918 1778/1/1778
f 1779/1/1779 1919/1/1919 1835/1/1835
f 1919/1/1919 1779/1/1779 1949/1/1949
f 1949/1/1949 1836/1/1836 1920/1/1920
f 1836/1/1836 1837/1/1837 1920/1/1920
f 1920/1/1920 1837/1/1837 1969/1/1969
f 1810/1/1810 1951/1/1951 1893/1/1893
f 1921/1/1921 1969/1/1969 1864/1/1864
f 1816/1/1816 1954/1/1954 1781/1/1781
f 1781/1/1781 1954/1/1954 1924/1/1924
f 1954/1/1954 2134/1/2134 1924/1/1924
f 1868/1/1868 1922/1/1922 1843/1/1843
f 1819/1/1819 1972/1/1972 1867/1/1867
f 1897/1/1897 1870/1/1870 1926/1/1926
f 1694/1/1694 1957/1/1957 1845/1/1845
f 2077/1/2077 1873/1/1873 1845/1/1845
f 1872/1/1872 1901/1/1901 1928/1/1928
f 1874/1/1874 1873/1/1873 1974/1/1974
f 1821/1/1821 1874/1/1874 1846/1/1846
f 1876/1/1876 1975/1/1975 1929/1/1929
f 1975/1/1975 1876/1/1876 1756/1/1756
f 1786/1/1786 1877/1/1877 2029/1/2029
f 1904/1/1904 1789/1/1789 1932/1/1932
f 1932/1/1932 1789/1/1789 1825/1/1825
f 1903/1/1903 2005/1/2005 1933/1/1933
f 1851/1/1851 2006/1/2006 1880/1/1880
f 2060/1/2060 1935/1/1935 1881/1/1881
f 1907/1/1907 1936/1/1936 1906/1/1906
f 1854/1/1854 1908/1/1908 1907/1/1907
f 1908/1/1908 1854/1/1854 1909/1/1909
f 1909/1/1909 1829/1/1829 1883/1/1883
f 1733/1/1733 2034/1/2034 1984/1/1984
f 1910/1/1910 1912/1/1912 1959/1/1959
f 2013/1/2013 1911/1/1911 1885/1/1885
f 1937/1/1937 1960/1/1960 1885/1/1885
f 1937/1/1937 1885/1/1885 1857/1/1857
f 1939/1/1939 1938/1/1938 1792/1/1792
f 1939/1/1939 1792/1/1792 1831/1/1831
f 1940/1/1940 2090/1/2090 1858/1/1858
f 1858/1/1858 2090/1/2090 2065/1/2065
f 1858/1/1858 2065/1/2065 1794/1/1794
f 1887/1/1887 1962/1/1962 1941/1/1941
f 1962/1/1962 1887/1/1887 1945/1/1945
f 1944/1/1944 1946/1/1946 1915/1/1915
f 1795/1/1795 1947/1/1947 1887/1/1887
f 1945/1/1945 1887/1/1887 1947/1/1947
f 1915/1/1915 1946/1/1946 1888/1/1888
f 1915/1/1915 1888/1/1888 1833/1/1833
f 1947/1/1947 1834/1/1834 1917/1/1917
f 1942/1/1942 1860/1/1860 1916/1/1916
f 1917/1/1917 1861/1/1861 4017/1/4017
f 1860/1/1860 1807/1/1807 1916/1/1916
f 1807/1/1807 1918/1/1918 1916/1/1916
f 1918/1/1918 1891/1/1891 1862/1/1862
f 1965/1/1965 1835/1/1835 1919/1/1919
f 1892/1/1892 1835/1/1835 1965/1/1965
f 1964/1/1964 1809/1/1809 1808/1/1808
f 1994/1/1994 1953/1/1953 1895/1/1895
f 1896/1/1896 1994/1/1994 1895/1/1895
f 1954/1/1954 1816/1/1816 1842/1/1842
f 1922/1/1922 1868/1/1868 1923/1/1923
f 1783/1/1783 1869/1/1869 1868/1/1868
f 1923/1/1923 1868/1/1868 1869/1/1869
f 1923/1/1923 1925/1/1925 1922/1/1922
f 1923/1/1923 1869/1/1869 1926/1/1926
f 1926/1/1926 1925/1/1925 1923/1/1923
f 1869/1/1869 1897/1/1897 1926/1/1926
f 1871/1/1871 1956/1/1956 1899/1/1899
f 1844/1/1844 2052/1/2052 1871/1/1871
f 2077/1/2077 1845/1/1845 2050/1/2050
f 1973/1/1973 1928/1/1928 1901/1/1901
f 1873/1/1873 2077/1/2077 1974/1/1974
f 1901/1/1901 1929/1/1929 2078/1/2078
f 1975/1/1975 1756/1/1756 2027/1/2027
f 1877/1/1877 1847/1/1847 1931/1/1931
f 1878/1/1878 1786/1/1786 2001/1/2001
f 1878/1/1878 2001/1/2001 2000/1/2000
f 1879/1/1879 1902/1/1902 1824/1/1824
f 1880/1/1880 1978/1/1978 1849/1/1849
f 1851/1/1851 1935/1/1935 2006/1/2006
f 1882/1/1882 1906/1/1906 1881/1/1881
f 2033/1/2033 1828/1/1828 1852/1/1852
f 1908/1/1908 1936/1/1936 1907/1/1907
f 1984/1/1984 1959/1/1959 1733/1/1733
f 2013/1/2013 2011/1/2011 1911/1/1911
f 1884/1/1884 1912/1/1912 1910/1/1910
f 1960/1/1960 2013/1/2013 1885/1/1885
f 1884/1/1884 1910/1/1910 2036/1/2036
f 1884/1/1884 2036/1/2036 1986/1/1986
f 1938/1/1938 1937/1/1937 1857/1/1857
f 1986/1/1986 1940/1/1940 1561/1/1561
f 1939/1/1939 1831/1/1831 1987/1/1987
f 1794/1/1794 1961/1/1961 1913/1/1913
f 1886/1/1886 1943/1/1943 1914/1/1914
f 1914/1/1914 1943/1/1943 1944/1/1944
f 1946/1/1946 1944/1/1944 1943/1/1943
f 1942/1/1942 1916/1/1916 1943/1/1943
f 1946/1/1946 1943/1/1943 1918/1/1918
f 1943/1/1943 1916/1/1916 1918/1/1918
f 1862/1/1862 1946/1/1946 1918/1/1918
f 1890/1/1890 1946/1/1946 1862/1/1862
f 1892/1/1892 1965/1/1965 4017/1/4017
f 1919/1/1919 1966/1/1966 1965/1/1965
f 1948/1/1948 1967/1/1967 1919/1/1919
f 1919/1/1919 1949/1/1949 1948/1/1948
f 1948/1/1948 1949/1/1949 1950/1/1950
f 1950/1/1950 1949/1/1949 1920/1/1920
f 1950/1/1950 1920/1/1920 1968/1/1968
f 1969/1/1969 1968/1/1968 1920/1/1920
f 1993/1/1993 1840/1/1840 1952/1/1952
f 1994/1/1994 1896/1/1896 1995/1/1995
f 1995/1/1995 1896/1/1896 1996/1/1996
f 1996/1/1996 1896/1/1896 1971/1/1971
f 1896/1/1896 1815/1/1815 1971/1/1971
f 1866/1/1866 1971/1/1971 1815/1/1815
f 1819/1/1819 1922/1/1922 1955/1/1955
f 1819/1/1819 1955/1/1955 1972/1/1972
f 1922/1/1922 1925/1/1925 1955/1/1955
f 1999/1/1999 1898/1/1898 1924/1/1924
f 2049/1/2049 1898/1/1898 1999/1/1999
f 2049/1/2049 1900/1/1900 1898/1/1898
f 1870/1/1870 1899/1/1899 1926/1/1926
f 2049/1/2049 1957/1/1957 1900/1/1900
f 2050/1/2050 1845/1/1845 1957/1/1957
f 1872/1/1872 1927/1/1927 2052/1/2052
f 1872/1/1872 1928/1/1928 1927/1/1927
f 1929/1/1929 2054/1/2054 2078/1/2078
f 1874/1/1874 1974/1/1974 2026/1/2026
f 1874/1/1874 2026/1/2026 1846/1/1846
f 1929/1/1929 1975/1/1975 2028/1/2028
f 2029/1/2029 2001/1/2001 1786/1/1786
f 1823/1/1823 1976/1/1976 2032/1/2032
f 2002/1/2002 1824/1/1824 1902/1/1902
f 1978/1/1978 1902/1/1902 1849/1/1849
f 1903/1/1903 1958/1/1958 2005/1/2005
f 1979/1/1979 1958/1/1958 1903/1/1903
f 2003/1/2003 1979/1/1979 1848/1/1848
f 1933/1/1933 2081/1/2081 1825/1/1825
f 1880/1/1880 2006/1/2006 1978/1/1978
f 1934/1/1934 1980/1/1980 1981/1/1981
f 2007/1/2007 2006/1/2006 1935/1/1935
f 1762/1/1762 1905/1/1905 2118/1/2118
f 1881/1/1881 1906/1/1906 2061/1/2061
f 1906/1/1906 1936/1/1936 2061/1/2061
f 2009/1/2009 1852/1/1852 1762/1/1762
f 2009/1/2009 2033/1/2033 1852/1/1852
f 1983/1/1983 1908/1/1908 1909/1/1909
f 2011/1/2011 1883/1/1883 1911/1/1911
f 2063/1/2063 1939/1/1939 1987/1/1987
f 1917/1/1917 1963/1/1963 1947/1/1947
f 1963/1/1963 1917/1/1917 4017/1/4017
f 1964/1/1964 1990/1/1990 1992/1/1992
f 4017/1/4017 1965/1/1965 1991/1/1991
f 1966/1/1966 1919/1/1919 1967/1/1967
f 1809/1/1809 2069/1/2069 1863/1/1863
f 1893/1/1893 1951/1/1951 1970/1/1970
f 1921/1/1921 2039/1/2039 2040/1/2040
f 2039/1/2039 1921/1/1921 1865/1/1865
f 1840/1/1840 1993/1/1993 1894/1/1894
f 1970/1/1970 2018/1/2018 2042/1/2042
f 2021/1/2021 1953/1/1953 1994/1/1994
f 2158/1/2158 1954/1/1954 1842/1/1842
f 1866/1/1866 1867/1/1867 1997/1/1997
f 1867/1/1867 1972/1/1972 1997/1/1997
f 1955/1/1955 1925/1/1925 1998/1/1998
f 1926/1/1926 1899/1/1899 2048/1/2048
f 1956/1/1956 1871/1/1871 2107/1/2107
f 2052/1/2052 2051/1/2051 1871/1/1871
f 1927/1/1927 1928/1/1928 1973/1/1973
f 1901/1/1901 2078/1/2078 1973/1/1973
f 1846/1/1846 2026/1/2026 1847/1/1847
f 1929/1/1929 2028/1/2028 2054/1/2054
f 1930/1/1930 2000/1/2000 2027/1/2027
f 1877/1/1877 1931/1/1931 2030/1/2030
f 2029/1/2029 1877/1/1877 2030/1/2030
f 1824/1/1824 1977/1/1977 2031/1/2031
f 1902/1/1902 1978/1/1978 2002/1/2002
f 1904/1/1904 1932/1/1932 2004/1/2004
f 1934/1/1934 1904/1/1904 2004/1/2004
f 2004/1/2004 1980/1/1980 1934/1/1934
f 2007/1/2007 1935/1/1935 2117/1/2117
f 2082/1/2082 1905/1/1905 1981/1/1981
f 2061/1/2061 2060/1/2060 1881/1/1881
f 2084/1/2084 1908/1/1908 1983/1/1983
f 1983/1/1983 1909/1/1909 1883/1/1883
f 2010/1/2010 2120/1/2120 2034/1/2034
f 1883/1/1883 1985/1/1985 1983/1/1983
f 2011/1/2011 1985/1/1985 1883/1/1883
f 1984/1/1984 1910/1/1910 1959/1/1959
f 2011/1/2011 2013/1/2013 2012/1/2012
f 1937/1/1937 2014/1/2014 1960/1/1960
f 1938/1/1938 1939/1/1939 2063/1/2063
f 1940/1/1940 1986/1/1986 2089/1/2089
f 1989/1/1989 1988/1/1988 1987/1/1987
f 1794/1/1794 2065/1/2065 1961/1/1961
f 1988/1/1988 1989/1/1989 2015/1/2015
f 1941/1/1941 2015/1/2015 1989/1/1989
f 2093/1/2093 1941/1/1941 1962/1/1962
f 1945/1/1945 2038/1/2038 1962/1/1962
f 1947/1/1947 2016/1/2016 1945/1/1945
f 1947/1/1947 1963/1/1963 2016/1/2016
f 1964/1/1964 1992/1/1992 1809/1/1809
f 2071/1/2071 1951/1/1951 1863/1/1863
f 1969/1/1969 2097/1/2097 1968/1/1968
f 2040/1/2040 1969/1/1969 1921/1/1921
f 2039/1/2039 1865/1/1865 2041/1/2041
f 2019/1/2019 1865/1/1865 1894/1/1894
f 2019/1/2019 1894/1/1894 1993/1/1993
f 2021/1/2021 1952/1/1952 1953/1/1953
f 2042/1/2042 2022/1/2022 1842/1/1842
f 1997/1/1997 1971/1/1971 1866/1/1866
f 1924/1/1924 2134/1/2134 1999/1/1999
f 1998/1/1998 1925/1/1925 2024/1/2024
f 1926/1/1926 2048/1/2048 1925/1/1925
f 1956/1/1956 2048/1/2048 1899/1/1899
f 1871/1/1871 2051/1/2051 2107/1/2107
f 1847/1/1847 2026/1/2026 2138/1/2138
f 1975/1/1975 2027/1/2027 2028/1/2028
f 1931/1/1931 1847/1/1847 2110/1/2110
f 2027/1/2027 2000/1/2000 2055/1/2055
f 1823/1/1823 2031/1/2031 1976/1/1976
f 2002/1/2002 2058/1/2058 1824/1/1824
f 2080/1/2080 2002/1/2002 1978/1/1978
f 1979/1/1979 2003/1/2003 1958/1/1958
f 1933/1/1933 2005/1/2005 2081/1/2081
f 2006/1/2006 2080/1/2080 1978/1/1978
f 1981/1/1981 1980/1/1980 2008/1/2008
f 1981/1/1981 2008/1/2008 2082/1/2082
f 2117/1/2117 1935/1/1935 2060/1/2060
f 2082/1/2082 2118/1/2118 1905/1/1905
f 2009/1/2009 1762/1/1762 2118/1/2118
f 2061/1/2061 1936/1/1936 2084/1/2084
f 1936/1/1936 1908/1/1908 2084/1/2084
f 1828/1/1828 2033/1/2033 1982/1/1982
f 1982/1/1982 2010/1/2010 1828/1/1828
f 1985/1/1985 2011/1/2011 2012/1/2012
f 2012/1/2012 2013/1/2013 2062/1/2062
f 2014/1/2014 2013/1/2013 1960/1/1960
f 2063/1/2063 2122/1/2122 1938/1/1938
f 2122/1/2122 1937/1/1937 1938/1/1938
f 2063/1/2063 1987/1/1987 1988/1/1988
f 2015/1/2015 1941/1/1941 2093/1/2093
f 1961/1/1961 2037/1/2037 1990/1/1990
f 2038/1/2038 1945/1/1945 2016/1/2016
f 1991/1/1991 1965/1/1965 2067/1/2067
f 1809/1/1809 1992/1/1992 2069/1/2069
f 1966/1/1966 1967/1/1967 2125/1/2125
f 2070/1/2070 2071/1/2071 1863/1/1863
f 1968/1/1968 2097/1/2097 2155/1/2155
f 1865/1/1865 2019/1/2019 2041/1/2041
f 1993/1/1993 1952/1/1952 2020/1/2020
f 1952/1/1952 2021/1/2021 2043/1/2043
f 2021/1/2021 1994/1/1994 1995/1/1995
f 1996/1/1996 2023/1/2023 1995/1/1995
f 2022/1/2022 2158/1/2158 1842/1/1842
f 2101/1/2101 1954/1/1954 2158/1/2158
f 1954/1/1954 2101/1/2101 2134/1/2134
f 1955/1/1955 2047/1/2047 1972/1/1972
f 2047/1/2047 2046/1/2046 1972/1/1972
f 1955/1/1955 1998/1/1998 2047/1/2047
f 1925/1/1925 2048/1/2048 2024/1/2024
f 2048/1/2048 1956/1/1956 2025/1/2025
f 1927/1/1927 2076/1/2076 2052/1/2052
f 2137/1/2137 1974/1/1974 2077/1/2077
f 2110/1/2110 1847/1/1847 2138/1/2138
f 2054/1/2054 2028/1/2028 2111/1/2111
f 2000/1/2000 2001/1/2001 2055/1/2055
f 2029/1/2029 2055/1/2055 2001/1/2001
f 1931/1/1931 2056/1/2056 2030/1/2030
f 2029/1/2029 2030/1/2030 2142/1/2142
f 2169/1/2169 1977/1/1977 2112/1/2112
f 1977/1/1977 2169/1/2169 2031/1/2031
f 1824/1/1824 2058/1/2058 1977/1/1977
f 1848/1/1848 2219/1/2219 2003/1/2003
f 1932/1/1932 2171/1/2171 2004/1/2004
f 2008/1/2008 1980/1/1980 2196/1/2196
f 2035/1/2035 1984/1/1984 2034/1/2034
f 1984/1/1984 2121/1/2121 1910/1/1910
f 2121/1/2121 2088/1/2088 1910/1/1910
f 2013/1/2013 2014/1/2014 2062/1/2062
f 2088/1/2088 2036/1/2036 1910/1/1910
f 2122/1/2122 2014/1/2014 1937/1/1937
f 1986/1/1986 2123/1/2123 2089/1/2089
f 1940/1/1940 2089/1/2089 2090/1/2090
f 2064/1/2064 2063/1/2063 1988/1/1988
f 1988/1/1988 2015/1/2015 2066/1/2066
f 2065/1/2065 2124/1/2124 1961/1/1961
f 1962/1/1962 2038/1/2038 2093/1/2093
f 2016/1/2016 2068/1/2068 2038/1/2038
f 2016/1/2016 1963/1/1963 1991/1/1991
f 2068/1/2068 2016/1/2016 1991/1/1991
f 1992/1/1992 1990/1/1990 2150/1/2150
f 1965/1/1965 2152/1/2152 2067/1/2067
f 1965/1/1965 2017/1/2017 2152/1/2152
f 1966/1/1966 2017/1/2017 1965/1/1965
f 2070/1/2070 1863/1/1863 2069/1/2069
f 1967/1/1967 1948/1/1948 2126/1/2126
f 1948/1/1948 1950/1/1950 2126/1/2126
f 2071/1/2071 2128/1/2128 1951/1/1951
f 1951/1/1951 2128/1/2128 2018/1/2018
f 1951/1/1951 2018/1/2018 1970/1/1970
f 2040/1/2040 2097/1/2097 1969/1/1969
f 1993/1/1993 2072/1/2072 2019/1/2019
f 1993/1/1993 2020/1/2020 2072/1/2072
f 2020/1/2020 1952/1/1952 2043/1/2043
f 2023/1/2023 2130/1/2130 1995/1/1995
f 1996/1/1996 2100/1/2100 2023/1/2023
f 2044/1/2044 2100/1/2100 1996/1/1996
f 2044/1/2044 1996/1/1996 2045/1/2045
f 1996/1/1996 1971/1/1971 2045/1/2045
f 1971/1/1971 1997/1/1997 2045/1/2045
f 2046/1/2046 1997/1/1997 1972/1/1972
f 1998/1/1998 2024/1/2024 2047/1/2047
f 2134/1/2134 2105/1/2105 1999/1/1999
f 1957/1/1957 2049/1/2049 2163/1/2163
f 2107/1/2107 2051/1/2051 2075/1/2075
f 2052/1/2052 2076/1/2076 2051/1/2051
f 1927/1/1927 1973/1/1973 2076/1/2076
f 1973/1/1973 2053/1/2053 2076/1/2076
f 2026/1/2026 1974/1/1974 2137/1/2137
f 2055/1/2055 2079/1/2079 2027/1/2027
f 2027/1/2027 2192/1/2192 2111/1/2111
f 2028/1/2028 2027/1/2027 2111/1/2111
f 2110/1/2110 2056/1/2056 1931/1/1931
f 2192/1/2192 2027/1/2027 2079/1/2079
f 2029/1/2029 2142/1/2142 2057/1/2057
f 2055/1/2055 2029/1/2029 2057/1/2057
f 2169/1/2169 2168/1/2168 2031/1/2031
f 2031/1/2031 2168/1/2168 1976/1/1976
f 2002/1/2002 2059/1/2059 2058/1/2058
f 2032/1/2032 2219/1/2219 1848/1/1848
f 2002/1/2002 2080/1/2080 2059/1/2059
f 2005/1/2005 1958/1/1958 2081/1/2081
f 1958/1/1958 2114/1/2114 2145/1/2145
f 1958/1/1958 2003/1/2003 2114/1/2114
f 2116/1/2116 2004/1/2004 2171/1/2171
f 1825/1/1825 2171/1/2171 1932/1/1932
f 1980/1/1980 2116/1/2116 2196/1/2196
f 1980/1/1980 2004/1/2004 2116/1/2116
f 2085/1/2085 2084/1/2084 1983/1/1983
f 1982/1/1982 2120/1/2120 2010/1/2010
f 1983/1/1983 1985/1/1985 2085/1/2085
f 2034/1/2034 2120/1/2120 2035/1/2035
f 2012/1/2012 2086/1/2086 1985/1/1985
f 2087/1/2087 2012/1/2012 2062/1/2062
f 2122/1/2122 2063/1/2063 2148/1/2148
f 2066/1/2066 2092/1/2092 1988/1/1988
f 2037/1/2037 2150/1/2150 1990/1/1990
f 1991/1/1991 2067/1/2067 2094/1/2094
f 2068/1/2068 1991/1/1991 2094/1/2094
f 2017/1/2017 1966/1/1966 2125/1/2125
f 2125/1/2125 1967/1/1967 2126/1/2126
f 2041/1/2041 2129/1/2129 2039/1/2039
f 2040/1/2040 2039/1/2039 2098/1/2098
f 2018/1/2018 2099/1/2099 2042/1/2042
f 2019/1/2019 2072/1/2072 2237/1/2237
f 2020/1/2020 2156/1/2156 2072/1/2072
f 2156/1/2156 2020/1/2020 2043/1/2043
f 2043/1/2043 2021/1/2021 2184/1/2184
f 2021/1/2021 1995/1/1995 2130/1/2130
f 2045/1/2045 2073/1/2073 2044/1/2044
f 2045/1/2045 1997/1/1997 2074/1/2074
f 2073/1/2073 2045/1/2045 2074/1/2074
f 2074/1/2074 1997/1/1997 2103/1/2103
f 2103/1/2103 1997/1/1997 2046/1/2046
f 1999/1/1999 2287/1/2287 2049/1/2049
f 2024/1/2024 2048/1/2048 2135/1/2135
f 2048/1/2048 2025/1/2025 2135/1/2135
f 2163/1/2163 2188/1/2188 1957/1/1957
f 2025/1/2025 1956/1/1956 2107/1/2107
f 2107/1/2107 2106/1/2106 2025/1/2025
f 1957/1/1957 2188/1/2188 2050/1/2050
f 2076/1/2076 2075/1/2075 2051/1/2051
f 2053/1/2053 1973/1/1973 2078/1/2078
f 2139/1/2139 2054/1/2054 2167/1/2167
f 2143/1/2143 2112/1/2112 1977/1/1977
f 1976/1/1976 2113/1/2113 2032/1/2032
f 2219/1/2219 2114/1/2114 2003/1/2003
f 1825/1/1825 2081/1/2081 2171/1/2171
f 2115/1/2115 2080/1/2080 2006/1/2006
f 2060/1/2060 2061/1/2061 2083/1/2083
f 2061/1/2061 2119/1/2119 2083/1/2083
f 2033/1/2033 2009/1/2009 2197/1/2197
f 2061/1/2061 2084/1/2084 2119/1/2119
f 2085/1/2085 2119/1/2119 2084/1/2084
f 2120/1/2120 1982/1/1982 2263/1/2263
f 1985/1/1985 2086/1/2086 2085/1/2085
f 1984/1/1984 2035/1/2035 2121/1/2121
f 2086/1/2086 2012/1/2012 2087/1/2087
f 2062/1/2062 2014/1/2014 2122/1/2122
f 1986/1/1986 2036/1/2036 2123/1/2123
f 2148/1/2148 2063/1/2063 2064/1/2064
f 2064/1/2064 1988/1/1988 2091/1/2091
f 2091/1/2091 1988/1/1988 2092/1/2092
f 2066/1/2066 2015/1/2015 2177/1/2177
f 2093/1/2093 2177/1/2177 2015/1/2015
f 2037/1/2037 1961/1/1961 2124/1/2124
f 2067/1/2067 2233/1/2233 2094/1/2094
f 2153/1/2153 2152/1/2152 2017/1/2017
f 1992/1/1992 2096/1/2096 2069/1/2069
f 2153/1/2153 2017/1/2017 2125/1/2125
f 2069/1/2069 2096/1/2096 2070/1/2070
f 1950/1/1950 2127/1/2127 2182/1/2182
f 1968/1/1968 2127/1/2127 1950/1/1950
f 2127/1/2127 1968/1/1968 2155/1/2155
f 2098/1/2098 2206/1/2206 2040/1/2040
f 2097/1/2097 2040/1/2040 2206/1/2206
f 2041/1/2041 2019/1/2019 2129/1/2129
f 2184/1/2184 2021/1/2021 2130/1/2130
f 2130/1/2130 2023/1/2023 2131/1/2131
f 2073/1/2073 2133/1/2133 2044/1/2044
f 2104/1/2104 2047/1/2047 2161/1/2161
f 2103/1/2103 2046/1/2046 2104/1/2104
f 2046/1/2046 2047/1/2047 2104/1/2104
f 2162/1/2162 2047/1/2047 2024/1/2024
f 2024/1/2024 2212/1/2212 2162/1/2162
f 1999/1/1999 2105/1/2105 2287/1/2287
f 2187/1/2187 2163/1/2163 2049/1/2049
f 2135/1/2135 2025/1/2025 2106/1/2106
f 2108/1/2108 2107/1/2107 2075/1/2075
f 2050/1/2050 2165/1/2165 2077/1/2077
f 2109/1/2109 2075/1/2075 2076/1/2076
f 2053/1/2053 2109/1/2109 2076/1/2076
f 2166/1/2166 2053/1/2053 2078/1/2078
f 2137/1/2137 2138/1/2138 2026/1/2026
f 2054/1/2054 2139/1/2139 2078/1/2078
f 2167/1/2167 2054/1/2054 2111/1/2111
f 2214/1/2214 2056/1/2056 2110/1/2110
f 2055/1/2055 2194/1/2194 2079/1/2079
f 2192/1/2192 2079/1/2079 2216/1/2216
f 2142/1/2142 2030/1/2030 2141/1/2141
f 1976/1/1976 2168/1/2168 2113/1/2113
f 1977/1/1977 2058/1/2058 2143/1/2143
f 2032/1/2032 2113/1/2113 2219/1/2219
f 2059/1/2059 2080/1/2080 2115/1/2115
f 2081/1/2081 2170/1/2170 2171/1/2171
f 2116/1/2116 2147/1/2147 2196/1/2196
f 2172/1/2172 2007/1/2007 2173/1/2173
f 2117/1/2117 2173/1/2173 2007/1/2007
f 2060/1/2060 2083/1/2083 2117/1/2117
f 2009/1/2009 2174/1/2174 2197/1/2197
f 2033/1/2033 2197/1/2197 1982/1/1982
f 2085/1/2085 2086/1/2086 2198/1/2198
f 2088/1/2088 2229/1/2229 2036/1/2036
f 2091/1/2091 2200/1/2200 2064/1/2064
f 2176/1/2176 2091/1/2091 2092/1/2092
f 2090/1/2090 2149/1/2149 2065/1/2065
f 2092/1/2092 2066/1/2066 2177/1/2177
f 2203/1/2203 2152/1/2152 2153/1/2153
f 2153/1/2153 2125/1/2125 2181/1/2181
f 2096/1/2096 2204/1/2204 2070/1/2070
f 1950/1/1950 2182/1/2182 2126/1/2126
f 2018/1/2018 2128/1/2128 2099/1/2099
f 2129/1/2129 2098/1/2098 2039/1/2039
f 2019/1/2019 2237/1/2237 2129/1/2129
f 2184/1/2184 2130/1/2130 2131/1/2131
f 2042/1/2042 2132/1/2132 2022/1/2022
f 2241/1/2241 2022/1/2022 2132/1/2132
f 2241/1/2241 2158/1/2158 2022/1/2022
f 2100/1/2100 2186/1/2186 2023/1/2023
f 2044/1/2044 2133/1/2133 2100/1/2100
f 2074/1/2074 2102/1/2102 2133/1/2133
f 2133/1/2133 2073/1/2073 2074/1/2074
f 2074/1/2074 2103/1/2103 2102/1/2102
f 2101/1/2101 2160/1/2160 2134/1/2134
f 2103/1/2103 2104/1/2104 2102/1/2102
f 2047/1/2047 2162/1/2162 2161/1/2161
f 2187/1/2187 2049/1/2049 2287/1/2287
f 2107/1/2107 2108/1/2108 2106/1/2106
f 2053/1/2053 2136/1/2136 2109/1/2109
f 2053/1/2053 2166/1/2166 2136/1/2136
f 2166/1/2166 2078/1/2078 2139/1/2139
f 2253/1/2253 2110/1/2110 2138/1/2138
f 2167/1/2167 2111/1/2111 2192/1/2192
f 2079/1/2079 2194/1/2194 2216/1/2216
f 2030/1/2030 2056/1/2056 2140/1/2140
f 2112/1/2112 2143/1/2143 2169/1/2169
f 2113/1/2113 2168/1/2168 2144/1/2144
f 2114/1/2114 2219/1/2219 2195/1/2195
f 1958/1/1958 2146/1/2146 2081/1/2081
f 2145/1/2145 2146/1/2146 1958/1/1958
f 2114/1/2114 2195/1/2195 2145/1/2145
f 2081/1/2081 2146/1/2146 2170/1/2170
f 2006/1/2006 2172/1/2172 2115/1/2115
f 2007/1/2007 2172/1/2172 2006/1/2006
f 2171/1/2171 2147/1/2147 2116/1/2116
f 2117/1/2117 2083/1/2083 2221/1/2221
f 2221/1/2221 2083/1/2083 2119/1/2119
f 2174/1/2174 2009/1/2009 2118/1/2118
f 2119/1/2119 2085/1/2085 2198/1/2198
f 2197/1/2197 2262/1/2262 1982/1/1982
f 1982/1/1982 2262/1/2262 2263/1/2263
f 2264/1/2264 2120/1/2120 2263/1/2263
f 2199/1/2199 2198/1/2198 2086/1/2086
f 2264/1/2264 2035/1/2035 2120/1/2120
f 2086/1/2086 2087/1/2087 2199/1/2199
f 2062/1/2062 2175/1/2175 2087/1/2087
f 2062/1/2062 2122/1/2122 2175/1/2175
f 2227/1/2227 2122/1/2122 2148/1/2148
f 2148/1/2148 2064/1/2064 2200/1/2200
f 2176/1/2176 2092/1/2092 2177/1/2177
f 2179/1/2179 2093/1/2093 2038/1/2038
f 2150/1/2150 2151/1/2151 1992/1/1992
f 2125/1/2125 2126/1/2126 2235/1/2235
f 2182/1/2182 2235/1/2235 2126/1/2126
f 2070/1/2070 2154/1/2154 2071/1/2071
f 2071/1/2071 2154/1/2154 2128/1/2128
f 2155/1/2155 2183/1/2183 2205/1/2205
f 2155/1/2155 2097/1/2097 2183/1/2183
f 2098/1/2098 2129/1/2129 2238/1/2238
f 2238/1/2238 2207/1/2207 2098/1/2098
f 2097/1/2097 2206/1/2206 2309/1/2309
f 2129/1/2129 2237/1/2237 2277/1/2277
f 2206/1/2206 2098/1/2098 2275/1/2275
f 2098/1/2098 2207/1/2207 2275/1/2275
f 2072/1/2072 2156/1/2156 2237/1/2237
f 2208/1/2208 2156/1/2156 2043/1/2043
f 2208/1/2208 2043/1/2043 2184/1/2184
f 2099/1/2099 2157/1/2157 2042/1/2042
f 2042/1/2042 2157/1/2157 2132/1/2132
f 2131/1/2131 2023/1/2023 2186/1/2186
f 2186/1/2186 2100/1/2100 2209/1/2209
f 2133/1/2133 2209/1/2209 2100/1/2100
f 2158/1/2158 2241/1/2241 2283/1/2283
f 2158/1/2158 2283/1/2283 2101/1/2101
f 2104/1/2104 2159/1/2159 2102/1/2102
f 2104/1/2104 2161/1/2161 2159/1/2159
f 2024/1/2024 2135/1/2135 2212/1/2212
f 2135/1/2135 2106/1/2106 2164/1/2164
f 2188/1/2188 2165/1/2165 2050/1/2050
f 2108/1/2108 2075/1/2075 2213/1/2213
f 2213/1/2213 2075/1/2075 2109/1/2109
f 2109/1/2109 2136/1/2136 2189/1/2189
f 2165/1/2165 2137/1/2137 2077/1/2077
f 2190/1/2190 2138/1/2138 2137/1/2137
f 2191/1/2191 2139/1/2139 2167/1/2167
f 2110/1/2110 2253/1/2253 2214/1/2214
f 2193/1/2193 2167/1/2167 2192/1/2192
f 2194/1/2194 2055/1/2055 2057/1/2057
f 2030/1/2030 2140/1/2140 2141/1/2141
f 2168/1/2168 2218/1/2218 2144/1/2144
f 2058/1/2058 2255/1/2255 2143/1/2143
f 2058/1/2058 2059/1/2059 2255/1/2255
f 2299/1/2299 2059/1/2059 2115/1/2115
f 2115/1/2115 2172/1/2172 2299/1/2299
f 2173/1/2173 2117/1/2117 2221/1/2221
f 2118/1/2118 2082/1/2082 2222/1/2222
f 2221/1/2221 2119/1/2119 2326/1/2326
f 2119/1/2119 2198/1/2198 2326/1/2326
f 2199/1/2199 2087/1/2087 2175/1/2175
f 2121/1/2121 2364/1/2364 2088/1/2088
f 2175/1/2175 2122/1/2122 2227/1/2227
f 2036/1/2036 2229/1/2229 2123/1/2123
f 2090/1/2090 2089/1/2089 2149/1/2149
f 2231/1/2231 2176/1/2176 2177/1/2177
f 2149/1/2149 2271/1/2271 2065/1/2065
f 2177/1/2177 2178/1/2178 2231/1/2231
f 2065/1/2065 2271/1/2271 2124/1/2124
f 2177/1/2177 2093/1/2093 2201/1/2201
f 2037/1/2037 2234/1/2234 2150/1/2150
f 2068/1/2068 2094/1/2094 2180/1/2180
f 2095/1/2095 2152/1/2152 2203/1/2203
f 2151/1/2151 2096/1/2096 1992/1/1992
f 2153/1/2153 2371/1/2371 2203/1/2203
f 2181/1/2181 2125/1/2125 2235/1/2235
f 2127/1/2127 2155/1/2155 2205/1/2205
f 2097/1/2097 2309/1/2309 2183/1/2183
f 2129/1/2129 2277/1/2277 2238/1/2238
f 2276/1/2276 2156/1/2156 2208/1/2208
f 2237/1/2237 2156/1/2156 2276/1/2276
f 2184/1/2184 2240/1/2240 2208/1/2208
f 2186/1/2186 2185/1/2185 2131/1/2131
f 2209/1/2209 2242/1/2242 2186/1/2186
f 2133/1/2133 2102/1/2102 2209/1/2209
f 2101/1/2101 2283/1/2283 2160/1/2160
f 2161/1/2161 2162/1/2162 2210/1/2210
f 2105/1/2105 2134/1/2134 2160/1/2160
f 2211/1/2211 2162/1/2162 2212/1/2212
f 2212/1/2212 2135/1/2135 2288/1/2288
f 2288/1/2288 2135/1/2135 2164/1/2164
f 2106/1/2106 2248/1/2248 2164/1/2164
f 2106/1/2106 2108/1/2108 2248/1/2248
f 2109/1/2109 2189/1/2189 2213/1/2213
f 2249/1/2249 2189/1/2189 2251/1/2251
f 2251/1/2251 2189/1/2189 2136/1/2136
f 2138/1/2138 2190/1/2190 2253/1/2253
f 2214/1/2214 2140/1/2140 2056/1/2056
f 2057/1/2057 2142/1/2142 2254/1/2254
f 2057/1/2057 2254/1/2254 2194/1/2194
f 2216/1/2216 2194/1/2194 2215/1/2215
f 2192/1/2192 2216/1/2216 2318/1/2318
f 2140/1/2140 2217/1/2217 2141/1/2141
f 2142/1/2142 2141/1/2141 2254/1/2254
f 2145/1/2145 2195/1/2195 2220/1/2220
f 2170/1/2170 2256/1/2256 2171/1/2171
f 2172/1/2172 2173/1/2173 2359/1/2359
f 2222/1/2222 2082/1/2082 2008/1/2008
f 2221/1/2221 2258/1/2258 2173/1/2173
f 2325/1/2325 2118/1/2118 2222/1/2222
f 2174/1/2174 2118/1/2118 2325/1/2325
f 2260/1/2260 2174/1/2174 2325/1/2325
f 2197/1/2197 2174/1/2174 2260/1/2260
f 2199/1/2199 2225/1/2225 2198/1/2198
f 2035/1/2035 2364/1/2364 2121/1/2121
f 2175/1/2175 2226/1/2226 2199/1/2199
f 2230/1/2230 2148/1/2148 2200/1/2200
f 2332/1/2332 2089/1/2089 2123/1/2123
f 2176/1/2176 2270/1/2270 2091/1/2091
f 2177/1/2177 2201/1/2201 2232/1/2232
f 2177/1/2177 2232/1/2232 2178/1/2178
f 2271/1/2271 2234/1/2234 2124/1/2124
f 2037/1/2037 2124/1/2124 2234/1/2234
f 2201/1/2201 2093/1/2093 2179/1/2179
f 2202/1/2202 2179/1/2179 2038/1/2038
f 2094/1/2094 2233/1/2233 2337/1/2337
f 2202/1/2202 2068/1/2068 2180/1/2180
f 2202/1/2202 2038/1/2038 2068/1/2068
f 2180/1/2180 2094/1/2094 2337/1/2337
f 2153/1/2153 2411/1/2411 2371/1/2371
f 2411/1/2411 2153/1/2153 2181/1/2181
f 2096/1/2096 2151/1/2151 2204/1/2204
f 2181/1/2181 2235/1/2235 2308/1/2308
f 2235/1/2235 2182/1/2182 2338/1/2338
f 2070/1/2070 2204/1/2204 2154/1/2154
f 2182/1/2182 2127/1/2127 2339/1/2339
f 2099/1/2099 2128/1/2128 2273/1/2273
f 2157/1/2157 2281/1/2281 2132/1/2132
f 2184/1/2184 2131/1/2131 2282/1/2282
f 2185/1/2185 2342/1/2342 2282/1/2282
f 2282/1/2282 2131/1/2131 2185/1/2185
f 2241/1/2241 2132/1/2132 2313/1/2313
f 2185/1/2185 2186/1/2186 2416/1/2416
f 2416/1/2416 2186/1/2186 2242/1/2242
f 2417/1/2417 2160/1/2160 2283/1/2283
f 2159/1/2159 2243/1/2243 2209/1/2209
f 2161/1/2161 2210/1/2210 2159/1/2159
f 2210/1/2210 2243/1/2243 2159/1/2159
f 2210/1/2210 2162/1/2162 2211/1/2211
f 2212/1/2212 2288/1/2288 2247/1/2247
f 2163/1/2163 2289/1/2289 2188/1/2188
f 2289/1/2289 2165/1/2165 2188/1/2188
f 2213/1/2213 2316/1/2316 2108/1/2108
f 2189/1/2189 2291/1/2291 2213/1/2213
f 2291/1/2291 2189/1/2189 2249/1/2249
f 2251/1/2251 2136/1/2136 2166/1/2166
f 2139/1/2139 2252/1/2252 2166/1/2166
f 2252/1/2252 2139/1/2139 2191/1/2191
f 2191/1/2191 2167/1/2167 2193/1/2193
f 2216/1/2216 2215/1/2215 2318/1/2318
f 2193/1/2193 2192/1/2192 2318/1/2318
f 2218/1/2218 2168/1/2168 2296/1/2296
f 2169/1/2169 2296/1/2296 2168/1/2168
f 2255/1/2255 2059/1/2059 2320/1/2320
f 2113/1/2113 2298/1/2298 2219/1/2219
f 2113/1/2113 2144/1/2144 2298/1/2298
f 2219/1/2219 2300/1/2300 2195/1/2195
f 2146/1/2146 2145/1/2145 2220/1/2220
f 2300/1/2300 2220/1/2220 2195/1/2195
f 2146/1/2146 2357/1/2357 2170/1/2170
f 2220/1/2220 2301/1/2301 2146/1/2146
f 2256/1/2256 2323/1/2323 2171/1/2171
f 2171/1/2171 2323/1/2323 2147/1/2147
f 2257/1/2257 2008/1/2008 2196/1/2196
f 2258/1/2258 2359/1/2359 2173/1/2173
f 2259/1/2259 2222/1/2222 2008/1/2008
f 2222/1/2222 2302/1/2302 2325/1/2325
f 2221/1/2221 2326/1/2326 2258/1/2258
f 2325/1/2325 2396/1/2396 2260/1/2260
f 2198/1/2198 2261/1/2261 2326/1/2326
f 2223/1/2223 2262/1/2262 2197/1/2197
f 2198/1/2198 2224/1/2224 2261/1/2261
f 2198/1/2198 2225/1/2225 2224/1/2224
f 2264/1/2264 2265/1/2265 2035/1/2035
f 2226/1/2226 2225/1/2225 2199/1/2199
f 2225/1/2225 2226/1/2226 2329/1/2329
f 2035/1/2035 2265/1/2265 2364/1/2364
f 2329/1/2329 2226/1/2226 2304/1/2304
f 2226/1/2226 2175/1/2175 2227/1/2227
f 2228/1/2228 2304/1/2304 2226/1/2226
f 2228/1/2228 2226/1/2226 2227/1/2227
f 2364/1/2364 2330/1/2330 2088/1/2088
f 2088/1/2088 2267/1/2267 2229/1/2229
f 2227/1/2227 2148/1/2148 2230/1/2230
f 2228/1/2228 2227/1/2227 2230/1/2230
f 2268/1/2268 2228/1/2228 2230/1/2230
f 2268/1/2268 2230/1/2230 2269/1/2269
f 2230/1/2230 2200/1/2200 2269/1/2269
f 2200/1/2200 2091/1/2091 2270/1/2270
f 2270/1/2270 2176/1/2176 2231/1/2231
f 2149/1/2149 2439/1/2439 2271/1/2271
f 2178/1/2178 2306/1/2306 2231/1/2231
f 2201/1/2201 2179/1/2179 2232/1/2232
f 2150/1/2150 2234/1/2234 2151/1/2151
f 2203/1/2203 2272/1/2272 2095/1/2095
f 2234/1/2234 2409/1/2409 2151/1/2151
f 2203/1/2203 2371/1/2371 2272/1/2272
f 2182/1/2182 2236/1/2236 2338/1/2338
f 2154/1/2154 2273/1/2273 2128/1/2128
f 2127/1/2127 2205/1/2205 2339/1/2339
f 2206/1/2206 2275/1/2275 2309/1/2309
f 2239/1/2239 2207/1/2207 2238/1/2238
f 2239/1/2239 2275/1/2275 2207/1/2207
f 2157/1/2157 2099/1/2099 2281/1/2281
f 2184/1/2184 2282/1/2282 2240/1/2240
f 2281/1/2281 2313/1/2313 2132/1/2132
f 2342/1/2342 2185/1/2185 2416/1/2416
f 2377/1/2377 2416/1/2416 2242/1/2242
f 2284/1/2284 2242/1/2242 2209/1/2209
f 2284/1/2284 2209/1/2209 2243/1/2243
f 2284/1/2284 2243/1/2243 2346/1/2346
f 2346/1/2346 2243/1/2243 2244/1/2244
f 2210/1/2210 2245/1/2245 2243/1/2243
f 2245/1/2245 2244/1/2244 2243/1/2243
f 2211/1/2211 2245/1/2245 2210/1/2210
f 2244/1/2244 2245/1/2245 2246/1/2246
f 2381/1/2381 2287/1/2287 2105/1/2105
f 2211/1/2211 2246/1/2246 2245/1/2245
f 2212/1/2212 2247/1/2247 2211/1/2211
f 2421/1/2421 2187/1/2187 2287/1/2287
f 2163/1/2163 2187/1/2187 2289/1/2289
f 2316/1/2316 2213/1/2213 2290/1/2290
f 2250/1/2250 2292/1/2292 2291/1/2291
f 2350/1/2350 2137/1/2137 2165/1/2165
f 2249/1/2249 2250/1/2250 2291/1/2291
f 2250/1/2250 2249/1/2249 2293/1/2293
f 2137/1/2137 2424/1/2424 2190/1/2190
f 2251/1/2251 2293/1/2293 2249/1/2249
f 2251/1/2251 2166/1/2166 2252/1/2252
f 2251/1/2251 2252/1/2252 2293/1/2293
f 2252/1/2252 2191/1/2191 2193/1/2193
f 2215/1/2215 2194/1/2194 2254/1/2254
f 2140/1/2140 2214/1/2214 2391/1/2391
f 2294/1/2294 2254/1/2254 2141/1/2141
f 2141/1/2141 2217/1/2217 2295/1/2295
f 2255/1/2255 2393/1/2393 2143/1/2143
f 2297/1/2297 2144/1/2144 2218/1/2218
f 2144/1/2144 2297/1/2297 2298/1/2298
f 2059/1/2059 2299/1/2299 2320/1/2320
f 2219/1/2219 2298/1/2298 2300/1/2300
f 2357/1/2357 2256/1/2256 2170/1/2170
f 2147/1/2147 2257/1/2257 2196/1/2196
f 2257/1/2257 2259/1/2259 2008/1/2008
f 2302/1/2302 2222/1/2222 2259/1/2259
f 2260/1/2260 2223/1/2223 2197/1/2197
f 2303/1/2303 2264/1/2264 2263/1/2263
f 2303/1/2303 2265/1/2265 2264/1/2264
f 2266/1/2266 2304/1/2304 2228/1/2228
f 2330/1/2330 2267/1/2267 2088/1/2088
f 2266/1/2266 2228/1/2228 2268/1/2268
f 2333/1/2333 2268/1/2268 2269/1/2269
f 2332/1/2332 2123/1/2123 2229/1/2229
f 2269/1/2269 2200/1/2200 2270/1/2270
f 2149/1/2149 2089/1/2089 2484/1/2484
f 2484/1/2484 2439/1/2439 2149/1/2149
f 2234/1/2234 2271/1/2271 2336/1/2336
f 2180/1/2180 2337/1/2337 2307/1/2307
f 2444/1/2444 2411/1/2411 2181/1/2181
f 2181/1/2181 2308/1/2308 2444/1/2444
f 2308/1/2308 2235/1/2235 2338/1/2338
f 2204/1/2204 2412/1/2412 2373/1/2373
f 2204/1/2204 2373/1/2373 2154/1/2154
f 2182/1/2182 2339/1/2339 2236/1/2236
f 2273/1/2273 2374/1/2374 2274/1/2274
f 2205/1/2205 2183/1/2183 2445/1/2445
f 2273/1/2273 2274/1/2274 2099/1/2099
f 2276/1/2276 2277/1/2277 2237/1/2237
f 2239/1/2239 2310/1/2310 2275/1/2275
f 2208/1/2208 2279/1/2279 2312/1/2312
f 2312/1/2312 2276/1/2276 2208/1/2208
f 2277/1/2277 2276/1/2276 2312/1/2312
f 2238/1/2238 2277/1/2277 2278/1/2278
f 2238/1/2238 2278/1/2278 2239/1/2239
f 2099/1/2099 2274/1/2274 2281/1/2281
f 2239/1/2239 2278/1/2278 2280/1/2280
f 2208/1/2208 2240/1/2240 2279/1/2279
f 2341/1/2341 2282/1/2282 2342/1/2342
f 2344/1/2344 2283/1/2283 2241/1/2241
f 2417/1/2417 2379/1/2379 2160/1/2160
f 2160/1/2160 2380/1/2380 2105/1/2105
f 2346/1/2346 2244/1/2244 2246/1/2246
f 2211/1/2211 2285/1/2285 2246/1/2246
f 2380/1/2380 2381/1/2381 2105/1/2105
f 2211/1/2211 2247/1/2247 2286/1/2286
f 2285/1/2285 2211/1/2211 2286/1/2286
f 2421/1/2421 2451/1/2451 2187/1/2187
f 2288/1/2288 2382/1/2382 2247/1/2247
f 2451/1/2451 2349/1/2349 2187/1/2187
f 2248/1/2248 2108/1/2108 2316/1/2316
f 2290/1/2290 2213/1/2213 2291/1/2291
f 2350/1/2350 2424/1/2424 2137/1/2137
f 2193/1/2193 2354/1/2354 2252/1/2252
f 2215/1/2215 2389/1/2389 2318/1/2318
f 2214/1/2214 2317/1/2317 2391/1/2391
f 2355/1/2355 2254/1/2254 2294/1/2294
f 2215/1/2215 2254/1/2254 2355/1/2355
f 2389/1/2389 2215/1/2215 2427/1/2427
f 2140/1/2140 2391/1/2391 2217/1/2217
f 2294/1/2294 2141/1/2141 2295/1/2295
f 2296/1/2296 2321/1/2321 2218/1/2218
f 2169/1/2169 2392/1/2392 2296/1/2296
f 2218/1/2218 2321/1/2321 2297/1/2297
f 2320/1/2320 2299/1/2299 2322/1/2322
f 2172/1/2172 2395/1/2395 2299/1/2299
f 2146/1/2146 2301/1/2301 2357/1/2357
f 2357/1/2357 2431/1/2431 2256/1/2256
f 2395/1/2395 2172/1/2172 2359/1/2359
f 2323/1/2323 2257/1/2257 2147/1/2147
f 2257/1/2257 2324/1/2324 2259/1/2259
f 2261/1/2261 2224/1/2224 2362/1/2362
f 2262/1/2262 2223/1/2223 2399/1/2399
f 2262/1/2262 2399/1/2399 2263/1/2263
f 2224/1/2224 2225/1/2225 2397/1/2397
f 2397/1/2397 2225/1/2225 2329/1/2329
f 2329/1/2329 2304/1/2304 2365/1/2365
f 2402/1/2402 2365/1/2365 2304/1/2304
f 2266/1/2266 2402/1/2402 2304/1/2304
f 2229/1/2229 2267/1/2267 2332/1/2332
f 2332/1/2332 2484/1/2484 2089/1/2089
f 2333/1/2333 2269/1/2269 2334/1/2334
f 2269/1/2269 2270/1/2270 2334/1/2334
f 2305/1/2305 2270/1/2270 2231/1/2231
f 2305/1/2305 2231/1/2231 2306/1/2306
f 2306/1/2306 2178/1/2178 2232/1/2232
f 2336/1/2336 2271/1/2271 2335/1/2335
f 2232/1/2232 2406/1/2406 2368/1/2368
f 2179/1/2179 2202/1/2202 2463/1/2463
f 2463/1/2463 2202/1/2202 2307/1/2307
f 2307/1/2307 2202/1/2202 2180/1/2180
f 2411/1/2411 2444/1/2444 2410/1/2410
f 2409/1/2409 2372/1/2372 2151/1/2151
f 2151/1/2151 2372/1/2372 2204/1/2204
f 2372/1/2372 2412/1/2412 2204/1/2204
f 2154/1/2154 2373/1/2373 2273/1/2273
f 2445/1/2445 2183/1/2183 2309/1/2309
f 2309/1/2309 2275/1/2275 2310/1/2310
f 2312/1/2312 2279/1/2279 2311/1/2311
f 2277/1/2277 2312/1/2312 2340/1/2340
f 2278/1/2278 2277/1/2277 2340/1/2340
f 2281/1/2281 2447/1/2447 2313/1/2313
f 2313/1/2313 2343/1/2343 2241/1/2241
f 2343/1/2343 2344/1/2344 2241/1/2241
f 2344/1/2344 2417/1/2417 2283/1/2283
f 2314/1/2314 2377/1/2377 2242/1/2242
f 2284/1/2284 2314/1/2314 2242/1/2242
f 2346/1/2346 2345/1/2345 2284/1/2284
f 2160/1/2160 2379/1/2379 2380/1/2380
f 2246/1/2246 2315/1/2315 2346/1/2346
f 2246/1/2246 2285/1/2285 2315/1/2315
f 2381/1/2381 2421/1/2421 2287/1/2287
f 2247/1/2247 2382/1/2382 2286/1/2286
f 2164/1/2164 2248/1/2248 2384/1/2384
f 2350/1/2350 2165/1/2165 2289/1/2289
f 2353/1/2353 2250/1/2250 2293/1/2293
f 2253/1/2253 2190/1/2190 2387/1/2387
f 2253/1/2253 2317/1/2317 2214/1/2214
f 2319/1/2319 2193/1/2193 2318/1/2318
f 2354/1/2354 2193/1/2193 2319/1/2319
f 2319/1/2319 2318/1/2318 2389/1/2389
f 2143/1/2143 2392/1/2392 2169/1/2169
f 2299/1/2299 2395/1/2395 2322/1/2322
f 2300/1/2300 2356/1/2356 2220/1/2220
f 2358/1/2358 2323/1/2323 2256/1/2256
f 2323/1/2323 2324/1/2324 2257/1/2257
f 2359/1/2359 2258/1/2258 2360/1/2360
f 2302/1/2302 2361/1/2361 2325/1/2325
f 2435/1/2435 2434/1/2434 2326/1/2326
f 2261/1/2261 2435/1/2435 2326/1/2326
f 2363/1/2363 2223/1/2223 2260/1/2260
f 2263/1/2263 2399/1/2399 2327/1/2327
f 2263/1/2263 2327/1/2327 2303/1/2303
f 2303/1/2303 2328/1/2328 2265/1/2265
f 2329/1/2329 2436/1/2436 2397/1/2397
f 2265/1/2265 2328/1/2328 2401/1/2401
f 2265/1/2265 2401/1/2401 2364/1/2364
f 2266/1/2266 2331/1/2331 2402/1/2402
f 2268/1/2268 2331/1/2331 2266/1/2266
f 2268/1/2268 2403/1/2403 2331/1/2331
f 2268/1/2268 2333/1/2333 2403/1/2403
f 2267/1/2267 2404/1/2404 2332/1/2332
f 2404/1/2404 2484/1/2484 2332/1/2332
f 2366/1/2366 2438/1/2438 2333/1/2333
f 2305/1/2305 2334/1/2334 2270/1/2270
f 2367/1/2367 2305/1/2305 2306/1/2306
f 2439/1/2439 2335/1/2335 2271/1/2271
f 2306/1/2306 2232/1/2232 2368/1/2368
f 2367/1/2367 2306/1/2306 2368/1/2368
f 2232/1/2232 2179/1/2179 2406/1/2406
f 2234/1/2234 2336/1/2336 2409/1/2409
f 2408/1/2408 2337/1/2337 2233/1/2233
f 2308/1/2308 2338/1/2338 2487/1/2487
f 2412/1/2412 2413/1/2413 2373/1/2373
f 2373/1/2373 2374/1/2374 2273/1/2273
f 2445/1/2445 2339/1/2339 2205/1/2205
f 2340/1/2340 2312/1/2312 2311/1/2311
f 2278/1/2278 2340/1/2340 2375/1/2375
f 2278/1/2278 2376/1/2376 2280/1/2280
f 2278/1/2278 2375/1/2375 2376/1/2376
f 2239/1/2239 2280/1/2280 2310/1/2310
f 2341/1/2341 2240/1/2240 2282/1/2282
f 2469/1/2469 2447/1/2447 2281/1/2281
f 2313/1/2313 2447/1/2447 2343/1/2343
f 2378/1/2378 2377/1/2377 2314/1/2314
f 2419/1/2419 2284/1/2284 2345/1/2345
f 2419/1/2419 2314/1/2314 2284/1/2284
f 2345/1/2345 2346/1/2346 2315/1/2315
f 2285/1/2285 2348/1/2348 2315/1/2315
f 2285/1/2285 2286/1/2286 2348/1/2348
f 2382/1/2382 2288/1/2288 2499/1/2499
f 2288/1/2288 2164/1/2164 2499/1/2499
f 2349/1/2349 2289/1/2289 2187/1/2187
f 2422/1/2422 2248/1/2248 2316/1/2316
f 2291/1/2291 2292/1/2292 2351/1/2351
f 2291/1/2291 2351/1/2351 2290/1/2290
f 2351/1/2351 2292/1/2292 2352/1/2352
f 2352/1/2352 2385/1/2385 2351/1/2351
f 2353/1/2353 2292/1/2292 2250/1/2250
f 2353/1/2353 2352/1/2352 2292/1/2292
f 2426/1/2426 2293/1/2293 2252/1/2252
f 2387/1/2387 2317/1/2317 2253/1/2253
f 2426/1/2426 2252/1/2252 2354/1/2354
f 2391/1/2391 2317/1/2317 2388/1/2388
f 2355/1/2355 2427/1/2427 2215/1/2215
f 2319/1/2319 2389/1/2389 2390/1/2390
f 2391/1/2391 2295/1/2295 2217/1/2217
f 2143/1/2143 2393/1/2393 2392/1/2392
f 2320/1/2320 2393/1/2393 2255/1/2255
f 2476/1/2476 2298/1/2298 2297/1/2297
f 2431/1/2431 2358/1/2358 2256/1/2256
f 2259/1/2259 2324/1/2324 2432/1/2432
f 2259/1/2259 2432/1/2432 2302/1/2302
f 2258/1/2258 2326/1/2326 2360/1/2360
f 2302/1/2302 2432/1/2432 2361/1/2361
f 2434/1/2434 2360/1/2360 2326/1/2326
f 2325/1/2325 2361/1/2361 2396/1/2396
f 2396/1/2396 2363/1/2363 2260/1/2260
f 2224/1/2224 2397/1/2397 2362/1/2362
f 2328/1/2328 2303/1/2303 2327/1/2327
f 2365/1/2365 2436/1/2436 2329/1/2329
f 2333/1/2333 2438/1/2438 2403/1/2403
f 2333/1/2333 2334/1/2334 2366/1/2366
f 2366/1/2366 2334/1/2334 2405/1/2405
f 2546/1/2546 2335/1/2335 2439/1/2439
f 2440/1/2440 2367/1/2367 2368/1/2368
f 2462/1/2462 2368/1/2368 2406/1/2406
f 2336/1/2336 2441/1/2441 2409/1/2409
f 2463/1/2463 2307/1/2307 2369/1/2369
f 2370/1/2370 2272/1/2272 2371/1/2371
f 2444/1/2444 2308/1/2308 2487/1/2487
f 2553/1/2553 2236/1/2236 2464/1/2464
f 2464/1/2464 2236/1/2236 2339/1/2339
f 2523/1/2523 2339/1/2339 2445/1/2445
f 2340/1/2340 2311/1/2311 2465/1/2465
f 2375/1/2375 2340/1/2340 2465/1/2465
f 2279/1/2279 2526/1/2526 2311/1/2311
f 2280/1/2280 2376/1/2376 2310/1/2310
f 2342/1/2342 2416/1/2416 2448/1/2448
f 2448/1/2448 2416/1/2416 2377/1/2377
f 2378/1/2378 2448/1/2448 2377/1/2377
f 2378/1/2378 2314/1/2314 2418/1/2418
f 2419/1/2419 2345/1/2345 2347/1/2347
f 2345/1/2345 2315/1/2315 2347/1/2347
f 2315/1/2315 2348/1/2348 2347/1/2347
f 2499/1/2499 2164/1/2164 2384/1/2384
f 2384/1/2384 2248/1/2248 2422/1/2422
f 2350/1/2350 2289/1/2289 2501/1/2501
f 2290/1/2290 2422/1/2422 2316/1/2316
f 2423/1/2423 2422/1/2422 2290/1/2290
f 2290/1/2290 2351/1/2351 2423/1/2423
f 2351/1/2351 2385/1/2385 2423/1/2423
f 2190/1/2190 2424/1/2424 2387/1/2387
f 2386/1/2386 2352/1/2352 2353/1/2353
f 2293/1/2293 2426/1/2426 2353/1/2353
f 2425/1/2425 2353/1/2353 2426/1/2426
f 2389/1/2389 2427/1/2427 2453/1/2453
f 2454/1/2454 2295/1/2295 2391/1/2391
f 2473/1/2473 2294/1/2294 2295/1/2295
f 2296/1/2296 2392/1/2392 2430/1/2430
f 2430/1/2430 2321/1/2321 2296/1/2296
f 2474/1/2474 2320/1/2320 2322/1/2322
f 2300/1/2300 2298/1/2298 2394/1/2394
f 2476/1/2476 2477/1/2477 2298/1/2298
f 2300/1/2300 2394/1/2394 2356/1/2356
f 2220/1/2220 2356/1/2356 2301/1/2301
f 2395/1/2395 2359/1/2359 2509/1/2509
f 2358/1/2358 2324/1/2324 2323/1/2323
f 2358/1/2358 2433/1/2433 2324/1/2324
f 2359/1/2359 2360/1/2360 2509/1/2509
f 2435/1/2435 2261/1/2261 2362/1/2362
f 2399/1/2399 2223/1/2223 2398/1/2398
f 2400/1/2400 2327/1/2327 2399/1/2399
f 2327/1/2327 2400/1/2400 2328/1/2328
f 2364/1/2364 2457/1/2457 2330/1/2330
f 2331/1/2331 2403/1/2403 2458/1/2458
f 2366/1/2366 2483/1/2483 2438/1/2438
f 2334/1/2334 2305/1/2305 2405/1/2405
f 2305/1/2305 2367/1/2367 2405/1/2405
f 2367/1/2367 2460/1/2460 2405/1/2405
f 2335/1/2335 2461/1/2461 2520/1/2520
f 2335/1/2335 2520/1/2520 2336/1/2336
f 2440/1/2440 2368/1/2368 2462/1/2462
f 2179/1/2179 2463/1/2463 2442/1/2442
f 2369/1/2369 2307/1/2307 2407/1/2407
f 2307/1/2307 2337/1/2337 2407/1/2407
f 2410/1/2410 2370/1/2370 2371/1/2371
f 2372/1/2372 2409/1/2409 2443/1/2443
f 2411/1/2411 2410/1/2410 2371/1/2371
f 2412/1/2412 2372/1/2372 2488/1/2488
f 2236/1/2236 2553/1/2553 2338/1/2338
f 2373/1/2373 2413/1/2413 2374/1/2374
f 2414/1/2414 2374/1/2374 2413/1/2413
f 2523/1/2523 2464/1/2464 2339/1/2339
f 2374/1/2374 2467/1/2467 2274/1/2274
f 2375/1/2375 2465/1/2465 2524/1/2524
f 2376/1/2376 2375/1/2375 2525/1/2525
f 2309/1/2309 2310/1/2310 2527/1/2527
f 2309/1/2309 2527/1/2527 2445/1/2445
f 2526/1/2526 2279/1/2279 2240/1/2240
f 2376/1/2376 2415/1/2415 2310/1/2310
f 2274/1/2274 2492/1/2492 2281/1/2281
f 2446/1/2446 2468/1/2468 2341/1/2341
f 2240/1/2240 2341/1/2341 2468/1/2468
f 2341/1/2341 2559/1/2559 2446/1/2446
f 2342/1/2342 2559/1/2559 2341/1/2341
f 2344/1/2344 2343/1/2343 2494/1/2494
f 2417/1/2417 2344/1/2344 2494/1/2494
f 2529/1/2529 2378/1/2378 2418/1/2418
f 2418/1/2418 2314/1/2314 2419/1/2419
f 2419/1/2419 2347/1/2347 2449/1/2449
f 2347/1/2347 2420/1/2420 2449/1/2449
f 2347/1/2347 2348/1/2348 2420/1/2420
f 2348/1/2348 2450/1/2450 2420/1/2420
f 2421/1/2421 2498/1/2498 2451/1/2451
f 2348/1/2348 2286/1/2286 2450/1/2450
f 2382/1/2382 2450/1/2450 2286/1/2286
f 2349/1/2349 2451/1/2451 2383/1/2383
f 2349/1/2349 2501/1/2501 2289/1/2289
f 2424/1/2424 2350/1/2350 2470/1/2470
f 2386/1/2386 2353/1/2353 2425/1/2425
f 2317/1/2317 2387/1/2387 2533/1/2533
f 2389/1/2389 2453/1/2453 2428/1/2428
f 2389/1/2389 2428/1/2428 2390/1/2390
f 2454/1/2454 2391/1/2391 2388/1/2388
f 2294/1/2294 2429/1/2429 2355/1/2355
f 2427/1/2427 2355/1/2355 2472/1/2472
f 2320/1/2320 2474/1/2474 2393/1/2393
f 2474/1/2474 2322/1/2322 2570/1/2570
f 2478/1/2478 2357/1/2357 2301/1/2301
f 2509/1/2509 2360/1/2360 2479/1/2479
f 2358/1/2358 2510/1/2510 2433/1/2433
f 2324/1/2324 2433/1/2433 2432/1/2432
f 2511/1/2511 2360/1/2360 2434/1/2434
f 2361/1/2361 2432/1/2432 2456/1/2456
f 2481/1/2481 2434/1/2434 2435/1/2435
f 2396/1/2396 2361/1/2361 2363/1/2363
f 2456/1/2456 2363/1/2363 2361/1/2361
f 2513/1/2513 2435/1/2435 2362/1/2362
f 2398/1/2398 2223/1/2223 2363/1/2363
f 2513/1/2513 2362/1/2362 2397/1/2397
f 2513/1/2513 2397/1/2397 2436/1/2436
f 2437/1/2437 2328/1/2328 2400/1/2400
f 2401/1/2401 2328/1/2328 2437/1/2437
f 2401/1/2401 2437/1/2437 2457/1/2457
f 2401/1/2401 2457/1/2457 2364/1/2364
f 2267/1/2267 2330/1/2330 2603/1/2603
f 2404/1/2404 2267/1/2267 2603/1/2603
f 2403/1/2403 2438/1/2438 2459/1/2459
f 2403/1/2403 2459/1/2459 2458/1/2458
f 2459/1/2459 2438/1/2438 2483/1/2483
f 2632/1/2632 2484/1/2484 2404/1/2404
f 2483/1/2483 2366/1/2366 2405/1/2405
f 2460/1/2460 2367/1/2367 2440/1/2440
f 2520/1/2520 2441/1/2441 2336/1/2336
f 2442/1/2442 2406/1/2406 2179/1/2179
f 2441/1/2441 2443/1/2443 2409/1/2409
f 2372/1/2372 2443/1/2443 2488/1/2488
f 2412/1/2412 2488/1/2488 2413/1/2413
f 2374/1/2374 2414/1/2414 2467/1/2467
f 2467/1/2467 2492/1/2492 2274/1/2274
f 2489/1/2489 2311/1/2311 2526/1/2526
f 2489/1/2489 2465/1/2465 2311/1/2311
f 2376/1/2376 2525/1/2525 2466/1/2466
f 2310/1/2310 2415/1/2415 2527/1/2527
f 2526/1/2526 2240/1/2240 2468/1/2468
f 2492/1/2492 2469/1/2469 2281/1/2281
f 2342/1/2342 2448/1/2448 2559/1/2559
f 2343/1/2343 2447/1/2447 2494/1/2494
f 2496/1/2496 2417/1/2417 2494/1/2494
f 2379/1/2379 2417/1/2417 2496/1/2496
f 2418/1/2418 2419/1/2419 2449/1/2449
f 2379/1/2379 2496/1/2496 2380/1/2380
f 2382/1/2382 2499/1/2499 2450/1/2450
f 2349/1/2349 2383/1/2383 2501/1/2501
f 2470/1/2470 2350/1/2350 2501/1/2501
f 2385/1/2385 2452/1/2452 2423/1/2423
f 2385/1/2385 2352/1/2352 2452/1/2452
f 2532/1/2532 2352/1/2352 2565/1/2565
f 2565/1/2565 2352/1/2352 2386/1/2386
f 2424/1/2424 2649/1/2649 2387/1/2387
f 2425/1/2425 2426/1/2426 2595/1/2595
f 2533/1/2533 2388/1/2388 2317/1/2317
f 2319/1/2319 2471/1/2471 2354/1/2354
f 2471/1/2471 2319/1/2319 2390/1/2390
f 2355/1/2355 2429/1/2429 2504/1/2504
f 2453/1/2453 2427/1/2427 2472/1/2472
f 2295/1/2295 2454/1/2454 2473/1/2473
f 2294/1/2294 2473/1/2473 2429/1/2429
f 2393/1/2393 2678/1/2678 2392/1/2392
f 2321/1/2321 2475/1/2475 2297/1/2297
f 2297/1/2297 2475/1/2475 2476/1/2476
f 2477/1/2477 2394/1/2394 2298/1/2298
f 2476/1/2476 2572/1/2572 2477/1/2477
f 2357/1/2357 2478/1/2478 2431/1/2431
f 2356/1/2356 2507/1/2507 2301/1/2301
f 2508/1/2508 2395/1/2395 2509/1/2509
f 2431/1/2431 2537/1/2537 2358/1/2358
f 2358/1/2358 2537/1/2537 2510/1/2510
f 2360/1/2360 2511/1/2511 2479/1/2479
f 2432/1/2432 2480/1/2480 2538/1/2538
f 2456/1/2456 2432/1/2432 2538/1/2538
f 2435/1/2435 2482/1/2482 2481/1/2481
f 2435/1/2435 2513/1/2513 2482/1/2482
f 2436/1/2436 2365/1/2365 2577/1/2577
f 2331/1/2331 2458/1/2458 2402/1/2402
f 2483/1/2483 2405/1/2405 2485/1/2485
f 2484/1/2484 2546/1/2546 2439/1/2439
f 2485/1/2485 2405/1/2405 2460/1/2460
f 2485/1/2485 2460/1/2460 2517/1/2517
f 2546/1/2546 2461/1/2461 2335/1/2335
f 2460/1/2460 2440/1/2440 2518/1/2518
f 2460/1/2460 2518/1/2518 2517/1/2517
f 2406/1/2406 2442/1/2442 2462/1/2462
f 2441/1/2441 2520/1/2520 2606/1/2606
f 2337/1/2337 2408/1/2408 2486/1/2486
f 2410/1/2410 2444/1/2444 2551/1/2551
f 2552/1/2552 2488/1/2488 2443/1/2443
f 2338/1/2338 2553/1/2553 2487/1/2487
f 2445/1/2445 2608/1/2608 2523/1/2523
f 2375/1/2375 2524/1/2524 2525/1/2525
f 2376/1/2376 2466/1/2466 2415/1/2415
f 2468/1/2468 2491/1/2491 2526/1/2526
f 2491/1/2491 2468/1/2468 2446/1/2446
f 2559/1/2559 2448/1/2448 2493/1/2493
f 2447/1/2447 2469/1/2469 2494/1/2494
f 2493/1/2493 2448/1/2448 2378/1/2378
f 2493/1/2493 2378/1/2378 2529/1/2529
f 2418/1/2418 2449/1/2449 2495/1/2495
f 2562/1/2562 2495/1/2495 2449/1/2449
f 2562/1/2562 2449/1/2449 2420/1/2420
f 2380/1/2380 2612/1/2612 2381/1/2381
f 2612/1/2612 2498/1/2498 2381/1/2381
f 2381/1/2381 2498/1/2498 2421/1/2421
f 2450/1/2450 2497/1/2497 2420/1/2420
f 2498/1/2498 2500/1/2500 2451/1/2451
f 2384/1/2384 2531/1/2531 2499/1/2499
f 2500/1/2500 2383/1/2383 2451/1/2451
f 2532/1/2532 2452/1/2452 2352/1/2352
f 2471/1/2471 2426/1/2426 2354/1/2354
f 2426/1/2426 2471/1/2471 2566/1/2566
f 2534/1/2534 2454/1/2454 2388/1/2388
f 2504/1/2504 2429/1/2429 2535/1/2535
f 2390/1/2390 2428/1/2428 2616/1/2616
f 2535/1/2535 2429/1/2429 2473/1/2473
f 2392/1/2392 2652/1/2652 2430/1/2430
f 2474/1/2474 2455/1/2455 2393/1/2393
f 2474/1/2474 2536/1/2536 2455/1/2455
f 2430/1/2430 2505/1/2505 2321/1/2321
f 2394/1/2394 2506/1/2506 2356/1/2356
f 2507/1/2507 2478/1/2478 2301/1/2301
f 2537/1/2537 2431/1/2431 2599/1/2599
f 2478/1/2478 2599/1/2599 2431/1/2431
f 2433/1/2433 2480/1/2480 2432/1/2432
f 2434/1/2434 2481/1/2481 2511/1/2511
f 2539/1/2539 2456/1/2456 2538/1/2538
f 2539/1/2539 2363/1/2363 2456/1/2456
f 2539/1/2539 2541/1/2541 2363/1/2363
f 2541/1/2541 2398/1/2398 2363/1/2363
f 2482/1/2482 2513/1/2513 2512/1/2512
f 2399/1/2399 2398/1/2398 2400/1/2400
f 2576/1/2576 2513/1/2513 2436/1/2436
f 2457/1/2457 2437/1/2437 2543/1/2543
f 2402/1/2402 2577/1/2577 2365/1/2365
f 2515/1/2515 2577/1/2577 2402/1/2402
f 2457/1/2457 2544/1/2544 2330/1/2330
f 2483/1/2483 2516/1/2516 2459/1/2459
f 2604/1/2604 2483/1/2483 2485/1/2485
f 2440/1/2440 2462/1/2462 2518/1/2518
f 2606/1/2606 2443/1/2443 2441/1/2441
f 2442/1/2442 2463/1/2463 2583/1/2583
f 2463/1/2463 2369/1/2369 2522/1/2522
f 2407/1/2407 2337/1/2337 2486/1/2486
f 2637/1/2637 2444/1/2444 2487/1/2487
f 2488/1/2488 2552/1/2552 2554/1/2554
f 2553/1/2553 2464/1/2464 2585/1/2585
f 2488/1/2488 2414/1/2414 2413/1/2413
f 2414/1/2414 2488/1/2488 2554/1/2554
f 2464/1/2464 2523/1/2523 2585/1/2585
f 2445/1/2445 2527/1/2527 2608/1/2608
f 2490/1/2490 2489/1/2489 2526/1/2526
f 2609/1/2609 2466/1/2466 2525/1/2525
f 2526/1/2526 2491/1/2491 2610/1/2610
f 2527/1/2527 2415/1/2415 2528/1/2528
f 2446/1/2446 2586/1/2586 2491/1/2491
f 2530/1/2530 2418/1/2418 2495/1/2495
f 2496/1/2496 2612/1/2612 2380/1/2380
f 2497/1/2497 2450/1/2450 2591/1/2591
f 2591/1/2591 2450/1/2450 2499/1/2499
f 2422/1/2422 2531/1/2531 2384/1/2384
f 2422/1/2422 2423/1/2423 2503/1/2503
f 2503/1/2503 2423/1/2423 2452/1/2452
f 2470/1/2470 2613/1/2613 2594/1/2594
f 2424/1/2424 2470/1/2470 2594/1/2594
f 2424/1/2424 2594/1/2594 2649/1/2649
f 2533/1/2533 2387/1/2387 2649/1/2649
f 2595/1/2595 2426/1/2426 2566/1/2566
f 2388/1/2388 2533/1/2533 2596/1/2596
f 2534/1/2534 2388/1/2388 2596/1/2596
f 2355/1/2355 2504/1/2504 2472/1/2472
f 2390/1/2390 2616/1/2616 2567/1/2567
f 2567/1/2567 2471/1/2471 2390/1/2390
f 2473/1/2473 2454/1/2454 2569/1/2569
f 2392/1/2392 2678/1/2678 2652/1/2652
f 2393/1/2393 2455/1/2455 2678/1/2678
f 2321/1/2321 2505/1/2505 2475/1/2475
f 2652/1/2652 2505/1/2505 2430/1/2430
f 2570/1/2570 2322/1/2322 2395/1/2395
f 2475/1/2475 2572/1/2572 2476/1/2476
f 2506/1/2506 2507/1/2507 2356/1/2356
f 2506/1/2506 2394/1/2394 2477/1/2477
f 2573/1/2573 2509/1/2509 2479/1/2479
f 2510/1/2510 2480/1/2480 2433/1/2433
f 2479/1/2479 2511/1/2511 2573/1/2573
f 2574/1/2574 2573/1/2573 2511/1/2511
f 2540/1/2540 2481/1/2481 2482/1/2482
f 2512/1/2512 2626/1/2626 2540/1/2540
f 2482/1/2482 2512/1/2512 2540/1/2540
f 2398/1/2398 2541/1/2541 2514/1/2514
f 2576/1/2576 2577/1/2577 2601/1/2601
f 2436/1/2436 2577/1/2577 2576/1/2576
f 2437/1/2437 2400/1/2400 2514/1/2514
f 2515/1/2515 2402/1/2402 2458/1/2458
f 2545/1/2545 2515/1/2515 2458/1/2458
f 2330/1/2330 2602/1/2602 2603/1/2603
f 2458/1/2458 2459/1/2459 2545/1/2545
f 2459/1/2459 2516/1/2516 2545/1/2545
f 2404/1/2404 2603/1/2603 2632/1/2632
f 2578/1/2578 2516/1/2516 2483/1/2483
f 2578/1/2578 2483/1/2483 2604/1/2604
f 2580/1/2580 2604/1/2604 2485/1/2485
f 2517/1/2517 2580/1/2580 2485/1/2485
f 2547/1/2547 2580/1/2580 2517/1/2517
f 2519/1/2519 2517/1/2517 2518/1/2518
f 2519/1/2519 2547/1/2547 2517/1/2517
f 2462/1/2462 2550/1/2550 2518/1/2518
f 2518/1/2518 2550/1/2550 2549/1/2549
f 2519/1/2519 2518/1/2518 2549/1/2549
f 2462/1/2462 2442/1/2442 2550/1/2550
f 2583/1/2583 2463/1/2463 2522/1/2522
f 2522/1/2522 2369/1/2369 2521/1/2521
f 2369/1/2369 2407/1/2407 2521/1/2521
f 4019/1/4019 2407/1/2407 2486/1/2486
f 2410/1/2410 2551/1/2551 2370/1/2370
f 2637/1/2637 2551/1/2551 2444/1/2444
f 2585/1/2585 2523/1/2523 2666/1/2666
f 2524/1/2524 2556/1/2556 2525/1/2525
f 2556/1/2556 2558/1/2558 2525/1/2525
f 2555/1/2555 2489/1/2489 2490/1/2490
f 2608/1/2608 2527/1/2527 2699/1/2699
f 2609/1/2609 2525/1/2525 2558/1/2558
f 2609/1/2609 2528/1/2528 2466/1/2466
f 2528/1/2528 2415/1/2415 2466/1/2466
f 2446/1/2446 2559/1/2559 2587/1/2587
f 2446/1/2446 2587/1/2587 2586/1/2586
f 2643/1/2643 2469/1/2469 2492/1/2492
f 2643/1/2643 2494/1/2494 2469/1/2469
f 2418/1/2418 2530/1/2530 2529/1/2529
f 2496/1/2496 2494/1/2494 2561/1/2561
f 2530/1/2530 2495/1/2495 2562/1/2562
f 2562/1/2562 2420/1/2420 2497/1/2497
f 2499/1/2499 2531/1/2531 2591/1/2591
f 2592/1/2592 2563/1/2563 2383/1/2383
f 2563/1/2563 2501/1/2501 2383/1/2383
f 2501/1/2501 2563/1/2563 2502/1/2502
f 2501/1/2501 2502/1/2502 2470/1/2470
f 2386/1/2386 2676/1/2676 2565/1/2565
f 2676/1/2676 2386/1/2386 2425/1/2425
f 2676/1/2676 2425/1/2425 2595/1/2595
f 2471/1/2471 2615/1/2615 2566/1/2566
f 2428/1/2428 2453/1/2453 2568/1/2568
f 2453/1/2453 2472/1/2472 2568/1/2568
f 2471/1/2471 2567/1/2567 2615/1/2615
f 2454/1/2454 2534/1/2534 2569/1/2569
f 2569/1/2569 2535/1/2535 2473/1/2473
f 2474/1/2474 2570/1/2570 2536/1/2536
f 2395/1/2395 2571/1/2571 2570/1/2570
f 2395/1/2395 2508/1/2508 2571/1/2571
f 2574/1/2574 2511/1/2511 2481/1/2481
f 2623/1/2623 2538/1/2538 2480/1/2480
f 2575/1/2575 2538/1/2538 2623/1/2623
f 2575/1/2575 2539/1/2539 2538/1/2538
f 2575/1/2575 2542/1/2542 2539/1/2539
f 2542/1/2542 2541/1/2541 2539/1/2539
f 2513/1/2513 2576/1/2576 2512/1/2512
f 2398/1/2398 2514/1/2514 2400/1/2400
f 2437/1/2437 2514/1/2514 2543/1/2543
f 2543/1/2543 2544/1/2544 2457/1/2457
f 2330/1/2330 2544/1/2544 2602/1/2602
f 2604/1/2604 2579/1/2579 2578/1/2578
f 2547/1/2547 2519/1/2519 2548/1/2548
f 2549/1/2549 2548/1/2548 2519/1/2519
f 2550/1/2550 2442/1/2442 2636/1/2636
f 2584/1/2584 2637/1/2637 2487/1/2487
f 2553/1/2553 2584/1/2584 2487/1/2487
f 2414/1/2414 2554/1/2554 2607/1/2607
f 2523/1/2523 2608/1/2608 2666/1/2666
f 2556/1/2556 2524/1/2524 2555/1/2555
f 2465/1/2465 2489/1/2489 2555/1/2555
f 2524/1/2524 2465/1/2465 2555/1/2555
f 2699/1/2699 2696/1/2696 2608/1/2608
f 2555/1/2555 2490/1/2490 2557/1/2557
f 2527/1/2527 2700/1/2700 2699/1/2699
f 2490/1/2490 2526/1/2526 2610/1/2610
f 2643/1/2643 2561/1/2561 2494/1/2494
f 2560/1/2560 2493/1/2493 2529/1/2529
f 2644/1/2644 2560/1/2560 2529/1/2529
f 2562/1/2562 2497/1/2497 2591/1/2591
f 2500/1/2500 2498/1/2498 2646/1/2646
f 2592/1/2592 2383/1/2383 2500/1/2500
f 2531/1/2531 2422/1/2422 2593/1/2593
f 2503/1/2503 2593/1/2593 2422/1/2422
f 2704/1/2704 2502/1/2502 2563/1/2563
f 2503/1/2503 2452/1/2452 2564/1/2564
f 2707/1/2707 2532/1/2532 2565/1/2565
f 2504/1/2504 2568/1/2568 2472/1/2472
f 2428/1/2428 2568/1/2568 2616/1/2616
f 2504/1/2504 2535/1/2535 2619/1/2619
f 2568/1/2568 2504/1/2504 2619/1/2619
f 2597/1/2597 2505/1/2505 2654/1/2654
f 2597/1/2597 2475/1/2475 2505/1/2505
f 2475/1/2475 2597/1/2597 2572/1/2572
f 2477/1/2477 2572/1/2572 2598/1/2598
f 2506/1/2506 2477/1/2477 2598/1/2598
f 2507/1/2507 2506/1/2506 2655/1/2655
f 2655/1/2655 2506/1/2506 2679/1/2679
f 2478/1/2478 2507/1/2507 2655/1/2655
f 2478/1/2478 2656/1/2656 2599/1/2599
f 2655/1/2655 2656/1/2656 2478/1/2478
f 2537/1/2537 2599/1/2599 2658/1/2658
f 2509/1/2509 2573/1/2573 2508/1/2508
f 2658/1/2658 2600/1/2600 2537/1/2537
f 2600/1/2600 2510/1/2510 2537/1/2537
f 2510/1/2510 2600/1/2600 2480/1/2480
f 2574/1/2574 2481/1/2481 2622/1/2622
f 2622/1/2622 2481/1/2481 2540/1/2540
f 2576/1/2576 2626/1/2626 2512/1/2512
f 2720/1/2720 2543/1/2543 2514/1/2514
f 2577/1/2577 2515/1/2515 2684/1/2684
f 2515/1/2515 2545/1/2545 2660/1/2660
f 2545/1/2545 2630/1/2630 2660/1/2660
f 2516/1/2516 2630/1/2630 2545/1/2545
f 2578/1/2578 2631/1/2631 2516/1/2516
f 2632/1/2632 2605/1/2605 2484/1/2484
f 2484/1/2484 2605/1/2605 2546/1/2546
f 2580/1/2580 2663/1/2663 2604/1/2604
f 2634/1/2634 2580/1/2580 2547/1/2547
f 2546/1/2546 2605/1/2605 2690/1/2690
f 2461/1/2461 2582/1/2582 2520/1/2520
f 2582/1/2582 2461/1/2461 2690/1/2690
f 2550/1/2550 2581/1/2581 2549/1/2549
f 2636/1/2636 2581/1/2581 2550/1/2550
f 2520/1/2520 2582/1/2582 2606/1/2606
f 2636/1/2636 2442/1/2442 2583/1/2583
f 2443/1/2443 2606/1/2606 2764/1/2764
f 2521/1/2521 2407/1/2407 4019/1/4019
f 4018/1/4018 2370/1/2370 2551/1/2551
f 2443/1/2443 2638/1/2638 2552/1/2552
f 2553/1/2553 2585/1/2585 2729/1/2729
f 2666/1/2666 2729/1/2729 2585/1/2585
f 2414/1/2414 2607/1/2607 2467/1/2467
f 2700/1/2700 2527/1/2527 2528/1/2528
f 2640/1/2640 2700/1/2700 2528/1/2528
f 2641/1/2641 2610/1/2610 2491/1/2491
f 2467/1/2467 2643/1/2643 2492/1/2492
f 2642/1/2642 2641/1/2641 2491/1/2491
f 2586/1/2586 2587/1/2587 2611/1/2611
f 2588/1/2588 2587/1/2587 2559/1/2559
f 2559/1/2559 2493/1/2493 2588/1/2588
f 2588/1/2588 2493/1/2493 2560/1/2560
f 2530/1/2530 2644/1/2644 2529/1/2529
f 2589/1/2589 2644/1/2644 2530/1/2530
f 2530/1/2530 2562/1/2562 2645/1/2645
f 2496/1/2496 2590/1/2590 2612/1/2612
f 2612/1/2612 2646/1/2646 2498/1/2498
f 2646/1/2646 2592/1/2592 2500/1/2500
f 2592/1/2592 2648/1/2648 2563/1/2563
f 2704/1/2704 2563/1/2563 2648/1/2648
f 2502/1/2502 2774/1/2774 2613/1/2613
f 2502/1/2502 2613/1/2613 2470/1/2470
f 2594/1/2594 2706/1/2706 2649/1/2649
f 2676/1/2676 2675/1/2675 2565/1/2565
f 2534/1/2534 2596/1/2596 2650/1/2650
f 2567/1/2567 2616/1/2616 2617/1/2617
f 2568/1/2568 2619/1/2619 2620/1/2620
f 2568/1/2568 2620/1/2620 2616/1/2616
f 2652/1/2652 2654/1/2654 2505/1/2505
f 2748/1/2748 2654/1/2654 2652/1/2652
f 2598/1/2598 2572/1/2572 2597/1/2597
f 2480/1/2480 2600/1/2600 2623/1/2623
f 2626/1/2626 2622/1/2622 2540/1/2540
f 2626/1/2626 2576/1/2576 2601/1/2601
f 2628/1/2628 2541/1/2541 2542/1/2542
f 2628/1/2628 2514/1/2514 2541/1/2541
f 2601/1/2601 2577/1/2577 2683/1/2683
f 2628/1/2628 2629/1/2629 2514/1/2514
f 2683/1/2683 2577/1/2577 2684/1/2684
f 2515/1/2515 2660/1/2660 2684/1/2684
f 2516/1/2516 2631/1/2631 2630/1/2630
f 2579/1/2579 2631/1/2631 2578/1/2578
f 2579/1/2579 2604/1/2604 2661/1/2661
f 2546/1/2546 2690/1/2690 2461/1/2461
f 2547/1/2547 2548/1/2548 2634/1/2634
f 2548/1/2548 2635/1/2635 2634/1/2634
f 2548/1/2548 2549/1/2549 2581/1/2581
f 2637/1/2637 2665/1/2665 4018/1/4018
f 2551/1/2551 2637/1/2637 4018/1/4018
f 2553/1/2553 2729/1/2729 2584/1/2584
f 2467/1/2467 2607/1/2607 2668/1/2668
f 2557/1/2557 2490/1/2490 2639/1/2639
f 2639/1/2639 2490/1/2490 2610/1/2610
f 2528/1/2528 2609/1/2609 2640/1/2640
f 2643/1/2643 2467/1/2467 2668/1/2668
f 2642/1/2642 2491/1/2491 2586/1/2586
f 2611/1/2611 2642/1/2642 2586/1/2586
f 2561/1/2561 2590/1/2590 2496/1/2496
f 2530/1/2530 2645/1/2645 2589/1/2589
f 2591/1/2591 2645/1/2645 2562/1/2562
f 2645/1/2645 2591/1/2591 2647/1/2647
f 2591/1/2591 2531/1/2531 2773/1/2773
f 2672/1/2672 2648/1/2648 2592/1/2592
f 2531/1/2531 2593/1/2593 2773/1/2773
f 2704/1/2704 2774/1/2774 2502/1/2502
f 2673/1/2673 2594/1/2594 2613/1/2613
f 2452/1/2452 2532/1/2532 2564/1/2564
f 2649/1/2649 2614/1/2614 2533/1/2533
f 2708/1/2708 2596/1/2596 2533/1/2533
f 2566/1/2566 2615/1/2615 2745/1/2745
f 2569/1/2569 2534/1/2534 2650/1/2650
f 2569/1/2569 2618/1/2618 2535/1/2535
f 2619/1/2619 2535/1/2535 2618/1/2618
f 2621/1/2621 2653/1/2653 2536/1/2536
f 2536/1/2536 2570/1/2570 2621/1/2621
f 2570/1/2570 2571/1/2571 2621/1/2621
f 2508/1/2508 2573/1/2573 2574/1/2574
f 2658/1/2658 2680/1/2680 2600/1/2600
f 2624/1/2624 2623/1/2623 2600/1/2600
f 2623/1/2623 2625/1/2625 2575/1/2575
f 2575/1/2575 2625/1/2625 2627/1/2627
f 2575/1/2575 2627/1/2627 2682/1/2682
f 2575/1/2575 2682/1/2682 2542/1/2542
f 2542/1/2542 2682/1/2682 2628/1/2628
f 2720/1/2720 2685/1/2685 2543/1/2543
f 2543/1/2543 2685/1/2685 2544/1/2544
f 2602/1/2602 2544/1/2544 2687/1/2687
f 2687/1/2687 2761/1/2761 2602/1/2602
f 2661/1/2661 2604/1/2604 2663/1/2663
f 2580/1/2580 2634/1/2634 2663/1/2663
f 2548/1/2548 2581/1/2581 2635/1/2635
f 2582/1/2582 2691/1/2691 2606/1/2606
f 2583/1/2583 2522/1/2522 2692/1/2692
f 2692/1/2692 2522/1/2522 2521/1/2521
f 4019/1/4019 4018/1/4018 2665/1/2665
f 2443/1/2443 2764/1/2764 2638/1/2638
f 2552/1/2552 2638/1/2638 2554/1/2554
f 2554/1/2554 2638/1/2638 2607/1/2607
f 2666/1/2666 2608/1/2608 2696/1/2696
f 2556/1/2556 2555/1/2555 2695/1/2695
f 2555/1/2555 2667/1/2667 2695/1/2695
f 2557/1/2557 2734/1/2734 2667/1/2667
f 2667/1/2667 2555/1/2555 2557/1/2557
f 2697/1/2697 2556/1/2556 2695/1/2695
f 2556/1/2556 2697/1/2697 2698/1/2698
f 2558/1/2558 2556/1/2556 2698/1/2698
f 2609/1/2609 2558/1/2558 2698/1/2698
f 2609/1/2609 2698/1/2698 2701/1/2701
f 2609/1/2609 2701/1/2701 2640/1/2640
f 2587/1/2587 2588/1/2588 2845/1/2845
f 2588/1/2588 2560/1/2560 2670/1/2670
f 2670/1/2670 2560/1/2560 2644/1/2644
f 2702/1/2702 2670/1/2670 2644/1/2644
f 2702/1/2702 2644/1/2644 2589/1/2589
f 2590/1/2590 2561/1/2561 2771/1/2771
f 2671/1/2671 2612/1/2612 2590/1/2590
f 2612/1/2612 2671/1/2671 2646/1/2646
f 2740/1/2740 2646/1/2646 2671/1/2671
f 2672/1/2672 2646/1/2646 2740/1/2740
f 2646/1/2646 2672/1/2672 2592/1/2592
f 2774/1/2774 2673/1/2673 2613/1/2613
f 2706/1/2706 2594/1/2594 2673/1/2673
f 2533/1/2533 2614/1/2614 2708/1/2708
f 2595/1/2595 2566/1/2566 2676/1/2676
f 2566/1/2566 2745/1/2745 2676/1/2676
f 2567/1/2567 2617/1/2617 2677/1/2677
f 2615/1/2615 2567/1/2567 2677/1/2677
f 2569/1/2569 2650/1/2650 2618/1/2618
f 2619/1/2619 2618/1/2618 2651/1/2651
f 2620/1/2620 2619/1/2619 2651/1/2651
f 2455/1/2455 2653/1/2653 2678/1/2678
f 2536/1/2536 2653/1/2653 2455/1/2455
f 2508/1/2508 2574/1/2574 2752/1/2752
f 2658/1/2658 2599/1/2599 2656/1/2656
f 2657/1/2657 2658/1/2658 2656/1/2656
f 2754/1/2754 2574/1/2574 2622/1/2622
f 2600/1/2600 2680/1/2680 2624/1/2624
f 2625/1/2625 2623/1/2623 2624/1/2624
f 2715/1/2715 2625/1/2625 2624/1/2624
f 2622/1/2622 2626/1/2626 2754/1/2754
f 2754/1/2754 2626/1/2626 2659/1/2659
f 2715/1/2715 2716/1/2716 2625/1/2625
f 2627/1/2627 2625/1/2625 2716/1/2716
f 2716/1/2716 2757/1/2757 2627/1/2627
f 2626/1/2626 2601/1/2601 2659/1/2659
f 2682/1/2682 2627/1/2627 2757/1/2757
f 2629/1/2629 2720/1/2720 2514/1/2514
f 2685/1/2685 2686/1/2686 2544/1/2544
f 2687/1/2687 2544/1/2544 2686/1/2686
f 2630/1/2630 2631/1/2631 2723/1/2723
f 2761/1/2761 2689/1/2689 2603/1/2603
f 2602/1/2602 2761/1/2761 2603/1/2603
f 2603/1/2603 2689/1/2689 2632/1/2632
f 2605/1/2605 2632/1/2632 2689/1/2689
f 2605/1/2605 2689/1/2689 2633/1/2633
f 2662/1/2662 2661/1/2661 2663/1/2663
f 2662/1/2662 2663/1/2663 2664/1/2664
f 2664/1/2664 2663/1/2663 2634/1/2634
f 2635/1/2635 2581/1/2581 2726/1/2726
f 2636/1/2636 2726/1/2726 2581/1/2581
f 2583/1/2583 2727/1/2727 2636/1/2636
f 2765/1/2765 2521/1/2521 4019/1/4019
f 2637/1/2637 2584/1/2584 2665/1/2665
f 2638/1/2638 2693/1/2693 2607/1/2607
f 2607/1/2607 2766/1/2766 2668/1/2668
f 2639/1/2639 2610/1/2610 2641/1/2641
f 2640/1/2640 2804/1/2804 2700/1/2700
f 2641/1/2641 2642/1/2642 2669/1/2669
f 2738/1/2738 2643/1/2643 2668/1/2668
f 2643/1/2643 2738/1/2738 2561/1/2561
f 2561/1/2561 2738/1/2738 2771/1/2771
f 2671/1/2671 2590/1/2590 2771/1/2771
f 2647/1/2647 2591/1/2591 2773/1/2773
f 2672/1/2672 2743/1/2743 2648/1/2648
f 2743/1/2743 2704/1/2704 2648/1/2648
f 2593/1/2593 2503/1/2503 2705/1/2705
f 2564/1/2564 2532/1/2532 2674/1/2674
f 2675/1/2675 2707/1/2707 2565/1/2565
f 2649/1/2649 2706/1/2706 2614/1/2614
f 2745/1/2745 2615/1/2615 2855/1/2855
f 2746/1/2746 2617/1/2617 2616/1/2616
f 2651/1/2651 2618/1/2618 2709/1/2709
f 2616/1/2616 2620/1/2620 2746/1/2746
f 2653/1/2653 2747/1/2747 2678/1/2678
f 2653/1/2653 2621/1/2621 2710/1/2710
f 2597/1/2597 2819/1/2819 2598/1/2598
f 2621/1/2621 2571/1/2571 2711/1/2711
f 2598/1/2598 2819/1/2819 2712/1/2712
f 2508/1/2508 2711/1/2711 2571/1/2571
f 2506/1/2506 2712/1/2712 2679/1/2679
f 2712/1/2712 2506/1/2506 2598/1/2598
f 2656/1/2656 2655/1/2655 2679/1/2679
f 2508/1/2508 2752/1/2752 2711/1/2711
f 2656/1/2656 2783/1/2783 2657/1/2657
f 2658/1/2658 2657/1/2657 2680/1/2680
f 2714/1/2714 2624/1/2624 2680/1/2680
f 2681/1/2681 2715/1/2715 2624/1/2624
f 2714/1/2714 2681/1/2681 2624/1/2624
f 2659/1/2659 2601/1/2601 2756/1/2756
f 2601/1/2601 2683/1/2683 2756/1/2756
f 2756/1/2756 2683/1/2683 2719/1/2719
f 2757/1/2757 2718/1/2718 2682/1/2682
f 2684/1/2684 2719/1/2719 2683/1/2683
f 2660/1/2660 2721/1/2721 2684/1/2684
f 2630/1/2630 2722/1/2722 2660/1/2660
f 2686/1/2686 2792/1/2792 2687/1/2687
f 2723/1/2723 2722/1/2722 2630/1/2630
f 2723/1/2723 2631/1/2631 2688/1/2688
f 2631/1/2631 2724/1/2724 2688/1/2688
f 2724/1/2724 2631/1/2631 2579/1/2579
f 2661/1/2661 2724/1/2724 2579/1/2579
f 2662/1/2662 2724/1/2724 2661/1/2661
f 2605/1/2605 2725/1/2725 2690/1/2690
f 2796/1/2796 2664/1/2664 2634/1/2634
f 2582/1/2582 2690/1/2690 2691/1/2691
f 2691/1/2691 2763/1/2763 2606/1/2606
f 2583/1/2583 2692/1/2692 2798/1/2798
f 2763/1/2763 2764/1/2764 2606/1/2606
f 2836/1/2836 2692/1/2692 2521/1/2521
f 2521/1/2521 2765/1/2765 2836/1/2836
f 2764/1/2764 2728/1/2728 2638/1/2638
f 2665/1/2665 2765/1/2765 4019/1/4019
f 2584/1/2584 2729/1/2729 2837/1/2837
f 2693/1/2693 2694/1/2694 2607/1/2607
f 2607/1/2607 2694/1/2694 2766/1/2766
f 2695/1/2695 2731/1/2731 2697/1/2697
f 2731/1/2731 2695/1/2695 2667/1/2667
f 2698/1/2698 2697/1/2697 2732/1/2732
f 2557/1/2557 2639/1/2639 2734/1/2734
f 2639/1/2639 2768/1/2768 2734/1/2734
f 2698/1/2698 2735/1/2735 2701/1/2701
f 2738/1/2738 2668/1/2668 2806/1/2806
f 2769/1/2769 2642/1/2642 2611/1/2611
f 2587/1/2587 2736/1/2736 2611/1/2611
f 2587/1/2587 2845/1/2845 2736/1/2736
f 2588/1/2588 2670/1/2670 2845/1/2845
f 2703/1/2703 2670/1/2670 2702/1/2702
f 2740/1/2740 2741/1/2741 2672/1/2672
f 2705/1/2705 2775/1/2775 2593/1/2593
f 2564/1/2564 2705/1/2705 2503/1/2503
f 2673/1/2673 2774/1/2774 2851/1/2851
f 2810/1/2810 2673/1/2673 2851/1/2851
f 2706/1/2706 2673/1/2673 2810/1/2810
f 2674/1/2674 2532/1/2532 2811/1/2811
f 2811/1/2811 2532/1/2532 2707/1/2707
f 2614/1/2614 2744/1/2744 2708/1/2708
f 2676/1/2676 2745/1/2745 2675/1/2675
f 2596/1/2596 2708/1/2708 2777/1/2777
f 2615/1/2615 2677/1/2677 2855/1/2855
f 2596/1/2596 2777/1/2777 2650/1/2650
f 2777/1/2777 2778/1/2778 2650/1/2650
f 2778/1/2778 2709/1/2709 2618/1/2618
f 2617/1/2617 2780/1/2780 2677/1/2677
f 2618/1/2618 2650/1/2650 2778/1/2778
f 2746/1/2746 2651/1/2651 2709/1/2709
f 2620/1/2620 2651/1/2651 2746/1/2746
f 2653/1/2653 2710/1/2710 2747/1/2747
f 2678/1/2678 2748/1/2748 2652/1/2652
f 2710/1/2710 2621/1/2621 2749/1/2749
f 2654/1/2654 2750/1/2750 2597/1/2597
f 2748/1/2748 2750/1/2750 2654/1/2654
f 2750/1/2750 2751/1/2751 2597/1/2597
f 2819/1/2819 2597/1/2597 2751/1/2751
f 2712/1/2712 2782/1/2782 2679/1/2679
f 2656/1/2656 2679/1/2679 2713/1/2713
f 2656/1/2656 2713/1/2713 2783/1/2783
f 2657/1/2657 2753/1/2753 2680/1/2680
f 2861/1/2861 2752/1/2752 2574/1/2574
f 2861/1/2861 2574/1/2574 2754/1/2754
f 2786/1/2786 2715/1/2715 2681/1/2681
f 2787/1/2787 2716/1/2716 2715/1/2715
f 2716/1/2716 2717/1/2717 2757/1/2757
f 2717/1/2717 2718/1/2718 2757/1/2757
f 2718/1/2718 2628/1/2628 2682/1/2682
f 2718/1/2718 2629/1/2629 2628/1/2628
f 2825/1/2825 2719/1/2719 2684/1/2684
f 2684/1/2684 2721/1/2721 2825/1/2825
f 2721/1/2721 2660/1/2660 2722/1/2722
f 2685/1/2685 2758/1/2758 2686/1/2686
f 2686/1/2686 2759/1/2759 2792/1/2792
f 2792/1/2792 2761/1/2761 2687/1/2687
f 2724/1/2724 2793/1/2793 2688/1/2688
f 2761/1/2761 2830/1/2830 2689/1/2689
f 2662/1/2662 2827/1/2827 2724/1/2724
f 2689/1/2689 2830/1/2830 2633/1/2633
f 2664/1/2664 2795/1/2795 2662/1/2662
f 2873/1/2873 2795/1/2795 2664/1/2664
f 2796/1/2796 2873/1/2873 2664/1/2664
f 2796/1/2796 2634/1/2634 2635/1/2635
f 2796/1/2796 2635/1/2635 2762/1/2762
f 2726/1/2726 2762/1/2762 2635/1/2635
f 2636/1/2636 2727/1/2727 2726/1/2726
f 2727/1/2727 2583/1/2583 2798/1/2798
f 2692/1/2692 2799/1/2799 2798/1/2798
f 2638/1/2638 2728/1/2728 2693/1/2693
f 2584/1/2584 2837/1/2837 2665/1/2665
f 2732/1/2732 2697/1/2697 2731/1/2731
f 2696/1/2696 2699/1/2699 2733/1/2733
f 2731/1/2731 2667/1/2667 2730/1/2730
f 2667/1/2667 2734/1/2734 2730/1/2730
f 2699/1/2699 2700/1/2700 2767/1/2767
f 2733/1/2733 2699/1/2699 2767/1/2767
f 2639/1/2639 2641/1/2641 2805/1/2805
f 2768/1/2768 2639/1/2639 2805/1/2805
f 2700/1/2700 2804/1/2804 2767/1/2767
f 2668/1/2668 2766/1/2766 2806/1/2806
f 2806/1/2806 2770/1/2770 2738/1/2738
f 2670/1/2670 2737/1/2737 2845/1/2845
f 2703/1/2703 2737/1/2737 2670/1/2670
f 2771/1/2771 2738/1/2738 2739/1/2739
f 2702/1/2702 2589/1/2589 2847/1/2847
f 2740/1/2740 2671/1/2671 2771/1/2771
f 2848/1/2848 2645/1/2645 2772/1/2772
f 2772/1/2772 2645/1/2645 2647/1/2647
f 2741/1/2741 2742/1/2742 2672/1/2672
f 2672/1/2672 2742/1/2742 2743/1/2743
f 2743/1/2743 2774/1/2774 2704/1/2704
f 2593/1/2593 2775/1/2775 2773/1/2773
f 2674/1/2674 2705/1/2705 2564/1/2564
f 2706/1/2706 2810/1/2810 2614/1/2614
f 2707/1/2707 2675/1/2675 2776/1/2776
f 2675/1/2675 2745/1/2745 2814/1/2814
f 2617/1/2617 2746/1/2746 2779/1/2779
f 2617/1/2617 2779/1/2779 2780/1/2780
f 2819/1/2819 2782/1/2782 2712/1/2712
f 2783/1/2783 2784/1/2784 2657/1/2657
f 2753/1/2753 2657/1/2657 2784/1/2784
f 2680/1/2680 2753/1/2753 2714/1/2714
f 2755/1/2755 2754/1/2754 2659/1/2659
f 2714/1/2714 2785/1/2785 2681/1/2681
f 2681/1/2681 2785/1/2785 2786/1/2786
f 2659/1/2659 2756/1/2756 2823/1/2823
f 2786/1/2786 2787/1/2787 2715/1/2715
f 2716/1/2716 2787/1/2787 2717/1/2717
f 2718/1/2718 2826/1/2826 2629/1/2629
f 2720/1/2720 2629/1/2629 2826/1/2826
f 2720/1/2720 2789/1/2789 2685/1/2685
f 2789/1/2789 2758/1/2758 2685/1/2685
f 2791/1/2791 2723/1/2723 2688/1/2688
f 2688/1/2688 2793/1/2793 2791/1/2791
f 2792/1/2792 2760/1/2760 2761/1/2761
f 2761/1/2761 2760/1/2760 2830/1/2830
f 2793/1/2793 2724/1/2724 2827/1/2827
f 2794/1/2794 2827/1/2827 2662/1/2662
f 2795/1/2795 2794/1/2794 2662/1/2662
f 2605/1/2605 2633/1/2633 2902/1/2902
f 2725/1/2725 2605/1/2605 2902/1/2902
f 2690/1/2690 2725/1/2725 2691/1/2691
f 2726/1/2726 2727/1/2727 2834/1/2834
f 2906/1/2906 2692/1/2692 2836/1/2836
f 2799/1/2799 2692/1/2692 2906/1/2906
f 2728/1/2728 2764/1/2764 2763/1/2763
f 2765/1/2765 2665/1/2665 2800/1/2800
f 2729/1/2729 2801/1/2801 2837/1/2837
f 2911/1/2911 2694/1/2694 2693/1/2693
f 2731/1/2731 2838/1/2838 2732/1/2732
f 2766/1/2766 2694/1/2694 2840/1/2840
f 2839/1/2839 2731/1/2731 2730/1/2730
f 2838/1/2838 2731/1/2731 2839/1/2839
f 2666/1/2666 2696/1/2696 2733/1/2733
f 2732/1/2732 2910/1/2910 2698/1/2698
f 2732/1/2732 2802/1/2802 2910/1/2910
f 2698/1/2698 2910/1/2910 2735/1/2735
f 2701/1/2701 2804/1/2804 2640/1/2640
f 2641/1/2641 2669/1/2669 2805/1/2805
f 2669/1/2669 2642/1/2642 2769/1/2769
f 2769/1/2769 2611/1/2611 2736/1/2736
f 2770/1/2770 2739/1/2739 2738/1/2738
f 2702/1/2702 2847/1/2847 2703/1/2703
f 2703/1/2703 2847/1/2847 2880/1/2880
f 2847/1/2847 2589/1/2589 2848/1/2848
f 2589/1/2589 2645/1/2645 2848/1/2848
f 2740/1/2740 2771/1/2771 2807/1/2807
f 2740/1/2740 2807/1/2807 2881/1/2881
f 2743/1/2743 2809/1/2809 2774/1/2774
f 2773/1/2773 2775/1/2775 2885/1/2885
f 2774/1/2774 2809/1/2809 2851/1/2851
f 2707/1/2707 2776/1/2776 2811/1/2811
f 2614/1/2614 2810/1/2810 2813/1/2813
f 2776/1/2776 2675/1/2675 2814/1/2814
f 2777/1/2777 2854/1/2854 2778/1/2778
f 2891/1/2891 2678/1/2678 2747/1/2747
f 2710/1/2710 2890/1/2890 2747/1/2747
f 2678/1/2678 2891/1/2891 2748/1/2748
f 2781/1/2781 2749/1/2749 2857/1/2857
f 2749/1/2749 2621/1/2621 2857/1/2857
f 2819/1/2819 2751/1/2751 2818/1/2818
f 2621/1/2621 2711/1/2711 2857/1/2857
f 2819/1/2819 2859/1/2859 2782/1/2782
f 2679/1/2679 2782/1/2782 2957/1/2957
f 2782/1/2782 2895/1/2895 2957/1/2957
f 2711/1/2711 2752/1/2752 2820/1/2820
f 2679/1/2679 2957/1/2957 2713/1/2713
f 2752/1/2752 2861/1/2861 2860/1/2860
f 2784/1/2784 2822/1/2822 2753/1/2753
f 2714/1/2714 2753/1/2753 2785/1/2785
f 2785/1/2785 2753/1/2753 2822/1/2822
f 2755/1/2755 2659/1/2659 2823/1/2823
f 2786/1/2786 2866/1/2866 2787/1/2787
f 2719/1/2719 2824/1/2824 2756/1/2756
f 2756/1/2756 2824/1/2824 2823/1/2823
f 2717/1/2717 2788/1/2788 2718/1/2718
f 2788/1/2788 2717/1/2717 2866/1/2866
f 2787/1/2787 2866/1/2866 2717/1/2717
f 2788/1/2788 2826/1/2826 2718/1/2718
f 2789/1/2789 2720/1/2720 2826/1/2826
f 2759/1/2759 2686/1/2686 2758/1/2758
f 2722/1/2722 2790/1/2790 2868/1/2868
f 2790/1/2790 2722/1/2722 2723/1/2723
f 2791/1/2791 2790/1/2790 2723/1/2723
f 2870/1/2870 2791/1/2791 2793/1/2793
f 2793/1/2793 2827/1/2827 2870/1/2870
f 2633/1/2633 2830/1/2830 2902/1/2902
f 2872/1/2872 2832/1/2832 2794/1/2794
f 2872/1/2872 2794/1/2794 2795/1/2795
f 2796/1/2796 2762/1/2762 2833/1/2833
f 2725/1/2725 2797/1/2797 2691/1/2691
f 2833/1/2833 2762/1/2762 2726/1/2726
f 2798/1/2798 2834/1/2834 2727/1/2727
f 2800/1/2800 2836/1/2836 2765/1/2765
f 2801/1/2801 2729/1/2729 2984/1/2984
f 2666/1/2666 2984/1/2984 2729/1/2729
f 2911/1/2911 2840/1/2840 2694/1/2694
f 2732/1/2732 2838/1/2838 2909/1/2909
f 2909/1/2909 2802/1/2802 2732/1/2732
f 2733/1/2733 2984/1/2984 2666/1/2666
f 2730/1/2730 2768/1/2768 2839/1/2839
f 2940/1/2940 2984/1/2984 2733/1/2733
f 2734/1/2734 2768/1/2768 2730/1/2730
f 2735/1/2735 2804/1/2804 2701/1/2701
f 2804/1/2804 2841/1/2841 2767/1/2767
f 2766/1/2766 2878/1/2878 2806/1/2806
f 2669/1/2669 2842/1/2842 2805/1/2805
f 2842/1/2842 2669/1/2669 2769/1/2769
f 2879/1/2879 2769/1/2769 2736/1/2736
f 2806/1/2806 2843/1/2843 2770/1/2770
f 2843/1/2843 2739/1/2739 2770/1/2770
f 2918/1/2918 2737/1/2737 2703/1/2703
f 2846/1/2846 2739/1/2739 2843/1/2843
f 2771/1/2771 2739/1/2739 2846/1/2846
f 2807/1/2807 2771/1/2771 2846/1/2846
f 2808/1/2808 2740/1/2740 2881/1/2881
f 2740/1/2740 2808/1/2808 2741/1/2741
f 2647/1/2647 2773/1/2773 2849/1/2849
f 2809/1/2809 2742/1/2742 2884/1/2884
f 2742/1/2742 2809/1/2809 2743/1/2743
f 2674/1/2674 2811/1/2811 2852/1/2852
f 2776/1/2776 2812/1/2812 2811/1/2811
f 2614/1/2614 2813/1/2813 2744/1/2744
f 2744/1/2744 2853/1/2853 2708/1/2708
f 2777/1/2777 2708/1/2708 2853/1/2853
f 2777/1/2777 2853/1/2853 2854/1/2854
f 2814/1/2814 2745/1/2745 2815/1/2815
f 2815/1/2815 2745/1/2745 2855/1/2855
f 2991/1/2991 2856/1/2856 2780/1/2780
f 2856/1/2856 2855/1/2855 2677/1/2677
f 2746/1/2746 2709/1/2709 2816/1/2816
f 2746/1/2746 2816/1/2816 2779/1/2779
f 2856/1/2856 2677/1/2677 2780/1/2780
f 2749/1/2749 2781/1/2781 2710/1/2710
f 2751/1/2751 2750/1/2750 2894/1/2894
f 2818/1/2818 2751/1/2751 2817/1/2817
f 2894/1/2894 2817/1/2817 2751/1/2751
f 2819/1/2819 2818/1/2818 2858/1/2858
f 2857/1/2857 2711/1/2711 2820/1/2820
f 2896/1/2896 2713/1/2713 2957/1/2957
f 2820/1/2820 2752/1/2752 2860/1/2860
f 2783/1/2783 2713/1/2713 2896/1/2896
f 2784/1/2784 2783/1/2783 2821/1/2821
f 2861/1/2861 2754/1/2754 2755/1/2755
f 2897/1/2897 2784/1/2784 2821/1/2821
f 2785/1/2785 2822/1/2822 2863/1/2863
f 2862/1/2862 2823/1/2823 2824/1/2824
f 2786/1/2786 2785/1/2785 2863/1/2863
f 2866/1/2866 2786/1/2786 2865/1/2865
f 2863/1/2863 2865/1/2865 2786/1/2786
f 2719/1/2719 2825/1/2825 2962/1/2962
f 2719/1/2719 2962/1/2962 2824/1/2824
f 2721/1/2721 2965/1/2965 2825/1/2825
f 2868/1/2868 2965/1/2965 2721/1/2721
f 2868/1/2868 2721/1/2721 2722/1/2722
f 2899/1/2899 2790/1/2790 2791/1/2791
f 2899/1/2899 2791/1/2791 2870/1/2870
f 2759/1/2759 2871/1/2871 2792/1/2792
f 2760/1/2760 2792/1/2792 2871/1/2871
f 2760/1/2760 2829/1/2829 2830/1/2830
f 2831/1/2831 2830/1/2830 2829/1/2829
f 2828/1/2828 2827/1/2827 2794/1/2794
f 2831/1/2831 2902/1/2902 2830/1/2830
f 2828/1/2828 2794/1/2794 2832/1/2832
f 2795/1/2795 2873/1/2873 2872/1/2872
f 2977/1/2977 2725/1/2725 2902/1/2902
f 2796/1/2796 2833/1/2833 2873/1/2873
f 2691/1/2691 2797/1/2797 2763/1/2763
f 2763/1/2763 2797/1/2797 2835/1/2835
f 2799/1/2799 2906/1/2906 2905/1/2905
f 2665/1/2665 2837/1/2837 2800/1/2800
f 2911/1/2911 2693/1/2693 2728/1/2728
f 2877/1/2877 2838/1/2838 2839/1/2839
f 2733/1/2733 2803/1/2803 2940/1/2940
f 2803/1/2803 2733/1/2733 2767/1/2767
f 2767/1/2767 2841/1/2841 2803/1/2803
f 2914/1/2914 2768/1/2768 2805/1/2805
f 2878/1/2878 2843/1/2843 2806/1/2806
f 2917/1/2917 2843/1/2843 2878/1/2878
f 2844/1/2844 2879/1/2879 2736/1/2736
f 2845/1/2845 2844/1/2844 2736/1/2736
f 2917/1/2917 2846/1/2846 2843/1/2843
f 2844/1/2844 2845/1/2845 2944/1/2944
f 2845/1/2845 2918/1/2918 2944/1/2944
f 2737/1/2737 2918/1/2918 2845/1/2845
f 2703/1/2703 2880/1/2880 2918/1/2918
f 2647/1/2647 2883/1/2883 2772/1/2772
f 2884/1/2884 2741/1/2741 2808/1/2808
f 2647/1/2647 2849/1/2849 2883/1/2883
f 2742/1/2742 2741/1/2741 2884/1/2884
f 2773/1/2773 2885/1/2885 2849/1/2849
f 2850/1/2850 2809/1/2809 2884/1/2884
f 3029/1/3029 2775/1/2775 2705/1/2705
f 2809/1/2809 2850/1/2850 2851/1/2851
f 2886/1/2886 2851/1/2851 2850/1/2850
f 3029/1/3029 2705/1/2705 2674/1/2674
f 2810/1/2810 2851/1/2851 2886/1/2886
f 2852/1/2852 2811/1/2811 2812/1/2812
f 2813/1/2813 2810/1/2810 2886/1/2886
f 2776/1/2776 2887/1/2887 2812/1/2812
f 2853/1/2853 2744/1/2744 2813/1/2813
f 2709/1/2709 2778/1/2778 2889/1/2889
f 2991/1/2991 2780/1/2780 2779/1/2779
f 2890/1/2890 2992/1/2992 2747/1/2747
f 2748/1/2748 2891/1/2891 2750/1/2750
f 2858/1/2858 2859/1/2859 2819/1/2819
f 2895/1/2895 2782/1/2782 2859/1/2859
f 2896/1/2896 2821/1/2821 2783/1/2783
f 2861/1/2861 2755/1/2755 2862/1/2862
f 2929/1/2929 2897/1/2897 2821/1/2821
f 2822/1/2822 2784/1/2784 2897/1/2897
f 2823/1/2823 2862/1/2862 2755/1/2755
f 2897/1/2897 2863/1/2863 2822/1/2822
f 2931/1/2931 2866/1/2866 2865/1/2865
f 2788/1/2788 2867/1/2867 2826/1/2826
f 2966/1/2966 2867/1/2867 2788/1/2788
f 2826/1/2826 2867/1/2867 2789/1/2789
f 2758/1/2758 2789/1/2789 2869/1/2869
f 2759/1/2759 2758/1/2758 2974/1/2974
f 2899/1/2899 2868/1/2868 2790/1/2790
f 2899/1/2899 2870/1/2870 2900/1/2900
f 2871/1/2871 2759/1/2759 2974/1/2974
f 2760/1/2760 2871/1/2871 2829/1/2829
f 2827/1/2827 2828/1/2828 2870/1/2870
f 2976/1/2976 2828/1/2828 2832/1/2832
f 2873/1/2873 2903/1/2903 2872/1/2872
f 2903/1/2903 2873/1/2873 2874/1/2874
f 2874/1/2874 2873/1/2873 2833/1/2833
f 2725/1/2725 2977/1/2977 2797/1/2797
f 2904/1/2904 2903/1/2903 2874/1/2874
f 2874/1/2874 2833/1/2833 2875/1/2875
f 2980/1/2980 2875/1/2875 2833/1/2833
f 2833/1/2833 2726/1/2726 2980/1/2980
f 2937/1/2937 2798/1/2798 2799/1/2799
f 2835/1/2835 2907/1/2907 2763/1/2763
f 2800/1/2800 2906/1/2906 2836/1/2836
f 2763/1/2763 2907/1/2907 2728/1/2728
f 2800/1/2800 2837/1/2837 2876/1/2876
f 2911/1/2911 2728/1/2728 2907/1/2907
f 2909/1/2909 2838/1/2838 2908/1/2908
f 2908/1/2908 2838/1/2838 2877/1/2877
f 2909/1/2909 2910/1/2910 2802/1/2802
f 2942/1/2942 2840/1/2840 2911/1/2911
f 2735/1/2735 2910/1/2910 2941/1/2941
f 2840/1/2840 2878/1/2878 2766/1/2766
f 2941/1/2941 2841/1/2841 2735/1/2735
f 2735/1/2735 2841/1/2841 2804/1/2804
f 2769/1/2769 2879/1/2879 2842/1/2842
f 2844/1/2844 2916/1/2916 2879/1/2879
f 2918/1/2918 2880/1/2880 2946/1/2946
f 2847/1/2847 2919/1/2919 2880/1/2880
f 2919/1/2919 2847/1/2847 2848/1/2848
f 2807/1/2807 2882/1/2882 2881/1/2881
f 2848/1/2848 2772/1/2772 2988/1/2988
f 2882/1/2882 2922/1/2922 2881/1/2881
f 2922/1/2922 2808/1/2808 2881/1/2881
f 2922/1/2922 2884/1/2884 2808/1/2808
f 2922/1/2922 2923/1/2923 2884/1/2884
f 2884/1/2884 2923/1/2923 2850/1/2850
f 2924/1/2924 2850/1/2850 2923/1/2923
f 2885/1/2885 2775/1/2775 3028/1/3028
f 2674/1/2674 2852/1/2852 3029/1/3029
f 2813/1/2813 2886/1/2886 2954/1/2954
f 2954/1/2954 2853/1/2853 2813/1/2813
f 2925/1/2925 2887/1/2887 2776/1/2776
f 2814/1/2814 2925/1/2925 2776/1/2776
f 2854/1/2854 2853/1/2853 2888/1/2888
f 2888/1/2888 2926/1/2926 2854/1/2854
f 2778/1/2778 2854/1/2854 2926/1/2926
f 2927/1/2927 2815/1/2815 2855/1/2855
f 2778/1/2778 2926/1/2926 2889/1/2889
f 2816/1/2816 2709/1/2709 2889/1/2889
f 2710/1/2710 2892/1/2892 2890/1/2890
f 2781/1/2781 2892/1/2892 2710/1/2710
f 2750/1/2750 2891/1/2891 2893/1/2893
f 2781/1/2781 2857/1/2857 2892/1/2892
f 2893/1/2893 2894/1/2894 2750/1/2750
f 2818/1/2818 2994/1/2994 2858/1/2858
f 2957/1/2957 2995/1/2995 2896/1/2896
f 2896/1/2896 2929/1/2929 2821/1/2821
f 2860/1/2860 2861/1/2861 2958/1/2958
f 2960/1/2960 2929/1/2929 2896/1/2896
f 2929/1/2929 2961/1/2961 2897/1/2897
f 2862/1/2862 2824/1/2824 2930/1/2930
f 2897/1/2897 2864/1/2864 2863/1/2863
f 2962/1/2962 2825/1/2825 3040/1/3040
f 2963/1/2963 2865/1/2865 2863/1/2863
f 2964/1/2964 2866/1/2866 2931/1/2931
f 2788/1/2788 2866/1/2866 2966/1/2966
f 2966/1/2966 2866/1/2866 2964/1/2964
f 2867/1/2867 2898/1/2898 2789/1/2789
f 2868/1/2868 2967/1/2967 2965/1/2965
f 2868/1/2868 2899/1/2899 2972/1/2972
f 2758/1/2758 2869/1/2869 2974/1/2974
f 2871/1/2871 2974/1/2974 2901/1/2901
f 2901/1/2901 2829/1/2829 2871/1/2871
f 2870/1/2870 2828/1/2828 2975/1/2975
f 2901/1/2901 2933/1/2933 2829/1/2829
f 2933/1/2933 2831/1/2831 2829/1/2829
f 2832/1/2832 2872/1/2872 2934/1/2934
f 2976/1/2976 2832/1/2832 2934/1/2934
f 2872/1/2872 2903/1/2903 2934/1/2934
f 2903/1/2903 2935/1/2935 2934/1/2934
f 2904/1/2904 2935/1/2935 2903/1/2903
f 2834/1/2834 2980/1/2980 2726/1/2726
f 2834/1/2834 2798/1/2798 2937/1/2937
f 2835/1/2835 2982/1/2982 2907/1/2907
f 2800/1/2800 2876/1/2876 3046/1/3046
f 2906/1/2906 2800/1/2800 3046/1/3046
f 2837/1/2837 2801/1/2801 2983/1/2983
f 2912/1/2912 2877/1/2877 2839/1/2839
f 2910/1/2910 2909/1/2909 3009/1/3009
f 2839/1/2839 2768/1/2768 2912/1/2912
f 2768/1/2768 2913/1/2913 2912/1/2912
f 2914/1/2914 2913/1/2913 2768/1/2768
f 2840/1/2840 2915/1/2915 2878/1/2878
f 2915/1/2915 2840/1/2840 2942/1/2942
f 2805/1/2805 2842/1/2842 2914/1/2914
f 2914/1/2914 2842/1/2842 3016/1/3016
f 2917/1/2917 2878/1/2878 2915/1/2915
f 2916/1/2916 2844/1/2844 2943/1/2943
f 2844/1/2844 2944/1/2944 2943/1/2943
f 2846/1/2846 2917/1/2917 3020/1/3020
f 2945/1/2945 2918/1/2918 2946/1/2946
f 2807/1/2807 2846/1/2846 3025/1/3025
f 2946/1/2946 2880/1/2880 2919/1/2919
f 2807/1/2807 2920/1/2920 2882/1/2882
f 2848/1/2848 2988/1/2988 2919/1/2919
f 2922/1/2922 2882/1/2882 2920/1/2920
f 2921/1/2921 2922/1/2922 2920/1/2920
f 2921/1/2921 2951/1/2951 2922/1/2922
f 2951/1/2951 2923/1/2923 2922/1/2922
f 3028/1/3028 2775/1/2775 3029/1/3029
f 2924/1/2924 2953/1/2953 2850/1/2850
f 2953/1/2953 2886/1/2886 2850/1/2850
f 2954/1/2954 2886/1/2886 2953/1/2953
f 2856/1/2856 2991/1/2991 3132/1/3132
f 2927/1/2927 2856/1/2856 3132/1/3132
f 2855/1/2855 2856/1/2856 2927/1/2927
f 2928/1/2928 2891/1/2891 2747/1/2747
f 2892/1/2892 2857/1/2857 3034/1/3034
f 2818/1/2818 2817/1/2817 2994/1/2994
f 2820/1/2820 2860/1/2860 2955/1/2955
f 2860/1/2860 2958/1/2958 2955/1/2955
f 2896/1/2896 2995/1/2995 2960/1/2960
f 2861/1/2861 2862/1/2862 2959/1/2959
f 2930/1/2930 2959/1/2959 2862/1/2862
f 2824/1/2824 2962/1/2962 2930/1/2930
f 2897/1/2897 2961/1/2961 2864/1/2864
f 3040/1/3040 2825/1/2825 2965/1/2965
f 2932/1/2932 2931/1/2931 2865/1/2865
f 2869/1/2869 2789/1/2789 2898/1/2898
f 2899/1/2899 2900/1/2900 2972/1/2972
f 2870/1/2870 2975/1/2975 2900/1/2900
f 3042/1/3042 2828/1/2828 2976/1/2976
f 2902/1/2902 2831/1/2831 2977/1/2977
f 3003/1/3003 2934/1/2934 2935/1/2935
f 2977/1/2977 3004/1/3004 2797/1/2797
f 2874/1/2874 2875/1/2875 2979/1/2979
f 2979/1/2979 2875/1/2875 3006/1/3006
f 2875/1/2875 2980/1/2980 3006/1/3006
f 3004/1/3004 2835/1/2835 2797/1/2797
f 2834/1/2834 2936/1/2936 3005/1/3005
f 2834/1/2834 3005/1/3005 2980/1/2980
f 2936/1/2936 2834/1/2834 2937/1/2937
f 2938/1/2938 2937/1/2937 2799/1/2799
f 2905/1/2905 3045/1/3045 2981/1/2981
f 2938/1/2938 2905/1/2905 2981/1/2981
f 2799/1/2799 2905/1/2905 2938/1/2938
f 3046/1/3046 2905/1/2905 2906/1/2906
f 3046/1/3046 3045/1/3045 2905/1/2905
f 2907/1/2907 2982/1/2982 3008/1/3008
f 2837/1/2837 2939/1/2939 2876/1/2876
f 2939/1/2939 2837/1/2837 2983/1/2983
f 2908/1/2908 3050/1/3050 3010/1/3010
f 2909/1/2909 2908/1/2908 3010/1/3010
f 3010/1/3010 3009/1/3009 2909/1/2909
f 2907/1/2907 3008/1/3008 3015/1/3015
f 2907/1/2907 3015/1/3015 2911/1/2911
f 3011/1/3011 2877/1/2877 2912/1/2912
f 2942/1/2942 2911/1/2911 3015/1/3015
f 2941/1/2941 2910/1/2910 3012/1/3012
f 2940/1/2940 2803/1/2803 2841/1/2841
f 3016/1/3016 2842/1/2842 2879/1/2879
f 2945/1/2945 2985/1/2985 2944/1/2944
f 2944/1/2944 2918/1/2918 2945/1/2945
f 3023/1/3023 2846/1/2846 3020/1/3020
f 3023/1/3023 3025/1/3025 2846/1/2846
f 2947/1/2947 2946/1/2946 2919/1/2919
f 2807/1/2807 3025/1/3025 2920/1/2920
f 2948/1/2948 2921/1/2921 2920/1/2920
f 2772/1/2772 2883/1/2883 2949/1/2949
f 2921/1/2921 2950/1/2950 2951/1/2951
f 2883/1/2883 2849/1/2849 3027/1/3027
f 2951/1/2951 2952/1/2952 2923/1/2923
f 2952/1/2952 2924/1/2924 2923/1/2923
f 2953/1/2953 2924/1/2924 2990/1/2990
f 2852/1/2852 3070/1/3070 3068/1/3068
f 2852/1/2852 2812/1/2812 3070/1/3070
f 3070/1/3070 2812/1/2812 2887/1/2887
f 2954/1/2954 2888/1/2888 2853/1/2853
f 2925/1/2925 2814/1/2814 3158/1/3158
f 3031/1/3031 2814/1/2814 2815/1/2815
f 2816/1/2816 2889/1/2889 3032/1/3032
f 2779/1/2779 2816/1/2816 3032/1/3032
f 2779/1/2779 3032/1/3032 2991/1/2991
f 2992/1/2992 2928/1/2928 2747/1/2747
f 2993/1/2993 2891/1/2891 2928/1/2928
f 2857/1/2857 2820/1/2820 3034/1/3034
f 3163/1/3163 2817/1/2817 2894/1/2894
f 3034/1/3034 2820/1/2820 2955/1/2955
f 2859/1/2859 2858/1/2858 2895/1/2895
f 2895/1/2895 2956/1/2956 2957/1/2957
f 2959/1/2959 2958/1/2958 2861/1/2861
f 2960/1/2960 2997/1/2997 2929/1/2929
f 2997/1/2997 2961/1/2961 2929/1/2929
f 2998/1/2998 2930/1/2930 2962/1/2962
f 2961/1/2961 2997/1/2997 3039/1/3039
f 2864/1/2864 2961/1/2961 3039/1/3039
f 2963/1/2963 2864/1/2864 3039/1/3039
f 2963/1/2963 2863/1/2863 2864/1/2864
f 2865/1/2865 2963/1/2963 2932/1/2932
f 2964/1/2964 2931/1/2931 2932/1/2932
f 2966/1/2966 2964/1/2964 3091/1/3091
f 2898/1/2898 2867/1/2867 2968/1/2968
f 2867/1/2867 2966/1/2966 2968/1/2968
f 2969/1/2969 2967/1/2967 2972/1/2972
f 2970/1/2970 2969/1/2969 2972/1/2972
f 2972/1/2972 2967/1/2967 2868/1/2868
f 2898/1/2898 2971/1/2971 2869/1/2869
f 2968/1/2968 2971/1/2971 2898/1/2898
f 3000/1/3000 2970/1/2970 2972/1/2972
f 2973/1/2973 2974/1/2974 2869/1/2869
f 3000/1/3000 2972/1/2972 2900/1/2900
f 2901/1/2901 2974/1/2974 3002/1/3002
f 3000/1/3000 2900/1/2900 2975/1/2975
f 3000/1/3000 2975/1/2975 3001/1/3001
f 3042/1/3042 3001/1/3001 2975/1/2975
f 2828/1/2828 3042/1/3042 2975/1/2975
f 2901/1/2901 3002/1/3002 2933/1/2933
f 3042/1/3042 2976/1/2976 3097/1/3097
f 2933/1/2933 2977/1/2977 2831/1/2831
f 2976/1/2976 2934/1/2934 3043/1/3043
f 3043/1/3043 2934/1/2934 3003/1/3003
f 2935/1/2935 2904/1/2904 2978/1/2978
f 2904/1/2904 2874/1/2874 2979/1/2979
f 2937/1/2937 3007/1/3007 3148/1/3148
f 2937/1/2937 3148/1/3148 2936/1/2936
f 2982/1/2982 2835/1/2835 3004/1/3004
f 2938/1/2938 3007/1/3007 2937/1/2937
f 2938/1/2938 2981/1/2981 3007/1/3007
f 2908/1/2908 2877/1/2877 3050/1/3050
f 2984/1/2984 2983/1/2983 2801/1/2801
f 2910/1/2910 3009/1/3009 3012/1/3012
f 2941/1/2941 3012/1/3012 3013/1/3013
f 3053/1/3053 2940/1/2940 2841/1/2841
f 2841/1/2841 2941/1/2941 3013/1/3013
f 3017/1/3017 2915/1/2915 2942/1/2942
f 2917/1/2917 2915/1/2915 3017/1/3017
f 2916/1/2916 3016/1/3016 2879/1/2879
f 2943/1/2943 3057/1/3057 2916/1/2916
f 3019/1/3019 2943/1/2943 2985/1/2985
f 2944/1/2944 2985/1/2985 2943/1/2943
f 2986/1/2986 3019/1/3019 2985/1/2985
f 4020/1/4020 3019/1/3019 2986/1/2986
f 2985/1/2985 2945/1/2945 2987/1/2987
f 2987/1/2987 2986/1/2986 2985/1/2985
f 2919/1/2919 3026/1/3026 2947/1/2947
f 2948/1/2948 2920/1/2920 3025/1/3025
f 2919/1/2919 2988/1/2988 3026/1/3026
f 2950/1/2950 2921/1/2921 2948/1/2948
f 3027/1/3027 2949/1/2949 2883/1/2883
f 2951/1/2951 2950/1/2950 2952/1/2952
f 2989/1/2989 2924/1/2924 2952/1/2952
f 3029/1/3029 3207/1/3207 3028/1/3028
f 2924/1/2924 2989/1/2989 2990/1/2990
f 3029/1/3029 2852/1/2852 3068/1/3068
f 2990/1/2990 3069/1/3069 2953/1/2953
f 2953/1/2953 3069/1/3069 2954/1/2954
f 3071/1/3071 2954/1/2954 3069/1/3069
f 2925/1/2925 3125/1/3125 2887/1/2887
f 2888/1/2888 2954/1/2954 3071/1/3071
f 3030/1/3030 3073/1/3073 2926/1/2926
f 3031/1/3031 3158/1/3158 2814/1/2814
f 3030/1/3030 2926/1/2926 2888/1/2888
f 2926/1/2926 3073/1/3073 2889/1/2889
f 2889/1/2889 3074/1/3074 3032/1/3032
f 2815/1/2815 2927/1/2927 3031/1/3031
f 2892/1/2892 3133/1/3133 2890/1/2890
f 2892/1/2892 3077/1/3077 3133/1/3133
f 2891/1/2891 2993/1/2993 2893/1/2893
f 2817/1/2817 3162/1/3162 2994/1/2994
f 3163/1/3163 3162/1/3162 2817/1/2817
f 3135/1/3135 2858/1/2858 2994/1/2994
f 2895/1/2895 2858/1/2858 2956/1/2956
f 3135/1/3135 2956/1/2956 2858/1/2858
f 2995/1/2995 2957/1/2957 2956/1/2956
f 3035/1/3035 2996/1/2996 2995/1/2995
f 3036/1/3036 2959/1/2959 2930/1/2930
f 2995/1/2995 2996/1/2996 2960/1/2960
f 2998/1/2998 3036/1/3036 2930/1/2930
f 2962/1/2962 3040/1/3040 2998/1/2998
f 3039/1/3039 3086/1/3086 2963/1/2963
f 3083/1/3083 3040/1/3040 2965/1/2965
f 3088/1/3088 2932/1/2932 2963/1/2963
f 2967/1/2967 3083/1/3083 2965/1/2965
f 2967/1/2967 2969/1/2969 3083/1/3083
f 3088/1/3088 2964/1/2964 2932/1/2932
f 3091/1/3091 2964/1/2964 2999/1/2999
f 2964/1/2964 3090/1/3090 2999/1/2999
f 2968/1/2968 2966/1/2966 3091/1/3091
f 3093/1/3093 2970/1/2970 3000/1/3000
f 2971/1/2971 3041/1/3041 2869/1/2869
f 2973/1/2973 2869/1/2869 3041/1/3041
f 2974/1/2974 2973/1/2973 3002/1/3002
f 3097/1/3097 2976/1/2976 3043/1/3043
f 3043/1/3043 3141/1/3141 3097/1/3097
f 2977/1/2977 2933/1/2933 3100/1/3100
f 3003/1/3003 2935/1/2935 2978/1/2978
f 3004/1/3004 2977/1/2977 3100/1/3100
f 2904/1/2904 3101/1/3101 2978/1/2978
f 3101/1/3101 2904/1/2904 2979/1/2979
f 2980/1/2980 3005/1/3005 3102/1/3102
f 2980/1/2980 3102/1/3102 3006/1/3006
f 3010/1/3010 3050/1/3050 3104/1/3104
f 3052/1/3052 3194/1/3194 2983/1/2983
f 3050/1/3050 2877/1/2877 3151/1/3151
f 2983/1/2983 2984/1/2984 3052/1/3052
f 2877/1/2877 3011/1/3011 3151/1/3151
f 3009/1/3009 3105/1/3105 3012/1/3012
f 2984/1/2984 3053/1/3053 3052/1/3052
f 3053/1/3053 2984/1/2984 2940/1/2940
f 2913/1/2913 3014/1/3014 2912/1/2912
f 3111/1/3111 3013/1/3013 3012/1/3012
f 2914/1/2914 3014/1/3014 2913/1/2913
f 3053/1/3053 2841/1/2841 3013/1/3013
f 3056/1/3056 3014/1/3014 2914/1/2914
f 3015/1/3015 3017/1/3017 2942/1/2942
f 2916/1/2916 3057/1/3057 3016/1/3016
f 3018/1/3018 3057/1/3057 2943/1/2943
f 3017/1/3017 3020/1/3020 2917/1/2917
f 3019/1/3019 3018/1/3018 2943/1/2943
f 2986/1/2986 2987/1/2987 4020/1/4020
f 2945/1/2945 3022/1/3022 2987/1/2987
f 3021/1/3021 3023/1/3023 3020/1/3020
f 2946/1/2946 3022/1/3022 2945/1/2945
f 3022/1/3022 2946/1/2946 2947/1/2947
f 3024/1/3024 3025/1/3025 3023/1/3023
f 3024/1/3024 3023/1/3023 3021/1/3021
f 3024/1/3024 2948/1/2948 3025/1/3025
f 2988/1/2988 3065/1/3065 3026/1/3026
f 3116/1/3116 2948/1/2948 3024/1/3024
f 2772/1/2772 3065/1/3065 2988/1/2988
f 2772/1/2772 2949/1/2949 3065/1/3065
f 3066/1/3066 2950/1/2950 2948/1/2948
f 2989/1/2989 2950/1/2950 3066/1/3066
f 3027/1/3027 2849/1/2849 3117/1/3117
f 2950/1/2950 2989/1/2989 2952/1/2952
f 2849/1/2849 2885/1/2885 3117/1/3117
f 3117/1/3117 2885/1/2885 3028/1/3028
f 3070/1/3070 3123/1/3123 3068/1/3068
f 3128/1/3128 2925/1/2925 3158/1/3158
f 3074/1/3074 2889/1/2889 3073/1/3073
f 2991/1/2991 3032/1/3032 3033/1/3033
f 3032/1/3032 3076/1/3076 3033/1/3033
f 2991/1/2991 3033/1/3033 3132/1/3132
f 2892/1/2892 3034/1/3034 3077/1/3077
f 3079/1/3079 3034/1/3034 2955/1/2955
f 2994/1/2994 3162/1/3162 3135/1/3135
f 2958/1/2958 3079/1/3079 2955/1/2955
f 3035/1/3035 2995/1/2995 2956/1/2956
f 3080/1/3080 2996/1/2996 3035/1/3035
f 2960/1/2960 2996/1/2996 3037/1/3037
f 2997/1/2997 2960/1/2960 3037/1/3037
f 3037/1/3037 3038/1/3038 2997/1/2997
f 3038/1/3038 3039/1/3039 2997/1/2997
f 3038/1/3038 3085/1/3085 3039/1/3039
f 3085/1/3085 3086/1/3086 3039/1/3039
f 2963/1/2963 3086/1/3086 3088/1/3088
f 2964/1/2964 3088/1/3088 3090/1/3090
f 2968/1/2968 3174/1/3174 2971/1/2971
f 3000/1/3000 3176/1/3176 3093/1/3093
f 3094/1/3094 3041/1/3041 3179/1/3179
f 3094/1/3094 2973/1/2973 3041/1/3041
f 2973/1/2973 3094/1/3094 3002/1/3002
f 3139/1/3139 3001/1/3001 3042/1/3042
f 3042/1/3042 3096/1/3096 3139/1/3139
f 3098/1/3098 3002/1/3002 3094/1/3094
f 2933/1/2933 3002/1/3002 3098/1/3098
f 3097/1/3097 3096/1/3096 3042/1/3042
f 3182/1/3182 2978/1/2978 3101/1/3101
f 2979/1/2979 3044/1/3044 3101/1/3101
f 3005/1/3005 2936/1/2936 3185/1/3185
f 3005/1/3005 3185/1/3185 3102/1/3102
f 3006/1/3006 3102/1/3102 3044/1/3044
f 3007/1/3007 3184/1/3184 3148/1/3148
f 2936/1/2936 3148/1/3148 3185/1/3185
f 2981/1/2981 3184/1/3184 3007/1/3007
f 3103/1/3103 3184/1/3184 2981/1/2981
f 3045/1/3045 3103/1/3103 2981/1/2981
f 2982/1/2982 3004/1/3004 3047/1/3047
f 3187/1/3187 2876/1/2876 3245/1/3245
f 3187/1/3187 3046/1/3046 2876/1/2876
f 3245/1/3245 2876/1/2876 2939/1/2939
f 3047/1/3047 3008/1/3008 2982/1/2982
f 3047/1/3047 3048/1/3048 3008/1/3008
f 3048/1/3048 3051/1/3051 3008/1/3008
f 2939/1/2939 2983/1/2983 3194/1/3194
f 3049/1/3049 3050/1/3050 3151/1/3151
f 3104/1/3104 3050/1/3050 3049/1/3049
f 3010/1/3010 3105/1/3105 3009/1/3009
f 3011/1/3011 3110/1/3110 3151/1/3151
f 3051/1/3051 3015/1/3015 3008/1/3008
f 2912/1/2912 3110/1/3110 3011/1/3011
f 3052/1/3052 3053/1/3053 3054/1/3054
f 3055/1/3055 3015/1/3015 3051/1/3051
f 3110/1/3110 2912/1/2912 3014/1/3014
f 3111/1/3111 3054/1/3054 3053/1/3053
f 3053/1/3053 3013/1/3013 3111/1/3111
f 3015/1/3015 3055/1/3055 3017/1/3017
f 3056/1/3056 2914/1/2914 3016/1/3016
f 3060/1/3060 3017/1/3017 3055/1/3055
f 3058/1/3058 3016/1/3016 3057/1/3057
f 3060/1/3060 3062/1/3062 3017/1/3017
f 3058/1/3058 3057/1/3057 3018/1/3018
f 3061/1/3061 3058/1/3058 3018/1/3018
f 3113/1/3113 3059/1/3059 3061/1/3061
f 3113/1/3113 3061/1/3061 3018/1/3018
f 3017/1/3017 3062/1/3062 3020/1/3020
f 3021/1/3021 3020/1/3020 3062/1/3062
f 3153/1/3153 3022/1/3022 2947/1/2947
f 3064/1/3064 3024/1/3024 3021/1/3021
f 3115/1/3115 3116/1/3116 3024/1/3024
f 3116/1/3116 3066/1/3066 2948/1/2948
f 3065/1/3065 2949/1/2949 3156/1/3156
f 3067/1/3067 2989/1/2989 3066/1/3066
f 3027/1/3027 3117/1/3117 3205/1/3205
f 3067/1/3067 3118/1/3118 2989/1/2989
f 3207/1/3207 3117/1/3117 3028/1/3028
f 3118/1/3118 2990/1/2990 2989/1/2989
f 3029/1/3029 3068/1/3068 3207/1/3207
f 3121/1/3121 3069/1/3069 2990/1/2990
f 3071/1/3071 3069/1/3069 3121/1/3121
f 3071/1/3071 3121/1/3121 3127/1/3127
f 3070/1/3070 2887/1/2887 3125/1/3125
f 2925/1/2925 3128/1/3128 3125/1/3125
f 3030/1/3030 2888/1/2888 3071/1/3071
f 3030/1/3030 3071/1/3071 3127/1/3127
f 3073/1/3073 3030/1/3030 3072/1/3072
f 3032/1/3032 3075/1/3075 3076/1/3076
f 3132/1/3132 3159/1/3159 2927/1/2927
f 3159/1/3159 3031/1/3031 2927/1/2927
f 2890/1/2890 3133/1/3133 2992/1/2992
f 3313/1/3313 2893/1/2893 2993/1/2993
f 3134/1/3134 3077/1/3077 3034/1/3034
f 2893/1/2893 3078/1/3078 2894/1/2894
f 3079/1/3079 3134/1/3134 3034/1/3034
f 2959/1/2959 3136/1/3136 2958/1/2958
f 2959/1/2959 3167/1/3167 3136/1/3136
f 2959/1/2959 3036/1/3036 3167/1/3167
f 3080/1/3080 3037/1/3037 2996/1/2996
f 3137/1/3137 3037/1/3037 3080/1/3080
f 3036/1/3036 2998/1/2998 3081/1/3081
f 3040/1/3040 3082/1/3082 2998/1/2998
f 3037/1/3037 3084/1/3084 3038/1/3038
f 3083/1/3083 3082/1/3082 3040/1/3040
f 2969/1/2969 3087/1/3087 3083/1/3083
f 3089/1/3089 3088/1/3088 3223/1/3223
f 3223/1/3223 3088/1/3088 3086/1/3086
f 3087/1/3087 2969/1/2969 3172/1/3172
f 2970/1/2970 3172/1/3172 2969/1/2969
f 2970/1/2970 3093/1/3093 3172/1/3172
f 3091/1/3091 2999/1/2999 3092/1/3092
f 3092/1/3092 3225/1/3225 3091/1/3091
f 3093/1/3093 3176/1/3176 3173/1/3173
f 3174/1/3174 2968/1/2968 3091/1/3091
f 2971/1/2971 3179/1/3179 3041/1/3041
f 3176/1/3176 3000/1/3000 3001/1/3001
f 3176/1/3176 3001/1/3001 3139/1/3139
f 3139/1/3139 3180/1/3180 3176/1/3176
f 3098/1/3098 3094/1/3094 3140/1/3140
f 3141/1/3141 3095/1/3095 3096/1/3096
f 3097/1/3097 3141/1/3141 3096/1/3096
f 3140/1/3140 3099/1/3099 3098/1/3098
f 3146/1/3146 3098/1/3098 3144/1/3144
f 3141/1/3141 3043/1/3043 3142/1/3142
f 2933/1/2933 3098/1/3098 3146/1/3146
f 3142/1/3142 3043/1/3043 3143/1/3143
f 3043/1/3043 3003/1/3003 3143/1/3143
f 3146/1/3146 3100/1/3100 2933/1/2933
f 3003/1/3003 2978/1/2978 3143/1/3143
f 3143/1/3143 2978/1/2978 3182/1/3182
f 3186/1/3186 3100/1/3100 3147/1/3147
f 3100/1/3100 3186/1/3186 3004/1/3004
f 2979/1/2979 3006/1/3006 3044/1/3044
f 3186/1/3186 3047/1/3047 3004/1/3004
f 3187/1/3187 3045/1/3045 3046/1/3046
f 3106/1/3106 3105/1/3105 3104/1/3104
f 3191/1/3191 2939/1/2939 3194/1/3194
f 3105/1/3105 3010/1/3010 3104/1/3104
f 3106/1/3106 3107/1/3107 3105/1/3105
f 3107/1/3107 3111/1/3111 3105/1/3105
f 3052/1/3052 3109/1/3109 3194/1/3194
f 3012/1/3012 3105/1/3105 3111/1/3111
f 3108/1/3108 3111/1/3111 3107/1/3107
f 3108/1/3108 3109/1/3109 3054/1/3054
f 3052/1/3052 3054/1/3054 3109/1/3109
f 3054/1/3054 3111/1/3111 3108/1/3108
f 3056/1/3056 3251/1/3251 3014/1/3014
f 3060/1/3060 3055/1/3055 3197/1/3197
f 3058/1/3058 3056/1/3056 3016/1/3016
f 3253/1/3253 3056/1/3056 3058/1/3058
f 3198/1/3198 3061/1/3061 3059/1/3059
f 3062/1/3062 3060/1/3060 3112/1/3112
f 3256/1/3256 3062/1/3062 3112/1/3112
f 3063/1/3063 4020/1/4020 3114/1/3114
f 4020/1/4020 2987/1/2987 3114/1/3114
f 3022/1/3022 3153/1/3153 3114/1/3114
f 2987/1/2987 3022/1/3022 3114/1/3114
f 2947/1/2947 3154/1/3154 3153/1/3153
f 2947/1/2947 3026/1/3026 3154/1/3154
f 3064/1/3064 3115/1/3115 3024/1/3024
f 3257/1/3257 3154/1/3154 3026/1/3026
f 3065/1/3065 3257/1/3257 3026/1/3026
f 3155/1/3155 3066/1/3066 3116/1/3116
f 3203/1/3203 3066/1/3066 3155/1/3155
f 2949/1/2949 3027/1/3027 3205/1/3205
f 3203/1/3203 3067/1/3067 3066/1/3066
f 3119/1/3119 3120/1/3120 3118/1/3118
f 3120/1/3120 3121/1/3121 3118/1/3118
f 3118/1/3118 3121/1/3121 2990/1/2990
f 3068/1/3068 3122/1/3122 3207/1/3207
f 3127/1/3127 3121/1/3121 3120/1/3120
f 3068/1/3068 3123/1/3123 3122/1/3122
f 3119/1/3119 3124/1/3124 3120/1/3120
f 3070/1/3070 3125/1/3125 3123/1/3123
f 3124/1/3124 3126/1/3126 3120/1/3120
f 3120/1/3120 3126/1/3126 3127/1/3127
f 3072/1/3072 3030/1/3030 3127/1/3127
f 3126/1/3126 3072/1/3072 3127/1/3127
f 3129/1/3129 3072/1/3072 3126/1/3126
f 3129/1/3129 3130/1/3130 3072/1/3072
f 3130/1/3130 3073/1/3073 3072/1/3072
f 3129/1/3129 3131/1/3131 3130/1/3130
f 3158/1/3158 3031/1/3031 3159/1/3159
f 3130/1/3130 3074/1/3074 3073/1/3073
f 3131/1/3131 3074/1/3074 3130/1/3130
f 3032/1/3032 3074/1/3074 3131/1/3131
f 3075/1/3075 3032/1/3032 3131/1/3131
f 3078/1/3078 2893/1/2893 3313/1/3313
f 3163/1/3163 2894/1/2894 3078/1/3078
f 3134/1/3134 3079/1/3079 3161/1/3161
f 3161/1/3161 3079/1/3079 3136/1/3136
f 3136/1/3136 3079/1/3079 2958/1/2958
f 3135/1/3135 3165/1/3165 2956/1/2956
f 3165/1/3165 3035/1/3035 2956/1/2956
f 3165/1/3165 3166/1/3166 3035/1/3035
f 3035/1/3035 3166/1/3166 3080/1/3080
f 3036/1/3036 3081/1/3081 3167/1/3167
f 3080/1/3080 3166/1/3166 3137/1/3137
f 2998/1/2998 3082/1/3082 3081/1/3081
f 3137/1/3137 3168/1/3168 3037/1/3037
f 3037/1/3037 3168/1/3168 3084/1/3084
f 3082/1/3082 3083/1/3083 3138/1/3138
f 3083/1/3083 3087/1/3087 3138/1/3138
f 3085/1/3085 3038/1/3038 3084/1/3084
f 3084/1/3084 3169/1/3169 3085/1/3085
f 3085/1/3085 3169/1/3169 3086/1/3086
f 3172/1/3172 3093/1/3093 3173/1/3173
f 3225/1/3225 3174/1/3174 3091/1/3091
f 2971/1/2971 3177/1/3177 3179/1/3179
f 3179/1/3179 3228/1/3228 3094/1/3094
f 3094/1/3094 3228/1/3228 3140/1/3140
f 3098/1/3098 3099/1/3099 3144/1/3144
f 3146/1/3146 3144/1/3144 3145/1/3145
f 3101/1/3101 3236/1/3236 3182/1/3182
f 3044/1/3044 3236/1/3236 3101/1/3101
f 3044/1/3044 3183/1/3183 3236/1/3236
f 3103/1/3103 3339/1/3339 3184/1/3184
f 3240/1/3240 3339/1/3339 3103/1/3103
f 3103/1/3103 3045/1/3045 3240/1/3240
f 3240/1/3240 3045/1/3045 3187/1/3187
f 3189/1/3189 3106/1/3106 3149/1/3149
f 3048/1/3048 3047/1/3047 3246/1/3246
f 3149/1/3149 3106/1/3106 3104/1/3104
f 3104/1/3104 3049/1/3049 3149/1/3149
f 3245/1/3245 2939/1/2939 3191/1/3191
f 3107/1/3107 3193/1/3193 3108/1/3108
f 3051/1/3051 3048/1/3048 3296/1/3296
f 3051/1/3051 3296/1/3296 3196/1/3196
f 3051/1/3051 3196/1/3196 3055/1/3055
f 3196/1/3196 3197/1/3197 3055/1/3055
f 3014/1/3014 3251/1/3251 3248/1/3248
f 3253/1/3253 3251/1/3251 3056/1/3056
f 3197/1/3197 3112/1/3112 3060/1/3060
f 3061/1/3061 3198/1/3198 3254/1/3254
f 3061/1/3061 3253/1/3253 3058/1/3058
f 3199/1/3199 3152/1/3152 3059/1/3059
f 3200/1/3200 3199/1/3199 3059/1/3059
f 3200/1/3200 3059/1/3059 3113/1/3113
f 3200/1/3200 3113/1/3113 3063/1/3063
f 3200/1/3200 3063/1/3063 3114/1/3114
f 3062/1/3062 3301/1/3301 3021/1/3021
f 3301/1/3301 3064/1/3064 3021/1/3021
f 3301/1/3301 3115/1/3115 3064/1/3064
f 3155/1/3155 3116/1/3116 3115/1/3115
f 3156/1/3156 2949/1/2949 3205/1/3205
f 3067/1/3067 3206/1/3206 3118/1/3118
f 3123/1/3123 3157/1/3157 3122/1/3122
f 3125/1/3125 3157/1/3157 3123/1/3123
f 3208/1/3208 3126/1/3126 3124/1/3124
f 3125/1/3125 3128/1/3128 3157/1/3157
f 3129/1/3129 3126/1/3126 3209/1/3209
f 3129/1/3129 3209/1/3209 3131/1/3131
f 3210/1/3210 3131/1/3131 3209/1/3209
f 3158/1/3158 3159/1/3159 3160/1/3160
f 3131/1/3131 3210/1/3210 3075/1/3075
f 3076/1/3076 3213/1/3213 3033/1/3033
f 3033/1/3033 3213/1/3213 3132/1/3132
f 3132/1/3132 3213/1/3213 3159/1/3159
f 3133/1/3133 3077/1/3077 3310/1/3310
f 3162/1/3162 3164/1/3164 3135/1/3135
f 3214/1/3214 3135/1/3135 3164/1/3164
f 3214/1/3214 3165/1/3165 3135/1/3135
f 3214/1/3214 3166/1/3166 3165/1/3165
f 3214/1/3214 3378/1/3378 3166/1/3166
f 3216/1/3216 3081/1/3081 3082/1/3082
f 3082/1/3082 3138/1/3138 3216/1/3216
f 3137/1/3137 3219/1/3219 3168/1/3168
f 3168/1/3168 3170/1/3170 3084/1/3084
f 3168/1/3168 3219/1/3219 3170/1/3170
f 3170/1/3170 3169/1/3169 3084/1/3084
f 3086/1/3086 3169/1/3169 3221/1/3221
f 3172/1/3172 3171/1/3171 3087/1/3087
f 3086/1/3086 3221/1/3221 3223/1/3223
f 3088/1/3088 3089/1/3089 3090/1/3090
f 3173/1/3173 3222/1/3222 3172/1/3172
f 3090/1/3090 3092/1/3092 2999/1/2999
f 3092/1/3092 3090/1/3090 3089/1/3089
f 3089/1/3089 3280/1/3280 3092/1/3092
f 3175/1/3175 3173/1/3173 3176/1/3176
f 3178/1/3178 3175/1/3175 3176/1/3176
f 3177/1/3177 2971/1/2971 3174/1/3174
f 3180/1/3180 3178/1/3178 3176/1/3176
f 3228/1/3228 3179/1/3179 3177/1/3177
f 3328/1/3328 3180/1/3180 3139/1/3139
f 3096/1/3096 3328/1/3328 3139/1/3139
f 3328/1/3328 3096/1/3096 3095/1/3095
f 3095/1/3095 3141/1/3141 3231/1/3231
f 3181/1/3181 3140/1/3140 3228/1/3228
f 3231/1/3231 3141/1/3141 3142/1/3142
f 3181/1/3181 3099/1/3099 3140/1/3140
f 3143/1/3143 3234/1/3234 3142/1/3142
f 3235/1/3235 3234/1/3234 3143/1/3143
f 3147/1/3147 3146/1/3146 3145/1/3145
f 3100/1/3100 3146/1/3146 3147/1/3147
f 3235/1/3235 3143/1/3143 3182/1/3182
f 3235/1/3235 3182/1/3182 3290/1/3290
f 3239/1/3239 3147/1/3147 3145/1/3145
f 3290/1/3290 3182/1/3182 3236/1/3236
f 3239/1/3239 3186/1/3186 3147/1/3147
f 3292/1/3292 3183/1/3183 3102/1/3102
f 3292/1/3292 3102/1/3102 3185/1/3185
f 3044/1/3044 3102/1/3102 3183/1/3183
f 3185/1/3185 3148/1/3148 3184/1/3184
f 3184/1/3184 3339/1/3339 3237/1/3237
f 3240/1/3240 3187/1/3187 3242/1/3242
f 3189/1/3189 3188/1/3188 3244/1/3244
f 3189/1/3189 3149/1/3149 3188/1/3188
f 3244/1/3244 3150/1/3150 3189/1/3189
f 3149/1/3149 3190/1/3190 3241/1/3241
f 3106/1/3106 3189/1/3189 3150/1/3150
f 3149/1/3149 3049/1/3049 3190/1/3190
f 3106/1/3106 3150/1/3150 3193/1/3193
f 3346/1/3346 3245/1/3245 3191/1/3191
f 3049/1/3049 3192/1/3192 3190/1/3190
f 3106/1/3106 3193/1/3193 3107/1/3107
f 3296/1/3296 3048/1/3048 3246/1/3246
f 3049/1/3049 3151/1/3151 3192/1/3192
f 3191/1/3191 3109/1/3109 3193/1/3193
f 3194/1/3194 3109/1/3109 3191/1/3191
f 3151/1/3151 3110/1/3110 3195/1/3195
f 3151/1/3151 3195/1/3195 3192/1/3192
f 3109/1/3109 3108/1/3108 3193/1/3193
f 3196/1/3196 3296/1/3296 3348/1/3348
f 3110/1/3110 3297/1/3297 3195/1/3195
f 3110/1/3110 3014/1/3014 3297/1/3297
f 3014/1/3014 3248/1/3248 3297/1/3297
f 3354/1/3354 3197/1/3197 3196/1/3196
f 3254/1/3254 3253/1/3253 3061/1/3061
f 3199/1/3199 3200/1/3200 3298/1/3298
f 3299/1/3299 3256/1/3256 3112/1/3112
f 3200/1/3200 3114/1/3114 3201/1/3201
f 3114/1/3114 3153/1/3153 3201/1/3201
f 3256/1/3256 3301/1/3301 3062/1/3062
f 3115/1/3115 3301/1/3301 3202/1/3202
f 3202/1/3202 3155/1/3155 3115/1/3115
f 3065/1/3065 3156/1/3156 3257/1/3257
f 3203/1/3203 3155/1/3155 3204/1/3204
f 3206/1/3206 3203/1/3203 3204/1/3204
f 3203/1/3203 3206/1/3206 3067/1/3067
f 3205/1/3205 3117/1/3117 3363/1/3363
f 3303/1/3303 3117/1/3117 3207/1/3207
f 3119/1/3119 3118/1/3118 3206/1/3206
f 3119/1/3119 3206/1/3206 3259/1/3259
f 3207/1/3207 3122/1/3122 3258/1/3258
f 3260/1/3260 3119/1/3119 3259/1/3259
f 3124/1/3124 3119/1/3119 3260/1/3260
f 3306/1/3306 3122/1/3122 3157/1/3157
f 3124/1/3124 3260/1/3260 3208/1/3208
f 3208/1/3208 3209/1/3209 3126/1/3126
f 3160/1/3160 3128/1/3128 3158/1/3158
f 3211/1/3211 3075/1/3075 3210/1/3210
f 3075/1/3075 3211/1/3211 3076/1/3076
f 3076/1/3076 3211/1/3211 3213/1/3213
f 3211/1/3211 3212/1/3212 3213/1/3213
f 3213/1/3213 3160/1/3160 3159/1/3159
f 3212/1/3212 3160/1/3160 3213/1/3213
f 3311/1/3311 2928/1/2928 2992/1/2992
f 3134/1/3134 3310/1/3310 3077/1/3077
f 3313/1/3313 3314/1/3314 3078/1/3078
f 3078/1/3078 3314/1/3314 3163/1/3163
f 3163/1/3163 3263/1/3263 3315/1/3315
f 3162/1/3162 3315/1/3315 3164/1/3164
f 3214/1/3214 3164/1/3164 3316/1/3316
f 3167/1/3167 3215/1/3215 3136/1/3136
f 3081/1/3081 3216/1/3216 3377/1/3377
f 3217/1/3217 3138/1/3138 3087/1/3087
f 3267/1/3267 3217/1/3217 3218/1/3218
f 3171/1/3171 3217/1/3217 3087/1/3087
f 3218/1/3218 3217/1/3217 3171/1/3171
f 3220/1/3220 3269/1/3269 3218/1/3218
f 3170/1/3170 3221/1/3221 3169/1/3169
f 3220/1/3220 3218/1/3218 3171/1/3171
f 3271/1/3271 3221/1/3221 3170/1/3170
f 3171/1/3171 3172/1/3172 3222/1/3222
f 3220/1/3220 3171/1/3171 3222/1/3222
f 3222/1/3222 3272/1/3272 3220/1/3220
f 3276/1/3276 3272/1/3272 3222/1/3222
f 3280/1/3280 3089/1/3089 3223/1/3223
f 3222/1/3222 3173/1/3173 3276/1/3276
f 3276/1/3276 3173/1/3173 3224/1/3224
f 3092/1/3092 3280/1/3280 3279/1/3279
f 3224/1/3224 3173/1/3173 3175/1/3175
f 3225/1/3225 3092/1/3092 3279/1/3279
f 3175/1/3175 3178/1/3178 3224/1/3224
f 3174/1/3174 3225/1/3225 3282/1/3282
f 3226/1/3226 3178/1/3178 3180/1/3180
f 3228/1/3228 3177/1/3177 3227/1/3227
f 3284/1/3284 3328/1/3328 3095/1/3095
f 3284/1/3284 3095/1/3095 3229/1/3229
f 3228/1/3228 3227/1/3227 3181/1/3181
f 3181/1/3181 3227/1/3227 3230/1/3230
f 3095/1/3095 3231/1/3231 3229/1/3229
f 3142/1/3142 3232/1/3232 3231/1/3231
f 3232/1/3232 3142/1/3142 3234/1/3234
f 3144/1/3144 3181/1/3181 3230/1/3230
f 3234/1/3234 3235/1/3235 3233/1/3233
f 3144/1/3144 3099/1/3099 3181/1/3181
f 3144/1/3144 3291/1/3291 3145/1/3145
f 3235/1/3235 3290/1/3290 3233/1/3233
f 3291/1/3291 3239/1/3239 3145/1/3145
f 3289/1/3289 3290/1/3290 3236/1/3236
f 3236/1/3236 3183/1/3183 3289/1/3289
f 3237/1/3237 3238/1/3238 3184/1/3184
f 3185/1/3185 3184/1/3184 3238/1/3238
f 3292/1/3292 3185/1/3185 3238/1/3238
f 3239/1/3239 3340/1/3340 3186/1/3186
f 3339/1/3339 3240/1/3240 3437/1/3437
f 3342/1/3342 3188/1/3188 3341/1/3341
f 3342/1/3342 3244/1/3244 3188/1/3188
f 3294/1/3294 3244/1/3244 3342/1/3342
f 3188/1/3188 3241/1/3241 3341/1/3341
f 3187/1/3187 3245/1/3245 3242/1/3242
f 3149/1/3149 3241/1/3241 3188/1/3188
f 3246/1/3246 3186/1/3186 3347/1/3347
f 3047/1/3047 3186/1/3186 3246/1/3246
f 3243/1/3243 3241/1/3241 3190/1/3190
f 3294/1/3294 3345/1/3345 3244/1/3244
f 3345/1/3345 3150/1/3150 3244/1/3244
f 3246/1/3246 3347/1/3347 3396/1/3396
f 3345/1/3345 3193/1/3193 3150/1/3150
f 3193/1/3193 3345/1/3345 3191/1/3191
f 3246/1/3246 3396/1/3396 3296/1/3296
f 3247/1/3247 3192/1/3192 3195/1/3195
f 3447/1/3447 3195/1/3195 3297/1/3297
f 3253/1/3253 3249/1/3249 3251/1/3251
f 3250/1/3250 3249/1/3249 3253/1/3253
f 3354/1/3354 3299/1/3299 3197/1/3197
f 3252/1/3252 3250/1/3250 3254/1/3254
f 3197/1/3197 3299/1/3299 3112/1/3112
f 3254/1/3254 3250/1/3250 3253/1/3253
f 3351/1/3351 3252/1/3252 3254/1/3254
f 3255/1/3255 3199/1/3199 3298/1/3298
f 3298/1/3298 3200/1/3200 3352/1/3352
f 3200/1/3200 3201/1/3201 3352/1/3352
f 3153/1/3153 3154/1/3154 3201/1/3201
f 3154/1/3154 3359/1/3359 3358/1/3358
f 3154/1/3154 3257/1/3257 3359/1/3359
f 3117/1/3117 3303/1/3303 3363/1/3363
f 3303/1/3303 3207/1/3207 3258/1/3258
f 3306/1/3306 3258/1/3258 3122/1/3122
f 3261/1/3261 3208/1/3208 3260/1/3260
f 3261/1/3261 3209/1/3209 3208/1/3208
f 3262/1/3262 3209/1/3209 3261/1/3261
f 3128/1/3128 3372/1/3372 3157/1/3157
f 3262/1/3262 3210/1/3210 3209/1/3209
f 3372/1/3372 3160/1/3160 3309/1/3309
f 3128/1/3128 3160/1/3160 3372/1/3372
f 3262/1/3262 3211/1/3211 3210/1/3210
f 3308/1/3308 3211/1/3211 3262/1/3262
f 3309/1/3309 3212/1/3212 3308/1/3308
f 3160/1/3160 3212/1/3212 3309/1/3309
f 3212/1/3212 3211/1/3211 3308/1/3308
f 3133/1/3133 3311/1/3311 2992/1/2992
f 2928/1/2928 3311/1/3311 3513/1/3513
f 3134/1/3134 3312/1/3312 3310/1/3310
f 3314/1/3314 3263/1/3263 3163/1/3163
f 3161/1/3161 3264/1/3264 3134/1/3134
f 3163/1/3163 3315/1/3315 3162/1/3162
f 3161/1/3161 3136/1/3136 3215/1/3215
f 3164/1/3164 3265/1/3265 3316/1/3316
f 3376/1/3376 3215/1/3215 3167/1/3167
f 3378/1/3378 3214/1/3214 3316/1/3316
f 3167/1/3167 3081/1/3081 3376/1/3376
f 3377/1/3377 3376/1/3376 3081/1/3081
f 3166/1/3166 3378/1/3378 3319/1/3319
f 3137/1/3137 3166/1/3166 3319/1/3319
f 3138/1/3138 3266/1/3266 3216/1/3216
f 3266/1/3266 3138/1/3138 3217/1/3217
f 3217/1/3217 3267/1/3267 3266/1/3266
f 3319/1/3319 3219/1/3219 3137/1/3137
f 3268/1/3268 3267/1/3267 3218/1/3218
f 3269/1/3269 3320/1/3320 3268/1/3268
f 3269/1/3269 3268/1/3268 3218/1/3218
f 3319/1/3319 3270/1/3270 3219/1/3219
f 3219/1/3219 3270/1/3270 3170/1/3170
f 3220/1/3220 3272/1/3272 3321/1/3321
f 3271/1/3271 3170/1/3170 3270/1/3270
f 3270/1/3270 3273/1/3273 3271/1/3271
f 3322/1/3322 3273/1/3273 3270/1/3270
f 3221/1/3221 3275/1/3275 3274/1/3274
f 3271/1/3271 3275/1/3275 3221/1/3221
f 3273/1/3273 3275/1/3275 3271/1/3271
f 3223/1/3223 3221/1/3221 3274/1/3274
f 3223/1/3223 3274/1/3274 3277/1/3277
f 3277/1/3277 3274/1/3274 3278/1/3278
f 3278/1/3278 3274/1/3274 3275/1/3275
f 3275/1/3275 3326/1/3326 3278/1/3278
f 3276/1/3276 3224/1/3224 3325/1/3325
f 3280/1/3280 3223/1/3223 3277/1/3277
f 3280/1/3280 3281/1/3281 3279/1/3279
f 3277/1/3277 3327/1/3327 3280/1/3280
f 3279/1/3279 3282/1/3282 3225/1/3225
f 3327/1/3327 3281/1/3281 3280/1/3280
f 3327/1/3327 3277/1/3277 3278/1/3278
f 3177/1/3177 3174/1/3174 3282/1/3282
f 3281/1/3281 3282/1/3282 3279/1/3279
f 3283/1/3283 3177/1/3177 3282/1/3282
f 3328/1/3328 3226/1/3226 3180/1/3180
f 3227/1/3227 3177/1/3177 3285/1/3285
f 3285/1/3285 3177/1/3177 3283/1/3283
f 3332/1/3332 3227/1/3227 3285/1/3285
f 3284/1/3284 3229/1/3229 3329/1/3329
f 3332/1/3332 3230/1/3230 3227/1/3227
f 3231/1/3231 3286/1/3286 3229/1/3229
f 3231/1/3231 3232/1/3232 3286/1/3286
f 3232/1/3232 3287/1/3287 3286/1/3286
f 3232/1/3232 3234/1/3234 3287/1/3287
f 3234/1/3234 3233/1/3233 3287/1/3287
f 3230/1/3230 3334/1/3334 3144/1/3144
f 3334/1/3334 3291/1/3291 3144/1/3144
f 3233/1/3233 3290/1/3290 3288/1/3288
f 3290/1/3290 3289/1/3289 3288/1/3288
f 3293/1/3293 3239/1/3239 3291/1/3291
f 3237/1/3237 3390/1/3390 3238/1/3238
f 3390/1/3390 3292/1/3292 3238/1/3238
f 3289/1/3289 3292/1/3292 3288/1/3288
f 3183/1/3183 3292/1/3292 3289/1/3289
f 3340/1/3340 3239/1/3239 3293/1/3293
f 3391/1/3391 3339/1/3339 3437/1/3437
f 3340/1/3340 3347/1/3347 3186/1/3186
f 3242/1/3242 3343/1/3343 3240/1/3240
f 3342/1/3342 3393/1/3393 3294/1/3294
f 3243/1/3243 3190/1/3190 3295/1/3295
f 3190/1/3190 3192/1/3192 3295/1/3295
f 3346/1/3346 3191/1/3191 3345/1/3345
f 3195/1/3195 3447/1/3447 3247/1/3247
f 3348/1/3348 3354/1/3354 3196/1/3196
f 3399/1/3399 3248/1/3248 3349/1/3349
f 3349/1/3349 3248/1/3248 3251/1/3251
f 3349/1/3349 3251/1/3251 3249/1/3249
f 3349/1/3349 3249/1/3249 3250/1/3250
f 3298/1/3298 3350/1/3350 3351/1/3351
f 3298/1/3298 3351/1/3351 3255/1/3255
f 3352/1/3352 3350/1/3350 3298/1/3298
f 3201/1/3201 3353/1/3353 3352/1/3352
f 3299/1/3299 3300/1/3300 3256/1/3256
f 3300/1/3300 3357/1/3357 3256/1/3256
f 3256/1/3256 3357/1/3357 3301/1/3301
f 3201/1/3201 3154/1/3154 3358/1/3358
f 3456/1/3456 3301/1/3301 3357/1/3357
f 3301/1/3301 3456/1/3456 3202/1/3202
f 3360/1/3360 3202/1/3202 3456/1/3456
f 3359/1/3359 3257/1/3257 3302/1/3302
f 3202/1/3202 3361/1/3361 3155/1/3155
f 3302/1/3302 3257/1/3257 3156/1/3156
f 3362/1/3362 3302/1/3302 3156/1/3156
f 3204/1/3204 3155/1/3155 3361/1/3361
f 3156/1/3156 3205/1/3205 3362/1/3362
f 3204/1/3204 3364/1/3364 3206/1/3206
f 3206/1/3206 3364/1/3364 3365/1/3365
f 3259/1/3259 3206/1/3206 3365/1/3365
f 3368/1/3368 3259/1/3259 3365/1/3365
f 3368/1/3368 3260/1/3260 3259/1/3259
f 3305/1/3305 3261/1/3261 3260/1/3260
f 3304/1/3304 3305/1/3305 3260/1/3260
f 3306/1/3306 3157/1/3157 3371/1/3371
f 3374/1/3374 3262/1/3262 3305/1/3305
f 3262/1/3262 3261/1/3261 3305/1/3305
f 3371/1/3371 3157/1/3157 3372/1/3372
f 3307/1/3307 3373/1/3373 3309/1/3309
f 3373/1/3373 3372/1/3372 3309/1/3309
f 3308/1/3308 3262/1/3262 3374/1/3374
f 3307/1/3307 3308/1/3308 3375/1/3375
f 3307/1/3307 3309/1/3309 3308/1/3308
f 3310/1/3310 3408/1/3408 3133/1/3133
f 2928/1/2928 3513/1/3513 2993/1/2993
f 3310/1/3310 3312/1/3312 3464/1/3464
f 3312/1/3312 3134/1/3134 3264/1/3264
f 3409/1/3409 3312/1/3312 3264/1/3264
f 3215/1/3215 3264/1/3264 3161/1/3161
f 3315/1/3315 3265/1/3265 3164/1/3164
f 3216/1/3216 3317/1/3317 3377/1/3377
f 3468/1/3468 3317/1/3317 3266/1/3266
f 3318/1/3318 3468/1/3468 3266/1/3266
f 3266/1/3266 3317/1/3317 3216/1/3216
f 3319/1/3319 3378/1/3378 3415/1/3415
f 3318/1/3318 3266/1/3266 3267/1/3267
f 3379/1/3379 3318/1/3318 3267/1/3267
f 3267/1/3267 3380/1/3380 3379/1/3379
f 3267/1/3267 3268/1/3268 3380/1/3380
f 3380/1/3380 3268/1/3268 3320/1/3320
f 3320/1/3320 3269/1/3269 3321/1/3321
f 3415/1/3415 3419/1/3419 3319/1/3319
f 3220/1/3220 3321/1/3321 3269/1/3269
f 3319/1/3319 3419/1/3419 3270/1/3270
f 3321/1/3321 3272/1/3272 3418/1/3418
f 3421/1/3421 3270/1/3270 3419/1/3419
f 3418/1/3418 3272/1/3272 3323/1/3323
f 3421/1/3421 3322/1/3322 3270/1/3270
f 3272/1/3272 3276/1/3276 3323/1/3323
f 3273/1/3273 3322/1/3322 3275/1/3275
f 3326/1/3326 3324/1/3324 3278/1/3278
f 3325/1/3325 3323/1/3323 3276/1/3276
f 3224/1/3224 3178/1/3178 3325/1/3325
f 3278/1/3278 3324/1/3324 3327/1/3327
f 3178/1/3178 3226/1/3226 3325/1/3325
f 3226/1/3226 3424/1/3424 3325/1/3325
f 3424/1/3424 3226/1/3226 3330/1/3330
f 3281/1/3281 3381/1/3381 3282/1/3282
f 3383/1/3383 3283/1/3283 3282/1/3282
f 3381/1/3381 3383/1/3383 3282/1/3282
f 3382/1/3382 3381/1/3381 3281/1/3281
f 3327/1/3327 3426/1/3426 3281/1/3281
f 3329/1/3329 3330/1/3330 3226/1/3226
f 3226/1/3226 3328/1/3328 3329/1/3329
f 3329/1/3329 3286/1/3286 3330/1/3330
f 3328/1/3328 3284/1/3284 3329/1/3329
f 3330/1/3330 3286/1/3286 3331/1/3331
f 3430/1/3430 3285/1/3285 3385/1/3385
f 3430/1/3430 3332/1/3332 3285/1/3285
f 3329/1/3329 3229/1/3229 3286/1/3286
f 3332/1/3332 3430/1/3430 3386/1/3386
f 3286/1/3286 3387/1/3387 3331/1/3331
f 3332/1/3332 3333/1/3333 3230/1/3230
f 3286/1/3286 3287/1/3287 3387/1/3387
f 3333/1/3333 3334/1/3334 3230/1/3230
f 3287/1/3287 3388/1/3388 3387/1/3387
f 3287/1/3287 3233/1/3233 3388/1/3388
f 3233/1/3233 3288/1/3288 3388/1/3388
f 3388/1/3388 3288/1/3288 3335/1/3335
f 3291/1/3291 3334/1/3334 3337/1/3337
f 3389/1/3389 3337/1/3337 3334/1/3334
f 3488/1/3488 3336/1/3336 3390/1/3390
f 3335/1/3335 3288/1/3288 3336/1/3336
f 3293/1/3293 3291/1/3291 3337/1/3337
f 3292/1/3292 3390/1/3390 3336/1/3336
f 3288/1/3288 3292/1/3292 3336/1/3336
f 3339/1/3339 3391/1/3391 3338/1/3338
f 3338/1/3338 3237/1/3237 3339/1/3339
f 3390/1/3390 3237/1/3237 3338/1/3338
f 3240/1/3240 3343/1/3343 3437/1/3437
f 3347/1/3347 3340/1/3340 3442/1/3442
f 3344/1/3344 3343/1/3343 3242/1/3242
f 3446/1/3446 3347/1/3347 3442/1/3442
f 3245/1/3245 3444/1/3444 3344/1/3344
f 3242/1/3242 3245/1/3245 3344/1/3344
f 3394/1/3394 3345/1/3345 3294/1/3294
f 3444/1/3444 3245/1/3245 3346/1/3346
f 3394/1/3394 3346/1/3346 3345/1/3345
f 3446/1/3446 3396/1/3396 3347/1/3347
f 3192/1/3192 3395/1/3395 3295/1/3295
f 3296/1/3296 3397/1/3397 3348/1/3348
f 3398/1/3398 3248/1/3248 3399/1/3399
f 3250/1/3250 3400/1/3400 3349/1/3349
f 3250/1/3250 3252/1/3252 3400/1/3400
f 3350/1/3350 3252/1/3252 3351/1/3351
f 3453/1/3453 3352/1/3352 3353/1/3353
f 3354/1/3354 3355/1/3355 3299/1/3299
f 3299/1/3299 3355/1/3355 3300/1/3300
f 3201/1/3201 3356/1/3356 3353/1/3353
f 3401/1/3401 3357/1/3357 3300/1/3300
f 3201/1/3201 3358/1/3358 3356/1/3356
f 3358/1/3358 3359/1/3359 3402/1/3402
f 3359/1/3359 3458/1/3458 3402/1/3402
f 3361/1/3361 3202/1/3202 3360/1/3360
f 3205/1/3205 3363/1/3363 3362/1/3362
f 3363/1/3363 3404/1/3404 3362/1/3362
f 3367/1/3367 3365/1/3365 3364/1/3364
f 3303/1/3303 3366/1/3366 3363/1/3363
f 3367/1/3367 3368/1/3368 3365/1/3365
f 3304/1/3304 3367/1/3367 3405/1/3405
f 3367/1/3367 3304/1/3304 3368/1/3368
f 3304/1/3304 3260/1/3260 3368/1/3368
f 3406/1/3406 3303/1/3303 3258/1/3258
f 3258/1/3258 3306/1/3306 3406/1/3406
f 3505/1/3505 3370/1/3370 3369/1/3369
f 3369/1/3369 3305/1/3305 3304/1/3304
f 3369/1/3369 3374/1/3374 3305/1/3305
f 3370/1/3370 3374/1/3374 3369/1/3369
f 3375/1/3375 3374/1/3374 3370/1/3370
f 3307/1/3307 3375/1/3375 3370/1/3370
f 3407/1/3407 3371/1/3371 3373/1/3373
f 3372/1/3372 3373/1/3373 3371/1/3371
f 3375/1/3375 3308/1/3308 3374/1/3374
f 3408/1/3408 3311/1/3311 3133/1/3133
f 3464/1/3464 3408/1/3408 3310/1/3310
f 3410/1/3410 3313/1/3313 2993/1/2993
f 3464/1/3464 3312/1/3312 3409/1/3409
f 3314/1/3314 3313/1/3313 3410/1/3410
f 3314/1/3314 3514/1/3514 3263/1/3263
f 3514/1/3514 3465/1/3465 3263/1/3263
f 3263/1/3263 3515/1/3515 3315/1/3315
f 3264/1/3264 3215/1/3215 3411/1/3411
f 3315/1/3315 3518/1/3518 3265/1/3265
f 3515/1/3515 3518/1/3518 3315/1/3315
f 3265/1/3265 3466/1/3466 3316/1/3316
f 3215/1/3215 3376/1/3376 3412/1/3412
f 3215/1/3215 3412/1/3412 3411/1/3411
f 3317/1/3317 3467/1/3467 3377/1/3377
f 3378/1/3378 3413/1/3413 3415/1/3415
f 3380/1/3380 3414/1/3414 3379/1/3379
f 3320/1/3320 3321/1/3321 3416/1/3416
f 3321/1/3321 3418/1/3418 3416/1/3416
f 3421/1/3421 3420/1/3420 3322/1/3322
f 3423/1/3423 3326/1/3326 3275/1/3275
f 3275/1/3275 3322/1/3322 3423/1/3423
f 3420/1/3420 3422/1/3422 3322/1/3322
f 3323/1/3323 3325/1/3325 3424/1/3424
f 3324/1/3324 3326/1/3326 3425/1/3425
f 3324/1/3324 3425/1/3425 3327/1/3327
f 3382/1/3382 3281/1/3281 3426/1/3426
f 3327/1/3327 3425/1/3425 3426/1/3426
f 3283/1/3283 3385/1/3385 3285/1/3285
f 3283/1/3283 3383/1/3383 3385/1/3385
f 3384/1/3384 3331/1/3331 3431/1/3431
f 3384/1/3384 3330/1/3330 3331/1/3331
f 3387/1/3387 3432/1/3432 3331/1/3331
f 3433/1/3433 3332/1/3332 3386/1/3386
f 3333/1/3333 3332/1/3332 3433/1/3433
f 3387/1/3387 3388/1/3388 3434/1/3434
f 3334/1/3334 3433/1/3433 3389/1/3389
f 3334/1/3334 3333/1/3333 3433/1/3433
f 3488/1/3488 3435/1/3435 3336/1/3336
f 3435/1/3435 3335/1/3335 3336/1/3336
f 3390/1/3390 3338/1/3338 3488/1/3488
f 3340/1/3340 3293/1/3293 3392/1/3392
f 3293/1/3293 3337/1/3337 3392/1/3392
f 3342/1/3342 3341/1/3341 3438/1/3438
f 3340/1/3340 3392/1/3392 3442/1/3442
f 3393/1/3393 3443/1/3443 3294/1/3294
f 3441/1/3441 3341/1/3341 3241/1/3241
f 3444/1/3444 3346/1/3346 3394/1/3394
f 3555/1/3555 3295/1/3295 3395/1/3395
f 3395/1/3395 3192/1/3192 3247/1/3247
f 3397/1/3397 3296/1/3296 3396/1/3396
f 3297/1/3297 3398/1/3398 3447/1/3447
f 3297/1/3297 3248/1/3248 3398/1/3398
f 3399/1/3399 3349/1/3349 3449/1/3449
f 3350/1/3350 3352/1/3352 3453/1/3453
f 3353/1/3353 3564/1/3564 3452/1/3452
f 3453/1/3453 3353/1/3353 3452/1/3452
f 3353/1/3353 3356/1/3356 3564/1/3564
f 3401/1/3401 3300/1/3300 3355/1/3355
f 3358/1/3358 3454/1/3454 3356/1/3356
f 3495/1/3495 3357/1/3357 3401/1/3401
f 3456/1/3456 3357/1/3357 3495/1/3495
f 3456/1/3456 3457/1/3457 3360/1/3360
f 3302/1/3302 3458/1/3458 3359/1/3359
f 3361/1/3361 3360/1/3360 3496/1/3496
f 3403/1/3403 3458/1/3458 3302/1/3302
f 3302/1/3302 3362/1/3362 3403/1/3403
f 3361/1/3361 3497/1/3497 3204/1/3204
f 3404/1/3404 3403/1/3403 3362/1/3362
f 3204/1/3204 3497/1/3497 3364/1/3364
f 3404/1/3404 3363/1/3363 3501/1/3501
f 3364/1/3364 3499/1/3499 3460/1/3460
f 3460/1/3460 3367/1/3367 3364/1/3364
f 3363/1/3363 3366/1/3366 3501/1/3501
f 3406/1/3406 3366/1/3366 3303/1/3303
f 3461/1/3461 3304/1/3304 3405/1/3405
f 3461/1/3461 3369/1/3369 3304/1/3304
f 3505/1/3505 3369/1/3369 3461/1/3461
f 3505/1/3505 3512/1/3512 3370/1/3370
f 3371/1/3371 3504/1/3504 3306/1/3306
f 3307/1/3307 3370/1/3370 3462/1/3462
f 3307/1/3307 3462/1/3462 3463/1/3463
f 3373/1/3373 3307/1/3307 3463/1/3463
f 3373/1/3373 3463/1/3463 3407/1/3407
f 3311/1/3311 3408/1/3408 3513/1/3513
f 3408/1/3408 3464/1/3464 3579/1/3579
f 3513/1/3513 3410/1/3410 2993/1/2993
f 3314/1/3314 3410/1/3410 3514/1/3514
f 3515/1/3515 3263/1/3263 3465/1/3465
f 3316/1/3316 3466/1/3466 3520/1/3520
f 3377/1/3377 3412/1/3412 3376/1/3376
f 3467/1/3467 3317/1/3317 3468/1/3468
f 3413/1/3413 3316/1/3316 3520/1/3520
f 3316/1/3316 3413/1/3413 3378/1/3378
f 3318/1/3318 3379/1/3379 3470/1/3470
f 3470/1/3470 3379/1/3379 3414/1/3414
f 3414/1/3414 3380/1/3380 3471/1/3471
f 3380/1/3380 3320/1/3320 3471/1/3471
f 3522/1/3522 3471/1/3471 3320/1/3320
f 3320/1/3320 3416/1/3416 3522/1/3522
f 3416/1/3416 3417/1/3417 3473/1/3473
f 3416/1/3416 3418/1/3418 3417/1/3417
f 3472/1/3472 3419/1/3419 3415/1/3415
f 3417/1/3417 3474/1/3474 3473/1/3473
f 3472/1/3472 3421/1/3421 3419/1/3419
f 3323/1/3323 3474/1/3474 3417/1/3417
f 3418/1/3418 3323/1/3323 3417/1/3417
f 3475/1/3475 3420/1/3420 3421/1/3421
f 3472/1/3472 3475/1/3475 3421/1/3421
f 3423/1/3423 3322/1/3322 3422/1/3422
f 3424/1/3424 3474/1/3474 3323/1/3323
f 3422/1/3422 3477/1/3477 3423/1/3423
f 3475/1/3475 3422/1/3422 3420/1/3420
f 3326/1/3326 3423/1/3423 3425/1/3425
f 3384/1/3384 3431/1/3431 3424/1/3424
f 3424/1/3424 3330/1/3330 3384/1/3384
f 3478/1/3478 3426/1/3426 3425/1/3425
f 3381/1/3381 3427/1/3427 3383/1/3383
f 3480/1/3480 3427/1/3427 3381/1/3381
f 3382/1/3382 3480/1/3480 3381/1/3381
f 3483/1/3483 3480/1/3480 3382/1/3382
f 3426/1/3426 3483/1/3483 3382/1/3382
f 3385/1/3385 3383/1/3383 3427/1/3427
f 3480/1/3480 3429/1/3429 3427/1/3427
f 3480/1/3480 3428/1/3428 3429/1/3429
f 3427/1/3427 3429/1/3429 3385/1/3385
f 3429/1/3429 3430/1/3430 3385/1/3385
f 3429/1/3429 3386/1/3386 3430/1/3430
f 3431/1/3431 3331/1/3331 3432/1/3432
f 3484/1/3484 3386/1/3386 3429/1/3429
f 3432/1/3432 3387/1/3387 3434/1/3434
f 3435/1/3435 3488/1/3488 3544/1/3544
f 3335/1/3335 3435/1/3435 3434/1/3434
f 3388/1/3388 3335/1/3335 3434/1/3434
f 3433/1/3433 3487/1/3487 3389/1/3389
f 3487/1/3487 3436/1/3436 3389/1/3389
f 3436/1/3436 3337/1/3337 3389/1/3389
f 3439/1/3439 3490/1/3490 3437/1/3437
f 3391/1/3391 3437/1/3437 3490/1/3490
f 3392/1/3392 3337/1/3337 3436/1/3436
f 3492/1/3492 3440/1/3440 3393/1/3393
f 3342/1/3342 3438/1/3438 3393/1/3393
f 3437/1/3437 3343/1/3343 3439/1/3439
f 3441/1/3441 3438/1/3438 3341/1/3341
f 3393/1/3393 3440/1/3440 3443/1/3443
f 3343/1/3343 3344/1/3344 3439/1/3439
f 3241/1/3241 3555/1/3555 3441/1/3441
f 3243/1/3243 3555/1/3555 3241/1/3241
f 3443/1/3443 3394/1/3394 3294/1/3294
f 3445/1/3445 3394/1/3394 3443/1/3443
f 3444/1/3444 3394/1/3394 3445/1/3445
f 3494/1/3494 3446/1/3446 3442/1/3442
f 3243/1/3243 3295/1/3295 3555/1/3555
f 3446/1/3446 3494/1/3494 3396/1/3396
f 3560/1/3560 3395/1/3395 3247/1/3247
f 3396/1/3396 3494/1/3494 3397/1/3397
f 3247/1/3247 3447/1/3447 3561/1/3561
f 3397/1/3397 3448/1/3448 3348/1/3348
f 3348/1/3348 3448/1/3448 3354/1/3354
f 3449/1/3449 3450/1/3450 3399/1/3399
f 3450/1/3450 3398/1/3398 3399/1/3399
f 3349/1/3349 3400/1/3400 3449/1/3449
f 3400/1/3400 3450/1/3450 3449/1/3449
f 3451/1/3451 3450/1/3450 3452/1/3452
f 3400/1/3400 3453/1/3453 3450/1/3450
f 3453/1/3453 3452/1/3452 3450/1/3450
f 3350/1/3350 3453/1/3453 3400/1/3400
f 3252/1/3252 3350/1/3350 3400/1/3400
f 3448/1/3448 3355/1/3355 3354/1/3354
f 3452/1/3452 3564/1/3564 3451/1/3451
f 3564/1/3564 3356/1/3356 3454/1/3454
f 3454/1/3454 3358/1/3358 3402/1/3402
f 3568/1/3568 3402/1/3402 3455/1/3455
f 3402/1/3402 3458/1/3458 3455/1/3455
f 3495/1/3495 3457/1/3457 3456/1/3456
f 3458/1/3458 3459/1/3459 3455/1/3455
f 3458/1/3458 3403/1/3403 3459/1/3459
f 3457/1/3457 3496/1/3496 3360/1/3360
f 3403/1/3403 3404/1/3404 3459/1/3459
f 3364/1/3364 3497/1/3497 3499/1/3499
f 3367/1/3367 3460/1/3460 3405/1/3405
f 3504/1/3504 3406/1/3406 3306/1/3306
f 3462/1/3462 3370/1/3370 3512/1/3512
f 3504/1/3504 3371/1/3371 3511/1/3511
f 3371/1/3371 3407/1/3407 3511/1/3511
f 3464/1/3464 3409/1/3409 3581/1/3581
f 3409/1/3409 3264/1/3264 3411/1/3411
f 3265/1/3265 3518/1/3518 3466/1/3466
f 3377/1/3377 3467/1/3467 3412/1/3412
f 3467/1/3467 3468/1/3468 3469/1/3469
f 3519/1/3519 3469/1/3469 3468/1/3468
f 3318/1/3318 3519/1/3519 3468/1/3468
f 3519/1/3519 3318/1/3318 3470/1/3470
f 3523/1/3523 3415/1/3415 3413/1/3413
f 3473/1/3473 3522/1/3522 3416/1/3416
f 3472/1/3472 3415/1/3415 3524/1/3524
f 3474/1/3474 3526/1/3526 3473/1/3473
f 3472/1/3472 3476/1/3476 3475/1/3475
f 3476/1/3476 3528/1/3528 3475/1/3475
f 3475/1/3475 3529/1/3529 3422/1/3422
f 3529/1/3529 3477/1/3477 3422/1/3422
f 3475/1/3475 3528/1/3528 3529/1/3529
f 3423/1/3423 3477/1/3477 3425/1/3425
f 3527/1/3527 3424/1/3424 3479/1/3479
f 3477/1/3477 3478/1/3478 3425/1/3425
f 3529/1/3529 3532/1/3532 3477/1/3477
f 3424/1/3424 3431/1/3431 3479/1/3479
f 3483/1/3483 3426/1/3426 3478/1/3478
f 3532/1/3532 3478/1/3478 3477/1/3477
f 3428/1/3428 3480/1/3480 3482/1/3482
f 3432/1/3432 3479/1/3479 3431/1/3431
f 3483/1/3483 3535/1/3535 3480/1/3480
f 3481/1/3481 3483/1/3483 3478/1/3478
f 3481/1/3481 3478/1/3478 3536/1/3536
f 3484/1/3484 3429/1/3429 3428/1/3428
f 3481/1/3481 3535/1/3535 3483/1/3483
f 3428/1/3428 3485/1/3485 3484/1/3484
f 3485/1/3485 3486/1/3486 3484/1/3484
f 3386/1/3386 3484/1/3484 3433/1/3433
f 3486/1/3486 3433/1/3433 3484/1/3484
f 3435/1/3435 3544/1/3544 3434/1/3434
f 3486/1/3486 3611/1/3611 3433/1/3433
f 3544/1/3544 3488/1/3488 3545/1/3545
f 3487/1/3487 3433/1/3433 3611/1/3611
f 3489/1/3489 3545/1/3545 3488/1/3488
f 3488/1/3488 3338/1/3338 3489/1/3489
f 3487/1/3487 3613/1/3613 3436/1/3436
f 3489/1/3489 3391/1/3391 3606/1/3606
f 3338/1/3338 3391/1/3391 3489/1/3489
f 3613/1/3613 3615/1/3615 3436/1/3436
f 3615/1/3615 3491/1/3491 3436/1/3436
f 3551/1/3551 3440/1/3440 3492/1/3492
f 3491/1/3491 3392/1/3392 3436/1/3436
f 3552/1/3552 3492/1/3492 3438/1/3438
f 3492/1/3492 3393/1/3393 3438/1/3438
f 3551/1/3551 3553/1/3553 3440/1/3440
f 3490/1/3490 3493/1/3493 3610/1/3610
f 3441/1/3441 3552/1/3552 3438/1/3438
f 3439/1/3439 3493/1/3493 3490/1/3490
f 3445/1/3445 3554/1/3554 3493/1/3493
f 3553/1/3553 3443/1/3443 3440/1/3440
f 3445/1/3445 3443/1/3443 3553/1/3553
f 3439/1/3439 3344/1/3344 3493/1/3493
f 3620/1/3620 3392/1/3392 3491/1/3491
f 3493/1/3493 3444/1/3444 3445/1/3445
f 3493/1/3493 3344/1/3344 3444/1/3444
f 3392/1/3392 3620/1/3620 3442/1/3442
f 3494/1/3494 3623/1/3623 3397/1/3397
f 3561/1/3561 3560/1/3560 3247/1/3247
f 3398/1/3398 3562/1/3562 3561/1/3561
f 3561/1/3561 3447/1/3447 3398/1/3398
f 3625/1/3625 3448/1/3448 3397/1/3397
f 3563/1/3563 3448/1/3448 3625/1/3625
f 3398/1/3398 3450/1/3450 3562/1/3562
f 3450/1/3450 3451/1/3451 3562/1/3562
f 3448/1/3448 3563/1/3563 3355/1/3355
f 3564/1/3564 3454/1/3454 3566/1/3566
f 3355/1/3355 3495/1/3495 3401/1/3401
f 3567/1/3567 3495/1/3495 3355/1/3355
f 3402/1/3402 3568/1/3568 3454/1/3454
f 3454/1/3454 3568/1/3568 3566/1/3566
f 3455/1/3455 3570/1/3570 3568/1/3568
f 3495/1/3495 3630/1/3630 3457/1/3457
f 3455/1/3455 3459/1/3459 3570/1/3570
f 3498/1/3498 3571/1/3571 3459/1/3459
f 3496/1/3496 3633/1/3633 3497/1/3497
f 3496/1/3496 3497/1/3497 3361/1/3361
f 3500/1/3500 3497/1/3497 3633/1/3633
f 3459/1/3459 3404/1/3404 3498/1/3498
f 3499/1/3499 3497/1/3497 3500/1/3500
f 3500/1/3500 3502/1/3502 3499/1/3499
f 3502/1/3502 3500/1/3500 3573/1/3573
f 3460/1/3460 3499/1/3499 3502/1/3502
f 3405/1/3405 3460/1/3460 3502/1/3502
f 3573/1/3573 3405/1/3405 3502/1/3502
f 3366/1/3366 3406/1/3406 3503/1/3503
f 3406/1/3406 3504/1/3504 3503/1/3503
f 3506/1/3506 3461/1/3461 3405/1/3405
f 3505/1/3505 3461/1/3461 3506/1/3506
f 3506/1/3506 3508/1/3508 3505/1/3505
f 3504/1/3504 3507/1/3507 3503/1/3503
f 3508/1/3508 3512/1/3512 3505/1/3505
f 3509/1/3509 3578/1/3578 3510/1/3510
f 3511/1/3511 3510/1/3510 3507/1/3507
f 3509/1/3509 3512/1/3512 3508/1/3508
f 3462/1/3462 3512/1/3512 3509/1/3509
f 3510/1/3510 3462/1/3462 3509/1/3509
f 3511/1/3511 3462/1/3462 3510/1/3510
f 3504/1/3504 3511/1/3511 3507/1/3507
f 3511/1/3511 3463/1/3463 3462/1/3462
f 3407/1/3407 3463/1/3463 3511/1/3511
f 3408/1/3408 3580/1/3580 3513/1/3513
f 3408/1/3408 3579/1/3579 3580/1/3580
f 3410/1/3410 3513/1/3513 3580/1/3580
f 3409/1/3409 3672/1/3672 3581/1/3581
f 3514/1/3514 3410/1/3410 3753/1/3753
f 3517/1/3517 3409/1/3409 3411/1/3411
f 3517/1/3517 3672/1/3672 3409/1/3409
f 3515/1/3515 3465/1/3465 3516/1/3516
f 3515/1/3515 3516/1/3516 3518/1/3518
f 3673/1/3673 3518/1/3518 3516/1/3516
f 3412/1/3412 3517/1/3517 3411/1/3411
f 3647/1/3647 3466/1/3466 3518/1/3518
f 3467/1/3467 3517/1/3517 3412/1/3412
f 3647/1/3647 3520/1/3520 3466/1/3466
f 3521/1/3521 3519/1/3519 3470/1/3470
f 3584/1/3584 3520/1/3520 3647/1/3647
f 3520/1/3520 3523/1/3523 3413/1/3413
f 3523/1/3523 3520/1/3520 3584/1/3584
f 3470/1/3470 3414/1/3414 3521/1/3521
f 3471/1/3471 3522/1/3522 3521/1/3521
f 3521/1/3521 3414/1/3414 3471/1/3471
f 3586/1/3586 3585/1/3585 3522/1/3522
f 3522/1/3522 3473/1/3473 3586/1/3586
f 3415/1/3415 3523/1/3523 3524/1/3524
f 3523/1/3523 3525/1/3525 3524/1/3524
f 3526/1/3526 3649/1/3649 3473/1/3473
f 3524/1/3524 3476/1/3476 3472/1/3472
f 3525/1/3525 3476/1/3476 3524/1/3524
f 3474/1/3474 3527/1/3527 3526/1/3526
f 3588/1/3588 3528/1/3528 3476/1/3476
f 3474/1/3474 3424/1/3424 3527/1/3527
f 3529/1/3529 3528/1/3528 3530/1/3530
f 3530/1/3530 3528/1/3528 3592/1/3592
f 3527/1/3527 3479/1/3479 3526/1/3526
f 3532/1/3532 3529/1/3529 3531/1/3531
f 3531/1/3531 3529/1/3529 3530/1/3530
f 3531/1/3531 3533/1/3533 3532/1/3532
f 3533/1/3533 3536/1/3536 3532/1/3532
f 3478/1/3478 3532/1/3532 3536/1/3536
f 3432/1/3432 3534/1/3534 3479/1/3479
f 3480/1/3480 3535/1/3535 3482/1/3482
f 3481/1/3481 3536/1/3536 3535/1/3535
f 3533/1/3533 3537/1/3537 3536/1/3536
f 3537/1/3537 3542/1/3542 3536/1/3536
f 3653/1/3653 3537/1/3537 3533/1/3533
f 3432/1/3432 3434/1/3434 3534/1/3534
f 3541/1/3541 3482/1/3482 3535/1/3535
f 3536/1/3536 3541/1/3541 3535/1/3535
f 3482/1/3482 3540/1/3540 3428/1/3428
f 3541/1/3541 3540/1/3540 3482/1/3482
f 3537/1/3537 3538/1/3538 3542/1/3542
f 3534/1/3534 3539/1/3539 3594/1/3594
f 3428/1/3428 3540/1/3540 3485/1/3485
f 3534/1/3534 3544/1/3544 3539/1/3539
f 3434/1/3434 3544/1/3544 3534/1/3534
f 3536/1/3536 3598/1/3598 3541/1/3541
f 3542/1/3542 3598/1/3598 3536/1/3536
f 3544/1/3544 3543/1/3543 3539/1/3539
f 3485/1/3485 3540/1/3540 3546/1/3546
f 3608/1/3608 3540/1/3540 3541/1/3541
f 3544/1/3544 3545/1/3545 3543/1/3543
f 3486/1/3486 3485/1/3485 3546/1/3546
f 3611/1/3611 3486/1/3486 3546/1/3546
f 3539/1/3539 3543/1/3543 3607/1/3607
f 3543/1/3543 3489/1/3489 3607/1/3607
f 3545/1/3545 3489/1/3489 3543/1/3543
f 3489/1/3489 3606/1/3606 3607/1/3607
f 3613/1/3613 3487/1/3487 3611/1/3611
f 3610/1/3610 3609/1/3609 3547/1/3547
f 3551/1/3551 3549/1/3549 3548/1/3548
f 3606/1/3606 3490/1/3490 3547/1/3547
f 3391/1/3391 3490/1/3490 3606/1/3606
f 3550/1/3550 3492/1/3492 3614/1/3614
f 3547/1/3547 3490/1/3490 3610/1/3610
f 3552/1/3552 3612/1/3612 3614/1/3614
f 3614/1/3614 3492/1/3492 3552/1/3552
f 3550/1/3550 3551/1/3551 3492/1/3492
f 3548/1/3548 3553/1/3553 3551/1/3551
f 3554/1/3554 3553/1/3553 3548/1/3548
f 3610/1/3610 3554/1/3554 3548/1/3548
f 3493/1/3493 3554/1/3554 3610/1/3610
f 3620/1/3620 3491/1/3491 3723/1/3723
f 3554/1/3554 3445/1/3445 3553/1/3553
f 3552/1/3552 3441/1/3441 3555/1/3555
f 3555/1/3555 3556/1/3556 3619/1/3619
f 3494/1/3494 3442/1/3442 3620/1/3620
f 3395/1/3395 3556/1/3556 3555/1/3555
f 3395/1/3395 3560/1/3560 3556/1/3556
f 3560/1/3560 3557/1/3557 3556/1/3556
f 3558/1/3558 3557/1/3557 3560/1/3560
f 3494/1/3494 3559/1/3559 3623/1/3623
f 3558/1/3558 3561/1/3561 3622/1/3622
f 3558/1/3558 3560/1/3560 3561/1/3561
f 3561/1/3561 3562/1/3562 3622/1/3622
f 3397/1/3397 3623/1/3623 3625/1/3625
f 3562/1/3562 3451/1/3451 3626/1/3626
f 3451/1/3451 3564/1/3564 3565/1/3565
f 3565/1/3565 3564/1/3564 3566/1/3566
f 3567/1/3567 3355/1/3355 3563/1/3563
f 3495/1/3495 3567/1/3567 3569/1/3569
f 3630/1/3630 3495/1/3495 3569/1/3569
f 3630/1/3630 3633/1/3633 3457/1/3457
f 3459/1/3459 3571/1/3571 3570/1/3570
f 3457/1/3457 3633/1/3633 3496/1/3496
f 3571/1/3571 3498/1/3498 3632/1/3632
f 3634/1/3634 3500/1/3500 3633/1/3633
f 3501/1/3501 3572/1/3572 3498/1/3498
f 3404/1/3404 3501/1/3501 3498/1/3498
f 3634/1/3634 3573/1/3573 3500/1/3500
f 3641/1/3641 3572/1/3572 3366/1/3366
f 3501/1/3501 3366/1/3366 3572/1/3572
f 3574/1/3574 3575/1/3575 3573/1/3573
f 3366/1/3366 3503/1/3503 3641/1/3641
f 3575/1/3575 3506/1/3506 3573/1/3573
f 3506/1/3506 3405/1/3405 3573/1/3573
f 3641/1/3641 3503/1/3503 3643/1/3643
f 3508/1/3508 3506/1/3506 3575/1/3575
f 3643/1/3643 3507/1/3507 3576/1/3576
f 3503/1/3503 3507/1/3507 3643/1/3643
f 3578/1/3578 3577/1/3577 3576/1/3576
f 3508/1/3508 3670/1/3670 3509/1/3509
f 3509/1/3509 3670/1/3670 3578/1/3578
f 3577/1/3577 3578/1/3578 3670/1/3670
f 3576/1/3576 3510/1/3510 3578/1/3578
f 3507/1/3507 3510/1/3510 3576/1/3576
f 3579/1/3579 3749/1/3749 3580/1/3580
f 3464/1/3464 3671/1/3671 3579/1/3579
f 3581/1/3581 3672/1/3672 3644/1/3644
f 3516/1/3516 3755/1/3755 3673/1/3673
f 3645/1/3645 3672/1/3672 3517/1/3517
f 3518/1/3518 3673/1/3673 3647/1/3647
f 3517/1/3517 3467/1/3467 3645/1/3645
f 3677/1/3677 3647/1/3647 3673/1/3673
f 3467/1/3467 3582/1/3582 3645/1/3645
f 3582/1/3582 3467/1/3467 3469/1/3469
f 3469/1/3469 3519/1/3519 3646/1/3646
f 3519/1/3519 3583/1/3583 3646/1/3646
f 3521/1/3521 3583/1/3583 3519/1/3519
f 3521/1/3521 3585/1/3585 3583/1/3583
f 3521/1/3521 3522/1/3522 3585/1/3585
f 3584/1/3584 3587/1/3587 3523/1/3523
f 3587/1/3587 3525/1/3525 3523/1/3523
f 3586/1/3586 3473/1/3473 3649/1/3649
f 3679/1/3679 3476/1/3476 3525/1/3525
f 3679/1/3679 3588/1/3588 3476/1/3476
f 3526/1/3526 3589/1/3589 3649/1/3649
f 3588/1/3588 3592/1/3592 3528/1/3528
f 3526/1/3526 3479/1/3479 3589/1/3589
f 3479/1/3479 3590/1/3590 3589/1/3589
f 3530/1/3530 3591/1/3591 3531/1/3531
f 3592/1/3592 3591/1/3591 3530/1/3530
f 3479/1/3479 3534/1/3534 3590/1/3590
f 3653/1/3653 3531/1/3531 3591/1/3591
f 3533/1/3533 3531/1/3531 3653/1/3653
f 3590/1/3590 3594/1/3594 3593/1/3593
f 3593/1/3593 3652/1/3652 3651/1/3651
f 3590/1/3590 3534/1/3534 3594/1/3594
f 3768/1/3768 3652/1/3652 3595/1/3595
f 3593/1/3593 3594/1/3594 3652/1/3652
f 3653/1/3653 3605/1/3605 3537/1/3537
f 3687/1/3687 3605/1/3605 3653/1/3653
f 3594/1/3594 3597/1/3597 3652/1/3652
f 3652/1/3652 3597/1/3597 3595/1/3595
f 3597/1/3597 3596/1/3596 3595/1/3595
f 3538/1/3538 3537/1/3537 3605/1/3605
f 3594/1/3594 3539/1/3539 3597/1/3597
f 3605/1/3605 3600/1/3600 3538/1/3538
f 3604/1/3604 3541/1/3541 3598/1/3598
f 3597/1/3597 3607/1/3607 3596/1/3596
f 3608/1/3608 3541/1/3541 3604/1/3604
f 3538/1/3538 3600/1/3600 3542/1/3542
f 3598/1/3598 3542/1/3542 3600/1/3600
f 3539/1/3539 3607/1/3607 3597/1/3597
f 3608/1/3608 3546/1/3546 3540/1/3540
f 3600/1/3600 3605/1/3605 3601/1/3601
f 3608/1/3608 3603/1/3603 3546/1/3546
f 3657/1/3657 3604/1/3604 3598/1/3598
f 3600/1/3600 3657/1/3657 3598/1/3598
f 3616/1/3616 3601/1/3601 3605/1/3605
f 3596/1/3596 3606/1/3606 3599/1/3599
f 3607/1/3607 3606/1/3606 3596/1/3596
f 3601/1/3601 3657/1/3657 3600/1/3600
f 3655/1/3655 3550/1/3550 3602/1/3602
f 3658/1/3658 3550/1/3550 3655/1/3655
f 3599/1/3599 3547/1/3547 3609/1/3609
f 3606/1/3606 3547/1/3547 3599/1/3599
f 3616/1/3616 3605/1/3605 3656/1/3656
f 3546/1/3546 3711/1/3711 3611/1/3611
f 3602/1/3602 3614/1/3614 3612/1/3612
f 3550/1/3550 3614/1/3614 3602/1/3602
f 3609/1/3609 3610/1/3610 3548/1/3548
f 3601/1/3601 3617/1/3617 3657/1/3657
f 3700/1/3700 3549/1/3549 3658/1/3658
f 3713/1/3713 3613/1/3613 3611/1/3611
f 3549/1/3549 3660/1/3660 3548/1/3548
f 3613/1/3613 3707/1/3707 3615/1/3615
f 3713/1/3713 3707/1/3707 3613/1/3613
f 3549/1/3549 3550/1/3550 3658/1/3658
f 3551/1/3551 3550/1/3550 3549/1/3549
f 3707/1/3707 3718/1/3718 3615/1/3615
f 3616/1/3616 3617/1/3617 3601/1/3601
f 3491/1/3491 3615/1/3615 3718/1/3718
f 3612/1/3612 3552/1/3552 3662/1/3662
f 3491/1/3491 3718/1/3718 3723/1/3723
f 3552/1/3552 3619/1/3619 3662/1/3662
f 3552/1/3552 3555/1/3555 3619/1/3619
f 3618/1/3618 3619/1/3619 3621/1/3621
f 3556/1/3556 3557/1/3557 3621/1/3621
f 3556/1/3556 3621/1/3621 3619/1/3619
f 3620/1/3620 3559/1/3559 3494/1/3494
f 3621/1/3621 3665/1/3665 3618/1/3618
f 3621/1/3621 3558/1/3558 3665/1/3665
f 3557/1/3557 3558/1/3558 3621/1/3621
f 3558/1/3558 3622/1/3622 3665/1/3665
f 3624/1/3624 3623/1/3623 3559/1/3559
f 3624/1/3624 3667/1/3667 3623/1/3623
f 3667/1/3667 3625/1/3625 3623/1/3623
f 3667/1/3667 3668/1/3668 3625/1/3625
f 3622/1/3622 3562/1/3562 3626/1/3626
f 3451/1/3451 3565/1/3565 3627/1/3627
f 3668/1/3668 3563/1/3563 3625/1/3625
f 3566/1/3566 3627/1/3627 3565/1/3565
f 3668/1/3668 3567/1/3567 3563/1/3563
f 3566/1/3566 3628/1/3628 3627/1/3627
f 3566/1/3566 3568/1/3568 3628/1/3628
f 3567/1/3567 3629/1/3629 3569/1/3569
f 3569/1/3569 3629/1/3629 3730/1/3730
f 3568/1/3568 3570/1/3570 3669/1/3669
f 3791/1/3791 3570/1/3570 3571/1/3571
f 3631/1/3631 3633/1/3633 3630/1/3630
f 3631/1/3631 3634/1/3634 3633/1/3633
f 3498/1/3498 3572/1/3572 3632/1/3632
f 3631/1/3631 3636/1/3636 3634/1/3634
f 3635/1/3635 3636/1/3636 3631/1/3631
f 3572/1/3572 3637/1/3637 3632/1/3632
f 3636/1/3636 3635/1/3635 3638/1/3638
f 3573/1/3573 3634/1/3634 3636/1/3636
f 3638/1/3638 3574/1/3574 3636/1/3636
f 3573/1/3573 3636/1/3636 3574/1/3574
f 3638/1/3638 3639/1/3639 3574/1/3574
f 3572/1/3572 3641/1/3641 3637/1/3637
f 3574/1/3574 3639/1/3639 3743/1/3743
f 3574/1/3574 3743/1/3743 3575/1/3575
f 3641/1/3641 3640/1/3640 3637/1/3637
f 3641/1/3641 3643/1/3643 3640/1/3640
f 3743/1/3743 3508/1/3508 3575/1/3575
f 3640/1/3640 3643/1/3643 3642/1/3642
f 3643/1/3643 3576/1/3576 3642/1/3642
f 3508/1/3508 3747/1/3747 3670/1/3670
f 3670/1/3670 3748/1/3748 3577/1/3577
f 3671/1/3671 3464/1/3464 3581/1/3581
f 3671/1/3671 3581/1/3581 3750/1/3750
f 3580/1/3580 3828/1/3828 3410/1/3410
f 3753/1/3753 3410/1/3410 3828/1/3828
f 3514/1/3514 3753/1/3753 3755/1/3755
f 3514/1/3514 3755/1/3755 3465/1/3465
f 3516/1/3516 3465/1/3465 3755/1/3755
f 3583/1/3583 3585/1/3585 3759/1/3759
f 3584/1/3584 3647/1/3647 3677/1/3677
f 3760/1/3760 3584/1/3584 3677/1/3677
f 3585/1/3585 3586/1/3586 3648/1/3648
f 3679/1/3679 3525/1/3525 3587/1/3587
f 3649/1/3649 3589/1/3589 3680/1/3680
f 3679/1/3679 3685/1/3685 3588/1/3588
f 3589/1/3589 3590/1/3590 3680/1/3680
f 3685/1/3685 3681/1/3681 3588/1/3588
f 3588/1/3588 3681/1/3681 3592/1/3592
f 3650/1/3650 3590/1/3590 3593/1/3593
f 3593/1/3593 3651/1/3651 3650/1/3650
f 3591/1/3591 3592/1/3592 3683/1/3683
f 3592/1/3592 3681/1/3681 3683/1/3683
f 3591/1/3591 3682/1/3682 3653/1/3653
f 3683/1/3683 3682/1/3682 3591/1/3591
f 3689/1/3689 3768/1/3768 3595/1/3595
f 3599/1/3599 3688/1/3688 3596/1/3596
f 3599/1/3599 3696/1/3696 3688/1/3688
f 3694/1/3694 3602/1/3602 3693/1/3693
f 3655/1/3655 3602/1/3602 3694/1/3694
f 3695/1/3695 3655/1/3655 3694/1/3694
f 3599/1/3599 3699/1/3699 3696/1/3696
f 3654/1/3654 3656/1/3656 3605/1/3605
f 3700/1/3700 3658/1/3658 3655/1/3655
f 3599/1/3599 3609/1/3609 3699/1/3699
f 3608/1/3608 3604/1/3604 3659/1/3659
f 3701/1/3701 3608/1/3608 3659/1/3659
f 3657/1/3657 3659/1/3659 3604/1/3604
f 3602/1/3602 3612/1/3612 3693/1/3693
f 3702/1/3702 3657/1/3657 3704/1/3704
f 3603/1/3603 3708/1/3708 3711/1/3711
f 3603/1/3603 3711/1/3711 3546/1/3546
f 3608/1/3608 3701/1/3701 3603/1/3603
f 3609/1/3609 3548/1/3548 3660/1/3660
f 3701/1/3701 3708/1/3708 3603/1/3603
f 3612/1/3612 3710/1/3710 3693/1/3693
f 3700/1/3700 3660/1/3660 3549/1/3549
f 3711/1/3711 3713/1/3713 3611/1/3611
f 3661/1/3661 3704/1/3704 3657/1/3657
f 3657/1/3657 3617/1/3617 3661/1/3661
f 3656/1/3656 3705/1/3705 3616/1/3616
f 3705/1/3705 3717/1/3717 3616/1/3616
f 3617/1/3617 3616/1/3616 3717/1/3717
f 3662/1/3662 3619/1/3619 3721/1/3721
f 3722/1/3722 3618/1/3618 3664/1/3664
f 3618/1/3618 3722/1/3722 3619/1/3619
f 3723/1/3723 3663/1/3663 3620/1/3620
f 3618/1/3618 3665/1/3665 3664/1/3664
f 3620/1/3620 3663/1/3663 3559/1/3559
f 3666/1/3666 3664/1/3664 3665/1/3665
f 3665/1/3665 3725/1/3725 3666/1/3666
f 3559/1/3559 3663/1/3663 3624/1/3624
f 3622/1/3622 3782/1/3782 3665/1/3665
f 3624/1/3624 3726/1/3726 3667/1/3667
f 3622/1/3622 3626/1/3626 3782/1/3782
f 3451/1/3451 3627/1/3627 3626/1/3626
f 3627/1/3627 3628/1/3628 3728/1/3728
f 3729/1/3729 3567/1/3567 3668/1/3668
f 3567/1/3567 3729/1/3729 3629/1/3629
f 3669/1/3669 3570/1/3570 3790/1/3790
f 3730/1/3730 3733/1/3733 3569/1/3569
f 3569/1/3569 3733/1/3733 3630/1/3630
f 3791/1/3791 3790/1/3790 3570/1/3570
f 3736/1/3736 3630/1/3630 3733/1/3733
f 3737/1/3737 3791/1/3791 3571/1/3571
f 3630/1/3630 3736/1/3736 3631/1/3631
f 3632/1/3632 3737/1/3737 3571/1/3571
f 3632/1/3632 3637/1/3637 3794/1/3794
f 3631/1/3631 3738/1/3738 3635/1/3635
f 3635/1/3635 3739/1/3739 3638/1/3638
f 3638/1/3638 3740/1/3740 3639/1/3639
f 3794/1/3794 3637/1/3637 3742/1/3742
f 3742/1/3742 3637/1/3637 3640/1/3640
f 3746/1/3746 3741/1/3741 3640/1/3640
f 3642/1/3642 3746/1/3746 3640/1/3640
f 3743/1/3743 3747/1/3747 3508/1/3508
f 3642/1/3642 3576/1/3576 3746/1/3746
f 3577/1/3577 3748/1/3748 3746/1/3746
f 3576/1/3576 3577/1/3577 3746/1/3746
f 3579/1/3579 3671/1/3671 3749/1/3749
f 3581/1/3581 3644/1/3644 3750/1/3750
f 3750/1/3750 3644/1/3644 3751/1/3751
f 3751/1/3751 3644/1/3644 3752/1/3752
f 3754/1/3754 3644/1/3644 3672/1/3672
f 3673/1/3673 3755/1/3755 3674/1/3674
f 3645/1/3645 3754/1/3754 3672/1/3672
f 3675/1/3675 3754/1/3754 3645/1/3645
f 3582/1/3582 3757/1/3757 3675/1/3675
f 3674/1/3674 3677/1/3677 3673/1/3673
f 3582/1/3582 3675/1/3675 3645/1/3645
f 3469/1/3469 3757/1/3757 3582/1/3582
f 3646/1/3646 3757/1/3757 3469/1/3469
f 3646/1/3646 3583/1/3583 3759/1/3759
f 3759/1/3759 3585/1/3585 3676/1/3676
f 3648/1/3648 3676/1/3676 3585/1/3585
f 3584/1/3584 3760/1/3760 3587/1/3587
f 3587/1/3587 3760/1/3760 3761/1/3761
f 3648/1/3648 3586/1/3586 3799/1/3799
f 3586/1/3586 3649/1/3649 3799/1/3799
f 3587/1/3587 3678/1/3678 3679/1/3679
f 3649/1/3649 3801/1/3801 3799/1/3799
f 3678/1/3678 3587/1/3587 3761/1/3761
f 3801/1/3801 3649/1/3649 3680/1/3680
f 3762/1/3762 3679/1/3679 3678/1/3678
f 3685/1/3685 3679/1/3679 3762/1/3762
f 3764/1/3764 3763/1/3763 3650/1/3650
f 3680/1/3680 3650/1/3650 3763/1/3763
f 3680/1/3680 3590/1/3590 3650/1/3650
f 3650/1/3650 3651/1/3651 3765/1/3765
f 3684/1/3684 3683/1/3683 3681/1/3681
f 3765/1/3765 3651/1/3651 3768/1/3768
f 3682/1/3682 3687/1/3687 3653/1/3653
f 3683/1/3683 3703/1/3703 3682/1/3682
f 3651/1/3651 3652/1/3652 3768/1/3768
f 3703/1/3703 3687/1/3687 3682/1/3682
f 3684/1/3684 3690/1/3690 3683/1/3683
f 3685/1/3685 3684/1/3684 3681/1/3681
f 3690/1/3690 3703/1/3703 3683/1/3683
f 3697/1/3697 3703/1/3703 3690/1/3690
f 3687/1/3687 3703/1/3703 3654/1/3654
f 3689/1/3689 3596/1/3596 3688/1/3688
f 3595/1/3595 3596/1/3596 3689/1/3689
f 3687/1/3687 3654/1/3654 3605/1/3605
f 3684/1/3684 3695/1/3695 3690/1/3690
f 3692/1/3692 3695/1/3695 3684/1/3684
f 3690/1/3690 3693/1/3693 3697/1/3697
f 3694/1/3694 3693/1/3693 3690/1/3690
f 3695/1/3695 3694/1/3694 3690/1/3690
f 3691/1/3691 3696/1/3696 3774/1/3774
f 3688/1/3688 3696/1/3696 3691/1/3691
f 3703/1/3703 3706/1/3706 3654/1/3654
f 3655/1/3655 3695/1/3695 3692/1/3692
f 3696/1/3696 3699/1/3699 3774/1/3774
f 3692/1/3692 3700/1/3700 3655/1/3655
f 3698/1/3698 3692/1/3692 3773/1/3773
f 3654/1/3654 3706/1/3706 3656/1/3656
f 3699/1/3699 3660/1/3660 3698/1/3698
f 3703/1/3703 3697/1/3697 3709/1/3709
f 3657/1/3657 3702/1/3702 3659/1/3659
f 3698/1/3698 3700/1/3700 3692/1/3692
f 3660/1/3660 3700/1/3700 3698/1/3698
f 3609/1/3609 3660/1/3660 3699/1/3699
f 3659/1/3659 3702/1/3702 3701/1/3701
f 3693/1/3693 3710/1/3710 3697/1/3697
f 3706/1/3706 3705/1/3705 3656/1/3656
f 3710/1/3710 3709/1/3709 3697/1/3697
f 3702/1/3702 3712/1/3712 3701/1/3701
f 3708/1/3708 3714/1/3714 3711/1/3711
f 3712/1/3712 3708/1/3708 3701/1/3701
f 3703/1/3703 3709/1/3709 3706/1/3706
f 3702/1/3702 3716/1/3716 3712/1/3712
f 3715/1/3715 3709/1/3709 3710/1/3710
f 3713/1/3713 3775/1/3775 3707/1/3707
f 3704/1/3704 3719/1/3719 3702/1/3702
f 3661/1/3661 3719/1/3719 3704/1/3704
f 3706/1/3706 3709/1/3709 3705/1/3705
f 3612/1/3612 3662/1/3662 3710/1/3710
f 3712/1/3712 3714/1/3714 3708/1/3708
f 3710/1/3710 3662/1/3662 3715/1/3715
f 3709/1/3709 3717/1/3717 3705/1/3705
f 3715/1/3715 3721/1/3721 3709/1/3709
f 3718/1/3718 3707/1/3707 3775/1/3775
f 3719/1/3719 3716/1/3716 3702/1/3702
f 3775/1/3775 3777/1/3777 3718/1/3718
f 3661/1/3661 3617/1/3617 3720/1/3720
f 3661/1/3661 3720/1/3720 3719/1/3719
f 3717/1/3717 3720/1/3720 3617/1/3617
f 3709/1/3709 3722/1/3722 3717/1/3717
f 3721/1/3721 3722/1/3722 3709/1/3709
f 3662/1/3662 3721/1/3721 3715/1/3715
f 3777/1/3777 3723/1/3723 3718/1/3718
f 3719/1/3719 3776/1/3776 3716/1/3716
f 3719/1/3719 3724/1/3724 3776/1/3776
f 3720/1/3720 3724/1/3724 3719/1/3719
f 3664/1/3664 3724/1/3724 3720/1/3720
f 3717/1/3717 3664/1/3664 3720/1/3720
f 3722/1/3722 3664/1/3664 3717/1/3717
f 3721/1/3721 3619/1/3619 3722/1/3722
f 3663/1/3663 3723/1/3723 3777/1/3777
f 3778/1/3778 3724/1/3724 3666/1/3666
f 3664/1/3664 3666/1/3666 3724/1/3724
f 3725/1/3725 3665/1/3665 3782/1/3782
f 3726/1/3726 3727/1/3727 3667/1/3667
f 3626/1/3626 3785/1/3785 3782/1/3782
f 3627/1/3627 3785/1/3785 3626/1/3626
f 3667/1/3667 3727/1/3727 3668/1/3668
f 3627/1/3627 3728/1/3728 3785/1/3785
f 3668/1/3668 3727/1/3727 3729/1/3729
f 3728/1/3728 3628/1/3628 3788/1/3788
f 3789/1/3789 3629/1/3629 3729/1/3729
f 3669/1/3669 3790/1/3790 3628/1/3628
f 3568/1/3568 3669/1/3669 3628/1/3628
f 3731/1/3731 3733/1/3733 3730/1/3730
f 3731/1/3731 3734/1/3734 3733/1/3733
f 3735/1/3735 3734/1/3734 3731/1/3731
f 3735/1/3735 3731/1/3731 3732/1/3732
f 3734/1/3734 3736/1/3736 3733/1/3733
f 3632/1/3632 3794/1/3794 3737/1/3737
f 3738/1/3738 3736/1/3736 3734/1/3734
f 3631/1/3631 3736/1/3736 3738/1/3738
f 3638/1/3638 3739/1/3739 3740/1/3740
f 3795/1/3795 3794/1/3794 3742/1/3742
f 3742/1/3742 3741/1/3741 3795/1/3795
f 3639/1/3639 3740/1/3740 3743/1/3743
f 3744/1/3744 3743/1/3743 3740/1/3740
f 3742/1/3742 3640/1/3640 3741/1/3741
f 3796/1/3796 3747/1/3747 3744/1/3744
f 3747/1/3747 3743/1/3743 3744/1/3744
f 3745/1/3745 3747/1/3747 3796/1/3796
f 3741/1/3741 3746/1/3746 3745/1/3745
f 3745/1/3745 3670/1/3670 3747/1/3747
f 3746/1/3746 3748/1/3748 3745/1/3745
f 3748/1/3748 3670/1/3670 3745/1/3745
f 3749/1/3749 3671/1/3671 3750/1/3750
f 3751/1/3751 3752/1/3752 3797/1/3797
f 3752/1/3752 3644/1/3644 3754/1/3754
f 3797/1/3797 3752/1/3752 3756/1/3756
f 3797/1/3797 3756/1/3756 3829/1/3829
f 3674/1/3674 3755/1/3755 3830/1/3830
f 3756/1/3756 3752/1/3752 3754/1/3754
f 3829/1/3829 3756/1/3756 3675/1/3675
f 3675/1/3675 3756/1/3756 3754/1/3754
f 3757/1/3757 3829/1/3829 3675/1/3675
f 3674/1/3674 3758/1/3758 3677/1/3677
f 3758/1/3758 3760/1/3760 3677/1/3677
f 3680/1/3680 3891/1/3891 3801/1/3801
f 3680/1/3680 3763/1/3763 3891/1/3891
f 3762/1/3762 3766/1/3766 3685/1/3685
f 3766/1/3766 3762/1/3762 3805/1/3805
f 3650/1/3650 3765/1/3765 3764/1/3764
f 3766/1/3766 3769/1/3769 3685/1/3685
f 3768/1/3768 3847/1/3847 3765/1/3765
f 3685/1/3685 3769/1/3769 3684/1/3684
f 3766/1/3766 3773/1/3773 3769/1/3769
f 3767/1/3767 3770/1/3770 3766/1/3766
f 3770/1/3770 3773/1/3773 3766/1/3766
f 3689/1/3689 3686/1/3686 3768/1/3768
f 3770/1/3770 3809/1/3809 3771/1/3771
f 3686/1/3686 3691/1/3691 3772/1/3772
f 3771/1/3771 3774/1/3774 3770/1/3770
f 3691/1/3691 3774/1/3774 3771/1/3771
f 3772/1/3772 3691/1/3691 3771/1/3771
f 3774/1/3774 3773/1/3773 3770/1/3770
f 3688/1/3688 3691/1/3691 3686/1/3686
f 3689/1/3689 3688/1/3688 3686/1/3686
f 3692/1/3692 3684/1/3684 3769/1/3769
f 3692/1/3692 3769/1/3769 3773/1/3773
f 3699/1/3699 3698/1/3698 3774/1/3774
f 3774/1/3774 3698/1/3698 3773/1/3773
f 3813/1/3813 3711/1/3711 3714/1/3714
f 3713/1/3713 3813/1/3813 3775/1/3775
f 3711/1/3711 3813/1/3813 3713/1/3713
f 3810/1/3810 3712/1/3712 3716/1/3716
f 3714/1/3714 3851/1/3851 3813/1/3813
f 3712/1/3712 3810/1/3810 3714/1/3714
f 3811/1/3811 3810/1/3810 3716/1/3716
f 3814/1/3814 3811/1/3811 3716/1/3716
f 3814/1/3814 3716/1/3716 3776/1/3776
f 3776/1/3776 3724/1/3724 3778/1/3778
f 3777/1/3777 3780/1/3780 3663/1/3663
f 3777/1/3777 3781/1/3781 3780/1/3780
f 3779/1/3779 3817/1/3817 3778/1/3778
f 3666/1/3666 3725/1/3725 3778/1/3778
f 3725/1/3725 3779/1/3779 3778/1/3778
f 3663/1/3663 3780/1/3780 3624/1/3624
f 3725/1/3725 3782/1/3782 3779/1/3779
f 3782/1/3782 3783/1/3783 3779/1/3779
f 3780/1/3780 3726/1/3726 3624/1/3624
f 3781/1/3781 3784/1/3784 3780/1/3780
f 3784/1/3784 3726/1/3726 3780/1/3780
f 3819/1/3819 3783/1/3783 3786/1/3786
f 3782/1/3782 3785/1/3785 3783/1/3783
f 3785/1/3785 3786/1/3786 3783/1/3783
f 3784/1/3784 3787/1/3787 3726/1/3726
f 3787/1/3787 3727/1/3727 3726/1/3726
f 3786/1/3786 3785/1/3785 3728/1/3728
f 3786/1/3786 3728/1/3728 3788/1/3788
f 3787/1/3787 3729/1/3729 3727/1/3727
f 3787/1/3787 3789/1/3789 3729/1/3729
f 3790/1/3790 3821/1/3821 3788/1/3788
f 3788/1/3788 3628/1/3628 3790/1/3790
f 3629/1/3629 3789/1/3789 3730/1/3730
f 3789/1/3789 3731/1/3731 3730/1/3730
f 3822/1/3822 3731/1/3731 3789/1/3789
f 3732/1/3732 3731/1/3731 3822/1/3822
f 3791/1/3791 3737/1/3737 3878/1/3878
f 3792/1/3792 3735/1/3735 3732/1/3732
f 3737/1/3737 3882/1/3882 3878/1/3878
f 3737/1/3737 3794/1/3794 3882/1/3882
f 3793/1/3793 3738/1/3738 3735/1/3735
f 3735/1/3735 3738/1/3738 3734/1/3734
f 3824/1/3824 3882/1/3882 3794/1/3794
f 3793/1/3793 3635/1/3635 3738/1/3738
f 3739/1/3739 3635/1/3635 3793/1/3793
f 3795/1/3795 3824/1/3824 3794/1/3794
f 3744/1/3744 3740/1/3740 3826/1/3826
f 3796/1/3796 3744/1/3744 3826/1/3826
f 3795/1/3795 3741/1/3741 3827/1/3827
f 3827/1/3827 3745/1/3745 3796/1/3796
f 3741/1/3741 3745/1/3745 3827/1/3827
f 3828/1/3828 3580/1/3580 3885/1/3885
f 3758/1/3758 3674/1/3674 3830/1/3830
f 3829/1/3829 3757/1/3757 3832/1/3832
f 3832/1/3832 3757/1/3757 3759/1/3759
f 3759/1/3759 3757/1/3757 3646/1/3646
f 3676/1/3676 3831/1/3831 3759/1/3759
f 3758/1/3758 3798/1/3798 3760/1/3760
f 3676/1/3676 3648/1/3648 3833/1/3833
f 3834/1/3834 3760/1/3760 3798/1/3798
f 3761/1/3761 3760/1/3760 3834/1/3834
f 3648/1/3648 3799/1/3799 3833/1/3833
f 3834/1/3834 3800/1/3800 3761/1/3761
f 3800/1/3800 3678/1/3678 3761/1/3761
f 3801/1/3801 3891/1/3891 3890/1/3890
f 3836/1/3836 3762/1/3762 3678/1/3678
f 3802/1/3802 3836/1/3836 3803/1/3803
f 3836/1/3836 3805/1/3805 3762/1/3762
f 3802/1/3802 3805/1/3805 3836/1/3836
f 3803/1/3803 3804/1/3804 3802/1/3802
f 3763/1/3763 3764/1/3764 3843/1/3843
f 3804/1/3804 3806/1/3806 3802/1/3802
f 3802/1/3802 3806/1/3806 3805/1/3805
f 3806/1/3806 3804/1/3804 3841/1/3841
f 3843/1/3843 3764/1/3764 3765/1/3765
f 3765/1/3765 3847/1/3847 3843/1/3843
f 3806/1/3806 3767/1/3767 3805/1/3805
f 3809/1/3809 3767/1/3767 3806/1/3806
f 3767/1/3767 3766/1/3766 3805/1/3805
f 3808/1/3808 3809/1/3809 3806/1/3806
f 3847/1/3847 3768/1/3768 3807/1/3807
f 3768/1/3768 3686/1/3686 3807/1/3807
f 3808/1/3808 3771/1/3771 3809/1/3809
f 3772/1/3772 3807/1/3807 3686/1/3686
f 3848/1/3848 3807/1/3807 3772/1/3772
f 3767/1/3767 3809/1/3809 3770/1/3770
f 3850/1/3850 3771/1/3771 3808/1/3808
f 3848/1/3848 3772/1/3772 3850/1/3850
f 3772/1/3772 3771/1/3771 3850/1/3850
f 3714/1/3714 3810/1/3810 3851/1/3851
f 3811/1/3811 3816/1/3816 3810/1/3810
f 3775/1/3775 3813/1/3813 3812/1/3812
f 3810/1/3810 3852/1/3852 3851/1/3851
f 3815/1/3815 3816/1/3816 3811/1/3811
f 3814/1/3814 3815/1/3815 3811/1/3811
f 3852/1/3852 3810/1/3810 3816/1/3816
f 3777/1/3777 3775/1/3775 3812/1/3812
f 3814/1/3814 3776/1/3776 3778/1/3778
f 3857/1/3857 3777/1/3777 3812/1/3812
f 3778/1/3778 3817/1/3817 3814/1/3814
f 3857/1/3857 3861/1/3861 3777/1/3777
f 3817/1/3817 3815/1/3815 3814/1/3814
f 3817/1/3817 3818/1/3818 3815/1/3815
f 3815/1/3815 3818/1/3818 3862/1/3862
f 3781/1/3781 3777/1/3777 3861/1/3861
f 3779/1/3779 3818/1/3818 3817/1/3817
f 3818/1/3818 3819/1/3819 3862/1/3862
f 3779/1/3779 3783/1/3783 3818/1/3818
f 3781/1/3781 3861/1/3861 3784/1/3784
f 3783/1/3783 3819/1/3819 3818/1/3818
f 3820/1/3820 3787/1/3787 3784/1/3784
f 3820/1/3820 3784/1/3784 3866/1/3866
f 3786/1/3786 3788/1/3788 3819/1/3819
f 3869/1/3869 3787/1/3787 3820/1/3820
f 3788/1/3788 3821/1/3821 3867/1/3867
f 3869/1/3869 3789/1/3789 3787/1/3787
f 3790/1/3790 3870/1/3870 3821/1/3821
f 3790/1/3790 3872/1/3872 3870/1/3870
f 3790/1/3790 3791/1/3791 3872/1/3872
f 3822/1/3822 3823/1/3823 3732/1/3732
f 3871/1/3871 3823/1/3823 3822/1/3822
f 3791/1/3791 3878/1/3878 3872/1/3872
f 3732/1/3732 3823/1/3823 3792/1/3792
f 3879/1/3879 3793/1/3793 3735/1/3735
f 3882/1/3882 3825/1/3825 3884/1/3884
f 3879/1/3879 3739/1/3739 3793/1/3793
f 3824/1/3824 3825/1/3825 3882/1/3882
f 3879/1/3879 3826/1/3826 3739/1/3739
f 3826/1/3826 3883/1/3883 3825/1/3825
f 3740/1/3740 3739/1/3739 3826/1/3826
f 3824/1/3824 3827/1/3827 3825/1/3825
f 3825/1/3825 3796/1/3796 3826/1/3826
f 3827/1/3827 3796/1/3796 3825/1/3825
f 3795/1/3795 3827/1/3827 3824/1/3824
f 3580/1/3580 3749/1/3749 3885/1/3885
f 3898/1/3898 3749/1/3749 3750/1/3750
f 3899/1/3899 3898/1/3898 3750/1/3750
f 3751/1/3751 3899/1/3899 3750/1/3750
f 3932/1/3932 3828/1/3828 3885/1/3885
f 3886/1/3886 3751/1/3751 3797/1/3797
f 3887/1/3887 3886/1/3886 3797/1/3797
f 3797/1/3797 3829/1/3829 3887/1/3887
f 3753/1/3753 3830/1/3830 3755/1/3755
f 3753/1/3753 3933/1/3933 3830/1/3830
f 3832/1/3832 3887/1/3887 3829/1/3829
f 3933/1/3933 3888/1/3888 3830/1/3830
f 3758/1/3758 3830/1/3830 3888/1/3888
f 3831/1/3831 3936/1/3936 3832/1/3832
f 3888/1/3888 3798/1/3798 3758/1/3758
f 3832/1/3832 3759/1/3759 3831/1/3831
f 3833/1/3833 3831/1/3831 3676/1/3676
f 3833/1/3833 3969/1/3969 3831/1/3831
f 3938/1/3938 3834/1/3834 3798/1/3798
f 3799/1/3799 3889/1/3889 3833/1/3833
f 3834/1/3834 3835/1/3835 3800/1/3800
f 3799/1/3799 3890/1/3890 3889/1/3889
f 3799/1/3799 3801/1/3801 3890/1/3890
f 3800/1/3800 3836/1/3836 3678/1/3678
f 3835/1/3835 3836/1/3836 3800/1/3800
f 3837/1/3837 3835/1/3835 3905/1/3905
f 3835/1/3835 3837/1/3837 3836/1/3836
f 3837/1/3837 3803/1/3803 3836/1/3836
f 3840/1/3840 3891/1/3891 3763/1/3763
f 3839/1/3839 3803/1/3803 3837/1/3837
f 3838/1/3838 3909/1/3909 3839/1/3839
f 3909/1/3909 3842/1/3842 3839/1/3839
f 3841/1/3841 3803/1/3803 3839/1/3839
f 3842/1/3842 3841/1/3841 3839/1/3839
f 3763/1/3763 3843/1/3843 3840/1/3840
f 3841/1/3841 3804/1/3804 3803/1/3803
f 3842/1/3842 3844/1/3844 3841/1/3841
f 3840/1/3840 3847/1/3847 3845/1/3845
f 3843/1/3843 3847/1/3847 3840/1/3840
f 3844/1/3844 3846/1/3846 3841/1/3841
f 3806/1/3806 3841/1/3841 3846/1/3846
f 3844/1/3844 3848/1/3848 3846/1/3846
f 3845/1/3845 3807/1/3807 3849/1/3849
f 3846/1/3846 3808/1/3808 3806/1/3806
f 3850/1/3850 3808/1/3808 3846/1/3846
f 3848/1/3848 3850/1/3850 3846/1/3846
f 3849/1/3849 3848/1/3848 3844/1/3844
f 3847/1/3847 3807/1/3807 3845/1/3845
f 3807/1/3807 3848/1/3848 3849/1/3849
f 3851/1/3851 3854/1/3854 3813/1/3813
f 3852/1/3852 3853/1/3853 3851/1/3851
f 3816/1/3816 3855/1/3855 3852/1/3852
f 3854/1/3854 3856/1/3856 3813/1/3813
f 3853/1/3853 3854/1/3854 3851/1/3851
f 3852/1/3852 3855/1/3855 3853/1/3853
f 3856/1/3856 3812/1/3812 3813/1/3813
f 3816/1/3816 3860/1/3860 3855/1/3855
f 3856/1/3856 3857/1/3857 3812/1/3812
f 3858/1/3858 3853/1/3853 3855/1/3855
f 3816/1/3816 3815/1/3815 3860/1/3860
f 3859/1/3859 3858/1/3858 3855/1/3855
f 3860/1/3860 3859/1/3859 3855/1/3855
f 3815/1/3815 3862/1/3862 3860/1/3860
f 3860/1/3860 3862/1/3862 3859/1/3859
f 3857/1/3857 3895/1/3895 3861/1/3861
f 3859/1/3859 3863/1/3863 3858/1/3858
f 3895/1/3895 3864/1/3864 3861/1/3861
f 3859/1/3859 3862/1/3862 3863/1/3863
f 3862/1/3862 3865/1/3865 3863/1/3863
f 3861/1/3861 3866/1/3866 3784/1/3784
f 3864/1/3864 3866/1/3866 3861/1/3861
f 3862/1/3862 3819/1/3819 3865/1/3865
f 3896/1/3896 3866/1/3866 3864/1/3864
f 3896/1/3896 3920/1/3920 3866/1/3866
f 3819/1/3819 3867/1/3867 3865/1/3865
f 3866/1/3866 3920/1/3920 3820/1/3820
f 3819/1/3819 3788/1/3788 3867/1/3867
f 3920/1/3920 3868/1/3868 3820/1/3820
f 3820/1/3820 3868/1/3868 3869/1/3869
f 3869/1/3869 3822/1/3822 3789/1/3789
f 3871/1/3871 3822/1/3822 3869/1/3869
f 3872/1/3872 3897/1/3897 3870/1/3870
f 3873/1/3873 3823/1/3823 3871/1/3871
f 3873/1/3873 3880/1/3880 3823/1/3823
f 3875/1/3875 3880/1/3880 3873/1/3873
f 3872/1/3872 3878/1/3878 3874/1/3874
f 3880/1/3880 3792/1/3792 3823/1/3823
f 3931/1/3931 3878/1/3878 3877/1/3877
f 3876/1/3876 3881/1/3881 3875/1/3875
f 3881/1/3881 3880/1/3880 3875/1/3875
f 3877/1/3877 3881/1/3881 3876/1/3876
f 3877/1/3877 3884/1/3884 3881/1/3881
f 3792/1/3792 3879/1/3879 3735/1/3735
f 3880/1/3880 3883/1/3883 3792/1/3792
f 3883/1/3883 3879/1/3879 3792/1/3792
f 3881/1/3881 3883/1/3883 3880/1/3880
f 3878/1/3878 3884/1/3884 3877/1/3877
f 3881/1/3881 3884/1/3884 3883/1/3883
f 3882/1/3882 3884/1/3884 3878/1/3878
f 3879/1/3879 3883/1/3883 3826/1/3826
f 3884/1/3884 3825/1/3825 3883/1/3883
f 3749/1/3749 3898/1/3898 3885/1/3885
f 3751/1/3751 3886/1/3886 3899/1/3899
f 3753/1/3753 3828/1/3828 3933/1/3933
f 3887/1/3887 3832/1/3832 3936/1/3936
f 3798/1/3798 3888/1/3888 3900/1/3900
f 3831/1/3831 3969/1/3969 3936/1/3936
f 3969/1/3969 3833/1/3833 3901/1/3901
f 3901/1/3901 3833/1/3833 3889/1/3889
f 3902/1/3902 3903/1/3903 3834/1/3834
f 3834/1/3834 3903/1/3903 3835/1/3835
f 3890/1/3890 3904/1/3904 3889/1/3889
f 3839/1/3839 3837/1/3837 3838/1/3838
f 3844/1/3844 3842/1/3842 3910/1/3910
f 3911/1/3911 3840/1/3840 3845/1/3845
f 3911/1/3911 3845/1/3845 3912/1/3912
f 3910/1/3910 3912/1/3912 3844/1/3844
f 3845/1/3845 3849/1/3849 3912/1/3912
f 3912/1/3912 3849/1/3849 3844/1/3844
f 3893/1/3893 3854/1/3854 3853/1/3853
f 3854/1/3854 3892/1/3892 3856/1/3856
f 3893/1/3893 3892/1/3892 3854/1/3854
f 3858/1/3858 3894/1/3894 3853/1/3853
f 3858/1/3858 3916/1/3916 3894/1/3894
f 3858/1/3858 3863/1/3863 3916/1/3916
f 3916/1/3916 3863/1/3863 3917/1/3917
f 3863/1/3863 3865/1/3865 3917/1/3917
f 3917/1/3917 3865/1/3865 3918/1/3918
f 3865/1/3865 3867/1/3867 3918/1/3918
f 3918/1/3918 3867/1/3867 3919/1/3919
f 3921/1/3921 3920/1/3920 3896/1/3896
f 3867/1/3867 3821/1/3821 3919/1/3919
f 3919/1/3919 3821/1/3821 3922/1/3922
f 3924/1/3924 3869/1/3869 3868/1/3868
f 3821/1/3821 3870/1/3870 3922/1/3922
f 3869/1/3869 3924/1/3924 3871/1/3871
f 3923/1/3923 3870/1/3870 3897/1/3897
f 3874/1/3874 3897/1/3897 3872/1/3872
f 3871/1/3871 3927/1/3927 3873/1/3873
f 3874/1/3874 3878/1/3878 3928/1/3928
f 3878/1/3878 3931/1/3931 3928/1/3928
f 3876/1/3876 3875/1/3875 3929/1/3929
f 3876/1/3876 3929/1/3929 3877/1/3877
f 3885/1/3885 3898/1/3898 3932/1/3932
f 3886/1/3886 3965/1/3965 3899/1/3899
f 3932/1/3932 3983/1/3983 3828/1/3828
f 3935/1/3935 3888/1/3888 3933/1/3933
f 3936/1/3936 3969/1/3969 3968/1/3968
f 3798/1/3798 3900/1/3900 3938/1/3938
f 3938/1/3938 3902/1/3902 3834/1/3834
f 3889/1/3889 3939/1/3939 3901/1/3901
f 3939/1/3939 3889/1/3889 3904/1/3904
f 3902/1/3902 3973/1/3973 3903/1/3903
f 3835/1/3835 3903/1/3903 3905/1/3905
f 3905/1/3905 3903/1/3903 3941/1/3941
f 3891/1/3891 3908/1/3908 3890/1/3890
f 3890/1/3890 3908/1/3908 3904/1/3904
f 3908/1/3908 3907/1/3907 3975/1/3975
f 3837/1/3837 3905/1/3905 3838/1/3838
f 3909/1/3909 3838/1/3838 3905/1/3905
f 3908/1/3908 3891/1/3891 3840/1/3840
f 3908/1/3908 3911/1/3911 3907/1/3907
f 3840/1/3840 3911/1/3911 3908/1/3908
f 3912/1/3912 3906/1/3906 3907/1/3907
f 3906/1/3906 3910/1/3910 3909/1/3909
f 3911/1/3911 3912/1/3912 3907/1/3907
f 3910/1/3910 3842/1/3842 3909/1/3909
f 3912/1/3912 3910/1/3910 3906/1/3906
f 3853/1/3853 3894/1/3894 3893/1/3893
f 3856/1/3856 3943/1/3943 3857/1/3857
f 3856/1/3856 3892/1/3892 3943/1/3943
f 3892/1/3892 3944/1/3944 3943/1/3943
f 3893/1/3893 3913/1/3913 3892/1/3892
f 3894/1/3894 3914/1/3914 3893/1/3893
f 3892/1/3892 3913/1/3913 3944/1/3944
f 3914/1/3914 3913/1/3913 3893/1/3893
f 3916/1/3916 3914/1/3914 3894/1/3894
f 3914/1/3914 3915/1/3915 3913/1/3913
f 3895/1/3895 3857/1/3857 3945/1/3945
f 3945/1/3945 3857/1/3857 3943/1/3943
f 3913/1/3913 3915/1/3915 3946/1/3946
f 3917/1/3917 3914/1/3914 3916/1/3916
f 3945/1/3945 3952/1/3952 3895/1/3895
f 3895/1/3895 3952/1/3952 3864/1/3864
f 3917/1/3917 3915/1/3915 3914/1/3914
f 3917/1/3917 3918/1/3918 3915/1/3915
f 3952/1/3952 3896/1/3896 3864/1/3864
f 3921/1/3921 3868/1/3868 3920/1/3920
f 3921/1/3921 3924/1/3924 3868/1/3868
f 3926/1/3926 3924/1/3924 3921/1/3921
f 3923/1/3923 3955/1/3955 3922/1/3922
f 3926/1/3926 3925/1/3925 3924/1/3924
f 3870/1/3870 3923/1/3923 3922/1/3922
f 3963/1/3963 3925/1/3925 3926/1/3926
f 3959/1/3959 3923/1/3923 3897/1/3897
f 3897/1/3897 3930/1/3930 3962/1/3962
f 3959/1/3959 3897/1/3897 3962/1/3962
f 3871/1/3871 3924/1/3924 3925/1/3925
f 3925/1/3925 3927/1/3927 3871/1/3871
f 3897/1/3897 3928/1/3928 3930/1/3930
f 3874/1/3874 3928/1/3928 3897/1/3897
f 3963/1/3963 3931/1/3931 3925/1/3925
f 3873/1/3873 3927/1/3927 3929/1/3929
f 3930/1/3930 3931/1/3931 3963/1/3963
f 3925/1/3925 3931/1/3931 3927/1/3927
f 3931/1/3931 3929/1/3929 3927/1/3927
f 3928/1/3928 3931/1/3931 3930/1/3930
f 3873/1/3873 3929/1/3929 3875/1/3875
f 3877/1/3877 3929/1/3929 3931/1/3931
f 3965/1/3965 3886/1/3886 3966/1/3966
f 3828/1/3828 3983/1/3983 3933/1/3933
f 3966/1/3966 3886/1/3886 3887/1/3887
f 3936/1/3936 3966/1/3966 3887/1/3887
f 3888/1/3888 3967/1/3967 3900/1/3900
f 3935/1/3935 3967/1/3967 3888/1/3888
f 3938/1/3938 3900/1/3900 3967/1/3967
f 3901/1/3901 3937/1/3937 3969/1/3969
f 3937/1/3937 3901/1/3901 3939/1/3939
f 3937/1/3937 3939/1/3939 3970/1/3970
f 3971/1/3971 3902/1/3902 3938/1/3938
f 3971/1/3971 3973/1/3973 3902/1/3902
f 3972/1/3972 3970/1/3970 3939/1/3939
f 3939/1/3939 3904/1/3904 3972/1/3972
f 3973/1/3973 3941/1/3941 3903/1/3903
f 3940/1/3940 3941/1/3941 3973/1/3973
f 3904/1/3904 3975/1/3975 3972/1/3972
f 3942/1/3942 3941/1/3941 3940/1/3940
f 3974/1/3974 3942/1/3942 3940/1/3940
f 3908/1/3908 3975/1/3975 3904/1/3904
f 3905/1/3905 3941/1/3941 3909/1/3909
f 3941/1/3941 3942/1/3942 3909/1/3909
f 3974/1/3974 3906/1/3906 3942/1/3942
f 3907/1/3907 3906/1/3906 3974/1/3974
f 3975/1/3975 3907/1/3907 3974/1/3974
f 3942/1/3942 3906/1/3906 3909/1/3909
f 3913/1/3913 3946/1/3946 3944/1/3944
f 3944/1/3944 3947/1/3947 3943/1/3943
f 3945/1/3945 3943/1/3943 3947/1/3947
f 3946/1/3946 3947/1/3947 3944/1/3944
f 3915/1/3915 3948/1/3948 3946/1/3946
f 3947/1/3947 3952/1/3952 3945/1/3945
f 3949/1/3949 3947/1/3947 3977/1/3977
f 3950/1/3950 3947/1/3947 3946/1/3946
f 3947/1/3947 3949/1/3949 3952/1/3952
f 3948/1/3948 3915/1/3915 3918/1/3918
f 3948/1/3948 3950/1/3950 3946/1/3946
f 3952/1/3952 3951/1/3951 3896/1/3896
f 3918/1/3918 3953/1/3953 3948/1/3948
f 3949/1/3949 3954/1/3954 3952/1/3952
f 3951/1/3951 3921/1/3921 3896/1/3896
f 3948/1/3948 3953/1/3953 3950/1/3950
f 3952/1/3952 3954/1/3954 3951/1/3951
f 3954/1/3954 3949/1/3949 3978/1/3978
f 3918/1/3918 3919/1/3919 3953/1/3953
f 3953/1/3953 3980/1/3980 3950/1/3950
f 3953/1/3953 3955/1/3955 3980/1/3980
f 3954/1/3954 3956/1/3956 3951/1/3951
f 3951/1/3951 3956/1/3956 3921/1/3921
f 3919/1/3919 3955/1/3955 3953/1/3953
f 3919/1/3919 3922/1/3922 3955/1/3955
f 3921/1/3921 3956/1/3956 3926/1/3926
f 3955/1/3955 3959/1/3959 3980/1/3980
f 3954/1/3954 3958/1/3958 3956/1/3956
f 3978/1/3978 3957/1/3957 3954/1/3954
f 3957/1/3957 3958/1/3958 3954/1/3954
f 3959/1/3959 3957/1/3957 3980/1/3980
f 3960/1/3960 3926/1/3926 3956/1/3956
f 3958/1/3958 3960/1/3960 3956/1/3956
f 3923/1/3923 3959/1/3959 3955/1/3955
f 3957/1/3957 3959/1/3959 3958/1/3958
f 3961/1/3961 3960/1/3960 3958/1/3958
f 3959/1/3959 3961/1/3961 3958/1/3958
f 3963/1/3963 3926/1/3926 3960/1/3960
f 3961/1/3961 3963/1/3963 3960/1/3960
f 3959/1/3959 3962/1/3962 3961/1/3961
f 3962/1/3962 3963/1/3963 3961/1/3961
f 3962/1/3962 3930/1/3930 3963/1/3963
f 3898/1/3898 3985/1/3985 3932/1/3932
f 3966/1/3966 3982/1/3982 3965/1/3965
f 3935/1/3935 3933/1/3933 3983/1/3983
f 3966/1/3966 3968/1/3968 3982/1/3982
f 3966/1/3966 3936/1/3936 3968/1/3968
f 3935/1/3935 3934/1/3934 3967/1/3967
f 3969/1/3969 3937/1/3937 3968/1/3968
f 3967/1/3967 3989/1/3989 3938/1/3938
f 3991/1/3991 3970/1/3970 3990/1/3990
f 3938/1/3938 3989/1/3989 3971/1/3971
f 3972/1/3972 3990/1/3990 3970/1/3970
f 3995/1/3995 3990/1/3990 3972/1/3972
f 3993/1/3993 3971/1/3971 3994/1/3994
f 3993/1/3993 3973/1/3973 3971/1/3971
f 3993/1/3993 3940/1/3940 3973/1/3973
f 3972/1/3972 3975/1/3975 3976/1/3976
f 3940/1/3940 3993/1/3993 3974/1/3974
f 3974/1/3974 3976/1/3976 3975/1/3975
f 3947/1/3947 3950/1/3950 3977/1/3977
f 3950/1/3950 3979/1/3979 3977/1/3977
f 3977/1/3977 3978/1/3978 3949/1/3949
f 3950/1/3950 3980/1/3980 3979/1/3979
f 3981/1/3981 3978/1/3978 3977/1/3977
f 3977/1/3977 3979/1/3979 3981/1/3981
f 3980/1/3980 3981/1/3981 3979/1/3979
f 3981/1/3981 3957/1/3957 3978/1/3978
f 3980/1/3980 3957/1/3957 3981/1/3981
f 3898/1/3898 3899/1/3899 3964/1/3964
f 3899/1/3899 3965/1/3965 3964/1/3964
f 3983/1/3983 3932/1/3932 3984/1/3984
f 3984/1/3984 3932/1/3932 3985/1/3985
f 3964/1/3964 3985/1/3985 3898/1/3898
f 3964/1/3964 3965/1/3965 3982/1/3982
f 3986/1/3986 3964/1/3964 3982/1/3982
f 3935/1/3935 3983/1/3983 3934/1/3934
f 3984/1/3984 3934/1/3934 3983/1/3983
f 3987/1/3987 3934/1/3934 3984/1/3984
f 3982/1/3982 3968/1/3968 3988/1/3988
f 3999/1/3999 3934/1/3934 3987/1/3987
f 3934/1/3934 3999/1/3999 3967/1/3967
f 3968/1/3968 3937/1/3937 3988/1/3988
f 3999/1/3999 3989/1/3989 3967/1/3967
f 3988/1/3988 3937/1/3937 3991/1/3991
f 3937/1/3937 3970/1/3970 3991/1/3991
f 4005/1/4005 3991/1/3991 3990/1/3990
f 3990/1/3990 3995/1/3995 3992/1/3992
f 3994/1/3994 3971/1/3971 3989/1/3989
f 3995/1/3995 3976/1/3976 3992/1/3992
f 3992/1/3992 3976/1/3976 3996/1/3996
f 3997/1/3997 3993/1/3993 3994/1/3994
f 3996/1/3996 3976/1/3976 3997/1/3997
f 3995/1/3995 3972/1/3972 3976/1/3976
f 3976/1/3976 3993/1/3993 3997/1/3997
f 3976/1/3976 3974/1/3974 3993/1/3993
f 4011/1/4011 3984/1/3984 4000/1/4000
f 4000/1/4000 3984/1/3984 3985/1/3985
f 3982/1/3982 3988/1/3988 3998/1/3998
f 4002/1/4002 3999/1/3999 3987/1/3987
f 4003/1/4003 3998/1/3998 3988/1/3988
f 3988/1/3988 3991/1/3991 4003/1/4003
f 3991/1/3991 4005/1/4005 4003/1/4003
f 3990/1/3990 3992/1/3992 4007/1/4007
f 3999/1/3999 3994/1/3994 3989/1/3989
f 4008/1/4008 3994/1/3994 3999/1/3999
f 4007/1/4007 3996/1/3996 4009/1/4009
f 4007/1/4007 3992/1/3992 3996/1/3996
f 3997/1/3997 3994/1/3994 4008/1/4008
f 3997/1/3997 4008/1/4008 3996/1/3996
f 4008/1/4008 4009/1/4009 3996/1/3996
f 3985/1/3985 3964/1/3964 3986/1/3986
f 3986/1/3986 4000/1/4000 3985/1/3985
f 4000/1/4000 3986/1/3986 4010/1/4010
f 4010/1/4010 3986/1/3986 3998/1/3998
f 3986/1/3986 3982/1/3982 3998/1/3998
f 3984/1/3984 4011/1/4011 3987/1/3987
f 4011/1/4011 4001/1/4001 3987/1/3987
f 3998/1/3998 4003/1/4003 4010/1/4010
f 4001/1/4001 4002/1/4002 3987/1/3987
f 4004/1/4004 4001/1/4001 4013/1/4013
f 4004/1/4004 4013/1/4013 4005/1/4005
f 4001/1/4001 4008/1/4008 4002/1/4002
f 4002/1/4002 4008/1/4008 3999/1/3999
f 4004/1/4004 4006/1/4006 4001/1/4001
f 4005/1/4005 4007/1/4007 4004/1/4004
f 4004/1/4004 4007/1/4007 4006/1/4006
f 4005/1/4005 3990/1/3990 4007/1/4007
f 4006/1/4006 4008/1/4008 4001/1/4001
f 4006/1/4006 4009/1/4009 4008/1/4008
f 4007/1/4007 4009/1/4009 4006/1/4006
f 4000/1/4000 4010/1/4010 4011/1/4011
f 4010/1/4010 4012/1/4012 4011/1/4011
f 4013/1/4013 4012/1/4012 4010/1/4010
f 4010/1/4010 4003/1/4003 4013/1/4013
f 4011/1/4011 4012/1/4012 4001/1/4001
f 4001/1/4001 4012/1/4012 4013/1/4013
f 4003/1/4003 4005/1/4005 4013/1/4013
