vn -0.0866167 -0.427797 -0.899715
v -38.4301 -2.98492 -29.1523
vn 0.0156166 -0.550019 -0.835006
v -37.9978 -3.35142 -28.9727
vn 0.110492 -0.341498 -0.933365
v -37.7422 -2.75709 -29.2377
vn 0.21737 -0.524191 -0.823392
v -37.4476 -3.26974 -28.9477
vn -0.277581 -0.36246 -0.889703
v -40.4129 -1.9785 -29.1893
vn -0.252361 -0.459863 -0.851376
v -39.993 -2.56325 -29.0379
vn -0.139515 -0.29788 -0.944353
v -39.565 -1.88206 -29.4052
vn -0.178416 -0.44566 -0.877243
v -39.1809 -2.81052 -29.0989
vn -0.0296732 -0.259153 -0.96538
v -38.4604 -2.18667 -29.4179
vn 0.159359 -0.18432 -0.969861
v -37.6328 -2.01802 -29.428
vn 0.321724 -0.363865 -0.874126
v -37.118 -2.83504 -29.0748
vn 0.332891 -0.207091 -0.919944
v -37.0904 -2.2399 -29.2393
vn 0.493817 -0.272522 -0.825759
v -36.6574 -2.49445 -28.9693
vn -0.380468 -0.278143 -0.881976
v -41.3024 -1.09003 -29.1827
vn -0.376614 -0.358353 -0.854251
v -41.0144 -1.65483 -29.0942
vn -0.226968 -0.220028 -0.948722
v -40.4428 -1.0608 -29.4548
vn -0.0844505 -0.168067 -0.982152
v -39.4762 -0.961028 -29.6448
vn 0.0212175 -0.158321 -0.98716
v -38.6962 -1.19557 -29.6252
vn 0.153203 -0.103459 -0.982764
v -37.8128 -1.30785 -29.5434
vn 0.351364 -0.0865576 -0.932229
v -37.0618 -1.44464 -29.3433
vn 0.521839 -0.128609 -0.843293
v -36.4741 -1.75769 -29.0112
vn -0.556629 -0.131797 -0.82024
v -42.0507 -0.184553 -28.9517
vn -0.50027 -0.218867 -0.837751
v -41.6721 -0.785749 -29.0941
vn -0.352764 -0.117748 -0.928274
v -41.2204 -0.282714 -29.3777
vn -0.193763 -0.092418 -0.976686
v -40.409 -0.056807 -29.6415
vn -0.0788877 -0.0885026 -0.992947
v -39.6712 -0.192596 -29.7201
vn 0.0527591 -0.0606647 -0.996763
v -38.7931 -0.263365 -29.7305
vn 0.186079 -0.035425 -0.981896
v -37.9179 -0.37628 -29.6229
vn 0.349467 -0.0164007 -0.936805
v -37.0977 -0.535734 -29.3968
vn 0.520078 -0.0367847 -0.853326
v -36.4064 -0.813598 -29.0513
vn -0.401584 0.00133848 -0.915821
v -41.5073 0.710879 -29.3276
vn -0.582237 0.0127317 -0.812919
v -42.2117 0.917437 -28.9399
vn -0.239727 0.0206382 -0.970621
v -40.6587 0.697404 -29.6101
vn -0.0820664 0.0186894 -0.996452
v -39.7861 0.698366 -29.7488
vn 0.0599083 0.0167086 -0.998064
v -38.901 0.653841 -29.7558
vn 0.208709 0.0382212 -0.977231
v -37.9997 0.595201 -29.638
vn 0.357392 0.0545172 -0.932362
v -37.1439 0.455003 -29.3944
vn 0.510091 0.0359491 -0.859369
v -36.4019 0.181856 -29.0475
vn -0.420477 0.166481 -0.891899
v -41.6843 1.5679 -29.1854
vn -0.591658 0.17855 -0.786168
v -42.1887 1.54233 -28.9137
vn -0.269976 0.163134 -0.948947
v -40.8525 1.58602 -29.4815
vn -0.120591 0.152187 -0.980967
v -39.929 1.58182 -29.6653
vn 0.0336808 0.12557 -0.991513
v -39.0256 1.54764 -29.7116
vn 0.213266 0.119771 -0.969625
v -38.135 1.54155 -29.5991
vn 0.370255 0.145501 -0.917464
v -37.2295 1.49782 -29.3155
vn 0.495569 0.129796 -0.858815
v -36.4242 1.23183 -28.9625
vn -0.544605 0.303617 -0.781807
v -41.9689 2.14852 -28.8427
vn -0.32097 0.322935 -0.890332
v -41.1031 2.42374 -29.175
vn -0.437194 0.386352 -0.812153
v -41.5452 2.66028 -28.9069
vn -0.162146 0.320695 -0.933201
v -40.105 2.44399 -29.4345
vn -0.00971514 0.304992 -0.952306
v -39.1458 2.41208 -29.5316
vn 0.153565 0.253301 -0.955121
v -38.3731 2.27425 -29.5244
vn 0.331406 0.257066 -0.907792
v -37.4987 2.52922 -29.2072
vn 0.489131 0.269189 -0.829631
v -36.447 2.45131 -28.6892
vn -0.361856 0.490627 -0.792682
v -41.1715 3.14949 -28.7989
vn -0.194896 0.477223 -0.856898
v -40.3301 3.18842 -29.0568
vn -0.238246 0.593067 -0.769097
v -40.5786 3.66493 -28.6858
vn -0.046277 0.487687 -0.871791
v -39.3484 3.22498 -29.1709
vn 0.120171 0.441687 -0.889085
v -38.2766 3.12836 -29.1752
vn 0.468124 0.361941 -0.806138
v -36.9363 3.16037 -28.7405
vn 0.286379 0.440195 -0.851009
v -37.4615 3.3205 -28.9189
vn -0.0993917 0.635049 -0.766051
v -39.7284 3.91966 -28.6412
vn 0.0421212 0.621415 -0.782349
v -38.6513 3.88251 -28.719
vn 0.188125 0.614659 -0.766031
v -37.7428 3.81513 -28.6522
vn -0.251325 -0.689679 -0.679102
v -39.647 -4.18024 -27.9277
vn -0.189268 -0.78495 -0.589941
v -39.1519 -4.71736 -27.447
vn -0.135646 -0.686156 -0.714696
v -38.8297 -4.11864 -28.2088
vn -0.0410578 -0.755836 -0.653473
v -38.03 -4.65541 -27.7408
vn 0.0793003 -0.647432 -0.757987
v -37.6614 -3.89267 -28.4838
vn 0.121557 -0.73101 -0.671453
v -37.0141 -4.54146 -27.8264
vn 0.274051 -0.516831 -0.811038
v -36.5961 -3.95674 -28.2363
vn 0.326038 -0.677542 -0.659269
v -36.3156 -4.39386 -27.8078
vn 0.519042 -0.46139 -0.719524
v -35.9972 -3.99151 -27.9479
vn 0.571977 -0.621282 -0.535585
v -35.8584 -4.32767 -27.5177
vn -0.453816 -0.585883 -0.671411
v -41.5861 -3.06805 -28.0118
vn -0.44668 -0.676661 -0.585327
v -41.3573 -3.55272 -27.6507
vn -0.348454 -0.582478 -0.73437
v -40.9555 -3.21203 -28.219
vn -0.358367 -0.678398 -0.641366
v -40.4854 -3.95299 -27.7504
vn -0.26632 -0.584092 -0.766753
v -39.8321 -3.39776 -28.5213
vn -0.142661 -0.603227 -0.784707
v -38.6672 -3.48698 -28.7862
vn 0.400552 -0.437878 -0.804873
v -36.7624 -3.20268 -28.6992
vn 0.544049 -0.309832 -0.779753
v -35.999 -3.34645 -28.2216
vn 0.694334 -0.389861 -0.604904
v -35.4682 -3.70149 -27.5695
vn -0.610966 -0.406716 -0.679192
v -42.2896 -2.18848 -28.0223
vn -0.560719 -0.480566 -0.674278
v -41.9047 -2.75088 -28.0343
vn -0.445676 -0.43245 -0.783811
v -41.5952 -2.55829 -28.3349
vn -0.368533 -0.464634 -0.80517
v -40.8325 -2.44658 -28.767
vn 0.599394 -0.21279 -0.771652
v -36.0234 -2.35614 -28.5476
vn 0.699854 -0.211856 -0.682144
v -35.3862 -2.73588 -27.8982
vn -0.520638 -0.336604 -0.784624
v -41.8282 -1.46156 -28.7084
vn -0.608678 -0.328621 -0.722163
v -42.6032 -1.35927 -28.2033
vn 0.642213 -0.0853511 -0.761759
v -35.8404 -1.241 -28.6026
vn 0.726084 -0.110337 -0.678696
v -35.3205 -1.7262 -28.045
vn -0.732777 -0.121148 -0.669598
v -43.2565 -0.326354 -27.8744
vn -0.699471 -0.243684 -0.671832
v -42.9428 -0.957869 -28.0692
vn -0.61805 -0.183994 -0.764304
v -42.6333 -0.657149 -28.4171
vn 0.641694 -0.00612271 -0.766937
v -35.7868 -0.215849 -28.6124
vn 0.743452 -0.042098 -0.667463
v -35.2579 -0.696136 -28.0836
vn -0.685928 -0.0296561 -0.727065
v -42.7665 0.369707 -28.4443
vn -0.742902 0.0950965 -0.662611
v -43.4 0.969713 -27.7332
vn 0.625912 0.0663488 -0.777066
v -35.7806 0.804949 -28.5694
vn 0.73501 0.00987565 -0.677984
v -35.2316 0.321596 -28.0752
vn -0.701969 0.171896 -0.691152
v -42.6492 1.49573 -28.4617
vn -0.724948 0.256866 -0.639117
v -43.1072 2.08847 -27.7651
vn 0.596737 0.155134 -0.787298
v -35.7941 1.81418 -28.4395
vn 0.703047 0.0799491 -0.706635
v -35.2332 1.3398 -28.0151
vn -0.643303 0.331774 -0.68999
v -42.4627 2.41997 -28.2999
vn -0.575302 0.455002 -0.679706
v -42.1803 3.04421 -28.1951
vn -0.533031 0.436405 -0.724864
v -41.8599 2.81377 -28.5968
vn 0.571981 0.267982 -0.775257
v -35.8029 2.45838 -28.2943
vn 0.643064 0.219822 -0.733585
v -35.2698 2.4036 -27.8428
vn -0.468564 0.53097 -0.706058
v -41.6362 3.38776 -28.3596
vn -0.3949 0.619117 -0.678784
v -41.3383 3.89025 -28.1258
vn -0.357772 0.601212 -0.714523
v -41.0734 3.67848 -28.467
vn 0.386216 0.55431 -0.737278
v -37.1028 3.66109 -28.5441
vn 0.482199 0.492012 -0.72485
v -36.4285 3.58118 -28.1345
vn 0.545082 0.366845 -0.753863
v -35.8316 2.99872 -28.0661
vn -0.239812 0.676063 -0.696727
v -40.5673 4.15984 -28.2208
vn -0.106334 0.70365 -0.702545
v -39.7289 4.47942 -28.1138
vn 0.00883879 0.706287 -0.70787
v -38.9333 4.44666 -28.1994
vn 0.14685 0.702654 -0.696213
v -38.0127 4.36177 -28.1923
vn 0.327677 0.656343 -0.679589
v -37.1772 4.13874 -28.1328
vn -0.384124 -0.748926 -0.539961
v -40.5112 -4.42081 -27.1759
vn -0.322417 -0.805721 -0.496852
v -40.1113 -4.82611 -26.8105
vn -0.300729 -0.758251 -0.578461
v -39.9708 -4.46307 -27.4592
vn -0.227597 -0.820873 -0.523801
v -39.2471 -5.23227 -26.64
vn -0.0876767 -0.824856 -0.558503
v -38.3048 -5.17955 -27.0093
vn 0.0824596 -0.814046 -0.574916
v -37.3102 -5.0782 -27.1792
vn 0.337552 -0.773759 -0.536056
v -36.3414 -4.82394 -27.2084
vn 0.630128 -0.614011 -0.47532
v -35.4768 -4.504 -26.7649
vn -0.619912 -0.599639 -0.506105
v -42.4286 -3.1328 -27.0814
vn -0.538137 -0.676705 -0.502473
v -41.8894 -3.60812 -27.0822
vn -0.589725 -0.576481 -0.565591
v -42.0431 -3.01851 -27.6309
vn -0.454313 -0.721252 -0.522873
v -41.1788 -4.11331 -27.0611
vn 0.798267 -0.247661 -0.549029
v -34.9421 -3.10708 -27.2434
vn 0.749366 -0.438858 -0.495837
v -35.029 -3.77948 -26.9522
vn 0.86467 -0.30875 -0.396257
v -34.7111 -3.45944 -26.6497
vn -0.698788 -0.454695 -0.552221
v -43.1976 -2.17442 -27.0541
vn -0.671186 -0.557316 -0.488782
v -42.9109 -2.8246 -26.7988
vn -0.655615 -0.479461 -0.58334
v -42.6963 -2.49695 -27.3879
vn 0.827134 -0.125433 -0.547828
v -34.8599 -2.21693 -27.3885
vn 0.910047 -0.167307 -0.37924
v -34.56 -2.77977 -26.6629
vn -0.701015 -0.343906 -0.624746
v -43.0819 -1.48744 -27.6337
vn -0.719044 -0.385265 -0.5784
v -43.6078 -1.60258 -26.9609
vn 0.838483 -0.0642493 -0.541128
v -34.8021 -1.23533 -27.4481
vn 0.920371 -0.0905823 -0.380411
v -34.4583 -1.85138 -26.6972
vn -0.803051 -0.14723 -0.577435
v -44.2019 -0.396421 -26.7332
vn -0.772995 -0.290629 -0.563927
v -43.9994 -1.13022 -26.7527
vn -0.740773 -0.21826 -0.635309
v -43.7166 -0.776106 -27.2444
vn 0.833612 -0.0365739 -0.551138
v -34.7607 -0.23271 -27.4629
vn 0.917257 -0.0669887 -0.392622
v -34.3952 -0.871779 -26.7127
vn -0.765475 -0.035229 -0.6425
v -43.8637 0.201387 -27.2547
vn -0.799785 0.0329128 -0.599383
v -44.3579 0.594927 -26.6164
vn 0.800385 -0.0157605 -0.599279
v -34.7262 0.777895 -27.4576
vn 0.892324 -0.091065 -0.442114
v -34.3216 0.125612 -26.7201
vn -0.769097 0.125352 -0.626719
v -43.9675 1.0258 -27.0708
vn -0.759204 0.239761 -0.605082
v -43.7976 1.89337 -26.9878
vn 0.734262 0.0434878 -0.677471
v -34.7389 1.74661 -27.4572
vn 0.817767 -0.113785 -0.564189
v -34.196 1.20709 -26.7355
vn -0.643319 0.389522 -0.6591
v -42.687 2.94148 -27.7901
vn -0.721002 0.321334 -0.613923
v -43.2934 2.8653 -27.1751
vn 0.685745 0.160432 -0.709941
v -34.7684 2.35217 -27.4261
vn 0.736047 0.0753865 -0.672719
v -34.3573 2.22475 -27.0067
vn -0.605195 0.404636 -0.685572
v -42.7374 3.61832 -27.3454
vn -0.70156 0.382008 -0.601568
v -43.2522 3.7591 -26.7241
vn -0.500158 0.521353 -0.6914
v -42.0372 3.66677 -27.8469
vn 0.528386 0.461906 -0.712356
v -35.8438 3.50577 -27.8021
vn 0.584286 0.39877 -0.706819
v -35.4056 3.30736 -27.5638
vn 0.639055 0.294309 -0.710627
v -34.7929 2.89392 -27.2542
vn -0.592416 0.45224 -0.666725
v -42.7137 4.16483 -27.0503
vn -0.433637 0.516007 -0.738712
v -42.2036 4.26523 -27.3291
vn -0.485927 0.576745 -0.656689
v -42.4263 4.52347 -27.0206
vn -0.324963 0.62811 -0.70702
v -41.2803 4.45459 -27.6365
vn -0.163224 0.693782 -0.701445
v -40.1853 4.78589 -27.7023
vn -0.0239387 0.72377 -0.689626
v -39.2408 4.90235 -27.7092
vn 0.101885 0.733088 -0.672459
v -38.3198 4.86794 -27.6958
vn 0.24312 0.708442 -0.662572
v -37.4269 4.70319 -27.6531
vn 0.38668 0.629227 -0.674205
v -36.5985 4.38779 -27.5719
vn 0.492248 0.543477 -0.679945
v -35.8533 3.93622 -27.4776
vn -0.386524 0.617739 -0.684834
v -41.9055 4.98961 -26.8836
vn -0.203362 0.65096 -0.731365
v -40.662 5.2263 -27.1741
vn -0.0544991 0.693029 -0.718847
v -39.6408 5.33319 -27.256
vn 0.0776718 0.729339 -0.67973
v -38.7011 5.35465 -27.2146
vn 0.190906 0.744507 -0.639738
v -37.7387 5.2487 -27.1427
vn 0.306977 0.708125 -0.635865
v -36.9227 4.9615 -27.1613
vn -0.232608 -0.832366 -0.503052
v -39.2914 -5.57168 -26.0701
vn -0.146292 -0.862239 -0.484915
v -38.884 -5.91498 -25.6338
vn -0.115905 -0.854711 -0.505999
v -38.547 -5.58479 -26.3103
vn -0.000263309 -0.883611 -0.468222
v -37.8985 -5.91214 -25.7991
vn 0.0303869 -0.862928 -0.504413
v -37.6087 -5.53099 -26.492
vn 0.167373 -0.883594 -0.437318
v -36.9374 -5.79167 -25.8716
vn 0.21091 -0.835705 -0.507064
v -36.7138 -5.37292 -26.5747
vn 0.351173 -0.833947 -0.425687
v -36.2386 -5.54056 -26.0035
vn 0.442851 -0.751571 -0.488901
v -36.0323 -5.1419 -26.5182
vn 0.551162 -0.728341 -0.407112
v -35.6352 -5.2215 -25.9125
vn -0.484621 -0.7471 -0.454955
v -41.3714 -4.37764 -26.4758
vn -0.429819 -0.770404 -0.470886
v -41.0097 -4.80784 -26.1102
vn -0.415762 -0.773285 -0.478719
v -40.8392 -4.54666 -26.7204
vn -0.331101 -0.801004 -0.498763
v -40.0669 -5.3347 -25.9963
vn 0.700758 -0.590618 -0.400136
v -35.0713 -4.71982 -25.865
vn -0.607325 -0.655671 -0.44861
v -42.4537 -3.50697 -26.5159
vn -0.531277 -0.70977 -0.46257
v -41.7902 -4.00815 -26.6012
vn 0.797336 -0.461937 -0.388419
v -34.8587 -4.07014 -26.3171
vn 0.922734 -0.279062 -0.26587
v -34.4945 -3.57278 -25.8807
vn -0.704609 -0.512542 -0.490742
v -43.4782 -2.40835 -26.4255
vn -0.6716 -0.591231 -0.446541
v -42.992 -3.06814 -26.3723
vn 0.960074 -0.147353 -0.237793
v -34.2797 -2.59424 -25.8518
vn -0.784186 -0.32096 -0.531072
v -44.3313 -1.25982 -26.1559
vn -0.753939 -0.445215 -0.483073
v -43.9566 -1.95181 -26.2028
vn -0.743704 -0.413846 -0.525011
v -43.9135 -1.66743 -26.5139
vn 0.966606 -0.0924469 -0.239011
v -34.1741 -1.6195 -25.8489
vn -0.801726 -0.116779 -0.586172
v -44.6533 -0.112243 -26.1566
vn 0.954334 -0.120886 -0.273189
v -34.0818 -0.646712 -25.8396
vn -0.810737 0.0448741 -0.583687
v -44.7571 0.678545 -26.0694
vn 0.89752 -0.236304 -0.372315
v -33.9118 0.339068 -25.8522
vn -0.785506 0.184338 -0.590762
v -44.2452 1.36463 -26.6152
vn -0.795405 0.16005 -0.584563
v -44.5732 1.20479 -26.2201
vn 0.759256 -0.128645 -0.63795
v -33.717 1.98308 -26.2926
vn 0.841047 -0.248521 -0.480497
v -33.7408 1.1418 -26.0192
vn 0.870813 -0.322201 -0.371311
v -33.366 1.44498 -25.4858
vn -0.778629 0.253979 -0.573787
v -44.4458 1.95955 -26.0926
vn -0.762313 0.302949 -0.571928
v -43.9063 2.93399 -26.3423
vn 0.63223 0.222153 -0.742249
v -34.0918 3.04286 -26.5871
vn 0.816039 -0.257159 -0.517639
v -33.2116 2.13536 -25.7561
vn 0.727339 0.0367634 -0.685293
v -33.3418 2.72217 -26.0179
vn 0.904649 -0.0999276 -0.414276
v -32.9831 2.54744 -25.5394
vn -0.749153 0.368863 -0.550191
v -43.7263 3.79747 -26.1025
vn 0.53559 0.460183 -0.708079
v -35.0318 3.8505 -26.924
vn 0.559817 0.478012 -0.676838
v -34.2266 4.056 -26.2091
vn 0.66413 0.348049 -0.66166
v -33.5033 3.49903 -25.9528
vn 0.874747 0.178627 -0.450455
v -33.0145 3.11798 -25.5254
vn -0.595126 0.548526 -0.58732
v -42.7782 4.51479 -26.6871
vn -0.686972 0.464019 -0.559246
v -43.3176 4.34119 -26.2402
vn 0.396613 0.628833 -0.668781
v -36.0222 4.7359 -26.8913
vn 0.472359 0.56279 -0.67834
v -35.0659 4.81639 -26.2616
vn 0.675672 0.577693 -0.457972
v -33.6376 4.21544 -25.5039
vn 0.59637 0.661139 -0.455235
v -34.3213 4.7972 -25.5982
vn 0.802706 0.44461 -0.397473
v -33.1573 3.69092 -25.3948
vn -0.597424 0.53385 -0.598405
v -42.8474 5.116 -26.0518
vn -0.526574 0.591773 -0.610348
v -42.462 5.7249 -25.9076
vn -0.398745 0.607515 -0.68697
v -41.9417 5.72296 -26.2506
vn -0.226459 0.65589 -0.720087
v -40.9988 5.78018 -26.606
vn -0.0718564 0.701182 -0.709352
v -39.9742 5.8286 -26.7669
vn 0.055797 0.724375 -0.687145
v -39.1332 5.76412 -26.8406
vn 0.194057 0.772903 -0.604121
v -38.223 5.8682 -26.5334
vn 0.257517 0.769413 -0.584542
v -36.9625 5.52942 -26.4944
vn 0.295593 0.721954 -0.625626
v -35.9058 5.41757 -26.1815
vn 0.564336 0.66578 -0.488121
v -34.8758 5.23618 -25.7363
vn 0.392963 0.714647 -0.578671
v -35.3087 5.41364 -25.902
vn -0.452867 0.707398 -0.542678
v -42.1217 6.18006 -25.6621
vn -0.244049 0.737853 -0.629296
v -41.2552 6.30531 -26.008
vn -0.281323 0.834799 -0.473253
v -41.5157 6.63371 -25.4612
vn -0.0821915 0.774647 -0.62703
v -40.2789 6.36244 -26.1775
vn 0.0801738 0.785774 -0.613296
v -39.2029 6.29334 -26.2548
vn 0.274504 0.881013 -0.38531
v -37.5241 6.21593 -25.6361
vn 0.247706 0.835802 -0.489976
v -38.4065 6.39705 -25.8868
vn 0.231208 0.882708 -0.409109
v -36.4759 5.93353 -25.6699
vn 0.307768 0.873563 -0.37705
v -35.6846 5.76212 -25.5717
vn -0.10343 0.892018 -0.440006
v -40.653 6.82923 -25.4023
vn 0.0456041 0.894558 -0.444619
v -39.6373 6.77333 -25.5872
vn 0.182421 0.890663 -0.416463
v -38.8905 6.67615 -25.6144
vn -0.320265 -0.807982 -0.494566
v -40.1342 -5.75865 -25.2669
vn -0.236837 -0.842577 -0.483706
v -39.4994 -5.99841 -25.2477
vn -0.26525 -0.826537 -0.496467
v -39.6073 -5.72288 -25.6548
vn -0.140425 -0.879318 -0.455061
v -38.9911 -6.22349 -25.0428
vn -0.0279835 -0.890022 -0.455059
v -38.1931 -6.24873 -25.1403
vn 0.134664 -0.881249 -0.453063
v -37.214 -6.18152 -25.1743
vn 0.425327 -0.812012 -0.399666
v -36.0784 -5.90018 -25.0484
vn 0.627415 -0.701509 -0.337987
v -35.23 -5.26147 -25.2046
vn -0.536689 -0.661389 -0.523956
v -42.4484 -4.35947 -25.3242
vn -0.474567 -0.716943 -0.510665
v -41.6705 -4.81192 -25.4951
vn -0.53856 -0.705042 -0.461377
v -41.9823 -4.22009 -26.019
vn -0.394254 -0.76444 -0.510093
v -40.9445 -5.31084 -25.3823
vn 0.846703 -0.428517 -0.315385
v -34.7077 -4.31999 -25.6646
vn 0.787598 -0.536703 -0.302719
v -34.8287 -4.78174 -25.2845
vn 0.910466 -0.37142 -0.181932
v -34.5396 -4.37993 -24.9425
vn -0.615553 -0.580676 -0.532833
v -43.5314 -3.46005 -25.1945
vn -0.578652 -0.618724 -0.531359
v -43.0184 -3.93036 -25.2513
vn -0.624595 -0.611077 -0.486278
v -43.0056 -3.44418 -25.8315
vn 0.964985 -0.219219 -0.144036
v -34.2575 -3.43056 -24.9345
vn -0.664169 -0.50562 -0.550662
v -44.462 -2.518 -25.0642
vn -0.634853 -0.551179 -0.541446
v -44.0211 -2.98564 -25.1375
vn -0.68013 -0.500689 -0.535475
v -43.9616 -2.4677 -25.6895
vn 0.983896 -0.128555 -0.124183
v -34.0974 -2.45776 -24.9195
vn -0.741536 -0.312426 -0.593729
v -45.2671 -1.35455 -24.9246
vn -0.711551 -0.429884 -0.555782
v -44.8881 -2.00589 -24.9978
vn -0.705365 -0.383081 -0.596413
v -44.681 -1.70926 -25.4343
vn 0.983411 -0.120272 -0.135781
v -33.9928 -1.49655 -24.8921
vn -0.771935 -0.210155 -0.59996
v -44.9543 -0.708647 -25.5891
vn -0.786769 -0.11048 -0.60728
v -45.4792 -0.217315 -25.0545
vn 0.957276 -0.220149 -0.187502
v -33.8351 -0.528242 -24.8266
vn -0.801726 -0.0242816 -0.597198
v -45.0814 0.302797 -25.624
vn -0.802872 0.0669759 -0.592377
v -45.4745 0.777895 -25.0918
vn 0.887133 -0.313333 -0.338846
v -33.6104 0.768221 -25.4898
vn 0.911788 -0.314659 -0.263881
v -33.6701 0.250582 -25.0909
vn 0.923704 -0.319822 -0.210912
v -33.4275 0.729036 -24.8258
vn -0.791584 0.15754 -0.590404
v -44.9857 1.24858 -25.6344
vn -0.787849 0.195263 -0.584095
v -45.3579 1.43181 -25.1086
vn 0.946504 -0.302646 -0.111964
v -33.1345 1.42916 -24.5608
vn -0.772964 0.275419 -0.571551
v -45.1019 2.16045 -25.1197
vn -0.762511 0.347309 -0.545851
v -44.7793 3.12555 -25.0285
vn -0.76901 0.303382 -0.562657
v -44.486 2.74391 -25.6496
vn 0.934341 -0.288117 -0.20975
v -32.9997 2.06548 -25.1473
vn 0.991622 -0.03831 -0.12336
v -32.8387 2.72629 -24.9899
vn -0.767977 0.354398 -0.533492
v -44.2121 3.50656 -25.5896
vn -0.761644 0.439453 -0.476214
v -44.5077 4.02098 -24.7608
vn 0.95537 0.263204 -0.134131
v -32.8935 3.39052 -24.918
vn -0.730403 0.450185 -0.513659
v -43.7773 4.41022 -25.5462
vn -0.758347 0.491105 -0.428633
v -44.0682 4.76871 -24.7707
vn 0.620756 0.730314 -0.285138
v -33.8838 4.66464 -25.2226
vn 0.72033 0.684222 -0.113869
v -33.6166 4.48966 -24.9113
vn 0.811048 0.574292 -0.111311
v -33.1886 3.99915 -24.8068
vn -0.693701 0.534298 -0.483016
v -43.4937 5.2171 -25.1809
vn -0.653718 0.656242 -0.376828
v -43.3027 5.7791 -24.7308
vn -0.615234 0.616359 -0.491517
v -42.8478 5.74054 -25.4526
vn 0.469295 0.823243 -0.319426
v -35.1514 5.57153 -25.4945
vn 0.603369 0.770049 -0.207293
v -34.7274 5.36098 -25.1868
vn 0.639438 0.76809 -0.0340067
v -34.157 4.95667 -24.6813
vn -0.568809 0.735565 -0.367969
v -42.6578 6.23569 -24.9458
vn -0.454604 0.857295 -0.241618
v -42.2998 6.67693 -24.4101
vn -0.428046 0.824852 -0.369318
v -42.032 6.58739 -25.107
vn 0.317868 0.94372 -0.0913925
v -37.6052 6.51041 -24.5869
vn 0.303261 0.919537 -0.249969
v -38.2862 6.6451 -25.1875
vn 0.266523 0.955921 -0.12321
v -36.7521 6.228 -24.8488
vn 0.288208 0.946295 -0.1465
v -36.0315 6.01723 -25.0523
vn 0.41774 0.905352 -0.0763593
v -35.3321 5.76746 -24.8969
vn -0.254339 0.932936 -0.254838
v -41.4116 6.94557 -24.7051
vn -0.0670133 0.97347 -0.218782
v -40.5648 7.1397 -24.5899
vn 0.0827918 0.96843 -0.235134
v -39.8403 7.07114 -24.7939
vn 0.20348 0.956422 -0.209409
v -39.0189 6.90997 -24.95
vn -0.262866 -0.778291 -0.570231
v -40.6026 -6.3118 -24.2016
vn -0.153316 -0.839106 -0.521915
v -40.086 -6.80255 -23.6741
vn -0.207258 -0.84477 -0.493363
v -39.7181 -6.30981 -24.5762
vn -0.0355837 -0.899169 -0.436152
v -38.9399 -6.84695 -23.7995
vn -0.0662301 -0.904277 -0.421778
v -38.5561 -6.53401 -24.5102
vn 0.0645841 -0.941929 -0.329543
v -37.873 -6.83551 -23.8165
vn 0.0584034 -0.912545 -0.404785
v -37.5723 -6.53584 -24.5338
vn 0.173455 -0.948839 -0.263853
v -36.9514 -6.71324 -23.8947
vn 0.204613 -0.882141 -0.424217
v -36.6875 -6.42534 -24.5261
vn 0.352752 -0.903397 -0.243804
v -36.3274 -6.53606 -24.0161
vn 0.434125 -0.820744 -0.371369
v -36.1658 -6.33526 -24.385
vn 0.594113 -0.777952 -0.204499
v -35.78 -6.21751 -23.9121
vn -0.493541 -0.639955 -0.588961
v -42.6142 -5.15539 -24.2811
vn -0.446538 -0.682816 -0.578245
v -42.1469 -5.65602 -24.0943
vn -0.44563 -0.689523 -0.570939
v -41.889 -5.21385 -24.7697
vn -0.350957 -0.723705 -0.594205
v -41.3884 -5.99292 -24.1943
vn -0.332789 -0.763026 -0.554115
v -40.7938 -5.83037 -24.7332
vn 0.665945 -0.709021 -0.231961
v -35.2347 -5.60043 -24.3873
vn 0.786528 -0.576326 -0.221861
v -34.8504 -5.06459 -24.7678
vn 0.854421 -0.511164 -0.0931484
v -34.7269 -5.059 -24.0851
vn -0.631669 -0.592962 -0.499389
v -43.4958 -4.53537 -24.0565
vn -0.56499 -0.61204 -0.553347
v -43.0299 -4.90875 -24.1797
vn -0.560339 -0.611528 -0.558617
v -43.0235 -4.3965 -24.7031
vn 0.948572 -0.313584 -0.0433214
v -34.3774 -4.25262 -23.9996
vn -0.695418 -0.592097 -0.407203
v -44.6339 -3.46808 -23.7472
vn -0.688186 -0.588416 -0.424461
v -44.0767 -4.09927 -23.7954
vn -0.64518 -0.571191 -0.507428
v -44.0495 -3.49391 -24.5403
vn 0.981995 -0.187526 -0.0228113
v -34.1521 -3.31688 -23.9639
vn -0.66996 -0.539779 -0.509699
v -45.5766 -2.29468 -23.9279
vn -0.689104 -0.633168 -0.352468
v -45.3196 -2.88409 -23.459
vn -0.676111 -0.517028 -0.524934
v -45.0103 -2.46777 -24.4101
vn 0.990442 -0.134771 -0.0293675
v -34.0167 -2.36796 -23.9373
vn -0.842711 -0.27791 -0.46109
v -46.1636 -1.32645 -23.7676
vn -0.78687 -0.420082 -0.452069
v -45.9187 -1.95373 -23.777
vn -0.721921 -0.35865 -0.591777
v -45.6812 -1.69545 -24.2555
vn 0.984789 -0.164651 -0.0555019
v -33.8959 -1.45608 -23.8722
vn -0.789437 -0.181974 -0.586239
v -45.8829 -0.756804 -24.4095
vn -0.836075 -0.131728 -0.532567
v -46.4453 -0.32266 -23.6927
vn 0.958218 -0.270527 -0.0929217
v -33.7304 -0.704985 -23.7675
vn -0.819375 0.00841478 -0.573197
v -45.9632 0.316347 -24.448
vn -0.83829 0.144627 -0.525693
v -46.4466 0.885286 -23.6579
vn 0.940188 -0.302348 -0.156943
v -33.5856 0.00740215 -24.3405
vn 0.958708 -0.27557 -0.0702913
v -33.326 0.601778 -23.8352
vn -0.813375 0.190958 -0.549506
v -45.7784 1.42697 -24.5022
vn -0.848902 0.275165 -0.451276
v -46.1876 1.92633 -23.6323
vn 0.986416 -0.140321 0.0853967
v -33.0789 1.64272 -23.5779
vn -0.79765 0.295211 -0.525933
v -45.6714 2.35663 -24.2362
vn -0.792259 0.392158 -0.467479
v -45.5706 3.09471 -23.8981
vn -0.770339 0.337935 -0.54072
v -45.2522 2.84581 -24.5514
vn 0.985587 -0.165546 0.0348249
v -32.9059 2.22489 -24.387
vn 0.986218 0.0769777 0.14645
v -32.8571 3.00661 -24.3356
vn -0.761763 0.414292 -0.498076
v -45.0804 3.47293 -24.3606
vn -0.770163 0.486441 -0.412582
v -45.3122 3.68236 -23.7817
vn 0.933635 0.335394 0.12584
v -32.9492 3.59432 -24.3844
vn -0.752556 0.512269 -0.413811
v -44.9474 4.0443 -24.0091
vn -0.751978 0.574586 -0.323079
v -44.4763 4.78407 -23.8755
vn 0.810014 0.5429 0.221669
v -33.1235 3.89812 -24.2537
vn 0.730677 0.656875 0.186084
v -33.5119 4.30933 -24.1959
vn -0.740047 0.578948 -0.342272
v -43.8413 5.34004 -24.4274
vn -0.68965 0.674955 -0.262334
v -43.5749 5.76038 -24.2364
vn 0.573779 0.79471 0.198026
v -34.6605 5.28891 -23.9361
vn 0.441522 0.883727 0.155194
v -35.1834 5.66741 -24.1654
vn 0.561421 0.82741 0.0141102
v -34.78 5.47724 -24.5696
vn 0.663777 0.713508 0.22429
v -34.0892 4.76056 -23.716
vn -0.621381 0.75398 -0.213071
v -43.1286 6.2106 -24.0129
vn -0.472885 0.867385 -0.154992
v -42.5515 6.71793 -23.7048
vn 0.342848 0.931724 0.119773
v -37.8248 6.56334 -23.5895
vn 0.308224 0.950584 -0.0372512
v -38.3956 6.80202 -24.3003
vn 0.330745 0.937649 0.106871
v -36.9398 6.28121 -23.8483
vn 0.345484 0.931701 0.112137
v -35.9606 5.97438 -24.1746
vn -0.273518 0.956957 -0.0970669
v -41.7717 7.0246 -23.6782
vn -0.109064 0.99207 -0.0624618
v -40.8518 7.19861 -23.8901
vn 0.0987518 0.994462 -0.0359638
v -40.0248 7.19885 -23.9606
vn 0.226421 0.973777 -0.0221652
v -39.2019 7.04296 -24.0817
vn -0.692886 -0.608055 -0.387527
v -43.0296 -5.99182 -22.9114
vn -0.599134 -0.747324 -0.287308
v -42.7469 -6.43018 -22.6108
vn -0.485037 -0.69765 -0.52728
v -42.5761 -6.24759 -23.1134
vn -0.410826 -0.815242 -0.408169
v -42.0594 -6.78622 -22.6833
vn -0.381927 -0.729686 -0.567178
v -41.8858 -6.27383 -23.539
vn -0.255978 -0.8306 -0.494548
v -40.9961 -6.95019 -23.0919
vn -0.281778 -0.780906 -0.557482
v -40.9955 -6.50143 -23.7625
vn -0.114763 -0.881466 -0.458092
v -40.0714 -7.21541 -23.0034
vn 0.0142383 -0.896347 -0.443125
v -39.2537 -7.19815 -23.1049
vn 0.176488 -0.936128 -0.304165
v -38.173 -7.14244 -22.9735
vn 0.242855 -0.961093 -0.131612
v -37.1325 -6.90736 -23.0846
vn 0.399215 -0.91242 -0.0900921
v -36.3128 -6.62918 -23.3446
vn 0.626005 -0.779773 -0.00855517
v -35.6921 -6.28631 -22.8882
vn -0.581032 -0.623676 -0.522905
v -42.9157 -5.47494 -23.6176
vn -0.775431 -0.571339 -0.268847
v -43.452 -5.48062 -22.7866
vn 0.761494 -0.64695 -0.039778
v -35.152 -5.72122 -23.4108
vn 0.888656 -0.453334 0.0691292
v -34.6918 -5.0106 -23.1254
vn -0.744558 -0.611453 -0.267878
v -44.3395 -4.18422 -23.1095
vn -0.791759 -0.597709 -0.125944
v -43.9787 -4.85754 -22.5006
vn -0.708096 -0.603132 -0.367195
v -43.7451 -4.78503 -23.3451
vn 0.95533 -0.274604 0.109263
v -34.3701 -4.11845 -23.0096
vn -0.723296 -0.648207 -0.238057
v -44.8929 -3.61575 -22.9156
vn 0.975807 -0.196767 0.0953053
v -34.1634 -3.17735 -22.9838
vn -0.857202 -0.44657 -0.256474
v -46.1372 -1.9494 -23.2269
vn -0.785924 -0.596419 -0.163121
v -45.8125 -2.57992 -22.8474
vn -0.750657 -0.572363 -0.330023
v -45.79 -2.37146 -23.4862
vn -0.76329 -0.62885 -0.148109
v -45.3788 -3.17961 -22.5597
vn 0.984156 -0.166931 0.0597553
v -34.012 -2.2644 -22.9487
vn -0.878661 -0.379404 -0.28984
v -46.5518 -1.18976 -22.9609
vn 0.972202 -0.230832 0.0392318
v -33.8504 -1.32393 -22.7943
vn -0.956889 -0.125012 -0.262175
v -47.0371 -0.113921 -22.6982
vn -0.926339 -0.349849 -0.139651
v -46.9256 -0.684813 -22.4325
vn -0.876794 -0.24419 -0.41425
v -46.8305 -0.431074 -23.0471
vn 0.951929 -0.295009 -0.082468
v -33.5459 -0.177946 -23.6103
vn 0.956927 -0.289511 -0.0217828
v -33.6498 -0.609785 -23.0973
vn 0.963056 -0.268248 0.0237932
v -33.4661 -0.00700168 -22.9691
vn -0.882556 0.0174711 -0.469883
v -46.8485 0.239656 -23.1508
vn -0.972595 0.0823006 -0.217453
v -47.0746 0.470171 -22.5199
vn 0.976636 -0.201803 0.073869
v -33.2575 0.80362 -22.8897
vn -0.898658 0.205528 -0.38752
v -46.8615 0.89737 -22.9453
vn -0.881405 0.314142 -0.352762
v -46.6487 1.59232 -22.9024
vn 0.984719 -0.0288306 0.171746
v -33.1737 1.53194 -22.7228
vn -0.841698 0.336979 -0.421888
v -45.9697 2.62282 -23.5765
vn -0.88169 0.38729 -0.269497
v -46.307 2.58612 -22.7438
vn 0.972845 0.0273618 0.229833
v -32.968 2.56436 -23.7617
vn 0.952285 0.137233 0.272617
v -33.1952 2.48085 -22.9364
vn -0.838587 0.419621 -0.347405
v -45.9 3.08684 -23.2822
vn -0.796871 0.490161 -0.353182
v -45.6029 3.53203 -23.3884
vn 0.87853 0.335614 0.339925
v -33.1535 3.46945 -23.7244
vn 0.848086 0.380031 0.369223
v -33.5126 3.50028 -22.8454
vn -0.769563 0.569376 -0.289109
v -45.2151 4.19248 -23.1937
vn -0.729855 0.637502 -0.246786
v -44.7618 4.81459 -23.1082
vn 0.748178 0.535293 0.392035
v -33.7932 4.03317 -22.8531
vn 0.642739 0.663978 0.382125
v -34.1339 4.4664 -22.9644
vn 0.775214 0.558116 0.295888
v -33.6597 4.14166 -23.3579
vn -0.714139 0.675364 -0.184093
v -43.8461 5.60973 -23.7318
vn -0.688437 0.704832 -0.171075
v -44.2999 5.34705 -22.9294
vn 0.556332 0.758644 0.339049
v -34.5858 4.99404 -23.2486
vn 0.451906 0.836026 0.311193
v -35.3068 5.46471 -23.327
vn -0.636424 0.770645 -0.0327232
v -43.5079 6.06453 -22.8499
vn -0.561223 0.822521 0.0921286
v -42.9025 6.56221 -22.6796
vn -0.581876 0.809461 -0.0786994
v -42.9436 6.53195 -23.2712
vn 0.347854 0.893014 0.285522
v -38.2604 6.52268 -22.6567
vn 0.313453 0.940792 0.129061
v -38.6403 6.83373 -23.3815
vn 0.353112 0.892603 0.280307
v -37.3021 6.17136 -22.7401
vn 0.390237 0.880413 0.269423
v -36.2987 5.87522 -23.1088
vn -0.389348 0.920884 0.0195312
v -42.3793 6.85709 -22.981
vn -0.19565 0.976253 0.0930073
v -41.6839 7.07218 -22.8445
vn -0.0688251 0.992567 0.100367
v -41.0084 7.16704 -23.0509
vn 0.0625941 0.992535 0.104676
v -40.3057 7.20151 -23.273
vn 0.212461 0.965511 0.150495
v -39.5068 7.04521 -23.1258
vn -0.462947 -0.872815 -0.154514
v -41.9563 -7.12756 -21.9857
vn -0.280391 -0.957156 0.0723441
v -41.4253 -7.37041 -21.5912
vn -0.262901 -0.916003 -0.303021
v -41.3035 -7.27965 -22.2916
vn -0.113579 -0.993507 0.00655191
v -40.6292 -7.5078 -21.7727
vn -0.142682 -0.941181 -0.306302
v -40.416 -7.40385 -22.4628
vn -0.0240952 -0.99971 -0.000200705
v -39.763 -7.56102 -21.9224
vn -0.0191491 -0.952528 -0.303848
v -39.5587 -7.45888 -22.5323
vn 0.0707871 -0.996072 -0.0531914
v -39.0817 -7.55278 -22.0674
vn 0.132491 -0.951108 -0.278999
v -38.7452 -7.4225 -22.4956
vn 0.207605 -0.977511 0.0370387
v -38.459 -7.4669 -21.9167
vn 0.307805 -0.93763 -0.161572
v -38.0876 -7.33484 -22.2719
vn 0.403008 -0.90385 0.143665
v -37.903 -7.28069 -21.7944
vn -0.776078 -0.625436 -0.0808262
v -43.1393 -6.08934 -22.2775
vn -0.644034 -0.764233 -0.0341923
v -42.576 -6.68602 -21.9383
vn 0.390395 -0.919997 0.0345935
v -37.3815 -7.04175 -22.1596
vn 0.422701 -0.900875 0.098729
v -36.3608 -6.64928 -22.384
vn 0.622254 -0.762998 0.175025
v -35.7507 -6.30377 -22.2635
vn -0.814272 -0.575924 0.0726171
v -43.5435 -5.50035 -21.911
vn 0.781917 -0.590803 0.198893
v -35.2851 -5.73985 -22.2625
vn 0.891842 -0.387024 0.234158
v -34.7683 -4.83 -22.1697
vn -0.752854 -0.65761 -0.0275542
v -44.5309 -4.18739 -22.1424
vn -0.777922 -0.609614 0.152342
v -43.9701 -4.84506 -21.5462
vn 0.919862 -0.26498 0.289206
v -34.5407 -3.87404 -21.9155
vn -0.777232 -0.627356 0.0483178
v -45.3067 -3.34663 -21.854
vn -0.728315 -0.674138 0.12286
v -44.9194 -3.74771 -21.5288
vn -0.738055 -0.670323 -0.0770786
v -45.0331 -3.64917 -22.2348
vn 0.955253 -0.217356 0.200622
v -34.231 -2.93445 -22.1567
vn -0.859805 -0.506515 -0.064634
v -46.2464 -2.02107 -22.3589
vn -0.806072 -0.590153 0.0443508
v -45.7592 -2.75212 -21.8429
vn 0.958349 -0.220891 0.181035
v -34.1114 -2.16165 -21.933
vn -0.886292 -0.462879 0.0151646
v -46.6418 -1.34097 -21.9596
vn 0.950203 -0.216291 0.224348
v -33.9662 -1.21336 -21.5859
vn -0.989515 -0.142161 -0.0255196
v -47.1112 -0.0921004 -22.0787
vn -0.929152 -0.348218 0.124182
v -46.9321 -0.690108 -21.6393
vn 0.958237 -0.265116 0.107213
v -33.6787 -0.603942 -22.3357
vn 0.958515 -0.196849 0.206155
v -33.4995 0.243898 -22.0683
vn -0.997923 0.0636023 0.0102356
v -47.1329 0.65912 -21.7315
vn 0.962202 -0.098921 0.253734
v -33.313 1.04791 -22.2107
vn -0.945464 0.255057 -0.202592
v -46.9812 1.1791 -22.3079
vn -0.914417 0.386428 -0.120477
v -46.7621 1.9381 -21.9907
vn 0.938962 0.0902035 0.331985
v -33.3582 1.8194 -22.0767
vn -0.90646 0.417969 -0.0602709
v -46.5108 2.56594 -21.9061
vn 0.880186 0.310827 0.358691
v -33.6016 2.85777 -22.0356
vn -0.835872 0.496655 -0.233778
v -45.8426 3.49597 -22.7677
vn -0.884085 0.461817 -0.0715505
v -46.1622 3.2549 -21.8119
vn 0.752591 0.508407 0.418485
v -34.0569 3.42299 -21.6189
vn 0.633731 0.643148 0.429821
v -34.4554 4.02576 -21.8075
vn 0.719746 0.550294 0.423252
v -34.0087 3.87634 -22.3387
vn -0.804141 0.568708 -0.172995
v -45.5786 4.12784 -22.1705
vn -0.750865 0.656092 -0.0757962
v -45.2636 4.67615 -21.5845
vn -0.721388 0.669387 -0.177538
v -44.9254 4.84757 -22.4013
vn 0.533143 0.684495 0.497217
v -35.0535 4.32973 -21.509
vn 0.487586 0.751476 0.444459
v -35.4836 4.86145 -21.8467
vn 0.555593 0.722947 0.410687
v -34.826 4.70218 -22.4099
vn -0.651535 0.754665 -0.0773478
v -44.7922 5.1258 -21.6933
vn -0.62825 0.774855 -0.0700065
v -44.3682 5.42229 -22.0737
vn -0.625849 0.77849 -0.0476002
v -43.9985 5.70525 -22.4066
vn -0.514444 0.855202 0.0630641
v -43.7418 5.86681 -21.7577
vn 0.39233 0.780004 0.487514
v -36.9911 5.50058 -21.5397
vn 0.359181 0.844575 0.397092
v -37.2929 5.86815 -21.9505
vn 0.402572 0.83143 0.382962
v -36.6291 5.68683 -22.2185
vn 0.456573 0.803103 0.38284
v -35.7737 5.32714 -22.403
vn 0.417426 0.76391 0.492135
v -36.1998 5.12314 -21.6049
vn -0.411135 0.888347 0.204467
v -42.5196 6.72896 -22.3305
vn -0.473396 0.845719 0.246283
v -42.9009 6.37222 -21.911
vn -0.306514 0.876186 0.371951
v -42.2299 6.67426 -21.8306
vn 0.293036 0.852439 0.432988
v -39.0459 6.4874 -21.8589
vn 0.229746 0.917973 0.323329
v -39.4846 6.84938 -22.3248
vn 0.310287 0.910737 0.272545
v -38.9404 6.78183 -22.6358
vn 0.318769 0.8496 0.420198
v -38.037 6.084 -21.8053
vn -0.230657 0.943089 0.239542
v -41.9548 6.91034 -22.2953
vn -0.0438352 0.958807 0.280654
v -41.189 7.00951 -22.2822
vn 0.0976066 0.955894 0.277018
v -40.2639 7.01888 -22.4525
vn -0.516228 -0.821295 0.242862
v -42.0403 -7.05133 -21.3841
vn -0.297727 -0.831928 0.468246
v -41.4639 -7.2014 -21.0354
vn -0.0893368 -0.90923 0.406594
v -40.7595 -7.36261 -21.1088
vn 0.0265008 -0.930537 0.365239
v -39.8741 -7.43321 -21.244
vn 0.107806 -0.939524 0.325074
v -38.954 -7.44308 -21.4569
vn 0.249047 -0.780154 0.573877
v -38.3526 -7.09695 -21.0318
vn 0.286243 -0.89063 0.35333
v -38.2177 -7.31215 -21.4576
vn -0.766113 -0.601013 0.227716
v -43.0226 -6.12628 -21.4671
vn -0.635815 -0.689685 0.346517
v -42.5027 -6.62396 -21.2072
vn 0.409015 -0.793941 0.449849
v -37.6169 -6.91473 -21.2712
vn 0.418923 -0.835794 0.354896
v -36.7151 -6.60336 -21.5275
vn 0.497366 -0.684273 0.533289
v -36.2611 -6.14258 -21.1667
vn 0.578225 -0.742981 0.337097
v -35.9577 -6.25775 -21.7552
vn -0.702447 -0.550735 0.450842
v -43.2867 -5.37395 -20.8745
vn 0.659458 -0.590722 0.464933
v -35.6823 -5.74162 -21.3502
vn 0.669637 -0.463259 0.580497
v -35.508 -5.1566 -20.9977
vn 0.788505 -0.485687 0.377317
v -35.188 -5.26837 -21.5731
vn -0.713141 -0.608144 0.348698
v -44.3248 -4.19325 -20.9928
vn -0.684138 -0.60386 0.409032
v -43.8363 -4.73323 -20.835
vn 0.831898 -0.342372 0.436724
v -35.0164 -4.68025 -21.3546
vn 0.702845 -0.357329 0.615081
v -35.345 -4.69743 -20.8609
vn -0.750191 -0.575458 0.325672
v -45.2506 -3.17613 -21.0108
vn -0.669581 -0.64851 0.362071
v -44.811 -3.66882 -20.8766
vn 0.777296 -0.336266 0.53173
v -35.1262 -4.10795 -20.8357
vn 0.87908 -0.285196 0.381944
v -34.6066 -2.99614 -21.0405
vn -0.853284 -0.479685 0.204469
v -46.1991 -1.98305 -21.2916
vn -0.758815 -0.578845 0.298561
v -45.7545 -2.57205 -20.9832
vn 0.91788 -0.249522 0.308601
v -34.2634 -1.99618 -21.0933
vn -0.844953 -0.406193 0.34794
v -46.5683 -1.15074 -21.0728
vn 0.9042 -0.177479 0.388488
v -34.2516 -1.35608 -20.7215
vn -0.962501 -0.162719 0.217059
v -47.0607 -0.0309888 -21.3392
vn -0.859872 -0.300725 0.412535
v -46.814 -0.513472 -20.9731
vn 0.934151 -0.228347 0.274262
v -33.7631 -0.395415 -21.5694
vn 0.881057 -0.121996 0.457008
v -34.1046 -0.347015 -20.7208
vn -0.947784 -0.0119324 0.318688
v -47.0537 0.549256 -21.0656
vn 0.91895 -0.132273 0.371531
v -33.7381 0.190202 -21.2695
vn 0.908819 -0.0169265 0.416846
v -33.6088 1.05512 -21.4295
vn -0.964712 0.261357 -0.0319831
v -47.0251 1.35768 -21.6899
vn -0.953933 0.177239 0.242073
v -47.0259 1.14516 -21.1708
vn 0.86435 0.143673 0.48193
v -33.7191 2.11307 -21.3357
vn -0.919968 0.369337 0.131332
v -46.8922 1.70748 -21.3247
vn -0.895188 0.381982 0.229624
v -46.5284 2.35579 -21.103
vn 0.817527 0.317637 0.480371
v -33.882 2.83472 -21.3405
vn -0.900731 0.383848 0.203333
v -46.0949 3.32498 -20.7942
vn 0.674645 0.449105 0.585797
v -34.2206 3.18872 -21.117
vn 0.598445 0.592098 0.539707
v -34.5522 3.71414 -21.2638
vn -0.843859 0.536483 0.00933581
v -45.7551 4.04454 -21.2602
vn -0.741723 0.653792 0.149677
v -45.3208 4.59624 -20.8461
vn 0.4509 0.649945 0.611769
v -35.4919 4.25556 -21.0194
vn 0.406841 0.676564 0.613792
v -36.0783 4.55263 -20.9451
vn 0.449658 0.715553 0.534596
v -35.6538 4.65766 -21.3726
vn 0.50177 0.598714 0.624315
v -35.0698 3.88773 -20.9624
vn -0.656938 0.751294 0.0631697
v -44.9288 5.02744 -21.1648
vn -0.575734 0.815994 0.0518113
v -44.3804 5.43932 -21.2441
vn -0.430865 0.891429 0.140389
v -43.8379 5.75223 -20.9617
vn 0.356829 0.744098 0.564793
v -37.4233 5.38519 -21.0634
vn 0.315203 0.773899 0.549297
v -38.0271 5.60892 -21.0092
vn 0.337563 0.805582 0.486918
v -37.5576 5.72031 -21.463
vn 0.38841 0.713094 0.583639
v -36.8376 5.01198 -20.9777
vn -0.28326 0.913926 0.290694
v -43.1286 6.00093 -20.9005
vn -0.103223 0.904211 0.414423
v -41.5471 6.74402 -21.6614
vn -0.185474 0.867643 0.461297
v -42.0804 6.34864 -21.1007
vn 0.0670397 0.898001 0.434856
v -40.6627 6.74722 -21.6555
vn 0.00203884 0.84702 0.531558
v -41.1067 6.45772 -21.0968
vn 0.182232 0.880685 0.437247
v -39.8769 6.71041 -21.8024
vn 0.165845 0.82448 0.541044
v -40.0522 6.25296 -20.9907
vn 0.276565 0.805513 0.52408
v -38.8661 5.95073 -21.0397
vn -0.404086 -0.665328 0.627737
v -41.8794 -6.7075 -20.7113
vn -0.144035 -0.699144 0.700323
v -40.9516 -6.94606 -20.5784
vn 0.0266473 -0.75225 0.658339
v -40.0268 -7.04822 -20.6264
vn 0.141024 -0.770184 0.622036
v -39.0691 -7.06222 -20.7852
vn -0.611668 -0.57766 0.540529
v -42.6204 -6.14668 -20.7549
vn -0.37285 -0.541778 0.753299
v -42.0367 -6.05505 -20.2374
vn -0.189018 -0.555547 0.809716
v -41.2035 -6.34057 -20.1588
vn -0.0239753 -0.579867 0.814358
v -40.2519 -6.48204 -20.1394
vn 0.120165 -0.620006 0.775341
v -39.2415 -6.50615 -20.2239
vn 0.273453 -0.653255 0.706032
v -38.0421 -6.40797 -20.4672
vn 0.379648 -0.678659 0.628721
v -36.938 -6.24988 -20.8364
vn -0.560206 -0.469548 0.682418
v -42.6257 -5.65942 -20.3329
vn -0.203485 -0.422071 0.883431
v -41.449 -5.64493 -19.8164
vn -0.374034 -0.399541 0.836938
v -42.1778 -5.48747 -19.9614
vn -0.073671 -0.446391 0.8918
v -40.5142 -5.80513 -19.7578
vn 0.0442475 -0.481878 0.87512
v -39.5336 -5.86761 -19.7761
vn 0.156047 -0.530173 0.833406
v -38.5467 -5.83305 -19.8703
vn 0.268278 -0.554445 0.787793
v -37.7337 -5.65915 -19.9512
vn 0.327419 -0.469177 0.820164
v -37.2545 -5.16751 -19.813
vn 0.403005 -0.557085 0.726115
v -36.948 -5.56705 -20.2532
vn 0.508199 -0.538963 0.671754
v -36.1815 -5.63312 -20.768
vn -0.660213 -0.492815 0.566792
v -43.9003 -4.43089 -20.5536
vn -0.532205 -0.500086 0.683134
v -43.4373 -4.63464 -20.3216
vn -0.498345 -0.394722 0.771911
v -42.7318 -5.03358 -20.0734
vn 0.435024 -0.46359 0.771906
v -36.6746 -4.88644 -19.9348
vn 0.471547 -0.41911 0.77588
v -36.2687 -4.3616 -19.8744
vn 0.564804 -0.439582 0.698401
v -35.9307 -4.80981 -20.411
vn -0.666227 -0.519287 0.535241
v -44.8708 -3.40338 -20.5826
vn -0.528963 -0.557161 0.640133
v -44.4401 -3.59353 -20.3809
vn -0.546927 -0.446442 0.708209
v -43.813 -4.01929 -20.2127
vn 0.609514 -0.432393 0.664477
v -35.6538 -4.00906 -20.1278
vn 0.61028 -0.367549 0.70176
v -35.5092 -3.55523 -19.961
vn 0.758944 -0.355455 0.545578
v -35.1744 -3.55406 -20.3523
vn -0.753425 -0.452676 0.476902
v -45.8613 -2.14627 -20.582
vn -0.595394 -0.52523 0.60798
v -45.376 -2.51791 -20.372
vn -0.564896 -0.450202 0.691528
v -44.7802 -3.00137 -20.2279
vn 0.707058 -0.339007 0.620599
v -35.2469 -2.99036 -19.9567
vn 0.832186 -0.254617 0.492582
v -34.673 -2.04706 -20.2422
vn -0.762999 -0.32079 0.561182
v -46.0622 -1.51051 -20.4597
vn -0.588594 -0.356006 0.725821
v -45.5532 -1.89935 -20.0976
vn 0.819203 -0.116193 0.56161
v -34.5555 -0.990553 -20.0511
vn -0.825148 -0.140012 0.547291
v -46.8075 0.113893 -20.6823
vn -0.705243 -0.240432 0.666952
v -46.3071 -0.549285 -20.3232
vn 0.787337 -0.00992702 0.616443
v -34.5664 -0.12924 -19.9318
vn -0.822214 0.0831477 0.563073
v -46.7999 0.910142 -20.6211
vn -0.668843 -0.0396444 0.742346
v -46.3258 0.516329 -20.1157
vn 0.844709 -0.0184243 0.534908
v -33.9557 0.626191 -20.7782
vn 0.753221 0.0654445 0.654504
v -34.4632 0.754198 -20.1224
vn -0.849888 0.298394 0.43434
v -46.7865 1.56389 -20.8375
vn -0.743656 0.177138 0.644669
v -46.3268 1.60777 -20.2387
vn 0.773946 0.138675 0.617881
v -34.1491 1.62645 -20.6252
vn 0.663415 0.204887 0.719654
v -34.7173 1.72553 -20.0257
vn -0.813836 0.208878 0.542255
v -46.061 2.66919 -20.2069
vn 0.535386 0.304915 0.787648
v -35.1947 2.22164 -19.8132
vn 0.494579 0.434085 0.752969
v -35.4958 2.85596 -19.9242
vn 0.602633 0.357531 0.713446
v -34.8289 2.58829 -20.287
vn 0.698621 0.269545 0.662778
v -34.1923 2.61043 -20.8486
vn -0.7847 0.330456 0.524447
v -45.8181 3.42249 -20.147
vn 0.412956 0.470334 0.779905
v -36.0532 3.22972 -19.8237
vn 0.387173 0.552756 0.737941
v -36.4714 3.76685 -19.9679
vn 0.45826 0.550819 0.697565
v -35.6369 3.67551 -20.4167
vn 0.547055 0.465775 0.695546
v -34.7151 3.2995 -20.7656
vn -0.801522 0.509285 0.313354
v -45.6697 4.00134 -20.4795
vn -0.649877 0.609725 0.453756
v -45.1939 4.48239 -20.2603
vn 0.325535 0.587013 0.741243
v -37.9471 4.4653 -19.8133
vn 0.302341 0.6437 0.703022
v -38.3881 4.88001 -19.9709
vn 0.351065 0.68017 0.643523
v -37.6447 4.93245 -20.4115
vn 0.39059 0.638157 0.663472
v -36.6505 4.37523 -20.4047
vn 0.348171 0.573574 0.741479
v -37.2297 4.13402 -19.8862
vn -0.615555 0.728454 0.300743
v -44.7289 5.04813 -20.5517
vn -0.492241 0.714476 0.497215
v -44.2315 5.28229 -20.2012
vn -0.526429 0.819289 0.227241
v -44.1966 5.49619 -20.6316
vn 0.178892 0.656516 0.732792
v -39.8658 5.27104 -19.8111
vn 0.120564 0.753736 0.646024
v -40.2681 5.7103 -20.1711
vn 0.233032 0.750914 0.617919
v -39.4613 5.64859 -20.3413
vn 0.298875 0.726238 0.619073
v -38.5906 5.37923 -20.4079
vn 0.24757 0.642582 0.725119
v -39.1117 5.05786 -19.8583
vn -0.34851 0.849651 0.39577
v -43.7351 5.65148 -20.4046
vn -0.183906 0.8128 0.552752
v -43.2031 5.68227 -20.1613
vn -0.0819287 0.817774 0.569678
v -42.417 5.83075 -20.2496
vn 0.0183882 0.78965 0.613282
v -41.2242 5.93018 -20.353
vn -0.262202 -0.313061 0.912821
v -41.813 -4.80952 -19.5899
vn -0.113837 -0.327246 0.938057
v -40.758 -5.02975 -19.4611
vn -0.010491 -0.356825 0.934112
v -39.7834 -5.1313 -19.4373
vn 0.0873717 -0.391602 0.915977
v -38.8163 -5.15451 -19.4846
vn 0.195847 -0.420032 0.886125
v -37.9091 -5.13989 -19.6124
vn -0.355856 -0.337352 0.871528
v -42.7651 -4.00709 -19.6497
vn -0.208606 -0.249501 0.945639
v -41.702 -3.95436 -19.2978
vn -0.12183 -0.250152 0.960511
v -40.9094 -4.18789 -19.2327
vn -0.0467901 -0.259993 0.964476
v -39.9905 -4.33559 -19.1943
vn 0.0326588 -0.291796 0.955923
v -39.0574 -4.37797 -19.1983
vn 0.142222 -0.332805 0.932209
v -38.078 -4.38818 -19.2875
vn 0.307369 -0.376843 0.873793
v -37.0712 -4.46539 -19.5589
vn -0.382358 -0.368544 0.847336
v -43.7683 -3.03572 -19.6784
vn -0.252289 -0.26504 0.930647
v -42.7126 -3.02161 -19.2956
vn -0.192938 -0.228517 0.95423
v -41.9359 -3.25531 -19.1843
vn -0.11949 -0.196211 0.973254
v -41.0562 -3.35644 -19.0705
vn -0.0702592 -0.205063 0.976224
v -40.1448 -3.49144 -19.0174
vn -0.0191519 -0.230859 0.972799
v -39.3526 -3.70289 -19.0239
vn 0.0411451 -0.286852 0.957091
v -38.4129 -3.4893 -18.9775
vn 0.206289 -0.367401 0.906897
v -37.3006 -3.62198 -19.1528
vn 0.444362 -0.394155 0.804477
v -36.1528 -3.59291 -19.565
vn -0.419515 -0.341109 0.841221
v -44.6964 -2.03422 -19.6772
vn -0.285574 -0.27642 0.917627
v -43.744 -2.06445 -19.3022
vn -0.221355 -0.245865 0.943691
v -42.9888 -2.26976 -19.1733
vn -0.16187 -0.199213 0.966495
v -42.0872 -2.41853 -19.0348
vn -0.125547 -0.187081 0.974289
v -41.3292 -2.67381 -18.9794
vn -0.0982099 -0.200841 0.974689
v -40.4086 -2.53299 -18.855
vn -0.0577693 -0.237239 0.969732
v -39.2723 -2.84228 -18.8275
vn 0.0906105 -0.329568 0.939774
v -37.5735 -2.81833 -18.7962
vn -0.0182109 -0.279827 0.959878
v -38.373 -2.65745 -18.7264
vn 0.271458 -0.400942 0.874961
v -36.6343 -2.89374 -18.9925
vn 0.513371 -0.393812 0.762471
v -35.8022 -2.69472 -19.274
vn 0.558563 -0.209573 0.80255
v -35.6297 -1.92642 -19.0749
vn 0.702356 -0.289752 0.650184
v -35.2178 -2.26349 -19.5557
vn -0.537653 -0.219606 0.814065
v -45.4406 -1.07631 -19.7599
vn -0.368073 -0.212882 0.905099
v -44.6395 -1.08145 -19.3395
vn -0.272546 -0.21576 0.937639
v -43.964 -1.32849 -19.1847
vn -0.201779 -0.19937 0.958925
v -43.2602 -1.54481 -19.0613
vn -0.16457 -0.197652 0.966359
v -42.3807 -1.44025 -18.8908
vn -0.128671 -0.206389 0.969973
v -41.2535 -1.81738 -18.8053
vn -0.0940074 -0.226309 0.969508
v -39.5416 -1.91061 -18.6219
vn -0.114366 -0.222429 0.968218
v -40.3516 -1.67337 -18.6584
vn -0.0625279 -0.240613 0.968605
v -38.7447 -2.13885 -18.6031
vn 0.729562 -0.133174 0.670824
v -35.0598 -1.47847 -19.4979
vn 0.547567 -0.0541974 0.835005
v -35.6162 -1.0668 -18.9676
vn -0.530369 -0.111938 0.840344
v -45.6257 0.0503557 -19.6498
vn -0.386094 -0.117413 0.914957
v -44.8173 -0.282194 -19.2835
vn -0.270208 -0.137982 0.952863
v -44.1438 -0.589292 -19.0952
vn -0.216143 -0.16294 0.96267
v -43.2435 -0.585295 -18.8916
vn -0.145096 -0.208323 0.967238
v -41.5213 -0.854963 -18.6253
vn -0.179973 -0.196698 0.963805
v -42.3225 -0.554258 -18.6943
vn -0.123199 -0.216961 0.968375
v -40.721 -1.12062 -18.5719
vn 0.675062 0.00471479 0.737746
v -35.0863 -0.426939 -19.3906
vn 0.517394 0.0593051 0.85369
v -35.7086 -0.274794 -18.9099
vn -0.550443 0.0162851 0.834714
v -45.6632 1.12215 -19.614
vn -0.389953 -0.0438018 0.919792
v -44.8851 0.74077 -19.2284
vn -0.286435 -0.0879814 0.954052
v -43.9844 0.345186 -18.9545
vn -0.207536 -0.158062 0.965373
v -42.6163 0.048006 -18.6349
vn -0.252387 -0.119041 0.960276
v -43.162 0.391267 -18.7178
vn 0.389608 0.121795 0.912892
v -36.1717 0.161745 -18.7229
vn 0.364089 0.191579 0.911447
v -36.4273 0.90172 -18.7562
vn 0.528894 0.159792 0.833509
v -35.6074 0.555681 -19.1059
vn 0.66384 0.104066 0.740599
v -34.9359 0.433656 -19.5774
vn -0.588155 0.105568 0.801829
v -45.5979 2.17102 -19.6402
vn -0.412769 0.0441886 0.909763
v -44.8966 1.7988 -19.2267
vn -0.325142 -0.00611129 0.945646
v -44.1263 1.48136 -18.9349
vn -0.276236 -0.046058 0.959986
v -43.3273 1.22388 -18.6896
vn 0.442473 0.270702 0.854949
v -36.0693 1.57221 -19.1029
vn 0.329765 0.271859 0.904073
v -36.7481 1.63165 -18.8134
vn 0.564765 0.205255 0.799319
v -35.2256 1.401 -19.5624
vn -0.585008 0.213422 0.782442
v -45.4554 3.12551 -19.696
vn -0.410301 0.156499 0.898422
v -44.798 2.83071 -19.2847
vn -0.343878 0.111112 0.932418
v -44.0824 2.52266 -18.9659
vn -0.294185 0.0517195 0.954348
v -43.3865 2.20825 -18.7024
vn 0.219994 0.291173 0.931032
v -38.2084 2.36759 -18.636
vn 0.226414 0.348804 0.909435
v -38.5741 2.9187 -18.7406
vn 0.284867 0.39562 0.873119
v -37.7451 2.94594 -18.9981
vn 0.347357 0.362376 0.864886
v -36.7626 2.34319 -19.0783
vn 0.255845 0.292792 0.921312
v -37.4602 2.02355 -18.7207
vn 0.42323 0.348612 0.836269
v -35.918 2.43894 -19.5047
vn -0.604701 0.425011 0.673574
v -45.3117 3.92668 -19.9051
vn -0.40933 0.326098 0.85212
v -44.6757 3.79401 -19.4691
vn -0.31893 0.292259 0.901592
v -43.7969 3.62079 -19.0887
vn -0.30271 0.187267 0.934504
v -43.2843 3.11875 -18.7713
vn 0.193334 0.348371 0.917202
v -39.1912 3.16802 -18.6888
vn 0.182237 0.42958 0.884449
v -39.5891 3.71092 -18.8382
vn 0.247828 0.455269 0.855167
v -38.7346 3.67517 -19.0492
vn 0.302894 0.493192 0.815486
v -37.8456 3.84068 -19.4314
vn 0.34322 0.453651 0.822436
v -36.8439 3.26853 -19.4946
vn -0.480467 0.546434 0.685975
v -44.578 4.65557 -19.8775
vn -0.284942 0.448749 0.847014
v -43.7896 4.55754 -19.4536
vn -0.259764 0.364659 0.894174
v -42.9593 3.81247 -18.866
vn -0.175128 0.49535 0.850857
v -42.77 4.52068 -19.1851
vn -0.0238048 0.562087 0.826736
v -41.6278 4.66289 -19.1356
vn -0.111701 0.425593 0.897994
v -42.2162 4.05332 -18.8231
vn 0.0995839 0.539817 0.835871
v -40.7566 4.5202 -19.0796
vn 0.0146394 0.421273 0.906816
v -41.3261 4.04206 -18.7774
vn 0.191455 0.545361 0.816043
v -39.7216 4.51319 -19.2875
vn 0.120274 0.422898 0.89816
v -40.3969 3.91361 -18.7981
vn 0.259404 0.54922 0.794397
v -38.6232 4.43027 -19.5367
vn -0.306702 0.644696 0.700215
v -43.7716 5.24565 -19.8871
vn -0.131279 0.627289 0.767642
v -42.9852 5.25702 -19.6912
vn -0.0274836 0.666255 0.745217
v -41.9582 5.29569 -19.642
vn 0.0798707 0.654932 0.751455
v -40.7687 5.18323 -19.5942
vn 0.020768 -0.246631 0.968887
v -37.8543 -1.9572 -18.5203
vn 0.172552 -0.275291 0.945749
v -36.9035 -2.17592 -18.6528
vn 0.361567 -0.305601 0.880839
v -36.2062 -2.28622 -18.8665
vn -0.0848637 -0.195299 0.977065
v -39.7781 -0.951339 -18.4242
vn -0.0500595 -0.173474 0.983565
v -38.6321 -1.2738 -18.4003
vn 0.0413545 -0.132741 0.990288
v -37.709 -1.14912 -18.3432
vn 0.183139 -0.149164 0.971705
v -37.0193 -1.37155 -18.4562
vn 0.353673 -0.139478 0.924912
v -36.2457 -1.59256 -18.6964
vn -0.154302 -0.164819 0.97418
v -41.7279 0.137575 -18.4502
vn -0.104632 -0.163376 0.981
v -40.6022 -0.223661 -18.368
vn -0.0371766 -0.107041 0.993559
v -39.6229 -0.0496507 -18.2558
vn 0.0062256 -0.0821321 0.996602
v -38.8216 -0.27632 -18.2705
vn 0.057168 -0.0152602 0.998248
v -37.8835 -0.448713 -18.2989
vn 0.176459 -0.0126433 0.984227
v -37.1725 -0.679366 -18.3633
vn 0.344122 -0.00141662 0.938924
v -36.3717 -0.65396 -18.594
vn -0.215207 -0.0842417 0.972928
v -42.4349 0.923097 -18.4773
vn -0.134221 -0.0725036 0.988295
v -41.548 1.03044 -18.2913
vn -0.0647288 -0.0810311 0.994608
v -40.7934 0.776064 -18.247
vn -0.0167706 -0.0359179 0.999214
v -39.8765 0.656527 -18.2138
vn 0.0636311 0.0193677 0.997786
v -38.9675 0.614916 -18.2336
vn 0.122485 0.0697775 0.990014
v -38.0168 0.470919 -18.3155
vn 0.229948 0.100048 0.968047
v -37.0076 0.155855 -18.462
vn -0.221641 0.0230227 0.974857
v -42.604 1.94361 -18.4762
vn -0.138971 0.0338044 0.989719
v -41.7381 1.77489 -18.3066
vn -0.0392717 0.0391308 0.998462
v -40.8817 1.63493 -18.2215
vn 0.0384264 0.0649587 0.997148
v -40.0174 1.50176 -18.2239
vn 0.0836945 0.0987144 0.99159
v -39.2444 1.33365 -18.2532
vn 0.16526 0.172605 0.971029
v -38.2981 1.49549 -18.4074
vn 0.232827 0.183628 0.955025
v -37.28 1.14705 -18.5425
vn -0.206859 0.13469 0.969055
v -42.6489 2.83872 -18.5502
vn -0.107185 0.146101 0.983446
v -41.845 2.65265 -18.3958
vn -0.0146468 0.170054 0.985326
v -40.9594 2.46971 -18.314
vn 0.0644205 0.163595 0.984422
v -40.1991 2.22272 -18.2883
vn 0.145306 0.224669 0.96354
v -39.1874 2.29187 -18.4322
vn -0.193486 0.27044 0.943093
v -42.6332 3.49779 -18.6727
vn -0.0796497 0.273001 0.958711
v -41.9617 3.44183 -18.5713
vn 0.0210519 0.286914 0.957725
v -41.0764 3.3082 -18.5115
vn 0.10754 0.29641 0.948987
v -40.0561 3.05632 -18.5126

vt 0 0
vt 0 0
vt 0 0
vt 0 0
vt 0 0
vt 0 0
vt 0 0
vt 0 0
vt 0 0
vt 0 0
vt 0 0
vt 0 0
vt 0 0
vt 0 0
vt 0 0
vt 0 0
vt 0 0
vt 0 0
vt 0 0
vt 0 0
vt 0 0
vt 0 0
vt 0 0
vt 0 0
vt 0 0
vt 0 0
vt 0 0
vt 0 0
vt 0 0
vt 0 0
vt 0 0
vt 0 0
vt 0 0
vt 0 0
vt 0 0
vt 0 0
vt 0 0
vt 0 0
vt 0 0
vt 0 0
vt 0 0
vt 0 0
vt 0 0
vt 0 0
vt 0 0
vt 0 0
vt 0 0
vt 0 0
vt 0 0
vt 0 0
vt 0 0
vt 0 0
vt 0 0
vt 0 0
vt 0 0
vt 0 0
vt 0 0
vt 0 0
vt 0 0
vt 0 0
vt 0 0
vt 0 0
vt 0 0
vt 0 0
vt 0 0
vt 0 0
vt 0 0
vt 0 0
vt 0 0
vt 0 0
vt 0 0
vt 0 0
vt 0 0
vt 0 0
vt 0 0
vt 0 0
vt 0 0
vt 0 0
vt 0 0
vt 0 0
vt 0 0
vt 0 0
vt 0 0
vt 0 0
vt 0 0
vt 0 0
vt 0 0
vt 0 0
vt 0 0
vt 0 0
vt 0 0
vt 0 0
vt 0 0
vt 0 0
vt 0 0
vt 0 0
vt 0 0
vt 0 0
vt 0 0
vt 0 0
vt 0 0
vt 0 0
vt 0 0
vt 0 0
vt 0 0
vt 0 0
vt 0 0
vt 0 0
vt 0 0
vt 0 0
vt 0 0
vt 0 0
vt 0 0
vt 0 0
vt 0 0
vt 0 0
vt 0 0
vt 0 0
vt 0 0
vt 0 0
vt 0 0
vt 0 0
vt 0 0
vt 0 0
vt 0 0
vt 0 0
vt 0 0
vt 0 0
vt 0 0
vt 0 0
vt 0 0
vt 0 0
vt 0 0
vt 0 0
vt 0 0
vt 0 0
vt 0 0
vt 0 0
vt 0 0
vt 0 0
vt 0 0
vt 0 0
vt 0 0
vt 0 0
vt 0 0
vt 0 0
vt 0 0
vt 0 0
vt 0 0
vt 0 0
vt 0 0
vt 0 0
vt 0 0
vt 0 0
vt 0 0
vt 0 0
vt 0 0
vt 0 0
vt 0 0
vt 0 0
vt 0 0
vt 0 0
vt 0 0
vt 0 0
vt 0 0
vt 0 0
vt 0 0
vt 0 0
vt 0 0
vt 0 0
vt 0 0
vt 0 0
vt 0 0
vt 0 0
vt 0 0
vt 0 0
vt 0 0
vt 0 0
vt 0 0
vt 0 0
vt 0 0
vt 0 0
vt 0 0
vt 0 0
vt 0 0
vt 0 0
vt 0 0
vt 0 0
vt 0 0
vt 0 0
vt 0 0
vt 0 0
vt 0 0
vt 0 0
vt 0 0
vt 0 0
vt 0 0
vt 0 0
vt 0 0
vt 0 0
vt 0 0
vt 0 0
vt 0 0
vt 0 0
vt 0 0
vt 0 0
vt 0 0
vt 0 0
vt 0 0
vt 0 0
vt 0 0
vt 0 0
vt 0 0
vt 0 0
vt 0 0
vt 0 0
vt 0 0
vt 0 0
vt 0 0
vt 0 0
vt 0 0
vt 0 0
vt 0 0
vt 0 0
vt 0 0
vt 0 0
vt 0 0
vt 0 0
vt 0 0
vt 0 0
vt 0 0
vt 0 0
vt 0 0
vt 0 0
vt 0 0
vt 0 0
vt 0 0
vt 0 0
vt 0 0
vt 0 0
vt 0 0
vt 0 0
vt 0 0
vt 0 0
vt 0 0
vt 0 0
vt 0 0
vt 0 0
vt 0 0
vt 0 0
vt 0 0
vt 0 0
vt 0 0
vt 0 0
vt 0 0
vt 0 0
vt 0 0
vt 0 0
vt 0 0
vt 0 0
vt 0 0
vt 0 0
vt 0 0
vt 0 0
vt 0 0
vt 0 0
vt 0 0
vt 0 0
vt 0 0
vt 0 0
vt 0 0
vt 0 0
vt 0 0
vt 0 0
vt 0 0
vt 0 0
vt 0 0
vt 0 0
vt 0 0
vt 0 0
vt 0 0
vt 0 0
vt 0 0
vt 0 0
vt 0 0
vt 0 0
vt 0 0
vt 0 0
vt 0 0
vt 0 0
vt 0 0
vt 0 0
vt 0 0
vt 0 0
vt 0 0
vt 0 0
vt 0 0
vt 0 0
vt 0 0
vt 0 0
vt 0 0
vt 0 0
vt 0 0
vt 0 0
vt 0 0
vt 0 0
vt 0 0
vt 0 0
vt 0 0
vt 0 0
vt 0 0
vt 0 0
vt 0 0
vt 0 0
vt 0 0
vt 0 0
vt 0 0
vt 0 0
vt 0 0
vt 0 0
vt 0 0
vt 0 0
vt 0 0
vt 0 0
vt 0 0
vt 0 0
vt 0 0
vt 0 0
vt 0 0
vt 0 0
vt 0 0
vt 0 0
vt 0 0
vt 0 0
vt 0 0
vt 0 0
vt 0 0
vt 0 0
vt 0 0
vt 0 0
vt 0 0
vt 0 0
vt 0 0
vt 0 0
vt 0 0
vt 0 0
vt 0 0
vt 0 0
vt 0 0
vt 0 0
vt 0 0
vt 0 0
vt 0 0
vt 0 0
vt 0 0
vt 0 0
vt 0 0
vt 0 0
vt 0 0
vt 0 0
vt 0 0
vt 0 0
vt 0 0
vt 0 0
vt 0 0
vt 0 0
vt 0 0
vt 0 0
vt 0 0
vt 0 0
vt 0 0
vt 0 0
vt 0 0
vt 0 0
vt 0 0
vt 0 0
vt 0 0
vt 0 0
vt 0 0
vt 0 0
vt 0 0
vt 0 0
vt 0 0
vt 0 0
vt 0 0
vt 0 0
vt 0 0
vt 0 0
vt 0 0
vt 0 0
vt 0 0
vt 0 0
vt 0 0
vt 0 0
vt 0 0
vt 0 0
vt 0 0
vt 0 0
vt 0 0
vt 0 0
vt 0 0
vt 0 0
vt 0 0
vt 0 0
vt 0 0
vt 0 0
vt 0 0
vt 0 0
vt 0 0
vt 0 0
vt 0 0
vt 0 0
vt 0 0
vt 0 0
vt 0 0
vt 0 0
vt 0 0
vt 0 0
vt 0 0
vt 0 0
vt 0 0
vt 0 0
vt 0 0
vt 0 0
vt 0 0
vt 0 0
vt 0 0
vt 0 0
vt 0 0
vt 0 0
vt 0 0
vt 0 0
vt 0 0
vt 0 0
vt 0 0
vt 0 0
vt 0 0
vt 0 0
vt 0 0
vt 0 0
vt 0 0
vt 0 0
vt 0 0
vt 0 0
vt 0 0
vt 0 0
vt 0 0
vt 0 0
vt 0 0
vt 0 0
vt 0 0
vt 0 0
vt 0 0
vt 0 0
vt 0 0
vt 0 0
vt 0 0
vt 0 0
vt 0 0
vt 0 0
vt 0 0
vt 0 0
vt 0 0
vt 0 0
vt 0 0
vt 0 0
vt 0 0
vt 0 0
vt 0 0
vt 0 0
vt 0 0
vt 0 0
vt 0 0
vt 0 0
vt 0 0
vt 0 0
vt 0 0
vt 0 0
vt 0 0
vt 0 0
vt 0 0
vt 0 0
vt 0 0
vt 0 0
vt 0 0
vt 0 0
vt 0 0
vt 0 0
vt 0 0
vt 0 0
vt 0 0
vt 0 0
vt 0 0
vt 0 0
vt 0 0
vt 0 0
vt 0 0
vt 0 0
vt 0 0
vt 0 0
vt 0 0
vt 0 0
vt 0 0
vt 0 0
vt 0 0
vt 0 0
vt 0 0
vt 0 0
vt 0 0
vt 0 0
vt 0 0
vt 0 0
vt 0 0
vt 0 0
vt 0 0
vt 0 0
vt 0 0
vt 0 0
vt 0 0
vt 0 0
vt 0 0
vt 0 0
vt 0 0
vt 0 0
vt 0 0
vt 0 0
vt 0 0
vt 0 0
vt 0 0
vt 0 0
vt 0 0
vt 0 0
vt 0 0
vt 0 0
vt 0 0
vt 0 0
vt 0 0
vt 0 0
vt 0 0
vt 0 0
vt 0 0
vt 0 0
vt 0 0
vt 0 0
vt 0 0
vt 0 0
vt 0 0
vt 0 0
vt 0 0
vt 0 0
vt 0 0
vt 0 0
vt 0 0
vt 0 0
vt 0 0
vt 0 0
vt 0 0
vt 0 0
vt 0 0
vt 0 0
vt 0 0
vt 0 0
vt 0 0
vt 0 0
vt 0 0
vt 0 0
vt 0 0
vt 0 0
vt 0 0
vt 0 0
vt 0 0
vt 0 0
vt 0 0
vt 0 0
vt 0 0
vt 0 0
vt 0 0
vt 0 0
vt 0 0
vt 0 0
vt 0 0
vt 0 0
vt 0 0
vt 0 0
vt 0 0
vt 0 0
vt 0 0
vt 0 0
vt 0 0
vt 0 0
vt 0 0
vt 0 0
vt 0 0
vt 0 0
vt 0 0
vt 0 0
vt 0 0
vt 0 0
vt 0 0
vt 0 0
vt 0 0
vt 0 0
vt 0 0
vt 0 0
vt 0 0
vt 0 0
vt 0 0
vt 0 0
vt 0 0
vt 0 0
vt 0 0
vt 0 0
vt 0 0
vt 0 0
vt 0 0
vt 0 0
vt 0 0
vt 0 0
vt 0 0
vt 0 0
vt 0 0
vt 0 0
vt 0 0
vt 0 0
vt 0 0
vt 0 0
vt 0 0
vt 0 0
vt 0 0
vt 0 0
vt 0 0
vt 0 0
vt 0 0
vt 0 0
vt 0 0
vt 0 0
vt 0 0
vt 0 0
vt 0 0
vt 0 0
vt 0 0
vt 0 0
vt 0 0
vt 0 0
vt 0 0
vt 0 0
vt 0 0
vt 0 0
vt 0 0
vt 0 0
vt 0 0
vt 0 0
vt 0 0
vt 0 0
vt 0 0
vt 0 0
vt 0 0
vt 0 0
vt 0 0
vt 0 0
vt 0 0
vt 0 0
vt 0 0
vt 0 0
vt 0 0
vt 0 0
vt 0 0
vt 0 0
vt 0 0
vt 0 0
vt 0 0
vt 0 0
vt 0 0
vt 0 0
vt 0 0
vt 0 0
vt 0 0
vt 0 0
vt 0 0
vt 0 0
vt 0 0
vt 0 0
vt 0 0
vt 0 0
vt 0 0
vt 0 0
vt 0 0
vt 0 0
vt 0 0
vt 0 0
vt 0 0
vt 0 0
vt 0 0
vt 0 0
vt 0 0
vt 0 0
vt 0 0
vt 0 0
vt 0 0
vt 0 0
vt 0 0
vt 0 0
vt 0 0
vt 0 0
vt 0 0
vt 0 0
vt 0 0
vt 0 0
vt 0 0
vt 0 0
vt 0 0
vt 0 0
vt 0 0
vt 0 0
vt 0 0
vt 0 0
vt 0 0
vt 0 0
vt 0 0
vt 0 0
vt 0 0
vt 0 0
vt 0 0
vt 0 0
vt 0 0
vt 0 0
vt 0 0
vt 0 0
vt 0 0
vt 0 0
vt 0 0
vt 0 0
vt 0 0
vt 0 0
vt 0 0
vt 0 0
vt 0 0
vt 0 0
vt 0 0
vt 0 0
vt 0 0
vt 0 0
vt 0 0
vt 0 0
vt 0 0
vt 0 0
vt 0 0
vt 0 0
vt 0 0
vt 0 0
vt 0 0
vt 0 0
vt 0 0
vt 0 0
vt 0 0
vt 0 0
vt 0 0
vt 0 0
vt 0 0
vt 0 0
vt 0 0
vt 0 0
vt 0 0
vt 0 0
vt 0 0
vt 0 0
vt 0 0
vt 0 0
vt 0 0
vt 0 0
vt 0 0
vt 0 0
vt 0 0
vt 0 0
vt 0 0
vt 0 0
vt 0 0
vt 0 0
vt 0 0
vt 0 0
vt 0 0
vt 0 0
vt 0 0
vt 0 0
vt 0 0
vt 0 0
vt 0 0
vt 0 0
vt 0 0
vt 0 0
vt 0 0
vt 0 0
vt 0 0
vt 0 0
vt 0 0
vt 0 0
vt 0 0
vt 0 0
vt 0 0
vt 0 0
vt 0 0
vt 0 0
vt 0 0
vt 0 0
vt 0 0
vt 0 0
vt 0 0
vt 0 0
vt 0 0
vt 0 0
vt 0 0
vt 0 0
vt 0 0
vt 0 0
vt 0 0
vt 0 0
vt 0 0
vt 0 0
vt 0 0
vt 0 0
vt 0 0
vt 0 0
vt 0 0
vt 0 0
vt 0 0
vt 0 0
vt 0 0
vt 0 0
vt 0 0
vt 0 0
vt 0 0
vt 0 0
vt 0 0
vt 0 0
vt 0 0
vt 0 0
vt 0 0
vt 0 0
vt 0 0
vt 0 0
vt 0 0
vt 0 0
vt 0 0
vt 0 0
vt 0 0
vt 0 0
vt 0 0
vt 0 0
vt 0 0
vt 0 0
vt 0 0
vt 0 0
vt 0 0
vt 0 0
vt 0 0
vt 0 0
vt 0 0
vt 0 0
vt 0 0
vt 0 0
vt 0 0
vt 0 0
vt 0 0
vt 0 0
vt 0 0
vt 0 0
vt 0 0
vt 0 0
vt 0 0
vt 0 0
vt 0 0
vt 0 0
vt 0 0
vt 0 0
vt 0 0
vt 0 0
vt 0 0
vt 0 0
vt 0 0
vt 0 0
vt 0 0
vt 0 0
vt 0 0
vt 0 0
vt 0 0
vt 0 0
vt 0 0
vt 0 0
vt 0 0
vt 0 0
vt 0 0
vt 0 0
vt 0 0
vt 0 0
vt 0 0
vt 0 0
vt 0 0
vt 0 0
vt 0 0
vt 0 0
vt 0 0
vt 0 0
vt 0 0
vt 0 0
vt 0 0
vt 0 0
vt 0 0
vt 0 0
vt 0 0
vt 0 0
vt 0 0
vt 0 0
vt 0 0
vt 0 0
vt 0 0
vt 0 0
vt 0 0
vt 0 0
vt 0 0
vt 0 0
vt 0 0
vt 0 0
vt 0 0
vt 0 0
vt 0 0
vt 0 0
vt 0 0
vt 0 0
vt 0 0
vt 0 0
vt 0 0
vt 0 0
vt 0 0
vt 0 0
vt 0 0
vt 0 0
vt 0 0
vt 0 0
vt 0 0
vt 0 0
vt 0 0
vt 0 0
vt 0 0
vt 0 0
vt 0 0
vt 0 0
vt 0 0
vt 0 0
vt 0 0
vt 0 0
vt 0 0
vt 0 0
vt 0 0
vt 0 0
vt 0 0
vt 0 0
vt 0 0
vt 0 0
vt 0 0
vt 0 0
vt 0 0
vt 0 0
vt 0 0
vt 0 0
vt 0 0
vt 0 0
vt 0 0
vt 0 0
vt 0 0
vt 0 0
vt 0 0
vt 0 0
vt 0 0
vt 0 0
vt 0 0
vt 0 0
vt 0 0
vt 0 0
vt 0 0
vt 0 0
vt 0 0
vt 0 0
vt 0 0
vt 0 0
vt 0 0
vt 0 0
vt 0 0
vt 0 0
vt 0 0
vt 0 0
vt 0 0
vt 0 0
vt 0 0
vt 0 0
vt 0 0
vt 0 0
vt 0 0
vt 0 0
vt 0 0
vt 0 0
vt 0 0
vt 0 0
vt 0 0
vt 0 0
vt 0 0
vt 0 0
vt 0 0
vt 0 0
vt 0 0
vt 0 0
vt 0 0
vt 0 0
vt 0 0
vt 0 0
vt 0 0
vt 0 0
vt 0 0
vt 0 0
vt 0 0
vt 0 0
vt 0 0
vt 0 0
vt 0 0
vt 0 0
vt 0 0
vt 0 0
vt 0 0
vt 0 0
vt 0 0
vt 0 0
vt 0 0
vt 0 0
vt 0 0
vt 0 0
vt 0 0
vt 0 0
vt 0 0
vt 0 0
vt 0 0
vt 0 0
vt 0 0
vt 0 0
vt 0 0
vt 0 0
vt 0 0
vt 0 0
vt 0 0
vt 0 0
vt 0 0
vt 0 0
vt 0 0
vt 0 0
vt 0 0
vt 0 0
vt 0 0
vt 0 0
vt 0 0
vt 0 0
vt 0 0
vt 0 0
vt 0 0
vt 0 0
vt 0 0
vt 0 0
vt 0 0
vt 0 0
vt 0 0
vt 0 0
vt 0 0
vt 0 0
vt 0 0
vt 0 0
vt 0 0
vt 0 0
vt 0 0
vt 0 0
vt 0 0
vt 0 0
vt 0 0
vt 0 0
vt 0 0
vt 0 0
vt 0 0
vt 0 0
vt 0 0
vt 0 0
vt 0 0
vt 0 0
vt 0 0
vt 0 0
vt 0 0
vt 0 0
vt 0 0
vt 0 0
vt 0 0
vt 0 0
vt 0 0
vt 0 0
vt 0 0
vt 0 0
vt 0 0
vt 0 0
vt 0 0
vt 0 0
vt 0 0
vt 0 0
vt 0 0
vt 0 0
vt 0 0
vt 0 0
vt 0 0
vt 0 0
vt 0 0
vt 0 0
vt 0 0
vt 0 0
vt 0 0
vt 0 0
vt 0 0
vt 0 0
vt 0 0
vt 0 0
vt 0 0
vt 0 0
vt 0 0
vt 0 0
vt 0 0
vt 0 0
vt 0 0
vt 0 0
vt 0 0
vt 0 0
vt 0 0
vt 0 0
vt 0 0
vt 0 0
vt 0 0
vt 0 0
vt 0 0
vt 0 0
vt 0 0
vt 0 0
vt 0 0
vt 0 0
vt 0 0
vt 0 0
vt 0 0
vt 0 0
vt 0 0
vt 0 0
vt 0 0
vt 0 0
vt 0 0
vt 0 0
vt 0 0
vt 0 0
vt 0 0
vt 0 0
vt 0 0
vt 0 0
vt 0 0
vt 0 0
vt 0 0
vt 0 0
vt 0 0
vt 0 0
vt 0 0
vt 0 0
vt 0 0
vt 0 0
vt 0 0
vt 0 0
vt 0 0
vt 0 0
vt 0 0
vt 0 0
vt 0 0
vt 0 0
vt 0 0
vt 0 0
vt 0 0
vt 0 0
vt 0 0
vt 0 0
vt 0 0
vt 0 0
vt 0 0
vt 0 0
vt 0 0
vt 0 0
vt 0 0
vt 0 0
vt 0 0
vt 0 0
vt 0 0
vt 0 0
vt 0 0
vt 0 0
vt 0 0
vt 0 0
vt 0 0
vt 0 0
vt 0 0
vt 0 0
vt 0 0
vt 0 0
vt 0 0
vt 0 0
vt 0 0
vt 0 0
vt 0 0
vt 0 0
vt 0 0
vt 0 0
vt 0 0
vt 0 0
vt 0 0
vt 0 0
vt 0 0
vt 0 0
vt 0 0
vt 0 0
vt 0 0
vt 0 0
vt 0 0
vt 0 0
vt 0 0
vt 0 0
vt 0 0
vt 0 0
vt 0 0
vt 0 0
vt 0 0
vt 0 0
vt 0 0
vt 0 0
vt 0 0
vt 0 0
vt 0 0
vt 0 0
vt 0 0
vt 0 0
vt 0 0
vt 0 0
vt 0 0
vt 0 0
vt 0 0
vt 0 0
vt 0 0
vt 0 0
vt 0 0
vt 0 0
vt 0 0
vt 0 0
vt 0 0
vt 0 0
vt 0 0
vt 0 0
vt 0 0
vt 0 0
vt 0 0
vt 0 0
vt 0 0
vt 0 0
vt 0 0
vt 0 0
vt 0 0
vt 0 0
vt 0 0
vt 0 0
vt 0 0
vt 0 0
vt 0 0
vt 0 0
vt 0 0
vt 0 0
vt 0 0
vt 0 0
vt 0 0
vt 0 0
vt 0 0
vt 0 0
vt 0 0
vt 0 0
vt 0 0
vt 0 0
vt 0 0
vt 0 0
vt 0 0
vt 0 0
vt 0 0
vt 0 0
vt 0 0
vt 0 0
vt 0 0
vt 0 0
vt 0 0
vt 0 0
vt 0 0
vt 0 0
vt 0 0
vt 0 0
vt 0 0
vt 0 0
vt 0 0
vt 0 0
vt 0 0
vt 0 0
vt 0 0
vt 0 0
vt 0 0
vt 0 0
vt 0 0
vt 0 0
vt 0 0
vt 0 0
vt 0 0
vt 0 0
vt 0 0
vt 0 0
vt 0 0
vt 0 0
vt 0 0
vt 0 0
vt 0 0
vt 0 0
vt 0 0
vt 0 0
vt 0 0
vt 0 0
vt 0 0
vt 0 0
vt 0 0
vt 0 0
vt 0 0
vt 0 0
vt 0 0
vt 0 0
vt 0 0
vt 0 0
vt 0 0
vt 0 0
vt 0 0
vt 0 0
vt 0 0
vt 0 0
vt 0 0
vt 0 0
vt 0 0
vt 0 0
vt 0 0
vt 0 0
vt 0 0
vt 0 0
vt 0 0
vt 0 0
vt 0 0
vt 0 0
vt 0 0
vt 0 0
vt 0 0
vt 0 0
vt 0 0
vt 0 0
vt 0 0
vt 0 0
vt 0 0
vt 0 0
vt 0 0
vt 0 0
vt 0 0
vt 0 0
vt 0 0
vt 0 0
vt 0 0
vt 0 0
vt 0 0
vt 0 0
vt 0 0
vt 0 0
vt 0 0
vt 0 0
vt 0 0
vt 0 0
vt 0 0
vt 0 0
vt 0 0
vt 0 0
vt 0 0
vt 0 0
vt 0 0
vt 0 0
vt 0 0
vt 0 0
vt 0 0
vt 0 0
vt 0 0
vt 0 0
vt 0 0
vt 0 0
vt 0 0
vt 0 0
vt 0 0
vt 0 0
vt 0 0
vt 0 0
vt 0 0
vt 0 0
vt 0 0
vt 0 0
vt 0 0
vt 0 0
vt 0 0
vt 0 0
vt 0 0
vt 0 0
vt 0 0
vt 0 0
vt 0 0
vt 0 0
vt 0 0
vt 0 0
vt 0 0
vt 0 0
vt 0 0
vt 0 0
vt 0 0
vt 0 0
vt 0 0
vt 0 0
vt 0 0
vt 0 0
vt 0 0
vt 0 0
vt 0 0
vt 0 0
vt 0 0
vt 0 0
vt 0 0
vt 0 0
vt 0 0
vt 0 0
vt 0 0
vt 0 0
vt 0 0
vt 0 0
vt 0 0
vt 0 0
vt 0 0
vt 0 0
vt 0 0
vt 0 0
vt 0 0
vt 0 0
vt 0 0
vt 0 0
vt 0 0
vt 0 0
vt 0 0
vt 0 0
vt 0 0
vt 0 0
vt 0 0
vt 0 0
vt 0 0
vt 0 0
vt 0 0
vt 0 0
vt 0 0
vt 0 0
vt 0 0
vt 0 0
vt 0 0
vt 0 0
vt 0 0
vt 0 0
vt 0 0
vt 0 0
vt 0 0
vt 0 0
vt 0 0
vt 0 0
vt 0 0
vt 0 0
vt 0 0
vt 0 0
vt 0 0
vt 0 0
vt 0 0
vt 0 0
vt 0 0
vt 0 0
vt 0 0
vt 0 0
vt 0 0
vt 0 0
vt 0 0
vt 0 0
vt 0 0
vt 0 0
vt 0 0
vt 0 0
vt 0 0
vt 0 0
vt 0 0
vt 0 0
vt 0 0
vt 0 0
vt 0 0
vt 0 0
vt 0 0
vt 0 0
vt 0 0
vt 0 0
vt 0 0
vt 0 0
vt 0 0
vt 0 0
vt 0 0
vt 0 0
vt 0 0
vt 0 0
vt 0 0
vt 0 0
vt 0 0
vt 0 0
vt 0 0
vt 0 0
vt 0 0
vt 0 0
vt 0 0
vt 0 0
vt 0 0
vt 0 0
vt 0 0
vt 0 0
vt 0 0
vt 0 0
vt 0 0
vt 0 0
vt 0 0
vt 0 0
vt 0 0
vt 0 0
vt 0 0
vt 0 0
vt 0 0
vt 0 0
vt 0 0
vt 0 0
vt 0 0
vt 0 0
vt 0 0
vt 0 0
vt 0 0
vt 0 0
vt 0 0
vt 0 0
vt 0 0
vt 0 0
vt 0 0
vt 0 0
vt 0 0
vt 0 0
vt 0 0
vt 0 0
vt 0 0
vt 0 0
vt 0 0
vt 0 0
vt 0 0
vt 0 0
vt 0 0
vt 0 0
vt 0 0
vt 0 0
vt 0 0
vt 0 0
vt 0 0
vt 0 0
vt 0 0
vt 0 0
vt 0 0
vt 0 0
vt 0 0
vt 0 0
vt 0 0
vt 0 0
vt 0 0
vt 0 0
vt 0 0
vt 0 0
vt 0 0
vt 0 0
vt 0 0
vt 0 0
vt 0 0
vt 0 0
vt 0 0
vt 0 0
vt 0 0
vt 0 0
vt 0 0
vt 0 0
vt 0 0
vt 0 0
vt 0 0
vt 0 0
vt 0 0
vt 0 0
vt 0 0
vt 0 0
vt 0 0
vt 0 0
vt 0 0
vt 0 0
vt 0 0
vt 0 0
vt 0 0
vt 0 0
vt 0 0
vt 0 0
vt 0 0
vt 0 0
vt 0 0
vt 0 0
vt 0 0
vt 0 0
vt 0 0
vt 0 0
vt 0 0
vt 0 0
vt 0 0
vt 0 0
vt 0 0
vt 0 0
vt 0 0
vt 0 0
vt 0 0
vt 0 0
vt 0 0
vt 0 0
vt 0 0
vt 0 0
vt 0 0
vt 0 0
vt 0 0
vt 0 0
vt 0 0
vt 0 0
vt 0 0
vt 0 0
vt 0 0
vt 0 0
vt 0 0
vt 0 0
vt 0 0
vt 0 0
vt 0 0
vt 0 0
vt 0 0
vt 0 0
vt 0 0
vt 0 0
vt 0 0
vt 0 0
vt 0 0
vt 0 0
vt 0 0
vt 0 0
vt 0 0
vt 0 0
vt 0 0
vt 0 0
vt 0 0
vt 0 0
vt 0 0
vt 0 0
vt 0 0
vt 0 0
vt 0 0
vt 0 0
vt 0 0
vt 0 0
vt 0 0
vt 0 0
vt 0 0
vt 0 0
vt 0 0
vt 0 0
vt 0 0
vt 0 0
vt 0 0
vt 0 0
vt 0 0
vt 0 0
vt 0 0
vt 0 0
vt 0 0
vt 0 0
vt 0 0
vt 0 0
vt 0 0
vt 0 0
vt 0 0
vt 0 0
vt 0 0
vt 0 0
vt 0 0
vt 0 0
vt 0 0
vt 0 0
vt 0 0
vt 0 0
vt 0 0
vt 0 0
vt 0 0
vt 0 0
vt 0 0
vt 0 0
vt 0 0
vt 0 0
vt 0 0
vt 0 0
vt 0 0
vt 0 0
vt 0 0
vt 0 0
vt 0 0
vt 0 0
vt 0 0
vt 0 0
vt 0 0
vt 0 0
vt 0 0
vt 0 0
vt 0 0
vt 0 0
vt 0 0
vt 0 0
vt 0 0
vt 0 0
vt 0 0
vt 0 0
vt 0 0
vt 0 0
vt 0 0
vt 0 0
vt 0 0
vt 0 0
vt 0 0
vt 0 0
vt 0 0
vt 0 0
vt 0 0
vt 0 0
vt 0 0
vt 0 0
vt 0 0
vt 0 0
vt 0 0
vt 0 0
vt 0 0
vt 0 0
vt 0 0
vt 0 0
vt 0 0
vt 0 0
vt 0 0
vt 0 0
vt 0 0
vt 0 0
vt 0 0
vt 0 0
vt 0 0
vt 0 0
vt 0 0
vt 0 0
vt 0 0
vt 0 0
vt 0 0
vt 0 0
vt 0 0
vt 0 0
vt 0 0
vt 0 0
vt 0 0
vt 0 0
vt 0 0
vt 0 0
vt 0 0
vt 0 0
vt 0 0
vt 0 0
vt 0 0
vt 0 0
vt 0 0
vt 0 0
vt 0 0
vt 0 0
vt 0 0
vt 0 0
vt 0 0
vt 0 0
vt 0 0
vt 0 0
vt 0 0
vt 0 0
vt 0 0
vt 0 0
vt 0 0
vt 0 0
vt 0 0
vt 0 0
vt 0 0
vt 0 0
vt 0 0
vt 0 0
vt 0 0
vt 0 0
vt 0 0
vt 0 0
vt 0 0
vt 0 0
vt 0 0
vt 0 0
vt 0 0
vt 0 0
vt 0 0
vt 0 0
vt 0 0
vt 0 0
vt 0 0
vt 0 0
vt 0 0
vt 0 0
vt 0 0
vt 0 0
vt 0 0
vt 0 0
vt 0 0
vt 0 0
vt 0 0
vt 0 0
vt 0 0
vt 0 0
vt 0 0
vt 0 0
vt 0 0
vt 0 0
vt 0 0
vt 0 0
vt 0 0
vt 0 0
vt 0 0
vt 0 0
vt 0 0
vt 0 0
vt 0 0
vt 0 0
vt 0 0
vt 0 0
vt 0 0
vt 0 0
vt 0 0
vt 0 0
vt 0 0
vt 0 0
vt 0 0
vt 0 0
vt 0 0
vt 0 0
vt 0 0
vt 0 0
vt 0 0
vt 0 0
vt 0 0
vt 0 0
vt 0 0
vt 0 0
vt 0 0
vt 0 0
vt 0 0
vt 0 0
vt 0 0
vt 0 0
vt 0 0
vt 0 0
vt 0 0
vt 0 0
vt 0 0
vt 0 0
vt 0 0
vt 0 0
vt 0 0
vt 0 0
vt 0 0
vt 0 0
vt 0 0
vt 0 0
vt 0 0
vt 0 0
vt 0 0
vt 0 0
vt 0 0
vt 0 0
vt 0 0
vt 0 0
vt 0 0
vt 0 0
vt 0 0
vt 0 0
vt 0 0
vt 0 0
vt 0 0
vt 0 0
vt 0 0
vt 0 0
vt 0 0
vt 0 0
vt 0 0
vt 0 0
vt 0 0
vt 0 0
vt 0 0
vt 0 0
vt 0 0
vt 0 0
vt 0 0
vt 0 0
vt 0 0
vt 0 0
vt 0 0
vt 0 0
vt 0 0
vt 0 0
vt 0 0
vt 0 0
vt 0 0
vt 0 0
vt 0 0
vt 0 0
vt 0 0
vt 0 0
vt 0 0
vt 0 0
vt 0 0
vt 0 0
vt 0 0
vt 0 0
vt 0 0
vt 0 0
vt 0 0
vt 0 0
vt 0 0
vt 0 0
vt 0 0
vt 0 0
vt 0 0
vt 0 0
vt 0 0
vt 0 0
vt 0 0
vt 0 0
vt 0 0
vt 0 0
vt 0 0
vt 0 0
vt 0 0
vt 0 0
vt 0 0
vt 0 0
vt 0 0
vt 0 0
vt 0 0
vt 0 0
vt 0 0
vt 0 0
vt 0 0
vt 0 0
vt 0 0
vt 0 0
vt 0 0
vt 0 0
vt 0 0
vt 0 0
vt 0 0
vt 0 0
vt 0 0
vt 0 0
vt 0 0
vt 0 0
vt 0 0
vt 0 0
vt 0 0
vt 0 0
vt 0 0
vt 0 0
vt 0 0
vt 0 0
vt 0 0
vt 0 0
vt 0 0
vt 0 0
vt 0 0
vt 0 0
vt 0 0
vt 0 0
vt 0 0
vt 0 0
vt 0 0
vt 0 0
vt 0 0
vt 0 0
vt 0 0
vt 0 0
vt 0 0
vt 0 0
vt 0 0
vt 0 0
vt 0 0
vt 0 0
vt 0 0
vt 0 0
vt 0 0
vt 0 0
vt 0 0
vt 0 0
vt 0 0
vt 0 0
vt 0 0
vt 0 0
vt 0 0
vt 0 0
vt 0 0
vt 0 0
vt 0 0
vt 0 0
vt 0 0
vt 0 0
vt 0 0
vt 0 0
vt 0 0
vt 0 0
vt 0 0
vt 0 0
vt 0 0
vt 0 0
vt 0 0
vt 0 0
vt 0 0
vt 0 0
vt 0 0
vt 0 0
vt 0 0
vt 0 0
vt 0 0
vt 0 0
vt 0 0
vt 0 0
vt 0 0
vt 0 0
vt 0 0
vt 0 0
vt 0 0
vt 0 0
vt 0 0
vt 0 0
vt 0 0
vt 0 0
vt 0 0
vt 0 0
vt 0 0
vt 0 0
vt 0 0
vt 0 0
vt 0 0
vt 0 0
vt 0 0
vt 0 0
vt 0 0
vt 0 0
vt 0 0
vt 0 0
vt 0 0
vt 0 0
vt 0 0
vt 0 0
vt 0 0
vt 0 0
vt 0 0
vt 0 0
vt 0 0
vt 0 0
vt 0 0
vt 0 0
vt 0 0
vt 0 0
vt 0 0
vt 0 0
vt 0 0
vt 0 0
vt 0 0
vt 0 0
vt 0 0
vt 0 0
vt 0 0
vt 0 0
vt 0 0
vt 0 0
vt 0 0
vt 0 0
vt 0 0
vt 0 0
vt 0 0
vt 0 0
vt 0 0
vt 0 0
vt 0 0
vt 0 0
vt 0 0
vt 0 0
vt 0 0
vt 0 0
vt 0 0
vt 0 0
vt 0 0
vt 0 0
vt 0 0
vt 0 0
vt 0 0
vt 0 0
vt 0 0
vt 0 0
vt 0 0
vt 0 0
vt 0 0
vt 0 0
vt 0 0
vt 0 0
vt 0 0
vt 0 0
vt 0 0
vt 0 0
vt 0 0
vt 0 0
vt 0 0
vt 0 0
vt 0 0
vt 0 0
vt 0 0
vt 0 0
vt 0 0
vt 0 0
vt 0 0
vt 0 0
vt 0 0
vt 0 0
vt 0 0
vt 0 0
vt 0 0
vt 0 0
vt 0 0
vt 0 0
vt 0 0
vt 0 0
vt 0 0
vt 0 0
vt 0 0
vt 0 0
vt 0 0
vt 0 0
vt 0 0
vt 0 0
vt 0 0
vt 0 0
vt 0 0
vt 0 0
vt 0 0
vt 0 0
vt 0 0
vt 0 0
vt 0 0
vt 0 0
vt 0 0
vt 0 0
vt 0 0
vt 0 0
vt 0 0
vt 0 0
vt 0 0
vt 0 0
vt 0 0
vt 0 0
vt 0 0
vt 0 0
vt 0 0
vt 0 0
vt 0 0
vt 0 0
vt 0 0
vt 0 0
vt 0 0
vt 0 0
vt 0 0
vt 0 0
vt 0 0
vt 0 0
vt 0 0
vt 0 0
vt 0 0
vt 0 0
vt 0 0
vt 0 0
vt 0 0
vt 0 0
vt 0 0
vt 0 0
vt 0 0
vt 0 0
vt 0 0
vt 0 0
vt 0 0
vt 0 0
vt 0 0
vt 0 0
vt 0 0
vt 0 0
vt 0 0
vt 0 0
vt 0 0
vt 0 0
vt 0 0
vt 0 0
vt 0 0
vt 0 0
vt 0 0
vt 0 0
vt 0 0
vt 0 0
vt 0 0
vt 0 0
vt 0 0
vt 0 0
vt 0 0
vt 0 0
vt 0 0
vt 0 0
vt 0 0
vt 0 0
vt 0 0
vt 0 0
vt 0 0
vt 0 0
vt 0 0
vt 0 0
vt 0 0
vt 0 0
vt 0 0
vt 0 0
vt 0 0
vt 0 0
vt 0 0
vt 0 0
vt 0 0
vt 0 0
vt 0 0
vt 0 0
vt 0 0
vt 0 0
vt 0 0
vt 0 0
vt 0 0
vt 0 0
vt 0 0
vt 0 0
vt 0 0
vt 0 0
vt 0 0
vt 0 0
vt 0 0
vt 0 0
vt 0 0
vt 0 0
vt 0 0
vt 0 0
vt 0 0
vt 0 0
vt 0 0
vt 0 0
vt 0 0
vt 0 0
vt 0 0
vt 0 0
vt 0 0
vt 0 0
vt 0 0
vt 0 0
vt 0 0
vt 0 0
vt 0 0
vt 0 0
vt 0 0
vt 0 0
vt 0 0
vt 0 0
vt 0 0
vt 0 0
vt 0 0
vt 0 0
vt 0 0
vt 0 0
vt 0 0
vt 0 0
vt 0 0
vt 0 0
vt 0 0
vt 0 0
vt 0 0
vt 0 0
vt 0 0
vt 0 0
vt 0 0
vt 0 0
vt 0 0
vt 0 0
vt 0 0
vt 0 0
vt 0 0
vt 0 0
vt 0 0
vt 0 0
vt 0 0
vt 0 0
vt 0 0
vt 0 0
vt 0 0
vt 0 0
vt 0 0
vt 0 0
vt 0 0
vt 0 0
vt 0 0
vt 0 0
vt 0 0
vt 0 0
vt 0 0
vt 0 0
vt 0 0
vt 0 0
vt 0 0
vt 0 0
vt 0 0
vt 0 0
vt 0 0
vt 0 0
vt 0 0
vt 0 0
vt 0 0
vt 0 0
vt 0 0
vt 0 0
vt 0 0
vt 0 0
vt 0 0
vt 0 0
vt 0 0
vt 0 0
vt 0 0
vt 0 0
vt 0 0
vt 0 0
vt 0 0
vt 0 0
vt 0 0
vt 0 0
vt 0 0
vt 0 0
vt 0 0
vt 0 0
vt 0 0
vt 0 0
vt 0 0
vt 0 0
vt 0 0
vt 0 0
vt 0 0
vt 0 0
vt 0 0
vt 0 0
vt 0 0
vt 0 0
vt 0 0
vt 0 0
vt 0 0
vt 0 0
vt 0 0
vt 0 0
vt 0 0
vt 0 0
vt 0 0
vt 0 0
vt 0 0
vt 0 0
vt 0 0
vt 0 0
vt 0 0
vt 0 0
vt 0 0
vt 0 0
vt 0 0
vt 0 0
vt 0 0
vt 0 0
vt 0 0
vt 0 0
vt 0 0
vt 0 0
vt 0 0
vt 0 0
vt 0 0
vt 0 0
vt 0 0
vt 0 0
vt 0 0
vt 0 0
vt 0 0
vt 0 0
vt 0 0
vt 0 0
vt 0 0
vt 0 0
vt 0 0
vt 0 0
vt 0 0
vt 0 0
vt 0 0
vt 0 0
vt 0 0
vt 0 0
vt 0 0
vt 0 0
vt 0 0
vt 0 0
vt 0 0
vt 0 0
vt 0 0
vt 0 0
vt 0 0
vt 0 0
vt 0 0
vt 0 0
vt 0 0
vt 0 0
vt 0 0
vt 0 0
vt 0 0
vt 0 0
vt 0 0
vt 0 0
vt 0 0
vt 0 0
vt 0 0
vt 0 0
vt 0 0
vt 0 0
vt 0 0
vt 0 0
vt 0 0
vt 0 0
vt 0 0
vt 0 0
vt 0 0
vt 0 0
vt 0 0
vt 0 0
vt 0 0
vt 0 0
vt 0 0
vt 0 0
vt 0 0
vt 0 0
vt 0 0
vt 0 0
vt 0 0
vt 0 0
vt 0 0
vt 0 0
vt 0 0
vt 0 0
vt 0 0
vt 0 0
vt 0 0
vt 0 0
vt 0 0
vt 0 0
vt 0 0
vt 0 0
vt 0 0
vt 0 0
vt 0 0
vt 0 0
vt 0 0
vt 0 0
vt 0 0
vt 0 0
vt 0 0
vt 0 0
vt 0 0
vt 0 0
vt 0 0
vt 0 0
vt 0 0
vt 0 0
vt 0 0
vt 0 0
vt 0 0
vt 0 0
vt 0 0
vt 0 0
vt 0 0
vt 0 0
vt 0 0
vt 0 0
vt 0 0
vt 0 0
vt 0 0
vt 0 0
vt 0 0
vt 0 0
vt 0 0
vt 0 0
vt 0 0
vt 0 0
vt 0 0
vt 0 0
vt 0 0
vt 0 0
vt 0 0
vt 0 0
vt 0 0
vt 0 0
vt 0 0
vt 0 0
vt 0 0
vt 0 0
vt 0 0
vt 0 0
vt 0 0
vt 0 0
vt 0 0
vt 0 0
vt 0 0
vt 0 0
vt 0 0
vt 0 0
vt 0 0
vt 0 0
vt 0 0
vt 0 0
vt 0 0
vt 0 0
vt 0 0
vt 0 0
vt 0 0
vt 0 0
vt 0 0
vt 0 0
vt 0 0
vt 0 0
vt 0 0
vt 0 0
vt 0 0
vt 0 0
vt 0 0
vt 0 0
vt 0 0
vt 0 0
vt 0 0
vt 0 0
vt 0 0
vt 0 0
vt 0 0
vt 0 0
vt 0 0
vt 0 0
vt 0 0
vt 0 0
vt 0 0
vt 0 0
vt 0 0
vt 0 0
vt 0 0
vt 0 0
vt 0 0
vt 0 0
vt 0 0
vt 0 0
vt 0 0
vt 0 0
vt 0 0
vt 0 0
vt 0 0
vt 0 0
vt 0 0
vt 0 0
vt 0 0
vt 0 0
vt 0 0
vt 0 0
vt 0 0
vt 0 0
vt 0 0
vt 0 0
vt 0 0
vt 0 0
vt 0 0
vt 0 0
vt 0 0
vt 0 0
vt 0 0
vt 0 0
vt 0 0
vt 0 0
vt 0 0
vt 0 0
vt 0 0
vt 0 0
vt 0 0
vt 0 0
vt 0 0
vt 0 0
vt 0 0
vt 0 0
vt 0 0
vt 0 0
vt 0 0
vt 0 0
vt 0 0
vt 0 0
vt 0 0
vt 0 0
vt 0 0
vt 0 0
vt 0 0
vt 0 0
vt 0 0
vt 0 0
vt 0 0
vt 0 0
vt 0 0
vt 0 0
vt 0 0
vt 0 0
vt 0 0
vt 0 0
vt 0 0
vt 0 0
vt 0 0
vt 0 0
vt 0 0
vt 0 0
vt 0 0
vt 0 0
vt 0 0
vt 0 0
vt 0 0
vt 0 0
vt 0 0
vt 0 0
vt 0 0
vt 0 0
vt 0 0
vt 0 0
vt 0 0
vt 0 0
vt 0 0
vt 0 0
vt 0 0
vt 0 0
vt 0 0
vt 0 0
vt 0 0
vt 0 0
vt 0 0
vt 0 0
vt 0 0
vt 0 0
vt 0 0
vt 0 0
vt 0 0
vt 0 0
vt 0 0
vt 0 0
vt 0 0
vt 0 0
vt 0 0
vt 0 0
vt 0 0
vt 0 0
vt 0 0
vt 0 0
vt 0 0
vt 0 0
vt 0 0
vt 0 0
vt 0 0
vt 0 0
vt 0 0
vt 0 0
vt 0 0
vt 0 0
vt 0 0
vt 0 0
vt 0 0
vt 0 0
vt 0 0
vt 0 0
vt 0 0
vt 0 0
vt 0 0
vt 0 0
vt 0 0
vt 0 0
vt 0 0
vt 0 0
vt 0 0
vt 0 0
vt 0 0
vt 0 0
vt 0 0
vt 0 0
vt 0 0
vt 0 0
vt 0 0
vt 0 0
vt 0 0
vt 0 0
vt 0 0
vt 0 0
vt 0 0
vt 0 0
vt 0 0
vt 0 0
vt 0 0
vt 0 0
vt 0 0
vt 0 0
vt 0 0
vt 0 0
vt 0 0
vt 0 0
vt 0 0
vt 0 0
vt 0 0
vt 0 0
vt 0 0
vt 0 0
vt 0 0
vt 0 0
vt 0 0
vt 0 0
vt 0 0
vt 0 0
vt 0 0
vt 0 0
vt 0 0
vt 0 0
vt 0 0
vt 0 0
vt 0 0
vt 0 0
vt 0 0
vt 0 0
vt 0 0
vt 0 0
vt 0 0
vt 0 0
vt 0 0
vt 0 0
vt 0 0
vt 0 0
vt 0 0
vt 0 0
vt 0 0
vt 0 0
vt 0 0
vt 0 0
vt 0 0
vt 0 0
vt 0 0
vt 0 0
vt 0 0
vt 0 0
vt 0 0
vt 0 0
vt 0 0
vt 0 0
vt 0 0
vt 0 0
vt 0 0
vt 0 0
vt 0 0
vt 0 0
vt 0 0
vt 0 0
vt 0 0
vt 0 0
vt 0 0
vt 0 0
vt 0 0
vt 0 0
vt 0 0
vt 0 0
vt 0 0
vt 0 0
vt 0 0
vt 0 0
vt 0 0
vt 0 0
vt 0 0
vt 0 0
vt 0 0
vt 0 0
vt 0 0
vt 0 0
vt 0 0
vt 0 0
vt 0 0
vt 0 0
vt 0 0
vt 0 0
vt 0 0
vt 0 0
vt 0 0
vt 0 0
vt 0 0
vt 0 0
vt 0 0
vt 0 0
vt 0 0
vt 0 0
vt 0 0
vt 0 0
vt 0 0
vt 0 0
vt 0 0
vt 0 0
vt 0 0
vt 0 0
vt 0 0
vt 0 0
vt 0 0
vt 0 0
vt 0 0
vt 0 0
vt 0 0
vt 0 0
vt 0 0
vt 0 0
vt 0 0
vt 0 0
vt 0 0
vt 0 0
vt 0 0
vt 0 0
vt 0 0
vt 0 0
vt 0 0
vt 0 0
vt 0 0
vt 0 0
vt 0 0
vt 0 0
vt 0 0
vt 0 0
vt 0 0
vt 0 0
vt 0 0
vt 0 0
vt 0 0
vt 0 0
vt 0 0
vt 0 0
vt 0 0
vt 0 0
vt 0 0
vt 0 0
vt 0 0
vt 0 0
vt 0 0
vt 0 0
vt 0 0
vt 0 0
vt 0 0
vt 0 0
vt 0 0
vt 0 0
vt 0 0
vt 0 0
vt 0 0
vt 0 0
vt 0 0
vt 0 0
vt 0 0
vt 0 0
vt 0 0
vt 0 0
vt 0 0
vt 0 0
vt 0 0
vt 0 0
vt 0 0
vt 0 0
vt 0 0
vt 0 0
vt 0 0
vt 0 0
vt 0 0
vt 0 0
vt 0 0
vt 0 0
vt 0 0
vt 0 0
vt 0 0
vt 0 0
vt 0 0
vt 0 0
vt 0 0
vt 0 0
vt 0 0
vt 0 0
vt 0 0
vt 0 0
vt 0 0
vt 0 0
vt 0 0
vt 0 0
vt 0 0
vt 0 0
vt 0 0
vt 0 0
vt 0 0
vt 0 0
vt 0 0
vt 0 0
vt 0 0
vt 0 0
vt 0 0
vt 0 0
vt 0 0
vt 0 0
vt 0 0
vt 0 0
vt 0 0
vt 0 0
vt 0 0
vt 0 0
vt 0 0
vt 0 0
vt 0 0
vt 0 0
vt 0 0
vt 0 0
vt 0 0
vt 0 0
vt 0 0
vt 0 0
vt 0 0
vt 0 0
vt 0 0
vt 0 0
vt 0 0
vt 0 0
vt 0 0
vt 0 0
vt 0 0
vt 0 0
vt 0 0
vt 0 0
vt 0 0
vt 0 0
vt 0 0
vt 0 0
vt 0 0
vt 0 0
vt 0 0
vt 0 0
vt 0 0
vt 0 0
vt 0 0
vt 0 0
vt 0 0
vt 0 0
vt 0 0
vt 0 0
vt 0 0
vt 0 0
vt 0 0
vt 0 0
vt 0 0
vt 0 0
vt 0 0
vt 0 0
vt 0 0
vt 0 0
vt 0 0
vt 0 0
vt 0 0
vt 0 0
vt 0 0
vt 0 0
vt 0 0
vt 0 0
vt 0 0
vt 0 0
vt 0 0
vt 0 0
vt 0 0
vt 0 0
vt 0 0
vt 0 0
vt 0 0
vt 0 0
vt 0 0
vt 0 0
vt 0 0
vt 0 0
vt 0 0
vt 0 0
vt 0 0
vt 0 0
vt 0 0
vt 0 0
vt 0 0
vt 0 0
vt 0 0
vt 0 0
vt 0 0
vt 0 0
vt 0 0
vt 0 0
vt 0 0
vt 0 0
vt 0 0
vt 0 0
vt 0 0
vt 0 0
vt 0 0
vt 0 0
vt 0 0
vt 0 0
vt 0 0
vt 0 0
vt 0 0
vt 0 0
vt 0 0
vt 0 0
vt 0 0
vt 0 0
vt 0 0
vt 0 0
vt 0 0
vt 0 0
vt 0 0
vt 0 0
vt 0 0
vt 0 0
vt 0 0
vt 0 0
vt 0 0
vt 0 0
vt 0 0
vt 0 0
vt 0 0
vt 0 0
vt 0 0
vt 0 0
vt 0 0
vt 0 0
vt 0 0
vt 0 0
vt 0 0
vt 0 0
vt 0 0
vt 0 0
vt 0 0
vt 0 0
vt 0 0
vt 0 0
vt 0 0
vt 0 0
vt 0 0
vt 0 0
vt 0 0
vt 0 0
vt 0 0
vt 0 0
vt 0 0
vt 0 0
vt 0 0
vt 0 0
vt 0 0
vt 0 0
vt 0 0
vt 0 0
vt 0 0
vt 0 0
vt 0 0
vt 0 0
vt 0 0
vt 0 0
vt 0 0
vt 0 0
vt 0 0
vt 0 0
vt 0 0
vt 0 0
vt 0 0
vt 0 0
vt 0 0
vt 0 0
vt 0 0
vt 0 0
vt 0 0
vt 0 0
vt 0 0
vt 0 0
vt 0 0
vt 0 0
vt 0 0
vt 0 0
vt 0 0
vt 0 0
vt 0 0
vt 0 0
vt 0 0
vt 0 0
vt 0 0
vt 0 0
vt 0 0
vt 0 0
vt 0 0
vt 0 0
vt 0 0
vt 0 0
vt 0 0
vt 0 0
vt 0 0
vt 0 0
vt 0 0
vt 0 0
vt 0 0
vt 0 0
vt 0 0
vt 0 0
vt 0 0
vt 0 0
vt 0 0
vt 0 0
vt 0 0
vt 0 0
vt 0 0
vt 0 0
vt 0 0
vt 0 0
vt 0 0
vt 0 0
vt 0 0
vt 0 0
vt 0 0
vt 0 0
vt 0 0
vt 0 0
vt 0 0
vt 0 0
vt 0 0
vt 0 0
vt 0 0
vt 0 0
vt 0 0
vt 0 0
vt 0 0
vt 0 0
vt 0 0
vt 0 0
vt 0 0
vt 0 0
vt 0 0
vt 0 0
vt 0 0
vt 0 0
vt 0 0
vt 0 0
vt 0 0
vt 0 0
vt 0 0
vt 0 0
vt 0 0
vt 0 0
vt 0 0
vt 0 0
vt 0 0
vt 0 0
vt 0 0
vt 0 0
vt 0 0
vt 0 0
vt 0 0
vt 0 0
vt 0 0
vt 0 0
vt 0 0
vt 0 0
vt 0 0
vt 0 0
vt 0 0
vt 0 0
vt 0 0
vt 0 0
vt 0 0
vt 0 0
vt 0 0
vt 0 0
vt 0 0
vt 0 0
vt 0 0
vt 0 0
vt 0 0
vt 0 0
vt 0 0
vt 0 0
vt 0 0
vt 0 0
vt 0 0
vt 0 0
vt 0 0
vt 0 0
vt 0 0
vt 0 0
vt 0 0
vt 0 0
vt 0 0
vt 0 0
vt 0 0
vt 0 0
vt 0 0
vt 0 0
vt 0 0
vt 0 0
vt 0 0
vt 0 0
vt 0 0
vt 0 0
vt 0 0
vt 0 0
vt 0 0
vt 0 0
vt 0 0
vt 0 0
vt 0 0
vt 0 0
vt 0 0
vt 0 0
vt 0 0
vt 0 0
vt 0 0
vt 0 0
vt 0 0
vt 0 0
vt 0 0
vt 0 0
vt 0 0
vt 0 0
vt 0 0
vt 0 0
vt 0 0
vt 0 0
vt 0 0
vt 0 0
vt 0 0
vt 0 0
vt 0 0
vt 0 0
vt 0 0
vt 0 0
vt 0 0
vt 0 0
vt 0 0
vt 0 0
vt 0 0
vt 0 0
vt 0 0
vt 0 0
vt 0 0
vt 0 0
vt 0 0
vt 0 0
vt 0 0
vt 0 0
vt 0 0
vt 0 0
vt 0 0
vt 0 0
vt 0 0
vt 0 0
vt 0 0
vt 0 0
vt 0 0
vt 0 0
vt 0 0
vt 0 0
vt 0 0
vt 0 0
vt 0 0
vt 0 0
vt 0 0
vt 0 0
vt 0 0
vt 0 0
vt 0 0
vt 0 0
vt 0 0
vt 0 0
vt 0 0
vt 0 0
vt 0 0
vt 0 0
vt 0 0
vt 0 0
vt 0 0
vt 0 0
vt 0 0
vt 0 0
vt 0 0
vt 0 0
vt 0 0
vt 0 0
vt 0 0
vt 0 0
vt 0 0
vt 0 0
vt 0 0
vt 0 0
vt 0 0
vt 0 0
vt 0 0
vt 0 0
vt 0 0
vt 0 0
vt 0 0
vt 0 0
vt 0 0
vt 0 0
vt 0 0
vt 0 0
vt 0 0
vt 0 0
vt 0 0
vt 0 0
vt 0 0
vt 0 0
vt 0 0
vt 0 0
vt 0 0
vt 0 0
vt 0 0
vt 0 0
vt 0 0
vt 0 0
vt 0 0
vt 0 0
vt 0 0
vt 0 0
vt 0 0
vt 0 0
vt 0 0
vt 0 0
vt 0 0
vt 0 0
vt 0 0
vt 0 0
vt 0 0
vt 0 0
vt 0 0
vt 0 0
vt 0 0
vt 0 0
vt 0 0
vt 0 0
vt 0 0
vt 0 0
vt 0 0
vt 0 0
vt 0 0
vt 0 0
vt 0 0
vt 0 0
vt 0 0
vt 0 0
vt 0 0
vt 0 0
vt 0 0
vt 0 0
vt 0 0
vt 0 0
vt 0 0
vt 0 0
vt 0 0
vt 0 0
vt 0 0
vt 0 0
vt 0 0
vt 0 0
vt 0 0
vt 0 0
vt 0 0
vt 0 0
vt 0 0
vt 0 0
vt 0 0
vt 0 0
vt 0 0
vt 0 0
vt 0 0
vt 0 0
vt 0 0
vt 0 0
vt 0 0
vt 0 0
vt 0 0
vt 0 0
vt 0 0
vt 0 0
vt 0 0
vt 0 0
vt 0 0
vt 0 0
vt 0 0
vt 0 0
vt 0 0
vt 0 0
vt 0 0
vt 0 0
vt 0 0
vt 0 0
vt 0 0
vt 0 0
vt 0 0
vt 0 0
vt 0 0
vt 0 0
vt 0 0
vt 0 0
vt 0 0
vt 0 0
vt 0 0
vt 0 0
vt 0 0
vt 0 0
vt 0 0
vt 0 0
vt 0 0
vt 0 0
vt 0 0
vt 0 0
vt 0 0
vt 0 0
vt 0 0
vt 0 0
vt 0 0
vt 0 0
vt 0 0
vt 0 0
vt 0 0
vt 0 0
vt 0 0
vt 0 0
vt 0 0
vt 0 0
vt 0 0
vt 0 0
vt 0 0
vt 0 0
vt 0 0
vt 0 0
vt 0 0
vt 0 0
vt 0 0
vt 0 0
vt 0 0
vt 0 0
vt 0 0
vt 0 0
vt 0 0
vt 0 0
vt 0 0
vt 0 0
vt 0 0
vt 0 0
vt 0 0
vt 0 0
vt 0 0
vt 0 0
vt 0 0
vt 0 0
vt 0 0
vt 0 0
vt 0 0
vt 0 0
vt 0 0
vt 0 0
vt 0 0
vt 0 0
vt 0 0
vt 0 0
vt 0 0
vt 0 0
vt 0 0
vt 0 0
vt 0 0
vt 0 0
vt 0 0
vt 0 0
vt 0 0
vt 0 0
vt 0 0
vt 0 0
vt 0 0
vt 0 0
vt 0 0
vt 0 0
vt 0 0
vt 0 0
vt 0 0
vt 0 0
vt 0 0
vt 0 0
vt 0 0
vt 0 0
vt 0 0
vt 0 0
vt 0 0
vt 0 0
vt 0 0
vt 0 0
vt 0 0
vt 0 0
vt 0 0
vt 0 0
vt 0 0
vt 0 0
vt 0 0
vt 0 0
vt 0 0
vt 0 0
vt 0 0
vt 0 0
vt 0 0
vt 0 0
vt 0 0
vt 0 0
vt 0 0
vt 0 0
vt 0 0
vt 0 0
vt 0 0
vt 0 0
vt 0 0
vt 0 0
vt 0 0
vt 0 0
vt 0 0
vt 0 0
vt 0 0
vt 0 0
vt 0 0
vt 0 0
vt 0 0
vt 0 0
vt 0 0
vt 0 0
vt 0 0
vt 0 0
vt 0 0
vt 0 0
vt 0 0
vt 0 0
vt 0 0
vt 0 0
vt 0 0
vt 0 0
vt 0 0
vt 0 0
vt 0 0
vt 0 0
vt 0 0
vt 0 0
vt 0 0
vt 0 0
vt 0 0
vt 0 0
vt 0 0
vt 0 0
vt 0 0
vt 0 0
vt 0 0
vt 0 0
vt 0 0
vt 0 0
vt 0 0
vt 0 0
vt 0 0
vt 0 0
vt 0 0
vt 0 0
vt 0 0
vt 0 0
vt 0 0
vt 0 0
vt 0 0
vt 0 0
vt 0 0
vt 0 0
vt 0 0
vt 0 0
vt 0 0
vt 0 0
vt 0 0
vt 0 0
vt 0 0
vt 0 0
vt 0 0
vt 0 0
vt 0 0
vt 0 0
vt 0 0
vt 0 0
vt 0 0
vt 0 0
vt 0 0
vt 0 0
vt 0 0
vt 0 0
vt 0 0
vt 0 0
vt 0 0
vt 0 0
vt 0 0
vt 0 0
vt 0 0
vt 0 0
vt 0 0
vt 0 0
vt 0 0
vt 0 0
vt 0 0
vt 0 0
vt 0 0
vt 0 0
vt 0 0
vt 0 0
vt 0 0
vt 0 0
vt 0 0
vt 0 0
vt 0 0
vt 0 0
vt 0 0
vt 0 0
vt 0 0
vt 0 0
vt 0 0
vt 0 0
vt 0 0
vt 0 0
vt 0 0
vt 0 0
vt 0 0
vt 0 0
vt 0 0
vt 0 0
vt 0 0
vt 0 0
vt 0 0
vt 0 0
vt 0 0
vt 0 0
vt 0 0
vt 0 0
vt 0 0
vt 0 0
vt 0 0
vt 0 0
vt 0 0
vt 0 0
vt 0 0
vt 0 0
vt 0 0
vt 0 0
vt 0 0
vt 0 0
vt 0 0
vt 0 0
vt 0 0
vt 0 0
vt 0 0
vt 0 0
vt 0 0
vt 0 0
vt 0 0
vt 0 0
vt 0 0
vt 0 0
vt 0 0
vt 0 0
vt 0 0
vt 0 0
vt 0 0
vt 0 0
vt 0 0
vt 0 0
vt 0 0
vt 0 0
vt 0 0
vt 0 0
vt 0 0
vt 0 0
vt 0 0
vt 0 0
vt 0 0
vt 0 0
vt 0 0
vt 0 0
vt 0 0
vt 0 0
vt 0 0
vt 0 0
vt 0 0
vt 0 0
vt 0 0
vt 0 0
vt 0 0
vt 0 0
vt 0 0
vt 0 0
vt 0 0
vt 0 0
vt 0 0
vt 0 0
vt 0 0
vt 0 0
vt 0 0
vt 0 0
vt 0 0
vt 0 0
vt 0 0
vt 0 0
vt 0 0
vt 0 0
vt 0 0
vt 0 0
vt 0 0
vt 0 0
vt 0 0
vt 0 0
vt 0 0
vt 0 0
vt 0 0
vt 0 0
vt 0 0
vt 0 0
vt 0 0
vt 0 0
vt 0 0
vt 0 0
vt 0 0
vt 0 0
vt 0 0
vt 0 0
vt 0 0
vt 0 0
vt 0 0
vt 0 0
vt 0 0
vt 0 0
vt 0 0
vt 0 0
vt 0 0
vt 0 0
vt 0 0
vt 0 0
vt 0 0
vt 0 0
vt 0 0
vt 0 0
vt 0 0
vt 0 0
vt 0 0
vt 0 0
vt 0 0
vt 0 0
vt 0 0
vt 0 0
vt 0 0
vt 0 0
vt 0 0
vt 0 0
vt 0 0
vt 0 0
vt 0 0
vt 0 0
vt 0 0
vt 0 0
vt 0 0
vt 0 0
vt 0 0
vt 0 0
vt 0 0
vt 0 0
vt 0 0
vt 0 0
vt 0 0
vt 0 0
vt 0 0
vt 0 0
vt 0 0
vt 0 0
vt 0 0
vt 0 0
vt 0 0
vt 0 0
vt 0 0
vt 0 0
vt 0 0
vt 0 0
vt 0 0
vt 0 0
vt 0 0
vt 0 0
vt 0 0
vt 0 0
vt 0 0
vt 0 0
vt 0 0
vt 0 0
vt 0 0
vt 0 0
vt 0 0
vt 0 0
vt 0 0
vt 0 0
vt 0 0
vt 0 0
vt 0 0
vt 0 0
vt 0 0
vt 0 0
vt 0 0
vt 0 0
vt 0 0
vt 0 0
vt 0 0
vt 0 0
vt 0 0
vt 0 0
vt 0 0
vt 0 0
vt 0 0
vt 0 0
vt 0 0
vt 0 0
vt 0 0
vt 0 0
vt 0 0
vt 0 0
vt 0 0
vt 0 0
vt 0 0
vt 0 0
vt 0 0
vt 0 0
vt 0 0
vt 0 0
vt 0 0
vt 0 0
vt 0 0
vt 0 0
vt 0 0
vt 0 0
vt 0 0
vt 0 0
vt 0 0
vt 0 0
vt 0 0
vt 0 0
vt 0 0
vt 0 0
vt 0 0
vt 0 0
vt 0 0
vt 0 0
vt 0 0
vt 0 0
vt 0 0
vt 0 0
vt 0 0
vt 0 0
vt 0 0
vt 0 0
vt 0 0
vt 0 0
vt 0 0
vt 0 0
vt 0 0
vt 0 0
vt 0 0
vt 0 0
vt 0 0
vt 0 0
vt 0 0
vt 0 0
vt 0 0
vt 0 0
vt 0 0
vt 0 0
vt 0 0
vt 0 0
vt 0 0
vt 0 0
vt 0 0
vt 0 0
vt 0 0
vt 0 0
vt 0 0
vt 0 0
vt 0 0
vt 0 0
vt 0 0
vt 0 0
vt 0 0
vt 0 0
vt 0 0
vt 0 0
vt 0 0
vt 0 0
vt 0 0
vt 0 0
vt 0 0
vt 0 0
vt 0 0
vt 0 0
vt 0 0
vt 0 0
vt 0 0
vt 0 0
vt 0 0
vt 0 0
vt 0 0
vt 0 0
vt 0 0
vt 0 0
vt 0 0
vt 0 0
vt 0 0
vt 0 0
vt 0 0
vt 0 0
vt 0 0
vt 0 0
vt 0 0
vt 0 0
vt 0 0
vt 0 0
vt 0 0
vt 0 0
vt 0 0
vt 0 0
vt 0 0
vt 0 0
vt 0 0
vt 0 0
vt 0 0
vt 0 0
vt 0 0
vt 0 0
vt 0 0
vt 0 0
vt 0 0
vt 0 0
vt 0 0
vt 0 0
vt 0 0
vt 0 0
vt 0 0
vt 0 0
vt 0 0
vt 0 0
vt 0 0
vt 0 0
vt 0 0
vt 0 0
vt 0 0
vt 0 0
vt 0 0
vt 0 0
vt 0 0
vt 0 0
vt 0 0
vt 0 0
vt 0 0
vt 0 0
vt 0 0
vt 0 0
vt 0 0
vt 0 0
vt 0 0
vt 0 0
vt 0 0
vt 0 0
vt 0 0
vt 0 0
vt 0 0
vt 0 0
vt 0 0
vt 0 0
vt 0 0
vt 0 0
vt 0 0
vt 0 0
vt 0 0
vt 0 0
vt 0 0
vt 0 0
vt 0 0
vt 0 0
vt 0 0
vt 0 0
vt 0 0
vt 0 0
vt 0 0
vt 0 0
vt 0 0
vt 0 0
vt 0 0
vt 0 0
vt 0 0
vt 0 0
vt 0 0
vt 0 0
vt 0 0
vt 0 0
vt 0 0
vt 0 0
vt 0 0
vt 0 0
vt 0 0
vt 0 0
vt 0 0
vt 0 0
vt 0 0
vt 0 0
vt 0 0
vt 0 0
vt 0 0
vt 0 0
vt 0 0
vt 0 0
vt 0 0
vt 0 0
vt 0 0
vt 0 0
vt 0 0
vt 0 0
vt 0 0
vt 0 0
vt 0 0
vt 0 0
vt 0 0
vt 0 0
vt 0 0
vt 0 0
vt 0 0
vt 0 0
vt 0 0
vt 0 0
vt 0 0
vt 0 0
vt 0 0
vt 0 0
vt 0 0
vt 0 0
vt 0 0
vt 0 0
vt 0 0
vt 0 0
vt 0 0
vt 0 0
vt 0 0
vt 0 0
vt 0 0
vt 0 0
vt 0 0
vt 0 0
vt 0 0
vt 0 0
vt 0 0
vt 0 0
vt 0 0
vt 0 0
vt 0 0
vt 0 0
vt 0 0
vt 0 0
vt 0 0
vt 0 0
vt 0 0
vt 0 0
vt 0 0
vt 0 0
vt 0 0
vt 0 0
vt 0 0
vt 0 0
vt 0 0
vt 0 0
vt 0 0
vt 0 0
vt 0 0
vt 0 0
vt 0 0
vt 0 0
vt 0 0
vt 0 0
vt 0 0
vt 0 0
vt 0 0
vt 0 0
vt 0 0
vt 0 0
vt 0 0
vt 0 0
vt 0 0
vt 0 0
vt 0 0
vt 0 0
vt 0 0
vt 0 0
vt 0 0
vt 0 0
vt 0 0
vt 0 0
vt 0 0
vt 0 0
vt 0 0
vt 0 0
vt 0 0
vt 0 0
vt 0 0
vt 0 0
vt 0 0
vt 0 0
vt 0 0
vt 0 0
vt 0 0
vt 0 0
vt 0 0
vt 0 0
vt 0 0
vt 0 0
vt 0 0
vt 0 0
vt 0 0
vt 0 0
vt 0 0
vt 0 0
vt 0 0
vt 0 0
vt 0 0
vt 0 0
vt 0 0
vt 0 0
vt 0 0
vt 0 0
vt 0 0
vt 0 0
vt 0 0
vt 0 0
vt 0 0
vt 0 0
vt 0 0
vt 0 0
vt 0 0
vt 0 0
vt 0 0
vt 0 0
vt 0 0
vt 0 0
vt 0 0
vt 0 0
vt 0 0
vt 0 0
vt 0 0
vt 0 0
vt 0 0
vt 0 0
vt 0 0
vt 0 0
vt 0 0
vt 0 0
vt 0 0
vt 0 0
vt 0 0
vt 0 0
vt 0 0
vt 0 0
vt 0 0
vt 0 0
vt 0 0
vt 0 0
vt 0 0
vt 0 0
vt 0 0
vt 0 0
vt 0 0
vt 0 0
vt 0 0
vt 0 0
vt 0 0
vt 0 0
vt 0 0
vt 0 0
vt 0 0
vt 0 0
vt 0 0
vt 0 0
vt 0 0
vt 0 0
vt 0 0
vt 0 0
vt 0 0
vt 0 0
vt 0 0
vt 0 0
vt 0 0
vt 0 0
vt 0 0
vt 0 0
vt 0 0
vt 0 0
vt 0 0
vt 0 0
vt 0 0
vt 0 0
vt 0 0
vt 0 0
vt 0 0
vt 0 0
vt 0 0
vt 0 0
vt 0 0
vt 0 0
vt 0 0
vt 0 0
vt 0 0
vt 0 0
vt 0 0
vt 0 0
vt 0 0
vt 0 0
vt 0 0
vt 0 0
vt 0 0
vt 0 0
vt 0 0
vt 0 0
vt 0 0
vt 0 0
vt 0 0
vt 0 0
vt 0 0
vt 0 0
vt 0 0
vt 0 0
vt 0 0
vt 0 0
vt 0 0
vt 0 0
vt 0 0
vt 0 0
vt 0 0
vt 0 0
vt 0 0
vt 0 0
vt 0 0
vt 0 0
vt 0 0
vt 0 0
vt 0 0
vt 0 0
vt 0 0
vt 0 0
vt 0 0
vt 0 0
vt 0 0
vt 0 0
vt 0 0
vt 0 0
vt 0 0
vt 0 0
vt 0 0
vt 0 0
vt 0 0
vt 0 0
vt 0 0
vt 0 0
vt 0 0
vt 0 0
vt 0 0
vt 0 0
vt 0 0
vt 0 0
vt 0 0
vt 0 0
vt 0 0
vt 0 0
vt 0 0
vt 0 0
vt 0 0
vt 0 0
vt 0 0
vt 0 0
vt 0 0
vt 0 0
vt 0 0
vt 0 0
vt 0 0
vt 0 0
vt 0 0
vt 0 0
vt 0 0
vt 0 0
vt 0 0
vt 0 0
vt 0 0
vt 0 0
vt 0 0
vt 0 0
vt 0 0
vt 0 0
vt 0 0
vt 0 0
vt 0 0
vt 0 0
vt 0 0
vt 0 0
vt 0 0
vt 0 0
vt 0 0
vt 0 0
vt 0 0
vt 0 0
vt 0 0
vt 0 0
vt 0 0
vt 0 0
vt 0 0
vt 0 0
vt 0 0
vt 0 0
vt 0 0
vt 0 0
vt 0 0
vt 0 0
vt 0 0
vt 0 0
vt 0 0
vt 0 0
vt 0 0
vt 0 0
vt 0 0
vt 0 0
vt 0 0
vt 0 0
vt 0 0
vt 0 0
vt 0 0
vt 0 0
vt 0 0
vt 0 0
vt 0 0
vt 0 0
vt 0 0
vt 0 0
vt 0 0
vt 0 0
vt 0 0
vt 0 0
vt 0 0
vt 0 0
vt 0 0
vt 0 0
vt 0 0
vt 0 0
vt 0 0
vt 0 0
vt 0 0
vt 0 0
vt 0 0
vt 0 0
vt 0 0
vt 0 0
vt 0 0
vt 0 0
vt 0 0
vt 0 0
vt 0 0
vt 0 0
vt 0 0
vt 0 0
vt 0 0
vt 0 0
vt 0 0
vt 0 0
vt 0 0
vt 0 0
vt 0 0
vt 0 0
vt 0 0
vt 0 0
vt 0 0
vt 0 0
vt 0 0
vt 0 0
vt 0 0
vt 0 0
vt 0 0
vt 0 0
vt 0 0
vt 0 0
vt 0 0
vt 0 0
vt 0 0
vt 0 0
vt 0 0
vt 0 0
vt 0 0
vt 0 0
vt 0 0
vt 0 0
vt 0 0
vt 0 0
vt 0 0
vt 0 0
vt 0 0
vt 0 0
vt 0 0
vt 0 0
vt 0 0
vt 0 0
vt 0 0
vt 0 0
vt 0 0
vt 0 0
vt 0 0
vt 0 0
vt 0 0
vt 0 0
vt 0 0
vt 0 0
vt 0 0
vt 0 0
vt 0 0
vt 0 0
vt 0 0
vt 0 0
vt 0 0
vt 0 0
vt 0 0
vt 0 0
vt 0 0
vt 0 0
vt 0 0
vt 0 0
vt 0 0
vt 0 0
vt 0 0
vt 0 0
vt 0 0
vt 0 0
vt 0 0
vt 0 0
vt 0 0
vt 0 0
vt 0 0
vt 0 0
vt 0 0
vt 0 0
vt 0 0
vt 0 0
vt 0 0
vt 0 0
vt 0 0
vt 0 0
vt 0 0
vt 0 0
vt 0 0
vt 0 0
vt 0 0
vt 0 0
vt 0 0
vt 0 0
vt 0 0
vt 0 0
vt 0 0
vt 0 0
vt 0 0
vt 0 0
vt 0 0
vt 0 0
vt 0 0
vt 0 0
vt 0 0
vt 0 0
vt 0 0
vt 0 0
vt 0 0
vt 0 0
vt 0 0
vt 0 0
vt 0 0
vt 0 0
vt 0 0
vt 0 0
vt 0 0
vt 0 0
vt 0 0
vt 0 0
vt 0 0
vt 0 0
vt 0 0
vt 0 0
vt 0 0
vt 0 0
vt 0 0
vt 0 0
vt 0 0
vt 0 0
vt 0 0
vt 0 0
vt 0 0
vt 0 0
vt 0 0
vt 0 0
vt 0 0
vt 0 0
vt 0 0
vt 0 0
vt 0 0
vt 0 0
vt 0 0
vt 0 0
vt 0 0
vt 0 0
vt 0 0
vt 0 0
vt 0 0
vt 0 0
vt 0 0
vt 0 0
vt 0 0
vt 0 0
vt 0 0
vt 0 0
vt 0 0
vt 0 0
vt 0 0
vt 0 0
vt 0 0
vt 0 0
vt 0 0
vt 0 0
vt 0 0
vt 0 0
vt 0 0
vt 0 0
vt 0 0
vt 0 0
vt 0 0
vt 0 0
vt 0 0
vt 0 0
vt 0 0
vt 0 0
vt 0 0
vt 0 0
vt 0 0
vt 0 0
vt 0 0
vt 0 0
vt 0 0
vt 0 0
vt 0 0
vt 0 0
vt 0 0
vt 0 0
vt 0 0
vt 0 0
vt 0 0
vt 0 0
vt 0 0
vt 0 0
vt 0 0
vt 0 0
vt 0 0
vt 0 0
vt 0 0
vt 0 0
vt 0 0
vt 0 0
vt 0 0
vt 0 0
vt 0 0
vt 0 0
vt 0 0
vt 0 0
vt 0 0
vt 0 0
vt 0 0
vt 0 0
vt 0 0
vt 0 0
vt 0 0
vt 0 0
vt 0 0
vt 0 0
vt 0 0
vt 0 0
vt 0 0
vt 0 0
vt 0 0
vt 0 0
vt 0 0
vt 0 0
vt 0 0
vt 0 0
vt 0 0
vt 0 0
vt 0 0
vt 0 0
vt 0 0
vt 0 0
vt 0 0
vt 0 0
vt 0 0
vt 0 0
vt 0 0
vt 0 0
vt 0 0
vt 0 0
vt 0 0
vt 0 0
vt 0 0
vt 0 0
vt 0 0
vt 0 0
vt 0 0
vt 0 0
vt 0 0
vt 0 0
vt 0 0
vt 0 0
vt 0 0
vt 0 0
vt 0 0
vt 0 0
vt 0 0
vt 0 0
vt 0 0
vt 0 0
vt 0 0
vt 0 0
vt 0 0
vt 0 0
vt 0 0
vt 0 0
vt 0 0
vt 0 0
vt 0 0
vt 0 0
vt 0 0
vt 0 0
vt 0 0
vt 0 0
vt 0 0
vt 0 0
vt 0 0
vt 0 0
vt 0 0
vt 0 0
vt 0 0
vt 0 0
vt 0 0
vt 0 0
vt 0 0
vt 0 0
vt 0 0
vt 0 0
vt 0 0
vt 0 0
vt 0 0
vt 0 0
vt 0 0
vt 0 0
vt 0 0
vt 0 0
vt 0 0
vt 0 0
vt 0 0
vt 0 0
vt 0 0
vt 0 0
vt 0 0
vt 0 0
vt 0 0
vt 0 0
vt 0 0
vt 0 0
vt 0 0
vt 0 0
vt 0 0
vt 0 0
vt 0 0
vt 0 0
vt 0 0
vt 0 0
vt 0 0
vt 0 0
vt 0 0
vt 0 0
vt 0 0
vt 0 0
vt 0 0
vt 0 0
vt 0 0
vt 0 0
vt 0 0
vt 0 0
vt 0 0
vt 0 0
vt 0 0
vt 0 0
vt 0 0
vt 0 0
vt 0 0
vt 0 0
vt 0 0
vt 0 0
vt 0 0
vt 0 0
vt 0 0
vt 0 0
vt 0 0
vt 0 0
vt 0 0
vt 0 0
vt 0 0
vt 0 0
vt 0 0
vt 0 0
vt 0 0
vt 0 0
vt 0 0
vt 0 0
vt 0 0
vt 0 0
vt 0 0
vt 0 0
vt 0 0
vt 0 0
vt 0 0
vt 0 0
vt 0 0
vt 0 0
vt 0 0
vt 0 0
vt 0 0
vt 0 0
vt 0 0
vt 0 0
vt 0 0
vt 0 0
vt 0 0
vt 0 0
vt 0 0
vt 0 0
vt 0 0
vt 0 0
vt 0 0
vt 0 0
vt 0 0
vt 0 0
vt 0 0
vt 0 0
vt 0 0
vt 0 0
vt 0 0
vt 0 0
vt 0 0
vt 0 0
vt 0 0
vt 0 0
vt 0 0
vt 0 0
vt 0 0
vt 0 0
vt 0 0
vt 0 0
vt 0 0
vt 0 0
vt 0 0
vt 0 0
vt 0 0
vt 0 0
vt 0 0
vt 0 0
vt 0 0
vt 0 0
vt 0 0
vt 0 0
vt 0 0
vt 0 0
vt 0 0
vt 0 0
vt 0 0
vt 0 0
vt 0 0
vt 0 0
vt 0 0
vt 0 0
vt 0 0
vt 0 0
vt 0 0
vt 0 0
vt 0 0
vt 0 0
vt 0 0
vt 0 0
vt 0 0
vt 0 0
vt 0 0
vt 0 0
vt 0 0
vt 0 0
vt 0 0
vt 0 0
vt 0 0
vt 0 0
vt 0 0
vt 0 0
vt 0 0
vt 0 0
vt 0 0
vt 0 0
vt 0 0
vt 0 0
vt 0 0
vt 0 0
vt 0 0
vt 0 0
vt 0 0
vt 0 0
vt 0 0
vt 0 0
vt 0 0
vt 0 0
vt 0 0
vt 0 0
vt 0 0
vt 0 0
vt 0 0
vt 0 0
vt 0 0
vt 0 0
vt 0 0
vt 0 0
vt 0 0
vt 0 0
vt 0 0
vt 0 0
vt 0 0
vt 0 0
vt 0 0
vt 0 0
vt 0 0
vt 0 0
vt 0 0
vt 0 0
vt 0 0
vt 0 0
vt 0 0
vt 0 0
vt 0 0
vt 0 0
vt 0 0
vt 0 0
vt 0 0
vt 0 0
vt 0 0
vt 0 0
vt 0 0
vt 0 0
vt 0 0
vt 0 0
vt 0 0
vt 0 0
vt 0 0
vt 0 0
vt 0 0
vt 0 0
vt 0 0
vt 0 0
vt 0 0
vt 0 0
vt 0 0
vt 0 0
vt 0 0
vt 0 0
vt 0 0
vt 0 0
vt 0 0
vt 0 0
vt 0 0
vt 0 0
vt 0 0
vt 0 0
vt 0 0
vt 0 0
vt 0 0
vt 0 0
vt 0 0
vt 0 0
vt 0 0
vt 0 0
vt 0 0
vt 0 0
vt 0 0
vt 0 0
vt 0 0
vt 0 0
vt 0 0
vt 0 0
vt 0 0
vt 0 0
vt 0 0
vt 0 0
vt 0 0
vt 0 0
vt 0 0
vt 0 0
vt 0 0
vt 0 0
vt 0 0
vt 0 0
vt 0 0
vt 0 0
vt 0 0
vt 0 0
vt 0 0
vt 0 0
vt 0 0
vt 0 0
vt 0 0
vt 0 0
vt 0 0
vt 0 0
vt 0 0
vt 0 0
vt 0 0
vt 0 0
vt 0 0
vt 0 0
vt 0 0
vt 0 0
vt 0 0
vt 0 0
vt 0 0
vt 0 0
vt 0 0
vt 0 0
vt 0 0
vt 0 0
vt 0 0
vt 0 0
vt 0 0
vt 0 0
vt 0 0
vt 0 0
vt 0 0
vt 0 0
vt 0 0
vt 0 0
vt 0 0
vt 0 0
vt 0 0
vt 0 0
vt 0 0
vt 0 0
vt 0 0
vt 0 0
vt 0 0
vt 0 0
vt 0 0
vt 0 0
vt 0 0
vt 0 0

f 3/1/3 2/1/2 1/1/1
f 2/1/2 3/1/3 4/1/4
f 7/1/7 6/1/6 5/1/5
f 7/1/7 9/1/9 8/1/8
f 6/1/6 7/1/7 8/1/8
f 1/1/1 8/1/8 9/1/9
f 1/1/1 9/1/9 3/1/3
f 3/1/3 9/1/9 10/1/10
f 11/1/11 4/1/4 3/1/3
f 11/1/11 3/1/3 12/1/12
f 12/1/12 3/1/3 10/1/10
f 11/1/11 12/1/12 13/1/13
f 16/1/16 15/1/15 14/1/14
f 5/1/5 15/1/15 16/1/16
f 5/1/5 16/1/16 7/1/7
f 7/1/7 16/1/16 17/1/17
f 9/1/9 7/1/7 18/1/18
f 18/1/18 7/1/7 17/1/17
f 10/1/10 9/1/9 19/1/19
f 19/1/19 9/1/9 18/1/18
f 12/1/12 10/1/10 20/1/20
f 20/1/20 10/1/10 19/1/19
f 21/1/21 13/1/13 12/1/12
f 20/1/20 21/1/21 12/1/12
f 24/1/24 23/1/23 22/1/22
f 14/1/14 23/1/23 24/1/24
f 14/1/14 24/1/24 16/1/16
f 16/1/16 24/1/24 25/1/25
f 17/1/17 16/1/16 26/1/26
f 26/1/26 16/1/16 25/1/25
f 18/1/18 17/1/17 27/1/27
f 27/1/27 17/1/17 26/1/26
f 19/1/19 18/1/18 28/1/28
f 28/1/28 18/1/18 27/1/27
f 20/1/20 19/1/19 29/1/29
f 29/1/29 19/1/19 28/1/28
f 30/1/30 21/1/21 20/1/20
f 29/1/29 30/1/30 20/1/20
f 31/1/31 24/1/24 22/1/22
f 32/1/32 31/1/31 22/1/22
f 25/1/25 24/1/24 33/1/33
f 33/1/33 24/1/24 31/1/31
f 26/1/26 25/1/25 34/1/34
f 34/1/34 25/1/25 33/1/33
f 27/1/27 26/1/26 35/1/35
f 35/1/35 26/1/26 34/1/34
f 28/1/28 27/1/27 36/1/36
f 36/1/36 27/1/27 35/1/35
f 29/1/29 28/1/28 37/1/37
f 37/1/37 28/1/28 36/1/36
f 38/1/38 30/1/30 29/1/29
f 37/1/37 38/1/38 29/1/29
f 39/1/39 31/1/31 32/1/32
f 40/1/40 39/1/39 32/1/32
f 33/1/33 31/1/31 41/1/41
f 41/1/41 31/1/31 39/1/39
f 34/1/34 33/1/33 42/1/42
f 42/1/42 33/1/33 41/1/41
f 35/1/35 34/1/34 43/1/43
f 43/1/43 34/1/34 42/1/42
f 36/1/36 35/1/35 44/1/44
f 44/1/44 35/1/35 43/1/43
f 37/1/37 36/1/36 45/1/45
f 45/1/45 36/1/36 44/1/44
f 46/1/46 38/1/38 37/1/37
f 45/1/45 46/1/46 37/1/37
f 39/1/39 40/1/40 47/1/47
f 47/1/47 49/1/49 48/1/48
f 47/1/47 48/1/48 39/1/39
f 39/1/39 48/1/48 41/1/41
f 42/1/42 41/1/41 50/1/50
f 50/1/50 41/1/41 48/1/48
f 43/1/43 42/1/42 51/1/51
f 51/1/51 42/1/42 50/1/50
f 44/1/44 43/1/43 52/1/52
f 52/1/52 43/1/43 51/1/51
f 45/1/45 44/1/44 53/1/53
f 53/1/53 44/1/44 52/1/52
f 54/1/54 46/1/46 45/1/45
f 53/1/53 54/1/54 45/1/45
f 48/1/48 49/1/49 55/1/55
f 55/1/55 57/1/57 56/1/56
f 55/1/55 56/1/56 48/1/48
f 48/1/48 56/1/56 50/1/50
f 51/1/51 50/1/50 58/1/58
f 58/1/58 50/1/50 56/1/56
f 52/1/52 51/1/51 59/1/59
f 59/1/59 51/1/51 58/1/58
f 61/1/61 60/1/60 53/1/53
f 61/1/61 53/1/53 59/1/59
f 59/1/59 53/1/53 52/1/52
f 54/1/54 53/1/53 60/1/60
f 56/1/56 57/1/57 62/1/62
f 58/1/58 56/1/56 62/1/62
f 63/1/63 58/1/58 62/1/62
f 59/1/59 58/1/58 63/1/63
f 64/1/64 59/1/59 63/1/63
f 61/1/61 59/1/59 64/1/64
f 67/1/67 66/1/66 65/1/65
f 67/1/67 69/1/69 68/1/68
f 66/1/66 67/1/67 68/1/68
f 69/1/69 71/1/71 70/1/70
f 68/1/68 69/1/69 70/1/70
f 71/1/71 73/1/73 72/1/72
f 70/1/70 71/1/71 72/1/72
f 72/1/72 73/1/73 74/1/74
f 77/1/77 76/1/76 75/1/75
f 77/1/77 79/1/79 78/1/78
f 76/1/76 77/1/77 78/1/78
f 65/1/65 78/1/78 79/1/79
f 65/1/65 79/1/79 67/1/67
f 67/1/67 79/1/79 80/1/80
f 2/1/2 80/1/80 1/1/1
f 2/1/2 69/1/69 80/1/80
f 69/1/69 67/1/67 80/1/80
f 4/1/4 69/1/69 2/1/2
f 4/1/4 81/1/81 69/1/69
f 81/1/81 71/1/71 69/1/69
f 73/1/73 71/1/71 82/1/82
f 82/1/82 71/1/71 81/1/81
f 83/1/83 74/1/74 73/1/73
f 82/1/82 83/1/83 73/1/73
f 86/1/86 85/1/85 84/1/84
f 75/1/75 85/1/85 86/1/86
f 75/1/75 86/1/86 77/1/77
f 77/1/77 86/1/86 87/1/87
f 6/1/6 87/1/87 5/1/5
f 6/1/6 79/1/79 87/1/87
f 79/1/79 77/1/77 87/1/87
f 8/1/8 79/1/79 6/1/6
f 80/1/80 79/1/79 8/1/8
f 1/1/1 80/1/80 8/1/8
f 4/1/4 11/1/11 81/1/81
f 13/1/13 81/1/81 11/1/11
f 13/1/13 88/1/88 81/1/81
f 88/1/88 82/1/82 81/1/81
f 89/1/89 83/1/83 82/1/82
f 88/1/88 89/1/89 82/1/82
f 90/1/90 86/1/86 84/1/84
f 91/1/91 90/1/90 84/1/84
f 15/1/15 90/1/90 14/1/14
f 15/1/15 87/1/87 90/1/90
f 87/1/87 86/1/86 90/1/90
f 5/1/5 87/1/87 15/1/15
f 88/1/88 21/1/21 92/1/92
f 13/1/13 21/1/21 88/1/88
f 93/1/93 89/1/89 88/1/88
f 92/1/92 93/1/93 88/1/88
f 96/1/96 95/1/95 94/1/94
f 91/1/91 95/1/95 96/1/96
f 90/1/90 91/1/91 96/1/96
f 90/1/90 96/1/96 22/1/22
f 90/1/90 22/1/22 23/1/23
f 14/1/14 90/1/90 23/1/23
f 92/1/92 30/1/30 97/1/97
f 21/1/21 30/1/30 92/1/92
f 98/1/98 93/1/93 92/1/92
f 97/1/97 98/1/98 92/1/92
f 99/1/99 96/1/96 94/1/94
f 100/1/100 99/1/99 94/1/94
f 22/1/22 99/1/99 32/1/32
f 96/1/96 99/1/99 22/1/22
f 97/1/97 38/1/38 101/1/101
f 30/1/30 38/1/38 97/1/97
f 102/1/102 98/1/98 97/1/97
f 101/1/101 102/1/102 97/1/97
f 103/1/103 99/1/99 100/1/100
f 104/1/104 103/1/103 100/1/100
f 32/1/32 103/1/103 40/1/40
f 99/1/99 103/1/103 32/1/32
f 101/1/101 46/1/46 105/1/105
f 38/1/38 46/1/46 101/1/101
f 106/1/106 102/1/102 101/1/101
f 105/1/105 106/1/106 101/1/101
f 103/1/103 104/1/104 107/1/107
f 109/1/109 107/1/107 108/1/108
f 47/1/47 107/1/107 109/1/109
f 47/1/47 103/1/103 107/1/107
f 47/1/47 40/1/40 103/1/103
f 47/1/47 109/1/109 49/1/49
f 105/1/105 54/1/54 110/1/110
f 46/1/46 54/1/54 105/1/105
f 111/1/111 106/1/106 105/1/105
f 110/1/110 111/1/111 105/1/105
f 109/1/109 108/1/108 112/1/112
f 114/1/114 112/1/112 113/1/113
f 55/1/55 112/1/112 114/1/114
f 55/1/55 109/1/109 112/1/112
f 55/1/55 49/1/49 109/1/109
f 55/1/55 114/1/114 57/1/57
f 60/1/60 61/1/61 115/1/115
f 60/1/60 115/1/115 116/1/116
f 54/1/54 60/1/60 116/1/116
f 54/1/54 116/1/116 117/1/117
f 54/1/54 117/1/117 110/1/110
f 111/1/111 110/1/110 117/1/117
f 114/1/114 113/1/113 118/1/118
f 57/1/57 114/1/114 118/1/118
f 57/1/57 118/1/118 62/1/62
f 62/1/62 118/1/118 119/1/119
f 63/1/63 62/1/62 120/1/120
f 62/1/62 119/1/119 120/1/120
f 64/1/64 63/1/63 121/1/121
f 63/1/63 120/1/120 121/1/121
f 115/1/115 61/1/61 64/1/64
f 115/1/115 64/1/64 122/1/122
f 122/1/122 64/1/64 121/1/121
f 116/1/116 115/1/115 122/1/122
f 125/1/125 124/1/124 123/1/123
f 125/1/125 65/1/65 66/1/66
f 125/1/125 66/1/66 124/1/124
f 124/1/124 66/1/66 126/1/126
f 68/1/68 127/1/127 66/1/66
f 66/1/66 127/1/127 126/1/126
f 70/1/70 128/1/128 68/1/68
f 68/1/68 128/1/128 127/1/127
f 72/1/72 129/1/129 70/1/70
f 70/1/70 129/1/129 128/1/128
f 129/1/129 72/1/72 74/1/74
f 130/1/130 129/1/129 74/1/74
f 133/1/133 132/1/132 131/1/131
f 133/1/133 75/1/75 76/1/76
f 133/1/133 76/1/76 132/1/132
f 132/1/132 76/1/76 134/1/134
f 123/1/123 78/1/78 125/1/125
f 123/1/123 134/1/134 78/1/78
f 134/1/134 76/1/76 78/1/78
f 65/1/65 125/1/125 78/1/78
f 136/1/136 83/1/83 135/1/135
f 136/1/136 130/1/130 83/1/83
f 130/1/130 74/1/74 83/1/83
f 136/1/136 135/1/135 137/1/137
f 140/1/140 139/1/139 138/1/138
f 131/1/131 139/1/139 140/1/140
f 133/1/133 131/1/131 140/1/140
f 133/1/133 140/1/140 84/1/84
f 133/1/133 84/1/84 85/1/85
f 75/1/75 133/1/133 85/1/85
f 135/1/135 89/1/89 141/1/141
f 83/1/83 89/1/89 135/1/135
f 142/1/142 137/1/137 135/1/135
f 141/1/141 142/1/142 135/1/135
f 143/1/143 140/1/140 138/1/138
f 144/1/144 143/1/143 138/1/138
f 84/1/84 143/1/143 91/1/91
f 140/1/140 143/1/143 84/1/84
f 141/1/141 93/1/93 145/1/145
f 89/1/89 93/1/93 141/1/141
f 146/1/146 142/1/142 141/1/141
f 145/1/145 146/1/146 141/1/141
f 149/1/149 148/1/148 147/1/147
f 144/1/144 148/1/148 149/1/149
f 143/1/143 144/1/144 149/1/149
f 143/1/143 149/1/149 94/1/94
f 143/1/143 94/1/94 95/1/95
f 91/1/91 143/1/143 95/1/95
f 145/1/145 98/1/98 150/1/150
f 93/1/93 98/1/98 145/1/145
f 151/1/151 146/1/146 145/1/145
f 150/1/150 151/1/151 145/1/145
f 152/1/152 149/1/149 147/1/147
f 153/1/153 152/1/152 147/1/147
f 94/1/94 152/1/152 100/1/100
f 149/1/149 152/1/152 94/1/94
f 150/1/150 102/1/102 154/1/154
f 98/1/98 102/1/102 150/1/150
f 155/1/155 151/1/151 150/1/150
f 154/1/154 155/1/155 150/1/150
f 152/1/152 153/1/153 156/1/156
f 156/1/156 100/1/100 152/1/152
f 156/1/156 157/1/157 100/1/100
f 157/1/157 104/1/104 100/1/100
f 154/1/154 106/1/106 158/1/158
f 102/1/102 106/1/106 154/1/154
f 159/1/159 155/1/155 154/1/154
f 158/1/158 159/1/159 154/1/154
f 160/1/160 107/1/107 104/1/104
f 160/1/160 104/1/104 161/1/161
f 161/1/161 104/1/104 157/1/157
f 107/1/107 160/1/160 108/1/108
f 158/1/158 111/1/111 162/1/162
f 106/1/106 111/1/111 158/1/158
f 163/1/163 159/1/159 158/1/158
f 162/1/162 163/1/163 158/1/158
f 164/1/164 160/1/160 161/1/161
f 165/1/165 164/1/164 161/1/161
f 108/1/108 166/1/166 112/1/112
f 108/1/108 160/1/160 166/1/166
f 160/1/160 164/1/164 166/1/166
f 112/1/112 166/1/166 113/1/113
f 117/1/117 116/1/116 167/1/167
f 117/1/117 167/1/167 168/1/168
f 111/1/111 117/1/117 168/1/168
f 111/1/111 168/1/168 169/1/169
f 111/1/111 169/1/169 162/1/162
f 163/1/163 162/1/162 169/1/169
f 164/1/164 165/1/165 170/1/170
f 170/1/170 172/1/172 171/1/171
f 170/1/170 171/1/171 164/1/164
f 164/1/164 171/1/171 166/1/166
f 113/1/113 173/1/173 118/1/118
f 113/1/113 166/1/166 173/1/173
f 166/1/166 171/1/171 173/1/173
f 118/1/118 174/1/174 119/1/119
f 173/1/173 174/1/174 118/1/118
f 119/1/119 175/1/175 120/1/120
f 174/1/174 175/1/175 119/1/119
f 120/1/120 176/1/176 121/1/121
f 175/1/175 176/1/176 120/1/120
f 121/1/121 177/1/177 122/1/122
f 176/1/176 177/1/177 121/1/121
f 122/1/122 177/1/177 178/1/178
f 116/1/116 122/1/122 178/1/178
f 116/1/116 178/1/178 179/1/179
f 116/1/116 179/1/179 167/1/167
f 168/1/168 167/1/167 179/1/179
f 171/1/171 172/1/172 180/1/180
f 173/1/173 171/1/171 180/1/180
f 181/1/181 173/1/173 180/1/180
f 174/1/174 173/1/173 181/1/181
f 182/1/182 174/1/174 181/1/181
f 175/1/175 174/1/174 182/1/182
f 183/1/183 175/1/175 182/1/182
f 176/1/176 175/1/175 183/1/183
f 184/1/184 176/1/176 183/1/183
f 177/1/177 176/1/176 184/1/184
f 185/1/185 177/1/177 184/1/184
f 178/1/178 177/1/177 185/1/185
f 188/1/188 187/1/187 186/1/186
f 188/1/188 190/1/190 189/1/189
f 187/1/187 188/1/188 189/1/189
f 190/1/190 192/1/192 191/1/191
f 189/1/189 190/1/190 191/1/191
f 192/1/192 194/1/194 193/1/193
f 191/1/191 192/1/192 193/1/193
f 193/1/193 194/1/194 195/1/195
f 198/1/198 197/1/197 196/1/196
f 198/1/198 123/1/123 124/1/124
f 198/1/198 124/1/124 197/1/197
f 197/1/197 124/1/124 199/1/199
f 186/1/186 126/1/126 188/1/188
f 186/1/186 199/1/199 126/1/126
f 199/1/199 124/1/124 126/1/126
f 127/1/127 188/1/188 126/1/126
f 190/1/190 188/1/188 127/1/127
f 128/1/128 190/1/190 127/1/127
f 192/1/192 190/1/190 128/1/128
f 129/1/129 192/1/192 128/1/128
f 194/1/194 192/1/192 129/1/129
f 194/1/194 129/1/129 130/1/130
f 194/1/194 130/1/130 195/1/195
f 195/1/195 130/1/130 200/1/200
f 132/1/132 202/1/202 201/1/201
f 131/1/131 132/1/132 201/1/201
f 196/1/196 134/1/134 198/1/198
f 196/1/196 202/1/202 134/1/134
f 202/1/202 132/1/132 134/1/134
f 123/1/123 198/1/198 134/1/134
f 130/1/130 203/1/203 200/1/200
f 136/1/136 203/1/203 130/1/130
f 203/1/203 136/1/136 137/1/137
f 204/1/204 203/1/203 137/1/137
f 139/1/139 206/1/206 205/1/205
f 138/1/138 139/1/139 205/1/205
f 201/1/201 139/1/139 131/1/131
f 206/1/206 139/1/139 201/1/201
f 137/1/137 142/1/142 204/1/204
f 204/1/204 142/1/142 207/1/207
f 210/1/210 209/1/209 208/1/208
f 210/1/210 205/1/205 209/1/209
f 210/1/210 144/1/144 205/1/205
f 144/1/144 138/1/138 205/1/205
f 142/1/142 146/1/146 207/1/207
f 207/1/207 146/1/146 211/1/211
f 148/1/148 210/1/210 208/1/208
f 148/1/148 208/1/208 147/1/147
f 147/1/147 208/1/208 212/1/212
f 144/1/144 210/1/210 148/1/148
f 146/1/146 151/1/151 211/1/211
f 211/1/211 151/1/151 213/1/213
f 147/1/147 212/1/212 153/1/153
f 212/1/212 214/1/214 153/1/153
f 151/1/151 155/1/155 213/1/213
f 213/1/213 155/1/155 215/1/215
f 216/1/216 156/1/156 153/1/153
f 216/1/216 153/1/153 217/1/217
f 217/1/217 153/1/153 214/1/214
f 156/1/156 216/1/216 157/1/157
f 219/1/219 159/1/159 218/1/218
f 219/1/219 215/1/215 159/1/159
f 215/1/215 155/1/155 159/1/159
f 219/1/219 218/1/218 220/1/220
f 216/1/216 217/1/217 221/1/221
f 221/1/221 157/1/157 216/1/216
f 221/1/221 222/1/222 157/1/157
f 222/1/222 161/1/161 157/1/157
f 218/1/218 163/1/163 223/1/223
f 159/1/159 163/1/163 218/1/218
f 224/1/224 220/1/220 218/1/218
f 224/1/224 218/1/218 225/1/225
f 225/1/225 218/1/218 223/1/223
f 224/1/224 225/1/225 226/1/226
f 161/1/161 222/1/222 165/1/165
f 222/1/222 227/1/227 165/1/165
f 169/1/169 168/1/168 228/1/228
f 169/1/169 223/1/223 163/1/163
f 169/1/169 228/1/228 223/1/223
f 228/1/228 229/1/229 223/1/223
f 225/1/225 223/1/223 230/1/230
f 230/1/230 223/1/223 229/1/229
f 231/1/231 226/1/226 225/1/225
f 230/1/230 231/1/231 225/1/225
f 232/1/232 170/1/170 165/1/165
f 232/1/232 165/1/165 233/1/233
f 233/1/233 165/1/165 227/1/227
f 170/1/170 232/1/232 172/1/172
f 179/1/179 178/1/178 234/1/234
f 179/1/179 228/1/228 168/1/168
f 179/1/179 234/1/234 228/1/228
f 234/1/234 235/1/235 228/1/228
f 237/1/237 236/1/236 229/1/229
f 237/1/237 229/1/229 235/1/235
f 235/1/235 229/1/229 228/1/228
f 230/1/230 229/1/229 236/1/236
f 238/1/238 230/1/230 236/1/236
f 231/1/231 230/1/230 238/1/238
f 232/1/232 233/1/233 239/1/239
f 241/1/241 239/1/239 240/1/240
f 180/1/180 239/1/239 241/1/241
f 180/1/180 232/1/232 239/1/239
f 180/1/180 172/1/172 232/1/232
f 180/1/180 242/1/242 181/1/181
f 241/1/241 242/1/242 180/1/180
f 181/1/181 243/1/243 182/1/182
f 242/1/242 243/1/243 181/1/181
f 182/1/182 244/1/244 183/1/183
f 243/1/243 244/1/244 182/1/182
f 183/1/183 245/1/245 184/1/184
f 244/1/244 245/1/245 183/1/183
f 184/1/184 246/1/246 185/1/185
f 245/1/245 246/1/246 184/1/184
f 185/1/185 234/1/234 178/1/178
f 185/1/185 246/1/246 234/1/234
f 246/1/246 247/1/247 234/1/234
f 249/1/249 248/1/248 235/1/235
f 249/1/249 235/1/235 247/1/247
f 247/1/247 235/1/235 234/1/234
f 237/1/237 235/1/235 248/1/248
f 241/1/241 240/1/240 250/1/250
f 250/1/250 252/1/252 251/1/251
f 250/1/250 251/1/251 241/1/241
f 241/1/241 251/1/251 242/1/242
f 243/1/243 242/1/242 253/1/253
f 253/1/253 242/1/242 251/1/251
f 244/1/244 243/1/243 254/1/254
f 254/1/254 243/1/243 253/1/253
f 256/1/256 255/1/255 245/1/245
f 256/1/256 245/1/245 254/1/254
f 254/1/254 245/1/245 244/1/244
f 246/1/246 245/1/245 255/1/255
f 257/1/257 246/1/246 255/1/255
f 247/1/247 246/1/246 257/1/257
f 258/1/258 247/1/247 257/1/257
f 249/1/249 247/1/247 258/1/258
f 251/1/251 252/1/252 259/1/259
f 253/1/253 251/1/251 259/1/259
f 260/1/260 253/1/253 259/1/259
f 254/1/254 253/1/253 260/1/260
f 261/1/261 254/1/254 260/1/260
f 256/1/256 254/1/254 261/1/261
f 264/1/264 263/1/263 262/1/262
f 264/1/264 186/1/186 187/1/187
f 264/1/264 187/1/187 263/1/263
f 263/1/263 187/1/187 265/1/265
f 189/1/189 266/1/266 187/1/187
f 187/1/187 266/1/266 265/1/265
f 191/1/191 267/1/267 189/1/189
f 189/1/189 267/1/267 266/1/266
f 193/1/193 268/1/268 191/1/191
f 191/1/191 268/1/268 267/1/267
f 268/1/268 193/1/193 195/1/195
f 269/1/269 268/1/268 195/1/195
f 272/1/272 271/1/271 270/1/270
f 272/1/272 196/1/196 197/1/197
f 272/1/272 197/1/197 271/1/271
f 271/1/271 197/1/197 273/1/273
f 262/1/262 199/1/199 264/1/264
f 262/1/262 273/1/273 199/1/199
f 273/1/273 197/1/197 199/1/199
f 186/1/186 264/1/264 199/1/199
f 275/1/275 200/1/200 274/1/274
f 275/1/275 269/1/269 200/1/200
f 269/1/269 195/1/195 200/1/200
f 275/1/275 274/1/274 276/1/276
f 279/1/279 278/1/278 277/1/277
f 270/1/270 278/1/278 279/1/279
f 272/1/272 270/1/270 279/1/279
f 272/1/272 279/1/279 201/1/201
f 272/1/272 201/1/201 202/1/202
f 196/1/196 272/1/272 202/1/202
f 200/1/200 203/1/203 274/1/274
f 274/1/274 203/1/203 204/1/204
f 274/1/274 204/1/204 276/1/276
f 276/1/276 204/1/204 280/1/280
f 283/1/283 282/1/282 281/1/281
f 277/1/277 282/1/282 283/1/283
f 279/1/279 277/1/277 283/1/283
f 279/1/279 283/1/283 205/1/205
f 279/1/279 205/1/205 206/1/206
f 201/1/201 279/1/279 206/1/206
f 204/1/204 207/1/207 280/1/280
f 280/1/280 207/1/207 284/1/284
f 287/1/287 286/1/286 285/1/285
f 281/1/281 286/1/286 287/1/287
f 283/1/283 281/1/281 287/1/287
f 283/1/283 287/1/287 208/1/208
f 283/1/283 208/1/208 209/1/209
f 205/1/205 283/1/283 209/1/209
f 207/1/207 211/1/211 284/1/284
f 284/1/284 211/1/211 288/1/288
f 289/1/289 287/1/287 285/1/285
f 290/1/290 289/1/289 285/1/285
f 208/1/208 289/1/289 212/1/212
f 287/1/287 289/1/289 208/1/208
f 211/1/211 213/1/213 288/1/288
f 288/1/288 213/1/213 291/1/291
f 292/1/292 289/1/289 290/1/290
f 293/1/293 292/1/292 290/1/290
f 212/1/212 292/1/292 214/1/214
f 289/1/289 292/1/292 212/1/212
f 295/1/295 215/1/215 294/1/294
f 295/1/295 291/1/291 215/1/215
f 291/1/291 213/1/213 215/1/215
f 295/1/295 294/1/294 296/1/296
f 297/1/297 292/1/292 293/1/293
f 298/1/298 297/1/297 293/1/293
f 214/1/214 297/1/297 217/1/217
f 292/1/292 297/1/297 214/1/214
f 215/1/215 219/1/219 294/1/294
f 294/1/294 219/1/219 220/1/220
f 294/1/294 220/1/220 296/1/296
f 296/1/296 220/1/220 299/1/299
f 297/1/297 298/1/298 300/1/300
f 302/1/302 300/1/300 301/1/301
f 221/1/221 300/1/300 302/1/302
f 221/1/221 297/1/297 300/1/300
f 221/1/221 217/1/217 297/1/297
f 221/1/221 302/1/302 222/1/222
f 220/1/220 303/1/303 299/1/299
f 224/1/224 303/1/303 220/1/220
f 303/1/303 224/1/224 226/1/226
f 304/1/304 303/1/303 226/1/226
f 305/1/305 302/1/302 301/1/301
f 306/1/306 305/1/305 301/1/301
f 222/1/222 305/1/305 227/1/227
f 302/1/302 305/1/305 222/1/222
f 226/1/226 231/1/231 304/1/304
f 304/1/304 231/1/231 307/1/307
f 308/1/308 305/1/305 306/1/306
f 309/1/309 308/1/308 306/1/306
f 227/1/227 308/1/308 233/1/233
f 305/1/305 308/1/308 227/1/227
f 236/1/236 237/1/237 310/1/310
f 311/1/311 236/1/236 310/1/310
f 311/1/311 312/1/312 236/1/236
f 312/1/312 238/1/238 236/1/236
f 307/1/307 231/1/231 238/1/238
f 312/1/312 307/1/307 238/1/238
f 308/1/308 309/1/309 313/1/313
f 315/1/315 313/1/313 314/1/314
f 239/1/239 313/1/313 315/1/315
f 239/1/239 308/1/308 313/1/313
f 239/1/239 233/1/233 308/1/308
f 239/1/239 315/1/315 240/1/240
f 248/1/248 249/1/249 316/1/316
f 248/1/248 316/1/316 317/1/317
f 237/1/237 248/1/248 317/1/317
f 237/1/237 317/1/317 318/1/318
f 237/1/237 318/1/318 310/1/310
f 311/1/311 310/1/310 318/1/318
f 315/1/315 314/1/314 319/1/319
f 321/1/321 319/1/319 320/1/320
f 250/1/250 319/1/319 321/1/321
f 250/1/250 315/1/315 319/1/319
f 250/1/250 240/1/240 315/1/315
f 250/1/250 321/1/321 252/1/252
f 255/1/255 323/1/323 322/1/322
f 256/1/256 323/1/323 255/1/255
f 257/1/257 255/1/255 324/1/324
f 255/1/255 322/1/322 324/1/324
f 258/1/258 257/1/257 325/1/325
f 257/1/257 324/1/324 325/1/325
f 316/1/316 249/1/249 258/1/258
f 316/1/316 258/1/258 326/1/326
f 326/1/326 258/1/258 325/1/325
f 317/1/317 316/1/316 326/1/326
f 321/1/321 320/1/320 327/1/327
f 252/1/252 321/1/321 327/1/327
f 252/1/252 327/1/327 259/1/259
f 259/1/259 327/1/327 328/1/328
f 260/1/260 259/1/259 329/1/329
f 259/1/259 328/1/328 329/1/329
f 261/1/261 260/1/260 330/1/330
f 260/1/260 329/1/329 330/1/330
f 323/1/323 256/1/256 261/1/261
f 330/1/330 323/1/323 261/1/261
f 333/1/333 332/1/332 331/1/331
f 333/1/333 335/1/335 334/1/334
f 332/1/332 333/1/333 334/1/334
f 335/1/335 337/1/337 336/1/336
f 334/1/334 335/1/335 336/1/336
f 337/1/337 339/1/339 338/1/338
f 336/1/336 337/1/337 338/1/338
f 339/1/339 341/1/341 340/1/340
f 338/1/338 339/1/339 340/1/340
f 340/1/340 341/1/341 342/1/342
f 345/1/345 344/1/344 343/1/343
f 345/1/345 347/1/347 346/1/346
f 344/1/344 345/1/345 346/1/346
f 331/1/331 346/1/346 347/1/347
f 333/1/333 331/1/331 347/1/347
f 333/1/333 347/1/347 262/1/262
f 333/1/333 262/1/262 263/1/263
f 265/1/265 333/1/333 263/1/263
f 335/1/335 333/1/333 265/1/265
f 266/1/266 335/1/335 265/1/265
f 337/1/337 335/1/335 266/1/266
f 267/1/267 337/1/337 266/1/266
f 339/1/339 337/1/337 267/1/267
f 268/1/268 339/1/339 267/1/267
f 341/1/341 339/1/339 268/1/268
f 269/1/269 349/1/349 348/1/348
f 268/1/268 269/1/269 348/1/348
f 268/1/268 348/1/348 342/1/342
f 268/1/268 342/1/342 341/1/341
f 348/1/348 349/1/349 350/1/350
f 353/1/353 352/1/352 351/1/351
f 343/1/343 352/1/352 353/1/353
f 345/1/345 343/1/343 353/1/353
f 345/1/345 353/1/353 270/1/270
f 345/1/345 270/1/270 271/1/271
f 273/1/273 345/1/345 271/1/271
f 347/1/347 345/1/345 273/1/273
f 262/1/262 347/1/347 273/1/273
f 269/1/269 275/1/275 349/1/349
f 349/1/349 275/1/275 276/1/276
f 349/1/349 276/1/276 350/1/350
f 350/1/350 276/1/276 354/1/354
f 357/1/357 356/1/356 355/1/355
f 351/1/351 356/1/356 357/1/357
f 353/1/353 351/1/351 357/1/357
f 353/1/353 357/1/357 277/1/277
f 353/1/353 277/1/277 278/1/278
f 270/1/270 353/1/353 278/1/278
f 276/1/276 280/1/280 354/1/354
f 354/1/354 280/1/280 358/1/358
f 361/1/361 360/1/360 359/1/359
f 355/1/355 360/1/360 361/1/361
f 357/1/357 355/1/355 361/1/361
f 357/1/357 361/1/361 281/1/281
f 357/1/357 281/1/281 282/1/282
f 277/1/277 357/1/357 282/1/282
f 280/1/280 284/1/284 358/1/358
f 358/1/358 284/1/284 362/1/362
f 365/1/365 364/1/364 363/1/363
f 359/1/359 364/1/364 365/1/365
f 361/1/361 359/1/359 365/1/365
f 361/1/361 365/1/365 285/1/285
f 361/1/361 285/1/285 286/1/286
f 281/1/281 361/1/361 286/1/286
f 284/1/284 288/1/288 362/1/362
f 362/1/362 288/1/288 366/1/366
f 367/1/367 365/1/365 363/1/363
f 368/1/368 367/1/367 363/1/363
f 285/1/285 367/1/367 290/1/290
f 365/1/365 367/1/367 285/1/285
f 288/1/288 291/1/291 366/1/366
f 366/1/366 291/1/291 369/1/369
f 370/1/370 367/1/367 368/1/368
f 371/1/371 370/1/370 368/1/368
f 290/1/290 370/1/370 293/1/293
f 367/1/367 370/1/370 290/1/290
f 291/1/291 372/1/372 369/1/369
f 295/1/295 372/1/372 291/1/291
f 372/1/372 295/1/295 296/1/296
f 373/1/373 372/1/372 296/1/296
f 374/1/374 370/1/370 371/1/371
f 375/1/375 374/1/374 371/1/371
f 293/1/293 374/1/374 298/1/298
f 370/1/370 374/1/374 293/1/293
f 296/1/296 299/1/299 373/1/373
f 373/1/373 299/1/299 376/1/376
f 374/1/374 375/1/375 377/1/377
f 379/1/379 377/1/377 378/1/378
f 300/1/300 377/1/377 379/1/379
f 300/1/300 374/1/374 377/1/377
f 300/1/300 298/1/298 374/1/374
f 300/1/300 379/1/379 301/1/301
f 299/1/299 380/1/380 376/1/376
f 303/1/303 380/1/380 299/1/299
f 380/1/380 303/1/303 304/1/304
f 381/1/381 380/1/380 304/1/304
f 382/1/382 379/1/379 378/1/378
f 383/1/383 382/1/382 378/1/378
f 301/1/301 382/1/382 306/1/306
f 379/1/379 382/1/382 301/1/301
f 304/1/304 307/1/307 381/1/381
f 381/1/381 307/1/307 384/1/384
f 382/1/382 383/1/383 385/1/385
f 385/1/385 306/1/306 382/1/382
f 385/1/385 386/1/386 306/1/306
f 386/1/386 309/1/309 306/1/306
f 312/1/312 388/1/388 387/1/387
f 311/1/311 388/1/388 312/1/312
f 384/1/384 307/1/307 312/1/312
f 387/1/387 384/1/384 312/1/312
f 309/1/309 386/1/386 389/1/389
f 313/1/313 309/1/309 389/1/389
f 389/1/389 314/1/314 313/1/313
f 390/1/390 314/1/314 389/1/389
f 393/1/393 392/1/392 391/1/391
f 393/1/393 318/1/318 317/1/317
f 393/1/393 391/1/391 318/1/318
f 391/1/391 394/1/394 318/1/318
f 388/1/388 311/1/311 318/1/318
f 394/1/394 388/1/388 318/1/318
f 314/1/314 390/1/390 395/1/395
f 319/1/319 314/1/314 395/1/395
f 395/1/395 320/1/320 319/1/319
f 396/1/396 320/1/320 395/1/395
f 322/1/322 398/1/398 397/1/397
f 323/1/323 398/1/398 322/1/322
f 324/1/324 322/1/322 399/1/399
f 322/1/322 397/1/397 399/1/399
f 325/1/325 324/1/324 400/1/400
f 324/1/324 399/1/399 400/1/400
f 392/1/392 393/1/393 326/1/326
f 392/1/392 326/1/326 400/1/400
f 400/1/400 326/1/326 325/1/325
f 317/1/317 326/1/326 393/1/393
f 320/1/320 396/1/396 401/1/401
f 327/1/327 320/1/320 401/1/401
f 328/1/328 327/1/327 402/1/402
f 327/1/327 401/1/401 402/1/402
f 329/1/329 328/1/328 403/1/403
f 328/1/328 402/1/402 403/1/403
f 330/1/330 329/1/329 404/1/404
f 329/1/329 403/1/403 404/1/404
f 398/1/398 323/1/323 330/1/330
f 404/1/404 398/1/398 330/1/330
f 407/1/407 406/1/406 405/1/405
f 407/1/407 409/1/409 408/1/408
f 406/1/406 407/1/407 408/1/408
f 409/1/409 411/1/411 410/1/410
f 408/1/408 409/1/409 410/1/410
f 411/1/411 331/1/331 332/1/332
f 411/1/411 332/1/332 410/1/410
f 410/1/410 332/1/332 412/1/412
f 334/1/334 413/1/413 332/1/332
f 332/1/332 413/1/413 412/1/412
f 336/1/336 414/1/414 334/1/334
f 334/1/334 414/1/414 413/1/413
f 338/1/338 415/1/415 336/1/336
f 336/1/336 415/1/415 414/1/414
f 340/1/340 416/1/416 338/1/338
f 338/1/338 416/1/416 415/1/415
f 416/1/416 340/1/340 342/1/342
f 417/1/417 416/1/416 342/1/342
f 418/1/418 407/1/407 405/1/405
f 419/1/419 418/1/418 405/1/405
f 344/1/344 418/1/418 343/1/343
f 344/1/344 409/1/409 418/1/418
f 409/1/409 407/1/407 418/1/418
f 346/1/346 409/1/409 344/1/344
f 411/1/411 409/1/409 346/1/346
f 331/1/331 411/1/411 346/1/346
f 342/1/342 420/1/420 417/1/417
f 348/1/348 420/1/420 342/1/342
f 420/1/420 348/1/348 350/1/350
f 421/1/421 420/1/420 350/1/350
f 424/1/424 423/1/423 422/1/422
f 419/1/419 423/1/423 424/1/424
f 418/1/418 419/1/419 424/1/424
f 418/1/418 424/1/424 351/1/351
f 418/1/418 351/1/351 352/1/352
f 343/1/343 418/1/418 352/1/352
f 350/1/350 354/1/354 421/1/421
f 421/1/421 354/1/354 425/1/425
f 356/1/356 424/1/424 422/1/422
f 356/1/356 422/1/422 355/1/355
f 355/1/355 422/1/422 426/1/426
f 351/1/351 424/1/424 356/1/356
f 354/1/354 358/1/358 425/1/425
f 425/1/425 358/1/358 427/1/427
f 430/1/430 429/1/429 428/1/428
f 430/1/430 359/1/359 360/1/360
f 430/1/430 360/1/360 429/1/429
f 429/1/429 360/1/360 431/1/431
f 426/1/426 360/1/360 355/1/355
f 431/1/431 360/1/360 426/1/426
f 358/1/358 362/1/362 427/1/427
f 427/1/427 362/1/362 432/1/432
f 364/1/364 430/1/430 428/1/428
f 364/1/364 428/1/428 363/1/363
f 363/1/363 428/1/428 433/1/433
f 359/1/359 430/1/430 364/1/364
f 362/1/362 366/1/366 432/1/432
f 432/1/432 366/1/366 434/1/434
f 437/1/437 436/1/436 435/1/435
f 437/1/437 433/1/433 436/1/436
f 437/1/437 368/1/368 433/1/433
f 368/1/368 363/1/363 433/1/433
f 439/1/439 369/1/369 438/1/438
f 439/1/439 434/1/434 369/1/369
f 434/1/434 366/1/366 369/1/369
f 439/1/439 438/1/438 440/1/440
f 441/1/441 437/1/437 435/1/435
f 442/1/442 441/1/441 435/1/435
f 368/1/368 441/1/441 371/1/371
f 437/1/437 441/1/441 368/1/368
f 369/1/369 372/1/372 438/1/438
f 438/1/438 372/1/372 373/1/373
f 438/1/438 373/1/373 440/1/440
f 440/1/440 373/1/373 443/1/443
f 441/1/441 442/1/442 444/1/444
f 444/1/444 371/1/371 441/1/441
f 444/1/444 445/1/445 371/1/371
f 445/1/445 375/1/375 371/1/371
f 373/1/373 376/1/376 443/1/443
f 443/1/443 376/1/376 446/1/446
f 447/1/447 377/1/377 375/1/375
f 447/1/447 375/1/375 448/1/448
f 448/1/448 375/1/375 445/1/445
f 377/1/377 447/1/447 378/1/378
f 449/1/449 376/1/376 380/1/380
f 449/1/449 450/1/450 376/1/376
f 450/1/450 446/1/446 376/1/376
f 380/1/380 381/1/381 449/1/449
f 447/1/447 448/1/448 451/1/451
f 451/1/451 378/1/378 447/1/447
f 451/1/451 452/1/452 378/1/378
f 452/1/452 383/1/383 378/1/378
f 453/1/453 450/1/450 449/1/449
f 454/1/454 450/1/450 453/1/453
f 381/1/381 384/1/384 453/1/453
f 449/1/449 381/1/381 453/1/453
f 383/1/383 452/1/452 455/1/455
f 385/1/385 383/1/383 455/1/455
f 455/1/455 386/1/386 385/1/385
f 456/1/456 386/1/386 455/1/455
f 459/1/459 458/1/458 457/1/457
f 454/1/454 459/1/459 457/1/457
f 453/1/453 459/1/459 454/1/454
f 453/1/453 388/1/388 459/1/459
f 453/1/453 387/1/387 388/1/388
f 384/1/384 387/1/387 453/1/453
f 460/1/460 389/1/389 386/1/386
f 460/1/460 386/1/386 461/1/461
f 461/1/461 386/1/386 456/1/456
f 389/1/389 460/1/460 390/1/390
f 391/1/391 463/1/463 462/1/462
f 392/1/392 463/1/463 391/1/391
f 458/1/458 459/1/459 394/1/394
f 458/1/458 394/1/394 462/1/462
f 462/1/462 394/1/394 391/1/391
f 388/1/388 394/1/394 459/1/459
f 460/1/460 461/1/461 464/1/464
f 466/1/466 464/1/464 465/1/465
f 395/1/395 464/1/464 466/1/466
f 395/1/395 460/1/460 464/1/464
f 395/1/395 390/1/390 460/1/460
f 395/1/395 466/1/466 396/1/396
f 397/1/397 468/1/468 467/1/467
f 398/1/398 468/1/468 397/1/397
f 399/1/399 397/1/397 469/1/469
f 397/1/397 467/1/467 469/1/469
f 400/1/400 399/1/399 470/1/470
f 399/1/399 469/1/469 470/1/470
f 463/1/463 392/1/392 400/1/400
f 470/1/470 463/1/463 400/1/400
f 466/1/466 465/1/465 471/1/471
f 396/1/396 466/1/466 471/1/471
f 396/1/396 471/1/471 401/1/401
f 401/1/401 471/1/471 472/1/472
f 402/1/402 401/1/401 473/1/473
f 401/1/401 472/1/472 473/1/473
f 403/1/403 402/1/402 474/1/474
f 402/1/402 473/1/473 474/1/474
f 404/1/404 403/1/403 475/1/475
f 403/1/403 474/1/474 475/1/475
f 468/1/468 398/1/398 404/1/404
f 475/1/475 468/1/468 404/1/404
f 478/1/478 477/1/477 476/1/476
f 478/1/478 480/1/480 479/1/479
f 477/1/477 478/1/478 479/1/479
f 480/1/480 482/1/482 481/1/481
f 479/1/479 480/1/480 481/1/481
f 482/1/482 484/1/484 483/1/483
f 481/1/481 482/1/482 483/1/483
f 484/1/484 486/1/486 485/1/485
f 483/1/483 484/1/484 485/1/485
f 485/1/485 486/1/486 487/1/487
f 406/1/406 489/1/489 488/1/488
f 405/1/405 406/1/406 488/1/488
f 476/1/476 408/1/408 478/1/478
f 476/1/476 489/1/489 408/1/408
f 489/1/489 406/1/406 408/1/408
f 410/1/410 478/1/478 408/1/408
f 480/1/480 478/1/478 410/1/410
f 412/1/412 480/1/480 410/1/410
f 482/1/482 480/1/480 412/1/412
f 413/1/413 482/1/482 412/1/412
f 484/1/484 482/1/482 413/1/413
f 414/1/414 484/1/484 413/1/413
f 486/1/486 484/1/484 414/1/414
f 486/1/486 490/1/490 487/1/487
f 486/1/486 414/1/414 490/1/490
f 414/1/414 415/1/415 490/1/490
f 416/1/416 491/1/491 415/1/415
f 415/1/415 491/1/491 490/1/490
f 491/1/491 416/1/416 417/1/417
f 492/1/492 491/1/491 417/1/417
f 405/1/405 488/1/488 419/1/419
f 488/1/488 493/1/493 419/1/419
f 417/1/417 494/1/494 492/1/492
f 420/1/420 494/1/494 417/1/417
f 494/1/494 420/1/420 421/1/421
f 495/1/495 494/1/494 421/1/421
f 423/1/423 497/1/497 496/1/496
f 422/1/422 423/1/423 496/1/496
f 493/1/493 423/1/423 419/1/419
f 497/1/497 423/1/423 493/1/493
f 421/1/421 425/1/425 495/1/495
f 495/1/495 425/1/425 498/1/498
f 501/1/501 500/1/500 499/1/499
f 501/1/501 496/1/496 500/1/500
f 501/1/501 426/1/426 496/1/496
f 426/1/426 422/1/422 496/1/496
f 425/1/425 427/1/427 498/1/498
f 498/1/498 427/1/427 502/1/502
f 429/1/429 504/1/504 503/1/503
f 428/1/428 429/1/429 503/1/503
f 499/1/499 431/1/431 501/1/501
f 499/1/499 504/1/504 431/1/431
f 504/1/504 429/1/429 431/1/431
f 426/1/426 501/1/501 431/1/431
f 427/1/427 432/1/432 502/1/502
f 502/1/502 432/1/432 505/1/505
f 428/1/428 503/1/503 433/1/433
f 503/1/503 506/1/506 433/1/433
f 432/1/432 434/1/434 505/1/505
f 505/1/505 434/1/434 507/1/507
f 436/1/436 509/1/509 508/1/508
f 435/1/435 436/1/436 508/1/508
f 506/1/506 436/1/436 433/1/433
f 509/1/509 436/1/436 506/1/506
f 434/1/434 510/1/510 507/1/507
f 439/1/439 510/1/510 434/1/434
f 510/1/510 439/1/439 440/1/440
f 511/1/511 510/1/510 440/1/440
f 435/1/435 508/1/508 442/1/442
f 508/1/508 512/1/512 442/1/442
f 440/1/440 443/1/443 511/1/511
f 511/1/511 443/1/443 513/1/513
f 442/1/442 512/1/512 514/1/514
f 444/1/444 442/1/442 514/1/514
f 514/1/514 445/1/445 444/1/444
f 515/1/515 445/1/445 514/1/514
f 443/1/443 446/1/446 513/1/513
f 513/1/513 446/1/446 516/1/516
f 445/1/445 515/1/515 448/1/448
f 515/1/515 517/1/517 448/1/448
f 446/1/446 450/1/450 516/1/516
f 516/1/516 450/1/450 518/1/518
f 519/1/519 451/1/451 448/1/448
f 519/1/519 448/1/448 520/1/520
f 520/1/520 448/1/448 517/1/517
f 451/1/451 519/1/519 452/1/452
f 523/1/523 522/1/522 521/1/521
f 523/1/523 521/1/521 518/1/518
f 523/1/523 518/1/518 454/1/454
f 454/1/454 518/1/518 450/1/450
f 519/1/519 520/1/520 524/1/524
f 526/1/526 524/1/524 525/1/525
f 455/1/455 524/1/524 526/1/526
f 455/1/455 519/1/519 524/1/524
f 455/1/455 452/1/452 519/1/519
f 455/1/455 526/1/526 456/1/456
f 529/1/529 528/1/528 527/1/527
f 522/1/522 529/1/529 527/1/527
f 523/1/523 529/1/529 522/1/522
f 523/1/523 458/1/458 529/1/529
f 523/1/523 457/1/457 458/1/458
f 454/1/454 457/1/457 523/1/523
f 526/1/526 525/1/525 530/1/530
f 526/1/526 461/1/461 456/1/456
f 526/1/526 531/1/531 461/1/461
f 526/1/526 530/1/530 531/1/531
f 532/1/532 461/1/461 531/1/531
f 531/1/531 533/1/533 532/1/532
f 536/1/536 535/1/535 534/1/534
f 536/1/536 538/1/538 537/1/537
f 534/1/534 538/1/538 536/1/536
f 528/1/528 537/1/537 538/1/538
f 529/1/529 537/1/537 528/1/528
f 529/1/529 463/1/463 537/1/537
f 529/1/529 462/1/462 463/1/463
f 458/1/458 462/1/462 529/1/529
f 461/1/461 532/1/532 464/1/464
f 465/1/465 540/1/540 539/1/539
f 464/1/464 540/1/540 465/1/465
f 464/1/464 533/1/533 540/1/540
f 464/1/464 532/1/532 533/1/533
f 540/1/540 541/1/541 539/1/539
f 544/1/544 543/1/543 542/1/542
f 544/1/544 467/1/467 468/1/468
f 544/1/544 542/1/542 467/1/467
f 542/1/542 545/1/545 467/1/467
f 535/1/535 536/1/536 469/1/469
f 535/1/535 469/1/469 545/1/545
f 545/1/545 469/1/469 467/1/467
f 470/1/470 469/1/469 536/1/536
f 537/1/537 470/1/470 536/1/536
f 463/1/463 470/1/470 537/1/537
f 465/1/465 539/1/539 471/1/471
f 539/1/539 541/1/541 546/1/546
f 539/1/539 546/1/546 471/1/471
f 471/1/471 546/1/546 472/1/472
f 473/1/473 472/1/472 547/1/547
f 472/1/472 546/1/546 547/1/547
f 474/1/474 473/1/473 548/1/548
f 473/1/473 547/1/547 548/1/548
f 543/1/543 544/1/544 475/1/475
f 543/1/543 475/1/475 548/1/548
f 548/1/548 475/1/475 474/1/474
f 468/1/468 475/1/475 544/1/544
f 477/1/477 550/1/550 549/1/549
f 476/1/476 477/1/477 549/1/549
f 479/1/479 551/1/551 477/1/477
f 477/1/477 551/1/551 550/1/550
f 481/1/481 552/1/552 479/1/479
f 479/1/479 552/1/552 551/1/551
f 483/1/483 553/1/553 481/1/481
f 481/1/481 553/1/553 552/1/552
f 555/1/555 554/1/554 553/1/553
f 555/1/555 553/1/553 485/1/485
f 485/1/485 553/1/553 483/1/483
f 485/1/485 487/1/487 555/1/555
f 489/1/489 557/1/557 556/1/556
f 488/1/488 489/1/489 556/1/556
f 549/1/549 489/1/489 476/1/476
f 557/1/557 489/1/489 549/1/549
f 555/1/555 558/1/558 554/1/554
f 487/1/487 558/1/558 555/1/555
f 487/1/487 490/1/490 558/1/558
f 490/1/490 559/1/559 558/1/558
f 561/1/561 560/1/560 559/1/559
f 561/1/561 559/1/559 491/1/491
f 491/1/491 559/1/559 490/1/490
f 491/1/491 492/1/492 561/1/561
f 488/1/488 556/1/556 493/1/493
f 556/1/556 562/1/562 493/1/493
f 561/1/561 563/1/563 560/1/560
f 565/1/565 564/1/564 563/1/563
f 494/1/494 565/1/565 563/1/563
f 494/1/494 563/1/563 561/1/561
f 494/1/494 561/1/561 492/1/492
f 494/1/494 495/1/495 565/1/565
f 497/1/497 567/1/567 566/1/566
f 496/1/496 497/1/497 566/1/566
f 562/1/562 497/1/497 493/1/493
f 567/1/567 497/1/497 562/1/562
f 568/1/568 564/1/564 565/1/565
f 569/1/569 564/1/564 568/1/568
f 495/1/495 498/1/498 568/1/568
f 565/1/565 495/1/495 568/1/568
f 500/1/500 571/1/571 570/1/570
f 499/1/499 500/1/500 570/1/570
f 566/1/566 500/1/500 496/1/496
f 571/1/571 500/1/500 566/1/566
f 568/1/568 572/1/572 569/1/569
f 572/1/572 568/1/568 498/1/498
f 572/1/572 498/1/498 573/1/573
f 573/1/573 498/1/498 502/1/502
f 504/1/504 575/1/575 574/1/574
f 503/1/503 504/1/504 574/1/574
f 570/1/570 504/1/504 499/1/499
f 575/1/575 504/1/504 570/1/570
f 502/1/502 505/1/505 573/1/573
f 573/1/573 505/1/505 576/1/576
f 503/1/503 574/1/574 506/1/506
f 574/1/574 577/1/577 506/1/506
f 505/1/505 507/1/507 576/1/576
f 576/1/576 507/1/507 578/1/578
f 509/1/509 580/1/580 579/1/579
f 508/1/508 509/1/509 579/1/579
f 577/1/577 509/1/509 506/1/506
f 580/1/580 509/1/509 577/1/577
f 581/1/581 507/1/507 510/1/510
f 581/1/581 582/1/582 507/1/507
f 582/1/582 578/1/578 507/1/507
f 510/1/510 511/1/511 581/1/581
f 508/1/508 579/1/579 512/1/512
f 579/1/579 583/1/583 512/1/512
f 581/1/581 584/1/584 582/1/582
f 584/1/584 581/1/581 511/1/511
f 584/1/584 511/1/511 585/1/585
f 585/1/585 511/1/511 513/1/513
f 586/1/586 514/1/514 512/1/512
f 586/1/586 512/1/512 587/1/587
f 587/1/587 512/1/512 583/1/583
f 514/1/514 586/1/586 515/1/515
f 513/1/513 516/1/516 585/1/585
f 585/1/585 516/1/516 588/1/588
f 586/1/586 587/1/587 589/1/589
f 589/1/589 515/1/515 586/1/586
f 589/1/589 590/1/590 515/1/515
f 590/1/590 517/1/517 515/1/515
f 516/1/516 518/1/518 588/1/588
f 588/1/588 518/1/518 591/1/591
f 517/1/517 590/1/590 520/1/520
f 590/1/590 592/1/592 520/1/520
f 521/1/521 594/1/594 593/1/593
f 522/1/522 594/1/594 521/1/521
f 591/1/591 518/1/518 521/1/521
f 593/1/593 591/1/591 521/1/521
f 520/1/520 592/1/592 595/1/595
f 524/1/524 520/1/520 595/1/595
f 595/1/595 525/1/525 524/1/524
f 596/1/596 525/1/525 595/1/595
f 599/1/599 598/1/598 597/1/597
f 599/1/599 527/1/527 528/1/528
f 599/1/599 597/1/597 527/1/527
f 597/1/597 600/1/600 527/1/527
f 594/1/594 522/1/522 527/1/527
f 600/1/600 594/1/594 527/1/527
f 525/1/525 596/1/596 601/1/601
f 530/1/530 525/1/525 601/1/601
f 531/1/531 530/1/530 602/1/602
f 530/1/530 601/1/601 602/1/602
f 602/1/602 533/1/533 531/1/531
f 603/1/603 533/1/533 602/1/602
f 606/1/606 605/1/605 604/1/604
f 606/1/606 534/1/534 535/1/535
f 606/1/606 604/1/604 534/1/534
f 604/1/604 607/1/607 534/1/534
f 598/1/598 599/1/599 538/1/538
f 598/1/598 538/1/538 607/1/607
f 607/1/607 538/1/538 534/1/534
f 528/1/528 538/1/538 599/1/599
f 533/1/533 603/1/603 608/1/608
f 540/1/540 533/1/533 608/1/608
f 541/1/541 610/1/610 609/1/609
f 541/1/541 540/1/540 610/1/610
f 540/1/540 608/1/608 610/1/610
f 609/1/609 612/1/612 611/1/611
f 610/1/610 612/1/612 609/1/609
f 611/1/611 614/1/614 613/1/613
f 612/1/612 614/1/614 611/1/611
f 613/1/613 542/1/542 543/1/543
f 613/1/613 614/1/614 542/1/542
f 614/1/614 615/1/615 542/1/542
f 605/1/605 606/1/606 545/1/545
f 605/1/605 545/1/545 615/1/615
f 615/1/615 545/1/545 542/1/542
f 535/1/535 545/1/545 606/1/606
f 541/1/541 609/1/609 546/1/546
f 547/1/547 546/1/546 609/1/609
f 611/1/611 547/1/547 609/1/609
f 548/1/548 547/1/547 611/1/611
f 613/1/613 548/1/548 611/1/611
f 543/1/543 548/1/548 613/1/613
f 550/1/550 616/1/616 549/1/549
f 550/1/550 551/1/551 617/1/617
f 616/1/616 550/1/550 617/1/617
f 551/1/551 552/1/552 618/1/618
f 617/1/617 551/1/551 618/1/618
f 552/1/552 553/1/553 619/1/619
f 618/1/618 552/1/552 619/1/619
f 553/1/553 554/1/554 619/1/619
f 557/1/557 620/1/620 556/1/556
f 557/1/557 549/1/549 616/1/616
f 557/1/557 616/1/616 620/1/620
f 620/1/620 616/1/616 621/1/621
f 617/1/617 622/1/622 616/1/616
f 622/1/622 621/1/621 616/1/616
f 618/1/618 623/1/623 617/1/617
f 623/1/623 622/1/622 617/1/617
f 619/1/619 624/1/624 618/1/618
f 624/1/624 623/1/623 618/1/618
f 554/1/554 558/1/558 625/1/625
f 554/1/554 625/1/625 619/1/619
f 619/1/619 625/1/625 624/1/624
f 558/1/558 559/1/559 626/1/626
f 625/1/625 558/1/558 626/1/626
f 559/1/559 560/1/560 626/1/626
f 620/1/620 627/1/627 562/1/562
f 556/1/556 620/1/620 562/1/562
f 629/1/629 621/1/621 628/1/628
f 629/1/629 627/1/627 621/1/621
f 627/1/627 620/1/620 621/1/621
f 622/1/622 628/1/628 621/1/621
f 630/1/630 628/1/628 622/1/622
f 623/1/623 630/1/630 622/1/622
f 631/1/631 630/1/630 623/1/623
f 624/1/624 631/1/631 623/1/623
f 632/1/632 631/1/631 624/1/624
f 625/1/625 632/1/632 624/1/624
f 633/1/633 632/1/632 625/1/625
f 633/1/633 635/1/635 634/1/634
f 633/1/633 625/1/625 635/1/635
f 625/1/625 626/1/626 635/1/635
f 560/1/560 563/1/563 636/1/636
f 560/1/560 636/1/636 626/1/626
f 626/1/626 636/1/636 635/1/635
f 563/1/563 564/1/564 636/1/636
f 567/1/567 637/1/637 566/1/566
f 567/1/567 638/1/638 637/1/637
f 562/1/562 638/1/638 567/1/567
f 562/1/562 639/1/639 638/1/638
f 562/1/562 627/1/627 639/1/639
f 629/1/629 639/1/639 627/1/627
f 635/1/635 640/1/640 634/1/634
f 640/1/640 642/1/642 641/1/641
f 640/1/640 635/1/635 642/1/642
f 635/1/635 636/1/636 642/1/642
f 564/1/564 569/1/569 642/1/642
f 636/1/636 564/1/564 642/1/642
f 571/1/571 643/1/643 570/1/570
f 571/1/571 644/1/644 643/1/643
f 566/1/566 644/1/644 571/1/571
f 566/1/566 645/1/645 644/1/644
f 566/1/566 637/1/637 645/1/645
f 638/1/638 645/1/645 637/1/637
f 642/1/642 646/1/646 641/1/641
f 648/1/648 647/1/647 646/1/646
f 572/1/572 648/1/648 646/1/646
f 572/1/572 646/1/646 642/1/642
f 572/1/572 642/1/642 569/1/569
f 572/1/572 573/1/573 648/1/648
f 575/1/575 649/1/649 574/1/574
f 575/1/575 650/1/650 649/1/649
f 570/1/570 650/1/650 575/1/575
f 570/1/570 651/1/651 650/1/650
f 570/1/570 643/1/643 651/1/651
f 644/1/644 651/1/651 643/1/643
f 648/1/648 652/1/652 647/1/647
f 652/1/652 648/1/648 573/1/573
f 652/1/652 573/1/573 653/1/653
f 653/1/653 573/1/573 576/1/576
f 649/1/649 655/1/655 654/1/654
f 649/1/649 654/1/654 574/1/574
f 574/1/574 654/1/654 577/1/577
f 650/1/650 655/1/655 649/1/649
f 576/1/576 578/1/578 653/1/653
f 653/1/653 578/1/578 656/1/656
f 580/1/580 657/1/657 579/1/579
f 580/1/580 658/1/658 657/1/657
f 580/1/580 577/1/577 658/1/658
f 577/1/577 654/1/654 658/1/658
f 578/1/578 582/1/582 656/1/656
f 656/1/656 582/1/582 659/1/659
f 657/1/657 660/1/660 583/1/583
f 579/1/579 657/1/657 583/1/583
f 661/1/661 657/1/657 658/1/658
f 660/1/660 657/1/657 661/1/661
f 662/1/662 582/1/582 584/1/584
f 662/1/662 663/1/663 582/1/582
f 663/1/663 659/1/659 582/1/582
f 584/1/584 585/1/585 662/1/662
f 660/1/660 664/1/664 587/1/587
f 583/1/583 660/1/660 587/1/587
f 665/1/665 660/1/660 661/1/661
f 664/1/664 660/1/660 665/1/665
f 666/1/666 663/1/663 662/1/662
f 667/1/667 663/1/663 666/1/666
f 585/1/585 588/1/588 666/1/666
f 662/1/662 585/1/585 666/1/666
f 587/1/587 664/1/664 589/1/589
f 664/1/664 590/1/590 589/1/589
f 664/1/664 665/1/665 590/1/590
f 665/1/665 668/1/668 590/1/590
f 671/1/671 670/1/670 669/1/669
f 667/1/667 671/1/671 669/1/669
f 667/1/667 666/1/666 671/1/671
f 666/1/666 672/1/672 671/1/671
f 588/1/588 591/1/591 672/1/672
f 666/1/666 588/1/588 672/1/672
f 590/1/590 668/1/668 592/1/592
f 668/1/668 673/1/673 592/1/592
f 676/1/676 675/1/675 674/1/674
f 670/1/670 676/1/676 674/1/674
f 670/1/670 671/1/671 676/1/676
f 671/1/671 677/1/677 676/1/676
f 593/1/593 594/1/594 677/1/677
f 593/1/593 677/1/677 672/1/672
f 672/1/672 677/1/677 671/1/671
f 591/1/591 593/1/593 672/1/672
f 592/1/592 673/1/673 678/1/678
f 595/1/595 592/1/592 678/1/678
f 678/1/678 596/1/596 595/1/595
f 679/1/679 596/1/596 678/1/678
f 682/1/682 681/1/681 680/1/680
f 682/1/682 684/1/684 683/1/683
f 680/1/680 684/1/684 682/1/682
f 675/1/675 683/1/683 684/1/684
f 676/1/676 683/1/683 675/1/675
f 676/1/676 598/1/598 683/1/683
f 676/1/676 597/1/597 598/1/598
f 600/1/600 597/1/597 676/1/676
f 677/1/677 600/1/600 676/1/676
f 594/1/594 600/1/600 677/1/677
f 596/1/596 679/1/679 685/1/685
f 601/1/601 596/1/596 685/1/685
f 687/1/687 685/1/685 686/1/686
f 687/1/687 602/1/602 685/1/685
f 602/1/602 601/1/601 685/1/685
f 602/1/602 687/1/687 603/1/603
f 690/1/690 689/1/689 688/1/688
f 690/1/690 692/1/692 691/1/691
f 688/1/688 692/1/692 690/1/690
f 681/1/681 691/1/691 692/1/692
f 682/1/682 691/1/691 681/1/681
f 682/1/682 605/1/605 691/1/691
f 682/1/682 604/1/604 605/1/605
f 607/1/607 604/1/604 682/1/682
f 683/1/683 607/1/607 682/1/682
f 598/1/598 607/1/607 683/1/683
f 687/1/687 686/1/686 693/1/693
f 603/1/603 687/1/687 693/1/693
f 603/1/603 693/1/693 608/1/608
f 608/1/608 693/1/693 694/1/694
f 610/1/610 608/1/608 695/1/695
f 608/1/608 694/1/694 695/1/695
f 612/1/612 610/1/610 696/1/696
f 610/1/610 695/1/695 696/1/696
f 689/1/689 690/1/690 614/1/614
f 689/1/689 614/1/614 696/1/696
f 696/1/696 614/1/614 612/1/612
f 615/1/615 614/1/614 690/1/690
f 691/1/691 615/1/615 690/1/690
f 605/1/605 615/1/615 691/1/691
f 628/1/628 697/1/697 629/1/629
f 628/1/628 630/1/630 698/1/698
f 697/1/697 628/1/628 698/1/698
f 630/1/630 631/1/631 699/1/699
f 698/1/698 630/1/630 699/1/699
f 631/1/631 632/1/632 700/1/700
f 699/1/699 631/1/631 700/1/700
f 632/1/632 633/1/633 701/1/701
f 700/1/700 632/1/632 701/1/701
f 633/1/633 634/1/634 701/1/701
f 639/1/639 702/1/702 638/1/638
f 639/1/639 629/1/629 697/1/697
f 639/1/639 697/1/697 702/1/702
f 702/1/702 697/1/697 703/1/703
f 698/1/698 704/1/704 697/1/697
f 704/1/704 703/1/703 697/1/697
f 699/1/699 705/1/705 698/1/698
f 705/1/705 704/1/704 698/1/698
f 700/1/700 706/1/706 699/1/699
f 706/1/706 705/1/705 699/1/699
f 701/1/701 707/1/707 700/1/700
f 707/1/707 706/1/706 700/1/700
f 634/1/634 640/1/640 708/1/708
f 634/1/634 708/1/708 701/1/701
f 701/1/701 708/1/708 707/1/707
f 640/1/640 641/1/641 708/1/708
f 645/1/645 709/1/709 644/1/644
f 645/1/645 638/1/638 702/1/702
f 645/1/645 702/1/702 709/1/709
f 709/1/709 702/1/702 710/1/710
f 703/1/703 711/1/711 702/1/702
f 711/1/711 710/1/710 702/1/702
f 704/1/704 712/1/712 703/1/703
f 712/1/712 711/1/711 703/1/703
f 705/1/705 713/1/713 704/1/704
f 713/1/713 712/1/712 704/1/704
f 706/1/706 714/1/714 705/1/705
f 714/1/714 713/1/713 705/1/705
f 707/1/707 715/1/715 706/1/706
f 715/1/715 714/1/714 706/1/706
f 708/1/708 716/1/716 707/1/707
f 716/1/716 715/1/715 707/1/707
f 641/1/641 646/1/646 717/1/717
f 641/1/641 717/1/717 708/1/708
f 708/1/708 717/1/717 716/1/716
f 646/1/646 647/1/647 717/1/717
f 651/1/651 718/1/718 650/1/650
f 651/1/651 644/1/644 709/1/709
f 651/1/651 709/1/709 718/1/718
f 718/1/718 709/1/709 719/1/719
f 710/1/710 720/1/720 709/1/709
f 720/1/720 719/1/719 709/1/709
f 711/1/711 721/1/721 710/1/710
f 721/1/721 720/1/720 710/1/710
f 712/1/712 722/1/722 711/1/711
f 722/1/722 721/1/721 711/1/711
f 713/1/713 723/1/723 712/1/712
f 723/1/723 722/1/722 712/1/712
f 714/1/714 724/1/724 713/1/713
f 724/1/724 723/1/723 713/1/713
f 726/1/726 715/1/715 725/1/725
f 726/1/726 724/1/724 715/1/715
f 724/1/724 714/1/714 715/1/715
f 716/1/716 725/1/725 715/1/715
f 727/1/727 725/1/725 716/1/716
f 717/1/717 727/1/727 716/1/716
f 728/1/728 727/1/727 717/1/717
f 730/1/730 729/1/729 728/1/728
f 652/1/652 730/1/730 728/1/728
f 652/1/652 728/1/728 717/1/717
f 652/1/652 717/1/717 647/1/647
f 652/1/652 653/1/653 730/1/730
f 655/1/655 731/1/731 654/1/654
f 655/1/655 650/1/650 718/1/718
f 655/1/655 718/1/718 731/1/731
f 731/1/731 718/1/718 732/1/732
f 719/1/719 733/1/733 718/1/718
f 733/1/733 732/1/732 718/1/718
f 720/1/720 734/1/734 719/1/719
f 734/1/734 733/1/733 719/1/719
f 721/1/721 735/1/735 720/1/720
f 735/1/735 734/1/734 720/1/720
f 722/1/722 736/1/736 721/1/721
f 736/1/736 735/1/735 721/1/721
f 738/1/738 723/1/723 737/1/737
f 738/1/738 736/1/736 723/1/723
f 736/1/736 722/1/722 723/1/723
f 724/1/724 737/1/737 723/1/723
f 739/1/739 737/1/737 724/1/724
f 726/1/726 739/1/739 724/1/724
f 740/1/740 729/1/729 730/1/730
f 741/1/741 729/1/729 740/1/740
f 653/1/653 656/1/656 740/1/740
f 730/1/730 653/1/653 740/1/740
f 731/1/731 742/1/742 658/1/658
f 654/1/654 731/1/731 658/1/658
f 732/1/732 743/1/743 731/1/731
f 743/1/743 742/1/742 731/1/731
f 733/1/733 744/1/744 732/1/732
f 744/1/744 743/1/743 732/1/732
f 734/1/734 745/1/745 733/1/733
f 745/1/745 744/1/744 733/1/733
f 747/1/747 735/1/735 746/1/746
f 747/1/747 745/1/745 735/1/735
f 745/1/745 734/1/734 735/1/735
f 736/1/736 746/1/746 735/1/735
f 748/1/748 746/1/746 736/1/736
f 738/1/738 748/1/748 736/1/736
f 749/1/749 741/1/741 740/1/740
f 750/1/750 741/1/741 749/1/749
f 656/1/656 659/1/659 749/1/749
f 740/1/740 656/1/656 749/1/749
f 742/1/742 751/1/751 661/1/661
f 658/1/658 742/1/742 661/1/661
f 743/1/743 752/1/752 742/1/742
f 752/1/752 751/1/751 742/1/742
f 744/1/744 753/1/753 743/1/743
f 753/1/753 752/1/752 743/1/743
f 755/1/755 745/1/745 754/1/754
f 755/1/755 753/1/753 745/1/745
f 753/1/753 744/1/744 745/1/745
f 747/1/747 754/1/754 745/1/745
f 758/1/758 757/1/757 756/1/756
f 750/1/750 758/1/758 756/1/756
f 750/1/750 749/1/749 758/1/758
f 749/1/749 759/1/759 758/1/758
f 659/1/659 663/1/663 759/1/759
f 749/1/749 659/1/659 759/1/759
f 751/1/751 760/1/760 665/1/665
f 661/1/661 751/1/751 665/1/665
f 752/1/752 761/1/761 751/1/751
f 761/1/761 760/1/760 751/1/751
f 753/1/753 762/1/762 752/1/752
f 762/1/762 761/1/761 752/1/752
f 763/1/763 753/1/753 755/1/755
f 762/1/762 753/1/753 763/1/763
f 764/1/764 757/1/757 758/1/758
f 765/1/765 757/1/757 764/1/764
f 759/1/759 766/1/766 758/1/758
f 766/1/766 764/1/764 758/1/758
f 663/1/663 667/1/667 766/1/766
f 759/1/759 663/1/663 766/1/766
f 760/1/760 767/1/767 668/1/668
f 665/1/665 760/1/760 668/1/668
f 761/1/761 768/1/768 760/1/760
f 768/1/768 767/1/767 760/1/760
f 762/1/762 769/1/769 761/1/761
f 769/1/769 768/1/768 761/1/761
f 770/1/770 762/1/762 763/1/763
f 769/1/769 762/1/762 770/1/770
f 773/1/773 772/1/772 771/1/771
f 773/1/773 775/1/775 774/1/774
f 771/1/771 775/1/775 773/1/773
f 765/1/765 774/1/774 775/1/775
f 765/1/765 764/1/764 774/1/774
f 764/1/764 776/1/776 774/1/774
f 669/1/669 670/1/670 776/1/776
f 669/1/669 776/1/776 766/1/766
f 766/1/766 776/1/776 764/1/764
f 667/1/667 669/1/669 766/1/766
f 767/1/767 777/1/777 673/1/673
f 668/1/668 767/1/767 673/1/673
f 768/1/768 778/1/778 767/1/767
f 778/1/778 777/1/777 767/1/767
f 769/1/769 779/1/779 768/1/768
f 779/1/779 778/1/778 768/1/768
f 780/1/780 769/1/769 770/1/770
f 779/1/779 769/1/769 780/1/780
f 783/1/783 782/1/782 781/1/781
f 772/1/772 783/1/783 781/1/781
f 772/1/772 773/1/773 783/1/783
f 773/1/773 784/1/784 783/1/783
f 774/1/774 785/1/785 773/1/773
f 785/1/785 784/1/784 773/1/773
f 674/1/674 675/1/675 785/1/785
f 674/1/674 785/1/785 776/1/776
f 776/1/776 785/1/785 774/1/774
f 670/1/670 674/1/674 776/1/776
f 673/1/673 777/1/777 678/1/678
f 679/1/679 678/1/678 777/1/777
f 679/1/679 777/1/777 786/1/786
f 786/1/786 777/1/777 778/1/778
f 779/1/779 787/1/787 778/1/778
f 787/1/787 786/1/786 778/1/778
f 788/1/788 779/1/779 780/1/780
f 788/1/788 789/1/789 779/1/779
f 789/1/789 787/1/787 779/1/779
f 789/1/789 791/1/791 790/1/790
f 788/1/788 791/1/791 789/1/789
f 790/1/790 793/1/793 792/1/792
f 791/1/791 793/1/793 790/1/790
f 792/1/792 795/1/795 794/1/794
f 793/1/793 795/1/795 792/1/792
f 782/1/782 794/1/794 795/1/795
f 782/1/782 783/1/783 794/1/794
f 783/1/783 796/1/796 794/1/794
f 680/1/680 681/1/681 796/1/796
f 680/1/680 796/1/796 784/1/784
f 784/1/784 796/1/796 783/1/783
f 684/1/684 680/1/680 784/1/784
f 785/1/785 684/1/684 784/1/784
f 675/1/675 684/1/684 785/1/785
f 679/1/679 786/1/786 685/1/685
f 686/1/686 685/1/685 786/1/786
f 686/1/686 786/1/786 797/1/797
f 797/1/797 786/1/786 787/1/787
f 789/1/789 798/1/798 787/1/787
f 798/1/798 797/1/797 787/1/787
f 790/1/790 799/1/799 789/1/789
f 799/1/799 798/1/798 789/1/789
f 792/1/792 800/1/800 790/1/790
f 800/1/800 799/1/799 790/1/790
f 688/1/688 689/1/689 800/1/800
f 688/1/688 800/1/800 794/1/794
f 794/1/794 800/1/800 792/1/792
f 692/1/692 688/1/688 794/1/794
f 796/1/796 692/1/692 794/1/794
f 681/1/681 692/1/692 796/1/796
f 686/1/686 797/1/797 693/1/693
f 694/1/694 693/1/693 797/1/797
f 798/1/798 694/1/694 797/1/797
f 695/1/695 694/1/694 798/1/798
f 799/1/799 695/1/695 798/1/798
f 696/1/696 695/1/695 799/1/799
f 800/1/800 696/1/696 799/1/799
f 689/1/689 696/1/696 800/1/800
f 725/1/725 801/1/801 726/1/726
f 725/1/725 727/1/727 802/1/802
f 801/1/801 725/1/725 802/1/802
f 727/1/727 728/1/728 803/1/803
f 802/1/802 727/1/727 803/1/803
f 728/1/728 729/1/729 803/1/803
f 737/1/737 804/1/804 738/1/738
f 737/1/737 739/1/739 805/1/805
f 804/1/804 737/1/737 805/1/805
f 739/1/739 726/1/726 801/1/801
f 739/1/739 801/1/801 805/1/805
f 805/1/805 801/1/801 806/1/806
f 802/1/802 807/1/807 801/1/801
f 807/1/807 806/1/806 801/1/801
f 803/1/803 808/1/808 802/1/802
f 808/1/808 807/1/807 802/1/802
f 729/1/729 741/1/741 808/1/808
f 803/1/803 729/1/729 808/1/808
f 746/1/746 809/1/809 747/1/747
f 746/1/746 748/1/748 810/1/810
f 809/1/809 746/1/746 810/1/810
f 748/1/748 738/1/738 804/1/804
f 748/1/748 804/1/804 810/1/810
f 810/1/810 804/1/804 811/1/811
f 805/1/805 812/1/812 804/1/804
f 812/1/812 811/1/811 804/1/804
f 806/1/806 813/1/813 805/1/805
f 813/1/813 812/1/812 805/1/805
f 807/1/807 814/1/814 806/1/806
f 814/1/814 813/1/813 806/1/806
f 808/1/808 815/1/815 807/1/807
f 815/1/815 814/1/814 807/1/807
f 741/1/741 750/1/750 815/1/815
f 808/1/808 741/1/741 815/1/815
f 754/1/754 816/1/816 755/1/755
f 754/1/754 747/1/747 809/1/809
f 754/1/754 809/1/809 816/1/816
f 816/1/816 809/1/809 817/1/817
f 810/1/810 818/1/818 809/1/809
f 818/1/818 817/1/817 809/1/809
f 811/1/811 819/1/819 810/1/810
f 819/1/819 818/1/818 810/1/810
f 812/1/812 820/1/820 811/1/811
f 820/1/820 819/1/819 811/1/811
f 813/1/813 821/1/821 812/1/812
f 821/1/821 820/1/820 812/1/812
f 814/1/814 822/1/822 813/1/813
f 822/1/822 821/1/821 813/1/813
f 756/1/756 757/1/757 822/1/822
f 756/1/756 822/1/822 815/1/815
f 815/1/815 822/1/822 814/1/814
f 750/1/750 756/1/756 815/1/815
f 816/1/816 823/1/823 763/1/763
f 755/1/755 816/1/816 763/1/763
f 817/1/817 824/1/824 816/1/816
f 824/1/824 823/1/823 816/1/816
f 818/1/818 825/1/825 817/1/817
f 825/1/825 824/1/824 817/1/817
f 819/1/819 826/1/826 818/1/818
f 826/1/826 825/1/825 818/1/818
f 820/1/820 827/1/827 819/1/819
f 827/1/827 826/1/826 819/1/819
f 821/1/821 828/1/828 820/1/820
f 828/1/828 827/1/827 820/1/820
f 822/1/822 829/1/829 821/1/821
f 829/1/829 828/1/828 821/1/821
f 757/1/757 765/1/765 829/1/829
f 822/1/822 757/1/757 829/1/829
f 823/1/823 830/1/830 770/1/770
f 763/1/763 823/1/823 770/1/770
f 824/1/824 831/1/831 823/1/823
f 831/1/831 830/1/830 823/1/823
f 825/1/825 832/1/832 824/1/824
f 832/1/832 831/1/831 824/1/824
f 826/1/826 833/1/833 825/1/825
f 833/1/833 832/1/832 825/1/825
f 827/1/827 834/1/834 826/1/826
f 834/1/834 833/1/833 826/1/826
f 771/1/771 772/1/772 834/1/834
f 771/1/771 834/1/834 828/1/828
f 828/1/828 834/1/834 827/1/827
f 775/1/775 771/1/771 828/1/828
f 829/1/829 775/1/775 828/1/828
f 765/1/765 775/1/775 829/1/829
f 830/1/830 835/1/835 780/1/780
f 770/1/770 830/1/830 780/1/780
f 831/1/831 836/1/836 830/1/830
f 836/1/836 835/1/835 830/1/830
f 832/1/832 837/1/837 831/1/831
f 837/1/837 836/1/836 831/1/831
f 833/1/833 838/1/838 832/1/832
f 838/1/838 837/1/837 832/1/832
f 781/1/781 782/1/782 838/1/838
f 781/1/781 838/1/838 834/1/834
f 834/1/834 838/1/838 833/1/833
f 772/1/772 781/1/781 834/1/834
f 780/1/780 835/1/835 788/1/788
f 791/1/791 788/1/788 835/1/835
f 836/1/836 791/1/791 835/1/835
f 793/1/793 791/1/791 836/1/836
f 837/1/837 793/1/793 836/1/836
f 795/1/795 793/1/793 837/1/837
f 838/1/838 795/1/795 837/1/837
f 782/1/782 795/1/795 838/1/838
