vn -0.078301 -0.548673 -0.832363
v -12.2426 -45.3328 -30.3387
vn 0.0248072 -0.752228 -0.658435
v -11.676 -46.0008 -29.7875
vn 0.119955 -0.531554 -0.838487
v -11.2822 -45.4221 -30.2792
vn 0.373861 -0.662305 -0.649292
v -10.795 -45.8426 -29.8555
vn -0.305191 -0.509397 -0.804595
v -14.2655 -44.3865 -30.3781
vn -0.301695 -0.668748 -0.679527
v -13.2439 -45.5051 -29.9671
vn -0.186935 -0.441189 -0.877729
v -13.1263 -44.6964 -30.5317
vn 0.147853 -0.33881 -0.929165
v -11.4466 -44.6469 -30.645
vn 0.407473 -0.396028 -0.822878
v -10.6695 -45.254 -30.1785
vn 0.645222 -0.443516 -0.622079
v -9.92412 -44.8805 -29.7899
vn -0.484645 -0.612886 -0.624091
v -15.256 -44.4499 -29.8591
vn -0.346457 -0.398831 -0.849059
v -15.1957 -43.5631 -30.4488
vn -0.183224 -0.289863 -0.939366
v -14.0088 -43.4729 -30.8314
vn -0.0362272 -0.294506 -0.954963
v -12.1865 -44.2693 -30.8274
vn 0.304934 -0.256864 -0.91708
v -10.6225 -43.8255 -30.6724
vn -0.479444 -0.428001 -0.766126
v -17.1116 -42.0334 -30.1677
vn -0.535382 -0.507412 -0.675203
v -16.2094 -43.5089 -29.9231
vn -0.367266 -0.323156 -0.872173
v -16.0498 -42.7042 -30.4484
vn -0.191203 -0.184527 -0.964049
v -14.904 -42.5638 -30.8678
vn -0.0498634 -0.123278 -0.991119
v -13.0754 -42.7813 -31.0432
vn 0.112001 -0.168494 -0.979319
v -11.5733 -43.4916 -30.9565
vn 0.263204 -0.199217 -0.943947
v -10.646 -42.8549 -30.896
vn 0.480747 -0.321902 -0.815636
v -9.58806 -42.9368 -30.4486
vn -0.288035 -0.239403 -0.927212
v -16.4778 -41.5596 -30.6452
vn -0.21693 -0.166879 -0.961817
v -15.4719 -41.7234 -30.8788
vn 0.665048 -0.440129 -0.603322
v -8.95809 -43.1014 -29.8186
vn 0.665598 -0.539277 -0.515906
v -7.8614 -42.0732 -29.4454
vn -0.42378 -0.442437 -0.790354
v -18.2297 -40.9462 -30.1292
vn -0.295509 -0.285016 -0.911833
v -17.3218 -40.7047 -30.6169
vn -0.150224 -0.114698 -0.981976
v -15.5759 -40.7364 -30.9838
vn -0.0908058 -0.0778749 -0.992819
v -14.5982 -41.2912 -31.046
vn -0.0429268 -0.0534807 -0.997646
v -13.2841 -41.8618 -31.1045
vn -0.0013042 -0.019227 -0.999814
v -12.1556 -41.0744 -31.1487
vn 0.0421626 -0.058858 -0.997376
v -11.3355 -41.6079 -31.1216
vn 0.157829 -0.12226 -0.979869
v -10.2049 -41.3753 -31.0311
vn 0.317186 -0.225744 -0.921104
v -9.18983 -41.3242 -30.8085
vn 0.517643 -0.387151 -0.762994
v -8.15339 -41.2624 -30.3414
vn 0.613987 -0.515023 -0.59814
v -7.51013 -41.2726 -29.8309
vn -0.351541 -0.637712 -0.685377
v -20.1389 -40.0195 -29.8106
vn -0.242265 -0.438659 -0.865382
v -19.4532 -39.4338 -30.4636
vn -0.386885 -0.550932 -0.739455
v -19.1692 -40.5156 -29.8779
vn -0.26859 -0.343038 -0.900102
v -18.2496 -39.8532 -30.6032
vn -0.133908 -0.127625 -0.982741
v -16.5062 -40.048 -30.9448
vn -0.0687791 -0.051153 -0.99632
v -15.1409 -39.8052 -31.087
vn 0.169285 -0.0695417 -0.983111
v -9.07262 -39.9118 -31.0163
vn 0.387189 -0.187157 -0.902805
v -7.84799 -39.9272 -30.6457
vn 0.729637 -0.314106 -0.607426
v -6.82283 -40.3416 -29.8661
vn -0.289343 -0.268934 -0.91867
v -20.2423 -38.6196 -30.58
vn -0.158292 -0.223598 -0.961742
v -18.9045 -38.5756 -30.8601
vn -0.13713 -0.170268 -0.975809
v -17.5566 -39.0273 -30.9417
vn -0.0233694 -0.017346 -0.999576
v -13.7134 -39.3679 -31.1445
vn -0.00372744 0.000656152 -0.999993
v -12.2315 -39.3827 -31.1547
vn 0.0352065 -0.00424824 -0.999371
v -10.7463 -39.3928 -31.1414
vn 0.361218 -0.0187228 -0.932293
v -7.90356 -38.9701 -30.7575
vn 0.566306 -0.13132 -0.813666
v -7.10877 -39.5781 -30.3167
vn -0.557036 -0.283185 -0.780716
v -21.389 -38.6314 -30.0694
vn -0.437936 -0.136403 -0.888598
v -21.0132 -37.8792 -30.4499
vn -0.200884 -0.121306 -0.972075
v -20.0208 -37.5047 -30.8716
vn -0.0752495 -0.0846378 -0.993566
v -18.08 -37.8076 -31.0446
vn -0.046513 -0.0591207 -0.997167
v -16.6212 -38.3246 -31.0807
vn -0.0333665 -0.0318061 -0.998937
v -15.672 -38.3452 -31.1173
vn 0.0335514 0.0361597 -0.998783
v -11.2703 -37.9049 -31.1274
vn 0.0670292 0.0285915 -0.997341
v -9.79808 -38.422 -31.0889
vn 0.175573 0.0307042 -0.983987
v -8.84006 -38.4185 -31.0031
vn 0.5814 0.0690185 -0.810685
v -7.16612 -38.1079 -30.3453
vn 0.817702 -0.0495589 -0.573504
v -6.52894 -38.9505 -29.7748
vn -0.508654 0.00797869 -0.860934
v -21.2715 -36.8571 -30.4008
vn -0.672635 0.0548886 -0.737936
v -21.9521 -36.7774 -29.8815
vn -0.281411 -0.00904709 -0.959545
v -20.1284 -36.9761 -30.8856
vn -0.0251951 -0.0230145 -0.999418
v -17.1914 -36.8603 -31.1193
vn -0.00857164 -0.01061 -0.999907
v -15.2249 -36.8819 -31.1425
vn 0.0618056 0.0807921 -0.994813
v -11.3146 -36.9213 -31.0836
vn 0.143461 0.127093 -0.981461
v -9.25715 -36.9719 -30.9474
vn 0.338108 0.129079 -0.932213
v -8.15292 -37.438 -30.7787
vn 0.534844 0.182819 -0.824936
v -7.3579 -36.951 -30.2901
vn 0.780342 0.107831 -0.615986
v -6.53797 -37.3627 -29.6186
vn -0.588436 0.207237 -0.781535
v -21.4029 -35.9689 -30.2149
vn -0.386401 0.143643 -0.911077
v -20.5832 -35.9058 -30.6499
vn -0.0779475 -0.00587171 -0.99694
v -18.6645 -36.282 -31.0846
vn -0.00315621 0.0234521 -0.99972
v -16.3844 -35.1207 -31.134
vn 0.0164797 0.0226008 -0.999609
v -13.7624 -36.4039 -31.1313
vn 0.0611175 0.0807067 -0.994862
v -12.3479 -35.9489 -31.0706
vn 0.11381 0.149623 -0.982171
v -10.9401 -35.9525 -30.9641
vn 0.179482 0.216457 -0.959652
v -9.35565 -36.2377 -30.8271
vn 0.333838 0.2808 -0.899835
v -8.14848 -36.0359 -30.4181
vn -0.496944 0.289765 -0.817975
v -20.7285 -34.9816 -30.3235
vn -0.684887 0.406311 -0.604848
v -21.3955 -34.9592 -29.7477
vn -0.327374 0.220343 -0.918845
v -19.7459 -34.9296 -30.7624
vn -0.187469 0.108612 -0.976247
v -19.4004 -35.6001 -30.9659
vn 0.0412707 0.0646115 -0.997057
v -13.8162 -34.9476 -31.0791
vn 0.0792328 0.0986822 -0.99196
v -12.8855 -34.9941 -31.0321
vn 0.147114 0.182939 -0.972055
v -11.6966 -35.0335 -30.915
vn 0.20764 0.311979 -0.927122
v -10.1995 -34.8723 -30.5868
vn 0.517851 0.344787 -0.782913
v -7.40706 -35.4278 -29.8632
vn -0.0424256 0.0781335 -0.99604
v -17.1357 -34.2497 -31.0885
vn 0.0430592 0.106663 -0.993362
v -15.2887 -33.8963 -31.0624
vn 0.120417 0.184749 -0.975381
v -13.1848 -34.077 -30.9514
vn 0.170926 0.238129 -0.956075
v -12.1754 -34.2195 -30.8278
vn 0.250452 0.329415 -0.910362
v -11.1459 -34.0244 -30.5217
vn 0.282599 0.395792 -0.873777
v -9.20933 -34.8763 -30.3488
vn 0.373463 0.474116 -0.797333
v -8.22277 -34.7594 -29.8951
vn -0.535102 0.494451 -0.68497
v -19.568 -32.9807 -30.0535
vn -0.40024 0.344023 -0.849386
v -19.6846 -33.8373 -30.4614
vn -0.245245 0.251015 -0.936401
v -18.3336 -33.4533 -30.8092
vn -0.11071 0.16841 -0.97948
v -17.1124 -33.2261 -30.9799
vn 0.124388 0.204969 -0.970832
v -14.9585 -32.9869 -30.9221
vn 0.16154 0.268371 -0.949675
v -13.4643 -33.2351 -30.8059
vn 0.315032 0.491448 -0.811932
v -10.1316 -33.6393 -29.9748
vn 0.266792 0.396997 -0.878189
v -11.9632 -33.1562 -30.4124
vn -0.352594 0.390663 -0.850329
v -18.0406 -32.0884 -30.4043
vn -0.17758 0.319059 -0.930949
v -16.9828 -32.0769 -30.7151
vn 0.0201811 0.2303 -0.972911
v -15.8432 -32.4299 -30.9016
vn 0.14058 0.309436 -0.940472
v -15.2182 -32.2113 -30.7829
vn 0.219662 0.393474 -0.892707
v -14.2597 -31.983 -30.4925
vn 0.260455 0.460149 -0.848779
v -13.0857 -32.3362 -30.3493
vn -0.491565 0.5102 -0.705734
v -18.4569 -31.7511 -30.0169
vn -0.298851 0.534786 -0.790374
v -17.4014 -30.9733 -30.1022
vn -0.0442992 0.417712 -0.907499
v -16.2464 -31.3757 -30.548
vn 0.161358 0.456505 -0.874966
v -15.2195 -31.2092 -30.3583
vn 0.323027 0.573248 -0.753021
v -13.8559 -31.2222 -29.8711
vn 0.345855 0.598669 -0.722482
v -12.2494 -32.0918 -29.8793
vn -0.016799 0.557562 -0.829966
v -16.1658 -30.5811 -30.0901
vn 0.239736 0.671479 -0.701172
v -15.1949 -30.1928 -29.707
vn -0.0802562 0.734152 -0.674225
v -16.2475 -29.9688 -29.5989
vn -0.323901 -0.836446 -0.442094
v -12.9554 -46.1852 -29.2438
vn -0.0867195 -0.803675 -0.588716
v -12.2648 -46.1718 -29.5494
vn 0.288087 -0.806288 -0.516629
v -10.8874 -46.3597 -29.0513
vn -0.447449 -0.724222 -0.524683
v -14.9043 -44.9211 -29.5808
vn -0.629573 -0.58056 -0.516322
v -17.3139 -42.6576 -29.4863
vn -0.638746 -0.62575 -0.447706
v -16.4636 -43.7706 -29.3195
vn -0.622083 -0.640262 -0.450642
v -18.1318 -42.2189 -28.9497
vn -0.532426 -0.604366 -0.592676
v -18.4252 -41.4285 -29.6008
vn -0.612198 -0.532811 -0.58423
v -21.604 -39.377 -29.4555
vn -0.385294 -0.525027 -0.758877
v -20.5859 -39.4155 -30.1673
vn -0.481918 -0.708561 -0.515458
v -20.663 -40.3288 -29.0398
vn 0.798232 -0.453927 -0.395948
v -6.65122 -40.8904 -29.0675
vn -0.736937 -0.329215 -0.590374
v -22.0438 -38.6398 -29.3571
vn 0.914872 -0.104041 -0.390108
v -6.17893 -39.1763 -29.0421
vn -0.708523 -0.100393 -0.69851
v -21.9978 -37.4295 -29.8274
vn -0.774818 0.204867 -0.598069
v -22.294 -36.203 -29.4379
vn 0.732565 0.24056 -0.636773
v -6.73502 -36.1969 -29.6418
vn -0.749992 0.472124 -0.463261
v -22.1573 -35.1266 -28.7972
vn 0.540734 0.496007 -0.6794
v -7.40585 -34.9434 -29.6064
vn -0.58752 0.446953 -0.674577
v -20.4743 -33.9586 -30.0687
vn 0.379539 0.592048 -0.710935
v -11.2097 -32.4781 -29.6736
vn 0.384851 0.668399 -0.6365
v -10.0983 -32.7644 -29.2327
vn 0.36839 0.57718 -0.728802
v -9.09846 -33.6478 -29.5756
vn 0.434714 0.700559 -0.565898
v -8.94348 -33.0319 -28.8467
vn 0.408493 0.72219 -0.558189
v -11.5549 -31.7501 -29.0912
vn -0.634195 0.565604 -0.527152
v -19.2819 -31.8319 -29.3157
vn 0.423211 0.7128 -0.559294
v -13.8278 -30.4485 -29.037
vn -0.535878 0.634814 -0.556638
v -18.1168 -30.658 -29.3133
vn -0.343035 0.735485 -0.584285
v -17.1825 -29.8808 -29.1835
vn 0.369639 0.780307 -0.504469
v -14.7605 -29.7737 -28.9408
vn -0.175973 0.81149 -0.557241
v -16.6061 -29.4848 -28.819
vn -0.139809 -0.935611 -0.324168
v -11.7742 -46.9962 -28.0888
vn 0.169652 -0.888497 -0.42637
v -11.0499 -46.9463 -28.3163
vn -0.440355 -0.805001 -0.397568
v -13.6778 -45.925 -28.9917
vn 0.609021 -0.630333 -0.481428
v -10.0116 -45.8844 -28.9162
vn -0.501882 -0.813941 -0.292601
v -14.8839 -45.328 -28.7511
vn 0.752517 -0.467283 -0.464075
v -9.55161 -45.0136 -29.1562
vn -0.663329 -0.661976 -0.348972
v -17.5177 -43.1652 -28.3812
vn -0.600613 -0.729296 -0.327706
v -15.8787 -44.6084 -28.8442
vn 0.724727 -0.493588 -0.480772
v -8.29645 -42.8935 -29.1355
vn -0.572504 -0.721122 -0.390157
v -18.8358 -41.8359 -28.5473
vn 0.755854 -0.542979 -0.365867
v -6.7694 -41.7741 -28.0815
vn -0.651982 -0.590573 -0.475545
v -21.9255 -39.616 -28.6731
vn -0.501694 -0.779174 -0.375755
v -19.9144 -41.1969 -28.3633
vn 0.905098 -0.22016 -0.363768
v -6.26607 -40.0193 -28.8641
vn -0.76844 -0.389078 -0.508053
v -22.7635 -38.9018 -28.266
vn -0.792397 -0.195754 -0.577744
v -22.6983 -38.1583 -28.7411
vn -0.820023 -0.168009 -0.547115
v -23.2364 -37.8514 -28.036
vn -0.826687 0.0100032 -0.562572
v -22.8317 -37.1461 -28.7322
vn 0.923517 0.0442789 -0.380993
v -6.02641 -37.7039 -28.8018
vn -0.809595 0.296595 -0.506544
v -22.7901 -36.0387 -28.5028
vn 0.895043 0.200177 -0.398532
v -6.16937 -36.4513 -28.7118
vn 0.743627 0.40409 -0.532664
v -6.8274 -35.1525 -29.0907
vn 0.518823 0.606668 -0.60231
v -7.65995 -34.1516 -29.0542
vn 0.720411 0.543378 -0.430986
v -6.71855 -34.1347 -28.0473
vn -0.701229 0.552103 -0.451066
v -20.6829 -33.4298 -29.1811
vn 0.555106 0.685168 -0.471596
v -7.52896 -33.3911 -27.9819
vn -0.714174 0.562938 -0.416
v -20.0165 -32.2596 -28.7149
vn -0.65076 0.609967 -0.452163
v -19.0195 -30.7603 -28.3198
vn 0.420774 0.806836 -0.414686
v -11.5168 -31.1255 -27.9928
vn 0.407026 0.77211 -0.488033
v -9.79295 -32.0829 -28.1294
vn -0.5683 0.680538 -0.462497
v -18.2897 -29.871 -28.0116
vn 0.471637 0.778861 -0.413441
v -13.7092 -29.9808 -28.175
vn -0.447987 0.748007 -0.489686
v -17.6509 -29.6489 -28.3952
vn -0.309171 0.818643 -0.48398
v -16.9635 -28.9761 -27.9462
vn 0.12448 0.820178 -0.558402
v -15.524 -29.3222 -28.5922
vn -0.0213765 0.87937 -0.475659
v -16.2371 -28.8587 -28.0433
vn -0.278977 -0.938546 -0.203233
v -12.3819 -47.1746 -26.8526
vn -0.398929 -0.880496 -0.25609
v -13.0037 -46.8312 -27.3622
vn 0.184086 -0.964759 -0.188022
v -10.7894 -47.3334 -26.6735
vn 0.492513 -0.792776 -0.359078
v -10.2846 -46.8138 -27.796
vn 0.72835 -0.581425 -0.362561
v -9.66894 -46.1564 -28.0077
vn -0.541823 -0.81223 -0.216127
v -15.174 -45.3762 -27.9642
vn -0.496293 -0.846833 -0.191225
v -13.8286 -46.5401 -26.7204
vn 0.801864 -0.490164 -0.341693
v -8.96835 -45.0087 -27.9909
vn 0.755717 -0.515828 -0.403501
v -8.07067 -43.3211 -28.2438
vn 0.788677 -0.538282 -0.297054
v -7.68424 -43.6421 -26.9436
vn 0.882097 -0.348023 -0.317466
v -5.95039 -40.8226 -27.1656
vn -0.568586 -0.721927 -0.394374
v -21.8512 -40.2351 -27.8171
vn 0.929978 -0.193755 -0.31241
v -5.72653 -39.7428 -27.4092
vn -0.771131 -0.444742 -0.455589
v -23.2056 -38.9229 -27.44
vn -0.711874 -0.577313 -0.39993
v -22.7698 -39.4283 -27.6779
vn 0.947934 -0.0906218 -0.305301
v -5.87811 -38.957 -28.2362
vn -0.829763 -0.15479 -0.536221
v -23.7045 -37.8465 -27.4279
vn -0.830693 0.111868 -0.545375
v -23.393 -36.6086 -27.8297
vn 0.880256 0.326052 -0.344731
v -6.21433 -34.9909 -27.8104
vn -0.728831 0.538345 -0.423071
v -21.0656 -32.6541 -27.2348
vn 0.591404 0.708679 -0.384728
v -7.35195 -32.406 -26.1671
vn 0.476704 0.744021 -0.468173
v -8.36192 -32.5423 -27.606
vn 0.703026 0.614706 -0.357619
v -6.74265 -33.552 -27.0341
vn -0.699951 0.551959 -0.453223
v -19.9916 -31.0861 -27.2028
vn 0.379506 0.831778 -0.405119
v -9.97992 -31.2255 -26.7179
vn 0.45239 0.829666 -0.327106
v -12.4269 -30.2159 -27.0164
vn 0.224996 0.875844 -0.426935
v -15.5196 -28.7766 -27.6897
vn 0.504734 0.80661 -0.307612
v -13.5708 -29.6055 -27.2427
vn -0.0822117 0.859817 -0.503941
v -16.8143 -28.3481 -26.6886
vn 0.176594 0.921427 -0.346103
v -15.6245 -28.5133 -27.0086
vn 0.400569 0.84349 -0.357868
v -14.7518 -28.8614 -27.2385
vn -0.0820392 -0.979887 -0.181907
v -11.4998 -47.3815 -26.7187
vn 0.661204 -0.710415 -0.241079
v -9.68008 -46.7029 -26.855
vn 0.780548 -0.565173 -0.267067
v -9.05656 -46.0131 -26.6021
vn -0.65393 -0.714159 -0.249705
v -17.0456 -44.1741 -27.0981
vn -0.525336 -0.799671 -0.290771
v -19.3652 -42.455 -26.1614
vn 0.825954 -0.500547 -0.259333
v -6.28707 -41.8763 -26.5605
vn -0.601339 -0.763468 -0.235602
v -22.5481 -40.6515 -25.6473
vn -0.532257 -0.778256 -0.333197
v -21.5013 -40.7249 -27.283
vn -0.516325 -0.821033 -0.243542
v -21.632 -41.2249 -25.7594
vn 0.925532 -0.309477 -0.218207
v -5.48211 -40.6979 -26.095
vn -0.687007 -0.67516 -0.268663
v -23.2158 -39.9856 -25.8335
vn -0.659178 -0.665011 -0.351062
v -22.7638 -39.9451 -26.7369
vn -0.81853 -0.378716 -0.431953
v -23.7791 -38.5536 -26.8773
vn -0.744694 -0.564756 -0.355643
v -23.574 -39.3841 -26.2321
vn 0.967721 -0.10782 -0.227795
v -5.28745 -39.4572 -26.1395
vn -0.864342 -0.188867 -0.466092
v -24.3811 -37.6784 -26.1694
vn 0.96843 0.0109171 -0.249045
v -5.21985 -38.0186 -26.1015
vn -0.849368 0.0806362 -0.521604
v -24.1966 -36.8015 -26.5594
vn 0.95355 0.12182 -0.275504
v -5.57689 -36.7114 -27.0039
vn -0.789464 0.301644 -0.534563
v -23.8457 -35.9543 -26.7612
vn 0.937386 0.215082 -0.273948
v -5.68662 -35.8011 -26.841
vn -0.731965 0.455306 -0.506876
v -23.1891 -35.2422 -27.1601
vn -0.680312 0.535168 -0.50077
v -22.2527 -34.0542 -27.1387
vn 0.839204 0.459725 -0.290497
v -6.25386 -34.0642 -26.6639
vn 0.443646 0.793468 -0.416638
v -8.4407 -31.736 -26.2979
vn -0.662654 0.513202 -0.545448
v -20.3789 -31.047 -26.6368
vn -0.634171 0.606151 -0.480008
v -19.4082 -30.1919 -26.9237
vn 0.35521 0.881218 -0.311898
v -11.3407 -30.3784 -26.0797
vn -0.439203 0.74712 -0.49891
v -18.0204 -28.7519 -26.5511
vn -0.224607 0.776618 -0.588571
v -17.2032 -27.7212 -25.8177
vn 0.124029 0.789391 -0.601231
v -16.3158 -27.6925 -25.7875
vn 0.312655 0.827363 -0.466602
v -15.5921 -28.0503 -25.9333
vn 0.438452 0.850439 -0.29071
v -14.6241 -28.6144 -26.3121
vn -0.416511 -0.896275 -0.152347
v -13.2075 -46.9509 -26.341
vn -0.293658 -0.947158 -0.129063
v -12.5081 -47.3265 -25.7725
vn -0.134393 -0.98119 -0.138584
v -11.8465 -47.7148 -23.6407
vn 0.482784 -0.857392 -0.178323
v -10.1239 -47.1374 -26.3357
vn 0.636648 -0.751963 -0.170968
v -9.26905 -46.7221 -25.2196
vn -0.505412 -0.841113 -0.192581
v -15.4379 -45.8726 -25.0202
vn -0.45142 -0.877039 -0.164386
v -14.3632 -46.6732 -24.0494
vn 0.776914 -0.602608 -0.182394
v -8.6332 -46.1795 -24.984
vn -0.59708 -0.771631 -0.219273
v -16.2807 -44.8295 -27.0389
vn 0.817908 -0.504222 -0.277103
v -8.49706 -45.079 -26.6093
vn 0.830824 -0.514085 -0.213186
v -7.96646 -44.9163 -25.2326
vn -0.629257 -0.729908 -0.266963
v -18.4916 -43.1405 -26.1107
vn -0.522297 -0.831603 -0.188794
v -20.3712 -42.1556 -25.0716
vn 0.823867 -0.537803 -0.178918
v -6.94511 -43.1522 -25.741
vn -0.820894 -0.444134 -0.358996
v -24.3609 -38.5986 -25.4995
vn 0.990985 -0.0441713 -0.12648
v -5.02816 -38.5576 -25.0789
vn -0.870584 -0.0592801 -0.488435
v -25.0605 -36.8618 -25.1413
vn 0.98006 0.0684522 -0.186536
v -5.09856 -37.2254 -25.4039
vn -0.77693 0.170573 -0.60604
v -24.5823 -36.0471 -25.7807
vn 0.971454 0.145017 -0.187744
v -5.18836 -36.3129 -25.3083
vn -0.67467 0.244997 -0.696274
v -24.5149 -34.9229 -25.5452
vn -0.785945 0.124272 -0.605679
v -25.1069 -35.4303 -25.0252
vn -0.680961 0.357464 -0.639149
v -23.7984 -34.9177 -26.1949
vn 0.944335 0.247354 -0.216905
v -5.36495 -35.1757 -25.0101
vn 0.911012 0.316596 -0.264244
v -5.84962 -34.9349 -26.5486
vn -0.57338 0.389451 -0.720808
v -23.4126 -34.2073 -26.1648
vn -0.680066 0.32183 -0.658738
v -24.6202 -33.7496 -25.0428
vn -0.593155 0.477282 -0.648359
v -24.0475 -32.9263 -25.0661
vn -0.615381 0.478785 -0.626156
v -21.4278 -32.6597 -26.6432
vn -0.502945 0.420044 -0.755387
v -22.7163 -32.6951 -25.8512
vn 0.734076 0.606749 -0.304939
v -6.7063 -32.8351 -25.7329
vn -0.528865 0.509727 -0.678587
v -22.3834 -31.5464 -25.3778
vn -0.544924 0.484045 -0.684659
v -21.0589 -31.1509 -26.0598
vn 0.373518 0.863164 -0.339754
v -9.04001 -30.7359 -24.7806
vn -0.536139 0.591265 -0.602463
v -21.8695 -30.5683 -24.958
vn -0.552226 0.663458 -0.504848
v -21.6654 -29.9895 -24.482
vn -0.574196 0.58754 -0.570172
v -20.0258 -30.0204 -26.0285
vn 0.431556 0.876834 -0.211946
v -12.492 -29.8078 -25.8342
vn -0.527909 0.669973 -0.521966
v -19.7216 -29.2435 -25.4246
vn 0.540134 0.813024 -0.217365
v -13.7772 -29.0097 -25.7934
vn -0.552851 0.673468 -0.49071
v -18.7683 -29.1968 -26.4168
vn 0.424497 0.778726 -0.46194
v -15.6774 -27.4992 -25.2121
vn -0.458373 0.739727 -0.492643
v -17.7642 -27.5758 -25.1949
vn 0.136509 0.865856 -0.48131
v -16.4678 -27.0092 -24.8946
vn 0.114893 -0.973094 -0.199719
v -11.0214 -47.6804 -24.0698
vn -0.539949 -0.81057 -0.226784
v -16.4248 -45.3387 -24.7083
vn -0.618411 -0.746439 -0.245757
v -17.3266 -44.5899 -24.9389
vn 0.841689 -0.528971 -0.108394
v -8.20528 -45.7496 -23.9603
vn 0.852163 -0.50757 -0.127242
v -7.15558 -43.7898 -24.698
vn -0.577939 -0.789375 -0.207059
v -19.4957 -42.8211 -24.7355
vn -0.545469 -0.826076 -0.14164
v -22.0453 -41.2078 -24.6724
vn -0.55001 -0.82384 -0.137025
v -20.8277 -42.1369 -23.404
vn 0.871813 -0.482077 -0.0868567
v -5.64952 -41.3694 -25.0845
vn 0.944491 -0.328268 -0.0132942
v -5.3387 -40.6677 -24.8184
vn -0.6619 -0.726968 -0.18277
v -23.7606 -40.0034 -23.736
vn 0.98377 -0.174909 -0.0400355
v -5.13292 -39.8473 -24.7212
vn -0.754252 -0.602774 -0.260321
v -24.0686 -39.3172 -24.9743
vn -0.868777 -0.311095 -0.385288
v -25.2217 -37.7379 -24.4401
vn -0.855812 -0.353769 -0.377403
v -24.9203 -37.9422 -25.1041
vn 0.996371 0.029293 -0.0799184
v -4.93373 -37.4446 -24.1642
vn -0.81973 0.266145 -0.507158
v -25.3258 -34.2084 -24.4213
vn 0.90222 0.370615 -0.220555
v -5.5888 -33.9319 -24.3153
vn -0.744382 0.464282 -0.479935
v -24.8943 -33.0998 -24.1772
vn 0.814678 0.519641 -0.257435
v -6.18061 -33.2551 -25.0703
vn -0.650104 0.584962 -0.484958
v -23.9046 -31.942 -24.2179
vn 0.749571 0.632292 -0.195835
v -6.53928 -31.8238 -22.9185
vn -0.594796 0.602289 -0.532415
v -22.9431 -31.3272 -24.6926
vn 0.506741 0.78945 -0.346386
v -7.92954 -31.6116 -25.4102
vn 0.290687 0.949455 -0.118477
v -11.5282 -29.8225 -23.9228
vn 0.285101 0.940673 -0.18399
v -11.2469 -30.0182 -24.6417
vn 0.280929 0.930636 -0.234512
v -10.052 -30.3693 -24.6657
vn -0.525152 0.698783 -0.485714
v -21.1107 -29.0085 -23.6804
vn 0.564196 0.814641 -0.134323
v -13.3396 -28.9915 -24.3252
vn 0.418013 0.902884 -0.100325
v -12.3726 -29.487 -23.7575
vn -0.517941 0.707006 -0.481539
v -19.5778 -28.2702 -24.1864
vn 0.616666 0.763886 -0.190266
v -14.1544 -28.3654 -24.1787
vn 0.554036 0.778292 -0.295476
v -14.6917 -28.1722 -25.0225
vn -0.19317 0.843807 -0.500674
v -17.0097 -27.0919 -24.9897
vn 0.598045 0.759626 -0.255558
v -15.387 -27.0717 -23.7381
vn 0.00160641 0.894332 -0.447402
v -16.9561 -26.5176 -23.6824
vn 0.340204 0.872485 -0.350757
v -16.0399 -26.9921 -24.5936
vn -0.400806 -0.908136 -0.121009
v -13.359 -47.1811 -23.9815
vn 0.434801 -0.887721 -0.151326
v -9.95908 -47.4147 -23.7825
vn 0.636471 -0.765248 -0.0964336
v -9.2133 -46.9943 -23.5091
vn -0.465733 -0.851344 -0.241468
v -15.8872 -46.0445 -23.3868
vn 0.865189 -0.498121 -0.0576461
v -7.26827 -44.221 -23.3479
vn -0.643944 -0.728613 -0.233364
v -18.9338 -43.4243 -24.2017
vn 0.861934 -0.503889 -0.0562626
v -6.47303 -42.8008 -23.8131
vn 0.907268 -0.418554 0.0409615
v -5.81294 -41.6093 -23.2771
vn -0.596222 -0.791957 -0.131619
v -23.0627 -40.6441 -23.3722
vn -0.701466 -0.676253 -0.225006
v -24.3999 -39.4543 -23.5814
vn -0.786885 -0.53287 -0.311227
v -24.9481 -38.6849 -23.9121
vn -0.813278 -0.499625 -0.298252
v -25.5806 -38.2961 -23.1499
vn 0.996029 -0.0886723 0.00793053
v -4.95049 -38.4359 -23.7476
vn -0.902731 -0.21531 -0.37245
v -25.9519 -37.1629 -23.3166
vn -0.940418 -0.0360543 -0.338103
v -26.0594 -36.2308 -23.3057
vn 0.993711 0.0818103 -0.0764523
v -4.94622 -36.2443 -23.5458
vn -0.891989 0.085055 -0.443984
v -25.6921 -35.337 -24.0905
vn -0.948231 0.0973539 -0.302292
v -26.1337 -35.0673 -22.8861
vn 0.974954 0.181009 -0.12923
v -5.08473 -35.2202 -23.5323
vn -0.901867 0.252108 -0.350823
v -25.8657 -34.1158 -23.1043
vn 0.953509 0.268704 -0.136453
v -5.26325 -34.3482 -23.3664
vn 0.829311 0.518303 -0.208819
v -6.00699 -32.7031 -23.2086
vn -0.702311 0.574261 -0.420694
v -24.6777 -32.0137 -23.1667
vn 0.602207 0.750183 -0.273078
v -7.29279 -31.3815 -23.695
vn -0.583966 0.669193 -0.459526
v -22.2151 -29.6682 -23.348
vn 0.407879 0.877927 -0.250758
v -8.49938 -30.6203 -23.764
vn 0.67399 0.724531 -0.144196
v -13.8349 -28.352 -22.8852
vn -0.461218 0.765076 -0.449373
v -18.5043 -26.6749 -22.9477
vn -0.413753 0.780244 -0.469072
v -18.0758 -26.9394 -23.7938
vn -0.256726 0.881362 -0.396601
v -17.4244 -25.9171 -22.63
vn 0.440784 0.83383 -0.33232
v -15.9635 -26.4784 -23.0043
vn 0.177807 0.917698 -0.355267
v -16.772 -25.9725 -22.8286
vn 0.0664102 -0.985957 -0.153227
v -10.9017 -47.9597 -23.0656
vn 0.379706 -0.922849 -0.0645908
v -10.3013 -47.8443 -22.3171
vn -0.318335 -0.9389 -0.130878
v -12.7525 -47.5473 -22.9407
vn -0.445812 -0.865473 -0.228491
v -16.3998 -46.3552 -21.5107
vn -0.405475 -0.88608 -0.224617
v -15.0053 -46.6315 -22.8604
vn -0.369875 -0.912006 -0.177306
v -13.7603 -47.227 -22.507
vn 0.764082 -0.643621 -0.0439509
v -8.64999 -46.4849 -23.0655
vn 0.839319 -0.543339 -0.0180823
v -8.15545 -45.8269 -22.7561
vn -0.636519 -0.725781 -0.26093
v -18.0776 -44.7655 -22.7568
vn -0.530724 -0.811175 -0.245615
v -17.0013 -46.0427 -21.4002
vn 0.884072 -0.46616 0.033331
v -6.55411 -43.0264 -21.751
vn -0.62304 -0.759803 -0.185799
v -20.3666 -42.6224 -22.5486
vn -0.60692 -0.78593 -0.118163
v -23.8161 -40.5475 -20.5839
vn 0.954578 -0.285575 0.0850198
v -5.34836 -40.4689 -23.4737
vn 0.977886 -0.189869 0.0876833
v -5.12574 -39.1959 -22.8391
vn -0.914816 -0.338637 -0.220084
v -25.9442 -37.7037 -22.9041
vn -0.968368 -0.167638 -0.184825
v -26.2688 -36.8741 -22.2653
vn 0.999776 -0.0203834 0.00562381
v -4.90062 -36.9404 -22.6493
vn -0.969309 0.0963211 -0.22619
v -26.3821 -35.0169 -21.9648
vn -0.812004 0.4314 -0.39312
v -25.4157 -33.0862 -23.2302
vn -0.889089 0.326642 -0.320665
v -26.06 -33.3239 -21.8508
vn -0.796601 0.473883 -0.375316
v -25.4048 -32.3945 -22.3358
vn 0.615845 0.77048 -0.164606
v -7.19783 -31.1521 -22.6463
vn -0.628629 0.647708 -0.430465
v -23.2338 -30.1871 -22.7239
vn 0.261139 0.965301 1.65455e-05
v -11.3766 -29.7452 -22.2148
vn 0.392206 0.919852 -0.00679399
v -12.0742 -29.5239 -22.4219
vn 0.209322 0.975376 -0.0694718
v -10.1396 -30.0044 -22.5596
vn 0.284302 0.951449 -0.117975
v -8.93398 -30.2603 -22.5401
vn 0.475645 0.86614 -0.153507
v -7.89228 -30.699 -22.7712
vn -0.631556 0.680706 -0.371183
v -22.4158 -28.5858 -21.3392
vn 0.537625 0.843126 -0.00988949
v -12.702 -29.1814 -22.4074
vn 0.664631 0.744309 -0.0653399
v -13.4035 -28.6539 -22.13
vn 0.632001 0.759254 -0.155268
v -15.404 -26.6244 -22.0899
vn 0.479134 0.850787 -0.215853
v -16.2849 -26.016 -22.3154
vn -0.298112 -0.944117 -0.140614
v -13.9556 -47.477 -20.9414
vn -0.240659 -0.963673 -0.115839
v -12.2089 -47.8665 -21.803
vn 0.569088 -0.822217 -0.00993138
v -9.67985 -47.5042 -21.8825
vn 0.694577 -0.717321 0.0548936
v -9.17407 -47.0535 -21.4037
vn 0.845391 -0.529535 0.070045
v -8.0176 -45.5642 -21.4171
vn -0.679586 -0.691958 -0.243633
v -19.2891 -43.5822 -22.563
vn -0.696112 -0.682501 -0.222758
v -19.9824 -43.2489 -21.6181
vn 0.933784 -0.347511 0.0853411
v -5.93523 -41.6123 -21.8886
vn -0.750135 -0.645444 -0.143873
v -25.3631 -38.9088 -22.1009
vn -0.668699 -0.732205 -0.129299
v -24.5422 -39.823 -21.6658
vn 0.962212 -0.249585 0.108884
v -5.47954 -39.9241 -21.3788
vn -0.853286 -0.511423 -0.101729
v -25.8115 -38.3774 -21.682
vn 0.989376 -0.121963 0.0791247
v -4.99375 -37.7798 -21.7652
vn -0.985225 -0.0366107 -0.167306
v -26.4442 -35.9633 -21.7767
vn 0.998744 0.049817 -0.00527121
v -4.90675 -35.9004 -21.6642
vn 0.992476 0.117209 -0.0354145
v -4.97211 -34.9889 -21.5444
vn -0.961671 0.150034 -0.22952
v -26.4176 -34.2007 -21.3954
vn 0.875431 0.465275 -0.13092
v -5.54021 -32.9451 -21.7665
vn 0.951011 0.301891 -0.0666319
v -5.2028 -33.6824 -21.2568
vn -0.850563 0.396807 -0.34509
v -25.9263 -32.4322 -21.2248
vn 0.683888 0.725775 -0.0744771
v -6.64686 -31.4047 -21.3206
vn -0.671359 0.64078 -0.372395
v -24.3921 -30.7559 -21.7563
vn 0.201612 0.968119 0.148654
v -11.5371 -29.8311 -20.6252
vn 0.145097 0.988279 0.0474498
v -10.3804 -29.9331 -21.3198
vn -0.543904 0.716448 -0.436888
v -21.1426 -27.9137 -22.0631
vn 0.718649 0.69342 -0.0520712
v -14.739 -27.1286 -21.2134
vn -0.447349 0.808805 -0.381723
v -18.6121 -26.2539 -22.0732
vn -0.29286 0.919029 -0.263852
v -18.3609 -25.8009 -21.1972
vn -0.0337856 0.986194 -0.162111
v -17.5785 -25.6264 -21.1626
vn 0.236984 0.961963 -0.13589
v -16.6986 -25.74 -21.7634
vn -0.160166 -0.986671 -0.0287629
v -11.8069 -48.0801 -20.6894
vn -0.225709 -0.972535 -0.0568333
v -13.3346 -47.7147 -20.274
vn 0.617581 -0.768873 0.165615
v -9.84387 -47.4111 -20.0403
vn -0.365097 -0.913844 -0.177744
v -15.2066 -47.0773 -20.8579
vn 0.78286 -0.617298 0.0779338
v -8.62283 -46.4005 -21.1256
vn -0.57996 -0.784456 -0.219717
v -17.8516 -45.6709 -20.6177
vn 0.854984 -0.50466 0.119664
v -7.36347 -44.2246 -20.2868
vn -0.576946 -0.803723 -0.145469
v -21.3429 -41.9991 -22.0667
vn 0.975358 -0.184017 0.121711
v -5.20957 -38.5647 -20.927
vn -0.935079 -0.344889 -0.0817215
v -26.1758 -37.6809 -21.3276
vn -0.979184 -0.191344 -0.06772
v -26.4184 -36.8528 -21.085
vn 0.995407 -0.0643945 0.0708441
v -4.94289 -36.5944 -20.7729
vn -0.993614 0.00559479 -0.112692
v -26.5873 -34.9849 -20.6201
vn 0.983135 0.182513 0.0115725
v -5.02954 -34.2369 -20.5086
vn -0.988382 0.03441 -0.148044
v -26.6438 -33.9215 -19.934
vn -0.933623 0.221133 -0.281866
v -26.3788 -33.2801 -20.7985
vn -0.775984 0.580926 -0.245709
v -25.8733 -31.3558 -19.7251
vn -0.757904 0.54533 -0.358046
v -25.4327 -31.7025 -21.3693
vn 0.870349 0.492261 -0.0130893
v -5.65684 -32.5064 -20.0213
vn 0.771663 0.634287 -0.0470789
v -6.06369 -31.9781 -20.6984
vn -0.703159 0.639866 -0.310062
v -25.2475 -30.8487 -20.2395
vn 0.562235 0.826027 -0.0396272
v -7.24863 -30.8926 -21.132
vn 0.377174 0.8913 0.251645
v -12.1394 -29.8366 -19.8203
vn 0.554159 0.819939 0.143555
v -12.6571 -29.3473 -20.6649
vn 0.390495 0.914471 0.106092
v -12.1557 -29.561 -21.1028
vn 0.237756 0.971266 0.0107399
v -8.86856 -30.1901 -20.7683
vn 0.39529 0.918508 -0.00943333
v -8.00411 -30.4733 -20.8629
vn 0.710203 0.699419 0.080156
v -13.2321 -28.8155 -20.7763
vn -0.625427 0.717965 -0.305561
v -22.0282 -27.469 -19.8115
vn -0.521019 0.778902 -0.349072
v -20.7732 -26.6738 -20.192
vn 0.767653 0.637518 0.0654228
v -14.3555 -27.5769 -19.9034
vn -0.399612 0.873314 -0.278626
v -19.3704 -25.8206 -20.0845
vn 0.627933 0.778156 -0.0131705
v -15.5765 -26.2959 -20.5559
vn 0.494248 0.867336 -0.0587097
v -16.1342 -25.9274 -21.1309
vn 0.276394 0.960732 -0.0245222
v -16.8751 -25.6097 -20.1698
vn 0.0775026 -0.995113 0.0611807
v -11.1683 -48.1131 -20.1907
vn 0.322653 -0.930981 0.17079
v -10.7117 -47.999 -19.8902
vn -0.244631 -0.966356 -0.0794467
v -14.5815 -47.498 -19.2452
vn -0.151654 -0.988342 -0.0134389
v -13.6298 -47.71 -19.0499
vn -0.0801767 -0.991329 0.104104
v -12.5301 -47.8659 -19.31
vn 0.72022 -0.672509 0.170334
v -9.14871 -46.6932 -19.7581
vn -0.368618 -0.924506 -0.0970058
v -15.736 -47.2095 -18.5701
vn -0.680985 -0.692711 -0.237512
v -18.9479 -44.7765 -20.6215
vn -0.644931 -0.744677 -0.171813
v -18.6964 -45.3176 -19.5175
vn -0.617267 -0.766597 -0.176951
v -21.8271 -42.2432 -19.2866
vn -0.654331 -0.728615 -0.202414
v -20.9599 -42.9192 -19.4676
vn 0.881992 -0.45409 0.126067
v -6.60625 -42.6467 -19.0827
vn 0.933397 -0.345359 0.0974535
v -6.19372 -41.7392 -19.3024
vn -0.585321 -0.797297 -0.147368
v -22.8371 -41.4159 -19.6192
vn 0.956587 -0.275765 0.0943123
v -5.91753 -40.9368 -19.5441
vn -0.874767 -0.483411 -0.0331036
v -25.8807 -38.4587 -19.4806
vn 0.978851 -0.146368 0.142922
v -5.59588 -38.7288 -18.5625
vn 0.979956 -0.130764 0.150288
v -5.12321 -37.1393 -19.8532
vn -0.994523 -0.0936946 -0.0463149
v -26.6012 -35.9212 -19.7196
vn 0.994749 -0.0187706 0.100607
v -4.99402 -35.6492 -19.7138
vn 0.991736 0.0566051 0.11513
v -5.01131 -34.8737 -19.6095
vn -0.99693 -0.0552589 -0.055472
v -26.688 -35.0023 -19.1115
vn 0.972587 0.19399 0.128228
v -5.18609 -33.8928 -19.1802
vn -0.973309 0.165583 -0.158911
v -26.7026 -32.832 -19.4915
vn 0.933803 0.347865 0.0836793
v -5.34805 -33.1501 -19.5032
vn -0.873866 0.412939 -0.256593
v -26.4649 -32.3285 -19.7868
vn -0.840021 0.526579 -0.130685
v -26.2353 -31.615 -18.8882
vn 0.797399 0.593462 0.109353
v -5.91094 -32.2117 -19.0762
vn 0.662963 0.744501 0.0787229
v -6.69629 -31.3623 -19.4235
vn -0.706044 0.678359 -0.203301
v -24.8211 -29.8333 -18.8535
vn 0.630164 0.728374 0.269007
v -12.8609 -29.5682 -19.2534
vn 0.121919 0.937817 0.325016
v -11.5645 -30.1019 -19.3977
vn -0.0288391 0.941541 0.335662
v -10.8254 -30.2921 -18.9377
vn 0.0579838 0.977235 0.204083
v -10.369 -30.1221 -19.5655
vn 0.157126 0.979914 0.1228
v -9.21125 -30.1911 -19.6281
vn 0.307293 0.944741 0.114177
v -8.23745 -30.4878 -19.2855
vn -0.681494 0.698287 -0.218998
v -23.3855 -28.4906 -18.9632
vn -0.669214 0.678089 -0.30389
v -23.6491 -29.2181 -20.1809
vn 0.76336 0.634596 0.120706
v -14.5175 -27.5282 -18.7661
vn 0.714789 0.697998 0.0433004
v -15.0622 -26.7718 -19.9046
vn -0.53339 0.807904 -0.25057
v -21.1677 -26.5738 -19.2499
vn -0.391343 0.907539 -0.152392
v -19.8861 -25.7812 -19.0512
vn -0.196275 0.970871 -0.137428
v -18.7951 -25.4691 -19.2928
vn -0.037577 0.998435 -0.04141
v -18.3988 -25.3645 -18.8919
vn 0.104775 0.992743 -0.0590139
v -17.5881 -25.4309 -19.4448
vn -0.295042 -0.955077 -0.0278826
v -15.2698 -47.4123 -17.8601
vn -0.00217702 -0.998813 0.0486541
v -12.6373 -47.788 -18.269
vn 0.16445 -0.972077 0.1674
v -11.4628 -47.7572 -18.5999
vn 0.439012 -0.869066 0.228017
v -10.4315 -47.461 -18.7279
vn -0.477885 -0.863247 -0.162574
v -17.2778 -46.3921 -19.192
vn -0.456548 -0.887141 -0.0674064
v -17.1864 -46.581 -18.0998
vn 0.807381 -0.564464 0.171802
v -8.38699 -45.8275 -19.9816
vn -0.703254 -0.689198 -0.174472
v -19.8329 -44.4533 -18.2984
vn -0.663214 -0.7276 -0.175342
v -21.5377 -42.8672 -17.8797
vn -0.627594 -0.766181 -0.13818
v -23.0975 -41.4773 -18.082
vn -0.702317 -0.706305 -0.0887936
v -24.6935 -39.9375 -19.2636
vn 0.974343 -0.194928 0.112514
v -5.75207 -39.9724 -18.9065
vn -0.78384 -0.618034 -0.060229
v -25.4241 -39.1591 -19.1312
vn -0.938827 -0.344141 -0.0130867
v -26.2458 -37.6924 -19.1189
vn -0.978187 -0.207584 -0.00766246
v -26.4903 -36.8279 -18.8764
vn 0.977656 -0.0978469 0.186052
v -5.62304 -37.9467 -17.7641
vn -0.999061 -0.0350204 -0.025514
v -26.8533 -33.4766 -18.12
vn 0.958043 0.131265 0.2548
v -5.29951 -34.0955 -18.3916
vn -0.913426 0.405771 -0.0316806
v -26.6307 -32.176 -18.114
vn 0.74855 0.611496 0.256409
v -6.23319 -32.1144 -18.1792
vn -0.851356 0.524416 -0.0134505
v -26.0716 -31.2137 -17.8883
vn 0.479748 0.755755 0.445731
v -12.4821 -30.575 -17.8386
vn 0.334777 0.857793 0.39002
v -12.2207 -30.2514 -18.7342
vn -0.00068029 0.890355 0.455265
v -11.5604 -30.7592 -17.9976
vn 0.492403 0.864208 0.103368
v -7.44829 -30.8542 -19.1579
vn 0.600403 0.767652 0.22411
v -7.07473 -31.3728 -17.7726
vn -0.778585 0.615549 -0.122082
v -25.5599 -30.5725 -18.4802
vn -0.0471914 0.955988 0.289584
v -9.92934 -30.4923 -18.111
vn -0.699267 0.706403 -0.109642
v -23.655 -28.5234 -17.9769
vn 0.760665 0.579491 0.292538
v -13.1718 -29.7095 -18.116
vn 0.793803 0.583655 0.17095
v -13.4627 -28.9386 -18.983
vn 0.805754 0.568296 0.166733
v -14.3638 -28.0532 -17.5206
vn -0.627432 0.765527 -0.142471
v -22.0316 -26.9116 -18.11
vn -0.498268 0.860301 -0.107759
v -20.8632 -26.145 -18.1847
vn 0.488165 0.869675 0.0732226
v -16.1629 -25.9598 -19.1367
vn 0.352653 0.931746 0.0865211
v -17.0445 -25.5914 -18.7632
vn -0.202921 -0.978475 0.0375474
v -14.4031 -47.6432 -17.3529
vn -0.109481 -0.993861 0.0159344
v -13.7678 -47.7318 -17.4277
vn 0.592736 -0.786994 0.171187
v -10.1388 -46.8679 -17.0195
vn -0.564738 -0.818315 -0.10692
v -18.0168 -46.0948 -18.2857
vn -0.397525 -0.917509 0.0123113
v -16.2566 -47.061 -17.3574
vn 0.731463 -0.655319 0.188464
v -9.65847 -46.3548 -16.8798
vn -0.66026 -0.742962 -0.109837
v -18.8475 -45.4558 -18.0071
vn 0.824836 -0.533679 0.186635
v -7.6766 -44.4187 -19.2304
vn 0.869445 -0.461995 0.175004
v -6.83337 -42.4612 -17.4166
vn 0.918587 -0.369518 0.140194
v -6.31527 -41.5229 -17.7295
vn -0.722552 -0.686789 -0.0789875
v -24.5781 -40.3707 -16.9887
vn -0.678482 -0.729028 -0.0904453
v -24.1179 -40.9321 -15.9719
vn -0.881921 -0.47108 -0.0173059
v -25.7399 -38.7905 -17.545
vn 0.970693 -0.0394807 0.237059
v -5.25466 -35.8449 -18.376
vn 0.960099 -0.0117735 0.279412
v -5.74135 -37.1588 -17.0017
vn -0.993298 -0.115376 0.00695137
v -26.6339 -35.9043 -17.7525
vn 0.937516 0.0211251 0.3473
v -5.5933 -35.5192 -17.3739
vn 0.904926 0.119668 0.408397
v -5.63874 -34.4145 -17.3961
vn 0.876613 0.360832 0.318356
v -5.62192 -33.0119 -18.1038
vn 0.815082 0.392655 0.425984
v -6.1097 -32.9085 -17.297
vn -0.922058 0.367623 0.121087
v -26.5021 -32.1351 -17.1035
vn 0.0781213 0.832141 0.549034
v -11.7337 -31.3804 -17.0958
vn -0.875234 0.476542 0.0828974
v -26.0833 -31.2924 -16.6742
vn 0.682468 0.60668 0.407648
v -12.8362 -30.5705 -17.3166
vn -0.25196 0.812908 0.525069
v -11.0377 -31.2204 -17.0907
vn 0.361029 0.901673 0.237999
v -8.14607 -30.7454 -17.8973
vn 0.477718 0.783675 0.397037
v -7.48019 -31.3142 -17.1485
vn -0.779125 0.625853 0.0356737
v -25.3922 -30.2067 -17.1286
vn -0.103841 0.919282 0.379656
v -9.84938 -30.7518 -17.2634
vn 0.119773 0.961312 0.24806
v -8.8262 -30.627 -17.7039
vn -0.72191 0.690638 -0.0431845
v -24.9765 -29.7592 -17.5062
vn -0.707885 0.706075 0.018894
v -23.5546 -28.3348 -17.0226
vn -0.639339 0.768924 -0.000760474
v -22.2029 -26.9856 -17.1817
vn 0.648665 0.750461 0.126657
v -15.5508 -26.4421 -18.6707
vn 0.732898 0.660343 0.163732
v -14.9418 -27.2987 -17.6684
vn -0.51618 0.85619 0.0222939
v -21.2501 -26.3315 -17.2027
vn -0.399364 0.916368 0.0278901
v -20.1878 -25.7548 -17.2754
vn -0.226406 0.973774 0.022471
v -19.5036 -25.5259 -17.6311
vn -0.0596901 0.995831 0.0689798
v -18.6795 -25.402 -17.8335
vn 0.169284 0.980911 0.0956891
v -17.8267 -25.4299 -18.0679
vn -0.324411 -0.942584 0.0793238
v -15.6633 -47.2663 -16.6939
vn -0.274428 -0.940994 0.198041
v -15.275 -47.2943 -16.0351
vn 0.0193136 -0.996552 0.0806854
v -12.8039 -47.7308 -16.5357
vn 0.197696 -0.975783 0.0936135
v -11.7249 -47.6587 -17.4357
vn 0.407262 -0.902767 0.138382
v -10.8517 -47.3718 -17.3733
vn -0.497119 -0.867269 0.0267886
v -17.8559 -46.2536 -16.5432
vn -0.382978 -0.913605 0.13658
v -16.5599 -46.7939 -16.0512
vn -0.624289 -0.780377 -0.0357083
v -18.8868 -45.5313 -16.9004
vn 0.800636 -0.552644 0.231442
v -8.1804 -44.1539 -16.6565
vn -0.673073 -0.731887 -0.106368
v -21.2271 -43.4857 -16.2709
vn 0.826665 -0.52402 0.205007
v -7.15713 -43.0587 -17.5036
vn 0.952803 -0.264553 0.148922
v -6.05438 -40.576 -17.2091
vn -0.884458 -0.464601 0.0433655
v -25.5103 -39.1678 -15.149
vn 0.977477 -0.111991 0.178879
v -5.93512 -39.2519 -16.3512
vn -0.94795 -0.317805 0.0197545
v -26.2621 -37.5842 -17.0382
vn -0.917021 -0.398622 0.0131271
v -25.9559 -38.3745 -16.8599
vn -0.97941 -0.198748 0.0354271
v -26.4972 -36.6988 -16.9907
vn 0.904952 0.0998022 0.413644
v -6.1279 -36.5713 -16.0199
vn -0.995761 -0.073574 0.055198
v -26.6864 -35.0383 -16.6022
vn 0.820891 0.206619 0.532398
v -6.09547 -34.0178 -16.688
vn -0.994949 -0.0063477 0.100182
v -26.7531 -34.0874 -16.8859
vn -0.984252 0.160857 0.0733039
v -26.846 -32.8883 -17.5214
vn -0.973767 0.158006 0.163745
v -26.6413 -33.2249 -16.2996
vn 0.762927 0.317721 0.563025
v -6.51977 -32.9505 -16.5567
vn 0.464778 0.738756 0.48808
v -12.4177 -31.5982 -16.3584
vn 0.146082 0.848227 0.509088
v -11.8734 -31.9197 -16.1476
vn -0.146215 0.771602 0.619073
v -10.9622 -31.9616 -16.0321
vn 0.567069 0.523715 0.635732
v -7.11069 -32.1383 -16.3364
vn 0.725338 0.560618 0.399489
v -6.73114 -32.1052 -16.8937
vn -0.841733 0.474479 0.257594
v -25.9057 -31.2903 -15.3275
vn 0.759778 0.513427 0.398911
v -13.334 -31.301 -15.5952
vn 0.350299 0.694655 0.628288
v -7.83227 -31.5349 -16.5109
vn -0.787428 0.592057 0.171537
v -25.5636 -30.6368 -15.9748
vn 0.822793 0.466785 0.324227
v -13.3294 -30.0953 -16.9664
vn 0.20889 0.863196 0.459628
v -8.85345 -30.9509 -16.7696
vn 0.85439 0.472134 0.217044
v -13.9924 -28.8874 -16.9077
vn -0.708426 0.694789 0.124097
v -23.9901 -28.8645 -16.3
vn -0.660826 0.736926 0.142301
v -22.0882 -26.9893 -15.9222
vn 0.656441 0.727069 0.201138
v -15.4246 -27.26 -15.9312
vn 0.520372 0.833354 0.186372
v -16.364 -26.1849 -17.226
vn -0.538185 0.830227 0.145192
v -21.6582 -26.7067 -15.7055
vn 0.359211 0.912451 0.19596
v -17.144 -25.8047 -17.046
vn -0.276067 0.941611 0.192759
v -19.7902 -25.7428 -16.2656
vn -0.13963 -0.979487 0.14529
v -13.718 -47.599 -15.8824
vn 0.604127 -0.783025 0.147994
v -10.4342 -46.9117 -15.8118
vn -0.447581 -0.885728 0.123113
v -17.7401 -46.2371 -15.5443
vn -0.319654 -0.921977 0.218584
v -16.0585 -46.7903 -15.1609
vn -0.585477 -0.809467 0.044505
v -19.0887 -45.3562 -15.6446
vn 0.809235 -0.548605 0.210168
v -9.05814 -45.4043 -16.51
vn -0.643944 -0.764805 -0.0202543
v -21.0489 -43.7495 -15.1529
vn -0.666351 -0.742946 -0.0633001
v -22.9039 -42.1785 -15.0417
vn 0.808378 -0.531902 0.2522
v -7.50072 -42.6065 -15.3593
vn 0.817884 -0.503965 0.277642
v -7.56554 -42.2777 -14.5245
vn -0.715032 -0.699091 -0.00112515
v -23.9049 -41.2391 -14.8938
vn 0.873974 -0.430542 0.225395
v -6.62965 -41.6164 -16.2248
vn -0.801819 -0.596978 -0.0265195
v -25.1031 -39.8679 -16.1018
vn -0.760839 -0.648847 -0.0110068
v -24.7502 -40.3155 -15.5691
vn 0.931894 -0.236784 0.274785
v -6.39486 -40.1643 -15.1014
vn 0.953586 -0.00643673 0.301053
v -6.14857 -38.5842 -15.3798
vn 0.80572 0.231636 0.545123
v -6.58311 -35.9467 -15.4511
vn -0.990066 -0.122686 0.0686906
v -26.5544 -35.9524 -15.7958
vn 0.687756 0.304808 0.658851
v -7.15161 -35.0749 -15.1202
vn 0.540791 0.38199 0.749419
v -7.68162 -34.1348 -15.079
vn -0.958781 0.202 0.199837
v -26.4243 -33.0739 -15.1293
vn 0.306721 0.829742 0.466317
v -12.2787 -32.2229 -15.3782
vn -0.0332084 0.718792 0.694432
v -10.3706 -32.3487 -15.4633
vn 0.118012 0.806011 0.580017
v -10.8714 -32.7933 -14.8825
vn 0.143965 0.637134 0.757188
v -9.53166 -32.8397 -15.0757
vn 0.326208 0.492553 0.806833
v -8.3626 -33.0242 -15.2551
vn 0.312603 0.59035 0.744155
v -9.08656 -33.4057 -14.7245
vn 0.64236 0.28167 0.712766
v -6.97735 -33.3462 -15.9133
vn -0.938102 0.299416 0.17411
v -26.2726 -32.123 -15.55
vn 0.576373 0.691063 0.436148
v -13.0013 -31.7256 -15.5356
vn -0.0471667 0.612566 0.789011
v -9.5889 -31.8349 -15.797
vn 0.39063 0.464665 0.794666
v -7.81236 -32.5146 -15.7394
vn -0.767275 0.554193 0.322739
v -25.4867 -31.092 -14.7352
vn -0.0892671 0.773238 0.627801
v -9.61889 -31.1354 -16.2991
vn 0.209098 0.609796 0.764478
v -8.65405 -31.7203 -15.98
vn -0.735362 0.642606 0.215174
v -24.9809 -29.9936 -15.6035
vn 0.888776 0.355489 0.289318
v -13.8105 -29.8972 -15.8991
vn -0.701203 0.665092 0.256839
v -24.0097 -29.2514 -14.9677
vn 0.848096 0.431584 0.307357
v -14.5935 -28.734 -14.4941
vn 0.775887 0.598634 0.199089
v -14.7537 -28.094 -15.4116
vn -0.385324 0.905419 0.178164
v -20.7133 -26.1688 -16.1451
vn -0.0809461 0.971772 0.221602
v -19.1572 -25.6508 -16.191
vn -0.188653 0.941832 0.27814
v -19.7422 -26.0639 -15.2315
vn 0.140174 0.964577 0.223478
v -18.2483 -25.6748 -16.232
vn 0.0360775 0.954143 0.297168
v -18.6656 -26.0081 -15.0537
vn 0.26994 0.922114 0.277197
v -17.6551 -26.0686 -15.3844
vn 0.444561 0.857477 0.259034
v -16.7637 -26.5377 -15.0481
vn -0.0327746 -0.979509 0.198718
v -12.7908 -47.5363 -14.9364
vn 0.162883 -0.97584 0.145622
v -12.0662 -47.4978 -14.8868
vn 0.41219 -0.898874 0.148748
v -11.2078 -47.2661 -15.147
vn 0.704228 -0.683174 0.193228
v -10.333 -46.4577 -14.3061
vn -0.380324 -0.890921 0.248221
v -17.4186 -46.1879 -14.4559
vn -0.269873 -0.912778 0.306601
v -15.0755 -46.7487 -14.0232
vn -0.502754 -0.85332 0.138146
v -18.7093 -45.53 -14.77
vn -0.407802 -0.879649 0.244777
v -17.6847 -45.868 -13.927
vn -0.595881 -0.799962 0.0706158
v -20.2553 -44.3863 -13.9673
vn 0.861517 -0.410996 0.298112
v -7.08962 -41.3732 -14.4211
vn -0.701342 -0.704148 0.11088
v -23.3661 -41.7143 -13.8373
vn -0.769373 -0.632715 0.0879614
v -24.6626 -40.3457 -14.1676
vn 0.898671 0.106049 0.42561
v -6.45322 -38.185 -14.6129
vn -0.931461 -0.359272 0.0574762
v -25.9537 -38.0827 -14.8063
vn -0.972026 -0.223919 0.0708866
v -26.2726 -36.9903 -14.3742
vn -0.988885 -0.0200762 0.147323
v -26.5143 -35.0404 -14.5131
vn -0.972324 0.115847 0.202893
v -26.4743 -34.0709 -14.5594
vn 0.455588 0.481492 0.748736
v -8.28435 -33.8881 -14.7991
vn -0.900528 0.297319 0.317255
v -26.0628 -32.8174 -13.9568
vn 0.469549 0.801761 0.369735
v -12.7508 -32.3472 -14.7645
vn 0.329314 0.809138 0.486671
v -11.0657 -33.3605 -13.9106
vn 0.291853 0.699473 0.652349
v -9.93667 -33.5527 -14.2485
vn 0.717722 0.604131 0.346266
v -13.5256 -32 -14.0227
vn 0.851104 0.393382 0.347668
v -13.8068 -31.2637 -14.4436
vn -0.722806 0.599946 0.342953
v -24.3799 -30.2377 -13.6996
vn 0.891669 0.287638 0.349558
v -14.3114 -29.9082 -14.2604
vn 0.687296 0.647364 0.329461
v -15.4897 -27.695 -14.3217
vn 0.55693 0.779197 0.287542
v -16.0846 -27.0689 -14.704
vn -0.202685 -0.937683 0.282258
v -13.3918 -47.2004 -13.909
vn 0.195188 -0.950758 0.240749
v -11.8815 -47.2217 -13.7931
vn 0.468021 -0.853052 0.230779
v -11.1296 -46.9535 -13.7164
vn -0.263508 -0.883216 0.387935
v -14.7801 -46.4602 -12.999
vn -0.218692 -0.894148 0.390735
v -13.7001 -46.8296 -13.1698
vn 0.774726 -0.578238 0.255812
v -10.2495 -45.9876 -13.2676
vn -0.360649 -0.905765 0.222535
v -18.4668 -45.4389 -13.4044
vn -0.292087 -0.898155 0.328638
v -17.3436 -45.7689 -13.201
vn 0.825324 -0.519479 0.221318
v -9.51611 -45.4215 -14.5838
vn 0.77406 -0.509998 0.375144
v -10.2833 -45.5402 -12.3535
vn 0.817226 -0.515139 0.258406
v -8.69681 -44.0655 -14.7452
vn 0.808587 -0.494693 0.318537
v -9.35036 -43.8829 -12.5257
vn -0.648802 -0.75354 0.105987
v -21.8242 -43.0932 -13.5349
vn 0.849136 -0.37438 0.372569
v -7.73088 -41.5256 -12.8699
vn 0.811417 -0.503039 0.29758
v -8.00254 -42.2951 -13.3203
vn 0.8924 -0.25342 0.373364
v -7.13947 -40.711 -13.5668
vn -0.744717 -0.643072 0.178477
v -24.3965 -40.3408 -12.7757
vn 0.915667 -0.0788138 0.394134
v -6.55388 -39.6604 -14.3786
vn -0.84264 -0.532287 0.0814112
v -25.1987 -39.5861 -14.1257
vn 0.857679 0.0957721 0.505188
v -6.92262 -38.9892 -13.6878
vn -0.90405 -0.419049 0.0842144
v -25.7636 -38.3474 -12.8945
vn 0.770369 0.296622 0.5644
v -7.4544 -38.0601 -13.2514
vn 0.810197 0.21294 0.546112
v -6.70097 -37.7069 -14.3098
vn -0.984947 -0.116873 0.127361
v -26.306 -36.3494 -13.7261
vn 0.708571 0.486045 0.511554
v -8.47357 -37.1017 -12.5689
vn 0.660599 0.408067 0.630151
v -8.19679 -36.8456 -13.1276
vn 0.715596 0.320712 0.620537
v -7.12916 -36.9822 -14.1219
vn 0.630599 0.582636 0.512719
v -10.0534 -35.0486 -12.6074
vn 0.629794 0.372828 0.681439
v -7.82591 -35.8583 -14.0122
vn 0.565426 0.513144 0.645737
v -9.35652 -35.172 -13.2108
vn 0.530486 0.447785 0.719774
v -8.6513 -35.0392 -13.8198
vn -0.906053 0.212015 0.36622
v -26.0364 -33.6436 -13.2698
vn 0.517841 0.71206 0.474142
v -11.0358 -34.2294 -12.4915
vn 0.473026 0.654139 0.59021
v -10.2578 -34.1632 -13.3884
vn 0.428912 0.564504 0.705244
v -9.41064 -34.3279 -13.8041
vn 0.473129 0.813237 0.338812
v -12.5926 -33.0751 -13.0144
vn 0.420321 0.821587 0.385129
v -11.9249 -33.4054 -13.0482
vn -0.816459 0.423521 0.392461
v -25.4329 -32.0457 -13.3899
vn -0.763277 0.506737 0.40078
v -24.9283 -31.2743 -13.2103
vn 0.805219 0.472413 0.358398
v -14.2171 -31.5279 -13.3209
vn -0.696392 0.675261 0.243024
v -22.7199 -27.9588 -14.6631
vn -0.713637 0.605828 0.351702
v -23.1898 -29.2882 -12.9482
vn 0.815011 0.437763 0.379632
v -14.9104 -29.0429 -13.6153
vn 0.676085 0.652804 0.341696
v -15.6449 -27.9939 -13.5784
vn -0.592175 0.746183 0.304204
v -21.5952 -27.3938 -13.3332
vn 0.373177 0.867523 0.32885
v -17.2441 -26.833 -13.4782
vn 0.496311 0.779001 0.383189
v -16.7432 -27.3127 -12.958
vn -0.412321 0.859399 0.302365
v -20.8339 -26.814 -13.3519
vn -0.18981 0.932658 0.306793
v -20.0334 -26.544 -13.5311
vn -0.0131396 0.943769 0.330344
v -19.1255 -26.4533 -13.5656
vn 0.167475 0.928297 0.331991
v -18.087 -26.3635 -14.0818
vn -0.0346145 -0.927863 0.371311
v -12.4927 -47.0936 -13.1373
vn -0.299951 -0.790129 0.534533
v -15.1836 -45.9436 -12.2207
vn -0.248923 -0.773116 0.583376
v -14.4807 -46.0465 -11.8561
vn -0.165789 -0.873791 0.457168
v -13.6665 -46.3649 -12.1386
vn -0.041055 -0.864511 0.500935
v -12.5986 -46.647 -12.3925
vn 0.268559 -0.866837 0.420083
v -11.5006 -46.8568 -12.9488
vn 0.61283 -0.713415 0.339822
v -10.7627 -46.3796 -12.815
vn -0.502737 -0.843694 0.188243
v -19.2137 -44.9607 -12.838
vn -0.208881 -0.904953 0.370714
v -17.3436 -45.4797 -12.363
vn -0.209201 -0.86487 0.456328
v -16.1207 -45.6691 -12.2365
vn -0.582932 -0.789799 0.19081
v -19.959 -44.445 -12.8443
vn -0.488234 -0.805 0.337049
v -19.4918 -44.4793 -11.9316
vn 0.742375 -0.462673 0.484576
v -9.58893 -43.5821 -11.5957
vn -0.630365 -0.719233 0.292137
v -21.0715 -43.2905 -11.7862
vn 0.79015 -0.495155 0.361227
v -8.71561 -42.6531 -12.0713
vn -0.670757 -0.699931 0.245318
v -22.7244 -41.9567 -12.4896
vn 0.837069 -0.205417 0.50707
v -8.01311 -40.9955 -11.961
vn 0.893168 -0.0530501 0.446583
v -7.24798 -39.9047 -13.014
vn -0.802611 -0.571674 0.170307
v -25.0714 -39.413 -12.4141
vn 0.84674 0.112253 0.52003
v -7.67306 -39.3873 -12.2441
vn -0.968447 -0.228578 0.0993098
v -26.002 -37.6601 -12.9363
vn -0.915819 -0.283112 0.28482
v -25.736 -38.006 -11.4438
vn 0.776165 0.397713 0.489277
v -8.01653 -37.9518 -12.5132
vn -0.967612 -0.0198463 0.251662
v -26.013 -36.8076 -12.2616
vn -0.954185 0.086006 0.28659
v -26.2167 -34.7662 -13.3086
vn -0.912295 0.127894 0.389052
v -25.6164 -35.9274 -11.3329
vn -0.846247 0.264405 0.462554
v -25.2685 -34.54 -11.2491
vn -0.840043 0.329147 0.431265
v -25.4234 -32.9805 -12.529
vn 0.493722 0.755252 0.431083
v -12.9254 -33.5377 -11.5922
vn -0.791892 0.382305 0.476182
v -24.7577 -32.5436 -11.5931
vn 0.729303 0.55153 0.404886
v -14.3095 -32.1359 -12.0648
vn 0.843366 0.343296 0.413379
v -14.713 -31.3602 -12.2059
vn -0.670209 0.527362 0.522215
v -23.6762 -31.0542 -11.3693
vn -0.697818 0.568013 0.436362
v -23.6538 -30.4081 -12.1564
vn 0.846178 0.313886 0.43065
v -15.1304 -29.9165 -12.2511
vn 0.745619 0.490561 0.451001
v -15.7447 -28.6433 -12.1269
vn -0.617891 0.684941 0.386091
v -21.7782 -27.99 -12.2662
vn 0.591087 0.677696 0.43743
v -16.1844 -27.9735 -12.4786
vn -0.341215 0.828202 0.444582
v -20.5108 -27.0097 -12.6975
vn -0.0899685 0.86865 0.487188
v -19.6217 -26.9807 -12.3709
vn 0.0891146 0.861304 0.500213
v -18.6324 -26.9999 -12.3393
vn 0.259549 0.83979 0.476851
v -17.8543 -27.0783 -12.4623
vn -0.0528962 -0.766259 0.640351
v -12.9025 -46.0539 -11.4949
vn 0.132918 -0.791288 0.596821
v -11.7717 -46.2016 -11.737
vn 0.654839 -0.48492 0.579687
v -10.6093 -45.4006 -11.67
vn -0.334722 -0.871277 0.358939
v -18.4855 -45.0434 -11.9123
vn -0.153782 -0.778753 0.60819
v -15.4575 -45.3283 -11.4809
vn -0.230667 -0.645754 0.727869
v -14.4689 -45.5084 -11.3555
vn -0.47525 -0.750783 0.458762
v -19.7153 -43.9023 -10.9942
vn -0.121563 -0.84926 0.513789
v -16.344 -45.2171 -11.507
vn 0.659058 -0.426057 0.619772
v -10.1008 -44.0788 -11.3208
vn -0.561092 -0.750637 0.348882
v -20.4451 -43.6884 -11.527
vn -0.617192 -0.685823 0.385643
v -22.1036 -42.0037 -11.1985
vn 0.798018 -0.360941 0.482586
v -8.48871 -41.8986 -11.633
vn -0.656655 -0.688412 0.308046
v -23.2686 -40.9445 -11.1789
vn -0.699444 -0.662285 0.268621
v -23.9906 -40.2668 -11.2276
vn 0.861014 -0.141009 0.488643
v -7.65271 -40.3708 -12.2678
vn 0.823649 0.019023 0.56678
v -8.18349 -39.7728 -11.4764
vn -0.757216 -0.518642 0.397032
v -24.8123 -39.1817 -10.8243
vn 0.812106 0.244736 0.529706
v -8.21852 -38.6217 -11.708
vn 0.750361 0.429813 0.502214
v -8.7401 -37.664 -11.3816
vn 0.533998 0.667905 0.518411
v -11.8347 -35.0022 -10.5051
vn 0.6284 0.594446 0.501744
v -10.4962 -35.573 -11.3245
vn 0.594193 0.690977 0.411685
v -13.8655 -32.8389 -11.6208
vn 0.631718 0.547691 0.548605
v -14.715 -32.3153 -11.223
vn 0.722713 0.393657 0.568084
v -15.0348 -31.5007 -11.517
vn -0.601801 0.546317 0.582558
v -23.0641 -30.3849 -11.3976
vn 0.750787 0.294681 0.59117
v -15.6391 -29.7875 -11.5454
vn -0.558324 0.485687 0.672594
v -22.2761 -29.556 -11.3019
vn 0.550664 0.449318 0.703479
v -16.3226 -28.9232 -11.2418
vn -0.646299 0.551759 0.527125
v -21.9774 -28.542 -11.8701
vn 0.284485 0.540191 0.791999
v -17.1221 -28.3487 -11.1636
vn 0.404943 0.713799 0.571412
v -16.9138 -28.08 -11.5446
vn -0.433934 0.699302 0.568047
v -21.0512 -27.9754 -11.4709
vn -0.160758 0.739587 0.65358
v -20.201 -27.697 -11.4856
vn 0.0106685 0.741429 0.670946
v -19.2511 -27.6801 -11.4088
vn 0.15056 0.704998 0.693044
v -18.1089 -27.7814 -11.4628
vn -0.0900643 -0.57836 0.810795
v -13.1741 -45.4638 -10.9863
vn 0.146227 -0.59153 0.792912
v -11.8531 -45.6318 -11.1525
vn 0.455902 -0.66086 0.596168
v -11.0956 -45.8247 -11.5547
vn -0.0515475 -0.637644 0.768604
v -14.7264 -44.6922 -10.7342
vn -0.0726362 -0.490052 0.868661
v -13.5381 -44.8887 -10.7322
vn 0.140948 -0.416959 0.89793
v -12.0555 -44.6812 -10.5979
vn 0.435298 -0.431142 0.790337
v -11.0571 -45.1017 -11.1129
vn -0.343228 -0.805212 0.483558
v -18.6216 -44.2356 -10.6019
vn -0.130537 -0.856614 0.499172
v -17.4732 -44.8006 -11.0049
vn 0.0151222 -0.790426 0.612371
v -16.1592 -44.7165 -10.7783
vn 0.193554 -0.700731 0.686668
v -16.2435 -43.6792 -9.38798
vn 0.127986 -0.677712 0.724104
v -15.3903 -44.1741 -10.2541
vn 0.0486033 -0.548205 0.83493
v -14.0317 -43.8591 -10.202
vn 0.419743 -0.404429 0.81256
v -10.7989 -44.1437 -10.8201
vn -0.423278 -0.692499 0.584193
v -18.975 -43.5276 -9.81463
vn 0.173082 -0.634291 0.75347
v -14.49 -43.2716 -9.70282
vn 0.0496233 -0.474365 0.878928
v -12.9244 -43.6056 -10.096
vn 0.201337 -0.491375 0.847357
v -11.8043 -43.4933 -10.1681
vn 0.596463 -0.448763 0.665465
v -9.90149 -43.1791 -10.9066
vn -0.558172 -0.662299 0.499804
v -21.1145 -42.5299 -10.6023
vn 0.0960524 -0.583146 0.806669
v -12.4134 -42.8552 -9.63636
vn 0.387223 -0.530979 0.753737
v -10.8735 -43.135 -10.2632
vn 0.579689 -0.519787 0.627521
v -9.85929 -42.3155 -10.321
vn -0.516831 -0.644337 0.563662
v -21.4571 -41.7531 -10.0295
vn 0.732469 -0.376349 0.567318
v -9.07183 -41.5696 -10.622
vn -0.594466 -0.677931 0.432458
v -22.779 -41.1027 -10.5105
vn 0.829377 -0.105897 0.548562
v -8.65282 -40.4419 -10.7552
vn -0.647606 -0.602139 0.466942
v -23.7675 -40.0268 -10.344
vn 0.800879 0.181682 0.5706
v -9.02606 -39.0807 -10.335
vn -0.840103 -0.244796 0.484047
v -25.357 -37.8698 -10.7485
vn -0.780535 -0.368811 0.504721
v -24.7971 -38.6185 -10.2676
vn 0.687602 0.387075 0.614309
v -9.78315 -38.1275 -9.80642
vn -0.891157 -0.00346012 0.453682
v -25.4193 -36.9509 -10.6678
vn 0.645933 0.502241 0.574912
v -9.8347 -37.116 -10.5366
vn -0.800327 0.219049 0.558116
v -24.8411 -35.7546 -9.79694
vn 0.593161 0.538396 0.598574
v -10.8029 -36.2638 -10.2296
vn -0.765708 0.325707 0.554623
v -24.6195 -34.3365 -10.3415
vn 0.387137 0.6292 0.673968
v -13.9659 -34.1005 -9.90785
vn 0.483829 0.7009 0.524069
v -13.3828 -33.7972 -10.7228
vn 0.468536 0.6027 0.645931
v -12.5799 -35.2717 -9.49729
vn -0.720621 0.395214 0.569659
v -23.9355 -32.1539 -10.7296
vn -0.663935 0.318416 0.67661
v -23.5032 -33.5883 -9.39765
vn 0.338112 0.474786 0.812563
v -16.3452 -32.5306 -9.9741
vn 0.476385 0.604864 0.638119
v -14.9837 -32.8711 -10.4181
vn -0.657817 0.461247 0.595423
v -23.3685 -32.24 -10.0111
vn 0.130046 0.385682 0.913421
v -18.6912 -31.4012 -9.87671
vn 0.154744 0.50515 0.849045
v -19.2355 -31.9003 -9.52512
vn 0.231515 0.46742 0.853182
v -17.5046 -32.2969 -9.69753
vn 0.524882 0.437883 0.729903
v -15.5003 -32.135 -10.6429
vn -0.4298 0.524272 0.735126
v -22.2709 -30.4424 -10.6831
vn -0.501454 0.59385 0.629195
v -22.7469 -31.3479 -10.2102
vn -0.193508 0.457687 0.8678
v -21.1772 -30.4799 -10.226
vn -0.213728 0.613618 0.760127
v -21.7442 -31.1228 -9.92637
vn -0.0157914 0.34466 0.938595
v -20.0888 -30.6645 -10.043
vn 0.020453 0.521271 0.853146
v -20.6743 -31.2186 -9.74726
vn 0.0773189 0.260924 0.962258
v -18.8001 -30.6257 -10.099
vn 0.223761 0.309596 0.924165
v -17.2981 -31.5699 -10.0853
vn 0.383186 0.307683 0.870919
v -16.5346 -31.4229 -10.3747
vn -0.370328 0.407694 0.834652
v -21.4866 -29.5871 -10.7451
vn -0.169895 0.340169 0.92489
v -20.4655 -29.77 -10.3695
vn 0.554002 0.285824 0.781912
v -16.0153 -30.9543 -10.7921
vn -0.196138 0.403966 0.8935
v -20.6181 -28.9199 -10.71
vn -0.0349599 0.342756 0.938774
v -19.4888 -29.1434 -10.4774
vn 0.123027 0.331986 0.935227
v -18.2392 -29.3525 -10.4464
vn 0.319413 0.302605 0.898001
v -17.1245 -29.6654 -10.6184
vn -0.369753 0.539875 0.756186
v -21.0254 -28.2979 -11.1526
vn -0.0129301 0.550813 0.834528
v -19.408 -28.2644 -10.9018
vn 0.158239 0.485545 0.859771
v -17.8365 -28.6253 -10.8605
vn -0.170923 -0.732248 0.659241
v -17.6387 -43.8519 -9.49577
vn 0.0310492 -0.775998 0.629971
v -16.7585 -44.001 -9.66052
vn -0.333489 -0.56994 0.750968
v -18.6009 -43.287 -9.35372
vn -0.44134 -0.545784 0.712278
v -20.1137 -42.3081 -9.50893
vn 0.165297 -0.580935 0.796989
v -14.1899 -42.5222 -9.13811
vn 0.186122 -0.58166 0.791852
v -11.5521 -42.5507 -9.53944
vn 0.397193 -0.48436 0.779508
v -10.4781 -41.7707 -9.27993
vn -0.382911 -0.512945 0.768288
v -20.9623 -41.3658 -9.32153
vn 0.640998 -0.390285 0.660908
v -9.71762 -41.4535 -9.71244
vn 0.728497 -0.197864 0.655852
v -9.51999 -40.7213 -9.58887
vn -0.535251 -0.551283 0.639995
v -23.1489 -40.0602 -9.71148
vn -0.470905 -0.553278 0.687118
v -22.3894 -40.561 -9.51414
vn 0.708297 0.036875 0.70495
v -9.49622 -39.7644 -9.50734
vn -0.52836 -0.471001 0.706395
v -23.4531 -39.4091 -9.4306
vn -0.78379 -0.183522 0.593289
v -24.8554 -37.7092 -9.85683
vn -0.648003 -0.392647 0.652626
v -24.3434 -38.5399 -9.61118
vn 0.60066 0.260951 0.755719
v -9.99181 -38.7083 -9.25422
vn 0.520396 0.424877 0.740721
v -10.7607 -37.5103 -9.32266
vn 0.505935 0.451248 0.735123
v -11.2877 -36.6748 -9.49518
vn -0.740902 0.0261771 0.671103
v -24.7311 -36.5132 -9.51245
vn 0.368747 0.41411 0.832189
v -12.5286 -35.8687 -9.11229
vn 0.33762 0.556108 0.759445
v -15.1481 -33.7881 -9.53928
vn 0.257125 0.484991 0.835865
v -15.0791 -34.4134 -9.16306
vn 0.297285 0.548656 0.781408
v -13.4348 -35.0728 -9.24956
vn 0.248898 0.488149 0.836517
v -16.724 -33.4194 -9.24335
vn 0.184909 0.486345 0.853978
v -18.7299 -32.6503 -9.15613
vn -0.155962 -0.509898 0.845978
v -17.659 -43.212 -9.01921
vn -0.255253 -0.388227 0.885509
v -18.8075 -42.4238 -8.94036
vn -0.0709176 -0.356171 0.931726
v -17.0964 -42.5652 -8.62414
vn 0.0848967 -0.547522 0.832474
v -16.5243 -43.2947 -9.01727
vn -0.293859 -0.360076 0.885433
v -19.4613 -41.5777 -8.82772
vn -0.182082 -0.281346 0.942173
v -18.375 -41.5068 -8.52194
vn 0.0650606 -0.27798 0.958381
v -16.3462 -41.9986 -8.4757
vn 0.12331 -0.399233 0.908519
v -14.4432 -41.9201 -8.71981
vn 0.141139 -0.459326 0.876983
v -11.861 -41.6981 -8.8863
vn -0.327445 -0.417566 0.847596
v -21.5695 -40.3244 -8.95361
vn -0.239441 -0.335684 0.911035
v -20.3939 -40.7301 -8.76901
vn -0.162563 -0.193977 0.967443
v -18.8524 -40.7236 -8.44102
vn -0.0836975 -0.185641 0.979047
v -17.6831 -41.3539 -8.38926
vn 0.0142222 -0.125277 0.99202
v -16.2648 -41.0634 -8.30685
vn 0.0778679 -0.214403 0.973636
v -14.734 -40.9716 -8.38254
vn 0.0837498 -0.245017 0.965895
v -13.1669 -40.9127 -8.48043
vn 0.221747 -0.251513 0.942109
v -11.2191 -40.9785 -8.71384
vn -0.363466 -0.377079 0.851882
v -22.4687 -39.4683 -8.92862
vn -0.200412 -0.250008 0.947276
v -21.1562 -39.4885 -8.52704
vn -0.110171 -0.154076 0.981898
v -19.5799 -39.8124 -8.38866
vn -0.0513657 -0.0698449 0.996235
v -18.1421 -39.8627 -8.2799
vn -0.00655529 -0.0428679 0.999059
v -16.2138 -39.9359 -8.23196
vn 0.0529138 -0.0799643 0.995392
v -14.2464 -39.984 -8.27545
vn 0.117233 -0.103189 0.987729
v -12.0637 -40.1077 -8.4303
vn 0.500419 -0.15783 0.851276
v -10.2283 -40.6321 -9.00299
vn -0.423572 -0.28035 0.861389
v -23.3915 -38.4766 -8.95601
vn -0.278647 -0.236889 0.93072
v -22.3555 -38.4829 -8.55327
vn -0.166861 -0.188943 0.967708
v -21.556 -38.6936 -8.4403
vn -0.0733905 -0.100586 0.992218
v -20.218 -38.8393 -8.31218
vn -0.032738 -0.049903 0.998217
v -18.1939 -38.9211 -8.23406
vn 0.0622616 0.0347438 0.997455
v -14.0126 -38.6119 -8.25318
vn 0.153373 0.0587721 0.986419
v -12.2159 -39.1472 -8.39903
vn 0.282896 0.0139166 0.95905
v -11.1631 -39.7248 -8.56129
vn 0.463431 0.0965929 0.880853
v -10.3818 -39.3053 -8.92816
vn -0.572946 -0.148676 0.805995
v -24.1235 -37.4634 -9.0922
vn -0.362551 -0.125794 0.923435
v -23.2751 -37.4684 -8.62985
vn -0.18157 -0.112688 0.9769
v -22.2151 -37.8022 -8.39867
vn -0.0559406 -0.057261 0.996791
v -20.671 -37.871 -8.26475
vn -0.0107573 -0.0138465 0.999846
v -18.2279 -37.953 -8.21449
vn 0.00565457 0.00129199 0.999983
v -16.2407 -38.477 -8.2145
vn 0.205648 0.151581 0.966815
v -12.4715 -38.3189 -8.44708
vn 0.336245 0.225854 0.914292
v -11.1046 -38.4061 -8.82457
vn -0.58329 0.0492691 0.810768
v -24.23 -36.4272 -9.08102
vn 0.0164222 0.0404991 0.999045
v -19.2481 -36.3455 -8.21283
vn 0.0338026 0.0564967 0.99783
v -17.273 -36.9969 -8.24155
vn 0.0551346 0.100254 0.993433
v -15.0786 -37.1444 -8.2948
vn 0.172123 0.164113 0.971309
v -13.3264 -37.4376 -8.42169
vn 0.341439 0.291659 0.893507
v -12.0304 -37.3773 -8.79668
vn -0.42776 0.0494507 0.902538
v -23.6537 -36.2572 -8.75207
vn -0.233829 0.0290862 0.971842
v -22.7002 -36.3626 -8.41838
vn -0.0986396 0.019149 0.994939
v -21.7775 -36.3811 -8.28081
vn -0.0349214 0.00715379 0.999364
v -20.7508 -36.3636 -8.22469
vn 0.0752411 0.133008 0.988255
v -17.0927 -36.1051 -8.31175
vn 0.0826451 0.197749 0.976763
v -15.834 -36.0818 -8.41565
vn 0.138542 0.23472 0.962139
v -14.1885 -36.4546 -8.47116
vn 0.254875 0.288981 0.922783
v -13.0014 -36.4365 -8.74325
vn -0.562922 0.215633 0.797885
v -23.8357 -35.0686 -9.06822
vn -0.329967 0.161941 0.929998
v -22.6682 -34.7786 -8.58344
vn -0.0362752 0.0894225 0.995333
v -20.7741 -34.9801 -8.29576
vn 0.0322367 0.111394 0.993253
v -19.2773 -35.0962 -8.29506
vn 0.103068 0.174612 0.979228
v -17.5912 -35.2273 -8.39295
vn 0.147534 0.294392 0.944228
v -16.0286 -35.0614 -8.6596
vn 0.194028 0.37348 0.907119
v -14.1861 -35.5723 -8.77369
vn -0.154911 0.141369 0.977761
v -21.8177 -34.3325 -8.4385
vn 0.0148991 0.199669 0.97975
v -20.6597 -33.9427 -8.43496
vn 0.112707 0.263454 0.958065
v -18.3231 -34.4035 -8.47983
vn 0.188717 0.352007 0.916775
v -16.9433 -34.3211 -8.74571
vn -0.342923 0.266492 0.90077
v -22.4786 -32.915 -8.94279
vn -0.0651559 0.296855 0.952697
v -21.4607 -33.2885 -8.5902
vn 0.107404 0.361594 0.926128
v -19.599 -33.1808 -8.73722
vn 0.184316 0.406257 0.894976
v -17.8769 -33.5578 -8.87125
vn -0.433884 0.493132 0.754033
v -22.6057 -32.1221 -9.24726
vn -0.0903251 0.486797 0.868832
v -21.7647 -32.1596 -9.07228
vn 0.0870532 0.470606 0.878039
v -20.6527 -32.4108 -8.96334

vt 0 0
vt 0 0
vt 0 0
vt 0 0
vt 0 0
vt 0 0
vt 0 0
vt 0 0
vt 0 0
vt 0 0
vt 0 0
vt 0 0
vt 0 0
vt 0 0
vt 0 0
vt 0 0
vt 0 0
vt 0 0
vt 0 0
vt 0 0
vt 0 0
vt 0 0
vt 0 0
vt 0 0
vt 0 0
vt 0 0
vt 0 0
vt 0 0
vt 0 0
vt 0 0
vt 0 0
vt 0 0
vt 0 0
vt 0 0
vt 0 0
vt 0 0
vt 0 0
vt 0 0
vt 0 0
vt 0 0
vt 0 0
vt 0 0
vt 0 0
vt 0 0
vt 0 0
vt 0 0
vt 0 0
vt 0 0
vt 0 0
vt 0 0
vt 0 0
vt 0 0
vt 0 0
vt 0 0
vt 0 0
vt 0 0
vt 0 0
vt 0 0
vt 0 0
vt 0 0
vt 0 0
vt 0 0
vt 0 0
vt 0 0
vt 0 0
vt 0 0
vt 0 0
vt 0 0
vt 0 0
vt 0 0
vt 0 0
vt 0 0
vt 0 0
vt 0 0
vt 0 0
vt 0 0
vt 0 0
vt 0 0
vt 0 0
vt 0 0
vt 0 0
vt 0 0
vt 0 0
vt 0 0
vt 0 0
vt 0 0
vt 0 0
vt 0 0
vt 0 0
vt 0 0
vt 0 0
vt 0 0
vt 0 0
vt 0 0
vt 0 0
vt 0 0
vt 0 0
vt 0 0
vt 0 0
vt 0 0
vt 0 0
vt 0 0
vt 0 0
vt 0 0
vt 0 0
vt 0 0
vt 0 0
vt 0 0
vt 0 0
vt 0 0
vt 0 0
vt 0 0
vt 0 0
vt 0 0
vt 0 0
vt 0 0
vt 0 0
vt 0 0
vt 0 0
vt 0 0
vt 0 0
vt 0 0
vt 0 0
vt 0 0
vt 0 0
vt 0 0
vt 0 0
vt 0 0
vt 0 0
vt 0 0
vt 0 0
vt 0 0
vt 0 0
vt 0 0
vt 0 0
vt 0 0
vt 0 0
vt 0 0
vt 0 0
vt 0 0
vt 0 0
vt 0 0
vt 0 0
vt 0 0
vt 0 0
vt 0 0
vt 0 0
vt 0 0
vt 0 0
vt 0 0
vt 0 0
vt 0 0
vt 0 0
vt 0 0
vt 0 0
vt 0 0
vt 0 0
vt 0 0
vt 0 0
vt 0 0
vt 0 0
vt 0 0
vt 0 0
vt 0 0
vt 0 0
vt 0 0
vt 0 0
vt 0 0
vt 0 0
vt 0 0
vt 0 0
vt 0 0
vt 0 0
vt 0 0
vt 0 0
vt 0 0
vt 0 0
vt 0 0
vt 0 0
vt 0 0
vt 0 0
vt 0 0
vt 0 0
vt 0 0
vt 0 0
vt 0 0
vt 0 0
vt 0 0
vt 0 0
vt 0 0
vt 0 0
vt 0 0
vt 0 0
vt 0 0
vt 0 0
vt 0 0
vt 0 0
vt 0 0
vt 0 0
vt 0 0
vt 0 0
vt 0 0
vt 0 0
vt 0 0
vt 0 0
vt 0 0
vt 0 0
vt 0 0
vt 0 0
vt 0 0
vt 0 0
vt 0 0
vt 0 0
vt 0 0
vt 0 0
vt 0 0
vt 0 0
vt 0 0
vt 0 0
vt 0 0
vt 0 0
vt 0 0
vt 0 0
vt 0 0
vt 0 0
vt 0 0
vt 0 0
vt 0 0
vt 0 0
vt 0 0
vt 0 0
vt 0 0
vt 0 0
vt 0 0
vt 0 0
vt 0 0
vt 0 0
vt 0 0
vt 0 0
vt 0 0
vt 0 0
vt 0 0
vt 0 0
vt 0 0
vt 0 0
vt 0 0
vt 0 0
vt 0 0
vt 0 0
vt 0 0
vt 0 0
vt 0 0
vt 0 0
vt 0 0
vt 0 0
vt 0 0
vt 0 0
vt 0 0
vt 0 0
vt 0 0
vt 0 0
vt 0 0
vt 0 0
vt 0 0
vt 0 0
vt 0 0
vt 0 0
vt 0 0
vt 0 0
vt 0 0
vt 0 0
vt 0 0
vt 0 0
vt 0 0
vt 0 0
vt 0 0
vt 0 0
vt 0 0
vt 0 0
vt 0 0
vt 0 0
vt 0 0
vt 0 0
vt 0 0
vt 0 0
vt 0 0
vt 0 0
vt 0 0
vt 0 0
vt 0 0
vt 0 0
vt 0 0
vt 0 0
vt 0 0
vt 0 0
vt 0 0
vt 0 0
vt 0 0
vt 0 0
vt 0 0
vt 0 0
vt 0 0
vt 0 0
vt 0 0
vt 0 0
vt 0 0
vt 0 0
vt 0 0
vt 0 0
vt 0 0
vt 0 0
vt 0 0
vt 0 0
vt 0 0
vt 0 0
vt 0 0
vt 0 0
vt 0 0
vt 0 0
vt 0 0
vt 0 0
vt 0 0
vt 0 0
vt 0 0
vt 0 0
vt 0 0
vt 0 0
vt 0 0
vt 0 0
vt 0 0
vt 0 0
vt 0 0
vt 0 0
vt 0 0
vt 0 0
vt 0 0
vt 0 0
vt 0 0
vt 0 0
vt 0 0
vt 0 0
vt 0 0
vt 0 0
vt 0 0
vt 0 0
vt 0 0
vt 0 0
vt 0 0
vt 0 0
vt 0 0
vt 0 0
vt 0 0
vt 0 0
vt 0 0
vt 0 0
vt 0 0
vt 0 0
vt 0 0
vt 0 0
vt 0 0
vt 0 0
vt 0 0
vt 0 0
vt 0 0
vt 0 0
vt 0 0
vt 0 0
vt 0 0
vt 0 0
vt 0 0
vt 0 0
vt 0 0
vt 0 0
vt 0 0
vt 0 0
vt 0 0
vt 0 0
vt 0 0
vt 0 0
vt 0 0
vt 0 0
vt 0 0
vt 0 0
vt 0 0
vt 0 0
vt 0 0
vt 0 0
vt 0 0
vt 0 0
vt 0 0
vt 0 0
vt 0 0
vt 0 0
vt 0 0
vt 0 0
vt 0 0
vt 0 0
vt 0 0
vt 0 0
vt 0 0
vt 0 0
vt 0 0
vt 0 0
vt 0 0
vt 0 0
vt 0 0
vt 0 0
vt 0 0
vt 0 0
vt 0 0
vt 0 0
vt 0 0
vt 0 0
vt 0 0
vt 0 0
vt 0 0
vt 0 0
vt 0 0
vt 0 0
vt 0 0
vt 0 0
vt 0 0
vt 0 0
vt 0 0
vt 0 0
vt 0 0
vt 0 0
vt 0 0
vt 0 0
vt 0 0
vt 0 0
vt 0 0
vt 0 0
vt 0 0
vt 0 0
vt 0 0
vt 0 0
vt 0 0
vt 0 0
vt 0 0
vt 0 0
vt 0 0
vt 0 0
vt 0 0
vt 0 0
vt 0 0
vt 0 0
vt 0 0
vt 0 0
vt 0 0
vt 0 0
vt 0 0
vt 0 0
vt 0 0
vt 0 0
vt 0 0
vt 0 0
vt 0 0
vt 0 0
vt 0 0
vt 0 0
vt 0 0
vt 0 0
vt 0 0
vt 0 0
vt 0 0
vt 0 0
vt 0 0
vt 0 0
vt 0 0
vt 0 0
vt 0 0
vt 0 0
vt 0 0
vt 0 0
vt 0 0
vt 0 0
vt 0 0
vt 0 0
vt 0 0
vt 0 0
vt 0 0
vt 0 0
vt 0 0
vt 0 0
vt 0 0
vt 0 0
vt 0 0
vt 0 0
vt 0 0
vt 0 0
vt 0 0
vt 0 0
vt 0 0
vt 0 0
vt 0 0
vt 0 0
vt 0 0
vt 0 0
vt 0 0
vt 0 0
vt 0 0
vt 0 0
vt 0 0
vt 0 0
vt 0 0
vt 0 0
vt 0 0
vt 0 0
vt 0 0
vt 0 0
vt 0 0
vt 0 0
vt 0 0
vt 0 0
vt 0 0
vt 0 0
vt 0 0
vt 0 0
vt 0 0
vt 0 0
vt 0 0
vt 0 0
vt 0 0
vt 0 0
vt 0 0
vt 0 0
vt 0 0
vt 0 0
vt 0 0
vt 0 0
vt 0 0
vt 0 0
vt 0 0
vt 0 0
vt 0 0
vt 0 0
vt 0 0
vt 0 0
vt 0 0
vt 0 0
vt 0 0
vt 0 0
vt 0 0
vt 0 0
vt 0 0
vt 0 0
vt 0 0
vt 0 0
vt 0 0
vt 0 0
vt 0 0
vt 0 0
vt 0 0
vt 0 0
vt 0 0
vt 0 0
vt 0 0
vt 0 0
vt 0 0
vt 0 0
vt 0 0
vt 0 0
vt 0 0
vt 0 0
vt 0 0
vt 0 0
vt 0 0
vt 0 0
vt 0 0
vt 0 0
vt 0 0
vt 0 0
vt 0 0
vt 0 0
vt 0 0
vt 0 0
vt 0 0
vt 0 0
vt 0 0
vt 0 0
vt 0 0
vt 0 0
vt 0 0
vt 0 0
vt 0 0
vt 0 0
vt 0 0
vt 0 0
vt 0 0
vt 0 0
vt 0 0
vt 0 0
vt 0 0
vt 0 0
vt 0 0
vt 0 0
vt 0 0
vt 0 0
vt 0 0
vt 0 0
vt 0 0
vt 0 0
vt 0 0
vt 0 0
vt 0 0
vt 0 0
vt 0 0
vt 0 0
vt 0 0
vt 0 0
vt 0 0
vt 0 0
vt 0 0
vt 0 0
vt 0 0
vt 0 0
vt 0 0
vt 0 0
vt 0 0
vt 0 0
vt 0 0
vt 0 0
vt 0 0
vt 0 0
vt 0 0
vt 0 0
vt 0 0
vt 0 0
vt 0 0
vt 0 0
vt 0 0
vt 0 0
vt 0 0
vt 0 0
vt 0 0
vt 0 0
vt 0 0
vt 0 0
vt 0 0
vt 0 0
vt 0 0
vt 0 0
vt 0 0
vt 0 0
vt 0 0
vt 0 0
vt 0 0
vt 0 0
vt 0 0
vt 0 0
vt 0 0
vt 0 0
vt 0 0
vt 0 0
vt 0 0
vt 0 0
vt 0 0
vt 0 0
vt 0 0
vt 0 0
vt 0 0
vt 0 0
vt 0 0
vt 0 0
vt 0 0
vt 0 0
vt 0 0
vt 0 0
vt 0 0
vt 0 0
vt 0 0
vt 0 0
vt 0 0
vt 0 0
vt 0 0
vt 0 0
vt 0 0
vt 0 0
vt 0 0
vt 0 0
vt 0 0
vt 0 0
vt 0 0
vt 0 0
vt 0 0
vt 0 0
vt 0 0
vt 0 0
vt 0 0
vt 0 0
vt 0 0
vt 0 0
vt 0 0
vt 0 0
vt 0 0
vt 0 0
vt 0 0
vt 0 0
vt 0 0
vt 0 0
vt 0 0
vt 0 0
vt 0 0
vt 0 0
vt 0 0
vt 0 0
vt 0 0
vt 0 0
vt 0 0
vt 0 0
vt 0 0
vt 0 0
vt 0 0
vt 0 0
vt 0 0
vt 0 0
vt 0 0
vt 0 0
vt 0 0
vt 0 0
vt 0 0
vt 0 0
vt 0 0
vt 0 0
vt 0 0
vt 0 0
vt 0 0
vt 0 0
vt 0 0
vt 0 0
vt 0 0
vt 0 0
vt 0 0
vt 0 0
vt 0 0
vt 0 0
vt 0 0
vt 0 0
vt 0 0
vt 0 0
vt 0 0
vt 0 0
vt 0 0
vt 0 0
vt 0 0
vt 0 0
vt 0 0
vt 0 0
vt 0 0
vt 0 0
vt 0 0
vt 0 0
vt 0 0
vt 0 0
vt 0 0
vt 0 0
vt 0 0
vt 0 0
vt 0 0
vt 0 0
vt 0 0
vt 0 0
vt 0 0
vt 0 0
vt 0 0
vt 0 0
vt 0 0
vt 0 0
vt 0 0
vt 0 0
vt 0 0
vt 0 0
vt 0 0
vt 0 0
vt 0 0
vt 0 0
vt 0 0
vt 0 0
vt 0 0
vt 0 0
vt 0 0
vt 0 0
vt 0 0
vt 0 0
vt 0 0
vt 0 0
vt 0 0
vt 0 0
vt 0 0
vt 0 0
vt 0 0
vt 0 0
vt 0 0
vt 0 0
vt 0 0
vt 0 0
vt 0 0
vt 0 0
vt 0 0
vt 0 0
vt 0 0
vt 0 0
vt 0 0
vt 0 0
vt 0 0
vt 0 0
vt 0 0
vt 0 0
vt 0 0
vt 0 0
vt 0 0
vt 0 0
vt 0 0
vt 0 0
vt 0 0
vt 0 0
vt 0 0
vt 0 0
vt 0 0
vt 0 0
vt 0 0
vt 0 0
vt 0 0
vt 0 0
vt 0 0
vt 0 0
vt 0 0
vt 0 0
vt 0 0
vt 0 0
vt 0 0
vt 0 0
vt 0 0
vt 0 0
vt 0 0
vt 0 0
vt 0 0
vt 0 0
vt 0 0
vt 0 0
vt 0 0
vt 0 0
vt 0 0
vt 0 0
vt 0 0
vt 0 0
vt 0 0
vt 0 0
vt 0 0
vt 0 0
vt 0 0
vt 0 0
vt 0 0
vt 0 0
vt 0 0
vt 0 0
vt 0 0
vt 0 0
vt 0 0
vt 0 0
vt 0 0
vt 0 0
vt 0 0
vt 0 0
vt 0 0
vt 0 0
vt 0 0
vt 0 0
vt 0 0
vt 0 0
vt 0 0
vt 0 0
vt 0 0
vt 0 0
vt 0 0
vt 0 0
vt 0 0
vt 0 0
vt 0 0
vt 0 0
vt 0 0
vt 0 0
vt 0 0
vt 0 0
vt 0 0
vt 0 0
vt 0 0
vt 0 0
vt 0 0
vt 0 0
vt 0 0
vt 0 0
vt 0 0
vt 0 0
vt 0 0
vt 0 0
vt 0 0
vt 0 0
vt 0 0
vt 0 0
vt 0 0
vt 0 0
vt 0 0
vt 0 0
vt 0 0
vt 0 0
vt 0 0
vt 0 0
vt 0 0
vt 0 0
vt 0 0
vt 0 0
vt 0 0
vt 0 0
vt 0 0
vt 0 0
vt 0 0
vt 0 0
vt 0 0
vt 0 0
vt 0 0
vt 0 0
vt 0 0
vt 0 0
vt 0 0
vt 0 0
vt 0 0
vt 0 0
vt 0 0
vt 0 0
vt 0 0
vt 0 0
vt 0 0
vt 0 0
vt 0 0
vt 0 0
vt 0 0
vt 0 0
vt 0 0
vt 0 0
vt 0 0
vt 0 0
vt 0 0
vt 0 0
vt 0 0
vt 0 0
vt 0 0
vt 0 0
vt 0 0
vt 0 0
vt 0 0
vt 0 0
vt 0 0
vt 0 0
vt 0 0
vt 0 0
vt 0 0
vt 0 0
vt 0 0
vt 0 0
vt 0 0
vt 0 0
vt 0 0
vt 0 0
vt 0 0
vt 0 0
vt 0 0
vt 0 0
vt 0 0
vt 0 0
vt 0 0
vt 0 0
vt 0 0
vt 0 0
vt 0 0
vt 0 0
vt 0 0
vt 0 0
vt 0 0
vt 0 0
vt 0 0
vt 0 0
vt 0 0
vt 0 0
vt 0 0
vt 0 0
vt 0 0
vt 0 0
vt 0 0
vt 0 0
vt 0 0
vt 0 0
vt 0 0
vt 0 0
vt 0 0
vt 0 0
vt 0 0
vt 0 0
vt 0 0
vt 0 0
vt 0 0
vt 0 0
vt 0 0
vt 0 0
vt 0 0
vt 0 0
vt 0 0
vt 0 0
vt 0 0
vt 0 0
vt 0 0
vt 0 0
vt 0 0
vt 0 0
vt 0 0
vt 0 0
vt 0 0
vt 0 0
vt 0 0
vt 0 0
vt 0 0
vt 0 0
vt 0 0
vt 0 0
vt 0 0
vt 0 0
vt 0 0
vt 0 0
vt 0 0
vt 0 0
vt 0 0
vt 0 0
vt 0 0
vt 0 0
vt 0 0
vt 0 0
vt 0 0
vt 0 0
vt 0 0
vt 0 0
vt 0 0
vt 0 0
vt 0 0
vt 0 0
vt 0 0
vt 0 0
vt 0 0
vt 0 0
vt 0 0
vt 0 0
vt 0 0
vt 0 0
vt 0 0
vt 0 0
vt 0 0
vt 0 0
vt 0 0
vt 0 0
vt 0 0
vt 0 0
vt 0 0
vt 0 0
vt 0 0
vt 0 0
vt 0 0
vt 0 0
vt 0 0
vt 0 0
vt 0 0
vt 0 0
vt 0 0
vt 0 0
vt 0 0
vt 0 0
vt 0 0
vt 0 0
vt 0 0
vt 0 0
vt 0 0
vt 0 0
vt 0 0
vt 0 0
vt 0 0
vt 0 0
vt 0 0
vt 0 0
vt 0 0
vt 0 0
vt 0 0
vt 0 0
vt 0 0
vt 0 0
vt 0 0
vt 0 0
vt 0 0
vt 0 0
vt 0 0
vt 0 0
vt 0 0
vt 0 0
vt 0 0
vt 0 0
vt 0 0
vt 0 0
vt 0 0
vt 0 0
vt 0 0
vt 0 0
vt 0 0
vt 0 0
vt 0 0
vt 0 0
vt 0 0
vt 0 0
vt 0 0
vt 0 0
vt 0 0
vt 0 0
vt 0 0
vt 0 0
vt 0 0
vt 0 0
vt 0 0
vt 0 0
vt 0 0
vt 0 0
vt 0 0
vt 0 0
vt 0 0
vt 0 0
vt 0 0
vt 0 0
vt 0 0
vt 0 0
vt 0 0
vt 0 0
vt 0 0
vt 0 0
vt 0 0
vt 0 0
vt 0 0
vt 0 0
vt 0 0
vt 0 0
vt 0 0
vt 0 0
vt 0 0
vt 0 0
vt 0 0
vt 0 0
vt 0 0
vt 0 0
vt 0 0
vt 0 0
vt 0 0
vt 0 0
vt 0 0
vt 0 0
vt 0 0
vt 0 0
vt 0 0
vt 0 0
vt 0 0
vt 0 0
vt 0 0
vt 0 0
vt 0 0
vt 0 0
vt 0 0
vt 0 0
vt 0 0
vt 0 0
vt 0 0
vt 0 0
vt 0 0
vt 0 0
vt 0 0
vt 0 0
vt 0 0
vt 0 0
vt 0 0
vt 0 0
vt 0 0
vt 0 0
vt 0 0
vt 0 0
vt 0 0
vt 0 0
vt 0 0
vt 0 0
vt 0 0
vt 0 0
vt 0 0
vt 0 0
vt 0 0
vt 0 0
vt 0 0
vt 0 0
vt 0 0
vt 0 0
vt 0 0
vt 0 0
vt 0 0
vt 0 0
vt 0 0
vt 0 0
vt 0 0
vt 0 0
vt 0 0
vt 0 0
vt 0 0
vt 0 0
vt 0 0
vt 0 0
vt 0 0
vt 0 0
vt 0 0
vt 0 0
vt 0 0
vt 0 0
vt 0 0
vt 0 0
vt 0 0
vt 0 0
vt 0 0
vt 0 0
vt 0 0
vt 0 0
vt 0 0
vt 0 0
vt 0 0
vt 0 0
vt 0 0
vt 0 0
vt 0 0
vt 0 0
vt 0 0
vt 0 0
vt 0 0
vt 0 0
vt 0 0
vt 0 0
vt 0 0
vt 0 0
vt 0 0
vt 0 0
vt 0 0
vt 0 0
vt 0 0
vt 0 0
vt 0 0
vt 0 0
vt 0 0
vt 0 0
vt 0 0
vt 0 0
vt 0 0
vt 0 0
vt 0 0
vt 0 0
vt 0 0
vt 0 0
vt 0 0
vt 0 0
vt 0 0
vt 0 0
vt 0 0
vt 0 0
vt 0 0
vt 0 0
vt 0 0
vt 0 0
vt 0 0
vt 0 0
vt 0 0
vt 0 0
vt 0 0
vt 0 0
vt 0 0
vt 0 0
vt 0 0
vt 0 0
vt 0 0
vt 0 0
vt 0 0
vt 0 0
vt 0 0
vt 0 0
vt 0 0
vt 0 0
vt 0 0
vt 0 0
vt 0 0
vt 0 0
vt 0 0
vt 0 0
vt 0 0
vt 0 0
vt 0 0
vt 0 0
vt 0 0
vt 0 0
vt 0 0
vt 0 0
vt 0 0
vt 0 0
vt 0 0
vt 0 0
vt 0 0
vt 0 0
vt 0 0
vt 0 0
vt 0 0
vt 0 0
vt 0 0
vt 0 0
vt 0 0
vt 0 0
vt 0 0
vt 0 0
vt 0 0
vt 0 0
vt 0 0
vt 0 0
vt 0 0
vt 0 0
vt 0 0
vt 0 0
vt 0 0
vt 0 0
vt 0 0
vt 0 0
vt 0 0
vt 0 0
vt 0 0
vt 0 0
vt 0 0
vt 0 0
vt 0 0
vt 0 0
vt 0 0
vt 0 0
vt 0 0
vt 0 0
vt 0 0
vt 0 0
vt 0 0
vt 0 0
vt 0 0
vt 0 0
vt 0 0
vt 0 0
vt 0 0
vt 0 0
vt 0 0
vt 0 0
vt 0 0
vt 0 0
vt 0 0
vt 0 0
vt 0 0
vt 0 0
vt 0 0
vt 0 0
vt 0 0
vt 0 0
vt 0 0
vt 0 0
vt 0 0
vt 0 0
vt 0 0
vt 0 0
vt 0 0
vt 0 0
vt 0 0
vt 0 0
vt 0 0
vt 0 0
vt 0 0
vt 0 0
vt 0 0
vt 0 0
vt 0 0
vt 0 0
vt 0 0
vt 0 0
vt 0 0
vt 0 0
vt 0 0
vt 0 0
vt 0 0
vt 0 0
vt 0 0
vt 0 0
vt 0 0
vt 0 0
vt 0 0
vt 0 0
vt 0 0
vt 0 0
vt 0 0
vt 0 0
vt 0 0
vt 0 0
vt 0 0
vt 0 0
vt 0 0
vt 0 0
vt 0 0
vt 0 0
vt 0 0
vt 0 0
vt 0 0
vt 0 0
vt 0 0
vt 0 0
vt 0 0
vt 0 0
vt 0 0
vt 0 0
vt 0 0
vt 0 0
vt 0 0
vt 0 0
vt 0 0
vt 0 0
vt 0 0
vt 0 0
vt 0 0
vt 0 0
vt 0 0
vt 0 0
vt 0 0
vt 0 0
vt 0 0
vt 0 0
vt 0 0
vt 0 0
vt 0 0
vt 0 0
vt 0 0
vt 0 0
vt 0 0
vt 0 0
vt 0 0
vt 0 0
vt 0 0
vt 0 0
vt 0 0
vt 0 0
vt 0 0
vt 0 0
vt 0 0
vt 0 0
vt 0 0
vt 0 0
vt 0 0
vt 0 0
vt 0 0
vt 0 0
vt 0 0
vt 0 0
vt 0 0
vt 0 0
vt 0 0
vt 0 0
vt 0 0
vt 0 0
vt 0 0
vt 0 0
vt 0 0
vt 0 0
vt 0 0
vt 0 0
vt 0 0
vt 0 0
vt 0 0
vt 0 0
vt 0 0
vt 0 0
vt 0 0
vt 0 0
vt 0 0
vt 0 0
vt 0 0
vt 0 0
vt 0 0
vt 0 0
vt 0 0
vt 0 0
vt 0 0
vt 0 0
vt 0 0
vt 0 0
vt 0 0
vt 0 0
vt 0 0
vt 0 0
vt 0 0
vt 0 0
vt 0 0
vt 0 0
vt 0 0
vt 0 0
vt 0 0
vt 0 0
vt 0 0
vt 0 0
vt 0 0
vt 0 0
vt 0 0
vt 0 0
vt 0 0
vt 0 0
vt 0 0
vt 0 0
vt 0 0
vt 0 0
vt 0 0
vt 0 0
vt 0 0
vt 0 0
vt 0 0
vt 0 0
vt 0 0
vt 0 0
vt 0 0
vt 0 0
vt 0 0
vt 0 0
vt 0 0
vt 0 0
vt 0 0
vt 0 0
vt 0 0
vt 0 0
vt 0 0
vt 0 0
vt 0 0
vt 0 0
vt 0 0
vt 0 0
vt 0 0
vt 0 0
vt 0 0
vt 0 0
vt 0 0
vt 0 0
vt 0 0
vt 0 0
vt 0 0
vt 0 0
vt 0 0
vt 0 0
vt 0 0
vt 0 0
vt 0 0
vt 0 0
vt 0 0
vt 0 0
vt 0 0
vt 0 0
vt 0 0
vt 0 0
vt 0 0
vt 0 0
vt 0 0
vt 0 0
vt 0 0
vt 0 0
vt 0 0
vt 0 0
vt 0 0
vt 0 0
vt 0 0
vt 0 0
vt 0 0
vt 0 0
vt 0 0
vt 0 0
vt 0 0
vt 0 0
vt 0 0
vt 0 0
vt 0 0
vt 0 0
vt 0 0
vt 0 0
vt 0 0
vt 0 0
vt 0 0
vt 0 0
vt 0 0
vt 0 0
vt 0 0
vt 0 0
vt 0 0
vt 0 0
vt 0 0
vt 0 0
vt 0 0
vt 0 0
vt 0 0
vt 0 0
vt 0 0
vt 0 0
vt 0 0
vt 0 0
vt 0 0
vt 0 0
vt 0 0
vt 0 0
vt 0 0
vt 0 0
vt 0 0
vt 0 0
vt 0 0
vt 0 0
vt 0 0
vt 0 0
vt 0 0
vt 0 0
vt 0 0
vt 0 0
vt 0 0
vt 0 0
vt 0 0
vt 0 0
vt 0 0
vt 0 0
vt 0 0
vt 0 0
vt 0 0
vt 0 0
vt 0 0
vt 0 0
vt 0 0
vt 0 0
vt 0 0
vt 0 0
vt 0 0
vt 0 0
vt 0 0
vt 0 0
vt 0 0
vt 0 0
vt 0 0
vt 0 0
vt 0 0
vt 0 0
vt 0 0
vt 0 0
vt 0 0
vt 0 0
vt 0 0
vt 0 0
vt 0 0
vt 0 0
vt 0 0
vt 0 0
vt 0 0
vt 0 0
vt 0 0
vt 0 0
vt 0 0
vt 0 0
vt 0 0
vt 0 0
vt 0 0
vt 0 0
vt 0 0
vt 0 0
vt 0 0
vt 0 0
vt 0 0
vt 0 0
vt 0 0
vt 0 0
vt 0 0
vt 0 0
vt 0 0
vt 0 0
vt 0 0
vt 0 0
vt 0 0
vt 0 0
vt 0 0
vt 0 0
vt 0 0
vt 0 0
vt 0 0
vt 0 0
vt 0 0
vt 0 0
vt 0 0
vt 0 0
vt 0 0
vt 0 0
vt 0 0
vt 0 0
vt 0 0
vt 0 0
vt 0 0
vt 0 0
vt 0 0
vt 0 0
vt 0 0
vt 0 0
vt 0 0
vt 0 0
vt 0 0
vt 0 0
vt 0 0
vt 0 0
vt 0 0
vt 0 0
vt 0 0
vt 0 0
vt 0 0
vt 0 0
vt 0 0
vt 0 0
vt 0 0
vt 0 0
vt 0 0
vt 0 0
vt 0 0
vt 0 0
vt 0 0
vt 0 0
vt 0 0
vt 0 0
vt 0 0
vt 0 0
vt 0 0
vt 0 0
vt 0 0
vt 0 0
vt 0 0
vt 0 0
vt 0 0
vt 0 0
vt 0 0
vt 0 0
vt 0 0
vt 0 0
vt 0 0
vt 0 0
vt 0 0
vt 0 0
vt 0 0
vt 0 0
vt 0 0
vt 0 0
vt 0 0
vt 0 0
vt 0 0
vt 0 0
vt 0 0
vt 0 0
vt 0 0
vt 0 0
vt 0 0
vt 0 0
vt 0 0
vt 0 0
vt 0 0
vt 0 0
vt 0 0
vt 0 0
vt 0 0
vt 0 0
vt 0 0
vt 0 0
vt 0 0
vt 0 0
vt 0 0
vt 0 0
vt 0 0
vt 0 0
vt 0 0
vt 0 0
vt 0 0
vt 0 0
vt 0 0
vt 0 0
vt 0 0
vt 0 0
vt 0 0
vt 0 0
vt 0 0
vt 0 0
vt 0 0
vt 0 0
vt 0 0
vt 0 0
vt 0 0
vt 0 0
vt 0 0
vt 0 0
vt 0 0
vt 0 0
vt 0 0
vt 0 0
vt 0 0
vt 0 0
vt 0 0
vt 0 0
vt 0 0
vt 0 0
vt 0 0
vt 0 0
vt 0 0
vt 0 0
vt 0 0
vt 0 0
vt 0 0
vt 0 0
vt 0 0
vt 0 0
vt 0 0
vt 0 0
vt 0 0
vt 0 0
vt 0 0
vt 0 0
vt 0 0
vt 0 0
vt 0 0
vt 0 0
vt 0 0
vt 0 0
vt 0 0
vt 0 0
vt 0 0
vt 0 0
vt 0 0
vt 0 0
vt 0 0
vt 0 0
vt 0 0
vt 0 0
vt 0 0
vt 0 0
vt 0 0
vt 0 0
vt 0 0
vt 0 0
vt 0 0
vt 0 0
vt 0 0
vt 0 0
vt 0 0
vt 0 0
vt 0 0
vt 0 0
vt 0 0
vt 0 0
vt 0 0
vt 0 0
vt 0 0
vt 0 0
vt 0 0
vt 0 0
vt 0 0
vt 0 0
vt 0 0
vt 0 0
vt 0 0
vt 0 0
vt 0 0
vt 0 0
vt 0 0
vt 0 0
vt 0 0
vt 0 0
vt 0 0
vt 0 0
vt 0 0
vt 0 0
vt 0 0
vt 0 0
vt 0 0
vt 0 0
vt 0 0
vt 0 0
vt 0 0
vt 0 0
vt 0 0
vt 0 0
vt 0 0
vt 0 0
vt 0 0
vt 0 0
vt 0 0
vt 0 0
vt 0 0
vt 0 0
vt 0 0
vt 0 0
vt 0 0
vt 0 0
vt 0 0
vt 0 0
vt 0 0
vt 0 0
vt 0 0
vt 0 0
vt 0 0
vt 0 0
vt 0 0
vt 0 0
vt 0 0
vt 0 0
vt 0 0
vt 0 0
vt 0 0
vt 0 0
vt 0 0
vt 0 0
vt 0 0
vt 0 0
vt 0 0
vt 0 0
vt 0 0
vt 0 0
vt 0 0
vt 0 0
vt 0 0
vt 0 0
vt 0 0
vt 0 0
vt 0 0
vt 0 0
vt 0 0
vt 0 0
vt 0 0
vt 0 0
vt 0 0
vt 0 0
vt 0 0
vt 0 0
vt 0 0
vt 0 0
vt 0 0
vt 0 0
vt 0 0
vt 0 0
vt 0 0
vt 0 0
vt 0 0
vt 0 0
vt 0 0
vt 0 0
vt 0 0
vt 0 0
vt 0 0
vt 0 0
vt 0 0
vt 0 0
vt 0 0
vt 0 0
vt 0 0
vt 0 0
vt 0 0
vt 0 0
vt 0 0
vt 0 0
vt 0 0
vt 0 0
vt 0 0
vt 0 0
vt 0 0
vt 0 0
vt 0 0
vt 0 0
vt 0 0
vt 0 0
vt 0 0
vt 0 0
vt 0 0
vt 0 0
vt 0 0
vt 0 0
vt 0 0
vt 0 0
vt 0 0
vt 0 0
vt 0 0
vt 0 0
vt 0 0
vt 0 0
vt 0 0
vt 0 0
vt 0 0
vt 0 0
vt 0 0
vt 0 0
vt 0 0
vt 0 0
vt 0 0
vt 0 0
vt 0 0
vt 0 0
vt 0 0
vt 0 0
vt 0 0
vt 0 0
vt 0 0
vt 0 0
vt 0 0
vt 0 0
vt 0 0
vt 0 0
vt 0 0
vt 0 0
vt 0 0
vt 0 0
vt 0 0
vt 0 0
vt 0 0
vt 0 0
vt 0 0
vt 0 0
vt 0 0
vt 0 0
vt 0 0
vt 0 0
vt 0 0
vt 0 0
vt 0 0
vt 0 0
vt 0 0
vt 0 0
vt 0 0
vt 0 0
vt 0 0
vt 0 0
vt 0 0
vt 0 0
vt 0 0
vt 0 0
vt 0 0
vt 0 0
vt 0 0
vt 0 0
vt 0 0
vt 0 0
vt 0 0
vt 0 0
vt 0 0
vt 0 0
vt 0 0
vt 0 0
vt 0 0
vt 0 0
vt 0 0
vt 0 0
vt 0 0
vt 0 0
vt 0 0
vt 0 0
vt 0 0
vt 0 0
vt 0 0
vt 0 0
vt 0 0
vt 0 0
vt 0 0
vt 0 0
vt 0 0
vt 0 0
vt 0 0
vt 0 0
vt 0 0
vt 0 0
vt 0 0
vt 0 0
vt 0 0
vt 0 0
vt 0 0
vt 0 0
vt 0 0
vt 0 0
vt 0 0
vt 0 0
vt 0 0
vt 0 0
vt 0 0
vt 0 0
vt 0 0
vt 0 0
vt 0 0
vt 0 0
vt 0 0
vt 0 0
vt 0 0
vt 0 0
vt 0 0
vt 0 0
vt 0 0
vt 0 0
vt 0 0
vt 0 0
vt 0 0
vt 0 0
vt 0 0
vt 0 0
vt 0 0
vt 0 0
vt 0 0
vt 0 0
vt 0 0
vt 0 0
vt 0 0
vt 0 0
vt 0 0
vt 0 0
vt 0 0
vt 0 0
vt 0 0
vt 0 0
vt 0 0
vt 0 0
vt 0 0
vt 0 0
vt 0 0
vt 0 0
vt 0 0
vt 0 0
vt 0 0
vt 0 0
vt 0 0
vt 0 0
vt 0 0
vt 0 0
vt 0 0
vt 0 0
vt 0 0
vt 0 0
vt 0 0
vt 0 0
vt 0 0
vt 0 0
vt 0 0
vt 0 0
vt 0 0
vt 0 0
vt 0 0
vt 0 0
vt 0 0
vt 0 0
vt 0 0
vt 0 0
vt 0 0
vt 0 0
vt 0 0
vt 0 0
vt 0 0
vt 0 0
vt 0 0
vt 0 0
vt 0 0
vt 0 0
vt 0 0
vt 0 0
vt 0 0
vt 0 0
vt 0 0
vt 0 0
vt 0 0
vt 0 0
vt 0 0
vt 0 0
vt 0 0
vt 0 0
vt 0 0
vt 0 0
vt 0 0
vt 0 0
vt 0 0
vt 0 0
vt 0 0
vt 0 0
vt 0 0
vt 0 0
vt 0 0
vt 0 0
vt 0 0
vt 0 0
vt 0 0
vt 0 0
vt 0 0
vt 0 0
vt 0 0
vt 0 0
vt 0 0
vt 0 0
vt 0 0
vt 0 0
vt 0 0
vt 0 0
vt 0 0
vt 0 0
vt 0 0
vt 0 0
vt 0 0
vt 0 0
vt 0 0
vt 0 0
vt 0 0
vt 0 0
vt 0 0
vt 0 0
vt 0 0
vt 0 0
vt 0 0
vt 0 0
vt 0 0
vt 0 0
vt 0 0
vt 0 0
vt 0 0
vt 0 0
vt 0 0
vt 0 0
vt 0 0
vt 0 0
vt 0 0
vt 0 0
vt 0 0
vt 0 0
vt 0 0
vt 0 0
vt 0 0
vt 0 0
vt 0 0
vt 0 0
vt 0 0
vt 0 0
vt 0 0
vt 0 0
vt 0 0
vt 0 0
vt 0 0
vt 0 0
vt 0 0
vt 0 0
vt 0 0
vt 0 0
vt 0 0
vt 0 0
vt 0 0
vt 0 0
vt 0 0
vt 0 0
vt 0 0
vt 0 0
vt 0 0
vt 0 0
vt 0 0
vt 0 0
vt 0 0
vt 0 0
vt 0 0
vt 0 0
vt 0 0
vt 0 0
vt 0 0
vt 0 0
vt 0 0
vt 0 0
vt 0 0
vt 0 0
vt 0 0
vt 0 0
vt 0 0
vt 0 0
vt 0 0
vt 0 0
vt 0 0
vt 0 0
vt 0 0
vt 0 0
vt 0 0
vt 0 0
vt 0 0
vt 0 0
vt 0 0
vt 0 0
vt 0 0
vt 0 0
vt 0 0
vt 0 0
vt 0 0
vt 0 0
vt 0 0
vt 0 0
vt 0 0
vt 0 0
vt 0 0
vt 0 0
vt 0 0
vt 0 0
vt 0 0
vt 0 0
vt 0 0
vt 0 0
vt 0 0
vt 0 0
vt 0 0
vt 0 0
vt 0 0
vt 0 0
vt 0 0
vt 0 0
vt 0 0
vt 0 0
vt 0 0
vt 0 0
vt 0 0
vt 0 0
vt 0 0
vt 0 0
vt 0 0
vt 0 0
vt 0 0
vt 0 0
vt 0 0
vt 0 0
vt 0 0
vt 0 0
vt 0 0
vt 0 0
vt 0 0
vt 0 0
vt 0 0
vt 0 0
vt 0 0
vt 0 0
vt 0 0
vt 0 0
vt 0 0
vt 0 0
vt 0 0
vt 0 0
vt 0 0
vt 0 0
vt 0 0
vt 0 0
vt 0 0
vt 0 0
vt 0 0
vt 0 0
vt 0 0
vt 0 0
vt 0 0
vt 0 0
vt 0 0
vt 0 0
vt 0 0
vt 0 0
vt 0 0
vt 0 0
vt 0 0
vt 0 0
vt 0 0
vt 0 0
vt 0 0
vt 0 0
vt 0 0
vt 0 0
vt 0 0
vt 0 0
vt 0 0
vt 0 0
vt 0 0
vt 0 0
vt 0 0
vt 0 0
vt 0 0
vt 0 0
vt 0 0
vt 0 0
vt 0 0
vt 0 0
vt 0 0
vt 0 0
vt 0 0
vt 0 0
vt 0 0
vt 0 0
vt 0 0
vt 0 0
vt 0 0
vt 0 0
vt 0 0
vt 0 0
vt 0 0
vt 0 0
vt 0 0
vt 0 0
vt 0 0
vt 0 0
vt 0 0
vt 0 0
vt 0 0
vt 0 0
vt 0 0
vt 0 0
vt 0 0
vt 0 0
vt 0 0
vt 0 0
vt 0 0
vt 0 0
vt 0 0
vt 0 0
vt 0 0
vt 0 0
vt 0 0
vt 0 0
vt 0 0
vt 0 0
vt 0 0
vt 0 0
vt 0 0
vt 0 0
vt 0 0
vt 0 0
vt 0 0
vt 0 0
vt 0 0
vt 0 0
vt 0 0
vt 0 0
vt 0 0
vt 0 0
vt 0 0
vt 0 0
vt 0 0
vt 0 0
vt 0 0
vt 0 0
vt 0 0
vt 0 0
vt 0 0
vt 0 0
vt 0 0
vt 0 0
vt 0 0
vt 0 0
vt 0 0
vt 0 0
vt 0 0
vt 0 0
vt 0 0
vt 0 0
vt 0 0
vt 0 0
vt 0 0
vt 0 0
vt 0 0
vt 0 0
vt 0 0
vt 0 0
vt 0 0
vt 0 0
vt 0 0
vt 0 0
vt 0 0
vt 0 0
vt 0 0
vt 0 0
vt 0 0
vt 0 0
vt 0 0
vt 0 0
vt 0 0
vt 0 0
vt 0 0
vt 0 0
vt 0 0
vt 0 0
vt 0 0
vt 0 0
vt 0 0
vt 0 0
vt 0 0
vt 0 0
vt 0 0
vt 0 0
vt 0 0
vt 0 0
vt 0 0
vt 0 0
vt 0 0
vt 0 0
vt 0 0
vt 0 0
vt 0 0
vt 0 0
vt 0 0
vt 0 0
vt 0 0
vt 0 0
vt 0 0
vt 0 0
vt 0 0
vt 0 0
vt 0 0
vt 0 0
vt 0 0
vt 0 0
vt 0 0
vt 0 0
vt 0 0
vt 0 0
vt 0 0
vt 0 0
vt 0 0
vt 0 0
vt 0 0
vt 0 0
vt 0 0
vt 0 0
vt 0 0
vt 0 0
vt 0 0
vt 0 0
vt 0 0
vt 0 0
vt 0 0
vt 0 0
vt 0 0
vt 0 0
vt 0 0
vt 0 0
vt 0 0
vt 0 0
vt 0 0
vt 0 0
vt 0 0
vt 0 0
vt 0 0
vt 0 0
vt 0 0
vt 0 0
vt 0 0
vt 0 0
vt 0 0
vt 0 0
vt 0 0
vt 0 0
vt 0 0
vt 0 0
vt 0 0
vt 0 0
vt 0 0
vt 0 0
vt 0 0
vt 0 0
vt 0 0
vt 0 0
vt 0 0
vt 0 0
vt 0 0
vt 0 0
vt 0 0
vt 0 0
vt 0 0
vt 0 0
vt 0 0
vt 0 0
vt 0 0
vt 0 0
vt 0 0
vt 0 0
vt 0 0
vt 0 0
vt 0 0
vt 0 0
vt 0 0
vt 0 0
vt 0 0
vt 0 0
vt 0 0
vt 0 0
vt 0 0
vt 0 0
vt 0 0
vt 0 0
vt 0 0
vt 0 0
vt 0 0
vt 0 0
vt 0 0
vt 0 0
vt 0 0
vt 0 0
vt 0 0
vt 0 0
vt 0 0
vt 0 0
vt 0 0
vt 0 0
vt 0 0
vt 0 0
vt 0 0
vt 0 0
vt 0 0
vt 0 0
vt 0 0
vt 0 0
vt 0 0
vt 0 0
vt 0 0
vt 0 0
vt 0 0
vt 0 0
vt 0 0
vt 0 0
vt 0 0
vt 0 0
vt 0 0
vt 0 0
vt 0 0
vt 0 0
vt 0 0
vt 0 0
vt 0 0
vt 0 0
vt 0 0
vt 0 0
vt 0 0
vt 0 0
vt 0 0
vt 0 0
vt 0 0
vt 0 0
vt 0 0
vt 0 0
vt 0 0
vt 0 0
vt 0 0
vt 0 0
vt 0 0
vt 0 0
vt 0 0
vt 0 0
vt 0 0
vt 0 0
vt 0 0
vt 0 0
vt 0 0
vt 0 0
vt 0 0
vt 0 0
vt 0 0
vt 0 0
vt 0 0
vt 0 0
vt 0 0
vt 0 0
vt 0 0
vt 0 0
vt 0 0
vt 0 0
vt 0 0
vt 0 0
vt 0 0
vt 0 0
vt 0 0
vt 0 0
vt 0 0
vt 0 0
vt 0 0
vt 0 0
vt 0 0
vt 0 0
vt 0 0
vt 0 0
vt 0 0
vt 0 0
vt 0 0
vt 0 0
vt 0 0
vt 0 0
vt 0 0
vt 0 0
vt 0 0
vt 0 0
vt 0 0
vt 0 0
vt 0 0
vt 0 0
vt 0 0
vt 0 0
vt 0 0
vt 0 0
vt 0 0
vt 0 0
vt 0 0
vt 0 0
vt 0 0
vt 0 0
vt 0 0
vt 0 0
vt 0 0
vt 0 0
vt 0 0
vt 0 0
vt 0 0
vt 0 0
vt 0 0
vt 0 0
vt 0 0
vt 0 0
vt 0 0
vt 0 0
vt 0 0
vt 0 0
vt 0 0
vt 0 0
vt 0 0
vt 0 0
vt 0 0
vt 0 0
vt 0 0
vt 0 0
vt 0 0
vt 0 0
vt 0 0
vt 0 0
vt 0 0
vt 0 0
vt 0 0
vt 0 0
vt 0 0
vt 0 0
vt 0 0
vt 0 0
vt 0 0
vt 0 0
vt 0 0
vt 0 0
vt 0 0
vt 0 0
vt 0 0
vt 0 0
vt 0 0
vt 0 0
vt 0 0
vt 0 0
vt 0 0
vt 0 0
vt 0 0
vt 0 0
vt 0 0
vt 0 0
vt 0 0
vt 0 0
vt 0 0
vt 0 0
vt 0 0
vt 0 0
vt 0 0
vt 0 0
vt 0 0
vt 0 0
vt 0 0
vt 0 0
vt 0 0
vt 0 0
vt 0 0
vt 0 0
vt 0 0
vt 0 0
vt 0 0
vt 0 0
vt 0 0
vt 0 0
vt 0 0
vt 0 0
vt 0 0
vt 0 0
vt 0 0
vt 0 0
vt 0 0
vt 0 0
vt 0 0
vt 0 0
vt 0 0
vt 0 0
vt 0 0
vt 0 0
vt 0 0
vt 0 0
vt 0 0
vt 0 0
vt 0 0
vt 0 0
vt 0 0
vt 0 0
vt 0 0
vt 0 0
vt 0 0
vt 0 0
vt 0 0
vt 0 0
vt 0 0
vt 0 0
vt 0 0
vt 0 0
vt 0 0
vt 0 0
vt 0 0
vt 0 0
vt 0 0
vt 0 0
vt 0 0
vt 0 0
vt 0 0
vt 0 0
vt 0 0
vt 0 0
vt 0 0
vt 0 0
vt 0 0
vt 0 0
vt 0 0
vt 0 0
vt 0 0
vt 0 0
vt 0 0
vt 0 0
vt 0 0
vt 0 0
vt 0 0
vt 0 0
vt 0 0
vt 0 0
vt 0 0
vt 0 0
vt 0 0
vt 0 0
vt 0 0
vt 0 0
vt 0 0
vt 0 0
vt 0 0
vt 0 0
vt 0 0
vt 0 0
vt 0 0
vt 0 0
vt 0 0
vt 0 0
vt 0 0
vt 0 0
vt 0 0
vt 0 0
vt 0 0
vt 0 0
vt 0 0
vt 0 0
vt 0 0
vt 0 0
vt 0 0
vt 0 0
vt 0 0
vt 0 0
vt 0 0
vt 0 0
vt 0 0
vt 0 0
vt 0 0
vt 0 0
vt 0 0
vt 0 0
vt 0 0
vt 0 0
vt 0 0
vt 0 0
vt 0 0
vt 0 0
vt 0 0
vt 0 0
vt 0 0
vt 0 0
vt 0 0
vt 0 0
vt 0 0
vt 0 0
vt 0 0
vt 0 0
vt 0 0
vt 0 0
vt 0 0
vt 0 0
vt 0 0
vt 0 0
vt 0 0
vt 0 0
vt 0 0
vt 0 0
vt 0 0
vt 0 0
vt 0 0
vt 0 0
vt 0 0
vt 0 0
vt 0 0
vt 0 0
vt 0 0
vt 0 0
vt 0 0
vt 0 0
vt 0 0
vt 0 0
vt 0 0
vt 0 0
vt 0 0
vt 0 0
vt 0 0
vt 0 0
vt 0 0
vt 0 0
vt 0 0
vt 0 0
vt 0 0
vt 0 0
vt 0 0
vt 0 0
vt 0 0
vt 0 0
vt 0 0
vt 0 0
vt 0 0
vt 0 0
vt 0 0
vt 0 0
vt 0 0
vt 0 0
vt 0 0
vt 0 0
vt 0 0
vt 0 0
vt 0 0
vt 0 0
vt 0 0
vt 0 0
vt 0 0
vt 0 0
vt 0 0
vt 0 0
vt 0 0
vt 0 0
vt 0 0
vt 0 0
vt 0 0
vt 0 0
vt 0 0
vt 0 0
vt 0 0
vt 0 0
vt 0 0
vt 0 0
vt 0 0
vt 0 0
vt 0 0
vt 0 0
vt 0 0
vt 0 0
vt 0 0
vt 0 0
vt 0 0
vt 0 0
vt 0 0
vt 0 0
vt 0 0
vt 0 0
vt 0 0
vt 0 0
vt 0 0
vt 0 0
vt 0 0
vt 0 0
vt 0 0
vt 0 0
vt 0 0
vt 0 0
vt 0 0
vt 0 0
vt 0 0
vt 0 0
vt 0 0
vt 0 0
vt 0 0
vt 0 0
vt 0 0
vt 0 0
vt 0 0
vt 0 0
vt 0 0
vt 0 0
vt 0 0
vt 0 0
vt 0 0
vt 0 0
vt 0 0
vt 0 0
vt 0 0
vt 0 0
vt 0 0
vt 0 0
vt 0 0
vt 0 0
vt 0 0
vt 0 0
vt 0 0
vt 0 0
vt 0 0
vt 0 0
vt 0 0
vt 0 0
vt 0 0
vt 0 0
vt 0 0
vt 0 0
vt 0 0
vt 0 0
vt 0 0
vt 0 0
vt 0 0
vt 0 0
vt 0 0
vt 0 0
vt 0 0
vt 0 0
vt 0 0
vt 0 0
vt 0 0
vt 0 0
vt 0 0
vt 0 0
vt 0 0
vt 0 0
vt 0 0
vt 0 0
vt 0 0
vt 0 0
vt 0 0
vt 0 0
vt 0 0
vt 0 0
vt 0 0
vt 0 0
vt 0 0
vt 0 0
vt 0 0
vt 0 0
vt 0 0
vt 0 0
vt 0 0
vt 0 0
vt 0 0
vt 0 0
vt 0 0
vt 0 0
vt 0 0
vt 0 0
vt 0 0
vt 0 0
vt 0 0
vt 0 0
vt 0 0
vt 0 0
vt 0 0
vt 0 0
vt 0 0
vt 0 0
vt 0 0
vt 0 0
vt 0 0
vt 0 0
vt 0 0
vt 0 0
vt 0 0
vt 0 0
vt 0 0
vt 0 0
vt 0 0
vt 0 0
vt 0 0
vt 0 0
vt 0 0
vt 0 0
vt 0 0
vt 0 0
vt 0 0
vt 0 0
vt 0 0
vt 0 0
vt 0 0
vt 0 0
vt 0 0
vt 0 0
vt 0 0
vt 0 0
vt 0 0
vt 0 0
vt 0 0
vt 0 0
vt 0 0
vt 0 0
vt 0 0
vt 0 0
vt 0 0
vt 0 0
vt 0 0
vt 0 0
vt 0 0
vt 0 0
vt 0 0
vt 0 0
vt 0 0
vt 0 0
vt 0 0
vt 0 0
vt 0 0
vt 0 0
vt 0 0
vt 0 0
vt 0 0
vt 0 0
vt 0 0
vt 0 0
vt 0 0
vt 0 0
vt 0 0
vt 0 0
vt 0 0
vt 0 0
vt 0 0
vt 0 0
vt 0 0
vt 0 0
vt 0 0
vt 0 0
vt 0 0
vt 0 0
vt 0 0
vt 0 0
vt 0 0
vt 0 0
vt 0 0
vt 0 0
vt 0 0
vt 0 0
vt 0 0
vt 0 0
vt 0 0
vt 0 0
vt 0 0
vt 0 0
vt 0 0
vt 0 0
vt 0 0
vt 0 0
vt 0 0
vt 0 0
vt 0 0
vt 0 0
vt 0 0
vt 0 0
vt 0 0
vt 0 0
vt 0 0
vt 0 0
vt 0 0
vt 0 0
vt 0 0
vt 0 0
vt 0 0
vt 0 0
vt 0 0
vt 0 0
vt 0 0
vt 0 0
vt 0 0
vt 0 0
vt 0 0
vt 0 0
vt 0 0
vt 0 0
vt 0 0
vt 0 0
vt 0 0
vt 0 0
vt 0 0
vt 0 0
vt 0 0
vt 0 0
vt 0 0
vt 0 0
vt 0 0
vt 0 0
vt 0 0
vt 0 0
vt 0 0
vt 0 0
vt 0 0
vt 0 0
vt 0 0
vt 0 0
vt 0 0
vt 0 0
vt 0 0
vt 0 0
vt 0 0
vt 0 0
vt 0 0
vt 0 0
vt 0 0
vt 0 0
vt 0 0
vt 0 0
vt 0 0
vt 0 0
vt 0 0
vt 0 0
vt 0 0
vt 0 0
vt 0 0
vt 0 0
vt 0 0
vt 0 0
vt 0 0
vt 0 0
vt 0 0
vt 0 0
vt 0 0
vt 0 0
vt 0 0
vt 0 0
vt 0 0
vt 0 0
vt 0 0
vt 0 0
vt 0 0
vt 0 0
vt 0 0
vt 0 0
vt 0 0
vt 0 0
vt 0 0
vt 0 0
vt 0 0
vt 0 0
vt 0 0
vt 0 0
vt 0 0
vt 0 0
vt 0 0
vt 0 0
vt 0 0
vt 0 0
vt 0 0
vt 0 0
vt 0 0
vt 0 0
vt 0 0
vt 0 0
vt 0 0
vt 0 0
vt 0 0
vt 0 0
vt 0 0
vt 0 0
vt 0 0
vt 0 0
vt 0 0
vt 0 0
vt 0 0
vt 0 0
vt 0 0
vt 0 0
vt 0 0
vt 0 0
vt 0 0
vt 0 0
vt 0 0
vt 0 0
vt 0 0
vt 0 0
vt 0 0
vt 0 0
vt 0 0
vt 0 0
vt 0 0
vt 0 0
vt 0 0
vt 0 0
vt 0 0
vt 0 0
vt 0 0
vt 0 0
vt 0 0
vt 0 0
vt 0 0
vt 0 0
vt 0 0
vt 0 0
vt 0 0
vt 0 0
vt 0 0
vt 0 0
vt 0 0
vt 0 0
vt 0 0
vt 0 0
vt 0 0
vt 0 0
vt 0 0
vt 0 0
vt 0 0
vt 0 0
vt 0 0
vt 0 0
vt 0 0
vt 0 0
vt 0 0
vt 0 0
vt 0 0
vt 0 0
vt 0 0
vt 0 0
vt 0 0
vt 0 0
vt 0 0
vt 0 0
vt 0 0
vt 0 0
vt 0 0
vt 0 0
vt 0 0
vt 0 0
vt 0 0
vt 0 0
vt 0 0
vt 0 0
vt 0 0
vt 0 0
vt 0 0
vt 0 0
vt 0 0
vt 0 0
vt 0 0
vt 0 0
vt 0 0
vt 0 0
vt 0 0
vt 0 0
vt 0 0
vt 0 0
vt 0 0
vt 0 0
vt 0 0
vt 0 0
vt 0 0
vt 0 0
vt 0 0
vt 0 0
vt 0 0
vt 0 0
vt 0 0
vt 0 0
vt 0 0
vt 0 0
vt 0 0
vt 0 0
vt 0 0
vt 0 0
vt 0 0
vt 0 0
vt 0 0
vt 0 0
vt 0 0
vt 0 0
vt 0 0
vt 0 0
vt 0 0
vt 0 0
vt 0 0
vt 0 0
vt 0 0
vt 0 0
vt 0 0
vt 0 0
vt 0 0
vt 0 0
vt 0 0
vt 0 0
vt 0 0
vt 0 0
vt 0 0
vt 0 0
vt 0 0
vt 0 0
vt 0 0
vt 0 0
vt 0 0
vt 0 0
vt 0 0
vt 0 0
vt 0 0
vt 0 0
vt 0 0
vt 0 0
vt 0 0
vt 0 0
vt 0 0
vt 0 0
vt 0 0
vt 0 0
vt 0 0
vt 0 0
vt 0 0
vt 0 0
vt 0 0
vt 0 0
vt 0 0
vt 0 0
vt 0 0
vt 0 0
vt 0 0
vt 0 0
vt 0 0
vt 0 0
vt 0 0
vt 0 0
vt 0 0
vt 0 0
vt 0 0
vt 0 0
vt 0 0
vt 0 0
vt 0 0
vt 0 0
vt 0 0
vt 0 0
vt 0 0
vt 0 0
vt 0 0
vt 0 0
vt 0 0
vt 0 0
vt 0 0
vt 0 0
vt 0 0
vt 0 0
vt 0 0
vt 0 0
vt 0 0
vt 0 0
vt 0 0
vt 0 0
vt 0 0
vt 0 0
vt 0 0
vt 0 0
vt 0 0
vt 0 0
vt 0 0
vt 0 0
vt 0 0
vt 0 0
vt 0 0
vt 0 0
vt 0 0
vt 0 0
vt 0 0
vt 0 0
vt 0 0
vt 0 0
vt 0 0
vt 0 0
vt 0 0
vt 0 0
vt 0 0
vt 0 0
vt 0 0
vt 0 0
vt 0 0
vt 0 0
vt 0 0
vt 0 0
vt 0 0
vt 0 0
vt 0 0
vt 0 0
vt 0 0
vt 0 0
vt 0 0
vt 0 0
vt 0 0
vt 0 0
vt 0 0
vt 0 0
vt 0 0
vt 0 0
vt 0 0
vt 0 0
vt 0 0
vt 0 0
vt 0 0
vt 0 0
vt 0 0
vt 0 0
vt 0 0
vt 0 0
vt 0 0
vt 0 0
vt 0 0
vt 0 0
vt 0 0
vt 0 0
vt 0 0
vt 0 0
vt 0 0
vt 0 0
vt 0 0
vt 0 0
vt 0 0
vt 0 0
vt 0 0
vt 0 0
vt 0 0
vt 0 0
vt 0 0
vt 0 0
vt 0 0
vt 0 0
vt 0 0
vt 0 0
vt 0 0
vt 0 0
vt 0 0
vt 0 0
vt 0 0
vt 0 0
vt 0 0
vt 0 0
vt 0 0
vt 0 0
vt 0 0
vt 0 0
vt 0 0
vt 0 0
vt 0 0
vt 0 0
vt 0 0
vt 0 0
vt 0 0
vt 0 0
vt 0 0
vt 0 0
vt 0 0
vt 0 0
vt 0 0
vt 0 0
vt 0 0
vt 0 0
vt 0 0
vt 0 0
vt 0 0
vt 0 0
vt 0 0
vt 0 0
vt 0 0
vt 0 0
vt 0 0
vt 0 0
vt 0 0
vt 0 0
vt 0 0
vt 0 0
vt 0 0
vt 0 0
vt 0 0
vt 0 0
vt 0 0
vt 0 0
vt 0 0
vt 0 0
vt 0 0
vt 0 0
vt 0 0
vt 0 0
vt 0 0
vt 0 0
vt 0 0
vt 0 0
vt 0 0
vt 0 0
vt 0 0
vt 0 0
vt 0 0
vt 0 0
vt 0 0
vt 0 0
vt 0 0
vt 0 0
vt 0 0
vt 0 0
vt 0 0
vt 0 0
vt 0 0
vt 0 0
vt 0 0
vt 0 0
vt 0 0
vt 0 0
vt 0 0
vt 0 0
vt 0 0
vt 0 0
vt 0 0
vt 0 0
vt 0 0
vt 0 0
vt 0 0
vt 0 0
vt 0 0
vt 0 0
vt 0 0
vt 0 0
vt 0 0
vt 0 0
vt 0 0
vt 0 0
vt 0 0
vt 0 0
vt 0 0
vt 0 0
vt 0 0
vt 0 0
vt 0 0
vt 0 0
vt 0 0
vt 0 0
vt 0 0
vt 0 0
vt 0 0
vt 0 0
vt 0 0
vt 0 0
vt 0 0
vt 0 0
vt 0 0
vt 0 0
vt 0 0
vt 0 0
vt 0 0
vt 0 0
vt 0 0
vt 0 0
vt 0 0
vt 0 0
vt 0 0
vt 0 0
vt 0 0
vt 0 0
vt 0 0
vt 0 0
vt 0 0
vt 0 0
vt 0 0
vt 0 0
vt 0 0
vt 0 0
vt 0 0
vt 0 0
vt 0 0
vt 0 0
vt 0 0
vt 0 0
vt 0 0
vt 0 0
vt 0 0
vt 0 0
vt 0 0
vt 0 0
vt 0 0
vt 0 0
vt 0 0
vt 0 0
vt 0 0
vt 0 0
vt 0 0
vt 0 0
vt 0 0
vt 0 0
vt 0 0
vt 0 0
vt 0 0
vt 0 0
vt 0 0
vt 0 0
vt 0 0
vt 0 0
vt 0 0
vt 0 0
vt 0 0
vt 0 0
vt 0 0
vt 0 0
vt 0 0
vt 0 0
vt 0 0
vt 0 0
vt 0 0
vt 0 0
vt 0 0
vt 0 0
vt 0 0
vt 0 0
vt 0 0
vt 0 0
vt 0 0
vt 0 0
vt 0 0
vt 0 0
vt 0 0
vt 0 0
vt 0 0
vt 0 0
vt 0 0
vt 0 0
vt 0 0
vt 0 0
vt 0 0
vt 0 0
vt 0 0
vt 0 0
vt 0 0
vt 0 0
vt 0 0
vt 0 0
vt 0 0
vt 0 0
vt 0 0
vt 0 0
vt 0 0
vt 0 0
vt 0 0
vt 0 0
vt 0 0
vt 0 0
vt 0 0
vt 0 0
vt 0 0
vt 0 0
vt 0 0
vt 0 0
vt 0 0
vt 0 0
vt 0 0
vt 0 0
vt 0 0
vt 0 0
vt 0 0
vt 0 0
vt 0 0
vt 0 0
vt 0 0
vt 0 0
vt 0 0
vt 0 0
vt 0 0
vt 0 0
vt 0 0
vt 0 0
vt 0 0
vt 0 0
vt 0 0
vt 0 0
vt 0 0
vt 0 0
vt 0 0
vt 0 0
vt 0 0
vt 0 0
vt 0 0
vt 0 0
vt 0 0
vt 0 0
vt 0 0
vt 0 0
vt 0 0
vt 0 0
vt 0 0
vt 0 0
vt 0 0
vt 0 0
vt 0 0
vt 0 0
vt 0 0
vt 0 0
vt 0 0
vt 0 0
vt 0 0
vt 0 0
vt 0 0
vt 0 0
vt 0 0
vt 0 0
vt 0 0
vt 0 0
vt 0 0
vt 0 0
vt 0 0
vt 0 0
vt 0 0
vt 0 0
vt 0 0
vt 0 0
vt 0 0
vt 0 0
vt 0 0
vt 0 0
vt 0 0
vt 0 0
vt 0 0
vt 0 0
vt 0 0
vt 0 0
vt 0 0
vt 0 0
vt 0 0
vt 0 0
vt 0 0
vt 0 0
vt 0 0
vt 0 0
vt 0 0
vt 0 0
vt 0 0
vt 0 0
vt 0 0
vt 0 0
vt 0 0
vt 0 0
vt 0 0
vt 0 0
vt 0 0
vt 0 0
vt 0 0
vt 0 0
vt 0 0
vt 0 0
vt 0 0
vt 0 0
vt 0 0
vt 0 0
vt 0 0
vt 0 0
vt 0 0
vt 0 0
vt 0 0
vt 0 0
vt 0 0
vt 0 0
vt 0 0
vt 0 0
vt 0 0
vt 0 0
vt 0 0
vt 0 0
vt 0 0
vt 0 0
vt 0 0
vt 0 0
vt 0 0
vt 0 0
vt 0 0
vt 0 0
vt 0 0
vt 0 0
vt 0 0
vt 0 0
vt 0 0
vt 0 0
vt 0 0
vt 0 0
vt 0 0
vt 0 0
vt 0 0
vt 0 0
vt 0 0
vt 0 0
vt 0 0
vt 0 0
vt 0 0
vt 0 0
vt 0 0
vt 0 0
vt 0 0
vt 0 0
vt 0 0
vt 0 0
vt 0 0
vt 0 0
vt 0 0
vt 0 0
vt 0 0
vt 0 0
vt 0 0
vt 0 0
vt 0 0
vt 0 0
vt 0 0
vt 0 0
vt 0 0
vt 0 0
vt 0 0
vt 0 0
vt 0 0
vt 0 0
vt 0 0
vt 0 0
vt 0 0
vt 0 0
vt 0 0
vt 0 0
vt 0 0
vt 0 0
vt 0 0
vt 0 0
vt 0 0
vt 0 0
vt 0 0
vt 0 0
vt 0 0
vt 0 0
vt 0 0
vt 0 0
vt 0 0
vt 0 0
vt 0 0
vt 0 0
vt 0 0
vt 0 0
vt 0 0
vt 0 0
vt 0 0
vt 0 0
vt 0 0
vt 0 0
vt 0 0
vt 0 0
vt 0 0
vt 0 0
vt 0 0
vt 0 0
vt 0 0
vt 0 0
vt 0 0
vt 0 0
vt 0 0
vt 0 0
vt 0 0
vt 0 0
vt 0 0
vt 0 0
vt 0 0
vt 0 0
vt 0 0
vt 0 0
vt 0 0
vt 0 0
vt 0 0
vt 0 0
vt 0 0
vt 0 0
vt 0 0
vt 0 0
vt 0 0
vt 0 0
vt 0 0
vt 0 0
vt 0 0
vt 0 0
vt 0 0
vt 0 0
vt 0 0
vt 0 0
vt 0 0
vt 0 0
vt 0 0
vt 0 0
vt 0 0
vt 0 0
vt 0 0
vt 0 0
vt 0 0
vt 0 0
vt 0 0
vt 0 0
vt 0 0
vt 0 0
vt 0 0
vt 0 0
vt 0 0
vt 0 0
vt 0 0
vt 0 0
vt 0 0
vt 0 0
vt 0 0
vt 0 0
vt 0 0
vt 0 0
vt 0 0
vt 0 0
vt 0 0
vt 0 0
vt 0 0
vt 0 0
vt 0 0
vt 0 0
vt 0 0
vt 0 0
vt 0 0
vt 0 0
vt 0 0
vt 0 0
vt 0 0
vt 0 0
vt 0 0
vt 0 0
vt 0 0
vt 0 0
vt 0 0
vt 0 0
vt 0 0
vt 0 0
vt 0 0
vt 0 0
vt 0 0
vt 0 0
vt 0 0
vt 0 0
vt 0 0
vt 0 0
vt 0 0
vt 0 0
vt 0 0
vt 0 0
vt 0 0
vt 0 0
vt 0 0
vt 0 0
vt 0 0
vt 0 0
vt 0 0
vt 0 0
vt 0 0
vt 0 0
vt 0 0
vt 0 0
vt 0 0
vt 0 0
vt 0 0
vt 0 0
vt 0 0
vt 0 0
vt 0 0
vt 0 0
vt 0 0
vt 0 0
vt 0 0
vt 0 0
vt 0 0
vt 0 0
vt 0 0
vt 0 0
vt 0 0
vt 0 0
vt 0 0
vt 0 0
vt 0 0
vt 0 0
vt 0 0
vt 0 0
vt 0 0
vt 0 0
vt 0 0
vt 0 0
vt 0 0
vt 0 0
vt 0 0
vt 0 0
vt 0 0
vt 0 0
vt 0 0
vt 0 0
vt 0 0
vt 0 0
vt 0 0
vt 0 0
vt 0 0
vt 0 0
vt 0 0
vt 0 0
vt 0 0
vt 0 0
vt 0 0
vt 0 0
vt 0 0
vt 0 0
vt 0 0
vt 0 0
vt 0 0
vt 0 0
vt 0 0
vt 0 0
vt 0 0
vt 0 0
vt 0 0
vt 0 0
vt 0 0
vt 0 0
vt 0 0
vt 0 0
vt 0 0
vt 0 0
vt 0 0
vt 0 0
vt 0 0
vt 0 0
vt 0 0
vt 0 0
vt 0 0
vt 0 0
vt 0 0
vt 0 0
vt 0 0
vt 0 0
vt 0 0
vt 0 0
vt 0 0
vt 0 0
vt 0 0
vt 0 0
vt 0 0
vt 0 0
vt 0 0
vt 0 0
vt 0 0
vt 0 0
vt 0 0
vt 0 0
vt 0 0
vt 0 0
vt 0 0
vt 0 0
vt 0 0
vt 0 0
vt 0 0
vt 0 0
vt 0 0
vt 0 0
vt 0 0
vt 0 0
vt 0 0
vt 0 0
vt 0 0
vt 0 0
vt 0 0
vt 0 0
vt 0 0
vt 0 0
vt 0 0
vt 0 0
vt 0 0
vt 0 0
vt 0 0
vt 0 0
vt 0 0
vt 0 0
vt 0 0
vt 0 0
vt 0 0
vt 0 0
vt 0 0
vt 0 0
vt 0 0
vt 0 0
vt 0 0
vt 0 0
vt 0 0
vt 0 0
vt 0 0
vt 0 0
vt 0 0
vt 0 0
vt 0 0
vt 0 0
vt 0 0
vt 0 0
vt 0 0
vt 0 0
vt 0 0
vt 0 0
vt 0 0
vt 0 0
vt 0 0
vt 0 0
vt 0 0
vt 0 0
vt 0 0
vt 0 0
vt 0 0
vt 0 0
vt 0 0
vt 0 0
vt 0 0
vt 0 0
vt 0 0
vt 0 0
vt 0 0
vt 0 0
vt 0 0
vt 0 0
vt 0 0
vt 0 0
vt 0 0
vt 0 0
vt 0 0
vt 0 0
vt 0 0
vt 0 0
vt 0 0
vt 0 0
vt 0 0
vt 0 0
vt 0 0
vt 0 0
vt 0 0
vt 0 0
vt 0 0
vt 0 0
vt 0 0
vt 0 0
vt 0 0
vt 0 0
vt 0 0
vt 0 0
vt 0 0
vt 0 0
vt 0 0
vt 0 0
vt 0 0
vt 0 0
vt 0 0
vt 0 0
vt 0 0
vt 0 0
vt 0 0
vt 0 0
vt 0 0
vt 0 0
vt 0 0
vt 0 0
vt 0 0
vt 0 0
vt 0 0
vt 0 0
vt 0 0
vt 0 0
vt 0 0
vt 0 0
vt 0 0
vt 0 0
vt 0 0
vt 0 0
vt 0 0
vt 0 0
vt 0 0
vt 0 0
vt 0 0
vt 0 0
vt 0 0
vt 0 0
vt 0 0
vt 0 0
vt 0 0
vt 0 0
vt 0 0
vt 0 0
vt 0 0
vt 0 0
vt 0 0
vt 0 0
vt 0 0
vt 0 0
vt 0 0
vt 0 0
vt 0 0
vt 0 0
vt 0 0
vt 0 0
vt 0 0
vt 0 0
vt 0 0
vt 0 0
vt 0 0
vt 0 0
vt 0 0
vt 0 0
vt 0 0
vt 0 0
vt 0 0
vt 0 0
vt 0 0
vt 0 0
vt 0 0
vt 0 0
vt 0 0
vt 0 0
vt 0 0
vt 0 0
vt 0 0
vt 0 0
vt 0 0
vt 0 0
vt 0 0
vt 0 0
vt 0 0
vt 0 0
vt 0 0
vt 0 0
vt 0 0
vt 0 0
vt 0 0
vt 0 0
vt 0 0
vt 0 0
vt 0 0
vt 0 0
vt 0 0
vt 0 0
vt 0 0
vt 0 0
vt 0 0
vt 0 0
vt 0 0
vt 0 0
vt 0 0
vt 0 0
vt 0 0
vt 0 0
vt 0 0
vt 0 0
vt 0 0
vt 0 0
vt 0 0
vt 0 0
vt 0 0
vt 0 0
vt 0 0
vt 0 0
vt 0 0
vt 0 0
vt 0 0
vt 0 0
vt 0 0
vt 0 0
vt 0 0
vt 0 0
vt 0 0
vt 0 0
vt 0 0
vt 0 0
vt 0 0
vt 0 0
vt 0 0
vt 0 0
vt 0 0
vt 0 0
vt 0 0
vt 0 0
vt 0 0
vt 0 0
vt 0 0
vt 0 0
vt 0 0
vt 0 0
vt 0 0
vt 0 0
vt 0 0
vt 0 0
vt 0 0
vt 0 0
vt 0 0
vt 0 0
vt 0 0
vt 0 0
vt 0 0
vt 0 0
vt 0 0
vt 0 0
vt 0 0
vt 0 0
vt 0 0
vt 0 0
vt 0 0
vt 0 0
vt 0 0
vt 0 0
vt 0 0
vt 0 0
vt 0 0
vt 0 0
vt 0 0
vt 0 0
vt 0 0
vt 0 0
vt 0 0
vt 0 0
vt 0 0
vt 0 0
vt 0 0
vt 0 0
vt 0 0
vt 0 0
vt 0 0
vt 0 0
vt 0 0
vt 0 0
vt 0 0
vt 0 0
vt 0 0
vt 0 0
vt 0 0
vt 0 0
vt 0 0
vt 0 0
vt 0 0
vt 0 0
vt 0 0
vt 0 0
vt 0 0
vt 0 0
vt 0 0
vt 0 0
vt 0 0
vt 0 0
vt 0 0
vt 0 0
vt 0 0
vt 0 0
vt 0 0
vt 0 0
vt 0 0
vt 0 0
vt 0 0
vt 0 0
vt 0 0
vt 0 0
vt 0 0
vt 0 0
vt 0 0
vt 0 0
vt 0 0
vt 0 0
vt 0 0
vt 0 0
vt 0 0
vt 0 0
vt 0 0
vt 0 0
vt 0 0
vt 0 0
vt 0 0
vt 0 0
vt 0 0
vt 0 0
vt 0 0
vt 0 0
vt 0 0
vt 0 0
vt 0 0
vt 0 0
vt 0 0
vt 0 0
vt 0 0
vt 0 0
vt 0 0
vt 0 0
vt 0 0
vt 0 0
vt 0 0
vt 0 0
vt 0 0
vt 0 0
vt 0 0
vt 0 0
vt 0 0
vt 0 0
vt 0 0
vt 0 0
vt 0 0
vt 0 0
vt 0 0
vt 0 0
vt 0 0
vt 0 0
vt 0 0
vt 0 0
vt 0 0
vt 0 0
vt 0 0
vt 0 0
vt 0 0
vt 0 0
vt 0 0
vt 0 0
vt 0 0
vt 0 0
vt 0 0
vt 0 0
vt 0 0
vt 0 0
vt 0 0
vt 0 0
vt 0 0
vt 0 0
vt 0 0
vt 0 0
vt 0 0
vt 0 0
vt 0 0
vt 0 0
vt 0 0
vt 0 0
vt 0 0
vt 0 0
vt 0 0
vt 0 0
vt 0 0
vt 0 0
vt 0 0
vt 0 0
vt 0 0
vt 0 0
vt 0 0
vt 0 0
vt 0 0
vt 0 0
vt 0 0
vt 0 0
vt 0 0
vt 0 0
vt 0 0
vt 0 0
vt 0 0
vt 0 0
vt 0 0
vt 0 0
vt 0 0
vt 0 0
vt 0 0
vt 0 0
vt 0 0
vt 0 0
vt 0 0
vt 0 0
vt 0 0
vt 0 0
vt 0 0
vt 0 0
vt 0 0
vt 0 0
vt 0 0
vt 0 0
vt 0 0
vt 0 0
vt 0 0
vt 0 0
vt 0 0
vt 0 0
vt 0 0
vt 0 0
vt 0 0
vt 0 0
vt 0 0
vt 0 0
vt 0 0
vt 0 0
vt 0 0
vt 0 0
vt 0 0
vt 0 0
vt 0 0
vt 0 0
vt 0 0
vt 0 0
vt 0 0
vt 0 0
vt 0 0
vt 0 0
vt 0 0
vt 0 0
vt 0 0
vt 0 0
vt 0 0
vt 0 0
vt 0 0
vt 0 0
vt 0 0
vt 0 0
vt 0 0
vt 0 0
vt 0 0
vt 0 0
vt 0 0
vt 0 0
vt 0 0
vt 0 0
vt 0 0
vt 0 0
vt 0 0
vt 0 0
vt 0 0
vt 0 0
vt 0 0
vt 0 0
vt 0 0
vt 0 0
vt 0 0
vt 0 0
vt 0 0
vt 0 0
vt 0 0
vt 0 0
vt 0 0
vt 0 0
vt 0 0
vt 0 0
vt 0 0
vt 0 0
vt 0 0
vt 0 0
vt 0 0
vt 0 0
vt 0 0
vt 0 0
vt 0 0
vt 0 0
vt 0 0
vt 0 0
vt 0 0
vt 0 0
vt 0 0
vt 0 0
vt 0 0
vt 0 0
vt 0 0
vt 0 0
vt 0 0
vt 0 0
vt 0 0
vt 0 0
vt 0 0
vt 0 0
vt 0 0
vt 0 0
vt 0 0
vt 0 0
vt 0 0
vt 0 0
vt 0 0
vt 0 0
vt 0 0
vt 0 0
vt 0 0
vt 0 0
vt 0 0
vt 0 0
vt 0 0
vt 0 0
vt 0 0
vt 0 0
vt 0 0
vt 0 0
vt 0 0
vt 0 0
vt 0 0
vt 0 0
vt 0 0
vt 0 0
vt 0 0
vt 0 0
vt 0 0
vt 0 0
vt 0 0
vt 0 0
vt 0 0
vt 0 0
vt 0 0
vt 0 0
vt 0 0
vt 0 0
vt 0 0
vt 0 0
vt 0 0
vt 0 0
vt 0 0
vt 0 0
vt 0 0
vt 0 0
vt 0 0
vt 0 0
vt 0 0
vt 0 0
vt 0 0
vt 0 0
vt 0 0
vt 0 0
vt 0 0
vt 0 0
vt 0 0
vt 0 0
vt 0 0
vt 0 0
vt 0 0
vt 0 0
vt 0 0
vt 0 0
vt 0 0
vt 0 0
vt 0 0
vt 0 0
vt 0 0
vt 0 0
vt 0 0
vt 0 0
vt 0 0
vt 0 0
vt 0 0
vt 0 0
vt 0 0
vt 0 0
vt 0 0
vt 0 0
vt 0 0
vt 0 0
vt 0 0
vt 0 0
vt 0 0
vt 0 0
vt 0 0
vt 0 0
vt 0 0
vt 0 0
vt 0 0
vt 0 0
vt 0 0
vt 0 0
vt 0 0
vt 0 0
vt 0 0
vt 0 0
vt 0 0
vt 0 0
vt 0 0
vt 0 0
vt 0 0
vt 0 0
vt 0 0
vt 0 0
vt 0 0
vt 0 0
vt 0 0
vt 0 0
vt 0 0
vt 0 0
vt 0 0
vt 0 0
vt 0 0
vt 0 0
vt 0 0
vt 0 0
vt 0 0
vt 0 0
vt 0 0
vt 0 0
vt 0 0
vt 0 0
vt 0 0
vt 0 0
vt 0 0
vt 0 0
vt 0 0
vt 0 0
vt 0 0
vt 0 0
vt 0 0
vt 0 0
vt 0 0
vt 0 0
vt 0 0
vt 0 0
vt 0 0
vt 0 0
vt 0 0
vt 0 0
vt 0 0
vt 0 0
vt 0 0
vt 0 0
vt 0 0
vt 0 0
vt 0 0
vt 0 0
vt 0 0
vt 0 0
vt 0 0
vt 0 0
vt 0 0
vt 0 0
vt 0 0
vt 0 0
vt 0 0
vt 0 0
vt 0 0
vt 0 0
vt 0 0
vt 0 0
vt 0 0
vt 0 0
vt 0 0
vt 0 0
vt 0 0
vt 0 0
vt 0 0
vt 0 0
vt 0 0
vt 0 0
vt 0 0
vt 0 0
vt 0 0
vt 0 0
vt 0 0
vt 0 0
vt 0 0
vt 0 0
vt 0 0
vt 0 0
vt 0 0
vt 0 0
vt 0 0
vt 0 0
vt 0 0
vt 0 0
vt 0 0
vt 0 0
vt 0 0
vt 0 0
vt 0 0
vt 0 0
vt 0 0
vt 0 0
vt 0 0
vt 0 0
vt 0 0
vt 0 0
vt 0 0
vt 0 0
vt 0 0
vt 0 0
vt 0 0
vt 0 0
vt 0 0
vt 0 0
vt 0 0
vt 0 0
vt 0 0
vt 0 0
vt 0 0
vt 0 0
vt 0 0
vt 0 0
vt 0 0
vt 0 0
vt 0 0
vt 0 0
vt 0 0
vt 0 0
vt 0 0
vt 0 0
vt 0 0
vt 0 0
vt 0 0
vt 0 0
vt 0 0
vt 0 0
vt 0 0
vt 0 0
vt 0 0
vt 0 0
vt 0 0
vt 0 0
vt 0 0
vt 0 0
vt 0 0
vt 0 0
vt 0 0
vt 0 0
vt 0 0
vt 0 0
vt 0 0
vt 0 0
vt 0 0
vt 0 0
vt 0 0
vt 0 0
vt 0 0
vt 0 0
vt 0 0
vt 0 0
vt 0 0
vt 0 0
vt 0 0
vt 0 0
vt 0 0
vt 0 0
vt 0 0
vt 0 0
vt 0 0
vt 0 0
vt 0 0
vt 0 0
vt 0 0
vt 0 0
vt 0 0
vt 0 0
vt 0 0
vt 0 0
vt 0 0
vt 0 0
vt 0 0
vt 0 0
vt 0 0
vt 0 0
vt 0 0
vt 0 0
vt 0 0
vt 0 0
vt 0 0
vt 0 0
vt 0 0
vt 0 0
vt 0 0
vt 0 0
vt 0 0
vt 0 0
vt 0 0
vt 0 0
vt 0 0
vt 0 0
vt 0 0
vt 0 0
vt 0 0
vt 0 0
vt 0 0
vt 0 0
vt 0 0
vt 0 0
vt 0 0
vt 0 0
vt 0 0
vt 0 0
vt 0 0
vt 0 0
vt 0 0
vt 0 0
vt 0 0
vt 0 0
vt 0 0
vt 0 0
vt 0 0
vt 0 0
vt 0 0
vt 0 0
vt 0 0
vt 0 0
vt 0 0
vt 0 0
vt 0 0
vt 0 0
vt 0 0
vt 0 0
vt 0 0
vt 0 0
vt 0 0
vt 0 0
vt 0 0
vt 0 0
vt 0 0
vt 0 0
vt 0 0
vt 0 0
vt 0 0
vt 0 0
vt 0 0
vt 0 0
vt 0 0
vt 0 0
vt 0 0
vt 0 0
vt 0 0
vt 0 0
vt 0 0
vt 0 0
vt 0 0
vt 0 0
vt 0 0
vt 0 0
vt 0 0
vt 0 0
vt 0 0
vt 0 0
vt 0 0
vt 0 0
vt 0 0
vt 0 0
vt 0 0
vt 0 0
vt 0 0
vt 0 0
vt 0 0
vt 0 0
vt 0 0
vt 0 0
vt 0 0
vt 0 0
vt 0 0
vt 0 0
vt 0 0
vt 0 0
vt 0 0
vt 0 0
vt 0 0
vt 0 0
vt 0 0
vt 0 0
vt 0 0
vt 0 0
vt 0 0
vt 0 0
vt 0 0
vt 0 0
vt 0 0
vt 0 0
vt 0 0
vt 0 0
vt 0 0
vt 0 0
vt 0 0
vt 0 0
vt 0 0
vt 0 0
vt 0 0
vt 0 0
vt 0 0
vt 0 0
vt 0 0
vt 0 0
vt 0 0
vt 0 0
vt 0 0
vt 0 0
vt 0 0
vt 0 0
vt 0 0
vt 0 0
vt 0 0
vt 0 0
vt 0 0
vt 0 0
vt 0 0
vt 0 0
vt 0 0
vt 0 0
vt 0 0
vt 0 0
vt 0 0
vt 0 0
vt 0 0
vt 0 0
vt 0 0
vt 0 0
vt 0 0
vt 0 0
vt 0 0
vt 0 0
vt 0 0
vt 0 0
vt 0 0
vt 0 0
vt 0 0
vt 0 0
vt 0 0
vt 0 0
vt 0 0
vt 0 0
vt 0 0
vt 0 0
vt 0 0
vt 0 0
vt 0 0
vt 0 0
vt 0 0
vt 0 0
vt 0 0
vt 0 0
vt 0 0
vt 0 0
vt 0 0
vt 0 0
vt 0 0
vt 0 0
vt 0 0
vt 0 0
vt 0 0
vt 0 0
vt 0 0
vt 0 0
vt 0 0
vt 0 0
vt 0 0
vt 0 0
vt 0 0
vt 0 0
vt 0 0
vt 0 0
vt 0 0
vt 0 0
vt 0 0
vt 0 0
vt 0 0
vt 0 0
vt 0 0
vt 0 0
vt 0 0
vt 0 0
vt 0 0
vt 0 0
vt 0 0
vt 0 0
vt 0 0
vt 0 0
vt 0 0
vt 0 0
vt 0 0
vt 0 0
vt 0 0
vt 0 0
vt 0 0
vt 0 0
vt 0 0
vt 0 0
vt 0 0
vt 0 0
vt 0 0
vt 0 0
vt 0 0
vt 0 0
vt 0 0
vt 0 0
vt 0 0
vt 0 0
vt 0 0
vt 0 0
vt 0 0
vt 0 0
vt 0 0
vt 0 0
vt 0 0
vt 0 0
vt 0 0
vt 0 0
vt 0 0
vt 0 0
vt 0 0
vt 0 0
vt 0 0
vt 0 0
vt 0 0
vt 0 0
vt 0 0
vt 0 0
vt 0 0
vt 0 0
vt 0 0
vt 0 0
vt 0 0
vt 0 0
vt 0 0
vt 0 0
vt 0 0
vt 0 0
vt 0 0
vt 0 0
vt 0 0
vt 0 0
vt 0 0
vt 0 0
vt 0 0
vt 0 0
vt 0 0
vt 0 0
vt 0 0
vt 0 0
vt 0 0
vt 0 0
vt 0 0
vt 0 0
vt 0 0
vt 0 0
vt 0 0
vt 0 0
vt 0 0
vt 0 0
vt 0 0
vt 0 0
vt 0 0
vt 0 0
vt 0 0
vt 0 0
vt 0 0
vt 0 0
vt 0 0
vt 0 0
vt 0 0
vt 0 0
vt 0 0
vt 0 0
vt 0 0
vt 0 0
vt 0 0
vt 0 0
vt 0 0
vt 0 0
vt 0 0
vt 0 0
vt 0 0
vt 0 0
vt 0 0
vt 0 0
vt 0 0
vt 0 0
vt 0 0
vt 0 0
vt 0 0
vt 0 0
vt 0 0
vt 0 0
vt 0 0
vt 0 0
vt 0 0
vt 0 0
vt 0 0
vt 0 0
vt 0 0
vt 0 0
vt 0 0
vt 0 0
vt 0 0
vt 0 0
vt 0 0
vt 0 0
vt 0 0
vt 0 0
vt 0 0
vt 0 0
vt 0 0
vt 0 0
vt 0 0
vt 0 0
vt 0 0
vt 0 0
vt 0 0
vt 0 0
vt 0 0
vt 0 0
vt 0 0
vt 0 0
vt 0 0
vt 0 0
vt 0 0
vt 0 0
vt 0 0
vt 0 0
vt 0 0
vt 0 0
vt 0 0
vt 0 0
vt 0 0
vt 0 0
vt 0 0
vt 0 0
vt 0 0
vt 0 0
vt 0 0
vt 0 0
vt 0 0
vt 0 0
vt 0 0
vt 0 0
vt 0 0
vt 0 0
vt 0 0
vt 0 0
vt 0 0
vt 0 0
vt 0 0
vt 0 0
vt 0 0
vt 0 0
vt 0 0
vt 0 0
vt 0 0
vt 0 0
vt 0 0
vt 0 0
vt 0 0
vt 0 0
vt 0 0
vt 0 0
vt 0 0
vt 0 0
vt 0 0
vt 0 0
vt 0 0
vt 0 0
vt 0 0
vt 0 0
vt 0 0
vt 0 0
vt 0 0
vt 0 0
vt 0 0
vt 0 0
vt 0 0
vt 0 0
vt 0 0
vt 0 0
vt 0 0
vt 0 0
vt 0 0
vt 0 0
vt 0 0
vt 0 0
vt 0 0
vt 0 0
vt 0 0
vt 0 0
vt 0 0
vt 0 0
vt 0 0
vt 0 0
vt 0 0
vt 0 0
vt 0 0
vt 0 0
vt 0 0
vt 0 0
vt 0 0
vt 0 0
vt 0 0
vt 0 0
vt 0 0
vt 0 0
vt 0 0
vt 0 0
vt 0 0
vt 0 0
vt 0 0
vt 0 0
vt 0 0
vt 0 0
vt 0 0
vt 0 0
vt 0 0
vt 0 0
vt 0 0
vt 0 0
vt 0 0
vt 0 0
vt 0 0
vt 0 0
vt 0 0
vt 0 0
vt 0 0
vt 0 0
vt 0 0
vt 0 0
vt 0 0
vt 0 0
vt 0 0
vt 0 0
vt 0 0
vt 0 0
vt 0 0
vt 0 0
vt 0 0
vt 0 0
vt 0 0
vt 0 0
vt 0 0
vt 0 0
vt 0 0
vt 0 0
vt 0 0
vt 0 0
vt 0 0
vt 0 0
vt 0 0
vt 0 0
vt 0 0
vt 0 0
vt 0 0
vt 0 0
vt 0 0
vt 0 0
vt 0 0
vt 0 0
vt 0 0
vt 0 0
vt 0 0
vt 0 0
vt 0 0
vt 0 0
vt 0 0
vt 0 0
vt 0 0
vt 0 0
vt 0 0
vt 0 0
vt 0 0
vt 0 0
vt 0 0
vt 0 0
vt 0 0
vt 0 0
vt 0 0
vt 0 0
vt 0 0
vt 0 0
vt 0 0
vt 0 0
vt 0 0
vt 0 0
vt 0 0
vt 0 0
vt 0 0
vt 0 0
vt 0 0
vt 0 0
vt 0 0
vt 0 0
vt 0 0
vt 0 0
vt 0 0
vt 0 0
vt 0 0
vt 0 0
vt 0 0
vt 0 0
vt 0 0
vt 0 0
vt 0 0
vt 0 0
vt 0 0
vt 0 0
vt 0 0
vt 0 0
vt 0 0
vt 0 0
vt 0 0
vt 0 0
vt 0 0
vt 0 0
vt 0 0
vt 0 0
vt 0 0
vt 0 0
vt 0 0
vt 0 0
vt 0 0
vt 0 0
vt 0 0
vt 0 0
vt 0 0
vt 0 0
vt 0 0
vt 0 0
vt 0 0
vt 0 0
vt 0 0
vt 0 0
vt 0 0
vt 0 0
vt 0 0
vt 0 0
vt 0 0
vt 0 0
vt 0 0
vt 0 0
vt 0 0
vt 0 0
vt 0 0
vt 0 0
vt 0 0
vt 0 0
vt 0 0
vt 0 0
vt 0 0
vt 0 0
vt 0 0
vt 0 0
vt 0 0
vt 0 0
vt 0 0
vt 0 0
vt 0 0
vt 0 0
vt 0 0
vt 0 0
vt 0 0
vt 0 0
vt 0 0
vt 0 0
vt 0 0
vt 0 0
vt 0 0
vt 0 0
vt 0 0
vt 0 0
vt 0 0
vt 0 0
vt 0 0
vt 0 0
vt 0 0
vt 0 0
vt 0 0
vt 0 0
vt 0 0
vt 0 0
vt 0 0
vt 0 0
vt 0 0
vt 0 0
vt 0 0
vt 0 0
vt 0 0
vt 0 0
vt 0 0
vt 0 0
vt 0 0
vt 0 0
vt 0 0
vt 0 0
vt 0 0
vt 0 0
vt 0 0
vt 0 0
vt 0 0
vt 0 0
vt 0 0
vt 0 0
vt 0 0
vt 0 0
vt 0 0
vt 0 0
vt 0 0
vt 0 0
vt 0 0
vt 0 0
vt 0 0
vt 0 0
vt 0 0
vt 0 0
vt 0 0
vt 0 0
vt 0 0
vt 0 0
vt 0 0
vt 0 0
vt 0 0
vt 0 0
vt 0 0
vt 0 0
vt 0 0
vt 0 0
vt 0 0
vt 0 0
vt 0 0
vt 0 0
vt 0 0
vt 0 0
vt 0 0
vt 0 0
vt 0 0
vt 0 0
vt 0 0
vt 0 0
vt 0 0
vt 0 0
vt 0 0
vt 0 0
vt 0 0
vt 0 0
vt 0 0
vt 0 0
vt 0 0
vt 0 0
vt 0 0
vt 0 0
vt 0 0
vt 0 0
vt 0 0
vt 0 0
vt 0 0
vt 0 0
vt 0 0
vt 0 0
vt 0 0
vt 0 0
vt 0 0
vt 0 0
vt 0 0
vt 0 0
vt 0 0
vt 0 0
vt 0 0
vt 0 0
vt 0 0
vt 0 0
vt 0 0
vt 0 0
vt 0 0
vt 0 0
vt 0 0
vt 0 0
vt 0 0
vt 0 0
vt 0 0
vt 0 0
vt 0 0
vt 0 0
vt 0 0
vt 0 0
vt 0 0
vt 0 0
vt 0 0
vt 0 0
vt 0 0
vt 0 0
vt 0 0
vt 0 0
vt 0 0
vt 0 0
vt 0 0
vt 0 0
vt 0 0
vt 0 0
vt 0 0
vt 0 0
vt 0 0
vt 0 0
vt 0 0
vt 0 0
vt 0 0
vt 0 0
vt 0 0
vt 0 0
vt 0 0
vt 0 0
vt 0 0
vt 0 0
vt 0 0
vt 0 0
vt 0 0
vt 0 0
vt 0 0
vt 0 0
vt 0 0
vt 0 0
vt 0 0
vt 0 0
vt 0 0
vt 0 0
vt 0 0
vt 0 0
vt 0 0
vt 0 0
vt 0 0
vt 0 0
vt 0 0
vt 0 0
vt 0 0
vt 0 0
vt 0 0
vt 0 0
vt 0 0
vt 0 0
vt 0 0
vt 0 0
vt 0 0
vt 0 0
vt 0 0
vt 0 0
vt 0 0
vt 0 0
vt 0 0
vt 0 0
vt 0 0
vt 0 0
vt 0 0
vt 0 0
vt 0 0
vt 0 0
vt 0 0
vt 0 0
vt 0 0
vt 0 0
vt 0 0
vt 0 0
vt 0 0
vt 0 0
vt 0 0
vt 0 0
vt 0 0
vt 0 0
vt 0 0
vt 0 0
vt 0 0
vt 0 0
vt 0 0
vt 0 0
vt 0 0
vt 0 0
vt 0 0
vt 0 0
vt 0 0
vt 0 0
vt 0 0
vt 0 0
vt 0 0
vt 0 0
vt 0 0
vt 0 0
vt 0 0
vt 0 0
vt 0 0
vt 0 0
vt 0 0
vt 0 0
vt 0 0
vt 0 0
vt 0 0
vt 0 0
vt 0 0
vt 0 0
vt 0 0
vt 0 0
vt 0 0
vt 0 0
vt 0 0
vt 0 0
vt 0 0
vt 0 0
vt 0 0
vt 0 0
vt 0 0
vt 0 0
vt 0 0
vt 0 0
vt 0 0
vt 0 0
vt 0 0
vt 0 0
vt 0 0
vt 0 0
vt 0 0
vt 0 0
vt 0 0
vt 0 0
vt 0 0
vt 0 0
vt 0 0
vt 0 0
vt 0 0
vt 0 0
vt 0 0
vt 0 0
vt 0 0
vt 0 0
vt 0 0
vt 0 0
vt 0 0
vt 0 0
vt 0 0
vt 0 0
vt 0 0
vt 0 0
vt 0 0
vt 0 0
vt 0 0
vt 0 0
vt 0 0
vt 0 0
vt 0 0
vt 0 0
vt 0 0
vt 0 0
vt 0 0
vt 0 0
vt 0 0
vt 0 0
vt 0 0
vt 0 0
vt 0 0
vt 0 0
vt 0 0
vt 0 0
vt 0 0
vt 0 0
vt 0 0
vt 0 0
vt 0 0
vt 0 0
vt 0 0
vt 0 0
vt 0 0
vt 0 0
vt 0 0
vt 0 0
vt 0 0
vt 0 0
vt 0 0
vt 0 0
vt 0 0
vt 0 0
vt 0 0
vt 0 0
vt 0 0
vt 0 0
vt 0 0
vt 0 0
vt 0 0
vt 0 0
vt 0 0
vt 0 0
vt 0 0
vt 0 0
vt 0 0
vt 0 0
vt 0 0
vt 0 0
vt 0 0
vt 0 0
vt 0 0
vt 0 0
vt 0 0
vt 0 0
vt 0 0
vt 0 0
vt 0 0
vt 0 0
vt 0 0
vt 0 0
vt 0 0
vt 0 0
vt 0 0
vt 0 0
vt 0 0
vt 0 0
vt 0 0
vt 0 0
vt 0 0
vt 0 0
vt 0 0
vt 0 0
vt 0 0
vt 0 0
vt 0 0
vt 0 0
vt 0 0
vt 0 0
vt 0 0
vt 0 0
vt 0 0
vt 0 0
vt 0 0
vt 0 0
vt 0 0
vt 0 0
vt 0 0
vt 0 0
vt 0 0
vt 0 0
vt 0 0
vt 0 0
vt 0 0
vt 0 0
vt 0 0
vt 0 0
vt 0 0
vt 0 0
vt 0 0
vt 0 0
vt 0 0
vt 0 0
vt 0 0
vt 0 0
vt 0 0
vt 0 0
vt 0 0
vt 0 0
vt 0 0
vt 0 0
vt 0 0
vt 0 0
vt 0 0
vt 0 0
vt 0 0
vt 0 0
vt 0 0
vt 0 0
vt 0 0
vt 0 0
vt 0 0
vt 0 0
vt 0 0
vt 0 0
vt 0 0
vt 0 0
vt 0 0
vt 0 0
vt 0 0
vt 0 0
vt 0 0
vt 0 0
vt 0 0
vt 0 0
vt 0 0
vt 0 0
vt 0 0
vt 0 0
vt 0 0
vt 0 0
vt 0 0
vt 0 0
vt 0 0
vt 0 0
vt 0 0
vt 0 0
vt 0 0
vt 0 0
vt 0 0
vt 0 0
vt 0 0
vt 0 0
vt 0 0
vt 0 0
vt 0 0
vt 0 0
vt 0 0
vt 0 0
vt 0 0
vt 0 0
vt 0 0
vt 0 0
vt 0 0
vt 0 0
vt 0 0
vt 0 0
vt 0 0
vt 0 0
vt 0 0
vt 0 0
vt 0 0

f 1/1/1 126/1/126 6/1/6
f 1/1/1 3/1/3 2/1/2
f 126/1/126 1/1/1 2/1/2
f 3/1/3 9/1/9 4/1/4
f 2/1/2 3/1/3 4/1/4
f 5/1/5 128/1/128 11/1/11
f 5/1/5 7/1/7 6/1/6
f 128/1/128 5/1/5 6/1/6
f 6/1/6 7/1/7 1/1/1
f 1/1/1 7/1/7 14/1/14
f 3/1/3 1/1/1 8/1/8
f 8/1/8 1/1/1 14/1/14
f 9/1/9 3/1/3 8/1/8
f 10/1/10 4/1/4 9/1/9
f 12/1/12 11/1/11 17/1/17
f 11/1/11 12/1/12 5/1/5
f 5/1/5 12/1/12 13/1/13
f 7/1/7 5/1/5 13/1/13
f 14/1/14 7/1/7 13/1/13
f 8/1/8 14/1/14 21/1/21
f 9/1/9 8/1/8 15/1/15
f 15/1/15 8/1/8 21/1/21
f 10/1/10 9/1/9 23/1/23
f 23/1/23 9/1/9 15/1/15
f 18/1/18 17/1/17 16/1/16
f 17/1/17 18/1/18 12/1/12
f 12/1/12 18/1/18 19/1/19
f 13/1/13 12/1/12 19/1/19
f 20/1/20 13/1/13 19/1/19
f 14/1/14 13/1/13 20/1/20
f 21/1/21 14/1/14 20/1/20
f 15/1/15 21/1/21 22/1/22
f 23/1/23 15/1/15 22/1/22
f 26/1/26 10/1/10 23/1/23
f 24/1/24 18/1/18 16/1/16
f 19/1/19 18/1/18 25/1/25
f 25/1/25 18/1/18 24/1/24
f 31/1/31 19/1/19 25/1/25
f 20/1/20 19/1/19 32/1/32
f 32/1/32 19/1/19 31/1/31
f 21/1/21 20/1/20 34/1/34
f 34/1/34 20/1/20 32/1/32
f 22/1/22 21/1/21 35/1/35
f 35/1/35 21/1/21 34/1/34
f 23/1/23 22/1/22 36/1/36
f 36/1/36 22/1/22 35/1/35
f 26/1/26 23/1/23 37/1/37
f 37/1/37 23/1/23 36/1/36
f 26/1/26 37/1/37 27/1/27
f 29/1/29 16/1/16 28/1/28
f 16/1/16 29/1/29 24/1/24
f 24/1/24 29/1/29 43/1/43
f 25/1/25 24/1/24 30/1/30
f 30/1/30 24/1/24 43/1/43
f 31/1/31 25/1/25 30/1/30
f 34/1/34 32/1/32 33/1/33
f 38/1/38 27/1/27 37/1/37
f 40/1/40 39/1/39 134/1/134
f 40/1/40 42/1/42 41/1/41
f 39/1/39 40/1/40 41/1/41
f 28/1/28 41/1/41 42/1/42
f 28/1/28 42/1/42 29/1/29
f 29/1/29 42/1/42 50/1/50
f 43/1/43 29/1/29 50/1/50
f 30/1/30 43/1/43 44/1/44
f 31/1/31 30/1/30 44/1/44
f 32/1/32 31/1/31 51/1/51
f 51/1/51 31/1/31 44/1/44
f 33/1/33 32/1/32 52/1/52
f 52/1/52 32/1/32 51/1/51
f 34/1/34 33/1/33 53/1/53
f 53/1/53 33/1/33 52/1/52
f 35/1/35 34/1/34 45/1/45
f 45/1/45 34/1/34 53/1/53
f 36/1/36 35/1/35 45/1/45
f 37/1/37 36/1/36 46/1/46
f 46/1/46 36/1/36 45/1/45
f 47/1/47 38/1/38 37/1/37
f 47/1/47 37/1/37 55/1/55
f 55/1/55 37/1/37 46/1/46
f 48/1/48 134/1/134 56/1/56
f 134/1/134 48/1/48 40/1/40
f 40/1/40 48/1/48 49/1/49
f 42/1/42 40/1/40 49/1/49
f 50/1/50 42/1/42 49/1/49
f 43/1/43 50/1/50 60/1/60
f 44/1/44 43/1/43 61/1/61
f 61/1/61 43/1/43 60/1/60
f 51/1/51 44/1/44 61/1/61
f 45/1/45 53/1/53 63/1/63
f 64/1/64 45/1/45 63/1/63
f 46/1/46 45/1/45 54/1/54
f 54/1/54 45/1/45 64/1/64
f 55/1/55 46/1/46 54/1/54
f 66/1/66 47/1/47 55/1/55
f 57/1/57 56/1/56 139/1/139
f 56/1/56 57/1/57 48/1/48
f 48/1/48 57/1/57 58/1/58
f 49/1/49 48/1/48 58/1/58
f 59/1/59 49/1/49 58/1/58
f 50/1/50 49/1/49 59/1/59
f 60/1/60 50/1/50 59/1/59
f 51/1/51 61/1/61 81/1/81
f 52/1/52 51/1/51 81/1/81
f 62/1/62 52/1/52 81/1/81
f 53/1/53 52/1/52 62/1/62
f 63/1/63 53/1/53 62/1/62
f 54/1/54 64/1/64 74/1/74
f 55/1/55 54/1/54 65/1/65
f 65/1/65 54/1/54 74/1/74
f 65/1/65 66/1/66 55/1/55
f 67/1/67 57/1/57 139/1/139
f 68/1/68 67/1/67 139/1/139
f 58/1/58 57/1/57 69/1/69
f 69/1/69 57/1/57 67/1/67
f 59/1/59 58/1/58 79/1/79
f 79/1/79 58/1/58 69/1/69
f 70/1/70 59/1/59 79/1/79
f 60/1/60 59/1/59 70/1/70
f 61/1/61 60/1/60 71/1/71
f 71/1/71 60/1/60 70/1/70
f 81/1/81 61/1/61 71/1/71
f 62/1/62 81/1/81 72/1/72
f 63/1/63 62/1/62 73/1/73
f 73/1/73 62/1/62 72/1/72
f 64/1/64 63/1/63 73/1/73
f 74/1/74 64/1/64 73/1/73
f 65/1/65 74/1/74 75/1/75
f 76/1/76 66/1/66 65/1/65
f 75/1/75 76/1/76 65/1/65
f 77/1/77 67/1/67 68/1/68
f 140/1/140 77/1/77 68/1/68
f 69/1/69 67/1/67 78/1/78
f 78/1/78 67/1/67 77/1/77
f 89/1/89 69/1/69 78/1/78
f 79/1/79 69/1/69 89/1/89
f 80/1/80 70/1/70 79/1/79
f 71/1/71 70/1/70 80/1/80
f 81/1/81 71/1/71 80/1/80
f 72/1/72 81/1/81 82/1/82
f 83/1/83 72/1/72 82/1/82
f 73/1/73 72/1/72 84/1/84
f 84/1/84 72/1/72 83/1/83
f 74/1/74 73/1/73 85/1/85
f 85/1/85 73/1/73 84/1/84
f 94/1/94 141/1/141 75/1/75
f 94/1/94 75/1/75 85/1/85
f 85/1/85 75/1/75 74/1/74
f 76/1/76 75/1/75 141/1/141
f 77/1/77 140/1/140 87/1/87
f 87/1/87 86/1/86 77/1/77
f 77/1/77 86/1/86 78/1/78
f 89/1/89 78/1/78 88/1/88
f 88/1/88 78/1/78 86/1/86
f 95/1/95 79/1/79 89/1/89
f 80/1/80 79/1/79 95/1/95
f 81/1/81 80/1/80 90/1/90
f 82/1/82 81/1/81 91/1/91
f 91/1/91 81/1/81 90/1/90
f 92/1/92 82/1/82 91/1/91
f 83/1/83 82/1/82 92/1/92
f 84/1/84 83/1/83 93/1/93
f 93/1/93 83/1/83 92/1/92
f 100/1/100 84/1/84 93/1/93
f 101/1/101 94/1/94 85/1/85
f 101/1/101 85/1/85 100/1/100
f 100/1/100 85/1/85 84/1/84
f 86/1/86 87/1/87 144/1/144
f 144/1/144 103/1/103 86/1/86
f 86/1/86 103/1/103 88/1/88
f 89/1/89 88/1/88 104/1/104
f 104/1/104 88/1/88 103/1/103
f 95/1/95 89/1/89 105/1/105
f 105/1/105 89/1/89 104/1/104
f 96/1/96 80/1/80 95/1/95
f 90/1/90 80/1/80 96/1/96
f 97/1/97 90/1/90 96/1/96
f 91/1/91 90/1/90 97/1/97
f 92/1/92 91/1/91 98/1/98
f 98/1/98 91/1/91 97/1/97
f 99/1/99 92/1/92 98/1/98
f 108/1/108 100/1/100 93/1/93
f 108/1/108 93/1/93 99/1/99
f 99/1/99 93/1/93 92/1/92
f 103/1/103 144/1/144 102/1/102
f 96/1/96 95/1/95 112/1/112
f 112/1/112 95/1/95 105/1/105
f 106/1/106 96/1/96 112/1/112
f 97/1/97 96/1/96 107/1/107
f 107/1/107 96/1/96 106/1/106
f 98/1/98 97/1/97 109/1/109
f 109/1/109 97/1/97 107/1/107
f 109/1/109 108/1/108 99/1/99
f 109/1/109 99/1/99 98/1/98
f 102/1/102 116/1/116 110/1/110
f 102/1/102 110/1/110 103/1/103
f 103/1/103 110/1/110 104/1/104
f 105/1/105 104/1/104 111/1/111
f 111/1/111 104/1/104 110/1/110
f 112/1/112 105/1/105 111/1/111
f 106/1/106 112/1/112 113/1/113
f 107/1/107 106/1/106 114/1/114
f 114/1/114 106/1/106 113/1/113
f 115/1/115 107/1/107 114/1/114
f 121/1/121 145/1/145 109/1/109
f 121/1/121 109/1/109 115/1/115
f 115/1/115 109/1/109 107/1/107
f 116/1/116 117/1/117 110/1/110
f 110/1/110 117/1/117 111/1/111
f 112/1/112 111/1/111 118/1/118
f 118/1/118 111/1/111 117/1/117
f 113/1/113 112/1/112 119/1/119
f 119/1/119 112/1/112 118/1/118
f 120/1/120 114/1/114 119/1/119
f 119/1/119 114/1/114 113/1/113
f 115/1/115 114/1/114 120/1/120
f 121/1/121 115/1/115 120/1/120
f 117/1/117 124/1/124 122/1/122
f 117/1/117 122/1/122 118/1/118
f 123/1/123 119/1/119 122/1/122
f 122/1/122 119/1/119 118/1/118
f 120/1/120 119/1/119 123/1/123
f 123/1/123 122/1/122 124/1/124
f 6/1/6 126/1/126 125/1/125
f 4/1/4 127/1/127 2/1/2
f 2/1/2 127/1/127 126/1/126
f 159/1/159 127/1/127 4/1/4
f 6/1/6 158/1/158 128/1/128
f 128/1/128 158/1/158 160/1/160
f 158/1/158 6/1/6 125/1/125
f 4/1/4 10/1/10 159/1/159
f 159/1/159 10/1/10 161/1/161
f 11/1/11 163/1/163 130/1/130
f 17/1/17 11/1/11 130/1/130
f 163/1/163 11/1/11 128/1/128
f 17/1/17 130/1/130 129/1/129
f 16/1/16 17/1/17 129/1/129
f 10/1/10 26/1/26 161/1/161
f 132/1/132 129/1/129 131/1/131
f 132/1/132 16/1/16 129/1/129
f 26/1/26 164/1/164 161/1/161
f 164/1/164 26/1/26 27/1/27
f 131/1/131 165/1/165 132/1/132
f 132/1/132 28/1/28 16/1/16
f 136/1/136 27/1/27 38/1/38
f 134/1/134 135/1/135 133/1/133
f 134/1/134 39/1/39 135/1/135
f 132/1/132 135/1/135 41/1/41
f 135/1/135 39/1/39 41/1/41
f 28/1/28 132/1/132 41/1/41
f 47/1/47 136/1/136 38/1/38
f 169/1/169 136/1/136 47/1/47
f 134/1/134 133/1/133 56/1/56
f 47/1/47 66/1/66 169/1/169
f 169/1/169 66/1/66 138/1/138
f 56/1/56 133/1/133 137/1/137
f 56/1/56 137/1/137 139/1/139
f 138/1/138 66/1/66 174/1/174
f 139/1/139 140/1/140 68/1/68
f 66/1/66 76/1/76 174/1/174
f 141/1/141 176/1/176 76/1/76
f 76/1/76 176/1/176 174/1/174
f 87/1/87 140/1/140 142/1/142
f 94/1/94 101/1/101 143/1/143
f 94/1/94 143/1/143 177/1/177
f 94/1/94 177/1/177 141/1/141
f 176/1/176 141/1/141 177/1/177
f 144/1/144 87/1/87 180/1/180
f 180/1/180 87/1/87 142/1/142
f 100/1/100 108/1/108 147/1/147
f 100/1/100 147/1/147 101/1/101
f 101/1/101 147/1/147 178/1/178
f 101/1/101 178/1/178 143/1/143
f 150/1/150 180/1/180 182/1/182
f 102/1/102 180/1/180 150/1/150
f 102/1/102 144/1/144 180/1/180
f 108/1/108 109/1/109 145/1/145
f 108/1/108 145/1/145 146/1/146
f 108/1/108 146/1/146 147/1/147
f 178/1/178 147/1/147 148/1/148
f 102/1/102 150/1/150 116/1/116
f 121/1/121 149/1/149 145/1/145
f 146/1/146 145/1/145 149/1/149
f 116/1/116 150/1/150 152/1/152
f 116/1/116 152/1/152 117/1/117
f 121/1/121 120/1/120 151/1/151
f 151/1/151 149/1/149 121/1/121
f 117/1/117 152/1/152 153/1/153
f 117/1/117 153/1/153 124/1/124
f 151/1/151 120/1/120 123/1/123
f 154/1/154 151/1/151 123/1/123
f 124/1/124 153/1/153 155/1/155
f 124/1/124 155/1/155 190/1/190
f 190/1/190 123/1/123 124/1/124
f 156/1/156 126/1/126 157/1/157
f 156/1/156 125/1/125 126/1/126
f 127/1/127 157/1/157 126/1/126
f 127/1/127 159/1/159 195/1/195
f 127/1/127 195/1/195 157/1/157
f 160/1/160 197/1/197 163/1/163
f 128/1/128 160/1/160 163/1/163
f 159/1/159 161/1/161 196/1/196
f 161/1/161 199/1/199 196/1/196
f 161/1/161 200/1/200 199/1/199
f 130/1/130 163/1/163 162/1/162
f 129/1/129 130/1/130 162/1/162
f 200/1/200 161/1/161 164/1/164
f 131/1/131 162/1/162 165/1/165
f 162/1/162 131/1/131 129/1/129
f 164/1/164 27/1/27 200/1/200
f 200/1/200 27/1/27 166/1/166
f 27/1/27 136/1/136 166/1/166
f 167/1/167 133/1/133 135/1/135
f 167/1/167 135/1/135 203/1/203
f 203/1/203 135/1/135 168/1/168
f 168/1/168 135/1/135 165/1/165
f 132/1/132 165/1/165 135/1/135
f 167/1/167 206/1/206 170/1/170
f 167/1/167 170/1/170 137/1/137
f 167/1/167 137/1/137 133/1/133
f 169/1/169 138/1/138 207/1/207
f 172/1/172 171/1/171 170/1/170
f 137/1/137 171/1/171 139/1/139
f 170/1/170 171/1/171 137/1/137
f 138/1/138 174/1/174 207/1/207
f 173/1/173 171/1/171 172/1/172
f 209/1/209 173/1/173 172/1/172
f 139/1/139 173/1/173 140/1/140
f 171/1/171 173/1/173 139/1/139
f 175/1/175 173/1/173 209/1/209
f 173/1/173 175/1/175 140/1/140
f 142/1/142 140/1/140 175/1/175
f 177/1/177 210/1/210 176/1/176
f 142/1/142 244/1/244 245/1/245
f 245/1/245 180/1/180 142/1/142
f 143/1/143 178/1/178 177/1/177
f 178/1/178 179/1/179 177/1/177
f 179/1/179 210/1/210 177/1/177
f 211/1/211 182/1/182 180/1/180
f 147/1/147 146/1/146 148/1/148
f 178/1/178 148/1/148 181/1/181
f 179/1/179 178/1/178 181/1/181
f 146/1/146 149/1/149 185/1/185
f 146/1/146 185/1/185 148/1/148
f 213/1/213 148/1/148 185/1/185
f 181/1/181 148/1/148 213/1/213
f 150/1/150 182/1/182 183/1/183
f 150/1/150 183/1/183 152/1/152
f 149/1/149 151/1/151 184/1/184
f 185/1/185 149/1/149 184/1/184
f 152/1/152 186/1/186 188/1/188
f 152/1/152 183/1/183 186/1/186
f 152/1/152 188/1/188 153/1/153
f 151/1/151 154/1/154 187/1/187
f 184/1/184 151/1/151 187/1/187
f 155/1/155 188/1/188 189/1/189
f 155/1/155 153/1/153 188/1/188
f 191/1/191 155/1/155 189/1/189
f 191/1/191 190/1/190 155/1/155
f 154/1/154 123/1/123 190/1/190
f 193/1/193 156/1/156 192/1/192
f 192/1/192 156/1/156 223/1/223
f 157/1/157 194/1/194 156/1/156
f 156/1/156 194/1/194 223/1/223
f 194/1/194 157/1/157 195/1/195
f 193/1/193 158/1/158 125/1/125
f 156/1/156 193/1/193 125/1/125
f 159/1/159 196/1/196 195/1/195
f 264/1/264 163/1/163 197/1/197
f 198/1/198 160/1/160 193/1/193
f 198/1/198 197/1/197 160/1/160
f 158/1/158 193/1/193 160/1/160
f 196/1/196 199/1/199 225/1/225
f 225/1/225 199/1/199 265/1/265
f 264/1/264 226/1/226 163/1/163
f 201/1/201 199/1/199 200/1/200
f 226/1/226 267/1/267 162/1/162
f 226/1/226 162/1/162 163/1/163
f 200/1/200 166/1/166 201/1/201
f 165/1/165 227/1/227 168/1/168
f 166/1/166 136/1/136 228/1/228
f 228/1/228 136/1/136 202/1/202
f 168/1/168 230/1/230 203/1/203
f 136/1/136 169/1/169 202/1/202
f 202/1/202 169/1/169 204/1/204
f 170/1/170 206/1/206 205/1/205
f 203/1/203 206/1/206 167/1/167
f 169/1/169 207/1/207 204/1/204
f 208/1/208 205/1/205 235/1/235
f 208/1/208 172/1/172 205/1/205
f 172/1/172 170/1/170 205/1/205
f 207/1/207 174/1/174 239/1/239
f 172/1/172 208/1/208 209/1/209
f 239/1/239 174/1/174 241/1/241
f 208/1/208 240/1/240 209/1/209
f 174/1/174 176/1/176 241/1/241
f 241/1/241 176/1/176 243/1/243
f 142/1/142 175/1/175 244/1/244
f 176/1/176 210/1/210 243/1/243
f 210/1/210 179/1/179 246/1/246
f 180/1/180 245/1/245 211/1/211
f 181/1/181 213/1/213 212/1/212
f 179/1/179 181/1/181 214/1/214
f 181/1/181 212/1/212 214/1/214
f 214/1/214 246/1/246 179/1/179
f 211/1/211 215/1/215 182/1/182
f 183/1/183 182/1/182 215/1/215
f 185/1/185 184/1/184 216/1/216
f 183/1/183 215/1/215 249/1/249
f 186/1/186 183/1/183 249/1/249
f 296/1/296 186/1/186 249/1/249
f 219/1/219 217/1/217 187/1/187
f 217/1/217 184/1/184 187/1/187
f 186/1/186 296/1/296 251/1/251
f 188/1/188 186/1/186 251/1/251
f 251/1/251 189/1/189 188/1/188
f 190/1/190 191/1/191 218/1/218
f 190/1/190 218/1/218 154/1/154
f 154/1/154 218/1/218 222/1/222
f 187/1/187 154/1/154 222/1/222
f 187/1/187 222/1/222 219/1/219
f 191/1/191 189/1/189 220/1/220
f 218/1/218 191/1/191 221/1/221
f 221/1/221 191/1/191 220/1/220
f 222/1/222 218/1/218 221/1/221
f 192/1/192 257/1/257 256/1/256
f 193/1/193 192/1/192 256/1/256
f 192/1/192 223/1/223 257/1/257
f 195/1/195 224/1/224 259/1/259
f 195/1/195 259/1/259 194/1/194
f 256/1/256 198/1/198 193/1/193
f 195/1/195 196/1/196 224/1/224
f 224/1/224 196/1/196 225/1/225
f 197/1/197 301/1/301 264/1/264
f 198/1/198 261/1/261 197/1/197
f 197/1/197 261/1/261 301/1/301
f 265/1/265 199/1/199 201/1/201
f 302/1/302 267/1/267 226/1/226
f 227/1/227 165/1/165 267/1/267
f 165/1/165 162/1/162 267/1/267
f 201/1/201 228/1/228 269/1/269
f 166/1/166 228/1/228 201/1/201
f 230/1/230 231/1/231 229/1/229
f 227/1/227 231/1/231 230/1/230
f 227/1/227 230/1/230 168/1/168
f 232/1/232 228/1/228 202/1/202
f 229/1/229 233/1/233 234/1/234
f 230/1/230 229/1/229 234/1/234
f 230/1/230 234/1/234 203/1/203
f 232/1/232 204/1/204 237/1/237
f 202/1/202 204/1/204 232/1/232
f 234/1/234 233/1/233 236/1/236
f 234/1/234 236/1/236 205/1/205
f 234/1/234 205/1/205 206/1/206
f 203/1/203 234/1/234 206/1/206
f 237/1/237 207/1/207 239/1/239
f 204/1/204 207/1/207 237/1/237
f 208/1/208 235/1/235 238/1/238
f 205/1/205 236/1/236 235/1/235
f 208/1/208 238/1/238 240/1/240
f 241/1/241 273/1/273 239/1/239
f 242/1/242 209/1/209 240/1/240
f 209/1/209 242/1/242 175/1/175
f 275/1/275 273/1/273 241/1/241
f 243/1/243 275/1/275 241/1/241
f 244/1/244 175/1/175 242/1/242
f 243/1/243 280/1/280 279/1/279
f 243/1/243 210/1/210 280/1/280
f 275/1/275 243/1/243 279/1/279
f 210/1/210 246/1/246 280/1/280
f 211/1/211 245/1/245 284/1/284
f 286/1/286 214/1/214 212/1/212
f 286/1/286 246/1/246 214/1/214
f 284/1/284 248/1/248 211/1/211
f 248/1/248 215/1/215 211/1/211
f 185/1/185 247/1/247 213/1/213
f 213/1/213 247/1/247 212/1/212
f 250/1/250 216/1/216 184/1/184
f 247/1/247 185/1/185 216/1/216
f 215/1/215 248/1/248 249/1/249
f 219/1/219 293/1/293 217/1/217
f 184/1/184 217/1/217 250/1/250
f 250/1/250 217/1/217 293/1/293
f 219/1/219 255/1/255 295/1/295
f 222/1/222 255/1/255 219/1/219
f 295/1/295 293/1/293 219/1/219
f 220/1/220 251/1/251 252/1/252
f 220/1/220 189/1/189 251/1/251
f 253/1/253 220/1/220 252/1/252
f 253/1/253 254/1/254 220/1/220
f 254/1/254 221/1/221 220/1/220
f 222/1/222 221/1/221 255/1/255
f 221/1/221 254/1/254 255/1/255
f 253/1/253 252/1/252 333/1/333
f 223/1/223 258/1/258 257/1/257
f 223/1/223 194/1/194 258/1/258
f 260/1/260 259/1/259 224/1/224
f 198/1/198 262/1/262 261/1/261
f 262/1/262 198/1/198 256/1/256
f 263/1/263 260/1/260 225/1/225
f 260/1/260 224/1/224 225/1/225
f 225/1/225 265/1/265 263/1/263
f 265/1/265 266/1/266 263/1/263
f 302/1/302 226/1/226 264/1/264
f 201/1/201 269/1/269 266/1/266
f 265/1/265 201/1/201 266/1/266
f 266/1/266 269/1/269 304/1/304
f 227/1/227 305/1/305 268/1/268
f 305/1/305 227/1/227 267/1/267
f 308/1/308 269/1/269 228/1/228
f 231/1/231 306/1/306 229/1/229
f 231/1/231 268/1/268 306/1/306
f 268/1/268 231/1/231 227/1/227
f 232/1/232 308/1/308 228/1/228
f 309/1/309 308/1/308 232/1/232
f 309/1/309 232/1/232 311/1/311
f 236/1/236 312/1/312 270/1/270
f 235/1/235 236/1/236 270/1/270
f 312/1/312 236/1/236 233/1/233
f 232/1/232 237/1/237 311/1/311
f 311/1/311 237/1/237 271/1/271
f 314/1/314 238/1/238 270/1/270
f 238/1/238 235/1/235 270/1/270
f 237/1/237 239/1/239 271/1/271
f 238/1/238 272/1/272 240/1/240
f 314/1/314 272/1/272 238/1/238
f 239/1/239 273/1/273 271/1/271
f 277/1/277 274/1/274 272/1/272
f 240/1/240 274/1/274 242/1/242
f 272/1/272 274/1/274 240/1/240
f 276/1/276 274/1/274 277/1/277
f 242/1/242 278/1/278 244/1/244
f 242/1/242 274/1/274 278/1/278
f 274/1/274 276/1/276 278/1/278
f 244/1/244 278/1/278 245/1/245
f 282/1/282 276/1/276 277/1/277
f 316/1/316 282/1/282 277/1/277
f 278/1/278 276/1/276 281/1/281
f 281/1/281 276/1/276 282/1/282
f 245/1/245 278/1/278 281/1/281
f 245/1/245 281/1/281 284/1/284
f 280/1/280 246/1/246 317/1/317
f 282/1/282 283/1/283 281/1/281
f 285/1/285 281/1/281 283/1/283
f 281/1/281 285/1/285 284/1/284
f 286/1/286 319/1/319 246/1/246
f 246/1/246 319/1/319 317/1/317
f 283/1/283 322/1/322 287/1/287
f 283/1/283 287/1/287 285/1/285
f 212/1/212 247/1/247 323/1/323
f 322/1/322 290/1/290 287/1/287
f 284/1/284 285/1/285 288/1/288
f 288/1/288 285/1/285 287/1/287
f 284/1/284 288/1/288 248/1/248
f 289/1/289 216/1/216 250/1/250
f 289/1/289 247/1/247 216/1/216
f 323/1/323 247/1/247 289/1/289
f 287/1/287 290/1/290 288/1/288
f 248/1/248 292/1/292 249/1/249
f 248/1/248 288/1/288 292/1/292
f 288/1/288 290/1/290 292/1/292
f 249/1/249 292/1/292 296/1/296
f 250/1/250 293/1/293 325/1/325
f 326/1/326 250/1/250 325/1/325
f 289/1/289 250/1/250 326/1/326
f 290/1/290 291/1/291 294/1/294
f 292/1/292 290/1/290 294/1/294
f 296/1/296 294/1/294 330/1/330
f 296/1/296 292/1/292 294/1/294
f 328/1/328 293/1/293 295/1/295
f 251/1/251 296/1/296 298/1/298
f 251/1/251 298/1/298 252/1/252
f 254/1/254 253/1/253 297/1/297
f 297/1/297 332/1/332 254/1/254
f 332/1/332 255/1/255 254/1/254
f 332/1/332 295/1/295 255/1/255
f 333/1/333 252/1/252 298/1/298
f 253/1/253 333/1/333 299/1/299
f 253/1/253 299/1/299 297/1/297
f 257/1/257 371/1/371 337/1/337
f 256/1/256 257/1/257 337/1/337
f 257/1/257 258/1/258 371/1/371
f 194/1/194 300/1/300 258/1/258
f 259/1/259 338/1/338 194/1/194
f 194/1/194 338/1/338 300/1/300
f 338/1/338 259/1/259 260/1/260
f 339/1/339 338/1/338 260/1/260
f 337/1/337 262/1/262 256/1/256
f 260/1/260 263/1/263 339/1/339
f 302/1/302 264/1/264 301/1/301
f 263/1/263 266/1/266 303/1/303
f 302/1/302 377/1/377 342/1/342
f 266/1/266 304/1/304 303/1/303
f 302/1/302 342/1/342 267/1/267
f 267/1/267 342/1/342 305/1/305
f 269/1/269 343/1/343 304/1/304
f 343/1/343 269/1/269 308/1/308
f 268/1/268 307/1/307 306/1/306
f 229/1/229 345/1/345 310/1/310
f 233/1/233 229/1/229 310/1/310
f 345/1/345 229/1/229 306/1/306
f 310/1/310 312/1/312 233/1/233
f 346/1/346 312/1/312 310/1/310
f 311/1/311 271/1/271 349/1/349
f 312/1/312 314/1/314 270/1/270
f 349/1/349 271/1/271 315/1/315
f 314/1/314 313/1/313 272/1/272
f 271/1/271 273/1/273 315/1/315
f 272/1/272 353/1/353 277/1/277
f 273/1/273 275/1/275 315/1/315
f 315/1/315 275/1/275 352/1/352
f 353/1/353 316/1/316 277/1/277
f 279/1/279 280/1/280 317/1/317
f 279/1/279 317/1/317 355/1/355
f 279/1/279 355/1/355 275/1/275
f 275/1/275 355/1/355 352/1/352
f 357/1/357 355/1/355 317/1/317
f 282/1/282 316/1/316 318/1/318
f 318/1/318 283/1/283 282/1/282
f 283/1/283 318/1/318 320/1/320
f 320/1/320 322/1/322 283/1/283
f 286/1/286 360/1/360 321/1/321
f 212/1/212 360/1/360 286/1/286
f 321/1/321 319/1/319 286/1/286
f 289/1/289 362/1/362 323/1/323
f 360/1/360 212/1/212 323/1/323
f 290/1/290 322/1/322 291/1/291
f 329/1/329 324/1/324 293/1/293
f 324/1/324 325/1/325 293/1/293
f 294/1/294 291/1/291 327/1/327
f 295/1/295 331/1/331 328/1/328
f 329/1/329 293/1/293 328/1/328
f 330/1/330 298/1/298 296/1/296
f 331/1/331 295/1/295 332/1/332
f 365/1/365 333/1/333 298/1/298
f 297/1/297 299/1/299 336/1/336
f 297/1/297 336/1/336 334/1/334
f 297/1/297 334/1/334 332/1/332
f 299/1/299 333/1/333 335/1/335
f 336/1/336 299/1/299 335/1/335
f 369/1/369 258/1/258 300/1/300
f 369/1/369 338/1/338 370/1/370
f 369/1/369 300/1/300 338/1/338
f 262/1/262 373/1/373 340/1/340
f 261/1/261 262/1/262 340/1/340
f 263/1/263 375/1/375 339/1/339
f 375/1/375 263/1/263 303/1/303
f 376/1/376 375/1/375 303/1/303
f 301/1/301 378/1/378 302/1/302
f 261/1/261 340/1/340 301/1/301
f 301/1/301 340/1/340 378/1/378
f 303/1/303 341/1/341 376/1/376
f 304/1/304 341/1/341 303/1/303
f 408/1/408 342/1/342 377/1/377
f 304/1/304 343/1/343 341/1/341
f 305/1/305 380/1/380 307/1/307
f 268/1/268 305/1/305 307/1/307
f 380/1/380 305/1/305 342/1/342
f 344/1/344 343/1/343 308/1/308
f 306/1/306 307/1/307 440/1/440
f 344/1/344 308/1/308 309/1/309
f 382/1/382 344/1/344 309/1/309
f 309/1/309 311/1/311 382/1/382
f 382/1/382 311/1/311 383/1/383
f 347/1/347 346/1/346 348/1/348
f 347/1/347 312/1/312 346/1/346
f 311/1/311 349/1/349 383/1/383
f 347/1/347 348/1/348 313/1/313
f 347/1/347 313/1/313 314/1/314
f 312/1/312 347/1/347 314/1/314
f 350/1/350 348/1/348 384/1/384
f 313/1/313 350/1/350 272/1/272
f 348/1/348 350/1/350 313/1/313
f 349/1/349 315/1/315 386/1/386
f 272/1/272 351/1/351 353/1/353
f 350/1/350 351/1/351 272/1/272
f 315/1/315 352/1/352 386/1/386
f 354/1/354 353/1/353 351/1/351
f 356/1/356 353/1/353 354/1/354
f 353/1/353 356/1/356 316/1/316
f 318/1/318 356/1/356 388/1/388
f 318/1/318 316/1/316 356/1/356
f 317/1/317 358/1/358 420/1/420
f 319/1/319 358/1/358 317/1/317
f 420/1/420 357/1/357 317/1/317
f 318/1/318 388/1/388 359/1/359
f 320/1/320 318/1/318 359/1/359
f 358/1/358 319/1/319 321/1/321
f 320/1/320 359/1/359 392/1/392
f 322/1/322 320/1/320 392/1/392
f 323/1/323 362/1/362 360/1/360
f 322/1/322 392/1/392 361/1/361
f 291/1/291 322/1/322 361/1/361
f 324/1/324 329/1/329 393/1/393
f 325/1/325 324/1/324 395/1/395
f 324/1/324 393/1/393 395/1/395
f 326/1/326 325/1/325 396/1/396
f 325/1/325 395/1/395 396/1/396
f 362/1/362 289/1/289 326/1/326
f 362/1/362 326/1/326 396/1/396
f 360/1/360 362/1/362 397/1/397
f 327/1/327 291/1/291 361/1/361
f 327/1/327 330/1/330 294/1/294
f 328/1/328 363/1/363 400/1/400
f 331/1/331 363/1/363 328/1/328
f 329/1/329 328/1/328 399/1/399
f 328/1/328 400/1/400 399/1/399
f 331/1/331 334/1/334 363/1/363
f 332/1/332 334/1/334 331/1/331
f 365/1/365 298/1/298 330/1/330
f 365/1/365 364/1/364 366/1/366
f 335/1/335 365/1/365 366/1/366
f 335/1/335 333/1/333 365/1/365
f 368/1/368 335/1/335 366/1/366
f 368/1/368 367/1/367 335/1/335
f 367/1/367 336/1/336 335/1/335
f 367/1/367 334/1/334 336/1/336
f 337/1/337 371/1/371 374/1/374
f 258/1/258 404/1/404 371/1/371
f 404/1/404 258/1/258 369/1/369
f 338/1/338 405/1/405 370/1/370
f 405/1/405 338/1/338 339/1/339
f 406/1/406 405/1/405 339/1/339
f 340/1/340 373/1/373 372/1/372
f 262/1/262 374/1/374 373/1/373
f 374/1/374 262/1/262 337/1/337
f 339/1/339 375/1/375 406/1/406
f 377/1/377 302/1/302 378/1/378
f 377/1/377 378/1/378 438/1/438
f 372/1/372 378/1/378 340/1/340
f 376/1/376 379/1/379 407/1/407
f 341/1/341 379/1/379 376/1/376
f 408/1/408 380/1/380 342/1/342
f 341/1/341 343/1/343 379/1/379
f 379/1/379 343/1/343 344/1/344
f 379/1/379 344/1/344 410/1/410
f 440/1/440 307/1/307 380/1/380
f 344/1/344 382/1/382 410/1/410
f 412/1/412 310/1/310 345/1/345
f 412/1/412 345/1/345 381/1/381
f 381/1/381 345/1/345 440/1/440
f 440/1/440 345/1/345 306/1/306
f 413/1/413 410/1/410 382/1/382
f 346/1/346 412/1/412 411/1/411
f 348/1/348 346/1/346 411/1/411
f 412/1/412 346/1/346 310/1/310
f 413/1/413 382/1/382 383/1/383
f 348/1/348 414/1/414 384/1/384
f 414/1/414 348/1/348 411/1/411
f 383/1/383 349/1/349 415/1/415
f 384/1/384 385/1/385 350/1/350
f 349/1/349 386/1/386 415/1/415
f 350/1/350 385/1/385 351/1/351
f 385/1/385 416/1/416 351/1/351
f 386/1/386 352/1/352 417/1/417
f 351/1/351 416/1/416 354/1/354
f 416/1/416 387/1/387 354/1/354
f 352/1/352 355/1/355 417/1/417
f 417/1/417 355/1/355 418/1/418
f 354/1/354 387/1/387 356/1/356
f 387/1/387 419/1/419 356/1/356
f 355/1/355 357/1/357 418/1/418
f 418/1/418 357/1/357 421/1/421
f 388/1/388 356/1/356 389/1/389
f 389/1/389 356/1/356 419/1/419
f 421/1/421 357/1/357 420/1/420
f 388/1/388 389/1/389 390/1/390
f 359/1/359 390/1/390 450/1/450
f 359/1/359 388/1/388 390/1/390
f 358/1/358 321/1/321 420/1/420
f 359/1/359 450/1/450 424/1/424
f 392/1/392 359/1/359 424/1/424
f 321/1/321 391/1/391 423/1/423
f 321/1/321 360/1/360 391/1/391
f 329/1/329 394/1/394 393/1/393
f 395/1/395 393/1/393 426/1/426
f 362/1/362 396/1/396 397/1/397
f 391/1/391 360/1/360 397/1/397
f 427/1/427 392/1/392 398/1/398
f 361/1/361 392/1/392 427/1/427
f 361/1/361 427/1/427 327/1/327
f 394/1/394 329/1/329 399/1/399
f 327/1/327 427/1/427 330/1/330
f 365/1/365 427/1/427 364/1/364
f 365/1/365 330/1/330 427/1/427
f 363/1/363 401/1/401 428/1/428
f 363/1/363 334/1/334 401/1/401
f 366/1/366 429/1/429 430/1/430
f 366/1/366 364/1/364 429/1/429
f 367/1/367 402/1/402 401/1/401
f 368/1/368 402/1/402 367/1/367
f 401/1/401 334/1/334 367/1/367
f 366/1/366 430/1/430 431/1/431
f 366/1/366 431/1/431 368/1/368
f 368/1/368 431/1/431 432/1/432
f 432/1/432 402/1/402 368/1/368
f 369/1/369 468/1/468 433/1/433
f 468/1/468 369/1/369 370/1/370
f 469/1/469 468/1/468 370/1/370
f 436/1/436 374/1/374 403/1/403
f 374/1/374 371/1/371 403/1/403
f 371/1/371 404/1/404 403/1/403
f 433/1/433 404/1/404 369/1/369
f 370/1/370 405/1/405 469/1/469
f 436/1/436 372/1/372 373/1/373
f 374/1/374 436/1/436 373/1/373
f 375/1/375 437/1/437 406/1/406
f 437/1/437 375/1/375 376/1/376
f 407/1/407 437/1/437 376/1/376
f 408/1/408 475/1/475 409/1/409
f 408/1/408 377/1/377 475/1/475
f 380/1/380 478/1/478 440/1/440
f 409/1/409 478/1/478 380/1/380
f 408/1/408 409/1/409 380/1/380
f 441/1/441 413/1/413 383/1/383
f 384/1/384 414/1/414 442/1/442
f 383/1/383 415/1/415 441/1/441
f 384/1/384 442/1/442 385/1/385
f 442/1/442 443/1/443 385/1/385
f 415/1/415 386/1/386 444/1/444
f 385/1/385 443/1/443 416/1/416
f 386/1/386 417/1/417 444/1/444
f 416/1/416 445/1/445 387/1/387
f 387/1/387 445/1/445 419/1/419
f 418/1/418 421/1/421 446/1/446
f 419/1/419 448/1/448 389/1/389
f 389/1/389 448/1/448 422/1/422
f 390/1/390 389/1/389 422/1/422
f 422/1/422 450/1/450 390/1/390
f 420/1/420 452/1/452 451/1/451
f 420/1/420 321/1/321 452/1/452
f 421/1/421 420/1/420 451/1/451
f 391/1/391 454/1/454 423/1/423
f 452/1/452 321/1/321 423/1/423
f 393/1/393 457/1/457 425/1/425
f 394/1/394 457/1/457 393/1/393
f 393/1/393 425/1/425 426/1/426
f 396/1/396 395/1/395 458/1/458
f 395/1/395 426/1/426 458/1/458
f 397/1/397 396/1/396 459/1/459
f 396/1/396 458/1/458 459/1/459
f 454/1/454 391/1/391 397/1/397
f 459/1/459 454/1/454 397/1/397
f 392/1/392 424/1/424 398/1/398
f 399/1/399 460/1/460 456/1/456
f 400/1/400 460/1/460 399/1/399
f 457/1/457 394/1/394 399/1/399
f 456/1/456 457/1/457 399/1/399
f 400/1/400 428/1/428 460/1/460
f 363/1/363 428/1/428 400/1/400
f 427/1/427 429/1/429 364/1/364
f 401/1/401 466/1/466 465/1/465
f 402/1/402 466/1/466 401/1/401
f 465/1/465 428/1/428 401/1/401
f 466/1/466 402/1/402 432/1/432
f 403/1/403 470/1/470 436/1/436
f 403/1/403 434/1/434 470/1/470
f 433/1/433 434/1/434 404/1/404
f 434/1/434 403/1/403 404/1/404
f 405/1/405 435/1/435 469/1/469
f 435/1/435 405/1/405 406/1/406
f 473/1/473 435/1/435 406/1/406
f 372/1/372 517/1/517 378/1/378
f 372/1/372 436/1/436 517/1/517
f 406/1/406 437/1/437 473/1/473
f 519/1/519 437/1/437 407/1/407
f 475/1/475 377/1/377 438/1/438
f 475/1/475 438/1/438 476/1/476
f 407/1/407 439/1/439 519/1/519
f 439/1/439 407/1/407 379/1/379
f 409/1/409 520/1/520 478/1/478
f 520/1/520 409/1/409 475/1/475
f 439/1/439 379/1/379 479/1/479
f 479/1/479 379/1/379 410/1/410
f 480/1/480 479/1/479 410/1/410
f 477/1/477 481/1/481 440/1/440
f 480/1/480 410/1/410 482/1/482
f 440/1/440 481/1/481 381/1/381
f 410/1/410 413/1/413 482/1/482
f 482/1/482 413/1/413 524/1/524
f 412/1/412 523/1/523 525/1/525
f 411/1/411 412/1/412 525/1/525
f 413/1/413 441/1/441 524/1/524
f 414/1/414 483/1/483 442/1/442
f 525/1/525 414/1/414 411/1/411
f 483/1/483 414/1/414 525/1/525
f 441/1/441 415/1/415 485/1/485
f 415/1/415 444/1/444 485/1/485
f 443/1/443 486/1/486 416/1/416
f 444/1/444 417/1/417 487/1/487
f 416/1/416 486/1/486 445/1/445
f 417/1/417 418/1/418 487/1/487
f 487/1/487 418/1/418 488/1/488
f 445/1/445 447/1/447 419/1/419
f 418/1/418 446/1/446 488/1/488
f 448/1/448 447/1/447 491/1/491
f 448/1/448 419/1/419 447/1/447
f 446/1/446 421/1/421 492/1/492
f 448/1/448 491/1/491 493/1/493
f 450/1/450 493/1/493 449/1/449
f 422/1/422 493/1/493 450/1/450
f 422/1/422 448/1/448 493/1/493
f 492/1/492 421/1/421 451/1/451
f 450/1/450 449/1/449 453/1/453
f 450/1/450 453/1/453 424/1/424
f 423/1/423 454/1/454 496/1/496
f 496/1/496 452/1/452 423/1/423
f 424/1/424 453/1/453 505/1/505
f 457/1/457 456/1/456 455/1/455
f 457/1/457 455/1/455 425/1/425
f 455/1/455 499/1/499 425/1/425
f 426/1/426 425/1/425 501/1/501
f 425/1/425 499/1/499 501/1/501
f 426/1/426 501/1/501 502/1/502
f 426/1/426 502/1/502 458/1/458
f 398/1/398 424/1/424 505/1/505
f 398/1/398 505/1/505 461/1/461
f 398/1/398 461/1/461 427/1/427
f 428/1/428 463/1/463 460/1/460
f 462/1/462 461/1/461 508/1/508
f 427/1/427 461/1/461 462/1/462
f 427/1/427 462/1/462 429/1/429
f 428/1/428 507/1/507 463/1/463
f 429/1/429 462/1/462 464/1/464
f 429/1/429 464/1/464 430/1/430
f 507/1/507 428/1/428 465/1/465
f 430/1/430 464/1/464 510/1/510
f 430/1/430 510/1/510 431/1/431
f 431/1/431 510/1/510 512/1/512
f 432/1/432 431/1/431 467/1/467
f 431/1/431 512/1/512 467/1/467
f 467/1/467 466/1/466 432/1/432
f 433/1/433 468/1/468 472/1/472
f 436/1/436 470/1/470 474/1/474
f 434/1/434 471/1/471 470/1/470
f 434/1/434 472/1/472 471/1/471
f 472/1/472 434/1/434 433/1/433
f 469/1/469 435/1/435 516/1/516
f 436/1/436 474/1/474 517/1/517
f 519/1/519 473/1/473 437/1/437
f 438/1/438 552/1/552 476/1/476
f 517/1/517 438/1/438 378/1/378
f 552/1/552 438/1/438 517/1/517
f 439/1/439 556/1/556 519/1/519
f 439/1/439 479/1/479 556/1/556
f 440/1/440 478/1/478 477/1/477
f 412/1/412 381/1/381 523/1/523
f 441/1/441 484/1/484 524/1/524
f 442/1/442 483/1/483 526/1/526
f 442/1/442 526/1/526 443/1/443
f 526/1/526 527/1/527 443/1/443
f 484/1/484 441/1/441 485/1/485
f 443/1/443 527/1/527 486/1/486
f 444/1/444 487/1/487 485/1/485
f 486/1/486 489/1/489 445/1/445
f 445/1/445 489/1/489 447/1/447
f 488/1/488 446/1/446 490/1/490
f 447/1/447 529/1/529 491/1/491
f 529/1/529 447/1/447 489/1/489
f 446/1/446 492/1/492 490/1/490
f 494/1/494 449/1/449 493/1/493
f 452/1/452 495/1/495 451/1/451
f 495/1/495 492/1/492 451/1/451
f 454/1/454 537/1/537 496/1/496
f 495/1/495 452/1/452 496/1/496
f 453/1/453 449/1/449 497/1/497
f 497/1/497 505/1/505 453/1/453
f 455/1/455 498/1/498 535/1/535
f 456/1/456 498/1/498 455/1/455
f 455/1/455 535/1/535 499/1/499
f 501/1/501 499/1/499 500/1/500
f 459/1/459 458/1/458 503/1/503
f 458/1/458 502/1/502 503/1/503
f 537/1/537 454/1/454 459/1/459
f 503/1/503 537/1/537 459/1/459
f 505/1/505 497/1/497 504/1/504
f 543/1/543 498/1/498 460/1/460
f 460/1/460 498/1/498 456/1/456
f 460/1/460 463/1/463 543/1/543
f 463/1/463 506/1/506 543/1/543
f 463/1/463 507/1/507 506/1/506
f 509/1/509 464/1/464 508/1/508
f 464/1/464 462/1/462 508/1/508
f 465/1/465 547/1/547 582/1/582
f 466/1/466 547/1/547 465/1/465
f 582/1/582 507/1/507 465/1/465
f 464/1/464 509/1/509 510/1/510
f 510/1/510 511/1/511 512/1/512
f 467/1/467 512/1/512 548/1/548
f 547/1/547 466/1/466 467/1/467
f 548/1/548 547/1/547 467/1/467
f 468/1/468 469/1/469 472/1/472
f 474/1/474 470/1/470 513/1/513
f 513/1/513 470/1/470 549/1/549
f 471/1/471 550/1/550 470/1/470
f 470/1/470 550/1/550 549/1/549
f 472/1/472 514/1/514 471/1/471
f 471/1/471 514/1/514 550/1/550
f 515/1/515 514/1/514 472/1/472
f 469/1/469 515/1/515 472/1/472
f 469/1/469 516/1/516 515/1/515
f 435/1/435 551/1/551 516/1/516
f 517/1/517 518/1/518 552/1/552
f 518/1/518 517/1/517 474/1/474
f 435/1/435 554/1/554 551/1/551
f 554/1/554 435/1/435 473/1/473
f 554/1/554 473/1/473 519/1/519
f 476/1/476 555/1/555 520/1/520
f 475/1/475 476/1/476 520/1/520
f 555/1/555 476/1/476 552/1/552
f 520/1/520 521/1/521 478/1/478
f 599/1/599 556/1/556 479/1/479
f 521/1/521 477/1/477 478/1/478
f 558/1/558 479/1/479 480/1/480
f 521/1/521 522/1/522 477/1/477
f 522/1/522 481/1/481 477/1/477
f 480/1/480 482/1/482 558/1/558
f 558/1/558 482/1/482 600/1/600
f 381/1/381 560/1/560 523/1/523
f 522/1/522 381/1/381 481/1/481
f 560/1/560 381/1/381 522/1/522
f 482/1/482 524/1/524 600/1/600
f 483/1/483 561/1/561 526/1/526
f 561/1/561 483/1/483 525/1/525
f 528/1/528 484/1/484 485/1/485
f 562/1/562 528/1/528 485/1/485
f 527/1/527 564/1/564 486/1/486
f 485/1/485 487/1/487 562/1/562
f 486/1/486 564/1/564 489/1/489
f 564/1/564 529/1/529 489/1/489
f 487/1/487 488/1/488 562/1/562
f 562/1/562 488/1/488 530/1/530
f 488/1/488 490/1/490 530/1/530
f 491/1/491 529/1/529 610/1/610
f 490/1/490 492/1/492 530/1/530
f 530/1/530 492/1/492 567/1/567
f 491/1/491 610/1/610 531/1/531
f 493/1/493 491/1/491 531/1/531
f 531/1/531 494/1/494 493/1/493
f 495/1/495 532/1/532 567/1/567
f 567/1/567 492/1/492 495/1/495
f 539/1/539 449/1/449 494/1/494
f 539/1/539 494/1/494 533/1/533
f 533/1/533 494/1/494 531/1/531
f 534/1/534 536/1/536 535/1/535
f 537/1/537 574/1/574 538/1/538
f 537/1/537 538/1/538 496/1/496
f 532/1/532 495/1/495 496/1/496
f 538/1/538 532/1/532 496/1/496
f 497/1/497 539/1/539 579/1/579
f 497/1/497 449/1/449 539/1/539
f 535/1/535 498/1/498 534/1/534
f 498/1/498 542/1/542 534/1/534
f 536/1/536 499/1/499 535/1/535
f 500/1/500 499/1/499 536/1/536
f 536/1/536 577/1/577 540/1/540
f 536/1/536 540/1/540 500/1/500
f 500/1/500 540/1/540 501/1/501
f 502/1/502 501/1/501 578/1/578
f 501/1/501 540/1/540 578/1/578
f 574/1/574 537/1/537 503/1/503
f 574/1/574 503/1/503 578/1/578
f 578/1/578 503/1/503 502/1/502
f 497/1/497 579/1/579 541/1/541
f 497/1/497 541/1/541 504/1/504
f 542/1/542 498/1/498 543/1/543
f 505/1/505 504/1/504 461/1/461
f 543/1/543 506/1/506 544/1/544
f 504/1/504 541/1/541 545/1/545
f 461/1/461 504/1/504 545/1/545
f 461/1/461 545/1/545 508/1/508
f 506/1/506 582/1/582 583/1/583
f 507/1/507 582/1/582 506/1/506
f 583/1/583 544/1/544 506/1/506
f 508/1/508 545/1/545 546/1/546
f 546/1/546 509/1/509 508/1/508
f 585/1/585 509/1/509 546/1/546
f 509/1/509 585/1/585 586/1/586
f 510/1/510 509/1/509 586/1/586
f 511/1/511 510/1/510 587/1/587
f 510/1/510 586/1/586 587/1/587
f 512/1/512 511/1/511 588/1/588
f 511/1/511 587/1/587 588/1/588
f 512/1/512 588/1/588 548/1/548
f 513/1/513 589/1/589 553/1/553
f 474/1/474 513/1/513 553/1/553
f 513/1/513 549/1/549 589/1/589
f 514/1/514 591/1/591 550/1/550
f 515/1/515 592/1/592 514/1/514
f 514/1/514 592/1/592 591/1/591
f 516/1/516 593/1/593 515/1/515
f 515/1/515 593/1/593 592/1/592
f 593/1/593 516/1/516 551/1/551
f 518/1/518 594/1/594 552/1/552
f 518/1/518 553/1/553 594/1/594
f 553/1/553 518/1/518 474/1/474
f 637/1/637 554/1/554 519/1/519
f 596/1/596 555/1/555 552/1/552
f 519/1/519 556/1/556 637/1/637
f 521/1/521 520/1/520 598/1/598
f 598/1/598 520/1/520 555/1/555
f 556/1/556 599/1/599 597/1/597
f 479/1/479 557/1/557 599/1/599
f 557/1/557 479/1/479 558/1/558
f 639/1/639 522/1/522 521/1/521
f 559/1/559 523/1/523 560/1/560
f 600/1/600 524/1/524 602/1/602
f 523/1/523 559/1/559 644/1/644
f 523/1/523 644/1/644 525/1/525
f 525/1/525 644/1/644 561/1/561
f 524/1/524 484/1/484 602/1/602
f 561/1/561 604/1/604 603/1/603
f 526/1/526 561/1/561 603/1/603
f 484/1/484 528/1/528 602/1/602
f 526/1/526 603/1/603 527/1/527
f 603/1/603 605/1/605 527/1/527
f 562/1/562 563/1/563 528/1/528
f 563/1/563 602/1/602 528/1/528
f 527/1/527 605/1/605 564/1/564
f 565/1/565 563/1/563 562/1/562
f 564/1/564 607/1/607 529/1/529
f 562/1/562 530/1/530 565/1/565
f 607/1/607 609/1/609 529/1/529
f 565/1/565 530/1/530 566/1/566
f 610/1/610 529/1/529 609/1/609
f 567/1/567 608/1/608 566/1/566
f 568/1/568 608/1/608 567/1/567
f 566/1/566 530/1/530 567/1/567
f 569/1/569 531/1/531 610/1/610
f 567/1/567 532/1/532 568/1/568
f 532/1/532 617/1/617 568/1/568
f 531/1/531 569/1/569 533/1/533
f 569/1/569 571/1/571 533/1/533
f 570/1/570 536/1/536 534/1/534
f 570/1/570 573/1/573 536/1/536
f 573/1/573 577/1/577 536/1/536
f 538/1/538 574/1/574 575/1/575
f 617/1/617 532/1/532 538/1/538
f 575/1/575 617/1/617 538/1/538
f 533/1/533 571/1/571 576/1/576
f 539/1/539 533/1/533 576/1/576
f 576/1/576 579/1/579 539/1/539
f 534/1/534 542/1/542 572/1/572
f 572/1/572 542/1/542 622/1/622
f 540/1/540 577/1/577 578/1/578
f 580/1/580 541/1/541 579/1/579
f 542/1/542 624/1/624 622/1/622
f 543/1/543 624/1/624 542/1/542
f 543/1/543 544/1/544 624/1/624
f 541/1/541 580/1/580 581/1/581
f 545/1/545 541/1/541 581/1/581
f 582/1/582 628/1/628 627/1/627
f 582/1/582 627/1/627 583/1/583
f 545/1/545 581/1/581 584/1/584
f 546/1/546 545/1/545 584/1/584
f 584/1/584 585/1/585 546/1/546
f 582/1/582 547/1/547 628/1/628
f 630/1/630 628/1/628 548/1/548
f 630/1/630 548/1/548 588/1/588
f 547/1/547 548/1/548 628/1/628
f 549/1/549 590/1/590 589/1/589
f 550/1/550 632/1/632 549/1/549
f 549/1/549 632/1/632 590/1/590
f 550/1/550 591/1/591 632/1/632
f 633/1/633 593/1/593 551/1/551
f 553/1/553 595/1/595 594/1/594
f 594/1/594 595/1/595 634/1/634
f 595/1/595 553/1/553 589/1/589
f 554/1/554 633/1/633 551/1/551
f 594/1/594 596/1/596 552/1/552
f 636/1/636 596/1/596 594/1/594
f 596/1/596 598/1/598 555/1/555
f 638/1/638 598/1/598 596/1/596
f 556/1/556 597/1/597 637/1/637
f 599/1/599 640/1/640 597/1/597
f 557/1/557 643/1/643 599/1/599
f 557/1/557 558/1/558 643/1/643
f 643/1/643 558/1/558 600/1/600
f 559/1/559 645/1/645 644/1/644
f 559/1/559 560/1/560 645/1/645
f 639/1/639 560/1/560 522/1/522
f 644/1/644 601/1/601 561/1/561
f 601/1/601 604/1/604 561/1/561
f 602/1/602 563/1/563 647/1/647
f 647/1/647 563/1/563 606/1/606
f 605/1/605 649/1/649 564/1/564
f 563/1/563 565/1/565 606/1/606
f 564/1/564 649/1/649 607/1/607
f 565/1/565 566/1/566 606/1/606
f 606/1/606 566/1/566 608/1/608
f 610/1/610 609/1/609 611/1/611
f 608/1/608 568/1/568 612/1/612
f 610/1/610 611/1/611 569/1/569
f 611/1/611 660/1/660 569/1/569
f 613/1/613 614/1/614 570/1/570
f 570/1/570 614/1/614 615/1/615
f 617/1/617 616/1/616 612/1/612
f 617/1/617 612/1/612 568/1/568
f 569/1/569 660/1/660 571/1/571
f 660/1/660 618/1/618 571/1/571
f 613/1/613 619/1/619 661/1/661
f 613/1/613 572/1/572 619/1/619
f 613/1/613 534/1/534 572/1/572
f 570/1/570 534/1/534 613/1/613
f 570/1/570 615/1/615 573/1/573
f 615/1/615 665/1/665 573/1/573
f 575/1/575 623/1/623 620/1/620
f 574/1/574 623/1/623 575/1/575
f 616/1/616 617/1/617 575/1/575
f 616/1/616 575/1/575 620/1/620
f 571/1/571 618/1/618 621/1/621
f 576/1/576 571/1/571 621/1/621
f 667/1/667 576/1/576 621/1/621
f 668/1/668 619/1/619 622/1/622
f 619/1/619 572/1/572 622/1/622
f 577/1/577 573/1/573 665/1/665
f 578/1/578 577/1/577 623/1/623
f 577/1/577 665/1/665 623/1/623
f 623/1/623 574/1/574 578/1/578
f 576/1/576 667/1/667 625/1/625
f 579/1/579 576/1/576 625/1/625
f 580/1/580 579/1/579 625/1/625
f 622/1/622 624/1/624 668/1/668
f 544/1/544 671/1/671 624/1/624
f 580/1/580 625/1/625 626/1/626
f 581/1/581 580/1/580 626/1/626
f 671/1/671 544/1/544 583/1/583
f 671/1/671 583/1/583 627/1/627
f 581/1/581 626/1/626 629/1/629
f 584/1/584 581/1/581 629/1/629
f 584/1/584 629/1/629 672/1/672
f 672/1/672 585/1/585 584/1/584
f 631/1/631 585/1/585 672/1/672
f 628/1/628 630/1/630 678/1/678
f 586/1/586 585/1/585 631/1/631
f 587/1/587 586/1/586 673/1/673
f 586/1/586 631/1/631 673/1/673
f 588/1/588 587/1/587 675/1/675
f 587/1/587 673/1/673 675/1/675
f 675/1/675 630/1/630 588/1/588
f 591/1/591 679/1/679 632/1/632
f 592/1/592 680/1/680 591/1/591
f 591/1/591 680/1/680 679/1/679
f 593/1/593 681/1/681 592/1/592
f 592/1/592 681/1/681 680/1/680
f 681/1/681 593/1/593 633/1/633
f 595/1/595 635/1/635 634/1/634
f 634/1/634 635/1/635 683/1/683
f 590/1/590 595/1/595 589/1/589
f 590/1/590 635/1/635 595/1/595
f 684/1/684 635/1/635 590/1/590
f 633/1/633 554/1/554 682/1/682
f 634/1/634 636/1/636 594/1/594
f 685/1/685 636/1/636 634/1/634
f 554/1/554 637/1/637 682/1/682
f 636/1/636 638/1/638 596/1/596
f 687/1/687 638/1/638 636/1/636
f 717/1/717 637/1/637 597/1/597
f 717/1/717 715/1/715 637/1/637
f 597/1/597 640/1/640 717/1/717
f 598/1/598 638/1/638 639/1/639
f 598/1/598 639/1/639 521/1/521
f 640/1/640 599/1/599 643/1/643
f 641/1/641 640/1/640 643/1/643
f 639/1/639 642/1/642 560/1/560
f 688/1/688 641/1/641 643/1/643
f 642/1/642 645/1/645 560/1/560
f 643/1/643 646/1/646 688/1/688
f 646/1/646 643/1/643 600/1/600
f 646/1/646 600/1/600 602/1/602
f 646/1/646 602/1/602 647/1/647
f 604/1/604 692/1/692 603/1/603
f 604/1/604 601/1/601 692/1/692
f 692/1/692 693/1/693 603/1/603
f 603/1/603 693/1/693 605/1/605
f 648/1/648 691/1/691 606/1/606
f 606/1/606 691/1/691 647/1/647
f 605/1/605 693/1/693 649/1/649
f 649/1/649 694/1/694 607/1/607
f 606/1/606 608/1/608 648/1/648
f 607/1/607 694/1/694 609/1/609
f 694/1/694 695/1/695 609/1/609
f 648/1/648 659/1/659 650/1/650
f 659/1/659 651/1/651 650/1/650
f 608/1/608 612/1/612 659/1/659
f 648/1/648 608/1/608 659/1/659
f 609/1/609 695/1/695 611/1/611
f 695/1/695 652/1/652 611/1/611
f 655/1/655 656/1/656 654/1/654
f 656/1/656 658/1/658 657/1/657
f 696/1/696 657/1/657 658/1/658
f 696/1/696 651/1/651 657/1/657
f 651/1/651 663/1/663 657/1/657
f 659/1/659 663/1/663 651/1/651
f 611/1/611 652/1/652 660/1/660
f 661/1/661 619/1/619 701/1/701
f 698/1/698 661/1/661 701/1/701
f 653/1/653 661/1/661 698/1/698
f 653/1/653 613/1/613 661/1/661
f 614/1/614 613/1/613 653/1/653
f 655/1/655 614/1/614 653/1/653
f 615/1/615 614/1/614 655/1/655
f 654/1/654 615/1/615 655/1/655
f 615/1/615 654/1/654 662/1/662
f 662/1/662 654/1/654 656/1/656
f 657/1/657 666/1/666 656/1/656
f 666/1/666 662/1/662 656/1/656
f 663/1/663 666/1/666 657/1/657
f 616/1/616 663/1/663 659/1/659
f 612/1/612 616/1/616 659/1/659
f 615/1/615 662/1/662 665/1/665
f 666/1/666 665/1/665 662/1/662
f 620/1/620 623/1/623 666/1/666
f 620/1/620 666/1/666 663/1/663
f 616/1/616 620/1/620 663/1/663
f 621/1/621 664/1/664 667/1/667
f 621/1/621 618/1/618 664/1/664
f 619/1/619 668/1/668 702/1/702
f 666/1/666 623/1/623 665/1/665
f 667/1/667 669/1/669 625/1/625
f 747/1/747 625/1/625 669/1/669
f 668/1/668 624/1/624 670/1/670
f 670/1/670 624/1/624 671/1/671
f 625/1/625 747/1/747 626/1/626
f 627/1/627 706/1/706 705/1/705
f 628/1/628 706/1/706 627/1/627
f 705/1/705 671/1/671 627/1/627
f 631/1/631 674/1/674 673/1/673
f 631/1/631 672/1/672 674/1/674
f 673/1/673 676/1/676 675/1/675
f 674/1/674 676/1/676 673/1/673
f 676/1/676 677/1/677 675/1/675
f 677/1/677 678/1/678 630/1/630
f 706/1/706 628/1/628 678/1/678
f 630/1/630 675/1/675 677/1/677
f 632/1/632 707/1/707 590/1/590
f 707/1/707 632/1/632 679/1/679
f 682/1/682 681/1/681 633/1/633
f 635/1/635 684/1/684 683/1/683
f 707/1/707 684/1/684 590/1/590
f 683/1/683 685/1/685 634/1/634
f 683/1/683 686/1/686 685/1/685
f 686/1/686 713/1/713 685/1/685
f 682/1/682 715/1/715 712/1/712
f 637/1/637 715/1/715 682/1/682
f 685/1/685 687/1/687 636/1/636
f 639/1/639 638/1/638 719/1/719
f 719/1/719 638/1/638 687/1/687
f 641/1/641 717/1/717 640/1/640
f 689/1/689 639/1/639 719/1/719
f 642/1/642 689/1/689 690/1/690
f 689/1/689 642/1/642 639/1/639
f 645/1/645 690/1/690 725/1/725
f 644/1/644 645/1/645 725/1/725
f 690/1/690 645/1/645 642/1/642
f 688/1/688 646/1/646 722/1/722
f 644/1/644 725/1/725 601/1/601
f 646/1/646 647/1/647 724/1/724
f 724/1/724 647/1/647 691/1/691
f 729/1/729 691/1/691 648/1/648
f 733/1/733 729/1/729 648/1/648
f 693/1/693 730/1/730 649/1/649
f 648/1/648 650/1/650 733/1/733
f 733/1/733 650/1/650 735/1/735
f 649/1/649 730/1/730 694/1/694
f 651/1/651 737/1/737 735/1/735
f 735/1/735 650/1/650 651/1/651
f 696/1/696 741/1/741 737/1/737
f 696/1/696 737/1/737 651/1/651
f 695/1/695 697/1/697 652/1/652
f 655/1/655 653/1/653 699/1/699
f 653/1/653 698/1/698 699/1/699
f 656/1/656 655/1/655 700/1/700
f 655/1/655 699/1/699 700/1/700
f 741/1/741 696/1/696 658/1/658
f 741/1/741 658/1/658 700/1/700
f 700/1/700 658/1/658 656/1/656
f 697/1/697 618/1/618 660/1/660
f 697/1/697 660/1/660 652/1/652
f 697/1/697 744/1/744 618/1/618
f 619/1/619 702/1/702 701/1/701
f 618/1/618 744/1/744 664/1/664
f 744/1/744 745/1/745 664/1/664
f 664/1/664 745/1/745 703/1/703
f 667/1/667 664/1/664 703/1/703
f 702/1/702 668/1/668 704/1/704
f 667/1/667 703/1/703 669/1/669
f 668/1/668 670/1/670 704/1/704
f 671/1/671 705/1/705 670/1/670
f 626/1/626 747/1/747 751/1/751
f 751/1/751 629/1/629 626/1/626
f 754/1/754 629/1/629 751/1/751
f 672/1/672 629/1/629 754/1/754
f 674/1/674 672/1/672 755/1/755
f 672/1/672 754/1/754 755/1/755
f 676/1/676 674/1/674 756/1/756
f 674/1/674 755/1/755 756/1/756
f 677/1/677 676/1/676 757/1/757
f 676/1/676 756/1/756 757/1/757
f 678/1/678 677/1/677 752/1/752
f 677/1/677 757/1/757 752/1/752
f 752/1/752 706/1/706 678/1/678
f 679/1/679 758/1/758 707/1/707
f 680/1/680 708/1/708 679/1/679
f 679/1/679 708/1/708 758/1/758
f 709/1/709 763/1/763 708/1/708
f 709/1/709 708/1/708 681/1/681
f 681/1/681 708/1/708 680/1/680
f 681/1/681 682/1/682 709/1/709
f 683/1/683 684/1/684 714/1/714
f 710/1/710 714/1/714 684/1/684
f 684/1/684 711/1/711 710/1/710
f 711/1/711 684/1/684 707/1/707
f 709/1/709 764/1/764 763/1/763
f 764/1/764 709/1/709 682/1/682
f 764/1/764 682/1/682 712/1/712
f 685/1/685 713/1/713 765/1/765
f 686/1/686 714/1/714 713/1/713
f 683/1/683 714/1/714 686/1/686
f 715/1/715 716/1/716 712/1/712
f 765/1/765 687/1/687 685/1/685
f 768/1/768 687/1/687 765/1/765
f 717/1/717 716/1/716 715/1/715
f 718/1/718 716/1/716 717/1/717
f 717/1/717 721/1/721 718/1/718
f 717/1/717 641/1/641 721/1/721
f 641/1/641 688/1/688 721/1/721
f 720/1/720 721/1/721 688/1/688
f 720/1/720 688/1/688 722/1/722
f 690/1/690 723/1/723 725/1/725
f 690/1/690 689/1/689 723/1/723
f 724/1/724 722/1/722 646/1/646
f 724/1/724 775/1/775 722/1/722
f 723/1/723 776/1/776 725/1/725
f 726/1/726 775/1/775 724/1/724
f 724/1/724 691/1/691 726/1/726
f 727/1/727 692/1/692 725/1/725
f 692/1/692 601/1/601 725/1/725
f 726/1/726 729/1/729 728/1/728
f 726/1/726 691/1/691 729/1/729
f 692/1/692 727/1/727 778/1/778
f 692/1/692 778/1/778 693/1/693
f 693/1/693 778/1/778 730/1/730
f 780/1/780 732/1/732 731/1/731
f 780/1/780 728/1/728 732/1/732
f 728/1/728 733/1/733 732/1/732
f 729/1/729 733/1/733 728/1/728
f 731/1/731 736/1/736 734/1/734
f 731/1/731 732/1/732 736/1/736
f 732/1/732 737/1/737 736/1/736
f 733/1/733 735/1/735 732/1/732
f 735/1/735 737/1/737 732/1/732
f 730/1/730 781/1/781 694/1/694
f 781/1/781 782/1/782 694/1/694
f 694/1/694 782/1/782 695/1/695
f 782/1/782 738/1/738 695/1/695
f 734/1/734 740/1/740 739/1/739
f 734/1/734 736/1/736 740/1/740
f 736/1/736 741/1/741 740/1/740
f 737/1/737 741/1/741 736/1/736
f 738/1/738 697/1/697 695/1/695
f 738/1/738 785/1/785 697/1/697
f 698/1/698 742/1/742 743/1/743
f 739/1/739 740/1/740 699/1/699
f 739/1/739 699/1/699 743/1/743
f 743/1/743 699/1/699 698/1/698
f 700/1/700 699/1/699 740/1/740
f 741/1/741 700/1/700 740/1/740
f 697/1/697 785/1/785 744/1/744
f 746/1/746 701/1/701 702/1/702
f 746/1/746 821/1/821 701/1/701
f 821/1/821 698/1/698 701/1/701
f 702/1/702 704/1/704 746/1/746
f 704/1/704 789/1/789 746/1/746
f 792/1/792 789/1/789 704/1/704
f 669/1/669 748/1/748 747/1/747
f 669/1/669 703/1/703 748/1/748
f 749/1/749 792/1/792 704/1/704
f 704/1/704 670/1/670 749/1/749
f 748/1/748 794/1/794 747/1/747
f 750/1/750 795/1/795 793/1/793
f 749/1/749 750/1/750 793/1/793
f 749/1/749 705/1/705 750/1/750
f 749/1/749 670/1/670 705/1/705
f 747/1/747 794/1/794 751/1/751
f 750/1/750 753/1/753 795/1/795
f 750/1/750 706/1/706 753/1/753
f 750/1/750 705/1/705 706/1/706
f 706/1/706 752/1/752 753/1/753
f 708/1/708 763/1/763 758/1/758
f 710/1/710 760/1/760 759/1/759
f 711/1/711 761/1/761 710/1/710
f 710/1/710 761/1/761 760/1/760
f 758/1/758 711/1/711 707/1/707
f 758/1/758 762/1/762 711/1/711
f 762/1/762 761/1/761 711/1/711
f 763/1/763 762/1/762 758/1/758
f 716/1/716 764/1/764 712/1/712
f 713/1/713 803/1/803 765/1/765
f 714/1/714 766/1/766 713/1/713
f 713/1/713 766/1/766 803/1/803
f 710/1/710 767/1/767 714/1/714
f 714/1/714 767/1/767 766/1/766
f 767/1/767 710/1/710 759/1/759
f 769/1/769 768/1/768 765/1/765
f 716/1/716 718/1/718 770/1/770
f 768/1/768 719/1/719 687/1/687
f 771/1/771 719/1/719 768/1/768
f 772/1/772 718/1/718 721/1/721
f 719/1/719 771/1/771 773/1/773
f 689/1/689 719/1/719 773/1/773
f 772/1/772 721/1/721 720/1/720
f 811/1/811 772/1/772 720/1/720
f 774/1/774 811/1/811 720/1/720
f 773/1/773 723/1/723 689/1/689
f 813/1/813 723/1/723 773/1/773
f 720/1/720 814/1/814 774/1/774
f 814/1/814 720/1/720 722/1/722
f 814/1/814 722/1/722 775/1/775
f 777/1/777 775/1/775 726/1/726
f 727/1/727 779/1/779 778/1/778
f 776/1/776 727/1/727 725/1/725
f 779/1/779 727/1/727 776/1/776
f 728/1/728 817/1/817 777/1/777
f 728/1/728 780/1/780 817/1/817
f 726/1/726 728/1/728 777/1/777
f 781/1/781 730/1/730 778/1/778
f 818/1/818 780/1/780 731/1/731
f 782/1/782 781/1/781 783/1/783
f 782/1/782 783/1/783 738/1/738
f 738/1/738 783/1/783 784/1/784
f 738/1/738 784/1/784 785/1/785
f 821/1/821 742/1/742 698/1/698
f 821/1/821 786/1/786 742/1/742
f 739/1/739 743/1/743 786/1/786
f 786/1/786 743/1/743 742/1/742
f 787/1/787 745/1/745 744/1/744
f 787/1/787 744/1/744 785/1/785
f 746/1/746 789/1/789 788/1/788
f 788/1/788 821/1/821 746/1/746
f 787/1/787 790/1/790 745/1/745
f 745/1/745 790/1/790 791/1/791
f 703/1/703 745/1/745 791/1/791
f 791/1/791 748/1/748 703/1/703
f 792/1/792 749/1/749 793/1/793
f 828/1/828 794/1/794 748/1/748
f 751/1/751 796/1/796 754/1/754
f 751/1/751 794/1/794 796/1/796
f 799/1/799 753/1/753 752/1/752
f 799/1/799 830/1/830 753/1/753
f 830/1/830 795/1/795 753/1/753
f 755/1/755 754/1/754 796/1/796
f 797/1/797 755/1/755 796/1/796
f 756/1/756 755/1/755 797/1/797
f 798/1/798 756/1/756 797/1/797
f 757/1/757 756/1/756 798/1/798
f 799/1/799 757/1/757 798/1/798
f 752/1/752 757/1/757 799/1/799
f 800/1/800 760/1/760 761/1/761
f 800/1/800 761/1/761 762/1/762
f 763/1/763 801/1/801 762/1/762
f 762/1/762 801/1/801 800/1/800
f 764/1/764 837/1/837 763/1/763
f 763/1/763 837/1/837 801/1/801
f 837/1/837 764/1/764 716/1/716
f 802/1/802 837/1/837 716/1/716
f 803/1/803 766/1/766 843/1/843
f 766/1/766 767/1/767 807/1/807
f 843/1/843 766/1/766 807/1/807
f 767/1/767 804/1/804 807/1/807
f 759/1/759 804/1/804 767/1/767
f 759/1/759 805/1/805 804/1/804
f 759/1/759 760/1/760 805/1/805
f 835/1/835 805/1/805 760/1/760
f 800/1/800 835/1/835 760/1/760
f 802/1/802 716/1/716 808/1/808
f 769/1/769 806/1/806 809/1/809
f 768/1/768 769/1/769 809/1/809
f 803/1/803 769/1/769 765/1/765
f 803/1/803 842/1/842 769/1/769
f 842/1/842 806/1/806 769/1/769
f 843/1/843 842/1/842 803/1/803
f 804/1/804 844/1/844 807/1/807
f 716/1/716 770/1/770 808/1/808
f 809/1/809 771/1/771 768/1/768
f 770/1/770 718/1/718 772/1/772
f 773/1/773 771/1/771 810/1/810
f 772/1/772 811/1/811 770/1/770
f 773/1/773 860/1/860 812/1/812
f 860/1/860 773/1/773 810/1/810
f 811/1/811 774/1/774 861/1/861
f 812/1/812 813/1/813 773/1/773
f 814/1/814 815/1/815 774/1/774
f 815/1/815 861/1/861 774/1/774
f 813/1/813 776/1/776 723/1/723
f 816/1/816 776/1/776 813/1/813
f 777/1/777 815/1/815 814/1/814
f 777/1/777 817/1/817 815/1/815
f 775/1/775 777/1/777 814/1/814
f 816/1/816 779/1/779 776/1/776
f 817/1/817 780/1/780 818/1/818
f 778/1/778 779/1/779 781/1/781
f 781/1/781 867/1/867 783/1/783
f 818/1/818 731/1/731 734/1/734
f 820/1/820 818/1/818 734/1/734
f 819/1/819 786/1/786 873/1/873
f 819/1/819 739/1/739 786/1/786
f 820/1/820 739/1/739 819/1/819
f 734/1/734 739/1/739 820/1/820
f 787/1/787 785/1/785 784/1/784
f 788/1/788 823/1/823 822/1/822
f 789/1/789 823/1/823 788/1/788
f 822/1/822 821/1/821 788/1/788
f 875/1/875 790/1/790 787/1/787
f 823/1/823 789/1/789 825/1/825
f 791/1/791 824/1/824 828/1/828
f 791/1/791 790/1/790 824/1/824
f 824/1/824 826/1/826 828/1/828
f 789/1/789 792/1/792 825/1/825
f 791/1/791 828/1/828 748/1/748
f 827/1/827 825/1/825 793/1/793
f 793/1/793 825/1/825 792/1/792
f 831/1/831 794/1/794 828/1/828
f 827/1/827 830/1/830 829/1/829
f 827/1/827 795/1/795 830/1/830
f 827/1/827 793/1/793 795/1/795
f 796/1/796 794/1/794 831/1/831
f 797/1/797 796/1/796 832/1/832
f 796/1/796 831/1/831 832/1/832
f 798/1/798 797/1/797 833/1/833
f 797/1/797 832/1/832 833/1/833
f 799/1/799 798/1/798 834/1/834
f 798/1/798 833/1/833 834/1/834
f 829/1/829 830/1/830 834/1/834
f 834/1/834 830/1/830 799/1/799
f 800/1/800 801/1/801 836/1/836
f 835/1/835 800/1/800 836/1/836
f 836/1/836 801/1/801 837/1/837
f 805/1/805 838/1/838 804/1/804
f 805/1/805 835/1/835 839/1/839
f 838/1/838 805/1/805 839/1/839
f 839/1/839 835/1/835 840/1/840
f 836/1/836 840/1/840 835/1/835
f 837/1/837 841/1/841 836/1/836
f 841/1/841 840/1/840 836/1/836
f 802/1/802 808/1/808 841/1/841
f 837/1/837 802/1/802 841/1/841
f 807/1/807 844/1/844 843/1/843
f 846/1/846 845/1/845 844/1/844
f 844/1/844 804/1/804 838/1/838
f 844/1/844 838/1/838 846/1/846
f 846/1/846 838/1/838 847/1/847
f 839/1/839 847/1/847 838/1/838
f 840/1/840 851/1/851 839/1/839
f 851/1/851 847/1/847 839/1/839
f 852/1/852 851/1/851 840/1/840
f 841/1/841 848/1/848 840/1/840
f 848/1/848 852/1/852 840/1/840
f 841/1/841 808/1/808 848/1/848
f 809/1/809 854/1/854 771/1/771
f 809/1/809 806/1/806 854/1/854
f 849/1/849 854/1/854 806/1/806
f 842/1/842 849/1/849 806/1/806
f 846/1/846 850/1/850 845/1/845
f 846/1/846 847/1/847 850/1/850
f 848/1/848 856/1/856 852/1/852
f 808/1/808 770/1/770 853/1/853
f 808/1/808 853/1/853 848/1/848
f 848/1/848 853/1/853 856/1/856
f 771/1/771 854/1/854 810/1/810
f 849/1/849 906/1/906 854/1/854
f 855/1/855 850/1/850 847/1/847
f 851/1/851 855/1/855 847/1/847
f 852/1/852 855/1/855 851/1/851
f 908/1/908 855/1/855 852/1/852
f 856/1/856 908/1/908 852/1/852
f 856/1/856 857/1/857 909/1/909
f 856/1/856 853/1/853 857/1/857
f 770/1/770 811/1/811 859/1/859
f 770/1/770 859/1/859 853/1/853
f 853/1/853 859/1/859 857/1/857
f 810/1/810 858/1/858 860/1/860
f 810/1/810 854/1/854 858/1/858
f 906/1/906 858/1/858 854/1/854
f 857/1/857 911/1/911 909/1/909
f 911/1/911 859/1/859 912/1/912
f 911/1/911 857/1/857 859/1/859
f 811/1/811 861/1/861 859/1/859
f 812/1/812 862/1/862 813/1/813
f 812/1/812 860/1/860 862/1/862
f 861/1/861 912/1/912 859/1/859
f 915/1/915 912/1/912 861/1/861
f 813/1/813 862/1/862 816/1/816
f 863/1/863 915/1/915 861/1/861
f 815/1/815 817/1/817 863/1/863
f 861/1/861 815/1/815 863/1/863
f 816/1/816 864/1/864 779/1/779
f 816/1/816 865/1/865 864/1/864
f 863/1/863 818/1/818 866/1/866
f 863/1/863 817/1/817 818/1/818
f 779/1/779 867/1/867 781/1/781
f 779/1/779 864/1/864 867/1/867
f 868/1/868 870/1/870 920/1/920
f 866/1/866 868/1/868 920/1/920
f 818/1/818 868/1/868 866/1/866
f 867/1/867 869/1/869 783/1/783
f 820/1/820 870/1/870 868/1/868
f 818/1/818 820/1/820 868/1/868
f 869/1/869 871/1/871 784/1/784
f 869/1/869 784/1/784 783/1/783
f 870/1/870 820/1/820 819/1/819
f 871/1/871 787/1/787 784/1/784
f 872/1/872 874/1/874 873/1/873
f 874/1/874 819/1/819 873/1/873
f 875/1/875 787/1/787 871/1/871
f 875/1/875 871/1/871 876/1/876
f 873/1/873 878/1/878 872/1/872
f 873/1/873 821/1/821 878/1/878
f 873/1/873 786/1/786 821/1/821
f 879/1/879 875/1/875 876/1/876
f 880/1/880 889/1/889 881/1/881
f 880/1/880 882/1/882 891/1/891
f 881/1/881 882/1/882 880/1/880
f 882/1/882 877/1/877 891/1/891
f 877/1/877 892/1/892 891/1/891
f 878/1/878 883/1/883 877/1/877
f 883/1/883 892/1/892 877/1/877
f 822/1/822 823/1/823 883/1/883
f 822/1/822 883/1/883 878/1/878
f 821/1/821 822/1/822 878/1/878
f 824/1/824 885/1/885 884/1/884
f 790/1/790 885/1/885 824/1/824
f 790/1/790 879/1/879 885/1/885
f 790/1/790 875/1/875 879/1/879
f 884/1/884 887/1/887 886/1/886
f 885/1/885 887/1/887 884/1/884
f 886/1/886 889/1/889 888/1/888
f 887/1/887 889/1/889 886/1/886
f 889/1/889 880/1/880 888/1/888
f 880/1/880 890/1/890 888/1/888
f 891/1/891 890/1/890 880/1/880
f 883/1/883 895/1/895 892/1/892
f 823/1/823 825/1/825 895/1/895
f 883/1/883 823/1/823 895/1/895
f 826/1/826 824/1/824 884/1/884
f 826/1/826 884/1/884 893/1/893
f 893/1/893 884/1/884 886/1/886
f 888/1/888 894/1/894 886/1/886
f 894/1/894 893/1/893 886/1/886
f 890/1/890 897/1/897 888/1/888
f 897/1/897 894/1/894 888/1/888
f 898/1/898 897/1/897 890/1/890
f 891/1/891 898/1/898 890/1/890
f 892/1/892 899/1/899 891/1/891
f 899/1/899 898/1/898 891/1/891
f 895/1/895 899/1/899 892/1/892
f 893/1/893 900/1/900 826/1/826
f 894/1/894 896/1/896 893/1/893
f 896/1/896 900/1/900 893/1/893
f 897/1/897 896/1/896 894/1/894
f 827/1/827 899/1/899 895/1/895
f 825/1/825 827/1/827 895/1/895
f 826/1/826 900/1/900 828/1/828
f 831/1/831 828/1/828 900/1/900
f 897/1/897 901/1/901 896/1/896
f 901/1/901 900/1/900 896/1/896
f 898/1/898 901/1/901 897/1/897
f 902/1/902 901/1/901 898/1/898
f 829/1/829 902/1/902 899/1/899
f 899/1/899 902/1/902 898/1/898
f 827/1/827 829/1/829 899/1/899
f 832/1/832 831/1/831 900/1/900
f 901/1/901 832/1/832 900/1/900
f 833/1/833 832/1/832 901/1/901
f 834/1/834 833/1/833 901/1/901
f 902/1/902 834/1/834 901/1/901
f 829/1/829 834/1/834 902/1/902
f 842/1/842 843/1/843 903/1/903
f 844/1/844 904/1/904 843/1/843
f 843/1/843 904/1/904 903/1/903
f 904/1/904 844/1/844 845/1/845
f 903/1/903 849/1/849 842/1/842
f 905/1/905 849/1/849 903/1/903
f 907/1/907 845/1/845 850/1/850
f 905/1/905 906/1/906 849/1/849
f 930/1/930 906/1/906 905/1/905
f 855/1/855 907/1/907 850/1/850
f 855/1/855 908/1/908 907/1/907
f 856/1/856 909/1/909 908/1/908
f 858/1/858 910/1/910 914/1/914
f 860/1/860 858/1/858 914/1/914
f 910/1/910 858/1/858 906/1/906
f 860/1/860 914/1/914 913/1/913
f 862/1/862 860/1/860 913/1/913
f 862/1/862 916/1/916 918/1/918
f 816/1/816 862/1/862 918/1/918
f 916/1/916 862/1/862 913/1/913
f 915/1/915 863/1/863 919/1/919
f 865/1/865 918/1/918 917/1/917
f 864/1/864 865/1/865 917/1/917
f 918/1/918 865/1/865 816/1/816
f 866/1/866 920/1/920 919/1/919
f 919/1/919 863/1/863 866/1/866
f 864/1/864 917/1/917 867/1/867
f 917/1/917 922/1/922 867/1/867
f 870/1/870 921/1/921 920/1/920
f 922/1/922 869/1/869 867/1/867
f 922/1/922 985/1/985 869/1/869
f 874/1/874 923/1/923 921/1/921
f 874/1/874 921/1/921 870/1/870
f 874/1/874 926/1/926 923/1/923
f 870/1/870 819/1/819 874/1/874
f 869/1/869 985/1/985 876/1/876
f 871/1/871 869/1/869 876/1/876
f 924/1/924 927/1/927 925/1/925
f 924/1/924 925/1/925 872/1/872
f 925/1/925 926/1/926 872/1/872
f 926/1/926 874/1/874 872/1/872
f 882/1/882 927/1/927 877/1/877
f 927/1/927 924/1/924 877/1/877
f 878/1/878 877/1/877 924/1/924
f 872/1/872 878/1/878 924/1/924
f 876/1/876 1000/1/1000 879/1/879
f 889/1/889 1002/1/1002 881/1/881
f 881/1/881 1002/1/1002 928/1/928
f 882/1/882 881/1/881 928/1/928
f 928/1/928 927/1/927 882/1/882
f 885/1/885 879/1/879 1000/1/1000
f 887/1/887 885/1/885 1000/1/1000
f 889/1/889 887/1/887 1001/1/1001
f 887/1/887 1000/1/1000 1001/1/1001
f 1001/1/1001 1002/1/1002 889/1/889
f 903/1/903 904/1/904 932/1/932
f 929/1/929 903/1/903 932/1/932
f 904/1/904 845/1/845 932/1/932
f 905/1/905 903/1/903 929/1/929
f 905/1/905 929/1/929 930/1/930
f 930/1/930 929/1/929 931/1/931
f 932/1/932 931/1/931 929/1/929
f 845/1/845 907/1/907 932/1/932
f 930/1/930 933/1/933 906/1/906
f 933/1/933 930/1/930 934/1/934
f 931/1/931 941/1/941 930/1/930
f 941/1/941 934/1/934 930/1/930
f 935/1/935 941/1/941 931/1/931
f 932/1/932 935/1/935 931/1/931
f 907/1/907 936/1/936 932/1/932
f 932/1/932 936/1/936 935/1/935
f 936/1/936 907/1/907 937/1/937
f 907/1/907 908/1/908 937/1/937
f 937/1/937 908/1/908 909/1/909
f 910/1/910 938/1/938 914/1/914
f 938/1/938 910/1/910 939/1/939
f 910/1/910 906/1/906 933/1/933
f 910/1/910 933/1/933 939/1/939
f 939/1/939 933/1/933 940/1/940
f 934/1/934 940/1/940 933/1/933
f 941/1/941 940/1/940 934/1/934
f 935/1/935 942/1/942 941/1/941
f 936/1/936 943/1/943 935/1/935
f 943/1/943 942/1/942 935/1/935
f 944/1/944 943/1/943 936/1/936
f 937/1/937 944/1/944 936/1/936
f 945/1/945 944/1/944 937/1/937
f 909/1/909 945/1/945 937/1/937
f 909/1/909 911/1/911 953/1/953
f 909/1/909 953/1/953 945/1/945
f 911/1/911 912/1/912 953/1/953
f 914/1/914 946/1/946 913/1/913
f 914/1/914 938/1/938 946/1/946
f 946/1/946 938/1/938 947/1/947
f 939/1/939 947/1/947 938/1/938
f 940/1/940 948/1/948 939/1/939
f 948/1/948 947/1/947 939/1/939
f 949/1/949 948/1/948 940/1/940
f 941/1/941 949/1/949 940/1/940
f 942/1/942 950/1/950 941/1/941
f 950/1/950 949/1/949 941/1/941
f 943/1/943 951/1/951 942/1/942
f 951/1/951 950/1/950 942/1/942
f 944/1/944 951/1/951 943/1/943
f 952/1/952 951/1/951 944/1/944
f 945/1/945 952/1/952 944/1/944
f 961/1/961 952/1/952 945/1/945
f 953/1/953 961/1/961 945/1/945
f 912/1/912 915/1/915 953/1/953
f 916/1/916 954/1/954 918/1/918
f 916/1/916 913/1/913 946/1/946
f 916/1/916 946/1/946 954/1/954
f 954/1/954 946/1/946 955/1/955
f 947/1/947 956/1/956 946/1/946
f 956/1/956 955/1/955 946/1/946
f 957/1/957 956/1/956 947/1/947
f 948/1/948 957/1/957 947/1/947
f 949/1/949 958/1/958 948/1/948
f 958/1/958 957/1/957 948/1/948
f 950/1/950 968/1/968 949/1/949
f 968/1/968 958/1/958 949/1/949
f 951/1/951 959/1/959 950/1/950
f 959/1/959 968/1/968 950/1/950
f 952/1/952 960/1/960 951/1/951
f 960/1/960 959/1/959 951/1/951
f 961/1/961 960/1/960 952/1/952
f 953/1/953 962/1/962 961/1/961
f 915/1/915 919/1/919 962/1/962
f 953/1/953 915/1/915 962/1/962
f 918/1/918 963/1/963 917/1/917
f 918/1/918 954/1/954 963/1/963
f 963/1/963 954/1/954 964/1/964
f 955/1/955 965/1/965 954/1/954
f 965/1/965 964/1/964 954/1/954
f 956/1/956 965/1/965 955/1/955
f 957/1/957 966/1/966 956/1/956
f 966/1/966 965/1/965 956/1/956
f 958/1/958 967/1/967 957/1/957
f 967/1/967 966/1/966 957/1/957
f 968/1/968 967/1/967 958/1/958
f 960/1/960 969/1/969 959/1/959
f 961/1/961 970/1/970 960/1/960
f 970/1/970 969/1/969 960/1/960
f 919/1/919 920/1/920 970/1/970
f 919/1/919 970/1/970 962/1/962
f 962/1/962 970/1/970 961/1/961
f 963/1/963 971/1/971 922/1/922
f 917/1/917 963/1/963 922/1/922
f 964/1/964 977/1/977 963/1/963
f 977/1/977 971/1/971 963/1/963
f 965/1/965 978/1/978 964/1/964
f 978/1/978 977/1/977 964/1/964
f 979/1/979 978/1/978 965/1/965
f 966/1/966 980/1/980 965/1/965
f 980/1/980 979/1/979 965/1/965
f 972/1/972 980/1/980 966/1/966
f 967/1/967 972/1/972 966/1/966
f 973/1/973 972/1/972 967/1/967
f 968/1/968 973/1/973 967/1/967
f 974/1/974 973/1/973 968/1/968
f 959/1/959 974/1/974 968/1/968
f 975/1/975 974/1/974 959/1/959
f 969/1/969 975/1/975 959/1/959
f 976/1/976 975/1/975 969/1/969
f 920/1/920 921/1/921 976/1/976
f 920/1/920 976/1/976 970/1/970
f 970/1/970 976/1/976 969/1/969
f 985/1/985 922/1/922 971/1/971
f 985/1/985 971/1/971 977/1/977
f 973/1/973 981/1/981 972/1/972
f 974/1/974 982/1/982 973/1/973
f 982/1/982 981/1/981 973/1/973
f 983/1/983 982/1/982 974/1/974
f 975/1/975 983/1/983 974/1/974
f 984/1/984 983/1/983 975/1/975
f 923/1/923 984/1/984 976/1/976
f 976/1/976 984/1/984 975/1/975
f 921/1/921 923/1/923 976/1/976
f 978/1/978 986/1/986 977/1/977
f 986/1/986 985/1/985 977/1/977
f 979/1/979 992/1/992 978/1/978
f 992/1/992 986/1/986 978/1/978
f 980/1/980 987/1/987 979/1/979
f 987/1/987 992/1/992 979/1/979
f 972/1/972 988/1/988 980/1/980
f 988/1/988 987/1/987 980/1/980
f 981/1/981 989/1/989 972/1/972
f 989/1/989 988/1/988 972/1/972
f 982/1/982 990/1/990 981/1/981
f 990/1/990 989/1/989 981/1/981
f 983/1/983 991/1/991 982/1/982
f 991/1/991 990/1/990 982/1/982
f 923/1/923 926/1/926 991/1/991
f 923/1/923 991/1/991 984/1/984
f 984/1/984 991/1/991 983/1/983
f 876/1/876 985/1/985 996/1/996
f 996/1/996 985/1/985 986/1/986
f 992/1/992 996/1/996 986/1/986
f 987/1/987 993/1/993 992/1/992
f 988/1/988 993/1/993 987/1/987
f 994/1/994 993/1/993 988/1/988
f 989/1/989 994/1/994 988/1/988
f 995/1/995 994/1/994 989/1/989
f 925/1/925 927/1/927 995/1/995
f 925/1/925 995/1/995 990/1/990
f 990/1/990 995/1/995 989/1/989
f 991/1/991 925/1/925 990/1/990
f 926/1/926 925/1/925 991/1/991
f 992/1/992 997/1/997 996/1/996
f 993/1/993 997/1/997 992/1/992
f 998/1/998 997/1/997 993/1/993
f 994/1/994 998/1/998 993/1/993
f 999/1/999 998/1/998 994/1/994
f 927/1/927 999/1/999 995/1/995
f 995/1/995 999/1/999 994/1/994
f 876/1/876 996/1/996 1000/1/1000
f 997/1/997 1001/1/1001 996/1/996
f 1001/1/1001 1000/1/1000 996/1/996
f 1002/1/1002 1001/1/1001 997/1/997
f 998/1/998 1002/1/1002 997/1/997
f 928/1/928 1002/1/1002 998/1/998
f 999/1/999 928/1/928 998/1/998
f 927/1/927 928/1/928 999/1/999
