vn -0.22189 -0.0191481 -0.974884
v -91.0147 32.3729 -151.807
vn 0.240231 -0.0546477 -0.969176
v -90.4219 32.4101 -151.83
vn -0.0874728 0.302104 -0.949253
v -90.9928 36.1069 -150.342
vn 0.458641 0.105403 -0.882348
v -88.2018 33.6309 -150.521
vn -0.29911 -0.333052 -0.894209
v -95.0255 27.8521 -149.194
vn 0.0262943 -0.601474 -0.798459
v -91.9804 27.4896 -149.447
vn 0.485328 -0.678082 -0.551962
v -91.0814 27.5057 -149.061
vn 0.0827407 -0.459034 -0.884557
v -91.0871 30.198 -150.903
vn -0.351367 -0.123366 -0.928074
v -93.5958 31.115 -150.649
vn -0.440354 0.10655 -0.891479
v -95.8534 33.3562 -149.34
vn 0.530545 -0.389405 -0.752918
v -89.3086 30.9917 -150.714
vn 0.864356 0.131644 -0.485345
v -85.2389 36.5966 -147.983
vn 0.534522 0.285701 -0.7954
v -86.7458 38.2549 -148.67
vn -0.355577 0.349552 -0.866821
v -92.7458 39.6279 -148.779
vn 0.0809215 0.395417 -0.91493
v -89.8607 40.9299 -149.144
vn 0.732543 -0.485735 -0.476909
v -87.9724 30.5511 -148.953
vn 0.694709 -0.0963586 -0.712807
v -86.1604 34.7057 -149.125
vn 0.80541 0.338846 -0.486311
v -84.9058 42.9606 -144.122
vn -0.140742 0.61499 -0.775873
v -90.4846 41.4986 -148.727
vn -0.525633 0.224206 -0.820635
v -98.4268 36.1123 -147.258
vn 0.898706 -0.244877 -0.363817
v -85.0575 35.181 -147.663
vn 0.438381 0.527725 -0.727549
v -88.1581 41.3959 -148.14
vn 0.265278 -0.845777 -0.462914
v -93.0329 25.4169 -146.9
vn -0.439085 -0.452622 -0.776104
v -98.5738 25.654 -147.097
vn -0.0800698 -0.751191 -0.65521
v -97.9493 24.9317 -146.672
vn -0.519096 -0.0871461 -0.850262
v -99.2619 28.0467 -147.409
vn -0.144459 0.623804 -0.768114
v -92.2883 45.6165 -144.459
vn 0.265635 0.647153 -0.714585
v -87.178 45.6692 -144.013
vn -0.288715 -0.728107 -0.621695
v -100.293 23.4076 -143.782
vn 0.624069 -0.755678 -0.198719
v -90.8157 26.2297 -145.981
vn -0.707828 0.0706253 -0.702846
v -103.107 31.6488 -144.226
vn -0.6074 -0.164419 -0.777195
v -101.444 28.1629 -145.744
vn -0.617323 0.271949 -0.738212
v -100.264 36.7604 -145.837
vn 0.959039 -0.234785 -0.158494
v -84.5669 34.3528 -144.202
vn 0.915724 0.111656 -0.385983
v -84.2409 39.8814 -144.314
vn -0.482054 0.490285 -0.726116
v -96.4865 41.6658 -145.5
vn -0.425566 0.54963 -0.718888
v -96.0827 44.4074 -143.563
vn 0.646538 0.554586 -0.523854
v -85.4868 45.3245 -143.014
vn 0.785599 -0.566072 -0.249792
v -87.3575 29.9636 -146.535
vn -0.731782 0.272794 -0.624562
v -103.789 34.7074 -142.779
vn -0.641567 0.43919 -0.628891
v -100.304 38.7935 -144.378
vn 0.222747 -0.917095 -0.330636
v -94.8606 23.6702 -143.996
vn -0.565552 -0.235125 -0.790485
v -106.189 24.3698 -140.578
vn 0.812913 -0.580489 -0.0469562
v -85.6131 31.3013 -141.717
vn -0.242884 0.614253 -0.7508
v -93.6032 47.628 -142.503
vn 0.0559176 0.647896 -0.759674
v -89.9706 48.3 -142.481
vn -0.401722 -0.578502 -0.709898
v -103.31 23.5604 -142.32
vn 0.0102191 -0.873512 -0.486695
v -99.279 22.1317 -141.847
vn 0.498432 -0.850878 -0.166049
v -92.5693 24.6403 -144.504
vn -0.75504 0.257551 -0.602977
v -106.287 34.8922 -139.563
vn -0.690658 0.400065 -0.602445
v -103.218 38.7244 -141.239
vn -0.581732 0.487073 -0.651419
v -99.4972 45.1908 -140.172
vn 0.949326 0.212121 -0.231915
v -82.4203 41.3485 -138.646
vn 0.867758 0.442483 -0.226285
v -84.5451 45.7236 -140.005
vn -0.0511441 0.666879 -0.743409
v -90.8509 50.5362 -140.514
vn 0.372574 0.693887 -0.616205
v -88.9521 50.1871 -140.333
vn 0.182205 -0.908297 -0.376561
v -101.843 20.5682 -139.484
vn 0.373199 -0.912112 -0.169631
v -96.7544 21.8728 -137.941
vn -0.698633 0.0591163 -0.713034
v -107.633 28.8165 -139.758
vn 0.964537 -0.21817 -0.148563
v -83.1632 37.8063 -140.255
vn -0.38053 0.569805 -0.728368
v -95.4716 48.7177 -140.743
vn -0.164772 -0.679147 -0.715269
v -104.647 20.8845 -139.479
vn -0.770019 0.215572 -0.600499
v -108.641 30.8798 -138.178
vn 0.705208 0.615069 -0.352664
v -86.8361 49.6202 -138.794
vn 0.0744769 -0.675408 -0.733674
v -107.651 17.9013 -136.728
vn -0.31088 -0.419794 -0.852717
v -108.68 19.9974 -137.927
vn -0.720063 0.369523 -0.587334
v -105.886 41.6805 -135.857
vn -0.652797 0.428013 -0.625029
v -102.558 43.4895 -138.447
vn -0.18094 0.744634 -0.64248
v -94.3973 54.304 -136.883
vn 0.16967 0.823563 -0.541254
v -91.9813 54.7465 -136.39
vn 0.162551 -0.677063 -0.717749
v -108.924 15.5839 -134.973
vn 0.551183 -0.833432 -0.0398456
v -94.4796 23.0171 -136.226
vn -0.638188 0.431074 -0.63788
v -103.511 44.5156 -136.82
vn -0.419305 0.558538 -0.715695
v -96.353 53.0263 -137.271
vn 0.46987 0.803742 -0.364995
v -90.3275 54.89 -135.214
vn -0.777226 0.307943 -0.548717
v -109.792 39.1262 -132.286
vn -0.47325 0.63773 -0.607729
v -98.3754 54.4427 -134.492
vn -0.224268 0.842188 -0.49033
v -96.1815 57.6723 -130.807
vn -0.302862 -0.459406 -0.834997
v -110.739 16.864 -135.513
vn -0.580749 -0.169551 -0.796231
v -111.501 19.2172 -136.068
vn -0.64003 -0.130964 -0.757107
v -113.564 17.4589 -134
vn -0.743239 0.0946588 -0.662296
v -111.318 25.2153 -136.351
vn 0.984222 -0.0403207 0.172283
v -82.9986 40.6741 -131.84
vn 0.992797 -0.119378 -0.0101684
v -82.108 40.3806 -137.334
vn 0.981825 0.185938 0.0380475
v -82.2082 41.8063 -135.942
vn -0.630499 0.468067 -0.619181
v -102.758 50.5157 -133.456
vn 0.605902 0.68137 -0.410631
v -88.7985 52.7205 -136.981
vn 0.00926337 -0.627254 -0.778759
v -110.218 14.2585 -133.859
vn 0.313858 -0.843199 -0.436472
v -102.863 18.7298 -135.843
vn 0.700693 -0.712198 0.0424743
v -90.0807 26.7365 -137.602
vn -0.386183 -0.403562 -0.829458
v -112.978 14.685 -133.457
vn 0.650207 -0.757485 0.0587176
v -94.8434 22.9151 -131.667
vn 0.881948 -0.467954 0.0564448
v -85.2943 31.98 -138.923
vn -0.720509 0.380677 -0.579614
v -107.641 45.1969 -131.583
vn -0.517522 0.650921 -0.555404
v -101.24 55.1727 -130.981
vn -0.592876 -0.169358 -0.787284
v -116.324 13.7133 -130.945
vn -0.766719 0.0793334 -0.637062
v -116.312 20.7892 -131.183
vn -0.768886 0.141529 -0.623525
v -113.941 23.8383 -133.522
vn -0.795405 0.25345 -0.550539
v -113.599 30.3451 -131.278
vn 0.789301 -0.597459 0.141587
v -86.6797 31.2104 -132.735
vn 0.74231 0.648132 -0.170002
v -88.1763 54.0239 -131.992
vn 0.457295 -0.756741 -0.467145
v -105.912 15.4568 -132.728
vn -0.81816 0.235288 -0.524647
v -116.379 26.1214 -129.129
vn 0.735628 -0.66429 0.132553
v -90.77 26.9399 -130.412
vn 0.9439 0.330232 -9.63689e-05
v -83.5314 45.2362 -133.251
vn -0.656398 0.502807 -0.562429
v -104.657 53.0592 -129.45
vn -0.606749 -0.0717424 -0.791649
v -118.506 1.85056 -128.757
vn -0.304398 -0.159375 -0.939118
v -117.045 1.24765 -129.442
vn 0.0851745 -0.329081 -0.940452
v -114.06 8.28926 -130.058
vn -0.235561 -0.42923 -0.871936
v -113.42 11.3408 -131.45
vn 0.212989 -0.57777 -0.78792
v -111.783 10.8606 -131.154
vn -0.341089 -0.154153 -0.927305
v -116.954 10.7565 -129.834
vn -0.684178 -0.0291426 -0.728733
v -118.993 11.46 -128.383
vn -0.7877 0.319755 -0.52658
v -110.229 41.9792 -130.008
vn 0.458016 0.847922 -0.266926
v -91.2145 56.9833 -130.136
vn 0.158354 0.922848 -0.351106
v -95.2074 59.229 -127.991
vn 0.211634 -0.29663 -0.931247
v -115.626 0.9503 -129.316
vn 0.580228 -0.330593 -0.744341
v -113.012 5.03813 -128.834
vn 0.472119 -0.678733 -0.562517
v -108.871 12.0554 -130.616
vn 0.5546 -0.801593 -0.22331
v -101.301 18.3524 -132.326
vn 0.502962 -0.855628 -0.122192
v -97.4005 20.9395 -133.638
vn 0.939957 -0.323476 0.108828
v -83.0612 38.1537 -134.497
vn -0.216933 -0.47282 -0.854038
v -118.63 -5.33278 -126.481
vn -0.370372 -0.329024 -0.868659
v -118.985 -1.28794 -127.837
vn 0.259494 -0.43179 -0.86384
v -115.345 -1.8406 -127.79
vn 0.663013 -0.374936 -0.647948
v -114.181 -0.349938 -127.735
vn 0.489331 -0.503519 -0.712056
v -110.983 9.40863 -129.762
vn -0.786656 0.0474637 -0.615565
v -118.525 15.6213 -128.935
vn 0.681365 -0.680771 -0.268873
v -105.109 13.8813 -127.935
vn 0.660415 -0.750797 -0.0124531
v -98.9853 19.7582 -127.688
vn -0.832932 0.266641 -0.484899
v -119.763 30.1705 -121.363
vn 0.99113 0.075343 0.109473
v -83.8815 44.7087 -126.776
vn 0.854257 0.506682 -0.116267
v -86.0375 50.7453 -132.264
vn -0.476764 0.709692 -0.518684
v -102.76 57.3324 -126.744
vn 0.752224 0.655295 -0.0689034
v -89.8515 57.371 -124.45
vn -0.789499 -0.0802663 -0.60848
v -120.6 -2.7203 -126.036
vn 0.69084 -0.714627 0.109768
v -93.6193 24.5863 -127.631
vn 0.962427 -0.22396 0.153543
v -84.3332 38.5688 -126.646
vn -0.750762 0.391037 -0.532398
v -108.605 47.9698 -128.411
vn -0.604636 -0.419031 -0.677369
v -121.332 -6.43831 -124.094
vn 0.195652 -0.638952 -0.743949
v -117.115 -4.89467 -126.796
vn -0.783718 0.382713 -0.489201
v -111.767 48.8895 -122.911
vn 0.942011 0.332305 0.0467885
v -85.032 48.8056 -125.631
vn 0.516106 0.831434 -0.205797
v -91.6762 59.2216 -123.035
vn 0.629253 -0.530282 -0.568191
v -115.403 -6.19954 -124.414
vn -0.857808 0.204907 -0.471359
v -122.037 23.1209 -120.977
vn 0.756795 -0.644554 0.108684
v -90.7781 28.5129 -123.223
vn -0.688331 0.510124 -0.515726
v -107.632 53.7704 -124.961
vn -0.0192271 0.90931 -0.415676
v -96.8235 60.0073 -126.006
vn 0.766016 -0.432823 -0.475273
v -108.337 8.06058 -125.665
vn 0.731395 -0.540426 -0.415933
v -106.81 10.1987 -125.41
vn 0.861457 -0.486657 0.145108
v -85.9261 34.2514 -127.693
vn 0.98402 -0.132902 0.118501
v -84.6973 39.9631 -122.048
vn 0.98863 0.106445 0.10621
v -84.314 45.2695 -122.886
vn -0.0917096 -0.719041 -0.68889
v -119.865 -7.36128 -124.144
vn 0.649158 -0.604136 -0.462184
v -113.515 -6.88885 -121.175
vn 0.822816 -0.523557 -0.221047
v -104.003 13.1146 -122.737
vn 0.835521 -0.545476 0.0660309
v -88.4221 32.5957 -117.399
vn -0.811965 0.283994 -0.50996
v -115.155 34.18 -126.784
vn -0.819673 0.29827 -0.489052
v -115.81 39.3453 -122.727
vn -0.853571 0.0386485 -0.519542
v -121.388 12.7025 -125.018
vn -0.842773 0.154627 -0.515582
v -118.636 20.1854 -127.957
vn 0.757865 -0.648641 -0.0700402
v -100.811 17.5983 -123.646
vn 0.718097 -0.693592 0.05716
v -96.2199 22.5158 -124.34
vn -0.560976 0.662404 -0.496514
v -105.385 57.6783 -123.503
vn 0.345288 -0.726184 -0.594502
v -116.209 -7.87028 -122.984
vn -0.887675 -0.0046761 -0.460447
v -123.305 8.32878 -121.814
vn 0.83258 -0.444736 -0.330183
v -105.336 9.86756 -121.521
vn -0.873027 0.104892 -0.476258
v -122.538 16.2356 -122.398
vn -0.802306 0.332639 -0.495637
v -113.485 43.2224 -124.173
vn 0.88546 0.464395 0.0172529
v -87.2324 53.384 -122.341
vn 0.0233273 -0.697317 -0.716383
v -120.097 -13.4461 -118.415
vn -0.333509 -0.622308 -0.70817
v -121.263 -10.8271 -120.186
vn 0.839018 -0.423551 -0.341546
v -108.05 -0.93913 -116.93
vn -0.906259 0.0280862 -0.421789
v -124.549 9.81265 -119.082
vn 0.919925 -0.373018 0.120811
v -85.9352 36.3406 -120.235
vn -0.636685 0.619264 -0.459506
v -108.275 57.6718 -119.629
vn -0.307687 0.814995 -0.491032
v -101.664 60.5326 -122.754
vn -0.864652 -0.168788 -0.473168
v -122.733 -6.89062 -121.826
vn 0.782973 0.621826 -0.0169338
v -91.0517 58.9408 -118.131
vn 0.310526 0.888259 -0.338482
v -94.395 61.3815 -121.199
vn 0.535097 0.826064 -0.176888
v -94.5461 62.825 -116.618
vn 0.284548 -0.705155 -0.649453
v -117.892 -11.5052 -119.668
vn 0.615481 -0.63235 -0.470443
v -115.45 -10.8051 -118.379
vn -0.89787 -0.19971 -0.392358
v -124.374 -8.66 -117.273
vn -0.922494 -0.0484864 -0.382954
v -124.889 -2.39716 -117.859
vn 0.782696 -0.386657 -0.487734
v -109.538 1.99909 -122.561
vn 0.881165 -0.404058 -0.245532
v -102.912 13.5529 -119.172
vn -0.835451 0.290169 -0.466717
v -120.149 36.0789 -117.21
vn -0.743218 0.461572 -0.484333
v -111.275 54.2935 -119.182
vn -0.37726 0.787468 -0.48741
v -103.144 62.8045 -118.277
vn 0.238567 0.926549 -0.29085
v -96.6446 63.5464 -117.02
vn -0.263435 -0.66976 -0.694279
v -121.536 -15.785 -115.684
vn -0.708006 -0.441985 -0.550796
v -122.945 -10.7285 -118.663
vn 0.835378 -0.537014 -0.117304
v -100.971 16.9596 -119.407
vn -0.883222 0.15334 -0.443177
v -124.938 20.0228 -116.411
vn -0.852975 0.247201 -0.459702
v -122.327 28.9793 -117.44
vn 0.951301 -0.301913 0.0622454
v -85.763 37.8987 -116.095
vn 0.994428 -0.0156821 0.104248
v -84.7812 44.5758 -119.233
vn 0.890268 0.440975 0.113857
v -87.5729 53.2738 -116.444
vn -0.713269 0.524241 -0.465209
v -112.278 55.8294 -116.12
vn 0.679188 0.732482 -0.0466379
v -94.0242 62.6424 -115.343
vn -0.0114651 0.911214 -0.411774
v -97.8939 62.0097 -121.101
vn 0.346546 -0.688632 -0.636939
v -119.287 -16.3424 -114.579
vn -0.920717 0.0668748 -0.384457
v -126.404 16.2165 -114.516
vn 0.766092 -0.641409 0.0411961
v -93.5391 26.1537 -116.799
vn 0.964551 0.240396 0.108865
v -85.2142 47.7035 -119.152
vn -0.847322 -0.323151 -0.421449
v -124.569 -13.9109 -113.6
vn 0.782942 -0.44911 -0.430467
v -111.302 -4.72722 -119.734
vn 0.873589 -0.365874 -0.320901
v -105.316 3.13361 -114.914
vn 0.87267 -0.358483 -0.331567
v -104.557 7.90944 -117.668
vn 0.811084 -0.579492 -0.0795721
v -97.288 21.4195 -113.741
vn 0.929708 0.348778 0.118309
v -86.4475 51.0365 -117.443
vn 0.809708 0.581453 0.0792803
v -92.5668 60.7647 -113.406
vn 0.875873 -0.467373 -0.120039
v -99.8936 17.72 -114.546
vn 0.765653 -0.643252 0.00163079
v -96.264 23.0054 -118.315
vn -0.133945 -0.276111 -0.951747
v -71.5913 -75.3139 -112.144
vn 0.21567 0.213152 -0.952918
v -70.1601 -75.2576 -112.236
vn -0.227236 -0.357436 -0.905871
v -80.7751 -70.4949 -112.218
vn 0.179853 0.358428 -0.916069
v -74.1569 -71.7336 -111.87
vn -0.258575 0.0636438 -0.963892
v -81.0648 -70.2718 -112.291
vn 0.137518 0.441627 -0.886597
v -78.0466 -69.9541 -111.851
vn 0.151453 -0.686756 -0.710935
v -119.492 -20.2133 -111.117
vn 0.544458 -0.578739 -0.607146
v -118.336 -20.1033 -110.511
vn -0.0965503 -0.719359 -0.687895
v -121.249 -17.9035 -113.631
vn -0.902196 -0.253433 -0.349018
v -125.753 -12.2799 -111.947
vn -0.928038 -0.122859 -0.351642
v -126.036 -5.26138 -114.337
vn 0.884709 -0.464412 -0.0401337
v -87.1304 34.7326 -111.872
vn -0.828513 0.340058 -0.44489
v -122.146 44.3045 -108.055
vn -0.82139 0.32998 -0.465223
v -117.167 45.1502 -116.421
vn 0.86842 0.478515 0.129887
v -89.5027 55.9398 -113.349
vn -0.577524 0.67128 -0.464596
v -109.393 62.3424 -112.241
vn 0.455781 0.874798 -0.164294
v -97.4291 65.2493 -110.489
vn 0.114736 0.931211 -0.345951
v -100.163 65.4022 -113.001
vn 0.350364 -0.244841 -0.904045
v -64.4664 -79.5747 -111.016
vn 0.0439013 -0.245429 -0.96842
v -66.004 -78.8601 -111.526
vn -0.349972 -0.651469 -0.673133
v -76.5758 -73.8775 -111.499
vn -0.325243 -0.654924 -0.682122
v -71.122 -77.1012 -111.199
vn 0.494298 0.467272 -0.733025
v -68.0142 -75.9081 -111.513
vn 0.252422 0.681975 -0.686435
v -76.541 -68.3867 -110.054
vn -0.574115 -0.583965 -0.573914
v -122.392 -17.0985 -113.882
vn 0.749487 -0.549132 -0.369761
v -113.194 -12.0964 -112.847
vn 0.918868 -0.347744 -0.18643
v -101.758 12.9832 -113.683
vn -0.89172 0.181 -0.414818
v -125.255 24.4181 -113.998
vn 0.77979 -0.622046 -0.07061
v -91.8722 28.0796 -110.892
vn 0.994283 0.0506932 0.0939748
v -85.4481 42.0221 -111.225
vn -0.0859587 0.54802 -0.832037
v -82.3919 -67.5869 -109.972
vn 0.824637 -0.485492 -0.290295
v -109.968 -10.4597 -107.767
vn 0.802441 -0.497579 -0.3294
v -110.597 -8.05798 -113.084
vn -0.939587 -0.0270944 -0.341236
v -127.143 -0.2717 -111.948
vn -0.938413 0.0232904 -0.34473
v -127.503 15.5546 -111.656
vn -0.927947 0.109163 -0.356367
v -127.655 19.1634 -110.3
vn -0.867532 0.238623 -0.436403
v -124.695 31.8601 -111.445
vn 0.937171 0.317485 0.144615
v -86.8104 49.0388 -111.1
vn -0.805861 0.383122 -0.451448
v -116.064 49.7723 -114.859
vn 0.847878 0.509788 0.145671
v -91.675 58.3699 -109.097
vn -0.741266 0.504899 -0.44227
v -114.382 58.4336 -109.511
vn 0.487074 -0.261971 -0.833144
v -62.7591 -80.6159 -109.579
vn 0.492321 -0.20373 -0.846235
v -58.5511 -83.0604 -106.609
vn 0.63021 0.356154 -0.68992
v -63.5592 -78.778 -109.897
vn -0.445404 -0.690357 -0.570108
v -83.4807 -72.5191 -108.401
vn -0.487986 -0.445189 -0.750784
v -86.992 -69.3415 -108.953
vn -0.461658 -0.255035 -0.849605
v -83.8443 -69.7292 -110.176
vn 0.418703 0.586079 -0.693685
v -71.7985 -72.0228 -111.064
vn 0.178577 -0.669021 -0.721471
v -119.545 -22.5344 -109.064
vn -0.377573 -0.670444 -0.638705
v -121.9 -19.9166 -110.961
vn -0.770214 -0.467205 -0.434155
v -124.154 -18.0993 -110.095
vn 0.66345 -0.586263 -0.464899
v -115.399 -15.0368 -112.332
vn 0.921793 -0.306018 -0.238014
v -103.175 8.43507 -113.316
vn 0.918972 -0.353759 -0.174198
v -100.225 15.9429 -110.869
vn 0.758592 -0.645251 -0.0904898
v -93.2687 26.1109 -108.01
vn -0.847729 0.29488 -0.44091
v -123.247 38.977 -109.703
vn 0.910698 0.37618 0.170639
v -88.052 49.2959 -105.449
vn -0.299171 0.16644 -0.939571
v -88.1233 -67.1423 -108.905
vn -0.263423 -0.694688 -0.669341
v -121.126 -22.7631 -108.652
vn 0.132333 -0.732225 -0.668083
v -119.145 -25.5351 -105.939
vn 0.936203 -0.304789 -0.175006
v -102.316 5.48817 -105.954
vn 0.979268 -0.20102 0.0250134
v -85.9853 37.6889 -109.11
vn 0.96581 0.220769 0.13591
v -86.0329 46.9171 -112.964
vn -0.401474 0.821706 -0.404498
v -105.894 64.8599 -112.149
vn -0.356276 0.814203 -0.458411
v -103.744 64.1704 -115.6
vn 0.276648 0.922791 -0.268184
v -100.069 67.1378 -108.311
vn 0.0259438 -0.718383 -0.695164
v -62.9744 -81.8761 -108.586
vn -0.259469 -0.761154 -0.594408
v -67.2561 -79.0709 -111.156
vn 0.364819 0.750067 -0.55164
v -73.8699 -65.6274 -105.125
vn -0.534938 0.0461006 -0.843632
v -89.9179 -66.8904 -108.05
vn -0.557849 0.200809 -0.805282
v -91.3611 -65.5079 -106.716
vn -0.138573 0.61411 -0.776959
v -86.542 -65.9941 -108.647
vn -0.357895 -0.74818 -0.558692
v -121.206 -26.6368 -104.215
vn -0.88158 -0.351006 -0.315614
v -125.278 -18.6098 -107.159
vn 0.93862 -0.291067 -0.185127
v -101.304 10.3607 -107.494
vn 0.99711 -0.0385042 0.0654972
v -85.7267 40.4579 -106.755
vn -0.793597 0.423207 -0.437148
v -121.49 55.0357 -99.8025
vn -0.696451 0.595251 -0.400789
v -112.972 62.9502 -106.415
vn -0.393967 -0.849979 -0.34975
v -73.1033 -80.6394 -102.993
vn -0.516688 -0.697489 -0.496531
v -87.4037 -71.4946 -106.463
vn 0.432169 0.690112 -0.580496
v -72.4167 -68.3011 -107.527
vn 0.153777 0.73082 -0.665022
v -79.8481 -66.1312 -108.562
vn -0.178714 0.66114 -0.728666
v -90.365 -64.2484 -106.305
vn -0.929335 -0.240281 -0.28036
v -126.507 -13.1329 -109.115
vn -0.949859 -0.21058 -0.231136
v -127.597 -12.0346 -105.885
vn -0.945235 -0.156466 -0.286442
v -127.63 -8.38235 -108.194
vn 0.778827 -0.601846 -0.176662
v -94.231 24.4172 -104.94
vn 0.841321 -0.525053 -0.128445
v -89.171 30.2067 -105.262
vn 0.945625 -0.323814 -0.0306073
v -86.742 34.8712 -105.297
vn -0.588295 0.682606 -0.433541
v -111.097 63.0742 -108.967
vn 0.0748873 -0.735084 -0.673827
v -58.9696 -84.0936 -106.208
vn -0.427766 -0.812358 -0.396346
v -79.2196 -76.7875 -104.82
vn 0.617777 0.543783 -0.568024
v -60.5915 -75.0788 -103.392
vn -0.695285 -0.255766 -0.671686
v -94.9316 -65.7246 -103.061
vn -0.648965 -0.597599 -0.470871
v -122.413 -25.3053 -104.826
vn -0.82118 -0.454475 -0.345131
v -124.355 -21.5154 -105.995
vn -0.940989 -0.0448913 -0.335448
v -130.645 3.80964 -102.725
vn 0.930583 -0.316137 -0.184588
v -100.631 9.52565 -103.213
vn -0.938177 0.0227304 -0.34541
v -128.881 14.393 -108.11
vn -0.814936 0.381772 -0.436038
v -119.951 49.8645 -107.584
vn -0.0234372 -0.697577 -0.716127
v -57.1189 -85.5973 -104.333
vn 0.506898 -0.182665 -0.84243
v -56.0557 -84.4353 -104.604
vn -0.247675 -0.870896 -0.424497
v -62.8502 -83.8764 -105.233
vn 0.300474 0.79495 -0.527038
v -76.5897 -64.3397 -104.948
vn 0.117514 0.790147 -0.601547
v -80.8558 -63.1421 -104.996
vn 0.769176 -0.490306 -0.409838
v -115.484 -20.3583 -106.153
vn 0.887656 -0.427716 -0.170663
v -107.39 -6.94733 -105.192
vn -0.945268 -0.0776918 -0.31691
v -128.464 -3.60241 -107.782
vn -0.95067 -0.114818 -0.288172
v -131.06 -0.060419 -100.501
vn 0.911048 -0.364763 -0.192198
v -104.413 2.39364 -110.489
vn 0.917199 -0.38081 -0.117171
v -102.768 3.03977 -102.562
vn 0.8743 -0.454831 -0.169492
v -98.6563 18.035 -107.636
vn -0.911387 0.145317 -0.385042
v -127.956 25.7856 -107.329
vn -0.881019 0.234192 -0.411047
v -126.627 30.6109 -108.088
vn -0.84819 0.307638 -0.431199
v -124.231 43.1344 -104.944
vn 0.754623 0.655236 0.034775
v -95.3159 63.7157 -109.567
vn 0.779377 0.626383 -0.0146839
v -96.5537 65.086 -105.048
vn -0.0760941 0.934212 -0.348508
v -103.497 68.0561 -106.534
vn -0.258569 -0.890092 -0.375339
v -55.5473 -87.6315 -102.122
vn 0.570274 0.585518 -0.576156
v -63.5133 -73.821 -105.332
vn 0.523546 0.642524 -0.55952
v -69.1437 -68.8604 -105.359
vn -0.682731 -0.458891 -0.568593
v -92.5222 -67.9421 -104.722
vn -0.506556 0.320873 -0.800276
v -94.5555 -63.0854 -103.522
vn 0.0566762 0.805687 -0.589624
v -84.1564 -60.0703 -101.677
vn 0.159347 -0.783309 -0.600862
v -119.428 -28.0737 -103.044
vn 0.820828 -0.499204 -0.277554
v -111.336 -13.5343 -106.265
vn -0.950388 -0.186918 -0.248646
v -129.054 -8.18436 -103.165
vn -0.937936 0.07525 -0.338546
v -129.536 18.3101 -105.433
vn 0.538093 0.834401 -0.119294
v -99.282 67.2988 -105.586
vn 0.350758 -0.358956 -0.864939
v -50.2502 -88.3491 -101.151
vn 0.356407 -0.246839 -0.901135
v -53.1127 -87.1449 -102.741
vn -0.317415 -0.898493 -0.303246
v -61.6866 -86.3364 -99.6243
vn 0.661214 0.304993 -0.685402
v -58.6603 -81.2183 -106.378
vn -0.601527 -0.694602 -0.39458
v -91.0681 -70.5351 -103.478
vn 0.527001 0.671174 -0.52134
v -67.3761 -69.7261 -104.623
vn 0.552138 0.649838 -0.522356
v -64.7272 -69.9797 -102.348
vn 0.492144 0.709689 -0.504119
v -70.1733 -67.792 -104.918
vn 0.439641 0.7714 -0.460062
v -71.2628 -65.1514 -102.178
vn 0.269223 0.843232 -0.465272
v -80.2161 -61.2548 -101.867
vn -0.899136 -0.374089 -0.227184
v -125.642 -21.1005 -102.441
vn 0.882406 -0.414128 -0.22329
v -106.623 -4.0127 -107.545
vn 0.779145 -0.602033 -0.174611
v -89.9233 28.3942 -102.657
vn 0.879232 0.462204 0.115403
v -92.409 57.6426 -101.868
vn -0.267872 0.864876 -0.42454
v -106.285 68.6956 -103.549
vn 0.0370968 -0.709646 -0.703581
v -53.5359 -87.9721 -102.284
vn -0.354455 -0.87004 -0.342625
v -68.2284 -82.7258 -103.154
vn 0.617705 0.274232 -0.737046
v -54.9973 -83.0043 -103.559
vn -0.495714 -0.808015 -0.318401
v -88.4321 -74.129 -98.9387
vn -0.5573 0.220596 -0.800471
v -97.2387 -62.4341 -101.666
vn -0.25829 0.647193 -0.717236
v -95.0917 -60.6315 -101.529
vn 0.604066 -0.582626 -0.543738
v -118.427 -24.7946 -106.122
vn -0.932301 -0.283874 -0.224122
v -126.866 -15.2845 -105.483
vn 0.890454 -0.383278 -0.245335
v -98.3489 15.1252 -100.393
vn 0.88595 -0.412561 -0.211864
v -98.2837 16.6905 -102.684
vn -0.936293 0.0685535 -0.344464
v -131.385 17.5197 -100.655
vn -0.89572 0.229694 -0.380692
v -129.17 33.4728 -100.637
vn -0.875253 0.255447 -0.410707
v -128.082 39.9564 -99.0705
vn 0.996629 0.0756487 0.0317356
v -86.3662 40.0513 -100.047
vn 0.901243 0.405534 0.152656
v -89.4173 51.8156 -103.541
vn -0.621624 0.672188 -0.402178
v -112.823 64.1923 -104.382
vn 0.211496 0.937105 -0.277675
v -102.493 69.0649 -102.933
vn 0.52822 0.100381 -0.843153
v -52.4658 -86.0575 -102.456
vn -0.423217 -0.861376 -0.280925
v -77.6383 -79.6099 -99.8133
vn -0.667927 -0.641108 -0.377961
v -94.4185 -69.2886 -99.5549
vn 0.921859 -0.387484 -0.0056352
v -107.155 -8.21683 -93.4288
vn 0.912187 -0.401405 -0.0823946
v -105.767 -4.04817 -101.212
vn -0.947514 -0.0513144 -0.31557
v -132.055 6.63151 -99.1289
vn 0.927222 -0.350554 -0.131802
v -101.507 5.88915 -100.885
vn -0.940513 0.00674413 -0.33969
v -130.888 10.1078 -102.494
vn -0.934721 0.102267 -0.34035
v -131.005 24.447 -99.9674
vn -0.915692 0.15406 -0.37118
v -129.281 29.2322 -102.913
vn 0.984032 -0.176489 -0.0230891
v -86.6029 35.1883 -101.633
vn -0.808594 0.382417 -0.447138
v -124.058 50.4275 -99.5558
vn 0.567683 0.804025 -0.176862
v -101.418 69.9011 -97.8109
vn 0.188021 -0.616955 -0.764208
v -47.5503 -90.0302 -99.2401
vn -0.315831 -0.931727 -0.179264
v -59.5008 -87.8671 -96.7998
vn 0.561864 0.643428 -0.519913
v -61.4903 -71.0736 -100.3
vn -0.804207 -0.357876 -0.474528
v -99.9392 -63.1847 -98.897
vn -0.714912 -0.156621 -0.681447
v -98.5521 -63.4929 -100.553
vn 0.354707 0.834454 -0.421745
v -75.1171 -62.9157 -101.455
vn -0.719507 0.203994 -0.663849
v -100.488 -60.7148 -98.393
vn -0.240996 -0.835174 -0.494373
v -119.572 -29.9605 -100.219
vn -0.941447 -0.273481 -0.197196
v -127.983 -15.4873 -99.985
vn 0.881502 -0.399679 -0.251417
v -111.096 -16.4309 -100.076
vn 0.827482 -0.486494 -0.280352
v -95.6074 18.8417 -97.9954
vn 0.801317 -0.542985 -0.251114
v -93.8164 23.8221 -102.135
vn 0.749771 0.661697 0.00107453
v -96.9634 65.7696 -98.5418
vn -0.172731 -0.939758 -0.29499
v -47.3276 -91.5506 -96.3333
vn -0.0381268 -0.85321 -0.520172
v -48.6092 -90.0278 -99.4332
vn -0.262844 -0.934251 -0.241013
v -54.0254 -89.6367 -96.6924
vn 0.47203 0.0785526 -0.878076
v -47.7684 -88.6096 -99.6993
vn 0.611326 0.586996 -0.530769
v -59.11 -71.7295 -98.3615
vn 0.334241 0.87461 -0.351198
v -77.328 -60.1989 -97.3711
vn -0.497335 0.484252 -0.719832
v -98.6786 -60.3675 -99.6419
vn -0.915717 -0.360514 -0.177461
v -126.555 -20.4479 -99.1247
vn -0.948081 -0.208174 -0.240428
v -131.656 -5.59012 -95.3732
vn 0.788135 -0.546526 -0.283113
v -93.3362 22.1573 -97.7094
vn 0.959617 0.266181 0.0910098
v -86.9499 43.0919 -98.8891
vn 0.891389 0.448818 0.0631521
v -94.5065 61.1598 -98.4679
vn -0.754598 0.529242 -0.387923
v -116.334 59.8472 -104.204
vn -0.0660654 0.922735 -0.379729
v -106 72.3367 -96.7536
vn 0.298941 -0.268285 -0.915783
v -42.411 -90.6455 -97.436
vn 0.557118 -0.184281 -0.809728
v -40.7906 -90.9021 -96.736
vn 0.305952 -0.74579 -0.591769
v -41.1522 -92.5182 -96.071
vn 0.478345 0.4288 -0.766366
v -44.3086 -85.8458 -96.9296
vn -0.366447 -0.900481 -0.234201
v -69.4274 -83.7713 -98.0226
vn 0.568467 0.37899 -0.730213
v -50.9277 -84.5969 -100.655
vn 0.637802 0.513313 -0.574211
v -56.7853 -76.5431 -100.516
vn 0.504299 0.716956 -0.481307
v -68.1462 -66.6665 -101.32
vn -0.593815 0.603559 -0.532072
v -101.475 -58.698 -95.9598
vn 0.138973 0.876147 -0.461576
v -84.843 -58.8439 -99.8184
vn 0.279502 0.892934 -0.352913
v -82.3219 -58.1087 -96.7931
vn 0.817983 -0.448424 -0.360306
v -115.606 -25.5224 -100.603
vn 0.910551 -0.393631 -0.126301
v -108.531 -10.3901 -100.9
vn 0.90329 -0.410635 -0.124279
v -88.3504 30.343 -100.587
vn -0.840006 0.31789 -0.4397
v -125.45 47.2921 -99.5979
vn 0.925088 0.361614 0.115963
v -88.8207 48.9665 -100.217
vn -0.426672 0.786726 -0.446109
v -108.594 70.3819 -99.1582
vn -0.0441706 -0.918426 -0.393119
v -42.5901 -92.4915 -96.1632
vn 0.501772 0.314512 -0.805796
v -41.2921 -88.1287 -96.4975
vn -0.378232 -0.898649 -0.222194
v -72.8224 -82.9919 -95.4797
vn 0.50796 0.528849 -0.679923
v -48.6657 -82.587 -97.5236
vn 0.59095 0.520776 -0.616092
v -52.3572 -77.8225 -96.8872
vn -0.559001 -0.78217 -0.275188
v -92.0762 -73.0865 -95.0542
vn -0.840862 -0.382993 -0.38245
v -102.024 -62.8083 -94.9329
vn -0.895383 0.0651396 -0.440506
v -101.934 -59.8137 -96.1332
vn -0.142135 0.81171 -0.566503
v -96.3756 -58.4648 -98.7258
vn 0.134831 0.93434 -0.329892
v -84.8661 -57.4499 -96.7964
vn -0.326913 0.8222 -0.465956
v -99.0549 -57.5257 -96.3595
vn 0.554993 -0.672167 -0.490076
v -117.535 -31.9403 -96.6544
vn -0.668343 -0.66433 -0.33464
v -122.272 -27.9546 -100.549
vn -0.94108 -0.259782 -0.216524
v -130.137 -9.39478 -97.7471
vn -0.951342 0.00681081 -0.308063
v -132.913 11.11 -96.8335
vn -0.780324 0.461021 -0.422557
v -121.22 57.1584 -98.2019
vn 0.876824 0.479086 0.0406948
v -96.1181 64.542 -99.2112
vn 0.290214 0.894951 -0.338877
v -104.614 72.1471 -96.7619
vn 0.262894 -0.865664 -0.426042
v -117.87 -32.6735 -95.8959
vn -0.817969 -0.547803 -0.175611
v -123.593 -28.8109 -92.7553
vn 0.893771 -0.392573 -0.216934
v -112.817 -24.1359 -95.151
vn 0.942736 -0.333071 -0.0176833
v -108.022 -10.3592 -94.2825
vn 0.917794 -0.357802 -0.172139
v -99.5167 9.73435 -97.0538
vn 0.769479 -0.591019 -0.242074
v -90.3929 26.0613 -97.8593
vn 0.984519 0.175001 -0.00983331
v -86.2023 39.7556 -94.6228
vn 0.92172 0.382437 0.0646149
v -88.9864 48.4543 -96.4361
vn 0.783477 0.616017 -0.0817773
v -98.5345 67.4815 -96.1573
vn -0.344006 -0.924656 -0.163313
v -62.8789 -87.1424 -93.8577
vn 0.590408 0.462834 -0.661214
v -39.4963 -86.531 -94.2041
vn 0.60911 0.589857 -0.530145
v -55.9045 -72.4243 -95.3569
vn 0.557182 0.664505 -0.497977
v -58.8662 -69.684 -95.4741
vn -0.128915 0.92188 -0.365402
v -96.5227 -56.3534 -94.9737
vn -0.610121 -0.734321 -0.297531
v -120.959 -30.4307 -97.7337
vn -0.848189 -0.477284 -0.229729
v -123.95 -24.8736 -101.794
vn 0.933952 -0.330628 -0.135717
v -111.537 -21.8629 -93.1536
vn -0.953933 -0.123219 -0.273549
v -132.409 0.127248 -96.1387
vn -0.92986 0.156194 -0.333111
v -131.107 27.9672 -98.4738
vn -0.906772 0.207164 -0.367216
v -130.81 36.753 -94.6476
vn 0.944972 0.326517 0.0203762
v -87.2822 43.5649 -94.2555
vn -0.873624 0.261236 -0.410532
v -128.377 45.347 -95.157
vn -0.752662 0.509188 -0.417406
v -120.593 60.0068 -96.0598
vn 0.8756 0.481915 0.0328964
v -95.956 63.3474 -93.558
vn -0.659386 0.613025 -0.435214
v -116.286 65.7492 -96.2681
vn -0.462464 -0.846692 -0.263134
v -85.4123 -77.4778 -93.7728
vn 0.377664 0.844597 -0.379508
v -70.0604 -61.9211 -94.0132
vn -0.868634 0.410351 -0.277646
v -102.818 -58.5558 -92.7149
vn 0.0667602 0.945787 -0.317851
v -89.6792 -56.4267 -94.7236
vn -0.919662 -0.369353 -0.133418
v -128.011 -20.491 -91.0071
vn 0.865837 -0.438018 -0.241799
v -97.3019 13.2847 -94.3869
vn 0.816538 -0.519127 -0.252531
v -90.9701 22.6322 -91.7189
vn 0.852395 -0.485249 -0.194824
v -89.0032 26.3957 -93.15
vn -0.945893 0.113132 -0.304117
v -133.344 27.9065 -91.8614
vn -0.630151 0.665374 -0.400233
v -114.991 68.3144 -94.4381
vn -0.51479 0.737382 -0.437332
v -111.239 70.396 -96.2524
vn 0.546026 -0.651337 -0.526892
v -39.1775 -91.9586 -94.5121
vn 0.716839 -0.318703 -0.620137
v -35.2044 -90.9307 -91.7543
vn 0.579409 0.581179 -0.571416
v -52.338 -75.3437 -94.5441
vn -0.678638 -0.670658 -0.299447
v -96.6803 -69.4659 -94.5126
vn 0.454754 0.783085 -0.424238
v -66.5043 -64.6092 -96.0542
vn 0.497765 0.731633 -0.465772
v -63.5185 -65.1025 -93.5589
vn -0.491582 0.822272 -0.286733
v -101.886 -57.0795 -91.799
vn 0.162899 0.962277 -0.217915
v -83.2181 -56.2272 -90.1365
vn -0.343229 -0.879611 -0.32936
v -118.742 -33.577 -93.1113
vn 0.90907 -0.39282 -0.13887
v -113.887 -28.7918 -90.9117
vn -0.932552 -0.325529 -0.156131
v -129.438 -17.355 -89.6133
vn 0.942 -0.319855 -0.101631
v -109.799 -15.0634 -96.3993
vn 0.903563 -0.422182 -0.0730505
v -101.932 3.04695 -92.5399
vn -0.959996 -0.0469255 -0.276054
v -134.642 6.40686 -90.8878
vn -0.94913 0.0700811 -0.306987
v -132.939 23.1139 -94.7104
vn 0.973747 -0.199587 -0.109463
v -86.3238 34.1283 -94.4666
vn -0.906306 0.205133 -0.3695
v -130.915 40.4079 -92.4057
vn -0.844885 0.336947 -0.415495
v -127.234 48.8175 -95.0066
vn -0.798931 0.427679 -0.422847
v -125.443 53.8373 -94.0363
vn 0.214653 0.911726 -0.350256
v -104.763 73.4318 -92.7198
vn -0.466933 -0.853714 -0.230534
v -86.9307 -78.7318 -86.0542
vn 0.407602 0.806799 -0.427711
v -62.7626 -62.83 -88.7602
vn -0.955286 -0.0884872 -0.282131
v -133.635 6.21504 -94.0856
vn -0.954747 0.0202302 -0.296729
v -133.866 11.6473 -93.6709
vn -0.95766 0.0273048 -0.286603
v -134.715 14.3873 -90.8038
vn 0.82764 -0.484412 -0.283473
v -94.3523 18.409 -93.7911
vn 0.930235 -0.331642 -0.157089
v -87.2694 30.4204 -94.3606
vn 0.960637 -0.239807 -0.140248
v -86.5223 31.4499 -91.1589
vn 0.9299 0.36387 -0.0537112
v -87.5463 44.4016 -89.8938
vn 0.905946 0.421981 0.0345597
v -94.4592 60.0522 -93.4042
vn -0.739015 0.540589 -0.40202
v -119.913 64.0674 -92.2877
vn -0.263076 0.882192 -0.390548
v -108.42 73.2137 -92.9529
vn 0.122329 -0.981395 -0.147986
v -40.699 -92.9966 -92.327
vn -0.277835 -0.953582 -0.116139
v -51.5686 -91.5315 -89.6216
vn 0.68948 0.144516 -0.709742
v -36.6645 -89.9115 -93.1319
vn -0.408112 -0.885036 -0.223953
v -78.6753 -81.2826 -92.0169
vn 0.494879 0.56343 -0.661545
v -42.906 -83.8484 -94.5016
vn 0.530487 0.569846 -0.627581
v -48.1872 -80.2085 -95.1346
vn -0.203167 0.954582 -0.217936
v -98.1652 -55.6846 -91.8654
vn 0.789281 -0.554558 -0.26363
v -116.297 -32.9316 -92.3185
vn -0.955157 -0.186935 -0.229633
v -132.595 -3.72678 -93.1612
vn 0.903574 -0.428375 0.00697637
v -105.563 -4.37803 -92.1352
vn 0.879216 -0.454471 -0.14295
v -100.583 5.5965 -92.0729
vn -0.895066 0.25193 -0.367951
v -130.619 45.6854 -89.9755
vn 0.906224 0.412205 0.094048
v -91.8806 54.9165 -96.6553
vn -0.776939 0.484084 -0.402528
v -124.376 57.9452 -91.6249
vn 0.412663 -0.837501 -0.358191
v -33.4022 -92.551 -86.4728
vn -0.200404 -0.973374 -0.111271
v -47.4311 -92.5889 -89.8529
vn 0.689501 0.29658 -0.660779
v -33.4548 -88.3035 -88.8374
vn 0.502157 0.607091 -0.615856
v -43.6958 -78.7222 -90.1655
vn 0.537843 0.60126 -0.59094
v -47.8619 -75.7105 -90.6608
vn 0.541878 0.666366 -0.512176
v -57.2914 -67.6283 -91.045
vn -0.858892 -0.422595 -0.28934
v -103.443 -63.1056 -91.3209
vn 0.00556253 0.978646 -0.20548
v -93.5613 -55.2489 -91.3561
vn -0.894481 -0.428319 -0.128242
v -126.38 -24.5244 -89.918
vn 0.965829 -0.257473 -0.0297066
v -109.937 -17.1298 -90.7978
vn -0.93716 -0.298053 -0.181372
v -130.887 -12.6794 -90.0153
vn 0.901112 -0.431339 0.0440748
v -106.772 -6.11526 -85.9185
vn 0.854114 -0.465517 -0.231911
v -88.8292 24.3625 -87.8694
vn -0.849229 0.388025 -0.358116
v -128.518 52.6532 -88.9626
vn -0.766525 0.531886 -0.359913
v -122.238 62.5067 -89.914
vn 0.799726 0.571173 -0.184932
v -100.022 70.9945 -87.999
vn 0.595825 0.759471 -0.261145
v -102.625 72.6986 -91.2724
vn -0.492027 0.778692 -0.389293
v -112.915 71.9255 -91.1456
vn -0.453231 0.816688 -0.357214
v -110.42 74.8331 -88.1747
vn -0.113617 0.890267 -0.44104
v -107.418 75.9232 -88.4039
vn 0.587009 -0.556801 -0.587702
v -29.2874 -90.785 -84.963
vn 0.520048 0.596757 -0.61109
v -38.5243 -79.5348 -86.7723
vn 0.311295 0.891 -0.330477
v -72.4472 -59.2375 -89.8863
vn 0.270414 0.923802 -0.271046
v -80.6948 -57.27 -91.9903
vn -0.358713 0.927828 -0.102273
v -101.043 -55.8822 -88.3189
vn -0.112875 0.991989 -0.0567144
v -95.3148 -54.5829 -85.9615
vn 0.154244 -0.911956 -0.38019
v -117.138 -34.6356 -89.8745
vn -0.487384 -0.811997 -0.32112
v -119.224 -35.3104 -87.4958
vn -0.710456 -0.669634 -0.216432
v -121.063 -33.5338 -88.0347
vn -0.931923 -0.340061 -0.126006
v -130.523 -15.4994 -86.3581
vn 0.962581 -0.27097 0.00369783
v -108.859 -13.1367 -88.364
vn 0.946341 -0.318875 0.0525065
v -107.702 -8.57015 -87.4857
vn -0.948355 -0.166736 -0.269856
v -134.777 0.400171 -87.5585
vn 0.871912 -0.487808 -0.0425805
v -103.237 -0.001907 -88.756
vn 0.89953 -0.392024 -0.192776
v -87.2831 28.4677 -90.0947
vn 0.904796 0.425811 -0.00532601
v -92.1333 54.6767 -91.1039
vn 0.709031 -0.343238 -0.616005
v -33.4604 -91.06 -89.1421
vn -0.315306 -0.941148 -0.121749
v -62.1463 -87.9993 -89.6992
vn -0.315086 -0.940428 -0.127733
v -66.5469 -86.6436 -88.2968
vn -0.344702 -0.923367 -0.16904
v -69.6781 -85.0685 -91.1801
vn -0.405489 -0.889691 -0.209831
v -80.4468 -81.3646 -88.4024
vn 0.516152 0.632028 -0.578038
v -47.8214 -73.5127 -88.3284
vn 0.45688 0.758167 -0.465235
v -57.4933 -64.5144 -86.6049
vn -0.97482 -0.0824522 -0.207188
v -104.019 -61.5936 -90.4722
vn -0.939719 -0.285057 -0.188868
v -132.333 -10.1198 -86.8876
vn -0.934428 0.154165 -0.321058
v -132.905 35.0484 -89.8475
vn 0.9019 0.427755 -0.060021
v -93.8166 58.978 -83.2759
vn 0.908218 0.41814 -0.0172867
v -95.2317 61.7641 -87.936
vn 0.394718 0.837436 -0.378019
v -104.669 75.0596 -88.8809
vn 0.600274 0.506815 -0.618716
v -38.2313 -84.1503 -90.8466
vn -0.514334 -0.824137 -0.237189
v -90.6959 -75.2275 -91.1494
vn -0.59374 -0.769718 -0.234536
v -93.4243 -73.947 -89.0765
vn -0.685434 -0.685733 -0.244847
v -98.1167 -69.6985 -90.3595
vn 0.253832 0.909631 -0.328848
v -73.6848 -58.0851 -87.6368
vn 0.17817 0.943168 -0.280518
v -75.7087 -55.8901 -82.5991
vn 0.935191 -0.351475 -0.043385
v -111.458 -23.2154 -87.3718
vn 0.968922 -0.236075 0.0738806
v -109.395 -14.6161 -85.5599
vn -0.928105 -0.347195 -0.134446
v -131.878 -12.9389 -83.5166
vn -0.960812 -0.0155407 -0.276765
v -135.72 10.0349 -87.4326
vn 0.998463 0.0289318 -0.0472642
v -86.0953 38.068 -94.8404
vn -0.888835 0.312542 -0.335098
v -130.837 49.1378 -86.8577
vn 0.915773 0.400991 -0.023792
v -89.84 49.8151 -88.9127
vn -0.824393 0.450334 -0.342892
v -127.536 56.9094 -86.1996
vn -0.704571 0.609342 -0.363705
v -119.301 67.3432 -88.4319
vn 0.00211386 -0.998999 -0.0446896
v -40.5912 -93.9187 -79.202
vn 0.53587 0.654722 -0.533088
v -54.011 -68.8313 -89.1441
vn 0.488958 0.727284 -0.48164
v -54.4524 -64.6196 -83.6623
vn -0.961413 0.242269 -0.130346
v -104.169 -59.1853 -87.1263
vn -0.213751 0.814979 -0.538627
v -104.082 -57.8508 -78.404
vn -0.750454 0.647543 -0.132309
v -103.089 -57.1795 -88.6045
vn 0.1063 0.978606 -0.176157
v -87.4639 -55.1521 -87.8759
vn 0.00556626 0.997451 -0.0711426
v -91.7372 -54.4724 -86.228
vn -0.957555 0.0642812 -0.28099
v -134.843 20.4903 -89.1948
vn 0.822525 -0.470353 -0.319719
v -90.5893 18.7654 -83.5685
vn -0.95073 0.100455 -0.293294
v -135.352 26.9996 -85.698
vn -0.638783 0.699224 -0.321002
v -117.973 69.5544 -86.7989
vn -0.574368 0.748468 -0.331509
v -114.102 76.8632 -77.3233
vn -0.280077 -0.956183 -0.08527
v -66.1639 -87.8827 -78.6888
vn 0.498508 0.626593 -0.599058
v -43.4892 -74.9823 -86.259
vn -0.683933 -0.703391 -0.19359
v -98.6148 -71.4011 -83.3833
vn -0.444156 0.893821 0.0617195
v -102.825 -56.6436 -84.229
vn -0.305455 -0.252232 -0.918192
v -111.518 -49.8305 -84.6957
vn 0.30134 -0.145613 -0.942333
v -109.84 -51.666 -84.4513
vn 0.160762 0.169629 -0.972307
v -112.465 -44.4836 -84.324
vn -0.296986 -0.0101507 -0.954828
v -115.194 -42.6458 -83.8125
vn 0.247825 0.352596 -0.902363
v -113.613 -41.8282 -83.7686
vn 0.953377 -0.290414 0.0820451
v -114.953 -33.0193 -82.9789
vn -0.857643 -0.494855 -0.139883
v -124.176 -29.6158 -86.3833
vn 0.82766 -0.48909 -0.275262
v -94.7241 14.0595 -87.3212
vn -0.957211 0.0539667 -0.284313
v -136.764 20.4258 -82.7001
vn -0.928538 0.179535 -0.324939
v -133.569 39.8081 -85.7693
vn 0.969977 0.239437 -0.0425996
v -86.2556 40.6088 -90.5018
vn -0.924658 0.246151 -0.290547
v -132.8 44.7768 -84.6411
vn 0.499816 0.763574 -0.408826
v -103.35 77.3081 -83.0919
vn -0.0839009 0.907037 -0.412607
v -107.405 77.2923 -85.1679
vn 0.356566 -0.783318 -0.509189
v -28.4158 -92.0362 -82.1213
vn -0.301053 -0.949258 -0.0909691
v -56.9695 -90.1713 -85.3422
vn -0.567447 -0.795012 -0.214384
v -93.6381 -75.7805 -81.9549
vn -0.83042 -0.528572 -0.176109
v -102.756 -66.1968 -85.3437
vn 0.317462 0.867736 -0.382428
v -68.7467 -59.5768 -87.5371
vn 0.0248599 0.990212 -0.13734
v -86.2617 -54.294 -80.0415
vn -0.048552 0.998047 -0.0393121
v -88.9127 -54.2679 -80.0042
vn 0.654106 -0.101427 -0.749572
v -107.842 -50.6948 -82.9182
vn -0.545763 -0.374884 -0.749403
v -113.131 -49.3986 -84.004
vn -0.370983 -0.773225 -0.51429
v -118.849 -37.3142 -84.2125
vn 0.246745 -0.633553 -0.733299
v -117.672 -37.4548 -84.0283
vn 0.942433 -0.324263 0.0816939
v -108.35 -9.69458 -83.1396
vn 0.824686 -0.547864 -0.14049
v -100.758 2.93785 -84.7439
vn -0.946002 -0.0877671 -0.312053
v -136.241 6.15269 -85.2311
vn 0.711477 0.631813 -0.307593
v -101.835 74.684 -84.9298
vn 0.576097 -0.203248 -0.791709
v -25.795 -90.5087 -81.9293
vn 0.671295 0.0908783 -0.735598
v -28.4107 -89.698 -84.4421
vn -0.286557 -0.956072 -0.0617388
v -60.6793 -89.5331 -79.4359
vn -0.299022 -0.945517 -0.128774
v -68.7042 -86.9887 -80.8358
vn -0.348283 -0.920606 -0.17659
v -76.5686 -83.3427 -86.5486
vn 0.496553 0.696413 -0.518116
v -50.1511 -67.0937 -82.9214
vn -0.847139 -0.507101 -0.15876
v -104.231 -65.0983 -81.9024
vn -0.956952 -0.234964 -0.170395
v -104.471 -62.7405 -85.3397
vn 0.312715 0.838737 -0.44579
v -64.7169 -58.7978 -82.7831
vn 0.545766 -0.337105 -0.767138
v -106.781 -53.9743 -80.7695
vn -0.739696 -0.347309 -0.576391
v -116.014 -44.8904 -83.0902
vn 0.492941 0.263868 -0.829085
v -109.552 -45.8796 -83.5012
vn 0.505125 0.57315 -0.645249
v -112.218 -40.7703 -82.3891
vn -0.528757 -0.251196 -0.810751
v -117.542 -41.0336 -82.7999
vn -0.690237 -0.484778 -0.537181
v -119.015 -38.9697 -82.3751
vn 0.175901 0.0722208 -0.981755
v -116.655 -39.4178 -83.3702
vn 0.961373 0.0542223 -0.269853
v -115.456 -35.3805 -82.0261
vn 0.827949 -0.559427 -0.0392653
v -105.394 -3.49862 -84.0724
vn 0.782567 -0.606671 -0.139782
v -100.374 2.32269 -80.3738
vn 0.780701 -0.563476 -0.270188
v -96.5548 7.6547 -81.0039
vn 0.833326 -0.510305 -0.212502
v -97.9348 7.61074 -85.5386
vn -0.963101 0.00540601 -0.269086
v -137.165 9.85125 -82.3287
vn 0.917835 -0.257585 -0.30204
v -85.7755 26.7856 -79.988
vn -0.948504 0.11371 -0.295653
v -136.552 28.3424 -81.4437
vn 0.892005 0.449997 -0.0427853
v -96.9814 65.3536 -92.4215
vn 0.859727 0.463447 -0.214676
v -100.208 73.88 -81.2857
vn -0.0992689 -0.992366 -0.0731733
v -44.3566 -93.5178 -84.5907
vn 0.582015 0.285368 -0.761461
v -26.5324 -87.2899 -82.0355
vn -0.351372 -0.917524 -0.186245
v -78.3043 -83.264 -83.5378
vn -0.408695 -0.88624 -0.218052
v -85.6355 -80.9449 -80.0745
vn -0.383422 0.393822 -0.835399
v -105.346 -57.9734 -79.1263
vn -0.604238 -0.579536 -0.546841
v -112.519 -52.2854 -82.0211
vn -0.0676746 -0.651691 -0.755459
v -109.654 -52.275 -83.9452
vn -0.832071 -0.375977 -0.407797
v -117.412 -44.3333 -81.1424
vn 0.638557 0.228469 -0.734879
v -106.647 -46.5842 -81.5795
vn -0.789109 -0.55999 -0.252426
v -122.258 -33.6825 -83.2167
vn -0.905707 -0.409633 -0.109068
v -127.141 -24.86 -80.3077
vn 0.907063 -0.366867 0.20651
v -113.446 -27.0697 -79.8707
vn -0.93709 -0.301558 -0.175854
v -133.137 -9.10884 -84.4013
vn -0.945179 -0.165594 -0.281451
v -137.152 4.45723 -81.9456
vn 0.868222 -0.392152 -0.303986
v -88.8107 22.3994 -84.057
vn 0.974218 0.176667 -0.140315
v -85.8672 40.5516 -83.9647
vn -0.897531 0.343412 -0.276598
v -131.669 51.5731 -81.1318
vn 0.909301 0.399531 -0.116386
v -95.5811 63.4732 -79.8201
vn -0.734076 0.594904 -0.327447
v -121.916 67.0649 -83.3794
vn -0.36421 0.841681 -0.398653
v -108.936 79.339 -79.4407
vn 0.111366 -0.98414 -0.138079
v -31.2882 -93.5732 -80.1563
vn -0.218172 -0.974254 -0.0568285
v -49.0162 -92.7323 -82.5533
vn -0.274526 -0.959675 -0.0604958
v -52.0698 -91.9896 -82.162
vn -0.297673 -0.942985 -0.148898
v -72.6839 -85.8141 -79.8786
vn 0.576419 0.460715 -0.674895
v -29.1248 -83.549 -81.9451
vn 0.574057 0.531361 -0.622989
v -31.8517 -81.3533 -82.5548
vn 0.545691 0.59173 -0.59336
v -32.5724 -79.22 -81.1499
vn 0.509957 0.62703 -0.588878
v -39.079 -76.3482 -84.01
vn 0.490113 0.65965 -0.569782
v -43.5871 -72.8012 -83.9133
vn 0.47364 0.706446 -0.525927
v -45.2687 -67.2212 -78.5443
vn 0.395047 0.795038 -0.460275
v -60.2118 -60.8068 -82.8291
vn 0.366578 0.808584 -0.460231
v -61.8514 -57.0904 -77.8951
vn -0.119836 -0.694905 -0.709046
v -109.903 -54.1218 -81.5421
vn 0.178507 0.897221 -0.403894
v -69.6742 -54.9808 -77.8633
vn 0.103908 0.963406 -0.247088
v -79.8164 -54.788 -80.5917
vn 0.607545 0.432238 -0.666378
v -114.95 -38.1778 -82.109
vn 0.839887 -0.275083 -0.467887
v -85.5808 24.9207 -78.3693
vn 0.981842 -0.0622387 -0.179199
v -85.3333 33.0255 -83.7215
vn 0.878799 0.434254 -0.197828
v -93.1591 58.5962 -79.4677
vn -0.808245 0.508305 -0.297266
v -126.857 62.1478 -79.766
vn 0.911137 0.388465 -0.137567
v -96.4336 65.0743 -81.2667
vn 0.455999 -0.356127 -0.815622
v -22.8505 -90.9009 -80.2667
vn 0.521708 -0.15622 -0.838699
v -19.885 -91.1005 -78.4207
vn 0.557604 0.259616 -0.788465
v -22.9191 -89.1622 -80.1168
vn -0.436653 -0.876804 -0.201369
v -87.0966 -81.1105 -76.7241
vn 0.514312 0.644126 -0.566202
v -37.6236 -73.3977 -79.5082
vn -0.819915 -0.553107 -0.14769
v -103.132 -68.2441 -76.2859
vn -0.255117 0.964846 0.0631417
v -99.2754 -55.277 -84.3049
vn -0.158388 0.98661 0.0389206
v -94.001 -54.8072 -79.1161
vn -0.881917 -0.392 -0.261838
v -121.365 -37.845 -77.8356
vn 0.468379 0.641128 -0.607928
v -108.655 -40.4248 -79.3359
vn -0.888966 -0.435047 -0.143084
v -124.718 -30.7473 -78.3583
vn -0.919247 -0.374846 -0.120318
v -132.19 -14.3679 -76.5852
vn -0.943741 0.179505 -0.277725
v -134.403 39.9192 -83.1303
vn 0.929219 0.2019 -0.309498
v -84.2812 40.1467 -78.7939
vn 0.914547 0.367262 -0.169475
v -87.0818 45.0703 -82.7866
vn 0.884326 0.434151 -0.1717
v -89.6133 51.2253 -80.4439
vn -0.86809 0.410076 -0.279745
v -129.439 57.0291 -80.8423
vn -0.75779 0.585405 -0.288192
v -124.391 66.2311 -79.08
vn 0.88934 0.441596 -0.118604
v -98.5948 69.6157 -82.9053
vn 0.374802 0.829357 -0.414356
v -103.529 79.2135 -79.8424
vn -0.131109 -0.989789 -0.0559369
v -44.089 -93.8359 -79.0381
vn -0.486078 -0.845558 -0.220818
v -89.6198 -78.4393 -81.7346
vn -0.695993 -0.693601 -0.185772
v -100.115 -71.2416 -78.5814
vn -0.910289 -0.199458 -0.362754
v -105.627 -61.8426 -79.7137
vn 0.651883 0.230339 -0.722491
v -103.36 -57.1007 -77.1634
vn -0.0761759 0.994564 -0.0709906
v -85.7594 -53.8674 -76.4132
vn 0.324555 0.868258 -0.375221
v -110.573 -38.5991 -77.8217
vn 0.9602 -0.262262 0.0961012
v -111.202 -22.2337 -80.9158
vn 0.900999 -0.263884 0.344334
v -111.498 -22.1095 -79.3348
vn 0.956047 -0.207836 0.206828
v -110.421 -15.5388 -79.5528
vn 0.916815 -0.362292 0.167916
v -109.43 -11.1854 -78.4509
vn -0.94101 -0.20556 -0.268786
v -136.568 0.061837 -81.1277
vn -0.945234 -0.260058 -0.197235
v -137.219 -0.961235 -77.3634
vn -0.954971 0.08521 -0.284201
v -138.382 26.7595 -75.8017
vn -0.682387 0.67092 -0.290197
v -121.436 69.6473 -78.9985
vn 0.184313 -0.928935 -0.321104
v -25.2518 -93.2454 -78.0132
vn 0.550521 0.381883 -0.742356
v -19.1216 -88.9593 -77.295
vn 0.578153 0.486803 -0.6548
v -26.2218 -84.5077 -80.2122
vn 0.573656 0.601861 -0.555592
v -26.6362 -80.6596 -77.1087
vn -0.538333 -0.677866 -0.500695
v -111.764 -56.2967 -78.4341
vn 0.0566931 0.977693 -0.202243
v -101.494 -57.4482 -75.9548
vn 0.693462 -0.0493547 -0.718801
v -103.044 -50.3204 -78.1759
vn -0.882061 -0.429207 -0.194291
v -122.83 -35.1353 -77.3497
vn 0.868585 -0.257655 0.42329
v -115.196 -29.3775 -77.9033
vn -0.916508 -0.385637 -0.106292
v -130.569 -16.8394 -81.2178
vn -0.930946 -0.301514 -0.205984
v -136.026 -2.83129 -80.0398
vn -0.966428 -0.0727688 -0.246418
v -137.488 5.31621 -81.1482
vn 0.7051 -0.696371 -0.133794
v -97.6597 3.99637 -74.6769
vn 0.781367 -0.361767 -0.508518
v -86.5404 19.9005 -76.3403
vn -0.950646 0.131468 -0.281049
v -137.347 32.6842 -76.9089
vn 0.916036 -0.0388347 -0.399212
v -83.8504 34.0107 -79.1122
vn 0.879807 0.450628 -0.151241
v -91.7669 55.5787 -80.1156
vn 0.710255 0.165724 -0.684159
v -16.4419 -90.5458 -76.1498
vn 0.591991 0.551425 -0.587773
v -23.6444 -83.7582 -77.1424
vn -0.79484 -0.378958 -0.473941
v -106.817 -62.4369 -76.6219
vn 0.419855 0.776027 -0.470641
v -55.7874 -59.634 -76.8898
vn -0.678652 -0.548901 -0.487995
v -109.254 -60.1776 -75.2917
vn 0.12358 0.87121 -0.475102
v -68.1808 -53.6229 -75.0621
vn -0.845614 -0.473008 -0.247385
v -116.508 -49.2396 -77.1777
vn 0.709452 -0.169593 -0.684044
v -98.696 -52.1867 -73.6492
vn 0.41946 0.906089 0.0552822
v -114.537 -36.8795 -75.2132
vn 0.687614 0.701888 -0.18585
v -114.31 -37.0519 -78.7307
vn -0.912427 -0.397887 -0.0957229
v -128.005 -22.7751 -80.6793
vn -0.922721 -0.360093 -0.137543
v -133.98 -9.67763 -77.5534
vn 0.853308 -0.521186 0.0152222
v -106.641 -5.38005 -79.9964
vn -0.962234 -0.184538 -0.200129
v -137.774 1.82212 -77.8436
vn 0.741215 -0.445154 -0.502432
v -88.4443 16.5052 -76.7798
vn 0.8623 -0.0111272 -0.506275
v -82.8277 33.8732 -76.9924
vn -0.948137 0.149039 -0.280757
v -136.168 34.4547 -79.9676
vn -0.936114 0.245677 -0.251663
v -134.187 45.3326 -79.0613
vn 0.360679 -0.761006 -0.53924
v -18.1428 -91.8875 -76.6902
vn 0.80087 0.382333 -0.460899
v -14.5815 -90.3718 -73.7254
vn -0.574864 -0.794731 -0.194769
v -94.2616 -76.8756 -75.9906
vn 0.48941 0.686238 -0.538104
v -38.9727 -69.9282 -76.5968
vn 0.454652 0.74461 -0.48872
v -52.7768 -62.0554 -78.0032
vn -0.679694 -0.693179 -0.239831
v -110.335 -59.6835 -74.0741
vn 0.654853 0.458935 -0.600455
v -101.031 -56.9307 -74.5034
vn -0.0157969 0.984865 -0.172603
v -112.334 -37.2459 -73.9088
vn 0.415792 0.650762 -0.635315
v -106.447 -40.1156 -77.2712
vn 0.942396 0.0786774 0.325116
v -116.56 -33.5797 -76.3094
vn -0.910378 -0.395846 -0.120493
v -131.318 -17.7705 -71.8993
vn 0.823381 -0.560931 0.0860224
v -107.125 -5.98739 -77.2137
vn -0.972633 -0.155059 -0.173035
v -138.332 2.98444 -75.6684
vn -0.968625 -0.0337885 -0.246221
v -138.21 7.13241 -78.2977
vn 0.773457 -0.515979 -0.368145
v -93.2871 13.121 -81.9046
vn -0.876539 0.410031 -0.252098
v -131.712 55.6985 -75.3332
vn -0.0123967 0.906403 -0.422231
v -106.33 79.5923 -80.1408
vn 0.613818 -0.309946 -0.726058
v -17.3232 -91.1557 -76.8954
vn -0.256501 -0.962712 -0.0859799
v -71.5863 -86.723 -75.4932
vn 0.635536 0.576204 -0.51389
v -17.534 -87.4052 -74.4641
vn -0.257164 -0.96474 -0.0560631
v -77.9622 -85.426 -72.6229
vn 0.545419 0.640074 -0.541132
v -33.0458 -75.818 -77.9628
vn 0.523617 0.678342 -0.515439
v -36.137 -70.5046 -74.565
vn -0.749358 -0.643707 -0.155252
v -105.69 -64.5822 -74.7411
vn 0.30236 0.804003 -0.512013
v -62.3662 -55.216 -74.8598
vn 0.651145 0.0687389 -0.755834
v -99.1901 -47.2764 -74.6426
vn 0.609746 0.326771 -0.722102
v -104.107 -44.4648 -78.3567
vn 0.915715 0.298115 0.269431
v -117.196 -34.1974 -74.3374
vn 0.800336 0.58031 0.150673
v -115.912 -35.5452 -75.8819
vn 0.820919 -0.104901 0.561326
v -117.304 -30.4911 -75.3358
vn 0.800798 -0.307777 0.513805
v -113.629 -23.8396 -76.9023
vn 0.884061 -0.3012 0.357372
v -111.748 -15.7269 -75.8151
vn 0.744429 -0.666947 -0.0317352
v -102.905 -0.983946 -77.3844
vn 0.839889 -0.157313 -0.519461
v -82.8564 30.3169 -76.2172
vn -0.947237 0.187847 -0.259724
v -136.914 36.9016 -75.8584
vn 0.871698 0.180803 -0.455469
v -83.1198 39.1473 -76.5049
vn 0.846369 0.441563 -0.297793
v -90.8488 57.5045 -73.6336
vn 0.898144 0.388565 -0.205802
v -97.3731 70.2096 -75.659
vn 0.697337 0.64162 -0.319445
v -102.306 79.3086 -77.4138
vn -0.291151 -0.95487 -0.0587827
v -57.1822 -90.8055 -74.9454
vn -0.255394 -0.966178 -0.035687
v -68.5909 -87.6011 -73.2508
vn -0.314779 -0.93654 -0.154297
v -78.783 -84.7625 -74.9877
vn -0.477515 -0.870033 -0.122567
v -89.1903 -81.1409 -71.1854
vn 0.612809 0.641238 -0.461821
v -26.6594 -78.5192 -74.3137
vn -0.568962 -0.810979 -0.136363
v -92.9723 -78.8638 -71.3911
vn 0.543839 0.709401 -0.448318
v -35.8142 -67.8582 -70.4582
vn 0.481534 0.722584 -0.495981
v -39.553 -67.3231 -73.5019
vn -0.774818 -0.548308 -0.314667
v -112.635 -55.8585 -77.6525
vn -0.303506 0.944219 0.127809
v -96.6777 -55.7891 -76.1012
vn 0.509611 0.380955 -0.771473
v -101.4 -41.1955 -74.6606
vn 0.098682 0.842083 -0.530243
v -108.394 -37.8861 -75.2485
vn 0.142966 0.741788 -0.655219
v -106.865 -36.4924 -72.9217
vn -0.90995 -0.398209 -0.115844
v -128.611 -22.1226 -78.0073
vn 0.871192 -0.444151 0.209178
v -110.035 -10.2326 -73.9764
vn -0.930446 -0.342905 -0.129178
v -136.903 -4.63272 -71.2236
vn -0.957274 -0.256733 -0.1331
v -137.814 -1.51263 -72.2306
vn 0.69884 -0.638089 -0.323212
v -91.8424 10.077 -74.5633
vn 0.671278 -0.591421 -0.446774
v -88.5917 12.8884 -73.2489
vn -0.96457 0.00326874 -0.263807
v -139.808 16.7748 -72.7081
vn 0.733992 -0.281107 -0.618251
v -84.4767 24.7103 -76.4944
vn 0.877489 0.401605 -0.262158
v -94.6767 65.7914 -72.7404
vn 0.065317 -0.993219 -0.0961734
v -24.6567 -93.7287 -74.7364
vn 0.240942 -0.923383 -0.29885
v -18.114 -93.0773 -74.0606
vn 0.852937 -0.165618 -0.495045
v -13.5655 -91.2681 -72.056
vn -0.283958 -0.957595 -0.0487748
v -62.7558 -89.1716 -74.2092
vn -0.244034 -0.967077 -0.072175
v -75.5707 -85.9262 -73.3574
vn 0.639081 0.649017 -0.412737
v -20.2197 -84.0126 -73.5087
vn -0.383325 -0.906109 -0.178966
v -84.5233 -82.3811 -76.0926
vn 0.568366 0.667442 -0.481124
v -31.9448 -72.0702 -72.1556
vn -0.221304 0.974677 -0.0320665
v -89.0153 -53.8735 -71.1795
vn 0.0923474 0.811103 -0.577567
v -66.1687 -52.2122 -72.2536
vn 0.280147 0.671257 -0.686245
v -104.687 -38.1631 -74.3217
vn 0.342471 0.501543 -0.794461
v -100.735 -37.7762 -72.7118
vn -0.237775 0.850179 -0.469743
v -110.908 -36.2811 -71.9189
vn 0.876908 -0.160724 0.452991
v -118.151 -28.0198 -73.8186
vn 0.759162 -0.368648 0.536444
v -117.153 -26.4796 -74.0357
vn -0.909121 -0.397451 -0.124628
v -130.671 -19.4019 -71.2842
vn 0.826558 -0.339711 0.448774
v -114.51 -21.2725 -73.9536
vn 0.585223 -0.537514 -0.607118
v -86.7033 14.4606 -72.985
vn 0.539668 -0.354269 -0.763709
v -83.3872 18.2021 -72.6488
vn 0.667129 -0.309515 -0.677599
v -83.2939 22.6345 -74.1621
vn 0.676767 -0.347683 -0.648924
v -85.7927 19.5694 -75.3093
vn 0.733069 -0.133159 -0.666993
v -82.0186 28.0647 -74.5751
vn 0.791794 0.00631055 -0.610756
v -80.9115 34.1274 -74.2696
vn -0.913798 0.322727 -0.246616
v -133.456 51.7167 -74.5892
vn -0.0884298 -0.994264 -0.0601591
v -45.8413 -94.0358 -73.0624
vn 0.596284 -0.677714 -0.43029
v -13.9684 -92.51 -71.3794
vn -0.236529 -0.969413 -0.0655201
v -50.3088 -92.7281 -75.9135
vn -0.286205 -0.957529 -0.0349942
v -80.1647 -84.9175 -69.7389
vn -0.674144 -0.719675 -0.166128
v -99.5507 -73.3841 -71.8239
vn 0.461719 0.733226 -0.499195
v -47.9266 -62.6052 -74.3148
vn 0.724783 -0.269398 -0.634125
v -96.9002 -53.4542 -71.1623
vn -0.13717 0.90115 -0.411233
v -78.8084 -51.9938 -72.3882
vn 0.716388 -0.131139 -0.685267
v -96.8592 -50.2447 -72.2527
vn 0.677975 0.0497904 -0.733396
v -96.7141 -46.6779 -72.5103
vn 0.482005 0.868237 0.117628
v -115.128 -37.5778 -71.8732
vn 0.97754 -0.00752683 0.210615
v -118.599 -28.7817 -72.7216
vn 0.770198 -0.611419 0.181558
v -108.268 -6.41796 -70.8291
vn 0.701933 -0.708819 0.0697513
v -104.527 -2.54087 -71.1042
vn 0.678522 0.0517131 -0.732758
v -79.0567 31.5563 -72.4293
vn -0.948044 0.16654 -0.271066
v -138.056 34.5958 -73.3637
vn 0.860007 0.37927 -0.341383
v -85.1965 45.2319 -75.7025
vn -0.934926 0.253996 -0.247789
v -136.396 44.2925 -71.5647
vn -0.896505 0.386303 -0.216907
v -132.349 57.1273 -70.3939
vn -0.340266 -0.938376 -0.0605764
v -83.5424 -83.8248 -70.2514
vn -0.613931 -0.775889 -0.145207
v -105.91 -64.5884 -70.6106
vn 0.472318 0.738333 -0.481436
v -43.1442 -63.069 -70.5749
vn 0.355069 0.748059 -0.560655
v -59.7046 -53.1921 -70.1255
vn -0.0480093 0.95686 -0.286555
v -78.3422 -53.0789 -75.2711
vn -0.899032 -0.406417 -0.162994
v -118.526 -47.4667 -72.0047
vn 0.950471 0.310479 -0.0144272
v -117.908 -33.1662 -71.7668
vn 0.389257 -0.550327 -0.738661
v -82.9921 15.6549 -70.8556
vn -0.959114 0.0345268 -0.280905
v -138.378 21.4896 -77.1161
vn -0.941482 0.204724 -0.267766
v -136.983 39.6174 -73.5458
vn 0.82018 0.442601 -0.362503
v -91.6854 64.3093 -66.7293
vn 0.870432 0.410764 -0.271333
v -98.9693 76.1624 -71.8959
vn 0.372831 0.838016 -0.398405
v -103.667 82.3506 -73.0229
vn -0.233502 -0.971952 -0.0280343
v -71.3887 -86.9613 -72.2521
vn -0.517611 -0.855527 -0.0123393
v -94.3548 -78.3713 -66.5959
vn 0.603388 0.677499 -0.420616
v -30.7651 -71.0215 -68.9198
vn -0.820978 -0.539928 -0.185672
v -103.331 -69.2649 -69.9265
vn 0.514842 0.729627 -0.450091
v -38.2055 -64.2582 -67.4193
vn -0.30095 -0.901345 -0.311457
v -105.149 -65.0442 -69.7982
vn -0.313284 0.945936 0.0840126
v -92.8485 -55.1022 -70.587
vn -0.841811 -0.519147 -0.147785
v -114.624 -55.4206 -67.8865
vn -0.873151 -0.470987 -0.125613
v -117.507 -49.7891 -71.1831
vn 0.70673 0.0295111 -0.706868
v -95.1967 -45.3165 -70.8797
vn 0.569422 0.258592 -0.780314
v -97.3761 -39.9722 -71.4865
vn 0.535764 0.320976 -0.780981
v -95.2518 -37.3439 -69.1665
vn -0.905929 -0.404006 -0.126771
v -125.135 -32.0743 -71.6234
vn 0.274197 0.554779 -0.785517
v -100.369 -35.9933 -71.5508
vn -0.0983628 0.753387 -0.650179
v -108.78 -35.2021 -71.4384
vn 0.916768 -0.335394 0.216906
v -118.092 -24.6158 -70.0351
vn 0.89168 -0.382413 0.242214
v -116.823 -21.2968 -69.3038
vn 0.862574 -0.373787 0.340954
v -113.896 -17.3041 -72.1541
vn 0.634839 -0.772395 0.0196104
v -101.644 0.101635 -69.4381
vn -0.972366 -0.102302 -0.209853
v -139.406 7.61406 -73.776
vn -0.969046 -0.123467 -0.213791
v -140.43 10.0806 -70.2042
vn 0.553415 -0.7346 -0.392548
v -90.3245 9.21939 -70.25
vn 0.346646 -0.356752 -0.867505
v -80.7427 17.1499 -70.8059
vn -0.960091 0.0500623 -0.275171
v -139.784 20.5237 -72.557
vn 0.573502 -0.166698 -0.802065
v -80.3961 25.8764 -72.9619
vn 0.376949 -0.111734 -0.91947
v -76.2206 20.154 -70.0679
vn -0.955754 0.104459 -0.274997
v -139.22 28.9328 -72.2823
vn 0.573334 0.0780535 -0.815595
v -76.7166 30.4723 -70.6818
vn 0.795189 0.273438 -0.541208
v -79.8813 36.1861 -72.336
vn 0.796372 0.423061 -0.432218
v -78.9023 39.4772 -68.3033
vn 0.817543 0.452795 -0.35581
v -84.5312 46.2641 -72.8641
vn -0.923082 0.308422 -0.229771
v -134.965 50.6946 -70.0359
vn 0.700373 0.603327 -0.381409
v -102.1 82.6704 -69.933
vn -0.369362 0.842826 -0.391428
v -108.778 82.5687 -72.7797
vn -0.0798375 -0.99601 -0.0398694
v -46.2323 -94.4029 -68.3982
vn 0.326068 -0.914028 -0.241313
v -13.8037 -93.3978 -69.0718
vn -0.281582 -0.957688 -0.059542
v -53.7041 -91.8993 -74.7735
vn 0.655584 0.642775 -0.396294
v -25.864 -75.5236 -68.8339
vn -0.733183 -0.589186 -0.339561
v -105.534 -65.2183 -69.0224
vn -0.585386 -0.742512 -0.325577
v -106.093 -65.0688 -69.0094
vn -0.771382 -0.607616 -0.189139
v -111.965 -58.8269 -70.0022
vn -0.322837 0.931953 0.165044
v -97.9908 -56.7955 -72.1716
vn 0.410814 0.735365 -0.538953
v -55.1182 -55.2857 -69.6962
vn 0.211704 0.78536 -0.581715
v -64.9473 -50.8958 -70.0236
vn 0.307154 0.711213 -0.632323
v -61.9715 -50.5789 -68.0918
vn 0.733688 -0.197838 -0.650048
v -94.4434 -51.4397 -69.2676
vn -0.192557 0.835277 -0.515009
v -75.9889 -49.1657 -68.3756
vn 0.0864348 0.893647 -0.440368
v -115.131 -37.56 -71.3859
vn -0.19115 0.704074 -0.683916
v -114.145 -36.4438 -70.365
vn 0.769466 0.610756 -0.186812
v -115.983 -36.4212 -70.7226
vn 0.307754 0.556088 -0.772045
v -99.1421 -34.5744 -69.9928
vn 0.0273 0.620909 -0.783407
v -105.006 -32.854 -69.4656
vn 0.22862 0.527347 -0.818314
v -99.4891 -30.1997 -67.0889
vn 0.844438 -0.464232 0.267234
v -112.105 -11.5768 -69.568
vn 0.731341 -0.662013 0.163947
v -110.062 -6.70732 -66.1159
vn 0.225015 -0.294697 -0.928721
v -75.147 17.7776 -69.2079
vn 0.259036 -0.0458915 -0.964777
v -73.5904 20.2706 -69.276
vn 0.680296 0.348879 -0.644578
v -76.6052 33.8856 -69.4784
vn -0.845901 0.472869 -0.24667
v -129.442 62.9579 -70.6078
vn 0.721731 0.611851 -0.323639
v -15.3457 -86.6527 -69.3477
vn -0.396304 -0.912396 0.102355
v -85.1432 -83.0644 -64.7486
vn 0.647759 0.663933 -0.373634
v -26.895 -72.9071 -66.0412
vn 0.308445 0.900842 0.305526
v -106.251 -64.7431 -69.8102
vn -0.604584 0.645774 0.466319
v -94.0283 -55.7354 -68.2785
vn 0.720366 -0.171108 -0.672157
v -92.3276 -50.2784 -67.224
vn 0.653631 0.0594686 -0.754473
v -92.1399 -42.7745 -67.6729
vn -0.907601 -0.403883 -0.114627
v -120.69 -43.7198 -67.8754
vn 0.425423 0.363303 -0.828871
v -94.4944 -34.3631 -67.3441
vn -0.153695 0.64267 -0.750568
v -108.247 -31.4971 -67.9197
vn 0.999181 -0.0393524 0.00937915
v -118.849 -27.2016 -69.4264
vn 0.899161 -0.395426 0.18748
v -114.848 -15.5161 -66.7605
vn 0.547313 -0.836906 0.00613279
v -99.3914 2.10226 -65.5793
vn 0.619625 -0.768933 -0.157502
v -95.9151 4.88553 -71.2575
vn 0.131022 -0.429335 -0.893591
v -67.7928 14.4355 -66.9013
vn 0.134121 -0.4292 -0.893196
v -74.3203 15.5812 -68.2007
vn 0.18895 -0.490659 -0.850618
v -77.6921 14.9738 -68.4515
vn 0.13915 -0.370426 -0.91838
v -75.8264 16.0008 -68.6412
vn 0.210497 -0.158613 -0.964641
v -66.9937 16.9326 -67.7034
vn 0.157048 -0.292014 -0.943432
v -73.1159 17.2735 -68.6618
vn 0.319705 -0.310106 -0.895334
v -65.2299 15.7625 -67.0272
vn 0.340679 0.0889023 -0.935967
v -66.8592 20.2512 -67.5174
vn 0.403079 0.201218 -0.89277
v -70.5436 26.5228 -67.8347
vn 0.520274 0.210198 -0.827727
v -73.7574 29.6477 -68.9108
vn 0.575876 0.407303 -0.708852
v -71.1011 29.0111 -67.1098
vn 0.643259 0.466361 -0.607228
v -74.3138 33.0398 -67.5056
vn -0.954317 0.131613 -0.268248
v -140.158 32.214 -67.6084
vn 0.73609 0.460817 -0.495801
v -77.3835 38.4208 -66.8962
vn 0.799227 0.45427 -0.393541
v -81.7614 46.0715 -66.8584
vn 0.813511 0.43488 -0.386107
v -84.9694 50.2587 -68.6065
vn 0.837729 0.436172 -0.328578
v -87.4931 51.7591 -72.6109
vn -0.721675 0.646306 -0.24794
v -123.459 71.5078 -69.4731
vn 0.883055 0.386757 -0.265767
v -96.299 69.9661 -71.7168
vn 0.868219 0.348463 -0.353228
v -96.9029 75.0472 -67.1127
vn 0.449003 0.686119 -0.572396
v -102.417 86.2772 -65.4017
vn 0.935244 -0.0697494 -0.347065
v -12.0652 -91.9687 -68.3237
vn -0.298727 -0.953592 -0.0377448
v -64.4257 -88.8639 -68.4654
vn 0.744102 0.620153 -0.24844
v -16.6613 -83.8765 -66.2331
vn -0.691297 -0.697361 -0.1892
v -101.188 -73.0918 -66.5976
vn 0.614541 0.687977 -0.386041
v -29.5119 -69.5552 -64.5383
vn -0.324603 0.928633 -0.179647
v -85.1965 -52.5231 -68.762
vn 0.386672 0.680541 -0.622374
v -57.733 -52.0033 -67.3141
vn 0.0910964 0.757239 -0.646754
v -68.1683 -47.7227 -66.7675
vn 0.7557 0.490738 -0.433698
v -117.297 -33.3864 -68.8965
vn -0.904577 -0.41051 -0.114989
v -126.985 -29.8235 -65.3456
vn -0.0727289 0.62129 -0.780198
v -104.081 -28.5732 -66.3463
vn 0.648693 -0.749939 0.12957
v -105.789 -2.75726 -66.8321
vn 0.433572 -0.837625 -0.332264
v -90.3517 7.67681 -66.8982
vn 0.497103 0.0205556 -0.867448
v -62.9301 16.3216 -66.2015
vn 0.513802 0.321524 -0.79538
v -67.5249 24.6783 -66.9983
vn -0.965524 0.0494328 -0.255577
v -140.966 21.6827 -68.0655
vn -0.804212 0.552946 -0.217932
v -127.756 66.8982 -67.6057
vn -0.0181589 0.908819 -0.416796
v -106.623 83.921 -71.0221
vn 0.21936 0.850065 -0.478822
v -104.19 84.6161 -68.9937
vn 0.734613 -0.604426 -0.308241
v -11.7425 -92.8653 -66.7766
vn 0.960875 -0.229402 -0.155222
v -10.4207 -92.5945 -62.646
vn -0.308017 -0.948371 -0.0756232
v -59.9331 -90.6202 -64.5294
vn -0.24148 -0.970406 0.00055251
v -73.7195 -86.3618 -66.669
vn -0.418243 -0.907323 -0.0428696
v -86.1483 -82.8722 -69.11
vn -0.475329 -0.870733 0.126044
v -90.2827 -80.4988 -65.0028
vn 0.460424 0.733613 -0.499822
v -46.9783 -58.9025 -67.8919
vn 0.431697 0.659041 -0.615876
v -52.9891 -52.5769 -64.8923
vn -0.0169055 0.810844 -0.585017
v -73.4787 -48.2342 -67.5888
vn -0.910435 -0.394474 -0.124489
v -128.484 -25.8198 -67.2773
vn 0.988297 -0.131788 -0.0768175
v -118.334 -24.8435 -66.9703
vn -0.916261 -0.383402 -0.116058
v -133.404 -13.685 -69.3644
vn -0.922956 -0.370604 -0.103945
v -136.116 -7.7135 -67.6528
vn -0.988715 -0.0919593 -0.11826
v -142.062 13.6766 -62.6713
vn -0.949012 0.191393 -0.250488
v -139.374 36.8921 -67.5385
vn -0.941815 0.24039 -0.23494
v -139.003 39.8112 -66.3648
vn -0.865758 0.464713 -0.185753
v -131.025 62.0618 -66.4163
vn 0.851183 0.391416 -0.349687
v -94.7751 71.2336 -65.5868
vn 0.826119 0.404215 -0.392603
v -98.5207 79.4491 -66.5871
vn -0.304212 0.851688 -0.426712
v -108.519 85.8481 -65.6887
vn -0.295447 -0.953231 -0.0637351
v -54.4084 -92.2863 -65.9289
vn -0.300246 -0.951988 -0.0597687
v -56.724 -91.1898 -71.146
vn 0.858117 0.438095 -0.267782
v -12.7486 -89.9223 -68.5728
vn -0.257091 -0.966319 -0.0114598
v -68.1598 -87.7299 -67.0143
vn -0.305593 -0.949849 0.0663345
v -81.6942 -84.3853 -65.3229
vn -0.58616 -0.802232 -0.11332
v -97.8544 -75.9527 -66.96
vn -0.539231 -0.831982 -0.130521
v -99.3225 -75.1587 -64.479
vn 0.572067 0.704059 -0.420762
v -35.1838 -65.6327 -65.8458
vn 0.512388 0.713413 -0.478016
v -40.4095 -60.9616 -64.4915
vn 0.714966 -0.308174 -0.627576
v -94.5248 -55.5633 -67.4265
vn -0.508489 0.806218 0.30241
v -90.4298 -54.7368 -65.0772
vn -0.309073 0.817878 -0.485335
v -74.169 -46.2521 -63.9563
vn -0.912116 -0.398082 -0.0978526
v -122.356 -40.1358 -66.2392
vn 0.16866 0.605583 -0.777703
v -115.852 -34.909 -69.1774
vn 0.500192 0.482913 -0.718751
v -117.798 -30.14 -66.7903
vn 0.932915 0.202787 -0.297568
v -118.5 -29.6589 -67.8871
vn -0.0554015 0.646831 -0.760618
v -110.2 -29.8008 -66.0107
vn 0.277438 0.459659 -0.843648
v -95.6096 -28.1476 -64.5831
vn 0.397134 0.561895 -0.725643
v -117.315 -28.4195 -65.3488
vn -0.196431 0.686002 -0.700583
v -107.973 -28.5524 -65.3245
vn -0.907842 -0.399127 -0.128533
v -130.477 -21.3175 -66.7683
vn -0.961967 -0.24281 -0.125155
v -139.077 0.471713 -66.8653
vn 0.608211 -0.790072 0.0765903
v -103.278 -0.397285 -64.0299
vn 0.504499 -0.844125 -0.181479
v -94.9504 4.6329 -66.3735
vn -0.979326 -0.111833 -0.168565
v -141.219 10.6982 -67.109
vn 0.414095 -0.675014 -0.610641
v -83.9742 12.0626 -68.1069
vn 0.0892492 -0.563537 -0.821255
v -73.8382 10.9496 -65.4169
vn 0.535726 -0.299899 -0.78934
v -60.6765 15.2011 -64.3333
vn -0.972883 0.0645894 -0.222095
v -141.969 24.5249 -63.546
vn 0.587473 0.375866 -0.716659
v -64.9395 23.6618 -65.4329
vn 0.622337 0.518882 -0.586053
v -69.8493 30.9491 -64.3501
vn -0.933953 0.282813 -0.218516
v -137.574 45.5549 -65.6511
vn -0.917046 0.343924 -0.201848
v -135.473 51.7525 -66.3144
vn -0.896307 0.414917 -0.156454
v -132.337 60.245 -64.0014
vn -0.0496783 0.838648 -0.542403
v -104.125 88.4002 -63.2019
vn 0.898642 0.38706 -0.206465
v -11.1057 -91.2279 -64.429
vn -0.306235 -0.95004 -0.0603693
v -68.8359 -87.7165 -62.3775
vn 0.685226 0.640702 -0.346362
v -21.0297 -79.4817 -66.6698
vn -0.366834 -0.914764 0.16923
v -96.3206 -76.9529 -61.2883
vn 0.569962 0.673155 -0.471174
v -33.676 -63.4404 -60.246
vn 0.4873 0.70084 -0.520924
v -44.6934 -59.3491 -66.3075
vn 0.453238 0.68818 -0.566555
v -48.1464 -56.7424 -65.9821
vn -0.525666 0.847668 0.0716555
v -81.9495 -50.45 -62.9815
vn -0.906987 -0.41048 -0.0942337
v -124.574 -35.9969 -62.3166
vn 0.544352 0.204164 -0.813633
v -91.2205 -35.1597 -65.3366
vn 0.456797 0.260335 -0.850625
v -91.4893 -32.3843 -64.9442
vn -0.154682 0.683924 -0.712967
v -103.898 -26.7375 -64.7731
vn 0.811168 -0.569145 0.134463
v -111.556 -7.98222 -64.4236
vn 0.435514 -0.893503 -0.109456
v -99.0852 2.09581 -62.7964
vn -0.977547 -0.00222809 -0.210708
v -142.072 19.0113 -63.8233
vn -0.918911 0.351821 -0.178396
v -136.031 52.3029 -62.6896
vn 0.753713 0.429196 -0.497703
v -99.3451 83.4792 -64.3605
vn -0.25564 -0.966058 0.037139
v -78.0856 -85.2598 -64.4188
vn 0.675709 0.645227 -0.35651
v -24.3774 -73.6486 -62.5733
vn -0.764559 -0.581576 -0.277883
v -110.15 -62.9864 -64.6166
vn -0.879865 -0.461044 -0.115221
v -116.5 -53.347 -62.1045
vn 0.37776 0.557266 -0.739427
v -55.4412 -47.9769 -62.2435
vn -0.410812 0.880334 -0.237162
v -81.8625 -50.7089 -65.9724
vn -0.603949 0.793568 -0.0741245
v -78.8233 -48.123 -61.2331
vn -0.155135 0.678542 -0.717993
v -69.0718 -42.3272 -61.3361
vn 0.544292 0.0245733 -0.838536
v -86.4924 -37.6638 -62.9352
vn 0.696336 -0.122335 -0.707213
v -88.4223 -47.4931 -63.9624
vn 0.574174 0.0938151 -0.81334
v -89.0083 -39.4117 -64.9699
vn 0.417064 0.222537 -0.881212
v -88.2697 -31.9234 -63.0396
vn 0.335125 0.361223 -0.870178
v -90.7082 -29.2649 -63.2952
vn -0.0959373 0.715537 -0.691956
v -109.549 -27.9078 -64.1146
vn 0.0130738 0.594902 -0.803692
v -100.709 -25.5453 -64.0316
vn 0.153401 0.454261 -0.877562
v -97.8065 -24.2967 -63.0694
vn 0.961433 -0.274863 -0.00986927
v -117.707 -21.6621 -64.3005
vn 0.68165 -0.73167 0.00358271
v -107.803 -4.14243 -62.3526
vn -0.93979 -0.331125 -0.0845681
v -137.843 -3.79143 -65.5006
vn -0.960788 -0.270347 -0.0616311
v -139.722 1.58802 -62.8246
vn 0.107302 -0.72125 -0.684314
v -84.9814 7.84317 -63.6882
vn 0.0447826 -0.794064 -0.606182
v -75.6042 7.01122 -62.4931
vn 0.155096 -0.652251 -0.741966
v -68.7229 7.82709 -62.7307
vn 0.319179 -0.816118 -0.481742
v -87.7186 8.20737 -65.475
vn 0.200792 -0.670121 -0.714577
v -81.8946 10.4178 -65.7628
vn 0.252117 -0.544813 -0.79976
v -66.8604 10.3772 -64.2348
vn 0.377415 -0.602621 -0.70314
v -62.3187 10.5379 -62.2185
vn 0.598183 -0.208119 -0.773863
v -57.9416 14.762 -62.1636
vn 0.615496 0.124765 -0.778202
v -60.7204 18.0989 -64.5079
vn 0.675494 0.253064 -0.692579
v -58.9523 18.6564 -62.7579
vn 0.671523 0.538772 -0.508706
v -72.2207 34.6498 -63.2841
vn 0.822009 0.324991 -0.467635
v -95.3473 78.3643 -61.2943
vn -0.689682 -0.684533 -0.236122
v -103.984 -71.4634 -62.8703
vn -0.762707 -0.564673 -0.315314
v -105.196 -68.9066 -65.4511
vn 0.615439 0.666517 -0.420701
v -30.9026 -66.148 -60.637
vn -0.910969 -0.403609 -0.0850634
v -121.133 -44.0329 -59.6426
vn 0.248532 0.56655 -0.785654
v -59.4234 -45.2931 -62.177
vn 0.746866 -0.20296 -0.633245
v -86.5118 -46.1215 -62.2325
vn -0.905786 -0.41597 -0.0807482
v -123.051 -39.7885 -59.3654
vn -0.21307 0.682559 -0.699081
v -105.199 -23.2225 -60.6455
vn 0.0551307 0.363289 -0.930044
v -95.2022 -22.5697 -61.7949
vn -0.911209 -0.388527 -0.13691
v -131.666 -20.8515 -59.9498
vn -0.942664 -0.327331 -0.065115
v -137.481 -5.60407 -61.7437
vn 0.78054 -0.623192 -0.0488895
v -111.117 -7.41634 -62.0638
vn 0.565581 -0.822703 -0.057258
v -103.337 -0.293683 -61.4505
vn -0.968734 -0.218484 -0.117558
v -140.497 5.77388 -65.4368
vn 0.414817 -0.879006 -0.235107
v -93.9272 4.68426 -63.9674
vn 0.239496 -0.861183 -0.448335
v -88.8598 6.6151 -62.6801
vn 0.196775 -0.840531 -0.504765
v -68.1063 6.99284 -61.615
vn -0.982172 -0.165034 -0.0900116
v -141.7 10.0516 -62.0272
vn 0.752833 0.159808 -0.638517
v -55.365 17.6745 -59.2742
vn -0.978009 0.107496 -0.178723
v -142.227 29.0139 -60.4103
vn -0.967373 0.137102 -0.213056
v -141.461 31.9314 -62.7738
vn 0.742741 0.50341 -0.441492
v -75.9458 40.0708 -62.6109
vn -0.929355 0.316493 -0.190082
v -137.229 49.4075 -61.8315
vn 0.827423 0.342933 -0.444711
v -94.2539 73.4406 -62.6767
vn -0.694766 0.673128 -0.253375
v -119.474 77.8087 -64.2824
vn -0.360381 0.845276 -0.394504
v -107.902 88.4129 -61.3981
vn 0.271641 -0.956059 -0.110281
v -12.0076 -93.6605 -64.4639
vn -0.268162 -0.960882 -0.0692423
v -54.5986 -92.5506 -60.9327
vn -0.26245 -0.963362 -0.0552593
v -52.3793 -92.9512 -64.9978
vn -0.323357 -0.939299 -0.114708
v -64.0908 -89.89 -57.7173
vn -0.302224 -0.952834 -0.0277317
v -71.7824 -86.8214 -61.0207
vn -0.334342 -0.92018 -0.203679
v -99.3453 -75.962 -59.3342
vn -0.123443 -0.992318 -0.00811757
v -97.1917 -76.626 -60.203
vn -0.570477 -0.791693 -0.218583
v -101.308 -74.766 -59.6859
vn -0.810088 -0.529031 -0.252752
v -111.041 -63.6286 -60.6308
vn 0.542132 0.6431 -0.540847
v -37.2452 -60.2101 -59.9014
vn 0.531366 0.663664 -0.526498
v -42.066 -58.1087 -62.2161
vn -0.558554 0.572503 0.600215
v -88.0273 -54.6629 -62.6455
vn -0.568759 0.692986 0.44304
v -85.2586 -52.6962 -62.4606
vn -0.899532 -0.428616 -0.08444
v -118.492 -49.326 -62.2655
vn -0.49028 0.708801 -0.507175
v -72.2573 -42.9161 -60.2645
vn -0.902994 -0.411349 -0.124071
v -128.191 -28.4471 -61.03
vn 0.00395323 0.668996 -0.743255
v -110.576 -25.0859 -61.1455
vn 0.761944 0.332263 -0.555917
v -117.712 -26.768 -64.9271
vn -0.082366 0.518601 -0.85104
v -97.1751 -21.486 -61.1878
vn -0.918033 -0.377695 -0.120673
v -132.685 -17.0605 -63.7889
vn 0.941892 -0.297108 -0.156734
v -116.468 -18.4578 -62.341
vn 0.934707 -0.3471 -0.0764442
v -115.086 -14.6782 -61.9447
vn 0.884771 -0.46316 0.051603
v -113.379 -11.0584 -63.584
vn 0.307456 -0.894682 -0.324061
v -92.8712 3.97927 -60.0056
vn 0.069336 -0.929722 -0.361677
v -74.4442 6.3888 -61.3141
vn 0.678961 -0.228823 -0.697605
v -55.9952 13.7931 -60.3677
vn 0.635061 0.588196 -0.500722
v -68.0776 30.811 -62.3729
vn -0.956643 0.206869 -0.205034
v -141.136 37.7448 -58.9826
vn 0.801884 0.434272 -0.410352
v -86.7476 58.6664 -63.0644
vn -0.858319 0.496094 -0.13107
v -130.832 63.6543 -62.1849
vn 0.800995 0.411115 -0.435191
v -92.2678 67.5738 -64.1128
vn -0.19599 -0.980316 -0.023832
v -47.4128 -94.3542 -61.6359
vn -0.011731 -0.999928 -0.00232856
v -46.9482 -94.4431 -60.8438
vn 0.637233 -0.761655 -0.117538
v -10.8725 -93.3493 -62.9749
vn -0.444535 -0.800716 0.401551
v -92.168 -78.482 -60.9881
vn 0.00101331 -0.903402 0.428792
v -92.5129 -74.5267 -56.0423
vn -0.689603 -0.640656 -0.337651
v -108.214 -65.9504 -63.842
vn -0.849564 -0.495386 -0.1812
v -113.065 -59.3999 -62.3761
vn -0.666077 0.447064 0.597056
v -86.8653 -55.7687 -60.7532
vn 0.491394 0.587372 -0.64306
v -46.3094 -53.0687 -60.5514
vn 0.533564 0.573579 -0.621544
v -42.7684 -54.9892 -59.2221
vn 0.426376 0.539231 -0.726246
v -51.6487 -49.5369 -61.1687
vn 0.029113 0.639073 -0.768595
v -65.8264 -42.9015 -62.0642
vn -0.208792 0.66012 -0.721559
v -67.3483 -39.0428 -58.9597
vn 0.330615 0.450841 -0.829118
v -56.8983 -42.7639 -59.9267
vn 0.629464 -0.229744 -0.742288
v -83.937 -42.0385 -60.5141
vn 0.698293 -0.355769 -0.62114
v -81.1146 -38.5182 -59.2847
vn 0.479137 -0.0169197 -0.877577
v -83.734 -36.3464 -61.5772
vn 0.394675 0.137712 -0.908442
v -85.6738 -31.0013 -61.7797
vn 0.465776 -0.0573589 -0.883042
v -82.3934 -37.2597 -60.7958
vn 0.198898 0.139916 -0.969981
v -86.5135 -26.5982 -61.686
vn 0.239423 0.267187 -0.933428
v -90.4837 -26.1307 -62.2175
vn -0.181893 0.629248 -0.75562
v -101.406 -22.8546 -61.3845
vn 0.410911 -0.120171 -0.903721
v -77.0528 -29.8996 -59.422
vn 0.637649 0.0171884 -0.770135
v -74.0935 -24.4164 -57.6825
vn 0.944395 0.0136113 -0.328531
v -117.666 -23.254 -62.2555
vn 0.289982 0.218289 -0.931805
v -79.8008 -19.1265 -59.7565
vn 0.416347 0.0649917 -0.90688
v -76.8297 -23.8951 -59.2814
vn 0.0226754 0.251238 -0.96766
v -88.8404 -17.4684 -60.3518
vn 0.175745 0.13292 -0.975421
v -81.8818 -19.4622 -60.2861
vn -0.114098 0.351294 -0.929287
v -93.8696 -18.343 -60.2301
vn 0.144492 0.335914 -0.930744
v -84.4224 -15.842 -59.5769
vn 0.106497 -0.901947 -0.41851
v -88.3977 5.46695 -60.4393
vn 0.0616196 -0.947887 -0.312591
v -78.6614 5.34981 -59.3152
vn 0.149385 -0.967942 -0.201924
v -69.5918 6.35231 -60.2417
vn 0.42951 -0.619206 -0.657347
v -59.6992 9.85974 -60.3241
vn 0.660884 0.484977 -0.572739
v -58.9345 23.0466 -59.622
vn 0.632028 0.52651 -0.568619
v -63.3282 25.5536 -62.3868
vn 0.682037 0.563867 -0.465703
v -71.6097 35.5122 -61.4203
vn -0.935145 0.294423 -0.197026
v -139.622 45.0055 -57.0502
vn 0.781685 0.464526 -0.416153
v -78.4814 46.5495 -59.751
vn 0.778401 0.414996 -0.471031
v -89.0881 64.8276 -61.1866
vn 0.71856 0.351417 -0.600148
v -97.3546 85.5583 -60.0196
vn 0.185496 0.787465 -0.587784
v -102.227 89.2167 -62.0522
vn -0.195671 -0.979513 -0.0476219
v -49.6442 -94.0465 -56.0349
vn 0.811572 0.520106 -0.266157
v -14.9051 -83.3614 -58.6296
vn -0.376828 -0.667167 0.642565
v -91.9571 -74.7015 -55.95
vn -0.453609 0.810707 0.370125
v -86.2642 -57.4679 -59.0697
vn 0.304102 0.697938 0.648386
v -87.6496 -57.6516 -58.2707
vn 0.799506 -0.282952 -0.529839
v -86.796 -51.2801 -60.1927
vn -0.749395 0.597236 0.285859
v -80.5307 -50.3495 -58.3987
vn -0.502466 0.727695 -0.466892
v -68.7703 -37.5443 -56.4392
vn 0.59652 -0.148607 -0.788721
v -75.5271 -29.2509 -58.6916
vn 0.333371 0.545536 -0.768931
v -114.6 -24.9141 -61.5367
vn 0.656608 0.245942 -0.713007
v -116.897 -22.1397 -60.8699
vn -0.220174 0.464199 -0.857929
v -97.3044 -18.6227 -59.6014
vn -0.105673 0.400132 -0.910345
v -91.4623 -14.9878 -59.4913
vn -0.925607 -0.36442 -0.102221
v -135.701 -9.88883 -63.0985
vn 0.00646801 0.334593 -0.94234
v -88.1696 -15.4233 -59.754
vn -0.939203 -0.3259 -0.10811
v -136.471 -8.99019 -58.3511
vn 0.388158 -0.896848 -0.212127
v -100.624 0.968403 -59.1602
vn 0.338402 -0.903265 -0.263812
v -97.1527 2.29377 -59.2857
vn -0.971122 -0.227907 -0.0705687
v -141.114 5.70305 -58.1803
vn 0.379821 -0.810853 -0.445256
v -60.8649 8.25118 -58.7708
vn 0.684035 -0.390946 -0.615839
v -55.1256 11.9695 -58.5534
vn -0.516926 0.787138 -0.336453
v -110.924 87.2224 -60.3298
vn -0.27295 -0.956308 -0.104753
v -58.0161 -91.7347 -58.92
vn 0.949876 0.279267 -0.140522
v -10.0898 -91.8176 -59.9776
vn -0.384478 -0.902978 0.191853
v -82.626 -83.338 -59.8316
vn 0.730217 0.619979 -0.287069
v -18.4438 -80.5765 -62.9621
vn -0.529691 -0.756186 0.3842
v -88.4741 -79.992 -59.1082
vn 0.647225 0.598615 -0.471973
v -26.7587 -67.6799 -57.0076
vn 0.852133 -0.118645 -0.509698
v -88.6865 -55.7694 -60.749
vn 0.500825 0.443387 -0.743358
v -45.0268 -51.0675 -58.1637
vn 0.416935 0.41002 -0.811202
v -48.2536 -48.5876 -58.8341
vn 0.803392 -0.352308 -0.480041
v -81.6976 -45.2803 -55.3387
vn -0.708612 0.689353 -0.150533
v -75.575 -44.5129 -57.3935
vn 0.327913 0.358687 -0.873966
v -50.3595 -44.8878 -58.0606
vn 0.267853 0.381198 -0.88484
v -55.2921 -40.3165 -58.1117
vn 0.101231 0.53915 -0.836104
v -61.4478 -40.0509 -59.5594
vn 0.0957283 0.44201 -0.891888
v -59.8817 -36.9423 -57.7217
vn 0.736621 -0.323829 -0.593738
v -73.5832 -29.5663 -56.3573
vn -0.904002 -0.402466 -0.144225
v -131.124 -22.1013 -59.8031
vn 0.279076 0.489661 -0.826044
v -113.826 -22.2577 -59.4946
vn -0.0365335 0.625109 -0.779682
v -108.921 -22.4083 -58.9698
vn 0.736415 0.0898812 -0.670533
v -115.643 -19.9644 -59.6606
vn -0.282652 0.557019 -0.780922
v -101.291 -19.8676 -59.0444
vn 0.496993 0.227124 -0.837504
v -74.609 -20.3844 -57.537
vn -0.314889 0.48356 -0.81671
v -99.8594 -16.4896 -57.5253
vn 0.0846674 0.473115 -0.876923
v -85.6118 -12.8922 -58.4375
vn -0.925391 -0.352327 -0.139703
v -134.842 -14.478 -56.0479
vn -0.203686 0.489801 -0.847707
v -91.7843 -12.436 -58.0818
vn -0.960886 -0.27277 -0.0479101
v -139.932 1.37412 -57.3068
vn 0.161428 -0.969666 -0.183544
v -76.6736 4.87474 -57.0763
vn 0.130922 -0.984498 -0.116715
v -72.5049 5.60614 -57.2998
vn -0.980579 -0.187422 -0.0577803
v -141.953 9.22482 -56.2398
vn 0.602472 -0.545681 -0.582461
v -52.73 10.0956 -54.6401
vn 0.623995 0.616243 -0.480494
v -68.3715 35.1816 -57.0494
vn 0.680365 0.54648 -0.488327
v -69.5808 37.3257 -56.1472
vn 0.779511 0.350775 -0.51896
v -91.2387 73.8803 -57.47
vn -0.582529 0.741281 -0.333411
v -114.105 82.8233 -64.4004
vn 0.542892 0.546144 -0.637961
v -99.5282 89.9664 -59.1295
vn -0.194116 0.852927 -0.484598
v -103.195 91.6341 -57.8865
vn 0.196128 0.758098 -0.62195
v -100.973 91.1763 -58.7387
vn 0.885724 0.367271 -0.283911
v -10.8604 -87.8663 -53.8885
vn -0.355463 -0.926254 -0.125299
v -69.1549 -88.4259 -55.0685
vn -0.460606 -0.840686 0.284763
v -84.3187 -82.0618 -57.9353
vn 0.705739 0.609827 -0.360616
v -21.773 -75.9215 -61.2627
vn -0.762983 -0.590127 -0.26383
v -109.376 -66.6486 -59.4821
vn -0.0771197 0.722208 0.687363
v -85.7461 -59.2293 -57.3984
vn -0.67392 0.703661 -0.225149
v -71.3042 -39.4664 -56.1883
vn -0.158956 0.624782 -0.764448
v -65.6962 -37.0311 -57.4953
vn 0.696402 -0.390123 -0.602352
v -77.5435 -33.7667 -58.2845
vn -0.895867 -0.430481 -0.110035
v -126.552 -32.7177 -57.322
vn -0.278533 0.595342 -0.75365
v -103.664 -20.4863 -58.5338
vn -0.308824 0.552515 -0.77418
v -96.1761 -13.6078 -57.3354
vn 0.311957 0.404786 -0.859553
v -80.448 -13.512 -57.5544
vn -0.0915426 0.62686 -0.773735
v -89.063 -10.3945 -57.1398
vn 0.887322 -0.427192 -0.173686
v -113.38 -12.5968 -56.8244
vn 0.751437 -0.609387 -0.252963
v -108.814 -5.84013 -55.94
vn 0.517849 -0.809315 -0.277203
v -103.871 -1.82334 -54.9785
vn 0.760295 -0.0321309 -0.648783
v -52.567 15.1212 -56.2716
vn -0.987152 -0.0140523 -0.159168
v -142.964 20.8823 -59.1571
vn 0.620128 0.582014 -0.526025
v -60.9835 29.9113 -54.888
vn -0.942942 0.25962 -0.208465
v -140.788 41.9831 -55.8647
vn 0.724716 0.518847 -0.453415
v -75.938 42.2929 -59.9883
vn -0.922234 0.351154 -0.161788
v -137.883 50.0294 -56.793
vn -0.806648 0.571866 -0.149294
v -127.745 68.3539 -63.0445
vn -0.772349 0.614881 -0.159371
v -124.809 72.9777 -59.8479
vn -0.533453 0.804038 -0.262585
v -110.777 89.0872 -55.0969
vn -0.42752 0.832085 -0.353356
v -106.584 91.3059 -55.8953
vn -0.383633 -0.9232 -0.0229684
v -73.6163 -86.3006 -57.3108
vn -0.529341 -0.689741 0.494019
v -86.7123 -79.881 -56.787
vn 0.746411 0.555325 -0.366723
v -19.1587 -77.5505 -58.8418
vn 0.604008 0.588009 -0.537978
v -29.0294 -65.1142 -56.6381
vn 0.322369 0.29757 -0.898627
v -48.6432 -42.8652 -56.7684
vn 0.631204 0.228327 -0.741247
v -71.5849 -19.6846 -54.9475
vn -0.918242 -0.371023 -0.138467
v -132.911 -18.0988 -59.0566
vn 0.472622 0.363376 -0.802862
v -75.1222 -16.5203 -56.4278
vn 0.14107 -0.989958 -0.00911369
v -62.9279 6.77268 -52.8897
vn 0.603039 0.615418 -0.507547
v -63.4301 31.6277 -55.7735
vn -0.845959 0.519853 -0.118767
v -130.793 65.2717 -54.7
vn -0.735023 0.654511 -0.177079
v -120.645 78.944 -56.5304
vn -0.642605 0.727858 -0.239336
v -111.949 87.6881 -56.8901
vn -0.262124 0.841577 -0.472271
v -101.927 94.9055 -52.8979
vn -0.220423 -0.970986 -0.0927394
v -54.022 -93.3191 -53.272
vn -0.373823 -0.920549 0.113335
v -77.8169 -84.6187 -56.5917
vn -0.284406 -0.863438 -0.416638
v -97.4711 -79.6717 -51.8091
vn -0.40499 -0.852224 -0.331206
v -99.4445 -77.7075 -54.1493
vn 0.177342 -0.931159 -0.31858
v -97.403 -76.987 -56.3198
vn -0.370253 -0.503627 0.780559
v -91.3541 -74.5941 -55.5411
vn 0.219195 -0.970382 0.10155
v -92.2529 -74.3133 -55.6875
vn 0.0864686 -0.845792 0.52646
v -91.5357 -74.353 -55.3788
vn -0.231786 0.413675 0.880425
v -85.8518 -62.8168 -55.0206
vn 0.548669 0.542686 -0.635967
v -33.1345 -59.7902 -55.4479
vn 0.928784 -0.0596653 -0.365788
v -87.1352 -59.8728 -56.4709
vn 0.810964 0.419201 0.408177
v -86.7435 -62.0127 -55.3047
vn -0.718471 0.454474 0.526549
v -83.4644 -54.908 -57.4194
vn 0.518857 0.507654 -0.687805
v -36.0238 -57.7324 -56.2268
vn 0.501752 0.434934 -0.747715
v -41.0976 -54.4288 -57.4841
vn 0.434943 0.293967 -0.851122
v -44.3513 -46.4115 -55.7134
vn -0.773781 0.622839 0.115479
v -73.0192 -41.2819 -54.5123
vn -0.912042 -0.395317 -0.109103
v -121.957 -43.0225 -55.6175
vn 0.222679 0.403535 -0.887453
v -55.2896 -36.4349 -56.6506
vn 0.206421 0.330277 -0.921036
v -50.7152 -37.0823 -55.5906
vn -0.427065 0.679606 -0.596448
v -66.5408 -34.9566 -54.9803
vn -0.0119743 0.538693 -0.842417
v -59.8141 -34.4398 -56.4247
vn 0.122952 0.578746 -0.806186
v -57.1212 -31.9983 -54.494
vn -0.479844 0.827398 -0.291824
v -63.0302 -31.5239 -53.9755
vn 0.408622 0.543707 -0.733083
v -112.492 -17.5512 -56.1149
vn -0.238697 0.538645 -0.808013
v -98.8466 -11.573 -54.7035
vn 0.253001 0.542328 -0.801169
v -80.4622 -11.1949 -56.234
vn 0.123427 -0.971478 -0.202477
v -79.1154 4.1905 -55.0937
vn 0.265859 -0.887253 -0.376964
v -63.557 7.71151 -59.5653
vn 0.189056 -0.968853 -0.159943
v -58.8032 7.29842 -53.7233
vn 0.585185 0.624944 -0.516724
v -65.2517 34.0505 -54.8265
vn 0.805848 0.406411 -0.430626
v -81.594 54.5682 -57.366
vn 0.750848 0.358197 -0.554908
v -87.5449 69.717 -55.2919
vn 0.779398 0.235792 -0.580466
v -94.0891 82.7173 -56.8168
vn 0.00560717 0.76131 -0.648364
v -98.3337 94.757 -53.961
vn 0.705927 -0.706078 -0.0558654
v -10.543 -93.3091 -55.1231
vn 0.987006 -0.0611712 -0.148587
v -9.64289 -91.5894 -53.482
vn -0.232857 -0.965494 -0.116615
v -56.9967 -92.5832 -53.82
vn -0.532456 -0.79077 0.30195
v -80.6672 -82.8428 -55.2527
vn -0.592906 -0.609411 0.526384
v -83.8221 -79.7754 -53.9712
vn -0.523993 -0.578264 0.625333
v -88.2762 -77.121 -55.4365
vn -0.663452 0.267377 0.698814
v -87.1707 -67.3055 -53.7831
vn 0.957677 0.0354921 0.285648
v -86.3545 -63.2662 -54.8142
vn -0.515457 0.477593 0.711484
v -85.5321 -61.1103 -55.9301
vn 0.420908 0.331742 -0.844265
v -37.4146 -54.623 -55.3901
vn 0.415163 0.303867 -0.857499
v -41.7585 -49.8223 -55.5551
vn 0.859284 -0.313109 -0.404468
v -82.7055 -49.9964 -53.5662
vn 0.287404 0.219999 -0.932201
v -46.2317 -39.0792 -54.954
vn -0.901201 -0.414307 -0.127229
v -123.798 -39.2189 -54.3188
vn -0.892063 -0.434788 -0.12322
v -125.552 -35.4265 -54.8221
vn 0.184142 0.293596 -0.938026
v -49.2453 -35.262 -54.7468
vn 0.108981 0.454796 -0.883902
v -53.0877 -32.7994 -54.3586
vn -0.891977 -0.429685 -0.140531
v -128.852 -28.2385 -57.119
vn -0.668352 0.739563 0.0797083
v -63.8827 -31.9043 -52.0435
vn -0.0969422 0.702783 -0.704768
v -61.2776 -31.3744 -54.3656
vn -0.124632 0.599188 -0.790848
v -106.5 -18.021 -55.6762
vn 0.928419 -0.0349405 -0.369889
v -114.186 -15.8453 -57.2947
vn 0.729767 -0.504492 -0.461442
v -111.206 -10.5537 -53.7068
vn 0.0746074 0.681775 -0.727748
v -87.3364 -7.89064 -54.9731
vn -0.958403 -0.264035 -0.108392
v -139.221 -1.68814 -53.3643
vn 0.264126 -0.85933 -0.437937
v -93.8039 1.04608 -53.0444
vn 0.329463 -0.874153 -0.356807
v -53.4841 8.67625 -53.158
vn -0.985005 -0.148844 -0.0872427
v -142.977 13.5007 -53.6937
vn 0.711846 0.399199 -0.577854
v -53.4915 19.5264 -56.1031
vn 0.629305 0.582881 -0.514027
v -67.901 36.0174 -55.3679
vn 0.738254 0.486248 -0.467487
v -75.8455 46.5185 -55.2076
vn 0.780893 0.378502 -0.496932
v -85.7148 63.0643 -57.3372
vn 0.748879 0.341111 -0.568175
v -83.5074 65.413 -52.5374
vn 0.713547 0.294163 -0.635861
v -90.9163 76.8842 -55.2771
vn 0.754033 0.251893 -0.606617
v -92.4773 80.4124 -55.4755
vn -0.282985 -0.948811 -0.140272
v -62.1471 -91.6809 -50.3721
vn -0.503131 -0.851412 -0.14818
v -72.3954 -87.925 -49.0138
vn -0.546852 -0.836457 0.0359584
v -76.9264 -84.7515 -51.5357
vn 0.778147 0.466107 -0.420989
v -14.8492 -77.8974 -51.0906
vn -0.69114 -0.649173 0.317649
v -79.9802 -81.7252 -51.1918
vn -0.666253 -0.69815 -0.262095
v -106.497 -71.9264 -55.0478
vn -0.620043 -0.373998 0.68969
v -84.8514 -75.6416 -52.0467
vn 0.625345 -0.720669 -0.299299
v -91.8359 -75.045 -53.0358
vn -0.623063 -0.104617 0.775143
v -87.7507 -71.9935 -53.1491
vn -0.790285 0.3419 0.508481
v -80.7863 -61.0263 -49.0571
vn 0.48447 0.328832 -0.810653
v -33.2537 -57.2823 -54.0407
vn -0.902464 -0.410967 -0.129094
v -118.011 -51.4515 -57.7541
vn 0.313204 0.210916 -0.925969
v -39.7692 -50.1041 -54.8771
vn 0.334335 0.143941 -0.931397
v -34.4138 -49.4357 -52.9478
vn 0.262733 0.138999 -0.954804
v -38.1549 -43.5252 -53.3691
vn 0.819811 -0.447028 -0.357876
v -77.5041 -40.026 -52.653
vn 0.310377 0.182766 -0.932879
v -43.1486 -45.3617 -55.0079
vn 0.278361 0.191541 -0.941184
v -37.6282 -40.1875 -52.7203
vn 0.254057 0.385684 -0.886963
v -45.5937 -32.0891 -53.0078
vn 0.276267 0.214115 -0.936927
v -41.8298 -35.8028 -53.0554
vn 0.332736 0.426529 -0.841047
v -39.9348 -34.5072 -51.9631
vn 0.212296 0.65179 -0.72808
v -46.2511 -30.9209 -52.5083
vn 0.0535869 0.738397 -0.672234
v -51.7227 -29.7151 -51.7444
vn -0.0400698 0.872363 -0.487213
v -56.2801 -29.4995 -51.6316
vn 0.73396 -0.0091409 -0.679131
v -70.6012 -23.3461 -54.4089
vn -0.908391 -0.386552 -0.159382
v -132.325 -21.8338 -53.6839
vn 0.725686 0.230903 -0.648123
v -68.5983 -16.8085 -51.2368
vn -0.0745639 0.500439 -0.862555
v -107.483 -16.1991 -54.1198
vn 0.219262 0.46101 -0.85988
v -112.742 -14.893 -53.6534
vn 0.600505 0.44974 -0.661157
v -72.957 -12.0736 -52.6506
vn 0.204643 0.656925 -0.725651
v -81.7037 -7.30966 -53.4455
vn 0.451019 0.465647 -0.761416
v -75.2862 -11.4703 -54.075
vn -0.0321348 0.73149 -0.681094
v -88.9474 -6.74066 -53.7202
vn 0.0878472 0.749869 -0.655729
v -83.9855 -5.78189 -52.1459
vn -0.951544 -0.290604 -0.100562
v -137.966 -5.44005 -55.0008
vn 0.662552 -0.698955 -0.269234
v -107.512 -4.53039 -55.5827
vn 0.202476 -0.91522 -0.348391
v -89.5414 3.01751 -54.1029
vn 0.762543 -0.255439 -0.594373
v -49.3798 11.0489 -51.5444
vn -0.989157 0.0544678 -0.136384
v -143.489 26.9735 -54.1174
vn -0.959766 0.202465 -0.194569
v -142.173 38.835 -53.0641
vn 0.689749 0.533076 -0.489975
v -72.0685 41.7624 -54.8167
vn 0.782721 0.371081 -0.499647
v -81.2815 57.2 -54.6492
vn -0.901816 0.403709 -0.154103
v -136.002 54.6878 -56.4574
vn -0.887962 0.429834 -0.163602
v -137.355 54.6641 -49.3095
vn -0.875945 0.462797 -0.136161
v -133.744 60.1116 -54.0473
vn -0.811128 0.573643 -0.114042
v -127.892 70.0305 -53.3917
vn 0.688223 0.18238 -0.702202
v -92.2201 81.4927 -54.9832
vn 0.678612 0.155886 -0.717764
v -89.9951 81.9015 -52.798
vn -0.658583 0.724512 -0.20335
v -112.986 87.8084 -53.1107
vn 0.667211 0.307252 -0.678547
v -94.2446 89.4048 -55.0517
vn 0.437318 0.502643 -0.745723
v -97.0155 93.1083 -55.1566
vn 0.349966 0.52672 -0.774655
v -94.7627 95.7673 -52.4792
vn 0.636885 -0.737645 -0.224179
v -9.98028 -93.3886 -50.4829
vn 0.876663 -0.438605 -0.197705
v -9.79502 -92.5224 -52.1552
vn 0.91221 0.0593679 -0.405399
v -8.94204 -91.0769 -51.1751
vn -0.723271 -0.663913 0.189995
v -78.5648 -83.3254 -51.1616
vn 0.213419 -0.723154 -0.656887
v -95.9417 -79.9303 -51.4341
vn -0.874006 -0.470702 -0.120634
v -114.752 -62.2976 -47.7358
vn 0.887341 -0.152244 -0.435256
v -85.3693 -59.8418 -53.2032
vn -0.798283 0.389914 0.459034
v -79.8756 -55.4754 -51.2789
vn -0.815367 0.539331 0.210472
v -76.709 -45.942 -55.4922
vn -0.816551 0.473334 0.330454
v -74.2338 -45.4484 -49.8155
vn -0.757276 0.578888 0.302362
v -71.0778 -40.4515 -50.0403
vn 0.339025 0.655987 -0.674347
v -42.6286 -31.8772 -51.4321
vn 0.870186 0.0315297 -0.491714
v -113.345 -14.0669 -53.5281
vn -0.309495 0.467107 -0.828266
v -102.676 -14.4543 -54.883
vn 0.39006 -0.0371356 -0.92004
v -113.063 -13.7512 -53.2956
vn -0.0554418 0.467285 -0.882367
v -96.9339 -6.89045 -52.1916
vn -0.162616 0.640393 -0.750635
v -90.8943 -7.02499 -53.7644
vn 0.453162 -0.799166 -0.39494
v -101.597 -1.17773 -52.6734
vn -0.965797 -0.240447 -0.0970628
v -140.293 2.04966 -51.5773
vn 0.797174 0.137046 -0.58799
v -50.6964 17.7357 -53.7857
vn -0.9908 -0.0908254 -0.100332
v -143.456 18.1768 -54.258
vn 0.661437 0.552048 -0.507684
v -57.4834 27.8492 -52.9206
vn -0.93492 0.297681 -0.193161
v -140.767 44.6301 -52.107
vn 0.701618 0.513272 -0.494251
v -72.6885 46.267 -50.7255
vn 0.781699 0.429653 -0.452044
v -78.2254 50.3827 -55.2482
vn -0.913786 0.363886 -0.180503
v -138.252 52.0834 -50.5914
vn 0.684605 0.144264 -0.714495
v -89.2561 83.731 -51.8234
vn 0.64492 0.209077 -0.735096
v -91.2563 88.7593 -52.5562
vn 0.826678 0.430038 -0.362864
v -12.4789 -83.6298 -52.7451
vn -0.718617 -0.665574 -0.201499
v -106.734 -73.1737 -51.0516
vn 0.707017 0.502338 -0.497779
v -18.3488 -73.1044 -51.7013
vn 0.742046 -0.364613 -0.562517
v -88.3034 -70.3591 -52.5636
vn 0.888879 -0.117332 -0.442864
v -85.4643 -63.0526 -52.4514
vn 0.525389 0.373571 -0.764468
v -29.322 -60.3953 -53.0372
vn 0.878837 -0.233162 -0.41627
v -84.0884 -55.3452 -52.8317
vn -0.890918 -0.425109 -0.159836
v -116.717 -55.0527 -55.6454
vn -0.911209 -0.391976 -0.126702
v -118.144 -55.1333 -47.3572
vn -0.911595 -0.38842 -0.134627
v -119.909 -48.4879 -53.6901
vn 0.270021 0.0705878 -0.960264
v -30.8784 -50.6357 -51.9725
vn 0.278871 0.124141 -0.952271
v -33.9515 -44.9595 -52.4218
vn 0.866586 -0.394715 -0.305334
v -79.1672 -43.3373 -51.9984
vn 0.804821 -0.452291 -0.384312
v -76.3565 -38.0056 -52.6237
vn 0.26824 0.262392 -0.926929
v -35.7562 -37.1831 -51.5299
vn -0.713491 0.699715 0.0364659
v -68.4461 -36.4807 -53.3109
vn 0.761373 -0.512127 -0.397538
v -72.416 -30.7027 -53.5707
vn -0.0412503 0.935756 -0.350228
v -51.285 -27.8797 -48.8093
vn 0.777685 -0.218966 -0.589288
v -68.2304 -25.1889 -51.3516
vn -0.895736 -0.41562 -0.15785
v -130.566 -26.4687 -51.7883
vn -0.0788633 0.247718 -0.965617
v -107.656 -14.1439 -53.5185
vn 0.577253 -0.514259 -0.634285
v -108.028 -7.24576 -53.1192
vn 0.23659 -0.874134 -0.424163
v -99.5221 -0.502038 -52.9666
vn -0.96918 -0.239668 -0.0570058
v -141.453 6.14611 -51.001
vn 0.239929 -0.969843 0.042879
v -72.1214 5.60601 -51.7931
vn -0.976701 -0.203235 -0.0689311
v -142.704 11.2177 -48.7505
vn 0.780156 0.429014 -0.455306
v -50.2329 19.389 -51.859
vn -0.994655 -0.0178497 -0.101697
v -143.63 21.3314 -54.5718
vn 0.63775 0.595667 -0.488319
v -59.2041 29.9961 -52.735
vn -0.977527 0.152691 -0.145346
v -143.531 37.0476 -47.7004
vn 0.602602 0.58886 -0.538623
v -66.1918 36.9943 -52.6136
vn 0.650612 0.555544 -0.51776
v -68.5778 39.8282 -52.3528
vn 0.716024 0.265398 -0.645657
v -89.1591 76.5768 -53.3918
vn -0.787561 0.60572 -0.113365
v -123.251 76.903 -50.0836
vn 0.0564958 0.752882 -0.655726
v -95.3781 97.4162 -51.4402
vn 0.253881 -0.710271 -0.656551
v -93.7026 -82.0907 -48.846
vn -0.754021 -0.484241 0.443806
v -80.516 -80.5702 -50.2404
vn 0.59169 -0.562991 -0.577013
v -93.4032 -77.5249 -51.7022
vn -0.818295 -0.219713 0.531149
v -81.9298 -74.6852 -48.1096
vn -0.513234 -0.218032 0.830092
v -85.6595 -70.7468 -50.5456
vn 0.608149 0.442596 -0.658987
v -22.1024 -67.4033 -51.1941
vn 0.612587 -0.0618503 -0.787979
v -85.6455 -66.9415 -50.8501
vn 0.615404 0.186001 -0.765952
v -84.8373 -65.8683 -50.3502
vn -0.763476 0.419736 0.490842
v -84.7181 -66.7769 -50.8288
vn 0.611913 0.500369 -0.612531
v -25.9285 -64.3823 -52.4329
vn 0.352078 0.149147 -0.924011
v -30.402 -56.0138 -52.1749
vn 0.224532 0.0290185 -0.974034
v -26.0437 -50.967 -50.7765
vn 0.247225 -0.0290296 -0.968523
v -23.0893 -49.6981 -50.1812
vn 0.233504 0.117729 -0.965202
v -31.9668 -44.7676 -51.8101
vn 0.209386 0.0473626 -0.976685
v -21.6571 -44.5184 -49.8133
vn 0.196526 0.329274 -0.923556
v -30.9759 -36.4848 -50.191
vn 0.210514 0.215145 -0.953623
v -25.0953 -39.8076 -50.0227
vn 0.794064 -0.513943 -0.324539
v -73.5634 -34.387 -50.6365
vn 0.209347 0.511819 -0.833196
v -29.798 -34.9923 -49.205
vn 0.873783 -0.39819 -0.279192
v -66.4909 -25.2498 -48.8839
vn 0.869114 -0.0609534 -0.490841
v -66.2267 -23.7533 -49.2289
vn 0.812924 0.232392 -0.533994
v -66.6941 -17.0019 -48.9922
vn -0.94092 -0.301809 -0.153558
v -137.081 -9.27814 -53.4286
vn 0.310569 -0.181657 -0.933031
v -110.106 -10.2952 -53.0125
vn -0.0649349 0.354589 -0.932765
v -99.368 -8.11251 -52.7393
vn 0.0139446 0.648947 -0.760706
v -92.9655 -4.56318 -51.0343
vn 0.390069 0.612284 -0.687717
v -76.6958 -6.93244 -51.6042
vn 0.199756 0.219573 -0.954927
v -96.6736 -3.33689 -51.0186
vn 0.151177 0.0398519 -0.987703
v -102.265 -4.69209 -51.8097
vn 0.175739 0.00747279 -0.984408
v -100.623 -3.47007 -51.3814
vn 0.292073 -0.493919 -0.818985
v -100.517 -1.02538 -52.0684
vn 0.373587 -0.570924 -0.73108
v -93.4013 -1.11465 -50.1141
vn 0.26936 -0.950607 0.154247
v -71.2009 6.35767 -49.4494
vn 0.0767536 -0.995533 0.0549758
v -59.2125 7.29899 -50.0758
vn 0.141026 -0.981224 -0.13157
v -55.1978 7.65204 -51.2565
vn 0.885783 0.216129 -0.410702
v -48.6009 16.4147 -50.7834
vn 0.710009 0.531078 -0.462432
v -53.7873 25.863 -50.0187
vn 0.613595 0.612914 -0.497833
v -61.2047 32.6388 -51.8399
vn -0.982292 0.0995235 -0.158736
v -143.481 33.5029 -50.5885
vn 0.70806 0.176776 -0.683668
v -86.2302 77.7715 -49.8978
vn -0.749607 0.645738 -0.1453
v -118.856 81.9958 -52.3125
vn -0.713688 0.683978 -0.151073
v -116.6 85.0522 -49.8495
vn 0.548364 0.322904 -0.771382
v -92.2628 93.2346 -52.056
vn 0.345491 0.589871 -0.729855
v -91.8736 97.9021 -49.206
vn -0.0435508 0.87281 -0.486113
v -95.8247 98.183 -50.2162
vn -0.0356814 0.829163 -0.557867
v -92.4822 99.3829 -47.7608
vn -0.0163597 -0.999861 -0.00306859
v -47.8301 -94.412 -48.1378
vn 0.108559 -0.993266 -0.0404592
v -13.2795 -94.2838 -50.937
vn 0.306007 -0.950507 -0.0538131
v -11.8528 -94.0204 -51.2347
vn 0.818025 -0.372879 -0.437946
v -6.67404 -91.8372 -46.6242
vn -0.202451 -0.889939 -0.408684
v -95.0206 -81.6254 -49.4868
vn 0.734268 -0.581154 -0.350871
v -89.788 -73.0815 -51.6238
vn -0.794072 -0.577446 -0.189754
v -110.502 -67.8217 -53.029
vn -0.286322 -0.931479 -0.224427
v -85.5962 -70.526 -50.1814
vn -0.842377 -0.509074 -0.176765
v -112.191 -66.0039 -51.0227
vn 0.942144 0.0518128 -0.331179
v -84.0066 -65.4838 -50.0463
vn 0.52668 0.312774 -0.79043
v -24.0367 -63.9167 -50.5915
vn 0.899277 -0.248753 -0.359754
v -81.5186 -54.0106 -47.2036
vn 0.290933 -0.0404274 -0.955889
v -21.7208 -51.773 -49.664
vn -0.88361 -0.437566 -0.166642
v -128.437 -31.9024 -48.6752
vn -0.478876 0.873963 0.0828594
v -60.8383 -30.1416 -48.3162
vn -0.238893 0.936859 -0.255393
v -60.7529 -30.3191 -52.366
vn 0.155014 0.858302 -0.489171
v -47.323 -29.6414 -51.3221
vn -0.910704 -0.380862 -0.159881
v -133.126 -21.5522 -49.9711
vn -0.922573 -0.34908 -0.164323
v -135.637 -14.8669 -50.0248
vn 0.140993 -0.327221 -0.93437
v -98.1325 -2.21999 -51.173
vn 0.354604 -0.838815 -0.413091
v -88.7322 2.66654 -52.7705
vn 0.189401 -0.917911 -0.348663
v -84.6567 2.68981 -50.7272
vn 0.152058 -0.950947 -0.269403
v -80.3652 3.16617 -50.6567
vn 0.0182136 -0.999813 0.00643229
v -56.6203 7.38274 -47.7996
vn 0.829204 -0.132977 -0.542898
v -47.3 11.6108 -48.8321
vn -0.995556 -0.0641776 -0.0689236
v -143.884 18.9628 -48.6838
vn -0.995195 0.0153648 -0.0966996
v -143.932 24.3132 -50.6318
vn -0.819395 0.562387 -0.110967
v -129.739 68.5213 -47.9568
vn -0.63725 0.745476 -0.195392
v -110.924 90.5006 -49.893
vn -0.554484 0.79302 -0.252324
v -107.807 92.4697 -51.0152
vn 0.503726 -0.819936 -0.271966
v -7.39669 -93.2106 -46.119
vn 0.880915 0.118238 -0.458267
v -6.39565 -90.7325 -46.3359
vn 0.0620933 -0.89308 -0.445593
v -92.0522 -83.1334 -46.5848
vn 0.52839 -0.501865 -0.684789
v -90.9175 -81.958 -47.0675
vn -0.554039 -0.797096 -0.240165
v -101.373 -78.0059 -50.0778
vn 0.820671 0.373365 -0.432547
v -10.2339 -84.6811 -49.3157
vn 0.754556 0.371355 -0.541056
v -14.0111 -75.2974 -47.6221
vn 0.736811 -0.492947 -0.462723
v -91.2209 -75.7222 -50.8089
vn -0.906774 0.0416204 0.419557
v -80.681 -71.5369 -45.7015
vn 0.671524 0.369822 -0.642096
v -17.305 -71.2041 -48.9856
vn -0.737296 0.0505065 0.67368
v -82.2812 -68.5404 -48.0966
vn 0.488052 0.165019 -0.857073
v -21.2017 -65.225 -49.4199
vn 0.566392 0.205469 -0.798112
v -18.9089 -66.9655 -48.3291
vn 0.361397 0.0886541 -0.928188
v -27.7947 -57.4222 -51.4888
vn 0.45526 -0.0792915 -0.886821
v -18.7363 -57.1573 -48.2257
vn 0.379406 -0.0315844 -0.924691
v -20.509 -57.2696 -48.9128
vn 0.351883 0.0152171 -0.93592
v -18.7417 -45.1733 -49.0092
vn 0.286771 0.195315 -0.937878
v -21.9565 -41.0317 -49.5797
vn 0.430816 0.0118176 -0.902362
v -15.3586 -46.1108 -47.5749
vn 0.368795 0.276571 -0.887411
v -17.7955 -39.5619 -47.4772
vn 0.258154 0.414463 -0.872684
v -26.5502 -36.3322 -49.0769
vn 0.406299 0.39749 -0.822753
v -17.5341 -37.1549 -46.4614
vn 0.18706 0.626918 -0.756296
v -32.6073 -31.4868 -47.2973
vn 0.225332 0.51901 -0.824533
v -35.4519 -34.284 -50.0516
vn 0.973547 -0.164591 -0.158482
v -65.3912 -22.2447 -47.2119
vn 0.961539 0.102885 -0.254672
v -65.4103 -18.5207 -46.8818
vn 0.726 0.448372 -0.521427
v -69.0819 -12.408 -48.6334
vn 0.623105 0.509928 -0.593054
v -72.4244 -6.63144 -47.1761
vn 0.313446 0.6918 -0.650511
v -76.8667 -5.4043 -50.3113
vn 0.153871 0.636804 -0.755516
v -93.188 -3.31885 -49.9496
vn 0.349759 -0.921509 -0.168787
v -76.2072 3.96107 -49.8569
vn -0.00266716 -0.997685 0.0679587
v -66.2657 7.48802 -46.5789
vn -0.986333 -0.14602 -0.0763297
v -143.685 15.4746 -46.6318
vn 0.693435 0.569125 -0.441864
v -54.4221 28.2904 -47.9482
vn 0.65072 0.596842 -0.469407
v -57.4762 33.4898 -45.6482
vn 0.637993 0.587785 -0.497466
v -66.1951 39.5395 -49.6635
vn 0.75142 0.420385 -0.508572
v -74.3814 51.726 -48.0773
vn 0.727245 0.315195 -0.609727
v -85.7878 69.8078 -52.8643
vn 0.703841 0.27824 -0.653598
v -86.517 74.4133 -51.4844
vn -0.730115 0.674767 -0.107805
v -116.634 85.7866 -45.6177
vn 0.523154 0.239781 -0.817811
v -88.703 94.0338 -48.9583
vn 0.203763 0.551764 -0.808726
v -88.0237 99.658 -47.0152
vn -0.479712 -0.8463 -0.231629
v -72.7979 -89.1121 -43.4752
vn -0.685737 -0.721165 -0.0984111
v -104.329 -76.8067 -45.4054
vn -0.791771 -0.610164 -0.0282662
v -109.535 -70.7938 -45.8287
vn -0.753721 0.63498 0.169425
v -83.9292 -65.7527 -50.3277
vn 0.48183 0.000360472 -0.876265
v -19.3647 -61.6283 -48.2081
vn 0.472818 -0.11535 -0.873577
v -15.8196 -52.5783 -47.1794
vn 0.897605 -0.292563 -0.329715
v -80.6971 -50.695 -47.6181
vn 0.840186 -0.528603 -0.121101
v -73.6157 -35.8323 -46.0554
vn 0.813857 -0.568551 -0.119947
v -69.4119 -29.9074 -46.6078
vn 0.796532 -0.554195 -0.241671
v -67.3318 -26.8101 -48.0127
vn 0.181787 0.857711 -0.480921
v -43.2583 -29.1453 -48.4088
vn 0.364044 -0.767776 -0.527249
v -87.5563 0.157884 -46.5801
vn 0.411054 -0.738884 -0.533934
v -76.5359 2.48197 -46.6457
vn 0.651859 -0.736023 -0.18262
v -74.088 4.31882 -46.3387
vn 0.299316 -0.925172 0.233382
v -70.1524 7.78144 -46.2081
vn 0.445676 -0.642598 -0.62325
v -47.1963 8.20026 -46.0588
vn 0.734653 -0.105958 -0.670117
v -45.7688 9.35718 -45.8548
vn 0.841413 0.408099 -0.35423
v -49.4865 21.5982 -47.6516
vn 0.768338 0.323702 -0.552154
v -81.9424 62.0217 -52.4131
vn -0.84057 0.527276 -0.124185
v -131.82 65.662 -46.5781
vn 0.704537 0.23673 -0.66902
v -83.3325 76.0286 -47.3594
vn -0.159062 -0.985118 -0.0651304
v -53.9552 -93.892 -46.7632
vn -0.0620129 -0.99755 0.03238
v -53.2092 -94.0893 -45.2774
vn -0.315105 -0.9314 -0.182214
v -65.7371 -91.2925 -46.5671
vn 0.31349 -0.758424 -0.571417
v -89.4878 -83.7962 -44.4708
vn 0.833166 0.311249 -0.45712
v -7.99762 -87.8669 -47.6683
vn -0.874303 -0.456195 0.165774
v -79.4724 -80.6544 -47.4897
vn 0.553299 -0.0192066 -0.832761
v -17.4583 -62.1161 -47.0593
vn 0.912394 -0.18072 -0.367256
v -82.5022 -56.8105 -47.9875
vn -0.912365 -0.395289 -0.106476
v -119.731 -51.7707 -46.0067
vn 0.579964 -0.137837 -0.802896
v -12.5686 -50.5698 -45.5472
vn -0.904323 -0.397685 -0.155073
v -122.335 -43.9803 -50.4666
vn 0.508914 0.118062 -0.852683
v -13.3058 -44.8637 -46.5578
vn -0.887246 -0.427259 -0.17391
v -125.187 -38.2698 -49.1084
vn 0.0111799 0.99283 -0.119012
v -49.9018 -27.2586 -46.7571
vn -0.0154592 0.98457 -0.174307
v -46.7676 -27.3595 -45.093
vn -0.251584 0.965226 -0.0710213
v -55.948 -28.3755 -47.9327
vn -0.906823 -0.382566 -0.176964
v -133.79 -22.1703 -44.6886
vn -0.944852 -0.284607 -0.162028
v -138.358 -7.6478 -48.3659
vn 0.211028 0.594777 -0.775698
v -77.3524 -1.20148 -45.8672
vn 0.5171 -0.181881 -0.836377
v -88.4653 -0.369245 -46.9119
vn 0.157826 -0.873771 -0.460017
v -83.2268 1.81311 -47.6192
vn 0.922642 0.21456 -0.320462
v -46.9203 15.068 -46.9202
vn 0.927296 0.286961 -0.240364
v -47.4972 18.7177 -45.1236
vn 0.772066 0.492198 -0.402063
v -50.6666 24.2481 -46.7097
vn -0.99052 0.064195 -0.121444
v -144.025 33.5333 -47.0774
vn -0.951457 0.24807 -0.182185
v -142.193 41.4758 -49.7239
vn 0.668247 0.546374 -0.504898
v -69.676 45.1191 -47.7871
vn -0.933187 0.31063 -0.180753
v -141.734 44.8929 -47.0029
vn -0.863664 0.482139 -0.147062
v -134.273 60.4087 -50.2371
vn 0.644226 0.11024 -0.756849
v -85.1014 84.2855 -47.4901
vn 0.630223 0.126504 -0.766039
v -86.4599 87.5876 -48.1136
vn -0.684038 0.715741 -0.140736
v -112.725 89.6149 -46.5584
vn 0.315207 0.348456 -0.882736
v -86.0914 99.7407 -46.4281
vn -0.0209705 -0.997127 0.0727876
v -21.2375 -94.2757 -45.3276
vn -0.314933 -0.938593 -0.140929
v -68.4504 -91.3536 -42.2363
vn -0.318091 -0.931151 -0.178259
v -92.741 -84.1085 -43.0309
vn 0.722292 -0.29579 -0.625143
v -90.9529 -78.2275 -48.8412
vn 0.78481 -0.283688 -0.550993
v -86.4491 -74.6833 -44.1543
vn -0.58098 -0.813454 -0.0274814
v -101.295 -79.1916 -44.969
vn 0.781051 -0.356646 -0.512604
v -88.7849 -75.37 -47.0219
vn -0.677336 -0.729903 0.0919708
v -104.633 -76.5822 -43.141
vn 0.748672 -0.509807 -0.423777
v -87.1817 -74.1881 -45.6006
vn -0.763117 -0.641457 0.0786469
v -106.995 -73.9626 -43.1578
vn -0.98564 -0.145156 0.0862812
v -79.8655 -77.7257 -44.4854
vn 0.718619 0.148868 -0.679282
v -14.1006 -70.1874 -44.9509
vn 0.640753 0.190314 -0.743785
v -16.5435 -68.5932 -46.9961
vn -0.833989 -0.548827 -0.0570145
v -111.679 -67.6722 -47.0606
vn 0.660576 -0.044627 -0.749432
v -14.8482 -60.034 -45.1535
vn 0.904268 -0.0834789 -0.418725
v -82.9472 -61.3488 -47.2196
vn -0.887381 -0.457786 -0.054661
v -116.549 -59.374 -45.6647
vn 0.620343 -0.168026 -0.766121
v -13.6123 -55.1251 -45.2071
vn -0.905366 -0.404913 -0.127899
v -121.478 -47.826 -45.9221
vn -0.788081 0.462306 0.40645
v -72.6578 -46.166 -45.5841
vn 0.567987 0.134486 -0.811976
v -11.408 -43.6228 -45.0859
vn 0.872926 -0.445558 -0.198693
v -77.4779 -42.1307 -47.7477
vn -0.722943 0.583398 0.370135
v -64.9085 -35.1423 -45.3247
vn 0.264446 0.563463 -0.782674
v -23.6028 -33.4491 -46.3554
vn 0.261113 0.576948 -0.77392
v -21.514 -31.6659 -44.2191
vn 0.197128 0.639091 -0.74344
v -27.967 -29.9509 -44.7992
vn -0.641578 0.692881 0.329079
v -62.9562 -32.6951 -45.657
vn 0.228774 0.683496 -0.693178
v -38.2021 -29.6391 -47.0087
vn 0.15384 0.817612 -0.554836
v -40.1193 -28.0064 -45.3938
vn 0.134393 0.726543 -0.67385
v -33.3403 -28.6127 -44.6983
vn -0.89138 -0.417376 -0.176748
v -131.613 -26.3943 -46.2474
vn 0.889449 -0.456933 -0.00958159
v -66.3516 -25.3101 -45.2611
vn 0.446835 -0.581361 -0.679969
v -9.63838 -21.7151 -43.0137
vn 0.0997415 -0.429838 -0.89738
v -13.4654 -22.7643 -43.8466
vn -0.134576 -0.431609 -0.891966
v -22.1411 -21.0475 -44.1927
vn -0.0256086 -0.276333 -0.960721
v -17.0911 -20.8824 -44.4241
vn 0.817835 -0.236696 -0.524519
v -7.48083 -19.0221 -43.3723
vn -0.439879 -0.536043 -0.72053
v -27.7468 -18.3355 -43.9675
vn -0.234155 -0.212501 -0.948691
v -28.0124 -16.9236 -44.4946
vn 0.118041 -0.00175436 -0.993007
v -9.4222 -17.155 -44.6972
vn 0.463915 -0.143008 -0.874261
v -8.22293 -18.1814 -44.3726
vn 0.468289 0.28617 -0.83595
v -8.9414 -12.0002 -43.7184
vn -0.441113 -0.21109 -0.872273
v -31.5437 -13.6657 -43.6991
vn -0.101492 -0.0441706 -0.993855
v -26.7408 -10.1093 -45.0427
vn -0.940075 -0.304004 -0.154406
v -137.415 -13.8669 -42.6104
vn 0.326634 0.388171 -0.861762
v -13.942 -6.91563 -43.8902
vn 0.126545 0.207978 -0.969913
v -17.5347 -6.29973 -44.5343
vn -0.216088 -0.230423 -0.948794
v -36.3806 0.35938 -44.1282
vn -0.0300772 0.191143 -0.981101
v -27.3576 -4.86097 -44.979
vn 0.0987062 0.460744 -0.882027
v -24.1344 -3.94481 -44.424
vn 0.202587 0.538779 -0.817726
v -17.787 -4.05556 -43.6404
vn 0.110344 0.518381 -0.848001
v -27.6251 -2.74624 -44.0917
vn 0.40765 0.161082 -0.898818
v -90.7418 -1.26471 -48.2638
vn 0.16809 0.473503 -0.864604
v -85.6109 -0.43056 -46.1221
vn 0.49944 0.390794 -0.773201
v -74.6454 -1.11297 -44.286
vn -0.0286015 0.0803513 -0.996356
v -31.273 -2.20569 -44.3999
vn -0.967926 -0.221272 -0.118991
v -141.069 3.70048 -48.2043
vn 0.174631 0.362297 -0.915557
v -35.1618 0.287145 -44.2198
vn 0.400471 0.648974 -0.646881
v -37.8652 2.5052 -43.8697
vn 0.128424 -0.0711422 -0.989164
v -42.8231 4.93896 -43.9977
vn 0.0560124 0.133385 -0.98948
v -39.2789 2.83919 -44.1649
vn 0.165118 -0.430675 -0.887274
v -45.5174 6.77985 -44.7515
vn 0.118019 -0.954683 -0.273224
v -50.1125 7.50571 -46.6684
vn 0.196998 -0.970029 -0.142254
v -70.486 7.97995 -45.0883
vn 0.695392 0.552439 -0.45961
v -54.7104 31.3426 -44.3773
vn 0.729984 0.379523 -0.568406
v -72.4027 51.895 -45.1759
vn 0.762041 0.324103 -0.56058
v -76.0551 55.9038 -47.7382
vn -0.861313 0.484501 -0.152967
v -135.236 60.5722 -44.1
vn 0.75289 0.277279 -0.596887
v -78.1974 61.8723 -47.3854
vn 0.725039 0.276655 -0.630699
v -80.9137 69.0928 -47.5364
vn 0.66392 0.107377 -0.740054
v -83.7816 79.0595 -47.0631
vn 0.550702 0.00759513 -0.834668
v -82.79 86.4574 -45.6579
vn 0.488159 -0.0394607 -0.871862
v -81.4772 92.5209 -45.3029
vn 0.468632 0.0527791 -0.881815
v -85.5826 90.588 -47.205
vn 0.393007 0.0653244 -0.917212
v -81.2293 98.8826 -45.2043
vn -0.332346 0.855438 -0.397206
v -100.322 96.8293 -50.2665
vn 0.449228 0.238352 -0.861036
v -79.696 100.568 -44.3218
vn 0.245408 0.660554 -0.709537
v -79.9029 101.744 -43.6956
vn -0.217181 -0.968388 -0.12271
v -59.2684 -92.8864 -46.8539
vn -0.172464 -0.984316 -0.0371378
v -58.6424 -93.2405 -44.97
vn 0.677734 -0.579242 -0.452941
v -5.63344 -92.926 -43.6672
vn -0.48569 -0.866219 -0.117346
v -97.1427 -81.9119 -43.7104
vn 0.768535 -0.550395 -0.32622
v -85.37 -70.9387 -46.0788
vn -0.836131 0.185707 0.516138
v -79.5208 -65.9132 -44.9959
vn 0.882207 -0.264181 -0.389769
v -81.8854 -62.7008 -42.3494
vn -0.862419 -0.493428 0.112972
v -116.477 -59.0883 -40.9423
vn -0.834907 0.347131 0.427118
v -76.7462 -54.4224 -46.1867
vn -0.895349 -0.445192 -0.0124328
v -117.435 -57.7263 -44.4689
vn 0.588946 0.123678 -0.798653
v -10.1303 -42.8735 -44.0261
vn -0.890952 -0.413183 -0.188372
v -131.79 -29.8076 -38.1346
vn 0.0141532 0.913325 -0.406985
v -41.0782 -26.9586 -43.5417
vn 0.212313 -0.68306 -0.698822
v -13.2103 -23.5456 -43.2115
vn -0.0895166 -0.606353 -0.790141
v -18.1315 -23.0848 -43.0987
vn 0.792734 0.383343 -0.473943
v -67.0702 -10.4063 -43.7076
vn 0.0178668 0.117446 -0.992919
v -25.5583 -5.76743 -45.1315
vn 0.123542 0.756717 -0.641963
v -25.8883 -1.04541 -42.4617
vn 0.192638 -0.791868 -0.579513
v -84.173 0.86315 -46.1388
vn 0.228214 -0.515212 -0.82612
v -77.1385 1.02193 -45.5323
vn -0.0678193 -0.789779 -0.60963
v -47.8722 6.21539 -44.1182
vn -0.972455 -0.207267 -0.106636
v -142.195 7.50148 -46.2024
vn 0.689229 -0.702417 -0.177689
v -71.4997 7.39011 -44.467
vn -0.0213795 -0.906409 -0.421859
v -67.156 7.54162 -44.8738
vn -0.952179 0.261372 -0.15824
v -142.606 43.4994 -44.3712
vn 0.688927 0.477311 -0.545485
v -70.7114 48.8814 -45.4376
vn -0.879537 0.44479 -0.169047
v -137.471 56.7459 -43.1961
vn -0.799748 0.592805 -0.0947904
v -127.151 72.4493 -45.8491
vn 0.675887 0.148984 -0.721789
v -80.5462 77.0012 -44.2933
vn 0.55837 -0.0738766 -0.826296
v -80.8527 89.5335 -44.6325
vn 0.556 -0.0356698 -0.830416
v -79.9345 93.9809 -44.449
vn -0.628973 0.760102 -0.163212
v -109.542 92.5776 -45.8814
vn -0.552204 0.813383 -0.182973
v -106.866 94.6117 -45.8256
vn -0.436538 0.848835 -0.298184
v -103.942 95.0246 -50.6805
vn -0.283096 0.916484 -0.282689
v -97.7937 99.9867 -43.9256
vn -0.020538 -0.992666 0.119128
v -20.55 -93.9963 -42.5215
vn -0.0240411 -0.996595 0.0788677
v -19.7761 -94.348 -45.4144
vn 0.232344 -0.867454 -0.439932
v -86.898 -85.5706 -40.2591
vn -0.74809 -0.659078 -0.0773204
v -76.8418 -84.9185 -46.5897
vn 0.692577 -0.314087 -0.649374
v -88.3714 -82.6051 -44.5464
vn 0.803293 0.361695 -0.473177
v -9.45507 -81.0144 -44.937
vn -0.863348 -0.504026 0.024237
v -114.582 -62.8995 -43.5567
vn -0.847114 0.277666 0.4531
v -77.4578 -57.8281 -45.3761
vn 0.733953 -0.0956967 -0.672425
v -13.5712 -59.8048 -43.9046
vn 0.66861 -0.212173 -0.712702
v -11.0102 -54.3295 -42.9783
vn -0.863243 0.312813 0.396182
v -75.1948 -56.0459 -42.1143
vn -0.831188 0.384295 0.4018
v -74.298 -50.2655 -44.8437
vn 0.640147 -0.0871436 -0.763294
v -11.0747 -47.9939 -44.7107
vn 0.625598 -0.14693 -0.766184
v -7.82479 -50.1163 -41.615
vn -0.88949 -0.438607 -0.128187
v -122.482 -47.0107 -41.7894
vn -0.72951 0.542241 0.416881
v -68.2555 -39.6873 -45.3652
vn 0.489409 0.316404 -0.81263
v -12.2792 -39.8383 -44.3015
vn -0.8763 -0.443038 -0.189252
v -128.423 -34.5454 -42.7335
vn -0.54535 0.591454 0.593949
v -62.5798 -33.9971 -43.4775
vn 0.388506 0.479906 -0.786608
v -15.9809 -35.5026 -44.5485
vn -0.373402 0.70571 0.602116
v -56.8299 -30.236 -43.2684
vn -0.456812 0.820848 0.342828
v -59.4658 -30.0642 -45.6944
vn -0.301694 0.888228 0.346457
v -55.9081 -28.5067 -45.6454
vn 0.155867 0.670037 -0.72578
v -27.1095 -28.7621 -43.5557
vn 0.14966 0.51049 -0.84676
v -21.0025 -27.5461 -40.9559
vn -0.187925 0.976135 0.108836
v -51.9901 -27.5473 -46.1902
vn 0.0401288 0.843194 -0.53611
v -35.8678 -27.0048 -43.0479
vn 0.0923098 0.751259 -0.65352
v -33.0335 -27.346 -43.2802
vn -0.30383 -0.622164 -0.721525
v -23.6284 -21.5703 -43.4902
vn 0.744986 -0.549521 -0.378184
v -7.6485 -20.7354 -42.082
vn -0.922928 -0.346525 -0.167702
v -136.561 -15.9959 -43.821
vn -0.577319 -0.556378 -0.597616
v -32.0419 -15.1361 -42.6293
vn -0.389063 -0.158949 -0.907395
v -33.2331 -10.5718 -43.3717
vn 0.598013 0.546178 -0.586576
v -11.3676 -6.04123 -41.6584
vn -0.321592 -0.128259 -0.938152
v -34.4581 -4.00234 -43.6915
vn -0.167843 -0.0378082 -0.985088
v -29.0494 -7.77695 -44.8809
vn 0.149577 0.759391 -0.633207
v -21.7895 -2.55675 -43.0566
vn -0.504695 -0.441011 -0.742154
v -41.498 -0.737807 -41.0435
vn 0.27567 0.117371 -0.95406
v -77.7186 -0.017979 -45.4713
vn 0.227166 -0.150473 -0.962161
v -86.8838 0.053339 -46.1215
vn 0.525033 -0.219288 -0.822346
v -74.864 0.856311 -44.0257
vn -0.25909 -0.54422 -0.797933
v -44.2292 4.98771 -43.7561
vn 0.331804 0.728688 -0.599099
v -34.1681 0.837621 -43.3957
vn 0.469191 0.443671 -0.763555
v -42.0569 5.99136 -43.4428
vn -0.971747 -0.19268 -0.136314
v -141.776 2.62639 -41.9447
vn -0.146642 -0.971363 -0.186947
v -54.2942 7.53412 -44.3036
vn 0.286219 -0.655787 -0.698586
v -71.2053 7.30823 -44.0438
vn 0.136267 -0.88089 -0.453282
v -62.9747 7.04585 -42.8364
vn 0.685621 0.240839 -0.686964
v -44.337 8.26444 -44.4457
vn -0.995578 0.0388784 -0.0855182
v -144.763 30.572 -41.7299
vn 0.659537 0.540792 -0.522069
v -64.8192 42.4971 -44.3062
vn 0.648819 0.436242 -0.623479
v -68.4029 48.8917 -42.8149
vn 0.710693 0.311201 -0.630928
v -71.4988 54.8707 -42.4439
vn 0.719121 0.223437 -0.657983
v -77.7787 68.8311 -44.1392
vn -0.76107 0.641357 -0.0971287
v -119.225 82.7943 -45.7159
vn 0.5993 -0.00789233 -0.800486
v -80.721 85.2508 -44.1843
vn -0.232621 0.925155 -0.299958
v -92.3696 102.393 -41.9181
vn 0.521306 0.498505 -0.692627
v -76.7752 101.931 -41.797
vn 0.0754115 0.803006 -0.59118
v -86.2848 102.284 -44.0533
vn 0.335929 -0.924843 -0.178372
v -5.25318 -93.6026 -41.0538
vn 0.558863 -0.8038 -0.203907
v -3.5296 -92.9813 -40.8238
vn -0.0838917 -0.993668 0.0747445
v -54.8685 -93.8676 -42.3402
vn 0.813558 -0.373076 -0.446024
v -2.88628 -92.5656 -40.4208
vn -0.17826 -0.963014 -0.20206
v -88.8224 -85.9405 -38.9052
vn 0.613098 -0.542778 -0.574024
v -87.149 -84.2208 -42.303
vn -0.837655 -0.0441503 -0.544412
v -81.1718 -81.1967 -36.5058
vn 0.863404 -0.221061 -0.453503
v -84.4525 -71.515 -42.5116
vn 0.724223 0.307918 -0.616998
v -13.5149 -72.328 -45.3789
vn -0.935547 0.237846 0.261114
v -78.2885 -68.469 -40.9783
vn -0.920168 0.273927 0.279741
v -76.3123 -63.5732 -39.1406
vn -0.798906 0.427493 0.423082
v -72.1578 -48.7023 -42.1947
vn -0.887095 -0.428631 -0.171284
v -125.592 -39.9419 -43.2802
vn 0.898572 -0.38007 -0.219352
v -75.9355 -40.8561 -42.4418
vn 0.402215 0.353859 -0.844398
v -12.6944 -34.2286 -42.1208
vn 0.839619 -0.54155 -0.0419925
v -70.7049 -31.7725 -44.1907
vn -0.29432 0.81866 0.493124
v -52.7251 -29.3623 -42.2044
vn -0.108805 0.969553 -0.219384
v -42.9305 -26.4753 -41.9721
vn 0.985302 -0.168384 -0.0287444
v -65.1107 -21.7061 -43.1891
vn 0.907961 0.276405 -0.314971
v -65.9766 -14.6899 -44.8907
vn 0.789514 0.25138 -0.559889
v -7.48061 -13.1004 -42.9567
vn -0.947546 -0.27651 -0.160311
v -139.034 -9.79096 -41.4502
vn 0.459921 -0.0939506 -0.882975
v -71.5597 0.695561 -41.9608
vn 0.20261 0.851095 -0.484341
v -27.0215 -0.539869 -41.8187
vn 0.613026 -0.377738 -0.693911
v -73.1918 2.67665 -43.4502
vn 0.0809506 -0.971363 -0.223384
v -59.494 7.55409 -43.217
vn -0.0792997 -0.940775 -0.329627
v -56.3995 7.65009 -42.3745
vn 0.892233 0.318149 -0.320471
v -44.6501 10.1365 -43.634
vn -0.992806 -0.0919449 -0.07669
v -144.124 16.066 -42.2007
vn 0.789567 0.464369 -0.40118
v -49.4325 26.7156 -41.3878
vn -0.996608 -0.0209035 -0.0795959
v -144.7 26.494 -42.3357
vn -0.914476 0.365622 -0.173361
v -140.695 49.3085 -44.1708
vn 0.670044 0.396042 -0.627847
v -70.3481 51.5874 -42.9531
vn 0.736961 0.262102 -0.623049
v -75.25 62.0279 -43.6521
vn -0.793126 0.603964 -0.0786034
v -124.461 76.8079 -39.7362
vn -0.100162 0.91004 -0.402237
v -88.8577 102.46 -43.6542
vn 0.0160614 0.945742 -0.324522
v -83.9377 103.563 -41.2786
vn -0.0431339 -0.983917 0.173338
v -13.8891 -93.5618 -37.8058
vn 0.000111296 -0.995085 0.0990284
v -13.9212 -94.0395 -41.5517
vn -0.0599938 -0.993329 0.098478
v -54.9283 -93.6474 -40.5524
vn 0.870053 0.0665553 -0.488445
v -4.35963 -91.4178 -42.4852
vn 0.884809 -0.218306 -0.411649
v -80.7522 -57.8841 -42.8859
vn 0.674031 -0.244628 -0.697022
v -9.2741 -56.562 -40.4858
vn -0.896511 -0.441283 -0.0392083
v -119.801 -52.7206 -39.4893
vn 0.908845 -0.274561 -0.314034
v -78.6113 -48.0242 -43.6543
vn 0.890345 -0.237902 -0.388186
v -77.2175 -45.2294 -41.6665
vn 0.543706 0.131576 -0.828898
v -7.48132 -41.4208 -41.9039
vn 0.491928 0.297094 -0.818378
v -8.55269 -40.2135 -42.1836
vn -0.402871 0.47964 0.779513
v -61.3694 -34.8542 -42.1076
vn 0.24103 0.463046 -0.852932
v -17.4852 -30.4865 -41.999
vn 0.849936 -0.525625 -0.0364277
v -69.0021 -29.367 -41.508
vn -0.278743 0.923846 0.262318
v -48.3744 -27.9389 -42.1537
vn -0.294352 0.953859 0.0592398
v -45.2709 -26.8502 -41.8985
vn 0.930544 -0.365163 -0.0272666
v -65.7308 -23.7585 -40.3656
vn -0.576712 -0.419432 -0.701057
v -35.7803 -13.0899 -40.8124
vn 0.86767 0.199582 -0.455319
v -65.8094 -8.28932 -39.2292
vn -0.493775 -0.203929 -0.84534
v -36.1514 -8.62128 -42.1771
vn 0.336204 0.695613 -0.634894
v -15.3078 -2.78011 -41.5242
vn 0.125293 0.938123 -0.322842
v -21.0399 -0.812007 -39.6068
vn -0.340318 -0.629215 -0.698765
v -47.0328 2.17678 -39.0875
vn -0.986099 -0.145063 -0.0810311
v -143.683 11.0138 -38.687
vn 0.942027 0.294086 -0.16155
v -45.9315 15.0154 -41.9627
vn 0.868049 0.366687 -0.334711
v -48.6183 23.1881 -43.214
vn 0.750857 0.459511 -0.474408
v -49.7586 28.7087 -39.8339
vn -0.982865 0.125778 -0.134746
v -144.52 35.9021 -41.5617
vn 0.6322 0.501103 -0.590948
v -61.8096 42.9685 -39.979
vn 0.715451 0.206315 -0.667505
v -72.5703 63.436 -40.1886
vn 0.640193 0.0396615 -0.767189
v -78.3537 78.0034 -42.4048
vn -0.638991 0.76395 -0.0898358
v -110.806 92.3959 -40.9221
vn 0.570913 0.59745 -0.563127
v -74.3124 102.722 -38.6541
vn 0.00952398 -0.999762 0.0196261
v -17.9571 -94.424 -47.812
vn -0.174751 -0.984611 0.00192635
v -65.9971 -92.5849 -35.2838
vn -0.0192493 -0.983985 0.17721
v -19.7824 -93.509 -39.3371
vn -0.688053 -0.669806 -0.279184
v -77.2615 -86.6589 -39.7625
vn -0.989679 0.1428 0.0120312
v -79.7145 -74.7552 -41.2669
vn 0.772828 -0.138827 -0.619245
v -83.9291 -77.8786 -39.907
vn 0.923783 -0.281449 -0.259635
v -83.614 -68.5352 -42.3337
vn 0.793651 -0.0661537 -0.604766
v -11.1374 -62.616 -40.5139
vn 0.865196 -0.21867 -0.451242
v -79.5248 -55.3784 -41.603
vn -0.715979 0.514741 0.471609
v -69.5716 -45.7322 -40.9492
vn 0.527252 -0.0234348 -0.849386
v -5.11939 -43.6826 -40.309
vn -0.311794 0.688786 0.65449
v -61.2039 -41.9232 -38.3925
vn -0.501451 0.58213 0.640056
v -66.7108 -43.1752 -40.183
vn 0.455726 0.140938 -0.878891
v -5.46786 -39.2157 -40.2921
vn -0.582844 0.491474 0.647106
v -66.08 -40.5278 -41.8095
vn -0.361999 0.430488 0.826823
v -55.7209 -37.3537 -39.4202
vn -0.475171 0.474796 0.740797
v -55.9122 -39.7472 -38.3783
vn 0.41772 0.268598 -0.867966
v -9.06589 -36.3156 -41.0703
vn -0.343622 0.403331 0.848085
v -60.2337 -35.7111 -41.2533
vn -0.634488 0.477792 0.607569
v -52.0235 -33.6207 -38.9022
vn 0.852615 -0.50346 -0.139918
v -71.389 -33.3809 -39.4262
vn -0.424481 0.605893 0.672837
v -50.4938 -29.8452 -40.42
vn -0.529277 0.766486 0.363821
v -48.6031 -28.8382 -39.7122
vn -0.33849 0.633355 0.695907
v -54.3511 -30.728 -41.5041
vn 0.014001 0.771474 -0.636106
v -31.1299 -25.1927 -40.3727
vn 0.0298878 -0.583317 -0.811695
v -16.0482 -26.0902 -40.679
vn -0.954361 -0.28381 -0.0929873
v -26.5243 -22.1382 -37.8548
vn 0.719595 -0.640415 -0.268424
v -9.11051 -22.8234 -40.892
vn -0.569533 -0.713437 -0.408216
v -35.3078 -14.7677 -39.6567
vn 0.943464 0.050533 -0.327599
v -5.57192 -14.1697 -38.8384
vn -0.512267 -0.228621 -0.827837
v -38.0473 -4.02197 -41.9087
vn -0.964655 -0.206069 -0.164245
v -140.282 -5.10709 -41.1613
vn 0.21062 0.886811 -0.411345
v -15.5304 -1.03121 -38.987
vn 0.367169 0.891833 -0.264237
v -31.9163 1.4966 -40.1818
vn 0.26018 -0.429757 -0.864648
v -70.109 4.54035 -42.3214
vn -0.229375 -0.819951 -0.524469
v -54.3265 6.58837 -41.4589
vn 0.879332 0.299625 -0.370135
v -46.7371 24.4394 -37.3123
vn -0.99961 -0.0192179 -0.0202628
v -144.863 26.5937 -39.1318
vn 0.628179 0.577722 -0.52118
v -59.6687 39.6637 -40.8737
vn 0.689955 0.271768 -0.670898
v -71.0932 58.991 -40.211
vn 0.681089 0.159594 -0.714596
v -74.6213 70.4171 -40.552
vn 0.650478 0.0551462 -0.757521
v -75.7109 76.2028 -40.1521
vn -0.784513 0.614182 -0.0855575
v -122.019 79.7595 -43.0024
vn 0.639077 -0.053424 -0.767285
v -75.1916 87.0998 -40.0137
vn 0.601964 -0.0611642 -0.796177
v -77.7669 88.5568 -42.3612
vn -0.553935 0.824144 -0.11808
v -106.782 95.5607 -41.2971
vn 0.647007 -0.0424907 -0.761299
v -75.1131 95.4009 -40.9117
vn -0.441111 0.888011 -0.129834
v -99.793 100.014 -40.8804
vn 0.64981 0.150714 -0.745005
v -75.084 100.094 -40.9507
vn 0.242931 0.857136 -0.454205
v -77.4937 102.858 -41.1841
vn -0.457878 -0.887105 0.0582422
v -93.963 -83.7499 -39.5337
vn -0.58412 -0.786018 0.202436
v -97.7522 -81.335 -39.0973
vn 0.818501 0.314233 -0.48095
v -6.42967 -82.9001 -41.0623
vn 0.795789 -0.170291 -0.581137
v -85.3782 -80.1395 -41.5428
vn -0.840238 0.142582 -0.523135
v -80.6305 -76.2462 -38.0303
vn 0.778326 0.264087 -0.56962
v -10.9184 -75.427 -43.545
vn 0.788362 0.157251 -0.594775
v -10.6517 -69.6688 -40.7927
vn -0.94672 0.320898 0.0272955
v -77.3617 -67.5423 -38.061
vn -0.778617 -0.59618 0.195767
v -109.34 -69.6548 -38.0517
vn 0.797625 -0.204053 -0.567589
v -82.4027 -68.1067 -40.1211
vn 0.795938 -0.252777 -0.550078
v -81.0751 -64.8386 -39.7669
vn -0.933507 0.310411 0.179469
v -74.3445 -57.3669 -38.8543
vn 0.577671 -0.15222 -0.801951
v -5.15611 -48.3434 -39.7833
vn 0.529284 -0.0416596 -0.847421
v -3.38323 -43.8944 -39.3208
vn -0.758886 0.453169 0.467686
v -53.0329 -36.3098 -38.4589
vn 0.276453 0.19226 -0.941599
v -13.1704 -28.8301 -40.1375
vn 0.0379607 0.162927 -0.985908
v -19.0722 -27.1695 -40.7325
vn -0.14834 0.915535 -0.373885
v -39.6176 -25.3044 -39.3528
vn -0.279473 -0.441073 -0.852848
v -22.864 -24.9569 -40.8375
vn 0.993377 -0.0445963 -0.105894
v -64.7054 -18.3571 -40.223
vn -0.684864 -0.643973 -0.340971
v -27.157 -20.0029 -42.232
vn -0.568878 -0.815409 -0.107174
v -32.0201 -17.6209 -38.1265
vn 0.904595 -0.398152 -0.152258
v -6.32574 -19.0118 -39.7447
vn -0.574881 -0.688844 -0.441594
v -38.7702 -13.2744 -37.2212
vn -0.597339 -0.353118 -0.720065
v -39.774 -10.4111 -39.3317
vn 0.826298 0.416312 -0.379363
v -6.94418 -10.4281 -39.4707
vn 0.782872 -0.0430449 -0.620691
v -64.67 -6.69762 -37.5046
vn 0.705774 0.186779 -0.683371
v -67.3482 -4.82802 -40.144
vn 0.559067 0.243467 -0.79257
v -69.9103 -1.86305 -41.1726
vn -0.633555 -0.293738 -0.715769
v -40.9115 -2.85201 -40.2767
vn 0.49649 0.769694 -0.401334
v -14.0861 -1.72204 -39.1227
vn 0.651495 0.548242 -0.52439
v -55.5429 35.7597 -40.3469
vn 0.624232 0.326988 -0.709516
v -68.3326 53.3761 -40.0801
vn -0.852046 0.506392 -0.132606
v -136.398 60.0357 -39.121
vn -0.832162 0.542264 -0.115998
v -132.599 65.4702 -41.9248
vn -0.747199 0.661762 -0.0613591
v -116.633 86.7818 -38.0484
vn -0.698716 0.710009 -0.0876576
v -113.052 90.313 -40.5147
vn -0.370762 0.927849 -0.0403973
v -98.3937 100.698 -39.7376
vn -0.288305 0.953816 -0.0843511
v -93.1331 102.496 -40.0997
vn -0.155938 0.971813 -0.176812
v -87.5023 103.794 -39.5731
vn 0.108629 0.970226 -0.216473
v -78.5931 104.561 -36.5836
vn -0.223613 -0.967592 -0.117319
v -64.9298 -92.3926 -41.4176
vn 0.00859861 -0.988326 0.152114
v -37.526 -93.452 -38.8839
vn 0.914405 -0.240306 -0.325756
v -2.33075 -92.1442 -39.1391
vn 0.47681 -0.781894 -0.401614
v -85.0783 -86.2475 -37.2727
vn 0.850721 0.268939 -0.451604
v -4.98328 -86.7159 -41.0213
vn -0.896565 -0.356381 -0.262989
v -78.7096 -83.7288 -41.0781
vn 0.745617 -0.310016 -0.589869
v -83.9863 -83.5966 -38.2723
vn 0.800363 0.292389 -0.523381
v -8.18497 -79.1926 -41.5995
vn 0.76291 0.16655 -0.624683
v -8.50161 -73.408 -39.1839
vn 0.646304 -0.111419 -0.754902
v -7.41538 -61.7314 -37.2846
vn 0.727633 -0.0642965 -0.682946
v -10.6569 -63.7102 -39.7408
vn 0.788071 -0.211343 -0.578168
v -78.4761 -57.6618 -39.332
vn 0.638701 -0.243431 -0.729933
v -7.69381 -56.9564 -38.7563
vn 0.699005 -0.175997 -0.693121
v -76.5669 -55.2207 -37.7963
vn 0.809641 -0.184712 -0.557102
v -77.5018 -50.8726 -40.3879
vn 0.608463 -0.260097 -0.749748
v -4.32787 -51.3767 -38.2345
vn 0.726535 -0.159872 -0.668273
v -75.3036 -50.65 -37.4821
vn -0.550025 0.794502 0.257369
v -66.8009 -46.2045 -36.2212
vn 0.73601 -0.188132 -0.650304
v -73.6699 -44.0564 -37.1819
vn 0.878562 -0.404754 -0.253582
v -73.7186 -37.6197 -39.7779
vn 0.431229 0.139018 -0.891468
v -3.11659 -37.7966 -39.0472
vn 0.372046 0.291222 -0.881346
v -7.67933 -34.3654 -39.865
vn 0.84513 -0.36046 -0.394744
v -71.6882 -34.9196 -36.8588
vn -0.705478 0.676929 0.209926
v -47.9986 -29.8196 -36.9874
vn 0.469442 0.131526 -0.873112
v -10.5333 -28.1516 -38.9655
vn 0.355569 0.29451 -0.887037
v -6.26492 -30.8068 -38.0535
vn -0.904993 -0.39039 -0.169065
v -133.448 -27.228 -35.6314
vn 0.10145 -0.104287 -0.989359
v -14.7759 -26.8866 -40.2773
vn 0.648588 0.354089 -0.673761
v -8.78831 -25.8076 -37.3435
vn 0.028086 0.589973 -0.806935
v -26.7251 -25.5636 -40.6003
vn 0.862885 -0.480855 -0.15559
v -67.4311 -27.2472 -38.0705
vn -0.565631 0.824649 -0.00393092
v -26.2553 -22.2018 -37.1785
vn -0.415554 0.146687 -0.897662
v -25.0343 -24.7078 -40.1298
vn 0.540887 -0.301256 -0.785294
v -10.8513 -25.7231 -39.6184
vn 0.912881 -0.334973 -0.233327
v -65.3673 -23.6383 -36.9861
vn -0.184068 0.924531 -0.33371
v -36.515 -23.6377 -36.9368
vn -0.843701 -0.402057 0.355696
v -26.5537 -21.4577 -37.4688
vn 0.42383 -0.165391 -0.890513
v -66.2742 -1.65519 -39.2198
vn 0.313886 -0.387983 -0.86657
v -61.7639 1.5018 -38.4364
vn 0.144927 0.985623 -0.0868543
v -25.9513 0.622031 -34.3039
vn -0.41921 -0.517415 -0.746019
v -45.99 -0.118443 -37.9462
vn 0.263622 -0.494762 -0.828079
v -65.7751 3.95304 -40.8792
vn 0.228297 -0.614242 -0.755372
v -61.273 5.52877 -40.39
vn -0.0928403 -0.653066 -0.751588
v -54.7058 4.45852 -39.0794
vn -0.241208 -0.793974 -0.558053
v -49.7968 4.49206 -40.5517
vn 0.593376 0.723192 -0.353411
v -39.2518 5.22286 -40.6488
vn 0.135319 -0.518224 -0.844472
v -59.8656 3.1508 -38.6987
vn -0.977385 -0.180333 -0.110445
v -142.896 8.466 -41.5039
vn 0.0388366 -0.759538 -0.649302
v -57.5802 6.98706 -41.3005
vn 0.959114 0.243715 -0.14389
v -45.725 16.6164 -37.0048
vn -0.998884 -0.0471117 -0.00323855
v -144.682 18.6712 -38.183
vn -0.909791 0.377502 -0.172549
v -141.017 50.6201 -39.9711
vn 0.652795 0.22843 -0.722273
v -69.9664 62.4748 -37.7526
vn 0.700788 0.13774 -0.699946
v -73.0201 69.5042 -39.0257
vn 0.666662 0.050941 -0.743618
v -71.863 77.6626 -36.8643
vn 0.396567 0.872326 -0.285974
v -71.7946 103.637 -34.1787
vn -0.382783 -0.912891 -0.141801
v -75.4734 -89.7336 -35.1271
vn -0.548699 -0.798028 -0.24916
v -79.148 -88.254 -33.5604
vn -0.629564 -0.752401 0.193758
v -101.538 -78.3709 -39.0909
vn 0.220988 -0.188482 -0.95689
v -81.3538 -81.1022 -36.4055
vn -0.937015 0.334776 -0.0996393
v -78.7401 -71.145 -38.1119
vn 0.611305 -0.141001 -0.778733
v -80.7898 -69.6978 -38.0573
vn -0.831994 -0.543598 0.110852
v -111.909 -66.881 -41.0903
vn -0.934953 0.326792 -0.138092
v -75.6 -61.6876 -37.5414
vn -0.828393 0.481231 -0.286673
v -73.2174 -54.8823 -35.5539
vn -0.865284 -0.500982 -0.0173463
v -121.727 -49.2593 -37.3454
vn -0.744217 0.60808 0.276368
v -69.2454 -48.2809 -36.9801
vn 0.568927 -0.135839 -0.811092
v -1.18918 -44.8633 -37.714
vn -0.46291 0.742686 0.483872
v -55.9678 -40.8993 -37.3798
vn -0.869548 -0.480297 -0.114899
v -125.403 -42.9624 -36.2499
vn 0.819156 -0.233716 -0.523794
v -75.0301 -40.9308 -39.8584
vn 0.470454 0.129945 -0.872804
v -1.79134 -36.8323 -38.2153
vn -0.438009 0.898955 -0.00520043
v -43.7466 -26.4849 -38.2452
vn 0.89882 -0.421136 -0.121519
v -5.49962 -18.0917 -36.7759
vn 0.979532 -0.087072 -0.181481
v -4.12216 -15.4161 -34.4687
vn 0.953442 -0.082688 -0.29002
v -64.2311 -19.1251 -36.5532
vn 0.943191 0.0533171 -0.327944
v -64.6732 -10.9846 -37.4072
vn -0.706632 -0.432077 -0.56034
v -40.4062 -10.5291 -38.5823
vn -0.625128 -0.421921 -0.656656
v -44.6776 -6.68823 -35.2161
vn -0.95922 -0.245412 -0.140247
v -140.332 -5.75465 -40.262
vn 0.24615 0.949915 -0.19254
v -14.8781 -0.51977 -36.4113
vn -0.976907 -0.175453 -0.121935
v -142.296 0.811696 -35.701
vn 0.609145 0.381402 -0.695324
v -61.4895 45.3502 -38.0536
vn -0.765944 0.639817 -0.062958
v -120.004 82.5059 -39.7634
vn 0.653831 -0.0567656 -0.754508
v -72.7686 86.9744 -38.0606
vn 0.648026 -0.0707714 -0.758323
v -71.8438 90.2323 -37.606
vn -0.702119 0.711327 -0.0322853
v -114.443 89.3393 -33.8441
vn 0.701175 0.0101202 -0.712918
v -69.9376 94.4014 -36.2333
vn 0.687856 0.220321 -0.691602
v -72.7716 100.152 -38.6259
vn 0.00818653 -0.989933 0.141299
v -43.5918 -93.3338 -37.1071
vn 0.0464318 -0.976221 0.211746
v -42.4471 -92.9715 -34.9256
vn 0.0451242 -0.974086 0.221633
v -37.8666 -92.8561 -35.7363
vn -0.0468215 -0.969114 0.242126
v -19.3777 -93.1165 -37.4186
vn 0.00883198 -0.973908 0.226771
v -33.141 -93.1852 -37.7127
vn 0.875408 0.091691 -0.474609
v -0.920091 -90.5791 -35.455
vn -0.366161 -0.919308 -0.144218
v -71.6625 -90.5455 -39.4921
vn -0.334237 -0.930913 0.147264
v -88.0027 -86.2055 -36.3801
vn 0.0220683 -0.985936 -0.165659
v -86.4119 -86.5444 -37.6155
vn 0.314074 -0.639841 -0.701399
v -83.0696 -85.9554 -35.5929
vn 0.565575 -0.123789 -0.815353
v -82.3155 -75.6935 -38.5746
vn -0.710119 -0.659446 0.246702
v -105.62 -73.6016 -36.6309
vn 0.58528 -0.0569512 -0.808829
v -81.5442 -72.9593 -38.0259
vn -0.348939 0.264694 -0.898988
v -79.1232 -71.2221 -36.9578
vn 0.699314 0.0814961 -0.710154
v -9.03996 -68.358 -38.6845
vn 0.672701 -0.194212 -0.713971
v -78.898 -63.1706 -37.8357
vn -0.840265 -0.498865 0.21234
v -117.568 -55.1984 -33.0689
vn -0.872668 0.435218 0.22144
v -72.8805 -53.88 -37.9297
vn 0.555561 -0.261193 -0.789386
v -1.81774 -51.3867 -36.3689
vn -0.350891 0.90537 0.239125
v -60.1817 -43.3427 -35.1624
vn -0.395554 0.909134 0.130433
v -56.4157 -42.6266 -33.8663
vn 0.76846 -0.138934 -0.624633
v -72.2589 -38.3036 -36.8179
vn 0.812512 -0.44442 -0.377246
v -67.4763 -28.8957 -35.4912
vn 0.40683 0.324563 -0.853902
v -1.37452 -31.1802 -36.4114
vn 0.9837 -0.0661059 0.167226
v -9.19611 -23.2989 -37.1861
vn 0.683112 0.63077 -0.368085
v -10.5503 -4.78736 -39.0686
vn 0.327076 -0.480226 -0.813882
v -59.4219 -1.40576 -36.1582
vn -0.556494 -0.418114 -0.71798
v -44.1724 -2.40538 -37.71
vn 0.462151 0.879428 -0.114116
v -33.4916 2.72346 -37.6268
vn -0.176638 -0.558278 -0.810632
v -49.5537 1.47346 -37.7539
vn -0.994146 -0.104144 -0.0287795
v -144.268 14.7579 -38.0885
vn 0.592889 0.49553 -0.63477
v -56.6163 40.067 -37.5133
vn -0.968177 0.212325 -0.132482
v -143.969 41.9772 -38.6194
vn -0.972237 0.233405 -0.0166722
v -143.567 45.6768 -34.2209
vn 0.605242 0.332474 -0.723287
v -64.4007 51.753 -37.4324
vn -0.832365 0.546936 -0.0896134
v -134.748 63.537 -34.6624
vn -0.510396 0.854815 -0.0937394
v -104.348 97.5684 -38.3819
vn -0.337813 0.939355 0.0591105
v -94.3885 102.046 -33.5298
vn -0.0498526 -0.969338 0.240621
v -7.7536 -92.8573 -32.6935
vn 0.0157238 -0.963865 0.265928
v -32.266 -92.35 -34.4824
vn -0.525117 -0.807603 -0.268384
v -75.4094 -88.7461 -38.8046
vn -0.4503 -0.239471 -0.860165
v -81.2505 -81.5655 -36.4394
vn -0.6265 -0.71388 0.312846
v -103.228 -74.4841 -32.9531
vn 0.711852 0.0350476 -0.701454
v -6.50394 -68.1696 -36.1954
vn -0.77474 0.307649 -0.552385
v -77.6194 -67.5942 -36.767
vn 0.659395 -0.138448 -0.738939
v -5.15462 -62.766 -35.0755
vn 0.486693 -0.0660709 -0.871071
v -74.6546 -57.077 -36.153
vn 0.539279 -0.162114 -0.826376
v 1.10124 -46.6122 -35.9833
vn -0.731296 0.625968 0.270868
v -53.926 -40.6353 -33.9566
vn 0.52146 -0.0511212 -0.851743
v 3.79599 -42.2644 -34.8434
vn 0.484218 0.0716892 -0.872005
v 1.05695 -36.6309 -36.6648
vn 0.488642 0.133547 -0.862203
v 3.58621 -36.2217 -35.1233
vn 0.36424 0.335731 -0.868685
v 0.565823 -29.3276 -34.8866
vn -0.676246 0.73411 -0.0614269
v -44.4007 -26.9525 -33.1902
vn 0.368116 0.690423 -0.622742
v -8.31419 -23.757 -35.2776
vn 0.14181 0.987916 0.0625509
v -13.6997 -21.9157 -34.6412
vn -0.338459 0.909488 -0.241408
v -38.9326 -23.6923 -35.26
vn 0.0113619 0.978397 0.206425
v -18.0657 -21.5632 -34.4878
vn 0.0236343 0.953773 -0.299596
v -22.4528 -21.4266 -34.8746
vn 0.314082 0.0510176 0.948024
v -13.901 -21.4871 -35.0285
vn 0.704758 -0.665949 0.244598
v -7.43656 -20.5322 -36.7062
vn -0.467825 -0.741716 0.480621
v -25.8278 -20.7121 -36.4156
vn -0.112258 -0.459236 0.881193
v -18.5977 -20.8152 -35.0602
vn 0.56337 -0.2292 -0.793777
v -64.985 -3.93823 -38.1648
vn -0.2137 -0.565556 -0.796541
v -48.5013 -2.66151 -35.1585
vn 0.0825672 -0.545079 -0.834309
v -56.4044 -0.551668 -35.7866
vn 0.088787 -0.519986 -0.849548
v -55.5226 1.6798 -37.1552
vn 0.798 0.55932 -0.224404
v -43.2101 10.4088 -38.7566
vn -0.995594 -0.089882 -0.0267128
v -143.821 8.1851 -30.0929
vn 0.905135 0.397793 -0.149968
v -44.5101 13.0506 -37.2902
vn 0.949099 0.163895 -0.26898
v -47.2997 22.4011 -40.2628
vn 0.572212 0.370161 -0.731816
v -58.5589 45.7605 -35.4395
vn 0.56635 0.286299 -0.77284
v -58.0949 47.3498 -34.507
vn -0.926441 0.356455 -0.12102
v -142.018 50.445 -34.7425
vn 0.569362 0.277636 -0.773786
v -64.6303 56.9295 -35.6931
vn -0.883015 0.449611 -0.134667
v -138.596 56.7004 -37.4163
vn -0.80481 0.586411 -0.0916692
v -129.52 70.4583 -37.8171
vn 0.637706 -0.0348327 -0.769492
v -70.2356 84.4451 -35.4563
vn 0.644037 -0.0683446 -0.761935
v -69.2148 87.5353 -35.0465
vn 0.651367 0.580509 -0.4886
v -70.1537 102.338 -34.4969
vn -0.0720646 0.989722 -0.12352
v -84.1074 105.024 -34.4338
vn 0.0112795 -0.971805 0.235516
v -46.295 -92.5717 -32.1233
vn -0.0897223 -0.959172 0.268215
v -13.4657 -92.5302 -33.3805
vn 0.761662 -0.553746 -0.336506
v -0.824396 -92.1495 -34.4394
vn -0.115451 -0.993297 0.00559154
v -84.2114 -86.5504 -33.4531
vn -0.11987 -0.873795 -0.471289
v -81.3306 -87.2263 -33.6897
vn -0.535482 -0.727928 0.428229
v -99.96 -76.6892 -32.027
vn 0.791353 0.230482 -0.56625
v -4.24542 -78.0775 -34.718
vn 0.784167 0.160176 -0.599522
v -5.56383 -75.4242 -35.8611
vn -0.609974 0.245776 -0.753343
v -76.2412 -62.8387 -36.1224
vn 0.241893 -0.0358614 -0.96964
v -77.0384 -64.5279 -36.1744
vn -0.428549 0.270254 -0.862154
v -74.6925 -58.245 -36.2559
vn 0.596213 -0.252087 -0.762222
v -3.09572 -60.6348 -33.9082
vn 0.595494 -0.266134 -0.757997
v -2.63085 -55.8243 -35.3098
vn 0.562457 -0.287773 -0.775131
v 1.10966 -53.3941 -33.4295
vn -0.800074 0.5913 -0.101224
v -70.4321 -49.8756 -33.9666
vn 0.72301 -0.255347 -0.641915
v -70.1312 -33.3961 -35.4708
vn -0.310507 0.918312 -0.245535
v -37.5596 -22.6967 -33.2844
vn 0.44995 0.771273 0.450203
v -11.8728 -21.9621 -34.9333
vn -0.910031 -0.379187 -0.167513
v -135.665 -21.0504 -37.2476
vn -0.0548005 0.967759 -0.245844
v -25.1901 -21.7576 -35.9095
vn -0.0240442 -0.949709 0.312211
v -19.6394 -19.585 -31.8457
vn 0.59952 -0.773566 0.205356
v -5.53446 -18.1206 -33.4013
vn -0.62385 -0.623667 -0.47101
v -42.5519 -13.1523 -31.4149
vn -0.970508 -0.202833 -0.13028
v -141.478 -3.3464 -35.8821
vn 0.504364 0.843685 -0.183882
v -11.421 -1.50082 -32.8575
vn 0.307348 0.951595 0.00209503
v -29.2807 1.42414 -32.2455
vn 0.649911 0.754381 -0.0923285
v -39.3428 6.64804 -36.532
vn 0.814835 0.571806 -0.0952972
v -41.3405 9.2721 -30.3058
vn 0.904506 0.0889323 -0.417086
v -45.6312 24.2139 -34.5657
vn 0.779608 0.3257 -0.534912
v -46.9172 30.5014 -33.9406
vn 0.647101 0.468249 -0.601667
v -52.3516 35.4057 -36.9182
vn -0.998041 0.0590489 -0.0206579
v -144.773 37.3772 -37.9537
vn 0.634456 0.0622152 -0.770451
v -70.197 73.1596 -35.7429
vn -0.653803 0.755751 -0.0371658
v -111.487 92.1624 -34.5521
vn 0.759751 0.289465 -0.582226
v -69.2992 100.311 -35.0665
vn 0.12991 0.985762 -0.106759
v -75.3081 104.76 -33.109
vn 0.136079 -0.989992 0.0373808
v -2.65343 -93.3452 -34.5567
vn -0.081853 -0.975245 0.205418
v -65.1293 -92.4576 -33.2993
vn 0.781504 -0.106428 -0.614756
v 2.17605 -90.8639 -30.8976
vn -0.247573 -0.961149 0.122067
v -73.326 -90.6919 -31.7837
vn 0.799174 0.242846 -0.549861
v -2.38571 -84.0182 -35.0783
vn -0.493537 -0.809476 0.318072
v -94.1158 -82.5656 -34.6404
vn 0.134856 0.0795382 -0.987668
v -79.4557 -71.5232 -37.0369
vn 0.520055 0.00458719 -0.85412
v -70.8424 -49.2343 -32.9648
vn -0.845825 -0.520246 0.118005
v -119.51 -52.6131 -35.4254
vn 0.554152 -0.14165 -0.820275
v 6.9149 -42.428 -32.7916
vn -0.441662 0.896643 0.0310874
v -65.265 -45.996 -33.7773
vn 0.644829 -0.20951 -0.735052
v -70.3239 -48.1148 -32.8694
vn -0.507258 0.807987 -0.299743
v -55.4137 -42.1334 -33.032
vn 0.587981 -0.139485 -0.796757
v -70.6898 -42.1566 -34.8307
vn 0.593745 -0.0792987 -0.800736
v -69.2302 -36.8594 -34.0853
vn -0.868292 0.49259 0.0585123
v -51.2434 -35.7168 -33.6828
vn 0.646387 -0.259847 -0.717401
v -67.6918 -32.0561 -33.6645
vn 0.393338 0.270049 -0.878839
v 5.54535 -29.9941 -32.7917
vn 0.329892 0.438087 -0.836213
v 0.701646 -24.957 -32.7392
vn -0.524252 0.839151 -0.14486
v -42.109 -25.2217 -35.1105
vn 0.218392 0.76682 -0.603567
v -5.78697 -22.0198 -32.4215
vn 0.649367 -0.280131 -0.707
v -61.2115 -8.15293 -33.3892
vn -0.457294 -0.458978 -0.761722
v -46.001 -4.00332 -35.5697
vn 0.191032 0.978993 -0.0712702
v -14.8104 -0.117376 -32.5565
vn -0.998336 -0.0552398 0.0165253
v -144.735 22.4065 -28.7549
vn 0.976252 0.0563184 -0.209189
v -45.4794 18.2399 -33.3775
vn -0.94101 0.338373 0.00172663
v -142.177 50.4148 -32.5996
vn 0.567132 0.272542 -0.777227
v -59.6011 56.8217 -32.3043
vn 0.540222 0.245912 -0.804791
v -63.4277 61.1128 -33.4292
vn 0.588938 0.245984 -0.769834
v -67.2801 62.3426 -35.7272
vn 0.614407 0.129081 -0.778359
v -68.8649 69.9316 -35.0955
vn 0.56896 0.134199 -0.811342
v -66.2791 67.7896 -33.4453
vn 0.577702 0.0553974 -0.814366
v -66.1671 76.6544 -32.7748
vn 0.58488 0.00914045 -0.811068
v -69.0791 82.8629 -34.5049
vn 0.618222 0.0572792 -0.783913
v -64.6784 79.6367 -31.4808
vn 0.602663 0.000572269 -0.797996
v -67.0956 83.1748 -33.0549
vn 0.727379 0.044252 -0.684808
v -66.7907 94.0169 -33.0776
vn -0.0197522 0.999771 -0.00823193
v -82.9689 105.203 -32.2743
vn 0.216159 0.974395 -0.0618912
v -71.891 104.402 -30.9446
vn 0.515581 -0.82073 -0.246128
v 2.05038 -91.5698 -30.3003
vn -0.0231983 -0.977142 0.211318
v -48.7522 -92.5042 -32.2571
vn -0.226841 -0.970675 0.0795762
v -69.4778 -91.6916 -33.2396
vn 0.724659 0.136588 -0.675435
v -3.28276 -78.0067 -33.6021
vn -0.819927 -0.533082 0.208671
v -112.518 -63.7815 -34.8971
vn -0.231899 0.476324 -0.848138
v -69.5829 -48.0814 -32.3123
vn -0.820602 -0.570029 0.0409888
v -124.237 -45.0812 -32.7412
vn -0.879966 -0.45196 -0.146262
v -130.219 -34.6643 -34.5821
vn 0.481065 0.0627703 -0.874435
v 7.63779 -34.7258 -32.6611
vn -0.037873 -0.967416 0.250343
v -23.1249 -19.5677 -32.4108
vn 0.85219 -0.101673 -0.513259
v -62.9805 -13.4129 -33.5301
vn 0.940175 0.237882 -0.243893
v -4.43704 -11.8103 -33.7424
vn 0.802619 0.528326 -0.276902
v -6.56259 -6.27181 -32.1683
vn -0.976577 -0.19488 -0.0912134
v -142.501 -1.03637 -31.1025
vn -0.986567 -0.139488 -0.0850263
v -143.534 5.89671 -32.3012
vn -0.998323 -0.0498611 0.0294137
v -144.569 19.8056 -25.456
vn 0.808912 0.145341 -0.569682
v -44.2251 27.2209 -31.4652
vn -0.990185 0.138522 -0.0185931
v -144.282 41.8761 -35.3045
vn 0.583042 0.287368 -0.759922
v -56.5003 51.5339 -31.8868
vn -0.91266 0.408473 0.0142027
v -140.764 53.6838 -30.7495
vn -0.876507 0.480534 -0.0286873
v -138.682 57.6857 -32.8647
vn -0.839785 0.537993 -0.0729713
v -134.076 65.3596 -29.4681
vn -0.771761 0.631983 -0.0705905
v -122.295 80.6165 -31.226
vn 0.717567 0.0550887 -0.694307
v -65.5955 90.535 -32.0688
vn -0.455925 0.888647 0.04938
v -100.858 99.0694 -31.2549
vn 0.296493 -0.954791 0.021602
v -0.63321 -92.6501 -31.7485
vn 0.0671004 -0.960677 0.269439
v -41.6813 -92.2602 -32.1588
vn -0.38753 -0.890575 0.23811
v -82.0112 -86.885 -31.4631
vn 0.736324 0.18013 -0.652212
v -0.092775 -84.3836 -32.2159
vn 0.679383 0.086559 -0.728661
v -0.305236 -79.2391 -30.9438
vn 0.672232 -0.0123262 -0.740238
v -2.66393 -67.7241 -32.5194
vn 0.61314 -0.174957 -0.770357
v -2.05121 -62.9487 -32.4772
vn -0.279807 0.889638 -0.360905
v -60.4819 -43.3287 -33.2407
vn -0.849591 0.503272 -0.157836
v -52.4881 -38.7523 -32.8312
vn -0.806879 -0.584899 0.0826979
v -126.45 -42.1307 -30.8809
vn -0.860733 -0.499833 -0.0964614
v -128.025 -39.5229 -32.281
vn 0.452181 0.244835 -0.857664
v 9.32166 -30.9912 -31.4571
vn 0.792599 -0.322979 -0.517176
v -65.3162 -25.6878 -34.3234
vn 0.862743 -0.138171 -0.486399
v -63.4624 -22.8863 -32.4836
vn 0.323634 0.604668 -0.727763
v 1.00287 -23.2138 -31.5741
vn -0.125545 0.961163 -0.245772
v -34.3757 -22.1257 -33.2923
vn 0.0240099 0.964749 -0.262074
v -18.6233 -20.6353 -31.1434
vn -0.941429 -0.325323 -0.088745
v -137.265 -19.5517 -30.8739
vn 0.156618 -0.917374 0.365917
v -8.46142 -19.3064 -32.5261
vn 0.945642 -0.325016 -0.0112561
v -4.1302 -15.9019 -32.6075
vn 0.668865 -0.259118 -0.696762
v -61.0524 -12.1555 -31.353
vn 0.364077 -0.50736 -0.781046
v -59.9792 -5.63337 -33.7577
vn 0.0754582 -0.624223 -0.777593
v -55.3573 -4.50213 -32.9896
vn -0.204505 -0.630791 -0.748519
v -51.0391 -5.10481 -32.5837
vn 0.577574 0.313112 -0.753902
v -55.2542 46.0717 -33.0172
vn 0.646595 0.0291101 -0.762278
v -65.1063 83.832 -31.6273
vn 0.722541 0.613413 -0.318838
v -67.341 101.6 -30.1424
vn 0.0377978 -0.956728 0.288518
v -35.883 -91.1073 -30.1929
vn 0.7024 -0.555134 -0.445488
v 4.6721 -90.6119 -28.2966
vn -0.0393633 -0.957059 0.287209
v -17.7841 -91.5228 -31.7009
vn -0.379102 -0.841514 0.384885
v -87.8239 -85.0293 -32.6723
vn -0.421773 -0.723775 0.546129
v -90.1535 -82.8623 -31.1655
vn -0.527124 -0.714352 0.460262
v -94.4128 -81.3453 -32.7522
vn -0.616746 -0.693111 0.373125
v -104.079 -72.3657 -30.3122
vn -0.760267 -0.592194 0.26702
v -108.859 -67.2737 -30.8952
vn 0.622768 -0.0630018 -0.779866
v -0.660026 -67.2775 -30.734
vn 0.570223 -0.210686 -0.794013
v 0.871908 -60.9383 -30.8323
vn 0.559458 -0.287303 -0.777472
v 3.2917 -55.0056 -31.2791
vn 0.55191 -0.267655 -0.789782
v 4.42438 -51.4154 -31.8615
vn 0.542843 -0.277499 -0.792664
v 7.23224 -50.8854 -30.1382
vn -0.786406 -0.554083 0.273053
v -118.786 -51.8653 -30.701
vn -0.748372 -0.622334 0.229433
v -123.477 -45.6068 -30.3726
vn 0.412308 -0.254965 -0.87464
v -69.5463 -47.4043 -32.4654
vn 0.134444 0.0474641 -0.989784
v -66.1289 -43.545 -32.8838
vn 0.341462 0.0474368 -0.938698
v -66.6334 -37.1684 -32.6743
vn -0.409729 0.397212 -0.821185
v -52.8596 -38.6164 -32.2348
vn -0.068324 0.490737 -0.868625
v -57.4016 -42.5835 -32.5694
vn 0.0295659 0.283661 -0.958469
v -56.7977 -37.6296 -31.1287
vn 0.492339 0.00116024 -0.870403
v 13.5906 -33.5786 -29.3899
vn 0.298879 0.0978207 -0.949264
v -63.8618 -33.354 -31.3114
vn 0.2525 0.117462 -0.960441
v -62.2054 -32.4958 -30.7398
vn 0.500132 -0.0963712 -0.86057
v -65.4603 -31.5776 -32.1959
vn 0.557411 -0.114602 -0.822289
v -63.8683 -29.656 -31.6399
vn -0.743234 0.616979 -0.25873
v -48.6728 -31.2794 -31.251
vn 0.413068 0.48414 -0.771352
v 7.9842 -27.2112 -30.194
vn -0.918066 -0.393521 -0.0479135
v -134.424 -27.4054 -29.334
vn -0.208351 0.880306 -0.426205
v -38.4437 -21.9122 -29.4731
vn 0.245286 0.621253 -0.744231
v -2.88875 -23.2332 -32.6504
vn -0.0201708 0.975274 -0.220077
v -22.2655 -20.822 -32.1801
vn 0.0227915 0.943584 -0.330347
v -14.9648 -20.3093 -29.6606
vn 0.135403 0.840914 -0.523956
v -4.46542 -20.837 -30.2464
vn 0.273966 0.734824 -0.620464
v 1.31068 -21.5118 -29.3973
vn 0.825943 -0.101567 -0.554529
v -62.5324 -15.6589 -32.4833
vn -0.432278 -0.888573 -0.153537
v -34.3197 -17.0534 -33.9169
vn -0.100049 -0.989169 0.107403
v -30.4496 -18.5559 -30.4489
vn 0.0626545 -0.958803 0.277077
v -18.0154 -18.3507 -27.7376
vn -0.948146 -0.315429 -0.0390437
v -138.775 -15.8231 -28.5814
vn -0.441668 -0.544 -0.713438
v -47.4557 -7.27807 -32.4414
vn -0.266237 -0.593108 -0.75983
v -50.8197 -7.13326 -30.8465
vn 0.618692 0.757854 -0.20707
v -9.36861 -2.71093 -31.5714
vn 0.132817 0.986213 0.0987103
v -27.2965 0.672694 -26.6936
vn 0.972773 0.136869 -0.187026
v -44.7731 16.5479 -30.3302
vn 0.707912 0.303368 -0.637831
v -45.4487 35.6504 -29.3975
vn -0.990331 0.123616 0.0629587
v -144.472 38.305 -26.4362
vn -0.977866 0.198537 0.0660305
v -143.78 43.0805 -27.5812
vn 0.617637 0.376224 -0.690638
v -52.6453 42.2893 -32.8091
vn 0.645445 0.322246 -0.692502
v -47.792 44.8211 -27.2418
vn 0.666653 0.246689 -0.703363
v -57.1165 64.7145 -27.6949
vn 0.588862 0.236057 -0.772993
v -59.0896 60.6061 -30.6676
vn 0.564712 0.133291 -0.814453
v -63.7141 68.2684 -31.7528
vn -0.757639 0.649756 -0.0616487
v -119.356 84.0149 -31.2751
vn 0.678561 0.0676256 -0.731425
v -62.8897 81.8885 -29.8309
vn -0.731828 0.679458 -0.0525841
v -116.79 87.2189 -28.1811
vn 0.746085 0.110771 -0.656572
v -63.1137 88.6286 -29.3453
vn -0.579426 0.814995 -0.00697634
v -106.361 96.1346 -35.3437
vn -0.0503691 -0.932956 0.35645
v -60.9607 -91.6429 -29.943
vn 0.00379194 -0.930628 0.365947
v -48.3276 -90.9754 -27.1599
vn -0.353088 -0.924065 0.146397
v -75.2451 -90.0869 -31.6877
vn -0.126244 -0.918393 0.374988
v -66.7415 -90.9684 -29.2128
vn -0.089929 -0.942337 0.322355
v -11.5403 -91.8962 -30.6492
vn -0.373043 -0.875028 0.308487
v -77.8285 -88.5759 -30.3098
vn -0.0560857 -0.942811 0.328577
v -16.8539 -90.4324 -28.0684
vn -0.402906 -0.764609 0.503031
v -79.7606 -86.5702 -27.9766
vn 0.69441 0.139067 -0.706014
v 5.11874 -84.8235 -26.6696
vn 0.698073 0.103448 -0.708514
v 3.80931 -82.5474 -27.3656
vn 0.533678 -0.25859 -0.805182
v 3.90815 -58.9546 -29.3821
vn 0.533757 -0.0935404 -0.840449
v 10.7247 -39.4468 -30.6783
vn -0.0294478 0.298829 -0.953852
v -55.251 -34.6633 -30.2456
vn -0.595097 0.477779 -0.646209
v -51.3589 -34.5823 -31.58
vn 0.464755 0.24533 -0.850774
v 13.3518 -31.7443 -29.3124
vn 0.60362 0.0826012 -0.792982
v -61.1893 -23.81 -29.6055
vn -0.567259 0.745533 -0.349854
v -42.8029 -24.6588 -31.2924
vn 0.744847 -0.065128 -0.66405
v -61.6656 -21.8769 -29.907
vn -0.0820506 0.947266 -0.309766
v -33.9015 -20.6635 -27.7882
vn 0.0138012 0.920719 -0.389982
v -6.49646 -20.196 -29.1673
vn -0.424479 -0.844858 -0.325627
v -39.2914 -15.1955 -32.4933
vn -0.951509 -0.285571 -0.114363
v -139.421 -12.0376 -33.0284
vn 0.976866 -0.178887 -0.117183
v -2.78742 -11.8697 -27.7343
vn 0.0494235 0.998749 0.00761199
v -22.6053 0.426571 -28.0343
vn 0.230948 0.970376 -0.0709529
v -13.3268 -0.139145 -28.324
vn 0.752377 0.658705 0.00605536
v -38.2988 5.82219 -26.7418
vn 0.920773 -0.197317 -0.336515
v -44.2847 20.6416 -29.685
vn 0.820751 -0.116429 -0.559296
v -42.4645 25.3856 -28.6889
vn 0.625468 0.280847 -0.727952
v -52.7049 53.9837 -27.7532
vn 0.617255 0.153148 -0.771713
v -60.4505 68.7926 -29.3029
vn -0.799464 0.593473 -0.0929938
v -129.232 71.8983 -30.4975
vn 0.630136 0.0903369 -0.771212
v -62.5769 76.3473 -30.1124
vn 0.80407 0.238393 -0.544647
v -67.644 99.0091 -33.1885
vn 0.831877 0.443811 -0.333186
v -64.945 99.8927 -27.4345
vn -0.371721 0.924685 0.0823477
v -97.2823 100.429 -28.741
vn -0.289325 0.953934 0.079379
v -89.7413 103.396 -30.8715
vn 0.00157583 0.993812 0.111068
v -80.2751 105.002 -29.1387
vn 0.00420578 -0.948216 0.317597
v -28.8358 -90.3165 -27.8374
vn -0.300032 -0.74403 0.596992
v -74.997 -87.9324 -27.1697
vn 0.760085 -0.150101 -0.63225
v 5.7696 -89.8385 -26.956
vn -0.412628 -0.698663 0.584473
v -84.746 -83.7239 -28.5507
vn -0.369806 -0.639654 0.673859
v -88.1932 -80.4889 -27.4418
vn -0.40159 -0.685207 0.607632
v -91.8968 -77.6808 -26.7405
vn -0.451305 -0.750315 0.483064
v -99.0516 -74.5528 -27.8439
vn 0.614871 -0.0613121 -0.786241
v 1.27011 -68.1999 -29.1937
vn 0.535577 -0.17674 -0.825785
v 2.81309 -62.2543 -29.219
vn -0.825558 -0.489627 0.28057
v -114.18 -59.3152 -30.3924
vn 0.518806 -0.266811 -0.812189
v 6.77619 -56.2976 -28.4066
vn 0.540309 -0.250861 -0.803203
v 10.5298 -51.0197 -27.81
vn 0.558908 -0.217996 -0.800062
v 9.64828 -45.6193 -30.0562
vn 0.561272 -0.208106 -0.80104
v 12.4666 -45.4982 -28.0703
vn -0.698886 -0.632711 0.333519
v -121.97 -44.906 -25.3167
vn 0.523574 -0.135823 -0.841084
v 15.7796 -37.5104 -27.7269
vn -0.890218 -0.449183 -0.0758121
v -132.609 -31.6612 -29.6383
vn -0.876193 -0.469359 0.109492
v -132.493 -31.8123 -27.6801
vn 0.309749 0.132601 -0.941527
v -60.6875 -30.7145 -30.1271
vn 0.352096 0.385236 -0.853008
v 13.5314 -26.2574 -27.3291
vn -0.0589927 0.383804 -0.921528
v -53.4672 -30.7369 -28.9102
vn 0.247312 0.229026 -0.94148
v -57.4907 -28.2695 -28.7504
vn -0.92979 -0.356212 -0.0927527
v -136.083 -23.3358 -29.8433
vn -0.0428069 0.968525 -0.245206
v -21.6683 -19.5724 -26.7535
vn 0.0945234 0.875912 -0.473121
v -0.142289 -19.3953 -26.6515
vn 0.110816 -0.993818 0.00683241
v -23.3604 -17.894 -23.7937
vn -0.438078 -0.706812 -0.555432
v -43.6452 -15.0946 -27.451
vn -0.426338 -0.59708 -0.679508
v -45.589 -10.9307 -30.7847
vn 0.348236 -0.375522 -0.858903
v -57.6124 -10.6269 -29.3215
vn -0.0782735 -0.491003 -0.867634
v -50.3402 -9.75179 -29.1302
vn 0.344017 -0.469666 -0.81306
v -56.8311 -8.02994 -30.4629
vn -0.965091 -0.246023 -0.0898411
v -141.229 -7.16734 -29.3096
vn 0.0548766 -0.604494 -0.794717
v -53.6148 -7.02327 -30.5984
vn 0.887151 0.417717 -0.196155
v -3.9505 -8.42176 -27.7094
vn 0.494381 0.866851 0.0644683
v -34.4787 3.24812 -29.7183
vn 0.915243 0.373799 -0.150349
v -44.0679 13.7813 -30.9888
vn 0.696979 0.297347 -0.652538
v -44.1928 38.0954 -26.9024
vn 0.655064 0.201365 -0.728247
v -58.4556 67.2467 -28.1619
vn 0.720847 0.143075 -0.678166
v -58.8388 72.9468 -27.1763
vn -0.783722 0.613195 -0.0988561
v -126.965 75.1969 -28.333
vn -0.765671 0.637796 -0.0834569
v -125.921 77.3823 -24.0303
vn -0.756188 0.647666 -0.093314
v -121.518 82.0379 -27.1897
vn -0.19162 0.979415 0.0634672
v -84.9947 104.955 -32.3404
vn 0.0510672 -0.946218 0.319474
v -44.7367 -91.187 -27.9857
vn 0.454034 -0.879047 -0.145359
v 4.75831 -90.8462 -26.8818
vn 0.0458869 -0.943916 0.326982
v -36.3711 -90.1404 -26.9344
vn 0.00880098 -0.941763 0.336161
v -30.1623 -89.2634 -24.9323
vn -0.0870484 -0.924517 0.371068
v -14.057 -89.9109 -26.0404
vn 0.546286 -0.127086 -0.827901
v 4.28865 -68.4531 -27.1823
vn -0.777433 -0.547269 0.309991
v -108.921 -63.7875 -23.7965
vn 0.520533 -0.209385 -0.82777
v 5.9456 -60.9434 -27.5718
vn -0.805139 -0.519626 0.285901
v -111.632 -61.9809 -27.777
vn -0.709005 -0.593601 0.380723
v -117.609 -49.0031 -23.8259
vn -0.848368 -0.523934 0.0759225
v -129.826 -36.3083 -27.6402
vn -0.453599 0.556665 -0.695969
v -49.184 -30.8448 -29.7977
vn -0.0187216 0.957988 -0.286197
v -16.4982 -19.3697 -26.5218
vn -0.0683015 -0.913628 -0.400773
v -32.0463 -18.6048 -24.6758
vn -0.993046 -0.116657 -0.0158508
v -143.382 2.02417 -26.9822
vn 0.0318164 0.998329 0.0482325
v -14.8819 0.1797 -24.4209
vn 0.746825 0.166004 -0.643969
v -39.9553 28.8907 -25.8588
vn -0.908644 0.406239 0.0966254
v -136.677 61.0565 -20.7422
vn -0.837283 0.542198 -0.0705493
v -133.457 67.1883 -23.0825
vn -0.80996 0.579733 -0.0887367
v -130.977 69.0079 -34.1169
vn 0.692357 0.097688 -0.714912
v -60.7711 79.3275 -28.1182
vn 0.76889 0.1259 -0.626864
v -60.1353 83.0142 -26.8823
vn 0.833569 0.21137 -0.510379
v -60.5485 90.516 -25.5901
vn 0.833633 0.248377 -0.493319
v -63.0901 94.3002 -27.651
vn 0.175302 -0.981511 0.0768423
v 1.75927 -91.7567 -27.6891
vn -0.234327 -0.869381 0.435049
v -71.546 -89.8118 -28.3189
vn -0.691969 -0.653592 0.306589
v -106.094 -69.5602 -28.801
vn 0.527457 -0.238368 -0.815457
v 12.1054 -53.136 -26.1418
vn -0.749581 -0.609616 0.25787
v -125.602 -42.6291 -29.0446
vn 0.454376 0.118909 -0.882838
v 18.3314 -31.6391 -26.5618
vn 0.101571 0.186035 -0.977279
v -54.4125 -27.0206 -27.9404
vn -0.525904 0.511977 -0.679194
v -46.7224 -26.678 -28.5895
vn 0.475447 0.0570456 -0.877893
v -59.6065 -21.7186 -28.0003
vn 0.291184 -0.89414 0.340186
v -8.17889 -17.6075 -28.3321
vn -0.000542853 -0.750071 -0.661358
v -34.3795 -18.9131 -24.7097
vn -0.204918 -0.843379 -0.49671
v -40.5 -16.2323 -28.384
vn -0.226344 -0.584474 -0.779204
v -45.1535 -15.1509 -26.7253
vn -0.138403 -0.556772 -0.819054
v -49.9627 -12.4348 -27.5626
vn -0.956806 -0.288205 -0.038221
v -140.458 -10.9602 -26.2369
vn -0.970925 -0.239382 -0.000384222
v -141.404 -7.64175 -25.324
vn 0.384434 0.911232 0.14787
v -32.6372 1.69099 -24.629
vn -0.998237 0.0459398 0.0375948
v -144.699 34.6275 -27.0951
vn -0.95685 0.281453 0.072258
v -142.273 48.7239 -26.1297
vn -0.873901 0.485756 -0.0183914
v -137.438 59.9349 -29.9628
vn -0.610752 0.791803 0.00554554
v -109.63 93.9524 -29.1421
vn -0.551314 0.834292 0.00321815
v -109.063 94.3506 -29.8764
vn -0.173121 0.968694 0.177933
v -85.8292 103.783 -25.8691
vn -0.0321713 0.975553 0.217398
v -80.3941 104.25 -25.2049
vn -0.25427 -0.726671 0.638198
v -70.9558 -88.1124 -25.4838
vn 0.752855 -0.0482751 -0.656413
v 9.40031 -88.4355 -23.2426
vn -0.369245 -0.611737 0.699597
v -79.9046 -85.1879 -26.6311
vn -0.325745 -0.581156 0.745754
v -77.5164 -83.1344 -24.0019
vn -0.35565 -0.634258 0.686462
v -86.0076 -79.4493 -25.5069
vn 0.666851 -0.0512574 -0.743426
v 5.97707 -76.167 -24.8529
vn 0.634802 -0.056908 -0.770577
v 4.09762 -75.8477 -26.5772
vn 0.563339 -0.159154 -0.810752
v 7.38697 -66.3299 -25.3603
vn 0.517241 -0.230642 -0.824176
v 9.28544 -61.1408 -25.486
vn 0.536028 -0.247242 -0.807184
v 12.5404 -57.846 -24.4601
vn 0.503788 -0.248286 -0.827376
v 8.78638 -56.9713 -26.9862
vn -0.816476 -0.423877 0.392041
v -113.412 -55.8588 -24.1499
vn 0.522325 -0.230661 -0.820958
v 14.7475 -52.0451 -24.7006
vn 0.498591 -0.213434 -0.84015
v 17.2841 -45.2134 -24.9093
vn 0.530347 -0.216336 -0.819714
v 15.8269 -45.4307 -25.7402
vn 0.436498 0.101816 -0.893926
v 21.2638 -30.4653 -25.0166
vn -0.152763 0.317733 -0.935793
v -49.259 -28.2535 -28.1751
vn 0.365092 0.349136 -0.863025
v 19.0565 -25.4228 -24.9112
vn -0.339042 0.632336 -0.696564
v -43.4785 -22.604 -27.7142
vn -0.0100355 0.603741 -0.797118
v -41.5424 -19.8508 -25.9893
vn 0.0519016 0.265642 -0.962674
v -46.2895 -21.8489 -26.6526
vn 0.148355 -0.107263 -0.9831
v -33.4887 -19.2108 -24.309
vn 0.0127266 0.884246 -0.466848
v -38.1671 -20.6273 -27.1084
vn 0.267668 0.619047 -0.738332
v 6.75328 -20.9128 -26.3503
vn 0.260333 0.575254 -0.775441
v 15.3766 -22.1576 -24.3462
vn 0.0333821 0.830052 -0.556686
v -29.2953 -19.1049 -23.4672
vn 0.145462 0.834275 -0.531814
v 5.30196 -19.0557 -24.6882
vn 0.203307 0.157905 -0.966298
v -45.9611 -18.9474 -26.0922
vn 0.196586 0.00114839 -0.980486
v -58.6914 -20.8518 -27.6326
vn 0.463846 -0.812472 0.353182
v -6.93002 -14.8217 -23.0901
vn 0.774576 -0.603727 0.188536
v -4.44478 -15.7082 -29.8792
vn 0.552795 -0.179937 -0.813659
v -58.327 -14.0816 -28.7036
vn 0.185376 -0.108329 -0.976678
v -47.0096 -15.7916 -26.2246
vn 0.0710178 -0.215446 -0.97393
v -47.681 -14.5944 -26.4006
vn 0.197638 -0.307487 -0.930801
v -56.0862 -12.8633 -28.1265
vn 0.774965 0.613327 -0.152512
v -6.58451 -4.08767 -26.439
vn 0.401534 0.914545 0.0487538
v -9.82085 -0.255213 -22.2332
vn 0.598795 0.794716 0.0993565
v -36.1515 3.56443 -24.2292
vn 0.944573 0.16609 -0.283188
v -42.9695 15.6696 -23.6551
vn 0.948817 -0.144399 -0.280882
v -43.7251 18.4962 -25.8896
vn -0.999647 -0.0080568 0.0252977
v -144.842 27.3181 -26.9568
vn 0.675643 0.306805 -0.670356
v -48.7895 52.774 -24.6767
vn 0.748295 0.207352 -0.630127
v -56.1058 73.2991 -23.9799
vn 0.791888 0.134697 -0.595626
v -57.6417 78.573 -24.7262
vn -0.0518588 -0.966741 0.250445
v -2.18425 -91.6192 -26.8604
vn -0.0139442 -0.952352 0.304681
v 1.15131 -91.2046 -24.3927
vn 0.195774 -0.973711 0.116445
v 3.5689 -91.2771 -25.3629
vn -0.0231867 -0.938336 0.344946
v -15.9375 -89.1798 -24.5321
vn -0.552674 -0.741745 0.379956
v -103.384 -70.1572 -25.2417
vn 0.615627 -0.202615 -0.761545
v 10.5737 -68.1066 -22.6248
vn -0.765106 -0.508181 0.395429
v -116.063 -50.9708 -23.7001
vn 0.497329 -0.157697 -0.853109
v 20.2576 -37.4951 -25.1297
vn 0.489918 -0.0528446 -0.870165
v 18.7555 -35.3273 -26.1638
vn -0.941228 -0.33677 0.0259801
v -138.065 -17.9466 -23.7326
vn -0.0844277 -0.4996 -0.862132
v -43.0052 -17.3784 -25.4913
vn 0.185728 -0.941429 0.281453
v -9.78534 -16.5062 -24.2858
vn 0.996477 0.0604553 -0.0581272
v -2.35468 -11.2886 -26.0797
vn -0.978222 -0.20705 -0.0145691
v -142.075 -4.52124 -26.1572
vn 0.163565 0.966297 0.198789
v -28.9698 0.440975 -23.7519
vn 0.720043 -0.385466 -0.577022
v -40.1267 23.4492 -24.5809
vn 0.704643 -0.0390443 -0.708487
v -38.3209 27.7345 -24.226
vn 0.680314 0.296276 -0.670368
v -53.2114 61.5284 -25.2242
vn -0.880385 0.474213 0.00667118
v -134.291 65.8077 -21.688
vn -0.806861 0.587588 -0.0609557
v -130.644 71.9651 -19.5035
vn -0.741975 0.667773 -0.0596049
v -120.892 83.3107 -23.4851
vn 0.873322 0.451115 -0.183859
v -61.4734 96.0766 -21.9753
vn 0.611029 -0.715798 -0.33805
v 8.26733 -89.5001 -24.215
vn -0.0166587 -0.887477 0.460551
v -50.2764 -89.236 -23.088
vn 0.76677 -0.538372 -0.3496
v 10.2459 -88.7775 -21.9087
vn -0.18038 -0.809464 0.558776
v -64.6792 -88.3555 -23.5022
vn 0.0152477 -0.932946 0.359693
v -32.283 -88.6425 -23.0836
vn -0.299523 -0.630546 0.716029
v -69.6727 -84.8915 -22.0645
vn 0.677026 0.0486009 -0.734353
v 7.54672 -79.2022 -23.5763
vn -0.353826 -0.583841 0.73071
v -82.4953 -80.1533 -24.2292
vn -0.336578 -0.584182 0.738543
v -79.0925 -78.595 -21.5243
vn -0.299488 -0.66647 0.682733
v -86.3707 -75.8348 -22.1117
vn -0.305169 -0.735512 0.604892
v -90.7623 -75.0514 -23.0369
vn -0.264355 -0.81863 0.509863
v -93.5601 -72.7906 -21.3468
vn 0.536877 -0.263796 -0.801358
v 15.8708 -56.0867 -22.6756
vn 0.483213 -0.217447 -0.84807
v 20.8903 -44.8274 -22.9201
vn -0.77907 -0.571391 0.257995
v -129.073 -36.1806 -24.3678
vn 0.488297 -0.150312 -0.859635
v 23.8792 -37.5863 -22.9757
vn 0.504979 -0.0257023 -0.862749
v 24.4727 -31.0651 -23.4043
vn 0.538671 0.152843 -0.828536
v 24.7134 -29.773 -23.1282
vn 0.482267 0.361043 -0.798164
v 25.1949 -24.9036 -21.1084
vn 0.427318 0.35822 -0.830107
v 20.8078 -25.8051 -24.2553
vn 0.0469396 0.913216 -0.404763
v 1.3337 -17.6598 -22.9155
vn 0.670966 -0.652341 0.352499
v -3.83726 -12.5407 -22.7893
vn 0.652892 0.757406 -0.00828193
v -8.60349 -1.03842 -21.8043
vn 0.897451 0.406086 -0.172268
v -41.9781 11.3692 -25.2126
vn 0.764733 -0.468028 -0.44287
v -42.5962 19.5552 -23.8471
vn 0.591127 -0.371981 -0.715681
v -38.3036 24.3235 -23.4156
vn 0.768016 0.140597 -0.624807
v -35.356 26.7529 -21.4018
vn 0.764972 0.250673 -0.59328
v -36.6984 31.8126 -21.0822
vn 0.711282 0.284449 -0.64278
v -41.2396 38.0687 -23.7035
vn 0.686332 0.312572 -0.656694
v -45.3359 45.742 -24.3749
vn -0.909285 0.399192 0.117669
v -141.097 51.1656 -22.6704
vn 0.735807 0.279694 -0.616734
v -53.3043 66.6853 -22.9593
vn 0.89474 0.331086 -0.299704
v -59.6332 91.9342 -22.5019
vn -0.559908 0.82826 0.0220774
v -108.793 94.3826 -25.1213
vn -0.483112 0.874396 0.0451098
v -104.785 96.6759 -24.655
vn 0.738252 0.670278 -0.0755746
v -64.4145 100.289 -24.2909
vn -0.283505 0.94869 0.140045
v -90.3266 102.589 -25.6357
vn -0.130515 0.959495 0.249671
v -85.1791 102.971 -21.4016
vn 0.522219 0.851633 -0.0448232
v -68.1308 103.595 -25.8617
vn 0.258282 -0.957835 0.125864
v 7.57661 -89.9561 -22.9756
vn -0.0502045 -0.7575 0.650902
v -54.432 -88.0931 -21.6258
vn -0.08261 -0.779219 0.621284
v -50.1468 -88.0955 -21.1578
vn 0.0219903 -0.913682 0.405833
v -41.3534 -88.7181 -22.5264
vn -0.119824 -0.923141 0.365313
v -8.46182 -89.3995 -23.1686
vn 0.720581 0.0898393 -0.687527
v 9.13261 -82.695 -22.4325
vn -0.385395 -0.804856 0.451307
v -99.1591 -71.6532 -22.986
vn 0.579289 -0.28093 -0.765181
v 13.3553 -61.11 -22.7868
vn 0.508774 -0.250717 -0.823584
v 18.6979 -50.305 -22.7502
vn 0.549492 -0.0646497 -0.832994
v 27.4214 -35.0293 -21.2752
vn -0.928033 -0.369513 0.047073
v -136.102 -23.058 -22.2986
vn 0.104836 -0.952563 -0.285716
v -27.8477 -18.3524 -24.3641
vn 0.277232 0.594433 -0.754846
v 17.2285 -19.5129 -21.9114
vn 0.0906943 0.791008 -0.605047
v 11.2487 -17.8095 -21.5739
vn 0.143398 -0.979847 0.139057
v -15.9717 -16.4716 -20.9933
vn 0.31886 -0.921879 0.220152
v -13.9438 -15.8452 -18.6535
vn 0.90038 -0.375595 0.219647
v -2.62635 -11.3381 -23.9016
vn -0.00509494 0.987597 0.156926
v -19.127 -0.01383 -22.4281
vn 0.124859 0.980857 0.14943
v -10.956 -0.188511 -20.4016
vn 0.585403 -0.341418 -0.735348
v -35.1687 24.1904 -20.9523
vn -0.997865 -0.0251749 0.0602648
v -144.623 24.1741 -23.5985
vn 0.763788 0.302363 -0.570266
v -39.6656 38.0092 -21.9431
vn 0.738689 0.332801 -0.586158
v -41.5865 42.382 -21.9693
vn -0.972068 0.201735 0.119948
v -143.105 43.6596 -21.3285
vn -0.912957 0.394775 0.103257
v -138.218 57.6342 -21.4779
vn 0.884713 0.222453 -0.409631
v -58.4936 86.221 -23.4042
vn -0.680579 0.732078 -0.0295682
v -114.294 89.8231 -25.7859
vn -0.169053 0.944497 0.281686
v -88.3 102.2 -20.1892
vn 0.492968 -0.868234 0.0561437
v 10.904 -88.5009 -19.7156
vn -0.0978294 -0.834034 0.54297
v -62.3058 -88.2886 -22.7382
vn -0.125004 -0.899362 0.418953
v -4.05122 -88.6062 -19.7226
vn -0.185984 -0.676337 0.712726
v -63.775 -86.9085 -21.5461
vn 0.833224 -0.0699887 -0.548489
v 11.5395 -87.1349 -20.5626
vn 0.667098 -0.116246 -0.735845
v 8.87619 -74.3928 -22.5815
vn -0.440095 -0.80317 0.40154
v -100.923 -68.6313 -18.4486
vn -0.665187 -0.673391 0.3226
v -105.789 -66.6312 -21.9111
vn 0.631844 -0.229124 -0.740456
v 14.6396 -69.3315 -18.7124
vn -0.824517 -0.440116 0.355626
v -110.253 -60.306 -22.1522
vn 0.50899 -0.264576 -0.819102
v 22.5423 -49.6133 -20.6303
vn 0.559507 0.110363 -0.821445
v 28.1161 -29.6427 -20.6341
vn 0.125563 -0.975784 0.17911
v -19.3185 -17.1954 -22.7314
vn 0.0839343 -0.126836 -0.988366
v -40.6812 -18.1123 -25.1008
vn -0.00664601 0.929247 -0.369399
v -0.950507 -17.7795 -23.2905
vn 0.971973 0.122406 0.20071
v -3.34684 -8.81104 -21.5677
vn 0.898366 0.437119 0.0432043
v -3.93112 -6.82521 -20.8174
vn -0.0409263 0.972163 0.230705
v -15.1894 -0.571204 -18.4063
vn 0.821725 0.569094 -0.0300021
v -38.0209 4.85494 -19.0876
vn -0.987601 -0.147909 0.0525961
v -143.4 3.18544 -20.8733
vn 0.87876 -0.202241 -0.432296
v -42.8095 18.3975 -23.1088
vn 0.661647 -0.475542 -0.579726
v -33.7788 22.5364 -18.8148
vn -0.994225 -0.00608917 0.107142
v -144.251 24.9391 -18.104
vn -0.775346 0.631088 -0.0238093
v -127.163 76.4127 -19.8665
vn -0.757611 0.649484 0.0647783
v -120.762 83.6086 -18.4631
vn 0.201879 0.954198 0.220797
v -68.8061 103.742 -25.2181
vn -0.00430511 -0.927833 0.372971
v 2.43137 -89.9066 -21.135
vn 0.154433 -0.931276 0.329963
v 8.81121 -89.1069 -19.7623
vn -0.0919078 -0.649538 0.754754
v -56.4591 -86.1195 -19.6765
vn -0.175246 -0.585423 0.791561
v -63.0283 -84.2677 -19.305
vn 0.824462 0.0260524 -0.565317
v 12.1812 -84.7153 -19.3924
vn -0.267408 -0.606959 0.748394
v -67.8153 -82.0436 -19.0852
vn -0.35499 -0.586658 0.727883
v -75.1521 -80.4392 -20.9789
vn -0.841815 -0.360594 0.401645
v -111.146 -56.5818 -20.1344
vn -0.828992 -0.360472 0.427589
v -111.247 -55.4813 -19.494
vn 0.545809 -0.297891 -0.783169
v 21.6452 -53.6709 -19.8337
vn -0.657406 -0.635894 0.404297
v -119.843 -44.1408 -20.1249
vn 0.482259 -0.197916 -0.853379
v 25.1107 -42.1204 -21.4199
vn -0.68762 -0.632837 0.355944
v -122.882 -41.4466 -20.768
vn 0.53739 -0.223588 -0.813155
v 28.3047 -42.4238 -19.4489
vn 0.401585 0.54405 -0.736708
v 20.9271 -20.6497 -21.041
vn 0.0734195 0.722926 -0.687014
v -23.4463 -18.5288 -22.3667
vn -0.031853 0.943971 -0.328488
v -6.8607 -18.4281 -24.4805
vn 0.312245 0.74602 -0.588181
v 18.9498 -16.4349 -18.3011
vn 0.141317 0.802837 -0.579209
v 8.02881 -19.1388 -24.2636
vn 0.692146 -0.4156 -0.590093
v -40.6815 17.4241 -19.588
vn -0.997002 0.012951 0.0762841
v -144.513 28.3374 -20.9954
vn -0.993221 0.0651417 0.0962731
v -144.284 34.655 -20.6964
vn 0.803241 0.340006 -0.489081
v -39.2894 41.5566 -19.3611
vn -0.980668 0.13394 0.142651
v -143.641 38.7267 -19.0594
vn 0.727753 0.33221 -0.60001
v -45.1107 52.003 -21.1652
vn 0.714012 0.320169 -0.622639
v -50.238 59.4051 -22.9492
vn 0.769933 0.34536 -0.536591
v -48.9549 62.9429 -19.3801
vn -0.86136 0.485841 0.148385
v -132.078 69.3933 -16.5523
vn 0.843987 0.196624 -0.499024
v -56.1844 76.9381 -22.9189
vn 0.915462 0.307551 -0.259504
v -56.1758 84.6279 -18.545
vn -0.721349 0.692333 -0.018174
v -118.191 86.6023 -19.7727
vn -0.330449 0.932919 0.143057
v -96.6099 100.077 -22.84
vn 0.089049 0.93035 0.355696
v -75.1372 102.517 -19.9071
vn -0.0180599 -0.856572 0.515712
v -45.1034 -87.1258 -19.6768
vn 0.0111898 -0.901364 0.432917
v -34.7794 -87.5283 -20.1958
vn -0.140049 -0.891262 0.431323
v -7.10784 -88.1211 -19.7226
vn 0.0114896 -0.899941 0.435861
v -29.0697 -86.5136 -18.3167
vn 0.650044 -0.169962 -0.740646
v 11.4434 -74.035 -20.3568
vn -0.761305 -0.523365 0.382759
v -106.899 -63.6306 -18.6241
vn 0.565923 -0.319996 -0.759824
v 17.494 -60.37 -20.1006
vn -0.663584 -0.597615 0.450014
v -116.037 -46.8501 -18.5264
vn 0.532705 0.220009 -0.817204
v 29.4339 -25.9504 -19.2797
vn 0.158955 0.552713 -0.818072
v -18.3799 -17.7945 -21.0801
vn 0.012376 0.928145 -0.372013
v -15.4093 -17.0707 -19.2908
vn -0.0647676 0.952852 -0.296442
v -0.892947 -16.2973 -19.2598
vn 0.111739 0.805991 -0.581286
v 16.1537 -16.3613 -19.1037
vn 0.807366 -0.422185 0.412213
v -4.89573 -10.7398 -18.791
vn -0.958699 -0.272369 0.0819216
v -140.932 -8.65829 -21.4103
vn 0.283441 0.925114 0.252638
v -31.0087 -0.137541 -18.4174
vn 0.67555 0.737313 -0.00146972
v -35.9616 2.49633 -16.2471
vn 0.56211 -0.558304 -0.610188
v -39.3185 20.3863 -20.8656
vn 0.806155 -0.124575 -0.578442
v -33.5298 24.4878 -19.5419
vn -0.944288 0.300365 0.134538
v -142.109 47.8537 -20.7426
vn 0.826885 0.293615 -0.479636
v -53.3855 71.3287 -20.795
vn -0.529681 0.845333 0.0696511
v -109.243 93.9689 -19.8272
vn -0.391577 0.915461 0.0927237
v -101.057 98.4326 -23.777
vn 0.515939 0.808802 0.282217
v -63.9222 99.1493 -18.9888
vn -0.024179 0.950076 0.311081
v -80.3095 103.159 -20.9101
vn -0.379484 -0.667546 0.640604
v -75.1303 -76.2677 -17.3055
vn -0.344497 -0.637188 0.689429
v -76.5805 -77.4849 -19.413
vn 0.572121 -0.311436 -0.758739
v 17.6356 -63.0487 -18.71
vn 0.528592 -0.30486 -0.792244
v 20.9602 -58.8182 -17.9694
vn 0.53272 -0.293137 -0.793902
v 25.7452 -50.3216 -18.1285
vn -0.701218 -0.528248 0.478798
v -114.456 -47.5012 -16.9122
vn 0.630584 -0.250363 -0.73463
v 30.2444 -43.3258 -17.7513
vn 0.613222 -0.0654103 -0.787198
v 30.7796 -36.0377 -18.982
vn 0.687151 -0.0349274 -0.725675
v 33.2306 -32.2706 -16.9544
vn 0.735464 -0.162569 -0.657772
v 32.2639 -40.0569 -16.832
vn -0.703383 -0.621558 0.344845
v -127.717 -34.2413 -17.3491
vn 0.585133 0.230311 -0.777545
v 31.9435 -26.2049 -17.695
vn 0.467428 0.53042 -0.707224
v 25.7138 -20.7059 -18.1313
vn -0.0488253 0.956736 -0.286831
v -5.26248 -17.3412 -21.4394
vn 0.416394 0.683765 -0.599234
v 22.7185 -18.0192 -17.7516
vn -0.0104744 0.936843 -0.349594
v 7.77184 -14.7622 -15.7306
vn 0.0245705 0.96417 -0.264145
v 14.885 -15.3188 -17.0928
vn 0.0287034 0.959678 0.279631
v -22.47 -0.882904 -18.2871
vn -0.0349242 0.910248 0.412589
v -18.5368 -1.24722 -17.5662
vn 0.575243 -0.588747 -0.567866
v -36.5319 18.9552 -16.9979
vn 0.550221 -0.621392 -0.55779
v -34.7312 21.5169 -18.6031
vn 0.941443 -0.0303742 -0.335801
v -31.9377 23.8721 -16.4702
vn 0.86388 0.300994 -0.403873
v -35.5533 33.8224 -17.9218
vn 0.797524 0.34376 -0.495767
v -42.1878 49.1234 -18.8349
vn 0.800152 0.371987 -0.470513
v -44.7017 54.9828 -18.6302
vn -0.853147 0.520555 0.0340907
v -131.886 70.1849 -18.3494
vn 0.899167 0.431937 -0.0702089
v -58.0979 90.1005 -17.4557
vn 0.762575 0.630651 0.14408
v -62.8444 98.3981 -19.6603
vn -0.24556 0.936795 0.249228
v -91.1934 101.047 -18.5801
vn -0.0620238 -0.907672 0.415071
v -12.2386 -87.9954 -21.2602
vn -0.0603209 -0.869635 0.489997
v -15.9731 -85.3745 -16.1516
vn 0.874338 -0.357168 -0.32858
v 12.7635 -86.7048 -18.0658
vn 0.701824 -0.0823729 -0.707572
v 12.1616 -77.5424 -19.0084
vn 0.615223 -0.263887 -0.742875
v 16.2805 -69.9348 -17.1844
vn -0.627223 -0.618033 0.473947
v -104.824 -65.5471 -17.6877
vn -0.883014 -0.442638 0.156067
v -135.023 -24.9976 -20.7343
vn -0.00148903 0.976799 -0.214155
v -14.4765 -16.3526 -16.9021
vn 0.0183187 0.931258 -0.363901
v 3.57914 -15.7245 -18.1726
vn 0.77769 0.62074 0.0994032
v -5.53923 -4.54467 -19.883
vn 0.520771 0.844629 0.124099
v -32.9788 0.291225 -16.7394
vn 0.0925202 0.933947 0.345228
v -26.7683 -1.23946 -17.0809
vn 0.93174 0.324757 -0.162462
v -40.0995 9.10273 -18.6787
vn 0.89917 0.0138065 -0.437382
v -40.9914 14.3519 -19.0438
vn 0.883887 0.377131 -0.276616
v -51.2845 74.6528 -13.6821
vn -0.797153 0.593522 0.110809
v -130.189 72.544 -17.6086
vn 0.000422893 -0.886344 0.463027
v 4.8779 -87.0233 -14.983
vn 0.820352 -0.561459 -0.10856
v 13.9966 -85.708 -15.5971
vn -0.144958 -0.617245 0.773302
v -51.6215 -83.7523 -16.7672
vn -0.126202 -0.700026 0.702878
v -46.3665 -84.7519 -16.7601
vn -0.114313 -0.628461 0.769395
v -55.2422 -82.6496 -16.6456
vn 0.775784 -0.0122049 -0.63088
v 12.5523 -81.2155 -18.5793
vn -0.166871 -0.59415 0.786854
v -64.6455 -79.4357 -16.2859
vn -0.322004 -0.641263 0.696488
v -79.7994 -73.1712 -16.6955
vn -0.77491 -0.423296 0.469399
v -108.444 -59.1505 -16.8047
vn 0.514362 -0.291198 -0.80662
v 25.1077 -55.529 -16.9395
vn 0.658362 -0.289241 -0.69491
v 30.246 -47.4723 -16.0735
vn -0.772173 -0.453727 0.444838
v -113.095 -52.5594 -19.9827
vn -0.60562 -0.667847 0.432672
v -125.399 -32.9231 -11.4605
vn 0.351434 0.855725 -0.379775
v 24.7303 -16.8427 -14.0946
vn 0.497383 -0.763374 0.412153
v -6.80557 -12.6105 -18.6897
vn 0.181147 0.919252 -0.349516
v 17.6389 -15.522 -17.3498
vn 0.255147 0.856792 0.448115
v -10.1176 -2.15747 -14.6427
vn -0.986334 -0.131311 0.0995156
v -143.324 4.33547 -16.7187
vn 0.985934 0.109406 -0.126349
v -31.6797 24.2054 -15.0016
vn -0.988199 0.0583918 0.141607
v -143.966 32.0828 -16.8132
vn -0.919817 0.327917 0.215423
v -140.289 50.0039 -16.1797
vn -0.898777 0.412 0.149851
v -135.087 63.3562 -16.5618
vn -0.557909 0.816415 0.149011
v -111.56 92.1881 -16.8628
vn 0.261826 0.881313 0.393364
v -67.6017 100.777 -18.747
vn -0.0870755 -0.883798 0.459695
v -0.53037 -87.6132 -16.7297
vn -0.0141946 -0.86451 0.502416
v -31.7226 -85.0934 -15.4555
vn 0.0132675 -0.857216 0.514786
v -23.0539 -84.9532 -15.4578
vn -0.151178 -0.57592 0.803406
v -60.4125 -80.9955 -16.5373
vn -0.125002 -0.507966 0.852259
v -56.5401 -79.35 -14.8023
vn -0.111374 -0.601892 0.790773
v -65.0012 -76.3838 -14.0087
vn -0.197488 -0.789836 0.580653
v -97.6768 -68.7964 -16.1581
vn 0.528586 -0.322048 -0.785418
v 19.8673 -63.0702 -17.2232
vn 0.606675 -0.348014 -0.714725
v 25.8545 -60.2104 -14.1271
vn 0.634683 -0.334098 -0.696819
v 28.1458 -55.9157 -14.2734
vn -0.609967 -0.611987 0.5034
v -117.468 -42.0147 -14.2844
vn 0.850774 -0.14092 -0.506285
v 34.64 -38.1838 -14.0693
vn -0.813992 -0.531108 0.235246
v -132.207 -29.0766 -18.6574
vn 0.749956 0.188612 -0.634028
v 36.1304 -26.1525 -13.5965
vn 0.60093 0.367395 -0.709862
v 33.4169 -25.1125 -16.1505
vn -0.110335 0.99073 -0.0792545
v -5.29139 -15.9656 -15.686
vn -0.106722 0.981398 -0.159591
v -1.84393 -15.3134 -14.9841
vn 0.0154826 0.998104 -0.0595763
v 7.92171 -14.3182 -13.8014
vn -0.946981 -0.307062 0.0945491
v -139.305 -13.4094 -19.1749
vn 0.874118 0.373048 0.311052
v -5.55997 -6.22925 -15.7869
vn 0.270991 0.872657 0.406242
v -28.2997 -2.75119 -13.4126
vn 0.605588 0.721784 0.335098
v -8.74519 -2.448 -15.8442
vn 0.791748 0.446215 -0.417166
v -36.9509 4.3227 -13.56
vn 0.889294 0.343324 -0.302134
v -36.9929 39.5724 -16.2419
vn 0.837691 0.35691 -0.413388
v -39.1928 43.1879 -17.918
vn 0.845299 0.388132 -0.367182
v -48.2061 65.6962 -15.6463
vn -0.757176 0.634219 0.156365
v -127.237 76.0363 -16.9857
vn 0.906368 0.330712 -0.26292
v -53.2798 78.4869 -15.3915
vn -0.706711 0.69742 0.119018
v -117.565 87.116 -16.5682
vn -0.643819 0.764037 0.0417589
v -115.485 89.181 -17.7842
vn 0.277763 0.830092 0.483523
v -67.0129 98.8111 -15.29
vn -0.25823 0.924362 0.28084
v -95.1207 99.11 -15.3672
vn -0.0537344 0.906868 0.417975
v -84.9516 101.48 -17.42
vn 0.498896 -0.827495 0.257595
v 14.3561 -84.9854 -13.1405
vn -0.113695 -0.869533 0.48061
v -8.49258 -85.1985 -14.4459
vn 0.869258 -0.195219 -0.454181
v 15.0032 -83.1518 -14.7432
vn -0.223487 -0.720271 0.656706
v -85.291 -71.8832 -17.4603
vn 0.562116 -0.314131 -0.76508
v 19.0851 -67.2966 -15.8749
vn -0.700562 -0.394378 0.59471
v -107.376 -57.0269 -13.7137
vn -0.816396 -0.345143 0.463006
v -109.153 -55.6063 -15.2461
vn -0.731599 -0.397972 0.553517
v -109.894 -49.7381 -12.3931
vn -0.618956 -0.642509 0.451747
v -122.565 -39.8114 -17.6718
vn -0.920343 -0.367821 0.132956
v -137.331 -18.7141 -18.2569
vn 0.497923 0.836819 0.227613
v -28.9489 -2.899 -12.0728
vn -0.0518929 0.763389 0.643852
v -18.8958 -3.09788 -14.9675
vn -0.0409161 0.897321 0.439479
v -13.0532 -1.12948 -16.576
vn 0.854347 -0.369146 -0.365818
v -31.8741 22.123 -15.0403
vn 0.92467 0.238724 -0.296642
v -32.8523 26.856 -17.4971
vn -0.967967 0.139534 0.208737
v -142.777 38.5205 -14.1265
vn -0.961199 0.197725 0.192357
v -142.556 42.4206 -16.3481
vn 0.868756 0.376453 -0.321785
v -41.7093 53.4318 -14.2618
vn -0.705924 0.674971 0.214676
v -117.462 85.8068 -11.275
vn -0.42355 0.890714 0.165027
v -104.448 96.4395 -18.6345
vn -0.349024 0.913715 0.208104
v -100.392 97.7109 -17.006
vn 0.137854 0.875254 0.463601
v -71.8454 100.339 -16.0255
vn -0.160102 -0.724785 0.670115
v -40.3069 -83.742 -14.1567
vn 0.839615 -0.531436 -0.112351
v 15.6633 -83.3338 -12.5705
vn -0.170803 -0.520611 0.836534
v -49.8778 -80.5846 -14.4486
vn 0.752303 -0.173281 -0.635621
v 15.8736 -78.6028 -14.9313
vn -0.234699 -0.496791 0.835533
v -45.5148 -79.4705 -12.5691
vn -0.170811 -0.445337 0.878919
v -50.8354 -76.4554 -12.4189
vn -0.0963501 -0.528685 0.843332
v -57.4666 -76.3567 -13.4032
vn 0.676493 -0.217889 -0.703479
v 15.7181 -75.701 -15.859
vn -0.0710318 -0.537715 0.840129
v -53.6292 -74.7256 -11.8793
vn -0.405847 -0.576184 0.709436
v -77.3071 -71.4689 -13.8384
vn 0.609048 -0.300827 -0.733869
v 19.0063 -71.2185 -14.4104
vn -0.382432 -0.706249 0.595783
v -99.5479 -67.4388 -15.0799
vn 0.583994 -0.341601 -0.736383
v 22.0964 -67.0352 -13.9292
vn -0.625675 -0.510889 0.589512
v -105.379 -62.2686 -15.2425
vn -0.434681 -0.566718 0.699917
v -100.033 -65.5896 -13.4624
vn 0.6438 -0.362122 -0.674084
v 24.8859 -64.7793 -12.7643
vn 0.77153 -0.318958 -0.55046
v 30.9753 -51.615 -13.2707
vn 0.821236 -0.292653 -0.489823
v 33.7302 -46.7317 -12.2366
vn 0.789765 -0.0411582 -0.612028
v 35.2263 -29.338 -14.9704
vn -0.770662 -0.569951 0.285021
v -130.784 -29.0352 -14.0295
vn 0.50807 0.543458 -0.66822
v 34.9679 -21.7882 -12.5222
vn 0.428196 0.712829 -0.555448
v 27.9085 -18.7629 -14.6054
vn 0.0175379 0.999814 -0.00803625
v -10.7676 -16.1572 -14.6891
vn 0.962654 0.106727 0.248809
v -14.8888 -15.7271 -14.7043
vn -0.145186 0.982544 0.116312
v -0.43947 -15.115 -12.8322
vn 0.629371 -0.532901 0.565605
v -7.08094 -9.16695 -12.7822
vn 0.327076 0.474572 0.817192
v -21.1105 -7.68061 -11.3824
vn 0.891112 -0.0639454 0.449255
v -5.68017 -8.29208 -14.7959
vn 0.724228 0.406452 0.557038
v -6.81907 -5.98158 -13.2666
vn 0.352423 0.754855 0.553165
v -26.0497 -4.49186 -12.189
vn 0.0477117 0.575258 0.816579
v -18.3945 -4.95186 -13.2938
vn -0.121718 0.690828 0.7127
v -13.0019 -2.52838 -14.4344
vn 0.104376 0.832806 0.543637
v -25.989 -2.13235 -15.3931
vn -0.970148 -0.21717 0.107935
v -142.052 -2.7684 -17.0375
vn 0.755003 0.633486 -0.16931
v -32.6129 -0.052757 -11.1681
vn -0.996881 -0.0484672 0.0622884
v -143.603 9.96404 -16.0631
vn 0.858806 -0.0268288 -0.511598
v -39.5497 10.4869 -16.1736
vn -0.99386 -0.0313799 0.106106
v -143.85 17.6129 -15.7017
vn 0.712796 -0.324869 -0.621596
v -38.2452 16.1138 -16.0944
vn 0.72616 -0.515498 -0.454922
v -32.4975 19.5929 -12.9647
vn 0.981764 -0.12636 -0.142032
v -31.3936 21.5441 -12.7614
vn -0.940445 0.256652 0.222919
v -141.728 44.6598 -15.0449
vn -0.90612 0.336833 0.255911
v -137.055 55.5682 -10.5502
vn -0.585233 0.777468 0.230318
v -113.929 89.5136 -13.3539
vn -0.457259 0.855528 0.24287
v -107.954 93.8564 -15.1453
vn 0.500112 0.752198 0.429053
v -63.8148 96.5435 -13.8241
vn -0.256787 0.861586 0.43787
v -98.4328 96.6162 -11.3106
vn -0.157506 0.881046 0.446037
v -95.3165 97.8881 -12.1525
vn 0.124243 0.830407 0.543127
v -72.862 98.4808 -12.7464
vn 0.0361612 0.884753 0.464655
v -78.1817 101.151 -16.5337
vn -0.213263 -0.562377 0.798906
v -39.2639 -82.2938 -12.4044
vn 0.0259844 -0.784078 0.620118
v -26.6778 -83.2079 -12.4297
vn 0.817424 -0.365082 -0.44557
v 17.5108 -80.161 -12.0531
vn -0.167532 -0.757289 0.631226
v -69.7276 -76.0628 -14.4855
vn -0.537793 -0.631728 0.558299
v -75.079 -73.4445 -14.086
vn -0.264986 -0.514984 0.815214
v -76.7776 -66.9691 -10.7339
vn -0.557526 -0.437925 0.705256
v -104.587 -59.9624 -12.8593
vn 0.795699 -0.367336 -0.481589
v 29.0478 -60.5343 -10.5939
vn 0.761113 -0.341118 -0.551676
v 29.5623 -56.9762 -12.2427
vn -0.593865 -0.519692 0.614203
v -113.2 -43.6099 -11.516
vn 0.965677 -0.213832 -0.147457
v 37.2047 -32.9858 -10.1747
vn 0.0545212 0.984714 0.165426
v -12.4969 -16.4382 -11.6035
vn 0.773016 0.444162 0.452952
v -15.3062 -15.3141 -13.7045
vn -0.0284368 0.98969 0.140376
v 8.10653 -14.3118 -12.4434
vn 0.385734 -0.580829 0.716831
v -12.1645 -11.1113 -12.5237
vn 0.513198 -0.144149 0.846079
v -7.36354 -8.79075 -12.3714
vn 0.876387 0.267732 -0.400333
v -38.0789 6.35688 -13.9291
vn 0.650397 -0.43944 -0.619578
v -35.427 16.2409 -13.1943
vn 0.94125 -0.267226 -0.206493
v -31.4209 20.3588 -11.5936
vn 0.963695 0.257654 -0.0700458
v -32.6044 28.7408 -12.9162
vn 0.938669 0.311601 -0.147665
v -34.8926 34.8967 -14.8741
vn -0.940519 0.208849 0.267967
v -141.518 42.3107 -12.0036
vn 0.918869 0.385696 -0.083171
v -40.7577 52.6177 -12.1841
vn -0.894385 0.381149 0.234095
v -135.869 58.851 -10.7621
vn 0.860459 0.410392 -0.301973
v -44.6887 59.8606 -14.2655
vn -0.848849 0.466422 0.248807
v -133.11 66.1244 -13.1979
vn 0.233651 0.786556 0.571609
v -68.5617 96.9936 -11.9274
vn -0.111629 -0.817262 0.565351
v -6.89128 -83.2847 -10.9999
vn -0.123562 -0.84609 0.51852
v -2.05994 -85.3809 -13.0837
vn -0.0674628 -0.747163 0.661209
v -36.3104 -83.0297 -12.5705
vn 0.0140777 -0.702134 0.711906
v -23.1927 -82.4151 -11.9494
vn -0.0753263 -0.797372 0.598769
v -15.9732 -82.6654 -11.8527
vn -0.107447 -0.826976 0.551875
v -13.2033 -83.2877 -12.1953
vn -0.369093 -0.815301 0.446156
v -72.7056 -74.83 -13.9618
vn -0.562807 -0.633043 0.531512
v -72.9527 -73.2769 -10.5996
vn -0.0117938 -0.705907 0.708206
v -65.4897 -75.2112 -12.9466
vn -0.0469671 -0.454321 0.889599
v -52.6997 -71.8745 -10.244
vn 0.623888 -0.345307 -0.70109
v 23.3681 -69.3108 -11.8283
vn -0.183711 -0.667931 0.721192
v -79.0388 -68.3475 -12.1853
vn -0.136103 -0.671089 0.728777
v -92.2411 -66.5402 -12.3538
vn -0.0834817 -0.593644 0.800386
v -89.0477 -66.0041 -11.4005
vn -0.418271 -0.469315 0.777684
v -99.8183 -61.6811 -10.8153
vn 0.81788 -0.216542 -0.533088
v 33.6165 -42.8549 -14.1711
vn 0.81196 0.262683 -0.521267
v 38.4587 -19.6341 -8.35107
vn -0.900976 -0.361506 0.239908
v -136.807 -16.7007 -10.5792
vn -0.11099 0.964061 0.241388
v -3.11205 -16.023 -11.0903
vn 0.552276 0.0358423 0.83289
v -18.7172 -12.3706 -10.511
vn 0.0435398 0.955945 0.290298
v 9.48455 -14.4849 -11.6757
vn -0.950912 -0.257531 0.171591
v -140.719 -5.54301 -13.2739
vn 0.256831 0.629584 0.733254
v -10.2172 -3.56297 -13.0724
vn -0.97592 -0.0970629 0.195344
v -142.833 7.5277 -10.7547
vn -0.98142 0.00480749 0.191813
v -143.151 20.9454 -10.0407
vn -0.979901 0.0273471 0.197601
v -143.44 24.9819 -11.8879
vn -0.976201 0.0675696 0.206071
v -143.402 30.5555 -12.7581
vn 0.907596 0.413301 -0.0738398
v -42.1165 55.6354 -11.1442
vn 0.72132 0.636568 0.272908
v -60.7834 93.458 -13.3907
vn -0.0996665 0.905546 0.412375
v -90.2441 99.3131 -13.6893
vn 0.0372898 0.849252 0.526669
v -78.6601 98.4654 -11.9604
vn -0.0915555 -0.53763 0.838195
v -36.7987 -81.8381 -11.5349
vn 0.0116758 -0.615105 0.788359
v -26.8049 -82.453 -11.6848
vn -0.122671 -0.65302 0.747339
v -17.8509 -80.6738 -9.92098
vn -0.0516952 -0.446374 0.893352
v -27.163 -79.9381 -10.2434
vn -0.147092 -0.365233 0.919222
v -38.0249 -80.2847 -11.0231
vn -0.18125 -0.33663 0.924028
v -42.6597 -77.426 -10.995
vn -0.150722 -0.365012 0.918721
v -46.2246 -75.3598 -10.997
vn 0.697725 -0.335961 -0.6327
v 19.5126 -75.5137 -12.025
vn -0.201071 -0.790742 0.578185
v -72.5137 -73.422 -10.498
vn 0.772816 -0.503198 -0.386712
v 20.4372 -76.4046 -10.0174
vn -0.11961 -0.311381 0.942728
v -44.531 -71.7327 -9.54926
vn 0.860298 -0.4807 -0.169749
v 24.728 -71.6643 -8.70218
vn 0.747256 -0.419117 -0.515703
v 24.8891 -70.4789 -9.67068
vn -0.109531 -0.295649 0.948997
v -42.8672 -70.5968 -8.94302
vn -0.573235 -0.363169 0.734513
v -75.0885 -69.3167 -10.8543
vn 0.75231 -0.374285 -0.542163
v 26.5144 -65.99 -10.4343
vn -0.216349 -0.624084 0.750808
v -97.8906 -64.4051 -11.7383
vn -0.373086 -0.352809 0.858098
v -74.3063 -66.35 -9.38283
vn -0.0744821 -0.516399 0.853103
v -82.5737 -62.9229 -9.2306
vn 0.883977 -0.378881 -0.273923
v 31.8252 -54.5479 -9.12668
vn -0.591648 -0.370717 0.715906
v -106.594 -55.0609 -11.804
vn -0.516932 -0.395575 0.759145
v -103.074 -56.7176 -10.0946
vn -0.575412 -0.359165 0.73478
v -109.299 -48.7631 -11.2466
vn -0.486586 -0.445125 0.75173
v -109.999 -44.891 -9.67292
vn 0.959505 -0.197506 -0.200854
v 35.3342 -44.6621 -9.71166
vn -0.526797 -0.640955 0.558266
v -118.023 -38.4325 -10.4693
vn 0.95695 -0.169113 -0.235897
v 36.2549 -39.44 -9.70781
vn -0.500221 -0.681847 0.533727
v -120.755 -34.2035 -7.83099
vn 0.920005 0.00536252 -0.39187
v 38.2824 -27.2567 -10.5152
vn 0.970572 -0.164558 -0.175812
v 38.3767 -29.8042 -9.63607
vn -0.725793 -0.595987 0.343547
v -131.592 -25.7311 -9.29816
vn -0.854011 -0.461043 0.241051
v -134.683 -21.2995 -10.6855
vn 0.346528 0.762948 -0.545736
v 37.3093 -18.774 -8.39941
vn 0.335844 0.924522 0.180189
v -15.2213 -16.4319 -8.93279
vn 0.268665 0.960965 -0.0660705
v 29.279 -16.6896 -9.27739
vn 0.308108 0.900541 -0.306749
v 33.0577 -17.7182 -9.09913
vn 0.663709 0.558414 0.497659
v -19.6931 -12.9485 -8.68679
vn -0.011925 0.935248 0.353793
v 12.4546 -14.7272 -11.0984
vn 0.00739595 0.970944 0.239193
v 20.5153 -15.1934 -9.39768
vn 0.151425 0.98356 -0.0983884
v 22.7395 -15.183 -10.2811
vn 0.335181 0.382848 0.860861
v -19.931 -10.63 -10.6699
vn 0.15042 -0.0365079 0.987948
v -12.7163 -9.41099 -11.756
vn -0.028963 0.348478 0.936869
v -10.6739 -5.06462 -12.4439
vn 0.295971 0.295301 0.908404
v -7.91284 -5.75645 -12.4507
vn 0.620407 0.733574 0.277423
v -29.4916 -2.97612 -10.6302
vn 0.729579 0.325265 -0.601595
v -34.3575 1.55447 -12.1542
vn 0.663902 0.0414646 -0.746669
v -37.6967 7.50115 -13.3689
vn 0.819962 0.0371944 -0.571208
v -32.9705 7.89891 -9.89879
vn 0.69783 -0.212705 -0.683952
v -36.3449 13.3618 -12.8665
vn 0.69506 -0.113334 -0.709962
v -33.6163 14.2332 -10.6808
vn 0.789871 -0.351996 -0.502199
v -32.6729 17.6361 -11.3292
vn 0.878065 -0.142309 -0.456892
v -32.0617 17.1493 -9.6819
vn 0.975261 -0.148894 -0.16339
v -31.6072 18.3999 -8.99232
vn -0.954852 0.105225 0.277824
v -142.626 32.0543 -9.97093
vn -0.944408 0.161219 0.286535
v -142.031 37.3917 -10.4897
vn -0.916817 0.262163 0.301194
v -139.816 45.3792 -9.13331
vn -0.830806 0.449655 0.327981
v -132.343 64.8408 -8.89031
vn -0.793319 0.553817 0.252848
v -127.785 73.1693 -10.4936
vn 0.439092 0.740931 0.508154
v -63.2807 94.8517 -11.6389
vn 0.144663 0.792553 0.592395
v -73.0718 95.6789 -8.88888
vn -0.113509 0.827781 0.54945
v -91.9039 96.573 -9.17247
vn -0.0424106 -0.836561 0.54623
v 2.46944 -85.0291 -11.6946
vn -0.138237 -0.743034 0.654822
v -11.439 -80.5219 -8.18507
vn 0.822677 -0.561733 -0.0875109
v 18.5441 -79.7675 -10.0581
vn -0.0936724 -0.279116 0.955678
v -32.9483 -76.8915 -9.48867
vn -0.120917 -0.267701 0.955885
v -39.6923 -74.7199 -9.75813
vn -0.39575 -0.4554 0.797492
v -72.6328 -72.9503 -10.1121
vn 0.0406485 -0.75695 0.652207
v -68.8465 -73.3068 -10.2359
vn -0.503571 -0.241766 0.829437
v -72.4047 -69.0739 -8.89058
vn 0.899364 -0.38527 -0.206668
v 26.4669 -67.4726 -9.0586
vn 0.913651 -0.388139 -0.12079
v 28.1037 -63.5275 -9.24195
vn -0.0626553 -0.583587 0.80963
v -90.0522 -63.7217 -9.81855
vn -0.0986646 -0.452507 0.886286
v -79.7041 -60.7065 -7.97835
vn -0.202529 -0.572071 0.794806
v -95.3753 -63.2533 -10.2321
vn -0.552328 -0.303123 0.776563
v -105.036 -51.7442 -9.27891
vn 0.924091 -0.311055 -0.222038
v 34.3455 -48.8487 -9.42883
vn -0.925442 -0.300801 0.230381
v -137.963 -12.9196 -9.68555
vn 0.918288 0.375704 -0.124872
v -31.7944 -0.61919 -9.26824
vn -0.96677 -0.175086 0.186279
v -142.027 1.41354 -11.3822
vn 0.980379 -0.0281965 -0.195093
v -32.3371 11.1515 -8.49488
vn 0.962674 0.262042 0.067771
v -33.888 32.9578 -6.87758
vn 0.937884 0.338046 -0.078092
v -36.4224 40.5756 -11.5619
vn 0.897294 0.440356 -0.0308372
v -52.1865 77.5341 -10.8697
vn 0.834018 0.527044 0.163213
v -57.7858 89.349 -12.8592
vn -0.449916 0.823904 0.344613
v -108.061 91.4667 -8.42401
vn -0.334467 0.850591 0.405743
v -103.424 93.7581 -8.99457
vn -0.0123355 0.846176 0.532761
v -86.5657 97.4322 -9.86953
vn 0.164357 -0.864236 0.475482
v 13.2537 -84.2995 -10.808
vn -0.0244616 -0.728353 0.684765
v 3.82555 -81.8446 -7.30376
vn 0.602245 -0.745664 0.285107
v 15.282 -83.4614 -10.7151
vn 0.723685 -0.670191 0.164692
v 19.8567 -77.7086 -8.08461
vn -0.164014 -0.457629 0.873885
v -22.8235 -77.9357 -8.57467
vn -0.194674 -0.320886 0.926895
v -28.4071 -72.6874 -7.50768
vn -0.132765 -0.292522 0.946998
v -31.6787 -73.7951 -8.53507
vn -0.0582622 -0.645096 0.761877
v -69.5196 -72.3946 -9.21228
vn -0.100463 -0.266749 0.958516
v -38.6476 -71.9575 -8.95381
vn 0.035365 -0.409284 0.911721
v -50.5151 -67.3643 -7.86151
vn -0.0598579 -0.345287 0.936586
v -44.6242 -68.3426 -8.38649
vn 0.0464421 -0.515249 0.855781
v -55.8197 -70.3408 -9.198
vn -0.126257 -0.262957 0.956511
v -34.4949 -67.193 -7.17072
vn 0.907989 -0.377519 0.181755
v 26.5776 -67.081 -7.35113
vn -0.301549 -0.2934 0.907185
v -73.1598 -64.1334 -8.03881
vn -0.0537525 -0.253601 0.965814
v -37.9454 -64.7295 -6.87273
vn -0.0040607 -0.291586 0.956536
v -45.0953 -64.9758 -7.14412
vn -0.141957 -0.374679 0.916222
v -73.0473 -59.9824 -6.56827
vn -0.364935 -0.508358 0.779997
v -97.9746 -59.0662 -8.28978
vn -0.104496 -0.600059 0.793102
v -92.8843 -60.0954 -7.41852
vn 0.00797396 -0.596685 0.802436
v -84.5837 -60.6409 -7.77064
vn -0.027798 -0.577968 0.815586
v -78.1665 -59.4757 -7.09476
vn -0.552916 -0.337242 0.76194
v -101.222 -52.8443 -6.98592
vn 0.925449 -0.363272 0.107602
v 33.5882 -51.3029 -8.25701
vn 0.927669 -0.214173 0.305878
v 35.0134 -46.1978 -8.30603
vn -0.508397 -0.301963 0.806443
v -106.171 -46.9448 -8.48908
vn 0.869386 -0.139598 0.474005
v 38.2171 -29.3284 -8.00676
vn -0.605451 -0.638935 0.474543
v -129.113 -27.0914 -7.46689
vn 0.4004 0.87747 0.264058
v -16.5853 -16.1702 -7.48954
vn 0.0184858 0.782887 0.62189
v 9.98336 -17.0368 -7.79064
vn -0.044009 0.921957 0.384785
v 3.96416 -15.7123 -8.86637
vn -0.0673182 0.753963 0.653459
v 16.6098 -16.546 -7.63572
vn 0.12165 0.928211 0.351605
v 24.4132 -15.4641 -9.05418
vn 0.527959 0.612709 0.588087
v -23.3723 -8.32045 -9.58939
vn 0.952799 0.227593 0.200935
v -31.7615 -0.848238 -7.47685
vn -0.932539 -0.0815296 0.351745
v -140.736 8.46216 -3.98726
vn 0.986321 -0.0784147 0.144992
v -32.0606 13.2067 -6.88106
vn 0.947922 0.300787 0.104746
v -35.7225 38.5895 -4.70426
vn -0.900726 0.292604 0.321054
v -137.816 51.9654 -9.11282
vn 0.896885 0.391615 0.205512
v -42.5623 55.6851 -4.86629
vn 0.261789 0.74224 0.616885
v -67.8856 92.8532 -6.97227
vn 0.0867354 0.798604 0.595575
v -76.559 95.3178 -7.71715
vn -0.0934396 -0.776647 0.622967
v -0.558903 -81.8162 -7.67097
vn 0.407137 -0.751174 0.519593
v 15.2271 -81.93 -7.79366
vn -0.207801 -0.547571 0.810546
v -18.4758 -76.6614 -6.88765
vn 0.795015 -0.565321 0.219918
v 23.0694 -73.9026 -6.41778
vn 0.775154 -0.615154 -0.14395
v 23.1821 -74.0072 -8.48107
vn -0.310964 -0.408139 0.858326
v -70.5984 -71.2239 -8.63466
vn 0.0432587 -0.600991 0.798084
v -61.057 -72.8489 -10.8842
vn 0.115435 -0.631999 0.766324
v -66.7566 -70.644 -7.82491
vn -0.00669765 -0.693802 0.720135
v -85.2262 -59.7707 -7.07487
vn -0.443696 -0.365398 0.818302
v -103.897 -44.2391 -6.18926
vn 0.966247 -0.160107 0.201824
v 36.3942 -38.4476 -8.18156
vn -0.728517 -0.5355 0.427203
v -131.245 -24.9041 -7.41374
vn 0.954021 0.012806 0.299467
v 38.5425 -22.023 -8.26779
vn -0.814154 -0.447923 0.369484
v -134.489 -19.7849 -7.56584
vn 0.813967 0.427301 0.393536
v 38.4058 -19.237 -8.32612
vn 0.378368 0.796697 0.471288
v 36.9546 -18.6658 -7.65953
vn -0.946287 -0.19255 0.259743
v -140.844 0.00011 -7.28673
vn -0.932248 -0.0705579 0.354873
v -142.401 9.81195 -8.02051
vn -0.965512 -0.0204945 0.259552
v -142.755 16.6361 -8.30689
vn -0.912803 0.20269 0.354553
v -140.197 40.5107 -6.89129
vn 0.927703 0.339641 -0.154958
v -38.1651 44.9224 -12.5338
vn -0.858038 0.342989 0.382269
v -133.801 59.6569 -5.94714
vn 0.906979 0.400591 -0.130059
v -46.9021 66.2495 -10.7753
vn 0.903398 0.402932 -0.146688
v -48.3476 69.9459 -10.3058
vn 0.849092 0.485944 0.207128
v -53.4245 79.3184 -5.65998
vn 0.904017 0.427448 0.00641777
v -55.174 83.9267 -12.6988
vn -0.580462 0.753518 0.308666
v -114.728 86.9045 -7.36754
vn 0.475862 0.713486 0.514289
v -61.8384 92.2376 -9.2989
vn -0.0158025 0.812992 0.582061
v -87.3324 95.4724 -7.04576
vn -0.176629 -0.607581 0.774369
v -6.7597 -78.3115 -5.07343
vn 0.619284 -0.616953 0.48565
v 20.7484 -75.5492 -5.25751
vn -0.0847021 -0.51112 0.855326
v -68.2762 -70.1579 -7.36484
vn 0.124609 -0.477628 0.86968
v -61.6503 -68.0881 -7.25082
vn 0.877877 -0.381728 0.289164
v 30.2228 -58.004 -7.20047
vn -0.167987 -0.646243 0.744413
v -90.8705 -57.3867 -4.83884
vn -0.0343649 -0.360482 0.932133
v -71.9991 -57.9499 -5.70056
vn -0.389825 -0.536305 0.748607
v -97.0121 -55.6878 -5.32137
vn 0.0542145 -0.701018 0.71108
v -81.8709 -57.9754 -5.46438
vn 0.00189611 -0.556391 0.830918
v -75.3536 -57.6753 -5.73525
vn 0.767419 -0.263417 0.584533
v 32.5028 -52.6457 -6.98963
vn 0.736197 -0.142226 0.661654
v 35.4304 -39.4753 -6.94704
vn -0.419473 -0.599623 0.681539
v -110.689 -39.8653 -6.26662
vn 0.901263 -0.188411 0.390163
v 37.044 -32.77 -7.50804
vn 0.592946 -0.115885 0.79686
v 36.3484 -32.6201 -6.56482
vn -0.547891 -0.644194 0.533694
v -124.717 -29.5253 -5.69097
vn 0.676038 -0.0339232 0.736086
v 37.4086 -29.4421 -6.92536
vn 0.581149 0.0909562 0.808699
v 37.9055 -22.205 -7.34755
vn -0.00385769 0.819601 0.572922
v 2.68927 -16.6295 -7.11767
vn 0.0983462 0.757752 0.645089
v 24.1326 -16.6498 -7.30631
vn 0.193297 0.927435 0.320158
v 31.6257 -17.2729 -7.9162
vn 0.690003 0.595828 0.410957
v -28.1752 -6.58027 -6.5154
vn 0.981379 -0.00427235 0.192034
v -32.2316 9.31159 -6.65555
vn -0.948554 0.0409773 0.313953
v -142.203 28.9959 -7.77817
vn -0.852211 0.306535 0.423997
v -135.795 52.2157 -4.64995
vn -0.748855 0.567865 0.341681
v -124.185 76.1151 -6.19756
vn -0.709144 0.623871 0.328481
v -121.66 79.2828 -6.3102
vn -0.664631 0.631943 0.398639
v -118.571 82.7714 -6.48191
vn -0.45229 0.742149 0.49462
v -112.123 87.4861 -4.93913
vn -0.356438 0.784253 0.507838
v -108.416 89.5428 -5.07094
vn 0.0424298 0.784733 0.61838
v -82.08 93.7833 -5.07223
vn 0.0747662 -0.759565 0.64612
v 13.4828 -81.8976 -7.22376
vn -0.118299 -0.755483 0.644399
v -4.05703 -80.6613 -6.93702
vn -0.186772 -0.611939 0.768536
v -10.8028 -78.9479 -6.58505
vn -0.0432043 -0.684839 0.727413
v 1.18427 -80.0234 -5.5769
vn 0.144449 -0.624433 0.767606
v 15.0138 -79.732 -5.58157
vn 0.524102 -0.685444 0.505454
v 17.7576 -78.9448 -6.32133
vn -0.219106 -0.264163 0.939261
v -25.7573 -69.8173 -6.14179
vn -0.234316 -0.37678 0.896177
v -20.9689 -74.6931 -6.57984
vn -0.253528 -0.310281 0.916214
v -19.4277 -70.8411 -4.68712
vn -0.225393 -0.472078 0.852256
v -14.2774 -76.2796 -5.38018
vn 0.0754285 -0.377087 0.923101
v -66.1868 -68.478 -6.55793
vn -0.138534 -0.179362 0.97398
v -68.0346 -67.9571 -6.50354
vn -0.400937 -0.242374 0.883462
v -69.7504 -68.2059 -7.09995
vn 0.0459288 -0.215776 0.975362
v -59.3621 -64.7369 -6.33903
vn -0.172634 -0.235383 0.956448
v -30.3721 -65.5027 -6.00054
vn 0.0638308 -0.373526 0.925421
v -54.8382 -65.6861 -6.86413
vn -0.125328 -0.244601 0.96149
v -33.6815 -63.2499 -5.98796
vn -0.181888 -0.233963 0.95508
v -29.3389 -59.324 -4.31101
vn 0.720566 -0.222155 0.656835
v 26.8363 -64.0928 -5.82785
vn 0.0490398 -0.294474 0.9544
v -48.8297 -63.5922 -6.54118
vn -0.00289036 -0.271448 0.962449
v -44.9737 -61.8369 -6.26002
vn -0.0663535 -0.256949 0.964144
v -36.7241 -61.9492 -5.9296
vn -0.23203 -0.205108 0.950838
v -70.2183 -60.4073 -6.14089
vn -0.0794882 -0.231549 0.96957
v -35.9465 -60.511 -5.56718
vn -0.0369573 -0.215329 0.975842
v -68.894 -57.3274 -5.43573
vn 0.000184766 -0.222837 0.974856
v -45.2139 -59.7794 -5.71811
vn -0.0861651 -0.246108 0.965405
v -38.4396 -55.3945 -4.44988
vn 0.439114 -0.127855 0.889288
v 27.3295 -56.5881 -4.74066
vn 0.60048 -0.219171 0.769017
v 29.718 -57.9051 -6.40846
vn 0.138306 -0.552968 0.821644
v -74.1849 -55.4929 -4.29176
vn -0.0310108 -0.198239 0.979663
v -45.1885 -55.031 -4.88082
vn 0.0494831 -0.231538 0.971567
v -66.1826 -53.1833 -4.71014
vn -0.0717108 -0.275127 0.95873
v -46.1022 -53.126 -4.45297
vn 0.163635 -0.440315 0.882806
v -69.1254 -53.2457 -4.037
vn -0.0517495 -0.266844 0.962349
v -50.1533 -51.7881 -4.32971
vn 0.104505 -0.364349 0.92538
v -61.951 -51.0214 -4.2676
vn -0.588113 -0.235942 0.773598
v -100.875 -46.363 -4.68889
vn 0.467464 -0.105911 0.877645
v 32.5606 -49.194 -6.26601
vn 0.355254 -0.052238 0.933309
v 29.1563 -51.4241 -5.06879
vn 0.258272 0.045167 0.965016
v 28.3628 -45.9793 -4.81202
vn 0.693788 -0.152667 0.703812
v 34.155 -46.8058 -7.10673
vn 0.319437 -0.03351 0.947015
v 33.547 -43.0342 -6.29202
vn -0.424392 -0.363828 0.829168
v -102.627 -43.1161 -5.09652
vn -0.287596 -0.542873 0.789036
v -106.592 -40.4456 -5.01516
vn -0.264066 -0.507068 0.820458
v -103.45 -39.4302 -3.39046
vn 0.195968 0.0856176 0.976865
v 24.3835 -40.0873 -4.58513
vn 0.276644 0.149318 0.949301
v 20.3294 -38.1456 -3.86634
vn -0.496297 -0.677349 0.543036
v -121.451 -31.2189 -4.57957
vn 0.186282 0.126085 0.974372
v 16.6139 -31.1429 -4.10757
vn 0.0988434 0.117002 0.988201
v 32.1917 -20.7455 -6.08626
vn 0.363683 0.0505738 0.930149
v 36.2087 -23.947 -6.40017
vn 0.228072 0.429198 0.873941
v 7.3044 -21.7224 -4.3023
vn -0.0149007 0.420227 0.907296
v 17.7405 -18.4369 -6.10154
vn 0.204835 0.420742 0.883753
v 35.6043 -18.8517 -7.07119
vn 0.0399168 0.928184 0.369975
v -6.91831 -18.197 -5.62701
vn 0.19532 0.909493 0.366978
v -13.2932 -17.8837 -4.60271
vn 0.0348368 0.440503 0.897075
v 23.2455 -18.1597 -6.211
vn -0.789429 -0.433391 0.434712
v -134.345 -17.9774 -5.24222
vn 0.0845193 0.547091 0.832795
v 9.19053 -19.0127 -6.14485
vn 0.534479 0.705791 0.464963
v -19.9716 -14.6495 -5.26879
vn -0.0179327 0.740369 0.671961
v 20.008 -16.1615 -7.68339
vn 0.564361 0.627464 0.536457
v -24.4717 -10.5067 -6.05603
vn 0.884354 0.171746 0.434074
v -32.486 -0.081835 -5.19183
vn 0.86947 -0.00104091 0.493984
v -33.0902 4.17991 -4.37326
vn -0.888401 0.0673659 0.454098
v -139.079 31.2104 -0.611011
vn 0.931905 0.192139 0.307629
v -33.3163 28.0236 -3.53983
vn 0.917635 0.22384 0.328392
v -34.2894 32.3543 -3.6473
vn -0.880343 0.249227 0.403588
v -138.354 45.3068 -5.40693
vn 0.87575 0.374236 0.304975
v -39.8386 48.8212 -3.53616
vn 0.930579 0.359913 0.0669739
v -39.3538 48.8324 -6.40724
vn -0.80575 0.378283 0.455707
v -132.728 60.9881 -4.85872
vn -0.766717 0.499942 0.402744
v -127.038 71.0903 -5.18217
vn 0.635867 0.62016 0.459428
v -58.9536 87.3345 -5.63995
vn -0.146237 0.7942 0.589798
v -97.4929 92.7731 -5.03677
vn 0.8239 -0.391336 0.409933
v 24.6322 -70.6287 -5.00891
vn -0.263418 -0.247057 0.932509
v -23.0389 -65.2823 -4.14185
vn 0.41229 -0.0654186 0.908701
v 25.3586 -57.0221 -4.021
vn 0.126731 -0.683378 0.718981
v -79.1893 -56.569 -4.36059
vn -0.518371 -0.36946 0.771227
v -97.2606 -54.5068 -4.65562
vn -0.0897421 -0.250324 0.963994
v -34.7005 -53.1369 -3.62444
vn -0.0139309 -0.239544 0.970786
v -55.7219 -51.3958 -4.39379
vn -0.0542381 -0.331458 0.94191
v -50.1228 -49.2025 -3.54093
vn -0.495428 -0.298275 0.815833
v -101.309 -41.708 -3.69668
vn 0.306157 0.226066 0.92475
v 15.1063 -31.1546 -3.71969
vn -0.637827 -0.549572 0.53958
v -130.289 -23.3986 -4.74919
vn 0.100206 0.779572 0.618245
v -6.4177 -19.5348 -3.62664
vn -0.049085 0.836343 0.546004
v -1.40371 -17.6335 -6.30394
vn 0.100564 0.627315 0.772246
v 1.4781 -18.2183 -5.24055
vn 0.620288 0.544575 0.564518
v -28.1276 -8.47868 -4.52396
vn -0.912786 -0.27319 0.303627
v -138.318 -8.78232 -6.67232
vn 0.760067 0.3944 0.516475
v -31.5904 -3.74975 -4.40704
vn -0.931383 0.0179492 0.363599
v -142.197 23.3725 -7.09802
vn 0.991685 0.0175056 0.127494
v -31.6357 20.6345 -6.46211
vn 0.980637 0.18461 0.0653534
v -32.0107 25.807 -8.18556
vn 0.904229 0.414398 0.103171
v -47.9161 69.0897 -5.76902
vn -0.56334 0.687012 0.458979
v -114.254 86.179 -5.08101
vn 0.345385 0.690295 0.635769
v -63.0382 89.5509 -5.26018
vn -0.224388 0.803932 0.550766
v -101.73 92.353 -5.68735
vn -0.0600559 0.7854 0.616068
v -90.394 93.5415 -4.56287
vn -0.0651642 -0.573798 0.8164
v -3.79737 -78.2702 -4.34408
vn 0.320263 -0.562646 0.762143
v 17.5848 -77.5042 -4.59323
vn -0.0560927 -0.459056 0.886635
v -3.61694 -77.0826 -3.66533
vn 0.106596 -0.277814 0.954703
v 5.01633 -75.2811 -3.18789
vn 0.0177547 -0.286527 0.957908
v -0.495763 -74.2877 -2.5929
vn 0.193044 -0.244072 0.950349
v 5.4197 -72.2413 -2.55311
vn -0.138218 -0.352526 0.925538
v -9.53008 -74.148 -2.97243
vn 0.576438 -0.358804 0.734152
v 23.8044 -70.8537 -3.8761
vn -0.227722 -0.446836 0.865147
v -11.8971 -74.9631 -4.13436
vn -0.274256 -0.289637 0.917003
v -18.2088 -68.7017 -3.73016
vn 0.192319 -0.259754 0.946331
v 20.8017 -73.7905 -3.71722
vn 0.658864 -0.102887 0.745193
v 24.9601 -68.3482 -4.54129
vn 0.260779 -0.00796033 0.965366
v 23.5536 -69.8782 -3.84625
vn -0.27486 -0.230014 0.933566
v -17.5736 -64.9396 -2.40766
vn 0.185208 -0.0627966 0.980691
v 20.7286 -56.088 -2.72048
vn -0.255707 -0.176825 0.950446
v -21.8735 -60.4274 -2.70818
vn 0.279112 -0.241167 0.929481
v 11.2515 -66.4729 -2.84455
vn 0.230894 -0.169434 0.958113
v 14.3083 -59.8812 -2.03208
vn -0.1633 -0.189516 0.968203
v -27.9515 -55.8326 -3.3473
vn -0.21373 -0.148916 0.965476
v -23.9706 -55.2106 -2.28426
vn -0.363702 -0.477453 0.79985
v -94.9123 -53.6602 -3.20435
vn 0.229497 -0.00781233 0.973278
v 18.8138 -54.2309 -2.32073
vn -0.0509848 -0.313979 0.94806
v -42.6898 -49.0279 -3.03287
vn 0.229717 -0.0038453 0.97325
v 24.7171 -53.2611 -3.72925
vn -0.144341 -0.175412 0.973857
v -24.872 -48.7117 -1.48946
vn 0.266598 -0.536249 0.800851
v -70.8111 -51.1886 -2.37768
vn -0.059694 -0.323842 0.944226
v -45.5759 -49.5531 -3.26941
vn -0.0514216 -0.302061 0.951901
v -41.3339 -48.0103 -2.53522
vn 0.255603 -0.463517 0.848421
v -67.9921 -49.4366 -2.17996
vn -0.0175769 -0.32964 0.943943
v -56.7054 -48.2136 -3.44808
vn 0.259835 0.0690755 0.963179
v 20.7848 -43.211 -3.34415
vn 0.23986 0.0498051 0.969529
v 25.9287 -47.7417 -4.13635
vn 0.112862 -0.368075 0.922921
v -61.298 -48.2475 -3.40871
vn -0.0567075 -0.366995 0.928493
v -52.2211 -45.8372 -2.25966
vn -0.566453 -0.259224 0.782262
v -98.3527 -49.3109 -3.53707
vn 0.192696 -0.432191 0.880953
v -61.222 -45.094 -1.94249
vn 0.0139192 -0.383127 0.923591
v -57.0877 -44.5416 -2.03743
vn 0.292432 0.0980422 0.951247
v 18.826 -41.0475 -2.84844
vn -0.295643 -0.643191 0.706329
v -109.922 -39.0271 -4.94747
vn 0.282679 0.214261 0.934979
v 9.36258 -30.4484 -1.7037
vn -0.51722 -0.625975 0.583642
v -121.998 -28.5558 -2.09575
vn 0.213563 0.275866 0.937171
v 11.2436 -25.7358 -3.92611
vn 0.200068 0.75804 0.620764
v -11.5819 -19.2806 -2.61195
vn -0.863226 -0.342302 0.37104
v -135.985 -13.2249 -4.37374
vn 0.497372 0.587378 0.638442
v -23.3763 -14.2275 -2.99568
vn 0.932394 -0.0495055 0.358037
v -32.2333 18.827 -4.15838
vn 0.922733 0.104161 0.371098
v -32.5951 23.1 -3.56276
vn -0.920065 0.0965415 0.379684
v -140.307 31.898 -3.32807
vn 0.927944 0.346714 0.136783
v -37.9974 44.5967 -4.44274
vn 0.911705 0.377172 0.162896
v -45.4507 62.9293 -5.35756
vn 0.839389 0.476047 0.262308
v -50.694 73.8025 -5.07416
vn 0.559048 0.454761 0.693295
v -56.2473 80.5142 -2.94652
vn -0.513566 0.622424 0.590626
v -115.238 83.5342 -3.05128
vn 0.382478 0.522215 0.762235
v -63.2089 85.6825 -1.86096
vn 0.712966 0.458852 0.530221
v -54.0515 79.325 -4.34113
vn 0.764795 0.511747 0.391412
v -57.0289 84.8179 -5.96186
vn -0.352282 0.678542 0.644576
v -108.754 87.3434 -2.48363
vn 0.484955 0.56109 0.670818
v -59.6167 86.836 -4.53119
vn -0.269622 0.749133 0.605065
v -106.11 89.0971 -3.18783
vn -0.185709 0.733796 0.653494
v -101.25 89.88 -2.4361
vn 0.276407 0.642753 0.71447
v -67.2817 89.1616 -3.24195
vn -0.254136 -0.276218 0.926887
v -15.4961 -68.2566 -2.6683
vn 0.274377 -0.23372 0.932787
v 10.4694 -66.2701 -2.44109
vn 0.163272 -0.127587 0.978296
v 11.7841 -59.3173 -1.44663
vn -0.0804256 -0.217784 0.972678
v -30.9534 -47.4635 -1.82828
vn -0.220374 -0.640292 0.735841
v -110.74 -35.1811 -1.90757
vn -0.398411 -0.655039 0.642022
v -113.931 -33.9059 -2.27673
vn 0.257092 0.807477 0.530929
v -15.1139 -18.3804 -2.20637
vn 0.735655 0.175669 0.654181
v -34.8382 -0.968228 -1.96091
vn 0.865111 -0.0528752 0.498786
v -33.8172 15.0529 -2.00907
vn -0.871738 0.186369 0.453144
v -138.914 38.4723 -3.10107
vn 0.886115 0.28383 0.366388
v -36.5957 39.1837 -2.25214
vn 0.822145 0.307343 0.479185
v -38.2007 42.9938 -1.82114
vn 0.861869 0.326243 0.388263
v -47.2735 65.7778 -3.24138
vn 0.827766 0.434094 0.35548
v -48.6753 69.4164 -3.05768
vn 0.0187899 -0.24636 0.968996
v -0.695456 -71.3478 -1.80484
vn -0.128129 -0.266 0.95542
v -8.65424 -71.7078 -2.12091
vn 0.128803 -0.197144 0.971876
v 4.70869 -69.5226 -1.74922
vn 0.185703 -0.162231 0.969121
v 7.34949 -65.9169 -1.66761
vn -0.164469 -0.193503 0.967216
v -12.6726 -66.2988 -1.55883
vn -0.215882 -0.142098 0.966025
v -18.5457 -59.0897 -1.4352
vn -0.201038 -0.124988 0.971577
v -21.1784 -53.1411 -1.33419
vn -0.14296 -0.130951 0.981027
v -22.1914 -47.537 -0.883292
vn 0.32829 -0.496568 0.803521
v -67.5326 -45.7106 -0.139076
vn -0.0226495 -0.336098 0.941555
v -44.6597 -46.6168 -2.12908
vn -0.0275773 -0.268309 0.962938
v -39.1983 -46.1254 -1.95942
vn -0.045765 -0.351902 0.934917
v -49.6128 -44.1539 -1.49943
vn 0.188883 -0.450289 0.872675
v -60.9591 -43.3786 -1.19727
vn 0.0850203 -0.427471 0.900022
v -57.2993 -41.3097 -0.66031
vn 0.233302 0.0627032 0.970381
v 15.5183 -40.6368 -2.04215
vn -0.411448 -0.22022 0.884429
v -98.4195 -39.817 -1.34807
vn 0.31282 0.179226 0.93275
v 12.9757 -33.858 -2.20234
vn 0.276286 0.399807 0.873968
v 6.86258 -25.9908 -2.11738
vn 0.191427 0.497065 0.846335
v 0.433614 -21.4775 -2.58834
vn 0.195959 0.612457 0.765831
v -19.3539 -18.8796 -0.332013
vn 0.348636 0.789317 0.505403
v -18.8787 -16.5093 -3.33471
vn -0.886629 -0.265379 0.378766
v -137.015 -4.94908 -0.16624
vn 0.646291 0.315877 0.694644
v -34.2836 -3.5525 -1.6612
vn 0.692516 0.0367256 0.720467
v -36.4043 0.0946 -0.604737
vn -0.929167 -0.144974 0.340047
v -140.026 2.89917 -3.62444
vn -0.906146 0.164203 0.38979
v -140.787 34.9456 -5.64298
vn -0.838403 0.226676 0.495681
v -135.53 44.1538 0.736429
vn 0.803703 0.36366 0.47097
v -42.0472 51.7932 -1.98644
vn -0.566591 0.590699 0.574499
v -116.318 79.7361 -0.239794
vn 0.209189 0.711518 0.670807
v -71.5469 91.3121 -3.6375
vn -0.0641581 -0.169922 0.983367
v -8.23846 -69.1666 -1.41487
vn 0.0484529 -0.0889323 0.994858
v 2.40252 -68.1655 -1.32995
vn -0.185367 -0.171453 0.967596
v -15.5191 -62.9166 -1.41234
vn -0.0412513 -0.0667947 0.996914
v -11.6447 -63.0891 -1.02509
vn 0.213993 -0.0640487 0.974733
v 16.4227 -54.472 -1.77044
vn -0.0339485 -0.718856 0.69433
v -86.629 -56.0261 -2.78397
vn -0.164807 -0.0971626 0.981528
v -18.8567 -55.7271 -1.10576
vn 0.134083 -0.0225138 0.990714
v 14.4833 -54.242 -1.34937
vn 0.264911 -0.608568 0.747976
v -76.8764 -51.5572 -0.234552
vn -0.54125 -0.293553 0.787957
v -96.6194 -49.0902 -2.19644
vn -0.571337 -0.203497 0.795087
v -93.9425 -46.3069 0.615002
vn -0.0610841 -0.119676 0.990932
v -20.7867 -45.9764 -0.596179
vn 0.324561 -0.542876 0.774562
v -71.9621 -48.0552 0.271756
vn -0.544073 -0.151595 0.825229
v -97.1722 -43.5281 -1.24462
vn -0.016659 -0.30088 0.953516
v -45.5456 -44.2434 -1.30263
vn -0.0565544 -0.232783 0.970883
v -30.0859 -44.5775 -1.17848
vn -0.097429 -0.176284 0.979506
v -24.9862 -45.5767 -0.904027
vn -0.0105618 -0.279957 0.959954
v -40.1322 -43.5705 -1.1551
vn 0.00548668 -0.307522 0.951525
v -54.2348 -40.5374 -0.349631
vn -0.0503292 -0.187027 0.981065
v -28.3188 -42.9889 -0.703
vn -0.00103024 -0.229338 0.973346
v -41.9391 -40.9652 -0.529471
vn 0.0353783 -0.237804 0.970669
v -34.957 -35.6415 0.654926
vn 0.2629 -0.526771 0.808329
v -62.4872 -41.2258 0.603703
vn 0.0101985 -0.136627 0.99057
v -18.6853 -41.3661 0.012607
vn 0.133444 -0.41268 0.901048
v -53.6415 -37.6005 0.683444
vn -0.0232933 -0.144033 0.989299
v -23.5048 -39.7407 -0.037316
vn 0.00241006 -0.28298 0.959123
v -40.7618 -35.7397 0.779722
vn -0.298622 -0.403265 0.864987
v -100.318 -36.5091 -0.77768
vn -0.175347 -0.526212 0.832078
v -100.993 -35.5431 -0.461962
vn -0.186104 -0.228795 0.95552
v -95.1998 -36.6042 0.54458
vn 0.0611001 -0.309108 0.949062
v -47.7521 -35.1058 0.971547
vn -0.264061 0.166162 0.950085
v -91.4313 -33.1916 1.06762
vn 0.0222509 -0.141874 0.989635
v -27.7735 -34.9453 0.618954
vn 0.1634 -0.426321 0.889691
v -52.3097 -34.8366 1.74527
vn 0.0675578 -0.0732053 0.995026
v -14.3355 -38.4974 0.01188
vn 0.081002 0.015472 0.996594
v 11.0804 -40.1503 -1.22691
vn -0.407226 -0.672178 0.618339
v -117.879 -30.6883 -1.34809
vn -0.0150011 -0.505257 0.862838
v -97.7786 -33.4353 1.25278
vn -0.398883 -0.118857 0.909267
v -91.324 -32.963 1.03117
vn 0.227785 0.105279 0.968003
v 12.1469 -35.9931 -1.56677
vn 0.0965251 -0.238096 0.966433
v -30.6188 -32.482 1.12563
vn 0.0518029 -0.447122 0.892972
v -92.1559 -32.2913 1.36156
vn 0.139279 0.102193 0.984966
v 6.87779 -30.4363 -1.18622
vn 0.122058 0.0556358 0.990963
v -15.4353 -28.537 0.399138
vn 0.0944136 0.323054 0.941659
v -6.67593 -23.1493 -1.00113
vn 0.0874524 0.171921 0.981221
v -0.48551 -24.6741 -1.00391
vn 0.221438 0.438379 0.871085
v -12.0356 -20.8303 -1.12358
vn 0.201129 0.292342 0.934924
v 3.13476 -24.9089 -1.46282
vn 0.137247 0.582577 0.801104
v -6.66668 -21.3009 -1.84989
vn 0.0726473 0.586118 0.806962
v -2.57424 -21.2452 -2.36967
vn 0.400536 0.387845 0.830149
v -28.9019 -14.857 0.784747
vn -0.829417 -0.340275 0.443035
v -134.992 -10.0696 0.283752
vn 0.549642 0.474368 0.687654
v -30.0958 -9.04982 -2.032
vn 0.778773 -0.0924441 0.620457
v -35.3149 6.53476 -0.62676
vn 0.8229 0.00294112 0.568179
v -33.234 21.1529 -2.03701
vn 0.784545 0.210012 0.583424
v -36.6362 35.3627 -0.444382
vn 0.732283 0.304765 0.608999
v -41.3246 46.2811 0.538973
vn 0.792603 0.345648 0.502303
v -39.5171 45.7681 -1.48674
vn -0.821909 0.289453 0.490595
v -134.731 48.6009 -0.196753
vn -0.780444 0.327335 0.53269
v -133.764 52.2241 -1.0574
vn -0.779483 0.314535 0.541732
v -131.895 58.505 -2.06516
vn 0.8316 0.358432 0.424227
v -44.8716 58.8283 -2.46469
vn -0.723885 0.347882 0.595792
v -128.344 63.2356 -0.101216
vn -0.767069 0.435179 0.471407
v -128.729 65.5119 -2.18609
vn 0.708339 0.366199 0.603453
v -49.1395 68.7444 -1.74536
vn 0.662693 0.45801 0.592507
v -52.2051 73.9738 -2.46667
vn -0.22748 0.662373 0.713803
v -103.565 86.2558 0.453602
vn 0.0905211 0.718565 0.689544
v -81.496 89.1874 0.429123
vn -0.00894525 0.765115 0.643832
v -87.1095 90.6502 -1.09454
vn 0.0983377 0.741989 0.66316
v -76.7302 90.9654 -2.24627
vn 0.0162718 -0.697732 0.716174
v -84.9216 -54.9279 -1.64849
vn 0.334071 -0.513433 0.790432
v -71.6675 -45.5271 2.0377
vn 0.0641942 -0.0422718 0.997042
v -18.2969 -36.304 0.538161
vn 0.00086235 -0.356526 0.934285
v -44.8293 -33.9867 1.21252
vn 0.0262389 -0.750424 0.660436
v -93.8118 -31.6538 2.06625
vn 0.169405 -0.269658 0.947938
v -33.7638 -30.9689 2.09756
vn 0.10909 -0.156496 0.981636
v -28.1849 -28.3304 1.57761
vn 0.204873 0.510745 0.834965
v -16.0902 -19.6785 -0.357124
vn 0.316543 0.543621 0.777353
v -23.6331 -17.1388 -0.238847
vn 0.63748 0.194582 0.745491
v -38.0037 -2.13884 1.17197
vn -0.885781 -0.232886 0.401442
v -137.086 -1.0364 2.50933
vn -0.886391 -0.0541277 0.459762
v -136.806 1.17161 3.87266
vn 0.668273 -0.122252 0.733802
v -36.6368 4.89896 0.435633
vn 0.715251 -0.0441004 0.697475
v -35.8253 12.9662 0.710987
vn 0.813122 0.154311 0.561267
v -35.636 31.4289 -0.670696
vn -0.797878 0.208277 0.565696
v -133.646 41.2625 4.79895
vn 0.718001 0.313838 0.621273
v -42.7362 48.8995 0.865372
vn -0.691581 0.320959 0.647071
v -128.836 58.5652 1.57823
vn -0.700079 0.422383 0.575745
v -124.926 68.9699 0.214533
vn 0.326664 0.561348 0.76038
v -65.4949 83.6155 0.589931
vn 0.249512 0.652483 0.715549
v -71.3841 87.9652 -0.639774
vn -0.13516 0.734636 0.664862
v -94.8496 89.2742 -0.263519
vn -0.392184 -0.482432 0.783231
v -91.6866 -50.9673 -0.071497
vn -0.187645 -0.6269 0.756165
v -88.9117 -54.44 -1.73923
vn -0.119354 -0.593334 0.796059
v -86.4647 -50.1847 2.34056
vn 0.129106 -0.671704 0.729483
v -81.5108 -53.0409 -0.153074
vn 0.242449 -0.542384 0.804387
v -79.6449 -48.4741 3.2876
vn 0.316021 -0.497422 0.807899
v -64.839 -39.8339 2.55542
vn -0.537789 0.078249 0.83944
v -94.1138 -37.1939 0.943495
vn 0.22901 -0.492938 0.839385
v -58.9219 -38.9944 1.05826
vn 0.0229129 -0.0918398 0.99551
v -23.0585 -34.4846 0.640461
vn 0.0145071 -0.105096 0.994356
v -18.4765 -38.4524 0.400247
vn -0.688059 0.118445 0.715923
v -89.3568 -33.2174 3.26226
vn 0.0835119 -0.335307 0.9384
v -34.7263 -32.8742 1.45227
vn -0.490598 -0.519464 0.699622
v -89.5725 -30.8327 3.48921
vn 0.0959937 -0.417644 0.903526
v -46.7891 -33.5559 1.4477
vn 0.201037 -0.10622 0.973808
v -28.6214 -25.5189 2.16563
vn 0.132667 -0.0363904 0.990492
v -24.7722 -26.7176 1.4047
vn -0.484625 -0.623774 0.613225
v -121.828 -23.415 3.56684
vn 0.0937762 0.00906918 0.995552
v -19.2707 -26.7177 0.834638
vn -0.626399 -0.55386 0.548509
v -128.127 -18.464 2.58624
vn 0.138226 0.231523 0.962959
v -20.0165 -20.7703 0.521731
vn 0.186657 0.167023 0.968123
v -15.9575 -21.0588 0.103078
vn 0.626535 -0.0249525 0.778994
v -39.818 0.702138 2.009
vn 0.60484 -0.139729 0.783993
v -40.3509 4.06975 2.99115
vn 0.618094 -0.106085 0.778913
v -37.2195 9.67528 1.8179
vn 0.771271 0.082824 0.631095
v -34.9304 23.6732 -0.196115
vn 0.649552 0.0306587 0.759699
v -37.5961 24.9103 2.44304
vn 0.708905 0.256023 0.657195
v -39.5576 40.7095 0.940004
vn -0.716694 0.334291 0.612045
v -131.06 55.1594 0.812686
vn 0.715392 0.327257 0.617347
v -45.077 55.7898 0.141456
vn 0.674386 0.319814 0.665524
v -48.9086 62.8064 0.790432
vn 0.57359 0.390134 0.720271
v -51.3088 67.651 0.415541
vn -0.493338 0.509743 0.704826
v -117.982 75.5934 2.14582
vn 0.391156 0.419995 0.818902
v -61.7988 77.4648 2.32824
vn -0.647462 0.551846 0.525603
v -120.256 75.9236 -0.264897
vn 0.546067 0.434277 0.71639
v -56.617 76.2787 -0.35621
vn 0.435358 0.452581 0.778225
v -62.515 80.916 0.55043
vn -0.388963 0.590476 0.707139
v -111.857 81.799 1.06807
vn -0.285464 0.623375 0.727952
v -108.367 84.6665 0.223245
vn 0.188173 0.606801 0.772259
v -73.914 86.791 1.21562
vn -0.114305 0.718496 0.686074
v -92.9113 87.4313 2.16459
vn 0.0150793 -0.522117 0.852741
v -81.9391 -49.5628 2.99151
vn 0.0238867 -0.364899 0.930741
v -40.7491 -32.4472 1.99897
vn -0.272463 -0.673818 0.686828
v -110.982 -31.9133 1.06956
vn -0.0999058 -0.688748 0.718084
v -105.255 -33.3471 0.947038
vn 0.0591442 -0.4119 0.909308
v -44.554 -29.4802 3.43339
vn 0.238688 0.152385 0.959066
v -27.1936 -19.7224 1.66265
vn 0.54866 0.25699 0.795568
v -38.4617 -6.1474 2.86629
vn 0.657583 0.0174364 0.75318
v -41.2375 1.38079 3.26778
vn 0.698259 -0.00728058 0.715808
v -36.8945 18.8975 1.77394
vn -0.847092 0.0316138 0.530506
v -137.341 23.2128 3.0461
vn 0.694391 0.203166 0.690322
v -40.5357 36.5006 3.46069
vn -0.652811 0.329644 0.682035
v -125.825 63.9441 2.1209
vn 0.497131 0.366632 0.78641
v -55.9381 71.2129 2.41514
vn 0.304637 0.501131 0.809978
v -68.4998 83.6435 1.94207
vn -0.190128 0.678536 0.709535
v -97.2295 85.8531 2.66621
vn -0.352508 -0.404757 0.843747
v -89.8917 -48.0715 2.83978
vn 0.308704 -0.467153 0.828535
v -74.0124 -44.3839 3.56172
vn 0.151255 -0.439571 0.885381
v -52.1742 -31.5735 3.43443
vn 0.226689 -0.0845682 0.970289
v -31.8515 -25.082 3.03053
vn -0.751277 -0.440633 0.491351
v -132.748 -14.8469 0.05947
vn 0.481476 0.317796 0.816815
v -34.4344 -11.1576 2.31371
vn 0.620552 -0.0944318 0.778458
v -43.423 4.0867 5.53478
vn 0.594355 -0.078841 0.800329
v -39.9664 10.0044 3.8131
vn 0.617959 -0.0326953 0.78553
v -38.0685 14.2392 2.80288
vn -0.826382 0.0884743 0.556116
v -137.084 28.1325 2.98638
vn 0.703204 0.114112 0.701771
v -38.8756 31.8179 2.82406
vn 0.631098 0.200934 0.749227
v -43.258 39.4812 4.97464
vn -0.759861 0.296211 0.57868
v -133.497 46.2261 2.79148
vn 0.679524 0.286065 0.675584
v -43.4443 46.9364 2.44429
vn 0.641949 0.32433 0.694774
v -47.3009 53.1823 3.39937
vn 0.558719 0.31637 0.766644
v -52.145 61.746 3.56878
vn 0.463184 0.352068 0.813332
v -56.4438 68.0808 3.8036
vn -0.601222 0.36816 0.709218
v -122.521 68.7466 2.86306
vn -0.485491 0.389442 0.782709
v -120.59 70.2613 3.45033
vn 0.393359 0.400599 0.82752
v -59.7764 72.1379 3.65886
vn -0.625601 0.472236 0.62098
v -122.388 72.3249 0.59901
vn -0.466019 0.448182 0.762862
v -117.497 73.5721 3.57507
vn -0.366537 0.532782 0.762754
v -111.721 78.9441 3.11974
vn -0.280415 0.584489 0.761406
v -106.564 81.55 3.25788
vn -0.232089 0.578595 0.781897
v -100.442 82.9908 4.31191
vn 0.213238 0.530768 0.820253
v -75.0952 84.2156 3.28345
vn 0.144158 0.629525 0.76349
v -79.6567 86.1159 2.93939
vn -0.083729 -0.368395 0.925891
v -86.78 -46.2394 4.43757
vn 0.133526 -0.401056 0.90627
v -79.9124 -45.8609 4.70404
vn -0.345278 -0.266258 0.899939
v -88.8555 -45.7139 4.3154
vn 0.3291 -0.469645 0.819223
v -70.0141 -41.5473 3.53158
vn 0.28792 -0.461249 0.839256
v -72.2496 -40.3244 5.3066
vn -0.588027 0.175594 0.789551
v -88.1906 -36.3176 5.10735
vn 0.298751 -0.475247 0.82758
v -62.9743 -36.2579 3.80944
vn 0.316877 -0.474478 0.821255
v -66.0614 -35.3955 5.77809
vn 0.203284 -0.443627 0.872852
v -54.8159 -33.3105 3.10003
vn 0.213591 -0.439354 0.872552
v -55.0759 -31.2051 4.15725
vn -0.225208 -0.711608 0.665504
v -109.112 -29.6736 3.93642
vn 0.307501 -0.433948 0.846837
v -59.6293 -30.6613 5.88941
vn 0.126389 -0.392593 0.910987
v -47.2855 -28.6047 4.04381
vn 0.0795871 -0.32222 0.943313
v -39.1048 -29.4364 3.15783
vn -0.239158 -0.777117 0.582144
v -89.2799 -30.1397 4.34841
vn 0.090416 -0.326051 0.941018
v -42.4451 -27.4456 4.13475
vn 0.235918 -0.407418 0.882243
v -57.0706 -28.9764 5.80687
vn 0.173133 -0.230169 0.957626
v -34.3483 -28.4269 2.95298
vn 0.183591 -0.300009 0.936103
v -48.5013 -24.2743 5.77116
vn 0.164512 -0.113189 0.979859
v -34.8795 -25.9907 3.50698
vn 0.313831 -0.0988041 0.944324
v -45.3116 -18.5728 6.18405
vn 0.283056 0.145277 0.948037
v -30.9037 -18.1385 2.43602
vn 0.360969 0.137643 0.922364
v -37.0252 -10.8672 3.47658
vn -0.726942 -0.376888 0.57403
v -131.256 -10.7881 5.50829
vn 0.468734 0.0901584 0.878726
v -41.4737 -6.27824 4.82473
vn 0.533237 0.0268451 0.84554
v -43.1734 -5.18377 5.6552
vn -0.821672 0.00424361 0.569945
v -136.173 21.1496 4.89963
vn 0.565453 -0.0315364 0.824177
v -42.5935 11.4644 5.88913
vn 0.583277 -0.00977115 0.812214
v -39.869 18.7204 4.08904
vn 0.588351 0.026306 0.808178
v -39.6826 26.0328 3.95045
vn 0.556312 0.0191395 0.830753
v -42.6739 29.1877 5.89354
vn 0.604848 0.0900247 0.791236
v -41.0844 33.6456 4.71406
vn -0.835698 0.15319 0.527391
v -137.203 34.7332 1.33668
vn 0.660963 0.2481 0.708219
v -44.4446 42.8931 4.9927
vn 0.604494 0.288967 0.742351
v -47.4683 50.0966 5.08552
vn -0.649773 0.355877 0.671675
v -128.129 53.4077 4.92624
vn -0.61361 0.329002 0.717803
v -126.458 56.8695 4.68605
vn 0.550876 0.331736 0.765824
v -53.2605 58.0413 6.12733
vn -0.563077 0.308741 0.766566
v -123.795 60.543 5.29912
vn -0.486947 0.342288 0.803568
v -122.538 63.5359 5.0191
vn 0.433988 0.413958 0.800183
v -61.5009 70.6483 5.54489
vn -0.373438 0.395628 0.839061
v -113.412 75.1326 4.90595
vn -0.272984 0.490572 0.827538
v -109.147 77.9187 5.0384
vn 0.280641 0.448014 0.848837
v -69.2771 81.3362 3.239
vn 0.232599 0.466628 0.85332
v -73.5881 79.6681 5.52483
vn 0.171302 0.520268 0.836646
v -80.6566 84.3877 4.42751
vn 0.0392696 0.718176 0.694753
v -84.9836 87.5271 2.44035
vn -0.027688 0.670452 0.741436
v -89.5758 85.3563 4.82303
vn 0.105206 0.603173 0.790641
v -84.3704 85.4957 4.28032
vn 0.164126 -0.377094 0.911517
v -75.1322 -39.8144 6.15972
vn 0.226305 -0.434658 0.871699
v -70.9967 -36.2914 6.90501
vn -0.464884 0.00784493 0.885337
v -89.0977 -40.2443 5.06693
vn -0.539422 -0.0401913 0.841076
v -86.0454 -33.8268 6.19569
vn -0.0838789 -0.786611 0.611725
v -105.101 -29.1995 5.64912
vn 0.0217906 -0.729163 0.683993
v -98.8572 -31.6913 2.58533
vn -0.0309661 -0.821947 0.568722
v -91.1683 -27.8886 8.00293
vn 0.446202 -0.070124 0.892181
v -44.8326 -12.3229 6.30759
vn 0.596587 0.142049 0.789877
v -42.1731 -2.3075 4.474
vn -0.814424 -0.149964 0.560557
v -135.946 -0.738065 4.93793
vn -0.804722 0.0921031 0.586464
v -135.533 28.2289 5.18134
vn 0.481196 0.361828 0.798455
v -58.5881 66.1211 6.03611
vn -0.417982 0.39046 0.820263
v -115.181 71.3031 5.5988
vn 0.345812 0.449618 0.823564
v -67.2413 76.2523 5.28432
vn -0.229383 0.490313 0.840819
v -101.208 79.8379 5.90031
vn -0.195383 0.589731 0.783609
v -97.4231 83.3499 4.8688
vn 0.00447763 -0.28914 0.957276
v -79.9715 -43.0194 5.61568
vn -0.554008 -0.110028 0.825209
v -89.9474 -41.2083 4.49449
vn -0.226593 -0.182559 0.956728
v -87.9112 -42.6863 5.191
vn -0.204495 -0.190954 0.960061
v -84.5049 -37.8855 6.57413
vn -0.41139 -0.189656 0.891509
v -83.9495 -35.9287 7.05078
vn 0.260132 -0.397361 0.88002
v -56.5472 -26.4221 6.87903
vn -0.401854 -0.632357 0.662297
v -118.01 -23.322 6.20902
vn 0.335368 -0.177481 0.925218
v -50.0434 -17.8345 7.99633
vn 0.594026 -0.01264 0.804346
v -46.9888 0.340726 8.36886
vn 0.585005 -0.0296713 0.810487
v -44.9017 11.9578 7.45182
vn -0.79558 0.0402025 0.604513
v -134.183 21.6071 7.76686
vn 0.545822 0.0429613 0.836799
v -46.4811 28.1217 8.37476
vn -0.630951 0.360097 0.68719
v -127.524 48.7565 8.17727
vn -0.581282 0.376215 0.721508
v -122.933 54.204 9.03861
vn -0.487095 0.385665 0.783582
v -119.956 65.299 5.8512
vn 0.404228 0.419346 0.812864
v -64.4227 70.084 7.19406
vn -0.40638 0.427631 0.807457
v -113.64 70.8217 6.62254
vn -0.314527 0.424078 0.849253
v -109.631 72.5442 7.52934
vn -0.229232 0.464805 0.855225
v -102.301 76.8428 7.62545
vn -0.29803 0.426409 0.854022
v -109.532 75.4343 5.99059
vn 0.238786 0.474855 0.847051
v -75.3803 76.4785 7.65214
vn -0.0515787 0.490067 0.870157
v -90.8739 82.1786 7.1589
vn 0.152555 0.490687 0.857877
v -80.7891 79.2953 7.38336
vn -0.185564 0.549156 0.814858
v -95.5826 82.0794 6.10736
vn -0.136925 0.595526 0.791581
v -92.6552 84.4464 5.10136
vn -0.0064367 0.567679 0.823225
v -88.5496 84.2415 5.66993
vn 0.0679309 -0.360948 0.930109
v -76.6433 -37.9204 7.26852
vn -0.581465 -0.284301 0.76228
v -86.3204 -31.8033 6.58057
vn -0.369361 -0.624961 0.687747
v -86.9968 -28.8403 7.90716
vn -0.208164 -0.720371 0.661614
v -104.723 -27.5556 7.72181
vn -0.34632 -0.671964 0.65462
v -115.203 -26.6831 4.4162
vn 0.275916 -0.294567 0.914932
v -50.9674 -22.611 7.02003
vn -0.73531 0.203125 0.646575
v -131.571 40.3686 7.77488
vn 0.585783 0.182707 0.789605
v -46.2502 41.7625 6.9212
vn 0.545563 0.200607 0.813706
v -49.2435 43.7966 8.42925
vn -0.523326 0.369457 0.767875
v -119.237 62.0521 7.97715
vn 0.319149 0.475563 0.819747
v -67.4682 72.1667 7.49372
vn 0.113737 0.480136 0.869789
v -83.2354 77.5377 8.69525
vn 0.280318 -0.421599 0.862367
v -66.5884 -31.3116 8.20665
vn 0.268637 -0.299577 0.915472
v -53.7725 -21.5659 8.21103
vn -0.623559 -0.510429 0.592145
v -128.964 -14.6885 5.44185
vn 0.517574 -0.0808318 0.851812
v -47.3724 -8.65499 8.04113
vn -0.776988 -0.302032 0.552329
v -133.311 -6.26341 5.66797
vn 0.544833 0.0872753 0.83399
v -45.1241 34.2369 7.21704
vn 0.550897 0.269123 0.789991
v -50.7693 48.4044 8.07173
vn 0.443167 0.378417 0.812652
v -62.2062 64.7412 8.77536
vn -0.399157 0.421281 0.814369
v -113.748 68.4 7.86709
vn 0.211662 0.502296 0.83839
v -76.0886 74.13 9.31305
vn -0.0228583 -0.293035 0.955828
v -77.4518 -35.1379 8.19628
vn -0.153511 -0.235754 0.959611
v -81.0391 -34.3406 8.12313
vn 0.150679 -0.374067 0.915079
v -71.1032 -33.6557 8.32
vn 0.0350723 -0.216705 0.975607
v -72.857 -32.612 8.82437
vn -0.232263 -0.427744 0.873549
v -84.1654 -28.4948 8.91632
vn 0.189005 -0.297073 0.935962
v -67.4954 -30.4906 8.80918
vn 0.0143893 -0.335612 0.941891
v -81.381 -26.5369 10.2708
vn 0.141387 -0.191204 0.971314
v -62.948 -25.9712 9.11121
vn 0.286685 -0.367266 0.884832
v -63.141 -28.6012 8.2023
vn 0.121296 -0.249709 0.960694
v -70.7957 -23.2109 10.1831
vn -0.296559 -0.674352 0.676242
v -111.966 -23.5181 9.19349
vn -0.0826962 -0.699631 0.709702
v -87.8392 -27.2119 9.27868
vn 0.250182 -0.320884 0.913478
v -57.9675 -23.4306 8.72876
vn 0.167342 -0.364932 0.915872
v -72.4719 -22.9804 10.4817
vn 0.23983 -0.169327 0.955934
v -52.2456 -18.0761 8.65334
vn -0.489804 -0.586651 0.644928
v -123.518 -17.8777 7.50099
vn -0.529108 -0.531013 0.661868
v -123.288 -14.8949 10.2636
vn 0.1891 -0.286762 0.939153
v -65.2236 -18.0938 10.6967
vn 0.194655 -0.241608 0.95065
v -60.6601 -15.9479 10.4338
vn 0.236129 -0.230671 0.943946
v -58.6959 -13.1726 10.773
vn 0.386647 -0.140376 0.911482
v -49.0621 -12.3478 8.41479
vn 0.252376 -0.182292 0.950303
v -51.2067 -8.73909 9.75226
vn 0.577471 -0.06014 0.814193
v -48.1837 5.0661 9.57765
vn -0.762845 0.0915098 0.640074
v -131.383 25.8256 10.6858
vn 0.530399 0.0450489 0.84655
v -48.9983 26.3456 10.2229
vn 0.562971 0.0168614 0.826305
v -46.8182 22.7289 8.81772
vn -0.775063 0.12269 0.619859
v -132.948 34.8263 7.27246
vn 0.518965 0.0929864 0.849723
v -47.8049 36.1468 8.70421
vn -0.680576 0.203278 0.703913
v -129.706 38.675 10.1244
vn 0.492196 0.165957 0.854519
v -51.2887 42.9844 9.92958
vn -0.689151 0.296441 0.661206
v -129.171 45.2101 8.33289
vn -0.605022 0.292739 0.740441
v -126.366 44.6182 11.0606
vn 0.487435 0.263664 0.832399
v -54.1905 50.5384 9.76174
vn 0.539299 0.314043 0.781366
v -54.6864 54.687 8.34278
vn -0.480449 0.378742 0.791026
v -118.603 57.8561 10.336
vn 0.485898 0.324878 0.811392
v -57.1597 57.9343 8.63217
vn -0.43441 0.394626 0.809666
v -117.636 62.5896 8.68406
vn -0.348936 0.442981 0.82584
v -111.539 68.2025 8.94559
vn 0.370925 0.450218 0.812231
v -67.2371 69.9385 8.72899
vn -0.269523 0.474454 0.838004
v -102.913 70.956 10.5423
vn 0.266062 0.49869 0.824936
v -74.576 70.7622 10.9409
vn -0.277906 0.440015 0.853906
v -106.38 71.7804 8.86258
vn -0.0979738 0.481287 0.871071
v -92.7951 74.9672 10.5352
vn -0.222166 0.462206 0.858492
v -101.837 74.2275 8.85785
vn -0.16833 0.455601 0.874124
v -96.2034 76.3704 9.04336
vn -0.024974 0.460097 0.887517
v -91.1058 79.4322 8.29748
vn 0.081031 0.505026 0.859292
v -85.3754 76.2639 9.85267
vn 0.000480803 -0.758187 0.652037
v -95.9266 -24.9451 12.5913
vn 0.0260674 -0.581443 0.813169
v -83.8326 -25.7112 10.6773
vn -0.399126 -0.598907 0.694269
v -117.936 -18.6508 10.4783
vn 0.237687 -0.387689 0.890619
v -70.5858 -19.5543 11.4457
vn 0.370708 -0.109019 0.922329
v -49.5864 -4.62324 9.96995
vn 0.381005 -0.0760633 0.921439
v -50.7345 -1.77235 10.4291
vn -0.711869 -0.237006 0.661113
v -131.643 -3.7999 8.62642
vn -0.766845 -0.103993 0.633352
v -134.158 2.43087 7.63733
vn -0.760296 0.00812959 0.649526
v -130.201 14.4169 12.956
vn -0.758615 0.0533086 0.649355
v -130.624 20.5498 12.1904
vn 0.565804 0.0375808 0.823683
v -50.6939 23.5869 11.3128
vn -0.728411 0.131983 0.672308
v -129.519 32.1009 11.8577
vn 0.462312 0.10833 0.880075
v -52.6383 38.6311 11.1131
vn -0.188322 0.487859 0.852366
v -97.4788 72.9983 10.7784
vn -0.163124 -0.743348 0.64871
v -101.519 -26.7572 9.5421
vn 0.177699 -0.495428 0.850279
v -79.296 -23.4808 11.591
vn -0.464347 -0.505353 0.727323
v -121.762 -13.9602 12.1042
vn 0.34774 -0.380448 0.856934
v -67.1615 -14.7872 12.4776
vn 0.272699 -0.324188 0.905835
v -65.4484 -15.1262 11.6111
vn 0.331339 -0.284108 0.899721
v -63.9853 -10.2853 12.9028
vn -0.665726 -0.373408 0.646046
v -127.846 -9.89963 9.8315
vn 0.276638 -0.172628 0.945342
v -57.1659 -8.58694 11.3888
vn 0.270062 -0.167692 0.948128
v -55.5137 -8.65381 10.8562
vn 0.387459 -0.192959 0.901467
v -59.6661 -2.30415 13.2264
vn 0.37776 -0.156058 0.912657
v -56.8934 1.15818 12.5187
vn 0.457282 -0.122625 0.880827
v -52.0172 10.4643 12.2597
vn 0.40929 -0.0864329 0.908301
v -50.2107 3.53653 10.7371
vn 0.545509 -0.0104692 0.838039
v -51.2629 15.1377 12.1175
vn 0.560322 -0.0335968 0.827593
v -48.4401 10.7074 9.98757
vn 0.579018 0.00999907 0.815253
v -49.3112 15.9451 10.7016
vn 0.560839 0.0649513 0.825373
v -52.3178 25.7186 12.5017
vn 0.512268 0.0917421 0.853912
v -50.8875 33.8065 10.6902
vn 0.444536 0.171295 0.87923
v -55.0787 45.666 11.289
vn 0.444252 0.170972 0.879437
v -57.5525 45.2602 12.7173
vn -0.547052 0.371572 0.750112
v -122.858 50.255 11.2234
vn 0.435526 0.234838 0.869004
v -56.3845 50.2574 10.9091
vn -0.435625 0.403652 0.804547
v -114.223 58.7004 12.4049
vn 0.449481 0.29438 0.84339
v -59.7027 54.746 11.1835
vn 0.431764 0.303255 0.84948
v -63.9387 57.0392 12.6389
vn 0.388445 0.335657 0.858164
v -67.9292 62.6614 12.5703
vn -0.376364 0.422319 0.824619
v -111.03 65.1584 10.792
vn 0.443291 0.3272 0.834526
v -62.4797 61.8998 10.0997
vn 0.315819 0.420158 0.85072
v -70.451 65.7336 12.3513
vn 0.403428 0.390057 0.827709
v -66.6004 65.4674 10.6802
vn 0.339015 0.451623 0.825291
v -69.5211 68.0213 10.7319
vn 0.164868 0.509293 0.844653
v -79.8447 70.9251 12.1057
vn -0.0651632 0.487717 0.870566
v -91.9677 72.2687 12.0941
vn 0.0612808 0.500613 0.863499
v -84.4358 72.0563 12.1476
vn 0.0639986 -0.704367 0.706945
v -93.0839 -24.6323 12.5631
vn -0.225864 -0.692954 0.68469
v -104.622 -23.527 12.0037
vn -0.302859 -0.634782 0.710865
v -111.215 -21.1045 11.8886
vn 0.25161 -0.54407 0.800425
v -77.4261 -17.298 15.1473
vn -0.329756 -0.583369 0.742254
v -112.109 -18.6816 13.448
vn 0.310534 -0.471421 0.825428
v -72.1688 -18.2556 12.7015
vn -0.592317 -0.390543 0.704725
v -126.299 -9.16929 11.8936
vn -0.733534 0.0839355 0.67445
v -129.177 24.2345 13.4452
vn -0.717898 0.113139 0.686893
v -128.947 28.1954 13.1285
vn 0.509498 0.132411 0.850223
v -54.1848 32.9479 12.7587
vn 0.484976 0.13308 0.864342
v -55.73 36.3147 13.0765
vn 0.438042 0.242282 0.86569
v -61.2732 53.0924 12.6212
vn 0.303441 0.360524 0.882012
v -71.6891 64.3515 13.3701
vn 0.228507 0.488686 0.842004
v -76.2335 69.5618 12.1612
vn 0.171528 -0.633909 0.754147
v -85.5293 -20.1927 15.3436
vn -0.4072 -0.544003 0.733654
v -116.821 -13.5428 15.0602
vn 0.377587 -0.384419 0.842407
v -69.0696 -13.8489 13.639
vn -0.531023 -0.408307 0.742496
v -124.042 -8.98395 13.5391
vn -0.657031 -0.256943 0.708724
v -127.083 -3.64847 13.1679
vn 0.447053 -0.217069 0.86777
v -54.4909 7.67416 12.7966
vn -0.742482 -0.0689681 0.666306
v -130.485 8.06223 12.4555
vn 0.483983 -0.0842887 0.871009
v -54.0098 11.6964 13.4348
vn -0.610036 0.226664 0.759262
v -126.935 37.1412 13.2505
vn -0.522669 0.301886 0.797297
v -122.755 46.2145 13.1615
vn 0.462185 0.235507 0.85494
v -62.4208 50.8682 13.7728
vn -0.424526 0.427343 0.79822
v -112.588 57.487 13.8488
vn -0.353409 0.468407 0.809751
v -106.865 63.1409 13.4877
vn 0.196796 0.443093 0.874609
v -77.6121 67.6126 13.5736
vn 0.0934613 0.475529 0.874721
v -83.6714 69.6065 13.5003
vn -0.115912 -0.604092 0.78844
v -100.658 -21.1363 15.2171
vn -0.0828256 -0.655232 0.750873
v -97.6523 -24.1742 13.1712
vn 0.0677641 -0.637863 0.767163
v -90.2714 -20.9964 15.6894
vn -0.211723 -0.646701 0.732769
v -104.111 -21.5009 14.1171
vn -0.242043 -0.600982 0.761732
v -105.922 -19.6498 15.0588
vn 0.434245 -0.368152 0.822128
v -71.2147 -13.0787 15.1989
vn 0.410361 -0.281263 0.867464
v -64.4867 -6.59363 14.1645
vn 0.453383 -0.207636 0.866794
v -57.223 2.92787 13.068
vn -0.701592 -0.178376 0.689891
v -128.908 2.24699 13.2109
vn 0.508467 -0.0912206 0.856236
v -57.5618 13.6947 15.7752
vn -0.708007 0.0570968 0.703893
v -127.729 19.232 15.5253
vn 0.516691 -0.0100836 0.856112
v -53.9506 18.0982 13.7116
vn 0.529121 0.135537 0.837652
v -57.3157 29.9815 15.1564
vn -0.64864 0.183654 0.738605
v -126.678 33.5594 14.2945
vn -0.554815 0.266509 0.788132
v -124.261 41.8724 13.5767
vn -0.499065 0.30976 0.80931
v -117.507 48.227 15.6449
vn 0.446264 0.190167 0.874463
v -59.6768 44.6872 13.7512
vn -0.490212 0.285383 0.823559
v -119.842 48.6288 13.97
vn -0.517845 0.341296 0.784445
v -115.965 49.2937 16.1031
vn -0.488334 0.363737 0.793238
v -119.471 50.3765 13.5406
vn -0.424284 0.456495 0.782046
v -109.077 58.5386 15.2226
vn -0.311353 0.508884 0.802556
v -105.097 61.2382 15.5307
vn -0.173811 0.49455 0.851593
v -97.6862 65.6587 15.1306
vn -0.250179 0.500158 0.829007
v -101.125 66.9803 13.2022
vn -0.160536 0.498765 0.85174
v -95.8522 69.3735 13.1316
vn -0.0291336 0.492619 0.869757
v -90.3924 69.6722 13.6641
vn -0.0361177 -0.597302 0.801203
v -95.5734 -19.0572 17.0964
vn 0.440755 -0.227165 0.868407
v -62.072 -0.230606 14.8613
vn 0.460618 -0.19649 0.865577
v -56.8262 8.89365 14.4652
vn -0.689841 0.104822 0.716332
v -126.707 26.1264 15.701
vn 0.472333 0.15633 0.867446
v -58.7771 37.074 14.7233
vn -0.542929 0.315078 0.77843
v -119.759 42.2017 16.4722
vn 0.43575 0.202122 0.87708
v -64.376 48.6277 15.5558
vn 0.375 0.313564 0.872383
v -67.9859 59.4513 13.7285
vn -0.155915 -0.595063 0.78841
v -103.7 -18.0799 16.8842
vn -0.0907896 -0.605082 0.79097
v -98.8902 -17.6164 17.9248
vn 0.0775198 -0.602954 0.794001
v -88.7957 -18.9076 17.1287
vn 0.208498 -0.580441 0.787158
v -84.4076 -17.5011 17.4185
vn 0.355644 -0.45688 0.815339
v -74.6538 -15.2435 15.5978
vn -0.254254 -0.576698 0.776385
v -107.175 -16.4497 17.1135
vn -0.325735 -0.556293 0.764483
v -111.376 -13.9487 17.3712
vn 0.346194 -0.463494 0.815673
v -74.4718 -11.9935 17.3979
vn -0.477193 -0.457502 0.750319
v -120.013 -10.4771 15.4175
vn 0.485942 -0.282282 0.82715
v -66.1153 -3.15883 16.1672
vn -0.58195 -0.292991 0.758611
v -123.971 -4.87459 15.5159
vn -0.668761 -0.145915 0.729019
v -127.209 4.82155 15.5831
vn 0.479432 -0.191721 0.856381
v -62.0322 8.47808 17.3603
vn 0.481817 -0.218578 0.848573
v -59.7165 7.469 15.5917
vn 0.506082 -0.123196 0.853641
v -60.0561 14.6069 17.3934
vn 0.53208 -0.0231319 0.846378
v -59.7194 19.6578 17.4473
vn 0.553845 0.0377974 0.831762
v -56.463 25.589 15.2019
vn 0.518357 0.0804863 0.851368
v -58.9986 25.7394 16.9695
vn 0.496977 0.169425 0.851064
v -60.3396 33.371 16.3482
vn 0.495525 0.185241 0.848611
v -63.3719 35.7411 17.5829
vn -0.545314 0.276958 0.791155
v -122.335 39.6942 15.8843
vn 0.502898 0.19506 0.842048
v -66.3395 41.827 18.024
vn 0.455082 0.178981 0.872277
v -63.5501 43.2032 16.0329
vn -0.58791 0.374685 0.71692
v -115.667 47.1516 17.4793
vn -0.503048 0.427566 0.751086
v -113.361 50.8918 17.1182
vn 0.411652 0.241159 0.878854
v -66.8399 50.4763 16.1649
vn 0.41213 0.292835 0.862784
v -70.2357 50.804 17.8192
vn 0.40564 0.279608 0.870216
v -67.0706 55.124 14.859
vn 0.353639 0.330331 0.875112
v -71.9213 58.51 15.6745
vn -0.26069 0.552125 0.791959
v -103.281 59.9616 16.8767
vn 0.122709 0.454715 0.882143
v -81.3743 60.8916 17.9911
vn -0.0917046 0.475243 0.875062
v -94.1351 64.2864 16.2686
vn 0.244965 0.424359 0.871729
v -77.2298 63.6565 15.3467
vn -0.0337682 0.429104 0.902624
v -90.887 65.9642 15.7906
vn 0.0770935 0.438896 0.895224
v -84.6361 64.7731 16.0028
vn 0.0835025 -0.584895 0.806799
v -88.896 -17.116 18.4958
vn 0.467882 -0.336337 0.817291
v -69.2715 -6.35851 17.0084
vn 0.480819 -0.244358 0.842082
v -64.9559 3.49871 17.6422
vn -0.66276 -0.0403474 0.747744
v -124.174 10.3577 18.7711
vn -0.694856 -0.0103984 0.719074
v -126.601 14.0882 16.8719
vn -0.644416 0.155143 0.748771
v -124.162 28.7265 17.6843
vn 0.469151 0.228549 0.853031
v -68.5238 46.5154 18.1173
vn -0.142557 0.569445 0.809574
v -98.7493 61.0217 17.9694
vn 0.258408 -0.558451 0.788263
v -82.1182 -14.2002 18.797
vn -0.402629 -0.486405 0.775435
v -115.195 -10.3127 18.1632
vn -0.476193 -0.384544 0.790801
v -118.703 -7.35152 17.763
vn -0.57896 -0.276883 0.766904
v -121.196 -2.7422 18.1996
vn -0.65473 -0.153601 0.740092
v -124.188 5.56495 18.3551
vn 0.486 -0.0971211 0.868545
v -62.1625 15.3005 18.6365
vn -0.660298 0.108756 0.743087
v -123.098 25.742 19.0109
vn 0.501718 -0.00528284 0.865015
v -62.0461 20.2758 18.806
vn 0.486411 0.0948527 0.868566
v -61.1625 26.4686 18.0464
vn -0.592347 0.253291 0.764832
v -123.098 35.1655 16.8266
vn -0.357473 0.503526 0.786559
v -105.084 58.5605 17.2262
vn -0.15888 -0.578822 0.799827
v -102.728 -15.1007 19.2597
vn -0.253649 -0.56193 0.787335
v -107.45 -14.1522 18.6749
vn -0.166507 -0.574537 0.801363
v -103.835 -13.0952 20.5033
vn 0.346599 -0.496582 0.795786
v -78.5105 -11.7223 19.1355
vn 0.425326 -0.376504 0.823008
v -74.9787 -9.60021 18.6436
vn 0.420817 -0.433677 0.796767
v -77.5417 -8.73441 20.5472
vn 0.496198 -0.298465 0.815295
v -72.2497 -2.27417 20.284
vn 0.477682 -0.289206 0.829566
v -70.7254 -4.15383 18.6168
vn 0.491057 -0.230806 0.839995
v -68.2488 2.70278 19.1424
vn -0.592209 -0.127164 0.795687
v -121.88 5.46162 20.4147
vn 0.456027 -0.205864 0.865829
v -65.4291 7.28998 18.7815
vn 0.454268 -0.16967 0.874559
v -63.9109 10.3801 18.7197
vn 0.455017 -0.0804473 0.886841
v -63.6918 16.3027 19.6153
vn -0.612992 0.0279558 0.789595
v -121.976 19.242 20.8658
vn -0.665877 0.0373315 0.745127
v -124.782 17.6114 18.3568
vn 0.463684 0.0430701 0.884953
v -63.7135 21.8904 19.8092
vn 0.484394 0.148475 0.862158
v -63.5311 31.5595 18.6219
vn 0.497305 0.175674 0.849603
v -65.6582 34.8084 19.1449
vn 0.514975 0.172029 0.839766
v -67.4054 38.2212 19.5137
vn -0.519132 0.388797 0.761144
v -113.231 46.5101 19.8628
vn 0.406025 0.31041 0.859529
v -73.2595 49.4452 19.6972
vn 0.320869 0.360489 0.875837
v -75.9407 58.3263 17.3819
vn 0.321406 0.383852 0.865653
v -77.3854 52.1794 20.4139
vn 0.27842 0.357399 0.891487
v -79.4598 58.2629 18.4945
vn -0.224414 0.51538 0.827056
v -100.463 56.7902 20.1707
vn 0.160399 -0.588873 0.792149
v -87.2109 -12.6462 21.5173
vn 0.318068 -0.526808 0.78823
v -81.2296 -11.1654 20.7024
vn 0.409654 -0.00380465 0.912233
v -65.9656 20.7036 20.8656
vn 0.463651 0.129809 0.876457
v -66.188 30.2397 20.2801
vn -0.609001 0.220616 0.761871
v -120.051 32.9772 20.0303
vn 0.496644 0.23346 0.835967
v -70.9537 42.9006 20.4946
vn -0.436614 0.479534 0.761193
v -108.692 51.7583 19.8389
vn 0.152782 0.47794 0.865003
v -85.0301 56.4874 20.4672
vn -0.0221092 0.558852 0.828973
v -94.6549 57.96 20.0051
vn -0.0668711 -0.58551 0.807902
v -97.7103 -14.2126 20.4843
vn 0.00121413 -0.581218 0.813747
v -92.2455 -12.7295 21.9655
vn -0.364647 -0.481977 0.7967
v -112.259 -9.13878 20.3738
vn -0.22349 -0.538039 0.812752
v -104.923 -10.0764 22.3133
vn 0.246025 -0.534945 0.808273
v -85.4428 -11.3668 22.0036
vn -0.489635 -0.310197 0.814884
v -117.58 -2.21371 20.9482
vn 0.483349 -0.318409 0.815469
v -75.4898 -3.77852 21.6746
vn 0.460218 -0.137141 0.87715
v -72.2564 6.25757 22.2152
vn 0.440113 -0.15085 0.885181
v -66.809 11.359 20.404
vn 0.414899 -0.0713067 0.907069
v -66.5335 15.8764 20.8333
vn 0.406216 -0.0388345 0.912952
v -69.9015 18.023 22.6091
vn -0.598831 0.136482 0.78916
v -119.503 28.1598 21.7824
vn 0.436979 0.011191 0.899402
v -68.9461 22.5986 22.1696
vn 0.46873 0.082341 0.879495
v -68.5709 29.9771 21.482
vn -0.51948 0.220219 0.825617
v -116.906 32.5986 22.5611
vn 0.511511 0.152911 0.845562
v -70.1288 36.3685 21.8167
vn -0.588788 0.297793 0.751431
v -118.028 37.304 20.0876
vn -0.517869 0.274661 0.810169
v -115.092 37.906 22.038
vn -0.539771 0.333234 0.773047
v -113.742 44.4245 20.3978
vn -0.43048 0.30878 0.84814
v -111.573 43.4672 22.1207
vn -0.330976 0.386876 0.860687
v -107.194 48.5207 22.3354
vn 0.409182 0.294736 0.86354
v -74.326 44.12 22.1894
vn -0.415729 0.411883 0.810877
v -107.986 50.8049 20.7732
vn -0.185712 0.415412 0.890474
v -100.627 52.3864 22.4659
vn 0.256942 0.382528 0.887498
v -81.7053 51.9925 22.057
vn -0.140559 0.493087 0.85855
v -99.1915 56.0678 20.8577
vn -0.0295375 0.456444 0.889262
v -93.7648 54.7894 22.0133
vn -0.304004 0.470669 0.828283
v -104.194 53.8445 20.4808
vn 0.00693558 0.544832 0.838517
v -92.3318 56.6552 21.0292
vn 0.355879 -0.465593 0.810292
v -80.4493 -8.59594 21.9947
vn 0.493888 -0.18256 0.850145
v -75.0065 3.42286 23.357
vn 0.484399 -0.198732 0.851976
v -70.9301 3.67736 21.0333
vn 0.421049 -0.106954 0.90071
v -71.2806 13.052 22.7487
vn 0.430143 0.0336798 0.902132
v -70.5319 25.1511 22.9064
vn 0.424222 0.221549 0.878039
v -75.0344 40.8969 23.4206
vn 0.0949412 0.425439 0.899993
v -88.4726 53.6291 22.5036
vn 0.261728 -0.449281 0.854193
v -84.1124 -7.96174 23.576
vn -0.458274 -0.244494 0.854522
v -115.897 1.52088 23.0423
vn -0.540059 0.0453076 0.840407
v -117.93 21.1678 23.4071
vn 0.437618 0.068049 0.896582
v -72.1982 34.4849 23.2276
vn -0.425837 0.244484 0.871143
v -112.884 36.8118 23.4587
vn -0.048384 0.378892 0.924175
v -93.9571 52.2438 23.3546
vn -0.0356204 -0.54818 0.835602
v -94.7305 -10.1381 23.6276
vn -0.115786 -0.528715 0.840865
v -102.042 -11.0289 22.2772
vn 0.129433 -0.54681 0.827192
v -87.8099 -10.2793 23.314
vn -0.306396 -0.472852 0.826155
v -108.706 -7.39211 22.95
vn -0.0717099 -0.447541 0.891384
v -97.2635 -7.87746 24.7294
vn 0.0479149 -0.466898 0.883012
v -92.0297 -8.93407 24.4864
vn 0.183277 -0.419863 0.88889
v -87.6561 -8.98289 24.0876
vn 0.0904587 -0.367474 0.925624
v -90.7186 -7.05685 25.2729
vn 0.222398 -0.337972 0.914502
v -85.1163 -5.34912 24.9743
vn -0.399702 -0.369407 0.838914
v -111.395 -4.66282 23.0934
vn 0.203674 -0.280115 0.938111
v -85.1517 -4.58781 25.2579
vn 0.33866 -0.287468 0.89592
v -79.3701 -4.00884 23.9356
vn 0.42164 -0.363231 0.830832
v -78.9611 -4.95351 23.3949
vn -0.350156 -0.257928 0.90048
v -111.567 -1.26066 24.4629
vn 0.335483 -0.186407 0.923419
v -80.1323 -0.170812 24.9906
vn 0.282355 -0.213142 0.935332
v -80.9833 -0.233592 25.2637
vn 0.421986 -0.134313 0.896598
v -76.0797 3.73274 24.0211
vn 0.449348 -0.105191 0.887142
v -74.1683 9.27463 23.6572
vn -0.514071 -0.115944 0.849875
v -118.31 6.63666 22.8511
vn 0.367476 -0.109982 0.923507
v -78.8631 5.80353 25.4354
vn 0.404351 -0.081446 0.91097
v -75.7237 9.6254 24.4394
vn 0.378971 -0.0860489 0.921399
v -77.7696 6.42361 25.0162
vn -0.400825 -0.105514 0.910058
v -115.401 9.09267 24.7952
vn 0.407505 -0.0735378 0.910237
v -73.7314 14.1405 23.9346
vn -0.535826 -0.0135592 0.844219
v -118.784 17.0094 22.9246
vn 0.414565 -0.0538627 0.908424
v -78.619 16.4446 25.9819
vn 0.38607 -0.0421533 0.921506
v -74.0163 17.148 24.2992
vn 0.394221 -0.0123081 0.918933
v -72.4192 18.8177 23.6175
vn -0.464445 0.0177349 0.885425
v -115.871 20.7207 24.7098
vn 0.394248 -0.0306201 0.918494
v -77.093 20.6681 25.5669
vn -0.526096 0.121757 0.841664
v -117.311 28.3174 23.2301
vn 0.410811 -0.0150659 0.911596
v -79.208 23.3183 26.6169
vn -0.429634 0.120793 0.894888
v -115.193 27.2315 24.662
vn -0.453112 0.201719 0.868331
v -115.567 30.7499 23.7356
vn -0.361195 0.192546 0.912395
v -110.545 34.0266 25.3402
vn 0.399685 0.0261658 0.916279
v -77.4544 29.3293 25.8719
vn 0.410115 0.0409535 0.911114
v -73.8413 32.2522 24.1967
vn 0.427917 0.150808 0.891147
v -73.6163 37.5536 23.5041
vn -0.351713 0.26687 0.897262
v -108.555 41.4643 24.128
vn 0.292377 0.28677 0.912293
v -77.8794 44.5273 23.5514
vn -0.202628 0.317899 0.926219
v -102.652 45.3926 25.0487
vn 0.117932 0.315629 0.941526
v -88.3883 47.2655 25.169
vn -0.2884 0.340526 0.894912
v -105.557 46.8762 23.43
vn -0.0363408 0.356467 0.933601
v -93.3871 48.4785 24.8712
vn 0.184222 0.343662 0.920847
v -83.1016 49.5075 23.2447
vn -0.125751 0.375304 0.918332
v -99.2654 49.7767 23.6848
vn 0.0468088 0.391228 0.919103
v -89.385 50.7748 23.8023
vn -0.232994 -0.406533 0.883428
v -106.861 -6.19215 24.1801
vn -0.251961 -0.260302 0.932072
v -106.529 -2.61452 25.4977
vn 0.24349 -0.211225 0.946624
v -84.0226 0.434806 26.1633
vn 0.359627 0.0906261 0.928685
v -80.0741 31.6329 26.8635
vn 0.358963 0.146529 0.921778
v -76.4966 36.7262 24.8719
vn -0.270549 0.2126 0.938938
v -106.649 38.6668 25.6328
vn 0.2834 0.216798 0.934175
v -80.7684 41.0726 25.4568
vn 0.137902 0.279274 0.950257
v -84.4862 42.5216 25.9739
vn -0.145119 -0.390873 0.908933
v -103.683 -4.3796 25.5072
vn 0.0227429 -0.39398 0.918837
v -93.2834 -5.71461 25.9557
vn 0.135576 -0.296719 0.945292
v -91.4354 -4.09051 26.4261
vn 0.171421 -0.271009 0.94719
v -85.8785 -3.07096 25.7469
vn -0.0641046 -0.362328 0.929843
v -98.5446 -2.46127 27.116
vn -0.226167 -0.293105 0.928945
v -102.976 -0.401982 27.0447
vn -0.322422 -0.153025 0.934146
v -110.928 4.70785 25.7084
vn -0.313285 -0.18987 0.930485
v -107.305 5.98087 27.2398
vn -0.239961 -0.194037 0.951193
v -104.457 4.36126 27.7522
vn 0.335623 -0.147932 0.930308
v -81.5277 5.56657 26.3263
vn -0.30802 -0.103006 0.945787
v -108.108 9.6318 27.5985
vn -0.362289 -0.0803831 0.928593
v -109.284 10.4249 27.2401
vn 0.378772 -0.0849457 0.921583
v -81.1007 10.7058 26.7893
vn -0.362363 -0.0368454 0.931309
v -112.891 11.6443 25.7975
vn -0.370504 0.0203138 0.928609
v -109.868 21.2153 27.1092
vn 0.39021 -0.0454491 0.919604
v -81.557 19.9643 27.644
vn -0.321151 0.012409 0.946947
v -108.799 21.0069 27.5155
vn -0.346547 0.0795306 0.934655
v -112.889 25.6233 25.6794
vn -0.280799 0.163204 0.945789
v -104.754 32.3937 27.5792
vn -0.281619 0.163919 0.945421
v -108.561 32.319 26.2382
vn 0.209819 0.208846 0.955175
v -84.6279 36.8898 27.4332
vn -0.229841 0.233886 0.944707
v -102.259 42.779 25.7248
vn 0.0425587 0.293769 0.954928
v -91.4316 40.2816 27.4218
vn -0.04926 0.28697 0.956672
v -97.4071 43.3551 26.3001
vn 0.0237256 0.232195 0.97238
v -91.529 45.5428 25.696
vn -0.174823 -0.308208 0.935118
v -99.707 -1.13002 27.5133
vn 0.125163 -0.280596 0.95163
v -91.2316 0.156926 27.6315
vn 0.284272 -0.194373 0.938834
v -84.3568 5.02234 27.4379
vn -0.302734 0.0778636 0.949889
v -108.696 23.286 27.4266
vn -0.0219422 0.230391 0.972851
v -93.1965 37.2729 28.2618
vn -0.0500109 -0.252667 0.96626
v -98.2674 0.904408 28.3469
vn -0.175082 -0.141022 0.974402
v -101.966 6.30821 28.7143
vn 0.264648 -0.0287639 0.963916
v -83.5712 20.1434 28.394
vn -0.25793 0.0435365 0.965182
v -106.033 20.7072 28.3398
vn 0.266709 0.0956388 0.95902
v -82.7507 30.5054 28.044
vn -0.128824 0.180925 0.975023
v -98.6818 35.2384 28.3189
vn -0.138748 0.231413 0.962911
v -99.5872 38.0309 27.6498
vn 0.0861132 0.197411 0.976531
v -90.0511 37.0685 28.1573
vn -0.0232047 -0.085188 0.996095
v -98.095 2.87032 28.8233
vn 0.181655 -0.199068 0.963002
v -88.7341 4.1275 28.2623
vn 0.148906 -0.147303 0.977818
v -89.0012 5.87889 28.6752
vn -0.211427 -0.113163 0.97082
v -103.977 8.02899 28.5315
vn 0.134897 -0.0308574 0.990379
v -85.6838 13.1081 28.5974
vn 0.300876 -0.0958448 0.948835
v -84.3046 10.2509 27.9608
vn -0.283979 -0.0409124 0.957957
v -106.439 11.9028 28.2766
vn -0.0465757 -0.0244446 0.998616
v -101.602 10.2643 28.9735
vn -0.172798 -0.0314329 0.984456
v -104.395 11.879 28.8245
vn 0.339751 0.00663446 0.940492
v -82.4569 24.3292 28.0876
vn -0.141036 0.0459442 0.988938
v -103.482 23.897 28.7746
vn -0.221943 0.11993 0.967656
v -103.231 29.5002 28.2858
vn 0.0947247 0.0210129 0.995282
v -84.3402 28.5688 28.4706
vn -0.0722049 0.0679963 0.995069
v -99.3167 31.9669 28.7194
vn 0.00443141 0.116797 0.993146
v -94.4792 35.2012 28.66
vn 0.124628 0.121998 0.984675
v -86.1727 33.7683 28.2677
vn 0.230035 0.207613 -0.950779
v -105.003 -57.5922 -78.6507
vn 0.764182 0.00144452 -0.644999
v -98.1208 -56.5476 -71.0567
vn -0.761609 -0.645213 -0.0604278
v -105.368 -64.74 -70.5856
vn 0.728099 -0.28705 -0.622474
v -91.001 -54.9648 -63.8961
vn -0.887094 0.059674 0.457715
v -85.8891 -70.0688 -50.9883
vn 0.348698 -0.645444 -0.679568
v -85.7869 -69.7147 -50.3994
vn -0.812396 0.161189 -0.560385
v -85.7196 -68.4324 -50.9367
vn -0.305661 -0.17762 -0.935427
v -81.2752 -80.7333 -36.4719
vn -0.113145 -0.84858 0.516827
v -23.2158 -20.4595 -35.4697
vn 0.106243 0.0473648 -0.993211
v -80.7506 -75.0944 -37.833
vn 0.0719258 0.278738 -0.95767
v -70.3841 -49.2128 -32.6203
vn 0.560303 -0.752291 0.346581
v -13.7367 -15.3761 -16.1524
vn 0.63546 -0.489719 0.596964
v -14.7015 -15.1818 -14.2726

vt 0 0
vt 0 0
vt 0 0
vt 0 0
vt 0 0
vt 0 0
vt 0 0
vt 0 0
vt 0 0
vt 0 0
vt 0 0
vt 0 0
vt 0 0
vt 0 0
vt 0 0
vt 0 0
vt 0 0
vt 0 0
vt 0 0
vt 0 0
vt 0 0
vt 0 0
vt 0 0
vt 0 0
vt 0 0
vt 0 0
vt 0 0
vt 0 0
vt 0 0
vt 0 0
vt 0 0
vt 0 0
vt 0 0
vt 0 0
vt 0 0
vt 0 0
vt 0 0
vt 0 0
vt 0 0
vt 0 0
vt 0 0
vt 0 0
vt 0 0
vt 0 0
vt 0 0
vt 0 0
vt 0 0
vt 0 0
vt 0 0
vt 0 0
vt 0 0
vt 0 0
vt 0 0
vt 0 0
vt 0 0
vt 0 0
vt 0 0
vt 0 0
vt 0 0
vt 0 0
vt 0 0
vt 0 0
vt 0 0
vt 0 0
vt 0 0
vt 0 0
vt 0 0
vt 0 0
vt 0 0
vt 0 0
vt 0 0
vt 0 0
vt 0 0
vt 0 0
vt 0 0
vt 0 0
vt 0 0
vt 0 0
vt 0 0
vt 0 0
vt 0 0
vt 0 0
vt 0 0
vt 0 0
vt 0 0
vt 0 0
vt 0 0
vt 0 0
vt 0 0
vt 0 0
vt 0 0
vt 0 0
vt 0 0
vt 0 0
vt 0 0
vt 0 0
vt 0 0
vt 0 0
vt 0 0
vt 0 0
vt 0 0
vt 0 0
vt 0 0
vt 0 0
vt 0 0
vt 0 0
vt 0 0
vt 0 0
vt 0 0
vt 0 0
vt 0 0
vt 0 0
vt 0 0
vt 0 0
vt 0 0
vt 0 0
vt 0 0
vt 0 0
vt 0 0
vt 0 0
vt 0 0
vt 0 0
vt 0 0
vt 0 0
vt 0 0
vt 0 0
vt 0 0
vt 0 0
vt 0 0
vt 0 0
vt 0 0
vt 0 0
vt 0 0
vt 0 0
vt 0 0
vt 0 0
vt 0 0
vt 0 0
vt 0 0
vt 0 0
vt 0 0
vt 0 0
vt 0 0
vt 0 0
vt 0 0
vt 0 0
vt 0 0
vt 0 0
vt 0 0
vt 0 0
vt 0 0
vt 0 0
vt 0 0
vt 0 0
vt 0 0
vt 0 0
vt 0 0
vt 0 0
vt 0 0
vt 0 0
vt 0 0
vt 0 0
vt 0 0
vt 0 0
vt 0 0
vt 0 0
vt 0 0
vt 0 0
vt 0 0
vt 0 0
vt 0 0
vt 0 0
vt 0 0
vt 0 0
vt 0 0
vt 0 0
vt 0 0
vt 0 0
vt 0 0
vt 0 0
vt 0 0
vt 0 0
vt 0 0
vt 0 0
vt 0 0
vt 0 0
vt 0 0
vt 0 0
vt 0 0
vt 0 0
vt 0 0
vt 0 0
vt 0 0
vt 0 0
vt 0 0
vt 0 0
vt 0 0
vt 0 0
vt 0 0
vt 0 0
vt 0 0
vt 0 0
vt 0 0
vt 0 0
vt 0 0
vt 0 0
vt 0 0
vt 0 0
vt 0 0
vt 0 0
vt 0 0
vt 0 0
vt 0 0
vt 0 0
vt 0 0
vt 0 0
vt 0 0
vt 0 0
vt 0 0
vt 0 0
vt 0 0
vt 0 0
vt 0 0
vt 0 0
vt 0 0
vt 0 0
vt 0 0
vt 0 0
vt 0 0
vt 0 0
vt 0 0
vt 0 0
vt 0 0
vt 0 0
vt 0 0
vt 0 0
vt 0 0
vt 0 0
vt 0 0
vt 0 0
vt 0 0
vt 0 0
vt 0 0
vt 0 0
vt 0 0
vt 0 0
vt 0 0
vt 0 0
vt 0 0
vt 0 0
vt 0 0
vt 0 0
vt 0 0
vt 0 0
vt 0 0
vt 0 0
vt 0 0
vt 0 0
vt 0 0
vt 0 0
vt 0 0
vt 0 0
vt 0 0
vt 0 0
vt 0 0
vt 0 0
vt 0 0
vt 0 0
vt 0 0
vt 0 0
vt 0 0
vt 0 0
vt 0 0
vt 0 0
vt 0 0
vt 0 0
vt 0 0
vt 0 0
vt 0 0
vt 0 0
vt 0 0
vt 0 0
vt 0 0
vt 0 0
vt 0 0
vt 0 0
vt 0 0
vt 0 0
vt 0 0
vt 0 0
vt 0 0
vt 0 0
vt 0 0
vt 0 0
vt 0 0
vt 0 0
vt 0 0
vt 0 0
vt 0 0
vt 0 0
vt 0 0
vt 0 0
vt 0 0
vt 0 0
vt 0 0
vt 0 0
vt 0 0
vt 0 0
vt 0 0
vt 0 0
vt 0 0
vt 0 0
vt 0 0
vt 0 0
vt 0 0
vt 0 0
vt 0 0
vt 0 0
vt 0 0
vt 0 0
vt 0 0
vt 0 0
vt 0 0
vt 0 0
vt 0 0
vt 0 0
vt 0 0
vt 0 0
vt 0 0
vt 0 0
vt 0 0
vt 0 0
vt 0 0
vt 0 0
vt 0 0
vt 0 0
vt 0 0
vt 0 0
vt 0 0
vt 0 0
vt 0 0
vt 0 0
vt 0 0
vt 0 0
vt 0 0
vt 0 0
vt 0 0
vt 0 0
vt 0 0
vt 0 0
vt 0 0
vt 0 0
vt 0 0
vt 0 0
vt 0 0
vt 0 0
vt 0 0
vt 0 0
vt 0 0
vt 0 0
vt 0 0
vt 0 0
vt 0 0
vt 0 0
vt 0 0
vt 0 0
vt 0 0
vt 0 0
vt 0 0
vt 0 0
vt 0 0
vt 0 0
vt 0 0
vt 0 0
vt 0 0
vt 0 0
vt 0 0
vt 0 0
vt 0 0
vt 0 0
vt 0 0
vt 0 0
vt 0 0
vt 0 0
vt 0 0
vt 0 0
vt 0 0
vt 0 0
vt 0 0
vt 0 0
vt 0 0
vt 0 0
vt 0 0
vt 0 0
vt 0 0
vt 0 0
vt 0 0
vt 0 0
vt 0 0
vt 0 0
vt 0 0
vt 0 0
vt 0 0
vt 0 0
vt 0 0
vt 0 0
vt 0 0
vt 0 0
vt 0 0
vt 0 0
vt 0 0
vt 0 0
vt 0 0
vt 0 0
vt 0 0
vt 0 0
vt 0 0
vt 0 0
vt 0 0
vt 0 0
vt 0 0
vt 0 0
vt 0 0
vt 0 0
vt 0 0
vt 0 0
vt 0 0
vt 0 0
vt 0 0
vt 0 0
vt 0 0
vt 0 0
vt 0 0
vt 0 0
vt 0 0
vt 0 0
vt 0 0
vt 0 0
vt 0 0
vt 0 0
vt 0 0
vt 0 0
vt 0 0
vt 0 0
vt 0 0
vt 0 0
vt 0 0
vt 0 0
vt 0 0
vt 0 0
vt 0 0
vt 0 0
vt 0 0
vt 0 0
vt 0 0
vt 0 0
vt 0 0
vt 0 0
vt 0 0
vt 0 0
vt 0 0
vt 0 0
vt 0 0
vt 0 0
vt 0 0
vt 0 0
vt 0 0
vt 0 0
vt 0 0
vt 0 0
vt 0 0
vt 0 0
vt 0 0
vt 0 0
vt 0 0
vt 0 0
vt 0 0
vt 0 0
vt 0 0
vt 0 0
vt 0 0
vt 0 0
vt 0 0
vt 0 0
vt 0 0
vt 0 0
vt 0 0
vt 0 0
vt 0 0
vt 0 0
vt 0 0
vt 0 0
vt 0 0
vt 0 0
vt 0 0
vt 0 0
vt 0 0
vt 0 0
vt 0 0
vt 0 0
vt 0 0
vt 0 0
vt 0 0
vt 0 0
vt 0 0
vt 0 0
vt 0 0
vt 0 0
vt 0 0
vt 0 0
vt 0 0
vt 0 0
vt 0 0
vt 0 0
vt 0 0
vt 0 0
vt 0 0
vt 0 0
vt 0 0
vt 0 0
vt 0 0
vt 0 0
vt 0 0
vt 0 0
vt 0 0
vt 0 0
vt 0 0
vt 0 0
vt 0 0
vt 0 0
vt 0 0
vt 0 0
vt 0 0
vt 0 0
vt 0 0
vt 0 0
vt 0 0
vt 0 0
vt 0 0
vt 0 0
vt 0 0
vt 0 0
vt 0 0
vt 0 0
vt 0 0
vt 0 0
vt 0 0
vt 0 0
vt 0 0
vt 0 0
vt 0 0
vt 0 0
vt 0 0
vt 0 0
vt 0 0
vt 0 0
vt 0 0
vt 0 0
vt 0 0
vt 0 0
vt 0 0
vt 0 0
vt 0 0
vt 0 0
vt 0 0
vt 0 0
vt 0 0
vt 0 0
vt 0 0
vt 0 0
vt 0 0
vt 0 0
vt 0 0
vt 0 0
vt 0 0
vt 0 0
vt 0 0
vt 0 0
vt 0 0
vt 0 0
vt 0 0
vt 0 0
vt 0 0
vt 0 0
vt 0 0
vt 0 0
vt 0 0
vt 0 0
vt 0 0
vt 0 0
vt 0 0
vt 0 0
vt 0 0
vt 0 0
vt 0 0
vt 0 0
vt 0 0
vt 0 0
vt 0 0
vt 0 0
vt 0 0
vt 0 0
vt 0 0
vt 0 0
vt 0 0
vt 0 0
vt 0 0
vt 0 0
vt 0 0
vt 0 0
vt 0 0
vt 0 0
vt 0 0
vt 0 0
vt 0 0
vt 0 0
vt 0 0
vt 0 0
vt 0 0
vt 0 0
vt 0 0
vt 0 0
vt 0 0
vt 0 0
vt 0 0
vt 0 0
vt 0 0
vt 0 0
vt 0 0
vt 0 0
vt 0 0
vt 0 0
vt 0 0
vt 0 0
vt 0 0
vt 0 0
vt 0 0
vt 0 0
vt 0 0
vt 0 0
vt 0 0
vt 0 0
vt 0 0
vt 0 0
vt 0 0
vt 0 0
vt 0 0
vt 0 0
vt 0 0
vt 0 0
vt 0 0
vt 0 0
vt 0 0
vt 0 0
vt 0 0
vt 0 0
vt 0 0
vt 0 0
vt 0 0
vt 0 0
vt 0 0
vt 0 0
vt 0 0
vt 0 0
vt 0 0
vt 0 0
vt 0 0
vt 0 0
vt 0 0
vt 0 0
vt 0 0
vt 0 0
vt 0 0
vt 0 0
vt 0 0
vt 0 0
vt 0 0
vt 0 0
vt 0 0
vt 0 0
vt 0 0
vt 0 0
vt 0 0
vt 0 0
vt 0 0
vt 0 0
vt 0 0
vt 0 0
vt 0 0
vt 0 0
vt 0 0
vt 0 0
vt 0 0
vt 0 0
vt 0 0
vt 0 0
vt 0 0
vt 0 0
vt 0 0
vt 0 0
vt 0 0
vt 0 0
vt 0 0
vt 0 0
vt 0 0
vt 0 0
vt 0 0
vt 0 0
vt 0 0
vt 0 0
vt 0 0
vt 0 0
vt 0 0
vt 0 0
vt 0 0
vt 0 0
vt 0 0
vt 0 0
vt 0 0
vt 0 0
vt 0 0
vt 0 0
vt 0 0
vt 0 0
vt 0 0
vt 0 0
vt 0 0
vt 0 0
vt 0 0
vt 0 0
vt 0 0
vt 0 0
vt 0 0
vt 0 0
vt 0 0
vt 0 0
vt 0 0
vt 0 0
vt 0 0
vt 0 0
vt 0 0
vt 0 0
vt 0 0
vt 0 0
vt 0 0
vt 0 0
vt 0 0
vt 0 0
vt 0 0
vt 0 0
vt 0 0
vt 0 0
vt 0 0
vt 0 0
vt 0 0
vt 0 0
vt 0 0
vt 0 0
vt 0 0
vt 0 0
vt 0 0
vt 0 0
vt 0 0
vt 0 0
vt 0 0
vt 0 0
vt 0 0
vt 0 0
vt 0 0
vt 0 0
vt 0 0
vt 0 0
vt 0 0
vt 0 0
vt 0 0
vt 0 0
vt 0 0
vt 0 0
vt 0 0
vt 0 0
vt 0 0
vt 0 0
vt 0 0
vt 0 0
vt 0 0
vt 0 0
vt 0 0
vt 0 0
vt 0 0
vt 0 0
vt 0 0
vt 0 0
vt 0 0
vt 0 0
vt 0 0
vt 0 0
vt 0 0
vt 0 0
vt 0 0
vt 0 0
vt 0 0
vt 0 0
vt 0 0
vt 0 0
vt 0 0
vt 0 0
vt 0 0
vt 0 0
vt 0 0
vt 0 0
vt 0 0
vt 0 0
vt 0 0
vt 0 0
vt 0 0
vt 0 0
vt 0 0
vt 0 0
vt 0 0
vt 0 0
vt 0 0
vt 0 0
vt 0 0
vt 0 0
vt 0 0
vt 0 0
vt 0 0
vt 0 0
vt 0 0
vt 0 0
vt 0 0
vt 0 0
vt 0 0
vt 0 0
vt 0 0
vt 0 0
vt 0 0
vt 0 0
vt 0 0
vt 0 0
vt 0 0
vt 0 0
vt 0 0
vt 0 0
vt 0 0
vt 0 0
vt 0 0
vt 0 0
vt 0 0
vt 0 0
vt 0 0
vt 0 0
vt 0 0
vt 0 0
vt 0 0
vt 0 0
vt 0 0
vt 0 0
vt 0 0
vt 0 0
vt 0 0
vt 0 0
vt 0 0
vt 0 0
vt 0 0
vt 0 0
vt 0 0
vt 0 0
vt 0 0
vt 0 0
vt 0 0
vt 0 0
vt 0 0
vt 0 0
vt 0 0
vt 0 0
vt 0 0
vt 0 0
vt 0 0
vt 0 0
vt 0 0
vt 0 0
vt 0 0
vt 0 0
vt 0 0
vt 0 0
vt 0 0
vt 0 0
vt 0 0
vt 0 0
vt 0 0
vt 0 0
vt 0 0
vt 0 0
vt 0 0
vt 0 0
vt 0 0
vt 0 0
vt 0 0
vt 0 0
vt 0 0
vt 0 0
vt 0 0
vt 0 0
vt 0 0
vt 0 0
vt 0 0
vt 0 0
vt 0 0
vt 0 0
vt 0 0
vt 0 0
vt 0 0
vt 0 0
vt 0 0
vt 0 0
vt 0 0
vt 0 0
vt 0 0
vt 0 0
vt 0 0
vt 0 0
vt 0 0
vt 0 0
vt 0 0
vt 0 0
vt 0 0
vt 0 0
vt 0 0
vt 0 0
vt 0 0
vt 0 0
vt 0 0
vt 0 0
vt 0 0
vt 0 0
vt 0 0
vt 0 0
vt 0 0
vt 0 0
vt 0 0
vt 0 0
vt 0 0
vt 0 0
vt 0 0
vt 0 0
vt 0 0
vt 0 0
vt 0 0
vt 0 0
vt 0 0
vt 0 0
vt 0 0
vt 0 0
vt 0 0
vt 0 0
vt 0 0
vt 0 0
vt 0 0
vt 0 0
vt 0 0
vt 0 0
vt 0 0
vt 0 0
vt 0 0
vt 0 0
vt 0 0
vt 0 0
vt 0 0
vt 0 0
vt 0 0
vt 0 0
vt 0 0
vt 0 0
vt 0 0
vt 0 0
vt 0 0
vt 0 0
vt 0 0
vt 0 0
vt 0 0
vt 0 0
vt 0 0
vt 0 0
vt 0 0
vt 0 0
vt 0 0
vt 0 0
vt 0 0
vt 0 0
vt 0 0
vt 0 0
vt 0 0
vt 0 0
vt 0 0
vt 0 0
vt 0 0
vt 0 0
vt 0 0
vt 0 0
vt 0 0
vt 0 0
vt 0 0
vt 0 0
vt 0 0
vt 0 0
vt 0 0
vt 0 0
vt 0 0
vt 0 0
vt 0 0
vt 0 0
vt 0 0
vt 0 0
vt 0 0
vt 0 0
vt 0 0
vt 0 0
vt 0 0
vt 0 0
vt 0 0
vt 0 0
vt 0 0
vt 0 0
vt 0 0
vt 0 0
vt 0 0
vt 0 0
vt 0 0
vt 0 0
vt 0 0
vt 0 0
vt 0 0
vt 0 0
vt 0 0
vt 0 0
vt 0 0
vt 0 0
vt 0 0
vt 0 0
vt 0 0
vt 0 0
vt 0 0
vt 0 0
vt 0 0
vt 0 0
vt 0 0
vt 0 0
vt 0 0
vt 0 0
vt 0 0
vt 0 0
vt 0 0
vt 0 0
vt 0 0
vt 0 0
vt 0 0
vt 0 0
vt 0 0
vt 0 0
vt 0 0
vt 0 0
vt 0 0
vt 0 0
vt 0 0
vt 0 0
vt 0 0
vt 0 0
vt 0 0
vt 0 0
vt 0 0
vt 0 0
vt 0 0
vt 0 0
vt 0 0
vt 0 0
vt 0 0
vt 0 0
vt 0 0
vt 0 0
vt 0 0
vt 0 0
vt 0 0
vt 0 0
vt 0 0
vt 0 0
vt 0 0
vt 0 0
vt 0 0
vt 0 0
vt 0 0
vt 0 0
vt 0 0
vt 0 0
vt 0 0
vt 0 0
vt 0 0
vt 0 0
vt 0 0
vt 0 0
vt 0 0
vt 0 0
vt 0 0
vt 0 0
vt 0 0
vt 0 0
vt 0 0
vt 0 0
vt 0 0
vt 0 0
vt 0 0
vt 0 0
vt 0 0
vt 0 0
vt 0 0
vt 0 0
vt 0 0
vt 0 0
vt 0 0
vt 0 0
vt 0 0
vt 0 0
vt 0 0
vt 0 0
vt 0 0
vt 0 0
vt 0 0
vt 0 0
vt 0 0
vt 0 0
vt 0 0
vt 0 0
vt 0 0
vt 0 0
vt 0 0
vt 0 0
vt 0 0
vt 0 0
vt 0 0
vt 0 0
vt 0 0
vt 0 0
vt 0 0
vt 0 0
vt 0 0
vt 0 0
vt 0 0
vt 0 0
vt 0 0
vt 0 0
vt 0 0
vt 0 0
vt 0 0
vt 0 0
vt 0 0
vt 0 0
vt 0 0
vt 0 0
vt 0 0
vt 0 0
vt 0 0
vt 0 0
vt 0 0
vt 0 0
vt 0 0
vt 0 0
vt 0 0
vt 0 0
vt 0 0
vt 0 0
vt 0 0
vt 0 0
vt 0 0
vt 0 0
vt 0 0
vt 0 0
vt 0 0
vt 0 0
vt 0 0
vt 0 0
vt 0 0
vt 0 0
vt 0 0
vt 0 0
vt 0 0
vt 0 0
vt 0 0
vt 0 0
vt 0 0
vt 0 0
vt 0 0
vt 0 0
vt 0 0
vt 0 0
vt 0 0
vt 0 0
vt 0 0
vt 0 0
vt 0 0
vt 0 0
vt 0 0
vt 0 0
vt 0 0
vt 0 0
vt 0 0
vt 0 0
vt 0 0
vt 0 0
vt 0 0
vt 0 0
vt 0 0
vt 0 0
vt 0 0
vt 0 0
vt 0 0
vt 0 0
vt 0 0
vt 0 0
vt 0 0
vt 0 0
vt 0 0
vt 0 0
vt 0 0
vt 0 0
vt 0 0
vt 0 0
vt 0 0
vt 0 0
vt 0 0
vt 0 0
vt 0 0
vt 0 0
vt 0 0
vt 0 0
vt 0 0
vt 0 0
vt 0 0
vt 0 0
vt 0 0
vt 0 0
vt 0 0
vt 0 0
vt 0 0
vt 0 0
vt 0 0
vt 0 0
vt 0 0
vt 0 0
vt 0 0
vt 0 0
vt 0 0
vt 0 0
vt 0 0
vt 0 0
vt 0 0
vt 0 0
vt 0 0
vt 0 0
vt 0 0
vt 0 0
vt 0 0
vt 0 0
vt 0 0
vt 0 0
vt 0 0
vt 0 0
vt 0 0
vt 0 0
vt 0 0
vt 0 0
vt 0 0
vt 0 0
vt 0 0
vt 0 0
vt 0 0
vt 0 0
vt 0 0
vt 0 0
vt 0 0
vt 0 0
vt 0 0
vt 0 0
vt 0 0
vt 0 0
vt 0 0
vt 0 0
vt 0 0
vt 0 0
vt 0 0
vt 0 0
vt 0 0
vt 0 0
vt 0 0
vt 0 0
vt 0 0
vt 0 0
vt 0 0
vt 0 0
vt 0 0
vt 0 0
vt 0 0
vt 0 0
vt 0 0
vt 0 0
vt 0 0
vt 0 0
vt 0 0
vt 0 0
vt 0 0
vt 0 0
vt 0 0
vt 0 0
vt 0 0
vt 0 0
vt 0 0
vt 0 0
vt 0 0
vt 0 0
vt 0 0
vt 0 0
vt 0 0
vt 0 0
vt 0 0
vt 0 0
vt 0 0
vt 0 0
vt 0 0
vt 0 0
vt 0 0
vt 0 0
vt 0 0
vt 0 0
vt 0 0
vt 0 0
vt 0 0
vt 0 0
vt 0 0
vt 0 0
vt 0 0
vt 0 0
vt 0 0
vt 0 0
vt 0 0
vt 0 0
vt 0 0
vt 0 0
vt 0 0
vt 0 0
vt 0 0
vt 0 0
vt 0 0
vt 0 0
vt 0 0
vt 0 0
vt 0 0
vt 0 0
vt 0 0
vt 0 0
vt 0 0
vt 0 0
vt 0 0
vt 0 0
vt 0 0
vt 0 0
vt 0 0
vt 0 0
vt 0 0
vt 0 0
vt 0 0
vt 0 0
vt 0 0
vt 0 0
vt 0 0
vt 0 0
vt 0 0
vt 0 0
vt 0 0
vt 0 0
vt 0 0
vt 0 0
vt 0 0
vt 0 0
vt 0 0
vt 0 0
vt 0 0
vt 0 0
vt 0 0
vt 0 0
vt 0 0
vt 0 0
vt 0 0
vt 0 0
vt 0 0
vt 0 0
vt 0 0
vt 0 0
vt 0 0
vt 0 0
vt 0 0
vt 0 0
vt 0 0
vt 0 0
vt 0 0
vt 0 0
vt 0 0
vt 0 0
vt 0 0
vt 0 0
vt 0 0
vt 0 0
vt 0 0
vt 0 0
vt 0 0
vt 0 0
vt 0 0
vt 0 0
vt 0 0
vt 0 0
vt 0 0
vt 0 0
vt 0 0
vt 0 0
vt 0 0
vt 0 0
vt 0 0
vt 0 0
vt 0 0
vt 0 0
vt 0 0
vt 0 0
vt 0 0
vt 0 0
vt 0 0
vt 0 0
vt 0 0
vt 0 0
vt 0 0
vt 0 0
vt 0 0
vt 0 0
vt 0 0
vt 0 0
vt 0 0
vt 0 0
vt 0 0
vt 0 0
vt 0 0
vt 0 0
vt 0 0
vt 0 0
vt 0 0
vt 0 0
vt 0 0
vt 0 0
vt 0 0
vt 0 0
vt 0 0
vt 0 0
vt 0 0
vt 0 0
vt 0 0
vt 0 0
vt 0 0
vt 0 0
vt 0 0
vt 0 0
vt 0 0
vt 0 0
vt 0 0
vt 0 0
vt 0 0
vt 0 0
vt 0 0
vt 0 0
vt 0 0
vt 0 0
vt 0 0
vt 0 0
vt 0 0
vt 0 0
vt 0 0
vt 0 0
vt 0 0
vt 0 0
vt 0 0
vt 0 0
vt 0 0
vt 0 0
vt 0 0
vt 0 0
vt 0 0
vt 0 0
vt 0 0
vt 0 0
vt 0 0
vt 0 0
vt 0 0
vt 0 0
vt 0 0
vt 0 0
vt 0 0
vt 0 0
vt 0 0
vt 0 0
vt 0 0
vt 0 0
vt 0 0
vt 0 0
vt 0 0
vt 0 0
vt 0 0
vt 0 0
vt 0 0
vt 0 0
vt 0 0
vt 0 0
vt 0 0
vt 0 0
vt 0 0
vt 0 0
vt 0 0
vt 0 0
vt 0 0
vt 0 0
vt 0 0
vt 0 0
vt 0 0
vt 0 0
vt 0 0
vt 0 0
vt 0 0
vt 0 0
vt 0 0
vt 0 0
vt 0 0
vt 0 0
vt 0 0
vt 0 0
vt 0 0
vt 0 0
vt 0 0
vt 0 0
vt 0 0
vt 0 0
vt 0 0
vt 0 0
vt 0 0
vt 0 0
vt 0 0
vt 0 0
vt 0 0
vt 0 0
vt 0 0
vt 0 0
vt 0 0
vt 0 0
vt 0 0
vt 0 0
vt 0 0
vt 0 0
vt 0 0
vt 0 0
vt 0 0
vt 0 0
vt 0 0
vt 0 0
vt 0 0
vt 0 0
vt 0 0
vt 0 0
vt 0 0
vt 0 0
vt 0 0
vt 0 0
vt 0 0
vt 0 0
vt 0 0
vt 0 0
vt 0 0
vt 0 0
vt 0 0
vt 0 0
vt 0 0
vt 0 0
vt 0 0
vt 0 0
vt 0 0
vt 0 0
vt 0 0
vt 0 0
vt 0 0
vt 0 0
vt 0 0
vt 0 0
vt 0 0
vt 0 0
vt 0 0
vt 0 0
vt 0 0
vt 0 0
vt 0 0
vt 0 0
vt 0 0
vt 0 0
vt 0 0
vt 0 0
vt 0 0
vt 0 0
vt 0 0
vt 0 0
vt 0 0
vt 0 0
vt 0 0
vt 0 0
vt 0 0
vt 0 0
vt 0 0
vt 0 0
vt 0 0
vt 0 0
vt 0 0
vt 0 0
vt 0 0
vt 0 0
vt 0 0
vt 0 0
vt 0 0
vt 0 0
vt 0 0
vt 0 0
vt 0 0
vt 0 0
vt 0 0
vt 0 0
vt 0 0
vt 0 0
vt 0 0
vt 0 0
vt 0 0
vt 0 0
vt 0 0
vt 0 0
vt 0 0
vt 0 0
vt 0 0
vt 0 0
vt 0 0
vt 0 0
vt 0 0
vt 0 0
vt 0 0
vt 0 0
vt 0 0
vt 0 0
vt 0 0
vt 0 0
vt 0 0
vt 0 0
vt 0 0
vt 0 0
vt 0 0
vt 0 0
vt 0 0
vt 0 0
vt 0 0
vt 0 0
vt 0 0
vt 0 0
vt 0 0
vt 0 0
vt 0 0
vt 0 0
vt 0 0
vt 0 0
vt 0 0
vt 0 0
vt 0 0
vt 0 0
vt 0 0
vt 0 0
vt 0 0
vt 0 0
vt 0 0
vt 0 0
vt 0 0
vt 0 0
vt 0 0
vt 0 0
vt 0 0
vt 0 0
vt 0 0
vt 0 0
vt 0 0
vt 0 0
vt 0 0
vt 0 0
vt 0 0
vt 0 0
vt 0 0
vt 0 0
vt 0 0
vt 0 0
vt 0 0
vt 0 0
vt 0 0
vt 0 0
vt 0 0
vt 0 0
vt 0 0
vt 0 0
vt 0 0
vt 0 0
vt 0 0
vt 0 0
vt 0 0
vt 0 0
vt 0 0
vt 0 0
vt 0 0
vt 0 0
vt 0 0
vt 0 0
vt 0 0
vt 0 0
vt 0 0
vt 0 0
vt 0 0
vt 0 0
vt 0 0
vt 0 0
vt 0 0
vt 0 0
vt 0 0
vt 0 0
vt 0 0
vt 0 0
vt 0 0
vt 0 0
vt 0 0
vt 0 0
vt 0 0
vt 0 0
vt 0 0
vt 0 0
vt 0 0
vt 0 0
vt 0 0
vt 0 0
vt 0 0
vt 0 0
vt 0 0
vt 0 0
vt 0 0
vt 0 0
vt 0 0
vt 0 0
vt 0 0
vt 0 0
vt 0 0
vt 0 0
vt 0 0
vt 0 0
vt 0 0
vt 0 0
vt 0 0
vt 0 0
vt 0 0
vt 0 0
vt 0 0
vt 0 0
vt 0 0
vt 0 0
vt 0 0
vt 0 0
vt 0 0
vt 0 0
vt 0 0
vt 0 0
vt 0 0
vt 0 0
vt 0 0
vt 0 0
vt 0 0
vt 0 0
vt 0 0
vt 0 0
vt 0 0
vt 0 0
vt 0 0
vt 0 0
vt 0 0
vt 0 0
vt 0 0
vt 0 0
vt 0 0
vt 0 0
vt 0 0
vt 0 0
vt 0 0
vt 0 0
vt 0 0
vt 0 0
vt 0 0
vt 0 0
vt 0 0
vt 0 0
vt 0 0
vt 0 0
vt 0 0
vt 0 0
vt 0 0
vt 0 0
vt 0 0
vt 0 0
vt 0 0
vt 0 0
vt 0 0
vt 0 0
vt 0 0
vt 0 0
vt 0 0
vt 0 0
vt 0 0
vt 0 0
vt 0 0
vt 0 0
vt 0 0
vt 0 0
vt 0 0
vt 0 0
vt 0 0
vt 0 0
vt 0 0
vt 0 0
vt 0 0
vt 0 0
vt 0 0
vt 0 0
vt 0 0
vt 0 0
vt 0 0
vt 0 0
vt 0 0
vt 0 0
vt 0 0
vt 0 0
vt 0 0
vt 0 0
vt 0 0
vt 0 0
vt 0 0
vt 0 0
vt 0 0
vt 0 0
vt 0 0
vt 0 0
vt 0 0
vt 0 0
vt 0 0
vt 0 0
vt 0 0
vt 0 0
vt 0 0
vt 0 0
vt 0 0
vt 0 0
vt 0 0
vt 0 0
vt 0 0
vt 0 0
vt 0 0
vt 0 0
vt 0 0
vt 0 0
vt 0 0
vt 0 0
vt 0 0
vt 0 0
vt 0 0
vt 0 0
vt 0 0
vt 0 0
vt 0 0
vt 0 0
vt 0 0
vt 0 0
vt 0 0
vt 0 0
vt 0 0
vt 0 0
vt 0 0
vt 0 0
vt 0 0
vt 0 0
vt 0 0
vt 0 0
vt 0 0
vt 0 0
vt 0 0
vt 0 0
vt 0 0
vt 0 0
vt 0 0
vt 0 0
vt 0 0
vt 0 0
vt 0 0
vt 0 0
vt 0 0
vt 0 0
vt 0 0
vt 0 0
vt 0 0
vt 0 0
vt 0 0
vt 0 0
vt 0 0
vt 0 0
vt 0 0
vt 0 0
vt 0 0
vt 0 0
vt 0 0
vt 0 0
vt 0 0
vt 0 0
vt 0 0
vt 0 0
vt 0 0
vt 0 0
vt 0 0
vt 0 0
vt 0 0
vt 0 0
vt 0 0
vt 0 0
vt 0 0
vt 0 0
vt 0 0
vt 0 0
vt 0 0
vt 0 0
vt 0 0
vt 0 0
vt 0 0
vt 0 0
vt 0 0
vt 0 0
vt 0 0
vt 0 0
vt 0 0
vt 0 0
vt 0 0
vt 0 0
vt 0 0
vt 0 0
vt 0 0
vt 0 0
vt 0 0
vt 0 0
vt 0 0
vt 0 0
vt 0 0
vt 0 0
vt 0 0
vt 0 0
vt 0 0
vt 0 0
vt 0 0
vt 0 0
vt 0 0
vt 0 0
vt 0 0
vt 0 0
vt 0 0
vt 0 0
vt 0 0
vt 0 0
vt 0 0
vt 0 0
vt 0 0
vt 0 0
vt 0 0
vt 0 0
vt 0 0
vt 0 0
vt 0 0
vt 0 0
vt 0 0
vt 0 0
vt 0 0
vt 0 0
vt 0 0
vt 0 0
vt 0 0
vt 0 0
vt 0 0
vt 0 0
vt 0 0
vt 0 0
vt 0 0
vt 0 0
vt 0 0
vt 0 0
vt 0 0
vt 0 0
vt 0 0
vt 0 0
vt 0 0
vt 0 0
vt 0 0
vt 0 0
vt 0 0
vt 0 0
vt 0 0
vt 0 0
vt 0 0
vt 0 0
vt 0 0
vt 0 0
vt 0 0
vt 0 0
vt 0 0
vt 0 0
vt 0 0
vt 0 0
vt 0 0
vt 0 0
vt 0 0
vt 0 0
vt 0 0
vt 0 0
vt 0 0
vt 0 0
vt 0 0
vt 0 0
vt 0 0
vt 0 0
vt 0 0
vt 0 0
vt 0 0
vt 0 0
vt 0 0
vt 0 0
vt 0 0
vt 0 0
vt 0 0
vt 0 0
vt 0 0
vt 0 0
vt 0 0
vt 0 0
vt 0 0
vt 0 0
vt 0 0
vt 0 0
vt 0 0
vt 0 0
vt 0 0
vt 0 0
vt 0 0
vt 0 0
vt 0 0
vt 0 0
vt 0 0
vt 0 0
vt 0 0
vt 0 0
vt 0 0
vt 0 0
vt 0 0
vt 0 0
vt 0 0
vt 0 0
vt 0 0
vt 0 0
vt 0 0
vt 0 0
vt 0 0
vt 0 0
vt 0 0
vt 0 0
vt 0 0
vt 0 0
vt 0 0
vt 0 0
vt 0 0
vt 0 0
vt 0 0
vt 0 0
vt 0 0
vt 0 0
vt 0 0
vt 0 0
vt 0 0
vt 0 0
vt 0 0
vt 0 0
vt 0 0
vt 0 0
vt 0 0
vt 0 0
vt 0 0
vt 0 0
vt 0 0
vt 0 0
vt 0 0
vt 0 0
vt 0 0
vt 0 0
vt 0 0
vt 0 0
vt 0 0
vt 0 0
vt 0 0
vt 0 0
vt 0 0
vt 0 0
vt 0 0
vt 0 0
vt 0 0
vt 0 0
vt 0 0
vt 0 0
vt 0 0
vt 0 0
vt 0 0
vt 0 0
vt 0 0
vt 0 0
vt 0 0
vt 0 0
vt 0 0
vt 0 0
vt 0 0
vt 0 0
vt 0 0
vt 0 0
vt 0 0
vt 0 0
vt 0 0
vt 0 0
vt 0 0
vt 0 0
vt 0 0
vt 0 0
vt 0 0
vt 0 0
vt 0 0
vt 0 0
vt 0 0
vt 0 0
vt 0 0
vt 0 0
vt 0 0
vt 0 0
vt 0 0
vt 0 0
vt 0 0
vt 0 0
vt 0 0
vt 0 0
vt 0 0
vt 0 0
vt 0 0
vt 0 0
vt 0 0
vt 0 0
vt 0 0
vt 0 0
vt 0 0
vt 0 0
vt 0 0
vt 0 0
vt 0 0
vt 0 0
vt 0 0
vt 0 0
vt 0 0
vt 0 0
vt 0 0
vt 0 0
vt 0 0
vt 0 0
vt 0 0
vt 0 0
vt 0 0
vt 0 0
vt 0 0
vt 0 0
vt 0 0
vt 0 0
vt 0 0
vt 0 0
vt 0 0
vt 0 0
vt 0 0
vt 0 0
vt 0 0
vt 0 0
vt 0 0
vt 0 0
vt 0 0
vt 0 0
vt 0 0
vt 0 0
vt 0 0
vt 0 0
vt 0 0
vt 0 0
vt 0 0
vt 0 0
vt 0 0
vt 0 0
vt 0 0
vt 0 0
vt 0 0
vt 0 0
vt 0 0
vt 0 0
vt 0 0
vt 0 0
vt 0 0
vt 0 0
vt 0 0
vt 0 0
vt 0 0
vt 0 0
vt 0 0
vt 0 0
vt 0 0
vt 0 0
vt 0 0
vt 0 0
vt 0 0
vt 0 0
vt 0 0
vt 0 0
vt 0 0
vt 0 0
vt 0 0
vt 0 0
vt 0 0
vt 0 0
vt 0 0
vt 0 0
vt 0 0
vt 0 0
vt 0 0
vt 0 0
vt 0 0
vt 0 0
vt 0 0
vt 0 0
vt 0 0
vt 0 0
vt 0 0
vt 0 0
vt 0 0
vt 0 0
vt 0 0
vt 0 0
vt 0 0
vt 0 0
vt 0 0
vt 0 0
vt 0 0
vt 0 0
vt 0 0
vt 0 0
vt 0 0
vt 0 0
vt 0 0
vt 0 0
vt 0 0
vt 0 0
vt 0 0
vt 0 0
vt 0 0
vt 0 0
vt 0 0
vt 0 0
vt 0 0
vt 0 0
vt 0 0
vt 0 0
vt 0 0
vt 0 0
vt 0 0
vt 0 0
vt 0 0
vt 0 0
vt 0 0
vt 0 0
vt 0 0
vt 0 0
vt 0 0
vt 0 0
vt 0 0
vt 0 0
vt 0 0
vt 0 0
vt 0 0
vt 0 0
vt 0 0
vt 0 0
vt 0 0
vt 0 0
vt 0 0
vt 0 0
vt 0 0
vt 0 0
vt 0 0
vt 0 0
vt 0 0
vt 0 0
vt 0 0
vt 0 0
vt 0 0
vt 0 0
vt 0 0
vt 0 0
vt 0 0
vt 0 0
vt 0 0
vt 0 0
vt 0 0
vt 0 0
vt 0 0
vt 0 0
vt 0 0
vt 0 0
vt 0 0
vt 0 0
vt 0 0
vt 0 0
vt 0 0
vt 0 0
vt 0 0
vt 0 0
vt 0 0
vt 0 0
vt 0 0
vt 0 0
vt 0 0
vt 0 0
vt 0 0
vt 0 0
vt 0 0
vt 0 0
vt 0 0
vt 0 0
vt 0 0
vt 0 0
vt 0 0
vt 0 0
vt 0 0
vt 0 0
vt 0 0
vt 0 0
vt 0 0
vt 0 0
vt 0 0
vt 0 0
vt 0 0
vt 0 0
vt 0 0
vt 0 0
vt 0 0
vt 0 0
vt 0 0
vt 0 0
vt 0 0
vt 0 0
vt 0 0
vt 0 0
vt 0 0
vt 0 0
vt 0 0
vt 0 0
vt 0 0
vt 0 0
vt 0 0
vt 0 0
vt 0 0
vt 0 0
vt 0 0
vt 0 0
vt 0 0
vt 0 0
vt 0 0
vt 0 0
vt 0 0
vt 0 0
vt 0 0
vt 0 0
vt 0 0
vt 0 0
vt 0 0
vt 0 0
vt 0 0
vt 0 0
vt 0 0
vt 0 0
vt 0 0
vt 0 0
vt 0 0
vt 0 0
vt 0 0
vt 0 0
vt 0 0
vt 0 0
vt 0 0
vt 0 0
vt 0 0
vt 0 0
vt 0 0
vt 0 0
vt 0 0
vt 0 0
vt 0 0
vt 0 0
vt 0 0
vt 0 0
vt 0 0
vt 0 0
vt 0 0
vt 0 0
vt 0 0
vt 0 0
vt 0 0
vt 0 0
vt 0 0
vt 0 0
vt 0 0
vt 0 0
vt 0 0
vt 0 0
vt 0 0
vt 0 0
vt 0 0
vt 0 0
vt 0 0
vt 0 0
vt 0 0
vt 0 0
vt 0 0
vt 0 0
vt 0 0
vt 0 0
vt 0 0
vt 0 0
vt 0 0
vt 0 0
vt 0 0
vt 0 0
vt 0 0
vt 0 0
vt 0 0
vt 0 0
vt 0 0
vt 0 0
vt 0 0
vt 0 0
vt 0 0
vt 0 0
vt 0 0
vt 0 0
vt 0 0
vt 0 0
vt 0 0
vt 0 0
vt 0 0
vt 0 0
vt 0 0
vt 0 0
vt 0 0
vt 0 0
vt 0 0
vt 0 0
vt 0 0
vt 0 0
vt 0 0
vt 0 0
vt 0 0
vt 0 0
vt 0 0
vt 0 0
vt 0 0
vt 0 0
vt 0 0
vt 0 0
vt 0 0
vt 0 0
vt 0 0
vt 0 0
vt 0 0
vt 0 0
vt 0 0
vt 0 0
vt 0 0
vt 0 0
vt 0 0
vt 0 0
vt 0 0
vt 0 0
vt 0 0
vt 0 0
vt 0 0
vt 0 0
vt 0 0
vt 0 0
vt 0 0
vt 0 0
vt 0 0
vt 0 0
vt 0 0
vt 0 0
vt 0 0
vt 0 0
vt 0 0
vt 0 0
vt 0 0
vt 0 0
vt 0 0
vt 0 0
vt 0 0
vt 0 0
vt 0 0
vt 0 0
vt 0 0
vt 0 0
vt 0 0
vt 0 0
vt 0 0
vt 0 0
vt 0 0
vt 0 0
vt 0 0
vt 0 0
vt 0 0
vt 0 0
vt 0 0
vt 0 0
vt 0 0
vt 0 0
vt 0 0
vt 0 0
vt 0 0
vt 0 0
vt 0 0
vt 0 0
vt 0 0
vt 0 0
vt 0 0
vt 0 0
vt 0 0
vt 0 0
vt 0 0
vt 0 0
vt 0 0
vt 0 0
vt 0 0
vt 0 0
vt 0 0
vt 0 0
vt 0 0
vt 0 0
vt 0 0
vt 0 0
vt 0 0
vt 0 0
vt 0 0
vt 0 0
vt 0 0
vt 0 0
vt 0 0
vt 0 0
vt 0 0
vt 0 0
vt 0 0
vt 0 0
vt 0 0
vt 0 0
vt 0 0
vt 0 0
vt 0 0
vt 0 0
vt 0 0
vt 0 0
vt 0 0
vt 0 0
vt 0 0
vt 0 0
vt 0 0
vt 0 0
vt 0 0
vt 0 0
vt 0 0
vt 0 0
vt 0 0
vt 0 0
vt 0 0
vt 0 0
vt 0 0
vt 0 0
vt 0 0
vt 0 0
vt 0 0
vt 0 0
vt 0 0
vt 0 0
vt 0 0
vt 0 0
vt 0 0
vt 0 0
vt 0 0
vt 0 0
vt 0 0
vt 0 0
vt 0 0
vt 0 0
vt 0 0
vt 0 0
vt 0 0
vt 0 0
vt 0 0
vt 0 0
vt 0 0
vt 0 0
vt 0 0
vt 0 0
vt 0 0
vt 0 0
vt 0 0
vt 0 0
vt 0 0
vt 0 0
vt 0 0
vt 0 0
vt 0 0
vt 0 0
vt 0 0
vt 0 0
vt 0 0
vt 0 0
vt 0 0
vt 0 0
vt 0 0
vt 0 0
vt 0 0
vt 0 0
vt 0 0
vt 0 0
vt 0 0
vt 0 0
vt 0 0
vt 0 0
vt 0 0
vt 0 0
vt 0 0
vt 0 0
vt 0 0
vt 0 0
vt 0 0
vt 0 0
vt 0 0
vt 0 0
vt 0 0
vt 0 0
vt 0 0
vt 0 0
vt 0 0
vt 0 0
vt 0 0
vt 0 0
vt 0 0
vt 0 0
vt 0 0
vt 0 0
vt 0 0
vt 0 0
vt 0 0
vt 0 0
vt 0 0
vt 0 0
vt 0 0
vt 0 0
vt 0 0
vt 0 0
vt 0 0
vt 0 0
vt 0 0
vt 0 0
vt 0 0
vt 0 0
vt 0 0
vt 0 0
vt 0 0
vt 0 0
vt 0 0
vt 0 0
vt 0 0
vt 0 0
vt 0 0
vt 0 0
vt 0 0
vt 0 0
vt 0 0
vt 0 0
vt 0 0
vt 0 0
vt 0 0
vt 0 0
vt 0 0
vt 0 0
vt 0 0
vt 0 0
vt 0 0
vt 0 0
vt 0 0
vt 0 0
vt 0 0
vt 0 0
vt 0 0
vt 0 0
vt 0 0
vt 0 0
vt 0 0
vt 0 0
vt 0 0
vt 0 0
vt 0 0
vt 0 0
vt 0 0
vt 0 0
vt 0 0
vt 0 0
vt 0 0
vt 0 0
vt 0 0
vt 0 0
vt 0 0
vt 0 0
vt 0 0
vt 0 0
vt 0 0
vt 0 0
vt 0 0
vt 0 0
vt 0 0
vt 0 0
vt 0 0
vt 0 0
vt 0 0
vt 0 0
vt 0 0
vt 0 0
vt 0 0
vt 0 0
vt 0 0
vt 0 0
vt 0 0
vt 0 0
vt 0 0
vt 0 0
vt 0 0
vt 0 0
vt 0 0
vt 0 0
vt 0 0
vt 0 0
vt 0 0
vt 0 0
vt 0 0
vt 0 0
vt 0 0
vt 0 0
vt 0 0
vt 0 0
vt 0 0
vt 0 0
vt 0 0
vt 0 0
vt 0 0
vt 0 0
vt 0 0
vt 0 0
vt 0 0
vt 0 0
vt 0 0
vt 0 0
vt 0 0
vt 0 0
vt 0 0
vt 0 0
vt 0 0
vt 0 0
vt 0 0
vt 0 0
vt 0 0
vt 0 0
vt 0 0
vt 0 0
vt 0 0
vt 0 0
vt 0 0
vt 0 0
vt 0 0
vt 0 0
vt 0 0
vt 0 0
vt 0 0
vt 0 0
vt 0 0
vt 0 0
vt 0 0
vt 0 0
vt 0 0
vt 0 0
vt 0 0
vt 0 0
vt 0 0
vt 0 0
vt 0 0
vt 0 0
vt 0 0
vt 0 0
vt 0 0
vt 0 0
vt 0 0
vt 0 0
vt 0 0
vt 0 0
vt 0 0
vt 0 0
vt 0 0
vt 0 0
vt 0 0
vt 0 0
vt 0 0
vt 0 0
vt 0 0
vt 0 0
vt 0 0
vt 0 0
vt 0 0
vt 0 0
vt 0 0
vt 0 0
vt 0 0
vt 0 0
vt 0 0
vt 0 0
vt 0 0
vt 0 0
vt 0 0
vt 0 0
vt 0 0
vt 0 0
vt 0 0
vt 0 0
vt 0 0
vt 0 0
vt 0 0
vt 0 0
vt 0 0
vt 0 0
vt 0 0
vt 0 0
vt 0 0
vt 0 0
vt 0 0
vt 0 0
vt 0 0
vt 0 0
vt 0 0
vt 0 0
vt 0 0
vt 0 0
vt 0 0
vt 0 0
vt 0 0
vt 0 0
vt 0 0
vt 0 0
vt 0 0
vt 0 0
vt 0 0
vt 0 0
vt 0 0
vt 0 0
vt 0 0
vt 0 0
vt 0 0
vt 0 0
vt 0 0
vt 0 0
vt 0 0
vt 0 0
vt 0 0
vt 0 0
vt 0 0
vt 0 0
vt 0 0
vt 0 0
vt 0 0
vt 0 0
vt 0 0
vt 0 0
vt 0 0
vt 0 0
vt 0 0
vt 0 0
vt 0 0
vt 0 0
vt 0 0
vt 0 0
vt 0 0
vt 0 0
vt 0 0
vt 0 0
vt 0 0
vt 0 0
vt 0 0
vt 0 0
vt 0 0
vt 0 0
vt 0 0
vt 0 0
vt 0 0
vt 0 0
vt 0 0
vt 0 0
vt 0 0
vt 0 0
vt 0 0
vt 0 0
vt 0 0
vt 0 0
vt 0 0
vt 0 0
vt 0 0
vt 0 0
vt 0 0
vt 0 0
vt 0 0
vt 0 0
vt 0 0
vt 0 0
vt 0 0
vt 0 0
vt 0 0
vt 0 0
vt 0 0
vt 0 0
vt 0 0
vt 0 0
vt 0 0
vt 0 0
vt 0 0
vt 0 0
vt 0 0
vt 0 0
vt 0 0
vt 0 0
vt 0 0
vt 0 0
vt 0 0
vt 0 0
vt 0 0
vt 0 0
vt 0 0
vt 0 0
vt 0 0
vt 0 0
vt 0 0
vt 0 0
vt 0 0
vt 0 0
vt 0 0
vt 0 0
vt 0 0
vt 0 0
vt 0 0
vt 0 0
vt 0 0
vt 0 0
vt 0 0
vt 0 0
vt 0 0
vt 0 0
vt 0 0
vt 0 0
vt 0 0
vt 0 0
vt 0 0
vt 0 0
vt 0 0
vt 0 0
vt 0 0
vt 0 0
vt 0 0
vt 0 0
vt 0 0
vt 0 0
vt 0 0
vt 0 0
vt 0 0
vt 0 0
vt 0 0
vt 0 0
vt 0 0
vt 0 0
vt 0 0
vt 0 0
vt 0 0
vt 0 0
vt 0 0
vt 0 0
vt 0 0
vt 0 0
vt 0 0
vt 0 0
vt 0 0
vt 0 0
vt 0 0
vt 0 0
vt 0 0
vt 0 0
vt 0 0
vt 0 0
vt 0 0
vt 0 0
vt 0 0
vt 0 0
vt 0 0
vt 0 0
vt 0 0
vt 0 0
vt 0 0
vt 0 0
vt 0 0
vt 0 0
vt 0 0
vt 0 0
vt 0 0
vt 0 0
vt 0 0
vt 0 0
vt 0 0
vt 0 0
vt 0 0
vt 0 0
vt 0 0
vt 0 0
vt 0 0
vt 0 0
vt 0 0
vt 0 0
vt 0 0
vt 0 0
vt 0 0
vt 0 0
vt 0 0
vt 0 0
vt 0 0
vt 0 0
vt 0 0
vt 0 0
vt 0 0
vt 0 0
vt 0 0
vt 0 0
vt 0 0
vt 0 0
vt 0 0
vt 0 0
vt 0 0
vt 0 0
vt 0 0
vt 0 0
vt 0 0
vt 0 0
vt 0 0
vt 0 0
vt 0 0
vt 0 0
vt 0 0
vt 0 0
vt 0 0
vt 0 0
vt 0 0
vt 0 0
vt 0 0
vt 0 0
vt 0 0
vt 0 0
vt 0 0
vt 0 0
vt 0 0
vt 0 0
vt 0 0
vt 0 0
vt 0 0
vt 0 0
vt 0 0
vt 0 0
vt 0 0
vt 0 0
vt 0 0
vt 0 0
vt 0 0
vt 0 0
vt 0 0
vt 0 0
vt 0 0
vt 0 0
vt 0 0
vt 0 0
vt 0 0
vt 0 0
vt 0 0
vt 0 0
vt 0 0
vt 0 0
vt 0 0
vt 0 0
vt 0 0
vt 0 0
vt 0 0
vt 0 0
vt 0 0
vt 0 0
vt 0 0
vt 0 0
vt 0 0
vt 0 0
vt 0 0
vt 0 0
vt 0 0
vt 0 0
vt 0 0
vt 0 0
vt 0 0
vt 0 0
vt 0 0
vt 0 0
vt 0 0
vt 0 0
vt 0 0
vt 0 0
vt 0 0
vt 0 0
vt 0 0
vt 0 0
vt 0 0
vt 0 0
vt 0 0
vt 0 0
vt 0 0
vt 0 0
vt 0 0
vt 0 0
vt 0 0
vt 0 0
vt 0 0
vt 0 0
vt 0 0
vt 0 0
vt 0 0
vt 0 0
vt 0 0
vt 0 0
vt 0 0
vt 0 0
vt 0 0
vt 0 0
vt 0 0
vt 0 0
vt 0 0
vt 0 0
vt 0 0
vt 0 0
vt 0 0
vt 0 0
vt 0 0
vt 0 0
vt 0 0
vt 0 0
vt 0 0
vt 0 0
vt 0 0
vt 0 0
vt 0 0
vt 0 0
vt 0 0
vt 0 0
vt 0 0
vt 0 0
vt 0 0
vt 0 0
vt 0 0
vt 0 0
vt 0 0
vt 0 0
vt 0 0
vt 0 0
vt 0 0
vt 0 0
vt 0 0
vt 0 0
vt 0 0
vt 0 0
vt 0 0
vt 0 0
vt 0 0
vt 0 0
vt 0 0
vt 0 0
vt 0 0
vt 0 0
vt 0 0
vt 0 0
vt 0 0
vt 0 0
vt 0 0
vt 0 0
vt 0 0
vt 0 0
vt 0 0
vt 0 0
vt 0 0
vt 0 0
vt 0 0
vt 0 0
vt 0 0
vt 0 0
vt 0 0
vt 0 0
vt 0 0
vt 0 0
vt 0 0
vt 0 0
vt 0 0
vt 0 0
vt 0 0
vt 0 0
vt 0 0
vt 0 0
vt 0 0
vt 0 0
vt 0 0
vt 0 0
vt 0 0
vt 0 0
vt 0 0
vt 0 0
vt 0 0
vt 0 0
vt 0 0
vt 0 0
vt 0 0
vt 0 0
vt 0 0
vt 0 0
vt 0 0
vt 0 0
vt 0 0
vt 0 0
vt 0 0
vt 0 0
vt 0 0
vt 0 0
vt 0 0
vt 0 0
vt 0 0
vt 0 0
vt 0 0
vt 0 0
vt 0 0
vt 0 0
vt 0 0
vt 0 0
vt 0 0
vt 0 0
vt 0 0
vt 0 0
vt 0 0
vt 0 0
vt 0 0
vt 0 0
vt 0 0
vt 0 0
vt 0 0
vt 0 0
vt 0 0
vt 0 0
vt 0 0
vt 0 0
vt 0 0
vt 0 0
vt 0 0
vt 0 0
vt 0 0
vt 0 0
vt 0 0
vt 0 0
vt 0 0
vt 0 0
vt 0 0
vt 0 0
vt 0 0
vt 0 0
vt 0 0
vt 0 0
vt 0 0
vt 0 0
vt 0 0
vt 0 0
vt 0 0
vt 0 0
vt 0 0
vt 0 0
vt 0 0
vt 0 0
vt 0 0
vt 0 0
vt 0 0
vt 0 0
vt 0 0
vt 0 0
vt 0 0
vt 0 0
vt 0 0
vt 0 0
vt 0 0
vt 0 0
vt 0 0
vt 0 0
vt 0 0
vt 0 0
vt 0 0
vt 0 0
vt 0 0
vt 0 0
vt 0 0
vt 0 0
vt 0 0
vt 0 0
vt 0 0
vt 0 0
vt 0 0
vt 0 0
vt 0 0
vt 0 0
vt 0 0
vt 0 0
vt 0 0
vt 0 0
vt 0 0
vt 0 0
vt 0 0
vt 0 0
vt 0 0
vt 0 0
vt 0 0
vt 0 0
vt 0 0
vt 0 0
vt 0 0
vt 0 0
vt 0 0
vt 0 0
vt 0 0
vt 0 0
vt 0 0
vt 0 0
vt 0 0
vt 0 0
vt 0 0
vt 0 0
vt 0 0
vt 0 0
vt 0 0
vt 0 0
vt 0 0
vt 0 0
vt 0 0
vt 0 0
vt 0 0
vt 0 0
vt 0 0
vt 0 0
vt 0 0
vt 0 0
vt 0 0
vt 0 0
vt 0 0
vt 0 0
vt 0 0
vt 0 0
vt 0 0
vt 0 0
vt 0 0
vt 0 0
vt 0 0
vt 0 0
vt 0 0
vt 0 0
vt 0 0
vt 0 0
vt 0 0
vt 0 0
vt 0 0
vt 0 0
vt 0 0
vt 0 0
vt 0 0
vt 0 0
vt 0 0
vt 0 0
vt 0 0
vt 0 0
vt 0 0
vt 0 0
vt 0 0
vt 0 0
vt 0 0
vt 0 0
vt 0 0
vt 0 0
vt 0 0
vt 0 0
vt 0 0
vt 0 0
vt 0 0
vt 0 0
vt 0 0
vt 0 0
vt 0 0
vt 0 0
vt 0 0
vt 0 0
vt 0 0
vt 0 0
vt 0 0
vt 0 0
vt 0 0
vt 0 0
vt 0 0
vt 0 0
vt 0 0
vt 0 0
vt 0 0
vt 0 0
vt 0 0
vt 0 0
vt 0 0
vt 0 0
vt 0 0
vt 0 0
vt 0 0
vt 0 0
vt 0 0
vt 0 0
vt 0 0
vt 0 0
vt 0 0
vt 0 0
vt 0 0
vt 0 0
vt 0 0
vt 0 0
vt 0 0
vt 0 0
vt 0 0
vt 0 0
vt 0 0
vt 0 0
vt 0 0
vt 0 0
vt 0 0
vt 0 0
vt 0 0
vt 0 0
vt 0 0
vt 0 0
vt 0 0
vt 0 0
vt 0 0
vt 0 0
vt 0 0
vt 0 0
vt 0 0
vt 0 0
vt 0 0
vt 0 0
vt 0 0
vt 0 0
vt 0 0
vt 0 0
vt 0 0
vt 0 0
vt 0 0
vt 0 0
vt 0 0
vt 0 0
vt 0 0
vt 0 0
vt 0 0
vt 0 0
vt 0 0
vt 0 0
vt 0 0
vt 0 0
vt 0 0
vt 0 0
vt 0 0
vt 0 0
vt 0 0
vt 0 0
vt 0 0
vt 0 0
vt 0 0
vt 0 0
vt 0 0
vt 0 0
vt 0 0
vt 0 0
vt 0 0
vt 0 0
vt 0 0
vt 0 0
vt 0 0
vt 0 0
vt 0 0
vt 0 0
vt 0 0
vt 0 0
vt 0 0
vt 0 0
vt 0 0
vt 0 0
vt 0 0
vt 0 0
vt 0 0
vt 0 0
vt 0 0
vt 0 0
vt 0 0
vt 0 0
vt 0 0
vt 0 0
vt 0 0
vt 0 0
vt 0 0
vt 0 0
vt 0 0
vt 0 0
vt 0 0
vt 0 0
vt 0 0
vt 0 0
vt 0 0
vt 0 0
vt 0 0
vt 0 0
vt 0 0
vt 0 0
vt 0 0
vt 0 0
vt 0 0
vt 0 0
vt 0 0
vt 0 0
vt 0 0
vt 0 0
vt 0 0
vt 0 0
vt 0 0
vt 0 0
vt 0 0
vt 0 0
vt 0 0
vt 0 0
vt 0 0
vt 0 0
vt 0 0
vt 0 0
vt 0 0
vt 0 0
vt 0 0
vt 0 0
vt 0 0
vt 0 0
vt 0 0
vt 0 0
vt 0 0
vt 0 0
vt 0 0
vt 0 0
vt 0 0
vt 0 0
vt 0 0
vt 0 0
vt 0 0
vt 0 0
vt 0 0
vt 0 0
vt 0 0
vt 0 0
vt 0 0
vt 0 0
vt 0 0
vt 0 0
vt 0 0
vt 0 0
vt 0 0
vt 0 0
vt 0 0
vt 0 0
vt 0 0
vt 0 0
vt 0 0
vt 0 0
vt 0 0
vt 0 0
vt 0 0
vt 0 0
vt 0 0
vt 0 0
vt 0 0
vt 0 0
vt 0 0
vt 0 0
vt 0 0
vt 0 0
vt 0 0
vt 0 0
vt 0 0
vt 0 0
vt 0 0
vt 0 0
vt 0 0
vt 0 0
vt 0 0
vt 0 0
vt 0 0
vt 0 0
vt 0 0
vt 0 0
vt 0 0
vt 0 0
vt 0 0
vt 0 0
vt 0 0
vt 0 0
vt 0 0
vt 0 0
vt 0 0
vt 0 0
vt 0 0
vt 0 0
vt 0 0
vt 0 0
vt 0 0
vt 0 0
vt 0 0
vt 0 0
vt 0 0
vt 0 0
vt 0 0
vt 0 0
vt 0 0
vt 0 0
vt 0 0
vt 0 0
vt 0 0
vt 0 0
vt 0 0
vt 0 0
vt 0 0
vt 0 0
vt 0 0
vt 0 0
vt 0 0
vt 0 0
vt 0 0
vt 0 0
vt 0 0
vt 0 0
vt 0 0
vt 0 0
vt 0 0
vt 0 0
vt 0 0
vt 0 0
vt 0 0
vt 0 0
vt 0 0
vt 0 0
vt 0 0
vt 0 0
vt 0 0
vt 0 0
vt 0 0
vt 0 0
vt 0 0
vt 0 0
vt 0 0
vt 0 0
vt 0 0
vt 0 0
vt 0 0
vt 0 0
vt 0 0
vt 0 0
vt 0 0
vt 0 0
vt 0 0
vt 0 0
vt 0 0
vt 0 0
vt 0 0
vt 0 0
vt 0 0
vt 0 0
vt 0 0
vt 0 0
vt 0 0
vt 0 0
vt 0 0
vt 0 0
vt 0 0
vt 0 0
vt 0 0
vt 0 0
vt 0 0
vt 0 0
vt 0 0
vt 0 0
vt 0 0
vt 0 0
vt 0 0
vt 0 0
vt 0 0
vt 0 0
vt 0 0
vt 0 0
vt 0 0
vt 0 0
vt 0 0
vt 0 0
vt 0 0
vt 0 0
vt 0 0
vt 0 0
vt 0 0
vt 0 0
vt 0 0
vt 0 0
vt 0 0
vt 0 0
vt 0 0
vt 0 0
vt 0 0
vt 0 0
vt 0 0
vt 0 0
vt 0 0
vt 0 0
vt 0 0
vt 0 0
vt 0 0
vt 0 0
vt 0 0
vt 0 0
vt 0 0
vt 0 0
vt 0 0
vt 0 0
vt 0 0
vt 0 0
vt 0 0
vt 0 0
vt 0 0
vt 0 0
vt 0 0
vt 0 0
vt 0 0
vt 0 0
vt 0 0
vt 0 0
vt 0 0
vt 0 0
vt 0 0
vt 0 0
vt 0 0
vt 0 0
vt 0 0
vt 0 0
vt 0 0
vt 0 0
vt 0 0
vt 0 0
vt 0 0
vt 0 0
vt 0 0
vt 0 0
vt 0 0
vt 0 0
vt 0 0
vt 0 0
vt 0 0
vt 0 0
vt 0 0
vt 0 0
vt 0 0
vt 0 0
vt 0 0
vt 0 0
vt 0 0
vt 0 0
vt 0 0
vt 0 0
vt 0 0
vt 0 0
vt 0 0
vt 0 0
vt 0 0
vt 0 0
vt 0 0
vt 0 0
vt 0 0
vt 0 0
vt 0 0
vt 0 0
vt 0 0
vt 0 0
vt 0 0
vt 0 0
vt 0 0
vt 0 0
vt 0 0
vt 0 0
vt 0 0
vt 0 0
vt 0 0
vt 0 0
vt 0 0
vt 0 0
vt 0 0
vt 0 0
vt 0 0
vt 0 0
vt 0 0
vt 0 0
vt 0 0
vt 0 0
vt 0 0
vt 0 0
vt 0 0
vt 0 0
vt 0 0
vt 0 0
vt 0 0
vt 0 0
vt 0 0
vt 0 0
vt 0 0
vt 0 0
vt 0 0
vt 0 0
vt 0 0
vt 0 0
vt 0 0
vt 0 0
vt 0 0
vt 0 0
vt 0 0
vt 0 0
vt 0 0
vt 0 0
vt 0 0
vt 0 0
vt 0 0
vt 0 0
vt 0 0
vt 0 0
vt 0 0
vt 0 0
vt 0 0
vt 0 0
vt 0 0
vt 0 0
vt 0 0
vt 0 0
vt 0 0
vt 0 0
vt 0 0
vt 0 0
vt 0 0
vt 0 0
vt 0 0
vt 0 0
vt 0 0
vt 0 0
vt 0 0
vt 0 0
vt 0 0
vt 0 0
vt 0 0
vt 0 0
vt 0 0
vt 0 0
vt 0 0
vt 0 0
vt 0 0
vt 0 0
vt 0 0
vt 0 0
vt 0 0
vt 0 0
vt 0 0
vt 0 0
vt 0 0
vt 0 0
vt 0 0
vt 0 0
vt 0 0
vt 0 0
vt 0 0
vt 0 0
vt 0 0
vt 0 0
vt 0 0
vt 0 0
vt 0 0
vt 0 0
vt 0 0
vt 0 0
vt 0 0
vt 0 0
vt 0 0
vt 0 0
vt 0 0
vt 0 0
vt 0 0
vt 0 0
vt 0 0
vt 0 0
vt 0 0
vt 0 0
vt 0 0
vt 0 0
vt 0 0
vt 0 0
vt 0 0
vt 0 0
vt 0 0
vt 0 0
vt 0 0
vt 0 0
vt 0 0
vt 0 0
vt 0 0
vt 0 0
vt 0 0
vt 0 0
vt 0 0
vt 0 0
vt 0 0
vt 0 0
vt 0 0
vt 0 0
vt 0 0
vt 0 0
vt 0 0
vt 0 0
vt 0 0
vt 0 0
vt 0 0
vt 0 0
vt 0 0
vt 0 0
vt 0 0
vt 0 0
vt 0 0
vt 0 0
vt 0 0
vt 0 0
vt 0 0
vt 0 0
vt 0 0
vt 0 0
vt 0 0
vt 0 0
vt 0 0
vt 0 0
vt 0 0
vt 0 0
vt 0 0
vt 0 0
vt 0 0
vt 0 0
vt 0 0
vt 0 0
vt 0 0
vt 0 0
vt 0 0
vt 0 0
vt 0 0
vt 0 0
vt 0 0
vt 0 0
vt 0 0
vt 0 0
vt 0 0
vt 0 0
vt 0 0
vt 0 0
vt 0 0
vt 0 0
vt 0 0
vt 0 0
vt 0 0
vt 0 0
vt 0 0
vt 0 0
vt 0 0
vt 0 0
vt 0 0
vt 0 0
vt 0 0
vt 0 0
vt 0 0
vt 0 0
vt 0 0
vt 0 0
vt 0 0
vt 0 0
vt 0 0
vt 0 0
vt 0 0
vt 0 0
vt 0 0
vt 0 0
vt 0 0
vt 0 0
vt 0 0
vt 0 0
vt 0 0
vt 0 0
vt 0 0
vt 0 0
vt 0 0
vt 0 0
vt 0 0
vt 0 0
vt 0 0
vt 0 0
vt 0 0
vt 0 0
vt 0 0
vt 0 0
vt 0 0
vt 0 0
vt 0 0
vt 0 0
vt 0 0
vt 0 0
vt 0 0
vt 0 0
vt 0 0
vt 0 0
vt 0 0
vt 0 0
vt 0 0
vt 0 0
vt 0 0
vt 0 0
vt 0 0
vt 0 0
vt 0 0
vt 0 0
vt 0 0
vt 0 0
vt 0 0
vt 0 0
vt 0 0
vt 0 0
vt 0 0
vt 0 0
vt 0 0
vt 0 0
vt 0 0
vt 0 0
vt 0 0
vt 0 0
vt 0 0
vt 0 0
vt 0 0
vt 0 0
vt 0 0
vt 0 0
vt 0 0
vt 0 0
vt 0 0
vt 0 0
vt 0 0
vt 0 0
vt 0 0
vt 0 0
vt 0 0
vt 0 0
vt 0 0
vt 0 0
vt 0 0
vt 0 0
vt 0 0
vt 0 0
vt 0 0
vt 0 0
vt 0 0
vt 0 0
vt 0 0
vt 0 0
vt 0 0
vt 0 0
vt 0 0
vt 0 0
vt 0 0
vt 0 0
vt 0 0
vt 0 0
vt 0 0
vt 0 0
vt 0 0
vt 0 0
vt 0 0
vt 0 0
vt 0 0
vt 0 0
vt 0 0
vt 0 0
vt 0 0
vt 0 0
vt 0 0
vt 0 0
vt 0 0
vt 0 0
vt 0 0
vt 0 0
vt 0 0
vt 0 0
vt 0 0
vt 0 0
vt 0 0
vt 0 0
vt 0 0
vt 0 0
vt 0 0
vt 0 0
vt 0 0
vt 0 0
vt 0 0
vt 0 0
vt 0 0
vt 0 0
vt 0 0
vt 0 0
vt 0 0
vt 0 0
vt 0 0
vt 0 0
vt 0 0
vt 0 0
vt 0 0
vt 0 0
vt 0 0
vt 0 0
vt 0 0
vt 0 0
vt 0 0
vt 0 0
vt 0 0
vt 0 0
vt 0 0
vt 0 0
vt 0 0
vt 0 0
vt 0 0
vt 0 0
vt 0 0
vt 0 0
vt 0 0
vt 0 0
vt 0 0
vt 0 0
vt 0 0
vt 0 0
vt 0 0
vt 0 0
vt 0 0
vt 0 0
vt 0 0
vt 0 0
vt 0 0
vt 0 0
vt 0 0
vt 0 0
vt 0 0
vt 0 0
vt 0 0
vt 0 0
vt 0 0
vt 0 0
vt 0 0
vt 0 0
vt 0 0
vt 0 0
vt 0 0
vt 0 0
vt 0 0
vt 0 0
vt 0 0
vt 0 0
vt 0 0
vt 0 0
vt 0 0
vt 0 0
vt 0 0
vt 0 0
vt 0 0
vt 0 0
vt 0 0
vt 0 0
vt 0 0
vt 0 0
vt 0 0
vt 0 0
vt 0 0
vt 0 0
vt 0 0
vt 0 0
vt 0 0
vt 0 0
vt 0 0
vt 0 0
vt 0 0
vt 0 0
vt 0 0
vt 0 0
vt 0 0
vt 0 0
vt 0 0
vt 0 0
vt 0 0
vt 0 0
vt 0 0
vt 0 0
vt 0 0
vt 0 0
vt 0 0
vt 0 0
vt 0 0
vt 0 0
vt 0 0
vt 0 0
vt 0 0
vt 0 0
vt 0 0
vt 0 0
vt 0 0
vt 0 0
vt 0 0
vt 0 0
vt 0 0
vt 0 0
vt 0 0
vt 0 0
vt 0 0
vt 0 0
vt 0 0
vt 0 0
vt 0 0
vt 0 0
vt 0 0
vt 0 0
vt 0 0
vt 0 0
vt 0 0
vt 0 0
vt 0 0
vt 0 0
vt 0 0
vt 0 0
vt 0 0
vt 0 0
vt 0 0
vt 0 0
vt 0 0
vt 0 0
vt 0 0
vt 0 0
vt 0 0
vt 0 0
vt 0 0
vt 0 0
vt 0 0
vt 0 0
vt 0 0
vt 0 0
vt 0 0
vt 0 0
vt 0 0
vt 0 0
vt 0 0
vt 0 0
vt 0 0
vt 0 0
vt 0 0
vt 0 0
vt 0 0
vt 0 0
vt 0 0
vt 0 0
vt 0 0
vt 0 0
vt 0 0
vt 0 0
vt 0 0
vt 0 0
vt 0 0
vt 0 0
vt 0 0
vt 0 0
vt 0 0
vt 0 0
vt 0 0
vt 0 0
vt 0 0
vt 0 0
vt 0 0
vt 0 0
vt 0 0
vt 0 0
vt 0 0
vt 0 0
vt 0 0
vt 0 0
vt 0 0
vt 0 0
vt 0 0
vt 0 0
vt 0 0
vt 0 0
vt 0 0
vt 0 0
vt 0 0
vt 0 0
vt 0 0
vt 0 0
vt 0 0
vt 0 0
vt 0 0
vt 0 0
vt 0 0
vt 0 0
vt 0 0
vt 0 0
vt 0 0
vt 0 0
vt 0 0
vt 0 0
vt 0 0
vt 0 0
vt 0 0
vt 0 0
vt 0 0
vt 0 0
vt 0 0
vt 0 0
vt 0 0
vt 0 0
vt 0 0
vt 0 0
vt 0 0
vt 0 0
vt 0 0
vt 0 0
vt 0 0
vt 0 0
vt 0 0
vt 0 0
vt 0 0
vt 0 0
vt 0 0
vt 0 0
vt 0 0
vt 0 0
vt 0 0
vt 0 0
vt 0 0
vt 0 0
vt 0 0
vt 0 0
vt 0 0
vt 0 0
vt 0 0
vt 0 0
vt 0 0
vt 0 0
vt 0 0
vt 0 0
vt 0 0
vt 0 0
vt 0 0
vt 0 0
vt 0 0
vt 0 0
vt 0 0
vt 0 0
vt 0 0
vt 0 0
vt 0 0
vt 0 0
vt 0 0
vt 0 0
vt 0 0
vt 0 0
vt 0 0
vt 0 0
vt 0 0
vt 0 0
vt 0 0
vt 0 0
vt 0 0
vt 0 0
vt 0 0
vt 0 0
vt 0 0
vt 0 0
vt 0 0
vt 0 0
vt 0 0
vt 0 0
vt 0 0
vt 0 0
vt 0 0
vt 0 0
vt 0 0
vt 0 0
vt 0 0
vt 0 0
vt 0 0
vt 0 0
vt 0 0
vt 0 0
vt 0 0
vt 0 0
vt 0 0
vt 0 0
vt 0 0
vt 0 0
vt 0 0
vt 0 0
vt 0 0
vt 0 0
vt 0 0
vt 0 0
vt 0 0
vt 0 0
vt 0 0
vt 0 0
vt 0 0
vt 0 0
vt 0 0
vt 0 0
vt 0 0
vt 0 0
vt 0 0
vt 0 0
vt 0 0
vt 0 0
vt 0 0
vt 0 0
vt 0 0
vt 0 0
vt 0 0
vt 0 0
vt 0 0
vt 0 0
vt 0 0
vt 0 0
vt 0 0
vt 0 0
vt 0 0
vt 0 0
vt 0 0
vt 0 0
vt 0 0
vt 0 0
vt 0 0
vt 0 0
vt 0 0
vt 0 0
vt 0 0
vt 0 0
vt 0 0
vt 0 0
vt 0 0
vt 0 0
vt 0 0
vt 0 0
vt 0 0
vt 0 0
vt 0 0
vt 0 0
vt 0 0
vt 0 0
vt 0 0
vt 0 0
vt 0 0
vt 0 0
vt 0 0
vt 0 0
vt 0 0
vt 0 0
vt 0 0
vt 0 0
vt 0 0
vt 0 0
vt 0 0
vt 0 0
vt 0 0
vt 0 0
vt 0 0
vt 0 0
vt 0 0
vt 0 0
vt 0 0
vt 0 0
vt 0 0
vt 0 0
vt 0 0
vt 0 0
vt 0 0
vt 0 0
vt 0 0
vt 0 0
vt 0 0
vt 0 0
vt 0 0
vt 0 0
vt 0 0
vt 0 0
vt 0 0
vt 0 0
vt 0 0
vt 0 0
vt 0 0
vt 0 0
vt 0 0
vt 0 0
vt 0 0
vt 0 0
vt 0 0
vt 0 0
vt 0 0
vt 0 0
vt 0 0
vt 0 0
vt 0 0
vt 0 0
vt 0 0
vt 0 0
vt 0 0
vt 0 0
vt 0 0
vt 0 0
vt 0 0
vt 0 0
vt 0 0
vt 0 0
vt 0 0
vt 0 0
vt 0 0
vt 0 0
vt 0 0
vt 0 0
vt 0 0
vt 0 0
vt 0 0
vt 0 0
vt 0 0
vt 0 0
vt 0 0
vt 0 0
vt 0 0
vt 0 0
vt 0 0
vt 0 0
vt 0 0
vt 0 0
vt 0 0
vt 0 0
vt 0 0
vt 0 0
vt 0 0
vt 0 0
vt 0 0
vt 0 0
vt 0 0
vt 0 0
vt 0 0
vt 0 0
vt 0 0
vt 0 0
vt 0 0
vt 0 0
vt 0 0
vt 0 0
vt 0 0
vt 0 0
vt 0 0
vt 0 0
vt 0 0
vt 0 0
vt 0 0
vt 0 0
vt 0 0
vt 0 0
vt 0 0
vt 0 0
vt 0 0
vt 0 0
vt 0 0
vt 0 0
vt 0 0
vt 0 0
vt 0 0
vt 0 0
vt 0 0
vt 0 0
vt 0 0
vt 0 0
vt 0 0
vt 0 0
vt 0 0
vt 0 0
vt 0 0
vt 0 0
vt 0 0
vt 0 0
vt 0 0
vt 0 0
vt 0 0
vt 0 0
vt 0 0
vt 0 0
vt 0 0
vt 0 0
vt 0 0
vt 0 0
vt 0 0
vt 0 0
vt 0 0
vt 0 0
vt 0 0
vt 0 0
vt 0 0
vt 0 0
vt 0 0
vt 0 0
vt 0 0
vt 0 0
vt 0 0
vt 0 0
vt 0 0
vt 0 0
vt 0 0
vt 0 0
vt 0 0
vt 0 0
vt 0 0
vt 0 0
vt 0 0
vt 0 0
vt 0 0
vt 0 0
vt 0 0
vt 0 0
vt 0 0
vt 0 0
vt 0 0
vt 0 0
vt 0 0
vt 0 0
vt 0 0
vt 0 0
vt 0 0
vt 0 0
vt 0 0
vt 0 0
vt 0 0
vt 0 0
vt 0 0
vt 0 0
vt 0 0
vt 0 0
vt 0 0
vt 0 0
vt 0 0
vt 0 0
vt 0 0
vt 0 0
vt 0 0
vt 0 0
vt 0 0
vt 0 0
vt 0 0
vt 0 0
vt 0 0
vt 0 0
vt 0 0
vt 0 0
vt 0 0
vt 0 0
vt 0 0
vt 0 0
vt 0 0
vt 0 0
vt 0 0
vt 0 0
vt 0 0
vt 0 0
vt 0 0
vt 0 0
vt 0 0
vt 0 0
vt 0 0
vt 0 0
vt 0 0
vt 0 0
vt 0 0
vt 0 0
vt 0 0
vt 0 0
vt 0 0
vt 0 0
vt 0 0
vt 0 0
vt 0 0
vt 0 0
vt 0 0
vt 0 0
vt 0 0
vt 0 0
vt 0 0
vt 0 0
vt 0 0
vt 0 0
vt 0 0
vt 0 0
vt 0 0
vt 0 0
vt 0 0
vt 0 0
vt 0 0
vt 0 0
vt 0 0
vt 0 0
vt 0 0
vt 0 0
vt 0 0
vt 0 0
vt 0 0
vt 0 0
vt 0 0
vt 0 0
vt 0 0
vt 0 0
vt 0 0
vt 0 0
vt 0 0
vt 0 0
vt 0 0
vt 0 0
vt 0 0
vt 0 0
vt 0 0
vt 0 0
vt 0 0
vt 0 0
vt 0 0
vt 0 0
vt 0 0
vt 0 0
vt 0 0
vt 0 0
vt 0 0
vt 0 0
vt 0 0
vt 0 0
vt 0 0
vt 0 0
vt 0 0
vt 0 0
vt 0 0
vt 0 0
vt 0 0
vt 0 0
vt 0 0
vt 0 0
vt 0 0
vt 0 0
vt 0 0
vt 0 0
vt 0 0
vt 0 0
vt 0 0
vt 0 0
vt 0 0
vt 0 0
vt 0 0
vt 0 0
vt 0 0
vt 0 0
vt 0 0
vt 0 0
vt 0 0
vt 0 0
vt 0 0
vt 0 0
vt 0 0
vt 0 0
vt 0 0
vt 0 0
vt 0 0
vt 0 0
vt 0 0
vt 0 0
vt 0 0
vt 0 0
vt 0 0
vt 0 0
vt 0 0
vt 0 0
vt 0 0
vt 0 0
vt 0 0
vt 0 0
vt 0 0
vt 0 0
vt 0 0
vt 0 0
vt 0 0
vt 0 0
vt 0 0
vt 0 0
vt 0 0
vt 0 0
vt 0 0
vt 0 0
vt 0 0
vt 0 0
vt 0 0
vt 0 0
vt 0 0
vt 0 0
vt 0 0
vt 0 0
vt 0 0
vt 0 0
vt 0 0
vt 0 0
vt 0 0
vt 0 0
vt 0 0
vt 0 0
vt 0 0
vt 0 0
vt 0 0
vt 0 0
vt 0 0
vt 0 0
vt 0 0
vt 0 0
vt 0 0
vt 0 0
vt 0 0
vt 0 0
vt 0 0
vt 0 0
vt 0 0
vt 0 0
vt 0 0
vt 0 0
vt 0 0
vt 0 0
vt 0 0
vt 0 0
vt 0 0
vt 0 0
vt 0 0
vt 0 0
vt 0 0
vt 0 0
vt 0 0
vt 0 0
vt 0 0
vt 0 0
vt 0 0
vt 0 0
vt 0 0
vt 0 0
vt 0 0
vt 0 0
vt 0 0
vt 0 0
vt 0 0
vt 0 0
vt 0 0
vt 0 0
vt 0 0
vt 0 0
vt 0 0
vt 0 0
vt 0 0
vt 0 0
vt 0 0
vt 0 0
vt 0 0
vt 0 0
vt 0 0
vt 0 0
vt 0 0
vt 0 0
vt 0 0
vt 0 0
vt 0 0
vt 0 0
vt 0 0
vt 0 0
vt 0 0
vt 0 0
vt 0 0
vt 0 0
vt 0 0
vt 0 0
vt 0 0
vt 0 0
vt 0 0
vt 0 0
vt 0 0
vt 0 0
vt 0 0
vt 0 0
vt 0 0
vt 0 0
vt 0 0
vt 0 0
vt 0 0
vt 0 0
vt 0 0
vt 0 0
vt 0 0
vt 0 0
vt 0 0
vt 0 0
vt 0 0
vt 0 0
vt 0 0
vt 0 0
vt 0 0
vt 0 0
vt 0 0
vt 0 0
vt 0 0
vt 0 0
vt 0 0
vt 0 0
vt 0 0
vt 0 0
vt 0 0
vt 0 0
vt 0 0
vt 0 0
vt 0 0
vt 0 0
vt 0 0
vt 0 0
vt 0 0
vt 0 0
vt 0 0
vt 0 0
vt 0 0
vt 0 0
vt 0 0
vt 0 0
vt 0 0
vt 0 0
vt 0 0
vt 0 0
vt 0 0
vt 0 0
vt 0 0
vt 0 0
vt 0 0
vt 0 0
vt 0 0
vt 0 0
vt 0 0
vt 0 0
vt 0 0
vt 0 0
vt 0 0
vt 0 0
vt 0 0
vt 0 0
vt 0 0
vt 0 0
vt 0 0
vt 0 0
vt 0 0
vt 0 0
vt 0 0
vt 0 0
vt 0 0
vt 0 0
vt 0 0
vt 0 0
vt 0 0
vt 0 0
vt 0 0
vt 0 0
vt 0 0
vt 0 0
vt 0 0
vt 0 0
vt 0 0
vt 0 0
vt 0 0
vt 0 0
vt 0 0
vt 0 0
vt 0 0
vt 0 0
vt 0 0
vt 0 0
vt 0 0
vt 0 0
vt 0 0
vt 0 0
vt 0 0
vt 0 0
vt 0 0
vt 0 0
vt 0 0
vt 0 0
vt 0 0
vt 0 0
vt 0 0
vt 0 0
vt 0 0
vt 0 0
vt 0 0
vt 0 0
vt 0 0
vt 0 0
vt 0 0
vt 0 0
vt 0 0
vt 0 0
vt 0 0
vt 0 0
vt 0 0
vt 0 0
vt 0 0
vt 0 0
vt 0 0
vt 0 0
vt 0 0
vt 0 0
vt 0 0
vt 0 0
vt 0 0
vt 0 0
vt 0 0
vt 0 0
vt 0 0
vt 0 0
vt 0 0
vt 0 0
vt 0 0
vt 0 0
vt 0 0
vt 0 0
vt 0 0
vt 0 0
vt 0 0
vt 0 0
vt 0 0
vt 0 0
vt 0 0
vt 0 0
vt 0 0
vt 0 0
vt 0 0
vt 0 0
vt 0 0
vt 0 0
vt 0 0
vt 0 0
vt 0 0
vt 0 0
vt 0 0
vt 0 0
vt 0 0
vt 0 0
vt 0 0
vt 0 0
vt 0 0
vt 0 0
vt 0 0
vt 0 0
vt 0 0
vt 0 0
vt 0 0
vt 0 0
vt 0 0
vt 0 0
vt 0 0
vt 0 0
vt 0 0
vt 0 0
vt 0 0
vt 0 0
vt 0 0
vt 0 0
vt 0 0
vt 0 0
vt 0 0
vt 0 0
vt 0 0
vt 0 0
vt 0 0
vt 0 0
vt 0 0
vt 0 0
vt 0 0
vt 0 0
vt 0 0
vt 0 0
vt 0 0
vt 0 0
vt 0 0
vt 0 0
vt 0 0
vt 0 0
vt 0 0
vt 0 0
vt 0 0
vt 0 0
vt 0 0
vt 0 0
vt 0 0
vt 0 0
vt 0 0
vt 0 0
vt 0 0
vt 0 0
vt 0 0
vt 0 0
vt 0 0
vt 0 0
vt 0 0
vt 0 0
vt 0 0
vt 0 0
vt 0 0
vt 0 0
vt 0 0
vt 0 0
vt 0 0
vt 0 0
vt 0 0
vt 0 0
vt 0 0
vt 0 0
vt 0 0
vt 0 0
vt 0 0
vt 0 0
vt 0 0
vt 0 0
vt 0 0
vt 0 0
vt 0 0
vt 0 0
vt 0 0
vt 0 0
vt 0 0
vt 0 0
vt 0 0
vt 0 0
vt 0 0
vt 0 0
vt 0 0
vt 0 0
vt 0 0
vt 0 0
vt 0 0
vt 0 0
vt 0 0
vt 0 0
vt 0 0
vt 0 0
vt 0 0
vt 0 0
vt 0 0
vt 0 0
vt 0 0
vt 0 0
vt 0 0
vt 0 0
vt 0 0
vt 0 0
vt 0 0
vt 0 0
vt 0 0
vt 0 0
vt 0 0
vt 0 0
vt 0 0
vt 0 0
vt 0 0
vt 0 0
vt 0 0
vt 0 0
vt 0 0
vt 0 0
vt 0 0
vt 0 0
vt 0 0
vt 0 0
vt 0 0
vt 0 0
vt 0 0
vt 0 0
vt 0 0
vt 0 0
vt 0 0
vt 0 0
vt 0 0
vt 0 0
vt 0 0
vt 0 0
vt 0 0
vt 0 0
vt 0 0
vt 0 0
vt 0 0
vt 0 0
vt 0 0
vt 0 0
vt 0 0
vt 0 0
vt 0 0
vt 0 0
vt 0 0
vt 0 0
vt 0 0
vt 0 0
vt 0 0
vt 0 0
vt 0 0
vt 0 0
vt 0 0
vt 0 0
vt 0 0
vt 0 0
vt 0 0
vt 0 0
vt 0 0
vt 0 0
vt 0 0
vt 0 0
vt 0 0
vt 0 0
vt 0 0
vt 0 0
vt 0 0
vt 0 0
vt 0 0
vt 0 0
vt 0 0
vt 0 0
vt 0 0
vt 0 0
vt 0 0
vt 0 0
vt 0 0
vt 0 0
vt 0 0
vt 0 0
vt 0 0
vt 0 0
vt 0 0
vt 0 0
vt 0 0
vt 0 0
vt 0 0
vt 0 0
vt 0 0
vt 0 0
vt 0 0
vt 0 0
vt 0 0
vt 0 0
vt 0 0
vt 0 0
vt 0 0
vt 0 0
vt 0 0
vt 0 0
vt 0 0
vt 0 0
vt 0 0
vt 0 0
vt 0 0
vt 0 0
vt 0 0
vt 0 0
vt 0 0
vt 0 0
vt 0 0
vt 0 0
vt 0 0
vt 0 0
vt 0 0
vt 0 0
vt 0 0
vt 0 0
vt 0 0
vt 0 0
vt 0 0
vt 0 0
vt 0 0
vt 0 0
vt 0 0
vt 0 0
vt 0 0
vt 0 0
vt 0 0
vt 0 0
vt 0 0
vt 0 0
vt 0 0
vt 0 0
vt 0 0
vt 0 0
vt 0 0
vt 0 0
vt 0 0
vt 0 0
vt 0 0
vt 0 0
vt 0 0
vt 0 0
vt 0 0
vt 0 0
vt 0 0
vt 0 0
vt 0 0
vt 0 0
vt 0 0
vt 0 0
vt 0 0
vt 0 0
vt 0 0
vt 0 0
vt 0 0
vt 0 0
vt 0 0
vt 0 0
vt 0 0
vt 0 0
vt 0 0
vt 0 0
vt 0 0
vt 0 0
vt 0 0
vt 0 0
vt 0 0
vt 0 0
vt 0 0
vt 0 0
vt 0 0
vt 0 0
vt 0 0
vt 0 0
vt 0 0
vt 0 0
vt 0 0
vt 0 0
vt 0 0
vt 0 0
vt 0 0
vt 0 0
vt 0 0
vt 0 0
vt 0 0
vt 0 0
vt 0 0
vt 0 0
vt 0 0
vt 0 0
vt 0 0
vt 0 0
vt 0 0
vt 0 0
vt 0 0
vt 0 0
vt 0 0
vt 0 0
vt 0 0
vt 0 0
vt 0 0
vt 0 0
vt 0 0
vt 0 0
vt 0 0
vt 0 0
vt 0 0
vt 0 0
vt 0 0
vt 0 0
vt 0 0
vt 0 0
vt 0 0
vt 0 0
vt 0 0
vt 0 0
vt 0 0
vt 0 0
vt 0 0
vt 0 0
vt 0 0
vt 0 0
vt 0 0
vt 0 0
vt 0 0
vt 0 0
vt 0 0
vt 0 0
vt 0 0
vt 0 0
vt 0 0
vt 0 0
vt 0 0
vt 0 0
vt 0 0
vt 0 0
vt 0 0
vt 0 0
vt 0 0
vt 0 0
vt 0 0
vt 0 0
vt 0 0
vt 0 0
vt 0 0
vt 0 0
vt 0 0
vt 0 0
vt 0 0
vt 0 0
vt 0 0
vt 0 0
vt 0 0
vt 0 0
vt 0 0
vt 0 0
vt 0 0
vt 0 0
vt 0 0
vt 0 0
vt 0 0
vt 0 0
vt 0 0
vt 0 0
vt 0 0
vt 0 0
vt 0 0
vt 0 0
vt 0 0
vt 0 0
vt 0 0
vt 0 0
vt 0 0
vt 0 0
vt 0 0
vt 0 0
vt 0 0
vt 0 0
vt 0 0
vt 0 0
vt 0 0
vt 0 0
vt 0 0
vt 0 0
vt 0 0
vt 0 0
vt 0 0
vt 0 0
vt 0 0
vt 0 0
vt 0 0
vt 0 0
vt 0 0
vt 0 0
vt 0 0
vt 0 0
vt 0 0
vt 0 0
vt 0 0
vt 0 0
vt 0 0
vt 0 0
vt 0 0
vt 0 0
vt 0 0
vt 0 0
vt 0 0
vt 0 0
vt 0 0
vt 0 0
vt 0 0
vt 0 0
vt 0 0
vt 0 0
vt 0 0
vt 0 0
vt 0 0
vt 0 0
vt 0 0
vt 0 0
vt 0 0
vt 0 0
vt 0 0
vt 0 0
vt 0 0
vt 0 0
vt 0 0
vt 0 0
vt 0 0
vt 0 0
vt 0 0
vt 0 0
vt 0 0
vt 0 0
vt 0 0
vt 0 0
vt 0 0
vt 0 0
vt 0 0
vt 0 0
vt 0 0
vt 0 0
vt 0 0
vt 0 0
vt 0 0
vt 0 0
vt 0 0
vt 0 0
vt 0 0
vt 0 0
vt 0 0
vt 0 0
vt 0 0
vt 0 0
vt 0 0
vt 0 0
vt 0 0
vt 0 0
vt 0 0
vt 0 0
vt 0 0
vt 0 0
vt 0 0
vt 0 0
vt 0 0
vt 0 0
vt 0 0
vt 0 0
vt 0 0
vt 0 0
vt 0 0
vt 0 0
vt 0 0
vt 0 0
vt 0 0
vt 0 0
vt 0 0
vt 0 0
vt 0 0
vt 0 0
vt 0 0
vt 0 0
vt 0 0
vt 0 0
vt 0 0
vt 0 0
vt 0 0
vt 0 0
vt 0 0
vt 0 0
vt 0 0
vt 0 0
vt 0 0
vt 0 0
vt 0 0
vt 0 0
vt 0 0
vt 0 0
vt 0 0
vt 0 0
vt 0 0
vt 0 0
vt 0 0
vt 0 0
vt 0 0
vt 0 0
vt 0 0
vt 0 0
vt 0 0
vt 0 0
vt 0 0
vt 0 0
vt 0 0
vt 0 0
vt 0 0
vt 0 0
vt 0 0
vt 0 0
vt 0 0
vt 0 0
vt 0 0
vt 0 0
vt 0 0
vt 0 0
vt 0 0
vt 0 0
vt 0 0
vt 0 0
vt 0 0
vt 0 0
vt 0 0
vt 0 0
vt 0 0
vt 0 0
vt 0 0
vt 0 0
vt 0 0
vt 0 0
vt 0 0
vt 0 0
vt 0 0
vt 0 0
vt 0 0
vt 0 0
vt 0 0
vt 0 0
vt 0 0
vt 0 0
vt 0 0
vt 0 0
vt 0 0
vt 0 0
vt 0 0
vt 0 0
vt 0 0
vt 0 0
vt 0 0
vt 0 0
vt 0 0
vt 0 0
vt 0 0
vt 0 0
vt 0 0
vt 0 0
vt 0 0
vt 0 0
vt 0 0
vt 0 0
vt 0 0
vt 0 0
vt 0 0
vt 0 0
vt 0 0
vt 0 0
vt 0 0
vt 0 0
vt 0 0
vt 0 0
vt 0 0
vt 0 0
vt 0 0
vt 0 0
vt 0 0
vt 0 0
vt 0 0
vt 0 0
vt 0 0
vt 0 0
vt 0 0
vt 0 0
vt 0 0
vt 0 0
vt 0 0
vt 0 0
vt 0 0
vt 0 0
vt 0 0
vt 0 0
vt 0 0
vt 0 0
vt 0 0
vt 0 0
vt 0 0
vt 0 0
vt 0 0
vt 0 0
vt 0 0
vt 0 0
vt 0 0
vt 0 0
vt 0 0
vt 0 0
vt 0 0
vt 0 0
vt 0 0
vt 0 0
vt 0 0
vt 0 0
vt 0 0
vt 0 0
vt 0 0
vt 0 0
vt 0 0
vt 0 0
vt 0 0
vt 0 0
vt 0 0
vt 0 0
vt 0 0
vt 0 0
vt 0 0
vt 0 0
vt 0 0
vt 0 0
vt 0 0
vt 0 0
vt 0 0
vt 0 0
vt 0 0
vt 0 0
vt 0 0
vt 0 0
vt 0 0
vt 0 0
vt 0 0
vt 0 0
vt 0 0
vt 0 0
vt 0 0
vt 0 0
vt 0 0
vt 0 0
vt 0 0
vt 0 0
vt 0 0
vt 0 0
vt 0 0
vt 0 0
vt 0 0
vt 0 0
vt 0 0
vt 0 0
vt 0 0
vt 0 0
vt 0 0
vt 0 0
vt 0 0
vt 0 0
vt 0 0
vt 0 0
vt 0 0
vt 0 0
vt 0 0
vt 0 0
vt 0 0
vt 0 0
vt 0 0
vt 0 0
vt 0 0
vt 0 0
vt 0 0
vt 0 0
vt 0 0
vt 0 0
vt 0 0
vt 0 0
vt 0 0
vt 0 0
vt 0 0
vt 0 0
vt 0 0
vt 0 0
vt 0 0
vt 0 0
vt 0 0
vt 0 0
vt 0 0
vt 0 0
vt 0 0
vt 0 0
vt 0 0
vt 0 0
vt 0 0
vt 0 0
vt 0 0
vt 0 0
vt 0 0
vt 0 0
vt 0 0
vt 0 0
vt 0 0
vt 0 0
vt 0 0
vt 0 0
vt 0 0
vt 0 0
vt 0 0
vt 0 0
vt 0 0
vt 0 0
vt 0 0
vt 0 0
vt 0 0
vt 0 0
vt 0 0
vt 0 0
vt 0 0
vt 0 0
vt 0 0
vt 0 0
vt 0 0
vt 0 0
vt 0 0
vt 0 0
vt 0 0
vt 0 0
vt 0 0
vt 0 0
vt 0 0
vt 0 0
vt 0 0
vt 0 0
vt 0 0
vt 0 0
vt 0 0
vt 0 0
vt 0 0
vt 0 0
vt 0 0
vt 0 0
vt 0 0
vt 0 0
vt 0 0
vt 0 0
vt 0 0
vt 0 0
vt 0 0
vt 0 0
vt 0 0
vt 0 0
vt 0 0
vt 0 0
vt 0 0
vt 0 0
vt 0 0
vt 0 0
vt 0 0
vt 0 0
vt 0 0
vt 0 0
vt 0 0
vt 0 0
vt 0 0
vt 0 0
vt 0 0
vt 0 0
vt 0 0
vt 0 0
vt 0 0
vt 0 0
vt 0 0
vt 0 0
vt 0 0
vt 0 0
vt 0 0
vt 0 0
vt 0 0
vt 0 0
vt 0 0
vt 0 0
vt 0 0
vt 0 0
vt 0 0
vt 0 0
vt 0 0
vt 0 0
vt 0 0
vt 0 0
vt 0 0
vt 0 0
vt 0 0
vt 0 0
vt 0 0
vt 0 0
vt 0 0
vt 0 0
vt 0 0
vt 0 0
vt 0 0
vt 0 0
vt 0 0
vt 0 0
vt 0 0
vt 0 0
vt 0 0
vt 0 0
vt 0 0
vt 0 0
vt 0 0
vt 0 0
vt 0 0
vt 0 0
vt 0 0
vt 0 0
vt 0 0
vt 0 0
vt 0 0
vt 0 0
vt 0 0
vt 0 0
vt 0 0
vt 0 0
vt 0 0
vt 0 0
vt 0 0
vt 0 0
vt 0 0
vt 0 0
vt 0 0
vt 0 0
vt 0 0
vt 0 0
vt 0 0
vt 0 0
vt 0 0
vt 0 0
vt 0 0
vt 0 0
vt 0 0
vt 0 0
vt 0 0
vt 0 0
vt 0 0
vt 0 0
vt 0 0
vt 0 0
vt 0 0
vt 0 0
vt 0 0
vt 0 0
vt 0 0
vt 0 0
vt 0 0
vt 0 0
vt 0 0
vt 0 0
vt 0 0
vt 0 0
vt 0 0
vt 0 0
vt 0 0
vt 0 0
vt 0 0
vt 0 0
vt 0 0
vt 0 0
vt 0 0
vt 0 0
vt 0 0
vt 0 0
vt 0 0
vt 0 0
vt 0 0
vt 0 0
vt 0 0
vt 0 0
vt 0 0
vt 0 0
vt 0 0
vt 0 0
vt 0 0
vt 0 0
vt 0 0
vt 0 0
vt 0 0
vt 0 0
vt 0 0
vt 0 0
vt 0 0
vt 0 0
vt 0 0
vt 0 0
vt 0 0
vt 0 0
vt 0 0
vt 0 0
vt 0 0
vt 0 0
vt 0 0
vt 0 0
vt 0 0
vt 0 0
vt 0 0
vt 0 0
vt 0 0
vt 0 0
vt 0 0
vt 0 0
vt 0 0
vt 0 0
vt 0 0
vt 0 0
vt 0 0
vt 0 0
vt 0 0
vt 0 0
vt 0 0
vt 0 0
vt 0 0
vt 0 0
vt 0 0
vt 0 0
vt 0 0
vt 0 0
vt 0 0
vt 0 0
vt 0 0
vt 0 0
vt 0 0
vt 0 0
vt 0 0
vt 0 0
vt 0 0
vt 0 0
vt 0 0
vt 0 0
vt 0 0
vt 0 0
vt 0 0
vt 0 0
vt 0 0
vt 0 0
vt 0 0
vt 0 0
vt 0 0
vt 0 0
vt 0 0
vt 0 0
vt 0 0
vt 0 0
vt 0 0
vt 0 0
vt 0 0
vt 0 0
vt 0 0
vt 0 0
vt 0 0
vt 0 0
vt 0 0
vt 0 0
vt 0 0
vt 0 0
vt 0 0
vt 0 0
vt 0 0
vt 0 0
vt 0 0
vt 0 0
vt 0 0
vt 0 0
vt 0 0
vt 0 0
vt 0 0
vt 0 0
vt 0 0
vt 0 0
vt 0 0
vt 0 0
vt 0 0
vt 0 0
vt 0 0
vt 0 0
vt 0 0
vt 0 0
vt 0 0
vt 0 0
vt 0 0
vt 0 0
vt 0 0
vt 0 0
vt 0 0
vt 0 0
vt 0 0
vt 0 0
vt 0 0
vt 0 0
vt 0 0
vt 0 0
vt 0 0
vt 0 0
vt 0 0
vt 0 0
vt 0 0
vt 0 0
vt 0 0
vt 0 0
vt 0 0
vt 0 0
vt 0 0
vt 0 0
vt 0 0
vt 0 0
vt 0 0
vt 0 0
vt 0 0
vt 0 0
vt 0 0
vt 0 0
vt 0 0
vt 0 0
vt 0 0
vt 0 0
vt 0 0
vt 0 0
vt 0 0
vt 0 0
vt 0 0
vt 0 0
vt 0 0
vt 0 0
vt 0 0
vt 0 0
vt 0 0
vt 0 0
vt 0 0
vt 0 0
vt 0 0
vt 0 0
vt 0 0
vt 0 0
vt 0 0
vt 0 0
vt 0 0
vt 0 0
vt 0 0
vt 0 0
vt 0 0
vt 0 0
vt 0 0
vt 0 0
vt 0 0
vt 0 0
vt 0 0
vt 0 0
vt 0 0
vt 0 0
vt 0 0
vt 0 0
vt 0 0
vt 0 0
vt 0 0
vt 0 0
vt 0 0
vt 0 0
vt 0 0
vt 0 0
vt 0 0
vt 0 0
vt 0 0
vt 0 0
vt 0 0
vt 0 0
vt 0 0
vt 0 0
vt 0 0
vt 0 0
vt 0 0
vt 0 0
vt 0 0
vt 0 0
vt 0 0
vt 0 0
vt 0 0
vt 0 0
vt 0 0
vt 0 0
vt 0 0
vt 0 0
vt 0 0
vt 0 0
vt 0 0
vt 0 0
vt 0 0
vt 0 0
vt 0 0
vt 0 0
vt 0 0
vt 0 0
vt 0 0
vt 0 0
vt 0 0
vt 0 0
vt 0 0
vt 0 0
vt 0 0
vt 0 0
vt 0 0
vt 0 0
vt 0 0
vt 0 0
vt 0 0
vt 0 0
vt 0 0
vt 0 0
vt 0 0
vt 0 0
vt 0 0
vt 0 0
vt 0 0
vt 0 0
vt 0 0
vt 0 0
vt 0 0
vt 0 0
vt 0 0
vt 0 0
vt 0 0
vt 0 0
vt 0 0
vt 0 0
vt 0 0
vt 0 0
vt 0 0
vt 0 0
vt 0 0
vt 0 0
vt 0 0
vt 0 0
vt 0 0
vt 0 0
vt 0 0
vt 0 0
vt 0 0
vt 0 0
vt 0 0
vt 0 0
vt 0 0
vt 0 0
vt 0 0
vt 0 0
vt 0 0
vt 0 0
vt 0 0
vt 0 0
vt 0 0
vt 0 0
vt 0 0
vt 0 0
vt 0 0
vt 0 0
vt 0 0
vt 0 0
vt 0 0
vt 0 0
vt 0 0
vt 0 0
vt 0 0
vt 0 0
vt 0 0
vt 0 0
vt 0 0
vt 0 0
vt 0 0
vt 0 0
vt 0 0
vt 0 0
vt 0 0
vt 0 0
vt 0 0
vt 0 0
vt 0 0
vt 0 0
vt 0 0
vt 0 0
vt 0 0
vt 0 0
vt 0 0
vt 0 0
vt 0 0
vt 0 0
vt 0 0
vt 0 0
vt 0 0
vt 0 0
vt 0 0
vt 0 0
vt 0 0
vt 0 0
vt 0 0
vt 0 0
vt 0 0
vt 0 0
vt 0 0
vt 0 0
vt 0 0
vt 0 0
vt 0 0
vt 0 0
vt 0 0
vt 0 0
vt 0 0
vt 0 0
vt 0 0
vt 0 0
vt 0 0
vt 0 0
vt 0 0
vt 0 0
vt 0 0
vt 0 0
vt 0 0
vt 0 0
vt 0 0
vt 0 0
vt 0 0
vt 0 0
vt 0 0
vt 0 0
vt 0 0
vt 0 0
vt 0 0
vt 0 0
vt 0 0
vt 0 0
vt 0 0
vt 0 0
vt 0 0
vt 0 0
vt 0 0
vt 0 0
vt 0 0
vt 0 0
vt 0 0
vt 0 0
vt 0 0
vt 0 0
vt 0 0
vt 0 0
vt 0 0
vt 0 0
vt 0 0
vt 0 0
vt 0 0
vt 0 0
vt 0 0
vt 0 0
vt 0 0
vt 0 0
vt 0 0
vt 0 0
vt 0 0
vt 0 0
vt 0 0
vt 0 0
vt 0 0
vt 0 0
vt 0 0
vt 0 0
vt 0 0
vt 0 0
vt 0 0
vt 0 0
vt 0 0
vt 0 0
vt 0 0
vt 0 0
vt 0 0
vt 0 0
vt 0 0
vt 0 0
vt 0 0
vt 0 0
vt 0 0
vt 0 0
vt 0 0
vt 0 0
vt 0 0
vt 0 0
vt 0 0
vt 0 0
vt 0 0
vt 0 0
vt 0 0
vt 0 0
vt 0 0
vt 0 0
vt 0 0
vt 0 0
vt 0 0
vt 0 0
vt 0 0
vt 0 0
vt 0 0
vt 0 0
vt 0 0
vt 0 0
vt 0 0
vt 0 0
vt 0 0
vt 0 0
vt 0 0
vt 0 0
vt 0 0
vt 0 0
vt 0 0
vt 0 0
vt 0 0
vt 0 0
vt 0 0
vt 0 0
vt 0 0
vt 0 0
vt 0 0
vt 0 0
vt 0 0
vt 0 0
vt 0 0
vt 0 0
vt 0 0
vt 0 0
vt 0 0
vt 0 0
vt 0 0
vt 0 0
vt 0 0
vt 0 0
vt 0 0
vt 0 0
vt 0 0
vt 0 0
vt 0 0
vt 0 0
vt 0 0
vt 0 0
vt 0 0
vt 0 0
vt 0 0
vt 0 0
vt 0 0
vt 0 0
vt 0 0
vt 0 0
vt 0 0
vt 0 0
vt 0 0
vt 0 0
vt 0 0
vt 0 0
vt 0 0
vt 0 0
vt 0 0
vt 0 0
vt 0 0
vt 0 0
vt 0 0
vt 0 0
vt 0 0
vt 0 0
vt 0 0
vt 0 0
vt 0 0
vt 0 0
vt 0 0
vt 0 0
vt 0 0
vt 0 0
vt 0 0
vt 0 0
vt 0 0
vt 0 0
vt 0 0
vt 0 0
vt 0 0
vt 0 0
vt 0 0
vt 0 0
vt 0 0
vt 0 0
vt 0 0
vt 0 0
vt 0 0
vt 0 0
vt 0 0
vt 0 0
vt 0 0
vt 0 0
vt 0 0
vt 0 0
vt 0 0
vt 0 0
vt 0 0
vt 0 0
vt 0 0
vt 0 0
vt 0 0
vt 0 0
vt 0 0
vt 0 0
vt 0 0
vt 0 0
vt 0 0
vt 0 0
vt 0 0
vt 0 0
vt 0 0
vt 0 0
vt 0 0
vt 0 0
vt 0 0
vt 0 0
vt 0 0
vt 0 0
vt 0 0
vt 0 0
vt 0 0
vt 0 0
vt 0 0
vt 0 0
vt 0 0
vt 0 0
vt 0 0
vt 0 0
vt 0 0
vt 0 0
vt 0 0
vt 0 0
vt 0 0
vt 0 0
vt 0 0
vt 0 0
vt 0 0
vt 0 0
vt 0 0
vt 0 0
vt 0 0
vt 0 0
vt 0 0
vt 0 0
vt 0 0
vt 0 0
vt 0 0
vt 0 0
vt 0 0
vt 0 0
vt 0 0
vt 0 0
vt 0 0
vt 0 0
vt 0 0
vt 0 0
vt 0 0
vt 0 0
vt 0 0
vt 0 0
vt 0 0
vt 0 0
vt 0 0
vt 0 0
vt 0 0
vt 0 0
vt 0 0
vt 0 0
vt 0 0
vt 0 0
vt 0 0
vt 0 0
vt 0 0
vt 0 0
vt 0 0
vt 0 0
vt 0 0
vt 0 0
vt 0 0
vt 0 0
vt 0 0
vt 0 0
vt 0 0
vt 0 0
vt 0 0
vt 0 0
vt 0 0
vt 0 0
vt 0 0
vt 0 0
vt 0 0
vt 0 0
vt 0 0
vt 0 0
vt 0 0
vt 0 0
vt 0 0
vt 0 0
vt 0 0
vt 0 0
vt 0 0
vt 0 0
vt 0 0
vt 0 0
vt 0 0
vt 0 0
vt 0 0
vt 0 0
vt 0 0
vt 0 0
vt 0 0
vt 0 0
vt 0 0
vt 0 0
vt 0 0
vt 0 0
vt 0 0
vt 0 0
vt 0 0
vt 0 0
vt 0 0
vt 0 0
vt 0 0
vt 0 0
vt 0 0
vt 0 0
vt 0 0
vt 0 0
vt 0 0
vt 0 0
vt 0 0
vt 0 0
vt 0 0
vt 0 0
vt 0 0
vt 0 0
vt 0 0
vt 0 0
vt 0 0
vt 0 0
vt 0 0
vt 0 0
vt 0 0
vt 0 0
vt 0 0
vt 0 0
vt 0 0
vt 0 0
vt 0 0
vt 0 0
vt 0 0
vt 0 0
vt 0 0
vt 0 0
vt 0 0
vt 0 0
vt 0 0
vt 0 0
vt 0 0
vt 0 0
vt 0 0
vt 0 0
vt 0 0
vt 0 0
vt 0 0
vt 0 0
vt 0 0
vt 0 0
vt 0 0
vt 0 0
vt 0 0
vt 0 0
vt 0 0
vt 0 0
vt 0 0
vt 0 0
vt 0 0
vt 0 0
vt 0 0
vt 0 0
vt 0 0
vt 0 0
vt 0 0
vt 0 0
vt 0 0
vt 0 0
vt 0 0
vt 0 0
vt 0 0
vt 0 0
vt 0 0
vt 0 0
vt 0 0
vt 0 0
vt 0 0
vt 0 0
vt 0 0
vt 0 0
vt 0 0
vt 0 0
vt 0 0
vt 0 0
vt 0 0
vt 0 0
vt 0 0
vt 0 0
vt 0 0
vt 0 0
vt 0 0
vt 0 0
vt 0 0
vt 0 0
vt 0 0
vt 0 0
vt 0 0
vt 0 0
vt 0 0
vt 0 0
vt 0 0
vt 0 0
vt 0 0
vt 0 0
vt 0 0
vt 0 0
vt 0 0
vt 0 0
vt 0 0
vt 0 0
vt 0 0
vt 0 0
vt 0 0
vt 0 0
vt 0 0
vt 0 0
vt 0 0
vt 0 0
vt 0 0
vt 0 0
vt 0 0
vt 0 0
vt 0 0
vt 0 0
vt 0 0
vt 0 0
vt 0 0
vt 0 0
vt 0 0
vt 0 0
vt 0 0
vt 0 0
vt 0 0
vt 0 0
vt 0 0
vt 0 0
vt 0 0
vt 0 0
vt 0 0
vt 0 0
vt 0 0
vt 0 0
vt 0 0
vt 0 0
vt 0 0
vt 0 0
vt 0 0
vt 0 0
vt 0 0
vt 0 0
vt 0 0
vt 0 0
vt 0 0
vt 0 0
vt 0 0
vt 0 0
vt 0 0
vt 0 0
vt 0 0
vt 0 0
vt 0 0
vt 0 0
vt 0 0
vt 0 0
vt 0 0
vt 0 0
vt 0 0
vt 0 0
vt 0 0
vt 0 0
vt 0 0
vt 0 0
vt 0 0
vt 0 0
vt 0 0
vt 0 0
vt 0 0
vt 0 0
vt 0 0
vt 0 0
vt 0 0
vt 0 0
vt 0 0
vt 0 0
vt 0 0
vt 0 0
vt 0 0
vt 0 0
vt 0 0
vt 0 0
vt 0 0
vt 0 0
vt 0 0
vt 0 0
vt 0 0
vt 0 0
vt 0 0
vt 0 0
vt 0 0
vt 0 0
vt 0 0
vt 0 0
vt 0 0
vt 0 0
vt 0 0
vt 0 0
vt 0 0
vt 0 0
vt 0 0
vt 0 0
vt 0 0
vt 0 0
vt 0 0
vt 0 0
vt 0 0
vt 0 0
vt 0 0
vt 0 0
vt 0 0
vt 0 0
vt 0 0
vt 0 0
vt 0 0
vt 0 0
vt 0 0
vt 0 0
vt 0 0
vt 0 0
vt 0 0
vt 0 0
vt 0 0
vt 0 0
vt 0 0
vt 0 0
vt 0 0
vt 0 0
vt 0 0
vt 0 0
vt 0 0
vt 0 0
vt 0 0
vt 0 0
vt 0 0
vt 0 0
vt 0 0
vt 0 0
vt 0 0
vt 0 0
vt 0 0
vt 0 0
vt 0 0
vt 0 0
vt 0 0
vt 0 0
vt 0 0
vt 0 0
vt 0 0
vt 0 0
vt 0 0
vt 0 0
vt 0 0
vt 0 0
vt 0 0
vt 0 0
vt 0 0
vt 0 0
vt 0 0
vt 0 0
vt 0 0
vt 0 0
vt 0 0
vt 0 0
vt 0 0
vt 0 0
vt 0 0
vt 0 0
vt 0 0
vt 0 0
vt 0 0
vt 0 0
vt 0 0
vt 0 0
vt 0 0
vt 0 0
vt 0 0
vt 0 0
vt 0 0
vt 0 0
vt 0 0
vt 0 0
vt 0 0
vt 0 0
vt 0 0
vt 0 0
vt 0 0
vt 0 0
vt 0 0
vt 0 0
vt 0 0
vt 0 0
vt 0 0
vt 0 0
vt 0 0
vt 0 0
vt 0 0
vt 0 0
vt 0 0
vt 0 0
vt 0 0
vt 0 0
vt 0 0
vt 0 0
vt 0 0
vt 0 0
vt 0 0
vt 0 0
vt 0 0
vt 0 0
vt 0 0
vt 0 0
vt 0 0
vt 0 0
vt 0 0
vt 0 0
vt 0 0
vt 0 0
vt 0 0
vt 0 0
vt 0 0
vt 0 0
vt 0 0
vt 0 0
vt 0 0
vt 0 0
vt 0 0
vt 0 0
vt 0 0
vt 0 0
vt 0 0
vt 0 0
vt 0 0
vt 0 0
vt 0 0
vt 0 0
vt 0 0
vt 0 0
vt 0 0
vt 0 0
vt 0 0
vt 0 0
vt 0 0
vt 0 0
vt 0 0
vt 0 0
vt 0 0
vt 0 0
vt 0 0
vt 0 0
vt 0 0
vt 0 0
vt 0 0
vt 0 0
vt 0 0
vt 0 0
vt 0 0
vt 0 0
vt 0 0
vt 0 0
vt 0 0
vt 0 0
vt 0 0
vt 0 0
vt 0 0
vt 0 0
vt 0 0
vt 0 0
vt 0 0
vt 0 0
vt 0 0
vt 0 0
vt 0 0
vt 0 0
vt 0 0
vt 0 0
vt 0 0
vt 0 0
vt 0 0
vt 0 0
vt 0 0
vt 0 0
vt 0 0
vt 0 0
vt 0 0
vt 0 0
vt 0 0
vt 0 0
vt 0 0
vt 0 0
vt 0 0
vt 0 0
vt 0 0
vt 0 0
vt 0 0
vt 0 0
vt 0 0
vt 0 0
vt 0 0
vt 0 0
vt 0 0
vt 0 0
vt 0 0
vt 0 0
vt 0 0
vt 0 0
vt 0 0
vt 0 0
vt 0 0
vt 0 0
vt 0 0
vt 0 0
vt 0 0
vt 0 0
vt 0 0
vt 0 0
vt 0 0
vt 0 0
vt 0 0
vt 0 0
vt 0 0
vt 0 0
vt 0 0
vt 0 0
vt 0 0
vt 0 0
vt 0 0
vt 0 0
vt 0 0
vt 0 0
vt 0 0
vt 0 0
vt 0 0
vt 0 0
vt 0 0
vt 0 0
vt 0 0
vt 0 0
vt 0 0
vt 0 0
vt 0 0
vt 0 0
vt 0 0
vt 0 0
vt 0 0
vt 0 0
vt 0 0
vt 0 0
vt 0 0
vt 0 0
vt 0 0
vt 0 0
vt 0 0
vt 0 0
vt 0 0
vt 0 0
vt 0 0
vt 0 0
vt 0 0
vt 0 0
vt 0 0
vt 0 0
vt 0 0
vt 0 0
vt 0 0
vt 0 0
vt 0 0
vt 0 0
vt 0 0
vt 0 0
vt 0 0
vt 0 0
vt 0 0
vt 0 0
vt 0 0
vt 0 0
vt 0 0
vt 0 0
vt 0 0
vt 0 0
vt 0 0
vt 0 0
vt 0 0
vt 0 0
vt 0 0
vt 0 0
vt 0 0
vt 0 0
vt 0 0
vt 0 0
vt 0 0
vt 0 0
vt 0 0
vt 0 0
vt 0 0
vt 0 0
vt 0 0
vt 0 0
vt 0 0
vt 0 0
vt 0 0
vt 0 0
vt 0 0
vt 0 0
vt 0 0
vt 0 0
vt 0 0
vt 0 0
vt 0 0
vt 0 0
vt 0 0
vt 0 0
vt 0 0
vt 0 0
vt 0 0
vt 0 0
vt 0 0
vt 0 0
vt 0 0
vt 0 0
vt 0 0
vt 0 0
vt 0 0
vt 0 0
vt 0 0
vt 0 0
vt 0 0
vt 0 0
vt 0 0
vt 0 0
vt 0 0
vt 0 0
vt 0 0
vt 0 0
vt 0 0
vt 0 0
vt 0 0
vt 0 0
vt 0 0
vt 0 0
vt 0 0
vt 0 0
vt 0 0
vt 0 0
vt 0 0
vt 0 0
vt 0 0
vt 0 0
vt 0 0
vt 0 0
vt 0 0
vt 0 0
vt 0 0
vt 0 0
vt 0 0
vt 0 0
vt 0 0
vt 0 0
vt 0 0
vt 0 0
vt 0 0
vt 0 0
vt 0 0
vt 0 0
vt 0 0
vt 0 0
vt 0 0
vt 0 0
vt 0 0
vt 0 0
vt 0 0
vt 0 0
vt 0 0
vt 0 0
vt 0 0
vt 0 0
vt 0 0
vt 0 0
vt 0 0
vt 0 0
vt 0 0
vt 0 0
vt 0 0
vt 0 0
vt 0 0
vt 0 0
vt 0 0
vt 0 0
vt 0 0
vt 0 0
vt 0 0
vt 0 0
vt 0 0
vt 0 0
vt 0 0
vt 0 0
vt 0 0
vt 0 0
vt 0 0
vt 0 0
vt 0 0
vt 0 0
vt 0 0
vt 0 0
vt 0 0
vt 0 0
vt 0 0
vt 0 0
vt 0 0
vt 0 0
vt 0 0
vt 0 0
vt 0 0
vt 0 0
vt 0 0
vt 0 0
vt 0 0
vt 0 0
vt 0 0
vt 0 0
vt 0 0
vt 0 0
vt 0 0
vt 0 0
vt 0 0
vt 0 0
vt 0 0
vt 0 0
vt 0 0
vt 0 0
vt 0 0
vt 0 0
vt 0 0
vt 0 0
vt 0 0
vt 0 0
vt 0 0
vt 0 0
vt 0 0
vt 0 0
vt 0 0
vt 0 0
vt 0 0
vt 0 0
vt 0 0
vt 0 0
vt 0 0
vt 0 0
vt 0 0
vt 0 0
vt 0 0
vt 0 0
vt 0 0
vt 0 0
vt 0 0
vt 0 0
vt 0 0
vt 0 0
vt 0 0
vt 0 0
vt 0 0
vt 0 0
vt 0 0
vt 0 0
vt 0 0
vt 0 0
vt 0 0
vt 0 0
vt 0 0
vt 0 0
vt 0 0
vt 0 0
vt 0 0
vt 0 0
vt 0 0
vt 0 0
vt 0 0
vt 0 0
vt 0 0
vt 0 0
vt 0 0
vt 0 0
vt 0 0
vt 0 0
vt 0 0
vt 0 0
vt 0 0
vt 0 0
vt 0 0
vt 0 0
vt 0 0
vt 0 0
vt 0 0
vt 0 0
vt 0 0
vt 0 0
vt 0 0
vt 0 0
vt 0 0
vt 0 0
vt 0 0
vt 0 0
vt 0 0
vt 0 0
vt 0 0
vt 0 0
vt 0 0
vt 0 0
vt 0 0
vt 0 0
vt 0 0
vt 0 0
vt 0 0
vt 0 0
vt 0 0
vt 0 0
vt 0 0
vt 0 0
vt 0 0
vt 0 0
vt 0 0
vt 0 0
vt 0 0
vt 0 0
vt 0 0
vt 0 0
vt 0 0
vt 0 0
vt 0 0
vt 0 0
vt 0 0
vt 0 0
vt 0 0
vt 0 0
vt 0 0
vt 0 0
vt 0 0
vt 0 0
vt 0 0
vt 0 0
vt 0 0
vt 0 0
vt 0 0
vt 0 0
vt 0 0
vt 0 0
vt 0 0
vt 0 0
vt 0 0
vt 0 0
vt 0 0
vt 0 0
vt 0 0
vt 0 0
vt 0 0
vt 0 0
vt 0 0
vt 0 0
vt 0 0
vt 0 0
vt 0 0
vt 0 0
vt 0 0
vt 0 0
vt 0 0
vt 0 0
vt 0 0
vt 0 0
vt 0 0
vt 0 0
vt 0 0
vt 0 0
vt 0 0
vt 0 0
vt 0 0
vt 0 0
vt 0 0
vt 0 0
vt 0 0
vt 0 0
vt 0 0
vt 0 0
vt 0 0
vt 0 0
vt 0 0
vt 0 0
vt 0 0
vt 0 0
vt 0 0
vt 0 0
vt 0 0
vt 0 0
vt 0 0
vt 0 0
vt 0 0
vt 0 0
vt 0 0
vt 0 0
vt 0 0
vt 0 0
vt 0 0
vt 0 0
vt 0 0
vt 0 0
vt 0 0
vt 0 0
vt 0 0
vt 0 0
vt 0 0
vt 0 0
vt 0 0
vt 0 0
vt 0 0
vt 0 0
vt 0 0
vt 0 0
vt 0 0
vt 0 0
vt 0 0
vt 0 0
vt 0 0
vt 0 0
vt 0 0
vt 0 0
vt 0 0
vt 0 0
vt 0 0
vt 0 0
vt 0 0
vt 0 0
vt 0 0
vt 0 0
vt 0 0
vt 0 0
vt 0 0
vt 0 0
vt 0 0
vt 0 0
vt 0 0
vt 0 0
vt 0 0
vt 0 0
vt 0 0
vt 0 0
vt 0 0
vt 0 0
vt 0 0
vt 0 0
vt 0 0
vt 0 0
vt 0 0
vt 0 0
vt 0 0
vt 0 0
vt 0 0
vt 0 0
vt 0 0
vt 0 0
vt 0 0
vt 0 0
vt 0 0
vt 0 0
vt 0 0
vt 0 0
vt 0 0
vt 0 0
vt 0 0
vt 0 0
vt 0 0
vt 0 0
vt 0 0
vt 0 0
vt 0 0
vt 0 0
vt 0 0
vt 0 0
vt 0 0
vt 0 0
vt 0 0
vt 0 0
vt 0 0
vt 0 0
vt 0 0
vt 0 0
vt 0 0
vt 0 0
vt 0 0
vt 0 0
vt 0 0
vt 0 0
vt 0 0
vt 0 0
vt 0 0
vt 0 0
vt 0 0
vt 0 0
vt 0 0
vt 0 0
vt 0 0
vt 0 0
vt 0 0
vt 0 0
vt 0 0
vt 0 0
vt 0 0
vt 0 0
vt 0 0
vt 0 0
vt 0 0
vt 0 0
vt 0 0
vt 0 0
vt 0 0
vt 0 0
vt 0 0
vt 0 0
vt 0 0
vt 0 0
vt 0 0
vt 0 0
vt 0 0
vt 0 0
vt 0 0
vt 0 0
vt 0 0
vt 0 0
vt 0 0
vt 0 0
vt 0 0
vt 0 0
vt 0 0
vt 0 0
vt 0 0
vt 0 0
vt 0 0
vt 0 0
vt 0 0
vt 0 0
vt 0 0
vt 0 0
vt 0 0
vt 0 0
vt 0 0
vt 0 0
vt 0 0
vt 0 0
vt 0 0
vt 0 0
vt 0 0
vt 0 0
vt 0 0
vt 0 0
vt 0 0
vt 0 0
vt 0 0
vt 0 0
vt 0 0
vt 0 0
vt 0 0
vt 0 0
vt 0 0
vt 0 0
vt 0 0
vt 0 0
vt 0 0
vt 0 0
vt 0 0
vt 0 0
vt 0 0
vt 0 0
vt 0 0
vt 0 0
vt 0 0
vt 0 0
vt 0 0
vt 0 0
vt 0 0
vt 0 0
vt 0 0
vt 0 0
vt 0 0
vt 0 0
vt 0 0
vt 0 0
vt 0 0
vt 0 0
vt 0 0
vt 0 0
vt 0 0
vt 0 0
vt 0 0
vt 0 0
vt 0 0
vt 0 0
vt 0 0
vt 0 0
vt 0 0
vt 0 0
vt 0 0
vt 0 0
vt 0 0
vt 0 0
vt 0 0
vt 0 0
vt 0 0
vt 0 0
vt 0 0
vt 0 0
vt 0 0
vt 0 0
vt 0 0
vt 0 0
vt 0 0
vt 0 0
vt 0 0
vt 0 0
vt 0 0
vt 0 0
vt 0 0
vt 0 0
vt 0 0
vt 0 0
vt 0 0
vt 0 0
vt 0 0
vt 0 0
vt 0 0
vt 0 0
vt 0 0
vt 0 0
vt 0 0
vt 0 0
vt 0 0
vt 0 0
vt 0 0
vt 0 0
vt 0 0
vt 0 0
vt 0 0
vt 0 0
vt 0 0
vt 0 0
vt 0 0
vt 0 0
vt 0 0
vt 0 0
vt 0 0
vt 0 0
vt 0 0
vt 0 0
vt 0 0
vt 0 0
vt 0 0
vt 0 0
vt 0 0
vt 0 0
vt 0 0
vt 0 0
vt 0 0
vt 0 0
vt 0 0
vt 0 0
vt 0 0
vt 0 0
vt 0 0
vt 0 0
vt 0 0
vt 0 0
vt 0 0
vt 0 0
vt 0 0
vt 0 0
vt 0 0
vt 0 0
vt 0 0
vt 0 0
vt 0 0
vt 0 0
vt 0 0
vt 0 0
vt 0 0
vt 0 0
vt 0 0
vt 0 0
vt 0 0
vt 0 0
vt 0 0
vt 0 0
vt 0 0
vt 0 0
vt 0 0
vt 0 0
vt 0 0
vt 0 0
vt 0 0
vt 0 0
vt 0 0
vt 0 0
vt 0 0
vt 0 0
vt 0 0
vt 0 0
vt 0 0
vt 0 0
vt 0 0
vt 0 0
vt 0 0
vt 0 0
vt 0 0
vt 0 0
vt 0 0
vt 0 0
vt 0 0
vt 0 0
vt 0 0
vt 0 0
vt 0 0
vt 0 0
vt 0 0
vt 0 0
vt 0 0
vt 0 0
vt 0 0
vt 0 0
vt 0 0
vt 0 0
vt 0 0
vt 0 0
vt 0 0
vt 0 0
vt 0 0
vt 0 0
vt 0 0
vt 0 0
vt 0 0
vt 0 0
vt 0 0
vt 0 0
vt 0 0
vt 0 0
vt 0 0
vt 0 0
vt 0 0
vt 0 0
vt 0 0
vt 0 0
vt 0 0
vt 0 0
vt 0 0
vt 0 0
vt 0 0
vt 0 0
vt 0 0
vt 0 0
vt 0 0
vt 0 0
vt 0 0
vt 0 0
vt 0 0
vt 0 0
vt 0 0
vt 0 0
vt 0 0
vt 0 0
vt 0 0
vt 0 0
vt 0 0
vt 0 0
vt 0 0
vt 0 0
vt 0 0
vt 0 0
vt 0 0
vt 0 0
vt 0 0
vt 0 0
vt 0 0
vt 0 0
vt 0 0
vt 0 0
vt 0 0
vt 0 0
vt 0 0
vt 0 0
vt 0 0
vt 0 0
vt 0 0
vt 0 0
vt 0 0
vt 0 0
vt 0 0
vt 0 0
vt 0 0
vt 0 0
vt 0 0
vt 0 0
vt 0 0
vt 0 0
vt 0 0
vt 0 0
vt 0 0
vt 0 0
vt 0 0
vt 0 0
vt 0 0
vt 0 0
vt 0 0
vt 0 0
vt 0 0
vt 0 0
vt 0 0
vt 0 0
vt 0 0
vt 0 0
vt 0 0
vt 0 0
vt 0 0
vt 0 0
vt 0 0
vt 0 0
vt 0 0
vt 0 0
vt 0 0
vt 0 0
vt 0 0
vt 0 0
vt 0 0
vt 0 0
vt 0 0
vt 0 0
vt 0 0
vt 0 0
vt 0 0
vt 0 0
vt 0 0
vt 0 0
vt 0 0
vt 0 0
vt 0 0
vt 0 0
vt 0 0
vt 0 0
vt 0 0
vt 0 0
vt 0 0
vt 0 0
vt 0 0
vt 0 0
vt 0 0
vt 0 0
vt 0 0
vt 0 0
vt 0 0
vt 0 0
vt 0 0
vt 0 0
vt 0 0
vt 0 0
vt 0 0
vt 0 0
vt 0 0
vt 0 0
vt 0 0
vt 0 0
vt 0 0
vt 0 0
vt 0 0
vt 0 0
vt 0 0
vt 0 0
vt 0 0
vt 0 0
vt 0 0
vt 0 0
vt 0 0
vt 0 0
vt 0 0
vt 0 0
vt 0 0
vt 0 0
vt 0 0
vt 0 0
vt 0 0
vt 0 0
vt 0 0
vt 0 0
vt 0 0
vt 0 0
vt 0 0
vt 0 0
vt 0 0
vt 0 0
vt 0 0
vt 0 0
vt 0 0
vt 0 0
vt 0 0
vt 0 0
vt 0 0
vt 0 0
vt 0 0
vt 0 0
vt 0 0
vt 0 0
vt 0 0
vt 0 0
vt 0 0
vt 0 0
vt 0 0
vt 0 0
vt 0 0
vt 0 0
vt 0 0
vt 0 0
vt 0 0
vt 0 0
vt 0 0
vt 0 0
vt 0 0
vt 0 0
vt 0 0
vt 0 0
vt 0 0
vt 0 0
vt 0 0
vt 0 0
vt 0 0
vt 0 0
vt 0 0
vt 0 0
vt 0 0
vt 0 0
vt 0 0
vt 0 0
vt 0 0
vt 0 0
vt 0 0
vt 0 0
vt 0 0
vt 0 0
vt 0 0
vt 0 0
vt 0 0
vt 0 0
vt 0 0
vt 0 0
vt 0 0
vt 0 0
vt 0 0
vt 0 0
vt 0 0
vt 0 0
vt 0 0
vt 0 0
vt 0 0
vt 0 0
vt 0 0
vt 0 0
vt 0 0
vt 0 0
vt 0 0
vt 0 0
vt 0 0
vt 0 0
vt 0 0
vt 0 0
vt 0 0
vt 0 0
vt 0 0
vt 0 0
vt 0 0
vt 0 0
vt 0 0
vt 0 0
vt 0 0
vt 0 0
vt 0 0
vt 0 0
vt 0 0
vt 0 0
vt 0 0
vt 0 0
vt 0 0
vt 0 0
vt 0 0
vt 0 0
vt 0 0
vt 0 0
vt 0 0
vt 0 0
vt 0 0
vt 0 0
vt 0 0
vt 0 0
vt 0 0
vt 0 0
vt 0 0
vt 0 0
vt 0 0
vt 0 0
vt 0 0
vt 0 0
vt 0 0
vt 0 0
vt 0 0
vt 0 0
vt 0 0
vt 0 0
vt 0 0
vt 0 0
vt 0 0
vt 0 0
vt 0 0
vt 0 0
vt 0 0
vt 0 0
vt 0 0
vt 0 0
vt 0 0
vt 0 0
vt 0 0
vt 0 0
vt 0 0
vt 0 0
vt 0 0
vt 0 0
vt 0 0
vt 0 0
vt 0 0
vt 0 0
vt 0 0
vt 0 0
vt 0 0
vt 0 0
vt 0 0
vt 0 0
vt 0 0
vt 0 0
vt 0 0
vt 0 0
vt 0 0
vt 0 0
vt 0 0
vt 0 0
vt 0 0
vt 0 0
vt 0 0
vt 0 0
vt 0 0
vt 0 0
vt 0 0
vt 0 0
vt 0 0
vt 0 0
vt 0 0
vt 0 0
vt 0 0
vt 0 0
vt 0 0
vt 0 0
vt 0 0
vt 0 0
vt 0 0
vt 0 0
vt 0 0
vt 0 0
vt 0 0
vt 0 0
vt 0 0
vt 0 0
vt 0 0
vt 0 0
vt 0 0
vt 0 0
vt 0 0
vt 0 0
vt 0 0
vt 0 0
vt 0 0
vt 0 0
vt 0 0
vt 0 0
vt 0 0
vt 0 0
vt 0 0
vt 0 0
vt 0 0
vt 0 0
vt 0 0
vt 0 0
vt 0 0
vt 0 0
vt 0 0
vt 0 0
vt 0 0
vt 0 0
vt 0 0
vt 0 0
vt 0 0
vt 0 0
vt 0 0
vt 0 0
vt 0 0
vt 0 0
vt 0 0
vt 0 0
vt 0 0
vt 0 0
vt 0 0
vt 0 0
vt 0 0
vt 0 0
vt 0 0
vt 0 0
vt 0 0
vt 0 0
vt 0 0
vt 0 0
vt 0 0
vt 0 0
vt 0 0
vt 0 0
vt 0 0
vt 0 0
vt 0 0
vt 0 0
vt 0 0
vt 0 0
vt 0 0
vt 0 0
vt 0 0
vt 0 0
vt 0 0
vt 0 0
vt 0 0
vt 0 0
vt 0 0
vt 0 0
vt 0 0
vt 0 0
vt 0 0
vt 0 0
vt 0 0
vt 0 0
vt 0 0
vt 0 0
vt 0 0
vt 0 0
vt 0 0
vt 0 0
vt 0 0
vt 0 0
vt 0 0
vt 0 0
vt 0 0
vt 0 0
vt 0 0
vt 0 0
vt 0 0
vt 0 0
vt 0 0
vt 0 0
vt 0 0
vt 0 0
vt 0 0
vt 0 0
vt 0 0
vt 0 0
vt 0 0
vt 0 0
vt 0 0
vt 0 0
vt 0 0
vt 0 0
vt 0 0
vt 0 0
vt 0 0
vt 0 0
vt 0 0
vt 0 0
vt 0 0
vt 0 0
vt 0 0
vt 0 0
vt 0 0
vt 0 0
vt 0 0
vt 0 0
vt 0 0
vt 0 0
vt 0 0
vt 0 0
vt 0 0
vt 0 0
vt 0 0
vt 0 0
vt 0 0
vt 0 0
vt 0 0
vt 0 0
vt 0 0
vt 0 0
vt 0 0
vt 0 0
vt 0 0
vt 0 0
vt 0 0
vt 0 0
vt 0 0
vt 0 0
vt 0 0
vt 0 0
vt 0 0
vt 0 0
vt 0 0
vt 0 0
vt 0 0
vt 0 0
vt 0 0
vt 0 0
vt 0 0
vt 0 0
vt 0 0
vt 0 0
vt 0 0
vt 0 0
vt 0 0
vt 0 0
vt 0 0
vt 0 0
vt 0 0
vt 0 0
vt 0 0
vt 0 0
vt 0 0
vt 0 0
vt 0 0
vt 0 0
vt 0 0
vt 0 0
vt 0 0
vt 0 0
vt 0 0
vt 0 0
vt 0 0
vt 0 0
vt 0 0
vt 0 0
vt 0 0
vt 0 0
vt 0 0
vt 0 0
vt 0 0
vt 0 0
vt 0 0
vt 0 0
vt 0 0
vt 0 0
vt 0 0
vt 0 0
vt 0 0
vt 0 0
vt 0 0
vt 0 0
vt 0 0
vt 0 0
vt 0 0
vt 0 0
vt 0 0
vt 0 0
vt 0 0
vt 0 0
vt 0 0
vt 0 0
vt 0 0
vt 0 0
vt 0 0
vt 0 0
vt 0 0
vt 0 0
vt 0 0
vt 0 0
vt 0 0
vt 0 0
vt 0 0
vt 0 0
vt 0 0
vt 0 0
vt 0 0
vt 0 0
vt 0 0
vt 0 0
vt 0 0
vt 0 0
vt 0 0
vt 0 0
vt 0 0
vt 0 0
vt 0 0
vt 0 0
vt 0 0
vt 0 0
vt 0 0
vt 0 0
vt 0 0
vt 0 0
vt 0 0
vt 0 0
vt 0 0
vt 0 0
vt 0 0
vt 0 0
vt 0 0
vt 0 0
vt 0 0
vt 0 0
vt 0 0
vt 0 0
vt 0 0
vt 0 0
vt 0 0
vt 0 0
vt 0 0
vt 0 0
vt 0 0
vt 0 0
vt 0 0
vt 0 0
vt 0 0
vt 0 0
vt 0 0
vt 0 0
vt 0 0
vt 0 0
vt 0 0
vt 0 0
vt 0 0
vt 0 0
vt 0 0
vt 0 0
vt 0 0
vt 0 0
vt 0 0
vt 0 0
vt 0 0
vt 0 0
vt 0 0
vt 0 0
vt 0 0
vt 0 0
vt 0 0
vt 0 0
vt 0 0
vt 0 0
vt 0 0
vt 0 0
vt 0 0
vt 0 0
vt 0 0
vt 0 0
vt 0 0
vt 0 0
vt 0 0
vt 0 0
vt 0 0
vt 0 0
vt 0 0
vt 0 0
vt 0 0
vt 0 0
vt 0 0
vt 0 0
vt 0 0
vt 0 0
vt 0 0
vt 0 0
vt 0 0
vt 0 0
vt 0 0
vt 0 0
vt 0 0
vt 0 0
vt 0 0
vt 0 0
vt 0 0
vt 0 0
vt 0 0
vt 0 0
vt 0 0
vt 0 0
vt 0 0
vt 0 0
vt 0 0
vt 0 0
vt 0 0
vt 0 0
vt 0 0
vt 0 0
vt 0 0
vt 0 0
vt 0 0
vt 0 0
vt 0 0
vt 0 0
vt 0 0
vt 0 0
vt 0 0
vt 0 0
vt 0 0
vt 0 0
vt 0 0
vt 0 0
vt 0 0
vt 0 0
vt 0 0
vt 0 0
vt 0 0
vt 0 0
vt 0 0
vt 0 0
vt 0 0
vt 0 0
vt 0 0
vt 0 0
vt 0 0
vt 0 0
vt 0 0
vt 0 0
vt 0 0
vt 0 0
vt 0 0
vt 0 0
vt 0 0
vt 0 0
vt 0 0
vt 0 0
vt 0 0
vt 0 0
vt 0 0
vt 0 0
vt 0 0
vt 0 0
vt 0 0
vt 0 0
vt 0 0
vt 0 0
vt 0 0
vt 0 0
vt 0 0
vt 0 0
vt 0 0
vt 0 0
vt 0 0
vt 0 0
vt 0 0
vt 0 0
vt 0 0
vt 0 0
vt 0 0
vt 0 0
vt 0 0
vt 0 0
vt 0 0
vt 0 0
vt 0 0
vt 0 0
vt 0 0
vt 0 0
vt 0 0
vt 0 0
vt 0 0
vt 0 0
vt 0 0
vt 0 0
vt 0 0
vt 0 0
vt 0 0
vt 0 0
vt 0 0
vt 0 0
vt 0 0
vt 0 0
vt 0 0
vt 0 0
vt 0 0
vt 0 0
vt 0 0
vt 0 0
vt 0 0
vt 0 0
vt 0 0
vt 0 0
vt 0 0
vt 0 0
vt 0 0
vt 0 0
vt 0 0
vt 0 0
vt 0 0
vt 0 0
vt 0 0
vt 0 0
vt 0 0
vt 0 0
vt 0 0
vt 0 0
vt 0 0
vt 0 0
vt 0 0
vt 0 0
vt 0 0
vt 0 0
vt 0 0
vt 0 0
vt 0 0
vt 0 0
vt 0 0
vt 0 0
vt 0 0
vt 0 0
vt 0 0
vt 0 0
vt 0 0
vt 0 0
vt 0 0
vt 0 0
vt 0 0
vt 0 0
vt 0 0
vt 0 0
vt 0 0
vt 0 0
vt 0 0
vt 0 0
vt 0 0
vt 0 0
vt 0 0
vt 0 0
vt 0 0
vt 0 0
vt 0 0
vt 0 0
vt 0 0
vt 0 0
vt 0 0
vt 0 0
vt 0 0
vt 0 0
vt 0 0
vt 0 0
vt 0 0
vt 0 0
vt 0 0
vt 0 0
vt 0 0
vt 0 0
vt 0 0
vt 0 0
vt 0 0
vt 0 0
vt 0 0
vt 0 0
vt 0 0
vt 0 0
vt 0 0
vt 0 0
vt 0 0
vt 0 0
vt 0 0
vt 0 0
vt 0 0
vt 0 0
vt 0 0
vt 0 0
vt 0 0
vt 0 0
vt 0 0
vt 0 0
vt 0 0
vt 0 0
vt 0 0
vt 0 0
vt 0 0
vt 0 0
vt 0 0
vt 0 0
vt 0 0
vt 0 0
vt 0 0
vt 0 0
vt 0 0
vt 0 0
vt 0 0
vt 0 0
vt 0 0
vt 0 0
vt 0 0
vt 0 0
vt 0 0
vt 0 0
vt 0 0
vt 0 0
vt 0 0
vt 0 0
vt 0 0
vt 0 0
vt 0 0
vt 0 0
vt 0 0
vt 0 0
vt 0 0
vt 0 0
vt 0 0
vt 0 0
vt 0 0
vt 0 0
vt 0 0
vt 0 0
vt 0 0
vt 0 0
vt 0 0
vt 0 0
vt 0 0
vt 0 0
vt 0 0
vt 0 0
vt 0 0
vt 0 0
vt 0 0
vt 0 0
vt 0 0
vt 0 0
vt 0 0
vt 0 0
vt 0 0
vt 0 0
vt 0 0
vt 0 0
vt 0 0
vt 0 0
vt 0 0
vt 0 0
vt 0 0
vt 0 0
vt 0 0
vt 0 0
vt 0 0
vt 0 0
vt 0 0
vt 0 0
vt 0 0
vt 0 0
vt 0 0
vt 0 0
vt 0 0
vt 0 0
vt 0 0
vt 0 0
vt 0 0
vt 0 0
vt 0 0
vt 0 0
vt 0 0
vt 0 0
vt 0 0
vt 0 0
vt 0 0
vt 0 0
vt 0 0
vt 0 0
vt 0 0
vt 0 0
vt 0 0
vt 0 0
vt 0 0
vt 0 0
vt 0 0
vt 0 0
vt 0 0
vt 0 0
vt 0 0
vt 0 0
vt 0 0
vt 0 0
vt 0 0
vt 0 0
vt 0 0
vt 0 0
vt 0 0
vt 0 0
vt 0 0
vt 0 0
vt 0 0
vt 0 0
vt 0 0
vt 0 0
vt 0 0
vt 0 0
vt 0 0
vt 0 0
vt 0 0
vt 0 0
vt 0 0
vt 0 0
vt 0 0
vt 0 0
vt 0 0
vt 0 0
vt 0 0
vt 0 0
vt 0 0
vt 0 0
vt 0 0
vt 0 0
vt 0 0
vt 0 0
vt 0 0
vt 0 0
vt 0 0
vt 0 0
vt 0 0
vt 0 0
vt 0 0
vt 0 0
vt 0 0
vt 0 0
vt 0 0
vt 0 0
vt 0 0
vt 0 0
vt 0 0
vt 0 0
vt 0 0
vt 0 0
vt 0 0
vt 0 0
vt 0 0
vt 0 0
vt 0 0
vt 0 0
vt 0 0
vt 0 0
vt 0 0
vt 0 0
vt 0 0
vt 0 0
vt 0 0
vt 0 0
vt 0 0
vt 0 0
vt 0 0
vt 0 0
vt 0 0
vt 0 0
vt 0 0
vt 0 0
vt 0 0
vt 0 0
vt 0 0
vt 0 0
vt 0 0
vt 0 0
vt 0 0
vt 0 0
vt 0 0
vt 0 0
vt 0 0
vt 0 0
vt 0 0
vt 0 0
vt 0 0
vt 0 0
vt 0 0
vt 0 0
vt 0 0
vt 0 0
vt 0 0
vt 0 0
vt 0 0
vt 0 0
vt 0 0
vt 0 0
vt 0 0
vt 0 0
vt 0 0
vt 0 0
vt 0 0
vt 0 0
vt 0 0
vt 0 0
vt 0 0
vt 0 0
vt 0 0
vt 0 0
vt 0 0
vt 0 0
vt 0 0
vt 0 0
vt 0 0
vt 0 0
vt 0 0
vt 0 0
vt 0 0
vt 0 0
vt 0 0
vt 0 0
vt 0 0
vt 0 0
vt 0 0
vt 0 0
vt 0 0
vt 0 0
vt 0 0
vt 0 0
vt 0 0
vt 0 0
vt 0 0
vt 0 0
vt 0 0
vt 0 0
vt 0 0
vt 0 0
vt 0 0
vt 0 0
vt 0 0
vt 0 0
vt 0 0
vt 0 0
vt 0 0
vt 0 0
vt 0 0
vt 0 0
vt 0 0
vt 0 0
vt 0 0
vt 0 0
vt 0 0
vt 0 0
vt 0 0
vt 0 0
vt 0 0
vt 0 0
vt 0 0
vt 0 0
vt 0 0
vt 0 0
vt 0 0
vt 0 0
vt 0 0
vt 0 0
vt 0 0
vt 0 0
vt 0 0
vt 0 0
vt 0 0
vt 0 0
vt 0 0
vt 0 0
vt 0 0
vt 0 0
vt 0 0
vt 0 0
vt 0 0
vt 0 0
vt 0 0
vt 0 0
vt 0 0
vt 0 0
vt 0 0
vt 0 0
vt 0 0
vt 0 0
vt 0 0
vt 0 0
vt 0 0
vt 0 0
vt 0 0
vt 0 0
vt 0 0
vt 0 0
vt 0 0
vt 0 0
vt 0 0
vt 0 0
vt 0 0
vt 0 0
vt 0 0
vt 0 0
vt 0 0
vt 0 0
vt 0 0
vt 0 0
vt 0 0
vt 0 0
vt 0 0
vt 0 0
vt 0 0
vt 0 0
vt 0 0
vt 0 0
vt 0 0
vt 0 0
vt 0 0
vt 0 0
vt 0 0
vt 0 0
vt 0 0
vt 0 0
vt 0 0
vt 0 0
vt 0 0
vt 0 0
vt 0 0
vt 0 0
vt 0 0
vt 0 0
vt 0 0
vt 0 0
vt 0 0
vt 0 0
vt 0 0
vt 0 0
vt 0 0
vt 0 0
vt 0 0
vt 0 0
vt 0 0
vt 0 0
vt 0 0
vt 0 0
vt 0 0
vt 0 0
vt 0 0
vt 0 0
vt 0 0
vt 0 0
vt 0 0
vt 0 0
vt 0 0
vt 0 0
vt 0 0
vt 0 0
vt 0 0
vt 0 0
vt 0 0
vt 0 0
vt 0 0
vt 0 0
vt 0 0
vt 0 0
vt 0 0
vt 0 0
vt 0 0
vt 0 0
vt 0 0
vt 0 0
vt 0 0
vt 0 0
vt 0 0
vt 0 0
vt 0 0
vt 0 0
vt 0 0
vt 0 0
vt 0 0
vt 0 0
vt 0 0
vt 0 0
vt 0 0
vt 0 0
vt 0 0
vt 0 0
vt 0 0
vt 0 0
vt 0 0
vt 0 0
vt 0 0
vt 0 0
vt 0 0
vt 0 0
vt 0 0
vt 0 0
vt 0 0
vt 0 0
vt 0 0
vt 0 0
vt 0 0
vt 0 0
vt 0 0
vt 0 0
vt 0 0
vt 0 0
vt 0 0
vt 0 0
vt 0 0
vt 0 0
vt 0 0
vt 0 0
vt 0 0
vt 0 0
vt 0 0
vt 0 0
vt 0 0
vt 0 0
vt 0 0
vt 0 0
vt 0 0
vt 0 0
vt 0 0
vt 0 0
vt 0 0
vt 0 0
vt 0 0
vt 0 0
vt 0 0
vt 0 0
vt 0 0
vt 0 0
vt 0 0
vt 0 0
vt 0 0
vt 0 0
vt 0 0
vt 0 0
vt 0 0
vt 0 0
vt 0 0
vt 0 0
vt 0 0
vt 0 0
vt 0 0
vt 0 0
vt 0 0
vt 0 0
vt 0 0
vt 0 0
vt 0 0
vt 0 0
vt 0 0
vt 0 0
vt 0 0
vt 0 0
vt 0 0
vt 0 0
vt 0 0
vt 0 0
vt 0 0
vt 0 0
vt 0 0
vt 0 0
vt 0 0
vt 0 0
vt 0 0
vt 0 0
vt 0 0
vt 0 0
vt 0 0
vt 0 0
vt 0 0
vt 0 0
vt 0 0
vt 0 0
vt 0 0
vt 0 0
vt 0 0
vt 0 0
vt 0 0
vt 0 0
vt 0 0
vt 0 0
vt 0 0
vt 0 0
vt 0 0
vt 0 0
vt 0 0
vt 0 0
vt 0 0
vt 0 0
vt 0 0
vt 0 0
vt 0 0
vt 0 0
vt 0 0
vt 0 0
vt 0 0
vt 0 0
vt 0 0
vt 0 0
vt 0 0
vt 0 0
vt 0 0
vt 0 0
vt 0 0
vt 0 0
vt 0 0
vt 0 0
vt 0 0
vt 0 0
vt 0 0
vt 0 0
vt 0 0
vt 0 0
vt 0 0
vt 0 0
vt 0 0
vt 0 0
vt 0 0
vt 0 0
vt 0 0
vt 0 0
vt 0 0
vt 0 0
vt 0 0
vt 0 0
vt 0 0
vt 0 0
vt 0 0
vt 0 0
vt 0 0
vt 0 0
vt 0 0
vt 0 0
vt 0 0
vt 0 0
vt 0 0
vt 0 0
vt 0 0
vt 0 0
vt 0 0
vt 0 0
vt 0 0
vt 0 0
vt 0 0
vt 0 0
vt 0 0
vt 0 0
vt 0 0
vt 0 0
vt 0 0
vt 0 0
vt 0 0
vt 0 0
vt 0 0
vt 0 0
vt 0 0
vt 0 0
vt 0 0
vt 0 0
vt 0 0
vt 0 0
vt 0 0
vt 0 0
vt 0 0
vt 0 0
vt 0 0
vt 0 0
vt 0 0
vt 0 0
vt 0 0
vt 0 0
vt 0 0
vt 0 0
vt 0 0
vt 0 0
vt 0 0
vt 0 0
vt 0 0
vt 0 0
vt 0 0
vt 0 0
vt 0 0
vt 0 0
vt 0 0
vt 0 0
vt 0 0
vt 0 0
vt 0 0
vt 0 0
vt 0 0
vt 0 0
vt 0 0
vt 0 0
vt 0 0
vt 0 0
vt 0 0
vt 0 0
vt 0 0
vt 0 0
vt 0 0
vt 0 0
vt 0 0
vt 0 0
vt 0 0
vt 0 0
vt 0 0
vt 0 0
vt 0 0
vt 0 0
vt 0 0
vt 0 0
vt 0 0
vt 0 0
vt 0 0
vt 0 0
vt 0 0
vt 0 0
vt 0 0
vt 0 0
vt 0 0
vt 0 0
vt 0 0
vt 0 0
vt 0 0
vt 0 0
vt 0 0
vt 0 0
vt 0 0
vt 0 0
vt 0 0
vt 0 0
vt 0 0
vt 0 0
vt 0 0
vt 0 0
vt 0 0
vt 0 0
vt 0 0
vt 0 0
vt 0 0
vt 0 0
vt 0 0
vt 0 0
vt 0 0
vt 0 0
vt 0 0
vt 0 0
vt 0 0
vt 0 0
vt 0 0
vt 0 0
vt 0 0
vt 0 0
vt 0 0
vt 0 0
vt 0 0
vt 0 0
vt 0 0
vt 0 0
vt 0 0
vt 0 0
vt 0 0
vt 0 0
vt 0 0
vt 0 0
vt 0 0
vt 0 0
vt 0 0
vt 0 0
vt 0 0
vt 0 0
vt 0 0
vt 0 0
vt 0 0
vt 0 0
vt 0 0
vt 0 0
vt 0 0
vt 0 0
vt 0 0
vt 0 0
vt 0 0
vt 0 0
vt 0 0
vt 0 0
vt 0 0
vt 0 0
vt 0 0
vt 0 0
vt 0 0
vt 0 0
vt 0 0
vt 0 0
vt 0 0
vt 0 0
vt 0 0
vt 0 0
vt 0 0
vt 0 0
vt 0 0
vt 0 0
vt 0 0
vt 0 0
vt 0 0
vt 0 0
vt 0 0
vt 0 0
vt 0 0
vt 0 0
vt 0 0
vt 0 0
vt 0 0
vt 0 0
vt 0 0
vt 0 0
vt 0 0
vt 0 0
vt 0 0
vt 0 0
vt 0 0
vt 0 0
vt 0 0
vt 0 0
vt 0 0
vt 0 0
vt 0 0
vt 0 0
vt 0 0
vt 0 0
vt 0 0
vt 0 0
vt 0 0
vt 0 0
vt 0 0
vt 0 0
vt 0 0
vt 0 0
vt 0 0
vt 0 0
vt 0 0
vt 0 0
vt 0 0
vt 0 0
vt 0 0
vt 0 0
vt 0 0
vt 0 0
vt 0 0
vt 0 0
vt 0 0
vt 0 0
vt 0 0
vt 0 0
vt 0 0
vt 0 0
vt 0 0
vt 0 0
vt 0 0
vt 0 0
vt 0 0
vt 0 0
vt 0 0
vt 0 0
vt 0 0
vt 0 0
vt 0 0
vt 0 0
vt 0 0
vt 0 0
vt 0 0
vt 0 0
vt 0 0
vt 0 0
vt 0 0
vt 0 0
vt 0 0
vt 0 0
vt 0 0
vt 0 0
vt 0 0
vt 0 0
vt 0 0
vt 0 0
vt 0 0
vt 0 0
vt 0 0
vt 0 0
vt 0 0
vt 0 0
vt 0 0
vt 0 0
vt 0 0
vt 0 0
vt 0 0
vt 0 0
vt 0 0
vt 0 0
vt 0 0
vt 0 0
vt 0 0
vt 0 0
vt 0 0
vt 0 0
vt 0 0
vt 0 0
vt 0 0
vt 0 0
vt 0 0
vt 0 0
vt 0 0
vt 0 0
vt 0 0
vt 0 0
vt 0 0
vt 0 0
vt 0 0
vt 0 0
vt 0 0
vt 0 0
vt 0 0
vt 0 0
vt 0 0
vt 0 0
vt 0 0
vt 0 0
vt 0 0
vt 0 0
vt 0 0
vt 0 0
vt 0 0
vt 0 0
vt 0 0
vt 0 0
vt 0 0
vt 0 0
vt 0 0
vt 0 0
vt 0 0
vt 0 0
vt 0 0
vt 0 0
vt 0 0
vt 0 0
vt 0 0
vt 0 0
vt 0 0
vt 0 0
vt 0 0
vt 0 0
vt 0 0
vt 0 0
vt 0 0
vt 0 0
vt 0 0
vt 0 0
vt 0 0
vt 0 0
vt 0 0
vt 0 0
vt 0 0
vt 0 0
vt 0 0
vt 0 0
vt 0 0
vt 0 0
vt 0 0
vt 0 0
vt 0 0
vt 0 0
vt 0 0
vt 0 0
vt 0 0
vt 0 0
vt 0 0
vt 0 0
vt 0 0
vt 0 0
vt 0 0
vt 0 0
vt 0 0
vt 0 0
vt 0 0
vt 0 0
vt 0 0
vt 0 0
vt 0 0
vt 0 0
vt 0 0
vt 0 0
vt 0 0
vt 0 0
vt 0 0
vt 0 0
vt 0 0
vt 0 0
vt 0 0
vt 0 0
vt 0 0
vt 0 0
vt 0 0
vt 0 0
vt 0 0
vt 0 0
vt 0 0
vt 0 0
vt 0 0
vt 0 0
vt 0 0
vt 0 0
vt 0 0
vt 0 0
vt 0 0
vt 0 0
vt 0 0
vt 0 0
vt 0 0
vt 0 0
vt 0 0
vt 0 0
vt 0 0
vt 0 0
vt 0 0
vt 0 0
vt 0 0
vt 0 0
vt 0 0
vt 0 0
vt 0 0
vt 0 0
vt 0 0
vt 0 0
vt 0 0
vt 0 0
vt 0 0
vt 0 0
vt 0 0
vt 0 0
vt 0 0
vt 0 0
vt 0 0
vt 0 0
vt 0 0
vt 0 0
vt 0 0
vt 0 0
vt 0 0
vt 0 0
vt 0 0
vt 0 0
vt 0 0
vt 0 0
vt 0 0
vt 0 0
vt 0 0
vt 0 0
vt 0 0
vt 0 0
vt 0 0
vt 0 0
vt 0 0
vt 0 0
vt 0 0
vt 0 0
vt 0 0
vt 0 0
vt 0 0
vt 0 0
vt 0 0
vt 0 0
vt 0 0
vt 0 0
vt 0 0
vt 0 0
vt 0 0
vt 0 0
vt 0 0
vt 0 0
vt 0 0
vt 0 0
vt 0 0
vt 0 0
vt 0 0
vt 0 0
vt 0 0
vt 0 0
vt 0 0
vt 0 0
vt 0 0
vt 0 0
vt 0 0
vt 0 0
vt 0 0
vt 0 0
vt 0 0
vt 0 0
vt 0 0
vt 0 0
vt 0 0
vt 0 0
vt 0 0
vt 0 0
vt 0 0
vt 0 0
vt 0 0
vt 0 0
vt 0 0
vt 0 0
vt 0 0
vt 0 0
vt 0 0
vt 0 0
vt 0 0
vt 0 0
vt 0 0
vt 0 0
vt 0 0
vt 0 0
vt 0 0
vt 0 0
vt 0 0
vt 0 0
vt 0 0
vt 0 0
vt 0 0
vt 0 0
vt 0 0
vt 0 0
vt 0 0
vt 0 0
vt 0 0
vt 0 0
vt 0 0
vt 0 0
vt 0 0
vt 0 0
vt 0 0
vt 0 0
vt 0 0
vt 0 0
vt 0 0
vt 0 0
vt 0 0
vt 0 0
vt 0 0
vt 0 0
vt 0 0
vt 0 0
vt 0 0
vt 0 0
vt 0 0
vt 0 0
vt 0 0
vt 0 0
vt 0 0
vt 0 0
vt 0 0
vt 0 0
vt 0 0
vt 0 0
vt 0 0
vt 0 0
vt 0 0
vt 0 0
vt 0 0
vt 0 0
vt 0 0
vt 0 0
vt 0 0
vt 0 0
vt 0 0
vt 0 0
vt 0 0
vt 0 0
vt 0 0
vt 0 0
vt 0 0
vt 0 0
vt 0 0
vt 0 0
vt 0 0
vt 0 0
vt 0 0
vt 0 0
vt 0 0
vt 0 0
vt 0 0
vt 0 0
vt 0 0
vt 0 0
vt 0 0
vt 0 0
vt 0 0
vt 0 0
vt 0 0
vt 0 0
vt 0 0
vt 0 0
vt 0 0
vt 0 0
vt 0 0
vt 0 0
vt 0 0
vt 0 0
vt 0 0
vt 0 0
vt 0 0
vt 0 0
vt 0 0
vt 0 0
vt 0 0
vt 0 0
vt 0 0
vt 0 0
vt 0 0
vt 0 0
vt 0 0
vt 0 0
vt 0 0
vt 0 0
vt 0 0
vt 0 0
vt 0 0
vt 0 0
vt 0 0
vt 0 0
vt 0 0
vt 0 0
vt 0 0
vt 0 0
vt 0 0
vt 0 0
vt 0 0
vt 0 0
vt 0 0
vt 0 0
vt 0 0
vt 0 0
vt 0 0
vt 0 0
vt 0 0
vt 0 0
vt 0 0
vt 0 0
vt 0 0
vt 0 0
vt 0 0
vt 0 0
vt 0 0
vt 0 0
vt 0 0
vt 0 0
vt 0 0
vt 0 0
vt 0 0
vt 0 0
vt 0 0
vt 0 0
vt 0 0
vt 0 0
vt 0 0
vt 0 0
vt 0 0
vt 0 0
vt 0 0
vt 0 0
vt 0 0
vt 0 0
vt 0 0
vt 0 0
vt 0 0
vt 0 0
vt 0 0
vt 0 0
vt 0 0
vt 0 0
vt 0 0
vt 0 0
vt 0 0
vt 0 0
vt 0 0
vt 0 0
vt 0 0
vt 0 0
vt 0 0
vt 0 0
vt 0 0
vt 0 0
vt 0 0
vt 0 0
vt 0 0
vt 0 0
vt 0 0
vt 0 0
vt 0 0
vt 0 0
vt 0 0
vt 0 0
vt 0 0
vt 0 0
vt 0 0
vt 0 0
vt 0 0
vt 0 0
vt 0 0
vt 0 0
vt 0 0
vt 0 0
vt 0 0
vt 0 0
vt 0 0
vt 0 0
vt 0 0
vt 0 0
vt 0 0
vt 0 0
vt 0 0
vt 0 0
vt 0 0
vt 0 0
vt 0 0
vt 0 0
vt 0 0
vt 0 0
vt 0 0
vt 0 0
vt 0 0
vt 0 0
vt 0 0
vt 0 0
vt 0 0
vt 0 0
vt 0 0
vt 0 0
vt 0 0
vt 0 0
vt 0 0
vt 0 0
vt 0 0
vt 0 0
vt 0 0
vt 0 0
vt 0 0
vt 0 0
vt 0 0
vt 0 0
vt 0 0
vt 0 0
vt 0 0
vt 0 0
vt 0 0
vt 0 0
vt 0 0
vt 0 0
vt 0 0
vt 0 0
vt 0 0
vt 0 0
vt 0 0
vt 0 0
vt 0 0
vt 0 0
vt 0 0
vt 0 0
vt 0 0
vt 0 0
vt 0 0
vt 0 0
vt 0 0
vt 0 0
vt 0 0
vt 0 0
vt 0 0
vt 0 0
vt 0 0
vt 0 0
vt 0 0
vt 0 0
vt 0 0
vt 0 0
vt 0 0
vt 0 0
vt 0 0
vt 0 0
vt 0 0
vt 0 0
vt 0 0
vt 0 0
vt 0 0
vt 0 0
vt 0 0
vt 0 0
vt 0 0
vt 0 0
vt 0 0
vt 0 0
vt 0 0
vt 0 0
vt 0 0
vt 0 0
vt 0 0
vt 0 0
vt 0 0
vt 0 0
vt 0 0
vt 0 0
vt 0 0
vt 0 0
vt 0 0
vt 0 0
vt 0 0
vt 0 0
vt 0 0
vt 0 0
vt 0 0
vt 0 0
vt 0 0
vt 0 0
vt 0 0
vt 0 0
vt 0 0
vt 0 0
vt 0 0
vt 0 0
vt 0 0
vt 0 0
vt 0 0
vt 0 0
vt 0 0
vt 0 0
vt 0 0
vt 0 0
vt 0 0
vt 0 0
vt 0 0
vt 0 0
vt 0 0
vt 0 0
vt 0 0
vt 0 0
vt 0 0
vt 0 0
vt 0 0
vt 0 0
vt 0 0
vt 0 0
vt 0 0
vt 0 0
vt 0 0
vt 0 0
vt 0 0
vt 0 0
vt 0 0
vt 0 0
vt 0 0
vt 0 0
vt 0 0
vt 0 0
vt 0 0
vt 0 0
vt 0 0
vt 0 0
vt 0 0
vt 0 0
vt 0 0
vt 0 0
vt 0 0
vt 0 0
vt 0 0
vt 0 0
vt 0 0
vt 0 0
vt 0 0
vt 0 0
vt 0 0
vt 0 0
vt 0 0
vt 0 0
vt 0 0
vt 0 0
vt 0 0
vt 0 0
vt 0 0
vt 0 0
vt 0 0
vt 0 0
vt 0 0
vt 0 0
vt 0 0
vt 0 0
vt 0 0
vt 0 0
vt 0 0
vt 0 0
vt 0 0
vt 0 0
vt 0 0
vt 0 0
vt 0 0
vt 0 0
vt 0 0
vt 0 0
vt 0 0
vt 0 0
vt 0 0
vt 0 0
vt 0 0
vt 0 0
vt 0 0
vt 0 0
vt 0 0
vt 0 0
vt 0 0
vt 0 0
vt 0 0
vt 0 0
vt 0 0
vt 0 0
vt 0 0
vt 0 0
vt 0 0
vt 0 0
vt 0 0
vt 0 0
vt 0 0
vt 0 0
vt 0 0
vt 0 0
vt 0 0
vt 0 0
vt 0 0
vt 0 0
vt 0 0
vt 0 0
vt 0 0
vt 0 0
vt 0 0
vt 0 0
vt 0 0
vt 0 0
vt 0 0
vt 0 0
vt 0 0
vt 0 0
vt 0 0
vt 0 0
vt 0 0
vt 0 0
vt 0 0
vt 0 0
vt 0 0
vt 0 0
vt 0 0
vt 0 0
vt 0 0
vt 0 0
vt 0 0
vt 0 0
vt 0 0
vt 0 0
vt 0 0
vt 0 0
vt 0 0
vt 0 0
vt 0 0
vt 0 0
vt 0 0
vt 0 0
vt 0 0
vt 0 0
vt 0 0
vt 0 0
vt 0 0
vt 0 0
vt 0 0
vt 0 0
vt 0 0
vt 0 0
vt 0 0
vt 0 0
vt 0 0
vt 0 0
vt 0 0
vt 0 0
vt 0 0
vt 0 0
vt 0 0
vt 0 0
vt 0 0
vt 0 0
vt 0 0
vt 0 0
vt 0 0
vt 0 0
vt 0 0
vt 0 0
vt 0 0
vt 0 0
vt 0 0
vt 0 0
vt 0 0
vt 0 0
vt 0 0
vt 0 0
vt 0 0
vt 0 0
vt 0 0
vt 0 0
vt 0 0
vt 0 0
vt 0 0
vt 0 0
vt 0 0
vt 0 0
vt 0 0
vt 0 0
vt 0 0
vt 0 0
vt 0 0
vt 0 0
vt 0 0
vt 0 0
vt 0 0
vt 0 0
vt 0 0
vt 0 0
vt 0 0
vt 0 0
vt 0 0
vt 0 0
vt 0 0
vt 0 0
vt 0 0
vt 0 0
vt 0 0
vt 0 0
vt 0 0
vt 0 0
vt 0 0
vt 0 0
vt 0 0
vt 0 0
vt 0 0
vt 0 0
vt 0 0
vt 0 0
vt 0 0
vt 0 0
vt 0 0
vt 0 0
vt 0 0
vt 0 0
vt 0 0
vt 0 0
vt 0 0
vt 0 0
vt 0 0
vt 0 0
vt 0 0
vt 0 0
vt 0 0
vt 0 0
vt 0 0
vt 0 0
vt 0 0
vt 0 0
vt 0 0
vt 0 0
vt 0 0
vt 0 0
vt 0 0
vt 0 0
vt 0 0
vt 0 0
vt 0 0
vt 0 0
vt 0 0
vt 0 0
vt 0 0
vt 0 0
vt 0 0
vt 0 0
vt 0 0
vt 0 0
vt 0 0
vt 0 0
vt 0 0
vt 0 0
vt 0 0
vt 0 0
vt 0 0
vt 0 0
vt 0 0
vt 0 0
vt 0 0
vt 0 0
vt 0 0
vt 0 0
vt 0 0
vt 0 0
vt 0 0
vt 0 0
vt 0 0
vt 0 0
vt 0 0
vt 0 0
vt 0 0
vt 0 0
vt 0 0
vt 0 0
vt 0 0
vt 0 0
vt 0 0
vt 0 0
vt 0 0
vt 0 0
vt 0 0
vt 0 0
vt 0 0
vt 0 0
vt 0 0
vt 0 0
vt 0 0
vt 0 0
vt 0 0
vt 0 0
vt 0 0
vt 0 0
vt 0 0
vt 0 0
vt 0 0
vt 0 0
vt 0 0
vt 0 0
vt 0 0
vt 0 0
vt 0 0
vt 0 0
vt 0 0
vt 0 0
vt 0 0
vt 0 0
vt 0 0
vt 0 0
vt 0 0
vt 0 0
vt 0 0
vt 0 0
vt 0 0
vt 0 0
vt 0 0
vt 0 0
vt 0 0
vt 0 0
vt 0 0
vt 0 0
vt 0 0
vt 0 0
vt 0 0
vt 0 0
vt 0 0
vt 0 0
vt 0 0
vt 0 0
vt 0 0
vt 0 0
vt 0 0
vt 0 0
vt 0 0
vt 0 0
vt 0 0
vt 0 0
vt 0 0
vt 0 0
vt 0 0
vt 0 0
vt 0 0
vt 0 0
vt 0 0
vt 0 0
vt 0 0
vt 0 0
vt 0 0
vt 0 0
vt 0 0
vt 0 0
vt 0 0
vt 0 0
vt 0 0
vt 0 0
vt 0 0
vt 0 0
vt 0 0
vt 0 0
vt 0 0
vt 0 0
vt 0 0
vt 0 0
vt 0 0
vt 0 0
vt 0 0
vt 0 0
vt 0 0
vt 0 0
vt 0 0
vt 0 0
vt 0 0
vt 0 0
vt 0 0
vt 0 0
vt 0 0
vt 0 0
vt 0 0
vt 0 0
vt 0 0
vt 0 0
vt 0 0
vt 0 0
vt 0 0
vt 0 0
vt 0 0
vt 0 0
vt 0 0
vt 0 0
vt 0 0
vt 0 0
vt 0 0
vt 0 0
vt 0 0
vt 0 0
vt 0 0
vt 0 0
vt 0 0
vt 0 0
vt 0 0
vt 0 0
vt 0 0
vt 0 0
vt 0 0
vt 0 0
vt 0 0
vt 0 0
vt 0 0
vt 0 0
vt 0 0
vt 0 0
vt 0 0
vt 0 0
vt 0 0
vt 0 0
vt 0 0
vt 0 0
vt 0 0
vt 0 0
vt 0 0
vt 0 0
vt 0 0
vt 0 0
vt 0 0
vt 0 0
vt 0 0
vt 0 0
vt 0 0
vt 0 0
vt 0 0
vt 0 0
vt 0 0
vt 0 0
vt 0 0
vt 0 0
vt 0 0
vt 0 0
vt 0 0
vt 0 0
vt 0 0
vt 0 0
vt 0 0
vt 0 0
vt 0 0
vt 0 0
vt 0 0
vt 0 0
vt 0 0
vt 0 0
vt 0 0
vt 0 0
vt 0 0
vt 0 0
vt 0 0
vt 0 0
vt 0 0
vt 0 0
vt 0 0
vt 0 0
vt 0 0
vt 0 0
vt 0 0
vt 0 0
vt 0 0
vt 0 0
vt 0 0
vt 0 0
vt 0 0
vt 0 0
vt 0 0
vt 0 0
vt 0 0
vt 0 0
vt 0 0
vt 0 0
vt 0 0
vt 0 0
vt 0 0
vt 0 0
vt 0 0
vt 0 0
vt 0 0
vt 0 0
vt 0 0
vt 0 0
vt 0 0
vt 0 0
vt 0 0
vt 0 0
vt 0 0
vt 0 0
vt 0 0
vt 0 0
vt 0 0
vt 0 0
vt 0 0
vt 0 0
vt 0 0
vt 0 0
vt 0 0
vt 0 0
vt 0 0
vt 0 0
vt 0 0
vt 0 0
vt 0 0
vt 0 0
vt 0 0
vt 0 0
vt 0 0
vt 0 0
vt 0 0
vt 0 0
vt 0 0
vt 0 0
vt 0 0
vt 0 0
vt 0 0
vt 0 0
vt 0 0
vt 0 0
vt 0 0
vt 0 0
vt 0 0
vt 0 0
vt 0 0
vt 0 0
vt 0 0
vt 0 0
vt 0 0
vt 0 0
vt 0 0
vt 0 0
vt 0 0
vt 0 0
vt 0 0
vt 0 0
vt 0 0
vt 0 0
vt 0 0
vt 0 0
vt 0 0
vt 0 0
vt 0 0
vt 0 0
vt 0 0
vt 0 0
vt 0 0
vt 0 0
vt 0 0
vt 0 0
vt 0 0
vt 0 0
vt 0 0
vt 0 0
vt 0 0
vt 0 0
vt 0 0
vt 0 0
vt 0 0
vt 0 0
vt 0 0
vt 0 0
vt 0 0
vt 0 0
vt 0 0
vt 0 0
vt 0 0
vt 0 0
vt 0 0
vt 0 0
vt 0 0
vt 0 0
vt 0 0
vt 0 0
vt 0 0
vt 0 0
vt 0 0
vt 0 0
vt 0 0
vt 0 0
vt 0 0
vt 0 0
vt 0 0
vt 0 0
vt 0 0
vt 0 0
vt 0 0
vt 0 0
vt 0 0
vt 0 0
vt 0 0
vt 0 0
vt 0 0
vt 0 0
vt 0 0
vt 0 0
vt 0 0
vt 0 0
vt 0 0
vt 0 0
vt 0 0
vt 0 0
vt 0 0
vt 0 0
vt 0 0
vt 0 0
vt 0 0
vt 0 0
vt 0 0
vt 0 0
vt 0 0
vt 0 0
vt 0 0
vt 0 0
vt 0 0
vt 0 0
vt 0 0
vt 0 0
vt 0 0
vt 0 0
vt 0 0
vt 0 0
vt 0 0
vt 0 0
vt 0 0
vt 0 0
vt 0 0
vt 0 0
vt 0 0
vt 0 0
vt 0 0
vt 0 0
vt 0 0
vt 0 0
vt 0 0
vt 0 0
vt 0 0
vt 0 0
vt 0 0
vt 0 0
vt 0 0
vt 0 0
vt 0 0
vt 0 0
vt 0 0
vt 0 0
vt 0 0
vt 0 0
vt 0 0
vt 0 0
vt 0 0
vt 0 0
vt 0 0
vt 0 0
vt 0 0
vt 0 0
vt 0 0
vt 0 0
vt 0 0
vt 0 0
vt 0 0
vt 0 0
vt 0 0
vt 0 0
vt 0 0
vt 0 0
vt 0 0
vt 0 0
vt 0 0
vt 0 0
vt 0 0
vt 0 0
vt 0 0
vt 0 0
vt 0 0
vt 0 0
vt 0 0
vt 0 0
vt 0 0
vt 0 0
vt 0 0
vt 0 0
vt 0 0
vt 0 0
vt 0 0
vt 0 0
vt 0 0
vt 0 0
vt 0 0
vt 0 0
vt 0 0
vt 0 0
vt 0 0
vt 0 0
vt 0 0
vt 0 0
vt 0 0
vt 0 0
vt 0 0
vt 0 0
vt 0 0
vt 0 0
vt 0 0
vt 0 0
vt 0 0
vt 0 0
vt 0 0
vt 0 0
vt 0 0
vt 0 0
vt 0 0
vt 0 0
vt 0 0
vt 0 0
vt 0 0
vt 0 0
vt 0 0
vt 0 0
vt 0 0
vt 0 0
vt 0 0
vt 0 0
vt 0 0
vt 0 0
vt 0 0
vt 0 0
vt 0 0
vt 0 0
vt 0 0
vt 0 0
vt 0 0
vt 0 0
vt 0 0
vt 0 0
vt 0 0
vt 0 0
vt 0 0
vt 0 0
vt 0 0
vt 0 0
vt 0 0
vt 0 0
vt 0 0
vt 0 0
vt 0 0
vt 0 0
vt 0 0
vt 0 0
vt 0 0
vt 0 0
vt 0 0
vt 0 0
vt 0 0
vt 0 0
vt 0 0
vt 0 0
vt 0 0
vt 0 0
vt 0 0
vt 0 0
vt 0 0
vt 0 0
vt 0 0
vt 0 0
vt 0 0
vt 0 0
vt 0 0
vt 0 0
vt 0 0
vt 0 0
vt 0 0
vt 0 0
vt 0 0
vt 0 0
vt 0 0
vt 0 0
vt 0 0
vt 0 0
vt 0 0
vt 0 0
vt 0 0
vt 0 0
vt 0 0
vt 0 0
vt 0 0
vt 0 0
vt 0 0
vt 0 0
vt 0 0
vt 0 0
vt 0 0
vt 0 0
vt 0 0
vt 0 0
vt 0 0
vt 0 0
vt 0 0
vt 0 0
vt 0 0
vt 0 0
vt 0 0
vt 0 0
vt 0 0
vt 0 0
vt 0 0
vt 0 0
vt 0 0
vt 0 0
vt 0 0
vt 0 0
vt 0 0
vt 0 0
vt 0 0
vt 0 0
vt 0 0
vt 0 0
vt 0 0
vt 0 0
vt 0 0
vt 0 0
vt 0 0
vt 0 0
vt 0 0
vt 0 0
vt 0 0
vt 0 0
vt 0 0
vt 0 0
vt 0 0
vt 0 0
vt 0 0
vt 0 0
vt 0 0
vt 0 0
vt 0 0
vt 0 0
vt 0 0
vt 0 0
vt 0 0
vt 0 0
vt 0 0
vt 0 0
vt 0 0
vt 0 0
vt 0 0
vt 0 0
vt 0 0
vt 0 0
vt 0 0
vt 0 0
vt 0 0
vt 0 0
vt 0 0
vt 0 0
vt 0 0
vt 0 0
vt 0 0
vt 0 0
vt 0 0
vt 0 0
vt 0 0
vt 0 0
vt 0 0
vt 0 0
vt 0 0
vt 0 0
vt 0 0
vt 0 0
vt 0 0
vt 0 0
vt 0 0
vt 0 0
vt 0 0
vt 0 0
vt 0 0
vt 0 0
vt 0 0
vt 0 0
vt 0 0
vt 0 0
vt 0 0
vt 0 0
vt 0 0
vt 0 0
vt 0 0
vt 0 0
vt 0 0
vt 0 0
vt 0 0
vt 0 0
vt 0 0
vt 0 0
vt 0 0
vt 0 0
vt 0 0
vt 0 0
vt 0 0
vt 0 0
vt 0 0
vt 0 0
vt 0 0
vt 0 0
vt 0 0
vt 0 0
vt 0 0
vt 0 0
vt 0 0
vt 0 0
vt 0 0
vt 0 0
vt 0 0
vt 0 0
vt 0 0
vt 0 0
vt 0 0
vt 0 0
vt 0 0
vt 0 0
vt 0 0
vt 0 0
vt 0 0
vt 0 0
vt 0 0
vt 0 0
vt 0 0
vt 0 0
vt 0 0
vt 0 0
vt 0 0
vt 0 0
vt 0 0
vt 0 0
vt 0 0
vt 0 0
vt 0 0
vt 0 0
vt 0 0
vt 0 0
vt 0 0
vt 0 0
vt 0 0
vt 0 0
vt 0 0
vt 0 0
vt 0 0
vt 0 0
vt 0 0
vt 0 0
vt 0 0
vt 0 0
vt 0 0
vt 0 0
vt 0 0
vt 0 0
vt 0 0
vt 0 0
vt 0 0
vt 0 0
vt 0 0
vt 0 0
vt 0 0
vt 0 0
vt 0 0
vt 0 0
vt 0 0
vt 0 0
vt 0 0
vt 0 0
vt 0 0
vt 0 0
vt 0 0
vt 0 0
vt 0 0
vt 0 0
vt 0 0
vt 0 0
vt 0 0
vt 0 0
vt 0 0
vt 0 0
vt 0 0
vt 0 0
vt 0 0
vt 0 0
vt 0 0
vt 0 0
vt 0 0
vt 0 0
vt 0 0
vt 0 0
vt 0 0
vt 0 0
vt 0 0
vt 0 0
vt 0 0
vt 0 0
vt 0 0
vt 0 0
vt 0 0
vt 0 0
vt 0 0
vt 0 0
vt 0 0
vt 0 0
vt 0 0
vt 0 0
vt 0 0
vt 0 0
vt 0 0
vt 0 0
vt 0 0
vt 0 0
vt 0 0
vt 0 0
vt 0 0
vt 0 0
vt 0 0
vt 0 0
vt 0 0
vt 0 0
vt 0 0
vt 0 0
vt 0 0
vt 0 0
vt 0 0
vt 0 0
vt 0 0
vt 0 0
vt 0 0
vt 0 0
vt 0 0
vt 0 0
vt 0 0
vt 0 0
vt 0 0
vt 0 0
vt 0 0
vt 0 0
vt 0 0
vt 0 0
vt 0 0
vt 0 0
vt 0 0
vt 0 0
vt 0 0
vt 0 0
vt 0 0
vt 0 0
vt 0 0
vt 0 0
vt 0 0
vt 0 0
vt 0 0
vt 0 0
vt 0 0
vt 0 0
vt 0 0
vt 0 0
vt 0 0
vt 0 0
vt 0 0
vt 0 0
vt 0 0
vt 0 0
vt 0 0
vt 0 0
vt 0 0
vt 0 0
vt 0 0
vt 0 0
vt 0 0
vt 0 0
vt 0 0
vt 0 0
vt 0 0
vt 0 0
vt 0 0
vt 0 0
vt 0 0
vt 0 0
vt 0 0
vt 0 0
vt 0 0
vt 0 0
vt 0 0
vt 0 0
vt 0 0
vt 0 0
vt 0 0
vt 0 0
vt 0 0
vt 0 0
vt 0 0
vt 0 0
vt 0 0
vt 0 0
vt 0 0
vt 0 0
vt 0 0
vt 0 0
vt 0 0
vt 0 0
vt 0 0
vt 0 0
vt 0 0
vt 0 0
vt 0 0
vt 0 0
vt 0 0
vt 0 0
vt 0 0
vt 0 0
vt 0 0
vt 0 0
vt 0 0
vt 0 0
vt 0 0
vt 0 0
vt 0 0
vt 0 0
vt 0 0
vt 0 0
vt 0 0
vt 0 0
vt 0 0
vt 0 0
vt 0 0
vt 0 0
vt 0 0
vt 0 0
vt 0 0
vt 0 0
vt 0 0
vt 0 0
vt 0 0
vt 0 0
vt 0 0
vt 0 0
vt 0 0
vt 0 0
vt 0 0
vt 0 0
vt 0 0
vt 0 0
vt 0 0
vt 0 0
vt 0 0
vt 0 0
vt 0 0
vt 0 0
vt 0 0
vt 0 0
vt 0 0
vt 0 0
vt 0 0
vt 0 0
vt 0 0
vt 0 0
vt 0 0
vt 0 0
vt 0 0
vt 0 0
vt 0 0
vt 0 0
vt 0 0
vt 0 0
vt 0 0
vt 0 0
vt 0 0
vt 0 0
vt 0 0
vt 0 0
vt 0 0
vt 0 0
vt 0 0
vt 0 0
vt 0 0
vt 0 0
vt 0 0
vt 0 0
vt 0 0
vt 0 0
vt 0 0
vt 0 0
vt 0 0
vt 0 0
vt 0 0
vt 0 0
vt 0 0
vt 0 0
vt 0 0
vt 0 0
vt 0 0
vt 0 0
vt 0 0
vt 0 0
vt 0 0
vt 0 0
vt 0 0
vt 0 0
vt 0 0
vt 0 0
vt 0 0
vt 0 0
vt 0 0
vt 0 0
vt 0 0
vt 0 0
vt 0 0
vt 0 0
vt 0 0
vt 0 0
vt 0 0
vt 0 0
vt 0 0
vt 0 0
vt 0 0
vt 0 0
vt 0 0
vt 0 0
vt 0 0
vt 0 0
vt 0 0
vt 0 0
vt 0 0
vt 0 0
vt 0 0
vt 0 0
vt 0 0
vt 0 0
vt 0 0
vt 0 0
vt 0 0
vt 0 0
vt 0 0
vt 0 0
vt 0 0
vt 0 0
vt 0 0
vt 0 0
vt 0 0
vt 0 0
vt 0 0
vt 0 0
vt 0 0
vt 0 0
vt 0 0
vt 0 0
vt 0 0
vt 0 0
vt 0 0
vt 0 0
vt 0 0
vt 0 0
vt 0 0
vt 0 0
vt 0 0
vt 0 0
vt 0 0
vt 0 0
vt 0 0
vt 0 0
vt 0 0
vt 0 0
vt 0 0
vt 0 0
vt 0 0
vt 0 0
vt 0 0
vt 0 0
vt 0 0
vt 0 0
vt 0 0
vt 0 0
vt 0 0
vt 0 0
vt 0 0
vt 0 0
vt 0 0
vt 0 0
vt 0 0
vt 0 0
vt 0 0
vt 0 0
vt 0 0
vt 0 0
vt 0 0
vt 0 0
vt 0 0
vt 0 0
vt 0 0
vt 0 0
vt 0 0
vt 0 0
vt 0 0
vt 0 0
vt 0 0
vt 0 0
vt 0 0
vt 0 0
vt 0 0
vt 0 0
vt 0 0
vt 0 0
vt 0 0
vt 0 0
vt 0 0
vt 0 0
vt 0 0
vt 0 0
vt 0 0
vt 0 0
vt 0 0
vt 0 0
vt 0 0
vt 0 0
vt 0 0
vt 0 0
vt 0 0
vt 0 0
vt 0 0
vt 0 0
vt 0 0
vt 0 0
vt 0 0
vt 0 0
vt 0 0
vt 0 0
vt 0 0
vt 0 0
vt 0 0
vt 0 0
vt 0 0
vt 0 0
vt 0 0
vt 0 0
vt 0 0
vt 0 0
vt 0 0
vt 0 0
vt 0 0
vt 0 0
vt 0 0
vt 0 0
vt 0 0
vt 0 0
vt 0 0
vt 0 0
vt 0 0
vt 0 0
vt 0 0
vt 0 0
vt 0 0
vt 0 0
vt 0 0
vt 0 0
vt 0 0
vt 0 0
vt 0 0
vt 0 0
vt 0 0
vt 0 0
vt 0 0
vt 0 0
vt 0 0
vt 0 0
vt 0 0
vt 0 0
vt 0 0
vt 0 0
vt 0 0
vt 0 0
vt 0 0
vt 0 0
vt 0 0
vt 0 0
vt 0 0
vt 0 0
vt 0 0
vt 0 0
vt 0 0
vt 0 0
vt 0 0
vt 0 0
vt 0 0
vt 0 0
vt 0 0
vt 0 0
vt 0 0
vt 0 0
vt 0 0
vt 0 0
vt 0 0
vt 0 0
vt 0 0
vt 0 0
vt 0 0
vt 0 0
vt 0 0
vt 0 0
vt 0 0
vt 0 0
vt 0 0
vt 0 0
vt 0 0
vt 0 0
vt 0 0
vt 0 0
vt 0 0
vt 0 0
vt 0 0
vt 0 0
vt 0 0
vt 0 0
vt 0 0
vt 0 0
vt 0 0
vt 0 0
vt 0 0
vt 0 0
vt 0 0
vt 0 0
vt 0 0
vt 0 0
vt 0 0
vt 0 0
vt 0 0
vt 0 0
vt 0 0
vt 0 0
vt 0 0
vt 0 0
vt 0 0
vt 0 0
vt 0 0
vt 0 0
vt 0 0
vt 0 0
vt 0 0
vt 0 0
vt 0 0
vt 0 0
vt 0 0
vt 0 0
vt 0 0
vt 0 0
vt 0 0
vt 0 0
vt 0 0
vt 0 0
vt 0 0
vt 0 0
vt 0 0
vt 0 0
vt 0 0
vt 0 0
vt 0 0
vt 0 0
vt 0 0
vt 0 0
vt 0 0
vt 0 0
vt 0 0
vt 0 0
vt 0 0
vt 0 0
vt 0 0
vt 0 0
vt 0 0
vt 0 0
vt 0 0
vt 0 0
vt 0 0
vt 0 0
vt 0 0
vt 0 0
vt 0 0
vt 0 0
vt 0 0
vt 0 0
vt 0 0
vt 0 0
vt 0 0
vt 0 0
vt 0 0
vt 0 0
vt 0 0
vt 0 0
vt 0 0
vt 0 0
vt 0 0
vt 0 0
vt 0 0
vt 0 0
vt 0 0
vt 0 0
vt 0 0
vt 0 0
vt 0 0
vt 0 0
vt 0 0
vt 0 0
vt 0 0
vt 0 0
vt 0 0
vt 0 0
vt 0 0
vt 0 0
vt 0 0
vt 0 0
vt 0 0
vt 0 0
vt 0 0
vt 0 0
vt 0 0
vt 0 0
vt 0 0
vt 0 0
vt 0 0
vt 0 0
vt 0 0
vt 0 0
vt 0 0
vt 0 0
vt 0 0
vt 0 0
vt 0 0
vt 0 0
vt 0 0
vt 0 0
vt 0 0
vt 0 0
vt 0 0
vt 0 0
vt 0 0
vt 0 0
vt 0 0
vt 0 0
vt 0 0
vt 0 0
vt 0 0
vt 0 0
vt 0 0
vt 0 0
vt 0 0
vt 0 0
vt 0 0
vt 0 0
vt 0 0
vt 0 0
vt 0 0
vt 0 0
vt 0 0
vt 0 0
vt 0 0
vt 0 0
vt 0 0
vt 0 0
vt 0 0
vt 0 0
vt 0 0
vt 0 0
vt 0 0
vt 0 0
vt 0 0
vt 0 0
vt 0 0
vt 0 0
vt 0 0
vt 0 0
vt 0 0
vt 0 0
vt 0 0
vt 0 0
vt 0 0
vt 0 0
vt 0 0
vt 0 0
vt 0 0
vt 0 0
vt 0 0
vt 0 0
vt 0 0
vt 0 0
vt 0 0
vt 0 0
vt 0 0
vt 0 0
vt 0 0
vt 0 0
vt 0 0
vt 0 0
vt 0 0
vt 0 0
vt 0 0
vt 0 0
vt 0 0
vt 0 0
vt 0 0
vt 0 0
vt 0 0
vt 0 0
vt 0 0
vt 0 0
vt 0 0
vt 0 0
vt 0 0
vt 0 0
vt 0 0
vt 0 0
vt 0 0
vt 0 0
vt 0 0
vt 0 0
vt 0 0
vt 0 0
vt 0 0
vt 0 0
vt 0 0
vt 0 0
vt 0 0
vt 0 0
vt 0 0
vt 0 0
vt 0 0
vt 0 0
vt 0 0
vt 0 0
vt 0 0
vt 0 0
vt 0 0
vt 0 0
vt 0 0
vt 0 0
vt 0 0
vt 0 0
vt 0 0
vt 0 0
vt 0 0
vt 0 0
vt 0 0
vt 0 0
vt 0 0
vt 0 0
vt 0 0
vt 0 0
vt 0 0
vt 0 0
vt 0 0
vt 0 0
vt 0 0
vt 0 0
vt 0 0
vt 0 0
vt 0 0
vt 0 0
vt 0 0
vt 0 0
vt 0 0
vt 0 0
vt 0 0
vt 0 0
vt 0 0
vt 0 0
vt 0 0
vt 0 0
vt 0 0
vt 0 0
vt 0 0
vt 0 0
vt 0 0
vt 0 0
vt 0 0
vt 0 0
vt 0 0
vt 0 0
vt 0 0
vt 0 0
vt 0 0
vt 0 0
vt 0 0
vt 0 0
vt 0 0
vt 0 0
vt 0 0
vt 0 0
vt 0 0
vt 0 0
vt 0 0
vt 0 0
vt 0 0
vt 0 0
vt 0 0
vt 0 0
vt 0 0
vt 0 0
vt 0 0
vt 0 0
vt 0 0
vt 0 0
vt 0 0
vt 0 0
vt 0 0
vt 0 0
vt 0 0
vt 0 0
vt 0 0
vt 0 0
vt 0 0
vt 0 0
vt 0 0
vt 0 0
vt 0 0
vt 0 0
vt 0 0
vt 0 0
vt 0 0
vt 0 0
vt 0 0
vt 0 0
vt 0 0
vt 0 0
vt 0 0
vt 0 0
vt 0 0
vt 0 0
vt 0 0
vt 0 0
vt 0 0
vt 0 0
vt 0 0
vt 0 0
vt 0 0
vt 0 0
vt 0 0
vt 0 0
vt 0 0
vt 0 0
vt 0 0
vt 0 0
vt 0 0
vt 0 0
vt 0 0
vt 0 0
vt 0 0
vt 0 0
vt 0 0
vt 0 0
vt 0 0
vt 0 0
vt 0 0
vt 0 0
vt 0 0
vt 0 0
vt 0 0
vt 0 0
vt 0 0
vt 0 0
vt 0 0
vt 0 0
vt 0 0
vt 0 0
vt 0 0
vt 0 0
vt 0 0
vt 0 0
vt 0 0
vt 0 0
vt 0 0
vt 0 0
vt 0 0
vt 0 0
vt 0 0
vt 0 0
vt 0 0
vt 0 0
vt 0 0
vt 0 0
vt 0 0
vt 0 0
vt 0 0
vt 0 0
vt 0 0
vt 0 0
vt 0 0
vt 0 0
vt 0 0
vt 0 0
vt 0 0
vt 0 0
vt 0 0
vt 0 0
vt 0 0
vt 0 0
vt 0 0
vt 0 0
vt 0 0
vt 0 0
vt 0 0
vt 0 0
vt 0 0
vt 0 0
vt 0 0
vt 0 0
vt 0 0
vt 0 0
vt 0 0
vt 0 0
vt 0 0
vt 0 0
vt 0 0
vt 0 0
vt 0 0
vt 0 0
vt 0 0
vt 0 0
vt 0 0
vt 0 0
vt 0 0
vt 0 0
vt 0 0
vt 0 0
vt 0 0
vt 0 0
vt 0 0
vt 0 0
vt 0 0
vt 0 0
vt 0 0
vt 0 0
vt 0 0
vt 0 0
vt 0 0
vt 0 0
vt 0 0
vt 0 0
vt 0 0
vt 0 0
vt 0 0
vt 0 0
vt 0 0
vt 0 0
vt 0 0
vt 0 0
vt 0 0
vt 0 0
vt 0 0
vt 0 0
vt 0 0
vt 0 0
vt 0 0
vt 0 0
vt 0 0
vt 0 0
vt 0 0
vt 0 0
vt 0 0
vt 0 0
vt 0 0
vt 0 0
vt 0 0
vt 0 0
vt 0 0
vt 0 0
vt 0 0
vt 0 0
vt 0 0
vt 0 0
vt 0 0
vt 0 0
vt 0 0
vt 0 0
vt 0 0
vt 0 0
vt 0 0
vt 0 0
vt 0 0
vt 0 0
vt 0 0
vt 0 0
vt 0 0
vt 0 0
vt 0 0
vt 0 0
vt 0 0
vt 0 0
vt 0 0
vt 0 0
vt 0 0
vt 0 0
vt 0 0
vt 0 0
vt 0 0
vt 0 0
vt 0 0
vt 0 0
vt 0 0
vt 0 0
vt 0 0
vt 0 0
vt 0 0
vt 0 0
vt 0 0
vt 0 0
vt 0 0
vt 0 0
vt 0 0
vt 0 0
vt 0 0
vt 0 0
vt 0 0
vt 0 0
vt 0 0
vt 0 0
vt 0 0
vt 0 0
vt 0 0
vt 0 0
vt 0 0
vt 0 0
vt 0 0
vt 0 0
vt 0 0
vt 0 0
vt 0 0
vt 0 0
vt 0 0
vt 0 0
vt 0 0
vt 0 0
vt 0 0
vt 0 0
vt 0 0
vt 0 0
vt 0 0
vt 0 0
vt 0 0
vt 0 0
vt 0 0
vt 0 0
vt 0 0
vt 0 0
vt 0 0
vt 0 0
vt 0 0
vt 0 0
vt 0 0
vt 0 0
vt 0 0
vt 0 0
vt 0 0
vt 0 0
vt 0 0
vt 0 0
vt 0 0
vt 0 0
vt 0 0
vt 0 0
vt 0 0
vt 0 0
vt 0 0
vt 0 0
vt 0 0
vt 0 0
vt 0 0
vt 0 0
vt 0 0
vt 0 0
vt 0 0
vt 0 0
vt 0 0
vt 0 0
vt 0 0
vt 0 0
vt 0 0
vt 0 0
vt 0 0
vt 0 0
vt 0 0
vt 0 0
vt 0 0
vt 0 0
vt 0 0
vt 0 0
vt 0 0
vt 0 0
vt 0 0
vt 0 0
vt 0 0
vt 0 0
vt 0 0
vt 0 0
vt 0 0
vt 0 0
vt 0 0
vt 0 0
vt 0 0
vt 0 0
vt 0 0
vt 0 0
vt 0 0
vt 0 0
vt 0 0
vt 0 0
vt 0 0
vt 0 0
vt 0 0
vt 0 0
vt 0 0
vt 0 0
vt 0 0
vt 0 0
vt 0 0
vt 0 0
vt 0 0
vt 0 0
vt 0 0
vt 0 0
vt 0 0
vt 0 0
vt 0 0
vt 0 0
vt 0 0
vt 0 0
vt 0 0
vt 0 0
vt 0 0
vt 0 0
vt 0 0
vt 0 0
vt 0 0
vt 0 0
vt 0 0
vt 0 0
vt 0 0
vt 0 0
vt 0 0
vt 0 0
vt 0 0
vt 0 0
vt 0 0
vt 0 0
vt 0 0
vt 0 0
vt 0 0
vt 0 0
vt 0 0
vt 0 0
vt 0 0
vt 0 0
vt 0 0
vt 0 0
vt 0 0
vt 0 0
vt 0 0
vt 0 0
vt 0 0
vt 0 0
vt 0 0
vt 0 0
vt 0 0
vt 0 0
vt 0 0
vt 0 0
vt 0 0
vt 0 0
vt 0 0
vt 0 0
vt 0 0
vt 0 0
vt 0 0
vt 0 0
vt 0 0
vt 0 0
vt 0 0
vt 0 0
vt 0 0
vt 0 0
vt 0 0
vt 0 0
vt 0 0
vt 0 0
vt 0 0
vt 0 0
vt 0 0
vt 0 0
vt 0 0
vt 0 0
vt 0 0
vt 0 0
vt 0 0
vt 0 0
vt 0 0
vt 0 0
vt 0 0
vt 0 0
vt 0 0
vt 0 0
vt 0 0
vt 0 0
vt 0 0
vt 0 0
vt 0 0
vt 0 0
vt 0 0
vt 0 0
vt 0 0
vt 0 0
vt 0 0
vt 0 0
vt 0 0
vt 0 0
vt 0 0
vt 0 0
vt 0 0
vt 0 0
vt 0 0
vt 0 0
vt 0 0
vt 0 0
vt 0 0
vt 0 0
vt 0 0
vt 0 0
vt 0 0
vt 0 0
vt 0 0
vt 0 0
vt 0 0
vt 0 0
vt 0 0
vt 0 0
vt 0 0
vt 0 0
vt 0 0
vt 0 0
vt 0 0
vt 0 0
vt 0 0
vt 0 0
vt 0 0
vt 0 0
vt 0 0
vt 0 0
vt 0 0
vt 0 0
vt 0 0
vt 0 0
vt 0 0
vt 0 0
vt 0 0
vt 0 0
vt 0 0
vt 0 0
vt 0 0
vt 0 0
vt 0 0
vt 0 0
vt 0 0
vt 0 0
vt 0 0
vt 0 0
vt 0 0
vt 0 0
vt 0 0
vt 0 0
vt 0 0
vt 0 0
vt 0 0
vt 0 0
vt 0 0
vt 0 0
vt 0 0
vt 0 0
vt 0 0
vt 0 0
vt 0 0
vt 0 0
vt 0 0
vt 0 0
vt 0 0
vt 0 0
vt 0 0
vt 0 0
vt 0 0
vt 0 0
vt 0 0
vt 0 0
vt 0 0
vt 0 0
vt 0 0
vt 0 0
vt 0 0
vt 0 0
vt 0 0
vt 0 0
vt 0 0
vt 0 0
vt 0 0
vt 0 0
vt 0 0
vt 0 0
vt 0 0
vt 0 0
vt 0 0
vt 0 0
vt 0 0
vt 0 0
vt 0 0
vt 0 0
vt 0 0
vt 0 0
vt 0 0
vt 0 0
vt 0 0
vt 0 0
vt 0 0
vt 0 0
vt 0 0
vt 0 0
vt 0 0
vt 0 0
vt 0 0
vt 0 0
vt 0 0
vt 0 0
vt 0 0
vt 0 0
vt 0 0
vt 0 0
vt 0 0
vt 0 0
vt 0 0
vt 0 0
vt 0 0
vt 0 0
vt 0 0
vt 0 0
vt 0 0
vt 0 0
vt 0 0
vt 0 0
vt 0 0
vt 0 0
vt 0 0
vt 0 0
vt 0 0
vt 0 0
vt 0 0
vt 0 0
vt 0 0
vt 0 0
vt 0 0
vt 0 0
vt 0 0
vt 0 0
vt 0 0
vt 0 0
vt 0 0
vt 0 0
vt 0 0
vt 0 0
vt 0 0
vt 0 0
vt 0 0
vt 0 0
vt 0 0
vt 0 0
vt 0 0
vt 0 0
vt 0 0
vt 0 0
vt 0 0
vt 0 0
vt 0 0
vt 0 0
vt 0 0
vt 0 0
vt 0 0
vt 0 0
vt 0 0
vt 0 0
vt 0 0
vt 0 0
vt 0 0
vt 0 0
vt 0 0
vt 0 0
vt 0 0
vt 0 0
vt 0 0
vt 0 0
vt 0 0
vt 0 0
vt 0 0
vt 0 0
vt 0 0
vt 0 0
vt 0 0
vt 0 0
vt 0 0
vt 0 0
vt 0 0
vt 0 0
vt 0 0
vt 0 0
vt 0 0
vt 0 0
vt 0 0
vt 0 0
vt 0 0
vt 0 0
vt 0 0
vt 0 0
vt 0 0
vt 0 0
vt 0 0
vt 0 0
vt 0 0
vt 0 0
vt 0 0
vt 0 0
vt 0 0
vt 0 0
vt 0 0
vt 0 0
vt 0 0
vt 0 0
vt 0 0
vt 0 0
vt 0 0
vt 0 0
vt 0 0
vt 0 0
vt 0 0
vt 0 0
vt 0 0
vt 0 0
vt 0 0
vt 0 0
vt 0 0
vt 0 0
vt 0 0
vt 0 0
vt 0 0
vt 0 0
vt 0 0
vt 0 0
vt 0 0
vt 0 0
vt 0 0
vt 0 0
vt 0 0
vt 0 0
vt 0 0
vt 0 0
vt 0 0
vt 0 0
vt 0 0
vt 0 0
vt 0 0
vt 0 0
vt 0 0
vt 0 0
vt 0 0
vt 0 0
vt 0 0
vt 0 0
vt 0 0
vt 0 0
vt 0 0
vt 0 0
vt 0 0
vt 0 0
vt 0 0
vt 0 0
vt 0 0
vt 0 0
vt 0 0
vt 0 0
vt 0 0
vt 0 0
vt 0 0
vt 0 0
vt 0 0
vt 0 0
vt 0 0
vt 0 0
vt 0 0
vt 0 0
vt 0 0
vt 0 0
vt 0 0
vt 0 0
vt 0 0
vt 0 0
vt 0 0
vt 0 0
vt 0 0
vt 0 0
vt 0 0
vt 0 0
vt 0 0
vt 0 0
vt 0 0
vt 0 0
vt 0 0
vt 0 0
vt 0 0
vt 0 0
vt 0 0
vt 0 0
vt 0 0
vt 0 0
vt 0 0
vt 0 0
vt 0 0
vt 0 0
vt 0 0
vt 0 0
vt 0 0
vt 0 0
vt 0 0
vt 0 0
vt 0 0
vt 0 0
vt 0 0
vt 0 0
vt 0 0
vt 0 0
vt 0 0
vt 0 0
vt 0 0
vt 0 0
vt 0 0
vt 0 0
vt 0 0
vt 0 0
vt 0 0
vt 0 0
vt 0 0
vt 0 0
vt 0 0
vt 0 0
vt 0 0
vt 0 0
vt 0 0
vt 0 0
vt 0 0
vt 0 0
vt 0 0
vt 0 0
vt 0 0
vt 0 0
vt 0 0
vt 0 0
vt 0 0
vt 0 0
vt 0 0
vt 0 0
vt 0 0
vt 0 0
vt 0 0
vt 0 0
vt 0 0
vt 0 0
vt 0 0
vt 0 0
vt 0 0
vt 0 0
vt 0 0
vt 0 0
vt 0 0
vt 0 0
vt 0 0
vt 0 0
vt 0 0
vt 0 0
vt 0 0
vt 0 0
vt 0 0
vt 0 0
vt 0 0
vt 0 0
vt 0 0
vt 0 0
vt 0 0
vt 0 0
vt 0 0
vt 0 0
vt 0 0
vt 0 0
vt 0 0
vt 0 0
vt 0 0
vt 0 0
vt 0 0
vt 0 0
vt 0 0
vt 0 0
vt 0 0
vt 0 0
vt 0 0
vt 0 0
vt 0 0
vt 0 0
vt 0 0
vt 0 0
vt 0 0
vt 0 0
vt 0 0
vt 0 0
vt 0 0
vt 0 0
vt 0 0
vt 0 0
vt 0 0
vt 0 0
vt 0 0
vt 0 0
vt 0 0
vt 0 0
vt 0 0
vt 0 0
vt 0 0
vt 0 0
vt 0 0
vt 0 0
vt 0 0
vt 0 0
vt 0 0
vt 0 0
vt 0 0
vt 0 0
vt 0 0
vt 0 0
vt 0 0
vt 0 0
vt 0 0
vt 0 0
vt 0 0
vt 0 0
vt 0 0
vt 0 0
vt 0 0
vt 0 0
vt 0 0
vt 0 0
vt 0 0
vt 0 0
vt 0 0
vt 0 0
vt 0 0
vt 0 0
vt 0 0
vt 0 0
vt 0 0
vt 0 0
vt 0 0
vt 0 0
vt 0 0
vt 0 0
vt 0 0
vt 0 0
vt 0 0
vt 0 0
vt 0 0
vt 0 0
vt 0 0
vt 0 0
vt 0 0
vt 0 0
vt 0 0
vt 0 0
vt 0 0
vt 0 0
vt 0 0
vt 0 0
vt 0 0
vt 0 0
vt 0 0
vt 0 0
vt 0 0
vt 0 0
vt 0 0
vt 0 0
vt 0 0
vt 0 0
vt 0 0
vt 0 0
vt 0 0
vt 0 0
vt 0 0
vt 0 0
vt 0 0
vt 0 0
vt 0 0
vt 0 0
vt 0 0
vt 0 0
vt 0 0
vt 0 0
vt 0 0
vt 0 0
vt 0 0
vt 0 0
vt 0 0
vt 0 0
vt 0 0
vt 0 0
vt 0 0
vt 0 0
vt 0 0
vt 0 0
vt 0 0
vt 0 0
vt 0 0
vt 0 0
vt 0 0
vt 0 0
vt 0 0
vt 0 0
vt 0 0
vt 0 0
vt 0 0
vt 0 0
vt 0 0
vt 0 0
vt 0 0
vt 0 0
vt 0 0
vt 0 0
vt 0 0
vt 0 0
vt 0 0
vt 0 0
vt 0 0
vt 0 0
vt 0 0
vt 0 0
vt 0 0
vt 0 0
vt 0 0
vt 0 0
vt 0 0
vt 0 0
vt 0 0
vt 0 0
vt 0 0
vt 0 0
vt 0 0
vt 0 0
vt 0 0
vt 0 0
vt 0 0
vt 0 0
vt 0 0
vt 0 0
vt 0 0
vt 0 0
vt 0 0
vt 0 0
vt 0 0
vt 0 0
vt 0 0
vt 0 0
vt 0 0
vt 0 0
vt 0 0
vt 0 0
vt 0 0
vt 0 0
vt 0 0
vt 0 0
vt 0 0
vt 0 0
vt 0 0
vt 0 0
vt 0 0
vt 0 0
vt 0 0
vt 0 0
vt 0 0
vt 0 0
vt 0 0
vt 0 0
vt 0 0
vt 0 0
vt 0 0
vt 0 0
vt 0 0
vt 0 0
vt 0 0
vt 0 0
vt 0 0
vt 0 0
vt 0 0
vt 0 0
vt 0 0
vt 0 0
vt 0 0
vt 0 0
vt 0 0
vt 0 0
vt 0 0
vt 0 0
vt 0 0
vt 0 0
vt 0 0
vt 0 0
vt 0 0
vt 0 0
vt 0 0
vt 0 0
vt 0 0
vt 0 0
vt 0 0
vt 0 0
vt 0 0
vt 0 0
vt 0 0
vt 0 0
vt 0 0
vt 0 0
vt 0 0
vt 0 0
vt 0 0
vt 0 0
vt 0 0
vt 0 0
vt 0 0
vt 0 0
vt 0 0
vt 0 0
vt 0 0
vt 0 0
vt 0 0
vt 0 0
vt 0 0
vt 0 0
vt 0 0
vt 0 0
vt 0 0
vt 0 0
vt 0 0
vt 0 0
vt 0 0
vt 0 0
vt 0 0
vt 0 0
vt 0 0
vt 0 0
vt 0 0
vt 0 0
vt 0 0
vt 0 0
vt 0 0
vt 0 0
vt 0 0
vt 0 0
vt 0 0
vt 0 0
vt 0 0
vt 0 0
vt 0 0
vt 0 0
vt 0 0
vt 0 0
vt 0 0
vt 0 0
vt 0 0
vt 0 0
vt 0 0
vt 0 0
vt 0 0
vt 0 0
vt 0 0
vt 0 0
vt 0 0
vt 0 0
vt 0 0
vt 0 0
vt 0 0
vt 0 0
vt 0 0
vt 0 0
vt 0 0
vt 0 0
vt 0 0
vt 0 0
vt 0 0
vt 0 0
vt 0 0
vt 0 0
vt 0 0
vt 0 0
vt 0 0
vt 0 0
vt 0 0
vt 0 0
vt 0 0
vt 0 0
vt 0 0
vt 0 0
vt 0 0
vt 0 0
vt 0 0
vt 0 0
vt 0 0
vt 0 0
vt 0 0
vt 0 0
vt 0 0
vt 0 0
vt 0 0
vt 0 0
vt 0 0
vt 0 0
vt 0 0
vt 0 0
vt 0 0
vt 0 0
vt 0 0
vt 0 0
vt 0 0
vt 0 0
vt 0 0
vt 0 0
vt 0 0
vt 0 0
vt 0 0
vt 0 0
vt 0 0
vt 0 0
vt 0 0
vt 0 0
vt 0 0
vt 0 0
vt 0 0
vt 0 0
vt 0 0
vt 0 0
vt 0 0
vt 0 0
vt 0 0
vt 0 0
vt 0 0
vt 0 0
vt 0 0
vt 0 0
vt 0 0
vt 0 0
vt 0 0
vt 0 0
vt 0 0
vt 0 0
vt 0 0
vt 0 0
vt 0 0
vt 0 0
vt 0 0
vt 0 0
vt 0 0
vt 0 0
vt 0 0
vt 0 0
vt 0 0
vt 0 0
vt 0 0
vt 0 0
vt 0 0
vt 0 0
vt 0 0
vt 0 0
vt 0 0
vt 0 0
vt 0 0
vt 0 0
vt 0 0
vt 0 0
vt 0 0
vt 0 0
vt 0 0
vt 0 0
vt 0 0
vt 0 0
vt 0 0
vt 0 0
vt 0 0
vt 0 0
vt 0 0
vt 0 0
vt 0 0
vt 0 0
vt 0 0
vt 0 0
vt 0 0
vt 0 0
vt 0 0
vt 0 0
vt 0 0
vt 0 0
vt 0 0
vt 0 0
vt 0 0
vt 0 0
vt 0 0
vt 0 0
vt 0 0
vt 0 0
vt 0 0
vt 0 0
vt 0 0
vt 0 0
vt 0 0
vt 0 0
vt 0 0
vt 0 0
vt 0 0
vt 0 0
vt 0 0
vt 0 0
vt 0 0
vt 0 0
vt 0 0
vt 0 0
vt 0 0
vt 0 0
vt 0 0
vt 0 0
vt 0 0
vt 0 0
vt 0 0
vt 0 0
vt 0 0
vt 0 0
vt 0 0
vt 0 0
vt 0 0
vt 0 0
vt 0 0
vt 0 0
vt 0 0
vt 0 0
vt 0 0
vt 0 0
vt 0 0
vt 0 0
vt 0 0
vt 0 0
vt 0 0
vt 0 0
vt 0 0
vt 0 0
vt 0 0
vt 0 0
vt 0 0
vt 0 0
vt 0 0
vt 0 0
vt 0 0
vt 0 0
vt 0 0
vt 0 0
vt 0 0
vt 0 0
vt 0 0
vt 0 0
vt 0 0
vt 0 0
vt 0 0
vt 0 0
vt 0 0
vt 0 0
vt 0 0
vt 0 0
vt 0 0
vt 0 0
vt 0 0
vt 0 0
vt 0 0
vt 0 0
vt 0 0
vt 0 0
vt 0 0
vt 0 0
vt 0 0
vt 0 0
vt 0 0
vt 0 0
vt 0 0
vt 0 0
vt 0 0
vt 0 0
vt 0 0
vt 0 0
vt 0 0
vt 0 0
vt 0 0
vt 0 0
vt 0 0
vt 0 0
vt 0 0
vt 0 0
vt 0 0
vt 0 0
vt 0 0
vt 0 0
vt 0 0
vt 0 0
vt 0 0
vt 0 0
vt 0 0
vt 0 0
vt 0 0
vt 0 0
vt 0 0
vt 0 0
vt 0 0
vt 0 0
vt 0 0
vt 0 0
vt 0 0
vt 0 0
vt 0 0
vt 0 0
vt 0 0
vt 0 0
vt 0 0
vt 0 0
vt 0 0
vt 0 0
vt 0 0
vt 0 0
vt 0 0
vt 0 0
vt 0 0
vt 0 0
vt 0 0
vt 0 0
vt 0 0
vt 0 0
vt 0 0
vt 0 0
vt 0 0
vt 0 0
vt 0 0
vt 0 0
vt 0 0
vt 0 0
vt 0 0
vt 0 0
vt 0 0
vt 0 0
vt 0 0
vt 0 0
vt 0 0
vt 0 0
vt 0 0
vt 0 0
vt 0 0
vt 0 0
vt 0 0
vt 0 0
vt 0 0
vt 0 0
vt 0 0
vt 0 0
vt 0 0
vt 0 0
vt 0 0
vt 0 0
vt 0 0
vt 0 0
vt 0 0
vt 0 0
vt 0 0
vt 0 0
vt 0 0
vt 0 0
vt 0 0
vt 0 0
vt 0 0
vt 0 0
vt 0 0
vt 0 0
vt 0 0
vt 0 0
vt 0 0
vt 0 0
vt 0 0
vt 0 0
vt 0 0
vt 0 0
vt 0 0
vt 0 0
vt 0 0
vt 0 0
vt 0 0
vt 0 0
vt 0 0
vt 0 0
vt 0 0
vt 0 0
vt 0 0
vt 0 0
vt 0 0
vt 0 0
vt 0 0
vt 0 0
vt 0 0
vt 0 0
vt 0 0
vt 0 0
vt 0 0
vt 0 0
vt 0 0
vt 0 0
vt 0 0
vt 0 0
vt 0 0
vt 0 0
vt 0 0
vt 0 0
vt 0 0
vt 0 0
vt 0 0
vt 0 0
vt 0 0
vt 0 0
vt 0 0
vt 0 0
vt 0 0
vt 0 0
vt 0 0
vt 0 0
vt 0 0
vt 0 0
vt 0 0
vt 0 0
vt 0 0
vt 0 0
vt 0 0
vt 0 0
vt 0 0
vt 0 0
vt 0 0
vt 0 0
vt 0 0
vt 0 0
vt 0 0
vt 0 0
vt 0 0
vt 0 0
vt 0 0
vt 0 0
vt 0 0
vt 0 0
vt 0 0
vt 0 0
vt 0 0
vt 0 0
vt 0 0
vt 0 0
vt 0 0
vt 0 0
vt 0 0
vt 0 0
vt 0 0
vt 0 0
vt 0 0
vt 0 0
vt 0 0
vt 0 0
vt 0 0
vt 0 0
vt 0 0
vt 0 0
vt 0 0
vt 0 0
vt 0 0
vt 0 0
vt 0 0
vt 0 0
vt 0 0
vt 0 0
vt 0 0
vt 0 0
vt 0 0
vt 0 0
vt 0 0
vt 0 0
vt 0 0
vt 0 0
vt 0 0
vt 0 0
vt 0 0
vt 0 0
vt 0 0
vt 0 0
vt 0 0
vt 0 0
vt 0 0
vt 0 0
vt 0 0
vt 0 0
vt 0 0
vt 0 0
vt 0 0
vt 0 0
vt 0 0
vt 0 0
vt 0 0
vt 0 0
vt 0 0
vt 0 0
vt 0 0
vt 0 0
vt 0 0
vt 0 0
vt 0 0
vt 0 0
vt 0 0
vt 0 0
vt 0 0
vt 0 0
vt 0 0
vt 0 0
vt 0 0
vt 0 0
vt 0 0
vt 0 0
vt 0 0
vt 0 0
vt 0 0
vt 0 0
vt 0 0
vt 0 0
vt 0 0
vt 0 0
vt 0 0
vt 0 0
vt 0 0
vt 0 0
vt 0 0
vt 0 0
vt 0 0
vt 0 0
vt 0 0
vt 0 0
vt 0 0
vt 0 0
vt 0 0
vt 0 0
vt 0 0
vt 0 0
vt 0 0
vt 0 0
vt 0 0
vt 0 0
vt 0 0
vt 0 0
vt 0 0
vt 0 0
vt 0 0
vt 0 0
vt 0 0
vt 0 0
vt 0 0
vt 0 0
vt 0 0
vt 0 0
vt 0 0
vt 0 0
vt 0 0
vt 0 0
vt 0 0
vt 0 0
vt 0 0
vt 0 0
vt 0 0
vt 0 0
vt 0 0
vt 0 0
vt 0 0
vt 0 0
vt 0 0
vt 0 0
vt 0 0
vt 0 0
vt 0 0
vt 0 0
vt 0 0
vt 0 0
vt 0 0
vt 0 0
vt 0 0
vt 0 0
vt 0 0
vt 0 0
vt 0 0
vt 0 0
vt 0 0
vt 0 0
vt 0 0
vt 0 0
vt 0 0
vt 0 0
vt 0 0
vt 0 0
vt 0 0
vt 0 0
vt 0 0
vt 0 0
vt 0 0
vt 0 0
vt 0 0
vt 0 0
vt 0 0
vt 0 0
vt 0 0
vt 0 0
vt 0 0
vt 0 0
vt 0 0
vt 0 0
vt 0 0
vt 0 0
vt 0 0
vt 0 0
vt 0 0
vt 0 0
vt 0 0
vt 0 0
vt 0 0
vt 0 0
vt 0 0
vt 0 0
vt 0 0
vt 0 0
vt 0 0
vt 0 0
vt 0 0
vt 0 0
vt 0 0
vt 0 0
vt 0 0
vt 0 0
vt 0 0
vt 0 0
vt 0 0
vt 0 0
vt 0 0
vt 0 0
vt 0 0
vt 0 0
vt 0 0
vt 0 0
vt 0 0
vt 0 0
vt 0 0
vt 0 0
vt 0 0
vt 0 0
vt 0 0
vt 0 0
vt 0 0
vt 0 0
vt 0 0
vt 0 0
vt 0 0
vt 0 0
vt 0 0
vt 0 0
vt 0 0
vt 0 0
vt 0 0
vt 0 0
vt 0 0
vt 0 0
vt 0 0
vt 0 0
vt 0 0
vt 0 0
vt 0 0
vt 0 0
vt 0 0
vt 0 0
vt 0 0
vt 0 0
vt 0 0
vt 0 0
vt 0 0
vt 0 0
vt 0 0
vt 0 0
vt 0 0
vt 0 0
vt 0 0
vt 0 0
vt 0 0
vt 0 0
vt 0 0
vt 0 0
vt 0 0
vt 0 0
vt 0 0
vt 0 0
vt 0 0
vt 0 0
vt 0 0
vt 0 0
vt 0 0
vt 0 0
vt 0 0
vt 0 0
vt 0 0
vt 0 0
vt 0 0
vt 0 0
vt 0 0
vt 0 0
vt 0 0
vt 0 0
vt 0 0
vt 0 0
vt 0 0
vt 0 0
vt 0 0
vt 0 0
vt 0 0
vt 0 0
vt 0 0
vt 0 0
vt 0 0
vt 0 0
vt 0 0
vt 0 0
vt 0 0
vt 0 0
vt 0 0
vt 0 0
vt 0 0
vt 0 0
vt 0 0
vt 0 0
vt 0 0
vt 0 0
vt 0 0
vt 0 0
vt 0 0
vt 0 0
vt 0 0
vt 0 0
vt 0 0
vt 0 0
vt 0 0
vt 0 0
vt 0 0
vt 0 0
vt 0 0
vt 0 0
vt 0 0
vt 0 0
vt 0 0
vt 0 0
vt 0 0
vt 0 0
vt 0 0
vt 0 0
vt 0 0
vt 0 0
vt 0 0
vt 0 0
vt 0 0
vt 0 0
vt 0 0
vt 0 0
vt 0 0
vt 0 0
vt 0 0
vt 0 0
vt 0 0
vt 0 0
vt 0 0
vt 0 0
vt 0 0
vt 0 0
vt 0 0
vt 0 0
vt 0 0
vt 0 0
vt 0 0
vt 0 0
vt 0 0
vt 0 0
vt 0 0
vt 0 0
vt 0 0
vt 0 0
vt 0 0
vt 0 0
vt 0 0
vt 0 0
vt 0 0
vt 0 0
vt 0 0
vt 0 0
vt 0 0
vt 0 0
vt 0 0
vt 0 0
vt 0 0
vt 0 0
vt 0 0
vt 0 0
vt 0 0
vt 0 0
vt 0 0
vt 0 0
vt 0 0
vt 0 0
vt 0 0
vt 0 0
vt 0 0
vt 0 0
vt 0 0
vt 0 0
vt 0 0
vt 0 0
vt 0 0
vt 0 0
vt 0 0
vt 0 0
vt 0 0
vt 0 0
vt 0 0
vt 0 0
vt 0 0
vt 0 0
vt 0 0
vt 0 0
vt 0 0
vt 0 0
vt 0 0
vt 0 0
vt 0 0
vt 0 0
vt 0 0
vt 0 0
vt 0 0
vt 0 0
vt 0 0
vt 0 0
vt 0 0
vt 0 0
vt 0 0
vt 0 0
vt 0 0
vt 0 0
vt 0 0
vt 0 0
vt 0 0
vt 0 0
vt 0 0
vt 0 0
vt 0 0
vt 0 0
vt 0 0
vt 0 0
vt 0 0
vt 0 0
vt 0 0
vt 0 0
vt 0 0
vt 0 0
vt 0 0
vt 0 0
vt 0 0
vt 0 0
vt 0 0
vt 0 0
vt 0 0
vt 0 0
vt 0 0
vt 0 0
vt 0 0
vt 0 0
vt 0 0
vt 0 0
vt 0 0
vt 0 0
vt 0 0
vt 0 0
vt 0 0
vt 0 0
vt 0 0
vt 0 0
vt 0 0
vt 0 0
vt 0 0
vt 0 0
vt 0 0
vt 0 0
vt 0 0
vt 0 0
vt 0 0
vt 0 0
vt 0 0
vt 0 0
vt 0 0
vt 0 0
vt 0 0
vt 0 0
vt 0 0
vt 0 0
vt 0 0
vt 0 0
vt 0 0
vt 0 0
vt 0 0
vt 0 0
vt 0 0
vt 0 0
vt 0 0
vt 0 0
vt 0 0
vt 0 0
vt 0 0
vt 0 0
vt 0 0
vt 0 0
vt 0 0
vt 0 0
vt 0 0
vt 0 0
vt 0 0
vt 0 0
vt 0 0
vt 0 0
vt 0 0
vt 0 0
vt 0 0
vt 0 0
vt 0 0
vt 0 0
vt 0 0
vt 0 0
vt 0 0
vt 0 0
vt 0 0
vt 0 0
vt 0 0
vt 0 0
vt 0 0
vt 0 0
vt 0 0
vt 0 0
vt 0 0
vt 0 0
vt 0 0
vt 0 0
vt 0 0
vt 0 0
vt 0 0
vt 0 0
vt 0 0
vt 0 0
vt 0 0
vt 0 0
vt 0 0
vt 0 0
vt 0 0
vt 0 0
vt 0 0
vt 0 0
vt 0 0
vt 0 0
vt 0 0
vt 0 0
vt 0 0
vt 0 0
vt 0 0
vt 0 0
vt 0 0
vt 0 0
vt 0 0
vt 0 0
vt 0 0
vt 0 0
vt 0 0
vt 0 0
vt 0 0
vt 0 0
vt 0 0
vt 0 0
vt 0 0
vt 0 0
vt 0 0
vt 0 0
vt 0 0
vt 0 0
vt 0 0
vt 0 0
vt 0 0
vt 0 0
vt 0 0
vt 0 0
vt 0 0
vt 0 0
vt 0 0
vt 0 0
vt 0 0
vt 0 0
vt 0 0
vt 0 0
vt 0 0
vt 0 0
vt 0 0
vt 0 0
vt 0 0
vt 0 0
vt 0 0
vt 0 0
vt 0 0
vt 0 0
vt 0 0
vt 0 0
vt 0 0
vt 0 0
vt 0 0
vt 0 0
vt 0 0
vt 0 0
vt 0 0
vt 0 0
vt 0 0
vt 0 0
vt 0 0
vt 0 0
vt 0 0
vt 0 0
vt 0 0
vt 0 0
vt 0 0
vt 0 0
vt 0 0
vt 0 0
vt 0 0
vt 0 0
vt 0 0
vt 0 0
vt 0 0
vt 0 0
vt 0 0
vt 0 0
vt 0 0
vt 0 0
vt 0 0
vt 0 0
vt 0 0
vt 0 0
vt 0 0
vt 0 0
vt 0 0
vt 0 0
vt 0 0
vt 0 0
vt 0 0
vt 0 0
vt 0 0
vt 0 0
vt 0 0
vt 0 0
vt 0 0
vt 0 0
vt 0 0
vt 0 0
vt 0 0
vt 0 0
vt 0 0
vt 0 0
vt 0 0
vt 0 0
vt 0 0
vt 0 0
vt 0 0
vt 0 0
vt 0 0
vt 0 0
vt 0 0
vt 0 0
vt 0 0
vt 0 0
vt 0 0
vt 0 0
vt 0 0
vt 0 0
vt 0 0
vt 0 0
vt 0 0
vt 0 0
vt 0 0
vt 0 0
vt 0 0
vt 0 0
vt 0 0
vt 0 0
vt 0 0
vt 0 0
vt 0 0
vt 0 0
vt 0 0
vt 0 0
vt 0 0
vt 0 0
vt 0 0
vt 0 0
vt 0 0
vt 0 0
vt 0 0
vt 0 0
vt 0 0
vt 0 0
vt 0 0
vt 0 0
vt 0 0
vt 0 0
vt 0 0
vt 0 0
vt 0 0
vt 0 0
vt 0 0
vt 0 0
vt 0 0
vt 0 0
vt 0 0
vt 0 0
vt 0 0
vt 0 0
vt 0 0
vt 0 0
vt 0 0
vt 0 0
vt 0 0
vt 0 0
vt 0 0
vt 0 0
vt 0 0
vt 0 0
vt 0 0
vt 0 0
vt 0 0
vt 0 0
vt 0 0
vt 0 0
vt 0 0
vt 0 0
vt 0 0
vt 0 0
vt 0 0
vt 0 0
vt 0 0
vt 0 0
vt 0 0
vt 0 0
vt 0 0
vt 0 0
vt 0 0
vt 0 0
vt 0 0
vt 0 0
vt 0 0
vt 0 0
vt 0 0
vt 0 0
vt 0 0
vt 0 0
vt 0 0
vt 0 0
vt 0 0
vt 0 0
vt 0 0
vt 0 0
vt 0 0
vt 0 0
vt 0 0
vt 0 0
vt 0 0
vt 0 0
vt 0 0
vt 0 0
vt 0 0
vt 0 0
vt 0 0
vt 0 0
vt 0 0
vt 0 0
vt 0 0
vt 0 0
vt 0 0
vt 0 0
vt 0 0
vt 0 0
vt 0 0
vt 0 0
vt 0 0
vt 0 0
vt 0 0
vt 0 0
vt 0 0
vt 0 0
vt 0 0
vt 0 0
vt 0 0
vt 0 0
vt 0 0
vt 0 0
vt 0 0
vt 0 0
vt 0 0
vt 0 0
vt 0 0
vt 0 0
vt 0 0
vt 0 0
vt 0 0
vt 0 0
vt 0 0
vt 0 0
vt 0 0
vt 0 0
vt 0 0
vt 0 0
vt 0 0
vt 0 0
vt 0 0
vt 0 0
vt 0 0
vt 0 0
vt 0 0
vt 0 0
vt 0 0
vt 0 0
vt 0 0
vt 0 0
vt 0 0
vt 0 0
vt 0 0
vt 0 0
vt 0 0
vt 0 0
vt 0 0
vt 0 0
vt 0 0
vt 0 0
vt 0 0
vt 0 0
vt 0 0
vt 0 0
vt 0 0
vt 0 0
vt 0 0
vt 0 0
vt 0 0
vt 0 0
vt 0 0
vt 0 0
vt 0 0
vt 0 0
vt 0 0
vt 0 0
vt 0 0
vt 0 0
vt 0 0
vt 0 0
vt 0 0
vt 0 0
vt 0 0
vt 0 0
vt 0 0
vt 0 0
vt 0 0
vt 0 0
vt 0 0
vt 0 0
vt 0 0
vt 0 0
vt 0 0
vt 0 0
vt 0 0
vt 0 0
vt 0 0
vt 0 0
vt 0 0
vt 0 0
vt 0 0
vt 0 0
vt 0 0
vt 0 0
vt 0 0
vt 0 0
vt 0 0
vt 0 0
vt 0 0
vt 0 0
vt 0 0
vt 0 0
vt 0 0
vt 0 0
vt 0 0
vt 0 0
vt 0 0
vt 0 0
vt 0 0
vt 0 0
vt 0 0
vt 0 0
vt 0 0
vt 0 0
vt 0 0
vt 0 0
vt 0 0
vt 0 0
vt 0 0
vt 0 0
vt 0 0
vt 0 0
vt 0 0
vt 0 0
vt 0 0
vt 0 0
vt 0 0
vt 0 0
vt 0 0
vt 0 0
vt 0 0
vt 0 0
vt 0 0
vt 0 0
vt 0 0
vt 0 0
vt 0 0
vt 0 0
vt 0 0
vt 0 0
vt 0 0
vt 0 0
vt 0 0
vt 0 0
vt 0 0
vt 0 0
vt 0 0
vt 0 0
vt 0 0
vt 0 0
vt 0 0
vt 0 0
vt 0 0
vt 0 0
vt 0 0
vt 0 0
vt 0 0
vt 0 0
vt 0 0
vt 0 0
vt 0 0
vt 0 0
vt 0 0
vt 0 0
vt 0 0
vt 0 0
vt 0 0
vt 0 0
vt 0 0
vt 0 0
vt 0 0
vt 0 0
vt 0 0
vt 0 0
vt 0 0
vt 0 0
vt 0 0
vt 0 0
vt 0 0
vt 0 0
vt 0 0
vt 0 0
vt 0 0
vt 0 0
vt 0 0
vt 0 0
vt 0 0
vt 0 0
vt 0 0
vt 0 0
vt 0 0
vt 0 0
vt 0 0
vt 0 0
vt 0 0
vt 0 0
vt 0 0
vt 0 0
vt 0 0
vt 0 0
vt 0 0
vt 0 0
vt 0 0
vt 0 0
vt 0 0
vt 0 0
vt 0 0
vt 0 0
vt 0 0
vt 0 0
vt 0 0
vt 0 0
vt 0 0
vt 0 0
vt 0 0
vt 0 0
vt 0 0
vt 0 0
vt 0 0
vt 0 0
vt 0 0
vt 0 0
vt 0 0
vt 0 0
vt 0 0
vt 0 0
vt 0 0
vt 0 0
vt 0 0
vt 0 0
vt 0 0
vt 0 0
vt 0 0
vt 0 0
vt 0 0
vt 0 0
vt 0 0
vt 0 0
vt 0 0
vt 0 0
vt 0 0
vt 0 0
vt 0 0
vt 0 0
vt 0 0
vt 0 0
vt 0 0
vt 0 0
vt 0 0
vt 0 0
vt 0 0
vt 0 0
vt 0 0
vt 0 0
vt 0 0
vt 0 0
vt 0 0
vt 0 0
vt 0 0
vt 0 0
vt 0 0
vt 0 0
vt 0 0
vt 0 0
vt 0 0
vt 0 0
vt 0 0
vt 0 0
vt 0 0
vt 0 0
vt 0 0
vt 0 0
vt 0 0
vt 0 0
vt 0 0
vt 0 0
vt 0 0
vt 0 0
vt 0 0
vt 0 0
vt 0 0
vt 0 0
vt 0 0
vt 0 0
vt 0 0
vt 0 0
vt 0 0
vt 0 0
vt 0 0
vt 0 0
vt 0 0
vt 0 0
vt 0 0
vt 0 0
vt 0 0
vt 0 0
vt 0 0
vt 0 0
vt 0 0
vt 0 0
vt 0 0
vt 0 0
vt 0 0
vt 0 0
vt 0 0
vt 0 0
vt 0 0
vt 0 0
vt 0 0
vt 0 0
vt 0 0
vt 0 0
vt 0 0
vt 0 0
vt 0 0
vt 0 0
vt 0 0
vt 0 0
vt 0 0
vt 0 0
vt 0 0
vt 0 0
vt 0 0
vt 0 0
vt 0 0
vt 0 0
vt 0 0
vt 0 0
vt 0 0
vt 0 0
vt 0 0
vt 0 0
vt 0 0
vt 0 0
vt 0 0
vt 0 0
vt 0 0
vt 0 0
vt 0 0
vt 0 0
vt 0 0
vt 0 0
vt 0 0
vt 0 0
vt 0 0
vt 0 0
vt 0 0
vt 0 0
vt 0 0
vt 0 0
vt 0 0
vt 0 0
vt 0 0
vt 0 0
vt 0 0
vt 0 0
vt 0 0
vt 0 0
vt 0 0
vt 0 0
vt 0 0
vt 0 0
vt 0 0
vt 0 0
vt 0 0
vt 0 0
vt 0 0
vt 0 0
vt 0 0
vt 0 0
vt 0 0
vt 0 0
vt 0 0
vt 0 0
vt 0 0
vt 0 0
vt 0 0
vt 0 0
vt 0 0
vt 0 0
vt 0 0
vt 0 0
vt 0 0
vt 0 0
vt 0 0
vt 0 0
vt 0 0
vt 0 0
vt 0 0
vt 0 0
vt 0 0
vt 0 0
vt 0 0
vt 0 0
vt 0 0
vt 0 0
vt 0 0
vt 0 0
vt 0 0
vt 0 0
vt 0 0
vt 0 0
vt 0 0
vt 0 0
vt 0 0
vt 0 0
vt 0 0
vt 0 0
vt 0 0
vt 0 0
vt 0 0
vt 0 0
vt 0 0
vt 0 0
vt 0 0
vt 0 0
vt 0 0
vt 0 0
vt 0 0
vt 0 0
vt 0 0
vt 0 0
vt 0 0
vt 0 0
vt 0 0
vt 0 0
vt 0 0
vt 0 0
vt 0 0
vt 0 0
vt 0 0
vt 0 0
vt 0 0
vt 0 0
vt 0 0
vt 0 0
vt 0 0
vt 0 0
vt 0 0
vt 0 0
vt 0 0
vt 0 0
vt 0 0
vt 0 0
vt 0 0
vt 0 0
vt 0 0
vt 0 0
vt 0 0
vt 0 0
vt 0 0
vt 0 0
vt 0 0
vt 0 0
vt 0 0
vt 0 0
vt 0 0
vt 0 0
vt 0 0
vt 0 0
vt 0 0
vt 0 0
vt 0 0
vt 0 0
vt 0 0
vt 0 0
vt 0 0
vt 0 0
vt 0 0
vt 0 0
vt 0 0
vt 0 0
vt 0 0
vt 0 0
vt 0 0
vt 0 0
vt 0 0
vt 0 0
vt 0 0
vt 0 0
vt 0 0
vt 0 0
vt 0 0
vt 0 0
vt 0 0
vt 0 0
vt 0 0
vt 0 0
vt 0 0
vt 0 0
vt 0 0
vt 0 0
vt 0 0
vt 0 0
vt 0 0
vt 0 0
vt 0 0
vt 0 0
vt 0 0
vt 0 0
vt 0 0
vt 0 0
vt 0 0
vt 0 0
vt 0 0
vt 0 0
vt 0 0
vt 0 0
vt 0 0
vt 0 0
vt 0 0
vt 0 0
vt 0 0
vt 0 0
vt 0 0
vt 0 0
vt 0 0
vt 0 0
vt 0 0
vt 0 0
vt 0 0
vt 0 0
vt 0 0
vt 0 0
vt 0 0
vt 0 0
vt 0 0
vt 0 0
vt 0 0
vt 0 0
vt 0 0
vt 0 0
vt 0 0
vt 0 0
vt 0 0
vt 0 0
vt 0 0
vt 0 0
vt 0 0
vt 0 0
vt 0 0
vt 0 0
vt 0 0
vt 0 0
vt 0 0
vt 0 0
vt 0 0
vt 0 0
vt 0 0
vt 0 0
vt 0 0
vt 0 0
vt 0 0
vt 0 0
vt 0 0
vt 0 0
vt 0 0
vt 0 0
vt 0 0
vt 0 0
vt 0 0
vt 0 0
vt 0 0
vt 0 0
vt 0 0
vt 0 0
vt 0 0
vt 0 0
vt 0 0
vt 0 0
vt 0 0
vt 0 0
vt 0 0
vt 0 0
vt 0 0
vt 0 0
vt 0 0
vt 0 0
vt 0 0
vt 0 0
vt 0 0
vt 0 0
vt 0 0
vt 0 0
vt 0 0
vt 0 0
vt 0 0
vt 0 0
vt 0 0
vt 0 0
vt 0 0
vt 0 0
vt 0 0
vt 0 0
vt 0 0
vt 0 0
vt 0 0
vt 0 0
vt 0 0
vt 0 0
vt 0 0
vt 0 0
vt 0 0
vt 0 0
vt 0 0
vt 0 0
vt 0 0
vt 0 0
vt 0 0
vt 0 0
vt 0 0
vt 0 0
vt 0 0
vt 0 0
vt 0 0
vt 0 0
vt 0 0
vt 0 0
vt 0 0
vt 0 0
vt 0 0
vt 0 0
vt 0 0
vt 0 0
vt 0 0
vt 0 0
vt 0 0
vt 0 0
vt 0 0
vt 0 0
vt 0 0
vt 0 0
vt 0 0
vt 0 0
vt 0 0
vt 0 0
vt 0 0
vt 0 0
vt 0 0
vt 0 0
vt 0 0
vt 0 0
vt 0 0
vt 0 0
vt 0 0
vt 0 0
vt 0 0
vt 0 0
vt 0 0
vt 0 0
vt 0 0
vt 0 0
vt 0 0
vt 0 0
vt 0 0
vt 0 0
vt 0 0
vt 0 0
vt 0 0
vt 0 0
vt 0 0
vt 0 0
vt 0 0
vt 0 0
vt 0 0
vt 0 0
vt 0 0
vt 0 0
vt 0 0
vt 0 0
vt 0 0
vt 0 0
vt 0 0
vt 0 0
vt 0 0
vt 0 0
vt 0 0
vt 0 0
vt 0 0
vt 0 0
vt 0 0
vt 0 0
vt 0 0
vt 0 0
vt 0 0
vt 0 0
vt 0 0
vt 0 0
vt 0 0
vt 0 0
vt 0 0
vt 0 0
vt 0 0
vt 0 0
vt 0 0
vt 0 0
vt 0 0
vt 0 0
vt 0 0
vt 0 0
vt 0 0
vt 0 0
vt 0 0
vt 0 0
vt 0 0
vt 0 0
vt 0 0
vt 0 0
vt 0 0
vt 0 0
vt 0 0
vt 0 0
vt 0 0
vt 0 0
vt 0 0
vt 0 0
vt 0 0
vt 0 0
vt 0 0
vt 0 0
vt 0 0
vt 0 0
vt 0 0
vt 0 0
vt 0 0
vt 0 0
vt 0 0
vt 0 0
vt 0 0
vt 0 0
vt 0 0
vt 0 0
vt 0 0
vt 0 0
vt 0 0
vt 0 0
vt 0 0
vt 0 0
vt 0 0
vt 0 0
vt 0 0
vt 0 0
vt 0 0
vt 0 0
vt 0 0
vt 0 0
vt 0 0
vt 0 0
vt 0 0
vt 0 0
vt 0 0
vt 0 0
vt 0 0
vt 0 0
vt 0 0
vt 0 0
vt 0 0
vt 0 0
vt 0 0
vt 0 0
vt 0 0
vt 0 0
vt 0 0
vt 0 0
vt 0 0
vt 0 0
vt 0 0
vt 0 0
vt 0 0
vt 0 0
vt 0 0
vt 0 0
vt 0 0
vt 0 0
vt 0 0
vt 0 0
vt 0 0
vt 0 0
vt 0 0
vt 0 0
vt 0 0
vt 0 0
vt 0 0
vt 0 0
vt 0 0
vt 0 0
vt 0 0
vt 0 0
vt 0 0
vt 0 0
vt 0 0
vt 0 0
vt 0 0
vt 0 0
vt 0 0
vt 0 0
vt 0 0
vt 0 0
vt 0 0
vt 0 0
vt 0 0
vt 0 0
vt 0 0
vt 0 0
vt 0 0
vt 0 0
vt 0 0
vt 0 0
vt 0 0
vt 0 0
vt 0 0
vt 0 0
vt 0 0
vt 0 0
vt 0 0
vt 0 0
vt 0 0
vt 0 0
vt 0 0
vt 0 0
vt 0 0
vt 0 0
vt 0 0
vt 0 0
vt 0 0
vt 0 0
vt 0 0
vt 0 0
vt 0 0
vt 0 0
vt 0 0
vt 0 0
vt 0 0
vt 0 0
vt 0 0
vt 0 0
vt 0 0
vt 0 0
vt 0 0
vt 0 0
vt 0 0
vt 0 0
vt 0 0
vt 0 0
vt 0 0
vt 0 0
vt 0 0
vt 0 0
vt 0 0
vt 0 0
vt 0 0
vt 0 0
vt 0 0
vt 0 0
vt 0 0
vt 0 0
vt 0 0
vt 0 0
vt 0 0
vt 0 0
vt 0 0
vt 0 0
vt 0 0
vt 0 0
vt 0 0
vt 0 0
vt 0 0
vt 0 0
vt 0 0
vt 0 0
vt 0 0
vt 0 0
vt 0 0
vt 0 0
vt 0 0
vt 0 0
vt 0 0
vt 0 0
vt 0 0
vt 0 0
vt 0 0
vt 0 0
vt 0 0
vt 0 0
vt 0 0
vt 0 0
vt 0 0
vt 0 0
vt 0 0
vt 0 0
vt 0 0
vt 0 0
vt 0 0
vt 0 0
vt 0 0
vt 0 0
vt 0 0
vt 0 0
vt 0 0
vt 0 0
vt 0 0
vt 0 0
vt 0 0
vt 0 0
vt 0 0
vt 0 0
vt 0 0
vt 0 0
vt 0 0
vt 0 0
vt 0 0
vt 0 0
vt 0 0
vt 0 0
vt 0 0
vt 0 0
vt 0 0
vt 0 0
vt 0 0
vt 0 0
vt 0 0
vt 0 0
vt 0 0
vt 0 0
vt 0 0
vt 0 0
vt 0 0
vt 0 0
vt 0 0
vt 0 0
vt 0 0
vt 0 0
vt 0 0
vt 0 0
vt 0 0
vt 0 0
vt 0 0
vt 0 0
vt 0 0
vt 0 0
vt 0 0
vt 0 0
vt 0 0
vt 0 0
vt 0 0
vt 0 0
vt 0 0
vt 0 0
vt 0 0
vt 0 0
vt 0 0
vt 0 0
vt 0 0
vt 0 0
vt 0 0
vt 0 0
vt 0 0
vt 0 0
vt 0 0
vt 0 0
vt 0 0
vt 0 0
vt 0 0
vt 0 0
vt 0 0
vt 0 0
vt 0 0
vt 0 0
vt 0 0
vt 0 0
vt 0 0
vt 0 0
vt 0 0
vt 0 0
vt 0 0
vt 0 0
vt 0 0
vt 0 0
vt 0 0
vt 0 0
vt 0 0
vt 0 0
vt 0 0
vt 0 0
vt 0 0
vt 0 0
vt 0 0
vt 0 0
vt 0 0
vt 0 0
vt 0 0
vt 0 0
vt 0 0
vt 0 0
vt 0 0
vt 0 0
vt 0 0
vt 0 0
vt 0 0
vt 0 0
vt 0 0
vt 0 0
vt 0 0
vt 0 0
vt 0 0
vt 0 0
vt 0 0
vt 0 0
vt 0 0
vt 0 0
vt 0 0
vt 0 0
vt 0 0
vt 0 0
vt 0 0
vt 0 0
vt 0 0
vt 0 0
vt 0 0
vt 0 0
vt 0 0
vt 0 0
vt 0 0
vt 0 0
vt 0 0
vt 0 0
vt 0 0
vt 0 0
vt 0 0
vt 0 0
vt 0 0
vt 0 0
vt 0 0
vt 0 0
vt 0 0
vt 0 0
vt 0 0
vt 0 0
vt 0 0
vt 0 0
vt 0 0
vt 0 0
vt 0 0
vt 0 0
vt 0 0
vt 0 0
vt 0 0
vt 0 0
vt 0 0
vt 0 0
vt 0 0
vt 0 0
vt 0 0
vt 0 0
vt 0 0
vt 0 0
vt 0 0
vt 0 0
vt 0 0
vt 0 0
vt 0 0
vt 0 0
vt 0 0
vt 0 0
vt 0 0
vt 0 0
vt 0 0
vt 0 0
vt 0 0
vt 0 0
vt 0 0
vt 0 0
vt 0 0
vt 0 0
vt 0 0
vt 0 0
vt 0 0
vt 0 0
vt 0 0
vt 0 0
vt 0 0
vt 0 0
vt 0 0
vt 0 0
vt 0 0
vt 0 0
vt 0 0
vt 0 0
vt 0 0
vt 0 0
vt 0 0
vt 0 0
vt 0 0
vt 0 0
vt 0 0
vt 0 0
vt 0 0
vt 0 0
vt 0 0
vt 0 0
vt 0 0
vt 0 0
vt 0 0
vt 0 0
vt 0 0
vt 0 0
vt 0 0
vt 0 0
vt 0 0
vt 0 0
vt 0 0
vt 0 0
vt 0 0
vt 0 0
vt 0 0
vt 0 0
vt 0 0
vt 0 0
vt 0 0
vt 0 0
vt 0 0
vt 0 0
vt 0 0
vt 0 0
vt 0 0
vt 0 0
vt 0 0
vt 0 0
vt 0 0
vt 0 0
vt 0 0
vt 0 0
vt 0 0
vt 0 0
vt 0 0
vt 0 0
vt 0 0
vt 0 0
vt 0 0
vt 0 0
vt 0 0
vt 0 0
vt 0 0
vt 0 0
vt 0 0
vt 0 0
vt 0 0
vt 0 0
vt 0 0
vt 0 0
vt 0 0
vt 0 0
vt 0 0
vt 0 0
vt 0 0
vt 0 0
vt 0 0
vt 0 0
vt 0 0
vt 0 0
vt 0 0
vt 0 0
vt 0 0
vt 0 0
vt 0 0
vt 0 0
vt 0 0
vt 0 0
vt 0 0
vt 0 0
vt 0 0
vt 0 0
vt 0 0
vt 0 0
vt 0 0
vt 0 0
vt 0 0
vt 0 0
vt 0 0
vt 0 0
vt 0 0
vt 0 0
vt 0 0
vt 0 0
vt 0 0
vt 0 0
vt 0 0
vt 0 0
vt 0 0
vt 0 0
vt 0 0
vt 0 0
vt 0 0
vt 0 0
vt 0 0
vt 0 0
vt 0 0
vt 0 0
vt 0 0
vt 0 0
vt 0 0
vt 0 0
vt 0 0
vt 0 0
vt 0 0
vt 0 0
vt 0 0
vt 0 0
vt 0 0
vt 0 0
vt 0 0
vt 0 0
vt 0 0
vt 0 0
vt 0 0
vt 0 0
vt 0 0
vt 0 0
vt 0 0
vt 0 0
vt 0 0
vt 0 0
vt 0 0
vt 0 0
vt 0 0
vt 0 0
vt 0 0
vt 0 0
vt 0 0
vt 0 0
vt 0 0
vt 0 0
vt 0 0
vt 0 0
vt 0 0
vt 0 0
vt 0 0
vt 0 0
vt 0 0
vt 0 0
vt 0 0
vt 0 0
vt 0 0
vt 0 0
vt 0 0
vt 0 0
vt 0 0
vt 0 0
vt 0 0
vt 0 0
vt 0 0
vt 0 0
vt 0 0
vt 0 0
vt 0 0
vt 0 0
vt 0 0
vt 0 0
vt 0 0
vt 0 0
vt 0 0
vt 0 0
vt 0 0
vt 0 0
vt 0 0
vt 0 0
vt 0 0
vt 0 0
vt 0 0
vt 0 0
vt 0 0
vt 0 0
vt 0 0
vt 0 0
vt 0 0
vt 0 0
vt 0 0
vt 0 0
vt 0 0
vt 0 0
vt 0 0
vt 0 0
vt 0 0
vt 0 0
vt 0 0
vt 0 0
vt 0 0
vt 0 0
vt 0 0
vt 0 0
vt 0 0
vt 0 0
vt 0 0
vt 0 0
vt 0 0
vt 0 0
vt 0 0
vt 0 0
vt 0 0
vt 0 0
vt 0 0
vt 0 0
vt 0 0
vt 0 0
vt 0 0
vt 0 0
vt 0 0
vt 0 0
vt 0 0
vt 0 0
vt 0 0
vt 0 0
vt 0 0
vt 0 0
vt 0 0
vt 0 0
vt 0 0
vt 0 0
vt 0 0
vt 0 0
vt 0 0
vt 0 0
vt 0 0
vt 0 0
vt 0 0
vt 0 0
vt 0 0
vt 0 0
vt 0 0
vt 0 0
vt 0 0
vt 0 0
vt 0 0
vt 0 0
vt 0 0
vt 0 0
vt 0 0
vt 0 0
vt 0 0
vt 0 0
vt 0 0
vt 0 0
vt 0 0
vt 0 0
vt 0 0
vt 0 0
vt 0 0
vt 0 0
vt 0 0
vt 0 0
vt 0 0
vt 0 0
vt 0 0
vt 0 0
vt 0 0
vt 0 0
vt 0 0
vt 0 0
vt 0 0
vt 0 0
vt 0 0
vt 0 0
vt 0 0
vt 0 0
vt 0 0
vt 0 0
vt 0 0
vt 0 0
vt 0 0
vt 0 0
vt 0 0
vt 0 0
vt 0 0
vt 0 0
vt 0 0
vt 0 0
vt 0 0
vt 0 0
vt 0 0
vt 0 0
vt 0 0
vt 0 0
vt 0 0
vt 0 0
vt 0 0
vt 0 0
vt 0 0
vt 0 0
vt 0 0
vt 0 0
vt 0 0
vt 0 0
vt 0 0
vt 0 0
vt 0 0
vt 0 0
vt 0 0
vt 0 0
vt 0 0
vt 0 0
vt 0 0
vt 0 0
vt 0 0
vt 0 0
vt 0 0
vt 0 0
vt 0 0
vt 0 0
vt 0 0
vt 0 0
vt 0 0
vt 0 0
vt 0 0
vt 0 0
vt 0 0
vt 0 0
vt 0 0
vt 0 0
vt 0 0
vt 0 0
vt 0 0
vt 0 0
vt 0 0
vt 0 0
vt 0 0
vt 0 0
vt 0 0
vt 0 0
vt 0 0
vt 0 0
vt 0 0
vt 0 0
vt 0 0
vt 0 0
vt 0 0
vt 0 0
vt 0 0
vt 0 0
vt 0 0
vt 0 0
vt 0 0
vt 0 0
vt 0 0
vt 0 0
vt 0 0
vt 0 0
vt 0 0
vt 0 0
vt 0 0
vt 0 0
vt 0 0
vt 0 0
vt 0 0
vt 0 0
vt 0 0
vt 0 0
vt 0 0
vt 0 0
vt 0 0
vt 0 0
vt 0 0
vt 0 0
vt 0 0
vt 0 0
vt 0 0
vt 0 0
vt 0 0
vt 0 0
vt 0 0
vt 0 0
vt 0 0
vt 0 0
vt 0 0
vt 0 0
vt 0 0
vt 0 0
vt 0 0
vt 0 0
vt 0 0
vt 0 0
vt 0 0
vt 0 0
vt 0 0
vt 0 0
vt 0 0
vt 0 0
vt 0 0
vt 0 0
vt 0 0
vt 0 0
vt 0 0
vt 0 0
vt 0 0
vt 0 0
vt 0 0
vt 0 0
vt 0 0
vt 0 0
vt 0 0
vt 0 0
vt 0 0
vt 0 0
vt 0 0
vt 0 0
vt 0 0
vt 0 0
vt 0 0
vt 0 0
vt 0 0
vt 0 0
vt 0 0
vt 0 0
vt 0 0
vt 0 0
vt 0 0
vt 0 0
vt 0 0
vt 0 0
vt 0 0
vt 0 0
vt 0 0
vt 0 0
vt 0 0
vt 0 0
vt 0 0
vt 0 0
vt 0 0
vt 0 0
vt 0 0
vt 0 0
vt 0 0
vt 0 0
vt 0 0
vt 0 0
vt 0 0
vt 0 0
vt 0 0
vt 0 0
vt 0 0
vt 0 0
vt 0 0
vt 0 0
vt 0 0
vt 0 0
vt 0 0
vt 0 0
vt 0 0
vt 0 0
vt 0 0
vt 0 0
vt 0 0
vt 0 0
vt 0 0
vt 0 0
vt 0 0
vt 0 0
vt 0 0
vt 0 0
vt 0 0
vt 0 0
vt 0 0
vt 0 0
vt 0 0
vt 0 0
vt 0 0
vt 0 0
vt 0 0
vt 0 0
vt 0 0
vt 0 0
vt 0 0
vt 0 0
vt 0 0
vt 0 0
vt 0 0
vt 0 0
vt 0 0
vt 0 0
vt 0 0
vt 0 0
vt 0 0
vt 0 0
vt 0 0
vt 0 0
vt 0 0
vt 0 0
vt 0 0
vt 0 0
vt 0 0
vt 0 0
vt 0 0
vt 0 0
vt 0 0
vt 0 0
vt 0 0
vt 0 0
vt 0 0
vt 0 0
vt 0 0
vt 0 0
vt 0 0
vt 0 0
vt 0 0
vt 0 0
vt 0 0
vt 0 0
vt 0 0
vt 0 0
vt 0 0
vt 0 0
vt 0 0
vt 0 0
vt 0 0
vt 0 0
vt 0 0
vt 0 0
vt 0 0
vt 0 0
vt 0 0
vt 0 0
vt 0 0
vt 0 0
vt 0 0
vt 0 0
vt 0 0
vt 0 0
vt 0 0
vt 0 0
vt 0 0
vt 0 0
vt 0 0
vt 0 0
vt 0 0
vt 0 0
vt 0 0
vt 0 0
vt 0 0
vt 0 0
vt 0 0
vt 0 0
vt 0 0
vt 0 0
vt 0 0
vt 0 0
vt 0 0
vt 0 0
vt 0 0
vt 0 0
vt 0 0
vt 0 0
vt 0 0
vt 0 0
vt 0 0
vt 0 0
vt 0 0
vt 0 0
vt 0 0
vt 0 0
vt 0 0
vt 0 0
vt 0 0
vt 0 0
vt 0 0
vt 0 0
vt 0 0
vt 0 0
vt 0 0
vt 0 0
vt 0 0
vt 0 0
vt 0 0
vt 0 0
vt 0 0
vt 0 0
vt 0 0
vt 0 0
vt 0 0
vt 0 0
vt 0 0
vt 0 0
vt 0 0
vt 0 0
vt 0 0
vt 0 0
vt 0 0
vt 0 0
vt 0 0
vt 0 0
vt 0 0
vt 0 0
vt 0 0
vt 0 0
vt 0 0
vt 0 0
vt 0 0
vt 0 0
vt 0 0
vt 0 0
vt 0 0
vt 0 0
vt 0 0
vt 0 0
vt 0 0
vt 0 0
vt 0 0
vt 0 0
vt 0 0
vt 0 0
vt 0 0
vt 0 0
vt 0 0
vt 0 0
vt 0 0
vt 0 0
vt 0 0
vt 0 0
vt 0 0
vt 0 0
vt 0 0
vt 0 0
vt 0 0
vt 0 0
vt 0 0
vt 0 0
vt 0 0
vt 0 0
vt 0 0
vt 0 0
vt 0 0
vt 0 0
vt 0 0
vt 0 0
vt 0 0
vt 0 0
vt 0 0
vt 0 0
vt 0 0
vt 0 0
vt 0 0
vt 0 0
vt 0 0
vt 0 0
vt 0 0
vt 0 0
vt 0 0
vt 0 0
vt 0 0
vt 0 0
vt 0 0
vt 0 0
vt 0 0
vt 0 0
vt 0 0
vt 0 0
vt 0 0
vt 0 0
vt 0 0
vt 0 0
vt 0 0
vt 0 0
vt 0 0
vt 0 0
vt 0 0
vt 0 0
vt 0 0
vt 0 0
vt 0 0
vt 0 0
vt 0 0
vt 0 0
vt 0 0
vt 0 0
vt 0 0
vt 0 0
vt 0 0
vt 0 0
vt 0 0
vt 0 0
vt 0 0
vt 0 0
vt 0 0
vt 0 0
vt 0 0
vt 0 0
vt 0 0
vt 0 0
vt 0 0
vt 0 0
vt 0 0
vt 0 0
vt 0 0
vt 0 0
vt 0 0
vt 0 0
vt 0 0
vt 0 0
vt 0 0
vt 0 0
vt 0 0
vt 0 0
vt 0 0
vt 0 0
vt 0 0
vt 0 0
vt 0 0
vt 0 0
vt 0 0
vt 0 0
vt 0 0
vt 0 0
vt 0 0
vt 0 0
vt 0 0
vt 0 0
vt 0 0
vt 0 0
vt 0 0
vt 0 0
vt 0 0
vt 0 0
vt 0 0
vt 0 0
vt 0 0
vt 0 0
vt 0 0
vt 0 0
vt 0 0
vt 0 0
vt 0 0
vt 0 0
vt 0 0
vt 0 0
vt 0 0
vt 0 0
vt 0 0
vt 0 0
vt 0 0
vt 0 0
vt 0 0
vt 0 0
vt 0 0
vt 0 0
vt 0 0
vt 0 0
vt 0 0
vt 0 0
vt 0 0
vt 0 0
vt 0 0
vt 0 0
vt 0 0
vt 0 0
vt 0 0
vt 0 0
vt 0 0
vt 0 0
vt 0 0
vt 0 0
vt 0 0
vt 0 0
vt 0 0
vt 0 0
vt 0 0
vt 0 0
vt 0 0
vt 0 0
vt 0 0
vt 0 0
vt 0 0
vt 0 0
vt 0 0
vt 0 0
vt 0 0
vt 0 0
vt 0 0
vt 0 0
vt 0 0
vt 0 0
vt 0 0
vt 0 0
vt 0 0
vt 0 0
vt 0 0
vt 0 0
vt 0 0
vt 0 0
vt 0 0
vt 0 0
vt 0 0
vt 0 0
vt 0 0
vt 0 0
vt 0 0
vt 0 0
vt 0 0
vt 0 0
vt 0 0
vt 0 0
vt 0 0
vt 0 0
vt 0 0
vt 0 0
vt 0 0
vt 0 0
vt 0 0
vt 0 0
vt 0 0
vt 0 0
vt 0 0
vt 0 0
vt 0 0
vt 0 0
vt 0 0
vt 0 0
vt 0 0
vt 0 0
vt 0 0
vt 0 0
vt 0 0
vt 0 0
vt 0 0
vt 0 0
vt 0 0
vt 0 0
vt 0 0
vt 0 0
vt 0 0
vt 0 0
vt 0 0
vt 0 0
vt 0 0
vt 0 0
vt 0 0
vt 0 0
vt 0 0
vt 0 0
vt 0 0
vt 0 0
vt 0 0
vt 0 0
vt 0 0
vt 0 0
vt 0 0
vt 0 0
vt 0 0
vt 0 0
vt 0 0
vt 0 0
vt 0 0
vt 0 0
vt 0 0
vt 0 0
vt 0 0
vt 0 0
vt 0 0
vt 0 0
vt 0 0
vt 0 0
vt 0 0
vt 0 0
vt 0 0
vt 0 0
vt 0 0
vt 0 0
vt 0 0
vt 0 0
vt 0 0
vt 0 0
vt 0 0
vt 0 0
vt 0 0
vt 0 0
vt 0 0
vt 0 0
vt 0 0
vt 0 0
vt 0 0
vt 0 0
vt 0 0
vt 0 0
vt 0 0
vt 0 0
vt 0 0
vt 0 0
vt 0 0
vt 0 0
vt 0 0
vt 0 0
vt 0 0
vt 0 0
vt 0 0
vt 0 0
vt 0 0
vt 0 0
vt 0 0
vt 0 0
vt 0 0
vt 0 0
vt 0 0
vt 0 0
vt 0 0
vt 0 0
vt 0 0
vt 0 0
vt 0 0
vt 0 0
vt 0 0
vt 0 0
vt 0 0
vt 0 0
vt 0 0
vt 0 0
vt 0 0
vt 0 0
vt 0 0
vt 0 0
vt 0 0
vt 0 0
vt 0 0
vt 0 0
vt 0 0
vt 0 0
vt 0 0
vt 0 0
vt 0 0
vt 0 0
vt 0 0
vt 0 0
vt 0 0
vt 0 0
vt 0 0
vt 0 0
vt 0 0
vt 0 0
vt 0 0
vt 0 0
vt 0 0
vt 0 0
vt 0 0
vt 0 0
vt 0 0
vt 0 0
vt 0 0
vt 0 0
vt 0 0
vt 0 0
vt 0 0
vt 0 0
vt 0 0
vt 0 0
vt 0 0
vt 0 0
vt 0 0
vt 0 0
vt 0 0
vt 0 0
vt 0 0
vt 0 0
vt 0 0
vt 0 0
vt 0 0
vt 0 0
vt 0 0
vt 0 0
vt 0 0
vt 0 0
vt 0 0
vt 0 0
vt 0 0
vt 0 0
vt 0 0
vt 0 0
vt 0 0
vt 0 0
vt 0 0
vt 0 0
vt 0 0
vt 0 0
vt 0 0
vt 0 0
vt 0 0
vt 0 0
vt 0 0
vt 0 0
vt 0 0
vt 0 0
vt 0 0
vt 0 0
vt 0 0
vt 0 0
vt 0 0
vt 0 0
vt 0 0
vt 0 0
vt 0 0
vt 0 0
vt 0 0
vt 0 0
vt 0 0
vt 0 0
vt 0 0
vt 0 0
vt 0 0
vt 0 0
vt 0 0
vt 0 0
vt 0 0
vt 0 0
vt 0 0
vt 0 0
vt 0 0
vt 0 0
vt 0 0
vt 0 0
vt 0 0
vt 0 0
vt 0 0
vt 0 0
vt 0 0
vt 0 0
vt 0 0
vt 0 0
vt 0 0
vt 0 0
vt 0 0
vt 0 0
vt 0 0
vt 0 0
vt 0 0
vt 0 0
vt 0 0
vt 0 0
vt 0 0
vt 0 0
vt 0 0
vt 0 0
vt 0 0
vt 0 0
vt 0 0
vt 0 0
vt 0 0
vt 0 0
vt 0 0
vt 0 0
vt 0 0
vt 0 0
vt 0 0
vt 0 0
vt 0 0
vt 0 0
vt 0 0
vt 0 0
vt 0 0
vt 0 0
vt 0 0
vt 0 0
vt 0 0
vt 0 0
vt 0 0
vt 0 0
vt 0 0
vt 0 0
vt 0 0
vt 0 0
vt 0 0
vt 0 0
vt 0 0
vt 0 0
vt 0 0
vt 0 0
vt 0 0
vt 0 0
vt 0 0
vt 0 0
vt 0 0
vt 0 0
vt 0 0
vt 0 0
vt 0 0
vt 0 0
vt 0 0
vt 0 0
vt 0 0
vt 0 0
vt 0 0
vt 0 0
vt 0 0
vt 0 0
vt 0 0
vt 0 0
vt 0 0
vt 0 0
vt 0 0
vt 0 0
vt 0 0
vt 0 0
vt 0 0
vt 0 0
vt 0 0
vt 0 0
vt 0 0
vt 0 0
vt 0 0
vt 0 0
vt 0 0
vt 0 0
vt 0 0
vt 0 0
vt 0 0
vt 0 0
vt 0 0
vt 0 0
vt 0 0
vt 0 0
vt 0 0
vt 0 0
vt 0 0
vt 0 0
vt 0 0
vt 0 0
vt 0 0
vt 0 0
vt 0 0
vt 0 0
vt 0 0
vt 0 0
vt 0 0
vt 0 0
vt 0 0
vt 0 0
vt 0 0
vt 0 0
vt 0 0
vt 0 0
vt 0 0
vt 0 0
vt 0 0
vt 0 0
vt 0 0
vt 0 0
vt 0 0
vt 0 0
vt 0 0
vt 0 0
vt 0 0
vt 0 0
vt 0 0
vt 0 0
vt 0 0
vt 0 0
vt 0 0
vt 0 0
vt 0 0
vt 0 0
vt 0 0
vt 0 0
vt 0 0
vt 0 0
vt 0 0
vt 0 0
vt 0 0
vt 0 0
vt 0 0
vt 0 0
vt 0 0
vt 0 0
vt 0 0
vt 0 0
vt 0 0
vt 0 0
vt 0 0
vt 0 0
vt 0 0
vt 0 0
vt 0 0
vt 0 0
vt 0 0
vt 0 0
vt 0 0
vt 0 0
vt 0 0
vt 0 0
vt 0 0
vt 0 0
vt 0 0
vt 0 0
vt 0 0
vt 0 0
vt 0 0
vt 0 0
vt 0 0
vt 0 0
vt 0 0
vt 0 0
vt 0 0
vt 0 0
vt 0 0
vt 0 0
vt 0 0
vt 0 0
vt 0 0
vt 0 0
vt 0 0
vt 0 0
vt 0 0
vt 0 0
vt 0 0
vt 0 0
vt 0 0
vt 0 0
vt 0 0
vt 0 0
vt 0 0
vt 0 0
vt 0 0
vt 0 0
vt 0 0
vt 0 0
vt 0 0
vt 0 0
vt 0 0
vt 0 0
vt 0 0
vt 0 0
vt 0 0
vt 0 0
vt 0 0
vt 0 0
vt 0 0
vt 0 0
vt 0 0
vt 0 0
vt 0 0
vt 0 0
vt 0 0
vt 0 0
vt 0 0
vt 0 0
vt 0 0
vt 0 0
vt 0 0
vt 0 0
vt 0 0
vt 0 0
vt 0 0
vt 0 0
vt 0 0
vt 0 0
vt 0 0
vt 0 0
vt 0 0
vt 0 0
vt 0 0
vt 0 0
vt 0 0
vt 0 0
vt 0 0
vt 0 0
vt 0 0
vt 0 0
vt 0 0
vt 0 0
vt 0 0
vt 0 0
vt 0 0
vt 0 0
vt 0 0
vt 0 0
vt 0 0
vt 0 0
vt 0 0
vt 0 0
vt 0 0
vt 0 0
vt 0 0
vt 0 0
vt 0 0
vt 0 0
vt 0 0
vt 0 0
vt 0 0
vt 0 0
vt 0 0
vt 0 0
vt 0 0
vt 0 0
vt 0 0
vt 0 0
vt 0 0
vt 0 0
vt 0 0
vt 0 0
vt 0 0
vt 0 0
vt 0 0
vt 0 0
vt 0 0
vt 0 0
vt 0 0
vt 0 0
vt 0 0
vt 0 0
vt 0 0
vt 0 0
vt 0 0
vt 0 0
vt 0 0
vt 0 0
vt 0 0
vt 0 0
vt 0 0
vt 0 0
vt 0 0
vt 0 0
vt 0 0
vt 0 0
vt 0 0
vt 0 0
vt 0 0
vt 0 0
vt 0 0
vt 0 0
vt 0 0
vt 0 0
vt 0 0
vt 0 0
vt 0 0
vt 0 0
vt 0 0
vt 0 0
vt 0 0
vt 0 0
vt 0 0
vt 0 0
vt 0 0
vt 0 0
vt 0 0
vt 0 0
vt 0 0
vt 0 0
vt 0 0
vt 0 0
vt 0 0
vt 0 0
vt 0 0
vt 0 0
vt 0 0
vt 0 0
vt 0 0
vt 0 0
vt 0 0
vt 0 0
vt 0 0
vt 0 0
vt 0 0
vt 0 0
vt 0 0
vt 0 0
vt 0 0
vt 0 0
vt 0 0
vt 0 0
vt 0 0
vt 0 0
vt 0 0
vt 0 0
vt 0 0
vt 0 0
vt 0 0
vt 0 0
vt 0 0
vt 0 0
vt 0 0
vt 0 0
vt 0 0
vt 0 0
vt 0 0
vt 0 0
vt 0 0
vt 0 0
vt 0 0
vt 0 0
vt 0 0
vt 0 0
vt 0 0
vt 0 0
vt 0 0
vt 0 0
vt 0 0
vt 0 0
vt 0 0
vt 0 0
vt 0 0
vt 0 0
vt 0 0
vt 0 0
vt 0 0
vt 0 0
vt 0 0
vt 0 0
vt 0 0
vt 0 0
vt 0 0
vt 0 0
vt 0 0
vt 0 0
vt 0 0
vt 0 0
vt 0 0
vt 0 0
vt 0 0
vt 0 0
vt 0 0
vt 0 0
vt 0 0
vt 0 0
vt 0 0
vt 0 0
vt 0 0
vt 0 0
vt 0 0
vt 0 0
vt 0 0
vt 0 0
vt 0 0
vt 0 0
vt 0 0
vt 0 0
vt 0 0
vt 0 0
vt 0 0
vt 0 0
vt 0 0
vt 0 0
vt 0 0
vt 0 0
vt 0 0
vt 0 0
vt 0 0
vt 0 0
vt 0 0
vt 0 0
vt 0 0
vt 0 0
vt 0 0
vt 0 0
vt 0 0
vt 0 0
vt 0 0
vt 0 0
vt 0 0
vt 0 0
vt 0 0
vt 0 0
vt 0 0
vt 0 0
vt 0 0
vt 0 0
vt 0 0
vt 0 0
vt 0 0
vt 0 0
vt 0 0
vt 0 0
vt 0 0
vt 0 0
vt 0 0
vt 0 0
vt 0 0
vt 0 0
vt 0 0
vt 0 0
vt 0 0
vt 0 0
vt 0 0
vt 0 0
vt 0 0
vt 0 0
vt 0 0
vt 0 0
vt 0 0
vt 0 0
vt 0 0
vt 0 0
vt 0 0
vt 0 0
vt 0 0
vt 0 0
vt 0 0
vt 0 0
vt 0 0
vt 0 0
vt 0 0
vt 0 0
vt 0 0
vt 0 0
vt 0 0
vt 0 0
vt 0 0
vt 0 0
vt 0 0
vt 0 0
vt 0 0
vt 0 0
vt 0 0
vt 0 0
vt 0 0
vt 0 0
vt 0 0
vt 0 0
vt 0 0
vt 0 0
vt 0 0
vt 0 0
vt 0 0
vt 0 0
vt 0 0
vt 0 0
vt 0 0
vt 0 0
vt 0 0
vt 0 0
vt 0 0
vt 0 0
vt 0 0
vt 0 0
vt 0 0
vt 0 0
vt 0 0
vt 0 0
vt 0 0
vt 0 0
vt 0 0
vt 0 0
vt 0 0
vt 0 0
vt 0 0
vt 0 0
vt 0 0
vt 0 0
vt 0 0
vt 0 0
vt 0 0
vt 0 0
vt 0 0
vt 0 0
vt 0 0
vt 0 0
vt 0 0
vt 0 0
vt 0 0
vt 0 0
vt 0 0
vt 0 0
vt 0 0
vt 0 0
vt 0 0
vt 0 0
vt 0 0
vt 0 0
vt 0 0
vt 0 0
vt 0 0
vt 0 0
vt 0 0
vt 0 0
vt 0 0
vt 0 0
vt 0 0
vt 0 0
vt 0 0
vt 0 0
vt 0 0
vt 0 0
vt 0 0
vt 0 0
vt 0 0
vt 0 0
vt 0 0
vt 0 0
vt 0 0
vt 0 0
vt 0 0
vt 0 0
vt 0 0
vt 0 0
vt 0 0
vt 0 0
vt 0 0
vt 0 0
vt 0 0
vt 0 0
vt 0 0
vt 0 0
vt 0 0
vt 0 0
vt 0 0
vt 0 0
vt 0 0
vt 0 0
vt 0 0
vt 0 0
vt 0 0
vt 0 0
vt 0 0
vt 0 0
vt 0 0
vt 0 0
vt 0 0
vt 0 0
vt 0 0
vt 0 0
vt 0 0
vt 0 0
vt 0 0
vt 0 0
vt 0 0
vt 0 0
vt 0 0
vt 0 0
vt 0 0
vt 0 0
vt 0 0
vt 0 0
vt 0 0
vt 0 0
vt 0 0
vt 0 0
vt 0 0
vt 0 0
vt 0 0
vt 0 0
vt 0 0
vt 0 0
vt 0 0
vt 0 0
vt 0 0
vt 0 0
vt 0 0
vt 0 0
vt 0 0
vt 0 0
vt 0 0
vt 0 0
vt 0 0
vt 0 0
vt 0 0
vt 0 0
vt 0 0
vt 0 0
vt 0 0
vt 0 0
vt 0 0
vt 0 0
vt 0 0
vt 0 0
vt 0 0
vt 0 0
vt 0 0
vt 0 0
vt 0 0
vt 0 0
vt 0 0
vt 0 0
vt 0 0
vt 0 0
vt 0 0
vt 0 0
vt 0 0
vt 0 0
vt 0 0
vt 0 0
vt 0 0
vt 0 0
vt 0 0
vt 0 0
vt 0 0
vt 0 0
vt 0 0
vt 0 0
vt 0 0
vt 0 0
vt 0 0
vt 0 0
vt 0 0
vt 0 0
vt 0 0
vt 0 0
vt 0 0
vt 0 0
vt 0 0
vt 0 0
vt 0 0
vt 0 0
vt 0 0
vt 0 0
vt 0 0
vt 0 0
vt 0 0
vt 0 0
vt 0 0
vt 0 0
vt 0 0
vt 0 0
vt 0 0
vt 0 0
vt 0 0
vt 0 0
vt 0 0
vt 0 0
vt 0 0
vt 0 0
vt 0 0
vt 0 0
vt 0 0
vt 0 0
vt 0 0
vt 0 0
vt 0 0
vt 0 0
vt 0 0
vt 0 0
vt 0 0
vt 0 0
vt 0 0
vt 0 0
vt 0 0
vt 0 0
vt 0 0
vt 0 0
vt 0 0
vt 0 0
vt 0 0
vt 0 0
vt 0 0
vt 0 0
vt 0 0
vt 0 0
vt 0 0
vt 0 0
vt 0 0
vt 0 0
vt 0 0
vt 0 0
vt 0 0
vt 0 0
vt 0 0
vt 0 0
vt 0 0
vt 0 0
vt 0 0
vt 0 0
vt 0 0
vt 0 0
vt 0 0
vt 0 0
vt 0 0
vt 0 0
vt 0 0
vt 0 0
vt 0 0
vt 0 0
vt 0 0
vt 0 0
vt 0 0
vt 0 0
vt 0 0
vt 0 0
vt 0 0
vt 0 0
vt 0 0
vt 0 0
vt 0 0
vt 0 0
vt 0 0
vt 0 0
vt 0 0
vt 0 0
vt 0 0
vt 0 0
vt 0 0
vt 0 0
vt 0 0
vt 0 0
vt 0 0
vt 0 0
vt 0 0
vt 0 0
vt 0 0
vt 0 0
vt 0 0
vt 0 0
vt 0 0
vt 0 0
vt 0 0
vt 0 0
vt 0 0
vt 0 0
vt 0 0
vt 0 0
vt 0 0
vt 0 0
vt 0 0
vt 0 0
vt 0 0
vt 0 0
vt 0 0
vt 0 0
vt 0 0
vt 0 0
vt 0 0
vt 0 0
vt 0 0
vt 0 0
vt 0 0
vt 0 0
vt 0 0
vt 0 0
vt 0 0
vt 0 0
vt 0 0
vt 0 0
vt 0 0
vt 0 0
vt 0 0
vt 0 0
vt 0 0
vt 0 0
vt 0 0
vt 0 0
vt 0 0
vt 0 0
vt 0 0
vt 0 0
vt 0 0
vt 0 0
vt 0 0
vt 0 0
vt 0 0
vt 0 0
vt 0 0
vt 0 0
vt 0 0
vt 0 0
vt 0 0
vt 0 0
vt 0 0
vt 0 0
vt 0 0
vt 0 0
vt 0 0
vt 0 0
vt 0 0
vt 0 0
vt 0 0
vt 0 0
vt 0 0
vt 0 0
vt 0 0
vt 0 0
vt 0 0
vt 0 0
vt 0 0
vt 0 0
vt 0 0
vt 0 0
vt 0 0
vt 0 0
vt 0 0
vt 0 0
vt 0 0
vt 0 0
vt 0 0
vt 0 0
vt 0 0
vt 0 0
vt 0 0
vt 0 0
vt 0 0
vt 0 0
vt 0 0
vt 0 0
vt 0 0
vt 0 0
vt 0 0
vt 0 0
vt 0 0
vt 0 0
vt 0 0
vt 0 0
vt 0 0
vt 0 0
vt 0 0
vt 0 0
vt 0 0
vt 0 0
vt 0 0
vt 0 0
vt 0 0
vt 0 0
vt 0 0
vt 0 0
vt 0 0
vt 0 0
vt 0 0
vt 0 0
vt 0 0
vt 0 0
vt 0 0
vt 0 0
vt 0 0
vt 0 0
vt 0 0
vt 0 0
vt 0 0
vt 0 0
vt 0 0
vt 0 0
vt 0 0
vt 0 0
vt 0 0
vt 0 0
vt 0 0
vt 0 0
vt 0 0
vt 0 0
vt 0 0
vt 0 0
vt 0 0
vt 0 0
vt 0 0
vt 0 0
vt 0 0
vt 0 0
vt 0 0
vt 0 0
vt 0 0
vt 0 0
vt 0 0
vt 0 0
vt 0 0
vt 0 0
vt 0 0
vt 0 0
vt 0 0
vt 0 0
vt 0 0
vt 0 0
vt 0 0
vt 0 0
vt 0 0
vt 0 0
vt 0 0
vt 0 0
vt 0 0
vt 0 0
vt 0 0
vt 0 0
vt 0 0
vt 0 0
vt 0 0
vt 0 0
vt 0 0
vt 0 0
vt 0 0
vt 0 0
vt 0 0
vt 0 0
vt 0 0
vt 0 0
vt 0 0
vt 0 0
vt 0 0
vt 0 0
vt 0 0
vt 0 0
vt 0 0
vt 0 0
vt 0 0
vt 0 0
vt 0 0
vt 0 0
vt 0 0
vt 0 0
vt 0 0
vt 0 0
vt 0 0
vt 0 0
vt 0 0
vt 0 0
vt 0 0
vt 0 0
vt 0 0
vt 0 0
vt 0 0
vt 0 0
vt 0 0
vt 0 0
vt 0 0
vt 0 0
vt 0 0
vt 0 0
vt 0 0
vt 0 0
vt 0 0
vt 0 0
vt 0 0
vt 0 0
vt 0 0
vt 0 0
vt 0 0
vt 0 0
vt 0 0
vt 0 0
vt 0 0
vt 0 0
vt 0 0
vt 0 0
vt 0 0
vt 0 0
vt 0 0
vt 0 0
vt 0 0
vt 0 0
vt 0 0
vt 0 0
vt 0 0
vt 0 0
vt 0 0
vt 0 0
vt 0 0
vt 0 0
vt 0 0
vt 0 0
vt 0 0
vt 0 0
vt 0 0
vt 0 0
vt 0 0
vt 0 0
vt 0 0
vt 0 0
vt 0 0
vt 0 0
vt 0 0
vt 0 0
vt 0 0
vt 0 0
vt 0 0
vt 0 0
vt 0 0
vt 0 0
vt 0 0
vt 0 0
vt 0 0
vt 0 0
vt 0 0
vt 0 0
vt 0 0
vt 0 0
vt 0 0
vt 0 0
vt 0 0
vt 0 0
vt 0 0
vt 0 0
vt 0 0
vt 0 0
vt 0 0
vt 0 0
vt 0 0
vt 0 0
vt 0 0
vt 0 0
vt 0 0
vt 0 0
vt 0 0
vt 0 0
vt 0 0
vt 0 0
vt 0 0
vt 0 0
vt 0 0
vt 0 0
vt 0 0
vt 0 0
vt 0 0
vt 0 0
vt 0 0
vt 0 0
vt 0 0
vt 0 0
vt 0 0
vt 0 0
vt 0 0
vt 0 0
vt 0 0
vt 0 0
vt 0 0
vt 0 0
vt 0 0
vt 0 0
vt 0 0
vt 0 0
vt 0 0
vt 0 0
vt 0 0
vt 0 0
vt 0 0
vt 0 0
vt 0 0
vt 0 0
vt 0 0
vt 0 0
vt 0 0
vt 0 0
vt 0 0
vt 0 0
vt 0 0
vt 0 0
vt 0 0
vt 0 0
vt 0 0
vt 0 0
vt 0 0
vt 0 0
vt 0 0
vt 0 0
vt 0 0
vt 0 0
vt 0 0
vt 0 0
vt 0 0
vt 0 0
vt 0 0
vt 0 0
vt 0 0
vt 0 0
vt 0 0
vt 0 0
vt 0 0
vt 0 0
vt 0 0
vt 0 0
vt 0 0
vt 0 0
vt 0 0
vt 0 0
vt 0 0
vt 0 0
vt 0 0
vt 0 0
vt 0 0
vt 0 0
vt 0 0
vt 0 0
vt 0 0
vt 0 0
vt 0 0
vt 0 0
vt 0 0
vt 0 0
vt 0 0
vt 0 0
vt 0 0
vt 0 0
vt 0 0
vt 0 0
vt 0 0
vt 0 0
vt 0 0
vt 0 0
vt 0 0
vt 0 0
vt 0 0
vt 0 0
vt 0 0
vt 0 0
vt 0 0
vt 0 0
vt 0 0
vt 0 0
vt 0 0
vt 0 0
vt 0 0
vt 0 0
vt 0 0
vt 0 0
vt 0 0
vt 0 0
vt 0 0
vt 0 0
vt 0 0
vt 0 0
vt 0 0
vt 0 0
vt 0 0
vt 0 0
vt 0 0
vt 0 0
vt 0 0
vt 0 0
vt 0 0
vt 0 0
vt 0 0
vt 0 0
vt 0 0
vt 0 0
vt 0 0
vt 0 0
vt 0 0
vt 0 0
vt 0 0
vt 0 0
vt 0 0
vt 0 0
vt 0 0
vt 0 0
vt 0 0
vt 0 0
vt 0 0
vt 0 0
vt 0 0
vt 0 0
vt 0 0
vt 0 0
vt 0 0
vt 0 0
vt 0 0
vt 0 0
vt 0 0
vt 0 0
vt 0 0
vt 0 0
vt 0 0
vt 0 0
vt 0 0
vt 0 0
vt 0 0
vt 0 0
vt 0 0
vt 0 0
vt 0 0
vt 0 0
vt 0 0
vt 0 0
vt 0 0
vt 0 0
vt 0 0
vt 0 0
vt 0 0
vt 0 0
vt 0 0
vt 0 0
vt 0 0
vt 0 0
vt 0 0
vt 0 0
vt 0 0
vt 0 0
vt 0 0
vt 0 0
vt 0 0
vt 0 0
vt 0 0
vt 0 0
vt 0 0
vt 0 0
vt 0 0
vt 0 0
vt 0 0
vt 0 0
vt 0 0
vt 0 0
vt 0 0
vt 0 0
vt 0 0
vt 0 0
vt 0 0
vt 0 0
vt 0 0
vt 0 0
vt 0 0
vt 0 0
vt 0 0
vt 0 0
vt 0 0
vt 0 0
vt 0 0
vt 0 0
vt 0 0
vt 0 0
vt 0 0
vt 0 0
vt 0 0
vt 0 0
vt 0 0
vt 0 0
vt 0 0
vt 0 0
vt 0 0
vt 0 0
vt 0 0
vt 0 0
vt 0 0
vt 0 0
vt 0 0
vt 0 0
vt 0 0
vt 0 0
vt 0 0
vt 0 0
vt 0 0
vt 0 0
vt 0 0
vt 0 0
vt 0 0
vt 0 0
vt 0 0
vt 0 0
vt 0 0
vt 0 0
vt 0 0
vt 0 0
vt 0 0
vt 0 0
vt 0 0
vt 0 0
vt 0 0
vt 0 0
vt 0 0
vt 0 0
vt 0 0
vt 0 0
vt 0 0
vt 0 0
vt 0 0
vt 0 0
vt 0 0
vt 0 0
vt 0 0
vt 0 0
vt 0 0
vt 0 0
vt 0 0
vt 0 0
vt 0 0
vt 0 0
vt 0 0
vt 0 0
vt 0 0
vt 0 0
vt 0 0
vt 0 0
vt 0 0
vt 0 0
vt 0 0
vt 0 0
vt 0 0
vt 0 0
vt 0 0
vt 0 0
vt 0 0
vt 0 0
vt 0 0
vt 0 0
vt 0 0
vt 0 0
vt 0 0
vt 0 0
vt 0 0
vt 0 0
vt 0 0
vt 0 0
vt 0 0
vt 0 0
vt 0 0
vt 0 0
vt 0 0
vt 0 0
vt 0 0
vt 0 0
vt 0 0
vt 0 0
vt 0 0
vt 0 0
vt 0 0
vt 0 0
vt 0 0
vt 0 0
vt 0 0
vt 0 0
vt 0 0
vt 0 0
vt 0 0
vt 0 0
vt 0 0
vt 0 0
vt 0 0
vt 0 0
vt 0 0
vt 0 0
vt 0 0
vt 0 0
vt 0 0
vt 0 0
vt 0 0
vt 0 0
vt 0 0
vt 0 0
vt 0 0
vt 0 0
vt 0 0
vt 0 0
vt 0 0
vt 0 0
vt 0 0
vt 0 0
vt 0 0
vt 0 0
vt 0 0
vt 0 0
vt 0 0
vt 0 0
vt 0 0
vt 0 0
vt 0 0
vt 0 0
vt 0 0
vt 0 0
vt 0 0
vt 0 0
vt 0 0
vt 0 0
vt 0 0
vt 0 0
vt 0 0
vt 0 0
vt 0 0
vt 0 0
vt 0 0
vt 0 0
vt 0 0
vt 0 0
vt 0 0
vt 0 0
vt 0 0
vt 0 0
vt 0 0
vt 0 0
vt 0 0
vt 0 0
vt 0 0
vt 0 0
vt 0 0
vt 0 0
vt 0 0
vt 0 0
vt 0 0
vt 0 0
vt 0 0
vt 0 0
vt 0 0
vt 0 0
vt 0 0
vt 0 0
vt 0 0
vt 0 0
vt 0 0
vt 0 0
vt 0 0
vt 0 0
vt 0 0
vt 0 0
vt 0 0
vt 0 0
vt 0 0
vt 0 0
vt 0 0
vt 0 0
vt 0 0
vt 0 0
vt 0 0
vt 0 0
vt 0 0
vt 0 0
vt 0 0
vt 0 0
vt 0 0
vt 0 0
vt 0 0
vt 0 0
vt 0 0
vt 0 0
vt 0 0
vt 0 0
vt 0 0
vt 0 0
vt 0 0
vt 0 0
vt 0 0
vt 0 0
vt 0 0
vt 0 0
vt 0 0
vt 0 0
vt 0 0
vt 0 0
vt 0 0
vt 0 0
vt 0 0
vt 0 0
vt 0 0
vt 0 0
vt 0 0
vt 0 0
vt 0 0
vt 0 0
vt 0 0
vt 0 0
vt 0 0
vt 0 0
vt 0 0
vt 0 0
vt 0 0
vt 0 0
vt 0 0
vt 0 0
vt 0 0
vt 0 0
vt 0 0
vt 0 0
vt 0 0
vt 0 0
vt 0 0
vt 0 0
vt 0 0
vt 0 0
vt 0 0
vt 0 0
vt 0 0
vt 0 0
vt 0 0
vt 0 0
vt 0 0
vt 0 0
vt 0 0
vt 0 0
vt 0 0
vt 0 0
vt 0 0
vt 0 0
vt 0 0
vt 0 0
vt 0 0
vt 0 0
vt 0 0
vt 0 0
vt 0 0
vt 0 0
vt 0 0
vt 0 0
vt 0 0
vt 0 0
vt 0 0
vt 0 0
vt 0 0
vt 0 0
vt 0 0
vt 0 0
vt 0 0
vt 0 0
vt 0 0
vt 0 0
vt 0 0
vt 0 0
vt 0 0
vt 0 0
vt 0 0
vt 0 0
vt 0 0
vt 0 0
vt 0 0
vt 0 0
vt 0 0
vt 0 0
vt 0 0
vt 0 0
vt 0 0
vt 0 0
vt 0 0
vt 0 0
vt 0 0
vt 0 0
vt 0 0
vt 0 0
vt 0 0
vt 0 0
vt 0 0
vt 0 0
vt 0 0
vt 0 0
vt 0 0
vt 0 0
vt 0 0
vt 0 0
vt 0 0
vt 0 0
vt 0 0
vt 0 0
vt 0 0
vt 0 0
vt 0 0
vt 0 0
vt 0 0
vt 0 0
vt 0 0
vt 0 0
vt 0 0
vt 0 0
vt 0 0
vt 0 0
vt 0 0
vt 0 0
vt 0 0
vt 0 0
vt 0 0
vt 0 0
vt 0 0
vt 0 0
vt 0 0
vt 0 0
vt 0 0
vt 0 0
vt 0 0
vt 0 0
vt 0 0
vt 0 0
vt 0 0
vt 0 0
vt 0 0
vt 0 0
vt 0 0
vt 0 0
vt 0 0
vt 0 0
vt 0 0
vt 0 0
vt 0 0
vt 0 0
vt 0 0
vt 0 0
vt 0 0
vt 0 0
vt 0 0
vt 0 0
vt 0 0
vt 0 0
vt 0 0
vt 0 0
vt 0 0
vt 0 0
vt 0 0
vt 0 0
vt 0 0
vt 0 0
vt 0 0
vt 0 0
vt 0 0
vt 0 0
vt 0 0
vt 0 0
vt 0 0
vt 0 0
vt 0 0
vt 0 0
vt 0 0
vt 0 0
vt 0 0
vt 0 0
vt 0 0
vt 0 0
vt 0 0
vt 0 0
vt 0 0
vt 0 0
vt 0 0
vt 0 0
vt 0 0
vt 0 0
vt 0 0
vt 0 0
vt 0 0
vt 0 0
vt 0 0
vt 0 0
vt 0 0
vt 0 0
vt 0 0
vt 0 0
vt 0 0
vt 0 0
vt 0 0
vt 0 0
vt 0 0
vt 0 0
vt 0 0
vt 0 0
vt 0 0
vt 0 0
vt 0 0
vt 0 0
vt 0 0
vt 0 0
vt 0 0
vt 0 0
vt 0 0
vt 0 0
vt 0 0
vt 0 0
vt 0 0
vt 0 0
vt 0 0
vt 0 0
vt 0 0
vt 0 0
vt 0 0
vt 0 0
vt 0 0
vt 0 0
vt 0 0
vt 0 0
vt 0 0
vt 0 0
vt 0 0
vt 0 0
vt 0 0
vt 0 0
vt 0 0
vt 0 0
vt 0 0
vt 0 0
vt 0 0
vt 0 0
vt 0 0
vt 0 0
vt 0 0
vt 0 0
vt 0 0
vt 0 0
vt 0 0
vt 0 0
vt 0 0
vt 0 0
vt 0 0
vt 0 0
vt 0 0
vt 0 0
vt 0 0
vt 0 0
vt 0 0
vt 0 0
vt 0 0
vt 0 0
vt 0 0
vt 0 0
vt 0 0
vt 0 0
vt 0 0
vt 0 0
vt 0 0
vt 0 0
vt 0 0
vt 0 0
vt 0 0
vt 0 0
vt 0 0
vt 0 0
vt 0 0
vt 0 0
vt 0 0
vt 0 0
vt 0 0
vt 0 0
vt 0 0
vt 0 0
vt 0 0
vt 0 0
vt 0 0
vt 0 0
vt 0 0
vt 0 0
vt 0 0
vt 0 0
vt 0 0
vt 0 0
vt 0 0
vt 0 0
vt 0 0
vt 0 0
vt 0 0
vt 0 0
vt 0 0
vt 0 0
vt 0 0
vt 0 0
vt 0 0
vt 0 0
vt 0 0
vt 0 0
vt 0 0
vt 0 0
vt 0 0
vt 0 0
vt 0 0
vt 0 0
vt 0 0
vt 0 0
vt 0 0
vt 0 0
vt 0 0
vt 0 0
vt 0 0
vt 0 0
vt 0 0
vt 0 0
vt 0 0
vt 0 0
vt 0 0
vt 0 0
vt 0 0
vt 0 0
vt 0 0
vt 0 0
vt 0 0
vt 0 0
vt 0 0
vt 0 0
vt 0 0
vt 0 0
vt 0 0
vt 0 0
vt 0 0
vt 0 0
vt 0 0
vt 0 0
vt 0 0
vt 0 0
vt 0 0
vt 0 0
vt 0 0
vt 0 0
vt 0 0
vt 0 0
vt 0 0
vt 0 0
vt 0 0
vt 0 0
vt 0 0
vt 0 0
vt 0 0
vt 0 0
vt 0 0
vt 0 0
vt 0 0
vt 0 0
vt 0 0
vt 0 0
vt 0 0
vt 0 0
vt 0 0
vt 0 0
vt 0 0
vt 0 0
vt 0 0
vt 0 0
vt 0 0
vt 0 0
vt 0 0
vt 0 0
vt 0 0
vt 0 0
vt 0 0
vt 0 0
vt 0 0
vt 0 0
vt 0 0
vt 0 0
vt 0 0
vt 0 0
vt 0 0
vt 0 0
vt 0 0
vt 0 0
vt 0 0
vt 0 0
vt 0 0
vt 0 0
vt 0 0
vt 0 0
vt 0 0
vt 0 0
vt 0 0
vt 0 0
vt 0 0
vt 0 0
vt 0 0
vt 0 0
vt 0 0
vt 0 0
vt 0 0
vt 0 0
vt 0 0
vt 0 0
vt 0 0
vt 0 0
vt 0 0
vt 0 0
vt 0 0
vt 0 0
vt 0 0
vt 0 0
vt 0 0
vt 0 0
vt 0 0
vt 0 0
vt 0 0
vt 0 0
vt 0 0
vt 0 0
vt 0 0
vt 0 0
vt 0 0
vt 0 0
vt 0 0
vt 0 0
vt 0 0
vt 0 0
vt 0 0
vt 0 0
vt 0 0
vt 0 0
vt 0 0
vt 0 0
vt 0 0
vt 0 0
vt 0 0
vt 0 0
vt 0 0
vt 0 0
vt 0 0
vt 0 0
vt 0 0
vt 0 0
vt 0 0
vt 0 0
vt 0 0
vt 0 0
vt 0 0
vt 0 0
vt 0 0
vt 0 0
vt 0 0
vt 0 0
vt 0 0
vt 0 0
vt 0 0
vt 0 0
vt 0 0
vt 0 0
vt 0 0
vt 0 0
vt 0 0
vt 0 0
vt 0 0
vt 0 0
vt 0 0
vt 0 0
vt 0 0
vt 0 0
vt 0 0
vt 0 0
vt 0 0
vt 0 0
vt 0 0
vt 0 0
vt 0 0
vt 0 0
vt 0 0
vt 0 0
vt 0 0
vt 0 0
vt 0 0
vt 0 0
vt 0 0
vt 0 0
vt 0 0
vt 0 0
vt 0 0
vt 0 0
vt 0 0
vt 0 0
vt 0 0
vt 0 0
vt 0 0
vt 0 0
vt 0 0
vt 0 0
vt 0 0
vt 0 0
vt 0 0
vt 0 0
vt 0 0
vt 0 0
vt 0 0
vt 0 0
vt 0 0
vt 0 0
vt 0 0
vt 0 0
vt 0 0
vt 0 0
vt 0 0
vt 0 0
vt 0 0
vt 0 0
vt 0 0
vt 0 0
vt 0 0
vt 0 0
vt 0 0
vt 0 0
vt 0 0
vt 0 0
vt 0 0
vt 0 0
vt 0 0
vt 0 0
vt 0 0
vt 0 0
vt 0 0
vt 0 0
vt 0 0
vt 0 0
vt 0 0
vt 0 0
vt 0 0
vt 0 0
vt 0 0
vt 0 0
vt 0 0
vt 0 0
vt 0 0
vt 0 0
vt 0 0
vt 0 0
vt 0 0
vt 0 0
vt 0 0
vt 0 0
vt 0 0
vt 0 0
vt 0 0
vt 0 0
vt 0 0
vt 0 0
vt 0 0
vt 0 0
vt 0 0
vt 0 0
vt 0 0
vt 0 0
vt 0 0
vt 0 0
vt 0 0
vt 0 0
vt 0 0
vt 0 0
vt 0 0
vt 0 0
vt 0 0
vt 0 0
vt 0 0
vt 0 0
vt 0 0
vt 0 0
vt 0 0
vt 0 0
vt 0 0
vt 0 0
vt 0 0
vt 0 0
vt 0 0
vt 0 0
vt 0 0
vt 0 0
vt 0 0
vt 0 0
vt 0 0
vt 0 0
vt 0 0
vt 0 0
vt 0 0
vt 0 0
vt 0 0
vt 0 0
vt 0 0
vt 0 0
vt 0 0
vt 0 0
vt 0 0
vt 0 0
vt 0 0
vt 0 0
vt 0 0
vt 0 0
vt 0 0
vt 0 0
vt 0 0
vt 0 0
vt 0 0
vt 0 0
vt 0 0
vt 0 0
vt 0 0
vt 0 0
vt 0 0
vt 0 0
vt 0 0
vt 0 0
vt 0 0
vt 0 0
vt 0 0
vt 0 0
vt 0 0
vt 0 0
vt 0 0
vt 0 0
vt 0 0
vt 0 0
vt 0 0
vt 0 0
vt 0 0
vt 0 0
vt 0 0
vt 0 0
vt 0 0
vt 0 0
vt 0 0
vt 0 0
vt 0 0
vt 0 0
vt 0 0
vt 0 0
vt 0 0
vt 0 0
vt 0 0
vt 0 0
vt 0 0
vt 0 0
vt 0 0
vt 0 0
vt 0 0
vt 0 0
vt 0 0
vt 0 0
vt 0 0
vt 0 0
vt 0 0
vt 0 0
vt 0 0
vt 0 0
vt 0 0
vt 0 0
vt 0 0
vt 0 0
vt 0 0
vt 0 0
vt 0 0
vt 0 0
vt 0 0
vt 0 0
vt 0 0
vt 0 0
vt 0 0
vt 0 0
vt 0 0
vt 0 0
vt 0 0
vt 0 0
vt 0 0
vt 0 0
vt 0 0
vt 0 0
vt 0 0
vt 0 0
vt 0 0
vt 0 0
vt 0 0
vt 0 0
vt 0 0
vt 0 0
vt 0 0
vt 0 0
vt 0 0
vt 0 0
vt 0 0
vt 0 0
vt 0 0
vt 0 0
vt 0 0
vt 0 0
vt 0 0
vt 0 0
vt 0 0
vt 0 0
vt 0 0
vt 0 0
vt 0 0
vt 0 0
vt 0 0
vt 0 0
vt 0 0
vt 0 0
vt 0 0
vt 0 0
vt 0 0
vt 0 0
vt 0 0
vt 0 0
vt 0 0
vt 0 0
vt 0 0
vt 0 0
vt 0 0
vt 0 0
vt 0 0
vt 0 0
vt 0 0
vt 0 0
vt 0 0
vt 0 0
vt 0 0
vt 0 0
vt 0 0
vt 0 0
vt 0 0
vt 0 0
vt 0 0
vt 0 0
vt 0 0
vt 0 0
vt 0 0
vt 0 0
vt 0 0
vt 0 0
vt 0 0
vt 0 0
vt 0 0
vt 0 0
vt 0 0
vt 0 0
vt 0 0
vt 0 0
vt 0 0
vt 0 0
vt 0 0
vt 0 0
vt 0 0
vt 0 0
vt 0 0
vt 0 0
vt 0 0
vt 0 0
vt 0 0
vt 0 0
vt 0 0
vt 0 0
vt 0 0
vt 0 0
vt 0 0
vt 0 0
vt 0 0
vt 0 0
vt 0 0
vt 0 0
vt 0 0
vt 0 0
vt 0 0
vt 0 0
vt 0 0
vt 0 0
vt 0 0
vt 0 0
vt 0 0
vt 0 0
vt 0 0
vt 0 0
vt 0 0
vt 0 0
vt 0 0
vt 0 0
vt 0 0
vt 0 0
vt 0 0
vt 0 0
vt 0 0
vt 0 0
vt 0 0
vt 0 0
vt 0 0
vt 0 0
vt 0 0
vt 0 0
vt 0 0
vt 0 0
vt 0 0
vt 0 0
vt 0 0
vt 0 0
vt 0 0
vt 0 0
vt 0 0
vt 0 0
vt 0 0
vt 0 0
vt 0 0
vt 0 0
vt 0 0
vt 0 0
vt 0 0
vt 0 0
vt 0 0
vt 0 0
vt 0 0
vt 0 0
vt 0 0
vt 0 0
vt 0 0
vt 0 0
vt 0 0
vt 0 0
vt 0 0
vt 0 0
vt 0 0
vt 0 0
vt 0 0
vt 0 0
vt 0 0
vt 0 0
vt 0 0
vt 0 0
vt 0 0
vt 0 0
vt 0 0
vt 0 0
vt 0 0
vt 0 0
vt 0 0
vt 0 0
vt 0 0
vt 0 0
vt 0 0
vt 0 0
vt 0 0
vt 0 0
vt 0 0
vt 0 0
vt 0 0
vt 0 0
vt 0 0
vt 0 0
vt 0 0
vt 0 0
vt 0 0
vt 0 0
vt 0 0
vt 0 0
vt 0 0
vt 0 0
vt 0 0
vt 0 0
vt 0 0
vt 0 0
vt 0 0
vt 0 0
vt 0 0
vt 0 0
vt 0 0
vt 0 0
vt 0 0
vt 0 0
vt 0 0
vt 0 0
vt 0 0
vt 0 0
vt 0 0
vt 0 0
vt 0 0
vt 0 0
vt 0 0
vt 0 0
vt 0 0
vt 0 0
vt 0 0
vt 0 0
vt 0 0
vt 0 0
vt 0 0
vt 0 0
vt 0 0
vt 0 0
vt 0 0
vt 0 0
vt 0 0
vt 0 0
vt 0 0
vt 0 0
vt 0 0
vt 0 0
vt 0 0
vt 0 0
vt 0 0
vt 0 0
vt 0 0
vt 0 0
vt 0 0
vt 0 0
vt 0 0
vt 0 0
vt 0 0
vt 0 0
vt 0 0
vt 0 0
vt 0 0
vt 0 0
vt 0 0
vt 0 0
vt 0 0
vt 0 0
vt 0 0
vt 0 0
vt 0 0
vt 0 0
vt 0 0
vt 0 0
vt 0 0
vt 0 0
vt 0 0
vt 0 0
vt 0 0
vt 0 0
vt 0 0
vt 0 0
vt 0 0
vt 0 0
vt 0 0
vt 0 0
vt 0 0
vt 0 0
vt 0 0
vt 0 0
vt 0 0
vt 0 0
vt 0 0
vt 0 0
vt 0 0
vt 0 0
vt 0 0
vt 0 0
vt 0 0
vt 0 0
vt 0 0
vt 0 0
vt 0 0
vt 0 0
vt 0 0
vt 0 0
vt 0 0
vt 0 0
vt 0 0
vt 0 0
vt 0 0
vt 0 0
vt 0 0
vt 0 0
vt 0 0
vt 0 0
vt 0 0
vt 0 0
vt 0 0
vt 0 0
vt 0 0
vt 0 0
vt 0 0
vt 0 0
vt 0 0
vt 0 0
vt 0 0
vt 0 0
vt 0 0
vt 0 0
vt 0 0
vt 0 0
vt 0 0
vt 0 0
vt 0 0
vt 0 0
vt 0 0
vt 0 0
vt 0 0
vt 0 0
vt 0 0
vt 0 0
vt 0 0
vt 0 0
vt 0 0
vt 0 0
vt 0 0
vt 0 0
vt 0 0
vt 0 0
vt 0 0
vt 0 0
vt 0 0
vt 0 0
vt 0 0
vt 0 0
vt 0 0
vt 0 0
vt 0 0
vt 0 0
vt 0 0
vt 0 0
vt 0 0
vt 0 0
vt 0 0
vt 0 0
vt 0 0
vt 0 0
vt 0 0
vt 0 0
vt 0 0
vt 0 0
vt 0 0
vt 0 0
vt 0 0
vt 0 0
vt 0 0
vt 0 0
vt 0 0
vt 0 0
vt 0 0
vt 0 0
vt 0 0
vt 0 0
vt 0 0
vt 0 0
vt 0 0
vt 0 0
vt 0 0
vt 0 0
vt 0 0
vt 0 0
vt 0 0
vt 0 0
vt 0 0
vt 0 0
vt 0 0
vt 0 0
vt 0 0
vt 0 0
vt 0 0
vt 0 0
vt 0 0
vt 0 0
vt 0 0
vt 0 0
vt 0 0
vt 0 0
vt 0 0
vt 0 0
vt 0 0
vt 0 0
vt 0 0
vt 0 0
vt 0 0
vt 0 0
vt 0 0
vt 0 0
vt 0 0
vt 0 0
vt 0 0
vt 0 0
vt 0 0
vt 0 0
vt 0 0
vt 0 0
vt 0 0
vt 0 0
vt 0 0
vt 0 0
vt 0 0
vt 0 0
vt 0 0
vt 0 0
vt 0 0
vt 0 0
vt 0 0
vt 0 0
vt 0 0
vt 0 0
vt 0 0
vt 0 0
vt 0 0
vt 0 0
vt 0 0
vt 0 0
vt 0 0
vt 0 0
vt 0 0
vt 0 0
vt 0 0
vt 0 0
vt 0 0
vt 0 0
vt 0 0
vt 0 0
vt 0 0
vt 0 0
vt 0 0
vt 0 0
vt 0 0
vt 0 0
vt 0 0
vt 0 0
vt 0 0
vt 0 0
vt 0 0
vt 0 0
vt 0 0
vt 0 0
vt 0 0
vt 0 0
vt 0 0
vt 0 0
vt 0 0
vt 0 0
vt 0 0
vt 0 0
vt 0 0
vt 0 0
vt 0 0
vt 0 0
vt 0 0
vt 0 0
vt 0 0
vt 0 0
vt 0 0
vt 0 0
vt 0 0
vt 0 0
vt 0 0
vt 0 0
vt 0 0
vt 0 0
vt 0 0
vt 0 0
vt 0 0
vt 0 0
vt 0 0
vt 0 0
vt 0 0
vt 0 0
vt 0 0
vt 0 0
vt 0 0
vt 0 0
vt 0 0
vt 0 0
vt 0 0
vt 0 0
vt 0 0
vt 0 0
vt 0 0
vt 0 0
vt 0 0
vt 0 0
vt 0 0
vt 0 0
vt 0 0
vt 0 0
vt 0 0
vt 0 0
vt 0 0
vt 0 0
vt 0 0
vt 0 0
vt 0 0
vt 0 0
vt 0 0
vt 0 0
vt 0 0
vt 0 0
vt 0 0
vt 0 0
vt 0 0
vt 0 0
vt 0 0
vt 0 0
vt 0 0
vt 0 0
vt 0 0
vt 0 0
vt 0 0
vt 0 0
vt 0 0
vt 0 0
vt 0 0
vt 0 0
vt 0 0
vt 0 0
vt 0 0
vt 0 0
vt 0 0
vt 0 0
vt 0 0
vt 0 0
vt 0 0
vt 0 0
vt 0 0
vt 0 0
vt 0 0
vt 0 0
vt 0 0
vt 0 0
vt 0 0
vt 0 0
vt 0 0
vt 0 0
vt 0 0
vt 0 0
vt 0 0
vt 0 0
vt 0 0
vt 0 0
vt 0 0
vt 0 0
vt 0 0
vt 0 0
vt 0 0
vt 0 0
vt 0 0
vt 0 0
vt 0 0
vt 0 0
vt 0 0
vt 0 0
vt 0 0
vt 0 0
vt 0 0
vt 0 0
vt 0 0
vt 0 0
vt 0 0
vt 0 0
vt 0 0
vt 0 0
vt 0 0
vt 0 0
vt 0 0
vt 0 0
vt 0 0
vt 0 0
vt 0 0
vt 0 0
vt 0 0
vt 0 0
vt 0 0
vt 0 0
vt 0 0
vt 0 0
vt 0 0
vt 0 0
vt 0 0
vt 0 0
vt 0 0
vt 0 0
vt 0 0
vt 0 0
vt 0 0
vt 0 0
vt 0 0
vt 0 0
vt 0 0
vt 0 0
vt 0 0
vt 0 0
vt 0 0
vt 0 0
vt 0 0
vt 0 0
vt 0 0
vt 0 0
vt 0 0
vt 0 0
vt 0 0
vt 0 0
vt 0 0
vt 0 0
vt 0 0
vt 0 0
vt 0 0
vt 0 0
vt 0 0
vt 0 0
vt 0 0
vt 0 0
vt 0 0
vt 0 0
vt 0 0
vt 0 0
vt 0 0
vt 0 0
vt 0 0
vt 0 0
vt 0 0
vt 0 0
vt 0 0
vt 0 0
vt 0 0
vt 0 0
vt 0 0
vt 0 0
vt 0 0
vt 0 0
vt 0 0
vt 0 0
vt 0 0
vt 0 0
vt 0 0
vt 0 0
vt 0 0
vt 0 0
vt 0 0
vt 0 0
vt 0 0
vt 0 0
vt 0 0
vt 0 0
vt 0 0
vt 0 0
vt 0 0
vt 0 0
vt 0 0
vt 0 0
vt 0 0
vt 0 0
vt 0 0
vt 0 0
vt 0 0
vt 0 0
vt 0 0
vt 0 0
vt 0 0
vt 0 0
vt 0 0
vt 0 0
vt 0 0
vt 0 0
vt 0 0
vt 0 0
vt 0 0
vt 0 0
vt 0 0
vt 0 0
vt 0 0
vt 0 0
vt 0 0
vt 0 0
vt 0 0
vt 0 0
vt 0 0
vt 0 0
vt 0 0
vt 0 0
vt 0 0
vt 0 0
vt 0 0
vt 0 0
vt 0 0
vt 0 0
vt 0 0
vt 0 0
vt 0 0
vt 0 0
vt 0 0
vt 0 0
vt 0 0
vt 0 0
vt 0 0
vt 0 0
vt 0 0
vt 0 0
vt 0 0
vt 0 0
vt 0 0
vt 0 0
vt 0 0
vt 0 0
vt 0 0
vt 0 0
vt 0 0
vt 0 0
vt 0 0
vt 0 0
vt 0 0
vt 0 0
vt 0 0
vt 0 0
vt 0 0
vt 0 0
vt 0 0
vt 0 0
vt 0 0
vt 0 0
vt 0 0
vt 0 0
vt 0 0
vt 0 0
vt 0 0
vt 0 0
vt 0 0
vt 0 0
vt 0 0
vt 0 0
vt 0 0
vt 0 0
vt 0 0
vt 0 0
vt 0 0
vt 0 0
vt 0 0
vt 0 0
vt 0 0
vt 0 0
vt 0 0
vt 0 0
vt 0 0
vt 0 0
vt 0 0
vt 0 0
vt 0 0
vt 0 0
vt 0 0
vt 0 0
vt 0 0
vt 0 0
vt 0 0
vt 0 0
vt 0 0
vt 0 0
vt 0 0
vt 0 0
vt 0 0
vt 0 0
vt 0 0
vt 0 0
vt 0 0
vt 0 0
vt 0 0
vt 0 0
vt 0 0
vt 0 0
vt 0 0
vt 0 0
vt 0 0
vt 0 0
vt 0 0
vt 0 0
vt 0 0
vt 0 0
vt 0 0
vt 0 0
vt 0 0
vt 0 0
vt 0 0
vt 0 0
vt 0 0
vt 0 0
vt 0 0
vt 0 0
vt 0 0
vt 0 0
vt 0 0
vt 0 0
vt 0 0
vt 0 0
vt 0 0
vt 0 0
vt 0 0
vt 0 0
vt 0 0
vt 0 0
vt 0 0
vt 0 0
vt 0 0
vt 0 0
vt 0 0
vt 0 0
vt 0 0
vt 0 0
vt 0 0
vt 0 0
vt 0 0
vt 0 0
vt 0 0
vt 0 0
vt 0 0
vt 0 0
vt 0 0
vt 0 0
vt 0 0
vt 0 0
vt 0 0
vt 0 0
vt 0 0
vt 0 0
vt 0 0
vt 0 0
vt 0 0
vt 0 0
vt 0 0
vt 0 0
vt 0 0
vt 0 0
vt 0 0
vt 0 0
vt 0 0
vt 0 0
vt 0 0
vt 0 0
vt 0 0
vt 0 0
vt 0 0
vt 0 0
vt 0 0
vt 0 0
vt 0 0
vt 0 0
vt 0 0
vt 0 0
vt 0 0
vt 0 0
vt 0 0
vt 0 0
vt 0 0
vt 0 0
vt 0 0
vt 0 0
vt 0 0
vt 0 0
vt 0 0
vt 0 0
vt 0 0
vt 0 0
vt 0 0
vt 0 0
vt 0 0
vt 0 0
vt 0 0
vt 0 0
vt 0 0
vt 0 0
vt 0 0
vt 0 0
vt 0 0
vt 0 0
vt 0 0
vt 0 0
vt 0 0
vt 0 0
vt 0 0
vt 0 0
vt 0 0
vt 0 0
vt 0 0
vt 0 0
vt 0 0
vt 0 0
vt 0 0
vt 0 0
vt 0 0
vt 0 0
vt 0 0
vt 0 0
vt 0 0
vt 0 0
vt 0 0
vt 0 0
vt 0 0
vt 0 0
vt 0 0
vt 0 0
vt 0 0
vt 0 0
vt 0 0
vt 0 0
vt 0 0
vt 0 0
vt 0 0
vt 0 0
vt 0 0
vt 0 0
vt 0 0
vt 0 0
vt 0 0
vt 0 0
vt 0 0
vt 0 0
vt 0 0
vt 0 0
vt 0 0
vt 0 0
vt 0 0
vt 0 0
vt 0 0
vt 0 0
vt 0 0
vt 0 0
vt 0 0
vt 0 0
vt 0 0
vt 0 0
vt 0 0
vt 0 0
vt 0 0
vt 0 0
vt 0 0
vt 0 0
vt 0 0
vt 0 0
vt 0 0
vt 0 0
vt 0 0
vt 0 0
vt 0 0
vt 0 0
vt 0 0
vt 0 0
vt 0 0
vt 0 0
vt 0 0
vt 0 0
vt 0 0
vt 0 0
vt 0 0
vt 0 0
vt 0 0
vt 0 0
vt 0 0
vt 0 0
vt 0 0
vt 0 0
vt 0 0
vt 0 0
vt 0 0
vt 0 0
vt 0 0
vt 0 0
vt 0 0
vt 0 0
vt 0 0
vt 0 0
vt 0 0
vt 0 0
vt 0 0
vt 0 0
vt 0 0
vt 0 0
vt 0 0
vt 0 0
vt 0 0
vt 0 0
vt 0 0
vt 0 0
vt 0 0
vt 0 0
vt 0 0
vt 0 0
vt 0 0
vt 0 0
vt 0 0
vt 0 0
vt 0 0
vt 0 0
vt 0 0
vt 0 0
vt 0 0
vt 0 0
vt 0 0
vt 0 0
vt 0 0
vt 0 0
vt 0 0
vt 0 0
vt 0 0
vt 0 0
vt 0 0
vt 0 0
vt 0 0
vt 0 0
vt 0 0
vt 0 0
vt 0 0
vt 0 0
vt 0 0
vt 0 0
vt 0 0
vt 0 0
vt 0 0
vt 0 0
vt 0 0
vt 0 0
vt 0 0
vt 0 0
vt 0 0
vt 0 0
vt 0 0
vt 0 0
vt 0 0
vt 0 0
vt 0 0
vt 0 0
vt 0 0
vt 0 0
vt 0 0
vt 0 0
vt 0 0
vt 0 0
vt 0 0
vt 0 0
vt 0 0
vt 0 0
vt 0 0
vt 0 0
vt 0 0
vt 0 0
vt 0 0
vt 0 0
vt 0 0
vt 0 0
vt 0 0
vt 0 0
vt 0 0
vt 0 0
vt 0 0
vt 0 0
vt 0 0
vt 0 0
vt 0 0
vt 0 0
vt 0 0
vt 0 0
vt 0 0
vt 0 0
vt 0 0
vt 0 0
vt 0 0
vt 0 0
vt 0 0
vt 0 0
vt 0 0
vt 0 0
vt 0 0
vt 0 0
vt 0 0
vt 0 0
vt 0 0
vt 0 0
vt 0 0
vt 0 0
vt 0 0
vt 0 0
vt 0 0
vt 0 0
vt 0 0
vt 0 0
vt 0 0
vt 0 0
vt 0 0
vt 0 0
vt 0 0
vt 0 0
vt 0 0
vt 0 0
vt 0 0
vt 0 0
vt 0 0
vt 0 0
vt 0 0
vt 0 0
vt 0 0
vt 0 0
vt 0 0
vt 0 0
vt 0 0
vt 0 0
vt 0 0
vt 0 0
vt 0 0
vt 0 0
vt 0 0
vt 0 0
vt 0 0
vt 0 0
vt 0 0
vt 0 0
vt 0 0
vt 0 0
vt 0 0
vt 0 0
vt 0 0
vt 0 0
vt 0 0
vt 0 0
vt 0 0
vt 0 0
vt 0 0
vt 0 0
vt 0 0
vt 0 0
vt 0 0
vt 0 0
vt 0 0
vt 0 0
vt 0 0
vt 0 0
vt 0 0
vt 0 0
vt 0 0
vt 0 0
vt 0 0
vt 0 0
vt 0 0
vt 0 0
vt 0 0
vt 0 0
vt 0 0
vt 0 0
vt 0 0
vt 0 0
vt 0 0
vt 0 0
vt 0 0
vt 0 0
vt 0 0
vt 0 0
vt 0 0
vt 0 0
vt 0 0
vt 0 0
vt 0 0
vt 0 0
vt 0 0
vt 0 0
vt 0 0
vt 0 0
vt 0 0
vt 0 0
vt 0 0
vt 0 0
vt 0 0
vt 0 0
vt 0 0
vt 0 0
vt 0 0
vt 0 0
vt 0 0
vt 0 0
vt 0 0
vt 0 0
vt 0 0
vt 0 0
vt 0 0
vt 0 0
vt 0 0
vt 0 0
vt 0 0
vt 0 0
vt 0 0
vt 0 0
vt 0 0
vt 0 0
vt 0 0
vt 0 0
vt 0 0
vt 0 0
vt 0 0
vt 0 0
vt 0 0
vt 0 0
vt 0 0
vt 0 0
vt 0 0
vt 0 0
vt 0 0
vt 0 0
vt 0 0
vt 0 0
vt 0 0
vt 0 0
vt 0 0
vt 0 0
vt 0 0
vt 0 0
vt 0 0
vt 0 0
vt 0 0
vt 0 0
vt 0 0
vt 0 0
vt 0 0
vt 0 0
vt 0 0
vt 0 0
vt 0 0
vt 0 0
vt 0 0
vt 0 0
vt 0 0
vt 0 0
vt 0 0
vt 0 0
vt 0 0
vt 0 0
vt 0 0
vt 0 0
vt 0 0
vt 0 0
vt 0 0
vt 0 0
vt 0 0
vt 0 0
vt 0 0
vt 0 0
vt 0 0
vt 0 0
vt 0 0
vt 0 0
vt 0 0
vt 0 0
vt 0 0
vt 0 0
vt 0 0
vt 0 0
vt 0 0
vt 0 0
vt 0 0
vt 0 0
vt 0 0
vt 0 0
vt 0 0
vt 0 0
vt 0 0
vt 0 0
vt 0 0
vt 0 0
vt 0 0
vt 0 0
vt 0 0
vt 0 0
vt 0 0
vt 0 0
vt 0 0
vt 0 0
vt 0 0
vt 0 0
vt 0 0
vt 0 0
vt 0 0
vt 0 0
vt 0 0
vt 0 0
vt 0 0
vt 0 0
vt 0 0
vt 0 0
vt 0 0
vt 0 0
vt 0 0
vt 0 0
vt 0 0
vt 0 0
vt 0 0
vt 0 0
vt 0 0
vt 0 0
vt 0 0
vt 0 0
vt 0 0
vt 0 0
vt 0 0
vt 0 0
vt 0 0
vt 0 0
vt 0 0
vt 0 0
vt 0 0
vt 0 0
vt 0 0
vt 0 0
vt 0 0
vt 0 0
vt 0 0
vt 0 0
vt 0 0
vt 0 0
vt 0 0
vt 0 0
vt 0 0
vt 0 0
vt 0 0
vt 0 0
vt 0 0
vt 0 0
vt 0 0
vt 0 0
vt 0 0
vt 0 0
vt 0 0
vt 0 0
vt 0 0
vt 0 0
vt 0 0
vt 0 0
vt 0 0
vt 0 0
vt 0 0
vt 0 0
vt 0 0
vt 0 0
vt 0 0
vt 0 0
vt 0 0
vt 0 0
vt 0 0
vt 0 0
vt 0 0
vt 0 0
vt 0 0
vt 0 0
vt 0 0
vt 0 0
vt 0 0
vt 0 0
vt 0 0
vt 0 0
vt 0 0
vt 0 0
vt 0 0
vt 0 0
vt 0 0
vt 0 0
vt 0 0
vt 0 0
vt 0 0
vt 0 0
vt 0 0
vt 0 0
vt 0 0
vt 0 0
vt 0 0
vt 0 0
vt 0 0
vt 0 0
vt 0 0
vt 0 0
vt 0 0
vt 0 0
vt 0 0
vt 0 0
vt 0 0
vt 0 0
vt 0 0
vt 0 0
vt 0 0
vt 0 0
vt 0 0
vt 0 0
vt 0 0
vt 0 0
vt 0 0
vt 0 0
vt 0 0
vt 0 0
vt 0 0
vt 0 0
vt 0 0
vt 0 0
vt 0 0
vt 0 0
vt 0 0
vt 0 0
vt 0 0
vt 0 0
vt 0 0
vt 0 0
vt 0 0
vt 0 0
vt 0 0
vt 0 0
vt 0 0
vt 0 0
vt 0 0
vt 0 0
vt 0 0
vt 0 0
vt 0 0
vt 0 0
vt 0 0
vt 0 0
vt 0 0
vt 0 0
vt 0 0
vt 0 0
vt 0 0
vt 0 0
vt 0 0
vt 0 0
vt 0 0
vt 0 0
vt 0 0
vt 0 0
vt 0 0
vt 0 0
vt 0 0
vt 0 0
vt 0 0
vt 0 0
vt 0 0
vt 0 0
vt 0 0
vt 0 0
vt 0 0
vt 0 0
vt 0 0
vt 0 0
vt 0 0
vt 0 0
vt 0 0
vt 0 0
vt 0 0
vt 0 0
vt 0 0
vt 0 0
vt 0 0
vt 0 0
vt 0 0
vt 0 0
vt 0 0
vt 0 0
vt 0 0
vt 0 0
vt 0 0
vt 0 0
vt 0 0
vt 0 0
vt 0 0
vt 0 0
vt 0 0
vt 0 0
vt 0 0
vt 0 0
vt 0 0
vt 0 0
vt 0 0
vt 0 0
vt 0 0
vt 0 0
vt 0 0
vt 0 0
vt 0 0
vt 0 0
vt 0 0
vt 0 0
vt 0 0
vt 0 0
vt 0 0
vt 0 0
vt 0 0
vt 0 0
vt 0 0
vt 0 0
vt 0 0
vt 0 0
vt 0 0
vt 0 0
vt 0 0
vt 0 0
vt 0 0
vt 0 0
vt 0 0
vt 0 0
vt 0 0
vt 0 0
vt 0 0
vt 0 0
vt 0 0
vt 0 0
vt 0 0
vt 0 0
vt 0 0
vt 0 0
vt 0 0
vt 0 0
vt 0 0
vt 0 0
vt 0 0
vt 0 0
vt 0 0
vt 0 0
vt 0 0
vt 0 0
vt 0 0
vt 0 0
vt 0 0
vt 0 0
vt 0 0
vt 0 0
vt 0 0
vt 0 0
vt 0 0
vt 0 0
vt 0 0
vt 0 0
vt 0 0
vt 0 0
vt 0 0
vt 0 0
vt 0 0
vt 0 0
vt 0 0
vt 0 0
vt 0 0
vt 0 0
vt 0 0
vt 0 0
vt 0 0
vt 0 0
vt 0 0
vt 0 0
vt 0 0
vt 0 0
vt 0 0
vt 0 0
vt 0 0
vt 0 0
vt 0 0
vt 0 0
vt 0 0
vt 0 0
vt 0 0
vt 0 0
vt 0 0
vt 0 0
vt 0 0
vt 0 0
vt 0 0
vt 0 0
vt 0 0
vt 0 0
vt 0 0
vt 0 0
vt 0 0
vt 0 0
vt 0 0
vt 0 0
vt 0 0
vt 0 0
vt 0 0
vt 0 0
vt 0 0
vt 0 0
vt 0 0
vt 0 0
vt 0 0
vt 0 0
vt 0 0
vt 0 0
vt 0 0
vt 0 0
vt 0 0
vt 0 0
vt 0 0
vt 0 0
vt 0 0
vt 0 0
vt 0 0
vt 0 0
vt 0 0
vt 0 0
vt 0 0
vt 0 0
vt 0 0
vt 0 0
vt 0 0
vt 0 0
vt 0 0
vt 0 0
vt 0 0
vt 0 0
vt 0 0
vt 0 0
vt 0 0
vt 0 0
vt 0 0
vt 0 0
vt 0 0
vt 0 0
vt 0 0
vt 0 0
vt 0 0
vt 0 0
vt 0 0
vt 0 0
vt 0 0
vt 0 0
vt 0 0
vt 0 0
vt 0 0
vt 0 0
vt 0 0
vt 0 0
vt 0 0
vt 0 0
vt 0 0
vt 0 0
vt 0 0
vt 0 0
vt 0 0
vt 0 0
vt 0 0
vt 0 0
vt 0 0
vt 0 0
vt 0 0
vt 0 0
vt 0 0
vt 0 0
vt 0 0
vt 0 0
vt 0 0
vt 0 0
vt 0 0
vt 0 0
vt 0 0
vt 0 0
vt 0 0
vt 0 0
vt 0 0
vt 0 0
vt 0 0
vt 0 0
vt 0 0
vt 0 0
vt 0 0
vt 0 0
vt 0 0
vt 0 0
vt 0 0
vt 0 0
vt 0 0
vt 0 0
vt 0 0
vt 0 0
vt 0 0
vt 0 0
vt 0 0
vt 0 0
vt 0 0
vt 0 0
vt 0 0
vt 0 0
vt 0 0
vt 0 0
vt 0 0
vt 0 0
vt 0 0
vt 0 0
vt 0 0
vt 0 0
vt 0 0
vt 0 0
vt 0 0
vt 0 0
vt 0 0
vt 0 0
vt 0 0
vt 0 0
vt 0 0
vt 0 0
vt 0 0
vt 0 0
vt 0 0
vt 0 0
vt 0 0
vt 0 0
vt 0 0
vt 0 0
vt 0 0
vt 0 0
vt 0 0
vt 0 0
vt 0 0
vt 0 0
vt 0 0
vt 0 0
vt 0 0
vt 0 0
vt 0 0
vt 0 0
vt 0 0
vt 0 0
vt 0 0
vt 0 0
vt 0 0
vt 0 0
vt 0 0
vt 0 0
vt 0 0
vt 0 0
vt 0 0
vt 0 0
vt 0 0
vt 0 0
vt 0 0
vt 0 0
vt 0 0
vt 0 0
vt 0 0
vt 0 0
vt 0 0
vt 0 0
vt 0 0
vt 0 0
vt 0 0
vt 0 0
vt 0 0
vt 0 0
vt 0 0
vt 0 0
vt 0 0
vt 0 0
vt 0 0
vt 0 0
vt 0 0
vt 0 0
vt 0 0
vt 0 0
vt 0 0
vt 0 0
vt 0 0
vt 0 0
vt 0 0
vt 0 0
vt 0 0
vt 0 0
vt 0 0
vt 0 0
vt 0 0
vt 0 0
vt 0 0
vt 0 0
vt 0 0
vt 0 0
vt 0 0
vt 0 0
vt 0 0
vt 0 0
vt 0 0
vt 0 0
vt 0 0
vt 0 0
vt 0 0
vt 0 0
vt 0 0
vt 0 0
vt 0 0
vt 0 0
vt 0 0
vt 0 0
vt 0 0
vt 0 0
vt 0 0
vt 0 0
vt 0 0
vt 0 0
vt 0 0
vt 0 0
vt 0 0
vt 0 0
vt 0 0
vt 0 0
vt 0 0
vt 0 0
vt 0 0
vt 0 0
vt 0 0
vt 0 0
vt 0 0
vt 0 0
vt 0 0
vt 0 0
vt 0 0
vt 0 0
vt 0 0
vt 0 0
vt 0 0
vt 0 0
vt 0 0
vt 0 0
vt 0 0
vt 0 0
vt 0 0
vt 0 0
vt 0 0
vt 0 0
vt 0 0
vt 0 0
vt 0 0
vt 0 0
vt 0 0
vt 0 0
vt 0 0
vt 0 0
vt 0 0
vt 0 0
vt 0 0
vt 0 0
vt 0 0
vt 0 0
vt 0 0
vt 0 0
vt 0 0
vt 0 0
vt 0 0
vt 0 0
vt 0 0
vt 0 0
vt 0 0
vt 0 0
vt 0 0
vt 0 0
vt 0 0
vt 0 0
vt 0 0
vt 0 0
vt 0 0
vt 0 0
vt 0 0
vt 0 0
vt 0 0
vt 0 0
vt 0 0
vt 0 0
vt 0 0
vt 0 0
vt 0 0
vt 0 0
vt 0 0
vt 0 0
vt 0 0
vt 0 0
vt 0 0
vt 0 0
vt 0 0
vt 0 0
vt 0 0
vt 0 0
vt 0 0
vt 0 0
vt 0 0
vt 0 0
vt 0 0
vt 0 0
vt 0 0
vt 0 0
vt 0 0
vt 0 0
vt 0 0
vt 0 0
vt 0 0
vt 0 0
vt 0 0
vt 0 0
vt 0 0
vt 0 0
vt 0 0
vt 0 0
vt 0 0
vt 0 0
vt 0 0
vt 0 0
vt 0 0
vt 0 0
vt 0 0
vt 0 0
vt 0 0
vt 0 0
vt 0 0
vt 0 0
vt 0 0
vt 0 0
vt 0 0
vt 0 0
vt 0 0
vt 0 0
vt 0 0
vt 0 0
vt 0 0
vt 0 0
vt 0 0
vt 0 0
vt 0 0
vt 0 0
vt 0 0
vt 0 0
vt 0 0
vt 0 0
vt 0 0
vt 0 0
vt 0 0
vt 0 0
vt 0 0
vt 0 0
vt 0 0
vt 0 0
vt 0 0
vt 0 0
vt 0 0
vt 0 0
vt 0 0
vt 0 0
vt 0 0
vt 0 0
vt 0 0
vt 0 0
vt 0 0
vt 0 0
vt 0 0
vt 0 0
vt 0 0
vt 0 0
vt 0 0
vt 0 0
vt 0 0
vt 0 0
vt 0 0
vt 0 0
vt 0 0
vt 0 0
vt 0 0
vt 0 0
vt 0 0
vt 0 0
vt 0 0
vt 0 0
vt 0 0
vt 0 0
vt 0 0
vt 0 0
vt 0 0
vt 0 0
vt 0 0
vt 0 0
vt 0 0
vt 0 0
vt 0 0
vt 0 0
vt 0 0
vt 0 0
vt 0 0
vt 0 0
vt 0 0
vt 0 0
vt 0 0
vt 0 0
vt 0 0
vt 0 0
vt 0 0
vt 0 0
vt 0 0
vt 0 0
vt 0 0
vt 0 0
vt 0 0
vt 0 0
vt 0 0
vt 0 0
vt 0 0
vt 0 0
vt 0 0
vt 0 0
vt 0 0
vt 0 0
vt 0 0
vt 0 0
vt 0 0
vt 0 0
vt 0 0
vt 0 0
vt 0 0
vt 0 0
vt 0 0
vt 0 0
vt 0 0
vt 0 0
vt 0 0
vt 0 0
vt 0 0
vt 0 0
vt 0 0
vt 0 0
vt 0 0
vt 0 0
vt 0 0
vt 0 0
vt 0 0
vt 0 0
vt 0 0
vt 0 0
vt 0 0
vt 0 0
vt 0 0
vt 0 0
vt 0 0
vt 0 0
vt 0 0
vt 0 0
vt 0 0
vt 0 0
vt 0 0
vt 0 0
vt 0 0
vt 0 0
vt 0 0
vt 0 0
vt 0 0
vt 0 0
vt 0 0
vt 0 0
vt 0 0
vt 0 0
vt 0 0
vt 0 0
vt 0 0
vt 0 0
vt 0 0
vt 0 0
vt 0 0
vt 0 0
vt 0 0
vt 0 0
vt 0 0
vt 0 0
vt 0 0
vt 0 0
vt 0 0
vt 0 0
vt 0 0
vt 0 0
vt 0 0
vt 0 0
vt 0 0
vt 0 0
vt 0 0
vt 0 0
vt 0 0
vt 0 0
vt 0 0
vt 0 0
vt 0 0
vt 0 0
vt 0 0
vt 0 0
vt 0 0
vt 0 0
vt 0 0
vt 0 0
vt 0 0
vt 0 0
vt 0 0
vt 0 0
vt 0 0
vt 0 0
vt 0 0
vt 0 0
vt 0 0
vt 0 0
vt 0 0
vt 0 0
vt 0 0
vt 0 0
vt 0 0
vt 0 0
vt 0 0
vt 0 0
vt 0 0
vt 0 0
vt 0 0
vt 0 0
vt 0 0
vt 0 0
vt 0 0
vt 0 0
vt 0 0
vt 0 0
vt 0 0
vt 0 0
vt 0 0
vt 0 0
vt 0 0
vt 0 0
vt 0 0
vt 0 0
vt 0 0
vt 0 0
vt 0 0
vt 0 0
vt 0 0
vt 0 0
vt 0 0
vt 0 0
vt 0 0
vt 0 0
vt 0 0
vt 0 0
vt 0 0
vt 0 0
vt 0 0
vt 0 0
vt 0 0
vt 0 0
vt 0 0
vt 0 0
vt 0 0
vt 0 0
vt 0 0
vt 0 0
vt 0 0
vt 0 0
vt 0 0
vt 0 0
vt 0 0
vt 0 0
vt 0 0
vt 0 0
vt 0 0
vt 0 0
vt 0 0
vt 0 0
vt 0 0
vt 0 0
vt 0 0
vt 0 0
vt 0 0
vt 0 0
vt 0 0
vt 0 0
vt 0 0
vt 0 0
vt 0 0
vt 0 0
vt 0 0
vt 0 0
vt 0 0
vt 0 0
vt 0 0
vt 0 0
vt 0 0
vt 0 0
vt 0 0
vt 0 0
vt 0 0
vt 0 0
vt 0 0
vt 0 0
vt 0 0
vt 0 0
vt 0 0
vt 0 0
vt 0 0
vt 0 0
vt 0 0
vt 0 0
vt 0 0
vt 0 0
vt 0 0
vt 0 0
vt 0 0
vt 0 0
vt 0 0
vt 0 0
vt 0 0
vt 0 0
vt 0 0
vt 0 0
vt 0 0
vt 0 0
vt 0 0
vt 0 0
vt 0 0
vt 0 0
vt 0 0
vt 0 0
vt 0 0
vt 0 0
vt 0 0
vt 0 0
vt 0 0
vt 0 0
vt 0 0
vt 0 0
vt 0 0
vt 0 0
vt 0 0
vt 0 0
vt 0 0
vt 0 0
vt 0 0
vt 0 0
vt 0 0
vt 0 0
vt 0 0
vt 0 0
vt 0 0
vt 0 0
vt 0 0
vt 0 0
vt 0 0
vt 0 0
vt 0 0
vt 0 0
vt 0 0
vt 0 0
vt 0 0
vt 0 0
vt 0 0
vt 0 0
vt 0 0
vt 0 0
vt 0 0
vt 0 0
vt 0 0
vt 0 0
vt 0 0
vt 0 0
vt 0 0
vt 0 0
vt 0 0
vt 0 0
vt 0 0
vt 0 0
vt 0 0
vt 0 0
vt 0 0
vt 0 0
vt 0 0
vt 0 0
vt 0 0
vt 0 0
vt 0 0
vt 0 0
vt 0 0
vt 0 0
vt 0 0
vt 0 0
vt 0 0
vt 0 0
vt 0 0
vt 0 0
vt 0 0
vt 0 0
vt 0 0
vt 0 0
vt 0 0
vt 0 0
vt 0 0
vt 0 0
vt 0 0
vt 0 0
vt 0 0
vt 0 0
vt 0 0
vt 0 0
vt 0 0
vt 0 0
vt 0 0
vt 0 0
vt 0 0
vt 0 0
vt 0 0
vt 0 0
vt 0 0
vt 0 0
vt 0 0
vt 0 0
vt 0 0
vt 0 0
vt 0 0
vt 0 0
vt 0 0
vt 0 0
vt 0 0
vt 0 0
vt 0 0
vt 0 0
vt 0 0
vt 0 0
vt 0 0
vt 0 0
vt 0 0
vt 0 0
vt 0 0
vt 0 0
vt 0 0
vt 0 0
vt 0 0
vt 0 0
vt 0 0
vt 0 0
vt 0 0
vt 0 0
vt 0 0
vt 0 0
vt 0 0
vt 0 0
vt 0 0
vt 0 0
vt 0 0
vt 0 0
vt 0 0
vt 0 0
vt 0 0
vt 0 0
vt 0 0
vt 0 0
vt 0 0
vt 0 0
vt 0 0
vt 0 0
vt 0 0
vt 0 0
vt 0 0
vt 0 0
vt 0 0
vt 0 0
vt 0 0
vt 0 0
vt 0 0
vt 0 0
vt 0 0
vt 0 0
vt 0 0
vt 0 0
vt 0 0
vt 0 0
vt 0 0
vt 0 0
vt 0 0
vt 0 0
vt 0 0
vt 0 0
vt 0 0
vt 0 0
vt 0 0
vt 0 0
vt 0 0
vt 0 0
vt 0 0
vt 0 0
vt 0 0
vt 0 0
vt 0 0
vt 0 0
vt 0 0
vt 0 0
vt 0 0
vt 0 0
vt 0 0
vt 0 0
vt 0 0
vt 0 0
vt 0 0
vt 0 0
vt 0 0
vt 0 0
vt 0 0
vt 0 0
vt 0 0
vt 0 0
vt 0 0
vt 0 0
vt 0 0
vt 0 0
vt 0 0
vt 0 0
vt 0 0
vt 0 0
vt 0 0
vt 0 0
vt 0 0
vt 0 0
vt 0 0
vt 0 0
vt 0 0
vt 0 0
vt 0 0
vt 0 0
vt 0 0
vt 0 0
vt 0 0
vt 0 0
vt 0 0
vt 0 0
vt 0 0
vt 0 0
vt 0 0
vt 0 0
vt 0 0
vt 0 0
vt 0 0
vt 0 0
vt 0 0
vt 0 0
vt 0 0
vt 0 0
vt 0 0
vt 0 0
vt 0 0
vt 0 0
vt 0 0
vt 0 0
vt 0 0
vt 0 0
vt 0 0
vt 0 0
vt 0 0
vt 0 0
vt 0 0
vt 0 0
vt 0 0
vt 0 0
vt 0 0
vt 0 0
vt 0 0
vt 0 0
vt 0 0
vt 0 0
vt 0 0
vt 0 0
vt 0 0
vt 0 0
vt 0 0
vt 0 0
vt 0 0
vt 0 0
vt 0 0
vt 0 0
vt 0 0
vt 0 0
vt 0 0
vt 0 0
vt 0 0
vt 0 0
vt 0 0
vt 0 0
vt 0 0
vt 0 0
vt 0 0
vt 0 0
vt 0 0
vt 0 0
vt 0 0
vt 0 0
vt 0 0
vt 0 0
vt 0 0
vt 0 0
vt 0 0
vt 0 0
vt 0 0
vt 0 0
vt 0 0
vt 0 0
vt 0 0
vt 0 0
vt 0 0
vt 0 0
vt 0 0
vt 0 0
vt 0 0
vt 0 0
vt 0 0
vt 0 0
vt 0 0
vt 0 0
vt 0 0
vt 0 0
vt 0 0
vt 0 0
vt 0 0
vt 0 0
vt 0 0
vt 0 0
vt 0 0
vt 0 0
vt 0 0
vt 0 0
vt 0 0
vt 0 0
vt 0 0
vt 0 0
vt 0 0
vt 0 0
vt 0 0
vt 0 0
vt 0 0
vt 0 0
vt 0 0
vt 0 0
vt 0 0
vt 0 0
vt 0 0
vt 0 0
vt 0 0
vt 0 0
vt 0 0
vt 0 0
vt 0 0
vt 0 0
vt 0 0
vt 0 0
vt 0 0
vt 0 0
vt 0 0
vt 0 0
vt 0 0
vt 0 0
vt 0 0
vt 0 0
vt 0 0
vt 0 0
vt 0 0
vt 0 0
vt 0 0
vt 0 0
vt 0 0
vt 0 0
vt 0 0
vt 0 0
vt 0 0
vt 0 0
vt 0 0
vt 0 0
vt 0 0
vt 0 0
vt 0 0
vt 0 0
vt 0 0
vt 0 0
vt 0 0
vt 0 0
vt 0 0
vt 0 0
vt 0 0
vt 0 0
vt 0 0
vt 0 0
vt 0 0
vt 0 0
vt 0 0
vt 0 0
vt 0 0
vt 0 0
vt 0 0
vt 0 0
vt 0 0
vt 0 0
vt 0 0
vt 0 0
vt 0 0
vt 0 0
vt 0 0
vt 0 0
vt 0 0
vt 0 0
vt 0 0
vt 0 0
vt 0 0
vt 0 0
vt 0 0
vt 0 0
vt 0 0
vt 0 0
vt 0 0
vt 0 0
vt 0 0
vt 0 0
vt 0 0
vt 0 0
vt 0 0
vt 0 0
vt 0 0
vt 0 0
vt 0 0
vt 0 0
vt 0 0
vt 0 0
vt 0 0
vt 0 0
vt 0 0
vt 0 0
vt 0 0
vt 0 0
vt 0 0
vt 0 0
vt 0 0
vt 0 0
vt 0 0
vt 0 0
vt 0 0
vt 0 0
vt 0 0
vt 0 0
vt 0 0
vt 0 0
vt 0 0
vt 0 0
vt 0 0
vt 0 0
vt 0 0
vt 0 0
vt 0 0
vt 0 0
vt 0 0
vt 0 0
vt 0 0
vt 0 0
vt 0 0
vt 0 0
vt 0 0
vt 0 0
vt 0 0
vt 0 0
vt 0 0
vt 0 0
vt 0 0
vt 0 0
vt 0 0
vt 0 0
vt 0 0
vt 0 0
vt 0 0
vt 0 0
vt 0 0
vt 0 0
vt 0 0
vt 0 0
vt 0 0
vt 0 0
vt 0 0
vt 0 0
vt 0 0
vt 0 0
vt 0 0
vt 0 0
vt 0 0
vt 0 0
vt 0 0
vt 0 0
vt 0 0
vt 0 0
vt 0 0
vt 0 0
vt 0 0
vt 0 0
vt 0 0
vt 0 0
vt 0 0
vt 0 0
vt 0 0
vt 0 0
vt 0 0
vt 0 0
vt 0 0
vt 0 0
vt 0 0
vt 0 0
vt 0 0
vt 0 0
vt 0 0
vt 0 0
vt 0 0
vt 0 0
vt 0 0
vt 0 0
vt 0 0
vt 0 0
vt 0 0
vt 0 0
vt 0 0
vt 0 0
vt 0 0
vt 0 0
vt 0 0
vt 0 0
vt 0 0
vt 0 0
vt 0 0
vt 0 0
vt 0 0
vt 0 0
vt 0 0
vt 0 0
vt 0 0
vt 0 0
vt 0 0
vt 0 0
vt 0 0
vt 0 0
vt 0 0
vt 0 0
vt 0 0
vt 0 0
vt 0 0
vt 0 0
vt 0 0
vt 0 0
vt 0 0
vt 0 0
vt 0 0
vt 0 0
vt 0 0
vt 0 0
vt 0 0
vt 0 0
vt 0 0
vt 0 0
vt 0 0
vt 0 0
vt 0 0
vt 0 0
vt 0 0
vt 0 0
vt 0 0
vt 0 0
vt 0 0
vt 0 0
vt 0 0
vt 0 0
vt 0 0
vt 0 0
vt 0 0
vt 0 0
vt 0 0
vt 0 0
vt 0 0
vt 0 0
vt 0 0
vt 0 0
vt 0 0
vt 0 0
vt 0 0
vt 0 0
vt 0 0
vt 0 0
vt 0 0
vt 0 0
vt 0 0
vt 0 0
vt 0 0
vt 0 0
vt 0 0
vt 0 0
vt 0 0
vt 0 0
vt 0 0
vt 0 0
vt 0 0
vt 0 0
vt 0 0
vt 0 0
vt 0 0
vt 0 0
vt 0 0
vt 0 0
vt 0 0
vt 0 0
vt 0 0
vt 0 0
vt 0 0
vt 0 0
vt 0 0
vt 0 0
vt 0 0
vt 0 0
vt 0 0
vt 0 0
vt 0 0
vt 0 0
vt 0 0
vt 0 0
vt 0 0
vt 0 0
vt 0 0
vt 0 0
vt 0 0
vt 0 0
vt 0 0
vt 0 0
vt 0 0
vt 0 0
vt 0 0
vt 0 0
vt 0 0
vt 0 0
vt 0 0
vt 0 0
vt 0 0
vt 0 0
vt 0 0
vt 0 0
vt 0 0
vt 0 0
vt 0 0
vt 0 0
vt 0 0
vt 0 0
vt 0 0
vt 0 0
vt 0 0
vt 0 0
vt 0 0
vt 0 0
vt 0 0
vt 0 0
vt 0 0
vt 0 0
vt 0 0
vt 0 0
vt 0 0
vt 0 0
vt 0 0
vt 0 0
vt 0 0
vt 0 0
vt 0 0
vt 0 0
vt 0 0
vt 0 0
vt 0 0
vt 0 0
vt 0 0
vt 0 0
vt 0 0
vt 0 0
vt 0 0
vt 0 0
vt 0 0
vt 0 0
vt 0 0
vt 0 0
vt 0 0
vt 0 0
vt 0 0
vt 0 0
vt 0 0
vt 0 0
vt 0 0
vt 0 0
vt 0 0
vt 0 0
vt 0 0
vt 0 0
vt 0 0
vt 0 0
vt 0 0
vt 0 0
vt 0 0
vt 0 0
vt 0 0
vt 0 0
vt 0 0
vt 0 0
vt 0 0
vt 0 0
vt 0 0
vt 0 0
vt 0 0
vt 0 0
vt 0 0
vt 0 0
vt 0 0
vt 0 0
vt 0 0
vt 0 0
vt 0 0
vt 0 0
vt 0 0
vt 0 0
vt 0 0
vt 0 0
vt 0 0
vt 0 0
vt 0 0
vt 0 0
vt 0 0
vt 0 0
vt 0 0
vt 0 0
vt 0 0
vt 0 0
vt 0 0
vt 0 0
vt 0 0
vt 0 0
vt 0 0
vt 0 0
vt 0 0
vt 0 0
vt 0 0
vt 0 0
vt 0 0
vt 0 0
vt 0 0
vt 0 0
vt 0 0
vt 0 0
vt 0 0
vt 0 0
vt 0 0
vt 0 0
vt 0 0
vt 0 0
vt 0 0
vt 0 0
vt 0 0
vt 0 0
vt 0 0
vt 0 0
vt 0 0
vt 0 0
vt 0 0
vt 0 0
vt 0 0
vt 0 0
vt 0 0
vt 0 0
vt 0 0
vt 0 0
vt 0 0
vt 0 0
vt 0 0
vt 0 0
vt 0 0
vt 0 0
vt 0 0
vt 0 0
vt 0 0
vt 0 0
vt 0 0
vt 0 0
vt 0 0
vt 0 0
vt 0 0
vt 0 0
vt 0 0
vt 0 0
vt 0 0
vt 0 0
vt 0 0
vt 0 0
vt 0 0
vt 0 0
vt 0 0
vt 0 0
vt 0 0
vt 0 0
vt 0 0
vt 0 0
vt 0 0
vt 0 0
vt 0 0
vt 0 0
vt 0 0
vt 0 0
vt 0 0
vt 0 0
vt 0 0
vt 0 0
vt 0 0
vt 0 0
vt 0 0
vt 0 0
vt 0 0
vt 0 0
vt 0 0
vt 0 0
vt 0 0
vt 0 0
vt 0 0
vt 0 0
vt 0 0
vt 0 0
vt 0 0
vt 0 0
vt 0 0
vt 0 0
vt 0 0
vt 0 0
vt 0 0
vt 0 0
vt 0 0
vt 0 0
vt 0 0
vt 0 0
vt 0 0
vt 0 0
vt 0 0
vt 0 0
vt 0 0
vt 0 0
vt 0 0
vt 0 0
vt 0 0
vt 0 0
vt 0 0
vt 0 0
vt 0 0
vt 0 0
vt 0 0
vt 0 0
vt 0 0
vt 0 0
vt 0 0
vt 0 0
vt 0 0
vt 0 0
vt 0 0
vt 0 0
vt 0 0
vt 0 0
vt 0 0
vt 0 0
vt 0 0
vt 0 0
vt 0 0
vt 0 0
vt 0 0
vt 0 0
vt 0 0
vt 0 0
vt 0 0
vt 0 0
vt 0 0
vt 0 0
vt 0 0
vt 0 0
vt 0 0
vt 0 0
vt 0 0
vt 0 0
vt 0 0
vt 0 0
vt 0 0
vt 0 0
vt 0 0
vt 0 0
vt 0 0
vt 0 0
vt 0 0
vt 0 0
vt 0 0
vt 0 0
vt 0 0
vt 0 0
vt 0 0
vt 0 0
vt 0 0
vt 0 0
vt 0 0
vt 0 0
vt 0 0
vt 0 0
vt 0 0
vt 0 0
vt 0 0
vt 0 0
vt 0 0
vt 0 0
vt 0 0
vt 0 0
vt 0 0
vt 0 0
vt 0 0
vt 0 0
vt 0 0
vt 0 0
vt 0 0
vt 0 0
vt 0 0
vt 0 0
vt 0 0
vt 0 0
vt 0 0
vt 0 0
vt 0 0
vt 0 0
vt 0 0
vt 0 0
vt 0 0
vt 0 0
vt 0 0
vt 0 0
vt 0 0
vt 0 0
vt 0 0
vt 0 0
vt 0 0
vt 0 0
vt 0 0
vt 0 0
vt 0 0
vt 0 0
vt 0 0
vt 0 0
vt 0 0
vt 0 0
vt 0 0
vt 0 0
vt 0 0
vt 0 0
vt 0 0
vt 0 0
vt 0 0
vt 0 0
vt 0 0
vt 0 0
vt 0 0
vt 0 0
vt 0 0
vt 0 0
vt 0 0
vt 0 0
vt 0 0
vt 0 0
vt 0 0
vt 0 0
vt 0 0
vt 0 0
vt 0 0
vt 0 0
vt 0 0
vt 0 0
vt 0 0
vt 0 0
vt 0 0
vt 0 0
vt 0 0
vt 0 0
vt 0 0
vt 0 0
vt 0 0
vt 0 0
vt 0 0
vt 0 0
vt 0 0
vt 0 0
vt 0 0
vt 0 0
vt 0 0
vt 0 0
vt 0 0
vt 0 0
vt 0 0
vt 0 0
vt 0 0
vt 0 0
vt 0 0
vt 0 0
vt 0 0
vt 0 0
vt 0 0
vt 0 0
vt 0 0
vt 0 0
vt 0 0
vt 0 0
vt 0 0
vt 0 0
vt 0 0
vt 0 0
vt 0 0
vt 0 0
vt 0 0
vt 0 0
vt 0 0
vt 0 0
vt 0 0
vt 0 0
vt 0 0
vt 0 0
vt 0 0
vt 0 0
vt 0 0
vt 0 0
vt 0 0
vt 0 0
vt 0 0
vt 0 0
vt 0 0
vt 0 0
vt 0 0
vt 0 0
vt 0 0
vt 0 0
vt 0 0
vt 0 0
vt 0 0
vt 0 0
vt 0 0
vt 0 0
vt 0 0
vt 0 0
vt 0 0
vt 0 0
vt 0 0
vt 0 0
vt 0 0
vt 0 0
vt 0 0
vt 0 0
vt 0 0
vt 0 0
vt 0 0
vt 0 0
vt 0 0
vt 0 0
vt 0 0
vt 0 0
vt 0 0
vt 0 0
vt 0 0
vt 0 0
vt 0 0
vt 0 0
vt 0 0
vt 0 0
vt 0 0
vt 0 0
vt 0 0
vt 0 0
vt 0 0
vt 0 0
vt 0 0
vt 0 0
vt 0 0
vt 0 0
vt 0 0
vt 0 0
vt 0 0
vt 0 0
vt 0 0
vt 0 0
vt 0 0
vt 0 0
vt 0 0
vt 0 0
vt 0 0
vt 0 0
vt 0 0
vt 0 0
vt 0 0
vt 0 0
vt 0 0
vt 0 0
vt 0 0
vt 0 0
vt 0 0
vt 0 0
vt 0 0
vt 0 0
vt 0 0
vt 0 0
vt 0 0
vt 0 0
vt 0 0
vt 0 0
vt 0 0
vt 0 0
vt 0 0
vt 0 0
vt 0 0
vt 0 0
vt 0 0
vt 0 0
vt 0 0
vt 0 0
vt 0 0
vt 0 0
vt 0 0
vt 0 0
vt 0 0
vt 0 0
vt 0 0
vt 0 0
vt 0 0
vt 0 0
vt 0 0
vt 0 0
vt 0 0
vt 0 0
vt 0 0
vt 0 0
vt 0 0
vt 0 0
vt 0 0
vt 0 0
vt 0 0
vt 0 0
vt 0 0
vt 0 0
vt 0 0
vt 0 0
vt 0 0
vt 0 0
vt 0 0
vt 0 0
vt 0 0
vt 0 0
vt 0 0
vt 0 0
vt 0 0
vt 0 0
vt 0 0
vt 0 0
vt 0 0
vt 0 0
vt 0 0
vt 0 0
vt 0 0
vt 0 0
vt 0 0
vt 0 0
vt 0 0
vt 0 0
vt 0 0
vt 0 0
vt 0 0
vt 0 0
vt 0 0
vt 0 0
vt 0 0
vt 0 0
vt 0 0
vt 0 0
vt 0 0
vt 0 0
vt 0 0
vt 0 0
vt 0 0
vt 0 0
vt 0 0
vt 0 0
vt 0 0
vt 0 0
vt 0 0
vt 0 0
vt 0 0
vt 0 0
vt 0 0
vt 0 0
vt 0 0
vt 0 0
vt 0 0
vt 0 0
vt 0 0
vt 0 0
vt 0 0
vt 0 0
vt 0 0
vt 0 0
vt 0 0
vt 0 0
vt 0 0
vt 0 0
vt 0 0
vt 0 0
vt 0 0
vt 0 0
vt 0 0
vt 0 0
vt 0 0
vt 0 0
vt 0 0
vt 0 0
vt 0 0
vt 0 0
vt 0 0
vt 0 0
vt 0 0
vt 0 0
vt 0 0
vt 0 0
vt 0 0
vt 0 0
vt 0 0
vt 0 0
vt 0 0
vt 0 0
vt 0 0
vt 0 0
vt 0 0
vt 0 0
vt 0 0
vt 0 0
vt 0 0
vt 0 0
vt 0 0
vt 0 0
vt 0 0
vt 0 0
vt 0 0
vt 0 0
vt 0 0
vt 0 0
vt 0 0
vt 0 0
vt 0 0
vt 0 0
vt 0 0
vt 0 0
vt 0 0
vt 0 0
vt 0 0
vt 0 0
vt 0 0
vt 0 0
vt 0 0
vt 0 0
vt 0 0
vt 0 0
vt 0 0
vt 0 0
vt 0 0
vt 0 0
vt 0 0
vt 0 0
vt 0 0
vt 0 0
vt 0 0
vt 0 0
vt 0 0
vt 0 0
vt 0 0
vt 0 0
vt 0 0
vt 0 0
vt 0 0
vt 0 0
vt 0 0
vt 0 0
vt 0 0
vt 0 0
vt 0 0
vt 0 0
vt 0 0
vt 0 0
vt 0 0
vt 0 0
vt 0 0
vt 0 0
vt 0 0
vt 0 0
vt 0 0
vt 0 0
vt 0 0
vt 0 0
vt 0 0
vt 0 0
vt 0 0
vt 0 0
vt 0 0
vt 0 0
vt 0 0
vt 0 0
vt 0 0
vt 0 0
vt 0 0
vt 0 0
vt 0 0
vt 0 0
vt 0 0
vt 0 0
vt 0 0
vt 0 0
vt 0 0
vt 0 0
vt 0 0
vt 0 0
vt 0 0
vt 0 0
vt 0 0
vt 0 0
vt 0 0
vt 0 0
vt 0 0
vt 0 0
vt 0 0
vt 0 0
vt 0 0
vt 0 0
vt 0 0
vt 0 0
vt 0 0
vt 0 0
vt 0 0
vt 0 0
vt 0 0
vt 0 0
vt 0 0
vt 0 0
vt 0 0
vt 0 0
vt 0 0
vt 0 0
vt 0 0
vt 0 0
vt 0 0
vt 0 0
vt 0 0
vt 0 0
vt 0 0
vt 0 0
vt 0 0
vt 0 0
vt 0 0
vt 0 0
vt 0 0
vt 0 0
vt 0 0
vt 0 0
vt 0 0
vt 0 0
vt 0 0
vt 0 0
vt 0 0
vt 0 0
vt 0 0
vt 0 0
vt 0 0
vt 0 0
vt 0 0
vt 0 0
vt 0 0
vt 0 0
vt 0 0
vt 0 0
vt 0 0
vt 0 0
vt 0 0
vt 0 0
vt 0 0
vt 0 0
vt 0 0
vt 0 0
vt 0 0
vt 0 0
vt 0 0
vt 0 0
vt 0 0
vt 0 0
vt 0 0
vt 0 0
vt 0 0
vt 0 0
vt 0 0
vt 0 0
vt 0 0
vt 0 0
vt 0 0
vt 0 0
vt 0 0
vt 0 0
vt 0 0
vt 0 0
vt 0 0
vt 0 0
vt 0 0
vt 0 0
vt 0 0
vt 0 0
vt 0 0
vt 0 0
vt 0 0
vt 0 0
vt 0 0
vt 0 0
vt 0 0
vt 0 0
vt 0 0
vt 0 0
vt 0 0
vt 0 0
vt 0 0
vt 0 0
vt 0 0
vt 0 0
vt 0 0
vt 0 0
vt 0 0
vt 0 0
vt 0 0
vt 0 0
vt 0 0
vt 0 0
vt 0 0
vt 0 0
vt 0 0
vt 0 0
vt 0 0
vt 0 0
vt 0 0
vt 0 0
vt 0 0
vt 0 0
vt 0 0
vt 0 0
vt 0 0
vt 0 0
vt 0 0
vt 0 0
vt 0 0
vt 0 0
vt 0 0
vt 0 0
vt 0 0
vt 0 0
vt 0 0
vt 0 0
vt 0 0
vt 0 0
vt 0 0
vt 0 0
vt 0 0
vt 0 0
vt 0 0
vt 0 0
vt 0 0
vt 0 0
vt 0 0
vt 0 0
vt 0 0
vt 0 0
vt 0 0
vt 0 0
vt 0 0
vt 0 0
vt 0 0
vt 0 0
vt 0 0
vt 0 0
vt 0 0
vt 0 0
vt 0 0
vt 0 0
vt 0 0
vt 0 0
vt 0 0
vt 0 0
vt 0 0
vt 0 0
vt 0 0
vt 0 0
vt 0 0
vt 0 0
vt 0 0
vt 0 0
vt 0 0
vt 0 0
vt 0 0
vt 0 0
vt 0 0
vt 0 0
vt 0 0
vt 0 0
vt 0 0
vt 0 0
vt 0 0
vt 0 0
vt 0 0
vt 0 0
vt 0 0
vt 0 0
vt 0 0
vt 0 0
vt 0 0
vt 0 0
vt 0 0
vt 0 0
vt 0 0
vt 0 0
vt 0 0
vt 0 0
vt 0 0
vt 0 0
vt 0 0
vt 0 0
vt 0 0
vt 0 0
vt 0 0
vt 0 0
vt 0 0
vt 0 0
vt 0 0
vt 0 0
vt 0 0
vt 0 0
vt 0 0
vt 0 0
vt 0 0
vt 0 0
vt 0 0
vt 0 0
vt 0 0
vt 0 0
vt 0 0
vt 0 0
vt 0 0
vt 0 0
vt 0 0
vt 0 0
vt 0 0
vt 0 0
vt 0 0
vt 0 0
vt 0 0
vt 0 0
vt 0 0
vt 0 0
vt 0 0
vt 0 0
vt 0 0
vt 0 0
vt 0 0
vt 0 0
vt 0 0
vt 0 0
vt 0 0
vt 0 0
vt 0 0
vt 0 0
vt 0 0
vt 0 0
vt 0 0
vt 0 0
vt 0 0
vt 0 0
vt 0 0
vt 0 0
vt 0 0
vt 0 0
vt 0 0
vt 0 0
vt 0 0
vt 0 0
vt 0 0
vt 0 0
vt 0 0
vt 0 0
vt 0 0
vt 0 0
vt 0 0
vt 0 0
vt 0 0
vt 0 0
vt 0 0
vt 0 0
vt 0 0
vt 0 0
vt 0 0
vt 0 0
vt 0 0
vt 0 0
vt 0 0
vt 0 0
vt 0 0
vt 0 0
vt 0 0
vt 0 0
vt 0 0
vt 0 0
vt 0 0
vt 0 0
vt 0 0
vt 0 0
vt 0 0
vt 0 0
vt 0 0
vt 0 0
vt 0 0
vt 0 0
vt 0 0
vt 0 0
vt 0 0
vt 0 0
vt 0 0
vt 0 0
vt 0 0
vt 0 0
vt 0 0
vt 0 0
vt 0 0
vt 0 0
vt 0 0
vt 0 0
vt 0 0
vt 0 0
vt 0 0
vt 0 0
vt 0 0
vt 0 0
vt 0 0
vt 0 0
vt 0 0
vt 0 0
vt 0 0
vt 0 0
vt 0 0
vt 0 0
vt 0 0
vt 0 0
vt 0 0
vt 0 0
vt 0 0
vt 0 0
vt 0 0
vt 0 0
vt 0 0
vt 0 0
vt 0 0
vt 0 0
vt 0 0
vt 0 0
vt 0 0
vt 0 0
vt 0 0
vt 0 0
vt 0 0
vt 0 0
vt 0 0
vt 0 0
vt 0 0
vt 0 0
vt 0 0
vt 0 0
vt 0 0
vt 0 0
vt 0 0
vt 0 0
vt 0 0
vt 0 0
vt 0 0
vt 0 0
vt 0 0
vt 0 0
vt 0 0
vt 0 0
vt 0 0
vt 0 0
vt 0 0
vt 0 0
vt 0 0
vt 0 0
vt 0 0
vt 0 0
vt 0 0
vt 0 0
vt 0 0
vt 0 0
vt 0 0
vt 0 0
vt 0 0
vt 0 0
vt 0 0
vt 0 0
vt 0 0
vt 0 0
vt 0 0
vt 0 0
vt 0 0
vt 0 0
vt 0 0
vt 0 0
vt 0 0
vt 0 0
vt 0 0
vt 0 0
vt 0 0
vt 0 0
vt 0 0
vt 0 0
vt 0 0
vt 0 0
vt 0 0
vt 0 0
vt 0 0
vt 0 0
vt 0 0
vt 0 0
vt 0 0
vt 0 0
vt 0 0
vt 0 0
vt 0 0
vt 0 0
vt 0 0
vt 0 0
vt 0 0
vt 0 0
vt 0 0
vt 0 0
vt 0 0
vt 0 0
vt 0 0
vt 0 0
vt 0 0
vt 0 0
vt 0 0
vt 0 0
vt 0 0
vt 0 0
vt 0 0
vt 0 0
vt 0 0
vt 0 0
vt 0 0
vt 0 0
vt 0 0
vt 0 0
vt 0 0
vt 0 0
vt 0 0
vt 0 0
vt 0 0
vt 0 0
vt 0 0
vt 0 0
vt 0 0
vt 0 0
vt 0 0
vt 0 0
vt 0 0
vt 0 0
vt 0 0
vt 0 0
vt 0 0
vt 0 0
vt 0 0
vt 0 0
vt 0 0
vt 0 0
vt 0 0
vt 0 0
vt 0 0
vt 0 0
vt 0 0
vt 0 0
vt 0 0
vt 0 0
vt 0 0
vt 0 0
vt 0 0
vt 0 0
vt 0 0
vt 0 0
vt 0 0
vt 0 0
vt 0 0
vt 0 0
vt 0 0
vt 0 0
vt 0 0
vt 0 0
vt 0 0
vt 0 0
vt 0 0
vt 0 0
vt 0 0
vt 0 0
vt 0 0
vt 0 0
vt 0 0
vt 0 0
vt 0 0
vt 0 0
vt 0 0
vt 0 0
vt 0 0
vt 0 0
vt 0 0
vt 0 0
vt 0 0
vt 0 0
vt 0 0
vt 0 0
vt 0 0
vt 0 0
vt 0 0
vt 0 0
vt 0 0
vt 0 0
vt 0 0
vt 0 0
vt 0 0
vt 0 0
vt 0 0
vt 0 0
vt 0 0
vt 0 0
vt 0 0
vt 0 0
vt 0 0
vt 0 0
vt 0 0
vt 0 0
vt 0 0
vt 0 0
vt 0 0
vt 0 0
vt 0 0
vt 0 0
vt 0 0
vt 0 0
vt 0 0
vt 0 0
vt 0 0
vt 0 0
vt 0 0
vt 0 0
vt 0 0
vt 0 0
vt 0 0
vt 0 0
vt 0 0
vt 0 0
vt 0 0
vt 0 0
vt 0 0
vt 0 0
vt 0 0
vt 0 0
vt 0 0
vt 0 0
vt 0 0
vt 0 0
vt 0 0
vt 0 0
vt 0 0
vt 0 0
vt 0 0
vt 0 0
vt 0 0
vt 0 0
vt 0 0
vt 0 0
vt 0 0
vt 0 0
vt 0 0
vt 0 0
vt 0 0
vt 0 0
vt 0 0
vt 0 0
vt 0 0
vt 0 0
vt 0 0
vt 0 0
vt 0 0
vt 0 0
vt 0 0
vt 0 0
vt 0 0
vt 0 0
vt 0 0
vt 0 0
vt 0 0
vt 0 0
vt 0 0
vt 0 0
vt 0 0
vt 0 0
vt 0 0
vt 0 0
vt 0 0
vt 0 0
vt 0 0
vt 0 0
vt 0 0
vt 0 0
vt 0 0
vt 0 0
vt 0 0
vt 0 0
vt 0 0
vt 0 0
vt 0 0
vt 0 0
vt 0 0
vt 0 0
vt 0 0
vt 0 0
vt 0 0
vt 0 0
vt 0 0
vt 0 0
vt 0 0
vt 0 0
vt 0 0
vt 0 0
vt 0 0
vt 0 0
vt 0 0
vt 0 0
vt 0 0
vt 0 0
vt 0 0
vt 0 0
vt 0 0
vt 0 0
vt 0 0
vt 0 0
vt 0 0
vt 0 0
vt 0 0
vt 0 0
vt 0 0
vt 0 0
vt 0 0
vt 0 0
vt 0 0
vt 0 0
vt 0 0
vt 0 0
vt 0 0
vt 0 0
vt 0 0
vt 0 0
vt 0 0
vt 0 0
vt 0 0
vt 0 0
vt 0 0
vt 0 0
vt 0 0
vt 0 0
vt 0 0
vt 0 0
vt 0 0
vt 0 0
vt 0 0
vt 0 0
vt 0 0
vt 0 0
vt 0 0
vt 0 0
vt 0 0
vt 0 0
vt 0 0
vt 0 0
vt 0 0
vt 0 0
vt 0 0
vt 0 0
vt 0 0
vt 0 0
vt 0 0
vt 0 0
vt 0 0
vt 0 0
vt 0 0
vt 0 0
vt 0 0
vt 0 0
vt 0 0
vt 0 0
vt 0 0
vt 0 0
vt 0 0
vt 0 0
vt 0 0
vt 0 0
vt 0 0
vt 0 0
vt 0 0
vt 0 0
vt 0 0
vt 0 0
vt 0 0
vt 0 0
vt 0 0
vt 0 0
vt 0 0
vt 0 0
vt 0 0
vt 0 0
vt 0 0
vt 0 0
vt 0 0
vt 0 0
vt 0 0
vt 0 0
vt 0 0
vt 0 0
vt 0 0
vt 0 0
vt 0 0
vt 0 0
vt 0 0
vt 0 0
vt 0 0
vt 0 0
vt 0 0
vt 0 0
vt 0 0
vt 0 0
vt 0 0
vt 0 0
vt 0 0
vt 0 0
vt 0 0
vt 0 0
vt 0 0
vt 0 0
vt 0 0
vt 0 0
vt 0 0
vt 0 0
vt 0 0
vt 0 0
vt 0 0
vt 0 0
vt 0 0
vt 0 0
vt 0 0
vt 0 0
vt 0 0
vt 0 0
vt 0 0
vt 0 0
vt 0 0
vt 0 0
vt 0 0
vt 0 0
vt 0 0
vt 0 0
vt 0 0
vt 0 0
vt 0 0
vt 0 0
vt 0 0
vt 0 0
vt 0 0
vt 0 0
vt 0 0
vt 0 0
vt 0 0
vt 0 0
vt 0 0
vt 0 0
vt 0 0
vt 0 0
vt 0 0
vt 0 0
vt 0 0
vt 0 0
vt 0 0
vt 0 0
vt 0 0
vt 0 0
vt 0 0
vt 0 0
vt 0 0
vt 0 0
vt 0 0
vt 0 0
vt 0 0
vt 0 0
vt 0 0
vt 0 0
vt 0 0
vt 0 0
vt 0 0
vt 0 0
vt 0 0
vt 0 0
vt 0 0
vt 0 0
vt 0 0
vt 0 0
vt 0 0
vt 0 0
vt 0 0
vt 0 0
vt 0 0
vt 0 0
vt 0 0
vt 0 0
vt 0 0
vt 0 0
vt 0 0
vt 0 0
vt 0 0
vt 0 0
vt 0 0
vt 0 0
vt 0 0
vt 0 0
vt 0 0
vt 0 0
vt 0 0
vt 0 0
vt 0 0
vt 0 0
vt 0 0
vt 0 0
vt 0 0
vt 0 0
vt 0 0
vt 0 0
vt 0 0
vt 0 0
vt 0 0
vt 0 0
vt 0 0
vt 0 0
vt 0 0
vt 0 0
vt 0 0
vt 0 0
vt 0 0
vt 0 0
vt 0 0
vt 0 0
vt 0 0
vt 0 0
vt 0 0
vt 0 0
vt 0 0
vt 0 0
vt 0 0
vt 0 0
vt 0 0
vt 0 0
vt 0 0
vt 0 0
vt 0 0
vt 0 0
vt 0 0
vt 0 0
vt 0 0
vt 0 0
vt 0 0
vt 0 0
vt 0 0
vt 0 0
vt 0 0
vt 0 0
vt 0 0
vt 0 0
vt 0 0
vt 0 0
vt 0 0
vt 0 0
vt 0 0
vt 0 0
vt 0 0
vt 0 0
vt 0 0
vt 0 0
vt 0 0
vt 0 0
vt 0 0
vt 0 0
vt 0 0
vt 0 0
vt 0 0
vt 0 0
vt 0 0
vt 0 0
vt 0 0
vt 0 0
vt 0 0
vt 0 0
vt 0 0
vt 0 0
vt 0 0
vt 0 0
vt 0 0
vt 0 0
vt 0 0
vt 0 0
vt 0 0
vt 0 0
vt 0 0
vt 0 0
vt 0 0
vt 0 0
vt 0 0
vt 0 0
vt 0 0
vt 0 0
vt 0 0
vt 0 0
vt 0 0
vt 0 0
vt 0 0
vt 0 0
vt 0 0
vt 0 0
vt 0 0
vt 0 0
vt 0 0
vt 0 0
vt 0 0
vt 0 0
vt 0 0
vt 0 0
vt 0 0
vt 0 0
vt 0 0
vt 0 0
vt 0 0
vt 0 0
vt 0 0
vt 0 0
vt 0 0
vt 0 0
vt 0 0
vt 0 0
vt 0 0
vt 0 0
vt 0 0
vt 0 0
vt 0 0
vt 0 0
vt 0 0
vt 0 0
vt 0 0
vt 0 0
vt 0 0
vt 0 0
vt 0 0
vt 0 0
vt 0 0
vt 0 0
vt 0 0
vt 0 0
vt 0 0
vt 0 0
vt 0 0
vt 0 0
vt 0 0
vt 0 0
vt 0 0
vt 0 0
vt 0 0
vt 0 0
vt 0 0
vt 0 0
vt 0 0
vt 0 0
vt 0 0
vt 0 0
vt 0 0
vt 0 0
vt 0 0
vt 0 0
vt 0 0
vt 0 0
vt 0 0
vt 0 0
vt 0 0
vt 0 0
vt 0 0
vt 0 0
vt 0 0
vt 0 0
vt 0 0
vt 0 0
vt 0 0
vt 0 0
vt 0 0
vt 0 0
vt 0 0
vt 0 0
vt 0 0
vt 0 0
vt 0 0
vt 0 0
vt 0 0
vt 0 0
vt 0 0
vt 0 0
vt 0 0
vt 0 0
vt 0 0
vt 0 0
vt 0 0
vt 0 0
vt 0 0
vt 0 0
vt 0 0
vt 0 0
vt 0 0
vt 0 0
vt 0 0
vt 0 0
vt 0 0
vt 0 0
vt 0 0
vt 0 0
vt 0 0
vt 0 0
vt 0 0
vt 0 0
vt 0 0
vt 0 0
vt 0 0
vt 0 0
vt 0 0
vt 0 0
vt 0 0
vt 0 0
vt 0 0
vt 0 0
vt 0 0
vt 0 0
vt 0 0
vt 0 0
vt 0 0
vt 0 0
vt 0 0
vt 0 0
vt 0 0
vt 0 0
vt 0 0
vt 0 0
vt 0 0
vt 0 0
vt 0 0
vt 0 0
vt 0 0
vt 0 0
vt 0 0
vt 0 0
vt 0 0
vt 0 0
vt 0 0
vt 0 0
vt 0 0
vt 0 0
vt 0 0
vt 0 0
vt 0 0
vt 0 0
vt 0 0
vt 0 0
vt 0 0
vt 0 0
vt 0 0
vt 0 0
vt 0 0
vt 0 0
vt 0 0
vt 0 0
vt 0 0
vt 0 0
vt 0 0
vt 0 0
vt 0 0
vt 0 0
vt 0 0
vt 0 0
vt 0 0
vt 0 0
vt 0 0
vt 0 0
vt 0 0
vt 0 0
vt 0 0
vt 0 0
vt 0 0
vt 0 0
vt 0 0
vt 0 0
vt 0 0
vt 0 0
vt 0 0
vt 0 0
vt 0 0
vt 0 0
vt 0 0
vt 0 0
vt 0 0
vt 0 0
vt 0 0
vt 0 0
vt 0 0
vt 0 0
vt 0 0
vt 0 0
vt 0 0
vt 0 0
vt 0 0
vt 0 0
vt 0 0
vt 0 0
vt 0 0
vt 0 0
vt 0 0
vt 0 0
vt 0 0
vt 0 0
vt 0 0
vt 0 0
vt 0 0
vt 0 0
vt 0 0
vt 0 0
vt 0 0
vt 0 0
vt 0 0
vt 0 0
vt 0 0
vt 0 0
vt 0 0
vt 0 0
vt 0 0
vt 0 0
vt 0 0
vt 0 0
vt 0 0
vt 0 0
vt 0 0
vt 0 0
vt 0 0
vt 0 0
vt 0 0
vt 0 0
vt 0 0
vt 0 0
vt 0 0
vt 0 0
vt 0 0
vt 0 0
vt 0 0
vt 0 0
vt 0 0
vt 0 0
vt 0 0
vt 0 0
vt 0 0
vt 0 0
vt 0 0
vt 0 0
vt 0 0
vt 0 0
vt 0 0
vt 0 0
vt 0 0
vt 0 0
vt 0 0
vt 0 0
vt 0 0
vt 0 0
vt 0 0
vt 0 0
vt 0 0
vt 0 0
vt 0 0
vt 0 0
vt 0 0
vt 0 0
vt 0 0
vt 0 0
vt 0 0
vt 0 0
vt 0 0
vt 0 0
vt 0 0
vt 0 0
vt 0 0
vt 0 0
vt 0 0
vt 0 0
vt 0 0
vt 0 0
vt 0 0
vt 0 0
vt 0 0
vt 0 0
vt 0 0
vt 0 0
vt 0 0
vt 0 0
vt 0 0
vt 0 0
vt 0 0
vt 0 0
vt 0 0
vt 0 0
vt 0 0
vt 0 0
vt 0 0
vt 0 0
vt 0 0
vt 0 0
vt 0 0
vt 0 0
vt 0 0
vt 0 0
vt 0 0
vt 0 0
vt 0 0
vt 0 0
vt 0 0
vt 0 0
vt 0 0
vt 0 0
vt 0 0
vt 0 0
vt 0 0
vt 0 0
vt 0 0
vt 0 0
vt 0 0
vt 0 0
vt 0 0
vt 0 0
vt 0 0
vt 0 0
vt 0 0
vt 0 0
vt 0 0
vt 0 0
vt 0 0
vt 0 0
vt 0 0
vt 0 0
vt 0 0
vt 0 0
vt 0 0
vt 0 0
vt 0 0
vt 0 0
vt 0 0
vt 0 0
vt 0 0
vt 0 0
vt 0 0
vt 0 0
vt 0 0
vt 0 0
vt 0 0
vt 0 0
vt 0 0
vt 0 0
vt 0 0
vt 0 0
vt 0 0
vt 0 0
vt 0 0
vt 0 0
vt 0 0
vt 0 0
vt 0 0
vt 0 0
vt 0 0
vt 0 0
vt 0 0
vt 0 0
vt 0 0
vt 0 0
vt 0 0
vt 0 0
vt 0 0
vt 0 0
vt 0 0
vt 0 0
vt 0 0
vt 0 0
vt 0 0
vt 0 0
vt 0 0
vt 0 0
vt 0 0
vt 0 0
vt 0 0
vt 0 0
vt 0 0
vt 0 0
vt 0 0
vt 0 0
vt 0 0
vt 0 0
vt 0 0
vt 0 0
vt 0 0
vt 0 0
vt 0 0
vt 0 0
vt 0 0
vt 0 0
vt 0 0
vt 0 0
vt 0 0
vt 0 0
vt 0 0
vt 0 0
vt 0 0
vt 0 0
vt 0 0
vt 0 0
vt 0 0
vt 0 0
vt 0 0
vt 0 0
vt 0 0
vt 0 0
vt 0 0
vt 0 0
vt 0 0
vt 0 0
vt 0 0
vt 0 0
vt 0 0
vt 0 0
vt 0 0
vt 0 0
vt 0 0
vt 0 0
vt 0 0
vt 0 0
vt 0 0
vt 0 0
vt 0 0
vt 0 0
vt 0 0
vt 0 0
vt 0 0
vt 0 0
vt 0 0
vt 0 0
vt 0 0
vt 0 0
vt 0 0
vt 0 0
vt 0 0
vt 0 0
vt 0 0
vt 0 0
vt 0 0
vt 0 0
vt 0 0
vt 0 0
vt 0 0
vt 0 0
vt 0 0
vt 0 0
vt 0 0
vt 0 0
vt 0 0
vt 0 0
vt 0 0
vt 0 0
vt 0 0
vt 0 0
vt 0 0
vt 0 0
vt 0 0
vt 0 0
vt 0 0
vt 0 0
vt 0 0
vt 0 0
vt 0 0
vt 0 0
vt 0 0
vt 0 0
vt 0 0
vt 0 0
vt 0 0
vt 0 0
vt 0 0
vt 0 0
vt 0 0
vt 0 0
vt 0 0
vt 0 0
vt 0 0
vt 0 0
vt 0 0
vt 0 0
vt 0 0
vt 0 0
vt 0 0
vt 0 0
vt 0 0
vt 0 0
vt 0 0
vt 0 0
vt 0 0
vt 0 0
vt 0 0
vt 0 0
vt 0 0
vt 0 0
vt 0 0
vt 0 0
vt 0 0
vt 0 0
vt 0 0
vt 0 0
vt 0 0
vt 0 0
vt 0 0
vt 0 0
vt 0 0
vt 0 0
vt 0 0
vt 0 0
vt 0 0
vt 0 0
vt 0 0
vt 0 0
vt 0 0
vt 0 0
vt 0 0
vt 0 0
vt 0 0
vt 0 0
vt 0 0
vt 0 0
vt 0 0
vt 0 0
vt 0 0
vt 0 0
vt 0 0
vt 0 0
vt 0 0
vt 0 0
vt 0 0
vt 0 0
vt 0 0
vt 0 0
vt 0 0
vt 0 0
vt 0 0
vt 0 0
vt 0 0
vt 0 0
vt 0 0
vt 0 0
vt 0 0
vt 0 0
vt 0 0
vt 0 0
vt 0 0
vt 0 0
vt 0 0
vt 0 0
vt 0 0
vt 0 0
vt 0 0
vt 0 0
vt 0 0
vt 0 0
vt 0 0
vt 0 0
vt 0 0
vt 0 0
vt 0 0
vt 0 0
vt 0 0
vt 0 0
vt 0 0
vt 0 0
vt 0 0
vt 0 0
vt 0 0
vt 0 0
vt 0 0
vt 0 0
vt 0 0
vt 0 0
vt 0 0
vt 0 0
vt 0 0
vt 0 0
vt 0 0
vt 0 0
vt 0 0
vt 0 0
vt 0 0
vt 0 0
vt 0 0
vt 0 0
vt 0 0
vt 0 0
vt 0 0
vt 0 0
vt 0 0
vt 0 0
vt 0 0
vt 0 0
vt 0 0
vt 0 0
vt 0 0
vt 0 0
vt 0 0
vt 0 0
vt 0 0
vt 0 0
vt 0 0
vt 0 0
vt 0 0
vt 0 0
vt 0 0
vt 0 0
vt 0 0
vt 0 0
vt 0 0
vt 0 0
vt 0 0
vt 0 0
vt 0 0
vt 0 0
vt 0 0
vt 0 0
vt 0 0
vt 0 0
vt 0 0
vt 0 0
vt 0 0
vt 0 0
vt 0 0
vt 0 0
vt 0 0
vt 0 0
vt 0 0
vt 0 0
vt 0 0
vt 0 0
vt 0 0
vt 0 0
vt 0 0
vt 0 0
vt 0 0
vt 0 0
vt 0 0
vt 0 0
vt 0 0
vt 0 0
vt 0 0
vt 0 0
vt 0 0
vt 0 0
vt 0 0
vt 0 0
vt 0 0
vt 0 0
vt 0 0
vt 0 0
vt 0 0
vt 0 0
vt 0 0
vt 0 0
vt 0 0
vt 0 0
vt 0 0
vt 0 0
vt 0 0
vt 0 0
vt 0 0
vt 0 0
vt 0 0
vt 0 0
vt 0 0
vt 0 0
vt 0 0
vt 0 0
vt 0 0
vt 0 0
vt 0 0
vt 0 0
vt 0 0
vt 0 0
vt 0 0
vt 0 0
vt 0 0
vt 0 0
vt 0 0
vt 0 0
vt 0 0
vt 0 0
vt 0 0
vt 0 0
vt 0 0
vt 0 0
vt 0 0
vt 0 0
vt 0 0
vt 0 0
vt 0 0
vt 0 0
vt 0 0
vt 0 0
vt 0 0
vt 0 0
vt 0 0
vt 0 0
vt 0 0
vt 0 0
vt 0 0
vt 0 0
vt 0 0
vt 0 0
vt 0 0
vt 0 0
vt 0 0
vt 0 0
vt 0 0
vt 0 0
vt 0 0
vt 0 0
vt 0 0
vt 0 0
vt 0 0
vt 0 0
vt 0 0
vt 0 0
vt 0 0
vt 0 0
vt 0 0
vt 0 0
vt 0 0
vt 0 0
vt 0 0
vt 0 0
vt 0 0
vt 0 0
vt 0 0
vt 0 0
vt 0 0
vt 0 0
vt 0 0
vt 0 0
vt 0 0
vt 0 0
vt 0 0
vt 0 0
vt 0 0
vt 0 0
vt 0 0
vt 0 0
vt 0 0
vt 0 0
vt 0 0
vt 0 0
vt 0 0
vt 0 0
vt 0 0
vt 0 0
vt 0 0
vt 0 0
vt 0 0
vt 0 0
vt 0 0
vt 0 0
vt 0 0
vt 0 0
vt 0 0
vt 0 0
vt 0 0
vt 0 0
vt 0 0
vt 0 0
vt 0 0
vt 0 0
vt 0 0
vt 0 0
vt 0 0
vt 0 0
vt 0 0
vt 0 0
vt 0 0
vt 0 0
vt 0 0
vt 0 0
vt 0 0
vt 0 0
vt 0 0
vt 0 0
vt 0 0
vt 0 0
vt 0 0
vt 0 0
vt 0 0
vt 0 0
vt 0 0
vt 0 0
vt 0 0
vt 0 0
vt 0 0
vt 0 0
vt 0 0
vt 0 0
vt 0 0
vt 0 0
vt 0 0
vt 0 0
vt 0 0
vt 0 0
vt 0 0
vt 0 0
vt 0 0
vt 0 0
vt 0 0
vt 0 0
vt 0 0
vt 0 0
vt 0 0
vt 0 0
vt 0 0
vt 0 0
vt 0 0
vt 0 0
vt 0 0
vt 0 0
vt 0 0
vt 0 0
vt 0 0
vt 0 0
vt 0 0
vt 0 0
vt 0 0
vt 0 0
vt 0 0
vt 0 0
vt 0 0
vt 0 0
vt 0 0
vt 0 0
vt 0 0
vt 0 0
vt 0 0
vt 0 0
vt 0 0
vt 0 0
vt 0 0
vt 0 0
vt 0 0
vt 0 0
vt 0 0
vt 0 0
vt 0 0
vt 0 0
vt 0 0
vt 0 0
vt 0 0
vt 0 0
vt 0 0
vt 0 0
vt 0 0
vt 0 0
vt 0 0
vt 0 0
vt 0 0
vt 0 0
vt 0 0
vt 0 0
vt 0 0
vt 0 0
vt 0 0
vt 0 0
vt 0 0
vt 0 0
vt 0 0
vt 0 0
vt 0 0
vt 0 0
vt 0 0
vt 0 0
vt 0 0
vt 0 0
vt 0 0
vt 0 0
vt 0 0
vt 0 0
vt 0 0
vt 0 0
vt 0 0
vt 0 0
vt 0 0
vt 0 0
vt 0 0
vt 0 0
vt 0 0
vt 0 0
vt 0 0
vt 0 0
vt 0 0
vt 0 0
vt 0 0
vt 0 0
vt 0 0
vt 0 0
vt 0 0
vt 0 0
vt 0 0
vt 0 0
vt 0 0
vt 0 0
vt 0 0
vt 0 0
vt 0 0
vt 0 0
vt 0 0
vt 0 0
vt 0 0
vt 0 0
vt 0 0
vt 0 0
vt 0 0
vt 0 0
vt 0 0
vt 0 0
vt 0 0
vt 0 0
vt 0 0
vt 0 0
vt 0 0
vt 0 0
vt 0 0
vt 0 0
vt 0 0
vt 0 0
vt 0 0
vt 0 0
vt 0 0
vt 0 0
vt 0 0
vt 0 0
vt 0 0
vt 0 0
vt 0 0
vt 0 0
vt 0 0
vt 0 0
vt 0 0
vt 0 0
vt 0 0
vt 0 0
vt 0 0
vt 0 0
vt 0 0
vt 0 0
vt 0 0
vt 0 0
vt 0 0
vt 0 0
vt 0 0
vt 0 0
vt 0 0
vt 0 0
vt 0 0
vt 0 0
vt 0 0
vt 0 0
vt 0 0
vt 0 0
vt 0 0
vt 0 0
vt 0 0
vt 0 0
vt 0 0
vt 0 0
vt 0 0
vt 0 0
vt 0 0
vt 0 0
vt 0 0
vt 0 0
vt 0 0
vt 0 0
vt 0 0
vt 0 0
vt 0 0
vt 0 0
vt 0 0
vt 0 0
vt 0 0
vt 0 0
vt 0 0
vt 0 0
vt 0 0
vt 0 0
vt 0 0
vt 0 0
vt 0 0
vt 0 0
vt 0 0
vt 0 0
vt 0 0
vt 0 0
vt 0 0
vt 0 0
vt 0 0
vt 0 0
vt 0 0
vt 0 0
vt 0 0
vt 0 0
vt 0 0
vt 0 0
vt 0 0
vt 0 0
vt 0 0
vt 0 0
vt 0 0
vt 0 0
vt 0 0
vt 0 0
vt 0 0
vt 0 0
vt 0 0
vt 0 0
vt 0 0
vt 0 0
vt 0 0
vt 0 0
vt 0 0
vt 0 0
vt 0 0
vt 0 0
vt 0 0
vt 0 0
vt 0 0
vt 0 0
vt 0 0
vt 0 0
vt 0 0
vt 0 0
vt 0 0
vt 0 0
vt 0 0
vt 0 0
vt 0 0
vt 0 0
vt 0 0
vt 0 0
vt 0 0
vt 0 0
vt 0 0
vt 0 0
vt 0 0
vt 0 0
vt 0 0
vt 0 0
vt 0 0
vt 0 0
vt 0 0
vt 0 0
vt 0 0
vt 0 0
vt 0 0
vt 0 0
vt 0 0
vt 0 0
vt 0 0
vt 0 0
vt 0 0
vt 0 0
vt 0 0
vt 0 0
vt 0 0
vt 0 0
vt 0 0
vt 0 0
vt 0 0
vt 0 0
vt 0 0
vt 0 0
vt 0 0
vt 0 0
vt 0 0
vt 0 0
vt 0 0
vt 0 0
vt 0 0
vt 0 0
vt 0 0
vt 0 0
vt 0 0
vt 0 0
vt 0 0
vt 0 0
vt 0 0
vt 0 0
vt 0 0
vt 0 0
vt 0 0
vt 0 0
vt 0 0
vt 0 0
vt 0 0
vt 0 0
vt 0 0
vt 0 0
vt 0 0
vt 0 0
vt 0 0
vt 0 0
vt 0 0
vt 0 0
vt 0 0
vt 0 0
vt 0 0
vt 0 0
vt 0 0
vt 0 0
vt 0 0
vt 0 0
vt 0 0
vt 0 0
vt 0 0
vt 0 0
vt 0 0
vt 0 0
vt 0 0
vt 0 0
vt 0 0
vt 0 0
vt 0 0
vt 0 0
vt 0 0
vt 0 0
vt 0 0
vt 0 0
vt 0 0
vt 0 0
vt 0 0
vt 0 0
vt 0 0
vt 0 0
vt 0 0
vt 0 0
vt 0 0
vt 0 0
vt 0 0
vt 0 0
vt 0 0
vt 0 0
vt 0 0
vt 0 0
vt 0 0
vt 0 0
vt 0 0
vt 0 0
vt 0 0
vt 0 0
vt 0 0
vt 0 0
vt 0 0
vt 0 0
vt 0 0
vt 0 0
vt 0 0
vt 0 0
vt 0 0
vt 0 0
vt 0 0
vt 0 0
vt 0 0
vt 0 0
vt 0 0
vt 0 0
vt 0 0
vt 0 0
vt 0 0
vt 0 0
vt 0 0
vt 0 0
vt 0 0
vt 0 0
vt 0 0
vt 0 0
vt 0 0
vt 0 0
vt 0 0
vt 0 0
vt 0 0
vt 0 0
vt 0 0
vt 0 0
vt 0 0
vt 0 0
vt 0 0
vt 0 0
vt 0 0
vt 0 0
vt 0 0
vt 0 0
vt 0 0
vt 0 0
vt 0 0
vt 0 0
vt 0 0
vt 0 0
vt 0 0
vt 0 0
vt 0 0
vt 0 0
vt 0 0
vt 0 0
vt 0 0
vt 0 0
vt 0 0
vt 0 0
vt 0 0
vt 0 0
vt 0 0
vt 0 0
vt 0 0
vt 0 0
vt 0 0
vt 0 0
vt 0 0
vt 0 0
vt 0 0
vt 0 0
vt 0 0
vt 0 0
vt 0 0
vt 0 0
vt 0 0
vt 0 0
vt 0 0
vt 0 0
vt 0 0
vt 0 0
vt 0 0
vt 0 0
vt 0 0
vt 0 0
vt 0 0
vt 0 0
vt 0 0
vt 0 0
vt 0 0
vt 0 0
vt 0 0
vt 0 0
vt 0 0
vt 0 0
vt 0 0
vt 0 0
vt 0 0
vt 0 0
vt 0 0
vt 0 0
vt 0 0
vt 0 0
vt 0 0
vt 0 0
vt 0 0
vt 0 0
vt 0 0
vt 0 0
vt 0 0
vt 0 0
vt 0 0
vt 0 0
vt 0 0
vt 0 0
vt 0 0
vt 0 0
vt 0 0
vt 0 0
vt 0 0
vt 0 0
vt 0 0
vt 0 0
vt 0 0
vt 0 0
vt 0 0
vt 0 0
vt 0 0
vt 0 0
vt 0 0
vt 0 0
vt 0 0
vt 0 0
vt 0 0
vt 0 0
vt 0 0
vt 0 0
vt 0 0
vt 0 0
vt 0 0
vt 0 0
vt 0 0
vt 0 0
vt 0 0
vt 0 0
vt 0 0
vt 0 0
vt 0 0
vt 0 0
vt 0 0
vt 0 0
vt 0 0
vt 0 0
vt 0 0
vt 0 0
vt 0 0
vt 0 0
vt 0 0
vt 0 0
vt 0 0
vt 0 0
vt 0 0
vt 0 0
vt 0 0
vt 0 0
vt 0 0
vt 0 0
vt 0 0
vt 0 0
vt 0 0
vt 0 0
vt 0 0
vt 0 0
vt 0 0
vt 0 0
vt 0 0
vt 0 0
vt 0 0
vt 0 0
vt 0 0
vt 0 0
vt 0 0
vt 0 0
vt 0 0
vt 0 0
vt 0 0
vt 0 0
vt 0 0
vt 0 0
vt 0 0
vt 0 0
vt 0 0
vt 0 0
vt 0 0
vt 0 0
vt 0 0
vt 0 0
vt 0 0
vt 0 0
vt 0 0
vt 0 0
vt 0 0
vt 0 0
vt 0 0
vt 0 0
vt 0 0
vt 0 0
vt 0 0
vt 0 0
vt 0 0
vt 0 0
vt 0 0
vt 0 0
vt 0 0
vt 0 0
vt 0 0
vt 0 0
vt 0 0
vt 0 0
vt 0 0
vt 0 0
vt 0 0
vt 0 0
vt 0 0
vt 0 0
vt 0 0
vt 0 0
vt 0 0
vt 0 0
vt 0 0
vt 0 0
vt 0 0
vt 0 0
vt 0 0
vt 0 0
vt 0 0
vt 0 0
vt 0 0
vt 0 0
vt 0 0
vt 0 0
vt 0 0
vt 0 0
vt 0 0
vt 0 0
vt 0 0
vt 0 0
vt 0 0
vt 0 0
vt 0 0
vt 0 0
vt 0 0
vt 0 0
vt 0 0
vt 0 0
vt 0 0
vt 0 0
vt 0 0
vt 0 0
vt 0 0
vt 0 0
vt 0 0
vt 0 0
vt 0 0
vt 0 0
vt 0 0
vt 0 0
vt 0 0
vt 0 0
vt 0 0
vt 0 0
vt 0 0
vt 0 0
vt 0 0
vt 0 0
vt 0 0
vt 0 0
vt 0 0
vt 0 0
vt 0 0
vt 0 0
vt 0 0
vt 0 0
vt 0 0
vt 0 0
vt 0 0
vt 0 0
vt 0 0
vt 0 0
vt 0 0
vt 0 0
vt 0 0
vt 0 0
vt 0 0
vt 0 0
vt 0 0
vt 0 0
vt 0 0
vt 0 0
vt 0 0
vt 0 0
vt 0 0
vt 0 0
vt 0 0
vt 0 0
vt 0 0
vt 0 0
vt 0 0
vt 0 0
vt 0 0
vt 0 0
vt 0 0
vt 0 0
vt 0 0
vt 0 0
vt 0 0
vt 0 0
vt 0 0
vt 0 0
vt 0 0
vt 0 0
vt 0 0
vt 0 0
vt 0 0
vt 0 0
vt 0 0
vt 0 0
vt 0 0
vt 0 0
vt 0 0
vt 0 0
vt 0 0
vt 0 0
vt 0 0
vt 0 0
vt 0 0
vt 0 0
vt 0 0
vt 0 0
vt 0 0
vt 0 0
vt 0 0
vt 0 0
vt 0 0
vt 0 0
vt 0 0
vt 0 0
vt 0 0
vt 0 0
vt 0 0
vt 0 0
vt 0 0
vt 0 0
vt 0 0
vt 0 0
vt 0 0
vt 0 0
vt 0 0
vt 0 0
vt 0 0
vt 0 0
vt 0 0
vt 0 0
vt 0 0
vt 0 0
vt 0 0
vt 0 0
vt 0 0
vt 0 0
vt 0 0
vt 0 0
vt 0 0
vt 0 0
vt 0 0
vt 0 0
vt 0 0
vt 0 0
vt 0 0
vt 0 0
vt 0 0
vt 0 0
vt 0 0
vt 0 0
vt 0 0
vt 0 0
vt 0 0
vt 0 0
vt 0 0
vt 0 0
vt 0 0
vt 0 0
vt 0 0
vt 0 0
vt 0 0
vt 0 0
vt 0 0
vt 0 0
vt 0 0
vt 0 0
vt 0 0
vt 0 0
vt 0 0
vt 0 0

f 2/1/2 8/1/8 1/1/1
f 9/1/9 1/1/1 8/1/8
f 2/1/2 11/1/11 8/1/8
f 11/1/11 2/1/2 4/1/4
f 2/1/2 1/1/1 3/1/3
f 1/1/1 9/1/9 3/1/3
f 4/1/4 2/1/2 3/1/3
f 6/1/6 5/1/5 9/1/9
f 8/1/8 6/1/6 9/1/9
f 8/1/8 7/1/7 6/1/6
f 16/1/16 7/1/7 11/1/11
f 11/1/11 7/1/7 8/1/8
f 5/1/5 10/1/10 9/1/9
f 4/1/4 17/1/17 11/1/11
f 17/1/17 16/1/16 11/1/11
f 9/1/9 10/1/10 3/1/3
f 13/1/13 4/1/4 3/1/3
f 17/1/17 4/1/4 13/1/13
f 13/1/13 12/1/12 17/1/17
f 3/1/3 10/1/10 14/1/14
f 3/1/3 14/1/14 15/1/15
f 13/1/13 3/1/3 15/1/15
f 22/1/22 13/1/13 15/1/15
f 14/1/14 19/1/19 15/1/15
f 15/1/15 19/1/19 22/1/22
f 7/1/7 23/1/23 6/1/6
f 5/1/5 26/1/26 10/1/10
f 20/1/20 10/1/10 26/1/26
f 21/1/21 17/1/17 12/1/12
f 18/1/18 13/1/13 22/1/22
f 5/1/5 24/1/24 26/1/26
f 25/1/25 24/1/24 5/1/5
f 6/1/6 25/1/25 5/1/5
f 23/1/23 25/1/25 6/1/6
f 23/1/23 7/1/7 30/1/30
f 39/1/39 30/1/30 7/1/7
f 16/1/16 39/1/39 7/1/7
f 39/1/39 16/1/16 21/1/21
f 21/1/21 16/1/16 17/1/17
f 10/1/10 20/1/20 14/1/14
f 22/1/22 19/1/19 28/1/28
f 24/1/24 32/1/32 26/1/26
f 20/1/20 26/1/26 32/1/32
f 32/1/32 33/1/33 20/1/20
f 13/1/13 18/1/18 35/1/35
f 13/1/13 35/1/35 12/1/12
f 36/1/36 19/1/19 14/1/14
f 28/1/28 19/1/19 27/1/27
f 24/1/24 25/1/25 29/1/29
f 24/1/24 29/1/29 32/1/32
f 44/1/44 39/1/39 34/1/34
f 34/1/34 39/1/39 21/1/21
f 20/1/20 33/1/33 36/1/36
f 20/1/20 36/1/36 14/1/14
f 42/1/42 29/1/29 25/1/25
f 23/1/23 42/1/42 25/1/25
f 42/1/42 23/1/23 49/1/49
f 49/1/49 23/1/23 30/1/30
f 32/1/32 29/1/29 47/1/47
f 31/1/31 33/1/33 32/1/32
f 21/1/21 12/1/12 34/1/34
f 34/1/34 12/1/12 35/1/35
f 36/1/36 33/1/33 41/1/41
f 19/1/19 36/1/36 37/1/37
f 18/1/18 22/1/22 38/1/38
f 19/1/19 37/1/37 27/1/27
f 22/1/22 28/1/28 38/1/38
f 42/1/42 48/1/48 29/1/29
f 33/1/33 31/1/31 40/1/40
f 40/1/40 41/1/41 33/1/33
f 47/1/47 43/1/43 32/1/32
f 32/1/32 43/1/43 31/1/31
f 35/1/35 60/1/60 34/1/34
f 41/1/41 51/1/51 52/1/52
f 52/1/52 36/1/36 41/1/41
f 27/1/27 37/1/37 45/1/45
f 46/1/46 27/1/27 45/1/45
f 28/1/28 27/1/27 46/1/46
f 62/1/62 47/1/47 48/1/48
f 29/1/29 48/1/48 47/1/47
f 30/1/30 44/1/44 90/1/90
f 39/1/39 44/1/44 30/1/30
f 43/1/43 59/1/59 31/1/31
f 31/1/31 50/1/50 40/1/40
f 51/1/51 41/1/41 40/1/40
f 52/1/52 37/1/37 36/1/36
f 38/1/38 54/1/54 18/1/18
f 45/1/45 37/1/37 61/1/61
f 45/1/45 61/1/61 55/1/55
f 46/1/46 45/1/45 55/1/55
f 28/1/28 46/1/46 56/1/56
f 38/1/38 28/1/28 56/1/56
f 46/1/46 55/1/55 56/1/56
f 47/1/47 62/1/62 43/1/43
f 31/1/31 59/1/59 50/1/50
f 34/1/34 93/1/93 44/1/44
f 34/1/34 60/1/60 93/1/93
f 35/1/35 18/1/18 53/1/53
f 18/1/18 54/1/54 53/1/53
f 37/1/37 52/1/52 61/1/61
f 38/1/38 64/1/64 54/1/54
f 64/1/64 38/1/38 56/1/56
f 48/1/48 57/1/57 62/1/62
f 48/1/48 58/1/58 57/1/57
f 58/1/58 48/1/48 42/1/42
f 62/1/62 66/1/66 43/1/43
f 72/1/72 42/1/42 49/1/49
f 30/1/30 90/1/90 49/1/49
f 63/1/63 50/1/50 59/1/59
f 60/1/60 35/1/35 53/1/53
f 55/1/55 61/1/61 74/1/74
f 66/1/66 80/1/80 43/1/43
f 80/1/80 59/1/59 43/1/43
f 51/1/51 40/1/40 50/1/50
f 64/1/64 56/1/56 87/1/87
f 74/1/74 69/1/69 55/1/55
f 56/1/56 55/1/55 70/1/70
f 87/1/87 56/1/56 70/1/70
f 62/1/62 65/1/65 66/1/66
f 89/1/89 62/1/62 57/1/57
f 42/1/42 72/1/72 58/1/58
f 59/1/59 80/1/80 82/1/82
f 90/1/90 72/1/72 49/1/49
f 93/1/93 90/1/90 44/1/44
f 93/1/93 60/1/60 122/1/122
f 67/1/67 51/1/51 50/1/50
f 60/1/60 53/1/53 84/1/84
f 67/1/67 68/1/68 51/1/51
f 51/1/51 68/1/68 52/1/52
f 68/1/68 73/1/73 52/1/52
f 74/1/74 52/1/52 73/1/73
f 61/1/61 52/1/52 74/1/74
f 133/1/133 54/1/54 64/1/64
f 69/1/69 70/1/70 55/1/55
f 65/1/65 71/1/71 79/1/79
f 65/1/65 79/1/79 66/1/66
f 79/1/79 80/1/80 66/1/66
f 58/1/58 121/1/121 57/1/57
f 59/1/59 82/1/82 63/1/63
f 84/1/84 122/1/122 60/1/60
f 76/1/76 67/1/67 50/1/50
f 53/1/53 105/1/105 85/1/85
f 53/1/53 54/1/54 105/1/105
f 64/1/64 87/1/87 133/1/133
f 87/1/87 70/1/70 75/1/75
f 65/1/65 62/1/62 89/1/89
f 93/1/93 100/1/100 90/1/90
f 63/1/63 76/1/76 50/1/50
f 68/1/68 67/1/67 73/1/73
f 84/1/84 53/1/53 85/1/85
f 133/1/133 105/1/105 54/1/54
f 73/1/73 77/1/77 74/1/74
f 101/1/101 87/1/87 75/1/75
f 70/1/70 69/1/69 78/1/78
f 91/1/91 79/1/79 88/1/88
f 91/1/91 81/1/81 79/1/79
f 71/1/71 88/1/88 79/1/79
f 71/1/71 65/1/65 102/1/102
f 89/1/89 102/1/102 65/1/65
f 79/1/79 81/1/81 80/1/80
f 89/1/89 57/1/57 121/1/121
f 82/1/82 81/1/81 98/1/98
f 80/1/80 81/1/81 82/1/82
f 58/1/58 72/1/72 121/1/121
f 83/1/83 122/1/122 84/1/84
f 73/1/73 86/1/86 77/1/77
f 133/1/133 87/1/87 101/1/101
f 77/1/77 69/1/69 74/1/74
f 110/1/110 91/1/91 88/1/88
f 120/1/120 102/1/102 89/1/89
f 121/1/121 120/1/120 89/1/89
f 121/1/121 72/1/72 92/1/92
f 72/1/72 90/1/90 92/1/92
f 99/1/99 82/1/82 98/1/98
f 82/1/82 99/1/99 63/1/63
f 84/1/84 85/1/85 83/1/83
f 94/1/94 67/1/67 76/1/76
f 69/1/69 77/1/77 78/1/78
f 88/1/88 71/1/71 119/1/119
f 119/1/119 71/1/71 102/1/102
f 97/1/97 81/1/81 96/1/96
f 104/1/104 90/1/90 100/1/100
f 63/1/63 99/1/99 76/1/76
f 83/1/83 85/1/85 105/1/105
f 67/1/67 94/1/94 73/1/73
f 86/1/86 73/1/73 94/1/94
f 95/1/95 77/1/77 86/1/86
f 91/1/91 110/1/110 96/1/96
f 111/1/111 110/1/110 88/1/88
f 119/1/119 111/1/111 88/1/88
f 91/1/91 96/1/96 81/1/81
f 81/1/81 97/1/97 98/1/98
f 90/1/90 104/1/104 92/1/92
f 103/1/103 99/1/99 98/1/98
f 76/1/76 99/1/99 159/1/159
f 106/1/106 86/1/86 94/1/94
f 101/1/101 75/1/75 115/1/115
f 77/1/77 95/1/95 78/1/78
f 130/1/130 121/1/121 92/1/92
f 152/1/152 100/1/100 93/1/93
f 76/1/76 159/1/159 114/1/114
f 93/1/93 122/1/122 152/1/152
f 86/1/86 106/1/106 95/1/95
f 115/1/115 75/1/75 70/1/70
f 70/1/70 78/1/78 116/1/116
f 124/1/124 108/1/108 117/1/117
f 108/1/108 124/1/124 107/1/107
f 113/1/113 108/1/108 107/1/107
f 117/1/117 108/1/108 112/1/112
f 117/1/117 112/1/112 109/1/109
f 118/1/118 117/1/117 109/1/109
f 127/1/127 118/1/118 109/1/109
f 112/1/112 108/1/108 113/1/113
f 127/1/127 109/1/109 111/1/111
f 109/1/109 112/1/112 110/1/110
f 111/1/111 109/1/109 110/1/110
f 119/1/119 127/1/127 111/1/111
f 110/1/110 112/1/112 96/1/96
f 96/1/96 112/1/112 113/1/113
f 102/1/102 129/1/129 119/1/119
f 113/1/113 128/1/128 96/1/96
f 96/1/96 128/1/128 97/1/97
f 97/1/97 128/1/128 162/1/162
f 120/1/120 121/1/121 130/1/130
f 162/1/162 103/1/103 97/1/97
f 103/1/103 98/1/98 97/1/97
f 130/1/130 92/1/92 137/1/137
f 159/1/159 99/1/99 103/1/103
f 138/1/138 152/1/152 122/1/122
f 76/1/76 114/1/114 94/1/94
f 106/1/106 94/1/94 139/1/139
f 106/1/106 134/1/134 95/1/95
f 95/1/95 134/1/134 78/1/78
f 116/1/116 115/1/115 70/1/70
f 129/1/129 151/1/151 119/1/119
f 120/1/120 129/1/129 102/1/102
f 104/1/104 137/1/137 92/1/92
f 139/1/139 94/1/94 114/1/114
f 141/1/141 123/1/123 125/1/125
f 125/1/125 123/1/123 124/1/124
f 117/1/117 125/1/125 124/1/124
f 117/1/117 126/1/126 125/1/125
f 117/1/117 118/1/118 126/1/126
f 187/1/187 118/1/118 150/1/150
f 118/1/118 127/1/127 150/1/150
f 127/1/127 151/1/151 150/1/150
f 127/1/127 119/1/119 151/1/151
f 161/1/161 128/1/128 113/1/113
f 100/1/100 152/1/152 104/1/104
f 122/1/122 83/1/83 138/1/138
f 83/1/83 105/1/105 132/1/132
f 133/1/133 143/1/143 105/1/105
f 101/1/101 115/1/115 135/1/135
f 78/1/78 134/1/134 149/1/149
f 135/1/135 115/1/115 144/1/144
f 123/1/123 140/1/140 124/1/124
f 124/1/124 136/1/136 107/1/107
f 107/1/107 136/1/136 113/1/113
f 136/1/136 161/1/161 113/1/113
f 129/1/129 120/1/120 130/1/130
f 130/1/130 137/1/137 164/1/164
f 138/1/138 176/1/176 152/1/152
f 160/1/160 114/1/114 159/1/159
f 160/1/160 170/1/170 114/1/114
f 132/1/132 138/1/138 83/1/83
f 139/1/139 170/1/170 142/1/142
f 105/1/105 143/1/143 132/1/132
f 171/1/171 133/1/133 101/1/101
f 101/1/101 135/1/135 171/1/171
f 144/1/144 115/1/115 116/1/116
f 116/1/116 78/1/78 149/1/149
f 155/1/155 140/1/140 123/1/123
f 124/1/124 140/1/140 136/1/136
f 187/1/187 126/1/126 118/1/118
f 128/1/128 161/1/161 169/1/169
f 130/1/130 163/1/163 129/1/129
f 162/1/162 146/1/146 103/1/103
f 104/1/104 152/1/152 147/1/147
f 153/1/153 176/1/176 138/1/138
f 139/1/139 114/1/114 170/1/170
f 142/1/142 148/1/148 139/1/139
f 171/1/171 143/1/143 133/1/133
f 139/1/139 148/1/148 106/1/106
f 106/1/106 148/1/148 134/1/134
f 141/1/141 155/1/155 123/1/123
f 166/1/166 155/1/155 141/1/141
f 141/1/141 145/1/145 166/1/166
f 125/1/125 145/1/145 141/1/141
f 179/1/179 136/1/136 140/1/140
f 125/1/125 126/1/126 145/1/145
f 128/1/128 169/1/169 162/1/162
f 130/1/130 164/1/164 163/1/163
f 103/1/103 146/1/146 131/1/131
f 104/1/104 147/1/147 137/1/137
f 131/1/131 159/1/159 103/1/103
f 138/1/138 132/1/132 153/1/153
f 153/1/153 132/1/132 154/1/154
f 132/1/132 143/1/143 154/1/154
f 148/1/148 165/1/165 134/1/134
f 144/1/144 116/1/116 149/1/149
f 155/1/155 173/1/173 140/1/140
f 145/1/145 126/1/126 187/1/187
f 152/1/152 158/1/158 147/1/147
f 134/1/134 165/1/165 178/1/178
f 149/1/149 134/1/134 178/1/178
f 166/1/166 183/1/183 155/1/155
f 156/1/156 145/1/145 209/1/209
f 145/1/145 187/1/187 209/1/209
f 179/1/179 167/1/167 136/1/136
f 136/1/136 167/1/167 161/1/161
f 151/1/151 129/1/129 157/1/157
f 176/1/176 158/1/158 152/1/152
f 148/1/148 142/1/142 190/1/190
f 155/1/155 183/1/183 173/1/173
f 173/1/173 194/1/194 140/1/140
f 194/1/194 179/1/179 140/1/140
f 145/1/145 156/1/156 166/1/166
f 151/1/151 168/1/168 150/1/150
f 159/1/159 131/1/131 160/1/160
f 143/1/143 207/1/207 154/1/154
f 207/1/207 143/1/143 171/1/171
f 148/1/148 190/1/190 177/1/177
f 165/1/165 148/1/148 177/1/177
f 149/1/149 178/1/178 203/1/203
f 149/1/149 203/1/203 181/1/181
f 149/1/149 181/1/181 144/1/144
f 183/1/183 166/1/166 156/1/156
f 187/1/187 174/1/174 209/1/209
f 161/1/161 167/1/167 175/1/175
f 175/1/175 169/1/169 161/1/161
f 151/1/151 157/1/157 168/1/168
f 129/1/129 163/1/163 157/1/157
f 157/1/157 163/1/163 195/1/195
f 137/1/137 147/1/147 164/1/164
f 189/1/189 160/1/160 131/1/131
f 154/1/154 207/1/207 199/1/199
f 171/1/171 135/1/135 200/1/200
f 135/1/135 180/1/180 200/1/200
f 144/1/144 180/1/180 135/1/135
f 180/1/180 144/1/144 182/1/182
f 165/1/165 191/1/191 178/1/178
f 144/1/144 181/1/181 182/1/182
f 183/1/183 172/1/172 173/1/173
f 184/1/184 183/1/183 156/1/156
f 157/1/157 188/1/188 168/1/168
f 157/1/157 195/1/195 188/1/188
f 169/1/169 196/1/196 162/1/162
f 162/1/162 196/1/196 146/1/146
f 216/1/216 163/1/163 164/1/164
f 197/1/197 131/1/131 146/1/146
f 176/1/176 198/1/198 158/1/158
f 153/1/153 154/1/154 199/1/199
f 207/1/207 171/1/171 213/1/213
f 177/1/177 191/1/191 165/1/165
f 203/1/203 192/1/192 181/1/181
f 172/1/172 193/1/193 173/1/173
f 249/1/249 156/1/156 209/1/209
f 147/1/147 216/1/216 164/1/164
f 181/1/181 192/1/192 182/1/182
f 204/1/204 172/1/172 183/1/183
f 194/1/194 173/1/173 193/1/193
f 194/1/194 185/1/185 179/1/179
f 184/1/184 156/1/156 249/1/249
f 185/1/185 186/1/186 179/1/179
f 179/1/179 186/1/186 167/1/167
f 186/1/186 175/1/175 167/1/167
f 210/1/210 187/1/187 150/1/150
f 150/1/150 168/1/168 211/1/211
f 150/1/150 211/1/211 210/1/210
f 188/1/188 211/1/211 168/1/168
f 169/1/169 175/1/175 205/1/205
f 169/1/169 205/1/205 196/1/196
f 147/1/147 158/1/158 206/1/206
f 147/1/147 206/1/206 216/1/216
f 189/1/189 131/1/131 197/1/197
f 176/1/176 153/1/153 198/1/198
f 198/1/198 153/1/153 199/1/199
f 160/1/160 230/1/230 170/1/170
f 190/1/190 201/1/201 177/1/177
f 200/1/200 180/1/180 231/1/231
f 182/1/182 202/1/202 180/1/180
f 172/1/172 204/1/204 193/1/193
f 184/1/184 204/1/204 183/1/183
f 187/1/187 210/1/210 174/1/174
f 211/1/211 188/1/188 269/1/269
f 188/1/188 195/1/195 243/1/243
f 215/1/215 195/1/195 212/1/212
f 216/1/216 212/1/212 195/1/195
f 195/1/195 163/1/163 216/1/216
f 160/1/160 189/1/189 230/1/230
f 170/1/170 230/1/230 142/1/142
f 279/1/279 207/1/207 213/1/213
f 177/1/177 281/1/281 191/1/191
f 192/1/192 203/1/203 234/1/234
f 194/1/194 208/1/208 185/1/185
f 184/1/184 249/1/249 242/1/242
f 186/1/186 205/1/205 175/1/175
f 243/1/243 195/1/195 215/1/215
f 255/1/255 142/1/142 230/1/230
f 190/1/190 142/1/142 255/1/255
f 171/1/171 200/1/200 213/1/213
f 281/1/281 177/1/177 201/1/201
f 180/1/180 214/1/214 231/1/231
f 214/1/214 180/1/180 202/1/202
f 178/1/178 191/1/191 203/1/203
f 225/1/225 193/1/193 204/1/204
f 208/1/208 194/1/194 241/1/241
f 241/1/241 194/1/194 193/1/193
f 208/1/208 227/1/227 185/1/185
f 185/1/185 227/1/227 186/1/186
f 188/1/188 243/1/243 269/1/269
f 244/1/244 146/1/146 196/1/196
f 146/1/146 244/1/244 197/1/197
f 197/1/197 253/1/253 189/1/189
f 199/1/199 207/1/207 246/1/246
f 201/1/201 232/1/232 281/1/281
f 203/1/203 191/1/191 281/1/281
f 193/1/193 225/1/225 241/1/241
f 223/1/223 225/1/225 204/1/204
f 204/1/204 184/1/184 268/1/268
f 242/1/242 268/1/268 184/1/184
f 357/1/357 174/1/174 210/1/210
f 205/1/205 186/1/186 250/1/250
f 210/1/210 211/1/211 269/1/269
f 271/1/271 216/1/216 245/1/245
f 206/1/206 245/1/245 216/1/216
f 244/1/244 253/1/253 197/1/197
f 158/1/158 245/1/245 206/1/206
f 158/1/158 198/1/198 228/1/228
f 198/1/198 199/1/199 278/1/278
f 200/1/200 279/1/279 213/1/213
f 190/1/190 255/1/255 201/1/201
f 238/1/238 217/1/217 236/1/236
f 239/1/239 235/1/235 236/1/236
f 236/1/236 217/1/217 218/1/218
f 236/1/236 218/1/218 239/1/239
f 238/1/238 237/1/237 217/1/217
f 217/1/217 237/1/237 219/1/219
f 217/1/217 219/1/219 220/1/220
f 218/1/218 217/1/217 220/1/220
f 264/1/264 239/1/239 218/1/218
f 222/1/222 219/1/219 221/1/221
f 220/1/220 219/1/219 222/1/222
f 218/1/218 220/1/220 264/1/264
f 204/1/204 224/1/224 223/1/223
f 204/1/204 268/1/268 224/1/224
f 208/1/208 226/1/226 227/1/227
f 250/1/250 186/1/186 227/1/227
f 209/1/209 174/1/174 249/1/249
f 326/1/326 210/1/210 269/1/269
f 205/1/205 244/1/244 196/1/196
f 228/1/228 245/1/245 158/1/158
f 253/1/253 272/1/272 189/1/189
f 228/1/228 198/1/198 278/1/278
f 230/1/230 189/1/189 272/1/272
f 272/1/272 229/1/229 230/1/230
f 278/1/278 199/1/199 246/1/246
f 279/1/279 200/1/200 254/1/254
f 201/1/201 257/1/257 232/1/232
f 232/1/232 280/1/280 281/1/281
f 192/1/192 233/1/233 182/1/182
f 235/1/235 284/1/284 236/1/236
f 236/1/236 284/1/284 238/1/238
f 260/1/260 235/1/235 239/1/239
f 221/1/221 219/1/219 263/1/263
f 264/1/264 220/1/220 240/1/240
f 221/1/221 263/1/263 247/1/247
f 240/1/240 220/1/220 222/1/222
f 222/1/222 221/1/221 247/1/247
f 222/1/222 247/1/247 240/1/240
f 241/1/241 266/1/266 267/1/267
f 225/1/225 266/1/266 241/1/241
f 241/1/241 267/1/267 208/1/208
f 267/1/267 226/1/226 208/1/208
f 242/1/242 249/1/249 248/1/248
f 249/1/249 174/1/174 357/1/357
f 205/1/205 250/1/250 251/1/251
f 252/1/252 205/1/205 251/1/251
f 205/1/205 252/1/252 244/1/244
f 246/1/246 207/1/207 279/1/279
f 200/1/200 273/1/273 254/1/254
f 231/1/231 214/1/214 256/1/256
f 233/1/233 202/1/202 182/1/182
f 192/1/192 234/1/234 233/1/233
f 203/1/203 281/1/281 234/1/234
f 283/1/283 284/1/284 235/1/235
f 235/1/235 258/1/258 283/1/283
f 261/1/261 219/1/219 237/1/237
f 219/1/219 261/1/261 263/1/263
f 223/1/223 266/1/266 225/1/225
f 269/1/269 243/1/243 277/1/277
f 270/1/270 243/1/243 215/1/215
f 216/1/216 271/1/271 212/1/212
f 329/1/329 253/1/253 244/1/244
f 230/1/230 229/1/229 255/1/255
f 229/1/229 316/1/316 255/1/255
f 231/1/231 273/1/273 200/1/200
f 257/1/257 306/1/306 232/1/232
f 214/1/214 202/1/202 332/1/332
f 260/1/260 259/1/259 258/1/258
f 235/1/235 260/1/260 258/1/258
f 262/1/262 263/1/263 261/1/261
f 263/1/263 262/1/262 274/1/274
f 247/1/247 263/1/263 274/1/274
f 247/1/247 274/1/274 288/1/288
f 288/1/288 298/1/298 247/1/247
f 265/1/265 275/1/275 266/1/266
f 223/1/223 265/1/265 266/1/266
f 224/1/224 265/1/265 223/1/223
f 267/1/267 290/1/290 226/1/226
f 300/1/300 302/1/302 226/1/226
f 226/1/226 302/1/302 227/1/227
f 302/1/302 324/1/324 227/1/227
f 324/1/324 250/1/250 227/1/227
f 357/1/357 210/1/210 326/1/326
f 250/1/250 324/1/324 251/1/251
f 270/1/270 215/1/215 328/1/328
f 246/1/246 279/1/279 292/1/292
f 231/1/231 375/1/375 273/1/273
f 293/1/293 257/1/257 201/1/201
f 256/1/256 214/1/214 332/1/332
f 232/1/232 306/1/306 360/1/360
f 232/1/232 360/1/360 280/1/280
f 233/1/233 332/1/332 202/1/202
f 234/1/234 282/1/282 233/1/233
f 258/1/258 259/1/259 283/1/283
f 283/1/283 259/1/259 307/1/307
f 283/1/283 319/1/319 284/1/284
f 284/1/284 295/1/295 238/1/238
f 349/1/349 259/1/259 260/1/260
f 237/1/237 238/1/238 308/1/308
f 261/1/261 296/1/296 262/1/262
f 286/1/286 274/1/274 262/1/262
f 264/1/264 240/1/240 297/1/297
f 264/1/264 297/1/297 337/1/337
f 247/1/247 298/1/298 240/1/240
f 265/1/265 276/1/276 275/1/275
f 311/1/311 266/1/266 275/1/275
f 267/1/267 266/1/266 311/1/311
f 265/1/265 224/1/224 367/1/367
f 224/1/224 268/1/268 322/1/322
f 224/1/224 322/1/322 367/1/367
f 290/1/290 300/1/300 226/1/226
f 268/1/268 342/1/342 322/1/322
f 242/1/242 342/1/342 268/1/268
f 342/1/342 242/1/242 248/1/248
f 243/1/243 291/1/291 277/1/277
f 291/1/291 243/1/243 270/1/270
f 324/1/324 315/1/315 251/1/251
f 212/1/212 328/1/328 215/1/215
f 329/1/329 330/1/330 253/1/253
f 228/1/228 304/1/304 245/1/245
f 330/1/330 272/1/272 253/1/253
f 278/1/278 246/1/246 292/1/292
f 201/1/201 255/1/255 293/1/293
f 281/1/281 280/1/280 334/1/334
f 281/1/281 334/1/334 234/1/234
f 334/1/334 282/1/282 234/1/234
f 349/1/349 260/1/260 309/1/309
f 308/1/308 261/1/261 237/1/237
f 239/1/239 336/1/336 260/1/260
f 239/1/239 337/1/337 336/1/336
f 337/1/337 239/1/239 264/1/264
f 296/1/296 338/1/338 262/1/262
f 262/1/262 338/1/338 286/1/286
f 297/1/297 240/1/240 285/1/285
f 274/1/274 286/1/286 288/1/288
f 288/1/288 286/1/286 287/1/287
f 299/1/299 288/1/288 287/1/287
f 276/1/276 289/1/289 275/1/275
f 265/1/265 367/1/367 276/1/276
f 249/1/249 323/1/323 248/1/248
f 326/1/326 269/1/269 277/1/277
f 315/1/315 252/1/252 251/1/251
f 244/1/244 252/1/252 329/1/329
f 330/1/330 331/1/331 272/1/272
f 279/1/279 254/1/254 414/1/414
f 254/1/254 273/1/273 414/1/414
f 231/1/231 256/1/256 375/1/375
f 306/1/306 257/1/257 294/1/294
f 233/1/233 345/1/345 332/1/332
f 282/1/282 345/1/345 233/1/233
f 259/1/259 318/1/318 307/1/307
f 307/1/307 319/1/319 283/1/283
f 319/1/319 362/1/362 284/1/284
f 284/1/284 362/1/362 295/1/295
f 308/1/308 238/1/238 295/1/295
f 336/1/336 309/1/309 260/1/260
f 287/1/287 286/1/286 338/1/338
f 298/1/298 285/1/285 240/1/240
f 287/1/287 339/1/339 299/1/299
f 275/1/275 289/1/289 311/1/311
f 300/1/300 301/1/301 302/1/302
f 249/1/249 357/1/357 323/1/323
f 291/1/291 270/1/270 314/1/314
f 314/1/314 270/1/270 328/1/328
f 344/1/344 252/1/252 315/1/315
f 329/1/329 252/1/252 344/1/344
f 212/1/212 303/1/303 328/1/328
f 212/1/212 271/1/271 303/1/303
f 305/1/305 304/1/304 228/1/228
f 228/1/228 278/1/278 305/1/305
f 305/1/305 278/1/278 292/1/292
f 229/1/229 331/1/331 316/1/316
f 316/1/316 293/1/293 255/1/255
f 256/1/256 359/1/359 375/1/375
f 307/1/307 318/1/318 317/1/317
f 259/1/259 349/1/349 318/1/318
f 296/1/296 350/1/350 338/1/338
f 353/1/353 337/1/337 297/1/297
f 287/1/287 310/1/310 339/1/339
f 285/1/285 298/1/298 320/1/320
f 288/1/288 321/1/321 298/1/298
f 311/1/311 312/1/312 267/1/267
f 290/1/290 267/1/267 312/1/312
f 342/1/342 400/1/400 322/1/322
f 324/1/324 313/1/313 315/1/315
f 277/1/277 291/1/291 384/1/384
f 328/1/328 303/1/303 402/1/402
f 271/1/271 245/1/245 358/1/358
f 272/1/272 331/1/331 229/1/229
f 279/1/279 414/1/414 374/1/374
f 256/1/256 332/1/332 359/1/359
f 294/1/294 257/1/257 416/1/416
f 306/1/306 294/1/294 376/1/376
f 347/1/347 317/1/317 318/1/318
f 307/1/307 348/1/348 319/1/319
f 363/1/363 347/1/347 318/1/318
f 318/1/318 349/1/349 363/1/363
f 424/1/424 349/1/349 309/1/309
f 287/1/287 338/1/338 310/1/310
f 297/1/297 285/1/285 353/1/353
f 321/1/321 320/1/320 298/1/298
f 288/1/288 299/1/299 321/1/321
f 321/1/321 299/1/299 340/1/340
f 276/1/276 341/1/341 289/1/289
f 367/1/367 341/1/341 276/1/276
f 312/1/312 356/1/356 290/1/290
f 290/1/290 368/1/368 300/1/300
f 323/1/323 342/1/342 248/1/248
f 382/1/382 357/1/357 326/1/326
f 313/1/313 324/1/324 325/1/325
f 326/1/326 277/1/277 327/1/327
f 327/1/327 277/1/277 384/1/384
f 313/1/313 385/1/385 315/1/315
f 315/1/315 385/1/385 344/1/344
f 271/1/271 358/1/358 303/1/303
f 387/1/387 330/1/330 329/1/329
f 304/1/304 358/1/358 245/1/245
f 372/1/372 331/1/331 330/1/330
f 292/1/292 279/1/279 374/1/374
f 306/1/306 376/1/376 360/1/360
f 333/1/333 332/1/332 345/1/345
f 280/1/280 360/1/360 334/1/334
f 334/1/334 360/1/360 377/1/377
f 334/1/334 377/1/377 282/1/282
f 361/1/361 335/1/335 317/1/317
f 347/1/347 361/1/361 317/1/317
f 307/1/307 317/1/317 348/1/348
f 378/1/378 347/1/347 363/1/363
f 261/1/261 308/1/308 364/1/364
f 364/1/364 296/1/296 261/1/261
f 337/1/337 351/1/351 336/1/336
f 355/1/355 320/1/320 321/1/321
f 366/1/366 299/1/299 339/1/339
f 299/1/299 366/1/366 340/1/340
f 290/1/290 356/1/356 368/1/368
f 300/1/300 368/1/368 301/1/301
f 301/1/301 343/1/343 302/1/302
f 302/1/302 343/1/343 324/1/324
f 326/1/326 327/1/327 382/1/382
f 384/1/384 291/1/291 314/1/314
f 314/1/314 328/1/328 370/1/370
f 370/1/370 328/1/328 402/1/402
f 387/1/387 372/1/372 330/1/330
f 305/1/305 292/1/292 388/1/388
f 292/1/292 374/1/374 388/1/388
f 316/1/316 331/1/331 389/1/389
f 360/1/360 376/1/376 434/1/434
f 403/1/403 333/1/333 345/1/345
f 377/1/377 345/1/345 282/1/282
f 346/1/346 361/1/361 347/1/347
f 378/1/378 346/1/346 347/1/347
f 308/1/308 295/1/295 379/1/379
f 351/1/351 352/1/352 336/1/336
f 352/1/352 309/1/309 336/1/336
f 338/1/338 380/1/380 310/1/310
f 337/1/337 353/1/353 351/1/351
f 352/1/352 351/1/351 425/1/425
f 353/1/353 285/1/285 354/1/354
f 354/1/354 425/1/425 351/1/351
f 354/1/354 351/1/351 353/1/353
f 320/1/320 354/1/354 285/1/285
f 365/1/365 310/1/310 395/1/395
f 310/1/310 365/1/365 339/1/339
f 354/1/354 320/1/320 396/1/396
f 340/1/340 355/1/355 321/1/321
f 320/1/320 355/1/355 396/1/396
f 398/1/398 289/1/289 341/1/341
f 312/1/312 311/1/311 468/1/468
f 368/1/368 399/1/399 301/1/301
f 399/1/399 343/1/343 301/1/301
f 430/1/430 342/1/342 323/1/323
f 324/1/324 343/1/343 325/1/325
f 385/1/385 313/1/313 383/1/383
f 344/1/344 371/1/371 329/1/329
f 329/1/329 371/1/371 387/1/387
f 303/1/303 458/1/458 402/1/402
f 458/1/458 303/1/303 358/1/358
f 331/1/331 432/1/432 389/1/389
f 293/1/293 450/1/450 257/1/257
f 257/1/257 450/1/450 416/1/416
f 415/1/415 359/1/359 332/1/332
f 332/1/332 333/1/333 415/1/415
f 416/1/416 376/1/376 294/1/294
f 333/1/333 451/1/451 415/1/415
f 405/1/405 361/1/361 346/1/346
f 317/1/317 335/1/335 348/1/348
f 407/1/407 346/1/346 378/1/378
f 319/1/319 348/1/348 362/1/362
f 363/1/363 349/1/349 424/1/424
f 308/1/308 478/1/478 364/1/364
f 364/1/364 350/1/350 296/1/296
f 309/1/309 352/1/352 393/1/393
f 338/1/338 350/1/350 380/1/380
f 367/1/367 446/1/446 341/1/341
f 447/1/447 311/1/311 289/1/289
f 447/1/447 468/1/468 311/1/311
f 367/1/367 322/1/322 429/1/429
f 468/1/468 356/1/356 312/1/312
f 400/1/400 342/1/342 430/1/430
f 385/1/385 371/1/371 344/1/344
f 370/1/370 369/1/369 314/1/314
f 386/1/386 387/1/387 371/1/371
f 431/1/431 358/1/358 304/1/304
f 431/1/431 304/1/304 305/1/305
f 388/1/388 431/1/431 305/1/305
f 331/1/331 372/1/372 373/1/373
f 331/1/331 373/1/373 432/1/432
f 414/1/414 273/1/273 433/1/433
f 273/1/273 375/1/375 433/1/433
f 403/1/403 451/1/451 333/1/333
f 345/1/345 390/1/390 403/1/403
f 346/1/346 407/1/407 391/1/391
f 405/1/405 346/1/346 391/1/391
f 335/1/335 392/1/392 348/1/348
f 422/1/422 295/1/295 362/1/362
f 308/1/308 379/1/379 478/1/478
f 309/1/309 393/1/393 408/1/408
f 339/1/339 365/1/365 366/1/366
f 398/1/398 447/1/447 289/1/289
f 446/1/446 367/1/367 429/1/429
f 411/1/411 356/1/356 468/1/468
f 322/1/322 400/1/400 429/1/429
f 368/1/368 356/1/356 411/1/411
f 381/1/381 430/1/430 323/1/323
f 323/1/323 382/1/382 381/1/381
f 357/1/357 382/1/382 323/1/323
f 384/1/384 314/1/314 457/1/457
f 401/1/401 370/1/370 402/1/402
f 375/1/375 359/1/359 533/1/533
f 377/1/377 390/1/390 345/1/345
f 391/1/391 407/1/407 418/1/418
f 335/1/335 361/1/361 405/1/405
f 407/1/407 378/1/378 423/1/423
f 309/1/309 408/1/408 424/1/424
f 494/1/494 393/1/393 352/1/352
f 310/1/310 380/1/380 395/1/395
f 352/1/352 425/1/425 494/1/494
f 365/1/365 395/1/395 410/1/410
f 395/1/395 397/1/397 410/1/410
f 409/1/409 396/1/396 355/1/355
f 410/1/410 366/1/366 365/1/365
f 340/1/340 366/1/366 443/1/443
f 427/1/427 340/1/340 443/1/443
f 355/1/355 340/1/340 427/1/427
f 443/1/443 366/1/366 410/1/410
f 398/1/398 446/1/446 453/1/453
f 398/1/398 467/1/467 447/1/447
f 398/1/398 341/1/341 446/1/446
f 454/1/454 468/1/468 447/1/447
f 368/1/368 411/1/411 399/1/399
f 399/1/399 448/1/448 343/1/343
f 400/1/400 430/1/430 500/1/500
f 313/1/313 325/1/325 383/1/383
f 401/1/401 369/1/369 370/1/370
f 471/1/471 387/1/387 386/1/386
f 471/1/471 372/1/372 387/1/387
f 388/1/388 374/1/374 594/1/594
f 375/1/375 533/1/533 433/1/433
f 377/1/377 452/1/452 390/1/390
f 377/1/377 360/1/360 452/1/452
f 391/1/391 404/1/404 405/1/405
f 404/1/404 391/1/391 435/1/435
f 418/1/418 435/1/435 391/1/391
f 407/1/407 436/1/436 418/1/418
f 421/1/421 407/1/407 423/1/423
f 436/1/436 407/1/407 421/1/421
f 362/1/362 348/1/348 422/1/422
f 378/1/378 363/1/363 423/1/423
f 423/1/423 363/1/363 439/1/439
f 364/1/364 380/1/380 350/1/350
f 380/1/380 394/1/394 395/1/395
f 354/1/354 493/1/493 425/1/425
f 394/1/394 397/1/397 395/1/395
f 428/1/428 409/1/409 355/1/355
f 444/1/444 427/1/427 443/1/443
f 411/1/411 482/1/482 399/1/399
f 430/1/430 381/1/381 456/1/456
f 501/1/501 382/1/382 327/1/327
f 383/1/383 325/1/325 470/1/470
f 383/1/383 449/1/449 385/1/385
f 401/1/401 402/1/402 413/1/413
f 293/1/293 316/1/316 389/1/389
f 376/1/376 416/1/416 475/1/475
f 434/1/434 376/1/376 477/1/477
f 360/1/360 434/1/434 417/1/417
f 452/1/452 360/1/360 417/1/417
f 418/1/418 419/1/419 420/1/420
f 406/1/406 405/1/405 404/1/404
f 405/1/405 406/1/406 335/1/335
f 418/1/418 436/1/436 419/1/419
f 422/1/422 437/1/437 295/1/295
f 363/1/363 424/1/424 439/1/439
f 408/1/408 464/1/464 424/1/424
f 364/1/364 440/1/440 380/1/380
f 380/1/380 492/1/492 394/1/394
f 493/1/493 354/1/354 479/1/479
f 479/1/479 354/1/354 396/1/396
f 397/1/397 426/1/426 410/1/410
f 426/1/426 443/1/443 410/1/410
f 445/1/445 443/1/443 426/1/426
f 355/1/355 427/1/427 428/1/428
f 467/1/467 398/1/398 497/1/497
f 398/1/398 453/1/453 497/1/497
f 400/1/400 455/1/455 429/1/429
f 500/1/500 469/1/469 400/1/400
f 412/1/412 343/1/343 448/1/448
f 343/1/343 412/1/412 325/1/325
f 568/1/568 382/1/382 501/1/501
f 501/1/501 327/1/327 384/1/384
f 384/1/384 457/1/457 531/1/531
f 314/1/314 369/1/369 457/1/457
f 449/1/449 371/1/371 385/1/385
f 371/1/371 503/1/503 386/1/386
f 413/1/413 402/1/402 458/1/458
f 388/1/388 504/1/504 431/1/431
f 389/1/389 507/1/507 293/1/293
f 477/1/477 376/1/376 475/1/475
f 461/1/461 403/1/403 390/1/390
f 434/1/434 477/1/477 488/1/488
f 420/1/420 435/1/435 418/1/418
f 523/1/523 419/1/419 436/1/436
f 421/1/421 423/1/423 438/1/438
f 439/1/439 438/1/438 423/1/423
f 295/1/295 437/1/437 379/1/379
f 379/1/379 437/1/437 524/1/524
f 393/1/393 465/1/465 408/1/408
f 494/1/494 465/1/465 393/1/393
f 442/1/442 394/1/394 441/1/441
f 394/1/394 442/1/442 397/1/397
f 426/1/426 397/1/397 442/1/442
f 443/1/443 481/1/481 444/1/444
f 466/1/466 481/1/481 443/1/443
f 400/1/400 469/1/469 455/1/455
f 470/1/470 511/1/511 383/1/383
f 511/1/511 449/1/449 383/1/383
f 503/1/503 371/1/371 449/1/449
f 514/1/514 401/1/401 413/1/413
f 472/1/472 372/1/372 471/1/471
f 472/1/472 373/1/373 372/1/372
f 504/1/504 388/1/388 594/1/594
f 474/1/474 373/1/373 472/1/472
f 374/1/374 414/1/414 459/1/459
f 373/1/373 474/1/474 432/1/432
f 473/1/473 433/1/433 460/1/460
f 432/1/432 474/1/474 506/1/506
f 432/1/432 506/1/506 389/1/389
f 293/1/293 507/1/507 450/1/450
f 359/1/359 415/1/415 533/1/533
f 450/1/450 475/1/475 416/1/416
f 477/1/477 475/1/475 519/1/519
f 415/1/415 451/1/451 518/1/518
f 419/1/419 489/1/489 420/1/420
f 489/1/489 419/1/419 523/1/523
f 404/1/404 522/1/522 406/1/406
f 392/1/392 335/1/335 406/1/406
f 464/1/464 439/1/439 424/1/424
f 492/1/492 380/1/380 440/1/440
f 464/1/464 408/1/408 465/1/465
f 396/1/396 409/1/409 479/1/479
f 427/1/427 444/1/444 428/1/428
f 443/1/443 445/1/445 466/1/466
f 446/1/446 429/1/429 528/1/528
f 467/1/467 454/1/454 447/1/447
f 498/1/498 429/1/429 455/1/455
f 500/1/500 430/1/430 456/1/456
f 412/1/412 470/1/470 325/1/325
f 457/1/457 369/1/369 483/1/483
f 485/1/485 458/1/458 358/1/358
f 358/1/358 431/1/431 485/1/485
f 515/1/515 431/1/431 504/1/504
f 594/1/594 374/1/374 459/1/459
f 414/1/414 473/1/473 459/1/459
f 433/1/433 533/1/533 460/1/460
f 518/1/518 451/1/451 476/1/476
f 403/1/403 476/1/476 451/1/451
f 403/1/403 461/1/461 476/1/476
f 390/1/390 452/1/452 551/1/551
f 490/1/490 489/1/489 523/1/523
f 523/1/523 436/1/436 463/1/463
f 462/1/462 348/1/348 392/1/392
f 348/1/348 462/1/462 574/1/574
f 525/1/525 436/1/436 421/1/421
f 422/1/422 348/1/348 574/1/574
f 438/1/438 525/1/525 421/1/421
f 463/1/463 436/1/436 525/1/525
f 525/1/525 438/1/438 526/1/526
f 438/1/438 439/1/439 526/1/526
f 526/1/526 439/1/439 491/1/491
f 464/1/464 491/1/491 439/1/439
f 425/1/425 493/1/493 494/1/494
f 492/1/492 441/1/441 394/1/394
f 479/1/479 409/1/409 557/1/557
f 428/1/428 558/1/558 409/1/409
f 442/1/442 480/1/480 426/1/426
f 428/1/428 444/1/444 558/1/558
f 453/1/453 446/1/446 528/1/528
f 498/1/498 528/1/528 429/1/429
f 543/1/543 411/1/411 468/1/468
f 382/1/382 530/1/530 381/1/381
f 382/1/382 568/1/568 530/1/530
f 503/1/503 449/1/449 512/1/512
f 413/1/413 458/1/458 484/1/484
f 386/1/386 503/1/503 486/1/486
f 386/1/386 486/1/486 471/1/471
f 472/1/472 505/1/505 474/1/474
f 414/1/414 433/1/433 473/1/473
f 507/1/507 389/1/389 506/1/506
f 460/1/460 533/1/533 596/1/596
f 507/1/507 475/1/475 450/1/450
f 533/1/533 415/1/415 570/1/570
f 570/1/570 415/1/415 518/1/518
f 477/1/477 487/1/487 488/1/488
f 487/1/487 552/1/552 488/1/488
f 452/1/452 417/1/417 508/1/508
f 417/1/417 520/1/520 508/1/508
f 420/1/420 521/1/521 435/1/435
f 420/1/420 489/1/489 521/1/521
f 584/1/584 523/1/523 463/1/463
f 422/1/422 574/1/574 437/1/437
f 524/1/524 478/1/478 379/1/379
f 364/1/364 478/1/478 440/1/440
f 492/1/492 541/1/541 441/1/441
f 441/1/441 541/1/541 442/1/442
f 466/1/466 445/1/445 495/1/495
f 495/1/495 527/1/527 466/1/466
f 543/1/543 468/1/468 454/1/454
f 482/1/482 411/1/411 543/1/543
f 412/1/412 529/1/529 470/1/470
f 511/1/511 502/1/502 449/1/449
f 531/1/531 457/1/457 483/1/483
f 401/1/401 514/1/514 369/1/369
f 413/1/413 484/1/484 514/1/514
f 471/1/471 580/1/580 472/1/472
f 532/1/532 506/1/506 474/1/474
f 506/1/506 548/1/548 507/1/507
f 476/1/476 461/1/461 669/1/669
f 551/1/551 461/1/461 390/1/390
f 434/1/434 488/1/488 520/1/520
f 520/1/520 417/1/417 434/1/434
f 508/1/508 551/1/551 452/1/452
f 435/1/435 536/1/536 404/1/404
f 584/1/584 463/1/463 525/1/525
f 478/1/478 524/1/524 509/1/509
f 541/1/541 578/1/578 442/1/442
f 557/1/557 409/1/409 558/1/558
f 496/1/496 558/1/558 444/1/444
f 445/1/445 426/1/426 495/1/495
f 481/1/481 466/1/466 542/1/542
f 453/1/453 561/1/561 497/1/497
f 561/1/561 453/1/453 528/1/528
f 563/1/563 467/1/467 497/1/497
f 454/1/454 467/1/467 563/1/563
f 469/1/469 500/1/500 544/1/544
f 499/1/499 399/1/399 482/1/482
f 399/1/399 499/1/499 448/1/448
f 448/1/448 545/1/545 412/1/412
f 529/1/529 511/1/511 470/1/470
f 501/1/501 384/1/384 531/1/531
f 449/1/449 502/1/502 512/1/512
f 369/1/369 514/1/514 483/1/483
f 485/1/485 431/1/431 515/1/515
f 471/1/471 486/1/486 580/1/580
f 515/1/515 504/1/504 516/1/516
f 505/1/505 472/1/472 580/1/580
f 473/1/473 626/1/626 459/1/459
f 473/1/473 517/1/517 626/1/626
f 505/1/505 532/1/532 474/1/474
f 507/1/507 534/1/534 475/1/475
f 475/1/475 534/1/534 519/1/519
f 477/1/477 598/1/598 487/1/487
f 488/1/488 552/1/552 520/1/520
f 536/1/536 522/1/522 404/1/404
f 392/1/392 572/1/572 462/1/462
f 574/1/574 462/1/462 573/1/573
f 525/1/525 526/1/526 538/1/538
f 526/1/526 491/1/491 539/1/539
f 478/1/478 585/1/585 440/1/440
f 492/1/492 440/1/440 586/1/586
f 540/1/540 464/1/464 465/1/465
f 494/1/494 540/1/540 465/1/465
f 587/1/587 541/1/541 492/1/492
f 479/1/479 510/1/510 493/1/493
f 494/1/494 493/1/493 510/1/510
f 442/1/442 578/1/578 480/1/480
f 444/1/444 481/1/481 496/1/496
f 466/1/466 527/1/527 542/1/542
f 529/1/529 412/1/412 579/1/579
f 531/1/531 483/1/483 665/1/665
f 513/1/513 503/1/503 512/1/512
f 458/1/458 485/1/485 484/1/484
f 515/1/515 516/1/516 569/1/569
f 594/1/594 459/1/459 626/1/626
f 473/1/473 596/1/596 517/1/517
f 473/1/473 460/1/460 596/1/596
f 570/1/570 596/1/596 533/1/533
f 519/1/519 598/1/598 477/1/477
f 669/1/669 461/1/461 730/1/730
f 552/1/552 487/1/487 610/1/610
f 435/1/435 671/1/671 536/1/536
f 489/1/489 535/1/535 521/1/521
f 490/1/490 523/1/523 537/1/537
f 406/1/406 522/1/522 392/1/392
f 462/1/462 572/1/572 573/1/573
f 523/1/523 584/1/584 537/1/537
f 649/1/649 524/1/524 437/1/437
f 491/1/491 540/1/540 539/1/539
f 464/1/464 540/1/540 491/1/491
f 586/1/586 440/1/440 585/1/585
f 494/1/494 577/1/577 540/1/540
f 479/1/479 557/1/557 634/1/634
f 558/1/558 588/1/588 557/1/557
f 495/1/495 426/1/426 480/1/480
f 495/1/495 559/1/559 527/1/527
f 481/1/481 542/1/542 605/1/605
f 590/1/590 498/1/498 455/1/455
f 455/1/455 469/1/469 590/1/590
f 499/1/499 545/1/545 448/1/448
f 546/1/546 381/1/381 530/1/530
f 531/1/531 568/1/568 501/1/501
f 502/1/502 513/1/513 512/1/512
f 513/1/513 607/1/607 503/1/503
f 503/1/503 607/1/607 486/1/486
f 485/1/485 515/1/515 569/1/569
f 506/1/506 532/1/532 595/1/595
f 548/1/548 597/1/597 507/1/507
f 597/1/597 534/1/534 507/1/507
f 519/1/519 534/1/534 549/1/549
f 487/1/487 598/1/598 610/1/610
f 551/1/551 550/1/550 461/1/461
f 552/1/552 554/1/554 520/1/520
f 508/1/508 520/1/520 554/1/554
f 508/1/508 554/1/554 583/1/583
f 551/1/551 508/1/508 583/1/583
f 435/1/435 521/1/521 671/1/671
f 535/1/535 489/1/489 490/1/490
f 490/1/490 571/1/571 535/1/535
f 490/1/490 537/1/537 571/1/571
f 392/1/392 631/1/631 572/1/572
f 392/1/392 522/1/522 631/1/631
f 584/1/584 525/1/525 556/1/556
f 509/1/509 524/1/524 575/1/575
f 539/1/539 538/1/538 526/1/526
f 586/1/586 587/1/587 492/1/492
f 510/1/510 479/1/479 634/1/634
f 602/1/602 480/1/480 578/1/578
f 480/1/480 602/1/602 604/1/604
f 495/1/495 480/1/480 604/1/604
f 605/1/605 496/1/496 481/1/481
f 542/1/542 527/1/527 560/1/560
f 497/1/497 561/1/561 562/1/562
f 562/1/562 563/1/563 497/1/497
f 544/1/544 590/1/590 469/1/469
f 499/1/499 564/1/564 545/1/545
f 544/1/544 500/1/500 565/1/565
f 500/1/500 456/1/456 565/1/565
f 381/1/381 566/1/566 456/1/456
f 502/1/502 511/1/511 567/1/567
f 483/1/483 514/1/514 623/1/623
f 547/1/547 484/1/484 485/1/485
f 548/1/548 506/1/506 595/1/595
f 518/1/518 476/1/476 582/1/582
f 476/1/476 669/1/669 582/1/582
f 519/1/519 549/1/549 598/1/598
f 552/1/552 553/1/553 554/1/554
f 525/1/525 538/1/538 556/1/556
f 600/1/600 539/1/539 540/1/540
f 496/1/496 589/1/589 558/1/558
f 495/1/495 604/1/604 559/1/559
f 606/1/606 605/1/605 542/1/542
f 560/1/560 527/1/527 559/1/559
f 606/1/606 542/1/542 560/1/560
f 454/1/454 563/1/563 622/1/622
f 543/1/543 454/1/454 622/1/622
f 456/1/456 566/1/566 565/1/565
f 545/1/545 579/1/579 412/1/412
f 529/1/529 567/1/567 511/1/511
f 502/1/502 593/1/593 513/1/513
f 516/1/516 504/1/504 708/1/708
f 504/1/504 594/1/594 708/1/708
f 505/1/505 580/1/580 625/1/625
f 505/1/505 625/1/625 532/1/532
f 570/1/570 518/1/518 581/1/581
f 597/1/597 549/1/549 534/1/534
f 644/1/644 550/1/550 551/1/551
f 552/1/552 610/1/610 553/1/553
f 583/1/583 644/1/644 551/1/551
f 521/1/521 599/1/599 671/1/671
f 571/1/571 555/1/555 535/1/535
f 646/1/646 571/1/571 537/1/537
f 696/1/696 537/1/537 584/1/584
f 437/1/437 574/1/574 649/1/649
f 524/1/524 649/1/649 575/1/575
f 478/1/478 509/1/509 585/1/585
f 539/1/539 576/1/576 538/1/538
f 600/1/600 576/1/576 539/1/539
f 587/1/587 633/1/633 541/1/541
f 540/1/540 577/1/577 601/1/601
f 494/1/494 510/1/510 577/1/577
f 578/1/578 633/1/633 652/1/652
f 541/1/541 633/1/633 578/1/578
f 578/1/578 652/1/652 602/1/602
f 557/1/557 588/1/588 634/1/634
f 528/1/528 498/1/498 621/1/621
f 544/1/544 565/1/565 591/1/591
f 566/1/566 381/1/381 546/1/546
f 683/1/683 529/1/529 579/1/579
f 546/1/546 530/1/530 568/1/568
f 568/1/568 531/1/531 642/1/642
f 623/1/623 665/1/665 483/1/483
f 569/1/569 547/1/547 485/1/485
f 609/1/609 486/1/486 607/1/607
f 486/1/486 609/1/609 580/1/580
f 581/1/581 518/1/518 582/1/582
f 730/1/730 461/1/461 550/1/550
f 555/1/555 571/1/571 646/1/646
f 584/1/584 556/1/556 696/1/696
f 538/1/538 576/1/576 613/1/613
f 538/1/538 613/1/613 556/1/556
f 586/1/586 614/1/614 587/1/587
f 576/1/576 600/1/600 650/1/650
f 540/1/540 601/1/601 600/1/600
f 604/1/604 615/1/615 559/1/559
f 682/1/682 498/1/498 590/1/590
f 543/1/543 774/1/774 482/1/482
f 564/1/564 592/1/592 545/1/545
f 592/1/592 579/1/579 545/1/545
f 529/1/529 683/1/683 567/1/567
f 568/1/568 662/1/662 546/1/546
f 642/1/642 531/1/531 665/1/665
f 567/1/567 593/1/593 502/1/502
f 643/1/643 593/1/593 567/1/567
f 607/1/607 513/1/513 593/1/593
f 514/1/514 484/1/484 608/1/608
f 667/1/667 685/1/685 569/1/569
f 667/1/667 569/1/569 516/1/516
f 594/1/594 626/1/626 686/1/686
f 532/1/532 625/1/625 627/1/627
f 595/1/595 532/1/532 627/1/627
f 548/1/548 595/1/595 687/1/687
f 763/1/763 570/1/570 581/1/581
f 554/1/554 629/1/629 583/1/583
f 692/1/692 522/1/522 536/1/536
f 693/1/693 522/1/522 692/1/692
f 522/1/522 693/1/693 631/1/631
f 612/1/612 572/1/572 631/1/631
f 575/1/575 649/1/649 673/1/673
f 733/1/733 509/1/509 575/1/575
f 585/1/585 632/1/632 586/1/586
f 576/1/576 699/1/699 613/1/613
f 603/1/603 604/1/604 602/1/602
f 558/1/558 589/1/589 588/1/588
f 559/1/559 718/1/718 560/1/560
f 639/1/639 562/1/562 561/1/561
f 640/1/640 639/1/639 561/1/561
f 590/1/590 544/1/544 739/1/739
f 568/1/568 642/1/642 662/1/662
f 608/1/608 484/1/484 547/1/547
f 547/1/547 569/1/569 685/1/685
f 596/1/596 570/1/570 727/1/727
f 570/1/570 763/1/763 727/1/727
f 548/1/548 687/1/687 597/1/597
f 549/1/549 597/1/597 710/1/710
f 549/1/549 710/1/710 689/1/689
f 689/1/689 598/1/598 549/1/549
f 611/1/611 553/1/553 610/1/610
f 553/1/553 629/1/629 554/1/554
f 583/1/583 629/1/629 628/1/628
f 521/1/521 691/1/691 599/1/599
f 521/1/521 535/1/535 691/1/691
f 535/1/535 555/1/555 630/1/630
f 645/1/645 555/1/555 646/1/646
f 612/1/612 573/1/573 572/1/572
f 646/1/646 537/1/537 695/1/695
f 574/1/574 648/1/648 649/1/649
f 648/1/648 574/1/574 573/1/573
f 537/1/537 696/1/696 695/1/695
f 696/1/696 556/1/556 697/1/697
f 698/1/698 556/1/556 613/1/613
f 509/1/509 632/1/632 585/1/585
f 614/1/614 586/1/586 632/1/632
f 699/1/699 576/1/576 650/1/650
f 587/1/587 614/1/614 633/1/633
f 601/1/601 650/1/650 600/1/600
f 633/1/633 651/1/651 652/1/652
f 510/1/510 701/1/701 577/1/577
f 701/1/701 510/1/510 653/1/653
f 510/1/510 634/1/634 653/1/653
f 604/1/604 603/1/603 615/1/615
f 718/1/718 559/1/559 615/1/615
f 496/1/496 605/1/605 705/1/705
f 589/1/589 496/1/496 705/1/705
f 677/1/677 638/1/638 616/1/616
f 677/1/677 616/1/616 617/1/617
f 617/1/617 637/1/637 677/1/677
f 655/1/655 619/1/619 638/1/638
f 616/1/616 638/1/638 619/1/619
f 617/1/617 616/1/616 618/1/618
f 616/1/616 619/1/619 618/1/618
f 656/1/656 617/1/617 618/1/618
f 656/1/656 618/1/618 620/1/620
f 618/1/618 619/1/619 620/1/620
f 640/1/640 561/1/561 528/1/528
f 661/1/661 640/1/640 528/1/528
f 528/1/528 621/1/621 661/1/661
f 563/1/563 680/1/680 622/1/622
f 682/1/682 621/1/621 498/1/498
f 622/1/622 681/1/681 543/1/543
f 739/1/739 544/1/544 591/1/591
f 564/1/564 756/1/756 592/1/592
f 566/1/566 641/1/641 591/1/591
f 591/1/591 565/1/565 566/1/566
f 567/1/567 743/1/743 643/1/643
f 593/1/593 624/1/624 607/1/607
f 514/1/514 608/1/608 623/1/623
f 607/1/607 624/1/624 609/1/609
f 547/1/547 685/1/685 608/1/608
f 516/1/516 708/1/708 667/1/667
f 580/1/580 609/1/609 668/1/668
f 625/1/625 580/1/580 668/1/668
f 708/1/708 594/1/594 686/1/686
f 689/1/689 610/1/610 598/1/598
f 730/1/730 550/1/550 670/1/670
f 536/1/536 671/1/671 692/1/692
f 612/1/612 631/1/631 647/1/647
f 556/1/556 698/1/698 697/1/697
f 509/1/509 733/1/733 632/1/632
f 652/1/652 735/1/735 602/1/602
f 602/1/602 735/1/735 603/1/603
f 704/1/704 588/1/588 589/1/589
f 634/1/634 588/1/588 704/1/704
f 606/1/606 635/1/635 605/1/605
f 636/1/636 635/1/635 606/1/606
f 617/1/617 656/1/656 637/1/637
f 655/1/655 658/1/658 619/1/619
f 639/1/639 680/1/680 562/1/562
f 680/1/680 563/1/563 562/1/562
f 482/1/482 774/1/774 756/1/756
f 756/1/756 499/1/499 482/1/482
f 683/1/683 579/1/579 592/1/592
f 566/1/566 546/1/546 641/1/641
f 683/1/683 757/1/757 567/1/567
f 684/1/684 643/1/643 743/1/743
f 643/1/643 666/1/666 593/1/593
f 666/1/666 624/1/624 593/1/593
f 625/1/625 724/1/724 627/1/627
f 517/1/517 726/1/726 626/1/626
f 726/1/726 686/1/686 626/1/626
f 517/1/517 596/1/596 726/1/726
f 595/1/595 627/1/627 687/1/687
f 582/1/582 669/1/669 688/1/688
f 628/1/628 644/1/644 583/1/583
f 628/1/628 629/1/629 731/1/731
f 691/1/691 535/1/535 630/1/630
f 555/1/555 645/1/645 630/1/630
f 646/1/646 695/1/695 672/1/672
f 674/1/674 733/1/733 575/1/575
f 699/1/699 698/1/698 613/1/613
f 699/1/699 650/1/650 700/1/700
f 633/1/633 614/1/614 651/1/651
f 702/1/702 701/1/701 653/1/653
f 654/1/654 703/1/703 677/1/677
f 677/1/677 703/1/703 676/1/676
f 677/1/677 676/1/676 638/1/638
f 655/1/655 638/1/638 676/1/676
f 637/1/637 656/1/656 679/1/679
f 620/1/620 657/1/657 656/1/656
f 679/1/679 656/1/656 657/1/657
f 619/1/619 658/1/658 660/1/660
f 640/1/640 660/1/660 658/1/658
f 619/1/619 660/1/660 620/1/620
f 660/1/660 706/1/706 620/1/620
f 706/1/706 657/1/657 620/1/620
f 659/1/659 639/1/639 640/1/640
f 639/1/639 659/1/659 680/1/680
f 660/1/660 640/1/640 661/1/661
f 722/1/722 622/1/622 680/1/680
f 499/1/499 756/1/756 564/1/564
f 641/1/641 546/1/546 776/1/776
f 546/1/546 662/1/662 776/1/776
f 662/1/662 642/1/642 663/1/663
f 642/1/642 665/1/665 663/1/663
f 684/1/684 758/1/758 643/1/643
f 623/1/623 664/1/664 665/1/665
f 624/1/624 668/1/668 609/1/609
f 668/1/668 724/1/724 625/1/625
f 726/1/726 596/1/596 727/1/727
f 709/1/709 763/1/763 581/1/581
f 581/1/581 582/1/582 688/1/688
f 669/1/669 730/1/730 711/1/711
f 746/1/746 610/1/610 689/1/689
f 610/1/610 746/1/746 611/1/611
f 550/1/550 644/1/644 670/1/670
f 553/1/553 611/1/611 629/1/629
f 644/1/644 628/1/628 820/1/820
f 629/1/629 611/1/611 690/1/690
f 714/1/714 712/1/712 645/1/645
f 672/1/672 645/1/645 646/1/646
f 573/1/573 612/1/612 648/1/648
f 575/1/575 673/1/673 674/1/674
f 697/1/697 698/1/698 716/1/716
f 634/1/634 704/1/704 653/1/653
f 705/1/705 605/1/605 635/1/635
f 677/1/677 637/1/637 654/1/654
f 658/1/658 655/1/655 678/1/678
f 679/1/679 657/1/657 808/1/808
f 659/1/659 658/1/658 678/1/678
f 658/1/658 659/1/659 640/1/640
f 706/1/706 660/1/660 661/1/661
f 590/1/590 739/1/739 682/1/682
f 681/1/681 774/1/774 543/1/543
f 739/1/739 591/1/591 741/1/741
f 591/1/591 641/1/641 741/1/741
f 665/1/665 664/1/664 663/1/663
f 666/1/666 643/1/643 758/1/758
f 664/1/664 623/1/623 796/1/796
f 796/1/796 623/1/623 608/1/608
f 668/1/668 780/1/780 724/1/724
f 686/1/686 725/1/725 708/1/708
f 728/1/728 597/1/597 687/1/687
f 709/1/709 581/1/581 688/1/688
f 711/1/711 688/1/688 669/1/669
f 689/1/689 710/1/710 729/1/729
f 670/1/670 644/1/644 820/1/820
f 629/1/629 690/1/690 798/1/798
f 731/1/731 629/1/629 798/1/798
f 599/1/599 732/1/732 671/1/671
f 645/1/645 712/1/712 630/1/630
f 631/1/631 821/1/821 647/1/647
f 645/1/645 672/1/672 714/1/714
f 694/1/694 649/1/649 648/1/648
f 694/1/694 673/1/673 649/1/649
f 632/1/632 734/1/734 614/1/614
f 699/1/699 716/1/716 698/1/698
f 614/1/614 734/1/734 651/1/651
f 651/1/651 735/1/735 652/1/652
f 601/1/601 577/1/577 767/1/767
f 577/1/577 701/1/701 767/1/767
f 675/1/675 603/1/603 735/1/735
f 603/1/603 752/1/752 615/1/615
f 560/1/560 719/1/719 606/1/606
f 606/1/606 719/1/719 636/1/636
f 718/1/718 719/1/719 560/1/560
f 654/1/654 637/1/637 753/1/753
f 637/1/637 679/1/679 753/1/753
f 678/1/678 655/1/655 770/1/770
f 754/1/754 680/1/680 659/1/659
f 621/1/621 682/1/682 755/1/755
f 741/1/741 641/1/641 742/1/742
f 662/1/662 663/1/663 776/1/776
f 743/1/743 744/1/744 684/1/684
f 795/1/795 666/1/666 758/1/758
f 608/1/608 778/1/778 796/1/796
f 760/1/760 608/1/608 685/1/685
f 685/1/685 667/1/667 707/1/707
f 724/1/724 781/1/781 627/1/627
f 726/1/726 727/1/727 988/1/988
f 597/1/597 728/1/728 710/1/710
f 689/1/689 729/1/729 746/1/746
f 691/1/691 630/1/630 747/1/747
f 671/1/671 732/1/732 692/1/692
f 631/1/631 693/1/693 821/1/821
f 713/1/713 712/1/712 714/1/714
f 714/1/714 672/1/672 749/1/749
f 672/1/672 695/1/695 749/1/749
f 695/1/695 697/1/697 749/1/749
f 695/1/695 696/1/696 697/1/697
f 717/1/717 651/1/651 734/1/734
f 651/1/651 717/1/717 735/1/735
f 601/1/601 786/1/786 650/1/650
f 767/1/767 786/1/786 601/1/601
f 752/1/752 830/1/830 615/1/615
f 703/1/703 751/1/751 676/1/676
f 718/1/718 615/1/615 830/1/830
f 676/1/676 751/1/751 829/1/829
f 676/1/676 829/1/829 655/1/655
f 829/1/829 770/1/770 655/1/655
f 736/1/736 654/1/654 753/1/753
f 808/1/808 753/1/753 679/1/679
f 808/1/808 657/1/657 721/1/721
f 659/1/659 720/1/720 754/1/754
f 657/1/657 706/1/706 773/1/773
f 773/1/773 706/1/706 661/1/661
f 754/1/754 722/1/722 680/1/680
f 756/1/756 774/1/774 834/1/834
f 683/1/683 775/1/775 757/1/757
f 757/1/757 743/1/743 567/1/567
f 684/1/684 744/1/744 777/1/777
f 684/1/684 777/1/777 758/1/758
f 624/1/624 745/1/745 668/1/668
f 708/1/708 725/1/725 762/1/762
f 686/1/686 726/1/726 725/1/725
f 781/1/781 687/1/687 627/1/627
f 730/1/730 819/1/819 711/1/711
f 731/1/731 820/1/820 628/1/628
f 630/1/630 712/1/712 782/1/782
f 747/1/747 630/1/630 782/1/782
f 869/1/869 693/1/693 692/1/692
f 935/1/935 693/1/693 869/1/869
f 712/1/712 713/1/713 782/1/782
f 748/1/748 713/1/713 714/1/714
f 697/1/697 750/1/750 749/1/749
f 733/1/733 674/1/674 715/1/715
f 650/1/650 786/1/786 872/1/872
f 654/1/654 4016/1/4016 703/1/703
f 704/1/704 806/1/806 653/1/653
f 636/1/636 719/1/719 737/1/737
f 659/1/659 678/1/678 720/1/720
f 657/1/657 738/1/738 721/1/721
f 657/1/657 773/1/773 738/1/738
f 621/1/621 791/1/791 661/1/661
f 681/1/681 622/1/622 722/1/722
f 739/1/739 741/1/741 740/1/740
f 592/1/592 723/1/723 683/1/683
f 723/1/723 775/1/775 683/1/683
f 641/1/641 776/1/776 742/1/742
f 744/1/744 743/1/743 757/1/757
f 663/1/663 664/1/664 759/1/759
f 778/1/778 608/1/608 760/1/760
f 624/1/624 666/1/666 894/1/894
f 707/1/707 760/1/760 685/1/685
f 624/1/624 894/1/894 745/1/745
f 780/1/780 668/1/668 761/1/761
f 667/1/667 708/1/708 762/1/762
f 724/1/724 780/1/780 816/1/816
f 816/1/816 781/1/781 724/1/724
f 726/1/726 988/1/988 883/1/883
f 730/1/730 670/1/670 819/1/819
f 747/1/747 843/1/843 691/1/691
f 782/1/782 844/1/844 747/1/747
f 799/1/799 713/1/713 748/1/748
f 764/1/764 799/1/799 748/1/748
f 647/1/647 846/1/846 612/1/612
f 748/1/748 714/1/714 765/1/765
f 648/1/648 800/1/800 694/1/694
f 749/1/749 765/1/765 714/1/714
f 673/1/673 694/1/694 823/1/823
f 673/1/673 849/1/849 674/1/674
f 750/1/750 765/1/765 749/1/749
f 733/1/733 784/1/784 632/1/632
f 803/1/803 750/1/750 697/1/697
f 716/1/716 803/1/803 697/1/697
f 785/1/785 716/1/716 699/1/699
f 699/1/699 700/1/700 785/1/785
f 717/1/717 805/1/805 735/1/735
f 650/1/650 872/1/872 700/1/700
f 766/1/766 735/1/735 805/1/805
f 735/1/735 766/1/766 675/1/675
f 703/1/703 768/1/768 751/1/751
f 703/1/703 4016/1/4016 768/1/768
f 806/1/806 702/1/702 653/1/653
f 4016/1/4016 654/1/654 736/1/736
f 704/1/704 769/1/769 806/1/806
f 830/1/830 719/1/719 718/1/718
f 635/1/635 636/1/636 737/1/737
f 890/1/890 705/1/705 635/1/635
f 890/1/890 635/1/635 737/1/737
f 704/1/704 705/1/705 890/1/890
f 589/1/589 705/1/705 704/1/704
f 721/1/721 790/1/790 808/1/808
f 738/1/738 790/1/790 721/1/721
f 791/1/791 621/1/621 755/1/755
f 740/1/740 682/1/682 739/1/739
f 663/1/663 814/1/814 776/1/776
f 838/1/838 664/1/664 796/1/796
f 795/1/795 894/1/894 666/1/666
f 745/1/745 761/1/761 668/1/668
f 817/1/817 762/1/762 725/1/725
f 726/1/726 883/1/883 725/1/725
f 798/1/798 898/1/898 731/1/731
f 692/1/692 732/1/732 869/1/869
f 799/1/799 782/1/782 713/1/713
f 693/1/693 935/1/935 821/1/821
f 821/1/821 846/1/846 647/1/647
f 694/1/694 800/1/800 847/1/847
f 849/1/849 715/1/715 674/1/674
f 784/1/784 734/1/734 632/1/632
f 803/1/803 716/1/716 804/1/804
f 734/1/734 871/1/871 717/1/717
f 716/1/716 785/1/785 804/1/804
f 767/1/767 701/1/701 702/1/702
f 736/1/736 753/1/753 771/1/771
f 808/1/808 807/1/807 753/1/753
f 808/1/808 790/1/790 831/1/831
f 773/1/773 661/1/661 810/1/810
f 661/1/661 791/1/791 810/1/810
f 681/1/681 834/1/834 774/1/774
f 682/1/682 740/1/740 812/1/812
f 756/1/756 834/1/834 792/1/792
f 756/1/756 792/1/792 723/1/723
f 756/1/756 723/1/723 592/1/592
f 793/1/793 742/1/742 776/1/776
f 793/1/793 835/1/835 742/1/742
f 663/1/663 759/1/759 814/1/814
f 777/1/777 794/1/794 758/1/758
f 758/1/758 794/1/794 795/1/795
f 664/1/664 838/1/838 759/1/759
f 796/1/796 778/1/778 839/1/839
f 760/1/760 707/1/707 841/1/841
f 815/1/815 667/1/667 762/1/762
f 779/1/779 762/1/762 817/1/817
f 781/1/781 866/1/866 687/1/687
f 818/1/818 727/1/727 763/1/763
f 688/1/688 842/1/842 709/1/709
f 688/1/688 711/1/711 842/1/842
f 670/1/670 820/1/820 931/1/931
f 731/1/731 898/1/898 820/1/820
f 599/1/599 867/1/867 732/1/732
f 747/1/747 844/1/844 843/1/843
f 612/1/612 846/1/846 822/1/822
f 801/1/801 783/1/783 764/1/764
f 822/1/822 800/1/800 612/1/612
f 801/1/801 764/1/764 748/1/748
f 648/1/648 612/1/612 800/1/800
f 765/1/765 801/1/801 748/1/748
f 694/1/694 847/1/847 823/1/823
f 848/1/848 801/1/801 765/1/765
f 673/1/673 823/1/823 849/1/849
f 825/1/825 848/1/848 765/1/765
f 825/1/825 765/1/765 750/1/750
f 784/1/784 733/1/733 824/1/824
f 824/1/824 733/1/733 715/1/715
f 768/1/768 787/1/787 751/1/751
f 768/1/768 4016/1/4016 675/1/675
f 788/1/788 736/1/736 771/1/771
f 719/1/719 830/1/830 905/1/905
f 704/1/704 890/1/890 769/1/769
f 771/1/771 753/1/753 807/1/807
f 738/1/738 773/1/773 772/1/772
f 738/1/738 772/1/772 789/1/789
f 755/1/755 682/1/682 812/1/812
f 812/1/812 740/1/740 813/1/813
f 740/1/740 741/1/741 813/1/813
f 741/1/741 742/1/742 813/1/813
f 835/1/835 813/1/813 742/1/742
f 757/1/757 775/1/775 836/1/836
f 836/1/836 744/1/744 757/1/757
f 863/1/863 778/1/778 760/1/760
f 707/1/707 667/1/667 815/1/815
f 815/1/815 762/1/762 779/1/779
f 780/1/780 761/1/761 882/1/882
f 866/1/866 781/1/781 884/1/884
f 883/1/883 988/1/988 929/1/929
f 687/1/687 866/1/866 728/1/728
f 709/1/709 818/1/818 763/1/763
f 897/1/897 670/1/670 931/1/931
f 932/1/932 798/1/798 690/1/690
f 869/1/869 732/1/732 867/1/867
f 844/1/844 782/1/782 868/1/868
f 868/1/868 782/1/782 799/1/799
f 799/1/799 764/1/764 845/1/845
f 783/1/783 845/1/845 764/1/764
f 803/1/803 825/1/825 750/1/750
f 871/1/871 734/1/734 784/1/784
f 803/1/803 804/1/804 850/1/850
f 828/1/828 785/1/785 700/1/700
f 828/1/828 700/1/700 872/1/872
f 766/1/766 768/1/768 675/1/675
f 829/1/829 751/1/751 787/1/787
f 830/1/830 752/1/752 940/1/940
f 767/1/767 702/1/702 806/1/806
f 852/1/852 806/1/806 769/1/769
f 719/1/719 905/1/905 851/1/851
f 831/1/831 807/1/807 808/1/808
f 891/1/891 720/1/720 678/1/678
f 790/1/790 853/1/853 831/1/831
f 772/1/772 773/1/773 810/1/810
f 738/1/738 789/1/789 832/1/832
f 790/1/790 738/1/738 832/1/832
f 853/1/853 790/1/790 832/1/832
f 809/1/809 810/1/810 791/1/791
f 791/1/791 811/1/811 809/1/809
f 811/1/811 856/1/856 809/1/809
f 811/1/811 857/1/857 856/1/856
f 755/1/755 811/1/811 791/1/791
f 755/1/755 812/1/812 811/1/811
f 811/1/811 812/1/812 857/1/857
f 812/1/812 859/1/859 857/1/857
f 812/1/812 813/1/813 859/1/859
f 834/1/834 858/1/858 792/1/792
f 813/1/813 916/1/916 859/1/859
f 776/1/776 814/1/814 793/1/793
f 744/1/744 837/1/837 777/1/777
f 837/1/837 794/1/794 777/1/777
f 794/1/794 918/1/918 795/1/795
f 918/1/918 840/1/840 795/1/795
f 795/1/795 840/1/840 894/1/894
f 796/1/796 839/1/839 838/1/838
f 745/1/745 925/1/925 761/1/761
f 925/1/925 882/1/882 761/1/761
f 817/1/817 865/1/865 779/1/779
f 817/1/817 725/1/725 883/1/883
f 728/1/728 866/1/866 797/1/797
f 728/1/728 797/1/797 710/1/710
f 819/1/819 842/1/842 711/1/711
f 611/1/611 932/1/932 690/1/690
f 798/1/798 932/1/932 1010/1/1010
f 798/1/798 1010/1/1010 898/1/898
f 599/1/599 691/1/691 867/1/867
f 799/1/799 845/1/845 868/1/868
f 802/1/802 823/1/823 847/1/847
f 849/1/849 824/1/824 715/1/715
f 784/1/784 824/1/824 826/1/826
f 825/1/825 803/1/803 850/1/850
f 850/1/850 804/1/804 827/1/827
f 717/1/717 902/1/902 805/1/805
f 766/1/766 805/1/805 768/1/768
f 829/1/829 939/1/939 770/1/770
f 788/1/788 771/1/771 873/1/873
f 770/1/770 907/1/907 891/1/891
f 678/1/678 770/1/770 891/1/891
f 853/1/853 832/1/832 833/1/833
f 722/1/722 754/1/754 911/1/911
f 809/1/809 856/1/856 878/1/878
f 911/1/911 834/1/834 681/1/681
f 792/1/792 1023/1/1023 723/1/723
f 814/1/814 880/1/880 793/1/793
f 837/1/837 744/1/744 836/1/836
f 860/1/860 778/1/778 863/1/863
f 894/1/894 922/1/922 745/1/745
f 841/1/841 862/1/862 760/1/760
f 841/1/841 707/1/707 864/1/864
f 707/1/707 815/1/815 864/1/864
f 865/1/865 815/1/815 779/1/779
f 816/1/816 780/1/780 882/1/882
f 865/1/865 817/1/817 927/1/927
f 817/1/817 883/1/883 927/1/927
f 819/1/819 990/1/990 842/1/842
f 819/1/819 670/1/670 897/1/897
f 1011/1/1011 898/1/898 1010/1/1010
f 844/1/844 934/1/934 843/1/843
f 821/1/821 1033/1/1033 846/1/846
f 846/1/846 994/1/994 822/1/822
f 800/1/800 822/1/822 899/1/899
f 800/1/800 899/1/899 847/1/847
f 801/1/801 848/1/848 958/1/958
f 1016/1/1016 824/1/824 849/1/849
f 826/1/826 871/1/871 784/1/784
f 785/1/785 828/1/828 804/1/804
f 828/1/828 872/1/872 888/1/888
f 872/1/872 786/1/786 1018/1/1018
f 829/1/829 787/1/787 939/1/939
f 786/1/786 767/1/767 941/1/941
f 767/1/767 806/1/806 941/1/941
f 788/1/788 873/1/873 4017/1/4017
f 830/1/830 940/1/940 905/1/905
f 737/1/737 719/1/719 851/1/851
f 890/1/890 874/1/874 769/1/769
f 874/1/874 852/1/852 769/1/769
f 875/1/875 873/1/873 771/1/771
f 771/1/771 807/1/807 875/1/875
f 875/1/875 807/1/807 876/1/876
f 876/1/876 807/1/807 909/1/909
f 807/1/807 831/1/831 909/1/909
f 789/1/789 772/1/772 877/1/877
f 853/1/853 854/1/854 831/1/831
f 854/1/854 909/1/909 831/1/831
f 810/1/810 948/1/948 877/1/877
f 772/1/772 810/1/810 877/1/877
f 789/1/789 855/1/855 832/1/832
f 810/1/810 809/1/809 948/1/948
f 809/1/809 878/1/878 892/1/892
f 911/1/911 681/1/681 722/1/722
f 834/1/834 1021/1/1021 858/1/858
f 835/1/835 793/1/793 879/1/879
f 879/1/879 793/1/793 880/1/880
f 838/1/838 971/1/971 759/1/759
f 839/1/839 778/1/778 860/1/860
f 860/1/860 863/1/863 861/1/861
f 861/1/861 863/1/863 862/1/862
f 840/1/840 922/1/922 894/1/894
f 760/1/760 862/1/862 863/1/863
f 922/1/922 925/1/925 745/1/745
f 923/1/923 862/1/862 841/1/841
f 864/1/864 923/1/923 841/1/841
f 864/1/864 815/1/815 865/1/865
f 881/1/881 864/1/864 865/1/865
f 927/1/927 881/1/881 865/1/865
f 882/1/882 895/1/895 816/1/816
f 816/1/816 895/1/895 781/1/781
f 781/1/781 895/1/895 884/1/884
f 988/1/988 987/1/987 929/1/929
f 818/1/818 988/1/988 727/1/727
f 885/1/885 797/1/797 866/1/866
f 957/1/957 797/1/797 885/1/885
f 797/1/797 957/1/957 710/1/710
f 709/1/709 842/1/842 818/1/818
f 729/1/729 989/1/989 746/1/746
f 611/1/611 1272/1/1272 932/1/932
f 691/1/691 933/1/933 867/1/867
f 844/1/844 868/1/868 934/1/934
f 821/1/821 935/1/935 1033/1/1033
f 783/1/783 1034/1/1034 845/1/845
f 801/1/801 958/1/958 783/1/783
f 823/1/823 802/1/802 870/1/870
f 849/1/849 823/1/823 886/1/886
f 900/1/900 826/1/826 824/1/824
f 901/1/901 825/1/825 850/1/850
f 903/1/903 828/1/828 888/1/888
f 4018/1/4018 887/1/887 805/1/805
f 768/1/768 805/1/805 887/1/887
f 872/1/872 1018/1/1018 888/1/888
f 768/1/768 887/1/887 787/1/787
f 941/1/941 806/1/806 889/1/889
f 890/1/890 737/1/737 851/1/851
f 909/1/909 908/1/908 876/1/876
f 877/1/877 946/1/946 789/1/789
f 912/1/912 909/1/909 854/1/854
f 853/1/853 833/1/833 854/1/854
f 809/1/809 892/1/892 948/1/948
f 913/1/913 832/1/832 855/1/855
f 833/1/833 832/1/832 913/1/913
f 912/1/912 854/1/854 833/1/833
f 834/1/834 911/1/911 1021/1/1021
f 856/1/856 914/1/914 878/1/878
f 857/1/857 914/1/914 856/1/856
f 857/1/857 915/1/915 914/1/914
f 859/1/859 915/1/915 857/1/857
f 916/1/916 915/1/915 859/1/859
f 813/1/813 952/1/952 916/1/916
f 723/1/723 1023/1/1023 775/1/775
f 1023/1/1023 836/1/836 775/1/775
f 880/1/880 814/1/814 759/1/759
f 837/1/837 1053/1/1053 794/1/794
f 918/1/918 919/1/919 840/1/840
f 860/1/860 861/1/861 893/1/893
f 923/1/923 864/1/864 881/1/881
f 926/1/926 923/1/923 881/1/881
f 927/1/927 883/1/883 928/1/928
f 930/1/930 866/1/866 884/1/884
f 710/1/710 1009/1/1009 729/1/729
f 931/1/931 1030/1/1030 897/1/897
f 820/1/820 898/1/898 931/1/931
f 867/1/867 933/1/933 869/1/869
f 994/1/994 846/1/846 1033/1/1033
f 1034/1/1034 783/1/783 958/1/958
f 899/1/899 1035/1/1035 847/1/847
f 823/1/823 870/1/870 886/1/886
f 849/1/849 886/1/886 1016/1/1016
f 850/1/850 827/1/827 901/1/901
f 871/1/871 902/1/902 717/1/717
f 902/1/902 4018/1/4018 805/1/805
f 786/1/786 941/1/941 1018/1/1018
f 874/1/874 890/1/890 998/1/998
f 852/1/852 942/1/942 806/1/806
f 906/1/906 907/1/907 770/1/770
f 944/1/944 875/1/875 908/1/908
f 875/1/875 876/1/876 908/1/908
f 891/1/891 965/1/965 720/1/720
f 720/1/720 965/1/965 754/1/754
f 877/1/877 948/1/948 946/1/946
f 946/1/946 855/1/855 789/1/789
f 833/1/833 913/1/913 912/1/912
f 892/1/892 878/1/878 968/1/968
f 813/1/813 835/1/835 952/1/952
f 835/1/835 879/1/879 952/1/952
f 759/1/759 917/1/917 880/1/880
f 1053/1/1053 918/1/918 794/1/794
f 920/1/920 971/1/971 838/1/838
f 861/1/861 921/1/921 893/1/893
f 923/1/923 921/1/921 861/1/861
f 861/1/861 862/1/862 923/1/923
f 956/1/956 926/1/926 881/1/881
f 881/1/881 927/1/927 956/1/956
f 930/1/930 885/1/885 866/1/866
f 885/1/885 1028/1/1028 957/1/957
f 896/1/896 818/1/818 842/1/842
f 957/1/957 1009/1/1009 710/1/710
f 1009/1/1009 989/1/989 729/1/729
f 819/1/819 897/1/897 990/1/990
f 746/1/746 989/1/989 611/1/611
f 691/1/691 1548/1/1548 933/1/933
f 935/1/935 869/1/869 1144/1/1144
f 869/1/869 933/1/933 1144/1/1144
f 993/1/993 845/1/845 1034/1/1034
f 1033/1/1033 1014/1/1014 994/1/994
f 1035/1/1035 899/1/899 822/1/822
f 847/1/847 1015/1/1015 802/1/802
f 848/1/848 825/1/825 1069/1/1069
f 901/1/901 936/1/936 825/1/825
f 902/1/902 937/1/937 4018/1/4018
f 804/1/804 828/1/828 827/1/827
f 904/1/904 4018/1/4018 937/1/937
f 887/1/887 961/1/961 938/1/938
f 787/1/787 887/1/887 939/1/939
f 1073/1/1073 1018/1/1018 941/1/941
f 939/1/939 906/1/906 770/1/770
f 889/1/889 806/1/806 942/1/942
f 890/1/890 851/1/851 998/1/998
f 875/1/875 944/1/944 873/1/873
f 852/1/852 874/1/874 945/1/945
f 1020/1/1020 852/1/852 945/1/945
f 942/1/942 852/1/852 1020/1/1020
f 1155/1/1155 891/1/891 907/1/907
f 963/1/963 944/1/944 908/1/908
f 910/1/910 964/1/964 908/1/908
f 908/1/908 909/1/909 910/1/910
f 1044/1/1044 754/1/754 965/1/965
f 855/1/855 946/1/946 947/1/947
f 912/1/912 910/1/910 909/1/909
f 1044/1/1044 911/1/911 754/1/754
f 910/1/910 912/1/912 949/1/949
f 892/1/892 1001/1/1001 948/1/948
f 912/1/912 913/1/913 950/1/950
f 949/1/949 912/1/912 950/1/950
f 1002/1/1002 1021/1/1021 911/1/911
f 878/1/878 914/1/914 968/1/968
f 836/1/836 1023/1/1023 1024/1/1024
f 836/1/836 1053/1/1053 837/1/837
f 917/1/917 759/1/759 971/1/971
f 839/1/839 920/1/920 838/1/838
f 860/1/860 920/1/920 839/1/839
f 924/1/924 921/1/921 923/1/923
f 924/1/924 923/1/923 926/1/926
f 984/1/984 925/1/925 1008/1/1008
f 984/1/984 882/1/882 925/1/925
f 1026/1/1026 895/1/895 984/1/984
f 985/1/985 956/1/956 927/1/927
f 928/1/928 883/1/883 929/1/929
f 1170/1/1170 988/1/988 818/1/818
f 1029/1/1029 896/1/896 842/1/842
f 1029/1/1029 842/1/842 990/1/990
f 990/1/990 897/1/897 991/1/991
f 1272/1/1272 611/1/611 1140/1/1140
f 1010/1/1010 932/1/932 1031/1/1031
f 843/1/843 1548/1/1548 691/1/691
f 868/1/868 993/1/993 1012/1/1012
f 868/1/868 1012/1/1012 934/1/934
f 868/1/868 845/1/845 993/1/993
f 822/1/822 994/1/994 1035/1/1035
f 886/1/886 959/1/959 1016/1/1016
f 871/1/871 826/1/826 900/1/900
f 871/1/871 996/1/996 902/1/902
f 828/1/828 903/1/903 827/1/827
f 938/1/938 939/1/939 887/1/887
f 1018/1/1018 1072/1/1072 888/1/888
f 962/1/962 905/1/905 940/1/940
f 1041/1/1041 873/1/873 944/1/944
f 889/1/889 942/1/942 943/1/943
f 963/1/963 908/1/908 964/1/964
f 947/1/947 913/1/913 855/1/855
f 949/1/949 951/1/951 910/1/910
f 951/1/951 949/1/949 950/1/950
f 968/1/968 914/1/914 1022/1/1022
f 952/1/952 969/1/969 916/1/916
f 953/1/953 952/1/952 879/1/879
f 836/1/836 1024/1/1024 1102/1/1102
f 879/1/879 880/1/880 1004/1/1004
f 920/1/920 860/1/860 1057/1/1057
f 860/1/860 893/1/893 1057/1/1057
f 974/1/974 921/1/921 954/1/954
f 924/1/924 954/1/954 921/1/921
f 955/1/955 954/1/954 924/1/924
f 955/1/955 924/1/924 981/1/981
f 924/1/924 926/1/926 981/1/981
f 895/1/895 882/1/882 984/1/984
f 985/1/985 927/1/927 928/1/928
f 895/1/895 1027/1/1027 884/1/884
f 896/1/896 1029/1/1029 1172/1/1172
f 611/1/611 989/1/989 1140/1/1140
f 932/1/932 1272/1/1272 1031/1/1031
f 898/1/898 1011/1/1011 931/1/931
f 931/1/931 1011/1/1011 992/1/992
f 935/1/935 1144/1/1144 1032/1/1032
f 1032/1/1032 1033/1/1033 935/1/935
f 1015/1/1015 1084/1/1084 802/1/802
f 848/1/848 995/1/995 958/1/958
f 886/1/886 1036/1/1036 959/1/959
f 1036/1/1036 886/1/886 870/1/870
f 824/1/824 1017/1/1017 900/1/900
f 848/1/848 1069/1/1069 995/1/995
f 900/1/900 1037/1/1037 871/1/871
f 960/1/960 936/1/936 901/1/901
f 997/1/997 901/1/901 827/1/827
f 902/1/902 1117/1/1117 937/1/937
f 1039/1/1039 997/1/997 827/1/827
f 903/1/903 888/1/888 1040/1/1040
f 938/1/938 1086/1/1086 939/1/939
f 1040/1/1040 888/1/888 1072/1/1072
f 4017/1/4017 873/1/873 1041/1/1041
f 999/1/999 941/1/941 889/1/889
f 963/1/963 1041/1/1041 944/1/944
f 998/1/998 1089/1/1089 874/1/874
f 943/1/943 999/1/999 889/1/889
f 874/1/874 1089/1/1089 945/1/945
f 942/1/942 1000/1/1000 943/1/943
f 1000/1/1000 942/1/942 1020/1/1020
f 965/1/965 891/1/891 1155/1/1155
f 948/1/948 1045/1/1045 946/1/946
f 1045/1/1045 947/1/947 946/1/946
f 913/1/913 947/1/947 967/1/967
f 947/1/947 1045/1/1045 967/1/967
f 910/1/910 951/1/951 966/1/966
f 1001/1/1001 892/1/892 1047/1/1047
f 892/1/892 968/1/968 1047/1/1047
f 913/1/913 967/1/967 950/1/950
f 950/1/950 1003/1/1003 951/1/951
f 967/1/967 1003/1/1003 950/1/950
f 1022/1/1022 914/1/914 915/1/915
f 916/1/916 969/1/969 915/1/915
f 1161/1/1161 1023/1/1023 792/1/792
f 952/1/952 1164/1/1164 969/1/969
f 879/1/879 1004/1/1004 953/1/953
f 971/1/971 970/1/970 917/1/917
f 1053/1/1053 919/1/919 918/1/918
f 971/1/971 920/1/920 1055/1/1055
f 1129/1/1129 1056/1/1056 919/1/919
f 919/1/919 1056/1/1056 840/1/840
f 974/1/974 975/1/975 973/1/973
f 978/1/978 972/1/972 976/1/976
f 893/1/893 921/1/921 974/1/974
f 973/1/973 975/1/975 977/1/977
f 972/1/972 973/1/973 977/1/977
f 976/1/976 972/1/972 977/1/977
f 954/1/954 975/1/975 974/1/974
f 977/1/977 975/1/975 954/1/954
f 978/1/978 976/1/976 979/1/979
f 1008/1/1008 840/1/840 1081/1/1081
f 977/1/977 954/1/954 955/1/955
f 922/1/922 1008/1/1008 925/1/925
f 840/1/840 1008/1/1008 922/1/922
f 976/1/976 977/1/977 955/1/955
f 976/1/976 955/1/955 979/1/979
f 979/1/979 955/1/955 980/1/980
f 1007/1/1007 979/1/979 980/1/980
f 980/1/980 955/1/955 981/1/981
f 982/1/982 1007/1/1007 980/1/980
f 980/1/980 981/1/981 982/1/982
f 926/1/926 956/1/956 981/1/981
f 983/1/983 982/1/982 981/1/981
f 983/1/983 981/1/981 956/1/956
f 1026/1/1026 1027/1/1027 895/1/895
f 929/1/929 986/1/986 928/1/928
f 930/1/930 884/1/884 1063/1/1063
f 986/1/986 929/1/929 987/1/987
f 1063/1/1063 1064/1/1064 930/1/930
f 1064/1/1064 885/1/885 930/1/930
f 991/1/991 897/1/897 1030/1/1030
f 933/1/933 1548/1/1548 1174/1/1174
f 934/1/934 1142/1/1142 843/1/843
f 1012/1/1012 993/1/993 1013/1/1013
f 993/1/993 1034/1/1034 1067/1/1067
f 1035/1/1035 1015/1/1015 847/1/847
f 1084/1/1084 1036/1/1036 870/1/870
f 802/1/802 1084/1/1084 870/1/870
f 1069/1/1069 825/1/825 936/1/936
f 996/1/996 871/1/871 1037/1/1037
f 903/1/903 1039/1/1039 827/1/827
f 941/1/941 1019/1/1019 1073/1/1073
f 1042/1/1042 851/1/851 905/1/905
f 851/1/851 1042/1/1042 998/1/998
f 1087/1/1087 907/1/907 906/1/906
f 945/1/945 1089/1/1089 1043/1/1043
f 964/1/964 1093/1/1093 963/1/963
f 964/1/964 910/1/910 1076/1/1076
f 948/1/948 1001/1/1001 1045/1/1045
f 910/1/910 966/1/966 1076/1/1076
f 967/1/967 1045/1/1045 1048/1/1048
f 1046/1/1046 1001/1/1001 1047/1/1047
f 1003/1/1003 967/1/967 1051/1/1051
f 1047/1/1047 968/1/968 1022/1/1022
f 1052/1/1052 858/1/858 1021/1/1021
f 1161/1/1161 792/1/792 1125/1/1125
f 953/1/953 1079/1/1079 952/1/952
f 836/1/836 1102/1/1102 1053/1/1053
f 880/1/880 917/1/917 1004/1/1004
f 1129/1/1129 919/1/919 1053/1/1053
f 1055/1/1055 920/1/920 1005/1/1005
f 920/1/920 1107/1/1107 1005/1/1005
f 920/1/920 1057/1/1057 1107/1/1107
f 1109/1/1109 972/1/972 978/1/978
f 974/1/974 1108/1/1108 893/1/893
f 893/1/893 1108/1/1108 1057/1/1057
f 1056/1/1056 1081/1/1081 840/1/840
f 978/1/978 979/1/979 1006/1/1006
f 956/1/956 985/1/985 1114/1/1114
f 956/1/956 1114/1/1114 983/1/983
f 1063/1/1063 884/1/884 1027/1/1027
f 1063/1/1063 1082/1/1082 1064/1/1064
f 1065/1/1065 885/1/885 1064/1/1064
f 885/1/885 1065/1/1065 1028/1/1028
f 991/1/991 1029/1/1029 990/1/990
f 1173/1/1173 1144/1/1144 933/1/933
f 1013/1/1013 993/1/993 1067/1/1067
f 995/1/995 1034/1/1034 958/1/958
f 1016/1/1016 1017/1/1017 824/1/824
f 1116/1/1116 902/1/902 996/1/996
f 901/1/901 997/1/997 960/1/960
f 1178/1/1178 937/1/937 1117/1/1117
f 938/1/938 937/1/937 1178/1/1178
f 938/1/938 1178/1/1178 1086/1/1086
f 1179/1/1179 906/1/906 939/1/939
f 905/1/905 962/1/962 1042/1/1042
f 1041/1/1041 963/1/963 4019/1/4019
f 999/1/999 1019/1/1019 941/1/941
f 943/1/943 1088/1/1088 999/1/999
f 967/1/967 1048/1/1048 1051/1/1051
f 1047/1/1047 1022/1/1022 1159/1/1159
f 1051/1/1051 1078/1/1078 1003/1/1003
f 1022/1/1022 915/1/915 1100/1/1100
f 1052/1/1052 792/1/792 858/1/858
f 1079/1/1079 1164/1/1164 952/1/952
f 971/1/971 1055/1/1055 970/1/970
f 1025/1/1025 1056/1/1056 1133/1/1133
f 978/1/978 1006/1/1006 1059/1/1059
f 1058/1/1058 974/1/974 973/1/973
f 972/1/972 1058/1/1058 973/1/973
f 979/1/979 1007/1/1007 1006/1/1006
f 1006/1/1006 1007/1/1007 1061/1/1061
f 1007/1/1007 982/1/982 1062/1/1062
f 818/1/818 896/1/896 1170/1/1170
f 957/1/957 1028/1/1028 1009/1/1009
f 1115/1/1115 991/1/991 1030/1/1030
f 1031/1/1031 1011/1/1011 1010/1/1010
f 1011/1/1011 1066/1/1066 992/1/992
f 1066/1/1066 1011/1/1011 1031/1/1031
f 1012/1/1012 1142/1/1142 934/1/934
f 1012/1/1012 1013/1/1013 1175/1/1175
f 1017/1/1017 1016/1/1016 959/1/959
f 1069/1/1069 936/1/936 1085/1/1085
f 996/1/996 1037/1/1037 1038/1/1038
f 902/1/902 1116/1/1116 1117/1/1117
f 1074/1/1074 998/1/998 1042/1/1042
f 1019/1/1019 999/1/999 1183/1/1183
f 1089/1/1089 998/1/998 1074/1/1074
f 1093/1/1093 4019/1/4019 963/1/963
f 1120/1/1120 1088/1/1088 943/1/943
f 943/1/943 1000/1/1000 1120/1/1120
f 945/1/945 1043/1/1043 1020/1/1020
f 1020/1/1020 1043/1/1043 1000/1/1000
f 1043/1/1043 1184/1/1184 1000/1/1000
f 1076/1/1076 1094/1/1094 964/1/964
f 1045/1/1045 1001/1/1001 1046/1/1046
f 911/1/911 1075/1/1075 1002/1/1002
f 1045/1/1045 1046/1/1046 1048/1/1048
f 951/1/951 1049/1/1049 966/1/966
f 1049/1/1049 1077/1/1077 966/1/966
f 1050/1/1050 1046/1/1046 1047/1/1047
f 1159/1/1159 1050/1/1050 1047/1/1047
f 1048/1/1048 1046/1/1046 1050/1/1050
f 951/1/951 1003/1/1003 1098/1/1098
f 1049/1/1049 951/1/951 1098/1/1098
f 1003/1/1003 1078/1/1078 1098/1/1098
f 1052/1/1052 1125/1/1125 792/1/792
f 915/1/915 1162/1/1162 1100/1/1100
f 1162/1/1162 915/1/915 969/1/969
f 969/1/969 1164/1/1164 1163/1/1163
f 1024/1/1024 1023/1/1023 1229/1/1229
f 1024/1/1024 1229/1/1229 1102/1/1102
f 1101/1/1101 953/1/953 1004/1/1004
f 1101/1/1101 1004/1/1004 1054/1/1054
f 1004/1/1004 917/1/917 970/1/970
f 1054/1/1054 1004/1/1004 970/1/970
f 1080/1/1080 970/1/970 1055/1/1055
f 1053/1/1053 1103/1/1103 1129/1/1129
f 1005/1/1005 1130/1/1130 1055/1/1055
f 1107/1/1107 1057/1/1057 1108/1/1108
f 974/1/974 1058/1/1058 1108/1/1108
f 1109/1/1109 1058/1/1058 972/1/972
f 1109/1/1109 978/1/978 1059/1/1059
f 1025/1/1025 1081/1/1081 1056/1/1056
f 1059/1/1059 1006/1/1006 1112/1/1112
f 1112/1/1112 1113/1/1113 1059/1/1059
f 1112/1/1112 1006/1/1006 1061/1/1061
f 1113/1/1113 1112/1/1112 1061/1/1061
f 1007/1/1007 1062/1/1062 1061/1/1061
f 1008/1/1008 1060/1/1060 984/1/984
f 1060/1/1060 1136/1/1136 984/1/984
f 983/1/983 1062/1/1062 982/1/982
f 1136/1/1136 1026/1/1026 984/1/984
f 985/1/985 1137/1/1137 1114/1/1114
f 1027/1/1027 1026/1/1026 1169/1/1169
f 1063/1/1063 1138/1/1138 1082/1/1082
f 988/1/988 1348/1/1348 987/1/987
f 989/1/989 1009/1/1009 1299/1/1299
f 1030/1/1030 931/1/931 1083/1/1083
f 1066/1/1066 1215/1/1215 992/1/992
f 933/1/933 1174/1/1174 1173/1/1173
f 1142/1/1142 1012/1/1012 1175/1/1175
f 1032/1/1032 1144/1/1144 1143/1/1143
f 1014/1/1014 1033/1/1033 1032/1/1032
f 995/1/995 1067/1/1067 1034/1/1034
f 1035/1/1035 1068/1/1068 1015/1/1015
f 1015/1/1015 1146/1/1146 1084/1/1084
f 1241/1/1241 995/1/995 1069/1/1069
f 1069/1/1069 1085/1/1085 1279/1/1279
f 1037/1/1037 1070/1/1070 1038/1/1038
f 936/1/936 960/1/960 1085/1/1085
f 960/1/960 997/1/997 1085/1/1085
f 1118/1/1118 997/1/997 1039/1/1039
f 903/1/903 1071/1/1071 1039/1/1039
f 903/1/903 1040/1/1040 1071/1/1071
f 939/1/939 1086/1/1086 1179/1/1179
f 1087/1/1087 906/1/906 1179/1/1179
f 1072/1/1072 1018/1/1018 1073/1/1073
f 907/1/907 1087/1/1087 1155/1/1155
f 1090/1/1090 1043/1/1043 1089/1/1089
f 964/1/964 1094/1/1094 1093/1/1093
f 1119/1/1119 1044/1/1044 965/1/965
f 1044/1/1044 1075/1/1075 911/1/911
f 1076/1/1076 966/1/966 1077/1/1077
f 1048/1/1048 1050/1/1050 1097/1/1097
f 1051/1/1051 1048/1/1048 1097/1/1097
f 1021/1/1021 1002/1/1002 1157/1/1157
f 1021/1/1021 1157/1/1157 1052/1/1052
f 1022/1/1022 1100/1/1100 1197/1/1197
f 1162/1/1162 969/1/969 1163/1/1163
f 1023/1/1023 1161/1/1161 1229/1/1229
f 1102/1/1102 1229/1/1229 1126/1/1126
f 1079/1/1079 953/1/953 1127/1/1127
f 1055/1/1055 1130/1/1130 1080/1/1080
f 1130/1/1130 1005/1/1005 1131/1/1131
f 1060/1/1060 1008/1/1008 1081/1/1081
f 983/1/983 1114/1/1114 1062/1/1062
f 1136/1/1136 1169/1/1169 1026/1/1026
f 1348/1/1348 988/1/988 1170/1/1170
f 1065/1/1065 1064/1/1064 1082/1/1082
f 1171/1/1171 1028/1/1028 1065/1/1065
f 1028/1/1028 1171/1/1171 1009/1/1009
f 991/1/991 1139/1/1139 1029/1/1029
f 1083/1/1083 931/1/931 992/1/992
f 1066/1/1066 1031/1/1031 1141/1/1141
f 1142/1/1142 1549/1/1549 843/1/843
f 1032/1/1032 1143/1/1143 1014/1/1014
f 1239/1/1239 1013/1/1013 1067/1/1067
f 994/1/994 1014/1/1014 1068/1/1068
f 1068/1/1068 1035/1/1035 994/1/994
f 1015/1/1015 1068/1/1068 1146/1/1146
f 1017/1/1017 1176/1/1176 900/1/900
f 1241/1/1241 1069/1/1069 1279/1/1279
f 1037/1/1037 900/1/900 1070/1/1070
f 1070/1/1070 1148/1/1148 1038/1/1038
f 996/1/996 1038/1/1038 1116/1/1116
f 1071/1/1071 1118/1/1118 1039/1/1039
f 1072/1/1072 1152/1/1152 1040/1/1040
f 1072/1/1072 1073/1/1073 1181/1/1181
f 1074/1/1074 1042/1/1042 1154/1/1154
f 1183/1/1183 999/1/999 1088/1/1088
f 1121/1/1121 4019/1/4019 1093/1/1093
f 1089/1/1089 1074/1/1074 1090/1/1090
f 1119/1/1119 965/1/965 1155/1/1155
f 1043/1/1043 1091/1/1091 1184/1/1184
f 1120/1/1120 1000/1/1000 1184/1/1184
f 1121/1/1121 1093/1/1093 1092/1/1092
f 1091/1/1091 1043/1/1043 1156/1/1156
f 1092/1/1092 1093/1/1093 1094/1/1094
f 1094/1/1094 1076/1/1076 1077/1/1077
f 1094/1/1094 1077/1/1077 1092/1/1092
f 1092/1/1092 1077/1/1077 1095/1/1095
f 1095/1/1095 1077/1/1077 1096/1/1096
f 1049/1/1049 1096/1/1096 1077/1/1077
f 1096/1/1096 1049/1/1049 1099/1/1099
f 1158/1/1158 1097/1/1097 1050/1/1050
f 1049/1/1049 1098/1/1098 1099/1/1099
f 1051/1/1051 1123/1/1123 1078/1/1078
f 1159/1/1159 1022/1/1022 1197/1/1197
f 1157/1/1157 1254/1/1254 1052/1/1052
f 1101/1/1101 1127/1/1127 953/1/953
f 1102/1/1102 1103/1/1103 1053/1/1053
f 1101/1/1101 1054/1/1054 1128/1/1128
f 970/1/970 1128/1/1128 1054/1/1054
f 1080/1/1080 1128/1/1128 970/1/970
f 1130/1/1130 1131/1/1131 1165/1/1165
f 1107/1/1107 1104/1/1104 1131/1/1131
f 1131/1/1131 1104/1/1104 1105/1/1105
f 1104/1/1104 1106/1/1106 1105/1/1105
f 1105/1/1105 1106/1/1106 1132/1/1132
f 1131/1/1131 1005/1/1005 1107/1/1107
f 1058/1/1058 1106/1/1106 1104/1/1104
f 1104/1/1104 1107/1/1107 1108/1/1108
f 1106/1/1106 1058/1/1058 1109/1/1109
f 1104/1/1104 1108/1/1108 1058/1/1058
f 1110/1/1110 1106/1/1106 1109/1/1109
f 1059/1/1059 1110/1/1110 1109/1/1109
f 1110/1/1110 1059/1/1059 1111/1/1111
f 1113/1/1113 1111/1/1111 1059/1/1059
f 1061/1/1061 1209/1/1209 1113/1/1113
f 1062/1/1062 1209/1/1209 1061/1/1061
f 1168/1/1168 1209/1/1209 1062/1/1062
f 1060/1/1060 1135/1/1135 1136/1/1136
f 1168/1/1168 1062/1/1062 1114/1/1114
f 985/1/985 928/1/928 1137/1/1137
f 1027/1/1027 1211/1/1211 1063/1/1063
f 1137/1/1137 928/1/928 986/1/986
f 896/1/896 1172/1/1172 1213/1/1213
f 1171/1/1171 1299/1/1299 1009/1/1009
f 1029/1/1029 1139/1/1139 1172/1/1172
f 1299/1/1299 1300/1/1300 989/1/989
f 1115/1/1115 1030/1/1030 1083/1/1083
f 1031/1/1031 1272/1/1272 1237/1/1237
f 1031/1/1031 1237/1/1237 1141/1/1141
f 992/1/992 1215/1/1215 1273/1/1273
f 992/1/992 1273/1/1273 1083/1/1083
f 1067/1/1067 995/1/995 1217/1/1217
f 1146/1/1146 1303/1/1303 1084/1/1084
f 995/1/995 1241/1/1241 1217/1/1217
f 959/1/959 1036/1/1036 1240/1/1240
f 1070/1/1070 900/1/900 1176/1/1176
f 1086/1/1086 1150/1/1150 1179/1/1179
f 1181/1/1181 1152/1/1152 1072/1/1072
f 1153/1/1153 1154/1/1154 1042/1/1042
f 1044/1/1044 1119/1/1119 1122/1/1122
f 1092/1/1092 1187/1/1187 1121/1/1121
f 1092/1/1092 1095/1/1095 1190/1/1190
f 1189/1/1189 1092/1/1092 1190/1/1190
f 1050/1/1050 1225/1/1225 1158/1/1158
f 1123/1/1123 1051/1/1051 1097/1/1097
f 1096/1/1096 1099/1/1099 1193/1/1193
f 1098/1/1098 1078/1/1078 1194/1/1194
f 1099/1/1099 1098/1/1098 1160/1/1160
f 1098/1/1098 1194/1/1194 1160/1/1160
f 1052/1/1052 1254/1/1254 1125/1/1125
f 1102/1/1102 1126/1/1126 1103/1/1103
f 1131/1/1131 1105/1/1105 1204/1/1204
f 1204/1/1204 1105/1/1105 1166/1/1166
f 1166/1/1166 1105/1/1105 1132/1/1132
f 1132/1/1132 1106/1/1106 1110/1/1110
f 1056/1/1056 1234/1/1234 1133/1/1133
f 1111/1/1111 1207/1/1207 1110/1/1110
f 1111/1/1111 1113/1/1113 1134/1/1134
f 1025/1/1025 1294/1/1294 1081/1/1081
f 1081/1/1081 1294/1/1294 1060/1/1060
f 1209/1/1209 1208/1/1208 1113/1/1113
f 1210/1/1210 1168/1/1168 1114/1/1114
f 1137/1/1137 1210/1/1210 1114/1/1114
f 1027/1/1027 1169/1/1169 1211/1/1211
f 1212/1/1212 986/1/986 987/1/987
f 1170/1/1170 896/1/896 1213/1/1213
f 1140/1/1140 989/1/989 1300/1/1300
f 1139/1/1139 991/1/991 1115/1/1115
f 1083/1/1083 1273/1/1273 1214/1/1214
f 1014/1/1014 1143/1/1143 1238/1/1238
f 1014/1/1014 1145/1/1145 1068/1/1068
f 1318/1/1318 1036/1/1036 1084/1/1084
f 1017/1/1017 1242/1/1242 1176/1/1176
f 1241/1/1241 1279/1/1279 1305/1/1305
f 1149/1/1149 1038/1/1038 1147/1/1147
f 1147/1/1147 1038/1/1038 1148/1/1148
f 1149/1/1149 1116/1/1116 1038/1/1038
f 1085/1/1085 997/1/997 1118/1/1118
f 1086/1/1086 1178/1/1178 1150/1/1150
f 1040/1/1040 1151/1/1151 1071/1/1071
f 1040/1/1040 1152/1/1152 1151/1/1151
f 1073/1/1073 1019/1/1019 1181/1/1181
f 1181/1/1181 1019/1/1019 1183/1/1183
f 1074/1/1074 1154/1/1154 1222/1/1222
f 1121/1/1121 1221/1/1221 4019/1/4019
f 1090/1/1090 1248/1/1248 1043/1/1043
f 1156/1/1156 1043/1/1043 1248/1/1248
f 1187/1/1187 1092/1/1092 1189/1/1189
f 1095/1/1095 1096/1/1096 1193/1/1193
f 1095/1/1095 1193/1/1193 1190/1/1190
f 1097/1/1097 1158/1/1158 1123/1/1123
f 1193/1/1193 1099/1/1099 1124/1/1124
f 1078/1/1078 1123/1/1123 1194/1/1194
f 1160/1/1160 1124/1/1124 1099/1/1099
f 1197/1/1197 1100/1/1100 1162/1/1162
f 1197/1/1197 1162/1/1162 1226/1/1226
f 1309/1/1309 1229/1/1229 1161/1/1161
f 1164/1/1164 1079/1/1079 1127/1/1127
f 1126/1/1126 1229/1/1229 1231/1/1231
f 1127/1/1127 1101/1/1101 1291/1/1291
f 1130/1/1130 1233/1/1233 1080/1/1080
f 1165/1/1165 1233/1/1233 1130/1/1130
f 1132/1/1132 1206/1/1206 1166/1/1166
f 1129/1/1129 1234/1/1234 1056/1/1056
f 1345/1/1345 1110/1/1110 1207/1/1207
f 1207/1/1207 1111/1/1111 1167/1/1167
f 1111/1/1111 1134/1/1134 1167/1/1167
f 1294/1/1294 1135/1/1135 1060/1/1060
f 1063/1/1063 1211/1/1211 1138/1/1138
f 986/1/986 1212/1/1212 1137/1/1137
f 987/1/987 1348/1/1348 1463/1/1463
f 1383/1/1383 1170/1/1170 1213/1/1213
f 1171/1/1171 1065/1/1065 1431/1/1431
f 1237/1/1237 1272/1/1272 1315/1/1315
f 1215/1/1215 1066/1/1066 1274/1/1274
f 1352/1/1352 1175/1/1175 1013/1/1013
f 1216/1/1216 1143/1/1143 1144/1/1144
f 1014/1/1014 1238/1/1238 1145/1/1145
f 1067/1/1067 1217/1/1217 1239/1/1239
f 1036/1/1036 1318/1/1318 1240/1/1240
f 1070/1/1070 1176/1/1176 1177/1/1177
f 1070/1/1070 1177/1/1177 1148/1/1148
f 1392/1/1392 1116/1/1116 1149/1/1149
f 1117/1/1117 1280/1/1280 1178/1/1178
f 1181/1/1181 1182/1/1182 1152/1/1152
f 1154/1/1154 1153/1/1153 1180/1/1180
f 1154/1/1154 1180/1/1180 1329/1/1329
f 1087/1/1087 1398/1/1398 1155/1/1155
f 1222/1/1222 1090/1/1090 1074/1/1074
f 1121/1/1121 1247/1/1247 1221/1/1221
f 1090/1/1090 1222/1/1222 1248/1/1248
f 1186/1/1186 1183/1/1183 1088/1/1088
f 1088/1/1088 1120/1/1120 1186/1/1186
f 1120/1/1120 1184/1/1184 1251/1/1251
f 1119/1/1119 1334/1/1334 1122/1/1122
f 1185/1/1185 1251/1/1251 1091/1/1091
f 1091/1/1091 1251/1/1251 1184/1/1184
f 1186/1/1186 1120/1/1120 1251/1/1251
f 1185/1/1185 1091/1/1091 1156/1/1156
f 1191/1/1191 1187/1/1187 1189/1/1189
f 1188/1/1188 1187/1/1187 1191/1/1191
f 1185/1/1185 1156/1/1156 1223/1/1223
f 1044/1/1044 1122/1/1122 1075/1/1075
f 1190/1/1190 1191/1/1191 1189/1/1189
f 1188/1/1188 1191/1/1191 1195/1/1195
f 1284/1/1284 1188/1/1188 1195/1/1195
f 1075/1/1075 1285/1/1285 1002/1/1002
f 1195/1/1195 1191/1/1191 1201/1/1201
f 1191/1/1191 1190/1/1190 1192/1/1192
f 1224/1/1224 1284/1/1284 1195/1/1195
f 1002/1/1002 1285/1/1285 1157/1/1157
f 1191/1/1191 1192/1/1192 1201/1/1201
f 1224/1/1224 1195/1/1195 1199/1/1199
f 1190/1/1190 1193/1/1193 1192/1/1192
f 1050/1/1050 1159/1/1159 1225/1/1225
f 1226/1/1226 1159/1/1159 1197/1/1197
f 1225/1/1225 1159/1/1159 1226/1/1226
f 1124/1/1124 1192/1/1192 1193/1/1193
f 1194/1/1194 1227/1/1227 1160/1/1160
f 1195/1/1195 1201/1/1201 1198/1/1198
f 1199/1/1199 1195/1/1195 1198/1/1198
f 1192/1/1192 1124/1/1124 1200/1/1200
f 1257/1/1257 1226/1/1226 1162/1/1162
f 1227/1/1227 1202/1/1202 1160/1/1160
f 1201/1/1201 1192/1/1192 1200/1/1200
f 1124/1/1124 1160/1/1160 1202/1/1202
f 1309/1/1309 1161/1/1161 1125/1/1125
f 1200/1/1200 1124/1/1124 1202/1/1202
f 1198/1/1198 1201/1/1201 1203/1/1203
f 1203/1/1203 1201/1/1201 1200/1/1200
f 1200/1/1200 1202/1/1202 1230/1/1230
f 1203/1/1203 1200/1/1200 1230/1/1230
f 1230/1/1230 1202/1/1202 1228/1/1228
f 1163/1/1163 1164/1/1164 1290/1/1290
f 1126/1/1126 1231/1/1231 1421/1/1421
f 1080/1/1080 1232/1/1232 1128/1/1128
f 1233/1/1233 1232/1/1232 1080/1/1080
f 1264/1/1264 1234/1/1234 1129/1/1129
f 1204/1/1204 1165/1/1165 1131/1/1131
f 1205/1/1205 1204/1/1204 1166/1/1166
f 1205/1/1205 1166/1/1166 1265/1/1265
f 1110/1/1110 1345/1/1345 1132/1/1132
f 1345/1/1345 1207/1/1207 1235/1/1235
f 1236/1/1236 1235/1/1235 1207/1/1207
f 1167/1/1167 1236/1/1236 1207/1/1207
f 1236/1/1236 1167/1/1167 1134/1/1134
f 1208/1/1208 1134/1/1134 1113/1/1113
f 1209/1/1209 1168/1/1168 1312/1/1312
f 1168/1/1168 1210/1/1210 1269/1/1269
f 1297/1/1297 1270/1/1270 1210/1/1210
f 1137/1/1137 1297/1/1297 1210/1/1210
f 1169/1/1169 1296/1/1296 1211/1/1211
f 1137/1/1137 1212/1/1212 1297/1/1297
f 1463/1/1463 1212/1/1212 987/1/987
f 1429/1/1429 1065/1/1065 1082/1/1082
f 1313/1/1313 1299/1/1299 1171/1/1171
f 1213/1/1213 1172/1/1172 1271/1/1271
f 1115/1/1115 1271/1/1271 1139/1/1139
f 1315/1/1315 1272/1/1272 1140/1/1140
f 1274/1/1274 1066/1/1066 1141/1/1141
f 1215/1/1215 1274/1/1274 1275/1/1275
f 1144/1/1144 1173/1/1173 1216/1/1216
f 1277/1/1277 1146/1/1146 1068/1/1068
f 1303/1/1303 1318/1/1318 1084/1/1084
f 1017/1/1017 959/1/959 1278/1/1278
f 1240/1/1240 1278/1/1278 959/1/959
f 1242/1/1242 1017/1/1017 1278/1/1278
f 1218/1/1218 1177/1/1177 1176/1/1176
f 1116/1/1116 1392/1/1392 1117/1/1117
f 1085/1/1085 1118/1/1118 1243/1/1243
f 1152/1/1152 1182/1/1182 1151/1/1151
f 1087/1/1087 1179/1/1179 1474/1/1474
f 1244/1/1244 4019/1/4019 1221/1/1221
f 1121/1/1121 1187/1/1187 1247/1/1247
f 1224/1/1224 1199/1/1199 1196/1/1196
f 1194/1/1194 1258/1/1258 1227/1/1227
f 1198/1/1198 1259/1/1259 1199/1/1199
f 1228/1/1228 1202/1/1202 1227/1/1227
f 1162/1/1162 1163/1/1163 1373/1/1373
f 1203/1/1203 1288/1/1288 1198/1/1198
f 1203/1/1203 1230/1/1230 1261/1/1261
f 1203/1/1203 1261/1/1261 1288/1/1288
f 1164/1/1164 1127/1/1127 1290/1/1290
f 1128/1/1128 1422/1/1422 1101/1/1101
f 1292/1/1292 1128/1/1128 1232/1/1232
f 1103/1/1103 1126/1/1126 1264/1/1264
f 1103/1/1103 1264/1/1264 1129/1/1129
f 1166/1/1166 1266/1/1266 1265/1/1265
f 1266/1/1266 1166/1/1166 1206/1/1206
f 1133/1/1133 1267/1/1267 1025/1/1025
f 1379/1/1379 1294/1/1294 1025/1/1025
f 1380/1/1380 1134/1/1134 1208/1/1208
f 1295/1/1295 1209/1/1209 1312/1/1312
f 1295/1/1295 1208/1/1208 1209/1/1209
f 1168/1/1168 1269/1/1269 1312/1/1312
f 1211/1/1211 1298/1/1298 1138/1/1138
f 1348/1/1348 1170/1/1170 1383/1/1383
f 1171/1/1171 1431/1/1431 1313/1/1313
f 1299/1/1299 1432/1/1432 1300/1/1300
f 1172/1/1172 1139/1/1139 1271/1/1271
f 1314/1/1314 1315/1/1315 1140/1/1140
f 1274/1/1274 1141/1/1141 1302/1/1302
f 1215/1/1215 1275/1/1275 1273/1/1273
f 1174/1/1174 1548/1/1548 1173/1/1173
f 1317/1/1317 1238/1/1238 1143/1/1143
f 1357/1/1357 1242/1/1242 1304/1/1304
f 1357/1/1357 1176/1/1176 1242/1/1242
f 1176/1/1176 1357/1/1357 1218/1/1218
f 1321/1/1321 1147/1/1147 1148/1/1148
f 1243/1/1243 1279/1/1279 1085/1/1085
f 1117/1/1117 1392/1/1392 1280/1/1280
f 1150/1/1150 1178/1/1178 1280/1/1280
f 1306/1/1306 1118/1/1118 1071/1/1071
f 1179/1/1179 1150/1/1150 1556/1/1556
f 1071/1/1071 1151/1/1151 1326/1/1326
f 1182/1/1182 1330/1/1330 1151/1/1151
f 1281/1/1281 1329/1/1329 1180/1/1180
f 1219/1/1219 1281/1/1281 1180/1/1180
f 1474/1/1474 1398/1/1398 1087/1/1087
f 1182/1/1182 1181/1/1181 1245/1/1245
f 1244/1/1244 1221/1/1221 1363/1/1363
f 1154/1/1154 1329/1/1329 1222/1/1222
f 1183/1/1183 1246/1/1246 1181/1/1181
f 1245/1/1245 1181/1/1181 1246/1/1246
f 1363/1/1363 1221/1/1221 1247/1/1247
f 1155/1/1155 1398/1/1398 1119/1/1119
f 1183/1/1183 1186/1/1186 1246/1/1246
f 1249/1/1249 1246/1/1246 1186/1/1186
f 1476/1/1476 1334/1/1334 1119/1/1119
f 1188/1/1188 1247/1/1247 1187/1/1187
f 1251/1/1251 1250/1/1250 1186/1/1186
f 1250/1/1250 1249/1/1249 1186/1/1186
f 1156/1/1156 1248/1/1248 1282/1/1282
f 1185/1/1185 1283/1/1283 1251/1/1251
f 1282/1/1282 1223/1/1223 1156/1/1156
f 1251/1/1251 1283/1/1283 1252/1/1252
f 1250/1/1250 1251/1/1251 1252/1/1252
f 1122/1/1122 1366/1/1366 1075/1/1075
f 1185/1/1185 1223/1/1223 1283/1/1283
f 1157/1/1157 1285/1/1285 1369/1/1369
f 1224/1/1224 1253/1/1253 1284/1/1284
f 1225/1/1225 1226/1/1226 1255/1/1255
f 1158/1/1158 1225/1/1225 1255/1/1255
f 1158/1/1158 1255/1/1255 1256/1/1256
f 1123/1/1123 1158/1/1158 1256/1/1256
f 1256/1/1256 1286/1/1286 1123/1/1123
f 1194/1/1194 1123/1/1123 1258/1/1258
f 1259/1/1259 1196/1/1196 1199/1/1199
f 1257/1/1257 1255/1/1255 1226/1/1226
f 1123/1/1123 1286/1/1286 1258/1/1258
f 1286/1/1286 1260/1/1260 1258/1/1258
f 1259/1/1259 1198/1/1198 1288/1/1288
f 1227/1/1227 1258/1/1258 1263/1/1263
f 1260/1/1260 1263/1/1263 1258/1/1258
f 1263/1/1263 1260/1/1260 1287/1/1287
f 1228/1/1228 1227/1/1227 1263/1/1263
f 1309/1/1309 1262/1/1262 1229/1/1229
f 1230/1/1230 1228/1/1228 1261/1/1261
f 1229/1/1229 1262/1/1262 1231/1/1231
f 1261/1/1261 1228/1/1228 1263/1/1263
f 1261/1/1261 1263/1/1263 1289/1/1289
f 1287/1/1287 1289/1/1289 1263/1/1263
f 1422/1/1422 1291/1/1291 1101/1/1101
f 1292/1/1292 1422/1/1422 1128/1/1128
f 1233/1/1233 1165/1/1165 1423/1/1423
f 1204/1/1204 1423/1/1423 1165/1/1165
f 1206/1/1206 1132/1/1132 1345/1/1345
f 1133/1/1133 1234/1/1234 1267/1/1267
f 1236/1/1236 1293/1/1293 1268/1/1268
f 1134/1/1134 1293/1/1293 1236/1/1236
f 1380/1/1380 1293/1/1293 1134/1/1134
f 1294/1/1294 1425/1/1425 1135/1/1135
f 1136/1/1136 1135/1/1135 1169/1/1169
f 1210/1/1210 1270/1/1270 1381/1/1381
f 1297/1/1297 1427/1/1427 1270/1/1270
f 1382/1/1382 1212/1/1212 1463/1/1463
f 1298/1/1298 1082/1/1082 1138/1/1138
f 1082/1/1082 1298/1/1298 1429/1/1429
f 1431/1/1431 1065/1/1065 1429/1/1429
f 1383/1/1383 1213/1/1213 1349/1/1349
f 1115/1/1115 1083/1/1083 1350/1/1350
f 1083/1/1083 1214/1/1214 1350/1/1350
f 1273/1/1273 1436/1/1436 1214/1/1214
f 1141/1/1141 1237/1/1237 1301/1/1301
f 1437/1/1437 1436/1/1436 1273/1/1273
f 1275/1/1275 1437/1/1437 1273/1/1273
f 1142/1/1142 1175/1/1175 1550/1/1550
f 1550/1/1550 1175/1/1175 1352/1/1352
f 1216/1/1216 1317/1/1317 1143/1/1143
f 1277/1/1277 1068/1/1068 1145/1/1145
f 1146/1/1146 1277/1/1277 1303/1/1303
f 1355/1/1355 1240/1/1240 1318/1/1318
f 1240/1/1240 1355/1/1355 1278/1/1278
f 1304/1/1304 1242/1/1242 1278/1/1278
f 1305/1/1305 1217/1/1217 1241/1/1241
f 1147/1/1147 1320/1/1320 1149/1/1149
f 1320/1/1320 1147/1/1147 1321/1/1321
f 1321/1/1321 1148/1/1148 1177/1/1177
f 1279/1/1279 1243/1/1243 1469/1/1469
f 1243/1/1243 1118/1/1118 1306/1/1306
f 1306/1/1306 1071/1/1071 1326/1/1326
f 1360/1/1360 1329/1/1329 1281/1/1281
f 1182/1/1182 1331/1/1331 1330/1/1330
f 1119/1/1119 1398/1/1398 1476/1/1476
f 1245/1/1245 1246/1/1246 1332/1/1332
f 1246/1/1246 1249/1/1249 1307/1/1307
f 1249/1/1249 1250/1/1250 1307/1/1307
f 1335/1/1335 1307/1/1307 1250/1/1250
f 1335/1/1335 1250/1/1250 1252/1/1252
f 1283/1/1283 1338/1/1338 1252/1/1252
f 1338/1/1338 1283/1/1283 1337/1/1337
f 1366/1/1366 1285/1/1285 1075/1/1075
f 1369/1/1369 1254/1/1254 1157/1/1157
f 1256/1/1256 1372/1/1372 1286/1/1286
f 1196/1/1196 1259/1/1259 1308/1/1308
f 1259/1/1259 1310/1/1310 1308/1/1308
f 1257/1/1257 1162/1/1162 1373/1/1373
f 1310/1/1310 1259/1/1259 1288/1/1288
f 1373/1/1373 1163/1/1163 1290/1/1290
f 1261/1/1261 1289/1/1289 1343/1/1343
f 1261/1/1261 1343/1/1343 1288/1/1288
f 1291/1/1291 1290/1/1290 1127/1/1127
f 1126/1/1126 1421/1/1421 1264/1/1264
f 1204/1/1204 1205/1/1205 1423/1/1423
f 1206/1/1206 1345/1/1345 1311/1/1311
f 1210/1/1210 1381/1/1381 1269/1/1269
f 1169/1/1169 1426/1/1426 1296/1/1296
f 1427/1/1427 1297/1/1297 1382/1/1382
f 1212/1/1212 1382/1/1382 1297/1/1297
f 1300/1/1300 1314/1/1314 1140/1/1140
f 1386/1/1386 1271/1/1271 1115/1/1115
f 1237/1/1237 1315/1/1315 1301/1/1301
f 1301/1/1301 1302/1/1302 1141/1/1141
f 1274/1/1274 1351/1/1351 1275/1/1275
f 1351/1/1351 1274/1/1274 1316/1/1316
f 1275/1/1275 1351/1/1351 1437/1/1437
f 1173/1/1173 1548/1/1548 1216/1/1216
f 1013/1/1013 1440/1/1440 1352/1/1352
f 1353/1/1353 1440/1/1440 1013/1/1013
f 1013/1/1013 1239/1/1239 1353/1/1353
f 1239/1/1239 1217/1/1217 1276/1/1276
f 1278/1/1278 1355/1/1355 1304/1/1304
f 1305/1/1305 1279/1/1279 1469/1/1469
f 1556/1/1556 1150/1/1150 1554/1/1554
f 1150/1/1150 1280/1/1280 1554/1/1554
f 1330/1/1330 1326/1/1326 1151/1/1151
f 1179/1/1179 1444/1/1444 1474/1/1474
f 1244/1/1244 1327/1/1327 1220/1/1220
f 1244/1/1244 1473/1/1473 1327/1/1327
f 1182/1/1182 1245/1/1245 1331/1/1331
f 1331/1/1331 1245/1/1245 1332/1/1332
f 1447/1/1447 1248/1/1248 1222/1/1222
f 1246/1/1246 1307/1/1307 1332/1/1332
f 1122/1/1122 1334/1/1334 1365/1/1365
f 1284/1/1284 1480/1/1480 1188/1/1188
f 1122/1/1122 1365/1/1365 1366/1/1366
f 1252/1/1252 1338/1/1338 1335/1/1335
f 1283/1/1283 1223/1/1223 1337/1/1337
f 1253/1/1253 1224/1/1224 1196/1/1196
f 1412/1/1412 1125/1/1125 1254/1/1254
f 1125/1/1125 1412/1/1412 1309/1/1309
f 1257/1/1257 1341/1/1341 1255/1/1255
f 1260/1/1260 1286/1/1286 1452/1/1452
f 1288/1/1288 1343/1/1343 1310/1/1310
f 1262/1/1262 1566/1/1566 1231/1/1231
f 1289/1/1289 1342/1/1342 1455/1/1455
f 1289/1/1289 1287/1/1287 1342/1/1342
f 1289/1/1289 1375/1/1375 1343/1/1343
f 1423/1/1423 1205/1/1205 1344/1/1344
f 1264/1/1264 1490/1/1490 1234/1/1234
f 1265/1/1265 1344/1/1344 1205/1/1205
f 1206/1/1206 1311/1/1311 1266/1/1266
f 1235/1/1235 1346/1/1346 1345/1/1345
f 1235/1/1235 1236/1/1236 1268/1/1268
f 1459/1/1459 1294/1/1294 1379/1/1379
f 1380/1/1380 1458/1/1458 1293/1/1293
f 1459/1/1459 1494/1/1494 1294/1/1294
f 1347/1/1347 1312/1/1312 1269/1/1269
f 1169/1/1169 1135/1/1135 1426/1/1426
f 1213/1/1213 1271/1/1271 1349/1/1349
f 1142/1/1142 1550/1/1550 1549/1/1549
f 1317/1/1317 1354/1/1354 1238/1/1238
f 1353/1/1353 1239/1/1239 1276/1/1276
f 1388/1/1388 1303/1/1303 1277/1/1277
f 1305/1/1305 1390/1/1390 1217/1/1217
f 1355/1/1355 1356/1/1356 1304/1/1304
f 1319/1/1319 1320/1/1320 1321/1/1321
f 1356/1/1356 1357/1/1357 1304/1/1304
f 1320/1/1320 1392/1/1392 1149/1/1149
f 1218/1/1218 1357/1/1357 1322/1/1322
f 1321/1/1321 1177/1/1177 1323/1/1323
f 1395/1/1395 1324/1/1324 1322/1/1322
f 1358/1/1358 1324/1/1324 1395/1/1395
f 1358/1/1358 1359/1/1359 1324/1/1324
f 1325/1/1325 1359/1/1359 1358/1/1358
f 1472/1/1472 1306/1/1306 1326/1/1326
f 1328/1/1328 1327/1/1327 1445/1/1445
f 1361/1/1361 1330/1/1330 1331/1/1331
f 1329/1/1329 1446/1/1446 1222/1/1222
f 1361/1/1361 1331/1/1331 1362/1/1362
f 1332/1/1332 1362/1/1362 1331/1/1331
f 1333/1/1333 1248/1/1248 1447/1/1447
f 1364/1/1364 1332/1/1332 1307/1/1307
f 1402/1/1402 1247/1/1247 1188/1/1188
f 1248/1/1248 1333/1/1333 1282/1/1282
f 1188/1/1188 1480/1/1480 1402/1/1402
f 1336/1/1336 1364/1/1364 1307/1/1307
f 1336/1/1336 1307/1/1307 1335/1/1335
f 1223/1/1223 1282/1/1282 1482/1/1482
f 1519/1/1519 1480/1/1480 1284/1/1284
f 1339/1/1339 1335/1/1335 1338/1/1338
f 1336/1/1336 1335/1/1335 1339/1/1339
f 1338/1/1338 1337/1/1337 1371/1/1371
f 1368/1/1368 1336/1/1336 1339/1/1339
f 1367/1/1367 1336/1/1336 1368/1/1368
f 1519/1/1519 1284/1/1284 1253/1/1253
f 1371/1/1371 1337/1/1337 1340/1/1340
f 1339/1/1339 1338/1/1338 1371/1/1371
f 1369/1/1369 1285/1/1285 1366/1/1366
f 1253/1/1253 1483/1/1483 1519/1/1519
f 1369/1/1369 1486/1/1486 1254/1/1254
f 1411/1/1411 1253/1/1253 1196/1/1196
f 1411/1/1411 1196/1/1196 1308/1/1308
f 1255/1/1255 1341/1/1341 1256/1/1256
f 1262/1/1262 1309/1/1309 1412/1/1412
f 1257/1/1257 1373/1/1373 1341/1/1341
f 1310/1/1310 1418/1/1418 1308/1/1308
f 1286/1/1286 1372/1/1372 1452/1/1452
f 1287/1/1287 1260/1/1260 1452/1/1452
f 1418/1/1418 1310/1/1310 1343/1/1343
f 1290/1/1290 1291/1/1291 1374/1/1374
f 1289/1/1289 1455/1/1455 1419/1/1419
f 1375/1/1375 1289/1/1289 1419/1/1419
f 1231/1/1231 1524/1/1524 1421/1/1421
f 1264/1/1264 1421/1/1421 1376/1/1376
f 1232/1/1232 1489/1/1489 1292/1/1292
f 1457/1/1457 1490/1/1490 1264/1/1264
f 1311/1/1311 1345/1/1345 1346/1/1346
f 1234/1/1234 1490/1/1490 1267/1/1267
f 1346/1/1346 1235/1/1235 1378/1/1378
f 1378/1/1378 1235/1/1235 1268/1/1268
f 1424/1/1424 1268/1/1268 1293/1/1293
f 1267/1/1267 1379/1/1379 1025/1/1025
f 1425/1/1425 1294/1/1294 1494/1/1494
f 1295/1/1295 1460/1/1460 1208/1/1208
f 1295/1/1295 1495/1/1495 1460/1/1460
f 1269/1/1269 1381/1/1381 1347/1/1347
f 1540/1/1540 1426/1/1426 1135/1/1135
f 1348/1/1348 1428/1/1428 1463/1/1463
f 1383/1/1383 1428/1/1428 1348/1/1348
f 1428/1/1428 1383/1/1383 1638/1/1638
f 1349/1/1349 1384/1/1384 1383/1/1383
f 1299/1/1299 1313/1/1313 1432/1/1432
f 1386/1/1386 1385/1/1385 1271/1/1271
f 1115/1/1115 1350/1/1350 1386/1/1386
f 1433/1/1433 1386/1/1386 1350/1/1350
f 1436/1/1436 1433/1/1433 1350/1/1350
f 1350/1/1350 1214/1/1214 1436/1/1436
f 1274/1/1274 1302/1/1302 1785/1/1785
f 1785/1/1785 1316/1/1316 1274/1/1274
f 1438/1/1438 1437/1/1437 1351/1/1351
f 1238/1/1238 1387/1/1387 1145/1/1145
f 1354/1/1354 1387/1/1387 1238/1/1238
f 1145/1/1145 1387/1/1387 1277/1/1277
f 1467/1/1467 1276/1/1276 1217/1/1217
f 1318/1/1318 1389/1/1389 1355/1/1355
f 1303/1/1303 1389/1/1389 1318/1/1318
f 1391/1/1391 1356/1/1356 1355/1/1355
f 1217/1/1217 1390/1/1390 1467/1/1467
f 1504/1/1504 1443/1/1443 1321/1/1321
f 1504/1/1504 1321/1/1321 1323/1/1323
f 1394/1/1394 1504/1/1504 1323/1/1323
f 1357/1/1357 1393/1/1393 1322/1/1322
f 1324/1/1324 1394/1/1394 1323/1/1323
f 1322/1/1322 1393/1/1393 1395/1/1395
f 1392/1/1392 1468/1/1468 1280/1/1280
f 1324/1/1324 1359/1/1359 1470/1/1470
f 1511/1/1511 1306/1/1306 1472/1/1472
f 1471/1/1471 1328/1/1328 1445/1/1445
f 1473/1/1473 1244/1/1244 1363/1/1363
f 1362/1/1362 1332/1/1332 1403/1/1403
f 1333/1/1333 1482/1/1482 1282/1/1282
f 1336/1/1336 1367/1/1367 1364/1/1364
f 1223/1/1223 1482/1/1482 1337/1/1337
f 1340/1/1340 1337/1/1337 1482/1/1482
f 1370/1/1370 1340/1/1340 1482/1/1482
f 1253/1/1253 1485/1/1485 1483/1/1483
f 1411/1/1411 1485/1/1485 1253/1/1253
f 1256/1/1256 1341/1/1341 1372/1/1372
f 1290/1/1290 1451/1/1451 1373/1/1373
f 1566/1/1566 1524/1/1524 1231/1/1231
f 1343/1/1343 1375/1/1375 1417/1/1417
f 1417/1/1417 1418/1/1418 1343/1/1343
f 1489/1/1489 1456/1/1456 1292/1/1292
f 1233/1/1233 1377/1/1377 1232/1/1232
f 1233/1/1233 1423/1/1423 1377/1/1377
f 1266/1/1266 1491/1/1491 1265/1/1265
f 1311/1/1311 1491/1/1491 1266/1/1266
f 1493/1/1493 1458/1/1458 1380/1/1380
f 1425/1/1425 1540/1/1540 1135/1/1135
f 1464/1/1464 1298/1/1298 1211/1/1211
f 1298/1/1298 1464/1/1464 1429/1/1429
f 1349/1/1349 1271/1/1271 1385/1/1385
f 1315/1/1315 1314/1/1314 1435/1/1435
f 1577/1/1577 1302/1/1302 1301/1/1301
f 843/1/843 1549/1/1549 1548/1/1548
f 1388/1/1388 1389/1/1389 1303/1/1303
f 1355/1/1355 1442/1/1442 1391/1/1391
f 1503/1/1503 1356/1/1356 1391/1/1391
f 1582/1/1582 1320/1/1320 1319/1/1319
f 1319/1/1319 1321/1/1321 1443/1/1443
f 1357/1/1357 1356/1/1356 1393/1/1393
f 1356/1/1356 1503/1/1503 1393/1/1393
f 1582/1/1582 1392/1/1392 1320/1/1320
f 1469/1/1469 1390/1/1390 1305/1/1305
f 1324/1/1324 1553/1/1553 1394/1/1394
f 1553/1/1553 1324/1/1324 1470/1/1470
f 1395/1/1395 4020/1/4020 1358/1/1358
f 1468/1/1468 1554/1/1554 1280/1/1280
f 1358/1/1358 1510/1/1510 1325/1/1325
f 1328/1/1328 1471/1/1471 1359/1/1359
f 1510/1/1510 1360/1/1360 1325/1/1325
f 1397/1/1397 1472/1/1472 1326/1/1326
f 1329/1/1329 1360/1/1360 1396/1/1396
f 1330/1/1330 1397/1/1397 1326/1/1326
f 1327/1/1327 1473/1/1473 1445/1/1445
f 1396/1/1396 1446/1/1446 1329/1/1329
f 1361/1/1361 1397/1/1397 1330/1/1330
f 1361/1/1361 1399/1/1399 1400/1/1400
f 1397/1/1397 1361/1/1361 1400/1/1400
f 1361/1/1361 1362/1/1362 1399/1/1399
f 1400/1/1400 1512/1/1512 1397/1/1397
f 1400/1/1400 1399/1/1399 1401/1/1401
f 1403/1/1403 1399/1/1399 1362/1/1362
f 1401/1/1401 1399/1/1399 1403/1/1403
f 1247/1/1247 1479/1/1479 1363/1/1363
f 1478/1/1478 1400/1/1400 1401/1/1401
f 1448/1/1448 1333/1/1333 1447/1/1447
f 1479/1/1479 1247/1/1247 1402/1/1402
f 1404/1/1404 1478/1/1478 1401/1/1401
f 1332/1/1332 1364/1/1364 1403/1/1403
f 1403/1/1403 1364/1/1364 1406/1/1406
f 1401/1/1401 1403/1/1403 1406/1/1406
f 1404/1/1404 1401/1/1401 1406/1/1406
f 1366/1/1366 1365/1/1365 1653/1/1653
f 1367/1/1367 1405/1/1405 1364/1/1364
f 1364/1/1364 1405/1/1405 1406/1/1406
f 1404/1/1404 1406/1/1406 1407/1/1407
f 1367/1/1367 1368/1/1368 1405/1/1405
f 1407/1/1407 1406/1/1406 1405/1/1405
f 1408/1/1408 1405/1/1405 1368/1/1368
f 1450/1/1450 1405/1/1405 1408/1/1408
f 1407/1/1407 1405/1/1405 1450/1/1450
f 1371/1/1371 1410/1/1410 1339/1/1339
f 1409/1/1409 1368/1/1368 1339/1/1339
f 1408/1/1408 1368/1/1368 1409/1/1409
f 1371/1/1371 1340/1/1340 1563/1/1563
f 1371/1/1371 1563/1/1563 1410/1/1410
f 1409/1/1409 1339/1/1339 1410/1/1410
f 1408/1/1408 1409/1/1409 1564/1/1564
f 1486/1/1486 1565/1/1565 1412/1/1412
f 1486/1/1486 1412/1/1412 1254/1/1254
f 1411/1/1411 1308/1/1308 1413/1/1413
f 1413/1/1413 1485/1/1485 1411/1/1411
f 1412/1/1412 1565/1/1565 1262/1/1262
f 1372/1/1372 1341/1/1341 1414/1/1414
f 1414/1/1414 1341/1/1341 1415/1/1415
f 1372/1/1372 1414/1/1414 1452/1/1452
f 1451/1/1451 1341/1/1341 1373/1/1373
f 1308/1/1308 1418/1/1418 1416/1/1416
f 1308/1/1308 1416/1/1416 1413/1/1413
f 1287/1/1287 1452/1/1452 1342/1/1342
f 1290/1/1290 1374/1/1374 1451/1/1451
f 1451/1/1451 1374/1/1374 1453/1/1453
f 1455/1/1455 1342/1/1342 1454/1/1454
f 1528/1/1528 1418/1/1418 1417/1/1417
f 1528/1/1528 1416/1/1416 1418/1/1418
f 1375/1/1375 1419/1/1419 1420/1/1420
f 1417/1/1417 1375/1/1375 1420/1/1420
f 1488/1/1488 1291/1/1291 1422/1/1422
f 1377/1/1377 1489/1/1489 1232/1/1232
f 1344/1/1344 1570/1/1570 1423/1/1423
f 1423/1/1423 1570/1/1570 1569/1/1569
f 1608/1/1608 1344/1/1344 1265/1/1265
f 1378/1/1378 1536/1/1536 1346/1/1346
f 1424/1/1424 1293/1/1293 1458/1/1458
f 1537/1/1537 1458/1/1458 1493/1/1493
f 1538/1/1538 1493/1/1493 1380/1/1380
f 1380/1/1380 1208/1/1208 1460/1/1460
f 1380/1/1380 1460/1/1460 1538/1/1538
f 1312/1/1312 1347/1/1347 1539/1/1539
f 1295/1/1295 1312/1/1312 1539/1/1539
f 1495/1/1495 1295/1/1295 1539/1/1539
f 1539/1/1539 1347/1/1347 1497/1/1497
f 1347/1/1347 1381/1/1381 1497/1/1497
f 1498/1/1498 1497/1/1497 1381/1/1381
f 1270/1/1270 1498/1/1498 1381/1/1381
f 1498/1/1498 1270/1/1270 1427/1/1427
f 1296/1/1296 1461/1/1461 1211/1/1211
f 1464/1/1464 1211/1/1211 1461/1/1461
f 1382/1/1382 1463/1/1463 1614/1/1614
f 1614/1/1614 1463/1/1463 1428/1/1428
f 1430/1/1430 1431/1/1431 1429/1/1429
f 1669/1/1669 1431/1/1431 1430/1/1430
f 1383/1/1383 1384/1/1384 1638/1/1638
f 1313/1/1313 1575/1/1575 1432/1/1432
f 1615/1/1615 1384/1/1384 1349/1/1349
f 1499/1/1499 1615/1/1615 1349/1/1349
f 1385/1/1385 1499/1/1499 1349/1/1349
f 1314/1/1314 1300/1/1300 1500/1/1500
f 1499/1/1499 1385/1/1385 1433/1/1433
f 1385/1/1385 1386/1/1386 1433/1/1433
f 1499/1/1499 1433/1/1433 1434/1/1434
f 1435/1/1435 1314/1/1314 1542/1/1542
f 1466/1/1466 1433/1/1433 1436/1/1436
f 1434/1/1434 1433/1/1433 1466/1/1466
f 1301/1/1301 1315/1/1315 1435/1/1435
f 1577/1/1577 1301/1/1301 1435/1/1435
f 1466/1/1466 1436/1/1436 1437/1/1437
f 1302/1/1302 1577/1/1577 1785/1/1785
f 1466/1/1466 1437/1/1437 1544/1/1544
f 1438/1/1438 1544/1/1544 1437/1/1437
f 1438/1/1438 1351/1/1351 1501/1/1501
f 1216/1/1216 1641/1/1641 1317/1/1317
f 1352/1/1352 1440/1/1440 1439/1/1439
f 1440/1/1440 1353/1/1353 1441/1/1441
f 1353/1/1353 1276/1/1276 1441/1/1441
f 1583/1/1583 1276/1/1276 1467/1/1467
f 1355/1/1355 1389/1/1389 1442/1/1442
f 1392/1/1392 1582/1/1582 1468/1/1468
f 1504/1/1504 1394/1/1394 1585/1/1585
f 1393/1/1393 1506/1/1506 1395/1/1395
f 1507/1/1507 1469/1/1469 1243/1/1243
f 4020/1/4020 4022/1/4022 1358/1/1358
f 4022/1/4022 1510/1/1510 1358/1/1358
f 1507/1/1507 1243/1/1243 1511/1/1511
f 1470/1/1470 1359/1/1359 1508/1/1508
f 1306/1/1306 1511/1/1511 1243/1/1243
f 1359/1/1359 1471/1/1471 1508/1/1508
f 1179/1/1179 1556/1/1556 1444/1/1444
f 1474/1/1474 1475/1/1475 1398/1/1398
f 1446/1/1446 1760/1/1760 1222/1/1222
f 1512/1/1512 1400/1/1400 1477/1/1477
f 1476/1/1476 1651/1/1651 1334/1/1334
f 1333/1/1333 1448/1/1448 1449/1/1449
f 1365/1/1365 1334/1/1334 1651/1/1651
f 1478/1/1478 1404/1/1404 1481/1/1481
f 1404/1/1404 1407/1/1407 1481/1/1481
f 1653/1/1653 1561/1/1561 1366/1/1366
f 1561/1/1561 1369/1/1369 1366/1/1366
f 1369/1/1369 1561/1/1561 1486/1/1486
f 1340/1/1340 1370/1/1370 1562/1/1562
f 1414/1/1414 1415/1/1415 1487/1/1487
f 1341/1/1341 1451/1/1451 1415/1/1415
f 1414/1/1414 1487/1/1487 1452/1/1452
f 1342/1/1342 1452/1/1452 1526/1/1526
f 1374/1/1374 1291/1/1291 1488/1/1488
f 1524/1/1524 1658/1/1658 1421/1/1421
f 1455/1/1455 1454/1/1454 1527/1/1527
f 1420/1/1420 1528/1/1528 1417/1/1417
f 1419/1/1419 1455/1/1455 1527/1/1527
f 1420/1/1420 1419/1/1419 1527/1/1527
f 1606/1/1606 1528/1/1528 1420/1/1420
f 1292/1/1292 1488/1/1488 1422/1/1422
f 1456/1/1456 1488/1/1488 1292/1/1292
f 1264/1/1264 1376/1/1376 1457/1/1457
f 1423/1/1423 1568/1/1568 1533/1/1533
f 1423/1/1423 1569/1/1569 1568/1/1568
f 1265/1/1265 1491/1/1491 1608/1/1608
f 1268/1/1268 1635/1/1635 1378/1/1378
f 1424/1/1424 1635/1/1635 1268/1/1268
f 1267/1/1267 1492/1/1492 1379/1/1379
f 1574/1/1574 1425/1/1425 1494/1/1494
f 1540/1/1540 1425/1/1425 1574/1/1574
f 1497/1/1497 1498/1/1498 1613/1/1613
f 1296/1/1296 1426/1/1426 1461/1/1461
f 1427/1/1427 1382/1/1382 1462/1/1462
f 1382/1/1382 1614/1/1614 1462/1/1462
f 1429/1/1429 1464/1/1464 1430/1/1430
f 1615/1/1615 1499/1/1499 1616/1/1616
f 1300/1/1300 1432/1/1432 1500/1/1500
f 1500/1/1500 1542/1/1542 1314/1/1314
f 1465/1/1465 1434/1/1434 1466/1/1466
f 1351/1/1351 1316/1/1316 1749/1/1749
f 1351/1/1351 1749/1/1749 1501/1/1501
f 1438/1/1438 1501/1/1501 1545/1/1545
f 1352/1/1352 1439/1/1439 1550/1/1550
f 1317/1/1317 1641/1/1641 1752/1/1752
f 1354/1/1354 1317/1/1317 1752/1/1752
f 1551/1/1551 1440/1/1440 1441/1/1441
f 1441/1/1441 1276/1/1276 1583/1/1583
f 1319/1/1319 1443/1/1443 1552/1/1552
f 1506/1/1506 4020/1/4020 1395/1/1395
f 1360/1/1360 1510/1/1510 1396/1/1396
f 1476/1/1476 1398/1/1398 1475/1/1475
f 1447/1/1447 1222/1/1222 1798/1/1798
f 1400/1/1400 1478/1/1478 1477/1/1477
f 1333/1/1333 1449/1/1449 1482/1/1482
f 1408/1/1408 1564/1/1564 1630/1/1630
f 1450/1/1450 1408/1/1408 1630/1/1630
f 1340/1/1340 1562/1/1562 1563/1/1563
f 1485/1/1485 1629/1/1629 1483/1/1483
f 1656/1/1656 1410/1/1410 1563/1/1563
f 1564/1/1564 1409/1/1409 1484/1/1484
f 1484/1/1484 1409/1/1409 1410/1/1410
f 1262/1/1262 1565/1/1565 1566/1/1566
f 1416/1/1416 1604/1/1604 1413/1/1413
f 1452/1/1452 1487/1/1487 1526/1/1526
f 1342/1/1342 1526/1/1526 1454/1/1454
f 1421/1/1421 1658/1/1658 1376/1/1376
f 1423/1/1423 1533/1/1533 1377/1/1377
f 1344/1/1344 1608/1/1608 1570/1/1570
f 1311/1/1311 1534/1/1534 1491/1/1491
f 1346/1/1346 1535/1/1535 1311/1/1311
f 1346/1/1346 1536/1/1536 1535/1/1535
f 1490/1/1490 1492/1/1492 1267/1/1267
f 1572/1/1572 1424/1/1424 1458/1/1458
f 1492/1/1492 1610/1/1610 1379/1/1379
f 1379/1/1379 1610/1/1610 1459/1/1459
f 1459/1/1459 1573/1/1573 1494/1/1494
f 1637/1/1637 1493/1/1493 1538/1/1538
f 1496/1/1496 1426/1/1426 1540/1/1540
f 1497/1/1497 1613/1/1613 1539/1/1539
f 1666/1/1666 1461/1/1461 1426/1/1426
f 1427/1/1427 1462/1/1462 1498/1/1498
f 1740/1/1740 1428/1/1428 1638/1/1638
f 1431/1/1431 1639/1/1639 1313/1/1313
f 1616/1/1616 1499/1/1499 1541/1/1541
f 1499/1/1499 1434/1/1434 1541/1/1541
f 1541/1/1541 1434/1/1434 1465/1/1465
f 1543/1/1543 1435/1/1435 1542/1/1542
f 1465/1/1465 1466/1/1466 1671/1/1671
f 1671/1/1671 1466/1/1466 1618/1/1618
f 1577/1/1577 1435/1/1435 1576/1/1576
f 1466/1/1466 1544/1/1544 1618/1/1618
f 1544/1/1544 1438/1/1438 1545/1/1545
f 1501/1/1501 1749/1/1749 1546/1/1546
f 1354/1/1354 1752/1/1752 1387/1/1387
f 1643/1/1643 1388/1/1388 1277/1/1277
f 1387/1/1387 1643/1/1643 1277/1/1277
f 1390/1/1390 1583/1/1583 1467/1/1467
f 1552/1/1552 1443/1/1443 1502/1/1502
f 1502/1/1502 1443/1/1443 1504/1/1504
f 1504/1/1504 1581/1/1581 1502/1/1502
f 1505/1/1505 1393/1/1393 1503/1/1503
f 1677/1/1677 1504/1/1504 1585/1/1585
f 1394/1/1394 1553/1/1553 1585/1/1585
f 1505/1/1505 1506/1/1506 1393/1/1393
f 4021/1/4021 1553/1/1553 1470/1/1470
f 1469/1/1469 1507/1/1507 1587/1/1587
f 4021/1/4021 1470/1/1470 4022/1/4022
f 4022/1/4022 1470/1/1470 1508/1/1508
f 1557/1/1557 1555/1/1555 1506/1/1506
f 1506/1/1506 1623/1/1623 1557/1/1557
f 1588/1/1588 1623/1/1623 1506/1/1506
f 1511/1/1511 1558/1/1558 1507/1/1507
f 1508/1/1508 1471/1/1471 1509/1/1509
f 1623/1/1623 1396/1/1396 1510/1/1510
f 1472/1/1472 1558/1/1558 1511/1/1511
f 1445/1/1445 1509/1/1509 1471/1/1471
f 1591/1/1591 1558/1/1558 1472/1/1472
f 1512/1/1512 1591/1/1591 1472/1/1472
f 1472/1/1472 1397/1/1397 1512/1/1512
f 1648/1/1648 1445/1/1445 1473/1/1473
f 1513/1/1513 1512/1/1512 1477/1/1477
f 1591/1/1591 1512/1/1512 1513/1/1513
f 1473/1/1473 1363/1/1363 1559/1/1559
f 1798/1/1798 1222/1/1222 1760/1/1760
f 1513/1/1513 1477/1/1477 1515/1/1515
f 1477/1/1477 1478/1/1478 1515/1/1515
f 1514/1/1514 1513/1/1513 1516/1/1516
f 1513/1/1513 1515/1/1515 1518/1/1518
f 1516/1/1516 1513/1/1513 1518/1/1518
f 1478/1/1478 1481/1/1481 1515/1/1515
f 1595/1/1595 1516/1/1516 1518/1/1518
f 1518/1/1518 1515/1/1515 1517/1/1517
f 1515/1/1515 1481/1/1481 1517/1/1517
f 1695/1/1695 1480/1/1480 1519/1/1519
f 1518/1/1518 1517/1/1517 1598/1/1598
f 1517/1/1517 1481/1/1481 1601/1/1601
f 1481/1/1481 1407/1/1407 1601/1/1601
f 1598/1/1598 1517/1/1517 1520/1/1520
f 1520/1/1520 1517/1/1517 1601/1/1601
f 1561/1/1561 1704/1/1704 1486/1/1486
f 1485/1/1485 1521/1/1521 1629/1/1629
f 1522/1/1522 1521/1/1521 1485/1/1485
f 1486/1/1486 1704/1/1704 1565/1/1565
f 1485/1/1485 1413/1/1413 1523/1/1523
f 1522/1/1522 1485/1/1485 1523/1/1523
f 1415/1/1415 1453/1/1453 1487/1/1487
f 1415/1/1415 1451/1/1451 1453/1/1453
f 1604/1/1604 1523/1/1523 1413/1/1413
f 1487/1/1487 1453/1/1453 1525/1/1525
f 1605/1/1605 1604/1/1604 1416/1/1416
f 1525/1/1525 1453/1/1453 1374/1/1374
f 1487/1/1487 1525/1/1525 1530/1/1530
f 1525/1/1525 1374/1/1374 1488/1/1488
f 1526/1/1526 1487/1/1487 1530/1/1530
f 1526/1/1526 1530/1/1530 1531/1/1531
f 1528/1/1528 1605/1/1605 1416/1/1416
f 1530/1/1530 1525/1/1525 1532/1/1532
f 1526/1/1526 1531/1/1531 1529/1/1529
f 1454/1/1454 1526/1/1526 1529/1/1529
f 1527/1/1527 1454/1/1454 1529/1/1529
f 1488/1/1488 1532/1/1532 1525/1/1525
f 1527/1/1527 1607/1/1607 1420/1/1420
f 1420/1/1420 1607/1/1607 1606/1/1606
f 1527/1/1527 1529/1/1529 1607/1/1607
f 1605/1/1605 1528/1/1528 1606/1/1606
f 1530/1/1530 1532/1/1532 1531/1/1531
f 1488/1/1488 1456/1/1456 1532/1/1532
f 1532/1/1532 1567/1/1567 1531/1/1531
f 1867/1/1867 1457/1/1457 1376/1/1376
f 1567/1/1567 1532/1/1532 1489/1/1489
f 1489/1/1489 1532/1/1532 1456/1/1456
f 1377/1/1377 1533/1/1533 1489/1/1489
f 1311/1/1311 1535/1/1535 1534/1/1534
f 1378/1/1378 1736/1/1736 1536/1/1536
f 1378/1/1378 1635/1/1635 1736/1/1736
f 1424/1/1424 1572/1/1572 1635/1/1635
f 1572/1/1572 1458/1/1458 1537/1/1537
f 1459/1/1459 1610/1/1610 1573/1/1573
f 1538/1/1538 1460/1/1460 1611/1/1611
f 1460/1/1460 1495/1/1495 1611/1/1611
f 1495/1/1495 1539/1/1539 1612/1/1612
f 1462/1/1462 1667/1/1667 1498/1/1498
f 1614/1/1614 1428/1/1428 1740/1/1740
f 1575/1/1575 1313/1/1313 1639/1/1639
f 1543/1/1543 1576/1/1576 1435/1/1435
f 1618/1/1618 1544/1/1544 1545/1/1545
f 1501/1/1501 1546/1/1546 1545/1/1545
f 1216/1/1216 1548/1/1548 1641/1/1641
f 1549/1/1549 1916/1/1916 1548/1/1548
f 1440/1/1440 1551/1/1551 1439/1/1439
f 1441/1/1441 1579/1/1579 1551/1/1551
f 1441/1/1441 1645/1/1645 1579/1/1579
f 1643/1/1643 1620/1/1620 1388/1/1388
f 1441/1/1441 1583/1/1583 1645/1/1645
f 1389/1/1389 1790/1/1790 1442/1/1442
f 1442/1/1442 1646/1/1646 1391/1/1391
f 1581/1/1581 1504/1/1504 1677/1/1677
f 1646/1/1646 1503/1/1503 1391/1/1391
f 1585/1/1585 1680/1/1680 1677/1/1677
f 1585/1/1585 1553/1/1553 1682/1/1682
f 1554/1/1554 1468/1/1468 1622/1/1622
f 1505/1/1505 1588/1/1588 1506/1/1506
f 1444/1/1444 1690/1/1690 1474/1/1474
f 1509/1/1509 1445/1/1445 1648/1/1648
f 1794/1/1794 1446/1/1446 1396/1/1396
f 1761/1/1761 1475/1/1475 1474/1/1474
f 1473/1/1473 1559/1/1559 1648/1/1648
f 1559/1/1559 1363/1/1363 1626/1/1626
f 1513/1/1513 1514/1/1514 1560/1/1560
f 1513/1/1513 1560/1/1560 1591/1/1591
f 1514/1/1514 1594/1/1594 1560/1/1560
f 1626/1/1626 1363/1/1363 1479/1/1479
f 1798/1/1798 1448/1/1448 1447/1/1447
f 1516/1/1516 1594/1/1594 1514/1/1514
f 1651/1/1651 1476/1/1476 1692/1/1692
f 1594/1/1594 1516/1/1516 1595/1/1595
f 1479/1/1479 1402/1/1402 1695/1/1695
f 1651/1/1651 1653/1/1653 1365/1/1365
f 1402/1/1402 1480/1/1480 1695/1/1695
f 1518/1/1518 1598/1/1598 1597/1/1597
f 1520/1/1520 1601/1/1601 1600/1/1600
f 1628/1/1628 1519/1/1519 1483/1/1483
f 1407/1/1407 1450/1/1450 1701/1/1701
f 1601/1/1601 1407/1/1407 1701/1/1701
f 1656/1/1656 1563/1/1563 1562/1/1562
f 1656/1/1656 1484/1/1484 1410/1/1410
f 1522/1/1522 1523/1/1523 1603/1/1603
f 1529/1/1529 1531/1/1531 1567/1/1567
f 1867/1/1867 1947/1/1947 1457/1/1457
f 1533/1/1533 1567/1/1567 1489/1/1489
f 1569/1/1569 1570/1/1570 1661/1/1661
f 1457/1/1457 1730/1/1730 1490/1/1490
f 1536/1/1536 1571/1/1571 1535/1/1535
f 1536/1/1536 1736/1/1736 1571/1/1571
f 1730/1/1730 1773/1/1773 1490/1/1490
f 1635/1/1635 1572/1/1572 1636/1/1636
f 1537/1/1537 1662/1/1662 1572/1/1572
f 1537/1/1537 1637/1/1637 1662/1/1662
f 1537/1/1537 1493/1/1493 1637/1/1637
f 1494/1/1494 1573/1/1573 1574/1/1574
f 1496/1/1496 1666/1/1666 1426/1/1426
f 1461/1/1461 1668/1/1668 1464/1/1464
f 1639/1/1639 1431/1/1431 1669/1/1669
f 1638/1/1638 1384/1/1384 1743/1/1743
f 1432/1/1432 1575/1/1575 1779/1/1779
f 1841/1/1841 1543/1/1543 1542/1/1542
f 1670/1/1670 1541/1/1541 1465/1/1465
f 1465/1/1465 1671/1/1671 1670/1/1670
f 1543/1/1543 1672/1/1672 1576/1/1576
f 1439/1/1439 1551/1/1551 1578/1/1578
f 1502/1/1502 1581/1/1581 1580/1/1580
f 1646/1/1646 1442/1/1442 1790/1/1790
f 1583/1/1583 1390/1/1390 1584/1/1584
f 1468/1/1468 1582/1/1582 1621/1/1621
f 1390/1/1390 1469/1/1469 1584/1/1584
f 1585/1/1585 1682/1/1682 1680/1/1680
f 1469/1/1469 1587/1/1587 1584/1/1584
f 1553/1/1553 4021/1/4021 1682/1/1682
f 1588/1/1588 1505/1/1505 1586/1/1586
f 1554/1/1554 1622/1/1622 1687/1/1687
f 1507/1/1507 1590/1/1590 1587/1/1587
f 1554/1/1554 1687/1/1687 1556/1/1556
f 1590/1/1590 1507/1/1507 1589/1/1589
f 1507/1/1507 1558/1/1558 1589/1/1589
f 1590/1/1590 1589/1/1589 1624/1/1624
f 1624/1/1624 1589/1/1589 1593/1/1593
f 1589/1/1589 1558/1/1558 1591/1/1591
f 1624/1/1624 1593/1/1593 1592/1/1592
f 1589/1/1589 1591/1/1591 1593/1/1593
f 1474/1/1474 1690/1/1690 1761/1/1761
f 1794/1/1794 1760/1/1760 1446/1/1446
f 1593/1/1593 1591/1/1591 1560/1/1560
f 1475/1/1475 1649/1/1649 1476/1/1476
f 1594/1/1594 1593/1/1593 1560/1/1560
f 1592/1/1592 1593/1/1593 1594/1/1594
f 1625/1/1625 1592/1/1592 1594/1/1594
f 1596/1/1596 1650/1/1650 1625/1/1625
f 1625/1/1625 1594/1/1594 1596/1/1596
f 1695/1/1695 1890/1/1890 1479/1/1479
f 1693/1/1693 1449/1/1449 1448/1/1448
f 1597/1/1597 1594/1/1594 1595/1/1595
f 1596/1/1596 1594/1/1594 1597/1/1597
f 1595/1/1595 1518/1/1518 1597/1/1597
f 1627/1/1627 1695/1/1695 1519/1/1519
f 1599/1/1599 1597/1/1597 1598/1/1598
f 1449/1/1449 1802/1/1802 1482/1/1482
f 1696/1/1696 1700/1/1700 1370/1/1370
f 1483/1/1483 1629/1/1629 1628/1/1628
f 1702/1/1702 1450/1/1450 1630/1/1630
f 1702/1/1702 1701/1/1701 1450/1/1450
f 1808/1/1808 1656/1/1656 1562/1/1562
f 1655/1/1655 1630/1/1630 1564/1/1564
f 1484/1/1484 1654/1/1654 1564/1/1564
f 1484/1/1484 1656/1/1656 1812/1/1812
f 1602/1/1602 1522/1/1522 1603/1/1603
f 1603/1/1603 1523/1/1523 1865/1/1865
f 1523/1/1523 1604/1/1604 1865/1/1865
f 1817/1/1817 1524/1/1524 1566/1/1566
f 1726/1/1726 1607/1/1607 1529/1/1529
f 1529/1/1529 1567/1/1567 1533/1/1533
f 1726/1/1726 1533/1/1533 1660/1/1660
f 1660/1/1660 1533/1/1533 1568/1/1568
f 1631/1/1631 1660/1/1660 1568/1/1568
f 1569/1/1569 1631/1/1631 1568/1/1568
f 1570/1/1570 1632/1/1632 1661/1/1661
f 1570/1/1570 1608/1/1608 1632/1/1632
f 1608/1/1608 1534/1/1534 1633/1/1633
f 1491/1/1491 1534/1/1534 1608/1/1608
f 1535/1/1535 1609/1/1609 1534/1/1534
f 1571/1/1571 1609/1/1609 1535/1/1535
f 1490/1/1490 1773/1/1773 1492/1/1492
f 1609/1/1609 1634/1/1634 1534/1/1534
f 1637/1/1637 1538/1/1538 1664/1/1664
f 1611/1/1611 1664/1/1664 1538/1/1538
f 1612/1/1612 1611/1/1611 1495/1/1495
f 1496/1/1496 1540/1/1540 1665/1/1665
f 1498/1/1498 1667/1/1667 1613/1/1613
f 1461/1/1461 1666/1/1666 1668/1/1668
f 1740/1/1740 1638/1/1638 1742/1/1742
f 1384/1/1384 1615/1/1615 1743/1/1743
f 1640/1/1640 1743/1/1743 1615/1/1615
f 1615/1/1615 1616/1/1616 1640/1/1640
f 1500/1/1500 1432/1/1432 1779/1/1779
f 1640/1/1640 1541/1/1541 1744/1/1744
f 1541/1/1541 1670/1/1670 1744/1/1744
f 1577/1/1577 1576/1/1576 1783/1/1783
f 1577/1/1577 1784/1/1784 1785/1/1785
f 1316/1/1316 1785/1/1785 1749/1/1749
f 1619/1/1619 1618/1/1618 1545/1/1545
f 1546/1/1546 1547/1/1547 1545/1/1545
f 1619/1/1619 1545/1/1545 1547/1/1547
f 1439/1/1439 1578/1/1578 1550/1/1550
f 1389/1/1389 1388/1/1388 1790/1/1790
f 1580/1/1580 1581/1/1581 1644/1/1644
f 1319/1/1319 1552/1/1552 1755/1/1755
f 1580/1/1580 1552/1/1552 1502/1/1502
f 1583/1/1583 1792/1/1792 1645/1/1645
f 1319/1/1319 1755/1/1755 1582/1/1582
f 1584/1/1584 1792/1/1792 1583/1/1583
f 1646/1/1646 1505/1/1505 1503/1/1503
f 1468/1/1468 1621/1/1621 1622/1/1622
f 1854/1/1854 1584/1/1584 1587/1/1587
f 1682/1/1682 4021/1/4021 1756/1/1756
f 1587/1/1587 1590/1/1590 1686/1/1686
f 1556/1/1556 1687/1/1687 1444/1/1444
f 1623/1/1623 1588/1/1588 1757/1/1757
f 1557/1/1557 1509/1/1509 1689/1/1689
f 1444/1/1444 1793/1/1793 1690/1/1690
f 1691/1/1691 1625/1/1625 1650/1/1650
f 1476/1/1476 1649/1/1649 1692/1/1692
f 1650/1/1650 1596/1/1596 1652/1/1652
f 1798/1/1798 1693/1/1693 1448/1/1448
f 1890/1/1890 1695/1/1695 1859/1/1859
f 1596/1/1596 1597/1/1597 1652/1/1652
f 1519/1/1519 1628/1/1628 1627/1/1627
f 1482/1/1482 1696/1/1696 1370/1/1370
f 1598/1/1598 1520/1/1520 1697/1/1697
f 1520/1/1520 1600/1/1600 1697/1/1697
f 1701/1/1701 1600/1/1600 1601/1/1601
f 1562/1/1562 1370/1/1370 1700/1/1700
f 1654/1/1654 1655/1/1655 1564/1/1564
f 1484/1/1484 1812/1/1812 1654/1/1654
f 1602/1/1602 1521/1/1521 1522/1/1522
f 1657/1/1657 1565/1/1565 1704/1/1704
f 1565/1/1565 1657/1/1657 1566/1/1566
f 1658/1/1658 1524/1/1524 1718/1/1718
f 1604/1/1604 1605/1/1605 1767/1/1767
f 1529/1/1529 1533/1/1533 1726/1/1726
f 1947/1/1947 1730/1/1730 1457/1/1457
f 1569/1/1569 1770/1/1770 1631/1/1631
f 1569/1/1569 1661/1/1661 1770/1/1770
f 1633/1/1633 1632/1/1632 1608/1/1608
f 1534/1/1534 1634/1/1634 1633/1/1633
f 1636/1/1636 1572/1/1572 1662/1/1662
f 1663/1/1663 1662/1/1662 1637/1/1637
f 1637/1/1637 1908/1/1908 1663/1/1663
f 1573/1/1573 1876/1/1876 1574/1/1574
f 1574/1/1574 1665/1/1665 1540/1/1540
f 1539/1/1539 1613/1/1613 1954/1/1954
f 1496/1/1496 1776/1/1776 1666/1/1666
f 1613/1/1613 1667/1/1667 1837/1/1837
f 1667/1/1667 1462/1/1462 1777/1/1777
f 1462/1/1462 1614/1/1614 1777/1/1777
f 1430/1/1430 1741/1/1741 1669/1/1669
f 1669/1/1669 2000/1/2000 1639/1/1639
f 1638/1/1638 1743/1/1743 1742/1/1742
f 1616/1/1616 1541/1/1541 1640/1/1640
f 1958/1/1958 1542/1/1542 1500/1/1500
f 1841/1/1841 1617/1/1617 1543/1/1543
f 1617/1/1617 1672/1/1672 1543/1/1543
f 1576/1/1576 1672/1/1672 1783/1/1783
f 1783/1/1783 1784/1/1784 1577/1/1577
f 1673/1/1673 1618/1/1618 1619/1/1619
f 1546/1/1546 1786/1/1786 1547/1/1547
f 1619/1/1619 1547/1/1547 1845/1/1845
f 1548/1/1548 1642/1/1642 1641/1/1641
f 1548/1/1548 1674/1/1674 1642/1/1642
f 1916/1/1916 1674/1/1674 1548/1/1548
f 1788/1/1788 1674/1/1674 1916/1/1916
f 1550/1/1550 1578/1/1578 1549/1/1549
f 1752/1/1752 1641/1/1641 1753/1/1753
f 1643/1/1643 1387/1/1387 1752/1/1752
f 1791/1/1791 1644/1/1644 1581/1/1581
f 1552/1/1552 1676/1/1676 1755/1/1755
f 1676/1/1676 1552/1/1552 1580/1/1580
f 1646/1/1646 1790/1/1790 2012/1/2012
f 1582/1/1582 1755/1/1755 1679/1/1679
f 1646/1/1646 1684/1/1684 1505/1/1505
f 1622/1/1622 1621/1/1621 1683/1/1683
f 1555/1/1555 1756/1/1756 4021/1/4021
f 1586/1/1586 1757/1/1757 1588/1/1588
f 1686/1/1686 1590/1/1590 1647/1/1647
f 1555/1/1555 1557/1/1557 1922/1/1922
f 1590/1/1590 1624/1/1624 1647/1/1647
f 1624/1/1624 1592/1/1592 1647/1/1647
f 1509/1/1509 1648/1/1648 1689/1/1689
f 1689/1/1689 1648/1/1648 1887/1/1887
f 1592/1/1592 1625/1/1625 1691/1/1691
f 1626/1/1626 1479/1/1479 1890/1/1890
f 1693/1/1693 1802/1/1802 1449/1/1449
f 1653/1/1653 1651/1/1651 1858/1/1858
f 1697/1/1697 1599/1/1599 1598/1/1598
f 1562/1/1562 1700/1/1700 1808/1/1808
f 1630/1/1630 1764/1/1764 1702/1/1702
f 1656/1/1656 1808/1/1808 1809/1/1809
f 1521/1/1521 1705/1/1705 1629/1/1629
f 1602/1/1602 1705/1/1705 1521/1/1521
f 1657/1/1657 1817/1/1817 1566/1/1566
f 1524/1/1524 1817/1/1817 1718/1/1718
f 1604/1/1604 1767/1/1767 1865/1/1865
f 1376/1/1376 1658/1/1658 1867/1/1867
f 1607/1/1607 1659/1/1659 1606/1/1606
f 1606/1/1606 1728/1/1728 1605/1/1605
f 1607/1/1607 1726/1/1726 1727/1/1727
f 1774/1/1774 1633/1/1633 1634/1/1634
f 1736/1/1736 1832/1/1832 1571/1/1571
f 1634/1/1634 1775/1/1775 1737/1/1737
f 1634/1/1634 1609/1/1609 1775/1/1775
f 1637/1/1637 1664/1/1664 1908/1/1908
f 1837/1/1837 1954/1/1954 1613/1/1613
f 1877/1/1877 1464/1/1464 1668/1/1668
f 1430/1/1430 1464/1/1464 1877/1/1877
f 1669/1/1669 1741/1/1741 2000/1/2000
f 1958/1/1958 1500/1/1500 1779/1/1779
f 1542/1/1542 1958/1/1958 1841/1/1841
f 1671/1/1671 1747/1/1747 1670/1/1670
f 1671/1/1671 1618/1/1618 1673/1/1673
f 1673/1/1673 1747/1/1747 1671/1/1671
f 1749/1/1749 1786/1/1786 1546/1/1546
f 1673/1/1673 1619/1/1619 1845/1/1845
f 1578/1/1578 1551/1/1551 1754/1/1754
f 1754/1/1754 1551/1/1551 1886/1/1886
f 1551/1/1551 1579/1/1579 1886/1/1886
f 1388/1/1388 1919/1/1919 1790/1/1790
f 1791/1/1791 1581/1/1581 1677/1/1677
f 1678/1/1678 1791/1/1791 1677/1/1677
f 2012/1/2012 1684/1/1684 1646/1/1646
f 1792/1/1792 1584/1/1584 2014/1/2014
f 1621/1/1621 1679/1/1679 1681/1/1681
f 1582/1/1582 1679/1/1679 1621/1/1621
f 1678/1/1678 1677/1/1677 1680/1/1680
f 1680/1/1680 1682/1/1682 1678/1/1678
f 2014/1/2014 1584/1/1584 1971/1/1971
f 1505/1/1505 1684/1/1684 1586/1/1586
f 1584/1/1584 1854/1/1854 1971/1/1971
f 1587/1/1587 1686/1/1686 1854/1/1854
f 1854/1/1854 1686/1/1686 1685/1/1685
f 1685/1/1685 1686/1/1686 1688/1/1688
f 1555/1/1555 1922/1/1922 1756/1/1756
f 1688/1/1688 1686/1/1686 1647/1/1647
f 1444/1/1444 1687/1/1687 1793/1/1793
f 1922/1/1922 1557/1/1557 1689/1/1689
f 1757/1/1757 1396/1/1396 1623/1/1623
f 1758/1/1758 1689/1/1689 1887/1/1887
f 1592/1/1592 1691/1/1691 1647/1/1647
f 1691/1/1691 1688/1/1688 1647/1/1647
f 1795/1/1795 1688/1/1688 1691/1/1691
f 1648/1/1648 1559/1/1559 1887/1/1887
f 1559/1/1559 1626/1/1626 1924/1/1924
f 1650/1/1650 1652/1/1652 1799/1/1799
f 1799/1/1799 1652/1/1652 1694/1/1694
f 1694/1/1694 1762/1/1762 1799/1/1799
f 1803/1/1803 1694/1/1694 1652/1/1652
f 1762/1/1762 1694/1/1694 1803/1/1803
f 1803/1/1803 1652/1/1652 1599/1/1599
f 1652/1/1652 1597/1/1597 1599/1/1599
f 1806/1/1806 1803/1/1803 1599/1/1599
f 1628/1/1628 1861/1/1861 1627/1/1627
f 1599/1/1599 1697/1/1697 1806/1/1806
f 1806/1/1806 1697/1/1697 1698/1/1698
f 1697/1/1697 1600/1/1600 1699/1/1699
f 1699/1/1699 1600/1/1600 1703/1/1703
f 1698/1/1698 1697/1/1697 1699/1/1699
f 1703/1/1703 1600/1/1600 1701/1/1701
f 1810/1/1810 1699/1/1699 1703/1/1703
f 1705/1/1705 1628/1/1628 1629/1/1629
f 1703/1/1703 1701/1/1701 1702/1/1702
f 1812/1/1812 1656/1/1656 1809/1/1809
f 1630/1/1630 1655/1/1655 1863/1/1863
f 1764/1/1764 1630/1/1630 1863/1/1863
f 1707/1/1707 1706/1/1706 1765/1/1765
f 1706/1/1706 1707/1/1707 1714/1/1714
f 1711/1/1711 1708/1/1708 1815/1/1815
f 1713/1/1713 1707/1/1707 1709/1/1709
f 1714/1/1714 1707/1/1707 1713/1/1713
f 1710/1/1710 1706/1/1706 1714/1/1714
f 1712/1/1712 1708/1/1708 1711/1/1711
f 1709/1/1709 1708/1/1708 1712/1/1712
f 1713/1/1713 1709/1/1709 1712/1/1712
f 1818/1/1818 1712/1/1712 1711/1/1711
f 1713/1/1713 1712/1/1712 1717/1/1717
f 1818/1/1818 1716/1/1716 1712/1/1712
f 1714/1/1714 1713/1/1713 1715/1/1715
f 1712/1/1712 1716/1/1716 1717/1/1717
f 1713/1/1713 1717/1/1717 1720/1/1720
f 1713/1/1713 1720/1/1720 1719/1/1719
f 1715/1/1715 1713/1/1713 1719/1/1719
f 1658/1/1658 1718/1/1718 1867/1/1867
f 1717/1/1717 1716/1/1716 1819/1/1819
f 1819/1/1819 1822/1/1822 1717/1/1717
f 1720/1/1720 1717/1/1717 1768/1/1768
f 1768/1/1768 1822/1/1822 1722/1/1722
f 1722/1/1722 1821/1/1821 1729/1/1729
f 1723/1/1723 1768/1/1768 1722/1/1722
f 1720/1/1720 1768/1/1768 1723/1/1723
f 1724/1/1724 1720/1/1720 1723/1/1723
f 1724/1/1724 1719/1/1719 1720/1/1720
f 1725/1/1725 1723/1/1723 1722/1/1722
f 1659/1/1659 1607/1/1607 1727/1/1727
f 1606/1/1606 1659/1/1659 1728/1/1728
f 1725/1/1725 1722/1/1722 1729/1/1729
f 1660/1/1660 1727/1/1727 1726/1/1726
f 1826/1/1826 1727/1/1727 1660/1/1660
f 1725/1/1725 1729/1/1729 1731/1/1731
f 1729/1/1729 1721/1/1721 1731/1/1731
f 1734/1/1734 1731/1/1731 1721/1/1721
f 1828/1/1828 1734/1/1734 1721/1/1721
f 1732/1/1732 1731/1/1731 1734/1/1734
f 1829/1/1829 1731/1/1731 1732/1/1732
f 1632/1/1632 1771/1/1771 1661/1/1661
f 1870/1/1870 1632/1/1632 1633/1/1633
f 1828/1/1828 1733/1/1733 1734/1/1734
f 1830/1/1830 1734/1/1734 1733/1/1733
f 1732/1/1732 1734/1/1734 1830/1/1830
f 1730/1/1730 1831/1/1831 1773/1/1773
f 1774/1/1774 1870/1/1870 1633/1/1633
f 1635/1/1635 1772/1/1772 1736/1/1736
f 1735/1/1735 1772/1/1772 1635/1/1635
f 1733/1/1733 1735/1/1735 1835/1/1835
f 1835/1/1835 1830/1/1830 1733/1/1733
f 1635/1/1635 1636/1/1636 1735/1/1735
f 1636/1/1636 1835/1/1835 1735/1/1735
f 1571/1/1571 1871/1/1871 1609/1/1609
f 1492/1/1492 1773/1/1773 2054/1/2054
f 1634/1/1634 1737/1/1737 1774/1/1774
f 1832/1/1832 1871/1/1871 1571/1/1571
f 1492/1/1492 2054/1/2054 1610/1/1610
f 1636/1/1636 1662/1/1662 1873/1/1873
f 1573/1/1573 1610/1/1610 1874/1/1874
f 1663/1/1663 1908/1/1908 2166/1/2166
f 1573/1/1573 1874/1/1874 1876/1/1876
f 1664/1/1664 1611/1/1611 1875/1/1875
f 1574/1/1574 1876/1/1876 1665/1/1665
f 1612/1/1612 1738/1/1738 1611/1/1611
f 1539/1/1539 1954/1/1954 1612/1/1612
f 1666/1/1666 1776/1/1776 1668/1/1668
f 1739/1/1739 1777/1/1777 1614/1/1614
f 1740/1/1740 1739/1/1739 1614/1/1614
f 1778/1/1778 1430/1/1430 1877/1/1877
f 1742/1/1742 1879/1/1879 1740/1/1740
f 1840/1/1840 1742/1/1742 1743/1/1743
f 2172/1/2172 1575/1/1575 1639/1/1639
f 1575/1/1575 2172/1/2172 1779/1/1779
f 1640/1/1640 1780/1/1780 1743/1/1743
f 1744/1/1744 1780/1/1780 1640/1/1640
f 1745/1/1745 1744/1/1744 1670/1/1670
f 1745/1/1745 1670/1/1670 1747/1/1747
f 1745/1/1745 1781/1/1781 1842/1/1842
f 1781/1/1781 1745/1/1745 1746/1/1746
f 1783/1/1783 1672/1/1672 2002/1/2002
f 1746/1/1746 1745/1/1745 1747/1/1747
f 1748/1/1748 1746/1/1746 1747/1/1747
f 1782/1/1782 1781/1/1781 1746/1/1746
f 1782/1/1782 1746/1/1746 1748/1/1748
f 1782/1/1782 1748/1/1748 1750/1/1750
f 1748/1/1748 1747/1/1747 1673/1/1673
f 1750/1/1750 1748/1/1748 1673/1/1673
f 1547/1/1547 1881/1/1881 1845/1/1845
f 1673/1/1673 1845/1/1845 1751/1/1751
f 1750/1/1750 1673/1/1673 1751/1/1751
f 1641/1/1641 1848/1/1848 1753/1/1753
f 1641/1/1641 1642/1/1642 1848/1/1848
f 2007/1/2007 1752/1/1752 1753/1/1753
f 1752/1/1752 2007/1/2007 1643/1/1643
f 1754/1/1754 1886/1/1886 1849/1/1849
f 2007/1/2007 1675/1/1675 1643/1/1643
f 1643/1/1643 1675/1/1675 1620/1/1620
f 2011/1/2011 1886/1/1886 1579/1/1579
f 2011/1/2011 1579/1/1579 1645/1/1645
f 1850/1/1850 1580/1/1580 1644/1/1644
f 1644/1/1644 1791/1/1791 1851/1/1851
f 1645/1/1645 1792/1/1792 1968/1/1968
f 1621/1/1621 1681/1/1681 1683/1/1683
f 1684/1/1684 1920/1/1920 1586/1/1586
f 1682/1/1682 1756/1/1756 1678/1/1678
f 1678/1/1678 1756/1/1756 1853/1/1853
f 2069/1/2069 1687/1/1687 1622/1/1622
f 1689/1/1689 1758/1/1758 1922/1/1922
f 1757/1/1757 1794/1/1794 1396/1/1396
f 1685/1/1685 1688/1/1688 1795/1/1795
f 1796/1/1796 1795/1/1795 1691/1/1691
f 1650/1/1650 1796/1/1796 1691/1/1691
f 1924/1/1924 1626/1/1626 1890/1/1890
f 1801/1/1801 1651/1/1651 1692/1/1692
f 1693/1/1693 1857/1/1857 1802/1/1802
f 1801/1/1801 1858/1/1858 1651/1/1651
f 1695/1/1695 1627/1/1627 1859/1/1859
f 1696/1/1696 1482/1/1482 1802/1/1802
f 1653/1/1653 1804/1/1804 1561/1/1561
f 1561/1/1561 1804/1/1804 1704/1/1704
f 1699/1/1699 1810/1/1810 1698/1/1698
f 1628/1/1628 1705/1/1705 1861/1/1861
f 1814/1/1814 1810/1/1810 1703/1/1703
f 1809/1/1809 1862/1/1862 1812/1/1812
f 1898/1/1898 1863/1/1863 1655/1/1655
f 1813/1/1813 1702/1/1702 1764/1/1764
f 1703/1/1703 1702/1/1702 1813/1/1813
f 1814/1/1814 1703/1/1703 1813/1/1813
f 1897/1/1897 1654/1/1654 1812/1/1812
f 1655/1/1655 1654/1/1654 1897/1/1897
f 1766/1/1766 1707/1/1707 1765/1/1765
f 1708/1/1708 1766/1/1766 1815/1/1815
f 1766/1/1766 1708/1/1708 1709/1/1709
f 1707/1/1707 1766/1/1766 1709/1/1709
f 1602/1/1602 1603/1/1603 1864/1/1864
f 1710/1/1710 1714/1/1714 1866/1/1866
f 1714/1/1714 1715/1/1715 1866/1/1866
f 1822/1/1822 1768/1/1768 1717/1/1717
f 1722/1/1722 1822/1/1822 1821/1/1821
f 1729/1/1729 1821/1/1821 1721/1/1721
f 1723/1/1723 1823/1/1823 1724/1/1724
f 1769/1/1769 1723/1/1723 1725/1/1725
f 1823/1/1823 1723/1/1723 1769/1/1769
f 1659/1/1659 1727/1/1727 1825/1/1825
f 1728/1/1728 1659/1/1659 1825/1/1825
f 1725/1/1725 1731/1/1731 1869/1/1869
f 1631/1/1631 1826/1/1826 1660/1/1660
f 1869/1/1869 1731/1/1731 1829/1/1829
f 1631/1/1631 1770/1/1770 1826/1/1826
f 1771/1/1771 1770/1/1770 1661/1/1661
f 1632/1/1632 1870/1/1870 1827/1/1827
f 1828/1/1828 1735/1/1735 1733/1/1733
f 1870/1/1870 1774/1/1774 1833/1/1833
f 1772/1/1772 1735/1/1735 1828/1/1828
f 1736/1/1736 1772/1/1772 1832/1/1832
f 1835/1/1835 1636/1/1636 1873/1/1873
f 1832/1/1832 1872/1/1872 1871/1/1871
f 1873/1/1873 1662/1/1662 1907/1/1907
f 1908/1/1908 1664/1/1664 1875/1/1875
f 1738/1/1738 1875/1/1875 1611/1/1611
f 1667/1/1667 1777/1/1777 1837/1/1837
f 1668/1/1668 1776/1/1776 1877/1/1877
f 1840/1/1840 1879/1/1879 1742/1/1742
f 1743/1/1743 1780/1/1780 1840/1/1840
f 1842/1/1842 1780/1/1780 1744/1/1744
f 1842/1/1842 1744/1/1744 1745/1/1745
f 1784/1/1784 1961/1/1961 1785/1/1785
f 1547/1/1547 1786/1/1786 1843/1/1843
f 1881/1/1881 1547/1/1547 1843/1/1843
f 1844/1/1844 1750/1/1750 1751/1/1751
f 1751/1/1751 1845/1/1845 1965/1/1965
f 1916/1/1916 1884/1/1884 1788/1/1788
f 1578/1/1578 1846/1/1846 1549/1/1549
f 1642/1/1642 1787/1/1787 1848/1/1848
f 1674/1/1674 1787/1/1787 1642/1/1642
f 1788/1/1788 1787/1/1787 1674/1/1674
f 1644/1/1644 1789/1/1789 1850/1/1850
f 1645/1/1645 1968/1/1968 2011/1/2011
f 1676/1/1676 1580/1/1580 1850/1/1850
f 1968/1/1968 1792/1/1792 2014/1/2014
f 1684/1/1684 2012/1/2012 1852/1/1852
f 1855/1/1855 1586/1/1586 1920/1/1920
f 1922/1/1922 1853/1/1853 1756/1/1756
f 1757/1/1757 1586/1/1586 1855/1/1855
f 1687/1/1687 2069/1/2069 1793/1/1793
f 1793/1/1793 1759/1/1759 1690/1/1690
f 1690/1/1690 1759/1/1759 1761/1/1761
f 1760/1/1760 1794/1/1794 1797/1/1797
f 1559/1/1559 1924/1/1924 1887/1/1887
f 1797/1/1797 1798/1/1798 1760/1/1760
f 1475/1/1475 1889/1/1889 1649/1/1649
f 1650/1/1650 1799/1/1799 1796/1/1796
f 1692/1/1692 1649/1/1649 1889/1/1889
f 1693/1/1693 1798/1/1798 1857/1/1857
f 1799/1/1799 1762/1/1762 1800/1/1800
f 1890/1/1890 1859/1/1859 1891/1/1891
f 1892/1/1892 1800/1/1800 1762/1/1762
f 1857/1/1857 1925/1/1925 1802/1/1802
f 1802/1/1802 1925/1/1925 1930/1/1930
f 1762/1/1762 1803/1/1803 1893/1/1893
f 1653/1/1653 1858/1/1858 1804/1/1804
f 1696/1/1696 1802/1/1802 1930/1/1930
f 1894/1/1894 1805/1/1805 1930/1/1930
f 1805/1/1805 1696/1/1696 1930/1/1930
f 1805/1/1805 1700/1/1700 1696/1/1696
f 1806/1/1806 1698/1/1698 1895/1/1895
f 1896/1/1896 1936/1/1936 1861/1/1861
f 1700/1/1700 1805/1/1805 1808/1/1808
f 1807/1/1807 1808/1/1808 1805/1/1805
f 1698/1/1698 1810/1/1810 1811/1/1811
f 1896/1/1896 1861/1/1861 1705/1/1705
f 1807/1/1807 1809/1/1809 1808/1/1808
f 1814/1/1814 1940/1/1940 1810/1/1810
f 1705/1/1705 1864/1/1864 1899/1/1899
f 1765/1/1765 1941/1/1941 1766/1/1766
f 1602/1/1602 1864/1/1864 1705/1/1705
f 1815/1/1815 1986/1/1986 1711/1/1711
f 1710/1/1710 1816/1/1816 1706/1/1706
f 1818/1/1818 1900/1/1900 1716/1/1716
f 1716/1/1716 1900/1/1900 1819/1/1819
f 1820/1/1820 1866/1/1866 1715/1/1715
f 1605/1/1605 1993/1/1993 1767/1/1767
f 1822/1/1822 1819/1/1819 1821/1/1821
f 1993/1/1993 1605/1/1605 1994/1/1994
f 1820/1/1820 1715/1/1715 1719/1/1719
f 1820/1/1820 1719/1/1719 1903/1/1903
f 1728/1/1728 1994/1/1994 1605/1/1605
f 1719/1/1719 1724/1/1724 1903/1/1903
f 1724/1/1724 1823/1/1823 1903/1/1903
f 1826/1/1826 1825/1/1825 1727/1/1727
f 1825/1/1825 1827/1/1827 1728/1/1728
f 1721/1/1721 1821/1/1821 1824/1/1824
f 1769/1/1769 1725/1/1725 1869/1/1869
f 1947/1/1947 1831/1/1831 1730/1/1730
f 1771/1/1771 1825/1/1825 1826/1/1826
f 1827/1/1827 1825/1/1825 1771/1/1771
f 1721/1/1721 1824/1/1824 1828/1/1828
f 1771/1/1771 1826/1/1826 1770/1/1770
f 1771/1/1771 1632/1/1632 1827/1/1827
f 1834/1/1834 1609/1/1609 1871/1/1871
f 1609/1/1609 1834/1/1834 1775/1/1775
f 1951/1/1951 1872/1/1872 1832/1/1832
f 1907/1/1907 1662/1/1662 1663/1/1663
f 1909/1/1909 1875/1/1875 1738/1/1738
f 1665/1/1665 1836/1/1836 1496/1/1496
f 1496/1/1496 1836/1/1836 1910/1/1910
f 1738/1/1738 1612/1/1612 1997/1/1997
f 1954/1/1954 1997/1/1997 1612/1/1612
f 1838/1/1838 1837/1/1837 1777/1/1777
f 1838/1/1838 1777/1/1777 1878/1/1878
f 1739/1/1739 1878/1/1878 1777/1/1777
f 1778/1/1778 1877/1/1877 2058/1/2058
f 1739/1/1739 1740/1/1740 1839/1/1839
f 1839/1/1839 1878/1/1878 1739/1/1739
f 1741/1/1741 1430/1/1430 1778/1/1778
f 1879/1/1879 1839/1/1839 1740/1/1740
f 2000/1/2000 2172/1/2172 1639/1/1639
f 1958/1/1958 1779/1/1779 1880/1/1880
f 2001/1/2001 1617/1/1617 1841/1/1841
f 1960/1/1960 1842/1/1842 1781/1/1781
f 1617/1/1617 2002/1/2002 1672/1/1672
f 1782/1/1782 1960/1/1960 1781/1/1781
f 1783/1/1783 2002/1/2002 1914/1/1914
f 1784/1/1784 1783/1/1783 1914/1/1914
f 1784/1/1784 1914/1/1914 1961/1/1961
f 1749/1/1749 1963/1/1963 1786/1/1786
f 1964/1/1964 1782/1/1782 1750/1/1750
f 1844/1/1844 1964/1/1964 1750/1/1750
f 1845/1/1845 1881/1/1881 1882/1/1882
f 1754/1/1754 1846/1/1846 1578/1/1578
f 1788/1/1788 1883/1/1883 1787/1/1787
f 1847/1/1847 1754/1/1754 1849/1/1849
f 2102/1/2102 1620/1/1620 1675/1/1675
f 1620/1/1620 1919/1/1919 1388/1/1388
f 1851/1/1851 1789/1/1789 1644/1/1644
f 1919/1/1919 2012/1/2012 1790/1/1790
f 1966/1/1966 1755/1/1755 1676/1/1676
f 1969/1/1969 2013/1/2013 1791/1/1791
f 1791/1/1791 1678/1/1678 1969/1/1969
f 1853/1/1853 1969/1/1969 1678/1/1678
f 1622/1/1622 1974/1/1974 2069/1/2069
f 1685/1/1685 1795/1/1795 1972/1/1972
f 1757/1/1757 1855/1/1855 1856/1/1856
f 1757/1/1757 1856/1/1856 1794/1/1794
f 1794/1/1794 1856/1/1856 1797/1/1797
f 1888/1/1888 1795/1/1795 1796/1/1796
f 1799/1/1799 1800/1/1800 1796/1/1796
f 1798/1/1798 1797/1/1797 1857/1/1857
f 1692/1/1692 1889/1/1889 1801/1/1801
f 1762/1/1762 1893/1/1893 1892/1/1892
f 1803/1/1803 1860/1/1860 1893/1/1893
f 1803/1/1803 1806/1/1806 1860/1/1860
f 1807/1/1807 1805/1/1805 1894/1/1894
f 1806/1/1806 1895/1/1895 1860/1/1860
f 1698/1/1698 1811/1/1811 1895/1/1895
f 1862/1/1862 1897/1/1897 1812/1/1812
f 1704/1/1704 1763/1/1763 1657/1/1657
f 1897/1/1897 1898/1/1898 1655/1/1655
f 1813/1/1813 1764/1/1764 1983/1/1983
f 1984/1/1984 1815/1/1815 1766/1/1766
f 1765/1/1765 1706/1/1706 1943/1/1943
f 1706/1/1706 1816/1/1816 1943/1/1943
f 1657/1/1657 2195/1/2195 1817/1/1817
f 1986/1/1986 1818/1/1818 1711/1/1711
f 1603/1/1603 1865/1/1865 1985/1/1985
f 1866/1/1866 1945/1/1945 1710/1/1710
f 1818/1/1818 1944/1/1944 1900/1/1900
f 1900/1/1900 1902/1/1902 1819/1/1819
f 1901/1/1901 1767/1/1767 1993/1/1993
f 1866/1/1866 1820/1/1820 1991/1/1991
f 1821/1/1821 1819/1/1819 1902/1/1902
f 1728/1/1728 1868/1/1868 1994/1/1994
f 1868/1/1868 1728/1/1728 1827/1/1827
f 1827/1/1827 1870/1/1870 1868/1/1868
f 1949/1/1949 1829/1/1829 1732/1/1732
f 1732/1/1732 1830/1/1830 2052/1/2052
f 1773/1/1773 1831/1/1831 2054/1/2054
f 1737/1/1737 1775/1/1775 1833/1/1833
f 1832/1/1832 2051/1/2051 1951/1/1951
f 1833/1/1833 1774/1/1774 1737/1/1737
f 1906/1/1906 1610/1/1610 2054/1/2054
f 1610/1/1610 1906/1/1906 1874/1/1874
f 1665/1/1665 1876/1/1876 1836/1/1836
f 1911/1/1911 1954/1/1954 1837/1/1837
f 1776/1/1776 2058/1/2058 1877/1/1877
f 1839/1/1839 1879/1/1879 1955/1/1955
f 1741/1/1741 1778/1/1778 1999/1/1999
f 1840/1/1840 1912/1/1912 1879/1/1879
f 1780/1/1780 1956/1/1956 1840/1/1840
f 1956/1/1956 1780/1/1780 1913/1/1913
f 1841/1/1841 1958/1/1958 2090/1/2090
f 1841/1/1841 2090/1/2090 2001/1/2001
f 1782/1/1782 1962/1/1962 1960/1/1960
f 1964/1/1964 1962/1/1962 1782/1/1782
f 1963/1/1963 2003/1/2003 1786/1/1786
f 1881/1/1881 2005/1/2005 1882/1/1882
f 1882/1/1882 1965/1/1965 1845/1/1845
f 1844/1/1844 1751/1/1751 1965/1/1965
f 1788/1/1788 1884/1/1884 1883/1/1883
f 1754/1/1754 1847/1/1847 1846/1/1846
f 1753/1/1753 1917/1/1917 2007/1/2007
f 1753/1/1753 1885/1/1885 1917/1/1917
f 1848/1/1848 1885/1/1885 1753/1/1753
f 1849/1/1849 1886/1/1886 2009/1/2009
f 2136/1/2136 1620/1/1620 2102/1/2102
f 1755/1/1755 1966/1/1966 1967/1/1967
f 1851/1/1851 1791/1/1791 2013/1/2013
f 1967/1/1967 1679/1/1679 1755/1/1755
f 1679/1/1679 2065/1/2065 1681/1/1681
f 1684/1/1684 1852/1/1852 1920/1/1920
f 1971/1/1971 1854/1/1854 1972/1/1972
f 1854/1/1854 1685/1/1685 1972/1/1972
f 1972/1/1972 1795/1/1795 1923/1/1923
f 1924/1/1924 1890/1/1890 2021/1/2021
f 2072/1/2072 1801/1/1801 1889/1/1889
f 2026/1/2026 1627/1/1627 1861/1/1861
f 1861/1/1861 1936/1/1936 2026/1/2026
f 1939/1/1939 1807/1/1807 1894/1/1894
f 1807/1/1807 1939/1/1939 1809/1/1809
f 1704/1/1704 1804/1/1804 1763/1/1763
f 1939/1/1939 1862/1/1862 1809/1/1809
f 1938/1/1938 1898/1/1898 1897/1/1897
f 1810/1/1810 2036/1/2036 1811/1/1811
f 2036/1/2036 1810/1/1810 1940/1/1940
f 1705/1/1705 1899/1/1899 1896/1/1896
f 1765/1/1765 1943/1/1943 2040/1/2040
f 1815/1/1815 1984/1/1984 1986/1/1986
f 1816/1/1816 1710/1/1710 1988/1/1988
f 1864/1/1864 1603/1/1603 1985/1/1985
f 1818/1/1818 1986/1/1986 1987/1/1987
f 1818/1/1818 1987/1/1987 1944/1/1944
f 1985/1/1985 1865/1/1865 2083/1/2083
f 1718/1/1718 2294/1/2294 1867/1/1867
f 1865/1/1865 1901/1/1901 2083/1/2083
f 1767/1/1767 1901/1/1901 1865/1/1865
f 2121/1/2121 1991/1/1991 1820/1/1820
f 1947/1/1947 1867/1/1867 2086/1/2086
f 1821/1/1821 1902/1/1902 1946/1/1946
f 1903/1/1903 1996/1/1996 1820/1/1820
f 2121/1/2121 1820/1/1820 1996/1/1996
f 1946/1/1946 1824/1/1824 1821/1/1821
f 1769/1/1769 1869/1/1869 1904/1/1904
f 1904/1/1904 1823/1/1823 1769/1/1769
f 1829/1/1829 1949/1/1949 1869/1/1869
f 1950/1/1950 1868/1/1868 1870/1/1870
f 1824/1/1824 1905/1/1905 1828/1/1828
f 1949/1/1949 1732/1/1732 2052/1/2052
f 1828/1/1828 2051/1/2051 1772/1/1772
f 1905/1/1905 2051/1/2051 1828/1/1828
f 2048/1/2048 1775/1/1775 1834/1/1834
f 2051/1/2051 1832/1/1832 1772/1/1772
f 1873/1/1873 1907/1/1907 2165/1/2165
f 1907/1/1907 1663/1/1663 2056/1/2056
f 1663/1/1663 2166/1/2166 2056/1/2056
f 1875/1/1875 1909/1/1909 1952/1/1952
f 1875/1/1875 1952/1/1952 1908/1/1908
f 1876/1/1876 1953/1/1953 1836/1/1836
f 1738/1/1738 1997/1/1997 1909/1/1909
f 1496/1/1496 1910/1/1910 1776/1/1776
f 1838/1/1838 1878/1/1878 1998/1/1998
f 1879/1/1879 1912/1/1912 1955/1/1955
f 1999/1/1999 2000/1/2000 1741/1/1741
f 1912/1/1912 1840/1/1840 1956/1/1956
f 1780/1/1780 1842/1/1842 1913/1/1913
f 1842/1/1842 1960/1/1960 1913/1/1913
f 1617/1/1617 2001/1/2001 2002/1/2002
f 1785/1/1785 1961/1/1961 2132/1/2132
f 1749/1/1749 1785/1/1785 2132/1/2132
f 1749/1/1749 2132/1/2132 1963/1/1963
f 1843/1/1843 1786/1/1786 2004/1/2004
f 1964/1/1964 1844/1/1844 1915/1/1915
f 1881/1/1881 1843/1/1843 2005/1/2005
f 1965/1/1965 1882/1/1882 2006/1/2006
f 1549/1/1549 2213/1/2213 1916/1/1916
f 1549/1/1549 1846/1/1846 2213/1/2213
f 1848/1/1848 2008/1/2008 1885/1/1885
f 1848/1/1848 1918/1/1918 2008/1/2008
f 1787/1/1787 1918/1/1918 1848/1/1848
f 1787/1/1787 1883/1/1883 1918/1/1918
f 2136/1/2136 1919/1/1919 1620/1/1620
f 1851/1/1851 2010/1/2010 1789/1/1789
f 1966/1/1966 1676/1/1676 1850/1/1850
f 2065/1/2065 1679/1/1679 1967/1/1967
f 1969/1/1969 1853/1/1853 1921/1/1921
f 1681/1/1681 2107/1/2107 1683/1/1683
f 1683/1/1683 1974/1/1974 1622/1/1622
f 1921/1/1921 1853/1/1853 1975/1/1975
f 2015/1/2015 1971/1/1971 1972/1/1972
f 1975/1/1975 1853/1/1853 1922/1/1922
f 1856/1/1856 1855/1/1855 1973/1/1973
f 1856/1/1856 1977/1/1977 1797/1/1797
f 1888/1/1888 1923/1/1923 1795/1/1795
f 1475/1/1475 1761/1/1761 1889/1/1889
f 1797/1/1797 1977/1/1977 2113/1/2113
f 1796/1/1796 1800/1/1800 1888/1/1888
f 2113/1/2113 1857/1/1857 1797/1/1797
f 1978/1/1978 2022/1/2022 1800/1/1800
f 2021/1/2021 1890/1/1890 1891/1/1891
f 2113/1/2113 1925/1/1925 1857/1/1857
f 1978/1/1978 1800/1/1800 1926/1/1926
f 1979/1/1979 1978/1/1978 1926/1/1926
f 1801/1/1801 2076/1/2076 1858/1/1858
f 1926/1/1926 1800/1/1800 1892/1/1892
f 1928/1/1928 1930/1/1930 1925/1/1925
f 1926/1/1926 1892/1/1892 1929/1/1929
f 1929/1/1929 2027/1/2027 1926/1/1926
f 1932/1/1932 1931/1/1931 1927/1/1927
f 1929/1/1929 1892/1/1892 1933/1/1933
f 1927/1/1927 1931/1/1931 1928/1/1928
f 1928/1/1928 1934/1/1934 1930/1/1930
f 1892/1/1892 1893/1/1893 1933/1/1933
f 1894/1/1894 1930/1/1930 1934/1/1934
f 1935/1/1935 1931/1/1931 1932/1/1932
f 1935/1/1935 1932/1/1932 1980/1/1980
f 2027/1/2027 1929/1/1929 1933/1/1933
f 2026/1/2026 1859/1/1859 1627/1/1627
f 1860/1/1860 1933/1/1933 1893/1/1893
f 2028/1/2028 1933/1/1933 1860/1/1860
f 1931/1/1931 1934/1/1934 1928/1/1928
f 1931/1/1931 1937/1/1937 1934/1/1934
f 1935/1/1935 1937/1/1937 1931/1/1931
f 1939/1/1939 1894/1/1894 1934/1/1934
f 1937/1/1937 1939/1/1939 1934/1/1934
f 1938/1/1938 1937/1/1937 1935/1/1935
f 1981/1/1981 1860/1/1860 1895/1/1895
f 1937/1/1937 1862/1/1862 1939/1/1939
f 1895/1/1895 1811/1/1811 1982/1/1982
f 1897/1/1897 1862/1/1862 1937/1/1937
f 1938/1/1938 1897/1/1897 1937/1/1937
f 2037/1/2037 1896/1/1896 1899/1/1899
f 2079/1/2079 1898/1/1898 1938/1/1938
f 1863/1/1863 1983/1/1983 1764/1/1764
f 1983/1/1983 1940/1/1940 1813/1/1813
f 1814/1/1814 1813/1/1813 1940/1/1940
f 1984/1/1984 1766/1/1766 1941/1/1941
f 2040/1/2040 1941/1/1941 1765/1/1765
f 1986/1/1986 1984/1/1984 1942/1/1942
f 1816/1/1816 1988/1/1988 1943/1/1943
f 1945/1/1945 1988/1/1988 1710/1/1710
f 1900/1/1900 1990/1/1990 1902/1/1902
f 1866/1/1866 1991/1/1991 1945/1/1945
f 1902/1/1902 1990/1/1990 1946/1/1946
f 1995/1/1995 1990/1/1990 2084/1/2084
f 1946/1/1946 1990/1/1990 1995/1/1995
f 1946/1/1946 1995/1/1995 1824/1/1824
f 1823/1/1823 1948/1/1948 1903/1/1903
f 1903/1/1903 1948/1/1948 1996/1/1996
f 1948/1/1948 1823/1/1823 1904/1/1904
f 1950/1/1950 1870/1/1870 1833/1/1833
f 2048/1/2048 1834/1/1834 2049/1/2049
f 1775/1/1775 2048/1/2048 1950/1/1950
f 1775/1/1775 1950/1/1950 1833/1/1833
f 1872/1/1872 2055/1/2055 1871/1/1871
f 1835/1/1835 1873/1/1873 2163/1/2163
f 1906/1/1906 2126/1/2126 1874/1/1874
f 2057/1/2057 1874/1/1874 2126/1/2126
f 1953/1/1953 1874/1/1874 2057/1/2057
f 2056/1/2056 2166/1/2166 2238/1/2238
f 1876/1/1876 1874/1/1874 1953/1/1953
f 1836/1/1836 2208/1/2208 1910/1/1910
f 2128/1/2128 1776/1/1776 1910/1/1910
f 1911/1/1911 1837/1/1837 1838/1/1838
f 2130/1/2130 1838/1/1838 1998/1/1998
f 1878/1/1878 1839/1/1839 1998/1/1998
f 1839/1/1839 1955/1/1955 1998/1/1998
f 1956/1/1956 1913/1/1913 1957/1/1957
f 1957/1/1957 1913/1/1913 1959/1/1959
f 1959/1/1959 1913/1/1913 1960/1/1960
f 1959/1/1959 1960/1/1960 1962/1/1962
f 2095/1/2095 1962/1/1962 1964/1/1964
f 1786/1/1786 2003/1/2003 2004/1/2004
f 2095/1/2095 1964/1/1964 1915/1/1915
f 2005/1/2005 1843/1/1843 2004/1/2004
f 1844/1/1844 1965/1/1965 1915/1/1915
f 1847/1/1847 2213/1/2213 1846/1/1846
f 1885/1/1885 2096/1/2096 2253/1/2253
f 1885/1/1885 2008/1/2008 2096/1/2096
f 1918/1/1918 2100/1/2100 2008/1/2008
f 1789/1/1789 2104/1/2104 1850/1/1850
f 2104/1/2104 1789/1/1789 2010/1/2010
f 2010/1/2010 1851/1/1851 2013/1/2013
f 2011/1/2011 1968/1/1968 2217/1/2217
f 1681/1/1681 2065/1/2065 2107/1/2107
f 1852/1/1852 1970/1/1970 1920/1/1920
f 1683/1/1683 2107/1/2107 1974/1/1974
f 2106/1/2106 1921/1/1921 2108/1/2108
f 1920/1/1920 2067/1/2067 1855/1/1855
f 2108/1/2108 1921/1/1921 1975/1/1975
f 2067/1/2067 1973/1/1973 1855/1/1855
f 1972/1/1972 1923/1/1923 2017/1/2017
f 1972/1/1972 2017/1/2017 2110/1/2110
f 1922/1/1922 1758/1/1758 1975/1/1975
f 1975/1/1975 1758/1/1758 1976/1/1976
f 1973/1/1973 2070/1/2070 1856/1/1856
f 1758/1/1758 1887/1/1887 1976/1/1976
f 2112/1/2112 1761/1/1761 1759/1/1759
f 1976/1/1976 1887/1/1887 2018/1/2018
f 1887/1/1887 1924/1/1924 2018/1/2018
f 2221/1/2221 1889/1/1889 1761/1/1761
f 2113/1/2113 2073/1/2073 1925/1/1925
f 2072/1/2072 2076/1/2076 1801/1/1801
f 1927/1/1927 1928/1/1928 2024/1/2024
f 1927/1/1927 2075/1/2075 1932/1/1932
f 1891/1/1891 1859/1/1859 2077/1/2077
f 1926/1/1926 2027/1/2027 1979/1/1979
f 2077/1/2077 1859/1/1859 2026/1/2026
f 1858/1/1858 2076/1/2076 1804/1/1804
f 2027/1/2027 1933/1/1933 2028/1/2028
f 1860/1/1860 1981/1/1981 2028/1/2028
f 2030/1/2030 1938/1/1938 1935/1/1935
f 1895/1/1895 1982/1/1982 1981/1/1981
f 1899/1/1899 2041/1/2041 2037/1/2037
f 1984/1/1984 2039/1/2039 1942/1/1942
f 1899/1/1899 1864/1/1864 1985/1/1985
f 1986/1/1986 1942/1/1942 2043/1/2043
f 1943/1/1943 1988/1/1988 2156/1/2156
f 1944/1/1944 1989/1/1989 1900/1/1900
f 2121/1/2121 2264/1/2264 1991/1/1991
f 1901/1/1901 1993/1/1993 1992/1/1992
f 1947/1/1947 2200/1/2200 1831/1/1831
f 2123/1/2123 1824/1/1824 1995/1/1995
f 1869/1/1869 2046/1/2046 1904/1/1904
f 1905/1/1905 1824/1/1824 2047/1/2047
f 2088/1/2088 2054/1/2054 1831/1/1831
f 1949/1/1949 2052/1/2052 2124/1/2124
f 2052/1/2052 1830/1/1830 1835/1/1835
f 2163/1/2163 2052/1/2052 1835/1/1835
f 1871/1/1871 2049/1/2049 1834/1/1834
f 2049/1/2049 1871/1/1871 2055/1/2055
f 1872/1/1872 1951/1/1951 2055/1/2055
f 1873/1/1873 2165/1/2165 2163/1/2163
f 1907/1/1907 2056/1/2056 2165/1/2165
f 1952/1/1952 2166/1/2166 1908/1/1908
f 1953/1/1953 2208/1/2208 1836/1/1836
f 1909/1/1909 1997/1/1997 2207/1/2207
f 2169/1/2169 2058/1/2058 1776/1/1776
f 2171/1/2171 1778/1/1778 2058/1/2058
f 1778/1/1778 2171/1/2171 1999/1/1999
f 1955/1/1955 1912/1/1912 2059/1/2059
f 1957/1/1957 1959/1/1959 2091/1/2091
f 2361/1/2361 2132/1/2132 1961/1/1961
f 1915/1/1915 1965/1/1965 2062/1/2062
f 1965/1/1965 2006/1/2006 2062/1/2062
f 2006/1/2006 2212/1/2212 2062/1/2062
f 1916/1/1916 2213/1/2213 1884/1/1884
f 1918/1/1918 2099/1/2099 2100/1/2100
f 2009/1/2009 1847/1/1847 1849/1/1849
f 2007/1/2007 1917/1/1917 1675/1/1675
f 1675/1/1675 2254/1/2254 2102/1/2102
f 2011/1/2011 2101/1/2101 1886/1/1886
f 1850/1/1850 2103/1/2103 1966/1/1966
f 1919/1/1919 2064/1/2064 2012/1/2012
f 2218/1/2218 1967/1/1967 1966/1/1966
f 1969/1/1969 1921/1/1921 2013/1/2013
f 2106/1/2106 2066/1/2066 1921/1/1921
f 1971/1/1971 2184/1/2184 2014/1/2014
f 1972/1/1972 2110/1/2110 2015/1/2015
f 2108/1/2108 1975/1/1975 2068/1/2068
f 2111/1/2111 2068/1/2068 1975/1/1975
f 2111/1/2111 1975/1/1975 1976/1/1976
f 1759/1/1759 1793/1/1793 2069/1/2069
f 2017/1/2017 2016/1/2016 2110/1/2110
f 1856/1/1856 2070/1/2070 1977/1/1977
f 2111/1/2111 1976/1/1976 2018/1/2018
f 2017/1/2017 1923/1/1923 1888/1/1888
f 2017/1/2017 1888/1/1888 2019/1/2019
f 2019/1/2019 2016/1/2016 2017/1/2017
f 2020/1/2020 2111/1/2111 2018/1/2018
f 2018/1/2018 1924/1/1924 2021/1/2021
f 2020/1/2020 2018/1/2018 2021/1/2021
f 2019/1/2019 1888/1/1888 2022/1/2022
f 1888/1/1888 1800/1/1800 2022/1/2022
f 2023/1/2023 2020/1/2020 2021/1/2021
f 2022/1/2022 1978/1/1978 2074/1/2074
f 2021/1/2021 1891/1/1891 2077/1/2077
f 2023/1/2023 2021/1/2021 2025/1/2025
f 2074/1/2074 1978/1/1978 1979/1/1979
f 1925/1/1925 2073/1/2073 1928/1/1928
f 2024/1/2024 1928/1/1928 2073/1/2073
f 2024/1/2024 2115/1/2115 1927/1/1927
f 2025/1/2025 2021/1/2021 2077/1/2077
f 2115/1/2115 2075/1/2075 1927/1/1927
f 2078/1/2078 1979/1/1979 2027/1/2027
f 2074/1/2074 1979/1/1979 2078/1/2078
f 1932/1/1932 2075/1/2075 2144/1/2144
f 2287/1/2287 1804/1/1804 2076/1/2076
f 2028/1/2028 2078/1/2078 2027/1/2027
f 1804/1/1804 2287/1/2287 2259/1/2259
f 2026/1/2026 1936/1/1936 2029/1/2029
f 1980/1/1980 2228/1/2228 1935/1/1935
f 2078/1/2078 2028/1/2028 2032/1/2032
f 2119/1/2119 2078/1/2078 2032/1/2032
f 1763/1/1763 1804/1/1804 2259/1/2259
f 2028/1/2028 1981/1/1981 2031/1/2031
f 2032/1/2032 2028/1/2028 2031/1/2031
f 1896/1/1896 2037/1/2037 1936/1/1936
f 1763/1/1763 2033/1/2033 1657/1/1657
f 1981/1/1981 1982/1/1982 2034/1/2034
f 2032/1/2032 2031/1/2031 2035/1/2035
f 2039/1/2039 1982/1/1982 2036/1/2036
f 1811/1/1811 2036/1/2036 1982/1/1982
f 1981/1/1981 2034/1/2034 2040/1/2040
f 2040/1/2040 2031/1/2031 1981/1/1981
f 1863/1/1863 1898/1/1898 2079/1/2079
f 1983/1/1983 1863/1/1863 2079/1/2079
f 1983/1/1983 2038/1/2038 1940/1/1940
f 2036/1/2036 1940/1/1940 2038/1/2038
f 2039/1/2039 2036/1/2036 2038/1/2038
f 2034/1/2034 1982/1/1982 1984/1/1984
f 1984/1/1984 1982/1/1982 2039/1/2039
f 1941/1/1941 2034/1/2034 1984/1/1984
f 2040/1/2040 2034/1/2034 1941/1/1941
f 1983/1/1983 2079/1/2079 2152/1/2152
f 2038/1/2038 1983/1/1983 2042/1/2042
f 1943/1/1943 2120/1/2120 2040/1/2040
f 2038/1/2038 1942/1/1942 2039/1/2039
f 2041/1/2041 1899/1/1899 1985/1/1985
f 1988/1/1988 2080/1/2080 2156/1/2156
f 2043/1/2043 1987/1/1987 1986/1/1986
f 1817/1/1817 2195/1/2195 2421/1/2421
f 1988/1/1988 1945/1/1945 2080/1/2080
f 2294/1/2294 1718/1/1718 1817/1/1817
f 1985/1/1985 2083/1/2083 2082/1/2082
f 1867/1/1867 2294/1/2294 2383/1/2383
f 1900/1/1900 1989/1/1989 1990/1/1990
f 1945/1/1945 1991/1/1991 2263/1/2263
f 2044/1/2044 1993/1/1993 1994/1/1994
f 2159/1/2159 1993/1/1993 2044/1/2044
f 2045/1/2045 2159/1/2159 2044/1/2044
f 2159/1/2159 2045/1/2045 2122/1/2122
f 1996/1/1996 2201/1/2201 2121/1/2121
f 1994/1/1994 1868/1/1868 2044/1/2044
f 1904/1/1904 2087/1/2087 1948/1/1948
f 2046/1/2046 1869/1/1869 1949/1/1949
f 2044/1/2044 1868/1/1868 2048/1/2048
f 2048/1/2048 1868/1/1868 1950/1/1950
f 2049/1/2049 2044/1/2044 2048/1/2048
f 2045/1/2045 2044/1/2044 2049/1/2049
f 2053/1/2053 2045/1/2045 2049/1/2049
f 1905/1/1905 2050/1/2050 2051/1/2051
f 2052/1/2052 2203/1/2203 2124/1/2124
f 2055/1/2055 2053/1/2053 2049/1/2049
f 2050/1/2050 2053/1/2053 2055/1/2055
f 1951/1/1951 2050/1/2050 2055/1/2055
f 2050/1/2050 1951/1/1951 2051/1/2051
f 2057/1/2057 2208/1/2208 1953/1/1953
f 1997/1/1997 1954/1/1954 2127/1/2127
f 2208/1/2208 2128/1/2128 1910/1/1910
f 1911/1/1911 2127/1/2127 1954/1/1954
f 2089/1/2089 2127/1/2127 1911/1/1911
f 2169/1/2169 1776/1/1776 2128/1/2128
f 1838/1/1838 2089/1/2089 1911/1/1911
f 1998/1/1998 1955/1/1955 2059/1/2059
f 2131/1/2131 2000/1/2000 1999/1/1999
f 2461/1/2461 2172/1/2172 2000/1/2000
f 2059/1/2059 1912/1/1912 2060/1/2060
f 1912/1/1912 1956/1/1956 2060/1/2060
f 1779/1/1779 2172/1/2172 1880/1/1880
f 2061/1/2061 2060/1/2060 1956/1/1956
f 1957/1/1957 2061/1/2061 1956/1/1956
f 1880/1/1880 2274/1/2274 1958/1/1958
f 2091/1/2091 2061/1/2061 1957/1/1957
f 2092/1/2092 2091/1/2091 1959/1/1959
f 2092/1/2092 1959/1/1959 1962/1/1962
f 2094/1/2094 2092/1/2092 1962/1/1962
f 2361/1/2361 1961/1/1961 1914/1/1914
f 2095/1/2095 2094/1/2094 1962/1/1962
f 2008/1/2008 2098/1/2098 2096/1/2096
f 2008/1/2008 2100/1/2100 2098/1/2098
f 1918/1/1918 1883/1/1883 2099/1/2099
f 2179/1/2179 1847/1/1847 2009/1/2009
f 2179/1/2179 2009/1/2009 2101/1/2101
f 2063/1/2063 2136/1/2136 2102/1/2102
f 1886/1/1886 2101/1/2101 2009/1/2009
f 2104/1/2104 2103/1/2103 1850/1/1850
f 2105/1/2105 2010/1/2010 2013/1/2013
f 2137/1/2137 1852/1/1852 2012/1/2012
f 2013/1/2013 1921/1/1921 2066/1/2066
f 2065/1/2065 2138/1/2138 2107/1/2107
f 1970/1/1970 2109/1/2109 2067/1/2067
f 1920/1/1920 1970/1/1970 2067/1/2067
f 2067/1/2067 2140/1/2140 1973/1/1973
f 2139/1/2139 2015/1/2015 2110/1/2110
f 2110/1/2110 2016/1/2016 2139/1/2139
f 2070/1/2070 2071/1/2071 1977/1/1977
f 1761/1/1761 2112/1/2112 2221/1/2221
f 2019/1/2019 2022/1/2022 2189/1/2189
f 2074/1/2074 2114/1/2114 2022/1/2022
f 2144/1/2144 1980/1/1980 1932/1/1932
f 2078/1/2078 2143/1/2143 2074/1/2074
f 2146/1/2146 2143/1/2143 2078/1/2078
f 2026/1/2026 2117/1/2117 2077/1/2077
f 2078/1/2078 2119/1/2119 2146/1/2146
f 1935/1/1935 2228/1/2228 2030/1/2030
f 1936/1/1936 2118/1/2118 2029/1/2029
f 2118/1/2118 1936/1/1936 2037/1/2037
f 2079/1/2079 1938/1/1938 2030/1/2030
f 2032/1/2032 2035/1/2035 2119/1/2119
f 2040/1/2040 2035/1/2035 2031/1/2031
f 1657/1/1657 2033/1/2033 2195/1/2195
f 2042/1/2042 1983/1/1983 2152/1/2152
f 2082/1/2082 2041/1/2041 1985/1/1985
f 1817/1/1817 2421/1/2421 2294/1/2294
f 1944/1/1944 1987/1/1987 2340/1/2340
f 2080/1/2080 1945/1/1945 2081/1/2081
f 1944/1/1944 2340/1/2340 1989/1/1989
f 1945/1/1945 2263/1/2263 2081/1/2081
f 1990/1/1990 1989/1/1989 2084/1/2084
f 2086/1/2086 1867/1/1867 2383/1/2383
f 2084/1/2084 2085/1/2085 1995/1/1995
f 1947/1/1947 2086/1/2086 2200/1/2200
f 2123/1/2123 1995/1/1995 2085/1/2085
f 2088/1/2088 1831/1/1831 2200/1/2200
f 2123/1/2123 2047/1/2047 1824/1/1824
f 1948/1/1948 2087/1/2087 1996/1/1996
f 1949/1/1949 2124/1/2124 2202/1/2202
f 1949/1/1949 2202/1/2202 2046/1/2046
f 2163/1/2163 2203/1/2203 2052/1/2052
f 1952/1/1952 1909/1/1909 2206/1/2206
f 2127/1/2127 2207/1/2207 1997/1/1997
f 2129/1/2129 2169/1/2169 2128/1/2128
f 1838/1/1838 2130/1/2130 2089/1/2089
f 2058/1/2058 2169/1/2169 2171/1/2171
f 2130/1/2130 1998/1/1998 2170/1/2170
f 2170/1/2170 1998/1/1998 2242/1/2242
f 1998/1/1998 2059/1/2059 2242/1/2242
f 2131/1/2131 2461/1/2461 2000/1/2000
f 2274/1/2274 2090/1/2090 1958/1/1958
f 2002/1/2002 2001/1/2001 2093/1/2093
f 1914/1/1914 2002/1/2002 2210/1/2210
f 2210/1/2210 2361/1/2361 1914/1/1914
f 2211/1/2211 2094/1/2094 2095/1/2095
f 2004/1/2004 2003/1/2003 2133/1/2133
f 1882/1/1882 2005/1/2005 2176/1/2176
f 1882/1/1882 2176/1/2176 2006/1/2006
f 2134/1/2134 1883/1/1883 1884/1/1884
f 2096/1/2096 2098/1/2098 2097/1/2097
f 1675/1/1675 1917/1/1917 2254/1/2254
f 2136/1/2136 2064/1/2064 1919/1/1919
f 2101/1/2101 2011/1/2011 2217/1/2217
f 2103/1/2103 2218/1/2218 1966/1/1966
f 2066/1/2066 2105/1/2105 2013/1/2013
f 1967/1/1967 2218/1/2218 2309/1/2309
f 2182/1/2182 1967/1/1967 2309/1/2309
f 1968/1/1968 2014/1/2014 2183/1/2183
f 1967/1/1967 2182/1/2182 2138/1/2138
f 2065/1/2065 1967/1/1967 2138/1/2138
f 4023/1/4023 2066/1/2066 2106/1/2106
f 1852/1/1852 4023/1/4023 1970/1/1970
f 2183/1/2183 2014/1/2014 2184/1/2184
f 2106/1/2106 2108/1/2108 4025/1/4025
f 1971/1/1971 2015/1/2015 2184/1/2184
f 2108/1/2108 2068/1/2068 2219/1/2219
f 2140/1/2140 2067/1/2067 2109/1/2109
f 2186/1/2186 2219/1/2219 2068/1/2068
f 2186/1/2186 2068/1/2068 2111/1/2111
f 1973/1/1973 2140/1/2140 2070/1/2070
f 2140/1/2140 2185/1/2185 2070/1/2070
f 2069/1/2069 2256/1/2256 1759/1/1759
f 1977/1/1977 2071/1/2071 2113/1/2113
f 1889/1/1889 2221/1/2221 2072/1/2072
f 2023/1/2023 2025/1/2025 2224/1/2224
f 2143/1/2143 2114/1/2114 2074/1/2074
f 2075/1/2075 2115/1/2115 2116/1/2116
f 2077/1/2077 2226/1/2226 2025/1/2025
f 2077/1/2077 2117/1/2117 2226/1/2226
f 2030/1/2030 2149/1/2149 2079/1/2079
f 2035/1/2035 2040/1/2040 2120/1/2120
f 2194/1/2194 2035/1/2035 2120/1/2120
f 2152/1/2152 2079/1/2079 2232/1/2232
f 2042/1/2042 2292/1/2292 2038/1/2038
f 2156/1/2156 2120/1/2120 1943/1/1943
f 2080/1/2080 2198/1/2198 2156/1/2156
f 2296/1/2296 2080/1/2080 2081/1/2081
f 2082/1/2082 2083/1/2083 2262/1/2262
f 1991/1/1991 2264/1/2264 2263/1/2263
f 1993/1/1993 2159/1/2159 1992/1/1992
f 2087/1/2087 1904/1/1904 2046/1/2046
f 2201/1/2201 1996/1/1996 2087/1/2087
f 2053/1/2053 2162/1/2162 2045/1/2045
f 2045/1/2045 2162/1/2162 2122/1/2122
f 2162/1/2162 2053/1/2053 2050/1/2050
f 1905/1/1905 2047/1/2047 2125/1/2125
f 2162/1/2162 2050/1/2050 2125/1/2125
f 1905/1/1905 2125/1/2125 2050/1/2050
f 2054/1/2054 2266/1/2266 1906/1/1906
f 2163/1/2163 2204/1/2204 2203/1/2203
f 1906/1/1906 2164/1/2164 2126/1/2126
f 2126/1/2126 2237/1/2237 2057/1/2057
f 2128/1/2128 2269/1/2269 2129/1/2129
f 1999/1/1999 2171/1/2171 2272/1/2272
f 1999/1/1999 2272/1/2272 2131/1/2131
f 2209/1/2209 2243/1/2243 2060/1/2060
f 2061/1/2061 2209/1/2209 2060/1/2060
f 2357/1/2357 2001/1/2001 2090/1/2090
f 2091/1/2091 2092/1/2092 2174/1/2174
f 2002/1/2002 2093/1/2093 2210/1/2210
f 2132/1/2132 2276/1/2276 1963/1/1963
f 2003/1/2003 1963/1/1963 2276/1/2276
f 2095/1/2095 2175/1/2175 2211/1/2211
f 1915/1/1915 2175/1/2175 2095/1/2095
f 2005/1/2005 2004/1/2004 2441/1/2441
f 2005/1/2005 2441/1/2441 2176/1/2176
f 2213/1/2213 2134/1/2134 1884/1/1884
f 1847/1/1847 2277/1/2277 2213/1/2213
f 2179/1/2179 2277/1/2277 1847/1/1847
f 1885/1/1885 2214/1/2214 1917/1/1917
f 2253/1/2253 2214/1/2214 1885/1/1885
f 2096/1/2096 2177/1/2177 2253/1/2253
f 2096/1/2096 2097/1/2097 2177/1/2177
f 2100/1/2100 2135/1/2135 2098/1/2098
f 1883/1/1883 2178/1/2178 2099/1/2099
f 2100/1/2100 2306/1/2306 2135/1/2135
f 2099/1/2099 2306/1/2306 2100/1/2100
f 2102/1/2102 2216/1/2216 2063/1/2063
f 2136/1/2136 2063/1/2063 2064/1/2064
f 2104/1/2104 2180/1/2180 2103/1/2103
f 2010/1/2010 2180/1/2180 2104/1/2104
f 2010/1/2010 2105/1/2105 2180/1/2180
f 2064/1/2064 2137/1/2137 2012/1/2012
f 2217/1/2217 1968/1/1968 2183/1/2183
f 4023/1/4023 2106/1/2106 4025/1/4025
f 1970/1/1970 4023/1/4023 4025/1/4025
f 1970/1/1970 4025/1/4025 2109/1/2109
f 2184/1/2184 2015/1/2015 2139/1/2139
f 2108/1/2108 2219/1/2219 4025/1/4025
f 1974/1/1974 2256/1/2256 2069/1/2069
f 2141/1/2141 2139/1/2139 2016/1/2016
f 2070/1/2070 2185/1/2185 2187/1/2187
f 2186/1/2186 2111/1/2111 2142/1/2142
f 2142/1/2142 2111/1/2111 2020/1/2020
f 2070/1/2070 2187/1/2187 2071/1/2071
f 2408/1/2408 2112/1/2112 1759/1/1759
f 2016/1/2016 2019/1/2019 2189/1/2189
f 2020/1/2020 2023/1/2023 2142/1/2142
f 2189/1/2189 2022/1/2022 2114/1/2114
f 2113/1/2113 2191/1/2191 2073/1/2073
f 2142/1/2142 2023/1/2023 2220/1/2220
f 2190/1/2190 2114/1/2114 2143/1/2143
f 2073/1/2073 2191/1/2191 2024/1/2024
f 2024/1/2024 2223/1/2223 2115/1/2115
f 2224/1/2224 2025/1/2025 2226/1/2226
f 2075/1/2075 2116/1/2116 2144/1/2144
f 2145/1/2145 2143/1/2143 2146/1/2146
f 2145/1/2145 2146/1/2146 2147/1/2147
f 2144/1/2144 2285/1/2285 1980/1/1980
f 2285/1/2285 2228/1/2228 1980/1/1980
f 2029/1/2029 2117/1/2117 2026/1/2026
f 2147/1/2147 2146/1/2146 2119/1/2119
f 2260/1/2260 2147/1/2147 2148/1/2148
f 2147/1/2147 2119/1/2119 2148/1/2148
f 2259/1/2259 2033/1/2033 1763/1/1763
f 2119/1/2119 2035/1/2035 2150/1/2150
f 2148/1/2148 2119/1/2119 2150/1/2150
f 2149/1/2149 2232/1/2232 2079/1/2079
f 2118/1/2118 2037/1/2037 2041/1/2041
f 2289/1/2289 2118/1/2118 2041/1/2041
f 2194/1/2194 2150/1/2150 2035/1/2035
f 2151/1/2151 2150/1/2150 2194/1/2194
f 2152/1/2152 2193/1/2193 2042/1/2042
f 2290/1/2290 2041/1/2041 2082/1/2082
f 2038/1/2038 2292/1/2292 2196/1/2196
f 2194/1/2194 2120/1/2120 2155/1/2155
f 2120/1/2120 2156/1/2156 2155/1/2155
f 2157/1/2157 1987/1/1987 2043/1/2043
f 1989/1/1989 2382/1/2382 2199/1/2199
f 2084/1/2084 1989/1/1989 2199/1/2199
f 1901/1/1901 1992/1/1992 2083/1/2083
f 2086/1/2086 2430/1/2430 2200/1/2200
f 2085/1/2085 2235/1/2235 2123/1/2123
f 2159/1/2159 2122/1/2122 2298/1/2298
f 2235/1/2235 2160/1/2160 2047/1/2047
f 2161/1/2161 2122/1/2122 2162/1/2162
f 2235/1/2235 2047/1/2047 2123/1/2123
f 2125/1/2125 2160/1/2160 2161/1/2161
f 2047/1/2047 2160/1/2160 2125/1/2125
f 2125/1/2125 2161/1/2161 2162/1/2162
f 2088/1/2088 2266/1/2266 2054/1/2054
f 2164/1/2164 1906/1/1906 2266/1/2266
f 2166/1/2166 1952/1/1952 2205/1/2205
f 2206/1/2206 2205/1/2205 1952/1/1952
f 1909/1/1909 2207/1/2207 2206/1/2206
f 2208/1/2208 2269/1/2269 2128/1/2128
f 2089/1/2089 2167/1/2167 2127/1/2127
f 2207/1/2207 2127/1/2127 2167/1/2167
f 2207/1/2207 2167/1/2167 2352/1/2352
f 2167/1/2167 2089/1/2089 2168/1/2168
f 2089/1/2089 2130/1/2130 2168/1/2168
f 2170/1/2170 2168/1/2168 2130/1/2130
f 2059/1/2059 2060/1/2060 2243/1/2243
f 2461/1/2461 2392/1/2392 2172/1/2172
f 2172/1/2172 2392/1/2392 1880/1/1880
f 2061/1/2061 2091/1/2091 2173/1/2173
f 2094/1/2094 2174/1/2174 2092/1/2092
f 2394/1/2394 2094/1/2094 2211/1/2211
f 2132/1/2132 2361/1/2361 2276/1/2276
f 2175/1/2175 1915/1/1915 2062/1/2062
f 1883/1/1883 2134/1/2134 2178/1/2178
f 2178/1/2178 2306/1/2306 2099/1/2099
f 2102/1/2102 2254/1/2254 2216/1/2216
f 2103/1/2103 2307/1/2307 2218/1/2218
f 2105/1/2105 2066/1/2066 2137/1/2137
f 2184/1/2184 2255/1/2255 2183/1/2183
f 2139/1/2139 2255/1/2255 2184/1/2184
f 4025/1/4025 2219/1/2219 2109/1/2109
f 2140/1/2140 2109/1/2109 2219/1/2219
f 2185/1/2185 2140/1/2140 2219/1/2219
f 2408/1/2408 1759/1/1759 2256/1/2256
f 2188/1/2188 2141/1/2141 2189/1/2189
f 2141/1/2141 2016/1/2016 2189/1/2189
f 2113/1/2113 2071/1/2071 2191/1/2191
f 2114/1/2114 2190/1/2190 2189/1/2189
f 2220/1/2220 2023/1/2023 2224/1/2224
f 2072/1/2072 2258/1/2258 2076/1/2076
f 2143/1/2143 2145/1/2145 2222/1/2222
f 2144/1/2144 2116/1/2116 2225/1/2225
f 2287/1/2287 2076/1/2076 2258/1/2258
f 2222/1/2222 2145/1/2145 2260/1/2260
f 2145/1/2145 2147/1/2147 2260/1/2260
f 2117/1/2117 2029/1/2029 2192/1/2192
f 2118/1/2118 2192/1/2192 2029/1/2029
f 2230/1/2230 2260/1/2260 2148/1/2148
f 2148/1/2148 2231/1/2231 2230/1/2230
f 2195/1/2195 2033/1/2033 2332/1/2332
f 2232/1/2232 2193/1/2193 2152/1/2152
f 2150/1/2150 2151/1/2151 2233/1/2233
f 2290/1/2290 2289/1/2289 2041/1/2041
f 2042/1/2042 2193/1/2193 2292/1/2292
f 2197/1/2197 2261/1/2261 4024/1/4024
f 2197/1/2197 4024/1/4024 2158/1/2158
f 2155/1/2155 2295/1/2295 2158/1/2158
f 2156/1/2156 2198/1/2198 2155/1/2155
f 2198/1/2198 2080/1/2080 2296/1/2296
f 2339/1/2339 2082/1/2082 2262/1/2262
f 2340/1/2340 2382/1/2382 1989/1/1989
f 2262/1/2262 2083/1/2083 1992/1/1992
f 2084/1/2084 2199/1/2199 2085/1/2085
f 2264/1/2264 2432/1/2432 2263/1/2263
f 2159/1/2159 2234/1/2234 1992/1/1992
f 2264/1/2264 2121/1/2121 2346/1/2346
f 2299/1/2299 2161/1/2161 2160/1/2160
f 2161/1/2161 2298/1/2298 2122/1/2122
f 2163/1/2163 2165/1/2165 2204/1/2204
f 2273/1/2273 2461/1/2461 2131/1/2131
f 2392/1/2392 2438/1/2438 1880/1/1880
f 2209/1/2209 2061/1/2061 2173/1/2173
f 2274/1/2274 2357/1/2357 2090/1/2090
f 2174/1/2174 2173/1/2173 2091/1/2091
f 2249/1/2249 2094/1/2094 2394/1/2394
f 2133/1/2133 2003/1/2003 2396/1/2396
f 2211/1/2211 2175/1/2175 2303/1/2303
f 2004/1/2004 2133/1/2133 2397/1/2397
f 2004/1/2004 2397/1/2397 2441/1/2441
f 2006/1/2006 2176/1/2176 2250/1/2250
f 2252/1/2252 2277/1/2277 2179/1/2179
f 2366/1/2366 2178/1/2178 2134/1/2134
f 2097/1/2097 2098/1/2098 2278/1/2278
f 2179/1/2179 2101/1/2101 2215/1/2215
f 2364/1/2364 2063/1/2063 2216/1/2216
f 2364/1/2364 2064/1/2064 2063/1/2063
f 2217/1/2217 2215/1/2215 2101/1/2101
f 2180/1/2180 2307/1/2307 2103/1/2103
f 2180/1/2180 2181/1/2181 2279/1/2279
f 2105/1/2105 2181/1/2181 2180/1/2180
f 2064/1/2064 2181/1/2181 2137/1/2137
f 2105/1/2105 2137/1/2137 2181/1/2181
f 2217/1/2217 2183/1/2183 2255/1/2255
f 2255/1/2255 2280/1/2280 2217/1/2217
f 2255/1/2255 2139/1/2139 2282/1/2282
f 1974/1/1974 2311/1/2311 2256/1/2256
f 2141/1/2141 2282/1/2282 2139/1/2139
f 2219/1/2219 2186/1/2186 2185/1/2185
f 2141/1/2141 2283/1/2283 2282/1/2282
f 2187/1/2187 2185/1/2185 2186/1/2186
f 2186/1/2186 2142/1/2142 2187/1/2187
f 2220/1/2220 2187/1/2187 2142/1/2142
f 2187/1/2187 2220/1/2220 2071/1/2071
f 2188/1/2188 2189/1/2189 2190/1/2190
f 2071/1/2071 2220/1/2220 4026/1/4026
f 2071/1/2071 4026/1/4026 2191/1/2191
f 2072/1/2072 2221/1/2221 2258/1/2258
f 2191/1/2191 4026/1/4026 2257/1/2257
f 2024/1/2024 2191/1/2191 2257/1/2257
f 2190/1/2190 2143/1/2143 2315/1/2315
f 2143/1/2143 2222/1/2222 2315/1/2315
f 2024/1/2024 2257/1/2257 2223/1/2223
f 2226/1/2226 2319/1/2319 2224/1/2224
f 2226/1/2226 2117/1/2117 2227/1/2227
f 2227/1/2227 2117/1/2117 2192/1/2192
f 2229/1/2229 2227/1/2227 2192/1/2192
f 2330/1/2330 2030/1/2030 2228/1/2228
f 2118/1/2118 2229/1/2229 2192/1/2192
f 2330/1/2330 2149/1/2149 2030/1/2030
f 2229/1/2229 2118/1/2118 2289/1/2289
f 2150/1/2150 2334/1/2334 2148/1/2148
f 2334/1/2334 2231/1/2231 2148/1/2148
f 2150/1/2150 2233/1/2233 2334/1/2334
f 2153/1/2153 2154/1/2154 2335/1/2335
f 2197/1/2197 2158/1/2158 2295/1/2295
f 2155/1/2155 2198/1/2198 2295/1/2295
f 2340/1/2340 1987/1/1987 2157/1/2157
f 2085/1/2085 2344/1/2344 2235/1/2235
f 2159/1/2159 2298/1/2298 2234/1/2234
f 2299/1/2299 2160/1/2160 2300/1/2300
f 2235/1/2235 2300/1/2300 2160/1/2160
f 2344/1/2344 2300/1/2300 2235/1/2235
f 2299/1/2299 2298/1/2298 2161/1/2161
f 2200/1/2200 2265/1/2265 2088/1/2088
f 2201/1/2201 2346/1/2346 2121/1/2121
f 2046/1/2046 2236/1/2236 2087/1/2087
f 2201/1/2201 2087/1/2087 2236/1/2236
f 2265/1/2265 2266/1/2266 2088/1/2088
f 2203/1/2203 2433/1/2433 2124/1/2124
f 2164/1/2164 2267/1/2267 2126/1/2126
f 2056/1/2056 2348/1/2348 2165/1/2165
f 2348/1/2348 2056/1/2056 2238/1/2238
f 2267/1/2267 2237/1/2237 2126/1/2126
f 2166/1/2166 2388/1/2388 2238/1/2238
f 2166/1/2166 2205/1/2205 2388/1/2388
f 2206/1/2206 2268/1/2268 2205/1/2205
f 2352/1/2352 2349/1/2349 2206/1/2206
f 2206/1/2206 2207/1/2207 2352/1/2352
f 2352/1/2352 2167/1/2167 2301/1/2301
f 2301/1/2301 2167/1/2167 2168/1/2168
f 2239/1/2239 2169/1/2169 2129/1/2129
f 2270/1/2270 2301/1/2301 2168/1/2168
f 2168/1/2168 2170/1/2170 2240/1/2240
f 2240/1/2240 2270/1/2270 2168/1/2168
f 2240/1/2240 2170/1/2170 2241/1/2241
f 2241/1/2241 2170/1/2170 2242/1/2242
f 2244/1/2244 2241/1/2241 2242/1/2242
f 2059/1/2059 2243/1/2243 2242/1/2242
f 2242/1/2242 2243/1/2243 2244/1/2244
f 2243/1/2243 2209/1/2209 2246/1/2246
f 2244/1/2244 2243/1/2243 2246/1/2246
f 2244/1/2244 2246/1/2246 2245/1/2245
f 2209/1/2209 2173/1/2173 2246/1/2246
f 2438/1/2438 2274/1/2274 1880/1/1880
f 2248/1/2248 2247/1/2247 2245/1/2245
f 2248/1/2248 2245/1/2245 2246/1/2246
f 2246/1/2246 2173/1/2173 2174/1/2174
f 2248/1/2248 2246/1/2246 2174/1/2174
f 2001/1/2001 2359/1/2359 2093/1/2093
f 2001/1/2001 2357/1/2357 2359/1/2359
f 2249/1/2249 2248/1/2248 2174/1/2174
f 2249/1/2249 2275/1/2275 2248/1/2248
f 2249/1/2249 2174/1/2174 2094/1/2094
f 2487/1/2487 2361/1/2361 2210/1/2210
f 2003/1/2003 2276/1/2276 2396/1/2396
f 2303/1/2303 2175/1/2175 2062/1/2062
f 2250/1/2250 2176/1/2176 2441/1/2441
f 2251/1/2251 2062/1/2062 2212/1/2212
f 2006/1/2006 2250/1/2250 2212/1/2212
f 2179/1/2179 2215/1/2215 2252/1/2252
f 2254/1/2254 1917/1/1917 2214/1/2214
f 2098/1/2098 2135/1/2135 2304/1/2304
f 2304/1/2304 2278/1/2278 2098/1/2098
f 2306/1/2306 2304/1/2304 2135/1/2135
f 2064/1/2064 2367/1/2367 2279/1/2279
f 2364/1/2364 2367/1/2367 2064/1/2064
f 2064/1/2064 2279/1/2279 2181/1/2181
f 2217/1/2217 2280/1/2280 2215/1/2215
f 2307/1/2307 2308/1/2308 2218/1/2218
f 2308/1/2308 2309/1/2309 2218/1/2218
f 2468/1/2468 1974/1/1974 2107/1/2107
f 2468/1/2468 2311/1/2311 1974/1/1974
f 2141/1/2141 2188/1/2188 2283/1/2283
f 2190/1/2190 2314/1/2314 2188/1/2188
f 2112/1/2112 2317/1/2317 2221/1/2221
f 2258/1/2258 2221/1/2221 2317/1/2317
f 2318/1/2318 2258/1/2258 2317/1/2317
f 2315/1/2315 2222/1/2222 2411/1/2411
f 2115/1/2115 2223/1/2223 2284/1/2284
f 2115/1/2115 2284/1/2284 2116/1/2116
f 2287/1/2287 2258/1/2258 2286/1/2286
f 2319/1/2319 2226/1/2226 2320/1/2320
f 2285/1/2285 2144/1/2144 2225/1/2225
f 2320/1/2320 2226/1/2226 2321/1/2321
f 2321/1/2321 2226/1/2226 2227/1/2227
f 2373/1/2373 2222/1/2222 2260/1/2260
f 2328/1/2328 2227/1/2227 2229/1/2229
f 2288/1/2288 2373/1/2373 2260/1/2260
f 2415/1/2415 2033/1/2033 2259/1/2259
f 2328/1/2328 2229/1/2229 2329/1/2329
f 2260/1/2260 2230/1/2230 2288/1/2288
f 2289/1/2289 2329/1/2329 2229/1/2229
f 2288/1/2288 2230/1/2230 2231/1/2231
f 2231/1/2231 2291/1/2291 2288/1/2288
f 2232/1/2232 2378/1/2378 2193/1/2193
f 2232/1/2232 2149/1/2149 2378/1/2378
f 2231/1/2231 2334/1/2334 2291/1/2291
f 2153/1/2153 2293/1/2293 2151/1/2151
f 2290/1/2290 2082/1/2082 2339/1/2339
f 2196/1/2196 2292/1/2292 2335/1/2335
f 2154/1/2154 2196/1/2196 2335/1/2335
f 2293/1/2293 2153/1/2153 2335/1/2335
f 2151/1/2151 2293/1/2293 2336/1/2336
f 2341/1/2341 2340/1/2340 2157/1/2157
f 2081/1/2081 2263/1/2263 2296/1/2296
f 2262/1/2262 1992/1/1992 2234/1/2234
f 2199/1/2199 2426/1/2426 2085/1/2085
f 2200/1/2200 2430/1/2430 2265/1/2265
f 2046/1/2046 2202/1/2202 2347/1/2347
f 2046/1/2046 2385/1/2385 2236/1/2236
f 2165/1/2165 2434/1/2434 2204/1/2204
f 2165/1/2165 2348/1/2348 2434/1/2434
f 2237/1/2237 2530/1/2530 2057/1/2057
f 2057/1/2057 2530/1/2530 2208/1/2208
f 2169/1/2169 2271/1/2271 2171/1/2171
f 2171/1/2171 2271/1/2271 2272/1/2272
f 2241/1/2241 2355/1/2355 2240/1/2240
f 2356/1/2356 2241/1/2241 2244/1/2244
f 2245/1/2245 2356/1/2356 2244/1/2244
f 2247/1/2247 2356/1/2356 2245/1/2245
f 2248/1/2248 2302/1/2302 2247/1/2247
f 2275/1/2275 2302/1/2302 2248/1/2248
f 2093/1/2093 2621/1/2621 2486/1/2486
f 2210/1/2210 2093/1/2093 2486/1/2486
f 2249/1/2249 2465/1/2465 2275/1/2275
f 2394/1/2394 2211/1/2211 2303/1/2303
f 2213/1/2213 2277/1/2277 2134/1/2134
f 2214/1/2214 2365/1/2365 2254/1/2254
f 2278/1/2278 2442/1/2442 2097/1/2097
f 2254/1/2254 2365/1/2365 2216/1/2216
f 2178/1/2178 2366/1/2366 2306/1/2306
f 2180/1/2180 2279/1/2279 2307/1/2307
f 2281/1/2281 2280/1/2280 2255/1/2255
f 2282/1/2282 2281/1/2281 2255/1/2255
f 2138/1/2138 2310/1/2310 2107/1/2107
f 2256/1/2256 2311/1/2311 2450/1/2450
f 2450/1/2450 2408/1/2408 2256/1/2256
f 2188/1/2188 2314/1/2314 2283/1/2283
f 2190/1/2190 2315/1/2315 2314/1/2314
f 2223/1/2223 2257/1/2257 2284/1/2284
f 2116/1/2116 2284/1/2284 2225/1/2225
f 2258/1/2258 2318/1/2318 2286/1/2286
f 2287/1/2287 2452/1/2452 2259/1/2259
f 2259/1/2259 2452/1/2452 2415/1/2415
f 2227/1/2227 2328/1/2328 2321/1/2321
f 2033/1/2033 2415/1/2415 2332/1/2332
f 2289/1/2289 2290/1/2290 2329/1/2329
f 2292/1/2292 2193/1/2193 2333/1/2333
f 2333/1/2333 2380/1/2380 2292/1/2292
f 2233/1/2233 2151/1/2151 2337/1/2337
f 2334/1/2334 2233/1/2233 2337/1/2337
f 2341/1/2341 2157/1/2157 4024/1/4024
f 4024/1/4024 2261/1/2261 2341/1/2341
f 2342/1/2342 2197/1/2197 2295/1/2295
f 2475/1/2475 2342/1/2342 2295/1/2295
f 2198/1/2198 2475/1/2475 2295/1/2295
f 2383/1/2383 2294/1/2294 2343/1/2343
f 2384/1/2384 2296/1/2296 2263/1/2263
f 2383/1/2383 2480/1/2480 2086/1/2086
f 2234/1/2234 2297/1/2297 2262/1/2262
f 2432/1/2432 2384/1/2384 2263/1/2263
f 2086/1/2086 2480/1/2480 2430/1/2430
f 2344/1/2344 2085/1/2085 2426/1/2426
f 2234/1/2234 2298/1/2298 2429/1/2429
f 2300/1/2300 2431/1/2431 2299/1/2299
f 2236/1/2236 2386/1/2386 2201/1/2201
f 2124/1/2124 2433/1/2433 2202/1/2202
f 2203/1/2203 2387/1/2387 2433/1/2433
f 2268/1/2268 2389/1/2389 2205/1/2205
f 2350/1/2350 2129/1/2129 2269/1/2269
f 2169/1/2169 2239/1/2239 2271/1/2271
f 2485/1/2485 2131/1/2131 2272/1/2272
f 2356/1/2356 2355/1/2355 2241/1/2241
f 2487/1/2487 2210/1/2210 2486/1/2486
f 2465/1/2465 2249/1/2249 2394/1/2394
f 2253/1/2253 2362/1/2362 2214/1/2214
f 2277/1/2277 2252/1/2252 2466/1/2466
f 2097/1/2097 2442/1/2442 2177/1/2177
f 2215/1/2215 2305/1/2305 2252/1/2252
f 2306/1/2306 2366/1/2366 2368/1/2368
f 2307/1/2307 2279/1/2279 2402/1/2402
f 2402/1/2402 2308/1/2308 2307/1/2307
f 2404/1/2404 2182/1/2182 2309/1/2309
f 2138/1/2138 2182/1/2182 2310/1/2310
f 2281/1/2281 2282/1/2282 2312/1/2312
f 2310/1/2310 2468/1/2468 2107/1/2107
f 2312/1/2312 2406/1/2406 2281/1/2281
f 2282/1/2282 2283/1/2283 2312/1/2312
f 2313/1/2313 2312/1/2312 2283/1/2283
f 2313/1/2313 2283/1/2283 2314/1/2314
f 2407/1/2407 2313/1/2313 2372/1/2372
f 2372/1/2372 2313/1/2313 2314/1/2314
f 2372/1/2372 2314/1/2314 2316/1/2316
f 2316/1/2316 2314/1/2314 2315/1/2315
f 2317/1/2317 2451/1/2451 2318/1/2318
f 2320/1/2320 2257/1/2257 2319/1/2319
f 2284/1/2284 2257/1/2257 2320/1/2320
f 2323/1/2323 2284/1/2284 2320/1/2320
f 2323/1/2323 2225/1/2225 2284/1/2284
f 2286/1/2286 2318/1/2318 2470/1/2470
f 2373/1/2373 2411/1/2411 2222/1/2222
f 2225/1/2225 2323/1/2323 2322/1/2322
f 2225/1/2225 2322/1/2322 2285/1/2285
f 2452/1/2452 2287/1/2287 2286/1/2286
f 2322/1/2322 2323/1/2323 2324/1/2324
f 2320/1/2320 2321/1/2321 2323/1/2323
f 2323/1/2323 2321/1/2321 2326/1/2326
f 2324/1/2324 2323/1/2323 2326/1/2326
f 2375/1/2375 2285/1/2285 2322/1/2322
f 2285/1/2285 2375/1/2375 2228/1/2228
f 2375/1/2375 2330/1/2330 2228/1/2228
f 2325/1/2325 2373/1/2373 2288/1/2288
f 2324/1/2324 2326/1/2326 2327/1/2327
f 2327/1/2327 2374/1/2374 2324/1/2324
f 2326/1/2326 2321/1/2321 2328/1/2328
f 2325/1/2325 2288/1/2288 2376/1/2376
f 2329/1/2329 2326/1/2326 2328/1/2328
f 2329/1/2329 2327/1/2327 2326/1/2326
f 2376/1/2376 2288/1/2288 2331/1/2331
f 2417/1/2417 2329/1/2329 2377/1/2377
f 2149/1/2149 2330/1/2330 2378/1/2378
f 2291/1/2291 2331/1/2331 2288/1/2288
f 2290/1/2290 2377/1/2377 2329/1/2329
f 2331/1/2331 2291/1/2291 2338/1/2338
f 2421/1/2421 2195/1/2195 2332/1/2332
f 2193/1/2193 2378/1/2378 2333/1/2333
f 2334/1/2334 2337/1/2337 2291/1/2291
f 2336/1/2336 2337/1/2337 2151/1/2151
f 2291/1/2291 2337/1/2337 2338/1/2338
f 2339/1/2339 2379/1/2379 2290/1/2290
f 2381/1/2381 2337/1/2337 2336/1/2336
f 2197/1/2197 2342/1/2342 2261/1/2261
f 2382/1/2382 2340/1/2340 2455/1/2455
f 2296/1/2296 2520/1/2520 2198/1/2198
f 2425/1/2425 2382/1/2382 2477/1/2477
f 2425/1/2425 2199/1/2199 2382/1/2382
f 2262/1/2262 2297/1/2297 2339/1/2339
f 2297/1/2297 2234/1/2234 2429/1/2429
f 2429/1/2429 2427/1/2427 2297/1/2297
f 2298/1/2298 2299/1/2299 2431/1/2431
f 2300/1/2300 2345/1/2345 2431/1/2431
f 2345/1/2345 2300/1/2300 2344/1/2344
f 2347/1/2347 2385/1/2385 2046/1/2046
f 2266/1/2266 2265/1/2265 2456/1/2456
f 2164/1/2164 2266/1/2266 2456/1/2456
f 2203/1/2203 2204/1/2204 2387/1/2387
f 2579/1/2579 2204/1/2204 2434/1/2434
f 2388/1/2388 2205/1/2205 2389/1/2389
f 2530/1/2530 2483/1/2483 2208/1/2208
f 2268/1/2268 2206/1/2206 2349/1/2349
f 2483/1/2483 2350/1/2350 2269/1/2269
f 2349/1/2349 2352/1/2352 2353/1/2353
f 2270/1/2270 2390/1/2390 2301/1/2301
f 2270/1/2270 2240/1/2240 2390/1/2390
f 2240/1/2240 2355/1/2355 2390/1/2390
f 2390/1/2390 2355/1/2355 2354/1/2354
f 2391/1/2391 2355/1/2355 2356/1/2356
f 2356/1/2356 2247/1/2247 2393/1/2393
f 2358/1/2358 2462/1/2462 2247/1/2247
f 2358/1/2358 2247/1/2247 2302/1/2302
f 2358/1/2358 2302/1/2302 2360/1/2360
f 2093/1/2093 2359/1/2359 2621/1/2621
f 2360/1/2360 2302/1/2302 2275/1/2275
f 2394/1/2394 2303/1/2303 2395/1/2395
f 2441/1/2441 2398/1/2398 2250/1/2250
f 2398/1/2398 2251/1/2251 2212/1/2212
f 2398/1/2398 2212/1/2212 2250/1/2250
f 2362/1/2362 2253/1/2253 2363/1/2363
f 2253/1/2253 2177/1/2177 2363/1/2363
f 2134/1/2134 2277/1/2277 2534/1/2534
f 2216/1/2216 2467/1/2467 2364/1/2364
f 2365/1/2365 2467/1/2467 2216/1/2216
f 2278/1/2278 2444/1/2444 2442/1/2442
f 2444/1/2444 2278/1/2278 2304/1/2304
f 2306/1/2306 2399/1/2399 2304/1/2304
f 2306/1/2306 2368/1/2368 2399/1/2399
f 2369/1/2369 2279/1/2279 2367/1/2367
f 2369/1/2369 2402/1/2402 2279/1/2279
f 2215/1/2215 2280/1/2280 2401/1/2401
f 2280/1/2280 2281/1/2281 2371/1/2371
f 2309/1/2309 2308/1/2308 2404/1/2404
f 2405/1/2405 2182/1/2182 2404/1/2404
f 2405/1/2405 2310/1/2310 2182/1/2182
f 2406/1/2406 2312/1/2312 2313/1/2313
f 2408/1/2408 2540/1/2540 2112/1/2112
f 2315/1/2315 2411/1/2411 2316/1/2316
f 2414/1/2414 2373/1/2373 2325/1/2325
f 2322/1/2322 2324/1/2324 2374/1/2374
f 2322/1/2322 2374/1/2374 2375/1/2375
f 2452/1/2452 2416/1/2416 2415/1/2415
f 2327/1/2327 2417/1/2417 2374/1/2374
f 2327/1/2327 2329/1/2329 2417/1/2417
f 2330/1/2330 2473/1/2473 2378/1/2378
f 2338/1/2338 2513/1/2513 2331/1/2331
f 2290/1/2290 2379/1/2379 2377/1/2377
f 2378/1/2378 2508/1/2508 2333/1/2333
f 2292/1/2292 2380/1/2380 2422/1/2422
f 2335/1/2335 2292/1/2292 2422/1/2422
f 2335/1/2335 2422/1/2422 2293/1/2293
f 2337/1/2337 2423/1/2423 2338/1/2338
f 2340/1/2340 2341/1/2341 2455/1/2455
f 2261/1/2261 2424/1/2424 2341/1/2341
f 2261/1/2261 2342/1/2342 2424/1/2424
f 2521/1/2521 2379/1/2379 2339/1/2339
f 2520/1/2520 2296/1/2296 2384/1/2384
f 2345/1/2345 2344/1/2344 2426/1/2426
f 2429/1/2429 2298/1/2298 2431/1/2431
f 2346/1/2346 2525/1/2525 2264/1/2264
f 2430/1/2430 2547/1/2547 2265/1/2265
f 2236/1/2236 2385/1/2385 2386/1/2386
f 2348/1/2348 2238/1/2238 2388/1/2388
f 2389/1/2389 2268/1/2268 2458/1/2458
f 2208/1/2208 2483/1/2483 2269/1/2269
f 2350/1/2350 2351/1/2351 2129/1/2129
f 2129/1/2129 2351/1/2351 2484/1/2484
f 2239/1/2239 2129/1/2129 2484/1/2484
f 2352/1/2352 2301/1/2301 2353/1/2353
f 2390/1/2390 2353/1/2353 2301/1/2301
f 2391/1/2391 2436/1/2436 2355/1/2355
f 2356/1/2356 2393/1/2393 2391/1/2391
f 2247/1/2247 2462/1/2462 2393/1/2393
f 2274/1/2274 2440/1/2440 2357/1/2357
f 2358/1/2358 2360/1/2360 2463/1/2463
f 2360/1/2360 2275/1/2275 2465/1/2465
f 2062/1/2062 2594/1/2594 2303/1/2303
f 2062/1/2062 2251/1/2251 2594/1/2594
f 2365/1/2365 2214/1/2214 2362/1/2362
f 2177/1/2177 2442/1/2442 2363/1/2363
f 2366/1/2366 2446/1/2446 2368/1/2368
f 2467/1/2467 2367/1/2367 2364/1/2364
f 2444/1/2444 2304/1/2304 2399/1/2399
f 2367/1/2367 2400/1/2400 2369/1/2369
f 2215/1/2215 2401/1/2401 2305/1/2305
f 2401/1/2401 2280/1/2280 2370/1/2370
f 2308/1/2308 2402/1/2402 2403/1/2403
f 2370/1/2370 2280/1/2280 2371/1/2371
f 2308/1/2308 2403/1/2403 2404/1/2404
f 2371/1/2371 2281/1/2281 2406/1/2406
f 2313/1/2313 2407/1/2407 2406/1/2406
f 2311/1/2311 2448/1/2448 2450/1/2450
f 2449/1/2449 2372/1/2372 2409/1/2409
f 2409/1/2409 2372/1/2372 2316/1/2316
f 2410/1/2410 2409/1/2409 2316/1/2316
f 2410/1/2410 2316/1/2316 2411/1/2411
f 2451/1/2451 2413/1/2413 2318/1/2318
f 2412/1/2412 2410/1/2410 2411/1/2411
f 2413/1/2413 2470/1/2470 2318/1/2318
f 2373/1/2373 2412/1/2412 2411/1/2411
f 2286/1/2286 2470/1/2470 2452/1/2452
f 2414/1/2414 2412/1/2412 2373/1/2373
f 2375/1/2375 2374/1/2374 2419/1/2419
f 2375/1/2375 2453/1/2453 2330/1/2330
f 2453/1/2453 2375/1/2375 2419/1/2419
f 2325/1/2325 2376/1/2376 2471/1/2471
f 2415/1/2415 2416/1/2416 2332/1/2332
f 2374/1/2374 2417/1/2417 2420/1/2420
f 2419/1/2419 2374/1/2374 2420/1/2420
f 2330/1/2330 2453/1/2453 2473/1/2473
f 2420/1/2420 2417/1/2417 2377/1/2377
f 2418/1/2418 2376/1/2376 2331/1/2331
f 2473/1/2473 2508/1/2508 2378/1/2378
f 2380/1/2380 2333/1/2333 2512/1/2512
f 2336/1/2336 2293/1/2293 2454/1/2454
f 2336/1/2336 2454/1/2454 2381/1/2381
f 2381/1/2381 2423/1/2423 2337/1/2337
f 2475/1/2475 2198/1/2198 2519/1/2519
f 2477/1/2477 2382/1/2382 2455/1/2455
f 2383/1/2383 2343/1/2343 2480/1/2480
f 2426/1/2426 2199/1/2199 2425/1/2425
f 2432/1/2432 2546/1/2546 2384/1/2384
f 2428/1/2428 2427/1/2427 2429/1/2429
f 2428/1/2428 2429/1/2429 2431/1/2431
f 2426/1/2426 2428/1/2428 2345/1/2345
f 2345/1/2345 2428/1/2428 2431/1/2431
f 2264/1/2264 2525/1/2525 2432/1/2432
f 2547/1/2547 2456/1/2456 2265/1/2265
f 2202/1/2202 2482/1/2482 2347/1/2347
f 2346/1/2346 2201/1/2201 2386/1/2386
f 2482/1/2482 2202/1/2202 2433/1/2433
f 2434/1/2434 2348/1/2348 2528/1/2528
f 2348/1/2348 2388/1/2388 2529/1/2529
f 2388/1/2388 2389/1/2389 2549/1/2549
f 2268/1/2268 2349/1/2349 2458/1/2458
f 2435/1/2435 2349/1/2349 2353/1/2353
f 2354/1/2354 2355/1/2355 2436/1/2436
f 2437/1/2437 2436/1/2436 2391/1/2391
f 2462/1/2462 2391/1/2391 2393/1/2393
f 2462/1/2462 2437/1/2437 2391/1/2391
f 2440/1/2440 2274/1/2274 2438/1/2438
f 2462/1/2462 2358/1/2358 2463/1/2463
f 2621/1/2621 2589/1/2589 2486/1/2486
f 2395/1/2395 2465/1/2465 2394/1/2394
f 2396/1/2396 2276/1/2276 2704/1/2704
f 2398/1/2398 2441/1/2441 2489/1/2489
f 2251/1/2251 2648/1/2648 2594/1/2594
f 2466/1/2466 2534/1/2534 2277/1/2277
f 2252/1/2252 2443/1/2443 2466/1/2466
f 2305/1/2305 2443/1/2443 2252/1/2252
f 2559/1/2559 2365/1/2365 2362/1/2362
f 2446/1/2446 2366/1/2366 2599/1/2599
f 2134/1/2134 2599/1/2599 2366/1/2366
f 2305/1/2305 2401/1/2401 2443/1/2443
f 2400/1/2400 2367/1/2367 2467/1/2467
f 2444/1/2444 2598/1/2598 2442/1/2442
f 2445/1/2445 2444/1/2444 2399/1/2399
f 2402/1/2402 2494/1/2494 2403/1/2403
f 2371/1/2371 2406/1/2406 2496/1/2496
f 2310/1/2310 2405/1/2405 2538/1/2538
f 2496/1/2496 2406/1/2406 2447/1/2447
f 2310/1/2310 2538/1/2538 2468/1/2468
f 2311/1/2311 2468/1/2468 2630/1/2630
f 2447/1/2447 2406/1/2406 2407/1/2407
f 2311/1/2311 2630/1/2630 2448/1/2448
f 2372/1/2372 2449/1/2449 2407/1/2407
f 2409/1/2409 2410/1/2410 2500/1/2500
f 2540/1/2540 2317/1/2317 2112/1/2112
f 2470/1/2470 2413/1/2413 2661/1/2661
f 2414/1/2414 2325/1/2325 2542/1/2542
f 2325/1/2325 2471/1/2471 2542/1/2542
f 2453/1/2453 2419/1/2419 2506/1/2506
f 2419/1/2419 2420/1/2420 2472/1/2472
f 2474/1/2474 2420/1/2420 2377/1/2377
f 2377/1/2377 2379/1/2379 2474/1/2474
f 2418/1/2418 2331/1/2331 2513/1/2513
f 2421/1/2421 2605/1/2605 2294/1/2294
f 2422/1/2422 2454/1/2454 2293/1/2293
f 2381/1/2381 2454/1/2454 2665/1/2665
f 2423/1/2423 2381/1/2381 2637/1/2637
f 2474/1/2474 2379/1/2379 2521/1/2521
f 2476/1/2476 2477/1/2477 2455/1/2455
f 2611/1/2611 2520/1/2520 2384/1/2384
f 2339/1/2339 2297/1/2297 2521/1/2521
f 2427/1/2427 2521/1/2521 2297/1/2297
f 2425/1/2425 2478/1/2478 2426/1/2426
f 2428/1/2428 2524/1/2524 2427/1/2427
f 2347/1/2347 2482/1/2482 2548/1/2548
f 2386/1/2386 2385/1/2385 2457/1/2457
f 2527/1/2527 2433/1/2433 2387/1/2387
f 2456/1/2456 2267/1/2267 2164/1/2164
f 2458/1/2458 2550/1/2550 2389/1/2389
f 2458/1/2458 2349/1/2349 2435/1/2435
f 2484/1/2484 2271/1/2271 2239/1/2239
f 2390/1/2390 2354/1/2354 2551/1/2551
f 2485/1/2485 2273/1/2273 2131/1/2131
f 2460/1/2460 2461/1/2461 2273/1/2273
f 2460/1/2460 2392/1/2392 2461/1/2461
f 2440/1/2440 2438/1/2438 2439/1/2439
f 2463/1/2463 2533/1/2533 2462/1/2462
f 2359/1/2359 2357/1/2357 2440/1/2440
f 2360/1/2360 2464/1/2464 2463/1/2463
f 2360/1/2360 2465/1/2465 2464/1/2464
f 2588/1/2588 2464/1/2464 2465/1/2465
f 2487/1/2487 2590/1/2590 2276/1/2276
f 2361/1/2361 2487/1/2487 2276/1/2276
f 2133/1/2133 2396/1/2396 2592/1/2592
f 2397/1/2397 2133/1/2133 2592/1/2592
f 2591/1/2591 2395/1/2395 2303/1/2303
f 2397/1/2397 2592/1/2592 2488/1/2488
f 2488/1/2488 2441/1/2441 2397/1/2397
f 2398/1/2398 2489/1/2489 2648/1/2648
f 2251/1/2251 2398/1/2398 2648/1/2648
f 2466/1/2466 2443/1/2443 2536/1/2536
f 2399/1/2399 2537/1/2537 2445/1/2445
f 2368/1/2368 2537/1/2537 2399/1/2399
f 2368/1/2368 2446/1/2446 2537/1/2537
f 2400/1/2400 2492/1/2492 2369/1/2369
f 2404/1/2404 2403/1/2403 2494/1/2494
f 2447/1/2447 2407/1/2407 2449/1/2449
f 2409/1/2409 2500/1/2500 2449/1/2449
f 2500/1/2500 2410/1/2410 2469/1/2469
f 2410/1/2410 2412/1/2412 2504/1/2504
f 2412/1/2412 2414/1/2414 2504/1/2504
f 2470/1/2470 2570/1/2570 2452/1/2452
f 2542/1/2542 2541/1/2541 2414/1/2414
f 2416/1/2416 2452/1/2452 2570/1/2570
f 2471/1/2471 2376/1/2376 2418/1/2418
f 2419/1/2419 2472/1/2472 2506/1/2506
f 2421/1/2421 2332/1/2332 2605/1/2605
f 2420/1/2420 2474/1/2474 2472/1/2472
f 2508/1/2508 2509/1/2509 2333/1/2333
f 2333/1/2333 2509/1/2509 2512/1/2512
f 2381/1/2381 2665/1/2665 2637/1/2637
f 2545/1/2545 2635/1/2635 2342/1/2342
f 2611/1/2611 2384/1/2384 2546/1/2546
f 2427/1/2427 2524/1/2524 2521/1/2521
f 2479/1/2479 2428/1/2428 2426/1/2426
f 2478/1/2478 2479/1/2479 2426/1/2426
f 2479/1/2479 2524/1/2524 2428/1/2428
f 2480/1/2480 2481/1/2481 2430/1/2430
f 2481/1/2481 2547/1/2547 2430/1/2430
f 2386/1/2386 2526/1/2526 2346/1/2346
f 2434/1/2434 2528/1/2528 2579/1/2579
f 2528/1/2528 2348/1/2348 2529/1/2529
f 2580/1/2580 2643/1/2643 2529/1/2529
f 2388/1/2388 2580/1/2580 2529/1/2529
f 2388/1/2388 2549/1/2549 2580/1/2580
f 2549/1/2549 2389/1/2389 2550/1/2550
f 2530/1/2530 2669/1/2669 2483/1/2483
f 2353/1/2353 2390/1/2390 2531/1/2531
f 2273/1/2273 2485/1/2485 2552/1/2552
f 2532/1/2532 2354/1/2354 2436/1/2436
f 2436/1/2436 2437/1/2437 2532/1/2532
f 2392/1/2392 2553/1/2553 2438/1/2438
f 2533/1/2533 2437/1/2437 2462/1/2462
f 2276/1/2276 2590/1/2590 2704/1/2704
f 2704/1/2704 2680/1/2680 2396/1/2396
f 2591/1/2591 2303/1/2303 2594/1/2594
f 2489/1/2489 2441/1/2441 2488/1/2488
f 2466/1/2466 2535/1/2535 2534/1/2534
f 2536/1/2536 2535/1/2535 2466/1/2466
f 2599/1/2599 2134/1/2134 2534/1/2534
f 2443/1/2443 2595/1/2595 2536/1/2536
f 2401/1/2401 2556/1/2556 2443/1/2443
f 2400/1/2400 2467/1/2467 2490/1/2490
f 2467/1/2467 2365/1/2365 2490/1/2490
f 2442/1/2442 2598/1/2598 2363/1/2363
f 2736/1/2736 2446/1/2446 2599/1/2599
f 2401/1/2401 2491/1/2491 2556/1/2556
f 2370/1/2370 2491/1/2491 2401/1/2401
f 2493/1/2493 2400/1/2400 2490/1/2490
f 2400/1/2400 2493/1/2493 2492/1/2492
f 2402/1/2402 2369/1/2369 2492/1/2492
f 2402/1/2402 2492/1/2492 2494/1/2494
f 2493/1/2493 2563/1/2563 2492/1/2492
f 2563/1/2563 2494/1/2494 2492/1/2492
f 2562/1/2562 2370/1/2370 2371/1/2371
f 2562/1/2562 2371/1/2371 2495/1/2495
f 2404/1/2404 2494/1/2494 2566/1/2566
f 2565/1/2565 2566/1/2566 2494/1/2494
f 2563/1/2563 2565/1/2565 2494/1/2494
f 2371/1/2371 2496/1/2496 2495/1/2495
f 2404/1/2404 2566/1/2566 2405/1/2405
f 2538/1/2538 2405/1/2405 2601/1/2601
f 2497/1/2497 2496/1/2496 2447/1/2447
f 2497/1/2497 2447/1/2447 2449/1/2449
f 2498/1/2498 2497/1/2497 2449/1/2449
f 2498/1/2498 2449/1/2449 2500/1/2500
f 2499/1/2499 2498/1/2498 2500/1/2500
f 2540/1/2540 2408/1/2408 2501/1/2501
f 2499/1/2499 2500/1/2500 2469/1/2469
f 2501/1/2501 2763/1/2763 2540/1/2540
f 2502/1/2502 2499/1/2499 2469/1/2469
f 2317/1/2317 2540/1/2540 2451/1/2451
f 2410/1/2410 2504/1/2504 2469/1/2469
f 2470/1/2470 2661/1/2661 2570/1/2570
f 2504/1/2504 2414/1/2414 2541/1/2541
f 2505/1/2505 2542/1/2542 2471/1/2471
f 2506/1/2506 2473/1/2473 2453/1/2453
f 2505/1/2505 2471/1/2471 2507/1/2507
f 2575/1/2575 2505/1/2505 2507/1/2507
f 2575/1/2575 2573/1/2573 2505/1/2505
f 2471/1/2471 2418/1/2418 2507/1/2507
f 2506/1/2506 2472/1/2472 2518/1/2518
f 2472/1/2472 2474/1/2474 2518/1/2518
f 2473/1/2473 2506/1/2506 2510/1/2510
f 2507/1/2507 2418/1/2418 2514/1/2514
f 2508/1/2508 2473/1/2473 2510/1/2510
f 2418/1/2418 2513/1/2513 2514/1/2514
f 2510/1/2510 2506/1/2506 2518/1/2518
f 2509/1/2509 2508/1/2508 2510/1/2510
f 2515/1/2515 2380/1/2380 2512/1/2512
f 2380/1/2380 2515/1/2515 2422/1/2422
f 2517/1/2517 2509/1/2509 2510/1/2510
f 2667/1/2667 2513/1/2513 2516/1/2516
f 2514/1/2514 2513/1/2513 2667/1/2667
f 2474/1/2474 2521/1/2521 2518/1/2518
f 2523/1/2523 2510/1/2510 2518/1/2518
f 2517/1/2517 2510/1/2510 2522/1/2522
f 2338/1/2338 2516/1/2516 2513/1/2513
f 2294/1/2294 2543/1/2543 2343/1/2343
f 2518/1/2518 2524/1/2524 2523/1/2523
f 2522/1/2522 2510/1/2510 2523/1/2523
f 2516/1/2516 2338/1/2338 2423/1/2423
f 2342/1/2342 2635/1/2635 2424/1/2424
f 2342/1/2342 2475/1/2475 2545/1/2545
f 2544/1/2544 2517/1/2517 2522/1/2522
f 2476/1/2476 2544/1/2544 2477/1/2477
f 2198/1/2198 2520/1/2520 2519/1/2519
f 2543/1/2543 2794/1/2794 2343/1/2343
f 2518/1/2518 2521/1/2521 2524/1/2524
f 2478/1/2478 2544/1/2544 2522/1/2522
f 2478/1/2478 2425/1/2425 2544/1/2544
f 2477/1/2477 2544/1/2544 2425/1/2425
f 2520/1/2520 2611/1/2611 2577/1/2577
f 2478/1/2478 2522/1/2522 2523/1/2523
f 2343/1/2343 2794/1/2794 2480/1/2480
f 2523/1/2523 2524/1/2524 2479/1/2479
f 2478/1/2478 2523/1/2523 2479/1/2479
f 2346/1/2346 2526/1/2526 2578/1/2578
f 2347/1/2347 2612/1/2612 2385/1/2385
f 2612/1/2612 2457/1/2457 2385/1/2385
f 2387/1/2387 2204/1/2204 2579/1/2579
f 2267/1/2267 2530/1/2530 2237/1/2237
f 2530/1/2530 2267/1/2267 2615/1/2615
f 2583/1/2583 2550/1/2550 2458/1/2458
f 2584/1/2584 2583/1/2583 2458/1/2458
f 2584/1/2584 2458/1/2458 2435/1/2435
f 2435/1/2435 2353/1/2353 2585/1/2585
f 2484/1/2484 2351/1/2351 2618/1/2618
f 2585/1/2585 2353/1/2353 2531/1/2531
f 2587/1/2587 2551/1/2551 2354/1/2354
f 2532/1/2532 2587/1/2587 2354/1/2354
f 2392/1/2392 2460/1/2460 2553/1/2553
f 2677/1/2677 2437/1/2437 2533/1/2533
f 2533/1/2533 2463/1/2463 2620/1/2620
f 2440/1/2440 2554/1/2554 2359/1/2359
f 2621/1/2621 2359/1/2359 2554/1/2554
f 2464/1/2464 2620/1/2620 2463/1/2463
f 2590/1/2590 2487/1/2487 2486/1/2486
f 2588/1/2588 2465/1/2465 2555/1/2555
f 2465/1/2465 2395/1/2395 2555/1/2555
f 2555/1/2555 2395/1/2395 2591/1/2591
f 2396/1/2396 2680/1/2680 2592/1/2592
f 2706/1/2706 2489/1/2489 2488/1/2488
f 2536/1/2536 2595/1/2595 2535/1/2535
f 2443/1/2443 2556/1/2556 2595/1/2595
f 2365/1/2365 2559/1/2559 2490/1/2490
f 2560/1/2560 2598/1/2598 2444/1/2444
f 2601/1/2601 2405/1/2405 2566/1/2566
f 2496/1/2496 2497/1/2497 2539/1/2539
f 2538/1/2538 2630/1/2630 2468/1/2468
f 2448/1/2448 2632/1/2632 2450/1/2450
f 2502/1/2502 2469/1/2469 2504/1/2504
f 2504/1/2504 2541/1/2541 2503/1/2503
f 2572/1/2572 2542/1/2542 2505/1/2505
f 2574/1/2574 2573/1/2573 2575/1/2575
f 2507/1/2507 2607/1/2607 2575/1/2575
f 2607/1/2607 2507/1/2507 2514/1/2514
f 2512/1/2512 2509/1/2509 2511/1/2511
f 2515/1/2515 2512/1/2512 2511/1/2511
f 2454/1/2454 2692/1/2692 2665/1/2665
f 2424/1/2424 2606/1/2606 2341/1/2341
f 2423/1/2423 2637/1/2637 2576/1/2576
f 2576/1/2576 2516/1/2516 2423/1/2423
f 2545/1/2545 2475/1/2475 2519/1/2519
f 2476/1/2476 2636/1/2636 2544/1/2544
f 2545/1/2545 2609/1/2609 2635/1/2635
f 2639/1/2639 2432/1/2432 2525/1/2525
f 2346/1/2346 2578/1/2578 2525/1/2525
f 2433/1/2433 2527/1/2527 2482/1/2482
f 2386/1/2386 2457/1/2457 2613/1/2613
f 2386/1/2386 2613/1/2613 2526/1/2526
f 2529/1/2529 2643/1/2643 2528/1/2528
f 2350/1/2350 2618/1/2618 2351/1/2351
f 2435/1/2435 2585/1/2585 2584/1/2584
f 2586/1/2586 2272/1/2272 2271/1/2271
f 2531/1/2531 2390/1/2390 2551/1/2551
f 2485/1/2485 2459/1/2459 2552/1/2552
f 2273/1/2273 2552/1/2552 2460/1/2460
f 2437/1/2437 2677/1/2677 2532/1/2532
f 2554/1/2554 2440/1/2440 2439/1/2439
f 2590/1/2590 2486/1/2486 2589/1/2589
f 2705/1/2705 2591/1/2591 2594/1/2594
f 2559/1/2559 2362/1/2362 2624/1/2624
f 2624/1/2624 2362/1/2362 2557/1/2557
f 2362/1/2362 2363/1/2363 2557/1/2557
f 2535/1/2535 2599/1/2599 2534/1/2534
f 2558/1/2558 2556/1/2556 2491/1/2491
f 2444/1/2444 2445/1/2445 2560/1/2560
f 2445/1/2445 2537/1/2537 2560/1/2560
f 2537/1/2537 2446/1/2446 2736/1/2736
f 2559/1/2559 2561/1/2561 2490/1/2490
f 2370/1/2370 2600/1/2600 2491/1/2491
f 2600/1/2600 2370/1/2370 2562/1/2562
f 2564/1/2564 2493/1/2493 2655/1/2655
f 2563/1/2563 2493/1/2493 2564/1/2564
f 2562/1/2562 2495/1/2495 2628/1/2628
f 2495/1/2495 2496/1/2496 2539/1/2539
f 2628/1/2628 2495/1/2495 2539/1/2539
f 2498/1/2498 2539/1/2539 2497/1/2497
f 2498/1/2498 2499/1/2499 2539/1/2539
f 2602/1/2602 2539/1/2539 2499/1/2499
f 2632/1/2632 2408/1/2408 2450/1/2450
f 2408/1/2408 2632/1/2632 2501/1/2501
f 2632/1/2632 2656/1/2656 2501/1/2501
f 2568/1/2568 2602/1/2602 2499/1/2499
f 2568/1/2568 2499/1/2499 2502/1/2502
f 2603/1/2603 2568/1/2568 2502/1/2502
f 2503/1/2503 2502/1/2502 2504/1/2504
f 2603/1/2603 2502/1/2502 2569/1/2569
f 2569/1/2569 2502/1/2502 2503/1/2503
f 2569/1/2569 2503/1/2503 2541/1/2541
f 2569/1/2569 2541/1/2541 2571/1/2571
f 2571/1/2571 2541/1/2541 2572/1/2572
f 2542/1/2542 2572/1/2572 2541/1/2541
f 2572/1/2572 2604/1/2604 2571/1/2571
f 2505/1/2505 2573/1/2573 2572/1/2572
f 2416/1/2416 2742/1/2742 2332/1/2332
f 2605/1/2605 2332/1/2332 2742/1/2742
f 2574/1/2574 2575/1/2575 2663/1/2663
f 2663/1/2663 2575/1/2575 2607/1/2607
f 2515/1/2515 2664/1/2664 2422/1/2422
f 2509/1/2509 2517/1/2517 2636/1/2636
f 2454/1/2454 2422/1/2422 2664/1/2664
f 2664/1/2664 2692/1/2692 2454/1/2454
f 2720/1/2720 2637/1/2637 2665/1/2665
f 2667/1/2667 2608/1/2608 2514/1/2514
f 2608/1/2608 2607/1/2607 2514/1/2514
f 2636/1/2636 2517/1/2517 2544/1/2544
f 2341/1/2341 2606/1/2606 2455/1/2455
f 2545/1/2545 2610/1/2610 2609/1/2609
f 2519/1/2519 2610/1/2610 2545/1/2545
f 2577/1/2577 2519/1/2519 2520/1/2520
f 2794/1/2794 2696/1/2696 2480/1/2480
f 2432/1/2432 2638/1/2638 2546/1/2546
f 2639/1/2639 2638/1/2638 2432/1/2432
f 2547/1/2547 2481/1/2481 2864/1/2864
f 2639/1/2639 2525/1/2525 2745/1/2745
f 2525/1/2525 2578/1/2578 2745/1/2745
f 2547/1/2547 2642/1/2642 2456/1/2456
f 2549/1/2549 2699/1/2699 2580/1/2580
f 2550/1/2550 2581/1/2581 2549/1/2549
f 2550/1/2550 2614/1/2614 2581/1/2581
f 2530/1/2530 2615/1/2615 2669/1/2669
f 2614/1/2614 2550/1/2550 2582/1/2582
f 2582/1/2582 2550/1/2550 2583/1/2583
f 2483/1/2483 2670/1/2670 2350/1/2350
f 2617/1/2617 2584/1/2584 2585/1/2585
f 2484/1/2484 2701/1/2701 2271/1/2271
f 2586/1/2586 2619/1/2619 2272/1/2272
f 2485/1/2485 2272/1/2272 2619/1/2619
f 2674/1/2674 2531/1/2531 2551/1/2551
f 2619/1/2619 2459/1/2459 2485/1/2485
f 2587/1/2587 2674/1/2674 2551/1/2551
f 2553/1/2553 2646/1/2646 2438/1/2438
f 2554/1/2554 2679/1/2679 2621/1/2621
f 2464/1/2464 2588/1/2588 2620/1/2620
f 2592/1/2592 2593/1/2593 2488/1/2488
f 2488/1/2488 2593/1/2593 2706/1/2706
f 2706/1/2706 2681/1/2681 2489/1/2489
f 2489/1/2489 2681/1/2681 2648/1/2648
f 2625/1/2625 2535/1/2535 2649/1/2649
f 2535/1/2535 2595/1/2595 2649/1/2649
f 2556/1/2556 2623/1/2623 2595/1/2595
f 2535/1/2535 2625/1/2625 2599/1/2599
f 2556/1/2556 2558/1/2558 2623/1/2623
f 2557/1/2557 2596/1/2596 2624/1/2624
f 2597/1/2597 2596/1/2596 2557/1/2557
f 2537/1/2537 2736/1/2736 2560/1/2560
f 2490/1/2490 2561/1/2561 2655/1/2655
f 2493/1/2493 2490/1/2490 2655/1/2655
f 2563/1/2563 2564/1/2564 2565/1/2565
f 2601/1/2601 2566/1/2566 2567/1/2567
f 2628/1/2628 2539/1/2539 2686/1/2686
f 2603/1/2603 2569/1/2569 2633/1/2633
f 2413/1/2413 2659/1/2659 2661/1/2661
f 2659/1/2659 2413/1/2413 2451/1/2451
f 2569/1/2569 2571/1/2571 2660/1/2660
f 2604/1/2604 2572/1/2572 2573/1/2573
f 2416/1/2416 2788/1/2788 2742/1/2742
f 2294/1/2294 2605/1/2605 2543/1/2543
f 2511/1/2511 2509/1/2509 2636/1/2636
f 2476/1/2476 2511/1/2511 2636/1/2636
f 2480/1/2480 2696/1/2696 2481/1/2481
f 2611/1/2611 2546/1/2546 2638/1/2638
f 2698/1/2698 2482/1/2482 2527/1/2527
f 2527/1/2527 2641/1/2641 2698/1/2698
f 2641/1/2641 2527/1/2527 2387/1/2387
f 2579/1/2579 2748/1/2748 2387/1/2387
f 2700/1/2700 2614/1/2614 2582/1/2582
f 2669/1/2669 2670/1/2670 2483/1/2483
f 2583/1/2583 2616/1/2616 2729/1/2729
f 2583/1/2583 2584/1/2584 2616/1/2616
f 2350/1/2350 2672/1/2672 2618/1/2618
f 2618/1/2618 2701/1/2701 2484/1/2484
f 2271/1/2271 2701/1/2701 2586/1/2586
f 2531/1/2531 2674/1/2674 2673/1/2673
f 2587/1/2587 2532/1/2532 2702/1/2702
f 2438/1/2438 2646/1/2646 2439/1/2439
f 2646/1/2646 2647/1/2647 2439/1/2439
f 2677/1/2677 2533/1/2533 2620/1/2620
f 2647/1/2647 2679/1/2679 2554/1/2554
f 2590/1/2590 2589/1/2589 2828/1/2828
f 2734/1/2734 2591/1/2591 2705/1/2705
f 2593/1/2593 2592/1/2592 2622/1/2622
f 2595/1/2595 2650/1/2650 2649/1/2649
f 2595/1/2595 2623/1/2623 2650/1/2650
f 2557/1/2557 2363/1/2363 2682/1/2682
f 2363/1/2363 2598/1/2598 2682/1/2682
f 2684/1/2684 2599/1/2599 2625/1/2625
f 2559/1/2559 2626/1/2626 2561/1/2561
f 2624/1/2624 2626/1/2626 2559/1/2559
f 2596/1/2596 2626/1/2626 2624/1/2624
f 2560/1/2560 2683/1/2683 2598/1/2598
f 2810/1/2810 2736/1/2736 2684/1/2684
f 2599/1/2599 2684/1/2684 2736/1/2736
f 2738/1/2738 2558/1/2558 2627/1/2627
f 2558/1/2558 2491/1/2491 2627/1/2627
f 2600/1/2600 2653/1/2653 2627/1/2627
f 2627/1/2627 2491/1/2491 2600/1/2600
f 2564/1/2564 2708/1/2708 2565/1/2565
f 2601/1/2601 2567/1/2567 2629/1/2629
f 2538/1/2538 2629/1/2629 2630/1/2630
f 2629/1/2629 2538/1/2538 2601/1/2601
f 2631/1/2631 2686/1/2686 2539/1/2539
f 2539/1/2539 2602/1/2602 2631/1/2631
f 2688/1/2688 2602/1/2602 2568/1/2568
f 2501/1/2501 2657/1/2657 2763/1/2763
f 2568/1/2568 2658/1/2658 2688/1/2688
f 2568/1/2568 2603/1/2603 2658/1/2658
f 2569/1/2569 2660/1/2660 2633/1/2633
f 2571/1/2571 2604/1/2604 2660/1/2660
f 2604/1/2604 2573/1/2573 2634/1/2634
f 2634/1/2634 2573/1/2573 2574/1/2574
f 2605/1/2605 2818/1/2818 2543/1/2543
f 2692/1/2692 2664/1/2664 2691/1/2691
f 2665/1/2665 2692/1/2692 2720/1/2720
f 2543/1/2543 2818/1/2818 2794/1/2794
f 2576/1/2576 2637/1/2637 2693/1/2693
f 2516/1/2516 2576/1/2576 2744/1/2744
f 2667/1/2667 2516/1/2516 2744/1/2744
f 2576/1/2576 2693/1/2693 2744/1/2744
f 2519/1/2519 2577/1/2577 2766/1/2766
f 2481/1/2481 2696/1/2696 2864/1/2864
f 2864/1/2864 2642/1/2642 2547/1/2547
f 2347/1/2347 2548/1/2548 2724/1/2724
f 2347/1/2347 2724/1/2724 2612/1/2612
f 2457/1/2457 2612/1/2612 2640/1/2640
f 2641/1/2641 2387/1/2387 2748/1/2748
f 2643/1/2643 2580/1/2580 2668/1/2668
f 2699/1/2699 2668/1/2668 2580/1/2580
f 2581/1/2581 2699/1/2699 2549/1/2549
f 2644/1/2644 2614/1/2614 2700/1/2700
f 2615/1/2615 2645/1/2645 2669/1/2669
f 2672/1/2672 2350/1/2350 2670/1/2670
f 2584/1/2584 2617/1/2617 2616/1/2616
f 2617/1/2617 2585/1/2585 2673/1/2673
f 2585/1/2585 2531/1/2531 2673/1/2673
f 2674/1/2674 2587/1/2587 2675/1/2675
f 2587/1/2587 2702/1/2702 2675/1/2675
f 2532/1/2532 2677/1/2677 2702/1/2702
f 2647/1/2647 2554/1/2554 2439/1/2439
f 2677/1/2677 2620/1/2620 2678/1/2678
f 2589/1/2589 2703/1/2703 2828/1/2828
f 2590/1/2590 2828/1/2828 2704/1/2704
f 2734/1/2734 2555/1/2555 2591/1/2591
f 2592/1/2592 2735/1/2735 2622/1/2622
f 2648/1/2648 2705/1/2705 2594/1/2594
f 2648/1/2648 2681/1/2681 2775/1/2775
f 2649/1/2649 2776/1/2776 2625/1/2625
f 2558/1/2558 2738/1/2738 2623/1/2623
f 2626/1/2626 2596/1/2596 2651/1/2651
f 2557/1/2557 2682/1/2682 2597/1/2597
f 2651/1/2651 2652/1/2652 2626/1/2626
f 2560/1/2560 2685/1/2685 2683/1/2683
f 2560/1/2560 2736/1/2736 2685/1/2685
f 2738/1/2738 2627/1/2627 2653/1/2653
f 2626/1/2626 2654/1/2654 2561/1/2561
f 2654/1/2654 2626/1/2626 2652/1/2652
f 2600/1/2600 2757/1/2757 2653/1/2653
f 2654/1/2654 2655/1/2655 2561/1/2561
f 2600/1/2600 2562/1/2562 2739/1/2739
f 2655/1/2655 2708/1/2708 2564/1/2564
f 2739/1/2739 2562/1/2562 2628/1/2628
f 2566/1/2566 2565/1/2565 2812/1/2812
f 2567/1/2567 2566/1/2566 2812/1/2812
f 2709/1/2709 2631/1/2631 2602/1/2602
f 2688/1/2688 2709/1/2709 2602/1/2602
f 2687/1/2687 2632/1/2632 2448/1/2448
f 2501/1/2501 2656/1/2656 2657/1/2657
f 2658/1/2658 2603/1/2603 2633/1/2633
f 2540/1/2540 2763/1/2763 2712/1/2712
f 2540/1/2540 2689/1/2689 2451/1/2451
f 2451/1/2451 2689/1/2689 2659/1/2659
f 2660/1/2660 2662/1/2662 2633/1/2633
f 2662/1/2662 2660/1/2660 2604/1/2604
f 2662/1/2662 2604/1/2604 2714/1/2714
f 2574/1/2574 2690/1/2690 2634/1/2634
f 2690/1/2690 2574/1/2574 2719/1/2719
f 2574/1/2574 2663/1/2663 2719/1/2719
f 2818/1/2818 2605/1/2605 2742/1/2742
f 2607/1/2607 2666/1/2666 2663/1/2663
f 2637/1/2637 2720/1/2720 2693/1/2693
f 2694/1/2694 2666/1/2666 2607/1/2607
f 2608/1/2608 2667/1/2667 2722/1/2722
f 2607/1/2607 2608/1/2608 2694/1/2694
f 2610/1/2610 2519/1/2519 2766/1/2766
f 2694/1/2694 2608/1/2608 2723/1/2723
f 2695/1/2695 2577/1/2577 2611/1/2611
f 2638/1/2638 2695/1/2695 2611/1/2611
f 2482/1/2482 2697/1/2697 2548/1/2548
f 2457/1/2457 2640/1/2640 2613/1/2613
f 2642/1/2642 2866/1/2866 2456/1/2456
f 2579/1/2579 2528/1/2528 2749/1/2749
f 2528/1/2528 2643/1/2643 2749/1/2749
f 2668/1/2668 2749/1/2749 2643/1/2643
f 2699/1/2699 2614/1/2614 2727/1/2727
f 2267/1/2267 2868/1/2868 2615/1/2615
f 2868/1/2868 2645/1/2645 2615/1/2615
f 2614/1/2614 2699/1/2699 2581/1/2581
f 2644/1/2644 2727/1/2727 2614/1/2614
f 2700/1/2700 2582/1/2582 2823/1/2823
f 2582/1/2582 2583/1/2583 2729/1/2729
f 2671/1/2671 2729/1/2729 2616/1/2616
f 2616/1/2616 2617/1/2617 2671/1/2671
f 2701/1/2701 2772/1/2772 2586/1/2586
f 2730/1/2730 2617/1/2617 2673/1/2673
f 2674/1/2674 2675/1/2675 2673/1/2673
f 2675/1/2675 2731/1/2731 2673/1/2673
f 2459/1/2459 2676/1/2676 2552/1/2552
f 2552/1/2552 2732/1/2732 2460/1/2460
f 2678/1/2678 2620/1/2620 2733/1/2733
f 2621/1/2621 2679/1/2679 2805/1/2805
f 2620/1/2620 2588/1/2588 2733/1/2733
f 2589/1/2589 2621/1/2621 2805/1/2805
f 2589/1/2589 2805/1/2805 2703/1/2703
f 2733/1/2733 2588/1/2588 2555/1/2555
f 2592/1/2592 2680/1/2680 2735/1/2735
f 2775/1/2775 2705/1/2705 2648/1/2648
f 2593/1/2593 2622/1/2622 2808/1/2808
f 2650/1/2650 2752/1/2752 2649/1/2649
f 2682/1/2682 2598/1/2598 2683/1/2683
f 2685/1/2685 2777/1/2777 2683/1/2683
f 2596/1/2596 2756/1/2756 2651/1/2651
f 2597/1/2597 2756/1/2756 2596/1/2596
f 2757/1/2757 2600/1/2600 2739/1/2739
f 2655/1/2655 2654/1/2654 2707/1/2707
f 2739/1/2739 2628/1/2628 2686/1/2686
f 2741/1/2741 2630/1/2630 2629/1/2629
f 2448/1/2448 2630/1/2630 2687/1/2687
f 2687/1/2687 2630/1/2630 2741/1/2741
f 2632/1/2632 2687/1/2687 2760/1/2760
f 2760/1/2760 2656/1/2656 2632/1/2632
f 2712/1/2712 2689/1/2689 2540/1/2540
f 2661/1/2661 2717/1/2717 2570/1/2570
f 2604/1/2604 2634/1/2634 2714/1/2714
f 2717/1/2717 2788/1/2788 2570/1/2570
f 2570/1/2570 2788/1/2788 2416/1/2416
f 2720/1/2720 2692/1/2692 2743/1/2743
f 2666/1/2666 2694/1/2694 2767/1/2767
f 2608/1/2608 2722/1/2722 2723/1/2723
f 2482/1/2482 2746/1/2746 2697/1/2697
f 2747/1/2747 2548/1/2548 2697/1/2697
f 2482/1/2482 2698/1/2698 2746/1/2746
f 2548/1/2548 2747/1/2747 2724/1/2724
f 2579/1/2579 2749/1/2749 2748/1/2748
f 2456/1/2456 2866/1/2866 2267/1/2267
f 2823/1/2823 2582/1/2582 2729/1/2729
f 2618/1/2618 2872/1/2872 2701/1/2701
f 2800/1/2800 2671/1/2671 2617/1/2617
f 2617/1/2617 2730/1/2730 2800/1/2800
f 2772/1/2772 2619/1/2619 2586/1/2586
f 2459/1/2459 2773/1/2773 2676/1/2676
f 2732/1/2732 2552/1/2552 2676/1/2676
f 2553/1/2553 2460/1/2460 2732/1/2732
f 2802/1/2802 2647/1/2647 2646/1/2646
f 2805/1/2805 2774/1/2774 2703/1/2703
f 2680/1/2680 2704/1/2704 2829/1/2829
f 2735/1/2735 2680/1/2680 2807/1/2807
f 2880/1/2880 2681/1/2681 2706/1/2706
f 2706/1/2706 2593/1/2593 2808/1/2808
f 2752/1/2752 2776/1/2776 2649/1/2649
f 2597/1/2597 2682/1/2682 2755/1/2755
f 2831/1/2831 2755/1/2755 2682/1/2682
f 2683/1/2683 2777/1/2777 2682/1/2682
f 2682/1/2682 2777/1/2777 2831/1/2831
f 2909/1/2909 2684/1/2684 2625/1/2625
f 2597/1/2597 2754/1/2754 2756/1/2756
f 2652/1/2652 2651/1/2651 2779/1/2779
f 2756/1/2756 2779/1/2779 2651/1/2651
f 2707/1/2707 2708/1/2708 2655/1/2655
f 2631/1/2631 2739/1/2739 2686/1/2686
f 2631/1/2631 2838/1/2838 2739/1/2739
f 2759/1/2759 2708/1/2708 2707/1/2707
f 2708/1/2708 2812/1/2812 2565/1/2565
f 2759/1/2759 2812/1/2812 2708/1/2708
f 2782/1/2782 2629/1/2629 2567/1/2567
f 2740/1/2740 2631/1/2631 2709/1/2709
f 2709/1/2709 2710/1/2710 2783/1/2783
f 2710/1/2710 2709/1/2709 2688/1/2688
f 2710/1/2710 2688/1/2688 2658/1/2658
f 2711/1/2711 2710/1/2710 2658/1/2658
f 2633/1/2633 2711/1/2711 2658/1/2658
f 2711/1/2711 2633/1/2633 2662/1/2662
f 2711/1/2711 2662/1/2662 2713/1/2713
f 2817/1/2817 2659/1/2659 2689/1/2689
f 2661/1/2661 2659/1/2659 2817/1/2817
f 2713/1/2713 2662/1/2662 2714/1/2714
f 2716/1/2716 2713/1/2713 2714/1/2714
f 2716/1/2716 2714/1/2714 2715/1/2715
f 2714/1/2714 2634/1/2634 2690/1/2690
f 2715/1/2715 2714/1/2714 2690/1/2690
f 2715/1/2715 2690/1/2690 2718/1/2718
f 2719/1/2719 2718/1/2718 2690/1/2690
f 2721/1/2721 2719/1/2719 2663/1/2663
f 2663/1/2663 2666/1/2666 2721/1/2721
f 2720/1/2720 2791/1/2791 2693/1/2693
f 2610/1/2610 2766/1/2766 4027/1/4027
f 2694/1/2694 2723/1/2723 2767/1/2767
f 2639/1/2639 2795/1/2795 2638/1/2638
f 2725/1/2725 2640/1/2640 2612/1/2612
f 2864/1/2864 3017/1/3017 2642/1/2642
f 2724/1/2724 2725/1/2725 2612/1/2612
f 2640/1/2640 2821/1/2821 2613/1/2613
f 2866/1/2866 2642/1/2642 2769/1/2769
f 2866/1/2866 2868/1/2868 2267/1/2267
f 2699/1/2699 2727/1/2727 2726/1/2726
f 2728/1/2728 2700/1/2700 2823/1/2823
f 2645/1/2645 2771/1/2771 2669/1/2669
f 2669/1/2669 2771/1/2771 2670/1/2670
f 2771/1/2771 2672/1/2672 2670/1/2670
f 2729/1/2729 2671/1/2671 2799/1/2799
f 2800/1/2800 2799/1/2799 2671/1/2671
f 2618/1/2618 2825/1/2825 2872/1/2872
f 2730/1/2730 2673/1/2673 2731/1/2731
f 2772/1/2772 2873/1/2873 2619/1/2619
f 2619/1/2619 2873/1/2873 2459/1/2459
f 2731/1/2731 2675/1/2675 2801/1/2801
f 2702/1/2702 2801/1/2801 2675/1/2675
f 2751/1/2751 2553/1/2553 2732/1/2732
f 2553/1/2553 2751/1/2751 2646/1/2646
f 2702/1/2702 2677/1/2677 2803/1/2803
f 2751/1/2751 2802/1/2802 2646/1/2646
f 2678/1/2678 2803/1/2803 2677/1/2677
f 2734/1/2734 2733/1/2733 2555/1/2555
f 2828/1/2828 2829/1/2829 2704/1/2704
f 2829/1/2829 2807/1/2807 2680/1/2680
f 2681/1/2681 2830/1/2830 2775/1/2775
f 2625/1/2625 2776/1/2776 2909/1/2909
f 2685/1/2685 2736/1/2736 2778/1/2778
f 2737/1/2737 2736/1/2736 2810/1/2810
f 2755/1/2755 2754/1/2754 2597/1/2597
f 2653/1/2653 2811/1/2811 2738/1/2738
f 2753/1/2753 2738/1/2738 2811/1/2811
f 2652/1/2652 2758/1/2758 2654/1/2654
f 2654/1/2654 2758/1/2758 2884/1/2884
f 2838/1/2838 2631/1/2631 2740/1/2740
f 2740/1/2740 2709/1/2709 2813/1/2813
f 2709/1/2709 2783/1/2783 2813/1/2813
f 2710/1/2710 2711/1/2711 2761/1/2761
f 2712/1/2712 2763/1/2763 2816/1/2816
f 2761/1/2761 2711/1/2711 2762/1/2762
f 2711/1/2711 2713/1/2713 2762/1/2762
f 2717/1/2717 2661/1/2661 2817/1/2817
f 2715/1/2715 2787/1/2787 2716/1/2716
f 2718/1/2718 2849/1/2849 2715/1/2715
f 2790/1/2790 2849/1/2849 2718/1/2718
f 2790/1/2790 2718/1/2718 2719/1/2719
f 2790/1/2790 2719/1/2719 2852/1/2852
f 2852/1/2852 2719/1/2719 2721/1/2721
f 2818/1/2818 2925/1/2925 2794/1/2794
f 2743/1/2743 2791/1/2791 2720/1/2720
f 2791/1/2791 2792/1/2792 2693/1/2693
f 2744/1/2744 2722/1/2722 2667/1/2667
f 2744/1/2744 2693/1/2693 2792/1/2792
f 2577/1/2577 2695/1/2695 2766/1/2766
f 2794/1/2794 2929/1/2929 2696/1/2696
f 2858/1/2858 2695/1/2695 2638/1/2638
f 2745/1/2745 2578/1/2578 2797/1/2797
f 2797/1/2797 2578/1/2578 2526/1/2526
f 3017/1/3017 2769/1/2769 2642/1/2642
f 2699/1/2699 2726/1/2726 2668/1/2668
f 2822/1/2822 2644/1/2644 2700/1/2700
f 2728/1/2728 2822/1/2822 2700/1/2700
f 2823/1/2823 2770/1/2770 2728/1/2728
f 2799/1/2799 2901/1/2901 2729/1/2729
f 2701/1/2701 2872/1/2872 2772/1/2772
f 2801/1/2801 2702/1/2702 2750/1/2750
f 2751/1/2751 2732/1/2732 2676/1/2676
f 2647/1/2647 2804/1/2804 2679/1/2679
f 2805/1/2805 2679/1/2679 2804/1/2804
f 2703/1/2703 2875/1/2875 2828/1/2828
f 2806/1/2806 2705/1/2705 2775/1/2775
f 2622/1/2622 2735/1/2735 2937/1/2937
f 2681/1/2681 2880/1/2880 2830/1/2830
f 2880/1/2880 2706/1/2706 2808/1/2808
f 2738/1/2738 2753/1/2753 2623/1/2623
f 2684/1/2684 2909/1/2909 2810/1/2810
f 2736/1/2736 2737/1/2737 2778/1/2778
f 2779/1/2779 2758/1/2758 2652/1/2652
f 2739/1/2739 2834/1/2834 2757/1/2757
f 2654/1/2654 2884/1/2884 2707/1/2707
f 2840/1/2840 2759/1/2759 2707/1/2707
f 2687/1/2687 2741/1/2741 2760/1/2760
f 2741/1/2741 2844/1/2844 2760/1/2760
f 2710/1/2710 2761/1/2761 2783/1/2783
f 2760/1/2760 2815/1/2815 2656/1/2656
f 2656/1/2656 2815/1/2815 2657/1/2657
f 2689/1/2689 2712/1/2712 2786/1/2786
f 2713/1/2713 2716/1/2716 2923/1/2923
f 2786/1/2786 2817/1/2817 2689/1/2689
f 2850/1/2850 2742/1/2742 2788/1/2788
f 2852/1/2852 2721/1/2721 2765/1/2765
f 2858/1/2858 2638/1/2638 2795/1/2795
f 2696/1/2696 2929/1/2929 2864/1/2864
f 2639/1/2639 2745/1/2745 2795/1/2795
f 2746/1/2746 2819/1/2819 2697/1/2697
f 2697/1/2697 2796/1/2796 2747/1/2747
f 2863/1/2863 2725/1/2725 2724/1/2724
f 2640/1/2640 2725/1/2725 2821/1/2821
f 2724/1/2724 2747/1/2747 2863/1/2863
f 2526/1/2526 2613/1/2613 2768/1/2768
f 2526/1/2526 2768/1/2768 2797/1/2797
f 2641/1/2641 2897/1/2897 2798/1/2798
f 2897/1/2897 2641/1/2641 2748/1/2748
f 2748/1/2748 2749/1/2749 2867/1/2867
f 2749/1/2749 2668/1/2668 2869/1/2869
f 2644/1/2644 2822/1/2822 2727/1/2727
f 2672/1/2672 2825/1/2825 2618/1/2618
f 2799/1/2799 2800/1/2800 3088/1/3088
f 2826/1/2826 2730/1/2730 2731/1/2731
f 2826/1/2826 2731/1/2731 2905/1/2905
f 2459/1/2459 2873/1/2873 2904/1/2904
f 2801/1/2801 2905/1/2905 2731/1/2731
f 2702/1/2702 2803/1/2803 2750/1/2750
f 2678/1/2678 2733/1/2733 3093/1/3093
f 2774/1/2774 2875/1/2875 2703/1/2703
f 2705/1/2705 2876/1/2876 2734/1/2734
f 2622/1/2622 2937/1/2937 2808/1/2808
f 2623/1/2623 2753/1/2753 2809/1/2809
f 2831/1/2831 2777/1/2777 2910/1/2910
f 2685/1/2685 2778/1/2778 2777/1/2777
f 2753/1/2753 2811/1/2811 2832/1/2832
f 2755/1/2755 2833/1/2833 2754/1/2754
f 2653/1/2653 2757/1/2757 2811/1/2811
f 2754/1/2754 2780/1/2780 2756/1/2756
f 2756/1/2756 2780/1/2780 2779/1/2779
f 2779/1/2779 2781/1/2781 2758/1/2758
f 2780/1/2780 2781/1/2781 2779/1/2779
f 2781/1/2781 2884/1/2884 2758/1/2758
f 2838/1/2838 2834/1/2834 2739/1/2739
f 2914/1/2914 2885/1/2885 2707/1/2707
f 2884/1/2884 2914/1/2914 2707/1/2707
f 2707/1/2707 2885/1/2885 2840/1/2840
f 2838/1/2838 2740/1/2740 2841/1/2841
f 2782/1/2782 2567/1/2567 2812/1/2812
f 2919/1/2919 2812/1/2812 2759/1/2759
f 2840/1/2840 2919/1/2919 2759/1/2759
f 2629/1/2629 2782/1/2782 2842/1/2842
f 2841/1/2841 2740/1/2740 2813/1/2813
f 2629/1/2629 2842/1/2842 2741/1/2741
f 2842/1/2842 2844/1/2844 2741/1/2741
f 2813/1/2813 2783/1/2783 2784/1/2784
f 2784/1/2784 2783/1/2783 2785/1/2785
f 2785/1/2785 2783/1/2783 2761/1/2761
f 2762/1/2762 2785/1/2785 2761/1/2761
f 2786/1/2786 2712/1/2712 2890/1/2890
f 2762/1/2762 2713/1/2713 2923/1/2923
f 2716/1/2716 2787/1/2787 2923/1/2923
f 2786/1/2786 2964/1/2964 2817/1/2817
f 2717/1/2717 2764/1/2764 2850/1/2850
f 2850/1/2850 2788/1/2788 2717/1/2717
f 2849/1/2849 2790/1/2790 2789/1/2789
f 2790/1/2790 2851/1/2851 2789/1/2789
f 2851/1/2851 2790/1/2790 2852/1/2852
f 2666/1/2666 2765/1/2765 2721/1/2721
f 2791/1/2791 2743/1/2743 2853/1/2853
f 2792/1/2792 2722/1/2722 2744/1/2744
f 2793/1/2793 2722/1/2722 2792/1/2792
f 2723/1/2723 2722/1/2722 2793/1/2793
f 2856/1/2856 2766/1/2766 2695/1/2695
f 2858/1/2858 2856/1/2856 2695/1/2695
f 2819/1/2819 2796/1/2796 2697/1/2697
f 2795/1/2795 2745/1/2745 2797/1/2797
f 2725/1/2725 2820/1/2820 2821/1/2821
f 2725/1/2725 2863/1/2863 2820/1/2820
f 2747/1/2747 2796/1/2796 2863/1/2863
f 2821/1/2821 2768/1/2768 2613/1/2613
f 2698/1/2698 2641/1/2641 2798/1/2798
f 2769/1/2769 2931/1/2931 2866/1/2866
f 2748/1/2748 2867/1/2867 2897/1/2897
f 2749/1/2749 2869/1/2869 2867/1/2867
f 2668/1/2668 2726/1/2726 2869/1/2869
f 2727/1/2727 2870/1/2870 2726/1/2726
f 2727/1/2727 2822/1/2822 2870/1/2870
f 2822/1/2822 2728/1/2728 2770/1/2770
f 2900/1/2900 2823/1/2823 2729/1/2729
f 2771/1/2771 2824/1/2824 2672/1/2672
f 2824/1/2824 2825/1/2825 2672/1/2672
f 2825/1/2825 2902/1/2902 2872/1/2872
f 2730/1/2730 2826/1/2826 2800/1/2800
f 2773/1/2773 2906/1/2906 2676/1/2676
f 2936/1/2936 2734/1/2734 2876/1/2876
f 2876/1/2876 2705/1/2705 2806/1/2806
f 2735/1/2735 2807/1/2807 2937/1/2937
f 2806/1/2806 2775/1/2775 2830/1/2830
f 2880/1/2880 2808/1/2808 2938/1/2938
f 2809/1/2809 2650/1/2650 2623/1/2623
f 2833/1/2833 2755/1/2755 2831/1/2831
f 2811/1/2811 2757/1/2757 2834/1/2834
f 2837/1/2837 2916/1/2916 2781/1/2781
f 2843/1/2843 2841/1/2841 2813/1/2813
f 2784/1/2784 2843/1/2843 2813/1/2813
f 2760/1/2760 2844/1/2844 2814/1/2814
f 2760/1/2760 2814/1/2814 2815/1/2815
f 2785/1/2785 2847/1/2847 2889/1/2889
f 2816/1/2816 2657/1/2657 2815/1/2815
f 2657/1/2657 2816/1/2816 2763/1/2763
f 2785/1/2785 2762/1/2762 2847/1/2847
f 2787/1/2787 2715/1/2715 2849/1/2849
f 2742/1/2742 2850/1/2850 2970/1/2970
f 2818/1/2818 2742/1/2742 2970/1/2970
f 2666/1/2666 2767/1/2767 2765/1/2765
f 2792/1/2792 2791/1/2791 2855/1/2855
f 2767/1/2767 2723/1/2723 2978/1/2978
f 2820/1/2820 2862/1/2862 2821/1/2821
f 2862/1/2862 2768/1/2768 2821/1/2821
f 2822/1/2822 2770/1/2770 2871/1/2871
f 2645/1/2645 2933/1/2933 2771/1/2771
f 2823/1/2823 3221/1/3221 2770/1/2770
f 2729/1/2729 2901/1/2901 2900/1/2900
f 2934/1/2934 2824/1/2824 2771/1/2771
f 2826/1/2826 3088/1/3088 2800/1/2800
f 2872/1/2872 2994/1/2994 2772/1/2772
f 2459/1/2459 2904/1/2904 2773/1/2773
f 2773/1/2773 2904/1/2904 2906/1/2906
f 2801/1/2801 3090/1/3090 2905/1/2905
f 2751/1/2751 2996/1/2996 2802/1/2802
f 2678/1/2678 3093/1/3093 2803/1/2803
f 2804/1/2804 2647/1/2647 2827/1/2827
f 2805/1/2805 2804/1/2804 2874/1/2874
f 2874/1/2874 2774/1/2774 2805/1/2805
f 2936/1/2936 3022/1/3022 2733/1/2733
f 2774/1/2774 2874/1/2874 2875/1/2875
f 2733/1/2733 2734/1/2734 2936/1/2936
f 2807/1/2807 2829/1/2829 2877/1/2877
f 2808/1/2808 2937/1/2937 2938/1/2938
f 3000/1/3000 2776/1/2776 2752/1/2752
f 2737/1/2737 2810/1/2810 2913/1/2913
f 2809/1/2809 2753/1/2753 2832/1/2832
f 2910/1/2910 2881/1/2881 2831/1/2831
f 2778/1/2778 2882/1/2882 2777/1/2777
f 2778/1/2778 2911/1/2911 2882/1/2882
f 2911/1/2911 2778/1/2778 2912/1/2912
f 2737/1/2737 2912/1/2912 2778/1/2778
f 2831/1/2831 2835/1/2835 2833/1/2833
f 2883/1/2883 2832/1/2832 2811/1/2811
f 2883/1/2883 2811/1/2811 2834/1/2834
f 2780/1/2780 2754/1/2754 2833/1/2833
f 2780/1/2780 2833/1/2833 2837/1/2837
f 2835/1/2835 2836/1/2836 2833/1/2833
f 2780/1/2780 2837/1/2837 2781/1/2781
f 2836/1/2836 2837/1/2837 2833/1/2833
f 2836/1/2836 2839/1/2839 2837/1/2837
f 2884/1/2884 2781/1/2781 2916/1/2916
f 2837/1/2837 2839/1/2839 2916/1/2916
f 2946/1/2946 2838/1/2838 2841/1/2841
f 2839/1/2839 3074/1/3074 2916/1/2916
f 2918/1/2918 2841/1/2841 2843/1/2843
f 2919/1/2919 2920/1/2920 2782/1/2782
f 2812/1/2812 2919/1/2919 2782/1/2782
f 2845/1/2845 2842/1/2842 2955/1/2955
f 2782/1/2782 2955/1/2955 2842/1/2842
f 2844/1/2844 2842/1/2842 2845/1/2845
f 2887/1/2887 2844/1/2844 2845/1/2845
f 2846/1/2846 2843/1/2843 2784/1/2784
f 2784/1/2784 2888/1/2888 2846/1/2846
f 2844/1/2844 2887/1/2887 2814/1/2814
f 2889/1/2889 2888/1/2888 2784/1/2784
f 2784/1/2784 2785/1/2785 2889/1/2889
f 2815/1/2815 2814/1/2814 2816/1/2816
f 2848/1/2848 2847/1/2847 2762/1/2762
f 2712/1/2712 2816/1/2816 2890/1/2890
f 2848/1/2848 2762/1/2762 2923/1/2923
f 2764/1/2764 2717/1/2717 2817/1/2817
f 2970/1/2970 2925/1/2925 2818/1/2818
f 2854/1/2854 2853/1/2853 2743/1/2743
f 2854/1/2854 2892/1/2892 2853/1/2853
f 2852/1/2852 2765/1/2765 2973/1/2973
f 2791/1/2791 2853/1/2853 2926/1/2926
f 2791/1/2791 2926/1/2926 2855/1/2855
f 4027/1/4027 2895/1/2895 4028/1/4028
f 2793/1/2793 2792/1/2792 2855/1/2855
f 2793/1/2793 2855/1/2855 2894/1/2894
f 2723/1/2723 2793/1/2793 2977/1/2977
f 2857/1/2857 2861/1/2861 2860/1/2860
f 2858/1/2858 2795/1/2795 2859/1/2859
f 2861/1/2861 2863/1/2863 2860/1/2860
f 2860/1/2860 2863/1/2863 2796/1/2796
f 2795/1/2795 2797/1/2797 2859/1/2859
f 2819/1/2819 2865/1/2865 2983/1/2983
f 2746/1/2746 2865/1/2865 2819/1/2819
f 2862/1/2862 2820/1/2820 2861/1/2861
f 2820/1/2820 2863/1/2863 2861/1/2861
f 2746/1/2746 2698/1/2698 2865/1/2865
f 2862/1/2862 2930/1/2930 2768/1/2768
f 2984/1/2984 2698/1/2698 2798/1/2798
f 2867/1/2867 2985/1/2985 2897/1/2897
f 2869/1/2869 2987/1/2987 2867/1/2867
f 2726/1/2726 2870/1/2870 2898/1/2898
f 2870/1/2870 2871/1/2871 2899/1/2899
f 2822/1/2822 2871/1/2871 2870/1/2870
f 2868/1/2868 2932/1/2932 2645/1/2645
f 2932/1/2932 2933/1/2933 2645/1/2645
f 2901/1/2901 2799/1/2799 3020/1/3020
f 3020/1/3020 2799/1/2799 3088/1/3088
f 2826/1/2826 2903/1/2903 3088/1/3088
f 2994/1/2994 3064/1/3064 2772/1/2772
f 3064/1/3064 2873/1/2873 2772/1/2772
f 2903/1/2903 2826/1/2826 2935/1/2935
f 2826/1/2826 2905/1/2905 2935/1/2935
f 2996/1/2996 2751/1/2751 2676/1/2676
f 2996/1/2996 3122/1/3122 2802/1/2802
f 3122/1/3122 3123/1/3123 2802/1/2802
f 3123/1/3123 2647/1/2647 2802/1/2802
f 2733/1/2733 3022/1/3022 3093/1/3093
f 2829/1/2829 2828/1/2828 2877/1/2877
f 2907/1/2907 2876/1/2876 2806/1/2806
f 2997/1/2997 2936/1/2936 2876/1/2876
f 2807/1/2807 2877/1/2877 2878/1/2878
f 2907/1/2907 2806/1/2806 2879/1/2879
f 2937/1/2937 2807/1/2807 2878/1/2878
f 2879/1/2879 2880/1/2880 2938/1/2938
f 2830/1/2830 2880/1/2880 2879/1/2879
f 2806/1/2806 2830/1/2830 2879/1/2879
f 2809/1/2809 3026/1/3026 2650/1/2650
f 2776/1/2776 3000/1/3000 2909/1/2909
f 2777/1/2777 2882/1/2882 2910/1/2910
f 2737/1/2737 2913/1/2913 2912/1/2912
f 2835/1/2835 2831/1/2831 2881/1/2881
f 2883/1/2883 2834/1/2834 2946/1/2946
f 2946/1/2946 2834/1/2834 2838/1/2838
f 2839/1/2839 2917/1/2917 3074/1/3074
f 2840/1/2840 2885/1/2885 2953/1/2953
f 2886/1/2886 2919/1/2919 2840/1/2840
f 2782/1/2782 2920/1/2920 2955/1/2955
f 2918/1/2918 2843/1/2843 2954/1/2954
f 2843/1/2843 2846/1/2846 2954/1/2954
f 2846/1/2846 2888/1/2888 2954/1/2954
f 2887/1/2887 2959/1/2959 2814/1/2814
f 2847/1/2847 2848/1/2848 2958/1/2958
f 2890/1/2890 2964/1/2964 2786/1/2786
f 2817/1/2817 2964/1/2964 2966/1/2966
f 2891/1/2891 2787/1/2787 2849/1/2849
f 2764/1/2764 2969/1/2969 2850/1/2850
f 2967/1/2967 2849/1/2849 2789/1/2789
f 2850/1/2850 2969/1/2969 2970/1/2970
f 2924/1/2924 2967/1/2967 2789/1/2789
f 2789/1/2789 2851/1/2851 2924/1/2924
f 2971/1/2971 2924/1/2924 2851/1/2851
f 2854/1/2854 2893/1/2893 2972/1/2972
f 2893/1/2893 3054/1/3054 2972/1/2972
f 2972/1/2972 2892/1/2892 2854/1/2854
f 2853/1/2853 2892/1/2892 2926/1/2926
f 2765/1/2765 2767/1/2767 2978/1/2978
f 2893/1/2893 4028/1/4028 2927/1/2927
f 2793/1/2793 2894/1/2894 2928/1/2928
f 2766/1/2766 2895/1/2895 4027/1/4027
f 2895/1/2895 2766/1/2766 2856/1/2856
f 2856/1/2856 2858/1/2858 2896/1/2896
f 3059/1/3059 2857/1/2857 2860/1/2860
f 2857/1/2857 2979/1/2979 2861/1/2861
f 2860/1/2860 2796/1/2796 2819/1/2819
f 2862/1/2862 2981/1/2981 2930/1/2930
f 2929/1/2929 3084/1/3084 2864/1/2864
f 2797/1/2797 2930/1/2930 2859/1/2859
f 2768/1/2768 2930/1/2930 2797/1/2797
f 3017/1/3017 2864/1/2864 3084/1/3084
f 2865/1/2865 2698/1/2698 2984/1/2984
f 3017/1/3017 2931/1/2931 2769/1/2769
f 2866/1/2866 2931/1/2931 2868/1/2868
f 2987/1/2987 2869/1/2869 2898/1/2898
f 2869/1/2869 2726/1/2726 2898/1/2898
f 2900/1/2900 3221/1/3221 2823/1/2823
f 2825/1/2825 2824/1/2824 2902/1/2902
f 3090/1/3090 2935/1/2935 2905/1/2905
f 2676/1/2676 2906/1/2906 2996/1/2996
f 2801/1/2801 2750/1/2750 3091/1/3091
f 3021/1/3021 2750/1/2750 2803/1/2803
f 2804/1/2804 2827/1/2827 2874/1/2874
f 2875/1/2875 2874/1/2874 3023/1/3023
f 3023/1/3023 3024/1/3024 2875/1/2875
f 2875/1/2875 3024/1/3024 2828/1/2828
f 2828/1/2828 3024/1/3024 2877/1/2877
f 2650/1/2650 3026/1/3026 2752/1/2752
f 3028/1/3028 2809/1/2809 2832/1/2832
f 2940/1/2940 2882/1/2882 2911/1/2911
f 2913/1/2913 2810/1/2810 2908/1/2908
f 2882/1/2882 2940/1/2940 2910/1/2910
f 2832/1/2832 2883/1/2883 3002/1/3002
f 2835/1/2835 2881/1/2881 2944/1/2944
f 2944/1/2944 2836/1/2836 2835/1/2835
f 2944/1/2944 2945/1/2945 2836/1/2836
f 2836/1/2836 2945/1/2945 2917/1/2917
f 2885/1/2885 2914/1/2914 2915/1/2915
f 2914/1/2914 2947/1/2947 2915/1/2915
f 3006/1/3006 2947/1/2947 2884/1/2884
f 2884/1/2884 2916/1/2916 3006/1/3006
f 2839/1/2839 2836/1/2836 2917/1/2917
f 2915/1/2915 2953/1/2953 2885/1/2885
f 3074/1/3074 3075/1/3075 2916/1/2916
f 2841/1/2841 2918/1/2918 2946/1/2946
f 2886/1/2886 2840/1/2840 2953/1/2953
f 2919/1/2919 2921/1/2921 2920/1/2920
f 2886/1/2886 2921/1/2921 2919/1/2919
f 2955/1/2955 2922/1/2922 2845/1/2845
f 2845/1/2845 2922/1/2922 2887/1/2887
f 2887/1/2887 2922/1/2922 2959/1/2959
f 2959/1/2959 2816/1/2816 2814/1/2814
f 2847/1/2847 2958/1/2958 2889/1/2889
f 2958/1/2958 2848/1/2848 3014/1/3014
f 2816/1/2816 2961/1/2961 2890/1/2890
f 2848/1/2848 2923/1/2923 2963/1/2963
f 2923/1/2923 2787/1/2787 2965/1/2965
f 2966/1/2966 2764/1/2764 2817/1/2817
f 2851/1/2851 2852/1/2852 2974/1/2974
f 2971/1/2971 2851/1/2851 2974/1/2974
f 2852/1/2852 2973/1/2973 2974/1/2974
f 2765/1/2765 2978/1/2978 2973/1/2973
f 2925/1/2925 3015/1/3015 2794/1/2794
f 2927/1/2927 2975/1/2975 2893/1/2893
f 2927/1/2927 4028/1/4028 2895/1/2895
f 2793/1/2793 2928/1/2928 2976/1/2976
f 2977/1/2977 2793/1/2793 2976/1/2976
f 2723/1/2723 2977/1/2977 2978/1/2978
f 2794/1/2794 3015/1/3015 2929/1/2929
f 2859/1/2859 2896/1/2896 2858/1/2858
f 2982/1/2982 2896/1/2896 2859/1/2859
f 2979/1/2979 2981/1/2981 2861/1/2861
f 2862/1/2862 2861/1/2861 2981/1/2981
f 2982/1/2982 2859/1/2859 2930/1/2930
f 2867/1/2867 2987/1/2987 2985/1/2985
f 2931/1/2931 3086/1/3086 2868/1/2868
f 3086/1/3086 2932/1/2932 2868/1/2868
f 2870/1/2870 2989/1/2989 2898/1/2898
f 2989/1/2989 2870/1/2870 2899/1/2899
f 2871/1/2871 2770/1/2770 3221/1/3221
f 2933/1/2933 2934/1/2934 2771/1/2771
f 2934/1/2934 2992/1/2992 2824/1/2824
f 2824/1/2824 2992/1/2992 2993/1/2993
f 2824/1/2824 2993/1/2993 2902/1/2902
f 3090/1/3090 2801/1/2801 3091/1/3091
f 3091/1/3091 2750/1/2750 3021/1/3021
f 2647/1/2647 3123/1/3123 2827/1/2827
f 2936/1/2936 2997/1/2997 3095/1/3095
f 2876/1/2876 2907/1/2907 2997/1/2997
f 2878/1/2878 3025/1/3025 2937/1/2937
f 3025/1/3025 2938/1/2938 2937/1/2937
f 3000/1/3000 2752/1/2752 3026/1/3026
f 2881/1/2881 2910/1/2910 2939/1/2939
f 2939/1/2939 2910/1/2910 2940/1/2940
f 3001/1/3001 2913/1/2913 2908/1/2908
f 2909/1/2909 2908/1/2908 2810/1/2810
f 2911/1/2911 2912/1/2912 2941/1/2941
f 2832/1/2832 3002/1/3002 3028/1/3028
f 2939/1/2939 2943/1/2943 2881/1/2881
f 2940/1/2940 2942/1/2942 2939/1/2939
f 2911/1/2911 2942/1/2942 2940/1/2940
f 2941/1/2941 2942/1/2942 2911/1/2911
f 2943/1/2943 2944/1/2944 2881/1/2881
f 2939/1/2939 2942/1/2942 2943/1/2943
f 2942/1/2942 3003/1/3003 2943/1/2943
f 2883/1/2883 2946/1/2946 2948/1/2948
f 3002/1/3002 2883/1/2883 2948/1/2948
f 2943/1/2943 3003/1/3003 2944/1/2944
f 2947/1/2947 2914/1/2914 2884/1/2884
f 3003/1/3003 3004/1/3004 2944/1/2944
f 3033/1/3033 2947/1/2947 3006/1/3006
f 2944/1/2944 2949/1/2949 2945/1/2945
f 3003/1/3003 3032/1/3032 3004/1/3004
f 2949/1/2949 2917/1/2917 2945/1/2945
f 2944/1/2944 3004/1/3004 2949/1/2949
f 2950/1/2950 3072/1/3072 2948/1/2948
f 2950/1/2950 2948/1/2948 2951/1/2951
f 2953/1/2953 2915/1/2915 3005/1/3005
f 2952/1/2952 2949/1/2949 3004/1/3004
f 2948/1/2948 2946/1/2946 2951/1/2951
f 2951/1/2951 2946/1/2946 2918/1/2918
f 3037/1/3037 3074/1/3074 2917/1/2917
f 2951/1/2951 2918/1/2918 2954/1/2954
f 3008/1/3008 2951/1/2951 2954/1/2954
f 2953/1/2953 2956/1/2956 2886/1/2886
f 2955/1/2955 2920/1/2920 3012/1/3012
f 3010/1/3010 3012/1/3012 2920/1/2920
f 2921/1/2921 3010/1/3010 2920/1/2920
f 2886/1/2886 2957/1/2957 2921/1/2921
f 2957/1/2957 3010/1/3010 2921/1/2921
f 2956/1/2956 2957/1/2957 2886/1/2886
f 3009/1/3009 2954/1/2954 2888/1/2888
f 3012/1/3012 2922/1/2922 2955/1/2955
f 2959/1/2959 2922/1/2922 2960/1/2960
f 3044/1/3044 2960/1/2960 2922/1/2922
f 2889/1/2889 2958/1/2958 2888/1/2888
f 2960/1/2960 3013/1/3013 2959/1/2959
f 2816/1/2816 2959/1/2959 2961/1/2961
f 3013/1/3013 2961/1/2961 2959/1/2959
f 3013/1/3013 3051/1/3051 2961/1/2961
f 3051/1/3051 2962/1/2962 2961/1/2961
f 3014/1/3014 2848/1/2848 2963/1/2963
f 2962/1/2962 2890/1/2890 2961/1/2961
f 2923/1/2923 2965/1/2965 2963/1/2963
f 2787/1/2787 2891/1/2891 2965/1/2965
f 2968/1/2968 2849/1/2849 2967/1/2967
f 2891/1/2891 2849/1/2849 2968/1/2968
f 2970/1/2970 3081/1/3081 2925/1/2925
f 3187/1/3187 3054/1/3054 2893/1/2893
f 2926/1/2926 2892/1/2892 3182/1/3182
f 2893/1/2893 2975/1/2975 3187/1/3187
f 2894/1/2894 2855/1/2855 3056/1/3056
f 2976/1/2976 2928/1/2928 3055/1/3055
f 2975/1/2975 2927/1/2927 2979/1/2979
f 2895/1/2895 2980/1/2980 2927/1/2927
f 2975/1/2975 2979/1/2979 3059/1/3059
f 2857/1/2857 3059/1/3059 2979/1/2979
f 2980/1/2980 2979/1/2979 2927/1/2927
f 2895/1/2895 2896/1/2896 2980/1/2980
f 2856/1/2856 2896/1/2896 2895/1/2895
f 3015/1/3015 3217/1/3217 2929/1/2929
f 2980/1/2980 2981/1/2981 2979/1/2979
f 2982/1/2982 2980/1/2980 2896/1/2896
f 3059/1/3059 2860/1/2860 2983/1/2983
f 2982/1/2982 2981/1/2981 2980/1/2980
f 2860/1/2860 2819/1/2819 2983/1/2983
f 2982/1/2982 2930/1/2930 2981/1/2981
f 2865/1/2865 3016/1/3016 2983/1/2983
f 2865/1/2865 2984/1/2984 2986/1/2986
f 2986/1/2986 3016/1/3016 2865/1/2865
f 2985/1/2985 2984/1/2984 2798/1/2798
f 2798/1/2798 2897/1/2897 2985/1/2985
f 2984/1/2984 2985/1/2985 2988/1/2988
f 2986/1/2986 2984/1/2984 2988/1/2988
f 2988/1/2988 2985/1/2985 2987/1/2987
f 2990/1/2990 2986/1/2986 2988/1/2988
f 2988/1/2988 2987/1/2987 2989/1/2989
f 2989/1/2989 2987/1/2987 2898/1/2898
f 2989/1/2989 2990/1/2990 2988/1/2988
f 2989/1/2989 2899/1/2899 2991/1/2991
f 2989/1/2989 2991/1/2991 2990/1/2990
f 2899/1/2899 2871/1/2871 3220/1/3220
f 3120/1/3120 2992/1/2992 2934/1/2934
f 2901/1/2901 3019/1/3019 2900/1/2900
f 3087/1/3087 2994/1/2994 2902/1/2902
f 2902/1/2902 2994/1/2994 2872/1/2872
f 2904/1/2904 2995/1/2995 2906/1/2906
f 3023/1/3023 2874/1/2874 3094/1/3094
f 2879/1/2879 2938/1/2938 2998/1/2998
f 2907/1/2907 2879/1/2879 2998/1/2998
f 3025/1/3025 2878/1/2878 2999/1/2999
f 2809/1/2809 3028/1/3028 3026/1/3026
f 2909/1/2909 3000/1/3000 3068/1/3068
f 2909/1/2909 3129/1/3129 2908/1/2908
f 3068/1/3068 3129/1/3129 2909/1/2909
f 3029/1/3029 3028/1/3028 3002/1/3002
f 2913/1/2913 3001/1/3001 2912/1/2912
f 2912/1/2912 3001/1/3001 2941/1/2941
f 2941/1/2941 3030/1/3030 2942/1/2942
f 2942/1/2942 3032/1/3032 3003/1/3003
f 2942/1/2942 3030/1/3030 3032/1/3032
f 3029/1/3029 3002/1/3002 2948/1/2948
f 2948/1/2948 3072/1/3072 3029/1/3029
f 3004/1/3004 3032/1/3032 3034/1/3034
f 3006/1/3006 2916/1/2916 3075/1/3075
f 3034/1/3034 2952/1/2952 3004/1/3004
f 3005/1/3005 3007/1/3007 2953/1/2953
f 3036/1/3036 2949/1/2949 2952/1/2952
f 2950/1/2950 2951/1/2951 3008/1/3008
f 2949/1/2949 3036/1/3036 2917/1/2917
f 3009/1/3009 3008/1/3008 2954/1/2954
f 2957/1/2957 2956/1/2956 3011/1/3011
f 3009/1/3009 2888/1/2888 2958/1/2958
f 3012/1/3012 3044/1/3044 2922/1/2922
f 3048/1/3048 2960/1/2960 3044/1/3044
f 2958/1/2958 3014/1/3014 3049/1/3049
f 3014/1/3014 2963/1/2963 3050/1/3050
f 2969/1/2969 2764/1/2764 3053/1/3053
f 2968/1/2968 2967/1/2967 3080/1/3080
f 2967/1/2967 2924/1/2924 3080/1/3080
f 2892/1/2892 2972/1/2972 3182/1/3182
f 2971/1/2971 3082/1/3082 2924/1/2924
f 3056/1/3056 3055/1/3055 2928/1/2928
f 2855/1/2855 2926/1/2926 3056/1/3056
f 3056/1/3056 2928/1/2928 2894/1/2894
f 2978/1/2978 2977/1/2977 3058/1/3058
f 2978/1/2978 3058/1/3058 2973/1/2973
f 3059/1/3059 3189/1/3189 2975/1/2975
f 3059/1/3059 2983/1/2983 3118/1/3118
f 2929/1/2929 3217/1/3217 3084/1/3084
f 3016/1/3016 2986/1/2986 3018/1/3018
f 3085/1/3085 3086/1/3086 2931/1/2931
f 2986/1/2986 2990/1/2990 3018/1/3018
f 2991/1/2991 3018/1/3018 2990/1/2990
f 2899/1/2899 3220/1/3220 2991/1/2991
f 2934/1/2934 2933/1/2933 3120/1/3120
f 3087/1/3087 2902/1/2902 2993/1/2993
f 3088/1/3088 2903/1/2903 3197/1/3197
f 3090/1/3090 3276/1/3276 2935/1/2935
f 3199/1/3199 2906/1/2906 2995/1/2995
f 2906/1/2906 3199/1/3199 2996/1/2996
f 3091/1/3091 3021/1/3021 3222/1/3222
f 3124/1/3124 2827/1/2827 3123/1/3123
f 3094/1/3094 2874/1/2874 2827/1/2827
f 3282/1/3282 3093/1/3093 3022/1/3022
f 2936/1/2936 3200/1/3200 3022/1/3022
f 3095/1/3095 3200/1/3200 2936/1/2936
f 2907/1/2907 2998/1/2998 3066/1/3066
f 2997/1/2997 2907/1/2907 3066/1/3066
f 2877/1/2877 2999/1/2999 2878/1/2878
f 3096/1/3096 3025/1/3025 2999/1/2999
f 3067/1/3067 2998/1/2998 2938/1/2938
f 3000/1/3000 3026/1/3026 3128/1/3128
f 3069/1/3069 3128/1/3128 3026/1/3026
f 3026/1/3026 3028/1/3028 3069/1/3069
f 3027/1/3027 3068/1/3068 3000/1/3000
f 3128/1/3128 3027/1/3027 3000/1/3000
f 2908/1/2908 3129/1/3129 3001/1/3001
f 2941/1/2941 3070/1/3070 3030/1/3030
f 2915/1/2915 2947/1/2947 3005/1/3005
f 2947/1/2947 3033/1/3033 3005/1/3005
f 3030/1/3030 3031/1/3031 3032/1/3032
f 3033/1/3033 3073/1/3073 3005/1/3005
f 3075/1/3075 3099/1/3099 3006/1/3006
f 3006/1/3006 3099/1/3099 3033/1/3033
f 3073/1/3073 3007/1/3007 3005/1/3005
f 3034/1/3034 3036/1/3036 2952/1/2952
f 3032/1/3032 3038/1/3038 3034/1/3034
f 3031/1/3031 3038/1/3038 3032/1/3032
f 3037/1/3037 3100/1/3100 3074/1/3074
f 2917/1/2917 3035/1/3035 3037/1/3037
f 2917/1/2917 3036/1/3036 3035/1/3035
f 2953/1/2953 3007/1/3007 2956/1/2956
f 3036/1/3036 3042/1/3042 3035/1/3035
f 3034/1/3034 3038/1/3038 3036/1/3036
f 3038/1/3038 3042/1/3042 3036/1/3036
f 3008/1/3008 3009/1/3009 3039/1/3039
f 3038/1/3038 3041/1/3041 3042/1/3042
f 3010/1/3010 2957/1/2957 3046/1/3046
f 3011/1/3011 2956/1/2956 3040/1/3040
f 3010/1/3010 3045/1/3045 3012/1/3012
f 2957/1/2957 3011/1/3011 3046/1/3046
f 3040/1/3040 3043/1/3043 3011/1/3011
f 3045/1/3045 3044/1/3044 3012/1/3012
f 3046/1/3046 3045/1/3045 3010/1/3010
f 3046/1/3046 3076/1/3076 3045/1/3045
f 3046/1/3046 3047/1/3047 3105/1/3105
f 3046/1/3046 3011/1/3011 3047/1/3047
f 3011/1/3011 3043/1/3043 3047/1/3047
f 3009/1/3009 2958/1/2958 3101/1/3101
f 2960/1/2960 3048/1/3048 3013/1/3013
f 3050/1/3050 3049/1/3049 3014/1/3014
f 3051/1/3051 3077/1/3077 2962/1/2962
f 2890/1/2890 2962/1/2962 3109/1/3109
f 3077/1/3077 3109/1/3109 2962/1/2962
f 3078/1/3078 3050/1/3050 2963/1/2963
f 2963/1/2963 2965/1/2965 3078/1/3078
f 2964/1/2964 2890/1/2890 3109/1/3109
f 2965/1/2965 2891/1/2891 3078/1/3078
f 3078/1/3078 2891/1/2891 3110/1/3110
f 2764/1/2764 2966/1/2966 3175/1/3175
f 2891/1/2891 3052/1/3052 3110/1/3110
f 2891/1/2891 2968/1/2968 3052/1/3052
f 3112/1/3112 3053/1/3053 2764/1/2764
f 3053/1/3053 3079/1/3079 2969/1/2969
f 2968/1/2968 3080/1/3080 3052/1/3052
f 3055/1/3055 3057/1/3057 2976/1/2976
f 2974/1/2974 3083/1/3083 2971/1/2971
f 2926/1/2926 3115/1/3115 3056/1/3056
f 3058/1/3058 3116/1/3116 2973/1/2973
f 2973/1/2973 3117/1/3117 2974/1/2974
f 2977/1/2977 2976/1/2976 3057/1/3057
f 3188/1/3188 2977/1/2977 3057/1/3057
f 2983/1/2983 3016/1/3016 3118/1/3118
f 3084/1/3084 3061/1/3061 3017/1/3017
f 3060/1/3060 3016/1/3016 3018/1/3018
f 3017/1/3017 3061/1/3061 2931/1/2931
f 3018/1/3018 2991/1/2991 3062/1/3062
f 2871/1/2871 3221/1/3221 3220/1/3220
f 2992/1/2992 3327/1/3327 2993/1/2993
f 2901/1/2901 3020/1/3020 3063/1/3063
f 2904/1/2904 3089/1/3089 2995/1/2995
f 2803/1/2803 3093/1/3093 3021/1/3021
f 3021/1/3021 3093/1/3093 3092/1/3092
f 2827/1/2827 3124/1/3124 3094/1/3094
f 3200/1/3200 3282/1/3282 3022/1/3022
f 3095/1/3095 2997/1/2997 3066/1/3066
f 3225/1/3225 2877/1/2877 3024/1/3024
f 3226/1/3226 3096/1/3096 2999/1/2999
f 3127/1/3127 3067/1/3067 3025/1/3025
f 2938/1/2938 3025/1/3025 3067/1/3067
f 3127/1/3127 3025/1/3025 3096/1/3096
f 3029/1/3029 3069/1/3069 3028/1/3028
f 3130/1/3130 3070/1/3070 2941/1/2941
f 3001/1/3001 3130/1/3130 2941/1/2941
f 3030/1/3030 3070/1/3070 3135/1/3135
f 3029/1/3029 3072/1/3072 3071/1/3071
f 3030/1/3030 3135/1/3135 3031/1/3031
f 3100/1/3100 3075/1/3075 3074/1/3074
f 3008/1/3008 3039/1/3039 2950/1/2950
f 2956/1/2956 3007/1/3007 3140/1/3140
f 3035/1/3035 3143/1/3143 3037/1/3037
f 3037/1/3037 3143/1/3143 3100/1/3100
f 3038/1/3038 3031/1/3031 3134/1/3134
f 3040/1/3040 2956/1/2956 3140/1/3140
f 3038/1/3038 3149/1/3149 3041/1/3041
f 3009/1/3009 3101/1/3101 3039/1/3039
f 3041/1/3041 3148/1/3148 3042/1/3042
f 3041/1/3041 3149/1/3149 3148/1/3148
f 3046/1/3046 3105/1/3105 3076/1/3076
f 3102/1/3102 3044/1/3044 3045/1/3045
f 3047/1/3047 3106/1/3106 3105/1/3105
f 3043/1/3043 3106/1/3106 3047/1/3047
f 3044/1/3044 3104/1/3104 3048/1/3048
f 2958/1/2958 3049/1/3049 3101/1/3101
f 3013/1/3013 3048/1/3048 3051/1/3051
f 3048/1/3048 3077/1/3077 3051/1/3051
f 3108/1/3108 3050/1/3050 3078/1/3078
f 2969/1/2969 3079/1/3079 2970/1/2970
f 2970/1/2970 3079/1/3079 3081/1/3081
f 2924/1/2924 3082/1/3082 3080/1/3080
f 3182/1/3182 3214/1/3214 2926/1/2926
f 2971/1/2971 3083/1/3083 3082/1/3082
f 3322/1/3322 3054/1/3054 3187/1/3187
f 3115/1/3115 2926/1/2926 3214/1/3214
f 3117/1/3117 3083/1/3083 2974/1/2974
f 3058/1/3058 3188/1/3188 3116/1/3116
f 2973/1/2973 3116/1/3116 3117/1/3117
f 3058/1/3058 2977/1/2977 3188/1/3188
f 3187/1/3187 2975/1/2975 3189/1/3189
f 3059/1/3059 3118/1/3118 3189/1/3189
f 3060/1/3060 3018/1/3018 3119/1/3119
f 3061/1/3061 3085/1/3085 2931/1/2931
f 3018/1/3018 3062/1/3062 3119/1/3119
f 3062/1/3062 2991/1/2991 3220/1/3220
f 2932/1/2932 3219/1/3219 2933/1/2933
f 2933/1/2933 3219/1/3219 3120/1/3120
f 2900/1/2900 3193/1/3193 3221/1/3221
f 3193/1/3193 2900/1/2900 3019/1/3019
f 2993/1/2993 3327/1/3327 3087/1/3087
f 3019/1/3019 2901/1/2901 3063/1/3063
f 3088/1/3088 3275/1/3275 3020/1/3020
f 3195/1/3195 2994/1/2994 3087/1/3087
f 3088/1/3088 3197/1/3197 3275/1/3275
f 3195/1/3195 3064/1/3064 2994/1/2994
f 3089/1/3089 2904/1/2904 2873/1/2873
f 3065/1/3065 2935/1/2935 3276/1/3276
f 3021/1/3021 3277/1/3277 3222/1/3222
f 3021/1/3021 3092/1/3092 3277/1/3277
f 3094/1/3094 3125/1/3125 3023/1/3023
f 3023/1/3023 3126/1/3126 3024/1/3024
f 2998/1/2998 3331/1/3331 3066/1/3066
f 3001/1/3001 3097/1/3097 3130/1/3130
f 3129/1/3129 3097/1/3097 3001/1/3001
f 3029/1/3029 3133/1/3133 3069/1/3069
f 3029/1/3029 3098/1/3098 3133/1/3133
f 3029/1/3029 3071/1/3071 3098/1/3098
f 3031/1/3031 3135/1/3135 3134/1/3134
f 2950/1/2950 3071/1/3071 3072/1/3072
f 3073/1/3073 3033/1/3033 3099/1/3099
f 2950/1/2950 3039/1/3039 3071/1/3071
f 3007/1/3007 3073/1/3073 3140/1/3140
f 3140/1/3140 3073/1/3073 3099/1/3099
f 3038/1/3038 3134/1/3134 3142/1/3142
f 3035/1/3035 3147/1/3147 3143/1/3143
f 3142/1/3142 3144/1/3144 3038/1/3038
f 3042/1/3042 3147/1/3147 3035/1/3035
f 3147/1/3147 3042/1/3042 3148/1/3148
f 3149/1/3149 3038/1/3038 3144/1/3144
f 3140/1/3140 3150/1/3150 3040/1/3040
f 3040/1/3040 3150/1/3150 3043/1/3043
f 3045/1/3045 3076/1/3076 3102/1/3102
f 3103/1/3103 3043/1/3043 3150/1/3150
f 3103/1/3103 3106/1/3106 3043/1/3043
f 3106/1/3106 3205/1/3205 3105/1/3105
f 3101/1/3101 3049/1/3049 3107/1/3107
f 3050/1/3050 3168/1/3168 3107/1/3107
f 3050/1/3050 3107/1/3107 3049/1/3049
f 3050/1/3050 3108/1/3108 3168/1/3168
f 3078/1/3078 3110/1/3110 3108/1/3108
f 2764/1/2764 3175/1/3175 3112/1/3112
f 3052/1/3052 3111/1/3111 3110/1/3110
f 3111/1/3111 3052/1/3052 3113/1/3113
f 3080/1/3080 3114/1/3114 3052/1/3052
f 3114/1/3114 3080/1/3080 3082/1/3082
f 2972/1/2972 3054/1/3054 3183/1/3183
f 3182/1/3182 2972/1/2972 3183/1/3183
f 3055/1/3055 3115/1/3115 3186/1/3186
f 3055/1/3055 3056/1/3056 3115/1/3115
f 2925/1/2925 3270/1/3270 3015/1/3015
f 3270/1/3270 3217/1/3217 3015/1/3015
f 3217/1/3217 3323/1/3323 3084/1/3084
f 3060/1/3060 3118/1/3118 3016/1/3016
f 3219/1/3219 3085/1/3085 3061/1/3061
f 3086/1/3086 3085/1/3085 3219/1/3219
f 2932/1/2932 3086/1/3086 3219/1/3219
f 3220/1/3220 3221/1/3221 3273/1/3273
f 3019/1/3019 3063/1/3063 3194/1/3194
f 3063/1/3063 3020/1/3020 3275/1/3275
f 2903/1/2903 3065/1/3065 3197/1/3197
f 3121/1/3121 2873/1/2873 3064/1/3064
f 2903/1/2903 2935/1/2935 3065/1/3065
f 3121/1/3121 3089/1/3089 2873/1/2873
f 3089/1/3089 3198/1/3198 2995/1/2995
f 2995/1/2995 3198/1/3198 3395/1/3395
f 3090/1/3090 3222/1/3222 3276/1/3276
f 3091/1/3091 3222/1/3222 3090/1/3090
f 3093/1/3093 3282/1/3282 3092/1/3092
f 3094/1/3094 3223/1/3223 3125/1/3125
f 3095/1/3095 3224/1/3224 3200/1/3200
f 3201/1/3201 2877/1/2877 3225/1/3225
f 2999/1/2999 2877/1/2877 3226/1/3226
f 3129/1/3129 3068/1/3068 3131/1/3131
f 3068/1/3068 3027/1/3027 3131/1/3131
f 3132/1/3132 3027/1/3027 3128/1/3128
f 3069/1/3069 3132/1/3132 3128/1/3128
f 3227/1/3227 3097/1/3097 3129/1/3129
f 3132/1/3132 3131/1/3131 3027/1/3027
f 3069/1/3069 3133/1/3133 3132/1/3132
f 3131/1/3131 3227/1/3227 3129/1/3129
f 3132/1/3132 3227/1/3227 3131/1/3131
f 3070/1/3070 3130/1/3130 3137/1/3137
f 3097/1/3097 3235/1/3235 3130/1/3130
f 3137/1/3137 3135/1/3135 3070/1/3070
f 3137/1/3137 3136/1/3136 3135/1/3135
f 3135/1/3135 3136/1/3136 3134/1/3134
f 3071/1/3071 3039/1/3039 3202/1/3202
f 3140/1/3140 3099/1/3099 3139/1/3139
f 3138/1/3138 3139/1/3139 3099/1/3099
f 3075/1/3075 3100/1/3100 3138/1/3138
f 3075/1/3075 3138/1/3138 3099/1/3099
f 3136/1/3136 3203/1/3203 3134/1/3134
f 3146/1/3146 3202/1/3202 3039/1/3039
f 3100/1/3100 3141/1/3141 3138/1/3138
f 3143/1/3143 3141/1/3141 3100/1/3100
f 3141/1/3141 3139/1/3139 3138/1/3138
f 3134/1/3134 3145/1/3145 3142/1/3142
f 3203/1/3203 3145/1/3145 3134/1/3134
f 3147/1/3147 3141/1/3141 3143/1/3143
f 3145/1/3145 3144/1/3144 3142/1/3142
f 3039/1/3039 3101/1/3101 3146/1/3146
f 3139/1/3139 3150/1/3150 3140/1/3140
f 3159/1/3159 3152/1/3152 3139/1/3139
f 3141/1/3141 3159/1/3159 3139/1/3139
f 3147/1/3147 3153/1/3153 3141/1/3141
f 3144/1/3144 3151/1/3151 3149/1/3149
f 3139/1/3139 3152/1/3152 3150/1/3150
f 3148/1/3148 3153/1/3153 3147/1/3147
f 3101/1/3101 3156/1/3156 3146/1/3146
f 3152/1/3152 3103/1/3103 3150/1/3150
f 3149/1/3149 3153/1/3153 3148/1/3148
f 3151/1/3151 3153/1/3153 3149/1/3149
f 3144/1/3144 3145/1/3145 3151/1/3151
f 3145/1/3145 3154/1/3154 3151/1/3151
f 3076/1/3076 3337/1/3337 3102/1/3102
f 3076/1/3076 3105/1/3105 3337/1/3337
f 3158/1/3158 3159/1/3159 3141/1/3141
f 3153/1/3153 3158/1/3158 3141/1/3141
f 3156/1/3156 3155/1/3155 3146/1/3146
f 3102/1/3102 3104/1/3104 3044/1/3044
f 3151/1/3151 3158/1/3158 3153/1/3153
f 3205/1/3205 3106/1/3106 3157/1/3157
f 3103/1/3103 3157/1/3157 3106/1/3106
f 3161/1/3161 3103/1/3103 3152/1/3152
f 3154/1/3154 3158/1/3158 3151/1/3151
f 3101/1/3101 3107/1/3107 3156/1/3156
f 3048/1/3048 3104/1/3104 3206/1/3206
f 3161/1/3161 3157/1/3157 3103/1/3103
f 3159/1/3159 3161/1/3161 3152/1/3152
f 3154/1/3154 3160/1/3160 3158/1/3158
f 3156/1/3156 3166/1/3166 3155/1/3155
f 3158/1/3158 3208/1/3208 3159/1/3159
f 3162/1/3162 3208/1/3208 3158/1/3158
f 3160/1/3160 3162/1/3162 3158/1/3158
f 3107/1/3107 3165/1/3165 3156/1/3156
f 3161/1/3161 3159/1/3159 3163/1/3163
f 3208/1/3208 3163/1/3163 3159/1/3159
f 3165/1/3165 3166/1/3166 3156/1/3156
f 3206/1/3206 3164/1/3164 3048/1/3048
f 3161/1/3161 3163/1/3163 3255/1/3255
f 3208/1/3208 3256/1/3256 3163/1/3163
f 3165/1/3165 3167/1/3167 3166/1/3166
f 3169/1/3169 3167/1/3167 3165/1/3165
f 3107/1/3107 3168/1/3168 3165/1/3165
f 3168/1/3168 3169/1/3169 3165/1/3165
f 3048/1/3048 3164/1/3164 3077/1/3077
f 3077/1/3077 3164/1/3164 3170/1/3170
f 3167/1/3167 3173/1/3173 3174/1/3174
f 3170/1/3170 3164/1/3164 3210/1/3210
f 3169/1/3169 3173/1/3173 3167/1/3167
f 3109/1/3109 3077/1/3077 3171/1/3171
f 3265/1/3265 3109/1/3109 3171/1/3171
f 3077/1/3077 3170/1/3170 3171/1/3171
f 3168/1/3168 3108/1/3108 3169/1/3169
f 3170/1/3170 3172/1/3172 3171/1/3171
f 3210/1/3210 3172/1/3172 3170/1/3170
f 3169/1/3169 3177/1/3177 3173/1/3173
f 3211/1/3211 3174/1/3174 3176/1/3176
f 3174/1/3174 3173/1/3173 3176/1/3176
f 3108/1/3108 3111/1/3111 3169/1/3169
f 3111/1/3111 3178/1/3178 3169/1/3169
f 3108/1/3108 3110/1/3110 3111/1/3111
f 3169/1/3169 3178/1/3178 3177/1/3177
f 3113/1/3113 3178/1/3178 3111/1/3111
f 3211/1/3211 3176/1/3176 3268/1/3268
f 3173/1/3173 3177/1/3177 3176/1/3176
f 3053/1/3053 3112/1/3112 3212/1/3212
f 3079/1/3079 3053/1/3053 3212/1/3212
f 3113/1/3113 3052/1/3052 3178/1/3178
f 3176/1/3176 3177/1/3177 3268/1/3268
f 3052/1/3052 3114/1/3114 3178/1/3178
f 3081/1/3081 3079/1/3079 3212/1/3212
f 3177/1/3177 3180/1/3180 3268/1/3268
f 3180/1/3180 3186/1/3186 3268/1/3268
f 3186/1/3186 3179/1/3179 3268/1/3268
f 3114/1/3114 3181/1/3181 3178/1/3178
f 3181/1/3181 3177/1/3177 3178/1/3178
f 3186/1/3186 3215/1/3215 3179/1/3179
f 3184/1/3184 3180/1/3180 3177/1/3177
f 3181/1/3181 3184/1/3184 3177/1/3177
f 3114/1/3114 3083/1/3083 3181/1/3181
f 3114/1/3114 3082/1/3082 3083/1/3083
f 3182/1/3182 3213/1/3213 3214/1/3214
f 3081/1/3081 3185/1/3185 2925/1/2925
f 3115/1/3115 3214/1/3214 3215/1/3215
f 3186/1/3186 3115/1/3115 3215/1/3215
f 3180/1/3180 3057/1/3057 3186/1/3186
f 3181/1/3181 3116/1/3116 3184/1/3184
f 3185/1/3185 3270/1/3270 2925/1/2925
f 3186/1/3186 3057/1/3057 3055/1/3055
f 3188/1/3188 3057/1/3057 3180/1/3180
f 3184/1/3184 3188/1/3188 3180/1/3180
f 3116/1/3116 3188/1/3188 3184/1/3184
f 3117/1/3117 3116/1/3116 3181/1/3181
f 3083/1/3083 3117/1/3117 3181/1/3181
f 3189/1/3189 3118/1/3118 3216/1/3216
f 3060/1/3060 3190/1/3190 3218/1/3218
f 3118/1/3118 3060/1/3060 3218/1/3218
f 3190/1/3190 3060/1/3060 3191/1/3191
f 3084/1/3084 3326/1/3326 3061/1/3061
f 3191/1/3191 3060/1/3060 3119/1/3119
f 2992/1/2992 3120/1/3120 3274/1/3274
f 2992/1/2992 3274/1/3274 3327/1/3327
f 3064/1/3064 3195/1/3195 3121/1/3121
f 3197/1/3197 3196/1/3196 3275/1/3275
f 2995/1/2995 3395/1/3395 3199/1/3199
f 3199/1/3199 3122/1/3122 2996/1/2996
f 3223/1/3223 3094/1/3094 3124/1/3124
f 3125/1/3125 3126/1/3126 3023/1/3023
f 3224/1/3224 3095/1/3095 3066/1/3066
f 3226/1/3226 2877/1/2877 3201/1/3201
f 3096/1/3096 3226/1/3226 3127/1/3127
f 3067/1/3067 3127/1/3127 3401/1/3401
f 3133/1/3133 3228/1/3228 3132/1/3132
f 3137/1/3137 3130/1/3130 3235/1/3235
f 3071/1/3071 3202/1/3202 3098/1/3098
f 3235/1/3235 3136/1/3136 3137/1/3137
f 3202/1/3202 3146/1/3146 3238/1/3238
f 3238/1/3238 3146/1/3146 3204/1/3204
f 3242/1/3242 3145/1/3145 3203/1/3203
f 3146/1/3146 3155/1/3155 3204/1/3204
f 3247/1/3247 3206/1/3206 3104/1/3104
f 3102/1/3102 3247/1/3247 3104/1/3104
f 3154/1/3154 3245/1/3245 3207/1/3207
f 3145/1/3145 3245/1/3245 3154/1/3154
f 3155/1/3155 3166/1/3166 3204/1/3204
f 3154/1/3154 3207/1/3207 3249/1/3249
f 3160/1/3160 3154/1/3154 3253/1/3253
f 3161/1/3161 3255/1/3255 3252/1/3252
f 3161/1/3161 3252/1/3252 3157/1/3157
f 3160/1/3160 3253/1/3253 3162/1/3162
f 3163/1/3163 3259/1/3259 3255/1/3255
f 3163/1/3163 3256/1/3256 3259/1/3259
f 3166/1/3166 3167/1/3167 3258/1/3258
f 3261/1/3261 3210/1/3210 3164/1/3164
f 3258/1/3258 3167/1/3167 3174/1/3174
f 3109/1/3109 3293/1/3293 2964/1/2964
f 3293/1/3293 2966/1/2966 2964/1/2964
f 2966/1/2966 3368/1/3368 3175/1/3175
f 3267/1/3267 3212/1/3212 3112/1/3112
f 3212/1/3212 3185/1/3185 3081/1/3081
f 3182/1/3182 3183/1/3183 3213/1/3213
f 3118/1/3118 3218/1/3218 3216/1/3216
f 3062/1/3062 3296/1/3296 3119/1/3119
f 3062/1/3062 3220/1/3220 3272/1/3272
f 3192/1/3192 3219/1/3219 3061/1/3061
f 3219/1/3219 3192/1/3192 3120/1/3120
f 3193/1/3193 3273/1/3273 3221/1/3221
f 3192/1/3192 3274/1/3274 3120/1/3120
f 3193/1/3193 3019/1/3019 3194/1/3194
f 3327/1/3327 3297/1/3297 3087/1/3087
f 3393/1/3393 3065/1/3065 3276/1/3276
f 3394/1/3394 3395/1/3395 3198/1/3198
f 3222/1/3222 3277/1/3277 3301/1/3301
f 3092/1/3092 3281/1/3281 3277/1/3277
f 3285/1/3285 3024/1/3024 3126/1/3126
f 3285/1/3285 3225/1/3225 3024/1/3024
f 3331/1/3331 2998/1/2998 3067/1/3067
f 3331/1/3331 3067/1/3067 3401/1/3401
f 3227/1/3227 3132/1/3132 3228/1/3228
f 3133/1/3133 3098/1/3098 3228/1/3228
f 3097/1/3097 3227/1/3227 3229/1/3229
f 3228/1/3228 3229/1/3229 3227/1/3227
f 3235/1/3235 3097/1/3097 3229/1/3229
f 3229/1/3229 3233/1/3233 3235/1/3235
f 3231/1/3231 3233/1/3233 3229/1/3229
f 3237/1/3237 3230/1/3230 3229/1/3229
f 3228/1/3228 3237/1/3237 3229/1/3229
f 3230/1/3230 3231/1/3231 3229/1/3229
f 3228/1/3228 3234/1/3234 3237/1/3237
f 3098/1/3098 3234/1/3234 3228/1/3228
f 3230/1/3230 3232/1/3232 3231/1/3231
f 3239/1/3239 3237/1/3237 3234/1/3234
f 3233/1/3233 3288/1/3288 3235/1/3235
f 3237/1/3237 3241/1/3241 3230/1/3230
f 3243/1/3243 3232/1/3232 3230/1/3230
f 3241/1/3241 3243/1/3243 3230/1/3230
f 3098/1/3098 3202/1/3202 3234/1/3234
f 3236/1/3236 3136/1/3136 3235/1/3235
f 3202/1/3202 3238/1/3238 3234/1/3234
f 3136/1/3136 3236/1/3236 3203/1/3203
f 3288/1/3288 3236/1/3236 3235/1/3235
f 3232/1/3232 3243/1/3243 3289/1/3289
f 3240/1/3240 3203/1/3203 3236/1/3236
f 3240/1/3240 3236/1/3236 3288/1/3288
f 3240/1/3240 3242/1/3242 3203/1/3203
f 3238/1/3238 3239/1/3239 3234/1/3234
f 3289/1/3289 3243/1/3243 3244/1/3244
f 3238/1/3238 3204/1/3204 3239/1/3239
f 3241/1/3241 3244/1/3244 3243/1/3243
f 3145/1/3145 3242/1/3242 3245/1/3245
f 3241/1/3241 3248/1/3248 3244/1/3244
f 3250/1/3250 3241/1/3241 3237/1/3237
f 3239/1/3239 3250/1/3250 3237/1/3237
f 3204/1/3204 3250/1/3250 3239/1/3239
f 3105/1/3105 3402/1/3402 3337/1/3337
f 3242/1/3242 3246/1/3246 3245/1/3245
f 3425/1/3425 3247/1/3247 3102/1/3102
f 3337/1/3337 3425/1/3425 3102/1/3102
f 3166/1/3166 3250/1/3250 3204/1/3204
f 3253/1/3253 3154/1/3154 3249/1/3249
f 3166/1/3166 3258/1/3258 3250/1/3250
f 3247/1/3247 3261/1/3261 3206/1/3206
f 3261/1/3261 3164/1/3164 3206/1/3206
f 3254/1/3254 3249/1/3249 3207/1/3207
f 3245/1/3245 3291/1/3291 3207/1/3207
f 3251/1/3251 3291/1/3291 3245/1/3245
f 3246/1/3246 3251/1/3251 3245/1/3245
f 3241/1/3241 3257/1/3257 3248/1/3248
f 3257/1/3257 3264/1/3264 3248/1/3248
f 3247/1/3247 3341/1/3341 3261/1/3261
f 3208/1/3208 3162/1/3162 3209/1/3209
f 3256/1/3256 3208/1/3208 3209/1/3209
f 3209/1/3209 3162/1/3162 3253/1/3253
f 3250/1/3250 3257/1/3257 3241/1/3241
f 3250/1/3250 3258/1/3258 3257/1/3257
f 3291/1/3291 3254/1/3254 3207/1/3207
f 3259/1/3259 3262/1/3262 3255/1/3255
f 3209/1/3209 3260/1/3260 3256/1/3256
f 3260/1/3260 3209/1/3209 3253/1/3253
f 3256/1/3256 3263/1/3263 3259/1/3259
f 3291/1/3291 3312/1/3312 3254/1/3254
f 3345/1/3345 3210/1/3210 3261/1/3261
f 3263/1/3263 3262/1/3262 3259/1/3259
f 3260/1/3260 3263/1/3263 3256/1/3256
f 3174/1/3174 3257/1/3257 3258/1/3258
f 3317/1/3317 3210/1/3210 3345/1/3345
f 3257/1/3257 3174/1/3174 3264/1/3264
f 3171/1/3171 3172/1/3172 3265/1/3265
f 3172/1/3172 3210/1/3210 3359/1/3359
f 3317/1/3317 3359/1/3359 3210/1/3210
f 3293/1/3293 3109/1/3109 3265/1/3265
f 3264/1/3264 3174/1/3174 3318/1/3318
f 3174/1/3174 3211/1/3211 3318/1/3318
f 3266/1/3266 3318/1/3318 3211/1/3211
f 3112/1/3112 3175/1/3175 3267/1/3267
f 3211/1/3211 3268/1/3268 3266/1/3266
f 3183/1/3183 3294/1/3294 3269/1/3269
f 3269/1/3269 3213/1/3213 3183/1/3183
f 3381/1/3381 3214/1/3214 3213/1/3213
f 3183/1/3183 3054/1/3054 3294/1/3294
f 3054/1/3054 3322/1/3322 3294/1/3294
f 3270/1/3270 3185/1/3185 3483/1/3483
f 3271/1/3271 3410/1/3410 3187/1/3187
f 3270/1/3270 3383/1/3383 3217/1/3217
f 3187/1/3187 3189/1/3189 3271/1/3271
f 3271/1/3271 3216/1/3216 3384/1/3384
f 3189/1/3189 3216/1/3216 3271/1/3271
f 3323/1/3323 3217/1/3217 3383/1/3383
f 3384/1/3384 3216/1/3216 3324/1/3324
f 3216/1/3216 3218/1/3218 3324/1/3324
f 3218/1/3218 3295/1/3295 3324/1/3324
f 3218/1/3218 3190/1/3190 3295/1/3295
f 3084/1/3084 3323/1/3323 3326/1/3326
f 3191/1/3191 3295/1/3295 3190/1/3190
f 3191/1/3191 3119/1/3119 3296/1/3296
f 3062/1/3062 3272/1/3272 3296/1/3296
f 3273/1/3273 3272/1/3272 3220/1/3220
f 3297/1/3297 3327/1/3327 3538/1/3538
f 3297/1/3297 3195/1/3195 3087/1/3087
f 3197/1/3197 3065/1/3065 3196/1/3196
f 3392/1/3392 3198/1/3198 3089/1/3089
f 3276/1/3276 3222/1/3222 3300/1/3300
f 3222/1/3222 3301/1/3301 3300/1/3300
f 3277/1/3277 3281/1/3281 3397/1/3397
f 3122/1/3122 3457/1/3457 3123/1/3123
f 3330/1/3330 3124/1/3124 3123/1/3123
f 3092/1/3092 3282/1/3282 3281/1/3281
f 3124/1/3124 3330/1/3330 3279/1/3279
f 3124/1/3124 3279/1/3279 3223/1/3223
f 3278/1/3278 3284/1/3284 3280/1/3280
f 3281/1/3281 3282/1/3282 3278/1/3278
f 3125/1/3125 3223/1/3223 3279/1/3279
f 3283/1/3283 3125/1/3125 3279/1/3279
f 3282/1/3282 3200/1/3200 3284/1/3284
f 3282/1/3282 3284/1/3284 3278/1/3278
f 3126/1/3126 3125/1/3125 3283/1/3283
f 3284/1/3284 3287/1/3287 3280/1/3280
f 3285/1/3285 3126/1/3126 3283/1/3283
f 3284/1/3284 3224/1/3224 3287/1/3287
f 3200/1/3200 3224/1/3224 3284/1/3284
f 3225/1/3225 3285/1/3285 3286/1/3286
f 3423/1/3423 3201/1/3201 3286/1/3286
f 3287/1/3287 3066/1/3066 3331/1/3331
f 3224/1/3224 3066/1/3066 3287/1/3287
f 3201/1/3201 3225/1/3225 3286/1/3286
f 3423/1/3423 3226/1/3226 3201/1/3201
f 3233/1/3233 3302/1/3302 3303/1/3303
f 3233/1/3233 3231/1/3231 3302/1/3302
f 3233/1/3233 3303/1/3303 3288/1/3288
f 3232/1/3232 3305/1/3305 3304/1/3304
f 3232/1/3232 3289/1/3289 3305/1/3305
f 3240/1/3240 3307/1/3307 3242/1/3242
f 3290/1/3290 3289/1/3289 3244/1/3244
f 3205/1/3205 3402/1/3402 3105/1/3105
f 3248/1/3248 3336/1/3336 3244/1/3244
f 3242/1/3242 3308/1/3308 3246/1/3246
f 3247/1/3247 3425/1/3425 3424/1/3424
f 3205/1/3205 3340/1/3340 3427/1/3427
f 3157/1/3157 3340/1/3340 3205/1/3205
f 3247/1/3247 3424/1/3424 3341/1/3341
f 3246/1/3246 3309/1/3309 3251/1/3251
f 3311/1/3311 3253/1/3253 3249/1/3249
f 3341/1/3341 3345/1/3345 3261/1/3261
f 3310/1/3310 3255/1/3255 3262/1/3262
f 3253/1/3253 3313/1/3313 3260/1/3260
f 3251/1/3251 3348/1/3348 3291/1/3291
f 3262/1/3262 3314/1/3314 3310/1/3310
f 3263/1/3263 3313/1/3313 3315/1/3315
f 3264/1/3264 3316/1/3316 3248/1/3248
f 3264/1/3264 3318/1/3318 3316/1/3316
f 3265/1/3265 3292/1/3292 3293/1/3293
f 3172/1/3172 3292/1/3292 3265/1/3265
f 3368/1/3368 3267/1/3267 3175/1/3175
f 3266/1/3266 3268/1/3268 3319/1/3319
f 3268/1/3268 3179/1/3179 3319/1/3319
f 3267/1/3267 3442/1/3442 3212/1/3212
f 3319/1/3319 3179/1/3179 3215/1/3215
f 3319/1/3319 3215/1/3215 3320/1/3320
f 3381/1/3381 3213/1/3213 3380/1/3380
f 3381/1/3381 3320/1/3320 3215/1/3215
f 3215/1/3215 3214/1/3214 3381/1/3381
f 3410/1/3410 3322/1/3322 3187/1/3187
f 3295/1/3295 3191/1/3191 3325/1/3325
f 3385/1/3385 3325/1/3325 3191/1/3191
f 3061/1/3061 3326/1/3326 3413/1/3413
f 3386/1/3386 3296/1/3296 3272/1/3272
f 3272/1/3272 3273/1/3273 3386/1/3386
f 3274/1/3274 3192/1/3192 3327/1/3327
f 3194/1/3194 3063/1/3063 3298/1/3298
f 3063/1/3063 3275/1/3275 3298/1/3298
f 3297/1/3297 3328/1/3328 3195/1/3195
f 3390/1/3390 3121/1/3121 3195/1/3195
f 3275/1/3275 3196/1/3196 3299/1/3299
f 3121/1/3121 3390/1/3390 3391/1/3391
f 3065/1/3065 3393/1/3393 3329/1/3329
f 3392/1/3392 3121/1/3121 3391/1/3391
f 3121/1/3121 3392/1/3392 3089/1/3089
f 3394/1/3394 3198/1/3198 3392/1/3392
f 3301/1/3301 3277/1/3277 3397/1/3397
f 3457/1/3457 3199/1/3199 3499/1/3499
f 3122/1/3122 3199/1/3199 3457/1/3457
f 3278/1/3278 3458/1/3458 3281/1/3281
f 3331/1/3331 3401/1/3401 3422/1/3422
f 3401/1/3401 3226/1/3226 3400/1/3400
f 3127/1/3127 3226/1/3226 3401/1/3401
f 3232/1/3232 3302/1/3302 3231/1/3231
f 3232/1/3232 3304/1/3304 3302/1/3302
f 3288/1/3288 3303/1/3303 3306/1/3306
f 3306/1/3306 3334/1/3334 3288/1/3288
f 3288/1/3288 3334/1/3334 3240/1/3240
f 3290/1/3290 3305/1/3305 3289/1/3289
f 3240/1/3240 3334/1/3334 3307/1/3307
f 3244/1/3244 3336/1/3336 3290/1/3290
f 3242/1/3242 3307/1/3307 3338/1/3338
f 3402/1/3402 3205/1/3205 3427/1/3427
f 3242/1/3242 3338/1/3338 3308/1/3308
f 3252/1/3252 3340/1/3340 3157/1/3157
f 3246/1/3246 3308/1/3308 3309/1/3309
f 3252/1/3252 3255/1/3255 3344/1/3344
f 3255/1/3255 3310/1/3310 3344/1/3344
f 3254/1/3254 3311/1/3311 3249/1/3249
f 3311/1/3311 3313/1/3313 3253/1/3253
f 3311/1/3311 3254/1/3254 3312/1/3312
f 3309/1/3309 3348/1/3348 3251/1/3251
f 3336/1/3336 3248/1/3248 3316/1/3316
f 3291/1/3291 3347/1/3347 3312/1/3312
f 3347/1/3347 3291/1/3291 3348/1/3348
f 3263/1/3263 3260/1/3260 3313/1/3313
f 3262/1/3262 3263/1/3263 3314/1/3314
f 3314/1/3314 3263/1/3263 3315/1/3315
f 3172/1/3172 3360/1/3360 3292/1/3292
f 3172/1/3172 3359/1/3359 3360/1/3360
f 2966/1/2966 3293/1/3293 3368/1/3368
f 3380/1/3380 3213/1/3213 3269/1/3269
f 3322/1/3322 3321/1/3321 3294/1/3294
f 3382/1/3382 3271/1/3271 3384/1/3384
f 3324/1/3324 3295/1/3295 3325/1/3325
f 3414/1/3414 3325/1/3325 3385/1/3385
f 3061/1/3061 3413/1/3413 3192/1/3192
f 3416/1/3416 3194/1/3194 3387/1/3387
f 3298/1/3298 3387/1/3387 3194/1/3194
f 3298/1/3298 3275/1/3275 3299/1/3299
f 3195/1/3195 3328/1/3328 3390/1/3390
f 3299/1/3299 3196/1/3196 3389/1/3389
f 3196/1/3196 3065/1/3065 3329/1/3329
f 3389/1/3389 3196/1/3196 3329/1/3329
f 3276/1/3276 3300/1/3300 3393/1/3393
f 3300/1/3300 3396/1/3396 3453/1/3453
f 3300/1/3300 3301/1/3301 3396/1/3396
f 3395/1/3395 3420/1/3420 3199/1/3199
f 3397/1/3397 3396/1/3396 3301/1/3301
f 3397/1/3397 3281/1/3281 3458/1/3458
f 3280/1/3280 3459/1/3459 3278/1/3278
f 3459/1/3459 3458/1/3458 3278/1/3278
f 3460/1/3460 3283/1/3283 3279/1/3279
f 3461/1/3461 3283/1/3283 3460/1/3460
f 3280/1/3280 3287/1/3287 3421/1/3421
f 3283/1/3283 3398/1/3398 3285/1/3285
f 3421/1/3421 3287/1/3287 3331/1/3331
f 3286/1/3286 3398/1/3398 3423/1/3423
f 3302/1/3302 3332/1/3332 3303/1/3303
f 3332/1/3332 3306/1/3306 3303/1/3303
f 3333/1/3333 3332/1/3332 3302/1/3302
f 3304/1/3304 3333/1/3333 3302/1/3302
f 3304/1/3304 3305/1/3305 3333/1/3333
f 3332/1/3332 3335/1/3335 3306/1/3306
f 3333/1/3333 3335/1/3335 3332/1/3332
f 3335/1/3335 3334/1/3334 3306/1/3306
f 3335/1/3335 3307/1/3307 3334/1/3334
f 3290/1/3290 3333/1/3333 3305/1/3305
f 3335/1/3335 3338/1/3338 3307/1/3307
f 3290/1/3290 3339/1/3339 3333/1/3333
f 3336/1/3336 3339/1/3339 3290/1/3290
f 3337/1/3337 3402/1/3402 3425/1/3425
f 3252/1/3252 3344/1/3344 3340/1/3340
f 3339/1/3339 3367/1/3367 3333/1/3333
f 3336/1/3336 3316/1/3316 3339/1/3339
f 3308/1/3308 3343/1/3343 3309/1/3309
f 3424/1/3424 3342/1/3342 3341/1/3341
f 3338/1/3338 3343/1/3343 3308/1/3308
f 3338/1/3338 3366/1/3366 3343/1/3343
f 3342/1/3342 3345/1/3345 3341/1/3341
f 3338/1/3338 3335/1/3335 3366/1/3366
f 3313/1/3313 3311/1/3311 3346/1/3346
f 3311/1/3311 3312/1/3312 3349/1/3349
f 3311/1/3311 3349/1/3349 3346/1/3346
f 3348/1/3348 3309/1/3309 3343/1/3343
f 3312/1/3312 3347/1/3347 3349/1/3349
f 3366/1/3366 3355/1/3355 3343/1/3343
f 3367/1/3367 3335/1/3335 3333/1/3333
f 3347/1/3347 3351/1/3351 3349/1/3349
f 3348/1/3348 3351/1/3351 3347/1/3347
f 3343/1/3343 3351/1/3351 3348/1/3348
f 3355/1/3355 3351/1/3351 3343/1/3343
f 3354/1/3354 3310/1/3310 3314/1/3314
f 3315/1/3315 3313/1/3313 3350/1/3350
f 3350/1/3350 3313/1/3313 3346/1/3346
f 3339/1/3339 3316/1/3316 3367/1/3367
f 3345/1/3345 3430/1/3430 3317/1/3317
f 3430/1/3430 3345/1/3345 3342/1/3342
f 3314/1/3314 3315/1/3315 3354/1/3354
f 3349/1/3349 3352/1/3352 3346/1/3346
f 3351/1/3351 3352/1/3352 3349/1/3349
f 3335/1/3335 3367/1/3367 3377/1/3377
f 3352/1/3352 3350/1/3350 3346/1/3346
f 3351/1/3351 3357/1/3357 3352/1/3352
f 3357/1/3357 3353/1/3353 3352/1/3352
f 3355/1/3355 3357/1/3357 3351/1/3351
f 3335/1/3335 3377/1/3377 3366/1/3366
f 3361/1/3361 3317/1/3317 3430/1/3430
f 3357/1/3357 3364/1/3364 3353/1/3353
f 3316/1/3316 3371/1/3371 3367/1/3367
f 3354/1/3354 3315/1/3315 3431/1/3431
f 3356/1/3356 3431/1/3431 3315/1/3315
f 3317/1/3317 3361/1/3361 3359/1/3359
f 3350/1/3350 3356/1/3356 3315/1/3315
f 3318/1/3318 3371/1/3371 3316/1/3316
f 3352/1/3352 3362/1/3362 3350/1/3350
f 3358/1/3358 3362/1/3362 3352/1/3352
f 3352/1/3352 3353/1/3353 3358/1/3358
f 3353/1/3353 3364/1/3364 3372/1/3372
f 3371/1/3371 3374/1/3374 3367/1/3367
f 3361/1/3361 3360/1/3360 3359/1/3359
f 3362/1/3362 3356/1/3356 3350/1/3350
f 3358/1/3358 3405/1/3405 3362/1/3362
f 3293/1/3293 3292/1/3292 3466/1/3466
f 3360/1/3360 3467/1/3467 3292/1/3292
f 3363/1/3363 3361/1/3361 3430/1/3430
f 3356/1/3356 3362/1/3362 3365/1/3365
f 3467/1/3467 3466/1/3466 3292/1/3292
f 3360/1/3360 3369/1/3369 3467/1/3467
f 3361/1/3361 3369/1/3369 3360/1/3360
f 3373/1/3373 3369/1/3369 3361/1/3361
f 3363/1/3363 3373/1/3373 3361/1/3361
f 3437/1/3437 3365/1/3365 3362/1/3362
f 3293/1/3293 3466/1/3466 3368/1/3368
f 3370/1/3370 3373/1/3373 3363/1/3363
f 3405/1/3405 3437/1/3437 3362/1/3362
f 3318/1/3318 3266/1/3266 3371/1/3371
f 3374/1/3374 3377/1/3377 3367/1/3367
f 3373/1/3373 3406/1/3406 3369/1/3369
f 3364/1/3364 3408/1/3408 3372/1/3372
f 3371/1/3371 3266/1/3266 3374/1/3374
f 3377/1/3377 3375/1/3375 3366/1/3366
f 3374/1/3374 3379/1/3379 3377/1/3377
f 3374/1/3374 3266/1/3266 3379/1/3379
f 3376/1/3376 3378/1/3378 3375/1/3375
f 3319/1/3319 3379/1/3379 3266/1/3266
f 3377/1/3377 3376/1/3376 3375/1/3375
f 3377/1/3377 3381/1/3381 3376/1/3376
f 3319/1/3319 3320/1/3320 3379/1/3379
f 3381/1/3381 3380/1/3380 3376/1/3376
f 3379/1/3379 3320/1/3320 3377/1/3377
f 3320/1/3320 3381/1/3381 3377/1/3377
f 3212/1/3212 3442/1/3442 3185/1/3185
f 3380/1/3380 3378/1/3378 3376/1/3376
f 3269/1/3269 3294/1/3294 3378/1/3378
f 3380/1/3380 3269/1/3269 3378/1/3378
f 3442/1/3442 3483/1/3483 3185/1/3185
f 3410/1/3410 3321/1/3321 3322/1/3322
f 3410/1/3410 3271/1/3271 3382/1/3382
f 3384/1/3384 3324/1/3324 3484/1/3484
f 3324/1/3324 3325/1/3325 3411/1/3411
f 3412/1/3412 3326/1/3326 3323/1/3323
f 3325/1/3325 3414/1/3414 3445/1/3445
f 3191/1/3191 3296/1/3296 3385/1/3385
f 3296/1/3296 3415/1/3415 3385/1/3385
f 3386/1/3386 3472/1/3472 3296/1/3296
f 3386/1/3386 3273/1/3273 3448/1/3448
f 3413/1/3413 3473/1/3473 3192/1/3192
f 3273/1/3273 3193/1/3193 3448/1/3448
f 3193/1/3193 3194/1/3194 3416/1/3416
f 3327/1/3327 3192/1/3192 3538/1/3538
f 3538/1/3538 3417/1/3417 3297/1/3297
f 3387/1/3387 3299/1/3299 3450/1/3450
f 3298/1/3298 3299/1/3299 3387/1/3387
f 3299/1/3299 3388/1/3388 3450/1/3450
f 3299/1/3299 3389/1/3389 3388/1/3388
f 3329/1/3329 3388/1/3388 3389/1/3389
f 3329/1/3329 3418/1/3418 3388/1/3388
f 3329/1/3329 3452/1/3452 3418/1/3418
f 3329/1/3329 3393/1/3393 3452/1/3452
f 3451/1/3451 3392/1/3392 3391/1/3391
f 3419/1/3419 3392/1/3392 3451/1/3451
f 3393/1/3393 3453/1/3453 3452/1/3452
f 3394/1/3394 3392/1/3392 3419/1/3419
f 3393/1/3393 3300/1/3300 3453/1/3453
f 3454/1/3454 3453/1/3453 3396/1/3396
f 3396/1/3396 3397/1/3397 3454/1/3454
f 3420/1/3420 3499/1/3499 3199/1/3199
f 3397/1/3397 3458/1/3458 3454/1/3454
f 3330/1/3330 3123/1/3123 3457/1/3457
f 3330/1/3330 3460/1/3460 3279/1/3279
f 3280/1/3280 3421/1/3421 3459/1/3459
f 3286/1/3286 3285/1/3285 3398/1/3398
f 3421/1/3421 3331/1/3331 3422/1/3422
f 3462/1/3462 3401/1/3401 3399/1/3399
f 3422/1/3422 3401/1/3401 3462/1/3462
f 3226/1/3226 3423/1/3423 3400/1/3400
f 3401/1/3401 3400/1/3400 3399/1/3399
f 3340/1/3340 3428/1/3428 3427/1/3427
f 3403/1/3403 3344/1/3344 3310/1/3310
f 3429/1/3429 3310/1/3310 3354/1/3354
f 3366/1/3366 3433/1/3433 3355/1/3355
f 3433/1/3433 3357/1/3357 3355/1/3355
f 3366/1/3366 3404/1/3404 3433/1/3433
f 3357/1/3357 3432/1/3432 3364/1/3364
f 3356/1/3356 3514/1/3514 3431/1/3431
f 3365/1/3365 3514/1/3514 3356/1/3356
f 3353/1/3353 3465/1/3465 3358/1/3358
f 3435/1/3435 3353/1/3353 3372/1/3372
f 3404/1/3404 3366/1/3366 3375/1/3375
f 3441/1/3441 3404/1/3404 3375/1/3375
f 3467/1/3467 3369/1/3369 3560/1/3560
f 3432/1/3432 3408/1/3408 3364/1/3364
f 3369/1/3369 3406/1/3406 3560/1/3560
f 3439/1/3439 3408/1/3408 3432/1/3432
f 3372/1/3372 3408/1/3408 3407/1/3407
f 3368/1/3368 3440/1/3440 3267/1/3267
f 3601/1/3601 3440/1/3440 3368/1/3368
f 3375/1/3375 3444/1/3444 3441/1/3441
f 3294/1/3294 3409/1/3409 3378/1/3378
f 3294/1/3294 3321/1/3321 3409/1/3409
f 3470/1/3470 3324/1/3324 3411/1/3411
f 3411/1/3411 3325/1/3325 3445/1/3445
f 3415/1/3415 3472/1/3472 3487/1/3487
f 3296/1/3296 3472/1/3472 3415/1/3415
f 3386/1/3386 3448/1/3448 3472/1/3472
f 3416/1/3416 3448/1/3448 3193/1/3193
f 3417/1/3417 3328/1/3328 3297/1/3297
f 3492/1/3492 3450/1/3450 3388/1/3388
f 3418/1/3418 3452/1/3452 3493/1/3493
f 3420/1/3420 3395/1/3395 3394/1/3394
f 3398/1/3398 3283/1/3283 3461/1/3461
f 3552/1/3552 3505/1/3505 3399/1/3399
f 3402/1/3402 3426/1/3426 3425/1/3425
f 3427/1/3427 3426/1/3426 3402/1/3402
f 3426/1/3426 3424/1/3424 3425/1/3425
f 3340/1/3340 3344/1/3344 3403/1/3403
f 3342/1/3342 3424/1/3424 3479/1/3479
f 3428/1/3428 3340/1/3340 3403/1/3403
f 3310/1/3310 3429/1/3429 3403/1/3403
f 3403/1/3403 3429/1/3429 3509/1/3509
f 3354/1/3354 3431/1/3431 3429/1/3429
f 3432/1/3432 3357/1/3357 3433/1/3433
f 3433/1/3433 3404/1/3404 3432/1/3432
f 3434/1/3434 3363/1/3363 3430/1/3430
f 3370/1/3370 3363/1/3363 3434/1/3434
f 3465/1/3465 3353/1/3353 3435/1/3435
f 3358/1/3358 3465/1/3465 3405/1/3405
f 3436/1/3436 3370/1/3370 3434/1/3434
f 3373/1/3373 3370/1/3370 3436/1/3436
f 3372/1/3372 3407/1/3407 3435/1/3435
f 3601/1/3601 3368/1/3368 3466/1/3466
f 3406/1/3406 3373/1/3373 3436/1/3436
f 3520/1/3520 3406/1/3406 3436/1/3436
f 3408/1/3408 3438/1/3438 3407/1/3407
f 3404/1/3404 3441/1/3441 3432/1/3432
f 3438/1/3438 3408/1/3408 3439/1/3439
f 3432/1/3432 3441/1/3441 3439/1/3439
f 3442/1/3442 3267/1/3267 3440/1/3440
f 3375/1/3375 3378/1/3378 3444/1/3444
f 3439/1/3439 3469/1/3469 3438/1/3438
f 3443/1/3443 3469/1/3469 3439/1/3439
f 3441/1/3441 3443/1/3443 3439/1/3439
f 3444/1/3444 3443/1/3443 3441/1/3441
f 3444/1/3444 3409/1/3409 3443/1/3443
f 3409/1/3409 3321/1/3321 3443/1/3443
f 3443/1/3443 3410/1/3410 3469/1/3469
f 3321/1/3321 3410/1/3410 3443/1/3443
f 3378/1/3378 3409/1/3409 3444/1/3444
f 3410/1/3410 3382/1/3382 3469/1/3469
f 3483/1/3483 3383/1/3383 3270/1/3270
f 3484/1/3484 3382/1/3382 3384/1/3384
f 3411/1/3411 3471/1/3471 3563/1/3563
f 3445/1/3445 3471/1/3471 3411/1/3411
f 3413/1/3413 3326/1/3326 3412/1/3412
f 3446/1/3446 3471/1/3471 3445/1/3445
f 3445/1/3445 3447/1/3447 3446/1/3446
f 3445/1/3445 3414/1/3414 3447/1/3447
f 3414/1/3414 3415/1/3415 3447/1/3447
f 3414/1/3414 3385/1/3385 3415/1/3415
f 3472/1/3472 3448/1/3448 3449/1/3449
f 3448/1/3448 3489/1/3489 3449/1/3449
f 3448/1/3448 3416/1/3416 3489/1/3489
f 3488/1/3488 3538/1/3538 3192/1/3192
f 3416/1/3416 3387/1/3387 3489/1/3489
f 3417/1/3417 3491/1/3491 3328/1/3328
f 3390/1/3390 3328/1/3328 3491/1/3491
f 3492/1/3492 3388/1/3388 3418/1/3418
f 3491/1/3491 3391/1/3391 3390/1/3390
f 3451/1/3451 3391/1/3391 3491/1/3491
f 3542/1/3542 3475/1/3475 3419/1/3419
f 3475/1/3475 3394/1/3394 3419/1/3419
f 3454/1/3454 3476/1/3476 3453/1/3453
f 3394/1/3394 3475/1/3475 3420/1/3420
f 3454/1/3454 3458/1/3458 3476/1/3476
f 3499/1/3499 3455/1/3455 3457/1/3457
f 3476/1/3476 3458/1/3458 3456/1/3456
f 3457/1/3457 3455/1/3455 3330/1/3330
f 3460/1/3460 3330/1/3330 3455/1/3455
f 3458/1/3458 3459/1/3459 3456/1/3456
f 3456/1/3456 3459/1/3459 3477/1/3477
f 3477/1/3477 3459/1/3459 3421/1/3421
f 3421/1/3421 3422/1/3422 3477/1/3477
f 3477/1/3477 3422/1/3422 3462/1/3462
f 3478/1/3478 3423/1/3423 3398/1/3398
f 3463/1/3463 3423/1/3423 3478/1/3478
f 3462/1/3462 3399/1/3399 3505/1/3505
f 3552/1/3552 3400/1/3400 3463/1/3463
f 3399/1/3399 3400/1/3400 3552/1/3552
f 3400/1/3400 3423/1/3423 3463/1/3463
f 3427/1/3427 3464/1/3464 3426/1/3426
f 3428/1/3428 3464/1/3464 3427/1/3427
f 3426/1/3426 3479/1/3479 3424/1/3424
f 3403/1/3403 3480/1/3480 3428/1/3428
f 3512/1/3512 3509/1/3509 3429/1/3429
f 3512/1/3512 3429/1/3429 3431/1/3431
f 3430/1/3430 3511/1/3511 3434/1/3434
f 3365/1/3365 3481/1/3481 3514/1/3514
f 3481/1/3481 3365/1/3365 3437/1/3437
f 3465/1/3465 3468/1/3468 3405/1/3405
f 3465/1/3465 3435/1/3435 3519/1/3519
f 3435/1/3435 3407/1/3407 3519/1/3519
f 3467/1/3467 3516/1/3516 3466/1/3466
f 3405/1/3405 3468/1/3468 3437/1/3437
f 3601/1/3601 3466/1/3466 3516/1/3516
f 3407/1/3407 3482/1/3482 3523/1/3523
f 3438/1/3438 3482/1/3482 3407/1/3407
f 3440/1/3440 3601/1/3601 3577/1/3577
f 3469/1/3469 3482/1/3482 3438/1/3438
f 3484/1/3484 3324/1/3324 3470/1/3470
f 3470/1/3470 3411/1/3411 3563/1/3563
f 3415/1/3415 3487/1/3487 3486/1/3486
f 3415/1/3415 3486/1/3486 3447/1/3447
f 3449/1/3449 3534/1/3534 3472/1/3472
f 3473/1/3473 3488/1/3488 3192/1/3192
f 3489/1/3489 3535/1/3535 3449/1/3449
f 3474/1/3474 3489/1/3489 3387/1/3387
f 3387/1/3387 3450/1/3450 3474/1/3474
f 3450/1/3450 3490/1/3490 3474/1/3474
f 3450/1/3450 3539/1/3539 3490/1/3490
f 3539/1/3539 3450/1/3450 3492/1/3492
f 3492/1/3492 3418/1/3418 3493/1/3493
f 3541/1/3541 3419/1/3419 3451/1/3451
f 3452/1/3452 3494/1/3494 3493/1/3493
f 3452/1/3452 3453/1/3453 3494/1/3494
f 3453/1/3453 3476/1/3476 3494/1/3494
f 3475/1/3475 3496/1/3496 3420/1/3420
f 3495/1/3495 3494/1/3494 3476/1/3476
f 3499/1/3499 3420/1/3420 3496/1/3496
f 3455/1/3455 3499/1/3499 3500/1/3500
f 3455/1/3455 3500/1/3500 3501/1/3501
f 3460/1/3460 3455/1/3455 3501/1/3501
f 3460/1/3460 3502/1/3502 3461/1/3461
f 3398/1/3398 3461/1/3461 3502/1/3502
f 3462/1/3462 3549/1/3549 3477/1/3477
f 3398/1/3398 3503/1/3503 3478/1/3478
f 3505/1/3505 3504/1/3504 3462/1/3462
f 3554/1/3554 3505/1/3505 3552/1/3552
f 3479/1/3479 3572/1/3572 3342/1/3342
f 3480/1/3480 3403/1/3403 3509/1/3509
f 3342/1/3342 3572/1/3572 3430/1/3430
f 3514/1/3514 3512/1/3512 3431/1/3431
f 3434/1/3434 3558/1/3558 3598/1/3598
f 3434/1/3434 3511/1/3511 3558/1/3558
f 3598/1/3598 3436/1/3436 3434/1/3434
f 3437/1/3437 3468/1/3468 3481/1/3481
f 3519/1/3519 3468/1/3468 3465/1/3465
f 3482/1/3482 3469/1/3469 3527/1/3527
f 3469/1/3469 3382/1/3382 3527/1/3527
f 3382/1/3382 3484/1/3484 3527/1/3527
f 3483/1/3483 3529/1/3529 3383/1/3383
f 3383/1/3383 3613/1/3613 3323/1/3323
f 3413/1/3413 3412/1/3412 3564/1/3564
f 3486/1/3486 3485/1/3485 3446/1/3446
f 3486/1/3486 3446/1/3446 3447/1/3447
f 3472/1/3472 3534/1/3534 3487/1/3487
f 3532/1/3532 3473/1/3473 3413/1/3413
f 3534/1/3534 3449/1/3449 3535/1/3535
f 3488/1/3488 3565/1/3565 3538/1/3538
f 3538/1/3538 3645/1/3645 3417/1/3417
f 3419/1/3419 3541/1/3541 3542/1/3542
f 3542/1/3542 3544/1/3544 3475/1/3475
f 3495/1/3495 3476/1/3476 3498/1/3498
f 3499/1/3499 3496/1/3496 3497/1/3497
f 3498/1/3498 3476/1/3476 3456/1/3456
f 3498/1/3498 3456/1/3456 3549/1/3549
f 3460/1/3460 3501/1/3501 3502/1/3502
f 3549/1/3549 3456/1/3456 3477/1/3477
f 3503/1/3503 3398/1/3398 3502/1/3502
f 3570/1/3570 3478/1/3478 3503/1/3503
f 3462/1/3462 3504/1/3504 3549/1/3549
f 3478/1/3478 3570/1/3570 3463/1/3463
f 3426/1/3426 3464/1/3464 3479/1/3479
f 3464/1/3464 3506/1/3506 3479/1/3479
f 3428/1/3428 3507/1/3507 3464/1/3464
f 3506/1/3506 3508/1/3508 3479/1/3479
f 3464/1/3464 3507/1/3507 3506/1/3506
f 3508/1/3508 3572/1/3572 3479/1/3479
f 3480/1/3480 3507/1/3507 3428/1/3428
f 3573/1/3573 3572/1/3572 3508/1/3508
f 3480/1/3480 3510/1/3510 3507/1/3507
f 3480/1/3480 3509/1/3509 3510/1/3510
f 3572/1/3572 3557/1/3557 3430/1/3430
f 3512/1/3512 3510/1/3510 3509/1/3509
f 3512/1/3512 3513/1/3513 3510/1/3510
f 3430/1/3430 3557/1/3557 3511/1/3511
f 3517/1/3517 3513/1/3513 3512/1/3512
f 3515/1/3515 3517/1/3517 3512/1/3512
f 3514/1/3514 3515/1/3515 3512/1/3512
f 3514/1/3514 3481/1/3481 3515/1/3515
f 3516/1/3516 3467/1/3467 3559/1/3559
f 3467/1/3467 3560/1/3560 3559/1/3559
f 3598/1/3598 3599/1/3599 3436/1/3436
f 3522/1/3522 3517/1/3517 3515/1/3515
f 3481/1/3481 3518/1/3518 3515/1/3515
f 3481/1/3481 3468/1/3468 3518/1/3518
f 3519/1/3519 3407/1/3407 3523/1/3523
f 3560/1/3560 3406/1/3406 3561/1/3561
f 3520/1/3520 3561/1/3561 3406/1/3406
f 3599/1/3599 3520/1/3520 3436/1/3436
f 3518/1/3518 3522/1/3522 3515/1/3515
f 3468/1/3468 3521/1/3521 3518/1/3518
f 3519/1/3519 3521/1/3521 3468/1/3468
f 3523/1/3523 3525/1/3525 3519/1/3519
f 3518/1/3518 3524/1/3524 3522/1/3522
f 3521/1/3521 3524/1/3524 3518/1/3518
f 3525/1/3525 3521/1/3521 3519/1/3519
f 3524/1/3524 3576/1/3576 3522/1/3522
f 3523/1/3523 3482/1/3482 3525/1/3525
f 3524/1/3524 3602/1/3602 3576/1/3576
f 3525/1/3525 3524/1/3524 3521/1/3521
f 3482/1/3482 3527/1/3527 3525/1/3525
f 3525/1/3525 3526/1/3526 3524/1/3524
f 3527/1/3527 3528/1/3528 3525/1/3525
f 3611/1/3611 3442/1/3442 3440/1/3440
f 3525/1/3525 3528/1/3528 3526/1/3526
f 3528/1/3528 3530/1/3530 3526/1/3526
f 3483/1/3483 3442/1/3442 3611/1/3611
f 3483/1/3483 3611/1/3611 3529/1/3529
f 3530/1/3530 3562/1/3562 3526/1/3526
f 3527/1/3527 3484/1/3484 3528/1/3528
f 3531/1/3531 3562/1/3562 3530/1/3530
f 3383/1/3383 3529/1/3529 3613/1/3613
f 3484/1/3484 3470/1/3470 3528/1/3528
f 3323/1/3323 3613/1/3613 3412/1/3412
f 3528/1/3528 3470/1/3470 3530/1/3530
f 3530/1/3530 3563/1/3563 3531/1/3531
f 3470/1/3470 3563/1/3563 3530/1/3530
f 3412/1/3412 3613/1/3613 3564/1/3564
f 3563/1/3563 3471/1/3471 3579/1/3579
f 3471/1/3471 3485/1/3485 3579/1/3579
f 3471/1/3471 3446/1/3446 3485/1/3485
f 3486/1/3486 3533/1/3533 3485/1/3485
f 3487/1/3487 3534/1/3534 3486/1/3486
f 3534/1/3534 3533/1/3533 3486/1/3486
f 3534/1/3534 3535/1/3535 3533/1/3533
f 3533/1/3533 3537/1/3537 3536/1/3536
f 3535/1/3535 3537/1/3537 3533/1/3533
f 3473/1/3473 3565/1/3565 3488/1/3488
f 3489/1/3489 3537/1/3537 3535/1/3535
f 3489/1/3489 3474/1/3474 3537/1/3537
f 3474/1/3474 3490/1/3490 3537/1/3537
f 3603/1/3603 3417/1/3417 3645/1/3645
f 3649/1/3649 3451/1/3451 3491/1/3491
f 3493/1/3493 3540/1/3540 3492/1/3492
f 3540/1/3540 3493/1/3493 3543/1/3543
f 3493/1/3493 3494/1/3494 3543/1/3543
f 3543/1/3543 3494/1/3494 3566/1/3566
f 3585/1/3585 3545/1/3545 3544/1/3544
f 3544/1/3544 3496/1/3496 3475/1/3475
f 3545/1/3545 3496/1/3496 3544/1/3544
f 3585/1/3585 3567/1/3567 3545/1/3545
f 3494/1/3494 3495/1/3495 3566/1/3566
f 3545/1/3545 3497/1/3497 3496/1/3496
f 3495/1/3495 3546/1/3546 3566/1/3566
f 3567/1/3567 3547/1/3547 3545/1/3545
f 3547/1/3547 3497/1/3497 3545/1/3545
f 3495/1/3495 3498/1/3498 3546/1/3546
f 3547/1/3547 3500/1/3500 3497/1/3497
f 3500/1/3500 3499/1/3499 3497/1/3497
f 3546/1/3546 3498/1/3498 3568/1/3568
f 3498/1/3498 3549/1/3549 3568/1/3568
f 3547/1/3547 3501/1/3501 3500/1/3500
f 3548/1/3548 3501/1/3501 3547/1/3547
f 3568/1/3568 3549/1/3549 3550/1/3550
f 3548/1/3548 3502/1/3502 3501/1/3501
f 3503/1/3503 3502/1/3502 3548/1/3548
f 3549/1/3549 3504/1/3504 3550/1/3550
f 3550/1/3550 3504/1/3504 3551/1/3551
f 3595/1/3595 3463/1/3463 3570/1/3570
f 3595/1/3595 3553/1/3553 3463/1/3463
f 3551/1/3551 3505/1/3505 3554/1/3554
f 3504/1/3504 3505/1/3505 3551/1/3551
f 3552/1/3552 3463/1/3463 3553/1/3553
f 3554/1/3554 3552/1/3552 3553/1/3553
f 3507/1/3507 3555/1/3555 3571/1/3571
f 3510/1/3510 3555/1/3555 3507/1/3507
f 3510/1/3510 3556/1/3556 3555/1/3555
f 3510/1/3510 3513/1/3513 3556/1/3556
f 3513/1/3513 3517/1/3517 3609/1/3609
f 3520/1/3520 3599/1/3599 3561/1/3561
f 3602/1/3602 3524/1/3524 3526/1/3526
f 3580/1/3580 3485/1/3485 3533/1/3533
f 3413/1/3413 3564/1/3564 3532/1/3532
f 3532/1/3532 3564/1/3564 3673/1/3673
f 3532/1/3532 3581/1/3581 3473/1/3473
f 3473/1/3473 3581/1/3581 3565/1/3565
f 3565/1/3565 3645/1/3645 3538/1/3538
f 3491/1/3491 3417/1/3417 3649/1/3649
f 3492/1/3492 3540/1/3540 3539/1/3539
f 3451/1/3451 3649/1/3649 3583/1/3583
f 3583/1/3583 3541/1/3541 3451/1/3451
f 3566/1/3566 3546/1/3546 3586/1/3586
f 3590/1/3590 3567/1/3567 3587/1/3587
f 3547/1/3547 3567/1/3567 3590/1/3590
f 3546/1/3546 3568/1/3568 3586/1/3586
f 3547/1/3547 3590/1/3590 3548/1/3548
f 3568/1/3568 3550/1/3550 3591/1/3591
f 3548/1/3548 3590/1/3590 3569/1/3569
f 3548/1/3548 3569/1/3569 3503/1/3503
f 3550/1/3550 3551/1/3551 3591/1/3591
f 3569/1/3569 3594/1/3594 3570/1/3570
f 3570/1/3570 3503/1/3503 3569/1/3569
f 3551/1/3551 3554/1/3554 3593/1/3593
f 3554/1/3554 3553/1/3553 3596/1/3596
f 3573/1/3573 3508/1/3508 3506/1/3506
f 3506/1/3506 3507/1/3507 3571/1/3571
f 3506/1/3506 3571/1/3571 3573/1/3573
f 3572/1/3572 3573/1/3573 3557/1/3557
f 3571/1/3571 3574/1/3574 3573/1/3573
f 3597/1/3597 3574/1/3574 3571/1/3571
f 3573/1/3573 3574/1/3574 3557/1/3557
f 3555/1/3555 3597/1/3597 3571/1/3571
f 3558/1/3558 3557/1/3557 3574/1/3574
f 3556/1/3556 3597/1/3597 3555/1/3555
f 3575/1/3575 3558/1/3558 3574/1/3574
f 3558/1/3558 3511/1/3511 3557/1/3557
f 3513/1/3513 3609/1/3609 3556/1/3556
f 3575/1/3575 3598/1/3598 3558/1/3558
f 3559/1/3559 3600/1/3600 3516/1/3516
f 3559/1/3559 3560/1/3560 3561/1/3561
f 3517/1/3517 3522/1/3522 3576/1/3576
f 3629/1/3629 3601/1/3601 3516/1/3516
f 3602/1/3602 3610/1/3610 3576/1/3576
f 3634/1/3634 3440/1/3440 3577/1/3577
f 3440/1/3440 3634/1/3634 3611/1/3611
f 3602/1/3602 3526/1/3526 3578/1/3578
f 3526/1/3526 3562/1/3562 3578/1/3578
f 3562/1/3562 3531/1/3531 3612/1/3612
f 3563/1/3563 3579/1/3579 3531/1/3531
f 3613/1/3613 3673/1/3673 3564/1/3564
f 3673/1/3673 3581/1/3581 3532/1/3532
f 3533/1/3533 3536/1/3536 3580/1/3580
f 3536/1/3536 3644/1/3644 3580/1/3580
f 3614/1/3614 3582/1/3582 3536/1/3536
f 3536/1/3536 3537/1/3537 3614/1/3614
f 3537/1/3537 3490/1/3490 3614/1/3614
f 3490/1/3490 3604/1/3604 3614/1/3614
f 3490/1/3490 3539/1/3539 3604/1/3604
f 3603/1/3603 3649/1/3649 3417/1/3417
f 3604/1/3604 3539/1/3539 3540/1/3540
f 3584/1/3584 3541/1/3541 3583/1/3583
f 3542/1/3542 3541/1/3541 3584/1/3584
f 3606/1/3606 3544/1/3544 3542/1/3542
f 3652/1/3652 3543/1/3543 3654/1/3654
f 3585/1/3585 3617/1/3617 3587/1/3587
f 3585/1/3585 3587/1/3587 3567/1/3567
f 3588/1/3588 3590/1/3590 3587/1/3587
f 3586/1/3586 3568/1/3568 3607/1/3607
f 3589/1/3589 3590/1/3590 3588/1/3588
f 3568/1/3568 3591/1/3591 3607/1/3607
f 3589/1/3589 3569/1/3569 3590/1/3590
f 3594/1/3594 3569/1/3569 3589/1/3589
f 3592/1/3592 3594/1/3594 3589/1/3589
f 3591/1/3591 3551/1/3551 3593/1/3593
f 3596/1/3596 3594/1/3594 3592/1/3592
f 3593/1/3593 3596/1/3596 3592/1/3592
f 3595/1/3595 3570/1/3570 3594/1/3594
f 3596/1/3596 3595/1/3595 3594/1/3594
f 3554/1/3554 3596/1/3596 3593/1/3593
f 3596/1/3596 3553/1/3553 3595/1/3595
f 3575/1/3575 3574/1/3574 3620/1/3620
f 3574/1/3574 3619/1/3619 3620/1/3620
f 3575/1/3575 3623/1/3623 3598/1/3598
f 3556/1/3556 3609/1/3609 3621/1/3621
f 3517/1/3517 3627/1/3627 3609/1/3609
f 3516/1/3516 3600/1/3600 3629/1/3629
f 3517/1/3517 3576/1/3576 3631/1/3631
f 3601/1/3601 3629/1/3629 3577/1/3577
f 3562/1/3562 3639/1/3639 3578/1/3578
f 3611/1/3611 3686/1/3686 3529/1/3529
f 3529/1/3529 3672/1/3672 3613/1/3613
f 3579/1/3579 3485/1/3485 3641/1/3641
f 3641/1/3641 3485/1/3485 3580/1/3580
f 3581/1/3581 3645/1/3645 3565/1/3565
f 3540/1/3540 3605/1/3605 3604/1/3604
f 3540/1/3540 3543/1/3543 3652/1/3652
f 3542/1/3542 3584/1/3584 3606/1/3606
f 3566/1/3566 3616/1/3616 3654/1/3654
f 3543/1/3543 3566/1/3566 3654/1/3654
f 3544/1/3544 3606/1/3606 3585/1/3585
f 3585/1/3585 3606/1/3606 3617/1/3617
f 3566/1/3566 3586/1/3586 3616/1/3616
f 3587/1/3587 3617/1/3617 3588/1/3588
f 3589/1/3589 3588/1/3588 3660/1/3660
f 3589/1/3589 3663/1/3663 3592/1/3592
f 3663/1/3663 3664/1/3664 3592/1/3592
f 3664/1/3664 3608/1/3608 3592/1/3592
f 3593/1/3593 3592/1/3592 3608/1/3608
f 3597/1/3597 3619/1/3619 3574/1/3574
f 3621/1/3621 3619/1/3619 3597/1/3597
f 3556/1/3556 3621/1/3621 3597/1/3597
f 3575/1/3575 3620/1/3620 3623/1/3623
f 3623/1/3623 3599/1/3599 3598/1/3598
f 3600/1/3600 3559/1/3559 3680/1/3680
f 3680/1/3680 3559/1/3559 3666/1/3666
f 3561/1/3561 3599/1/3599 3630/1/3630
f 3599/1/3599 3623/1/3623 3630/1/3630
f 3561/1/3561 3666/1/3666 3559/1/3559
f 3627/1/3627 3517/1/3517 3631/1/3631
f 3631/1/3631 3576/1/3576 3610/1/3610
f 3602/1/3602 3578/1/3578 3610/1/3610
f 3562/1/3562 3612/1/3612 3639/1/3639
f 3529/1/3529 3686/1/3686 3672/1/3672
f 3612/1/3612 3531/1/3531 3579/1/3579
f 3644/1/3644 3695/1/3695 3580/1/3580
f 3644/1/3644 3536/1/3536 3582/1/3582
f 3582/1/3582 3614/1/3614 3646/1/3646
f 3646/1/3646 3614/1/3614 3604/1/3604
f 3604/1/3604 3605/1/3605 3646/1/3646
f 3605/1/3605 3540/1/3540 3615/1/3615
f 3540/1/3540 3652/1/3652 3615/1/3615
f 3616/1/3616 3586/1/3586 3657/1/3657
f 3657/1/3657 3586/1/3586 3607/1/3607
f 3588/1/3588 3617/1/3617 3660/1/3660
f 3589/1/3589 3660/1/3660 3662/1/3662
f 3607/1/3607 3591/1/3591 3618/1/3618
f 3589/1/3589 3662/1/3662 3663/1/3663
f 3593/1/3593 3608/1/3608 3618/1/3618
f 3618/1/3618 3591/1/3591 3593/1/3593
f 3619/1/3619 3622/1/3622 3620/1/3620
f 3621/1/3621 3622/1/3622 3619/1/3619
f 3624/1/3624 3622/1/3622 3621/1/3621
f 3621/1/3621 3609/1/3609 3624/1/3624
f 3622/1/3622 3625/1/3625 3620/1/3620
f 3620/1/3620 3625/1/3625 3623/1/3623
f 3625/1/3625 3667/1/3667 3623/1/3623
f 3622/1/3622 3626/1/3626 3625/1/3625
f 3627/1/3627 3624/1/3624 3609/1/3609
f 3626/1/3626 3628/1/3628 3625/1/3625
f 3624/1/3624 3626/1/3626 3622/1/3622
f 3627/1/3627 3626/1/3626 3624/1/3624
f 3629/1/3629 3600/1/3600 3680/1/3680
f 3630/1/3630 3623/1/3623 3667/1/3667
f 3680/1/3680 3715/1/3715 3629/1/3629
f 3627/1/3627 3631/1/3631 3626/1/3626
f 3625/1/3625 3681/1/3681 3667/1/3667
f 3632/1/3632 3681/1/3681 3625/1/3625
f 3628/1/3628 3632/1/3632 3625/1/3625
f 3636/1/3636 3632/1/3632 3628/1/3628
f 3633/1/3633 3626/1/3626 3631/1/3631
f 3610/1/3610 3633/1/3633 3631/1/3631
f 3634/1/3634 3577/1/3577 3668/1/3668
f 3610/1/3610 3578/1/3578 3633/1/3633
f 3634/1/3634 3668/1/3668 3635/1/3635
f 3637/1/3637 3628/1/3628 3626/1/3626
f 3637/1/3637 3636/1/3636 3628/1/3628
f 3633/1/3633 3640/1/3640 3626/1/3626
f 3578/1/3578 3639/1/3639 3633/1/3633
f 3634/1/3634 3635/1/3635 3611/1/3611
f 3640/1/3640 3637/1/3637 3626/1/3626
f 3639/1/3639 3640/1/3640 3633/1/3633
f 3686/1/3686 3611/1/3611 3635/1/3635
f 3637/1/3637 3640/1/3640 3638/1/3638
f 3638/1/3638 3670/1/3670 3688/1/3688
f 3638/1/3638 3640/1/3640 3670/1/3670
f 3639/1/3639 3670/1/3670 3640/1/3640
f 3612/1/3612 3670/1/3670 3639/1/3639
f 3612/1/3612 3579/1/3579 3670/1/3670
f 3671/1/3671 3670/1/3670 3579/1/3579
f 3613/1/3613 3672/1/3672 3673/1/3673
f 3673/1/3673 3734/1/3734 3581/1/3581
f 3641/1/3641 3580/1/3580 3694/1/3694
f 3734/1/3734 3674/1/3674 3581/1/3581
f 3695/1/3695 3694/1/3694 3580/1/3580
f 3675/1/3675 3642/1/3642 3581/1/3581
f 3643/1/3643 3676/1/3676 3644/1/3644
f 3581/1/3581 3642/1/3642 3645/1/3645
f 3582/1/3582 3643/1/3643 3644/1/3644
f 3582/1/3582 3646/1/3646 3643/1/3643
f 3677/1/3677 3645/1/3645 3642/1/3642
f 3645/1/3645 3647/1/3647 3603/1/3603
f 3646/1/3646 3648/1/3648 3678/1/3678
f 3646/1/3646 3605/1/3605 3648/1/3648
f 3647/1/3647 3649/1/3649 3603/1/3603
f 3647/1/3647 3650/1/3650 3649/1/3649
f 3650/1/3650 3583/1/3583 3649/1/3649
f 3648/1/3648 3615/1/3615 3651/1/3651
f 3700/1/3700 3583/1/3583 3650/1/3650
f 3605/1/3605 3615/1/3615 3648/1/3648
f 3700/1/3700 3584/1/3584 3583/1/3583
f 3615/1/3615 3652/1/3652 3651/1/3651
f 3652/1/3652 3654/1/3654 3651/1/3651
f 3653/1/3653 3606/1/3606 3584/1/3584
f 3653/1/3653 3655/1/3655 3606/1/3606
f 3653/1/3653 3706/1/3706 3655/1/3655
f 3654/1/3654 3616/1/3616 3707/1/3707
f 3706/1/3706 3656/1/3656 3655/1/3655
f 3606/1/3606 3655/1/3655 3617/1/3617
f 3617/1/3617 3655/1/3655 3656/1/3656
f 3658/1/3658 3656/1/3656 3706/1/3706
f 3658/1/3658 3660/1/3660 3656/1/3656
f 3662/1/3662 3660/1/3660 3658/1/3658
f 3660/1/3660 3617/1/3617 3656/1/3656
f 3679/1/3679 3662/1/3662 3658/1/3658
f 3657/1/3657 3607/1/3607 3659/1/3659
f 3607/1/3607 3618/1/3618 3659/1/3659
f 3679/1/3679 3663/1/3663 3662/1/3662
f 3661/1/3661 3663/1/3663 3679/1/3679
f 3664/1/3664 3663/1/3663 3661/1/3661
f 3618/1/3618 3608/1/3608 3665/1/3665
f 3665/1/3665 3664/1/3664 3661/1/3661
f 3608/1/3608 3664/1/3664 3665/1/3665
f 3630/1/3630 3714/1/3714 3561/1/3561
f 3681/1/3681 3632/1/3632 3669/1/3669
f 3577/1/3577 3629/1/3629 3668/1/3668
f 3637/1/3637 3638/1/3638 3636/1/3636
f 3671/1/3671 3688/1/3688 3670/1/3670
f 3579/1/3579 3641/1/3641 3671/1/3671
f 3672/1/3672 3734/1/3734 3673/1/3673
f 3676/1/3676 3643/1/3643 3697/1/3697
f 3643/1/3643 3646/1/3646 3697/1/3697
f 3646/1/3646 3678/1/3678 3697/1/3697
f 3651/1/3651 3698/1/3698 3648/1/3648
f 3651/1/3651 3701/1/3701 3698/1/3698
f 3651/1/3651 3703/1/3703 3701/1/3701
f 3654/1/3654 3703/1/3703 3651/1/3651
f 3700/1/3700 3653/1/3653 3584/1/3584
f 3653/1/3653 3700/1/3700 3702/1/3702
f 3654/1/3654 3707/1/3707 3703/1/3703
f 3653/1/3653 3702/1/3702 3706/1/3706
f 3616/1/3616 3709/1/3709 3707/1/3707
f 3657/1/3657 3709/1/3709 3616/1/3616
f 3657/1/3657 3710/1/3710 3709/1/3709
f 3657/1/3657 3659/1/3659 3710/1/3710
f 3711/1/3711 3659/1/3659 3618/1/3618
f 3713/1/3713 3711/1/3711 3665/1/3665
f 3618/1/3618 3665/1/3665 3711/1/3711
f 3665/1/3665 3661/1/3661 3712/1/3712
f 3665/1/3665 3712/1/3712 3713/1/3713
f 3744/1/3744 3680/1/3680 3666/1/3666
f 3561/1/3561 3714/1/3714 3666/1/3666
f 3715/1/3715 3680/1/3680 3744/1/3744
f 3714/1/3714 3630/1/3630 3667/1/3667
f 3629/1/3629 3715/1/3715 3716/1/3716
f 3716/1/3716 3668/1/3668 3629/1/3629
f 3669/1/3669 3719/1/3719 3681/1/3681
f 3632/1/3632 3636/1/3636 3669/1/3669
f 3684/1/3684 3719/1/3719 3669/1/3669
f 3719/1/3719 3684/1/3684 3683/1/3683
f 3668/1/3668 3682/1/3682 3635/1/3635
f 3669/1/3669 3636/1/3636 3684/1/3684
f 3684/1/3684 3636/1/3636 3638/1/3638
f 3684/1/3684 3685/1/3685 3683/1/3683
f 3638/1/3638 3687/1/3687 3684/1/3684
f 3635/1/3635 3720/1/3720 3686/1/3686
f 3720/1/3720 3635/1/3635 3682/1/3682
f 3684/1/3684 3687/1/3687 3685/1/3685
f 3688/1/3688 3687/1/3687 3638/1/3638
f 3687/1/3687 3689/1/3689 3685/1/3685
f 3686/1/3686 3732/1/3732 3672/1/3672
f 3720/1/3720 3732/1/3732 3686/1/3686
f 3687/1/3687 3690/1/3690 3689/1/3689
f 3687/1/3687 3692/1/3692 3690/1/3690
f 3671/1/3671 3687/1/3687 3688/1/3688
f 3751/1/3751 3672/1/3672 3732/1/3732
f 3671/1/3671 3692/1/3692 3687/1/3687
f 3690/1/3690 3750/1/3750 3689/1/3689
f 3671/1/3671 3641/1/3641 3692/1/3692
f 3751/1/3751 3734/1/3734 3672/1/3672
f 3690/1/3690 3733/1/3733 3750/1/3750
f 3641/1/3641 3694/1/3694 3692/1/3692
f 3690/1/3690 3691/1/3691 3733/1/3733
f 3692/1/3692 3691/1/3691 3690/1/3690
f 3692/1/3692 3694/1/3694 3691/1/3691
f 3694/1/3694 3693/1/3693 3691/1/3691
f 3694/1/3694 3695/1/3695 3693/1/3693
f 3674/1/3674 3675/1/3675 3581/1/3581
f 3693/1/3693 3676/1/3676 3696/1/3696
f 3695/1/3695 3676/1/3676 3693/1/3693
f 3695/1/3695 3644/1/3644 3676/1/3676
f 3722/1/3722 3677/1/3677 3642/1/3642
f 3696/1/3696 3697/1/3697 3723/1/3723
f 3697/1/3697 3724/1/3724 3723/1/3723
f 3676/1/3676 3697/1/3697 3696/1/3696
f 3645/1/3645 3677/1/3677 3647/1/3647
f 3697/1/3697 3678/1/3678 3724/1/3724
f 3678/1/3678 3698/1/3698 3724/1/3724
f 3698/1/3698 3699/1/3699 3724/1/3724
f 3678/1/3678 3648/1/3648 3698/1/3698
f 3737/1/3737 3700/1/3700 3650/1/3650
f 3725/1/3725 3699/1/3699 3698/1/3698
f 3701/1/3701 3725/1/3725 3698/1/3698
f 3701/1/3701 3703/1/3703 3725/1/3725
f 3703/1/3703 3704/1/3704 3725/1/3725
f 3703/1/3703 3707/1/3707 3704/1/3704
f 3704/1/3704 3707/1/3707 3705/1/3705
f 3705/1/3705 3709/1/3709 3708/1/3708
f 3709/1/3709 3710/1/3710 3708/1/3708
f 3707/1/3707 3709/1/3709 3705/1/3705
f 3708/1/3708 3710/1/3710 3659/1/3659
f 3708/1/3708 3659/1/3659 3727/1/3727
f 3679/1/3679 3658/1/3658 3766/1/3766
f 3727/1/3727 3659/1/3659 3711/1/3711
f 3679/1/3679 3712/1/3712 3661/1/3661
f 3744/1/3744 3746/1/3746 3715/1/3715
f 3715/1/3715 3746/1/3746 3716/1/3716
f 3719/1/3719 3717/1/3717 3681/1/3681
f 3718/1/3718 3668/1/3668 3716/1/3716
f 3729/1/3729 3682/1/3682 3668/1/3668
f 3683/1/3683 3730/1/3730 3719/1/3719
f 3689/1/3689 3749/1/3749 3685/1/3685
f 3696/1/3696 3754/1/3754 3693/1/3693
f 3675/1/3675 3721/1/3721 3642/1/3642
f 3722/1/3722 3756/1/3756 3677/1/3677
f 3677/1/3677 3756/1/3756 3647/1/3647
f 3647/1/3647 3757/1/3757 3650/1/3650
f 3699/1/3699 3773/1/3773 3724/1/3724
f 3650/1/3650 3757/1/3757 3737/1/3737
f 3804/1/3804 3704/1/3704 3776/1/3776
f 3776/1/3776 3704/1/3704 3705/1/3705
f 3658/1/3658 3706/1/3706 3740/1/3740
f 3658/1/3658 3740/1/3740 3766/1/3766
f 3741/1/3741 3708/1/3708 3727/1/3727
f 3679/1/3679 3766/1/3766 3767/1/3767
f 3679/1/3679 3767/1/3767 3712/1/3712
f 3767/1/3767 3768/1/3768 3712/1/3712
f 3712/1/3712 3768/1/3768 3713/1/3713
f 3714/1/3714 3667/1/3667 3728/1/3728
f 3746/1/3746 3747/1/3747 3716/1/3716
f 3718/1/3718 3716/1/3716 3747/1/3747
f 3681/1/3681 3728/1/3728 3667/1/3667
f 3681/1/3681 3717/1/3717 3728/1/3728
f 3668/1/3668 3718/1/3718 3729/1/3729
f 3719/1/3719 3730/1/3730 3781/1/3781
f 3683/1/3683 3685/1/3685 3730/1/3730
f 3685/1/3685 3749/1/3749 3730/1/3730
f 3731/1/3731 3720/1/3720 3682/1/3682
f 3720/1/3720 3731/1/3731 3732/1/3732
f 3689/1/3689 3770/1/3770 3749/1/3749
f 3689/1/3689 3750/1/3750 3770/1/3770
f 3733/1/3733 3691/1/3691 3771/1/3771
f 3691/1/3691 3693/1/3693 3735/1/3735
f 3735/1/3735 3693/1/3693 3754/1/3754
f 3754/1/3754 3696/1/3696 3793/1/3793
f 3722/1/3722 3642/1/3642 3721/1/3721
f 3723/1/3723 3755/1/3755 3696/1/3696
f 3736/1/3736 3647/1/3647 3756/1/3756
f 3647/1/3647 3736/1/3736 3757/1/3757
f 3773/1/3773 3699/1/3699 3759/1/3759
f 3737/1/3737 3762/1/3762 3700/1/3700
f 3738/1/3738 3759/1/3759 3725/1/3725
f 3725/1/3725 3759/1/3759 3699/1/3699
f 3804/1/3804 3738/1/3738 3725/1/3725
f 3725/1/3725 3704/1/3704 3804/1/3804
f 3762/1/3762 3702/1/3702 3700/1/3700
f 3739/1/3739 3702/1/3702 3762/1/3762
f 3740/1/3740 3702/1/3702 3739/1/3739
f 3740/1/3740 3706/1/3706 3702/1/3702
f 3726/1/3726 3776/1/3776 3705/1/3705
f 3705/1/3705 3708/1/3708 3726/1/3726
f 3726/1/3726 3708/1/3708 3741/1/3741
f 3727/1/3727 3711/1/3711 3741/1/3741
f 3713/1/3713 3768/1/3768 3742/1/3742
f 3742/1/3742 3711/1/3711 3713/1/3713
f 3741/1/3741 3711/1/3711 3742/1/3742
f 3666/1/3666 3714/1/3714 3744/1/3744
f 3746/1/3746 3744/1/3744 3743/1/3743
f 3714/1/3714 3745/1/3745 3744/1/3744
f 3714/1/3714 3728/1/3728 3745/1/3745
f 3744/1/3744 3745/1/3745 3743/1/3743
f 3781/1/3781 3717/1/3717 3719/1/3719
f 3730/1/3730 3748/1/3748 3781/1/3781
f 3682/1/3682 3729/1/3729 3731/1/3731
f 3731/1/3731 3729/1/3729 3785/1/3785
f 3730/1/3730 3749/1/3749 3748/1/3748
f 3787/1/3787 3731/1/3731 3785/1/3785
f 3786/1/3786 3748/1/3748 3749/1/3749
f 3731/1/3731 3787/1/3787 3732/1/3732
f 3770/1/3770 3786/1/3786 3749/1/3749
f 3787/1/3787 3751/1/3751 3732/1/3732
f 3788/1/3788 3751/1/3751 3787/1/3787
f 3790/1/3790 3770/1/3770 3750/1/3750
f 3790/1/3790 3750/1/3750 3771/1/3771
f 3733/1/3733 3771/1/3771 3750/1/3750
f 3788/1/3788 3734/1/3734 3751/1/3751
f 3735/1/3735 3752/1/3752 3771/1/3771
f 3691/1/3691 3735/1/3735 3771/1/3771
f 3734/1/3734 3816/1/3816 3674/1/3674
f 3752/1/3752 3735/1/3735 3754/1/3754
f 3675/1/3675 3674/1/3674 3753/1/3753
f 3753/1/3753 3674/1/3674 3816/1/3816
f 3753/1/3753 3721/1/3721 3675/1/3675
f 3696/1/3696 3755/1/3755 3793/1/3793
f 3756/1/3756 3722/1/3722 3772/1/3772
f 3755/1/3755 3723/1/3723 3773/1/3773
f 3724/1/3724 3773/1/3773 3723/1/3723
f 3756/1/3756 3757/1/3757 3736/1/3736
f 3797/1/3797 3757/1/3757 3756/1/3756
f 3775/1/3775 3799/1/3799 3773/1/3773
f 3759/1/3759 3775/1/3775 3773/1/3773
f 3797/1/3797 3758/1/3758 3757/1/3757
f 3758/1/3758 3797/1/3797 3774/1/3774
f 3737/1/3737 3757/1/3757 3760/1/3760
f 3758/1/3758 3760/1/3760 3757/1/3757
f 3737/1/3737 3760/1/3760 3762/1/3762
f 3759/1/3759 3738/1/3738 3775/1/3775
f 3758/1/3758 3762/1/3762 3760/1/3760
f 3761/1/3761 3762/1/3762 3758/1/3758
f 3801/1/3801 3762/1/3762 3761/1/3761
f 3738/1/3738 3804/1/3804 3775/1/3775
f 3763/1/3763 3762/1/3762 3801/1/3801
f 3763/1/3763 3739/1/3739 3762/1/3762
f 3763/1/3763 3740/1/3740 3739/1/3739
f 3764/1/3764 3740/1/3740 3763/1/3763
f 3776/1/3776 3726/1/3726 3805/1/3805
f 3764/1/3764 3766/1/3766 3740/1/3740
f 3726/1/3726 3809/1/3809 3805/1/3805
f 3765/1/3765 3766/1/3766 3764/1/3764
f 3765/1/3765 3767/1/3767 3766/1/3766
f 3811/1/3811 3809/1/3809 3741/1/3741
f 3726/1/3726 3741/1/3741 3809/1/3809
f 3810/1/3810 3768/1/3768 3765/1/3765
f 3768/1/3768 3767/1/3767 3765/1/3765
f 3741/1/3741 3742/1/3742 3811/1/3811
f 3769/1/3769 3743/1/3743 3745/1/3745
f 3746/1/3746 3743/1/3743 3747/1/3747
f 3718/1/3718 3747/1/3747 3782/1/3782
f 3729/1/3729 3718/1/3718 3783/1/3783
f 3782/1/3782 3783/1/3783 3718/1/3718
f 3771/1/3771 3752/1/3752 3790/1/3790
f 3793/1/3793 3752/1/3752 3754/1/3754
f 3772/1/3772 3721/1/3721 3753/1/3753
f 3722/1/3722 3721/1/3721 3772/1/3772
f 3795/1/3795 3773/1/3773 3799/1/3799
f 3758/1/3758 3774/1/3774 3761/1/3761
f 3800/1/3800 3761/1/3761 3774/1/3774
f 3801/1/3801 3830/1/3830 3763/1/3763
f 3763/1/3763 3830/1/3830 3764/1/3764
f 3806/1/3806 3808/1/3808 3765/1/3765
f 3765/1/3765 3808/1/3808 3810/1/3810
f 3768/1/3768 3811/1/3811 3742/1/3742
f 3810/1/3810 3811/1/3811 3768/1/3768
f 3747/1/3747 3743/1/3743 3777/1/3777
f 3769/1/3769 3777/1/3777 3743/1/3743
f 3728/1/3728 3780/1/3780 3745/1/3745
f 3780/1/3780 3779/1/3779 3745/1/3745
f 3745/1/3745 3779/1/3779 3769/1/3769
f 3777/1/3777 3782/1/3782 3747/1/3747
f 3769/1/3769 3778/1/3778 3777/1/3777
f 3717/1/3717 3780/1/3780 3728/1/3728
f 3717/1/3717 3784/1/3784 3780/1/3780
f 3781/1/3781 3784/1/3784 3717/1/3717
f 3813/1/3813 3784/1/3784 3781/1/3781
f 3781/1/3781 3748/1/3748 3813/1/3813
f 3729/1/3729 3821/1/3821 3785/1/3785
f 3822/1/3822 3785/1/3785 3821/1/3821
f 3748/1/3748 3786/1/3786 3813/1/3813
f 3814/1/3814 3813/1/3813 3786/1/3786
f 3786/1/3786 3770/1/3770 3790/1/3790
f 3790/1/3790 3814/1/3814 3786/1/3786
f 3814/1/3814 3790/1/3790 3789/1/3789
f 3815/1/3815 3734/1/3734 3788/1/3788
f 3816/1/3816 3734/1/3734 3815/1/3815
f 3791/1/3791 3789/1/3789 3790/1/3790
f 3790/1/3790 3752/1/3752 3791/1/3791
f 3752/1/3752 3792/1/3792 3791/1/3791
f 3752/1/3752 3793/1/3793 3792/1/3792
f 3827/1/3827 3792/1/3792 3794/1/3794
f 3793/1/3793 3794/1/3794 3792/1/3792
f 3817/1/3817 3772/1/3772 3826/1/3826
f 3755/1/3755 3795/1/3795 3794/1/3794
f 3793/1/3793 3755/1/3755 3794/1/3794
f 3817/1/3817 3756/1/3756 3772/1/3772
f 3755/1/3755 3773/1/3773 3795/1/3795
f 3817/1/3817 3829/1/3829 3756/1/3756
f 3797/1/3797 3756/1/3756 3829/1/3829
f 3774/1/3774 3797/1/3797 3829/1/3829
f 3796/1/3796 3795/1/3795 3798/1/3798
f 3795/1/3795 3799/1/3799 3798/1/3798
f 3883/1/3883 3774/1/3774 3881/1/3881
f 3798/1/3798 3799/1/3799 3818/1/3818
f 3799/1/3799 3802/1/3802 3818/1/3818
f 3775/1/3775 3802/1/3802 3799/1/3799
f 3801/1/3801 3761/1/3761 3800/1/3800
f 3802/1/3802 3803/1/3803 3818/1/3818
f 3775/1/3775 3804/1/3804 3802/1/3802
f 3801/1/3801 3862/1/3862 3830/1/3830
f 3802/1/3802 3805/1/3805 3803/1/3803
f 3802/1/3802 3804/1/3804 3805/1/3805
f 3805/1/3805 3852/1/3852 3803/1/3803
f 3804/1/3804 3776/1/3776 3805/1/3805
f 3764/1/3764 3830/1/3830 3806/1/3806
f 3765/1/3765 3764/1/3764 3806/1/3806
f 3808/1/3808 3819/1/3819 3807/1/3807
f 3811/1/3811 3808/1/3808 3807/1/3807
f 3852/1/3852 3809/1/3809 3807/1/3807
f 3805/1/3805 3809/1/3809 3852/1/3852
f 3808/1/3808 3806/1/3806 3819/1/3819
f 3807/1/3807 3809/1/3809 3811/1/3811
f 3811/1/3811 3810/1/3810 3808/1/3808
f 3782/1/3782 3777/1/3777 3831/1/3831
f 3831/1/3831 3777/1/3777 3778/1/3778
f 3780/1/3780 3812/1/3812 3779/1/3779
f 3780/1/3780 3820/1/3820 3812/1/3812
f 3783/1/3783 3782/1/3782 3832/1/3832
f 3784/1/3784 3820/1/3820 3780/1/3780
f 3784/1/3784 3835/1/3835 3834/1/3834
f 3785/1/3785 3822/1/3822 3787/1/3787
f 3814/1/3814 3838/1/3838 3813/1/3813
f 3787/1/3787 3823/1/3823 3788/1/3788
f 3815/1/3815 3788/1/3788 3824/1/3824
f 3789/1/3789 3841/1/3841 3814/1/3814
f 3791/1/3791 3825/1/3825 3789/1/3789
f 3816/1/3816 3845/1/3845 3753/1/3753
f 3772/1/3772 3753/1/3753 3826/1/3826
f 3794/1/3794 3795/1/3795 3828/1/3828
f 3795/1/3795 3796/1/3796 3847/1/3847
f 3847/1/3847 3796/1/3796 3848/1/3848
f 3881/1/3881 3774/1/3774 3829/1/3829
f 3774/1/3774 3883/1/3883 3800/1/3800
f 3800/1/3800 3850/1/3850 3801/1/3801
f 3769/1/3769 3779/1/3779 3812/1/3812
f 3782/1/3782 3831/1/3831 3832/1/3832
f 3865/1/3865 3831/1/3831 3778/1/3778
f 3784/1/3784 3834/1/3834 3820/1/3820
f 3783/1/3783 3821/1/3821 3729/1/3729
f 3835/1/3835 3784/1/3784 3813/1/3813
f 3838/1/3838 3835/1/3835 3813/1/3813
f 3787/1/3787 3822/1/3822 3823/1/3823
f 3788/1/3788 3823/1/3823 3824/1/3824
f 3814/1/3814 3841/1/3841 3839/1/3839
f 3842/1/3842 3841/1/3841 3789/1/3789
f 3842/1/3842 3789/1/3789 3825/1/3825
f 3791/1/3791 3792/1/3792 3825/1/3825
f 3825/1/3825 3792/1/3792 3827/1/3827
f 3845/1/3845 3826/1/3826 3753/1/3753
f 3794/1/3794 3828/1/3828 3827/1/3827
f 3826/1/3826 3860/1/3860 3817/1/3817
f 3828/1/3828 3795/1/3795 3847/1/3847
f 3817/1/3817 3860/1/3860 3829/1/3829
f 3860/1/3860 3881/1/3881 3829/1/3829
f 3848/1/3848 3796/1/3796 3798/1/3798
f 3798/1/3798 3849/1/3849 3848/1/3848
f 3883/1/3883 3850/1/3850 3800/1/3800
f 3818/1/3818 3861/1/3861 3798/1/3798
f 3818/1/3818 3803/1/3803 3851/1/3851
f 3803/1/3803 3852/1/3852 3851/1/3851
f 3830/1/3830 3855/1/3855 3806/1/3806
f 3806/1/3806 3855/1/3855 3819/1/3819
f 3819/1/3819 3864/1/3864 3807/1/3807
f 3854/1/3854 3852/1/3852 3807/1/3807
f 3769/1/3769 3865/1/3865 3778/1/3778
f 3769/1/3769 3812/1/3812 3865/1/3865
f 3820/1/3820 3856/1/3856 3812/1/3812
f 3831/1/3831 3833/1/3833 3832/1/3832
f 3865/1/3865 3833/1/3833 3831/1/3831
f 3856/1/3856 3820/1/3820 3869/1/3869
f 3857/1/3857 3869/1/3869 3820/1/3820
f 3783/1/3783 3832/1/3832 3867/1/3867
f 3857/1/3857 3820/1/3820 3834/1/3834
f 3783/1/3783 3867/1/3867 3821/1/3821
f 3836/1/3836 3857/1/3857 3834/1/3834
f 3867/1/3867 3822/1/3822 3821/1/3821
f 3835/1/3835 3836/1/3836 3834/1/3834
f 3870/1/3870 3822/1/3822 3867/1/3867
f 3835/1/3835 3837/1/3837 3836/1/3836
f 3838/1/3838 3837/1/3837 3835/1/3835
f 3870/1/3870 3823/1/3823 3822/1/3822
f 3838/1/3838 3839/1/3839 3837/1/3837
f 3870/1/3870 3840/1/3840 3823/1/3823
f 3838/1/3838 3814/1/3814 3839/1/3839
f 3839/1/3839 3896/1/3896 3837/1/3837
f 3824/1/3824 3823/1/3823 3840/1/3840
f 3841/1/3841 3896/1/3896 3839/1/3839
f 3840/1/3840 3815/1/3815 3824/1/3824
f 3841/1/3841 3873/1/3873 3896/1/3896
f 3841/1/3841 3842/1/3842 3873/1/3873
f 3815/1/3815 3845/1/3845 3816/1/3816
f 3844/1/3844 3845/1/3845 3815/1/3815
f 3844/1/3844 3815/1/3815 3840/1/3840
f 3842/1/3842 3843/1/3843 3873/1/3873
f 3825/1/3825 3843/1/3843 3842/1/3842
f 3825/1/3825 3827/1/3827 3843/1/3843
f 3827/1/3827 3846/1/3846 3843/1/3843
f 3844/1/3844 3826/1/3826 3845/1/3845
f 3827/1/3827 3828/1/3828 3846/1/3846
f 3828/1/3828 3847/1/3847 3846/1/3846
f 3847/1/3847 3859/1/3859 3846/1/3846
f 3847/1/3847 3848/1/3848 3859/1/3859
f 3859/1/3859 3848/1/3848 3849/1/3849
f 3849/1/3849 3798/1/3798 3861/1/3861
f 3851/1/3851 3861/1/3861 3818/1/3818
f 3850/1/3850 3862/1/3862 3801/1/3801
f 3853/1/3853 3851/1/3851 3854/1/3854
f 3862/1/3862 3892/1/3892 3830/1/3830
f 3851/1/3851 3852/1/3852 3854/1/3854
f 3864/1/3864 3863/1/3863 3807/1/3807
f 3819/1/3819 3855/1/3855 3864/1/3864
f 3854/1/3854 3807/1/3807 3863/1/3863
f 3896/1/3896 3873/1/3873 3872/1/3872
f 3874/1/3874 3873/1/3873 3843/1/3843
f 3874/1/3874 3843/1/3843 3858/1/3858
f 3858/1/3858 3843/1/3843 3846/1/3846
f 3858/1/3858 3846/1/3846 3878/1/3878
f 3846/1/3846 3859/1/3859 3878/1/3878
f 3859/1/3859 3849/1/3849 3878/1/3878
f 3849/1/3849 3861/1/3861 3880/1/3880
f 3830/1/3830 3892/1/3892 3855/1/3855
f 3853/1/3853 3854/1/3854 3863/1/3863
f 3865/1/3865 3812/1/3812 3866/1/3866
f 3866/1/3866 3812/1/3812 3856/1/3856
f 3865/1/3865 3908/1/3908 3833/1/3833
f 3833/1/3833 3868/1/3868 3832/1/3832
f 3908/1/3908 3868/1/3868 3833/1/3833
f 3866/1/3866 3908/1/3908 3865/1/3865
f 3867/1/3867 3832/1/3832 3868/1/3868
f 3857/1/3857 3894/1/3894 3869/1/3869
f 3857/1/3857 3836/1/3836 3894/1/3894
f 3836/1/3836 3871/1/3871 3894/1/3894
f 3867/1/3867 3916/1/3916 3870/1/3870
f 3836/1/3836 3837/1/3837 3871/1/3871
f 3837/1/3837 3896/1/3896 3871/1/3871
f 3925/1/3925 3840/1/3840 3870/1/3870
f 3872/1/3872 3873/1/3873 3897/1/3897
f 3840/1/3840 3931/1/3931 3844/1/3844
f 3874/1/3874 3897/1/3897 3873/1/3873
f 3874/1/3874 3875/1/3875 3897/1/3897
f 3874/1/3874 3877/1/3877 3875/1/3875
f 3874/1/3874 3858/1/3858 3877/1/3877
f 3858/1/3858 3878/1/3878 3877/1/3877
f 3844/1/3844 3876/1/3876 3826/1/3826
f 3877/1/3877 3898/1/3898 3875/1/3875
f 3826/1/3826 3876/1/3876 3860/1/3860
f 3878/1/3878 3898/1/3898 3877/1/3877
f 3879/1/3879 3860/1/3860 3876/1/3876
f 3879/1/3879 3882/1/3882 3860/1/3860
f 3880/1/3880 3898/1/3898 3878/1/3878
f 3904/1/3904 3898/1/3898 3880/1/3880
f 3878/1/3878 3849/1/3849 3880/1/3880
f 3882/1/3882 3881/1/3881 3860/1/3860
f 3861/1/3861 3899/1/3899 3880/1/3880
f 3883/1/3883 3881/1/3881 3882/1/3882
f 3899/1/3899 3861/1/3861 3886/1/3886
f 3884/1/3884 3883/1/3883 3882/1/3882
f 3885/1/3885 3887/1/3887 3884/1/3884
f 3887/1/3887 3883/1/3883 3884/1/3884
f 3861/1/3861 3851/1/3851 3886/1/3886
f 3886/1/3886 3853/1/3853 3889/1/3889
f 3850/1/3850 3883/1/3883 3887/1/3887
f 3851/1/3851 3853/1/3853 3886/1/3886
f 3850/1/3850 3887/1/3887 3862/1/3862
f 3885/1/3885 3892/1/3892 3887/1/3887
f 3888/1/3888 3892/1/3892 3885/1/3885
f 3887/1/3887 3892/1/3892 3862/1/3862
f 3890/1/3890 3892/1/3892 3888/1/3888
f 3891/1/3891 3890/1/3890 3888/1/3888
f 3853/1/3853 3863/1/3863 3889/1/3889
f 3900/1/3900 3893/1/3893 3891/1/3891
f 3889/1/3889 3863/1/3863 3900/1/3900
f 3890/1/3890 3855/1/3855 3892/1/3892
f 3893/1/3893 3890/1/3890 3891/1/3891
f 3863/1/3863 3893/1/3893 3900/1/3900
f 3864/1/3864 3855/1/3855 3890/1/3890
f 3893/1/3893 3864/1/3864 3890/1/3890
f 3863/1/3863 3864/1/3864 3893/1/3893
f 3866/1/3866 3907/1/3907 3908/1/3908
f 3909/1/3909 3907/1/3907 3866/1/3866
f 3856/1/3856 3909/1/3909 3866/1/3866
f 3869/1/3869 3909/1/3909 3856/1/3856
f 3867/1/3867 3868/1/3868 3910/1/3910
f 3867/1/3867 3910/1/3910 3916/1/3916
f 3894/1/3894 3871/1/3871 3919/1/3919
f 3902/1/3902 3870/1/3870 3916/1/3916
f 3871/1/3871 3896/1/3896 3895/1/3895
f 3870/1/3870 3902/1/3902 3925/1/3925
f 3895/1/3895 3896/1/3896 3872/1/3872
f 3925/1/3925 3931/1/3931 3840/1/3840
f 3875/1/3875 3930/1/3930 3897/1/3897
f 3876/1/3876 3937/1/3937 3879/1/3879
f 3882/1/3882 3879/1/3879 3905/1/3905
f 3880/1/3880 3899/1/3899 3944/1/3944
f 3882/1/3882 3905/1/3905 3884/1/3884
f 3884/1/3884 3949/1/3949 3885/1/3885
f 3888/1/3888 3885/1/3885 3949/1/3949
f 3952/1/3952 3888/1/3888 3949/1/3949
f 3888/1/3888 3906/1/3906 3891/1/3891
f 3900/1/3900 3891/1/3891 3953/1/3953
f 3869/1/3869 3901/1/3901 3909/1/3909
f 3901/1/3901 3869/1/3869 3894/1/3894
f 3954/1/3954 3910/1/3910 3868/1/3868
f 3919/1/3919 3901/1/3901 3894/1/3894
f 3895/1/3895 3919/1/3919 3871/1/3871
f 3895/1/3895 3872/1/3872 3924/1/3924
f 3872/1/3872 3897/1/3897 3924/1/3924
f 3924/1/3924 3897/1/3897 3930/1/3930
f 3934/1/3934 3930/1/3930 3875/1/3875
f 3931/1/3931 3903/1/3903 3844/1/3844
f 3934/1/3934 3875/1/3875 3898/1/3898
f 3903/1/3903 3937/1/3937 3876/1/3876
f 3844/1/3844 3903/1/3903 3876/1/3876
f 3879/1/3879 3937/1/3937 3940/1/3940
f 3904/1/3904 3934/1/3934 3898/1/3898
f 3905/1/3905 3879/1/3879 3940/1/3940
f 3904/1/3904 3880/1/3880 3944/1/3944
f 3945/1/3945 3884/1/3884 3905/1/3905
f 3884/1/3884 3945/1/3945 3949/1/3949
f 3886/1/3886 3946/1/3946 3899/1/3899
f 3946/1/3946 3886/1/3886 3889/1/3889
f 3946/1/3946 3889/1/3889 3951/1/3951
f 3888/1/3888 3952/1/3952 3906/1/3906
f 3889/1/3889 3900/1/3900 3951/1/3951
f 3900/1/3900 3953/1/3953 3951/1/3951
f 3891/1/3891 3906/1/3906 3953/1/3953
f 3912/1/3912 3911/1/3911 3907/1/3907
f 3909/1/3909 3912/1/3912 3907/1/3907
f 3913/1/3913 3912/1/3912 3909/1/3909
f 3907/1/3907 3911/1/3911 3908/1/3908
f 3954/1/3954 3868/1/3868 3908/1/3908
f 3914/1/3914 3911/1/3911 3912/1/3912
f 3909/1/3909 3901/1/3901 3913/1/3913
f 3915/1/3915 3912/1/3912 3913/1/3913
f 3918/1/3918 3913/1/3913 3901/1/3901
f 3954/1/3954 3916/1/3916 3910/1/3910
f 3915/1/3915 3914/1/3914 3912/1/3912
f 3919/1/3919 3918/1/3918 3901/1/3901
f 3914/1/3914 3915/1/3915 3917/1/3917
f 3918/1/3918 3915/1/3915 3913/1/3913
f 3954/1/3954 3920/1/3920 3916/1/3916
f 3921/1/3921 3915/1/3915 3918/1/3918
f 3917/1/3917 3915/1/3915 3922/1/3922
f 3916/1/3916 3920/1/3920 3902/1/3902
f 3922/1/3922 3965/1/3965 3917/1/3917
f 3921/1/3921 3922/1/3922 3915/1/3915
f 3918/1/3918 3919/1/3919 3895/1/3895
f 3926/1/3926 3922/1/3922 3921/1/3921
f 3918/1/3918 3923/1/3923 3921/1/3921
f 3895/1/3895 3923/1/3923 3918/1/3918
f 3920/1/3920 3929/1/3929 3902/1/3902
f 3921/1/3921 3928/1/3928 3926/1/3926
f 3923/1/3923 3928/1/3928 3921/1/3921
f 3902/1/3902 3929/1/3929 3925/1/3925
f 3923/1/3923 3927/1/3927 3928/1/3928
f 3895/1/3895 3924/1/3924 3923/1/3923
f 3924/1/3924 3927/1/3927 3923/1/3923
f 3925/1/3925 3935/1/3935 3931/1/3931
f 3929/1/3929 3935/1/3935 3925/1/3925
f 3924/1/3924 3930/1/3930 3927/1/3927
f 3928/1/3928 3932/1/3932 3926/1/3926
f 3927/1/3927 3933/1/3933 3928/1/3928
f 3930/1/3930 3933/1/3933 3927/1/3927
f 3928/1/3928 3936/1/3936 3932/1/3932
f 3930/1/3930 3934/1/3934 3933/1/3933
f 3933/1/3933 3936/1/3936 3928/1/3928
f 3903/1/3903 3931/1/3931 3935/1/3935
f 3938/1/3938 3932/1/3932 3936/1/3936
f 3935/1/3935 3937/1/3937 3903/1/3903
f 3934/1/3934 3943/1/3943 3933/1/3933
f 3942/1/3942 3938/1/3938 3936/1/3936
f 3935/1/3935 3939/1/3939 3937/1/3937
f 3943/1/3943 3936/1/3936 3933/1/3933
f 3939/1/3939 3940/1/3940 3937/1/3937
f 3941/1/3941 3940/1/3940 3939/1/3939
f 3943/1/3943 3942/1/3942 3936/1/3936
f 3941/1/3941 3905/1/3905 3940/1/3940
f 3943/1/3943 3958/1/3958 3942/1/3942
f 3944/1/3944 3958/1/3958 3943/1/3943
f 3934/1/3934 3904/1/3904 3943/1/3943
f 3904/1/3904 3944/1/3944 3943/1/3943
f 3941/1/3941 3945/1/3945 3905/1/3905
f 3944/1/3944 3899/1/3899 3958/1/3958
f 3899/1/3899 3946/1/3946 3958/1/3958
f 3947/1/3947 3949/1/3949 3945/1/3945
f 3946/1/3946 3951/1/3951 3948/1/3948
f 3952/1/3952 3947/1/3947 3950/1/3950
f 3952/1/3952 3949/1/3949 3947/1/3947
f 3953/1/3953 3952/1/3952 3950/1/3950
f 3948/1/3948 3951/1/3951 3953/1/3953
f 3948/1/3948 3953/1/3953 3950/1/3950
f 3953/1/3953 3906/1/3906 3952/1/3952
f 3954/1/3954 3908/1/3908 3962/1/3962
f 3911/1/3911 3962/1/3962 3908/1/3908
f 3911/1/3911 3914/1/3914 3963/1/3963
f 3914/1/3914 3965/1/3965 3963/1/3963
f 3954/1/3954 3955/1/3955 3920/1/3920
f 3914/1/3914 3917/1/3917 3965/1/3965
f 3955/1/3955 3968/1/3968 3920/1/3920
f 3922/1/3922 3956/1/3956 3965/1/3965
f 3971/1/3971 3956/1/3956 3922/1/3922
f 3922/1/3922 3926/1/3926 3971/1/3971
f 3929/1/3929 3920/1/3920 3968/1/3968
f 3971/1/3971 3926/1/3926 3974/1/3974
f 3975/1/3975 3929/1/3929 3968/1/3968
f 3975/1/3975 3935/1/3935 3929/1/3929
f 3926/1/3926 3932/1/3932 3974/1/3974
f 3932/1/3932 3938/1/3938 3977/1/3977
f 3935/1/3935 3979/1/3979 3939/1/3939
f 3942/1/3942 3958/1/3958 3957/1/3957
f 3958/1/3958 3946/1/3946 3960/1/3960
f 3945/1/3945 3959/1/3959 3983/1/3983
f 3945/1/3945 3983/1/3983 3947/1/3947
f 3961/1/3961 3946/1/3946 3948/1/3948
f 3985/1/3985 3950/1/3950 3947/1/3947
f 3950/1/3950 3986/1/3986 3948/1/3948
f 3962/1/3962 3911/1/3911 3963/1/3963
f 3954/1/3954 3962/1/3962 3955/1/3955
f 3965/1/3965 3964/1/3964 3963/1/3963
f 3964/1/3964 3966/1/3966 3963/1/3963
f 3963/1/3963 3966/1/3966 3962/1/3962
f 3966/1/3966 3967/1/3967 3962/1/3962
f 3964/1/3964 3988/1/3988 3966/1/3966
f 3965/1/3965 3956/1/3956 3964/1/3964
f 3987/1/3987 3967/1/3967 3966/1/3966
f 3964/1/3964 3989/1/3989 3988/1/3988
f 3956/1/3956 3989/1/3989 3964/1/3964
f 3967/1/3967 3955/1/3955 3962/1/3962
f 3971/1/3971 3989/1/3989 3956/1/3956
f 3970/1/3970 3967/1/3967 3987/1/3987
f 3967/1/3967 3969/1/3969 3955/1/3955
f 3955/1/3955 3969/1/3969 3968/1/3968
f 3970/1/3970 3969/1/3969 3967/1/3967
f 3971/1/3971 3974/1/3974 3989/1/3989
f 3969/1/3969 3973/1/3973 3968/1/3968
f 3970/1/3970 3972/1/3972 3969/1/3969
f 3973/1/3973 3969/1/3969 3972/1/3972
f 3968/1/3968 3973/1/3973 3975/1/3975
f 3972/1/3972 3978/1/3978 3973/1/3973
f 3978/1/3978 3976/1/3976 3973/1/3973
f 3975/1/3975 3979/1/3979 3935/1/3935
f 3974/1/3974 3932/1/3932 3977/1/3977
f 3973/1/3973 3976/1/3976 3975/1/3975
f 3978/1/3978 3990/1/3990 3976/1/3976
f 3976/1/3976 3979/1/3979 3975/1/3975
f 3990/1/3990 3979/1/3979 3976/1/3976
f 3938/1/3938 3942/1/3942 3957/1/3957
f 3941/1/3941 3939/1/3939 3979/1/3979
f 3979/1/3979 3981/1/3981 3941/1/3941
f 3980/1/3980 3979/1/3979 3990/1/3990
f 3980/1/3980 3981/1/3981 3979/1/3979
f 4011/1/4011 3998/1/3998 3980/1/3980
f 3941/1/3941 3981/1/3981 3959/1/3959
f 3941/1/3941 3959/1/3959 3945/1/3945
f 3960/1/3960 3982/1/3982 3957/1/3957
f 3957/1/3957 3958/1/3958 3960/1/3960
f 3980/1/3980 3983/1/3983 3981/1/3981
f 3998/1/3998 3983/1/3983 3980/1/3980
f 3960/1/3960 3961/1/3961 3982/1/3982
f 3981/1/3981 3983/1/3983 3959/1/3959
f 3985/1/3985 3983/1/3983 3998/1/3998
f 3984/1/3984 3985/1/3985 3998/1/3998
f 3982/1/3982 3961/1/3961 3984/1/3984
f 3961/1/3961 3985/1/3985 3984/1/3984
f 3961/1/3961 3986/1/3986 3985/1/3985
f 3946/1/3946 3961/1/3961 3960/1/3960
f 3947/1/3947 3983/1/3983 3985/1/3985
f 3950/1/3950 3985/1/3985 3986/1/3986
f 3961/1/3961 3948/1/3948 3986/1/3986
f 3992/1/3992 3966/1/3966 3988/1/3988
f 3987/1/3987 3992/1/3992 3970/1/3970
f 3992/1/3992 3993/1/3993 3970/1/3970
f 3989/1/3989 4001/1/4001 3988/1/3988
f 3970/1/3970 3993/1/3993 4003/1/4003
f 4003/1/4003 3972/1/3972 3970/1/3970
f 4005/1/4005 3989/1/3989 3974/1/3974
f 3977/1/3977 4005/1/4005 3974/1/3974
f 3972/1/3972 4006/1/4006 3978/1/3978
f 4009/1/4009 3938/1/3938 3957/1/3957
f 3957/1/3957 3982/1/3982 3996/1/3996
f 3999/1/3999 4015/1/4015 3982/1/3982
f 3991/1/3991 3984/1/3984 3998/1/3998
f 3966/1/3966 3992/1/3992 3987/1/3987
f 3992/1/3992 3988/1/3988 4001/1/4001
f 3989/1/3989 4005/1/4005 4001/1/4001
f 3972/1/3972 4003/1/4003 4006/1/4006
f 4006/1/4006 3995/1/3995 3978/1/3978
f 4005/1/4005 3977/1/3977 3994/1/3994
f 3978/1/3978 3995/1/3995 3990/1/3990
f 3977/1/3977 4009/1/4009 3994/1/3994
f 3990/1/3990 3995/1/3995 4011/1/4011
f 3977/1/3977 3938/1/3938 4009/1/4009
f 3990/1/3990 4011/1/4011 3980/1/3980
f 4009/1/4009 3957/1/3957 3996/1/3996
f 3996/1/3996 3982/1/3982 4015/1/4015
f 4011/1/4011 3997/1/3997 3998/1/3998
f 3984/1/3984 3991/1/3991 3999/1/3999
f 3982/1/3982 3984/1/3984 3999/1/3999
f 4001/1/4001 4002/1/4002 3992/1/3992
f 4002/1/4002 4000/1/4000 3992/1/3992
f 3992/1/3992 4000/1/4000 3993/1/3993
f 4000/1/4000 4007/1/4007 3993/1/3993
f 4004/1/4004 4000/1/4000 4002/1/4002
f 4001/1/4001 4005/1/4005 4002/1/4002
f 3993/1/3993 4007/1/4007 4003/1/4003
f 4006/1/4006 4003/1/4003 4008/1/4008
f 4007/1/4007 4008/1/4008 4003/1/4003
f 4005/1/4005 4004/1/4004 4002/1/4002
f 4000/1/4000 4012/1/4012 4007/1/4007
f 4004/1/4004 4012/1/4012 4000/1/4000
f 4012/1/4012 4013/1/4013 4007/1/4007
f 4008/1/4008 3995/1/3995 4006/1/4006
f 4005/1/4005 3994/1/3994 4004/1/4004
f 4010/1/4010 3995/1/3995 4008/1/4008
f 4007/1/4007 4010/1/4010 4008/1/4008
f 4013/1/4013 4010/1/4010 4007/1/4007
f 3994/1/3994 4012/1/4012 4004/1/4004
f 4010/1/4010 4011/1/4011 3995/1/3995
f 3994/1/3994 4009/1/4009 4012/1/4012
f 4013/1/4013 4011/1/4011 4010/1/4010
f 4009/1/4009 3996/1/3996 4012/1/4012
f 3996/1/3996 4015/1/4015 4012/1/4012
f 3997/1/3997 4011/1/4011 4013/1/4013
f 4012/1/4012 4014/1/4014 4013/1/4013
f 4015/1/4015 4014/1/4014 4012/1/4012
f 4014/1/4014 3997/1/3997 4013/1/4013
f 3991/1/3991 3997/1/3997 4014/1/4014
f 3991/1/3991 3998/1/3998 3997/1/3997
f 3999/1/3999 3991/1/3991 4014/1/4014
f 4015/1/4015 3999/1/3999 4014/1/4014
f 1328/1/1328 1359/1/1359 1325/1/1325
f 1328/1/1328 1325/1/1325 1360/1/1360
f 603/1/603 675/1/675 4016/1/4016
f 603/1/603 4016/1/4016 736/1/736
f 1328/1/1328 1360/1/1360 1281/1/1281
f 752/1/752 603/1/603 736/1/736
f 752/1/752 736/1/736 788/1/788
f 1180/1/1180 1153/1/1153 1042/1/1042
f 940/1/940 752/1/752 788/1/788
f 1041/1/1041 4019/1/4019 1244/1/1244
f 1180/1/1180 1042/1/1042 962/1/962
f 4017/1/4017 1041/1/1041 1244/1/1244
f 1219/1/1219 1180/1/1180 962/1/962
f 1219/1/1219 962/1/962 940/1/940
f 1219/1/1219 940/1/940 788/1/788
f 1219/1/1219 788/1/788 4017/1/4017
f 1220/1/1220 1327/1/1327 1328/1/1328
f 1220/1/1220 1328/1/1328 1281/1/1281
f 1244/1/1244 1220/1/1220 1281/1/1281
f 4017/1/4017 1244/1/1244 1281/1/1281
f 4017/1/4017 1281/1/1281 1219/1/1219
f 887/1/887 4018/1/4018 904/1/904
f 904/1/904 937/1/937 938/1/938
f 1323/1/1323 1177/1/1177 1218/1/1218
f 1324/1/1324 1323/1/1323 1218/1/1218
f 1324/1/1324 1218/1/1218 1322/1/1322
f 1509/1/1509 1557/1/1557 1623/1/1623
f 4020/1/4020 1506/1/1506 1555/1/1555
f 4022/1/4022 4020/1/4020 1555/1/1555
f 1508/1/1508 1509/1/1509 1623/1/1623
f 4022/1/4022 1508/1/1508 1623/1/1623
f 1623/1/1623 1510/1/1510 4022/1/4022
f 1555/1/1555 4021/1/4021 4022/1/4022
f 2043/1/2043 1942/1/1942 2038/1/2038
f 2157/1/2157 2043/1/2043 2038/1/2038
f 4024/1/4024 2157/1/2157 2038/1/2038
f 2151/1/2151 2194/1/2194 2155/1/2155
f 2158/1/2158 4024/1/4024 2038/1/2038
f 2038/1/2038 2196/1/2196 2154/1/2154
f 2038/1/2038 2154/1/2154 2153/1/2153
f 2153/1/2153 2151/1/2151 2155/1/2155
f 2153/1/2153 2155/1/2155 2158/1/2158
f 2038/1/2038 2153/1/2153 2158/1/2158
f 1852/1/1852 2137/1/2137 2066/1/2066
f 4023/1/4023 1852/1/1852 2066/1/2066
f 2224/1/2224 2319/1/2319 2257/1/2257
f 4026/1/4026 2220/1/2220 2224/1/2224
f 4026/1/4026 2224/1/2224 2257/1/2257
f 4028/1/4028 2893/1/2893 2854/1/2854
f 4027/1/4027 4028/1/4028 2854/1/2854
f 2511/1/2511 2476/1/2476 2455/1/2455
f 2610/1/2610 4027/1/4027 2854/1/2854
f 2609/1/2609 2610/1/2610 2854/1/2854
f 2635/1/2635 2609/1/2609 2854/1/2854
f 2424/1/2424 2635/1/2635 2854/1/2854
f 2854/1/2854 2743/1/2743 2692/1/2692
f 2424/1/2424 2854/1/2854 2692/1/2692
f 2511/1/2511 2455/1/2455 2606/1/2606
f 2511/1/2511 2606/1/2606 2424/1/2424
f 2511/1/2511 2424/1/2424 2692/1/2692
f 2664/1/2664 2515/1/2515 2511/1/2511
f 2511/1/2511 2692/1/2692 2691/1/2691
f 2664/1/2664 2511/1/2511 2691/1/2691
