vn -0.48558 -0.0541765 0.626313
v -65.109 -64.0831 -80.4088
vn -0.311273 -0.481337 0.622908
v -64.7655 -64.932 -80.2824
vn -0.648777 -0.32354 0.442362
v -67.4146 -64.4482 -83.4129
vn -0.289601 -0.791661 0.386517
v -64.4313 -66.686 -82.2167
vn -0.27881 -0.0517713 0.732016
v -62.1156 -57.4844 -79.4682
vn 0.0998475 -0.138675 0.792192
v -60.5723 -61.0289 -79.5681
vn 0.495589 -0.404984 0.63563
v -60.0099 -61.4644 -79.732
vn -0.0126588 -0.175486 0.785979
v -63.0333 -63.1727 -79.8703
vn -0.402854 -0.00918502 0.67404
v -64.241 -60.965 -80.3005
vn -0.600351 -0.00209609 0.533931
v -66.286 -58.5287 -82.1948
vn 0.20771 -0.648589 0.59891
v -62.9014 -65.2211 -80.4511
vn 0.109212 -1.06031 -0.0718024
v -64.2721 -68.8886 -86.1257
vn -0.30059 -0.892551 0.226361
v -66.6028 -68.2937 -86.2572
vn -0.752943 -0.0894434 0.362791
v -70.3386 -63.4008 -86.5085
vn -0.64489 -0.51129 0.337398
v -70.2953 -66.2079 -87.0618
vn 0.579347 -0.737483 0.338168
v -61.3526 -65.4383 -81.4523
vn 0.0916234 -0.939448 0.288551
v -63.7657 -68.2118 -84.0283
vn -0.0413644 -1.05455 -0.0698761
v -67.432 -69.9577 -92.8281
vn -0.847358 -0.336426 0.0907542
v -70.7668 -65.727 -87.7101
vn -0.709279 0.09151 0.400507
v -68.6459 -56.4415 -85.053
vn 0.494216 -0.949046 0.0125307
v -62.9846 -68.6995 -85.7284
vn -0.501499 -0.838727 0.0821363
v -69.3421 -67.9687 -88.3568
vn 0.525067 -0.166442 0.680219
v -58.4014 -57.7998 -79.9715
vn -0.300398 0.152949 0.69672
v -61.3361 -51.7348 -79.3254
vn 0.223585 -0.0336761 0.782467
v -60.2617 -51.9861 -79.2069
vn -0.562917 0.103271 0.549582
v -63.0726 -52.2861 -80.476
vn -0.848432 -0.333142 0.0903615
v -72.4251 -64.3008 -93.2423
vn -0.670189 -0.706973 0.0103705
v -70.3187 -68.8264 -94.106
vn 0.0895409 0.142451 0.771976
v -58.8309 -47.9996 -80.123
vn 0.795337 -0.453146 0.366914
v -57.5816 -59.8974 -81.1052
vn -0.679594 0.259843 0.368857
v -65.3521 -49.1695 -84.468
vn -0.539398 0.231882 0.528145
v -63.1156 -49.7037 -81.5928
vn -0.758464 0.209944 0.280055
v -69.0823 -54.4608 -86.322
vn 0.592449 -0.916176 -0.0999616
v -60.7592 -67.4801 -87.9694
vn 0.233835 -1.04429 -0.0503538
v -64.7447 -69.635 -91.1384
vn -0.855663 0.0595059 0.150494
v -71.6327 -59.5215 -89.7508
vn -0.882976 -0.029202 0.0952876
v -72.6001 -59.9393 -92.9491
vn -0.307183 -0.99349 -0.135004
v -68.908 -69.8782 -94.8087
vn 0.751599 -0.688805 0.185517
v -59.6858 -64.7176 -83.0359
vn -0.765795 0.278669 0.219119
v -67.1631 -49.2239 -87.1403
vn -0.83195 0.230599 0.105042
v -69.8604 -54.6055 -88.5087
vn 0.595883 -0.114844 0.644374
v -56.4205 -53.6328 -80.9038
vn -0.490108 0.177726 0.585513
v -59.9301 -41.1268 -82.5026
vn 0.803854 -0.697279 0.0557279
v -57.9048 -65.1024 -87.7312
vn -0.871751 -0.23278 0.0892926
v -73.5697 -63.1369 -95.9506
vn -0.779376 -0.520383 0.0701642
v -72.6262 -66.7721 -96.5182
vn -0.132912 0.158867 0.747075
v -59.1274 -44.278 -80.9995
vn 0.369943 -0.0107304 0.747114
v -56.7317 -47.7018 -80.7901
vn 0.78338 -0.289051 0.460662
v -56.2007 -56.926 -81.488
vn -0.778314 0.262477 0.207094
v -66.8675 -45.6893 -89.1805
vn -0.823633 0.239893 0.119633
v -69.3088 -50.812 -90.5674
vn -0.854795 0.165943 0.0934702
v -72.5297 -56.082 -95.7977
vn 0.283288 -1.04696 -0.213012
v -62.5181 -69.7744 -96.8062
vn 0.0199327 -1.05992 -0.337489
v -67.3736 -69.8924 -97.7872
vn -0.832883 -0.409792 0.05833
v -73.7433 -66.2005 -99.3351
vn -0.592252 -0.81196 -0.100509
v -72.5475 -67.8402 -99.4657
vn 0.509151 -0.0616836 0.693375
v -55.2989 -42.8978 -81.3293
vn 0.701989 -0.141868 0.566638
v -52.7548 -49.2596 -83.2743
vn -0.683024 0.214297 0.388405
v -63.0372 -41.9945 -85.3156
vn 0.616409 -0.899049 -0.0861942
v -60.891 -68.4677 -93.4153
vn -0.88455 -0.0675592 0.0930422
v -74.2389 -61.1949 -97.7276
vn 0.0523595 0.0239631 0.790419
v -56.5331 -40.1039 -81.392
vn -0.76898 0.285201 0.207244
v -64.2362 -41.3711 -87.4568
vn -0.240153 -1.01416 -0.316218
v -70.8586 -68.7741 -100.4
vn 0.140817 -0.127108 0.790853
v -54.4272 -34.2863 -81.4293
vn -0.269755 0.0318658 0.729981
v -56.6259 -34.8359 -81.7111
vn -0.818832 0.261659 0.111195
v -70.0036 -47.8413 -96.3113
vn -0.82904 0.222324 0.120997
v -71.5335 -52.2318 -95.9757
vn -0.897015 -0.258957 -0.0341854
v -76.1998 -63.2517 -104.162
vn -0.768218 -0.615225 -0.194035
v -75.5751 -65.3811 -104.793
vn 0.161766 -0.177274 0.784985
v -52.5643 -30.4705 -81.1603
vn 0.873929 -0.303269 0.342069
v -51.5318 -51.7832 -85.1872
vn -0.831456 0.206553 0.12801
v -71.8964 -51.2428 -97.6947
vn -0.880815 -0.0343566 0.102703
v -76.1678 -60.9727 -102.968
vn -0.501177 -0.870506 -0.38651
v -74.491 -66.4939 -105.98
vn -0.80456 0.29714 0.111785
v -68.1148 -42.0414 -96.6628
vn -0.902739 0.0187288 0.00925756
v -76.6784 -58.8355 -105.809
vn -0.92 -0.208415 -0.177781
v -76.9682 -60.794 -110.742
vn -0.280623 0.0629843 0.722027
v -54.2224 -29.6974 -81.4289
vn -0.569037 0.200908 0.514889
v -56.3104 -30.8128 -82.4436
vn -0.631268 0.255172 0.429418
v -54.5838 -27.1347 -82.7269
vn -0.731741 0.278578 0.280495
v -60.5133 -35.0232 -85.4125
vn 0.673617 -0.853207 -0.354104
v -59.0664 -66.8534 -101.647
vn 0.675437 -0.86543 -0.177833
v -61.1563 -69.1489 -97.2587
vn 0.497698 -0.959694 -0.364748
v -61.2734 -69.2093 -99.3841
vn -0.841097 0.188443 0.116108
v -74.7329 -53.1345 -104.012
vn -0.363672 -0.966648 -0.294165
v -73.0912 -67.6064 -103.444
vn -0.016513 -0.0992172 0.790822
v -51.2942 -27.2773 -81.0085
vn 0.481665 -0.171174 0.700701
v -52.5956 -40.1531 -82.5982
vn 0.921624 -0.511089 0.0781562
v -53.1685 -58.0895 -87.5241
vn -0.414804 0.111865 0.650506
v -52.4844 -25.3184 -81.4714
vn 0.974689 -0.383518 0.0835198
v -49.7861 -49.9363 -88.5816
vn 0.814676 -0.730451 -0.10876
v -56.8041 -64.4663 -90.4735
vn -0.818171 0.247232 0.12744
v -71.3367 -46.2626 -101.547
vn -0.900809 0.0671434 -0.00822052
v -76.8002 -55.3423 -108.711
vn -0.648304 0.21003 0.431885
v -52.0134 -21.087 -82.4345
vn -0.74119 0.322286 0.228684
v -57.0939 -26.4702 -86.5156
vn -0.75879 0.314784 0.201261
v -59.4586 -31.0169 -86.696
vn -0.795768 0.320728 0.107693
v -62.6553 -34.5336 -91.7047
vn 0.923279 -0.582104 -0.106689
v -53.6114 -60.4834 -94.4786
vn -0.156882 -1.00173 -0.488548
v -71.526 -66.9367 -108.386
vn 0.451758 -0.270731 0.697201
v -50.1135 -34.16 -82.6591
vn -0.790895 0.359891 0.0671267
v -59.8613 -28.9283 -90.92
vn 0.959234 -0.500735 -0.0509497
v -50.8724 -54.9165 -92.5069
vn 0.263574 -1.01491 -0.468956
v -63.2183 -68.5621 -102.944
vn -0.848643 0.205702 0.0779918
v -75.6457 -51.0584 -108.284
vn -0.713834 0.249419 0.327519
v -45.9573 -11.0432 -77.2686
vn -0.628651 0.00470951 0.506551
v -45.4605 -12.9427 -76.5213
vn -0.230452 -0.256737 0.730338
v -47.5706 -17.0091 -80.8175
vn -0.289261 0.0537522 0.719996
v -49.0753 -20.5893 -80.598
vn 0.0931453 -0.118619 0.793549
v -48.2694 -21.4715 -80.3593
vn -0.537872 -0.107418 0.588153
v -49.9917 -17.5292 -81.5607
vn -0.785004 0.324943 0.131137
v -50.9931 -17.0307 -83.2915
vn -0.800878 0.309537 0.107288
v -69.3729 -42.1285 -100.121
vn -0.499454 -0.841813 -0.48789
v -74.2666 -64.7154 -111.278
vn -0.758917 -0.589746 -0.411787
v -76.6928 -61.3408 -113.813
vn -0.121769 -0.477331 0.68792
v -44.2807 -14.0844 -75.6346
vn -0.0680099 -0.492903 0.690603
v -45.2783 -18.5661 -79.0511
vn 0.337605 -0.313185 0.727335
v -47.9282 -27.8494 -81.8629
vn 0.709864 -0.298082 0.528861
v -49.5546 -41.1948 -84.6951
vn 0.821683 -0.236205 0.433239
v -50.3102 -47.1671 -85.5133
vn 0.77884 -0.775241 -0.191529
v -58.6162 -66.6834 -97.9986
vn -0.034695 -0.0786511 0.789467
v -39.9279 -7.24529 -74.5384
vn -0.41438 0.145872 0.642806
v -44.1179 -9.36852 -76.0984
vn 0.15161 -0.367967 0.746081
v -41.0389 -11.4884 -75.61
vn 0.325407 -0.587776 0.611502
v -41.7857 -13.3321 -76.5893
vn 0.0825274 -0.325245 0.761795
v -46.5304 -22.9524 -80.7768
vn -0.751014 0.422017 0.084577
v -53.3232 -20.614 -85.2485
vn 0.656804 -0.439062 0.515732
v -46.2616 -34.0473 -84.7958
vn 0.927441 -0.383564 0.203011
v -47.5842 -43.3472 -88.8037
vn -0.770039 0.411687 0.0446251
v -60.3764 -25.5731 -98.5807
vn 0.520161 -0.939492 -0.408319
v -60.0031 -66.0376 -107.963
vn 0.0170514 -1.03373 -0.466583
v -68.2148 -67.8186 -106.512
vn -0.915103 0.0308303 -0.0656976
v -77.2735 -53.492 -113.052
vn -0.121277 -0.979846 -0.573231
v -71.4787 -64.2198 -116.304
vn -0.649193 0.589324 0.0142105
v -42.5524 -6.25588 -76.6616
vn 0.978383 -0.42238 0.0200972
v -48.7575 -50.2107 -92.6974
vn 0.746414 -0.804921 -0.25353
v -55.2694 -63.2195 -104.324
vn -0.813562 0.282959 0.102797
v -72.5523 -45.1406 -105.492
vn -0.197232 0.575708 0.510296
v -38.1829 -3.95073 -75.2023
vn 0.272451 -0.310418 0.744322
v -39.8963 -8.57735 -74.8878
vn -0.802944 0.340168 0.0590651
v -72.127 -41.0659 -109.953
vn 0.251909 -1.00337 -0.514393
v -63.1939 -65.9423 -110.938
vn -0.433956 -0.867684 -0.536254
v -73.0102 -62.7941 -118.279
vn 0.30158 -0.382222 0.716351
v -36.1158 -9.88997 -75.8399
vn -0.706593 0.513202 0.0332826
v -55.9605 -19.8955 -95.1856
vn 0.942292 -0.518979 -0.0112882
v -48.4378 -52.3186 -99.1444
vn -0.849211 0.245421 0.0307125
v -75.3469 -47.2781 -111.703
vn -0.854391 -0.432355 -0.324162
v -77.0494 -59.5583 -115.699
vn 0.323484 -0.563384 0.627056
v -42.6518 -26.5908 -82.6287
vn 0.436525 -0.519153 0.609813
v -43.1239 -29.8052 -84.3072
vn 0.878004 -0.653021 -0.120054
v -53.074 -60.5064 -100.494
vn 0.68181 -0.856571 -0.28863
v -54.3156 -62.0246 -108.686
vn 0.486792 -0.950347 -0.431438
v -58.6084 -64.5416 -111.34
vn 0.272127 -0.151682 0.770947
v -36.4265 -5.0185 -74.949
vn 0.331647 -0.3325 0.723781
v -33.6795 -10.3586 -76.8807
vn 0.679303 -0.627995 0.358375
v -43.0814 -34.3984 -87.9877
vn 0.883486 -0.6227 -0.0239921
v -47.8927 -54.4319 -106.745
vn -0.78621 0.354652 0.0892367
v -64.1524 -33.4471 -97.3221
vn -0.777305 0.383773 0.0709767
v -66.3094 -33.455 -103.493
vn -0.708349 0.554237 -0.13791
v -50.2894 -16.1506 -86.2398
vn -0.730198 0.466677 0.0626951
v -56.4396 -23.2924 -88.6077
vn 0.846228 -0.528171 0.228069
v -44.9632 -39.4631 -90.3953
vn 0.94608 -0.464012 0.0729195
v -46.9425 -45.9173 -93.6354
vn -0.899363 0.127165 -0.0585043
v -77.1146 -50.2945 -115.441
vn 0.358063 -0.286825 0.727741
v -35.736 -6.02948 -75.605
vn -0.598737 0.67091 -0.266991
v -46.5123 -11.8108 -85.8689
vn 0.542874 -0.656977 0.452152
v -40.5907 -31.275 -86.9472
vn -0.683879 0.564248 -0.0335456
v -51.8913 -16.8911 -90.1191
vn -0.792975 0.348993 0.0773448
v -68.8964 -37.5552 -105.067
vn 0.122517 -1.00864 -0.545884
v -66.2446 -64.5506 -115.957
vn 0.22598 -0.0707124 0.78276
v -27.8599 -2.46926 -75.9079
vn 0.0398974 0.547193 0.581235
v -31.8238 -2.58959 -75.9924
vn 0.385294 -0.624956 0.564814
v -32.0692 -21.1479 -83.0159
vn -0.630536 0.632755 -0.0809674
v -46.4918 -11.2548 -88.7409
vn 0.818074 -0.731815 -0.156147
v -51.1124 -58.955 -107.549
vn -0.881842 0.204433 -0.0683131
v -76.4527 -46.6778 -118.316
vn -0.926374 -0.144179 -0.163338
v -77.7957 -54.4348 -118.144
vn -0.262973 0.872771 -0.222655
v -37.4605 -2.69949 -77.2243
vn -0.0526711 -0.979627 -0.601901
v -70.2254 -61.7301 -122.185
vn -0.635089 -0.741646 -0.432465
v -74.9596 -60.5841 -120.756
vn -0.396261 -0.880791 -0.558862
v -74.0069 -59.5334 -125.323
vn 0.246285 -0.308016 0.750129
v -30.6086 -4.07596 -76.3349
vn 0.266633 -0.373017 0.727479
v -29.0663 -8.36343 -77.0364
vn -0.0948099 0.899804 -0.384771
v -32.5143 -2.74065 -79.6224
vn -0.372343 0.825533 -0.253507
v -37.4504 -4.50547 -82.7383
vn 0.277124 -0.550844 0.646991
v -37.7039 -21.24 -80.7235
vn 0.561774 -0.760072 0.325998
v -41.2869 -35.0687 -91.2562
vn -0.753968 0.444723 0.0319306
v -63.0752 -27.0214 -105.511
vn -0.82986 0.30152 0.0235286
v -74.7234 -42.5656 -116.248
vn -0.92834 -0.073046 -0.147479
v -78.2659 -52.5287 -122.838
vn -0.673775 -0.674653 -0.489946
v -75.6538 -58.085 -125.193
vn 0.156282 0.490566 0.618602
v -24.5203 -1.30351 -77.2131
vn -0.0777695 0.911836 -0.0859956
v -31.343 -2.43686 -77.9601
vn 0.749224 -0.673746 0.212307
v -42.6075 -38.4017 -93.5962
vn -0.634369 0.602386 0.0225108
v -52.1642 -15.7561 -96.7137
vn -0.739382 0.484955 -0.0128376
v -58.7174 -21.7964 -100.865
vn 0.753527 -0.79812 -0.153705
v -50.3784 -58.5644 -111.792
vn 0.589833 -0.911637 -0.351356
v -56.5872 -62.7803 -113.704
vn 0.180361 -0.975478 -0.614793
v -63.4486 -62.4463 -120.635
vn -0.850838 0.274326 -0.021977
v -75.0029 -41.3167 -119.558
vn -0.186744 -0.936554 -0.632979
v -73.0583 -59.5502 -126.25
vn -0.844184 -0.453375 -0.336496
v -76.8365 -57.7336 -120.762
vn 0.250832 -0.255969 0.760772
v -22.6159 -3.25672 -77.9064
vn -0.593177 0.661833 -0.0481034
v -48.9436 -12.6477 -95.8905
vn 0.913079 -0.553129 0.0312308
v -45.1292 -47.625 -102.54
vn 0.373268 -0.976277 -0.499433
v -59.253 -63.4804 -115.56
vn -0.223229 0.876379 -0.0694149
v -25.8073 -1.34083 -79.6841
vn 0.36637 -0.491118 0.652219
v -32.4354 -15.2867 -79.2411
vn 0.398171 -0.684906 0.512073
v -33.0431 -26.4293 -86.8706
vn 0.460225 -0.714332 0.452693
v -37.2497 -30.7332 -88.4802
vn 0.807464 -0.668251 0.108436
v -41.7304 -42.1056 -101.474
vn 0.271052 -0.977311 -0.574275
v -61.5818 -62.9992 -118.754
vn 0.0371015 -0.959226 -0.661284
v -70.1419 -59.5369 -126.868
vn 0.712186 -0.772031 0.102813
v -40.4034 -38.7973 -98.0763
vn 0.884074 -0.571139 0.0885016
v -44.4353 -44.5213 -98.7801
vn -0.335106 -0.261394 0.689012
v 42.5188 -46.1635 -55.106
vn -0.541081 -0.632641 0.35179
v 43.0289 -47.7628 -55.222
vn -0.275555 -0.136568 0.731034
v 35.3112 -36.9301 -56.5242
vn -0.606952 -0.545772 0.356583
v 38.805 -43.8414 -57.0006
vn -0.522773 -0.115382 0.59909
v 34.843 -36.4398 -56.6134
vn -0.684468 -0.464433 0.319596
v 35.6771 -39.8958 -57.5827
vn 0.154728 -0.125118 0.789878
v -17.747 -3.43198 -78.1643
vn 0.184882 -0.391168 0.735028
v -16.2911 -5.00162 -78.7454
vn 0.237528 -0.0412362 0.780447
v -21.2409 -1.34574 -77.9746
vn -0.139705 0.894962 -0.362706
v -27.1784 -0.642717 -82.1859
vn -0.191544 0.894359 -0.164913
v -32.8588 -3.71759 -83.817
vn 0.804146 -0.715041 0.00702015
v -46.6521 -54.9837 -112.857
vn -0.774948 0.403687 0.0433606
v -66.5117 -25.9069 -117.838
vn -0.777653 0.392837 0.0543579
v -68.8201 -33.0601 -112.171
vn 0.144745 -0.963618 -0.647561
v -65.0174 -60.6913 -124.423
vn -0.903199 0.138993 -0.109051
v -77.4202 -45.2292 -126.678
vn -0.461829 -0.823728 -0.591072
v -74.3418 -55.8755 -131.387
vn -0.765422 -0.572215 -0.428273
v -76.7568 -54.3852 -129.088
vn -0.133072 -0.70267 0.542322
v 49.2794 -52.0696 -54.2808
vn -0.291048 -0.427188 0.656429
v 47.833 -50.7955 -54.1646
vn 0.0236312 0.0389784 0.787962
v 40.5345 -40.9054 -55.1371
vn 0.0611408 0.0430049 0.788555
v 44.733 -46.1184 -54.3989
vn -0.511372 -0.870583 -0.0598339
v 44.9012 -49.356 -55.5868
vn -0.728509 -0.633476 0.00684328
v 35.7819 -41.7073 -59.9174
vn 0.0254047 0.70637 0.423697
v -22.6028 -0.660166 -77.7287
vn 0.316307 -0.568645 0.626075
v -22.8176 -12.2134 -80.5729
vn 0.576774 -0.858227 0.144112
v -37.5621 -35.5601 -95.2163
vn -0.655464 0.578984 0.0241753
v -54.6437 -16.5555 -101.048
vn 0.855591 -0.604047 0.107474
v -43.2798 -47.9893 -108.883
vn 0.534657 -0.939279 -0.373662
v -51.26 -58.9505 -118.407
vn -0.766768 -0.268324 0.305379
v 33.1874 -34.6195 -59.1434
vn 0.362436 -0.695313 0.518509
v -20.4681 -18.4625 -85.3958
vn 0.356471 -0.591503 0.598722
v -25.2914 -16.366 -82.3664
vn -0.314347 0.852798 -0.178161
v -36.9727 -3.50338 -88.2618
vn -0.469972 0.766855 -0.114976
v -47.3727 -11.0791 -97.6566
vn -0.532951 0.689264 0.039884
v -49.6779 -11.7145 -100.991
vn -0.71943 0.49958 0.0238639
v -58.8211 -20.1496 -107.092
vn 0.319328 -0.972897 -0.555159
v -57.1424 -60.1529 -122.726
vn -0.796335 0.373332 0.0250439
v -71.1611 -35.3406 -116.533
vn 0.117927 -0.952407 -0.67304
v -65.8969 -58.2937 -129.056
vn -0.840565 0.305851 -0.0329341
v -75.0252 -38.4007 -126.215
vn 0.0242328 -0.835519 0.436784
v 51.7485 -52.8404 -55.1446
vn 0.00207117 -0.830545 0.440722
v 57.3829 -55.1331 -57.1818
vn -0.318424 -0.982642 -0.077673
v 49.7563 -52.4361 -55.649
vn 0.0951231 0.154335 0.769188
v 38.7341 -33.8502 -56.5184
vn -0.0823987 0.177599 0.751801
v 34.503 -29.7845 -58.0866
vn -0.285423 0.0753385 0.718337
v 34.7793 -33.1564 -57.6905
vn -0.590743 -0.808409 -0.0702033
v 40.5682 -46.0456 -57.5103
vn 0.144134 -0.180362 0.786123
v -14.0488 -3.11091 -78.4845
vn 0.198186 0.407196 0.664397
v -17.9526 -0.442043 -78.6063
vn 0.0191225 0.904491 0.013585
v -19.5602 0.751436 -80.2352
vn 0.28398 -0.452775 0.693719
v -21.0937 -9.05348 -79.2545
vn 0.458559 -0.816929 0.334554
v -34.7835 -32.3809 -91.9771
vn 0.634076 -0.857669 0.042783
v -37.6751 -37.048 -100.03
vn 0.843513 -0.608948 0.128486
v -41.0857 -45.4152 -109.961
vn -0.731359 0.457292 0.077466
v -63.3481 -23.4419 -113.06
vn 0.263954 -0.96003 -0.617588
v -55.2508 -57.46 -127.432
vn -0.56723 -0.0376113 0.564993
v 32.0012 -27.8458 -59.0276
vn 0.159035 0.486692 0.620933
v -13.835 -1.10218 -78.6861
vn 0.289071 -0.150799 0.767357
v -9.83009 -3.37592 -78.7726
vn 0.584917 -0.880894 0.0730485
v -29.1987 -31.137 -95.5314
vn 0.68188 -0.860622 -0.182212
v -47.209 -56.3113 -117.246
vn 0.411332 -0.962647 -0.499405
v -56.0132 -60.6082 -120.029
vn -0.927785 -0.0266008 -0.255425
v -78.1331 -49.04 -128.729
vn -0.929612 -0.0977965 -0.206553
v -78.4159 -51.7037 -125.688
vn -0.639657 -0.705846 -0.508457
v -75.9212 -53.6116 -133.987
vn 0.289963 -0.245076 0.754669
v 53.3047 -52.2216 -55.1527
vn 0.238436 0.0775674 0.769604
v 47.8293 -49.4961 -54.0241
vn -0.648893 -0.763703 -0.249366
v 37.4797 -43.7222 -65.1048
vn -0.492966 0.283942 0.541856
v 32.1315 -26.3071 -59.3603
vn -0.586938 0.313527 0.444107
v 31.4051 -25.126 -60.8899
vn -0.867282 -0.166115 0.130057
v 31.7849 -29.9827 -59.7084
vn 0.392475 0.726561 0.306371
v -8.30476 -0.806779 -79.7054
vn -0.0240166 0.829597 -0.631481
v -17.592 0.29403 -81.9326
vn 0.572718 -0.912276 -0.0104587
v -32.8203 -33.5968 -98.2504
vn 0.59093 -0.918379 -0.299256
v -48.2179 -56.8826 -121.09
vn -0.80697 0.363671 0.00200818
v -70.9966 -28.0253 -131.228
vn -0.868465 0.26311 -0.113782
v -76.7468 -40.5042 -131.391
vn 0.426057 0.322989 0.64281
v 51.6924 -41.7082 -58.0655
vn 0.0834305 0.28134 0.731151
v 38.6576 -28.9788 -57.8344
vn -0.561355 -0.844891 -0.17443
v 39.0502 -45.1838 -61.9898
vn -0.816314 -0.499054 -0.030761
v 33.5174 -38.0814 -61.1265
vn -0.877794 -0.123113 0.109429
v 30.6418 -26.5302 -61.8128
vn -0.0227496 0.898747 -0.435057
v -23.994 -1.96936 -83.4109
vn -0.121078 0.891787 -0.00890301
v -23.7892 -1.43781 -86.6676
vn -0.124119 0.910534 -0.175493
v -28.13 -2.38794 -87.5675
vn 0.778001 -0.666691 0.172749
v -38.8583 -43.1877 -111.35
vn 0.788809 -0.687864 0.11368
v -41.2604 -49.5552 -115.304
vn 0.73298 -0.806193 -0.0690682
v -43.7518 -53.5057 -118.553
vn -0.905039 0.140886 -0.135526
v -77.2403 -42.9351 -129.571
vn 0.342795 -0.268151 0.736445
v 58.297 -54.3312 -56.7671
vn 0.428088 0.254818 0.670366
v 45.194 -36.8381 -57.8948
vn -0.372624 -0.96594 -0.242093
v 52.2954 -53.5863 -63.6928
vn -0.230061 0.46506 0.58473
v 33.0411 -21.8333 -62.6521
vn 0.246112 0.909954 -0.111867
v -10.0427 -0.885159 -80.3005
vn 0.227663 0.904716 -0.363339
v -14.2939 0.58426 -81.5931
vn -0.436272 0.771418 -0.0160425
v -36.3032 -2.433 -98.2232
vn 0.594855 -0.890984 0.0197476
v -30.0231 -32.6573 -101.313
vn -0.493035 0.722537 0.0292567
v -45.2008 -9.02167 -99.6696
vn -0.794934 0.381392 0.0143961
v -69.6815 -29.8344 -121.973
vn 0.260173 -0.220287 0.765179
v 61.3595 -55.0788 -57.7808
vn -0.000592947 -0.836186 0.43373
v 60.748 -56.41 -58.5592
vn 0.442784 0.155093 0.695203
v 57.0939 -50.8882 -56.6932
vn -0.723753 -0.675622 -0.261369
v 35.1516 -41.1349 -65.0498
vn -0.85621 -0.434904 -0.110233
v 32.8504 -36.8156 -64.1452
vn 0.300046 -0.614431 0.601644
v -13.0857 -9.34364 -81.524
vn 0.524004 -0.799755 0.306212
v -21.6406 -22.5115 -89.5051
vn -0.263556 0.861163 -0.057772
v -32.2288 -2.76634 -90.7817
vn -0.247321 0.852257 0.015792
v -31.7316 -0.845343 -98.5548
vn 0.520738 -0.801832 0.306133
v -29.5872 -28.29 -89.8512
vn 0.645348 -0.853639 0.0292742
v -25.9768 -29.2227 -97.4407
vn 0.702892 -0.787221 0.0866178
v -37.0022 -38.0863 -104.237
vn -0.624587 0.60889 0.0330256
v -53.6963 -13.1271 -106.97
vn -0.70273 0.504348 0.0652093
v -57.227 -17.0486 -108.987
vn -0.746281 0.442599 0.0613234
v -65.1502 -22.736 -119.364
vn -0.070315 -0.951224 -0.656393
v -71.8512 -56.908 -131.439
vn -0.0668819 -0.978381 -0.600104
v -71.353 -54.8739 -135.864
vn -0.861972 -0.373624 -0.403094
v -77.2658 -50.3217 -135.521
vn 0.498393 0.196289 0.658464
v 64.8684 -55.4374 -58.6736
vn -0.454935 -0.920523 -0.237444
v 48.6373 -51.774 -61.9143
vn -0.492637 -0.896695 -0.200996
v 42.3206 -47.4153 -63.7115
vn -0.0580908 0.474709 0.623785
v 34.9541 -23.7375 -60.743
vn -0.725756 0.203134 0.335527
v 30.3808 -22.8499 -63.769
vn -0.876998 -0.380274 -0.121782
v 31.174 -34.2014 -67.8985
vn 0.451285 -0.0771975 0.719429
v -6.77086 -2.8152 -80.0248
vn 0.436528 -0.687085 0.491321
v -17.7855 -16.0564 -84.7288
vn -0.17214 0.869468 0.0374219
v -26.2722 -0.891402 -91.565
vn -0.489484 0.720369 0.0445881
v -47.2295 -8.76851 -104.505
vn -0.370115 -0.872836 -0.607186
v -74.479 -53.4381 -136.406
vn 0.0875903 -0.665467 0.598187
v 68.6558 -59.608 -60.578
vn -0.0154689 -0.726365 0.544586
v 65.4212 -57.8393 -59.259
vn 0.506239 0.27272 0.627008
v 62.9881 -49.8751 -60.0913
vn -0.244448 -1.00064 -0.0178216
v 56.181 -55.2679 -58.3334
vn 0.120403 0.448654 0.648497
v 37.8636 -24.7615 -59.712
vn -0.48537 -0.899311 -0.2667
v 44.2051 -48.6485 -64.1014
vn -0.462185 -0.909741 -0.31277
v 47.1316 -50.5874 -66.0962
vn -0.502411 -0.888678 -0.25094
v 41.1079 -46.6653 -64.6647
vn -0.542869 -0.838102 -0.390501
v 40.3647 -45.6298 -68.0219
vn -0.761308 -0.612725 -0.324899
v 33.155 -37.6181 -67.6378
vn 0.140533 0.903001 -0.42476
v -13.6914 -0.759482 -84.7052
vn 0.498323 -0.708677 0.434242
v -24.4052 -24.0421 -88.6412
vn 0.784483 -0.649312 0.187315
v -39.0971 -47.4715 -116.159
vn 0.145026 -0.975798 -0.622015
v -62.3045 -55.272 -134.556
vn -0.919089 -0.200604 -0.273154
v -77.5015 -47.3063 -137.946
vn 0.302206 -0.281429 0.744409
v 66.1402 -57.0977 -58.9838
vn 0.454135 0.290098 0.645158
v 55.2859 -45.9904 -57.7662
vn -0.250885 -0.982785 0.047699
v 61.0225 -57.2613 -60.4132
vn 0.432664 0.324939 0.639096
v 44.7211 -26.3285 -60.5247
vn -0.659711 0.248691 0.399944
v 30.2079 -20.3691 -64.8981
vn -0.888473 -0.107582 0.077696
v 29.4547 -23.0976 -66.4948
vn 0.263728 -0.468417 0.691512
v -9.7185 -4.65184 -79.4326
vn -0.0449349 0.923187 -0.185768
v -20.6225 -1.34034 -84.99
vn 0.596205 -0.858482 0.113441
v -31.5459 -35.4495 -108.304
vn 0.642118 -0.832009 0.0983522
v -33.6432 -36.4698 -107.361
vn -0.515264 0.679044 0.105482
v -44.9521 -5.99982 -108.217
vn -0.683696 0.517232 0.0901284
v -57.2916 -13.5246 -116.636
vn -0.709698 0.481332 0.0918223
v -61.5585 -16.4993 -121.678
vn 0.497117 -0.965164 -0.332482
v -45.3107 -54.2776 -126.325
vn 0.213732 -0.967283 -0.622401
v -57.1457 -56.57 -130.239
vn -0.897057 0.179764 -0.155808
v -76.7628 -40.3914 -133.831
vn -0.692241 -0.647015 -0.498328
v -75.959 -50.5027 -139.24
vn -0.186744 -0.909989 0.273017
v 65.1801 -58.6068 -60.2831
vn 0.45887 0.354086 0.612882
v 51.1157 -37.2269 -60.3649
vn 0.148763 0.572182 0.557495
v 39.3249 -21.2545 -62.6761
vn 0.627107 -0.88618 -0.0517587
v -14.5459 -21.1096 -98.9018
vn 0.64883 -0.840069 0.0632339
v -21.0895 -25.1301 -94.7252
vn -0.404095 0.789832 -0.015465
v -36.9051 -1.95287 -102.715
vn 0.635359 -0.87258 -0.0146461
v -26.685 -30.3888 -100.993
vn -0.513665 0.712301 0.0125775
v -40.2264 -5.15302 -101.901
vn -0.565078 0.592763 0.191765
v -50.1678 -8.76503 -112.403
vn -0.60626 0.607817 0.0835056
v -54.9164 -12.547 -112.346
vn 0.641788 -0.889206 -0.160743
v -42.4402 -52.8599 -121.864
vn -0.800067 0.368152 0.0208448
v -68.3207 -24.0145 -128.252
vn -0.364931 -0.905896 -0.539832
v -73.8985 -50.0469 -144.137
vn 0.286008 -0.398951 0.71431
v 72.3595 -61.0993 -61.8605
vn 0.587149 0.308523 0.562644
v 66.6883 -50.4518 -62.1578
vn -0.431734 -0.923245 -0.347252
v 50.7281 -52.4822 -68.0522
vn -0.0457099 0.848486 0.173147
v 32.3394 -17.8305 -65.7251
vn -0.329665 0.524283 0.492922
v 31.843 -18.9214 -64.7484
vn -0.647343 -0.733625 -0.417181
v 36.8377 -42.3366 -68.1834
vn -0.581634 0.645518 0.046808
v 29.9748 -18.3003 -67.2092
vn 0.538947 0.627668 0.336616
v -4.47806 -2.62077 -81.0987
vn 0.0271897 0.902068 0.0257616
v -18.6003 0.201702 -89.6358
vn 0.398553 -0.802583 0.391133
v -12.9007 -16.2609 -88.2875
vn 0.640434 -0.784006 0.200955
v -32.2807 -38.4969 -113.219
vn 0.690426 -0.737581 0.206591
v -36.9592 -42.6047 -113.478
vn -0.0973926 -0.962682 -0.623448
v -69.0654 -52.7577 -141.576
vn 0.592862 0.17258 0.612172
v 75.222 -60.0015 -63.5392
vn 0.490863 -0.0540704 0.701984
v 71.6788 -60.1953 -61.4353
vn 0.586156 0.265889 0.582884
v 70.4523 -54.6697 -62.5791
vn -0.213382 -0.88074 0.307245
v 70.8892 -61.3693 -62.2835
vn -0.390901 -0.950298 -0.317451
v 53.5493 -53.7464 -69.8367
vn -0.651516 -0.683101 -0.526749
v 35.9686 -39.7821 -72.1321
vn -0.839254 0.226319 0.0873212
v 29.1037 -19.9058 -67.2086
vn 0.147129 0.914056 -0.0447368
v -13.3195 -0.633799 -87.7455
vn -0.126156 0.877179 0.0487223
v -24.986 1.60433 -98.9157
vn 0.670792 -0.737964 0.234172
v -33.5406 -41.4237 -116.083
vn 0.361703 -0.98621 -0.479716
v -47.2597 -54.4794 -129.22
vn 0.13376 -0.996378 -0.576157
v -64.3773 -53.501 -139.166
vn -0.841323 0.325156 -0.0894925
v -74.6355 -35.7092 -131.062
vn -0.858976 -0.401936 -0.368772
v -77.234 -46.568 -145.846
vn -0.0144049 -0.655101 0.601556
v 76.4032 -64.9753 -64.2196
vn 0.0850124 -0.882226 0.37815
v 77.9078 -66.1568 -65.0293
vn 0.510388 -0.412477 0.62492
v 79.1151 -65.4184 -64.6453
vn -0.425179 -0.916182 -0.00809081
v 72.1218 -63.8883 -66.8514
vn 0.514789 0.342102 0.590195
v 58.6954 -43.2743 -61.0517
vn -0.346417 -0.960486 -0.0216117
v 65.9599 -59.6321 -62.8546
vn -0.345571 -0.979206 -0.230402
v 57.187 -55.7882 -66.0142
vn -0.48764 -0.883604 -0.369579
v 43.6565 -47.8608 -68.1099
vn -0.759334 0.466294 -0.361822
v 29.6132 -18.9032 -69.774
vn -0.815395 -0.530087 -0.2713
v 31.1297 -33.6977 -69.6455
vn -0.668101 -0.707102 -0.427056
v 33.223 -35.8447 -73.1711
vn 0.231921 -0.706754 0.548874
v -5.61647 -9.21128 -83.1117
vn 0.517331 -0.885269 0.162738
v -17.0173 -20.9839 -91.0813
vn 0.723508 -0.782833 0.0495493
v -39.0235 -49.233 -119.526
vn -0.763577 0.419992 0.0500622
v -66.5335 -21.5273 -126.194
vn 0.261539 -0.984984 -0.560131
v -53.0492 -55.1749 -131.581
vn -0.929441 -0.0370897 -0.199181
v -77.7919 -44.6046 -142.282
vn 0.580053 0.0247495 0.649909
v 78.3406 -64.0816 -64.2931
vn -0.343249 -0.93414 0.082206
v 75.6052 -65.9912 -66.5058
vn 0.507013 0.338725 0.596226
v 58.308 -39.6151 -62.7302
vn -0.458724 -0.917376 -0.155961
v 67.2386 -60.8233 -67.1951
vn -0.387599 -0.959138 -0.211023
v 62.3801 -58.1227 -69.3362
vn 0.554176 0.456715 0.493674
v 45.5825 -22.9149 -63.2723
vn 0.0605812 0.929847 -0.190239
v 33.9063 -17.6449 -69.0965
vn -0.235652 0.880534 -0.260332
v 30.288 -18.1548 -68.7171
vn -0.925561 -0.155229 -0.244925
v 28.7487 -23.0854 -69.2212
vn -0.772142 -0.536857 -0.474892
v 31.4745 -34.3252 -72.6961
vn -0.898107 0.0256487 -0.436562
v 28.923 -21.4931 -71.1392
vn 0.0147305 -0.562036 0.663818
v 1.80555 -6.27507 -83.0739
vn 0.33616 0.889505 -0.297246
v -4.80134 -2.86707 -82.8169
vn -0.0138696 0.891519 0.0566246
v -22.7263 0.858173 -94.8863
vn -0.422723 0.754619 0.0728969
v -38.9677 -2.14984 -107.57
vn -0.82196 0.34783 -0.0322979
v -71.9122 -28.6856 -133.829
vn 0.0999193 -0.999703 -0.572092
v -68.0688 -53.311 -140.412
vn -0.649199 -0.728392 -0.426976
v -76.5063 -47.73 -145.972
vn 0.430734 -0.689826 0.491912
v 3.78393 -7.84083 -82.0731
vn 0.366093 0.829155 0.117256
v -1.50689 -2.29995 -87.9349
vn 0.405584 -0.873278 0.287065
v -5.39264 -13.7624 -88.3448
vn 0.58424 -0.919666 -0.0882743
v -13.7425 -20.2971 -96.9447
vn 0.619742 -0.867271 0.0442848
v -26.6871 -32.1699 -107.472
vn 0.724085 -0.690208 0.22803
v -35.3544 -45.1497 -118.909
vn 0.402841 -1.00234 -0.346265
v -42.6798 -52.7116 -130.804
vn 0.223649 -1.00304 -0.530316
v -51.0806 -53.7474 -134.434
vn -0.0876549 -1.00016 -0.536582
v -70.0443 -51.2434 -144.351
vn 0.570722 0.322933 0.566285
v 66.5787 -46.5231 -64.034
vn -0.351295 -0.976118 -0.166793
v 76.3838 -66.9216 -69.6899
vn -0.392308 -0.94769 -0.331221
v 57.3493 -55.358 -72.6542
vn -0.441581 -0.907854 -0.395488
v 53.8422 -53.2153 -73.1537
vn -0.900404 -0.185752 -0.416938
v 30.0634 -24.6764 -73.1319
vn 0.520204 0.806279 -0.0333879
v -0.342935 -4.35877 -83.0501
vn 0.30656 0.901609 -0.208801
v -9.11379 -1.86856 -83.4985
vn 0.476592 -0.924095 0.119352
v -5.36972 -15.8708 -91.6551
vn -0.265747 0.847833 0.00679289
v -29.7917 0.869066 -102.052
vn -0.59021 0.594182 0.145692
v -53.1257 -9.17318 -115.311
vn -0.687104 0.512224 0.0913259
v -58.593 -11.6016 -123.25
vn 0.271441 -1.01615 -0.45841
v -45.7734 -52.9677 -133.39
vn -0.724511 0.476705 0.0593231
v -64.2895 -16.9758 -128.062
vn -0.840988 0.316583 -0.0612833
v -72.9279 -29.6239 -137.283
vn 0.0912325 -1.00212 -0.56652
v -64.483 -51.4262 -144.415
vn -0.882803 0.213744 -0.0970377
v -75.794 -35.53 -140.951
vn 0.558975 0.322182 0.574164
v 50.2866 -28.7613 -64.1213
vn -0.580915 -0.761974 -0.51722
v 42.4408 -44.3639 -76.2625
vn -0.507693 0.719081 -0.413861
v 31.2232 -18.878 -72.3564
vn -0.829581 -0.347728 -0.542076
v 31.0586 -30.4323 -74.1601
vn 0.0886896 0.880755 0.10438
v -9.18093 0.157937 -94.5345
vn 0.629309 -0.826082 0.134873
v -27.1233 -34.4184 -112.611
vn 0.678839 -0.754592 0.19581
v -30.1432 -41.9951 -122.007
vn 0.700637 -0.762955 0.144444
v -33.0037 -45.3786 -123.369
vn -0.504213 0.713268 0.0332644
v -51.6304 -5.29248 -120.523
vn -0.892952 0.190663 -0.135869
v -76.5617 -37.0967 -144.139
vn -0.921149 0.0567778 -0.165622
v -77.5281 -41.4634 -144.363
vn 0.586736 -0.63682 0.436638
v 80.49 -66.3625 -66.8147
vn 0.359312 -0.915756 0.243324
v 83.0054 -68.738 -70.8802
vn -0.40784 -0.943494 -0.298154
v 61.7578 -57.6148 -72.6657
vn 0.285872 0.806214 0.22587
v 42.8885 -19.1199 -65.5549
vn -0.494315 -0.863654 -0.432291
v 45.663 -47.6841 -73.6344
vn -0.473318 -0.886486 -0.400335
v 48.9987 -49.3034 -76.0765
vn -0.833112 0.280052 -0.4537
v 30.3113 -20.498 -74.0474
vn -0.697199 -0.511485 -0.670292
v 35.8337 -34.198 -79.601
vn 0.918404 0.361417 0.101742
v 5.02269 -7.69135 -83.1051
vn 0.396393 -0.985615 0.0297696
v -0.0658408 -12.91 -89.3888
vn 0.0702748 0.874215 0.12433
v -11.4196 1.22424 -97.4944
vn 0.488472 -0.942716 0.046492
v -11.9406 -18.3344 -92.087
vn 0.673589 -0.844134 -0.0142208
v -20.8343 -27.155 -106.529
vn -0.336281 0.802093 0.0677446
v -32.783 1.50471 -109.61
vn -0.481069 0.706536 0.100473
v -48.9812 -4.69863 -115.477
vn 0.597723 -0.909599 -0.0762269
v -38.4193 -50.6534 -127.241
vn -0.700892 0.507997 0.0626661
v -60.4282 -12.2359 -127.152
vn -0.771442 0.428621 0.00321335
v -66.4939 -19.3434 -130.579
vn -0.807308 0.370394 -0.0142564
v -69.2384 -22.5957 -134.693
vn -0.70168 -0.667706 -0.422388
v -75.727 -46.7818 -150.09
vn 0.465641 0.361527 0.605711
v 55.8743 -24.1388 -69.0811
vn -0.538792 -0.829479 -0.434268
v 50.3219 -48.972 -81.3769
vn -0.31515 0.829068 0.0031745
v -34.1197 0.0865608 -106.874
vn -0.355313 0.790921 0.0741475
v -38.2804 -0.803709 -110.525
vn -0.361809 0.803952 0.018044
v -39.7058 -0.319436 -114.354
vn 0.643942 -0.784114 0.195789
v -29.3563 -38.2915 -116.945
vn 0.638238 -0.858362 0.0307762
v -35.9512 -48.5409 -125.036
vn 0.5847 -0.909036 -0.0286408
v -34.9078 -48.6809 -128.558
vn 0.185563 -1.04101 -0.414253
v -44.6528 -51.7092 -137.548
vn 0.140967 -1.01076 -0.536561
v -61.0885 -51.6528 -142.882
vn -0.849894 0.302831 -0.083379
v -74.2785 -30.7769 -142.821
vn -0.913851 -0.211348 -0.314807
v -77.176 -43.6816 -149.154
vn 0.801567 -0.0321259 0.475716
v 81.7631 -64.1153 -67.626
vn 0.631947 0.307305 0.531109
v 77.14 -53.594 -67.8704
vn -0.0569692 -1.03086 0.0412216
v 80.778 -68.3744 -69.6971
vn 0.494749 0.329177 0.607555
v 56.9132 -33.3403 -64.9905
vn -0.46846 -0.912643 -0.208522
v 72.5664 -64.5829 -70.0769
vn -0.453583 -0.921046 -0.244759
v 66.98 -60.6228 -70.4863
vn -0.901775 -0.144215 -0.428932
v 30.2306 -24.2953 -76.1669
vn 0.363709 -0.882279 0.298921
v 4.81924 -10.5921 -84.6861
vn -0.140601 0.88438 0.0066738
v -25.4491 2.25259 -101.933
vn 0.673613 -0.856668 -0.0753672
v -16.2934 -22.713 -102.516
vn 0.673597 -0.813777 0.0821692
v -21.7705 -28.8305 -109.076
vn -0.727321 0.49656 0.00306073
v -63.3424 -13.8173 -132.264
vn 0.183263 -0.991922 -0.575448
v -57.4175 -53.3611 -137.501
vn -0.8313 0.336088 -0.0541677
v -70.8892 -24.2226 -139.185
vn 0.725126 -0.421884 0.463571
v 87.9893 -67.5942 -74.743
vn 0.673471 0.256654 0.522406
v 79.7273 -57.2708 -68.0309
vn -0.156376 -1.04103 -0.128447
v 83.4551 -69.1861 -75.1714
vn -0.470949 -0.907094 -0.286529
v 70.7153 -62.7225 -76.0832
vn -0.447095 -0.921686 -0.290117
v 66.2621 -59.8479 -76.4939
vn -0.446641 -0.913299 -0.353084
v 55.7443 -53.2333 -78.1999
vn 0.0286698 0.883165 0.0946147
v 35.874 -17.693 -72.1935
vn -0.815481 -0.349929 -0.575894
v 31.3067 -27.9955 -77.7617
vn 0.130042 0.876087 0.113298
v -5.02723 -0.640184 -92.3462
vn 0.471193 -0.985828 -0.187565
v -7.2504 -16.9364 -96.323
vn 0.0627099 0.880966 0.104208
v -16.056 2.42311 -99.6269
vn 0.691258 -0.841818 -0.0695903
v -11.9858 -20.2332 -107.41
vn 0.661793 -0.786552 0.164234
v -28.7353 -43.4805 -126.844
vn -0.763799 0.456077 -0.0376006
v -67.2443 -17.9915 -137.643
vn -0.839308 0.333274 -0.102386
v -72.9367 -27.431 -143.548
vn -0.0906666 -1.03098 -0.430186
v -69.7006 -48.4887 -153.187
vn -0.350251 -0.943297 -0.451456
v -73.5863 -47.9016 -151.084
vn -0.924874 0.0293213 -0.224001
v -77.2169 -38.7746 -149.231
vn -0.924797 -0.0126313 -0.289192
v -77.174 -40.9607 -153.811
vn -0.87348 -0.388376 -0.297096
v -76.8574 -43.9638 -154.694
vn 0.491403 -0.742809 0.403068
v 89.5676 -70.4591 -78.2568
vn -0.440067 -0.928085 -0.26435
v 75.6606 -65.3803 -80.0543
vn -0.63278 -0.685205 -0.562244
v 42.6209 -41.8971 -80.34
vn -0.632471 -0.661779 -0.600388
v 36.3869 -36.3309 -77.8298
vn -0.831108 0.145316 -0.581356
v 30.7825 -21.6093 -78.5338
vn -0.74522 -0.19423 -0.770671
v 33.1263 -24.8692 -82.2207
vn 0.806148 0.440114 0.239824
v 4.71121 -10.4895 -86.6745
vn 0.892637 0.275135 0.246829
v 4.61371 -7.89859 -86.4673
vn 0.60142 0.663237 0.219212
v 3.49218 -5.75907 -87.9007
vn 0.0154944 0.858203 0.16306
v -11.4955 2.74699 -101.034
vn 0.534915 -0.954075 -0.157409
v -8.86066 -17.8153 -100.77
vn 0.620139 -0.902738 -0.142602
v -11.3746 -19.2673 -104.349
vn -0.185626 0.859963 0.0592401
v -26.6516 3.89837 -108.873
vn 0.695249 -0.816014 0.0241877
v -17.0432 -24.7211 -108.601
vn 0.642261 -0.833888 0.0933155
v -32.3739 -46.7801 -127.521
vn 0.125313 -1.02317 -0.502347
v -54.8097 -51.3848 -142.179
vn 0.35201 -0.915634 0.24818
v 85.4028 -68.9075 -73.4109
vn 0.604645 0.312415 0.5486
v 70.0431 -45.3429 -66.9824
vn 0.596295 0.313304 0.554007
v 68.1752 -41.3016 -67.795
vn 0.546469 0.332681 0.576553
v 63.9177 -40.1647 -65.6784
vn 0.511506 0.32606 0.600114
v 58.6743 -30.4982 -67.4166
vn -0.464817 -0.910638 -0.290424
v 66.0107 -59.2907 -79.7356
vn -0.499472 -0.874055 -0.375871
v 55.3255 -52.111 -83.5177
vn -0.235464 0.863012 -0.0147885
v 34.9728 -17.0683 -73.4309
vn -0.0110216 0.903433 0.00915569
v -16.7911 3.48365 -103.616
vn -0.575502 0.658536 0.0242636
v -56.6338 -7.71224 -126.117
vn 0.0900393 -1.03703 -0.458858
v -55.2816 -48.8799 -151.206
vn 0.118491 -1.02724 -0.490208
v -60.2627 -49.8683 -148.464
vn -0.563869 -0.823379 -0.380016
v -75.232 -46.1523 -154.243
vn -0.35534 -0.97295 -0.266375
v 77.0327 -66.814 -74.1654
vn 0.53895 0.390857 0.548456
v 48.9768 -23.7917 -66.2051
vn 0.454648 0.533517 0.493436
v 49.3149 -21.029 -68.194
vn 0.14242 0.749574 0.363377
v 45.1165 -18.3256 -69.0503
vn -0.663085 -0.665782 -0.53307
v 42.3346 -40.532 -82.6334
vn -0.703642 -0.555432 -0.612225
v 43.0456 -38.0053 -87.5442
vn 0.546915 -0.942616 -0.099675
v -0.981934 -14.2089 -96.2807
vn 0.546498 -0.949066 -0.218877
v -6.58897 -16.5561 -102.952
vn -0.0343966 0.871274 0.116098
v -12.6584 4.02091 -104.782
vn -0.333624 0.820207 0.00623333
v -34.5953 2.32901 -114.731
vn 0.477013 -0.982579 -0.244253
v -41.5608 -52.3027 -129.435
vn -0.741442 0.492238 -0.045467
v -64.7295 -14.3024 -137.115
vn 0.15932 -1.03135 -0.465431
v -49.118 -51.1887 -141.509
vn -0.796378 0.412288 -0.0754363
v -69.2592 -19.5615 -142.58
vn -0.868396 0.267659 -0.131518
v -74.9001 -31.0942 -147.965
vn 0.8102 0.104069 0.444465
v 89.8401 -57.9612 -78.0257
vn -0.451741 -0.915454 -0.318994
v 59.1118 -55.0795 -80.2351
vn -0.484963 -0.887262 -0.360239
v 58.3226 -53.5198 -87.1304
vn -0.500341 0.751407 -0.203878
v 34.5341 -17.1214 -77.1758
vn -0.81316 -0.20767 -0.653415
v 38.2252 -14.8588 -84.0064
vn -0.671947 0.571172 -0.400994
v 31.7222 -19.5156 -77.202
vn -0.707627 -0.454328 -0.702582
v 35.2413 -30.6564 -81.779
vn -0.690076 -0.297388 -0.813752
v 34.6865 -27.0112 -83.1645
vn -0.378332 0.812947 -0.06571
v -44.2919 -1.89406 -118.693
vn 0.614177 -0.79023 0.225279
v -23.0929 -39.0459 -126.955
vn -0.407591 0.797809 -0.0678349
v -48.4391 -3.11856 -125.076
vn -0.890367 0.207533 -0.230905
v -75.4489 -32.3934 -150.769
vn -0.906735 0.135906 -0.264926
v -75.399 -35.2643 -163.62
vn 0.66035 0.297071 0.513851
v 74.7629 -37.2234 -74.7439
vn -0.469283 -0.91096 -0.249268
v 70.2002 -61.8514 -81.5132
vn 0.135597 0.633011 0.503147
v 49.9457 -14.5401 -72.9896
vn -0.689585 0.355973 -0.696505
v 33.4902 -19.163 -81.4707
vn 0.832834 0.521072 0.057141
v 27.1626 -15.1517 -77.8145
vn 0.00513685 -0.985537 0.191969
v 28.2875 -16.4208 -79.3471
vn -0.364344 -0.849141 0.246979
v 20.0621 -13.6233 -83.406
vn -0.378477 -0.0775217 0.688763
v 13.2525 -11.0953 -85.11
vn -0.421651 -0.862329 0.156239
v 14.5172 -12.4144 -85.8705
vn 0.53533 -0.953187 -0.263728
v 6.29294 -9.72966 -94.085
vn 0.237368 0.76149 0.324729
v 1.35063 -1.10392 -91.5218
vn 0.6326 -0.795317 0.191733
v -23.0576 -34.8906 -119.932
vn -0.387909 0.804271 -0.0438506
v -41.614 0.430644 -123.971
vn -0.614761 0.638703 -0.03517
v -59.0043 -7.9908 -132.115
vn 0.30442 -1.0307 -0.35367
v -41.5642 -51.7817 -134.871
vn -0.688403 0.570336 -0.0833663
v -61.4457 -10.2762 -135.986
vn -0.470316 -0.902987 -0.324127
v -73.8184 -46.1453 -160.669
vn -0.859658 -0.414098 -0.336653
v -76.4695 -43.3911 -158.209
vn 0.610506 -0.43684 0.552153
v 92.4514 -69.6302 -80.1278
vn 0.644019 0.311756 0.519406
v 76.3184 -47.3545 -70.5883
vn 0.374673 0.46383 0.583796
v 55.235 -17.3766 -72.659
vn -0.124484 0.743623 0.342899
v 42.8156 -14.2941 -74.6179
vn -0.621398 -0.725707 -0.508343
v 45.912 -44.3468 -82.8735
vn -0.744422 -0.321277 -0.728045
v 39.6876 -29.4654 -88.6088
vn -0.730349 -0.183071 -0.793775
v 38.9059 -27.4872 -88.1574
vn 0.083726 -1.06459 -0.102053
v 27.0318 -16.8215 -83.5927
vn 0.219894 0.733611 0.37097
v 26.292 -15.7655 -80.5556
vn -0.0791651 0.583715 0.536894
v 6.84319 -9.07745 -88.1829
vn -0.111986 0.903835 -0.341109
v 7.20843 -8.46678 -86.6534
vn 0.623735 -0.901336 -0.157484
v -8.25496 -17.5494 -108.075
vn 0.68091 -0.780072 0.145123
v -15.9873 -26.573 -114.504
vn -0.252084 0.842783 0.046175
v -30.43 3.77011 -114.311
vn -0.223351 -1.01398 -0.356166
v -71.9528 -47.1811 -157.746
vn 0.121803 -0.914714 0.327705
v 92.681 -72.0072 -81.9118
vn -0.0364277 -1.02557 0.0698662
v 89.4602 -71.1336 -79.5532
vn 0.681162 0.311873 0.488292
v 77.7695 -41.9003 -74.668
vn 0.608379 0.295201 0.554457
v 71.8118 -36.1967 -72.8252
vn 0.546534 0.314368 0.585681
v 62.6515 -32.7813 -68.5765
vn -0.480063 -0.895435 -0.331832
v 62.6894 -56.2764 -87.1514
vn -0.16405 0.75187 0.314374
v 43.3173 -12.3607 -77.1909
vn -0.326955 0.786967 0.123685
v 38.7165 -14.8329 -76.2668
vn -0.633145 -0.743204 -0.433872
v 49.76 -46.2247 -88.1535
vn 0.37161 -0.967632 0.116384
v 30.9415 -15.8607 -83.6218
vn 0.00704949 0.541296 0.583894
v 16.4883 -10.2494 -84.9681
vn -0.307133 -0.961055 0.0475705
v 21.3395 -15.8642 -85.3438
vn -0.400479 -0.946792 -0.304427
v 14.3058 -12.5863 -87.7444
vn 0.192618 0.806466 0.260587
v 7.73759 -9.77696 -87.7828
vn 0.0359395 0.531094 0.593452
v 7.8463 -6.8172 -88.9015
vn -0.405844 -0.932529 -0.377095
v 8.04465 -7.71638 -86.5522
vn 0.28058 -1.04076 -0.320279
v 7.46025 -9.44141 -92.1754
vn 0.736204 -0.762293 0.0723128
v -12.4362 -21.4651 -110.918
vn 0.722813 -0.725985 0.173839
v -12.7993 -25.9033 -118.393
vn 0.63711 -0.771063 0.227315
v -15.7277 -30.1888 -121.438
vn 0.648955 -0.797373 0.16343
v -18.7173 -29.943 -116.797
vn -0.315392 0.835709 -0.0284689
v -32.3402 4.17379 -118.736
vn 0.496297 -0.924863 0.0907706
v -25.5976 -44.8552 -135.737
vn -0.421246 0.7844 -0.0356558
v -47.9747 -1.99465 -129.151
vn 0.0822105 -1.0283 -0.490508
v -65.9041 -50.7484 -146.495
vn -0.00149213 -1.05628 -0.353808
v -68.9888 -47.1764 -160.58
vn 0.75192 0.181423 0.481856
v 84.8265 -57.3687 -72.6995
vn -0.232634 -1.00408 -0.0154965
v 89.8031 -71.9956 -83.4262
vn 0.554008 0.300446 0.587783
v 63.643 -29.9659 -70.5387
vn 0.528127 0.311583 0.597816
v 61.8917 -22.6799 -72.7554
vn -0.92725 -0.0445965 -0.135374
v 36.5179 -15.3269 -82.7832
vn -0.0682132 0.59144 0.532152
v 28.8901 -14.556 -81.0634
vn 0.736845 -0.275614 0.511268
v 28.6955 -16.4786 -80.6764
vn 0.030919 0.586071 0.548686
v 14.5764 -8.00819 -86.6083
vn -0.162985 -1.04228 -0.185411
v 23.5768 -16.7448 -87.7398
vn 0.307417 0.564418 0.530627
v 5.51213 -2.85372 -91.0294
vn 0.0979118 0.821554 0.247053
v -0.159256 2.57044 -99.2459
vn 0.657882 -0.869501 -0.328263
v 5.28009 -10.1335 -100.93
vn -0.0612367 0.876554 0.0896401
v -16.4793 3.94345 -106.311
vn -0.177306 0.865986 0.0455378
v -27.3651 5.32302 -115.794
vn 0.576423 -0.844567 0.173921
v -25.4126 -41.8935 -128.992
vn 0.291915 -1.04399 -0.250847
v -38.1805 -50.2634 -140.562
vn -0.725543 0.522355 -0.0776179
v -64.6524 -12.8015 -143.332
vn 0.0861988 -1.04929 -0.406837
v -58.0121 -47.6479 -156.521
vn -0.857607 0.301706 -0.167846
v -73.7369 -27.2257 -151.781
vn -0.925569 -0.12308 -0.282625
v -76.151 -40.9525 -164.007
vn 0.80671 -0.0189229 0.469277
v 93.2451 -66.0802 -80.0808
vn 0.695925 0.290179 0.486729
v 83.1724 -52.6856 -73.4415
vn 0.67436 0.320451 0.489476
v 81.4608 -50.0268 -73.3777
vn 0.598257 0.282733 0.567349
v 70.0589 -32.7173 -73.2966
vn -0.318689 -0.990569 -0.166614
v 85.6876 -70.3937 -84.7801
vn -0.362561 -0.971114 -0.23475
v 82.4569 -68.9195 -84.5318
vn -0.391153 -0.956235 -0.248882
v 81.1609 -68.1701 -86.6715
vn -0.452409 -0.921865 -0.242601
v 74.3574 -64.5372 -83.9855
vn -0.489035 -0.89617 -0.275163
v 69.5935 -61.3561 -84.8457
vn -0.516934 -0.869893 -0.330218
v 67.3383 -58.7617 -91.806
vn -0.551176 -0.828399 -0.402413
v 53.307 -49.5057 -88.2281
vn -0.585712 -0.794612 -0.417086
v 52.4185 -47.2862 -94.0331
vn 0.157066 0.136092 0.769651
v 31.5149 -12.915 -81.3242
vn -0.719321 -0.613701 -0.490239
v 47.4472 -41.3931 -93.2602
vn -0.735991 -0.469802 -0.641504
v 41.8803 -34.407 -88.9776
vn -0.37874 -0.962161 -0.153218
v 9.27223 -10.0348 -89.0482
vn 0.404363 -0.911156 0.220038
v -23.2111 -44.0228 -136.093
vn 0.449985 -0.988897 -0.0989811
v -32.0612 -48.2332 -136.259
vn 0.0217151 -1.05726 -0.356643
v -52.9005 -48.199 -154.364
vn -0.808415 0.405667 -0.158873
v -70.2876 -20.3601 -151.167
vn 0.0842916 -1.05278 -0.389245
v -60.3475 -47.8195 -155.96
vn 0.168254 -0.797239 0.474315
v 95.2564 -73.6582 -83.8461
vn 0.0243865 -0.907198 0.339994
v 97.7923 -75.2831 -86.0957
vn -0.248561 -0.987745 0.0321982
v 94.1305 -73.85 -85.0745
vn 0.536618 0.327284 0.58521
v 63.553 -19.9745 -75.0213
vn -0.44147 -0.92582 -0.282267
v 75.0589 -64.5101 -89.6918
vn -0.112389 0.75915 0.323436
v 49.8764 -9.08814 -79.7747
vn -0.695729 0.0548341 -0.835933
v 33.6958 -21.7467 -82.842
vn -0.722816 -0.0609963 -0.814395
v 38.414 -22.9574 -87.8136
vn 0.153018 0.694867 0.433816
v 12.29 -3.42162 -92.2197
vn -0.446693 -0.901714 -0.408174
v 16.8019 -13.151 -92.7586
vn 0.184366 0.778641 0.311457
v 6.17286 0.96257 -96.3656
vn -0.0899463 0.830644 0.199051
v -8.00979 6.83722 -108.991
vn -0.519678 0.7281 -0.0812448
v -58.0039 -7.04575 -134.266
vn 0.182263 -1.06174 -0.143029
v -34.7227 -49.9404 -145.165
vn 0.109429 -1.06155 -0.328625
v -41.5922 -50.3248 -144.151
vn 0.0427915 -1.0555 -0.372471
v -46.2094 -49.3022 -149.59
vn -0.756696 0.485371 -0.11479
v -67.8733 -16.487 -147.051
vn -0.837664 0.3495 -0.217876
v -72.211 -23.4959 -154.445
vn 0.058132 -1.04557 -0.424349
v -65.6084 -47.7538 -156.965
vn -0.58146 -0.816807 -0.338712
v -73.9156 -45.5907 -164.468
vn 0.745855 0.214217 0.47503
v 88.2336 -55.0568 -77.0941
vn 0.453027 0.380828 0.601253
v 57.9923 -20.2505 -72.2479
vn 0.127003 0.629186 0.507663
v 52.0119 -11.437 -76.4061
vn -0.347938 0.667768 0.325119
v 40.7319 -12.1014 -80.289
vn 0.0279305 -1.06315 -0.0960296
v 38.6412 -14.8135 -85.6083
vn -0.774685 -0.197557 -0.724843
v 41.417 -28.4457 -91.8135
vn -0.54061 -0.740762 -0.625991
v 15.3123 -11.1759 -94.9786
vn 0.556474 -0.94068 -0.277517
v 1.25283 -12.7454 -102.495
vn 0.6952 -0.813529 -0.442253
v 2.05408 -12.013 -103.806
vn 0.606817 -0.905603 -0.321599
v -2.20007 -13.9248 -107.627
vn 0.688747 -0.855415 -0.221588
v -4.59756 -15.1616 -111.468
vn -0.133803 0.871853 0.0621666
v -23.1647 5.94594 -114.014
vn -0.1477 0.87194 0.0506475
v -20.3506 7.12776 -116.667
vn -0.38685 0.805523 -0.0476859
v -44.1585 0.749148 -132.823
vn -0.876354 0.246534 -0.269964
v -73.4349 -27.2952 -157.137
vn 0.728803 -0.154052 0.542605
v 96.8906 -70.1161 -83.6072
vn -0.320314 -0.98071 -0.0698645
v 97.5632 -75.8839 -88.5703
vn -0.334138 -0.9843 -0.178006
v 88.8144 -71.845 -86.5471
vn -0.375502 -0.962506 -0.275427
v 87.0556 -70.9653 -91.0567
vn -0.2764 0.786091 0.178555
v 32.2082 -12.3922 -83.6387
vn -0.783197 -0.372601 -0.629839
v 40.3593 -15.3716 -87.1367
vn 0.108749 -1.05724 -0.0505676
v 31.2086 -17.2317 -89.8543
vn 0.22829 0.690462 0.424794
v 10.7195 -1.00143 -94.4908
vn 0.75789 -0.707846 -0.551353
v 8.00226 -8.0605 -100.609
vn -0.0467743 0.83294 0.208597
v -8.02284 4.5412 -103.974
vn -0.0863285 0.860669 0.125782
v -19.8789 6.14518 -113.444
vn -0.205336 0.861261 0.0336283
v -27.7252 5.53313 -116.839
vn 0.768191 -0.642547 0.22479
v -9.59951 -26.9214 -124.876
vn 0.444838 -0.840573 0.310474
v -18.6095 -41.0734 -134.77
vn -0.409884 0.793689 -0.0508828
v -49.6669 -1.80422 -135.241
vn 0.301066 -1.01209 0.0380332
v -29.8646 -48.4501 -141.18
vn 0.0359326 -1.05079 -0.397086
v -50.2985 -48.6768 -152.188
vn 0.0171902 -1.04071 0.0293946
v 100.543 -77.318 -89.3742
vn -0.349812 -0.977077 -0.236126
v 90.9179 -72.857 -90.1841
vn -0.376652 0.659326 0.313252
v 41.7592 -9.24738 -82.2522
vn -0.533934 -0.843686 -0.396504
v 57.6082 -51.0854 -95.0389
vn -0.288017 0.726399 0.282414
v 39.4571 -10.0843 -83.4342
vn -0.758279 -0.591077 -0.410993
v 48.5837 -41.8916 -96.7158
vn 0.098529 0.706095 0.424971
v 21.0616 -8.64529 -87.0269
vn 0.178677 -1.01449 0.105059
v 36.9764 -17.8259 -93.115
vn -0.494984 -0.530771 -0.889459
v 15.0253 -7.53699 -97.8513
vn -0.285461 -0.891567 -0.65073
v 11.473 -9.22272 -92.975
vn 0.0435393 0.823302 0.243678
v -2.11169 3.42338 -100.725
vn -0.126153 0.83771 0.165926
v -12.6037 6.82914 -111.204
vn 0.751853 -0.774044 -0.00651184
v -9.24735 -18.9422 -113.493
vn -0.15081 0.871459 0.0497496
v -23.0081 6.66553 -117.661
vn 0.483632 -0.788323 0.354393
v -16.9355 -38.1892 -131.984
vn 0.219321 -1.01452 0.0875578
v -28.337 -48.6799 -143.213
vn -0.433955 0.778181 -0.0418479
v -52.3225 -3.61392 -133.648
vn -0.587704 0.675253 -0.095351
v -60.2358 -7.90096 -140.899
vn 0.601055 -0.440193 0.557192
v 100.093 -75.8825 -87.5393
vn -0.0298135 -1.06119 -0.292004
v 101.966 -77.7541 -91.8042
vn 0.374225 0.440389 0.599332
v 58.8636 -13.791 -76.5316
vn -0.491842 -0.889112 -0.320714
v 73.1199 -62.9156 -93.6792
vn -0.510459 -0.867852 -0.367786
v 60.1975 -53.4307 -93.4532
vn -0.170057 0.69683 0.390268
v 38.905 -8.94314 -84.5555
vn -0.132743 -1.04836 -0.163576
v 40.5942 -15.3264 -88.629
vn -0.590217 -0.421754 -0.868614
v 17.1573 -9.02361 -98.8687
vn -0.49524 -0.876699 -0.377452
v 19.8735 -14.2333 -95.4029
vn 0.4538 -0.889636 -0.630317
v 10.693 -6.7758 -97.2259
vn -0.0288861 0.820571 0.238964
v -2.74277 8.08608 -110.22
vn 0.791265 -0.734492 -0.00948046
v -7.37609 -17.6764 -115.687
vn -0.177496 0.857043 0.0766682
v -23.0456 7.41459 -120.078
vn -0.281967 0.847096 -0.0177746
v -28.0593 6.02323 -120.059
vn 0.58538 -0.781123 0.273212
v -19.0809 -34.5404 -124.542
vn -0.725937 0.53522 -0.191115
v -65.38 -12.3592 -150.631
vn -0.829375 -0.487624 -0.334285
v -75.5381 -43.461 -163.974
vn 0.31383 -0.871648 0.340808
v 100.089 -76.8288 -88.1335
vn 0.678723 0.274292 0.509786
v 73.537 -31.4487 -76.4757
vn -0.331647 -0.978847 -0.317594
v 98.0814 -76.1014 -92.0271
vn 0.699417 0.288512 0.484422
v 71.8674 -25.1208 -77.8468
vn -0.405955 -0.943327 -0.308763
v 79.8529 -67.1122 -90.9202
vn -0.434187 -0.921125 -0.351226
v 75.9081 -64.3058 -95.9315
vn 0.015922 0.798921 0.286988
v 45.3365 -8.4877 -82.4506
vn -0.631495 -0.763128 -0.370764
v 52.4813 -46.2035 -97.4291
vn -0.0934711 -1.0148 0.0789459
v 31.7558 -18.0193 -95.9421
vn -0.232656 -1.02306 -0.21318
v 24.3273 -16.82 -92.6506
vn 0.172076 -0.877373 -0.786144
v 12.2993 -5.46042 -98.5785
vn -0.143389 -0.821789 -0.828921
v 13.1007 -6.82779 -96.954
vn 0.730458 -0.573924 -0.761647
v 9.42351 -5.35639 -100.214
vn 0.797265 -0.640181 -0.587073
v 4.17361 -9.12372 -104.581
vn 0.75937 -0.774579 -0.373338
v -0.267237 -11.6271 -110.537
vn 0.809884 -0.639162 0.153644
v -9.644 -22.2879 -118.788
vn 0.304867 -0.9635 0.177747
v -25.0237 -47.36 -141.728
vn -0.460633 0.769611 -0.0888841
v -52.7278 -3.01398 -138.411
vn 0.117654 -1.05391 -0.0328184
v -32.2854 -49.9323 -146.773
vn -0.0366128 -1.06132 -0.281926
v -48.4485 -48.0554 -159.1
vn 0.056239 -1.06251 -0.326385
v -62.1968 -46.7665 -163.646
vn -0.247341 -1.00767 -0.346632
v -72.391 -45.8872 -166.765
vn 0.685246 0.318023 0.481229
v 82.4521 -42.7364 -78.5091
vn 0.718206 0.299204 0.460971
v 76.5319 -32.8794 -78.5572
vn 0.585434 0.293218 0.571144
v 69.8169 -25.6676 -76.2194
vn 0.555194 0.396839 0.534356
v 65.7424 -15.4144 -78.7297
vn -0.355907 -0.957663 -0.380093
v 86.6707 -70.2474 -94.5652
vn 0.456972 0.46353 0.547062
v 63.127 -12.5491 -78.9547
vn -0.424165 -0.911838 -0.422048
v 76.0214 -63.2744 -100.709
vn -0.500218 -0.872963 -0.378498
v 72.4473 -61.7077 -97.4161
vn -0.0660739 0.721348 0.39103
v 31.2327 -12.4858 -84.1021
vn -0.727035 0.150979 -0.767052
v 40.1454 -19.3305 -89.1812
vn -0.35864 -0.961647 -0.0592833
v 25.2809 -17.5593 -98.9458
vn -0.714253 -0.623099 -0.48612
v 18.7339 -12.2296 -98.2513
vn -0.726215 -0.674625 -0.226701
v 19.9173 -12.6493 -101.812
vn 0.034312 0.812866 0.263267
v -1.62813 4.73968 -103.108
vn 0.762969 -0.79069 -0.184986
v -2.8733 -13.5041 -115.827
vn -0.166304 0.838782 0.138911
v -13.9088 9.61556 -119.166
vn -0.184471 0.846237 0.104441
v -17.2575 9.06813 -120.273
vn 0.646279 -0.702097 0.31303
v -12.0312 -32.8502 -129.488
vn 0.562999 -0.704655 0.390117
v -12.2091 -36.1115 -132.943
vn -0.374986 0.807281 -0.0250952
v -34.3231 5.21903 -130.126
vn 0.310374 -0.881682 0.327346
v -21.5833 -44.3824 -137.868
vn 0.013118 -1.06487 -0.28867
v -56.1662 -46.9344 -164.046
vn 0.822707 0.0608806 0.440215
v 99.2495 -69.0661 -86.1562
vn 0.769975 -0.188992 0.499185
v 102.122 -73.9925 -88.8047
vn 0.472525 -0.957637 0.0187734
v 103.608 -77.434 -92.9688
vn 0.694474 0.319774 0.471837
v 79.3852 -37.9168 -78.4552
vn 0.700375 0.264906 0.495332
v 72.736 -27.4307 -77.6117
vn -0.329372 -0.957818 -0.433651
v 94.5012 -74.1423 -93.9789
vn 0.56688 0.300319 0.57984
v 65.3177 -21.9271 -75.4372
vn -0.393573 -0.938672 -0.379667
v 80.2614 -66.2775 -98.0068
vn -0.80477 -0.0286815 -0.687773
v 43.0031 -23.917 -95.5253
vn -0.773874 -0.600221 -0.287109
v 49.944 -42.8698 -100.198
vn -0.632101 -0.780606 -0.250748
v 21.3336 -14.7257 -99.8963
vn -0.556522 -0.825264 -0.0125259
v 23.6771 -17.5962 -102.776
vn -0.888593 -0.253793 -0.42253
v 18.6026 -9.25385 -101.46
vn 0.727367 -0.690687 -0.632336
v 8.10184 -3.72931 -103.044
vn 0.894636 -0.564395 -0.479863
v 7.19944 -4.74343 -104.561
vn -0.00546969 0.811049 0.261966
v -0.930011 7.92452 -109.711
vn 0.819699 -0.698194 -0.413145
v 4.15972 -7.53546 -108.281
vn 0.433479 -0.684785 0.494945
v -12.5963 -38.0962 -134.384
vn 0.250076 -0.754564 0.50136
v -13.946 -42.1182 -137.538
vn 0.292458 -0.839003 0.394289
v -18.163 -44.1432 -138.936
vn 0.339939 -0.80316 0.419186
v -17.4089 -41.2137 -135.567
vn 0.202354 -0.938448 0.272786
v -22.1801 -46.9387 -142.11
vn 0.148298 -1.00025 0.153469
v -26.3404 -49.4849 -146.108
vn -0.652004 0.620324 -0.158485
v -62.7068 -9.33589 -148.613
vn 0.762754 0.176603 0.472701
v 90.881 -50.896 -81.3322
vn 0.709334 -0.651044 0.298627
v 104.844 -76.314 -92.4475
vn 0.682897 0.302009 0.492112
v 86.2851 -48.64 -78.5252
vn 0.700515 0.32081 0.465611
v 72.2104 -22.1415 -79.8691
vn 0.195433 0.597043 0.529384
v 57.0078 -8.19844 -79.7781
vn -0.508134 -0.871926 -0.355581
v 64.735 -55.9812 -97.3551
vn 0.300869 -0.958245 0.192139
v 39.7868 -17.5841 -94.5876
vn -0.874727 -0.319063 -0.418211
v 44.4412 -32.7236 -97.4572
vn 0.0919547 -0.993631 0.177654
v 36.6764 -19.0053 -96.0351
vn -0.119419 -0.97431 0.177548
v 33.3559 -19.6654 -98.3452
vn -0.424134 -0.591527 -0.900587
v 17.5785 -5.79408 -100.2
vn 0.418294 -0.936708 -0.562083
v 8.90656 -3.04255 -103.301
vn 0.853403 -0.659487 -0.00806065
v -3.38469 -14.9528 -121.085
vn 0.868876 -0.575764 0.120576
v -5.00297 -19.096 -123.643
vn 0.0289108 -0.96763 0.233829
v -22.6322 -49.6593 -146.553
vn -0.422266 0.790667 -0.0748989
v -49.6804 -1.12388 -139.275
vn 0.00987466 -1.06818 -0.208401
v -37.4517 -49.895 -150.767
vn -0.538524 0.720546 -0.136186
v -56.4308 -4.48962 -146.326
vn -0.659791 0.612684 -0.241694
v -64.1361 -11.4631 -155.636
vn 0.650467 0.347414 0.494159
v 69.9036 -19.7648 -79.0749
vn 0.234373 0.492313 0.605423
v 47.1745 -6.2883 -86.0539
vn -0.49921 -0.874155 -0.376272
v 69.1924 -58.3261 -101.28
vn -0.577283 -0.824037 -0.316591
v 54.6842 -47.0215 -103.218
vn -0.828072 -0.340748 -0.551645
v 43.9371 -33.8733 -94.5519
vn 0.144269 0.730262 0.390034
v 23.4695 -5.47154 -92.0843
vn 0.0114699 -0.989262 -0.594269
v 12.8285 -3.52879 -101.785
vn 0.327444 -0.575394 0.618589
v -10.6932 -41.2423 -137.837
vn -0.361174 0.819208 -0.0520367
v -40.1832 2.08758 -129.05
vn -0.467381 0.761316 -0.0631035
v -53.7567 -3.26681 -141.881
vn -0.0743104 -1.05938 -0.222635
v -50.9933 -47.2636 -168.958
vn 0.00638172 -1.06517 -0.279723
v -65.9146 -46.0529 -170.07
vn -0.584322 -0.811729 -0.352312
v -73.372 -44.3716 -172.037
vn 0.736076 0.281249 0.453002
v 75.5787 -30.3466 -78.9578
vn 0.640392 0.463801 0.419267
v 64.3883 -9.4135 -82.4839
vn -0.372827 -0.93907 -0.425504
v 81.4137 -65.9999 -101.663
vn -0.176047 0.67653 0.413185
v 53.0115 -6.57823 -83.5887
vn -0.454234 -0.896205 -0.411308
v 73.7247 -60.8263 -104.608
vn -0.147666 0.340426 0.680535
v 48.2218 -6.48501 -86.1764
vn -0.734587 0.164747 -0.750467
v 43.2114 -20.2565 -94.746
vn -0.0485569 0.729327 0.384084
v 34.9023 -4.32704 -91.8809
vn -0.00212818 0.752077 0.35979
v 25.8709 -6.19015 -91.4109
vn -0.0221604 -1.01309 0.114509
v 33.4589 -20.5166 -100.753
vn -0.2803 -0.956271 0.0980069
v 27.5283 -19.7373 -103.027
vn -0.336158 -0.941845 0.0687185
v 27.4103 -21.0813 -106.884
vn 0.147288 0.776599 0.32159
v 10.0891 2.99309 -100.682
vn -0.618626 -0.761067 0.0145896
v 22.8352 -17.6025 -104.674
vn -0.860528 -0.435583 -0.183414
v 18.9241 -10.8751 -103.344
vn 0.739109 -0.806177 -0.30667
v 7.6527 -2.9074 -108.948
vn 0.776341 -0.775775 -0.259441
v 6.00343 -4.36519 -111.931
vn 0.804526 -0.74137 -0.30366
v 2.30097 -8.4244 -112.405
vn 0.879607 -0.522576 0.16878
v -5.14799 -21.6625 -126.957
vn -0.278634 0.835347 0.0374898
v -26.8556 7.52919 -124.007
vn -0.300475 0.826485 0.0380287
v -27.3962 8.29939 -128.227
vn 0.644821 -0.563623 0.447623
v -8.48837 -32.9107 -133.106
vn 0.127769 -0.640799 0.614055
v -10.9355 -43.3813 -139.06
vn -0.373147 0.813616 -0.0538581
v -37.5143 3.94763 -132.109
vn 0.113401 -0.858406 0.408622
v -18.8931 -46.9342 -142.344
vn -0.0630636 -0.751914 0.514226
v -11.1488 -47.5421 -142.141
vn -0.387633 0.806053 -0.0530037
v -44.9048 1.05937 -136.802
vn -0.0636439 -0.924338 0.29724
v -19.9118 -50.6685 -147.821
vn -0.00452133 -1.04872 -0.0137875
v -26.6557 -50.3921 -149.224
vn -0.0692243 -1.05931 -0.161611
v -26.9076 -51.0341 -155.033
vn -0.0750907 -1.05883 -0.239127
v -36.7123 -49.9166 -154.119
vn -0.585756 0.684973 -0.205845
v -60.1743 -7.21613 -151.585
vn -0.243857 -1.01674 -0.276916
v -71.5461 -44.8613 -175.11
vn -0.925493 -0.115198 -0.288369
v -75.6116 -40.046 -171.507
vn 0.766749 0.203154 0.45827
v 93.5082 -48.4313 -84.7506
vn 0.855046 -0.316893 0.363108
v 106.868 -75.1626 -93.9957
vn 0.671275 0.331464 0.485865
v 84.7274 -45.4496 -78.9789
vn -0.304649 -0.964425 -0.449217
v 87.2255 -69.0764 -100.852
vn -0.14264 0.573735 0.530112
v 49.012 -5.58172 -86.2743
vn 0.0686015 0.42811 0.662113
v 48.9779 -4.89702 -86.4519
vn -0.112135 0.683912 0.426224
v 38.6538 -6.78613 -88.683
vn -0.686971 0.28664 -0.752542
v 42.1504 -16.5846 -91.9162
vn -0.54168 -0.852197 -0.323384
v 58.5435 -50.0219 -103.651
vn -0.69087 -0.712933 -0.292829
v 50.6062 -43.2241 -103.245
vn -0.601774 -0.810325 -0.230272
v 52.7201 -44.954 -105.83
vn 0.188076 -0.978241 0.196443
v 40.1513 -19.2101 -97.7842
vn -0.900714 -0.298147 -0.280251
v 45.4991 -34.0671 -103.077
vn -0.750969 -0.530701 -0.542289
v 17.9779 -6.27075 -100.103
vn -0.875882 -0.392168 -0.16607
v 18.0825 -6.16071 -101.881
vn -0.360007 -0.897973 -0.564937
v 16.6711 -4.58777 -101.424
vn -0.607163 -0.77766 -0.00333549
v 22.798 -18.3009 -106.915
vn -0.786474 -0.542016 0.00393538
v 19.634 -13.6631 -107.219
vn -0.644139 -0.731281 0.0245937
v 20.9227 -17.7323 -111.933
vn 0.819629 -0.731469 -0.182299
v 0.193447 -10.2478 -118.48
vn 0.883195 -0.606224 0.0212273
v -0.49904 -12.1583 -124.811
vn -0.00802153 -0.56633 0.65962
v -8.38313 -47.3945 -141.64
vn -0.189856 -0.687522 0.537389
v -9.73925 -49.3403 -143.249
vn -0.141256 -1.01678 0.0378715
v -22.0241 -51.45 -150.928
vn -0.736955 0.519876 -0.234499
v -67.75 -15.6626 -159.096
vn -0.230028 -0.971817 -0.51598
v 100.597 -75.689 -97.2587
vn 0.716084 0.467273 0.337137
v 71.6116 -16.3644 -83.4942
vn -0.315792 -0.953751 -0.469853
v 86.0721 -67.5673 -104.198
vn 0.558779 -0.827413 -0.63792
v 47.9658 -5.61401 -86.3401
vn -0.422011 0.577726 -0.786701
v 44.9431 -18.0305 -95.4955
vn 0.127451 -0.975828 0.214733
v 40.8915 -20.3383 -100.459
vn -0.0866967 -0.981374 0.175582
v 33.9932 -22.0383 -105.39
vn 0.146809 0.716228 0.408144
v 21.8443 -1.75383 -97.1561
vn -0.45254 -0.867066 0.097716
v 26.2831 -21.4771 -110.317
vn -0.859709 -0.392249 -0.0266838
v 18.1988 -10.4139 -108.4
vn 0.355677 -1.01113 -0.385724
v 9.31168 -2.01795 -107.253
vn 0.760413 -0.793092 -0.183395
v 4.01352 -6.39074 -117.973
vn 0.898344 -0.438121 0.217295
v -3.64307 -23.1041 -131.929
vn 0.791952 -0.561141 0.282407
v -7.70333 -27.7487 -128.803
vn 0.0542573 -0.396038 0.740225
v -1.53299 -51.0605 -142.506
vn 0.0808776 -0.415107 0.7335
v -5.80183 -47.0548 -141.381
vn 0.160839 -0.453204 0.714186
v -6.75984 -44.4072 -140.291
vn 0.0304421 -0.45542 0.716893
v -6.96351 -46.19 -140.999
vn -0.146048 -0.594791 0.618357
v -3.5928 -52.6978 -143.434
vn -0.0436971 -0.499572 0.690846
v -6.87595 -48.522 -142.034
vn 0.068529 -0.684448 0.583956
v -1.70489 -53.3521 -143.407
vn -0.218066 -0.81047 0.402225
v -6.09475 -54.0023 -145.865
vn -0.258159 -0.849531 0.32852
v -12.6644 -53.3982 -148.955
vn -0.181597 -0.919441 0.258841
v -17.1234 -52.213 -149.392
vn -0.240476 -0.976709 0.0804534
v -14.5995 -53.573 -151.039
vn -0.219963 -1.01108 -0.030957
v -19.4564 -52.4328 -152.48
vn -0.3935 0.801994 -0.0475354
v -45.3444 1.85776 -142.725
vn -0.1423 -1.04422 -0.128744
v -24.5931 -51.5369 -155.824
vn -0.0880187 -1.05742 -0.20992
v -32.6341 -50.3201 -159.909
vn -0.0808475 -1.05855 -0.207584
v -38.104 -49.3483 -160.182
vn -0.0526857 -1.06121 -0.254536
v -42.1169 -48.9031 -156.954
vn -0.847679 0.321595 -0.272227
v -71.4452 -23.3753 -165.845
vn 0.0208696 -1.06673 -0.269181
v -59.7138 -46.4941 -167.168
vn 0.00692758 -1.06787 -0.188487
v -61.8555 -46.1251 -174.011
vn -0.501665 -0.888352 -0.145855
v -72.5007 -44.3161 -180.978
vn 0.477084 -0.98294 -0.176318
v 106.346 -76.465 -95.8831
vn 0.692705 0.338944 0.462085
v 81.4893 -34.1854 -82.7571
vn -0.177424 -0.956913 -0.595084
v 99.136 -73.6739 -100.861
vn 0.146467 0.578905 0.552017
v 58.9809 -4.52402 -83.4282
vn -0.356004 -0.936327 -0.465764
v 83.0143 -65.5426 -106.493
vn -0.869317 0.00361803 -0.54006
v 44.2251 -26.2594 -98.9802
vn -0.542761 -0.859638 -0.236551
v 56.0727 -47.6538 -106.922
vn -0.758495 -0.629922 -0.195915
v 48.5472 -40.1686 -107.055
vn -0.288016 -0.981225 -0.408697
v 14.9846 -3.08602 -104.316
vn 0.170061 0.766374 0.333949
v 10.8609 7.12103 -106.664
vn -0.834854 -0.43692 0.0108907
v 18.1821 -13.6041 -112.189
vn 0.906515 -0.523931 0.101903
v -2.75433 -16.9491 -127.166
vn 0.712909 -0.404466 0.484058
v -5.45137 -31.7881 -135.166
vn -0.0370838 -0.899059 0.343811
v -0.545301 -55.1252 -145.427
vn -0.229803 -0.942106 0.181715
v -9.59203 -54.8469 -149
vn -0.372721 0.813779 -0.0535627
v -36.6705 5.07489 -136.214
vn -0.780318 0.454494 -0.24819
v -68.7478 -17.7156 -164.232
vn -0.833604 -0.47756 -0.336887
v -74.96 -41.7646 -174.156
vn -0.701707 -0.701574 -0.279709
v -73.5656 -43.4146 -176.689
vn 0.744995 -0.74893 0.083853
v 107.903 -75.6079 -96.8281
vn 0.647627 -0.886239 -0.215012
v 110.089 -74.584 -100.476
vn 0.656614 0.335872 0.495823
v 86.6445 -35.9644 -86.1785
vn 0.748278 0.294315 0.433133
v 77.0851 -26.0595 -83.07
vn 0.626532 0.411836 0.471835
v 69.0306 -16.9087 -80.1313
vn 0.684659 0.547549 0.285742
v 67.8938 -12.2089 -83.7
vn -0.506288 -0.87483 -0.34692
v 65.6156 -55.1041 -105.144
vn -0.515047 -0.880368 -0.236992
v 59.8498 -50.5017 -109.755
vn -0.831234 -0.500669 -0.252973
v 46.1778 -35.9937 -104.85
vn 0.0218763 0.796829 0.291278
v 6.49845 7.92919 -108.175
vn 0.436315 -0.999642 -0.244746
v 9.31869 -1.7789 -111.099
vn -0.104315 0.833473 0.1866
v -5.20889 9.87163 -114.667
vn -0.150049 0.837613 0.152516
v -9.59451 11.0116 -119.647
vn -0.330474 0.835303 -0.0634133
v -27.167 9.86987 -136.001
vn -0.399771 0.795445 -0.0308734
v -49.233 0.359319 -145.321
vn -0.48874 0.754126 -0.112128
v -51.2088 -0.257298 -147.932
vn -0.704439 0.56176 -0.238511
v -65.5651 -13.275 -162.036
vn -0.0240269 -1.06556 -0.21024
v -57.2312 -46.3873 -173.345
vn -0.0551109 -1.06181 -0.179243
v -65.9025 -45.8641 -176.714
vn -0.920171 -0.193409 -0.270809
v -74.8749 -39.1443 -179.523
vn 0.654656 0.344387 0.492467
v 89.4706 -40.9821 -85.6127
vn 0.676535 0.332482 0.480656
v 84.8722 -41.3944 -81.4509
vn 0.0569432 -1.02397 -0.504603
v 104.337 -76.6739 -96.7022
vn 0.732354 0.309619 0.440893
v 80.0951 -30.5676 -83.7072
vn 0.745917 0.38626 0.37376
v 73.529 -19.2821 -83.1674
vn 0.502365 0.48914 0.502405
v 61.6204 -6.79325 -82.3129
vn 0.565346 0.46496 0.479434
v 62.1871 -4.85876 -84.5278
vn -0.397105 -0.924005 -0.434101
v 76.8697 -62.2367 -105.985
vn -0.448543 -0.910249 -0.363413
v 71.6941 -58.615 -108.442
vn 0.350998 -0.880126 0.309524
v 44.7614 -17.6023 -96.2761
vn -0.602761 0.427266 -0.752832
v 46.5283 -19.9881 -99.4365
vn -0.923493 -0.173932 -0.251589
v 46.2566 -34.4361 -109.031
vn 0.166348 0.7499 0.359341
v 19.4472 1.19048 -100.226
vn -0.698368 -0.707972 -0.153989
v 16.8244 -4.34224 -103.45
vn -0.505715 -0.886783 -0.167355
v 13.4192 -1.93456 -107.82
vn -0.0175104 -1.05639 -0.344181
v 12.0025 -1.62901 -107.067
vn -0.823792 -0.502154 -0.0850912
v 16.9394 -8.15808 -110.255
vn -0.584356 -0.769113 0.0831991
v 22.2455 -20.4626 -115.981
vn -0.609495 -0.802689 -0.166869
v 13.2515 -1.93994 -110.195
vn -0.894659 -0.300259 -0.0768794
v 17.3919 -9.94691 -112.132
vn 0.00114534 0.804633 0.27487
v 2.77866 9.50243 -111.761
vn -0.208402 0.842785 0.0938556
v -17.1696 11.0806 -125.42
vn 0.914914 -0.485149 0.132302
v -2.00234 -18.961 -131.283
vn 0.812439 -0.442366 0.351891
v -4.37717 -27.3721 -133.295
vn -0.325629 0.832329 -0.0338873
v -26.6526 9.41264 -130.974
vn 0.464086 -0.524505 0.593825
v -6.64514 -38.5789 -137.879
vn 0.173015 -0.316399 0.758678
v -0.504896 -45.3267 -141.16
vn 0.216145 -0.821881 0.437897
v 2.21968 -56.1904 -147.248
vn -0.373494 0.813037 -0.0515113
v -37.1726 5.71606 -141.402
vn -0.197699 -0.981121 0.108362
v -6.76321 -56.1386 -150.321
vn -0.249736 -1.00683 -0.0631385
v -14.1364 -54.4737 -154.798
vn -0.54577 0.717466 -0.178062
v -54.7315 -2.89263 -152.091
vn -0.612377 0.660979 -0.199341
v -59.1586 -6.28166 -155.357
vn -0.664476 0.608432 -0.2216
v -63.5283 -10.8917 -162.875
vn -0.845351 -0.472586 -0.197461
v -73.9026 -42.872 -183.738
vn 0.159489 -1.01318 -0.525005
v 107.837 -75.4603 -99.6372
vn 0.678038 0.329562 0.481032
v 82.2251 -28.0618 -87.1682
vn -0.268243 -0.963454 -0.500519
v 93.5597 -71.208 -101.545
vn 0.851581 0.371908 0.235281
v 65.6348 -6.55836 -86.7169
vn -0.374367 -0.949733 -0.374137
v 78.6104 -61.6323 -112.419
vn -0.476595 -0.899119 -0.322448
v 67.7153 -56.2587 -106.796
vn -0.505119 -0.884214 -0.284334
v 64.5575 -53.9938 -107.785
vn -0.760358 0.296547 -0.624701
v 46.7782 -26.9674 -105.42
vn 0.188982 0.761647 0.337408
v 17.6008 5.21662 -106.057
vn -0.258062 -0.947674 0.144377
v 29.3524 -23.5243 -111.993
vn -0.355417 -0.898881 0.158287
v 27.1855 -23.4994 -113.895
vn -0.878385 -0.353418 -0.0627349
v 17.7003 -13.4621 -114.467
vn 0.836548 -0.681275 -0.00815625
v 0.832498 -10.1428 -125.319
vn 0.873185 -0.34139 0.325322
v -2.0245 -22.5458 -134.312
vn -0.378955 0.811238 -0.057152
v -32.5139 7.47383 -138.077
vn -0.579562 0.690048 -0.185093
v -58.1148 -5.26506 -158.779
vn -0.141989 -1.04226 -0.106158
v -68.4589 -45.7303 -180.744
vn 0.757153 0.335437 0.397861
v 75.9138 -21.7584 -84.3282
vn -0.267706 -0.966154 -0.49286
v 89.4615 -67.9078 -107.174
vn -0.205638 0.711466 0.354764
v 47.0758 -2.73259 -90.5769
vn -0.0921655 0.7078 0.402231
v 36.0966 0.264272 -97.1498
vn -0.495309 -0.883793 -0.0702166
v 56.5604 -48.3588 -113.777
vn -0.891107 0.0244327 -0.464531
v 45.5084 -28.2104 -102.878
vn -0.81701 0.302933 -0.477278
v 47.1646 -29.1758 -108.99
vn -0.852427 -0.410877 -0.0235326
v 46.4611 -38.2397 -114.412
vn -0.122253 -0.926439 0.274115
v 34.6564 -25.897 -113.166
vn 0.0826084 -0.975245 0.219702
v 41.6133 -23.0295 -105.63
vn -0.157441 -0.958185 0.194247
v 34.0718 -24.4014 -110.099
vn -0.357067 -0.849357 0.253493
v 29.1087 -25.5877 -116.217
vn -0.500591 -0.798055 0.17495
v 26.0957 -24.1104 -117.07
vn -0.871955 -0.399945 -0.142894
v 17.027 -8.43078 -113.062
vn -0.78511 -0.535952 0.0223236
v 18.485 -16.1629 -116.621
vn -0.657185 -0.656245 0.152097
v 19.1023 -18.5252 -118.831
vn 0.620374 -0.904279 -0.172346
v 8.86024 -1.95941 -115.429
vn 0.86607 -0.571633 0.13358
v 0.147723 -13.8573 -129.958
vn -0.162283 0.850095 0.110387
v -12.5628 11.7604 -123.863
vn -0.193826 0.85736 0.0603292
v -16.4879 12.419 -129.192
vn 0.370007 -0.247568 0.732265
v -1.43595 -35.3191 -138.972
vn 0.438051 -0.131183 0.72279
v 3.56155 -42.4245 -141.096
vn 0.308981 -0.351214 0.724412
v 5.36911 -48.0862 -142.369
vn 0.597988 -0.342486 0.59935
v -3.85109 -33.7095 -137.143
vn 0.350322 -0.376684 0.704596
v -3.28584 -39.0299 -139.248
vn 0.255212 -0.506368 0.675499
v 3.4539 -50.2839 -142.769
vn 0.38489 -0.616781 0.570806
v 6.37638 -53.2842 -145.821
vn 0.146316 -0.86012 0.403183
v 4.98207 -57.6653 -149.721
vn -0.0230251 -0.948235 0.264094
v -0.10886 -57.2544 -148.759
vn -0.0601023 -0.995875 0.149722
v 1.18179 -58.4407 -151.152
vn -0.228366 -1.02257 -0.145158
v -17.6632 -53.452 -157.611
vn -0.0344347 -1.05732 -0.0854199
v -61.2614 -46.6938 -181.179
vn 0.112455 0.660528 0.476562
v 58.8883 -0.42212 -86.1272
vn -0.249162 0.685625 0.366984
v 54.9561 -2.63225 -86.0975
vn -0.339633 -0.951846 -0.438557
v 81.6905 -63.395 -111.189
vn -0.0093541 0.739013 0.37741
v 27.0267 3.63804 -103.801
vn -0.587627 -0.79974 -0.0179006
v 52.6862 -45.7322 -114.408
vn 0.240226 -0.985852 0.158644
v 41.8094 -24.1132 -108.384
vn 0.0609998 0.776725 0.326955
v 22.8148 5.01423 -106.511
vn -0.905345 -0.256285 -0.0866767
v 16.7371 -11.8672 -119.72
vn -0.659688 -0.555752 0.276249
v 19.4581 -20.661 -121.457
vn -0.0338673 0.816265 0.246381
v 5.2612 12.6534 -117.254
vn -0.151947 0.859326 0.0901157
v -9.31284 13.095 -125.538
vn 0.78115 -0.701271 0.104454
v 1.86381 -10.1734 -127.672
vn 0.876331 -0.475539 0.225544
v -0.779718 -18.2452 -133.628
vn -0.241467 0.844345 0.0537681
v -21.1677 10.8987 -129.456
vn 0.799943 -0.35212 0.417569
v -2.74736 -27.6174 -135.606
vn 0.620213 -0.234888 0.613582
v -1.6148 -31.7951 -138.474
vn 0.597653 -0.250331 0.625098
v 7.02627 -48.1093 -143.007
vn -0.311703 0.845889 -0.0806995
v -23.4227 11.0718 -134.525
vn 0.0132201 -1.00307 0.150179
v 5.29796 -60.2173 -154.49
vn -0.374892 0.812587 -0.0529732
v -39.1743 5.6197 -146.662
vn -0.372745 0.814404 -0.0573262
v -42.8126 3.75792 -146.415
vn -0.152497 -1.04475 -0.18608
v -23.218 -51.9081 -160.746
vn -0.535199 0.725109 -0.165809
v -55.6924 -3.50387 -157.608
vn -0.0380348 -1.06027 -0.117243
v -57.4377 -46.6044 -177.303
vn -0.856686 0.299417 -0.274172
v -72.4561 -27.1056 -174.614
vn -0.924852 -0.128617 -0.287662
v -74.6851 -39.1146 -184.667
vn 0.906751 -0.199579 0.327031
v 109.424 -74.0272 -97.9168
vn 0.665979 0.322035 0.495797
v 92.0809 -38.3718 -89.3341
vn 0.668718 0.333327 0.486999
v 91.39 -42.0807 -86.5265
vn 0.629912 0.331807 0.519603
v 88.1468 -29.6117 -90.9885
vn 0.69829 0.348616 0.450753
v 81.1471 -25.1914 -87.8685
vn 0.631579 0.300125 0.535024
v 65.0431 -3.10944 -87.9921
vn 0.88528 0.112557 0.344538
v 65.7041 -5.53128 -87.4573
vn 0.428729 0.594912 0.450138
v 63.5408 -1.94055 -88.1693
vn -0.225141 0.725197 0.324673
v 48.8372 -0.41917 -93.2137
vn -0.394586 -0.950855 -0.295849
v 74.725 -59.438 -113.604
vn -0.431349 -0.927914 -0.317394
v 70.0596 -57.0849 -111.692
vn -0.322782 0.606314 -0.828155
v 48.3564 -21.1014 -102.016
vn -0.484207 0.53058 -0.781332
v 47.7405 -23.5953 -104.018
vn -0.0349409 0.71391 0.406942
v 31.3632 0.603989 -99.0605
vn -0.922244 0.024975 -0.124798
v 46.1883 -35.156 -114.326
vn 0.108163 0.801828 0.283323
v 11.6352 9.69773 -111.079
vn -0.830078 -0.492101 -0.0968793
v 16.0705 -6.93028 -117.126
vn -0.261262 -1.01349 -0.195689
v 12.1226 -1.50718 -111.508
vn -0.796963 -0.429344 0.140321
v 18.2617 -18.9331 -122.097
vn -0.076368 0.835222 0.193936
v 0.215657 11.6307 -116.689
vn 0.552689 -0.927635 -0.0275903
v 7.93464 -3.00386 -119.221
vn 0.622138 -0.888056 -0.0439813
v 6.01273 -4.9853 -122.368
vn 0.729453 -0.805313 -0.0486814
v 2.92198 -7.73901 -123.621
vn 0.733265 -0.24506 0.522622
v 0.191793 -27.2544 -138.812
vn 0.682008 -0.0126937 0.583772
v 5.08659 -42.8185 -141.896
vn 0.196855 -0.881392 0.365571
v 7.83834 -58.726 -151.145
vn -0.267863 -1.01018 -0.161305
v -12.3617 -55.2592 -156.829
vn -0.436444 0.784392 -0.0886855
v -46.0734 3.11241 -152.616
vn -0.0964542 -1.05583 -0.184296
v -42.7281 -48.6135 -169.607
vn -0.706201 0.55857 -0.254111
v -64.9846 -12.7006 -166.573
vn -0.0893366 -1.05581 -0.152199
v -52.5674 -46.9918 -172.987
vn 0.71471 0.301348 0.463169
v 96.2818 -44.1198 -89.7857
vn 0.791165 0.203319 0.431567
v 96.9535 -44.0853 -90.4728
vn 0.887567 -0.539618 0.128231
v 110.348 -74.1713 -99.6491
vn 0.802631 0.580262 -0.00397523
v 67.7534 -9.85307 -87.4436
vn 1.01944 0.0759159 0.0729912
v 67.1534 -8.83281 -93.9484
vn -0.132234 0.67863 0.426391
v 51.5234 -1.50661 -89.2743
vn -0.0941881 0.687335 0.427049
v 43.2436 -1.15586 -93.7686
vn -0.272087 0.740744 -0.680047
v 50.5904 -20.796 -102.891
vn -0.444314 -0.927544 -0.195038
v 65.3192 -54.0461 -114.734
vn -0.405954 -0.949419 -0.195547
v 68.8909 -55.9659 -115.773
vn -0.466574 -0.905195 -0.0844297
v 59.9342 -50.6627 -114.888
vn -0.750953 -0.608099 -0.0139909
v 48.0092 -41.1124 -114.272
vn -0.864594 -0.37112 -0.0156322
v 45.7823 -39.4236 -118.7
vn -0.482259 -0.85805 0.0670053
v 52.9253 -47.4287 -118.456
vn 0.15567 -0.91852 0.317182
v 40.4821 -26.1295 -112.93
vn 0.350389 -0.895281 0.285196
v 39.4815 -28.5608 -116.606
vn -0.120645 -0.873661 0.358723
v 35.3727 -27.8199 -115.459
vn -0.291471 -0.842115 0.317664
v 30.0527 -27.418 -118.184
vn -0.0915068 -0.85457 0.393637
v 37.0992 -28.3961 -115.759
vn -0.426767 -0.668238 0.423755
v 26.1417 -27.4541 -120.589
vn -0.495808 -0.710279 0.314523
v 24.0869 -24.4416 -119.697
vn -0.868852 -0.342675 0.00525133
v 17.632 -15.3048 -120.252
vn -0.0680129 -0.789955 0.47516
v 33.9466 -33.7732 -121.863
vn -0.0047304 -0.999782 0.155445
v 31.6125 -36.4154 -127.014
vn 0.227103 -1.05553 -0.14133
v 10.9696 -0.944987 -115.983
vn -0.419722 -0.78518 0.293687
v 23.8033 -33.5473 -127.195
vn -0.216997 -0.870304 0.321445
v 29.0999 -35.0008 -125.485
vn -0.609559 -0.495195 0.392837
v 18.7569 -26.4786 -126.418
vn -0.431713 -0.631532 0.453001
v 22.9273 -31.9507 -126.325
vn -0.717357 -0.383876 0.325613
v 17.5307 -22.0164 -125.31
vn -0.614134 -0.633703 0.257816
v 19.3817 -30.2404 -128.657
vn 0.631844 -0.0753334 0.622226
v 0.706747 -31.172 -139.763
vn 0.710071 0.013587 0.558755
v 5.1574 -38.6293 -142.41
vn 0.818827 -0.0223321 0.456049
v 7.54714 -46.2304 -143.577
vn 0.429287 -0.618228 0.550221
v 9.14112 -54.6924 -147.878
vn -0.201282 -1.02028 -0.0521025
v -0.653654 -59.2186 -156.475
vn -0.238651 -1.01151 -0.0697658
v -5.99919 -57.2793 -154.504
vn -0.227679 -1.02444 -0.184275
v -17.1386 -53.69 -159.869
vn -0.525044 0.731769 -0.149427
v -50.6081 0.487767 -158.86
vn -0.106425 -1.05401 -0.180664
v -28.1593 -51.0703 -166.969
vn -0.112804 -1.04969 -0.122639
v -47.6556 -47.9951 -174.517
vn -0.144014 -1.02175 0.0149128
v -67.2643 -46.7456 -185.937
vn -0.71346 -0.689536 -0.156368
v -73.2211 -44.3472 -185.445
vn 0.712119 0.281962 0.476033
v 97.9265 -39.6938 -93.8238
vn -0.0498202 -1.00217 -0.546629
v 102.89 -71.4128 -107.487
vn 0.884521 0.507797 -0.257019
v 67.4036 -9.31341 -93.8526
vn -0.361193 0.690563 -0.690403
v 53.1121 -19.9814 -103.002
vn 0.0652268 -0.186903 -1.19813
v 52.5333 -18.8621 -103.612
vn 0.376083 -0.964045 0.122104
v 46.9599 -21.8849 -106.659
vn -0.559179 0.618459 -0.565774
v 49.6806 -26.1689 -109.379
vn -0.924413 0.0223074 -0.153794
v 45.2086 -37.4799 -121.43
vn 0.10465 -0.923052 0.315675
v 34.4214 -34.7406 -123.011
vn -0.645342 -0.757617 -0.0806222
v 14.0006 -3.40625 -115.982
vn -0.268912 -0.974627 0.0534343
v 11.3753 -1.35225 -117.909
vn -0.815219 -0.275625 0.212259
v 16.8412 -18.873 -125.06
vn -0.738719 -0.403259 0.279678
v 16.2517 -24.4971 -128.218
vn -0.125102 0.845845 0.145945
v -5.72935 12.5535 -121.641
vn -0.67594 -0.491883 0.310352
v 17.7841 -27.2268 -128.241
vn -0.176019 0.842888 0.120746
v -4.71729 14.2217 -125.8
vn 0.820854 -0.329762 0.402242
v 0.232816 -20.2103 -136.675
vn 0.776116 -0.292235 0.467318
v 0.384212 -23.2207 -137.848
vn -0.27366 0.852457 -0.0290156
v -18.3347 13.4309 -135.214
vn 0.653008 -0.439386 0.51864
v 10.675 -52.988 -148.044
vn 0.378463 -0.825172 0.373417
v 10.3463 -58.4718 -151.882
vn -0.917894 0.0621404 -0.286271
v -74.5677 -35.865 -184.495
vn 0.655158 0.30377 0.514643
v 91.2166 -34.7988 -90.5581
vn 0.278794 -0.995207 -0.521855
v 110.749 -73.7599 -103.044
vn 0.736168 0.507315 0.267152
v 75.1934 -16.6571 -87.8208
vn -0.199109 -0.963591 -0.56427
v 97.3286 -71.3918 -104.654
vn 0.648734 0.714365 0.0182444
v 71.1314 -12.0939 -88.9509
vn -0.285402 -0.98716 -0.385299
v 86.4835 -64.7103 -114.399
vn 0.402042 -0.97113 0.0737689
v 49.5351 -19.6452 -102.664
vn -0.379414 -0.947565 -0.0379446
v 65.3182 -54.3643 -118.217
vn -0.399906 -0.913622 0.054789
v 61.6628 -52.5685 -118.24
vn 0.437957 -0.933544 0.139819
v 46.7939 -25.0944 -115.45
vn -0.816017 0.379909 -0.317051
v 47.485 -30.991 -115.003
vn -0.429659 -0.856916 0.157083
v 58.1767 -51.3168 -120.377
vn -0.498249 -0.811617 0.151506
v 52.6039 -48.5157 -121.887
vn -0.668475 -0.691424 0.0566988
v 48.9375 -44.1254 -119.406
vn -0.624239 -0.684934 0.169016
v 48.2509 -45.3829 -123.324
vn 0.383585 -0.924211 0.209713
v 36.7257 -35.1303 -125.198
vn 0.022042 0.80014 0.285464
v 6.45755 12.2965 -116.531
vn -0.628618 -0.733171 0.0635841
v 13.4477 -3.80711 -119.441
vn -0.836986 -0.448266 -0.0198198
v 16.0063 -8.07183 -120.715
vn -0.0842951 -0.990059 0.155118
v 10.758 -2.56157 -120.477
vn -0.881687 -0.206608 0.0700078
v 16.6874 -15.0796 -123.955
vn -0.275592 -0.954139 0.109426
v 28.3739 -36.6363 -129.477
vn -0.858587 -0.157515 0.155648
v 15.5523 -16.4885 -127.579
vn -0.70137 -0.598241 0.149894
v 17.5362 -29.4306 -131.148
vn -0.122105 0.827234 0.192576
v 1.10686 15.1928 -124.128
vn -0.83356 -0.279917 0.168517
v 14.9659 -24.2529 -130.748
vn -0.19457 0.862928 0.0392304
v -14.0452 14.1873 -133.278
vn 0.817326 -0.0456867 0.459012
v 7.61076 -39.3178 -144.476
vn 0.853677 0.0255645 0.408774
v 8.48782 -42.8764 -145.401
vn -0.309649 0.842838 -0.054693
v -20.3722 13.1012 -138.662
vn 0.464345 -0.717742 0.446861
v 14.8444 -58.819 -154.793
vn -0.290158 -1.0028 -0.19229
v -13.2622 -54.9647 -164.041
vn -0.231627 -1.02268 -0.167215
v -14.9977 -54.4373 -165.857
vn -0.0893925 -1.04635 -0.0589342
v -54.03 -47.7512 -182.484
vn -0.9057 0.142733 -0.257482
v -74.2694 -33.1949 -178.078
vn -0.377478 -0.947363 -0.0318034
v -71.3654 -45.9607 -188.802
vn -0.897734 -0.320069 -0.235926
v -73.657 -43.0171 -190.182
vn -0.700134 -0.701452 -0.114655
v -72.7398 -45.0301 -189.62
vn 0.133361 -1.03726 -0.450732
v 110.235 -71.1322 -109.7
vn 0.607515 0.357333 0.521955
v 86.4891 -24.6834 -92.4895
vn 0.705932 0.607342 0.164862
v 74.7077 -14.7848 -89.6675
vn -0.222576 -0.98351 -0.487662
v 92.9622 -68.869 -107.625
vn -0.144575 0.734348 0.349058
v 53.2713 0.930235 -92.2035
vn -0.197584 0.360292 -1.06712
v 55.4942 -19.1785 -103.315
vn -0.853572 0.307792 -0.270479
v 45.862 -34.8897 -119.947
vn -0.822423 -0.456123 0.0284316
v 45.6774 -40.4075 -121.738
vn 0.416101 -0.864038 0.294717
v 37.5699 -32.0108 -120.599
vn 0.20799 0.753336 0.345524
v 17.2878 9.04155 -112.096
vn -0.898034 -0.195664 0.0120673
v 16.5692 -12.8556 -123.42
vn -0.879037 -0.153502 0.0988996
v 14.7197 -20.0855 -130.084
vn -0.513224 -0.825922 0.0923748
v 20.4418 -33.0977 -132.372
vn -0.83778 -0.412549 0.0370666
v 14.9339 -26.6335 -133.185
vn 0.611281 -0.871735 0.0484472
v 7.61996 -5.42831 -128.044
vn 0.679545 -0.730941 0.232735
v 4.42222 -10.579 -134.01
vn 0.73737 -0.528848 0.381579
v 3.66738 -15.8761 -138.231
vn 0.139314 -0.967891 0.229727
v 10.0641 -61.0053 -156.293
vn -0.361266 0.820094 -0.0575501
v -32.0249 8.53714 -142.6
vn -0.264678 -1.00998 -0.138397
v -4.63495 -58.602 -164.197
vn -0.529953 0.725648 -0.121326
v -47.9604 2.34051 -157.828
vn -0.177254 -1.0385 -0.17541
v -23.6886 -51.8681 -164.466
vn -0.553554 0.70961 -0.146793
v -53.9771 -1.8286 -162.273
vn -0.767058 0.468498 -0.301711
v -67.9128 -16.8937 -168.97
vn -0.794863 0.420422 -0.312227
v -68.8949 -19.9561 -174.721
vn -0.904162 0.102086 -0.351271
v -73.6225 -34.9584 -190.009
vn -0.924894 -0.0483442 -0.303571
v -73.9463 -39.4158 -191.196
vn 0.635918 0.442696 0.440662
v 81.9409 -22.2874 -90.7044
vn 0.63407 0.748962 -0.0995173
v 72.8404 -12.7939 -91.2762
vn -0.157945 -1.00573 -0.474153
v 96.4634 -69.405 -109.259
vn -0.314872 -0.986719 -0.312234
v 83.7405 -63.2971 -115.55
vn -0.402178 -0.845933 0.213301
v 58.0231 -52.6979 -123.101
vn -0.162985 -1.01597 0.0205024
v 30.1727 -37.9567 -132.737
vn -0.0941374 0.826162 0.207253
v 3.07395 13.3382 -119.583
vn -0.366213 -0.932785 0.0505786
v 25.7479 -36.2983 -132.419
vn 0.901115 0.0615773 0.335311
v 14.0281 -49.519 -151.978
vn -0.302888 -0.997406 -0.175467
v -7.56445 -57.4672 -163.936
vn -0.719219 0.536728 -0.299941
v -62.7462 -10.9808 -174.002
vn -0.823518 0.364422 -0.318589
v -70.3408 -24.1708 -181.68
vn -0.873346 0.241754 -0.318611
v -73.7998 -34.0804 -187.517
vn -0.913254 -0.250011 -0.233422
v -73.437 -43.5288 -196.38
vn 0.684125 0.27385 0.505364
v 96.9212 -35.0434 -95.2289
vn 0.708544 0.479499 0.333806
v 79.4844 -19.0421 -91.0092
vn 0.497227 0.116953 0.679605
v 71.686 -0.990868 -92.3007
vn 0.41436 0.347746 0.635776
v 68.287 -0.234775 -91.0032
vn 0.678768 -0.277011 0.560864
v 67.6729 -3.29365 -90.4833
vn 0.695168 0.630595 -0.548994
v 67.77 -9.82276 -94.0793
vn 0.856753 -0.235446 0.389682
v 67.5743 -9.27237 -94.5767
vn 1.04588 0.14264 -0.155584
v 67.6445 -9.75063 -94.4895
vn 0.0482024 0.45887 -1.05342
v 59.7123 -17.2524 -103.008
vn -0.328791 -0.986897 -0.188742
v 78.4753 -60.8577 -118.637
vn 0.34807 -1.01534 -0.375313
v 55.5468 -17.6221 -103.423
vn 0.266061 -0.594868 -1.0333
v 58.2378 -16.8666 -103.07
vn -0.310659 0.725452 -0.676546
v 52.7722 -22.2703 -106.502
vn -0.352267 -0.971686 -0.11198
v 75.2225 -59.5197 -118.409
vn -0.367983 -0.950544 -0.0238569
v 69.9115 -56.757 -117.979
vn -0.32298 -0.917734 0.15125
v 63.0312 -54.8288 -123.159
vn -0.675317 0.551613 -0.446038
v 47.3866 -32.3634 -119.811
vn -0.0591845 0.77096 0.32045
v 28.5972 6.39202 -107.514
vn -0.537709 -0.771926 0.166469
v 50.199 -48.6815 -125.642
vn -0.507397 -0.751296 0.244942
v 53.038 -51.7394 -127.157
vn -0.911686 -0.130246 -0.0242712
v 44.7886 -39.0833 -124.775
vn -0.71397 -0.592033 0.130965
v 46.7518 -45.256 -125.801
vn -0.673302 -0.688643 0.0495242
v 46.7504 -47.0888 -129.56
vn -0.921228 0.0242821 -0.297612
v 43.979 -42.2206 -128.673
vn -0.544012 -0.840239 -0.0326011
v 12.166 -4.87211 -125.17
vn -0.844145 -0.256484 0.154948
v 13.5363 -17.3155 -133.03
vn -0.610024 -0.765165 0.0280509
v 19.2135 -33.0573 -134.934
vn 0.791084 -0.0216669 0.48616
v 8.20083 -36.6689 -145.35
vn 0.725437 -0.264149 0.524869
v 9.44362 -50.9864 -146.376
vn 0.838794 -0.0781933 0.434444
v 14.9319 -53.0115 -152.366
vn -0.322623 -0.989196 -0.174572
v -9.74569 -56.5285 -165.86
vn -0.0894776 -1.05583 -0.152898
v -34.557 -50.1728 -173.157
vn -0.120477 -1.03565 -0.0282528
v -48.056 -49.0168 -182.571
vn -0.0287063 -1.03184 0.0501768
v -62.1205 -47.7248 -187.561
vn -0.804647 -0.537448 -0.0766046
v -72.2878 -46.8653 -196.01
vn 0.895062 -0.578121 0.0421529
v 114.313 -70.3703 -105.806
vn 0.537177 -0.945485 -0.328581
v 114.071 -70.6818 -108.318
vn 0.668893 0.271576 0.519329
v 94.9263 -33.0945 -94.4594
vn 0.619962 0.695865 0.128155
v 77.9656 -16.6503 -92.353
vn 0.545821 0.808456 -0.161315
v 75.1731 -14.3439 -94.2588
vn 0.594615 0.76902 -0.349308
v 70.8068 -11.6683 -93.7087
vn -0.102453 0.741796 -0.762896
v 63.5382 -14.5095 -100.91
vn 0.598759 -0.82743 -0.588033
v 59.9626 -16.5904 -102.686
vn -0.158027 0.579385 -0.930468
v 57.9221 -18.3173 -103.395
vn -0.35122 -0.920132 0.110988
v 72.515 -58.7215 -120.603
vn -0.353851 -0.904849 0.146252
v 66.8357 -56.1955 -122.104
vn 0.496751 -0.943134 0.0306277
v 50.8523 -22.4604 -113.418
vn -0.380975 -0.808898 0.295651
v 56.8453 -54.6812 -127.334
vn -0.00496764 0.773622 0.326678
v 25.2652 7.68688 -110.813
vn 0.127262 0.746833 0.369024
v 21.256 8.97923 -112.407
vn -0.498806 -0.73529 0.278579
v 52.6602 -53.0074 -129.355
vn -0.626875 -0.681662 0.169478
v 49.121 -50.168 -130.188
vn 0.128644 0.766654 0.339584
v 13.0927 11.4785 -114.494
vn -0.763732 0.412272 -0.473896
v 44.6519 -40.4764 -129.628
vn -0.815144 -0.49884 -0.0244021
v 44.4802 -43.7909 -128.934
vn -0.846242 -0.384707 0.0429121
v 15.3009 -9.9385 -126.588
vn 0.24504 -1.03547 -0.0120651
v 9.48516 -4.11162 -125.246
vn 0.440268 -0.842492 0.310904
v 8.36484 -6.65128 -132.1
vn -0.768956 -0.595506 -0.0635935
v 14.6246 -27.7327 -136.796
vn -0.229636 0.8336 0.101146
v -9.52239 15.6421 -134.244
vn 0.641039 -0.251422 0.595625
v 6.22808 -23.9718 -143.091
vn 0.713335 -0.348985 0.507943
v 16.3909 -57.5207 -155.04
vn -0.321553 0.838459 -0.0587523
v -22.9734 12.7157 -143.017
vn -0.14896 -1.02951 -0.027827
v 6.29336 -61.5142 -158.767
vn -0.28083 -1.00509 -0.154701
v -12.8357 -55.163 -166.028
vn -0.151079 -1.04351 -0.146658
v -24.485 -52.0136 -171.184
vn -0.0996892 -1.04817 -0.0850463
v -42.9703 -49.1851 -177.349
vn -0.11036 -1.03396 -0.00941385
v -41.5891 -50.3524 -183.178
vn -0.121097 -1.01269 0.0685209
v -55.2824 -48.2514 -186.136
vn -0.061319 -1.02426 0.0635972
v -58.9309 -48.0184 -187.683
vn 0.635906 0.291623 0.535931
v 94.0477 -27.5506 -96.4085
vn 0.459414 0.486532 0.528913
v 87.9958 -19.5369 -96.7415
vn 0.513225 0.613806 0.374622
v 82.6824 -17.8 -95.3236
vn -0.089909 -1.04031 -0.38646
v 102.164 -69.0083 -116.289
vn 0.422041 0.828438 0.0574417
v 79.399 -16.0002 -96.3774
vn 0.0591388 0.734271 0.389163
v 60.5274 2.17582 -92.3692
vn 0.419685 0.841972 -0.419537
v 72.2123 -13.5893 -97.9918
vn 0.718281 -0.698671 0.224539
v 69.4468 -7.73502 -95.712
vn 0.231092 0.819279 -0.633057
v 67.9402 -12.3433 -98.6247
vn -0.324133 0.782734 -0.547788
v 62.9132 -20.1678 -110.092
vn -0.270256 -0.970398 0.0661245
v 77.0195 -60.6962 -121.235
vn -0.100468 0.730649 0.369371
v 36.0473 3.39295 -101.397
vn -0.354535 -0.832136 0.283793
v 68.2531 -57.5236 -123.054
vn -0.277097 -0.849639 0.316236
v 70.8977 -61.1779 -126.437
vn -0.321179 -0.791272 0.366616
v 64.3699 -59.5274 -128.507
vn 0.552026 -0.897134 0.0839627
v 45.5668 -28.3964 -121.825
vn -0.323581 -0.827246 0.316221
v 63.0888 -55.7719 -124.629
vn -0.342698 -0.811381 0.324182
v 62.249 -60.4212 -131.053
vn -0.514749 -0.793502 0.161897
v 52.3621 -55.7884 -133.513
vn -0.371908 -0.808162 0.30474
v 56.8591 -58.0841 -132.01
vn -0.473896 -0.860207 0.0773987
v 57.1116 -59.369 -134.074
vn -0.652071 -0.752266 -0.0904282
v 51.3861 -55.2545 -134.439
vn -0.772793 -0.603196 -0.131498
v 48.4396 -50.7624 -134.561
vn -0.835764 -0.480634 -0.309741
v 46.2649 -46.9808 -133.589
vn 0.0975655 -1.02911 0.0766719
v 33.8025 -37.8326 -131.237
vn -0.0384749 0.813537 0.250626
v 8.8405 15.1514 -121.12
vn -0.092398 -1.04145 -0.0320266
v 30.7697 -39.2653 -138.258
vn -0.768794 -0.470323 0.164007
v 14.3206 -8.80667 -128.775
vn -0.603471 -0.746569 0.0928097
v 11.3135 -4.43711 -128.842
vn -0.293876 -0.996325 -0.107452
v 24.5735 -37.2527 -138.879
vn -0.685912 -0.716195 -0.0999826
v 17.107 -31.8212 -139.46
vn -0.424823 -0.919872 -0.023705
v 22.4737 -36.2107 -137.549
vn -0.835575 -0.480348 -0.0975409
v 13.6589 -26.1857 -138.368
vn -0.775905 -0.602939 -0.184467
v 15.7846 -29.8926 -141.104
vn -0.200755 0.840581 0.107304
v -6.80237 15.2549 -130.609
vn 0.709778 -0.62055 0.331264
v 4.09254 -12.1266 -135.346
vn 0.713448 -0.148562 0.556447
v 5.54436 -28.0167 -143.773
vn 0.313624 -0.895695 0.303797
v 17.1635 -61.1373 -158.772
vn -0.36287 0.819463 -0.0584434
v -34.7734 8.45522 -150.363
vn -0.455914 0.769999 -0.0715249
v -44.6804 4.90388 -158.23
vn -0.214585 -1.0273 -0.15416
v -18.8773 -53.3885 -169.212
vn -0.099917 -1.04764 -0.0810806
v -35.1875 -50.4466 -177.058
vn -0.618339 0.655236 -0.190075
v -56.9915 -4.17338 -165.534
vn -0.63484 0.638817 -0.177079
v -54.2893 -1.39171 -171.455
vn -0.676905 0.59421 -0.235957
v -59.5284 -7.00188 -171.01
vn -0.743742 0.498675 -0.325133
v -64.7723 -14.6095 -178.072
vn -0.0752443 -0.981589 0.17959
v -59.4489 -48.4194 -188.754
vn -0.0659403 -0.973339 0.201814
v -57.7921 -49.756 -191.148
vn -0.860959 0.26866 -0.341471
v -72.6029 -32.0959 -190.651
vn -0.164143 -0.991771 0.104054
v -66.7225 -49.0513 -192.752
vn -0.439235 -0.879873 0.0861781
v -70.967 -47.8619 -194.345
vn -0.507567 -0.823053 0.110161
v -70.8645 -49.7452 -198.333
vn 0.828751 -0.594507 0.18125
v 116.895 -68.2858 -109.509
vn 0.731664 -0.806591 -0.0648768
v 115.471 -69.5293 -108.701
vn 0.354746 -1.02845 -0.187922
v 114.986 -70.2036 -110.472
vn 0.352264 0.811148 0.174348
v 81.1622 -16.7343 -95.921
vn 0.440811 -0.404521 0.661369
v 72.5455 -2.52858 -92.8863
vn 0.0590637 0.815408 0.259685
v 51.8965 8.14511 -102.756
vn 0.311207 -1.02163 -0.0146685
v 57.6984 -18.0018 -106.6
vn -0.250175 0.834828 -0.485666
v 57.7035 -22.1557 -111.879
vn -0.583057 0.650311 -0.438813
v 49.0739 -29.0022 -115.413
vn -0.486438 0.702655 -0.510582
v 52.5257 -28.247 -120.865
vn -0.559254 0.628507 -0.545775
v 49.638 -32.3136 -124.306
vn -0.569635 -0.838399 -0.184274
v 54.2729 -57.5403 -135.558
vn 0.13817 -1.05465 -0.0443085
v 10.5552 -4.09744 -129.375
vn -0.83197 -0.192984 0.208914
v 14.3721 -13.4922 -130.385
vn -0.23192 -0.822961 0.379717
v 10.5628 -4.23199 -129.819
vn -0.743225 -0.461706 0.225384
v 11.8371 -19.3288 -138.408
vn -0.867261 -0.318372 0.0396478
v 13.17 -24.59 -137.88
vn 0.713209 -0.532745 0.40504
v 5.1185 -17.3225 -141.001
vn -0.262741 0.832786 0.0675098
v -12.2946 15.8484 -138.095
vn 0.0522977 -1.0229 0.0977766
v 10.153 -62.6789 -160.381
vn -0.341531 0.829829 -0.0602606
v -27.4515 11.0718 -145.173
vn -0.212708 -1.02678 -0.136771
v -0.376359 -60.0319 -165.529
vn -0.554956 0.706081 -0.120569
v -48.1997 2.57416 -162.715
vn -0.19237 -1.03281 -0.140546
v -20.7351 -53.1872 -175.413
vn -0.112667 -1.05112 -0.14148
v -28.5774 -51.3028 -173.246
vn -0.559943 0.703226 -0.132251
v -52.9905 -0.395291 -168.687
vn -0.0543004 -0.974075 0.203898
v -58.5522 -50.6137 -193.109
vn -0.123047 -0.965426 0.19618
v -63.8102 -50.6402 -194.977
vn -0.00571139 -1.0435 -0.420782
v 106.722 -70.3474 -112.481
vn 0.0394229 0.786623 0.310036
v 63.4992 4.3555 -94.6873
vn -0.185336 -1.02866 -0.330598
v 96.6284 -67.6187 -117.724
vn 0.437887 -0.846947 0.305894
v 66.4176 -11.9161 -99.7854
vn 0.300378 -1.0215 -0.00109626
v 60.9594 -17.105 -105.255
vn -0.274082 -0.984907 0.00607671
v 81.686 -62.5117 -121.171
vn 0.366588 -1.00653 -0.0180817
v 55.1165 -19.622 -110.103
vn -0.105138 0.740131 0.354477
v 40.7129 4.20501 -100.891
vn -0.0736911 0.775625 0.309074
v 45.2187 9.18571 -106.988
vn -0.0798148 0.753241 0.342567
v 35.3847 6.4062 -105.93
vn -0.2597 -0.791205 0.40423
v 73.862 -63.2611 -127.407
vn -0.29984 -0.804522 0.363943
v 67.7618 -62.2127 -129.567
vn 0.595387 -0.887726 0.0301436
v 47.8508 -26.0906 -119.765
vn 0.551786 -0.885977 0.114474
v 44.1657 -29.6169 -123.218
vn -0.39868 -0.817879 0.265123
v 61.3636 -62.101 -134.18
vn -0.755318 0.451703 -0.421047
v 46.0042 -36.4902 -124.753
vn 0.607583 -0.827399 0.165609
v 39.407 -34.6136 -127.076
vn -0.824236 -0.424847 -0.477811
v 48.6162 -50.3951 -138.151
vn 0.300423 -0.984335 0.128011
v 37.7003 -38.0513 -133.305
vn 0.0495044 0.789335 0.306003
v 13.9663 14.6728 -119.643
vn -0.622081 -0.450985 0.408086
v 12.7804 -8.9088 -130.669
vn 0.372114 -0.730325 0.48253
v 7.13323 -10.0859 -135.397
vn 0.639708 -0.278605 0.589931
v 4.88533 -19.0288 -141.549
vn -0.28464 0.844454 -0.0100527
v -15.6413 15.4445 -141.137
vn 0.944739 -0.0420139 0.278786
v 11.6477 -41.7241 -150.475
vn -0.332462 0.828421 -0.0293192
v -19.1894 14.7052 -145.698
vn -0.113832 -1.05038 -0.133912
v 10.0132 -63.0196 -163.131
vn -0.348103 0.827121 -0.0623013
v -30.3639 9.94845 -146.673
vn -0.249859 -1.0169 -0.172188
v -2.73834 -59.4871 -166.608
vn -0.374994 0.81621 -0.0761151
v -40.4167 7.55078 -161.515
vn -0.301239 -0.996772 -0.147781
v -11.4441 -56.0921 -169.276
vn -0.260408 -1.01208 -0.147435
v -14.6066 -54.9283 -170.705
vn -0.105781 -1.00921 0.0899434
v -53.3732 -49.106 -187.827
vn -0.770069 0.458013 -0.329447
v -66.87 -19.2318 -185.658
vn -0.7786 -0.581233 -0.0689134
v -71.9885 -49.3632 -199.946
vn 0.463272 -0.434619 0.639032
v 76.2364 -2.89045 -94.3511
vn 0.311658 0.897111 -0.125645
v 78.7762 -15.4455 -97.7133
vn 0.481647 -0.753616 0.397674
v 71.3255 -5.74554 -94.6962
vn 0.115802 0.921312 -0.328302
v 74.6357 -15.0082 -102.293
vn 0.328218 0.783463 -0.657687
v 68.9621 -13.5153 -101.712
vn -0.25219 -1.01555 -0.158925
v 91.0432 -65.6958 -120.535
vn 0.0300796 -0.922897 0.315551
v 65.4933 -15.1679 -103.745
vn -0.357389 -0.945295 0.0212669
v 65.3558 -15.6633 -104.988
vn -0.406909 0.71234 -0.605627
v 65.7952 -15.791 -104.154
vn -0.276031 -1.00822 -0.207087
v 86.4836 -63.9438 -120.214
vn -0.257916 -0.8619 0.310137
v 78.2214 -62.3769 -124.238
vn -0.259283 -0.746183 0.454051
v 76.9121 -66.5089 -129.409
vn -0.213968 -0.740451 0.480461
v 77.5831 -68.95 -131.393
vn -0.319323 -0.772443 0.39082
v 68.8228 -63.6259 -130.715
vn -0.285621 -0.722167 0.464486
v 74.464 -71.1927 -135.126
vn -0.483952 -0.773173 0.240741
v 63.791 -65.6241 -136.874
vn -0.398554 -0.77004 0.333888
v 69.1607 -69.5818 -136.703
vn 0.646116 -0.823842 0.110933
v 43.2611 -31.7454 -127.349
vn -0.586903 -0.778267 0.0535264
v 63.6129 -66.4989 -138.937
vn 0.580478 -0.902964 0.00850357
v 39.5238 -38.3617 -135.747
vn 0.255135 -1.03312 -0.00974874
v 38.3254 -38.9978 -136.505
vn -0.00528945 -1.06198 -0.103467
v 32.9966 -40.022 -140.453
vn -0.213565 0.815327 0.163492
v -2.64703 16.1674 -129.312
vn -0.19073 -0.669916 0.551387
v 8.84323 -7.58198 -132.985
vn -0.673687 -0.46607 0.33357
v 11.4801 -17.17 -136.78
vn -0.799538 -0.530266 -0.0259503
v 11.916 -22.7812 -141.594
vn -0.534921 -0.862727 -0.1298
v 19.6559 -35.1029 -142.384
vn -0.460108 -0.691965 0.371321
v 9.54037 -20.007 -141.765
vn -0.374823 -0.622446 0.499937
v 8.0186 -15.2645 -139.26
vn -0.340265 -0.617092 0.524638
v 7.88742 -16.9084 -140.833
vn 0.190043 -0.567019 0.654396
v 5.62494 -17.9291 -141.947
vn 0.324014 -0.566836 0.624837
v 9.42653 -22.8288 -144.325
vn 0.995065 -0.00858968 0.169811
v 12.6747 -42.1233 -153.131
vn 0.915211 0.154777 0.279864
v 16.7737 -51.7484 -155.652
vn 0.850854 -0.0163654 0.417406
v 17.487 -55.2779 -155.624
vn 0.0924421 -1.05967 -0.06338
v 13.7294 -63.2312 -162.731
vn -0.20254 -1.03183 -0.180308
v 4.35585 -61.5679 -167.816
vn -0.294983 -1.00096 -0.194804
v -5.24725 -58.4165 -168.383
vn -0.366922 0.816748 -0.0540808
v -38.9516 7.50417 -156.983
vn -0.0583825 -0.991462 0.161641
v -51.4686 -50.8761 -191.88
vn -0.810068 0.38668 -0.335091
v -70.0801 -25.2329 -187.28
vn -0.82781 0.346028 -0.349423
v -70.4369 -27.2504 -191.444
vn -0.261659 -0.929605 0.183691
v -67.5572 -50.9622 -197.711
vn -0.549977 -0.815538 0.0395434
v -69.9236 -51.81 -202.757
vn -0.848211 -0.46269 -0.256795
v -72.233 -48.8357 -201.351
vn -0.838851 -0.486314 -0.179074
v -70.6731 -51.282 -204.688
vn 0.81525 0.159649 0.420991
v 102.955 -37.104 -100.346
vn 0.867382 -0.00360139 0.394811
v 116.011 -65.8351 -107.65
vn 0.919837 -0.212257 0.302485
v 116.244 -67.1489 -107.968
vn 0.594137 -0.873104 0.0783796
v 118.626 -69.274 -114.23
vn 0.540961 0.0495332 0.669018
v 75.1181 -2.07801 -93.7022
vn 0.616679 -0.802262 0.201121
v 68.8486 -8.89007 -98.3917
vn -0.0387954 0.829089 0.21903
v 56.4274 4.73689 -95.9652
vn 0.465737 -0.527329 0.591393
v 69.076 -13.5245 -102.193
vn -0.0463227 0.783244 0.303373
v 54.8805 5.52335 -98.4442
vn 0.198609 -1.0586 -0.126745
v 65.3232 -16.3853 -105.828
vn -0.235771 -0.987936 0.0477796
v 87.8226 -64.7251 -122.424
vn 0.330284 -1.03474 -0.165894
v 58.4022 -18.904 -115.665
vn -0.171139 -0.770022 0.467176
v 79.9572 -69.2705 -130.89
vn 0.127107 0.753274 0.359764
v 20.5058 13.6595 -118.977
vn -0.78941 0.207879 -0.634182
v 46.252 -41.6532 -134.562
vn -0.888083 -0.195838 -0.462376
v 44.648 -43.5087 -131.3
vn -0.729514 -0.64751 -0.370105
v 50.4858 -54.2326 -135.953
vn -0.0517372 0.814628 0.245126
v 10.0224 16.7814 -124.221
vn -0.140999 0.814801 0.210458
v 3.89756 17.6966 -128.364
vn -0.0861592 -0.454513 0.704815
v 7.8428 -19.0913 -142.073
vn 0.688974 -0.337719 0.533375
v 6.81168 -28.318 -144.959
vn 0.726097 -0.135195 0.546855
v 9.64388 -30.8201 -147.484
vn 0.771228 -0.0840189 0.507799
v 10.9982 -34.3149 -148.546
vn 0.881152 0.205568 0.310844
v 18.9139 -53.247 -158.395
vn 0.27039 -0.962374 0.199366
v 19.0713 -62.3296 -161.937
vn -0.341358 0.8301 -0.0614548
v -25.8726 12.5647 -150.222
vn -0.351418 0.824828 -0.0577249
v -31.0857 10.4498 -151.707
vn -0.747082 0.496936 -0.309691
v -61.7068 -11.0396 -181.783
vn -0.86932 0.241453 -0.348788
v -72.4414 -33.6255 -195.263
vn -0.90153 0.122828 -0.342651
v -73.2106 -37.1866 -195.826
vn 0.812564 -0.514178 0.296303
v 119.832 -68.0159 -113.643
vn 0.302439 -1.04202 -0.171169
v 117.793 -69.7728 -115.093
vn 0.619788 -0.155156 0.625952
v 78.7883 -3.14244 -96.01
vn 0.423809 -0.692419 0.49315
v 78.0689 -4.81327 -96.5501
vn 0.315649 0.547744 0.542027
v 70.1956 2.58499 -93.3278
vn 0.0273073 -1.0617 -0.326242
v 110.042 -70.1971 -115.071
vn -0.0745171 -1.05943 -0.21655
v 102.237 -68.6231 -120.685
vn 0.445299 -0.880667 0.24441
v 71.2069 -7.28674 -97.1526
vn -0.203398 0.885555 -0.315308
v 73.3593 -15.9851 -106.929
vn -0.174773 -1.03671 -0.130418
v 97.1174 -67.6135 -121.172
vn 0.00405592 0.845275 -0.602394
v 69.2098 -16.2112 -106.317
vn -0.168992 -0.949803 0.205889
v 90.687 -66.0232 -123.359
vn -0.15974 -0.983612 0.130457
v 93.5403 -66.921 -123.8
vn -0.212969 -0.855272 0.345704
v 80.7744 -63.7587 -124.509
vn -0.0210481 -0.858291 0.403529
v 86.0691 -69.6828 -129.574
vn -0.108977 -0.827479 0.422847
v 85.0149 -68.4912 -128.477
vn -0.181069 -0.821186 0.405479
v 76.7188 -73.0142 -135.933
vn -0.343911 -0.812395 0.321808
v 71.7675 -71.5753 -136.992
vn -0.129229 -0.871444 0.35891
v 79.6359 -74.9249 -137.351
vn -0.353628 -0.882835 0.194798
v 73.568 -74.3402 -140.777
vn -0.492801 -0.8222 0.13771
v 66.1819 -68.8093 -139.211
vn -0.395608 -0.907413 0.0812664
v 72.2302 -74.6739 -143.115
vn -0.657333 -0.741252 -0.0621488
v 60.5908 -64.0764 -141.648
vn -0.582562 -0.790494 0.0296294
v 59.9273 -62.2846 -137.103
vn 0.50565 -0.969493 -0.171508
v 38.5257 -39.2457 -139.186
vn 0.260647 -1.05082 -0.24546
v 35.8266 -39.9612 -141.71
vn -0.190989 -1.03526 -0.192687
v 28.6601 -38.9691 -142.958
vn -0.299483 -0.997359 -0.14595
v 23.5193 -37.1589 -147.19
vn -0.619175 -0.79358 -0.166673
v 19.1907 -34.9762 -144.51
vn -0.705594 -0.682153 -0.0509763
v 11.5756 -22.5117 -143.263
vn 0.854987 -0.250976 0.387489
v 12.4724 -37.4026 -150.614
vn 0.8899 0.257433 0.264628
v 15.3214 -45.4161 -157.377
vn -0.345616 0.826484 -0.0514399
v -22.0043 14.2625 -149.761
vn -0.202778 -1.03208 -0.203561
v 3.14975 -61.2132 -170.929
vn -0.250188 -1.01735 -0.206103
v -1.32287 -59.8232 -175.218
vn -0.265603 -1.01174 -0.182619
v -12.0443 -55.9567 -173.34
vn -0.125129 -1.04416 -0.0912814
v -24.7232 -52.7403 -180.644
vn -0.119385 -1.02191 0.0358476
v -46.2411 -49.8317 -184.965
vn -0.122372 -1.00714 0.086147
v -49.5565 -50.1642 -188.627
vn -0.809662 0.377802 -0.365215
v -69.098 -26.0157 -195.435
vn -0.235011 -0.894606 0.271437
v -65.3501 -53.2721 -201.316
vn -0.619706 -0.705131 0.142728
v -68.6456 -54.9652 -206.082
vn 0.430571 0.414616 0.591954
v 91.7031 -16.5732 -100.388
vn 0.16255 0.810539 0.259851
v 70.0582 5.67229 -97.2172
vn -0.00650056 0.885158 0.0810424
v 62.2618 5.43134 -100.343
vn -0.693992 0.518853 -0.468759
v 65.2871 -16.5443 -105.604
vn -0.0570975 -0.890375 0.352522
v 89.1913 -67.9537 -126.847
vn 0.0139701 -0.860589 0.404778
v 84.4448 -72.762 -133.764
vn 0.525059 -0.943596 -0.0325149
v 55.6064 -20.5754 -117.844
vn 0.760377 -0.781787 -0.0756249
v 46.6091 -29.2922 -130.283
vn 0.785325 -0.742218 -0.0141254
v 43.1696 -34.1776 -134.114
vn 0.699768 -0.798093 0.0656897
v 40.9205 -37.0626 -135.38
vn -0.703098 -0.675023 -0.395437
v 53.2307 -56.2482 -139.653
vn 0.718421 -0.360412 0.498712
v 12.8423 -26.7984 -149.211
vn 0.5935 -0.482698 0.540405
v 15.1908 -35.9031 -152.685
vn 0.809351 -0.567555 0.248651
v 14.8539 -38.3594 -154.431
vn 1.02453 0.0065776 0.0831002
v 13.5819 -42.5636 -157.062
vn 0.466643 -0.582026 0.556908
v 23.2694 -60.6483 -162.385
vn 0.172468 -0.943598 0.270738
v 23.0941 -62.118 -163.612
vn -0.039723 -1.06396 -0.206058
v 10.9056 -63.2242 -168.24
vn -0.0898713 -1.03952 -0.01931
v -38.184 -50.6337 -181.672
vn -0.72629 0.530135 -0.280893
v -59.6621 -7.84779 -181.052
vn -0.0948906 -1.00053 0.122002
v -47.6441 -52.0285 -193.446
vn 0.729603 0.243896 0.47793
v 100.834 -31.774 -100.277
vn 0.819294 0.207633 0.396231
v 102.067 -31.6457 -101.539
vn 0.595078 0.298362 0.562204
v 94.337 -23.0358 -98.654
vn 0.571973 -0.431751 0.580595
v 81.3224 -4.34926 -98.0227
vn 0.118127 -1.06691 -0.267035
v 114.216 -70.1661 -115.214
vn 0.0921767 0.879146 0.109052
v 80.4627 -15.0909 -100.263
vn -0.00176808 -0.921177 0.314948
v 90.8539 -68.8378 -127.891
vn 0.257204 -1.04572 -0.0913459
v 60.0909 -18.9547 -113.255
vn -0.0513449 0.791508 0.288031
v 42.8395 10.4605 -109.903
vn 0.112159 -0.90788 0.339224
v 85.0766 -75.2295 -137.157
vn -0.088982 0.761721 0.326944
v 32.5333 9.07272 -110.781
vn -0.150835 -0.939338 0.237135
v 80.2143 -76.5127 -139.395
vn 0.00591204 0.749987 0.363782
v 26.7839 10.8988 -115.303
vn -0.74564 -0.372834 -0.697973
v 49.6946 -50.762 -140.486
vn -0.770137 -0.384682 -0.646753
v 51.9537 -52.4981 -142.555
vn -0.825764 -0.106844 -0.648002
v 47.163 -45.8781 -137.333
vn -0.0584936 0.798134 0.274408
v 12.8224 18.9966 -127.626
vn -0.238935 0.806157 0.165011
v -2.46948 18.2109 -134.136
vn -0.657432 -0.726841 -0.0064999
v 18.1129 -34.116 -150.977
vn 0.123459 -0.84431 0.425544
v 12.8096 -26.0195 -148.567
vn 0.644915 -0.179381 0.605869
v 12.6111 -30.8611 -150.059
vn 0.150391 -1.0644 -0.136337
v 17.5766 -63.2201 -165.715
vn 0.136129 -1.06684 -0.249107
v 15.2768 -63.307 -169.293
vn -0.141628 -1.04731 -0.21335
v 8.67309 -62.697 -170.254
vn -0.360568 0.81964 -0.0528427
v -37.3336 8.8273 -159.975
vn -0.500672 0.74674 -0.119739
v -45.1431 5.37276 -162.592
vn -0.229835 -1.02249 -0.151429
v -17.0326 -54.415 -177.82
vn -0.547044 0.71329 -0.129417
v -46.4246 4.51345 -167.099
vn -0.694165 0.574508 -0.230721
v -58.2368 -5.53243 -174.439
vn -0.0683395 -0.943253 0.262216
v -55.2312 -52.9817 -197.68
vn -0.0783658 -0.940512 0.26425
v -58.8008 -52.9796 -198.835
vn -0.838919 0.314872 -0.365434
v -71.0068 -30.7878 -197.399
vn -0.435878 -0.771989 0.296296
v -67.6152 -56.4578 -206.866
vn 0.848929 0.190491 0.365451
v 115.391 -56.6358 -109.722
vn 0.626908 0.314517 0.531206
v 95.6365 -19.0045 -101.32
vn 0.624861 0.314443 0.532789
v 81.079 -0.770018 -98.1325
vn 0.295215 -0.916432 0.277525
v 74.2879 -6.51759 -97.1318
vn 0.436425 -0.911357 0.192304
v 75.4882 -9.62618 -104.308
vn 0.454501 0.749758 0.219448
v 73.5782 4.41379 -96.6096
vn 0.442937 -0.86246 0.277623
v 73.601 -8.30074 -100.725
vn 0.427185 0.816019 0.090617
v 71.1519 5.88173 -99.0246
vn 0.55639 -0.773573 0.313082
v 74.0154 -10.0204 -103.243
vn 0.0321729 0.883968 0.0925142
v 68.2904 7.65263 -100.342
vn -0.236407 0.849347 0.041811
v 79.5486 -14.269 -104.251
vn -0.00153936 -1.03742 0.0378541
v 99.4846 -68.5507 -125.699
vn -0.10221 -1.01125 0.0855083
v 96.3026 -67.8795 -124.444
vn 0.208275 0.866779 0.116441
v 58.1474 6.09782 -100.612
vn 0.0996067 -0.967207 0.235616
v 91.2828 -70.677 -131.222
vn 0.258438 -1.02922 0.00568488
v 64.1403 -17.564 -110.849
vn 0.0693352 0.836468 0.217274
v 50.2707 9.43587 -106.052
vn 0.172388 -0.914577 0.320554
v 88.1443 -73.0632 -134.488
vn -0.0515965 0.772368 0.320004
v 38.8968 11.12 -111.924
vn -0.443416 0.717067 -0.546951
v 55.676 -27.675 -124.083
vn -0.123051 -0.970407 0.18487
v 80.7901 -77.7199 -141.976
vn 0.665574 -0.859451 -0.0564748
v 49.7964 -25.8446 -124.247
vn -0.523516 0.635154 -0.59294
v 49.995 -36.1659 -132.994
vn -0.570171 -0.816066 -0.0217872
v 66.5755 -70.7367 -143.957
vn -0.576513 -0.817778 -0.0538382
v 67.1825 -71.796 -147.329
vn -0.653201 -0.749496 -0.0814472
v 62.5718 -67.2796 -146.203
vn -0.588326 0.528119 -0.662012
v 48.6035 -38.2295 -134.688
vn -0.652219 -0.760206 -0.160115
v 56.6423 -59.6499 -141.514
vn -0.719801 -0.674678 -0.307856
v 55.2919 -57.7551 -143.457
vn -0.724099 -0.676052 -0.159092
v 59.2168 -62.9881 -145.328
vn 0.0425431 0.774305 0.330158
v 16.2248 17.2615 -123.752
vn 0.7663 -0.783809 -0.129878
v 41.4676 -36.9942 -138.813
vn 0.432427 -0.614856 0.55116
v 65.6128 -82.9655 -156.859
vn 0.0920472 -0.465351 0.713266
v 64.2612 -79.9286 -154.581
vn -0.00660408 -0.250659 0.775558
v 58.6667 -73.5029 -153.188
vn -0.115017 -0.418377 0.713913
v 60.804 -77.6875 -154.306
vn 0.353122 -0.949814 0.176798
v 64.5437 -85.4416 -158.495
vn 0.0172428 0.158534 0.767105
v 54.12 -69.3408 -153.373
vn -0.270554 -0.236341 0.720394
v 52.6882 -69.7202 -153.656
vn -0.280942 -0.656102 0.525291
v 61.4789 -84.9051 -157.997
vn 0.0244322 -0.835754 0.436517
v 62.9769 -85.2764 -157.97
vn -0.266253 -0.936411 0.164143
v 58.0305 -85.9982 -161.939
vn -0.331947 0.00494993 0.70759
v 48.8968 -67.1973 -155.405
vn -0.375884 -0.450502 0.605189
v 47.7809 -72.4884 -157.518
vn -0.192874 0.818 0.172296
v 5.5395 20.9646 -134.257
vn -0.422053 -0.816128 0.243527
v 51.7418 -83.247 -163.519
vn -0.405568 -0.659196 0.44821
v 49.2952 -80.4211 -162.672
vn -0.246965 -0.241701 0.727766
v 35.1933 -66.792 -162.118
vn -0.492296 -0.550959 0.467682
v 43.2806 -72.9295 -160.475
vn -0.57353 -0.682354 0.254229
v 44.2447 -75.6771 -162.3
vn -0.552096 -0.739014 0.201713
v 47.6001 -80.6613 -164.299
vn -0.61161 -0.695944 0.173948
v 41.7829 -73.0221 -162.468
vn -0.300934 -0.858228 0.286025
v 11.8596 -24.5297 -146.554
vn -0.647098 -0.693275 0.106928
v 14.254 -27.9373 -149.784
vn -0.35257 -0.936016 0.0623026
v 20.034 -35.87 -153.003
vn -0.408477 -0.528614 0.543821
v 39.4871 -70.2748 -161.624
vn -0.312414 0.818244 0.049524
v -12.4996 16.8654 -141.699
vn -0.496686 -0.743083 0.270212
v 35.7 -67.7886 -162.349
vn -0.502741 -0.884237 -0.110206
v 32.9492 -66.0999 -163.28
vn -0.214377 -0.589538 0.600735
v 28.7957 -62.7222 -163.374
vn -0.416362 -0.593432 0.494622
v 31.9109 -65.1105 -162.84
vn 0.120855 -0.494787 0.698864
v 25.8139 -61.283 -163.126
vn 0.756905 -0.0425852 0.52123
v 22.2136 -58.2724 -160.759
vn 0.825651 0.0128152 0.444717
v 13.8722 -42.1808 -158.225
vn -0.202792 -1.03194 -0.189033
v 2.2954 -60.912 -175.64
vn -0.107768 -1.04206 -0.0516887
v -22.5029 -53.621 -183.633
vn -0.090493 -1.03926 -0.0185214
v -28.5738 -52.5193 -183.133
vn -0.697789 0.570433 -0.223582
v -55.8524 -2.90924 -179.653
vn -0.08305 -1.02703 0.0413272
v -34.0784 -52.2878 -186.445
vn -0.101125 -1.01567 0.0714526
v -41.1161 -52.1191 -189.862
vn -0.0475519 -0.953983 0.247499
v -50.2004 -52.4703 -195.342
vn -0.0583209 -0.86184 0.392096
v -55.1563 -55.0009 -200.769
vn -0.0600354 -0.802872 0.462824
v -59.4074 -57.7685 -204.538
vn -0.140038 -0.819823 0.422415
v -60.4439 -54.3011 -201.348
vn -0.193274 -0.764871 0.464209
v -64.335 -59.9473 -208.127
vn -0.922512 -0.163677 -0.283382
v -73.094 -44.6458 -199.897
vn -0.282975 -0.843072 0.322037
v -64.6111 -61.512 -209.992
vn -0.643008 -0.739954 0.00183456
v -65.3663 -61.4739 -211.115
vn 0.679904 0.251697 0.519243
v 97.8824 -27.8708 -99.3361
vn 0.751405 0.254587 0.450996
v 99.3555 -27.38 -100.854
vn 0.649857 -0.756492 0.233742
v 121.375 -68.095 -116.09
vn 0.567166 0.511698 0.43878
v 77.6777 2.04952 -97.5169
vn 0.640198 -0.849624 0.053961
v 71.9046 -12.8683 -105.543
vn -0.254467 0.833938 -0.483597
v 69.4034 -18.1333 -110.897
vn 0.570944 -0.928132 -0.092465
v 68.0316 -16.2561 -114.795
vn 0.186598 0.823612 0.228431
v 53.0024 10.7932 -109.689
vn -0.261516 0.854877 -0.391279
v 60.4063 -22.4474 -117.584
vn 0.0399236 0.825144 0.239761
v 49.3655 10.2871 -107.865
vn -0.125417 -0.966451 0.192728
v 81.2538 -78.5258 -143.557
vn 0.0244571 0.758966 0.352442
v 22.4704 20.2116 -127.872
vn -0.798285 -0.50904 -0.435922
v 54.9013 -56.4339 -145.393
vn 0.425866 -0.386596 0.674276
v 65.277 -79.7201 -154.728
vn 0.200517 -0.17516 0.780853
v 62.6551 -75.8163 -153.941
vn -0.0836414 -1.05805 -0.192794
v 30.2401 -39.2928 -148.987
vn -0.417489 -0.596389 0.491613
v 44.8629 -74.2986 -160.263
vn -0.715861 -0.679734 -0.101816
v 41.9139 -74.3941 -165.277
vn 0.614653 -0.247652 0.61463
v 13.7824 -29.4667 -150.724
vn 0.248983 -0.48283 0.688049
v 16.6387 -34.7266 -152.723
vn 0.42336 -0.0551697 0.73037
v 25.5657 -59.0495 -162.748
vn -0.346761 0.814094 0.00639586
v -15.0808 16.6581 -145.527
vn 0.759719 -0.565271 0.323199
v 14.2369 -41.0339 -158.312
vn 0.61805 0.0800728 0.617872
v 15.8094 -44.401 -158.734
vn -0.481144 0.757006 -0.0940913
v -44.407 6.10632 -168.669
vn -0.17232 -1.03566 -0.111337
v -19.4405 -54.0785 -181.976
vn -0.641621 0.631216 -0.161515
v -53.2489 0.115417 -177.893
vn -0.749833 0.490994 -0.31972
v -62.9091 -13.4805 -186.106
vn -0.066225 -0.968843 0.211562
v -45.8439 -53.7641 -196.985
vn 0.0112608 -0.839698 0.4307
v -56.3756 -57.2308 -203.574
vn -0.0129508 -0.845683 0.420647
v -59.5084 -59.2408 -206.252
vn -0.865112 0.240473 -0.375796
v -71.743 -34.0057 -200.069
vn -0.888948 0.13238 -0.403649
v -72.2408 -36.8579 -201.64
vn -0.918475 -0.0359744 -0.352509
v -73.4128 -41.1541 -198.027
vn -0.901924 -0.191823 -0.406301
v -71.7911 -45.5997 -207.462
vn 0.874815 0.211558 0.317491
v 116.831 -55.7477 -112.289
vn 0.853497 0.197229 0.356
v 116.008 -57.7153 -109.979
vn 0.680254 -0.289238 0.556265
v 85.7289 -4.20227 -101.11
vn 0.206215 0.712241 0.402901
v 85.2617 -15.7436 -99.1728
vn 0.357128 -0.870411 0.321213
v 80.8059 -5.64724 -98.9703
vn 0.0126669 -1.06514 -0.285092
v 109.554 -69.5963 -120.76
vn 0.253922 0.845646 0.152443
v 55.4421 8.37241 -105.887
vn -0.212383 0.880139 -0.337269
v 63.2745 -22.2139 -115.955
vn 0.212797 -0.980346 0.183431
v 92.0925 -71.2627 -132.678
vn 0.238401 -0.911389 0.308522
v 89.6935 -74.4214 -137.355
vn -0.352846 0.825324 -0.344989
v 64.3696 -21.6619 -120.538
vn -0.405154 0.75779 -0.503316
v 58.8502 -24.9527 -121.805
vn 0.101003 -0.947778 0.273063
v 84.2537 -76.747 -139.711
vn 0.127645 -0.912809 0.330117
v 88.5797 -77.626 -141.541
vn -0.0210708 0.776676 0.319257
v 40.0634 13.47 -115.37
vn -0.480088 0.66943 -0.593131
v 52.2756 -32.3211 -129.499
vn -0.307837 -0.94735 0.0907962
v 77.5664 -77.468 -144.686
vn 0.022753 0.73509 0.386268
v 25.5556 15.519 -121.954
vn -0.371581 0.576923 -0.826689
v 50.8312 -37.3551 -135.768
vn -0.450845 -0.901331 -0.0110723
v 72.5031 -75.5237 -146.191
vn -0.385382 0.400628 -0.960736
v 50.3661 -42.7532 -139.695
vn -0.617722 0.327871 -0.812238
v 47.9953 -41.6841 -137.075
vn -0.604774 0.151992 -0.908846
v 48.337 -44.8481 -139.088
vn -0.687246 -0.715498 -0.105447
v 62.6724 -67.7186 -148.176
vn -0.610295 -0.742047 0.0874913
v 65.8449 -71.7103 -152.582
vn -0.722574 -0.0962914 -0.814209
v 49.2494 -48.6591 -140.178
vn -0.793152 -0.566182 -0.298665
v 57.5599 -60.5121 -146.993
vn -0.754467 -0.635191 -0.176496
v 58.9961 -62.8885 -147.376
vn 0.155644 0.0453712 0.784623
v 58.7252 -71.8553 -153.085
vn 0.672661 -0.734753 0.236477
v 66.2692 -84.4528 -158.628
vn -0.125908 0.809586 0.22853
v 7.16202 20.5029 -132.121
vn 0.0154543 0.365233 0.693664
v 50.2731 -66.0525 -155.37
vn -0.378601 -0.0797749 0.688678
v 45.7992 -66.4417 -157.017
vn -0.313195 -0.989675 -0.119213
v 52.962 -84.7496 -166.344
vn -0.380177 -0.163314 0.68305
v 39.8371 -67.0854 -160.438
vn -0.405738 -0.38481 0.61632
v 44.9513 -71.013 -158.403
vn -0.702861 -0.695972 -0.100864
v 44.8044 -77.5969 -164.834
vn -0.128213 0.216757 0.732274
v 35.1908 -61.2297 -162.911
vn -0.359299 -0.750469 0.388855
v 17.2469 -33.9622 -152.02
vn -0.00354609 -0.633916 0.61755
v 13.3635 -26.8883 -149.811
vn 0.106897 -0.830497 0.443292
v 18.4998 -36.1154 -154.428
vn 0.0693591 -0.0156113 0.793519
v 28.2633 -61.5104 -163.302
vn -0.575838 -0.833367 -0.192208
v 36.1496 -68.4596 -163.633
vn -0.368652 -0.922605 0.078988
v 28.5847 -63.5098 -164.68
vn -0.336628 0.805846 0.0548983
v -9.26217 19.5301 -145.643
vn 0.693587 0.304842 0.481027
v 21.6402 -54.3731 -162.104
vn 0.360828 -0.34474 0.711481
v 14.7681 -41.4019 -158.712
vn 0.661305 -0.143441 0.598097
v 18.9892 -47.064 -161.242
vn -0.0916149 -1.00561 0.108867
v 25.3241 -62.592 -164.541
vn -0.348964 0.825299 -0.0536423
v -32.6475 11.5491 -162.674
vn -0.230355 -1.02264 -0.157408
v -11.1699 -56.4087 -180.114
vn -0.192691 -1.01949 -0.0333746
v -17.0999 -54.8888 -184.483
vn -0.0946936 -1.02881 0.0264484
v -23.2072 -54.2579 -187.648
vn -0.0734205 -1.00647 0.115099
v -38.0945 -53.7113 -193.155
vn -0.792413 0.412423 -0.358333
v -67.8573 -23.0078 -193.312
vn -0.0152964 -0.886937 0.365384
v -52.603 -55.9282 -201.629
vn -0.891935 -0.257143 -0.404147
v -70.5109 -50.2684 -211.334
vn -0.377749 -0.929646 0.0410262
v -63.3232 -63.6247 -213.217
vn -0.783292 -0.588843 -0.1531
v -68.6707 -56.276 -210.174
vn 0.853986 -0.342793 0.352629
v 123.449 -66.8937 -117.811
vn 0.843292 -0.527605 0.233881
v 123.559 -68.2232 -118.771
vn 0.828893 0.239786 0.367812
v 102.723 -29.0081 -103.652
vn 0.601738 -0.857438 0.106763
v 123.643 -68.6289 -119.429
vn 0.678709 0.185384 0.546168
v 86.0179 -1.72231 -101.492
vn 0.528514 -0.724835 0.395796
v 83.5675 -5.45553 -100.185
vn -0.498792 0.485305 0.401722
v 86.0155 -8.26937 -108.402
vn 0.489141 -0.966518 -0.0615555
v 74.6828 -11.0589 -108.424
vn -0.090441 -1.05263 -0.111717
v 101.061 -68.7671 -124.274
vn -0.448183 0.785142 -0.219789
v 74.1309 -16.1238 -113.313
vn -0.474246 0.768483 -0.177761
v 71.7169 -17.9638 -118.37
vn -0.426487 0.738548 -0.520834
v 59.3601 -26.0506 -125.44
vn -0.0733438 0.748947 0.350679
v 31.2482 13.8007 -118.293
vn 0.607063 -0.905151 -0.0863206
v 51.5163 -24.9031 -129.676
vn -0.392236 -0.899606 0.108194
v 74.399 -77.429 -149.646
vn 0.812285 -0.730241 -0.0905665
v 45.2903 -31.6704 -134.633
vn -0.499025 0.210423 -0.978029
v 52.0322 -45.8533 -142.121
vn -0.823492 -0.319483 -0.578405
v 54.4355 -54.3175 -146.556
vn 0.575108 -0.931026 -0.264158
v 40.1541 -38.1589 -143.038
vn 0.091386 -1.06711 -0.277909
v 33.4574 -39.6222 -145.537
vn -0.0321193 -1.05154 -0.0432764
v 59.969 -86.6189 -162.127
vn -0.236268 0.811087 0.155396
v 1.90305 21.3851 -137.724
vn -0.0173627 -0.830335 0.438628
v 21.0397 -38.0609 -156.886
vn -0.691148 -0.710824 -0.304986
v 41.2905 -73.3989 -165.858
vn 0.313287 -0.769772 0.466662
v 18.0147 -37.8742 -156.406
vn 0.801593 0.034641 0.468663
v 19.8612 -50.0767 -161.968
vn 0.640893 0.184883 0.575458
v 21.5091 -52.3315 -163.469
vn 0.0741639 -1.06998 -0.19966
v 24.1827 -62.6718 -166.246
vn -0.354751 0.823751 -0.060793
v -20.4748 15.6088 -153.681
vn -0.102528 -1.055 -0.202928
v 9.71696 -62.9258 -176.676
vn -0.340876 0.829406 -0.0558396
v -29.3865 12.5281 -159.86
vn -0.555601 0.704922 -0.114891
v -48.6058 3.55339 -172.261
vn -0.136787 -1.03036 -0.0180559
v -20.278 -54.319 -185.613
vn -0.0698492 -1.02521 0.0558086
v -31.2199 -53.7222 -190.093
vn -0.759587 0.473294 -0.333911
v -62.5333 -14.7842 -194.21
vn -0.862822 -0.406274 -0.334475
v -69.6997 -54.0216 -210.271
vn -0.807912 -0.488287 -0.438039
v -67.4182 -57.8143 -213.579
vn 0.887597 0.258313 0.268017
v 121.4 -58.4529 -117.996
vn 0.884313 0.175345 0.321022
v 119.98 -60.23 -114.742
vn 0.859697 0.232127 0.328945
v 103.443 -28.1035 -105.191
vn 0.330744 -1.03039 -0.10666
v 121.084 -69.0139 -118.143
vn 0.371492 -1.02323 -0.226391
v 64.0992 -18.2968 -117.773
vn 0.293607 -0.893425 0.316509
v 93.2167 -74.1499 -138.335
vn 0.0329949 0.819358 0.25071
v 47.361 13.0702 -114.311
vn 0.512398 -0.947202 -0.0184526
v 56.2614 -21.2542 -123.225
vn 0.449716 -0.974319 -0.0100067
v 55.0991 -22.7045 -127.016
vn -0.185444 -0.939054 0.218667
v 82.2573 -80.1922 -146.676
vn -0.322636 -0.935243 0.106755
v 80.6856 -79.5897 -146.918
vn -0.15698 0.553898 -0.952818
v 52.6531 -37.5346 -136.69
vn -0.537746 -0.807951 0.0883809
v 69.2216 -74.3481 -150.954
vn 0.802261 -0.736135 -0.0633727
v 45.2497 -32.5302 -138.835
vn -0.666468 0.0656681 -0.867728
v 52.9733 -49.7574 -144.133
vn -0.781382 -0.0220216 -0.727347
v 53.6773 -52.3455 -145.762
vn 0.705152 -0.84086 -0.156452
v 42.8175 -36.1196 -144.068
vn -0.162995 0.283308 0.701028
v 47.7229 -62.8392 -157.146
vn 0.100429 -1.06622 -0.123694
v 31.3359 -39.228 -154.56
vn -0.371083 0.0774528 0.68027
v 43.3861 -64.2066 -158.605
vn -0.555921 -0.840254 -0.0828068
v 48.5704 -82.4367 -167.215
vn -0.743822 -0.590819 -0.46276
v 45.2576 -77.6382 -168.925
vn 0.123352 0.135118 0.772282
v 31.4956 -57.0444 -165.053
vn -0.371114 0.815545 -0.0592987
v -14.9286 18.3162 -153.297
vn 0.169409 -1.05885 -0.315858
v 20.475 -62.5855 -170.111
vn 0.0087513 -1.06803 -0.218716
v 12.0813 -63.143 -173.308
vn -0.130028 -1.04767 -0.140632
v 8.73847 -62.806 -179.148
vn -0.393111 0.802672 -0.0501726
v -37.0542 10.0529 -166.292
vn -0.244423 -1.01116 -0.0810435
v -8.18968 -57.6001 -184.822
vn -0.0500838 -1.0066 0.124193
v -29.6047 -55.151 -194.032
vn -0.0216037 -0.922007 0.310453
v -44.8073 -55.3269 -199.423
vn -0.839211 0.274217 -0.439201
v -69.9422 -31.2337 -204.013
vn -0.367224 -0.965636 -0.123322
v -61.3982 -64.989 -216.469
vn 0.846004 0.122394 0.395668
v 115.717 -60.4428 -108.614
vn 0.791648 0.269764 0.398145
v 100.518 -16.9906 -106.921
vn 0.898888 0.235675 0.263517
v 118.343 -54.8159 -115.392
vn 0.156398 0.562418 0.564794
v 90.1298 -11.844 -103.567
vn -0.464722 0.757969 -0.0360656
v 78.7409 -13.5153 -108.664
vn 0.320037 -1.00864 0.0325614
v 80.7659 -8.7136 -106.852
vn 0.534542 -0.950125 -0.107123
v 72.8075 -12.3373 -110.993
vn 0.270696 -1.0063 0.0832152
v 96.7546 -70.8616 -134.204
vn 0.365155 -1.01872 -0.0918348
v 63.2355 -18.087 -121.001
vn -0.435548 0.684045 -0.624329
v 58.6196 -28.176 -129.01
vn -0.0733027 -0.897502 0.337868
v 85.6198 -80.9485 -147.076
vn -0.361463 0.373218 -0.990746
v 60.2101 -34.3535 -135.626
vn -0.337733 0.564092 -0.862025
v 58.0914 -30.6335 -131.977
vn -0.259671 -0.885046 0.271462
v 82.1913 -81.6898 -149.698
vn -0.286474 0.652028 -0.797961
v 55.4927 -32.3312 -132.402
vn -0.115735 0.555894 -0.962469
v 58.2102 -40.2988 -138.831
vn -0.204184 0.591587 -0.902944
v 60.5658 -39.0249 -138.3
vn -0.366039 -0.878791 0.189623
v 78.0888 -79.513 -150.076
vn -0.0399266 0.551619 -0.980568
v 54.2144 -37.8423 -137.182
vn -0.332481 0.650379 -0.769857
v 57.1347 -43.8206 -142.508
vn 0.755399 -0.774591 -0.0212071
v 48.3702 -28.8157 -137.801
vn -0.323715 0.47039 -0.948618
v 54.2347 -46.7238 -143.894
vn -0.6138 0.362999 -0.792307
v 54.6877 -48.3147 -145.558
vn -0.282308 0.41378 -1.00615
v 52.6129 -43.8778 -141.42
vn -0.797646 -0.566814 -0.185869
v 59.4774 -63.568 -151.631
vn 0.210703 -0.307483 0.756147
v 67.028 -75.7726 -154.895
vn -0.131781 0.804013 0.237024
v 60.3126 -66.8542 -156.801
vn 0.783753 -0.647053 0.191947
v 67.6872 -82.2536 -158.164
vn 0.217863 0.479751 0.617138
v 49.8034 -62.257 -157.274
vn 0.284625 -1.04515 -0.150084
v 63.3411 -86.4341 -165.408
vn -0.338507 0.0969625 0.692355
v 38.9722 -63.5685 -161.125
vn -0.312381 0.799596 0.107391
v -2.2085 21.1266 -141.244
vn -0.687514 -0.700876 -0.372831
v 48.0621 -81.9031 -170.451
vn -0.559553 -0.782508 -0.514832
v 38.205 -69.4626 -167.433
vn 0.210118 -0.516955 0.678514
v 18.0873 -40.5403 -158.899
vn 0.374746 0.213734 0.704189
v 23.6925 -53.2404 -163.943
vn 0.0630593 -1.06931 -0.168471
v 14.6313 -63.216 -179.497
vn -0.33874 0.830618 -0.0572883
v -28.4039 13.4552 -162.923
vn -0.268996 -1.00968 -0.159382
v -4.89373 -58.5749 -182.543
vn -0.0955539 -1.01195 0.0871104
v -25.3994 -55.0446 -191.814
vn -0.0636209 -0.974423 0.200171
v -36.2448 -55.6848 -197.359
vn -0.0176505 -0.933489 0.291692
v -41.1871 -56.3421 -200.724
vn -0.769691 0.454032 -0.347513
v -65.38 -18.7871 -193.492
vn 0.0475928 -0.89508 0.359571
v -49.8598 -59.8932 -206.796
vn 0.0242701 -0.8668 0.39751
v -53.2676 -58.8361 -205.356
vn -0.869102 0.153747 -0.465815
v -70.9718 -35.6522 -205.979
vn 0.0542932 -0.892947 0.362901
v -56.9928 -62.6817 -210.624
vn -0.879808 0.0294036 -0.501621
v -71.3759 -42.8646 -209.82
vn -0.0721883 -0.947168 0.253648
v -60.7329 -64.1923 -213.079
vn -0.682641 -0.719083 -0.315561
v -64.0735 -63.1266 -214.224
vn 0.577996 0.636946 0.287105
v 82.3112 1.05857 -100.902
vn 0.494981 0.768402 0.136282
v 79.1835 2.94295 -101.779
vn 0.0894921 -1.06899 -0.245395
v 114.157 -69.4785 -123.47
vn 0.352634 -0.983246 0.0884266
v 81.4222 -8.11505 -103.742
vn -0.622399 0.504945 0.230915
v 81.3418 -10.8104 -110.298
vn 0.022231 -1.06643 -0.135442
v 105.385 -69.18 -124.584
vn 0.0925286 -1.05951 -0.0622839
v 102.34 -69.5563 -130.031
vn -0.569939 0.688722 -0.0832654
v 74.8202 -15.4711 -116.679
vn -0.0721541 0.87921 0.0757012
v 67.1561 7.47905 -105.717
vn 0.434284 -0.972557 0.0245392
v 73.7953 -12.2386 -113.382
vn 0.557663 -0.939619 -0.127875
v 71.3361 -14.2387 -115.799
vn -0.496681 0.753929 -0.201368
v 67.227 -20.4372 -122.603
vn 0.0851334 -0.885215 0.373961
v 89.2766 -79.55 -144.672
vn -0.0621627 -0.891005 0.350413
v 87.0068 -81.9662 -148.083
vn -0.394333 0.709198 -0.626005
v 58.973 -42.1993 -140.949
vn -0.368038 -0.800407 0.31905
v 70.8452 -77.3922 -154.456
vn -0.462588 -0.622803 0.435904
v 66.5253 -73.2258 -153.438
vn -0.869794 -0.347264 -0.404778
v 56.2128 -56.1958 -150.222
vn -0.0508044 -0.100052 0.787221
v 62.9488 -70.6654 -153.676
vn 0.44608 -0.993206 -0.284082
v 39.0058 -38.1183 -147.818
vn 0.158025 0.575052 0.554052
v 56.424 -68.6887 -154.109
vn 0.417906 0.613634 0.436565
v 54.1528 -63.6058 -157.932
vn 0.71129 -0.825268 -0.0696574
v 66.5482 -85.0451 -161.883
vn 0.156604 0.480901 0.625064
v 48.0978 -58.9987 -159.434
vn -0.234698 0.277762 0.681691
v 44.4269 -59.8438 -159.056
vn -0.0554979 -1.06086 -0.254537
v 59.461 -86.5654 -166.78
vn 0.180231 -1.00895 0.120912
v 31.3809 -39.9843 -157.44
vn -0.0493941 -1.0256 0.0644042
v 27.7669 -39.3 -155.665
vn -0.218768 -0.964425 0.136491
v 24.0358 -38.4792 -156.299
vn -0.287085 0.304813 0.650573
v 37.4765 -60.9168 -162.427
vn -0.439734 -0.916717 -0.357452
v 49.246 -82.931 -170.119
vn -0.243946 -1.0172 -0.13975
v 0.318527 -60.491 -181.641
vn -0.163707 -0.990522 0.108081
v -19.5647 -55.5244 -189.264
vn -0.700679 0.566872 -0.226148
v -53.5571 -0.317886 -183.396
vn -0.727922 0.528851 -0.273537
v -57.6698 -5.80502 -184.837
vn -0.786685 0.411859 -0.389127
v -66.5546 -23.7143 -202.421
vn -0.817363 0.348139 -0.399285
v -69.0195 -28.614 -202.895
vn -0.840981 -0.0109898 -0.613205
v -70.8426 -43.8054 -211.364
vn -0.844907 -0.127553 -0.60454
v -70.1554 -49.0074 -212.829
vn -0.840091 -0.298599 -0.550655
v -68.5006 -54.0999 -214.725
vn -0.733828 -0.544605 -0.563623
v -64.0124 -60.9634 -218.92
vn 0.696641 0.252681 0.504365
v 98.1247 -21.1336 -102.379
vn 0.905233 0.197224 0.2756
v 111.252 -40.8594 -111.147
vn 0.587663 -0.913711 -0.0629562
v 124.127 -68.5429 -120.816
vn 0.753836 -0.486299 0.394219
v 88.3807 -4.25337 -103.667
vn 0.183141 -1.06288 -0.242177
v 117.825 -69.3354 -121.688
vn -0.176606 0.685822 0.401563
v 86.6241 -12.0249 -103.837
vn 0.447734 -0.91379 0.176228
v 86.2706 -6.55715 -104.639
vn 0.0446517 -1.06964 -0.196617
v 110.293 -69.4162 -124.616
vn 0.0740677 -1.05519 -0.0336013
v 106.882 -69.4394 -129.739
vn 0.165228 -0.933364 0.290514
v 99.1911 -72.7003 -138.153
vn 0.19915 -0.988013 0.16993
v 98.1277 -70.5614 -134.275
vn 0.411325 -0.997683 -0.0536683
v 66.4179 -17.1285 -121.66
vn 0.267332 -0.875296 0.354069
v 94.9089 -74.5829 -139.853
vn 0.226091 -0.956306 0.231
v 65.4851 -18.4853 -124.949
vn 0.380118 -0.98275 0.0609206
v 60.217 -20.3185 -125
vn 0.241373 -0.854233 0.391331
v 92.577 -78.7601 -144.268
vn 0.221185 -0.972191 0.198973
v 61.9993 -20.7294 -128.036
vn -0.714541 0.362107 -0.649724
v 62.267 -27.9946 -133.418
vn 0.289895 -0.971955 0.166649
v 57.1567 -23.6027 -132.55
vn 0.624524 -0.887263 -0.0482043
v 50.791 -26.102 -134.493
vn -0.274687 -0.867093 0.290815
v 82.7535 -83.5412 -152.072
vn -0.400219 -0.852058 0.203998
v 77.7547 -80.6589 -152.562
vn 0.52954 -0.9074 0.0909454
v 50.6095 -27.1037 -138.974
vn -0.683849 0.471066 -0.577774
v 56.9161 -47.2642 -147.336
vn -0.228813 -0.9052 0.256684
v 72.0403 -79.2422 -156.419
vn -0.41942 -0.833603 0.216164
v 76.5185 -81.9567 -156.508
vn -0.0162345 0.792845 0.293059
v 20.9977 22.2335 -131.281
vn -0.240258 -0.612125 0.575922
v 68.4405 -76.4412 -155.03
vn -0.245962 -1.00754 -0.0594191
v 71.6612 -80.4643 -159.538
vn -0.719433 -0.633859 0.037606
v 61.6997 -67.3518 -152.57
vn 0.721004 -0.799571 0.0045684
v 45.9341 -33.0642 -143.444
vn -0.81816 0.218441 -0.562735
v 60.8129 -66.7851 -157.525
vn -0.624739 -0.183713 0.505216
v 62.0159 -68.6015 -153.906
vn 0.19502 -0.829173 0.433769
v 69.6709 -79.6376 -157.108
vn 0.595419 -0.906777 -0.0509245
v 44.4424 -35.2008 -147.078
vn -0.877921 -0.301964 -0.423261
v 57.3382 -58.0363 -154.079
vn 0.158474 0.915025 -0.0570231
v 59.9478 -66.8274 -157.506
vn 0.0116734 -0.799733 0.47624
v 26.3002 -40.6919 -158.871
vn 0.152601 -0.6204 0.625805
v 25.9459 -44.9215 -162.395
vn -0.674561 -0.529324 -0.689406
v 44.2838 -72.1452 -173.14
vn -0.0370328 0.154877 0.763491
v 34.1903 -56.8087 -164.904
vn 0.260146 -0.512404 0.671426
v 21.0762 -43.2953 -160.695
vn 0.377675 -0.435444 0.673514
v 22.0923 -47.3289 -162.974
vn 0.220916 -0.0982014 0.783144
v 26.3087 -51.5847 -164.699
vn 0.376812 0.163383 0.717713
v 27.7372 -55.9191 -164.427
vn -0.366595 -0.95341 -0.375211
v 31.721 -64.7237 -167.391
vn 0.191862 -0.39484 0.732885
v 25.32 -47.0285 -163.447
vn -0.36554 0.810822 -0.0193733
v -13.9283 18.1779 -149.495
vn 0.420791 -0.149302 0.72809
v 22.026 -50.9512 -163.804
vn 0.226063 -1.05055 -0.324012
v 21.6515 -61.6903 -175.536
vn -0.361113 0.819808 -0.0553929
v -21.473 15.9473 -158.669
vn -0.572345 0.688982 -0.098516
v -47.8415 4.83036 -176.587
vn -0.103436 -0.983454 0.163133
v -26.5986 -56.1953 -195.89
vn -0.0202481 -0.982751 0.193423
v -34.1015 -56.2536 -198.242
vn -0.00462326 -0.941298 0.280047
v -39.2232 -58.9111 -204.664
vn -0.537503 -0.810156 -0.493286
v -59.0356 -65.9166 -220.881
vn 0.572758 0.373432 0.537026
v 95.2314 -10.0749 -106.038
vn 0.354542 0.461772 0.592655
v 93.6477 -6.60203 -107.313
vn 0.473376 0.79636 0.0894616
v 75.4777 5.10786 -102.343
vn -0.0728297 -0.681224 0.573463
v 85.9527 -8.07394 -108.495
vn -0.57167 0.686616 -0.079331
v 77.4816 -13.6745 -113.942
vn 0.103117 -0.953757 0.261773
v 76.2691 -12.253 -114.44
vn 0.154729 0.852418 0.171783
v 61.5772 6.93356 -105.38
vn -0.61647 0.629146 -0.00511424
v 70.6872 -17.9523 -121.245
vn -0.755046 0.469183 -0.035944
v 67.0498 -20.5362 -127.472
vn 0.0941203 0.813507 0.262795
v 44.4917 14.923 -117.772
vn -0.623485 0.584569 -0.50603
v 62.6613 -25.878 -130.792
vn 0.0626088 -0.88384 0.376042
v 89.4148 -82.9412 -149.213
vn -0.521637 0.408676 -0.853717
v 61.8993 -38.2901 -138.434
vn 0.00827425 0.77528 0.325746
v 37.3117 17.2108 -121.906
vn 0.386612 -0.983999 0.0486973
v 53.0505 -24.4603 -131.987
vn -0.238677 -0.890247 0.276573
v 82.9698 -84.5427 -153.622
vn -0.833478 0.0885382 -0.603238
v 55.7182 -52.119 -149.34
vn 0.739107 -0.799742 -0.0643859
v 67.3569 -84.7732 -165.107
vn 0.480728 -0.98149 -0.182895
v 66.9033 -85.7978 -168.851
vn 0.40043 -1.01189 -0.144569
v 41.5864 -36.9498 -150.529
vn 0.279555 -1.04679 -0.160657
v 34.6012 -38.8085 -154.742
vn -0.147669 0.482643 0.599491
v 44.5633 -59.0291 -159.489
vn -0.159805 0.36331 0.666454
v 41.2185 -55.2064 -163.681
vn -0.289654 0.808609 0.109158
v -1.31014 21.6384 -141.463
vn -0.632568 -0.656322 -0.608268
v 49.178 -81.6478 -173.005
vn -0.338359 0.817895 0.00686319
v -5.08822 22.5251 -149.067
vn -0.19939 -0.994542 0.0645365
v -9.16571 -57.9069 -187.783
vn -0.777421 0.432383 -0.376724
v -65.2736 -20.1643 -198.101
vn 0.0651423 -0.905748 0.344092
v -47.8158 -61.2721 -208.668
vn 0.0731113 -0.891338 0.365433
v -49.9092 -62.8573 -211
vn -0.794518 0.370337 -0.447305
v -65.7927 -24.7778 -207.705
vn 0.0639959 -0.933931 0.298575
v -51.8155 -65.309 -214.491
vn -0.0867296 -0.981647 0.174916
v -58.6634 -65.4384 -215.23
vn 0.906736 0.200767 0.270982
v 109.542 -35.2292 -111.086
vn 0.951689 0.195827 0.184821
v 110.739 -35.1702 -113.36
vn 0.951691 0.200861 0.181336
v 112.102 -39.1978 -113.927
vn 0.907024 0.300595 0.197554
v 119.048 -54.117 -117.261
vn 0.932938 0.239895 0.194128
v 113.408 -43.7501 -113.402
vn 0.323037 -1.03317 -0.114019
v 125.397 -68.2593 -124.895
vn 0.588085 0.353189 0.538303
v 95.0992 -15.1707 -103.051
vn 0.725691 0.473436 0.319163
v 87.9721 -1.55862 -103.548
vn 0.806375 -0.0160452 0.469418
v 87.9419 -3.0878 -102.824
vn 0.494863 -0.55492 0.559423
v 89.6398 -5.11836 -105.842
vn 0.116797 -0.92934 0.304259
v 80.4878 -9.77015 -109.833
vn 0.249416 0.871314 0.0808979
v 70.9268 8.79756 -106.525
vn 0.0470271 -0.952566 0.264627
v 78.6391 -10.8294 -112.165
vn -0.682762 -0.198724 0.440585
v 78.2671 -12.7126 -114.876
vn 0.0696286 -1.01879 0.110916
v 102.89 -70.1865 -132.878
vn 0.256009 -0.975096 0.177362
v 71.3548 -14.8053 -119.154
vn 0.158351 0.867476 0.13165
v 53.8461 14.2666 -117.902
vn -0.555691 0.696076 -0.352101
v 65.3772 -22.0596 -125.818
vn 0.199547 -0.820777 0.442727
v 94.5763 -79.9884 -146.23
vn -0.722363 0.153218 -0.772745
v 63.1458 -33.3927 -137.723
vn -0.773578 0.144868 -0.697147
v 64.6511 -36.0132 -140.232
vn 0.225 -0.996669 0.137431
v 53.2048 -25.9083 -136.876
vn 0.608942 -0.840755 0.134821
v 48.3633 -31.6345 -144.67
vn -0.409561 -0.861955 0.172925
v 79.6367 -85.4389 -158.612
vn 0.615191 -0.837166 -0.54297
v 69.6166 -80.4678 -161.037
vn -0.258886 -1.00463 -0.340301
v 53.3717 -84.8407 -169.231
vn 0.221395 -0.578956 0.642374
v 30.213 -45.196 -162.966
vn -0.163119 0.287559 0.699327
v 36.8867 -57.5428 -164.142
vn -0.450566 -0.801472 -0.645408
v 37.66 -67.6865 -169.979
vn 0.0823397 -0.112123 0.794036
v 31.511 -54.2365 -165.146
vn -0.38192 0.808759 -0.0515359
v -18.166 17.1729 -156.12
vn -0.27169 -0.994304 -0.0349742
v -2.41102 -60.0475 -186.469
vn -0.432876 0.780638 -0.0516061
v -40.966 9.15127 -172.425
vn -0.424755 0.794259 -0.114038
v -41.9235 9.46148 -178.032
vn -0.179348 -0.981153 0.123062
v -15.3372 -57.296 -191.247
vn -0.718384 0.541991 -0.267584
v -53.7995 -0.884689 -189.492
vn -0.864464 0.113445 -0.510164
v -70.2454 -37.3122 -209.88
vn -0.782594 -0.011951 -0.724339
v -67.4433 -45.3469 -217.784
vn 0.905236 0.305054 0.197138
v 125.75 -60.7479 -124.165
vn 0.947732 0.252208 0.149637
v 114.51 -42.927 -116.685
vn 0.350963 0.438184 0.609131
v 92.8471 -12.2974 -103.651
vn -0.300978 0.0141487 0.719821
v 86.344 -8.03132 -108.241
vn 0.456204 0.788669 0.131946
v 74.6662 8.21325 -109.203
vn 0.12239 -1.00939 0.133831
v 104.862 -71.0949 -135.57
vn -0.695834 0.409878 0.223037
v 75.6076 -14.5982 -117.701
vn 0.205708 -0.924958 0.295629
v 101.899 -73.2638 -139.844
vn -0.13499 -0.820823 0.422889
v 68.1193 -19.0593 -125.374
vn 0.0739645 -0.852812 0.417246
v 92.5541 -83.702 -149.975
vn -0.617197 0.564559 -0.558688
v 64.0377 -38.5823 -141.959
vn -0.0651613 -0.877531 0.369129
v 91.0612 -86.7003 -154.055
vn -0.194208 -0.879148 0.319856
v 84.8024 -86.3949 -155.541
vn -0.23586 -0.893873 0.272161
v 86.2237 -88.0359 -157.519
vn -0.440296 -0.833898 0.190041
v 79.7316 -86.93 -161.359
vn -0.829845 0.312776 -0.414192
v 58.0328 -49.2702 -153.108
vn -0.591389 -0.819957 -0.19364
v 71.1274 -80.4124 -162.518
vn -0.625172 -0.431152 -0.826534
v 67.5121 -75.9018 -162.93
vn -0.897443 -0.101612 -0.456106
v 57.0324 -55.3432 -154.829
vn -0.597613 -0.242579 -0.92923
v 65.3762 -72.3571 -162.263
vn -0.779948 -0.468069 -0.550151
v 63.0462 -69.0372 -160.827
vn 0.557376 0.0315882 -1.07226
v 66.9253 -76.0519 -162.754
vn 1.01533 -0.395829 -0.191116
v 68.4806 -82.4446 -163.362
vn 0.615932 0.750912 -0.0374825
v 60.1603 -67.1015 -159.007
vn 0.742175 0.563209 -0.588701
v 64.3192 -72.2717 -162.131
vn 0.150112 -0.863011 0.398916
v 28.9288 -40.7287 -158.582
vn 0.0833011 -0.0587427 0.794848
v 36.501 -53.103 -165.193
vn 0.166484 -0.347467 0.750878
v 30.9676 -47.6231 -164.191
vn 0.137435 -0.356885 0.750589
v 28.8935 -49.4052 -164.511
vn -0.0966304 -1.03565 -0.404393
v 26.9351 -62.4608 -171.068
vn -0.367794 0.81523 -0.0478235
v -9.07662 22.0894 -158.327
vn 0.101374 -1.05226 -0.389868
v 24.8833 -61.718 -173.611
vn 0.226645 -1.05761 -0.195821
v 14.7175 -63.1114 -175.641
vn -0.221292 -0.972075 0.113447
v -6.92914 -59.4951 -190.742
vn -0.174569 -0.955352 0.190396
v -7.55557 -60.1043 -192.444
vn -0.542558 0.714186 -0.105881
v -45.6675 7.27275 -180.72
vn -0.177868 -0.952537 0.194613
v -18.7795 -58.2118 -195.385
vn -0.625488 0.64711 -0.159732
v -50.8887 2.74698 -182.657
vn -0.750283 0.492316 -0.30958
v -58.626 -8.1807 -191.538
vn 0.0374292 -0.902515 0.348045
v -43.4873 -61.8078 -209.752
vn 0.070592 -0.89041 0.366776
v -45.3779 -63.4564 -211.951
vn -0.288022 -1.00353 -0.186317
v -57.4149 -67.0479 -220.061
vn -0.800657 -0.337012 -0.618111
v -65.7989 -55.5553 -219.975
vn 0.939161 0.248792 0.173063
v 110.089 -30.7858 -114.8
vn 0.886778 0.359652 0.180062
v 122.844 -56.9044 -122.279
vn 0.734518 -0.720318 0.163107
v 127.284 -67.2111 -125.024
vn 0.838969 0.173891 0.385934
v 90.7833 -2.87471 -107.062
vn 0.552079 -0.0290907 0.670172
v 92.0346 -5.14957 -107.163
vn 0.511943 0.775021 0.0960402
v 78.1927 6.85865 -109.628
vn 0.0962563 -1.06665 -0.12757
v 114.393 -69.3752 -131.659
vn 0.108466 -1.05947 -0.0654748
v 111.12 -69.6832 -131.903
vn -0.691429 0.0888113 0.423494
v 72.3606 -16.3951 -121.488
vn -0.202499 -0.747923 0.477763
v 73.4546 -15.4073 -120.187
vn -0.734867 -0.0269796 0.386893
v 68.9433 -18.8578 -124.525
vn 0.249226 -0.847142 0.398265
v 101.785 -75.0383 -142.435
vn 0.253072 -0.841184 0.404721
v 97.9296 -77.5255 -144.293
vn 0.248714 -0.810777 0.442542
v 98.6718 -80.4853 -147.99
vn -0.776079 0.463003 -0.197453
v 64.6233 -23.2491 -132.349
vn 0.299985 -0.929359 0.251737
v 50.761 -28.209 -141.366
vn -0.892182 -0.131807 -0.470305
v 57.7902 -55.91 -157.406
vn -0.154239 -0.481093 -1.08858
v 68.2491 -77.5245 -163.069
vn -0.0601904 0.801463 0.267866
v 14.3189 22.5838 -133.978
vn -0.80269 -0.380575 -0.58177
v 61.5799 -67.2928 -159.013
vn 0.922457 0.342267 0.116487
v 64.2726 -70.26 -165.114
vn 1.03153 -0.303659 -0.0605529
v 68.8487 -83.4207 -167.989
vn 0.0521329 0.482734 0.628166
v 48.8696 -53.7339 -163.538
vn -0.295873 0.818175 0.0729954
v -1.71955 23.1112 -146.455
vn -0.428607 -0.853283 -0.576293
v 53.1224 -83.019 -176.046
vn -0.532105 -0.631272 -0.77284
v 43.0867 -68.9722 -174.568
vn -0.254494 -0.921934 -0.615988
v 32.4477 -63.7015 -171.754
vn -0.0273727 -1.00815 -0.537257
v 32.3667 -60.7189 -178.209
vn 0.2299 -1.04374 -0.0429395
v 16.5437 -63.2043 -181.886
vn -0.0425018 -1.05005 -0.0411819
v 11.2332 -63.89 -185.7
vn -0.226605 -1.01097 -0.0419161
v 3.47494 -61.9364 -185.296
vn -0.350461 0.824767 -0.0546532
v -36.8883 10.8383 -170.384
vn -0.0193494 -0.932936 0.292352
v -34.3913 -58.6376 -203.329
vn -0.814161 0.309416 -0.477585
v -67.1802 -28.3704 -209.101
vn -0.0615047 -1.03094 0.0385092
v -55.6021 -67.3266 -218.578
vn -0.666136 -0.541407 -0.690674
v -61.1299 -62.7446 -222.133
vn 0.920962 -0.0015974 0.315755
v 127.411 -65.6228 -123.744
vn 0.904783 0.289866 0.211693
v 101.567 -16.6963 -108.912
vn 0.367611 -0.965495 0.125933
v 129.117 -68.1805 -129.164
vn 0.810367 0.366078 0.306559
v 98.1252 -9.78749 -108.762
vn 0.128369 -1.06575 -0.133728
v 119.538 -69.2352 -128.552
vn 0.536674 0.736047 0.159011
v 83.9779 2.46841 -105.793
vn -0.288478 -0.727964 0.457251
v 78.3296 -12.4676 -114.52
vn -0.0611534 -0.945448 0.260176
v 64.1968 -22.7687 -133.516
vn 0.143012 0.846246 0.188905
v 49.4624 14.441 -117.657
vn 0.0740234 -0.868195 0.397385
v 93.37 -88.4038 -156.199
vn -0.838863 0.122274 -0.575133
v 63.6718 -28.1492 -136.06
vn 0.193194 -0.951971 0.249918
v 63.6381 -23.2496 -134.484
vn -0.914745 0.0771987 -0.297795
v 65.0459 -36.5647 -141.427
vn 0.117401 -0.927674 0.307003
v 57.8756 -25.3207 -136.383
vn 0.0627754 -0.941691 0.285003
v 54.5339 -27.5392 -140.558
vn -0.661714 0.599216 -0.334402
v 61.4764 -41.7709 -145.77
vn 0.274779 -0.906027 0.304043
v 51.553 -29.7863 -144.29
vn -0.380537 -0.856856 0.21675
v 83.3853 -90.1822 -163.576
vn -0.511269 -0.819681 0.111394
v 77.174 -87.0569 -165.749
vn -0.879333 0.128649 -0.448526
v 56.8955 -52.4043 -153.134
vn -0.700744 -0.70714 -0.20742
v 72.1254 -81.8519 -166.44
vn 0.266065 -0.892033 0.329622
v 35.983 -40.7438 -160.744
vn -0.105067 0.170633 0.749697
v 38.4419 -54.9468 -164.613
vn -0.637302 -0.567269 -0.707442
v 50.7052 -80.4838 -176.576
vn -0.406405 0.795155 -0.0483336
v -20.0164 18.4075 -168.961
vn 0.341056 -1.03252 -0.214276
v 22.0252 -61.1805 -179.652
vn -0.485384 0.760456 -0.161507
v -44.7297 8.15941 -182.776
vn -0.174264 -0.951236 0.19967
v -14.8459 -61.1361 -199.074
vn -0.185453 -0.929595 0.237537
v -20.6473 -59.7271 -199.695
vn -0.162561 -0.952319 0.20418
v -24.3833 -57.6802 -197.861
vn -0.0666927 -0.943032 0.263113
v -30.9265 -58.4987 -202.348
vn -0.11405 -0.908629 0.307667
v -27.3171 -59.4189 -202.882
vn -0.0606854 -0.892386 0.348716
v -34.156 -62.1554 -208.348
vn -0.0234711 -0.888066 0.362478
v -41.2767 -62.0075 -209.824
vn -0.0225546 -0.923847 0.30723
v -35.3244 -63.8531 -211.26
vn -0.00908595 -0.88963 0.362408
v -40.0691 -63.2786 -211.484
vn 0.0682999 -0.964399 0.242266
v -48.4491 -66.8438 -217.232
vn -0.722591 -0.329996 -0.756544
v -64.6008 -55.7342 -222.064
vn -0.594606 -0.596238 -0.735445
v -58.2411 -64.9283 -224.005
vn 0.857841 -0.404998 0.3118
v 129.921 -67.509 -129.251
vn 0.911973 0.272435 0.211917
v 108.962 -28.9986 -114.098
vn 0.807261 0.328804 0.340344
v 99.5882 -13.4158 -108.125
vn 0.0895316 -1.03978 0.0382043
v 115.194 -69.5817 -132.816
vn 0.13168 0.821368 0.244065
v 63.6788 9.74514 -110.918
vn -0.78554 -0.332672 0.241155
v 64.129 -23.5727 -135.018
vn 0.15498 0.818194 0.246542
v 40.9542 18.2037 -123.719
vn 0.0329547 0.763669 0.34602
v 28.6649 20.4491 -127.847
vn -0.18762 -0.881944 0.318811
v 87.989 -90.8561 -161.195
vn 0.896664 0.344185 0.175889
v 62.3999 -67.7754 -163.726
vn 0.288717 -1.01295 0.0460324
v 39.1022 -38.0841 -156.893
vn 0.191378 -1.05857 -0.294401
v 64.2501 -86.2773 -171.203
vn -0.10118 -1.03905 -0.382896
v 59.3407 -85.4344 -174.905
vn -0.314306 0.830592 -0.00191508
v -1.80794 24.4852 -151.652
vn -0.365752 0.817925 -0.0576627
v -8.23311 21.9528 -155.01
vn -0.385007 0.808858 -0.0615496
v -16.5839 20.6064 -169.828
vn 0.103713 -1.03359 0.0602669
v 16.1305 -64.2749 -186.55
vn -0.369393 0.818191 -0.0706467
v -39.38 10.3991 -175.071
vn -0.173738 -0.958912 0.18285
v -8.9995 -61.8806 -197.142
vn -0.536654 0.724965 -0.203847
v -46.1584 7.17178 -186.307
vn -0.620832 0.651669 -0.249105
v -49.7178 4.15333 -187.198
vn -0.705977 0.555852 -0.283545
v -52.6426 -0.0925362 -195.018
vn -0.773431 0.443076 -0.364303
v -60.8545 -14.7295 -203.887
vn 0.0498571 -0.96661 0.237363
v -44.664 -66.4508 -216.377
vn -0.798977 0.114798 -0.664052
v -66.7077 -38.1116 -217.069
vn 0.959686 -0.110275 0.249794
v 128.932 -65.9342 -126.848
vn 0.974362 0.205374 0.121034
v 111.682 -34.4903 -116.162
vn 0.742516 0.534621 0.221797
v 92.5966 -3.48806 -109.057
vn 0.111176 -1.04693 0.00456066
v 122.113 -69.4236 -131.096
vn 0.093073 -1.01136 0.131619
v 118.609 -70.2676 -134.913
vn 0.133078 -0.978418 0.208276
v 107.858 -72.6046 -139.435
vn 0.209553 -0.892093 0.346985
v 104.583 -74.504 -142.398
vn -0.91314 -0.188747 -0.344053
v 63.8482 -32.378 -139.357
vn -0.755311 0.493167 -0.163719
v 63.6236 -39.6489 -144.371
vn 0.181933 0.822961 0.230994
v 39.1095 19.9564 -126.669
vn 0.0543802 0.785625 0.31236
v 35.1787 20.4403 -127.049
vn -0.328485 -0.891062 0.203737
v 86.5029 -92.6124 -164.741
vn 0.464426 -0.91967 0.144985
v 47.326 -33.6284 -148.082
vn 0.357973 -1.00316 0.0101412
v 46.7179 -34.9619 -151.855
vn -0.585219 -0.811602 -0.061074
v 76.4797 -87.2252 -167.762
vn -0.835886 -0.322341 -0.54514
v 58.8138 -58.8441 -158.571
vn -0.779761 -0.45174 -0.568566
v 65.9529 -70.7932 -165.35
vn -0.137854 0.830762 0.176344
v 15.089 25.45 -139.614
vn 1.01589 0.183933 -0.00297742
v 68.8474 -80.2941 -167.309
vn 0.740504 -0.811853 -0.196165
v 68.0561 -84.9526 -170.217
vn 0.270999 -0.912889 0.294136
v 39.9292 -39.0319 -159.891
vn 0.2949 -0.598606 0.613532
v 34.3248 -42.5811 -162.278
vn 0.270777 -0.301161 0.746973
v 35.7976 -46.3405 -164.447
vn 0.153348 -0.0286039 0.79066
v 38.3409 -49.5187 -165.406
vn -0.19486 -0.959234 0.167978
v -4.56308 -61.5273 -193.529
vn 0.00827751 -0.923911 0.311746
v -38.9926 -64.7415 -213.301
vn -0.215299 -1.01394 -0.371078
v -53.5505 -67.8364 -223.574
vn 0.964164 0.243847 0.114327
v 113.98 -38.2578 -119.938
vn 0.677676 -0.716116 0.256804
v 131.151 -68.8533 -131.897
vn 0.922117 0.318388 0.145786
v 121.012 -53.0368 -123.104
vn 0.727222 0.616665 0.105724
v 88.9645 0.117235 -107.425
vn 0.638526 0.742754 -0.0776821
v 87.09 1.94484 -109.45
vn 0.518812 0.785651 0.0527367
v 83.7138 3.4773 -107.992
vn 0.398818 0.828918 0.0845248
v 73.7101 9.74907 -112.306
vn 0.145217 0.851293 0.176525
v 68.0142 10.889 -113.315
vn 0.139552 -0.942052 0.279446
v 109.155 -73.4484 -141.575
vn 0.217025 -0.856005 0.395482
v 105.148 -76.758 -145.568
vn 0.264379 -0.808941 0.440123
v 101.798 -80.7968 -149.208
vn 0.220891 -0.811494 0.448772
v 99.3633 -83.1286 -151.044
vn 0.240063 -0.798563 0.458532
v 100.9 -84.8502 -153.292
vn 0.233101 0.866387 0.105769
v 50.52 15.9723 -121.942
vn 0.271912 0.84332 0.148663
v 43.2306 18.7137 -125.533
vn 0.0261662 -0.77973 0.498108
v 63.5658 -23.8234 -135.383
vn -0.362299 -0.647153 0.487829
v 61.8068 -27.6804 -138.181
vn -0.20025 -0.827647 0.389084
v 56.5041 -28.8832 -142.223
vn -0.793391 -0.169065 0.289713
v 63.6165 -39.13 -144.863
vn -0.723012 -0.517345 0.208538
v 64.809 -34.663 -141.068
vn -0.560213 -0.61498 0.348017
v 61.6275 -35.8548 -145.422
vn -0.14626 -0.870799 0.353527
v 91.3196 -94.9206 -165.627
vn -0.275293 -0.807553 0.375335
v 55.2416 -31.4407 -146.32
vn -0.320316 -0.780716 0.380266
v 55.572 -32.7034 -147.752
vn 0.0155056 -0.895445 0.356846
v 52.7821 -31.029 -146.346
vn 0.0791974 -0.918664 0.323851
v 52.1878 -32.5444 -148.393
vn -0.84996 0.321938 -0.197341
v 60.2636 -44.0213 -151.087
vn -0.474405 -0.876416 0.025901
v 83.6506 -91.8606 -167.788
vn 0.003438 0.822886 0.240336
v 23.5184 25.0548 -136.068
vn -0.891333 -0.316718 -0.327351
v 58.5092 -53.7471 -160.713
vn -0.646817 -0.745628 -0.0326616
v 74.2362 -84.2094 -166.104
vn -0.78599 -0.40022 -0.602789
v 63.9707 -68.2782 -163.322
vn -0.799381 -0.46534 -0.501449
v 67.9765 -73.2714 -167.546
vn -0.758453 -0.621622 -0.301844
v 72.6989 -82.3593 -169.139
vn -0.651597 -0.762285 -0.198735
v 76.2553 -86.9949 -170.574
vn 0.277809 -1.01094 0.0622858
v 41.4686 -37.5205 -156.502
vn 0.503348 0.502061 0.491388
v 54.5616 -60.2324 -161.134
vn 0.828927 0.340008 0.300889
v 59.1009 -61.4837 -164.078
vn 0.966744 0.251103 0.0995379
v 66.0397 -70.3418 -169.51
vn -0.119134 0.831821 0.183519
v 12.1846 26.4777 -143.607
vn -0.00986527 0.184823 0.758684
v 41.6461 -51.7048 -165.025
vn 0.0865001 0.00863954 0.791766
v 40.748 -48.4165 -165.681
vn -0.328674 -0.930801 -0.521356
v 55.5405 -83.9466 -176.858
vn -0.601511 -0.42388 -0.856031
v 47.066 -68.2535 -179.288
vn 0.31717 -1.03623 -0.27781
v 25.093 -60.228 -181.564
vn -0.0917965 -1.02059 0.0599372
v 9.66283 -65.2524 -192.644
vn -0.372778 0.81833 -0.0832719
v -32.4523 14.5421 -180.683
vn -0.413659 0.800147 -0.110567
v -36.6812 12.4574 -182.382
vn -0.208908 -0.987768 0.0776864
v -0.311419 -62.4217 -192.144
vn -0.158614 -0.989941 0.113501
v 2.1796 -65.4326 -198.821
vn -0.0979171 -0.994039 0.138446
v -17.9933 -64.1057 -207.47
vn -0.140952 -0.95519 0.209654
v -16.9238 -62.1896 -202.532
vn -0.0987326 -0.917191 0.298782
v -25.7896 -61.1274 -204.874
vn -0.78011 0.425677 -0.382814
v -62.3989 -18.235 -206.163
vn 0.0180583 -0.956311 0.255168
v -35.5237 -65.4045 -214.033
vn -0.789725 0.398542 -0.408323
v -62.5305 -20.2634 -210.99
vn 0.0400348 -0.99725 0.168241
v -40.7417 -67.0703 -217.912
vn -0.818513 0.229859 -0.552317
v -68.5623 -34.0692 -211.34
vn 0.931087 0.354732 0.0745183
v 104.207 -18.5083 -113.257
vn 0.958543 0.318385 0.0392281
v 110.118 -27.1717 -119.216
vn 0.736898 0.477519 0.300441
v 97.161 -8.43174 -108.676
vn 0.924258 0.378533 0.0577958
v 101.612 -13.7785 -112.608
vn 0.89708 0.385298 0.124608
v 124.283 -57.1039 -125.251
vn 0.763635 0.558851 0.146306
v 95.853 -6.06056 -110.192
vn 0.919397 0.355126 0.107719
v 122.152 -52.2091 -126.859
vn 0.734065 0.67172 -0.110826
v 94.5063 -3.63652 -112.971
vn 0.111953 -1.02523 0.0878829
v 127.344 -70.4006 -136.351
vn 0.117868 -1.01776 0.11036
v 124.682 -70.5027 -136.717
vn 0.231837 -0.813417 0.443953
v 105.848 -79.1205 -148.587
vn -0.00570875 -0.868784 0.391835
v 93.8511 -91.5739 -160.405
vn -0.600355 -0.563346 0.349285
v 60.3924 -37.4315 -148.454
vn -0.861111 0.0511622 0.139024
v 61.5076 -41.1033 -148.206
vn -0.325671 -0.892339 0.203904
v 89.9193 -95.1141 -166.783
vn -0.0422782 -0.986333 0.179353
v 49.6155 -35.2951 -154.294
vn -0.917573 0.084773 -0.2323
v 57.8439 -50.2643 -156.475
vn 0.1886 -1.00577 0.127077
v 47.7963 -35.5115 -155.132
vn -0.83008 -0.397612 -0.492274
v 60.3826 -57.0304 -163.996
vn -0.813179 -0.476299 -0.439339
v 71.8295 -80.3622 -169.996
vn 0.380667 0.412905 0.613711
v 51.4211 -56.1444 -162.174
vn -0.17137 0.817482 0.187576
v 7.02301 24.7748 -142.591
vn 0.597369 -0.919446 -0.187001
v 67.5213 -85.3756 -176.542
vn -0.690265 -0.401349 -0.763753
v 48.7592 -72.5512 -179.09
vn -0.619496 -0.596553 -0.702329
v 53.3143 -80.2669 -180.353
vn -0.0704978 -0.935023 -0.686659
v 38.0772 -60.85 -179.87
vn 0.477131 -0.956589 0.0145554
v 22.2128 -61.534 -184.467
vn 0.30807 -0.964683 0.172974
v 19.5306 -64.1895 -188.272
vn -0.149068 -0.974153 0.161765
v -7.45428 -64.4512 -202.505
vn -0.0682137 -0.952463 0.244618
v -23.5792 -63.1162 -207.703
vn -0.75861 0.47954 -0.311822
v -56.3673 -6.27616 -198.656
vn -0.0202244 -0.942928 0.274433
v -30.9481 -64.0763 -210.891
vn 0.0188518 -1.04191 0.0247241
v -52.9454 -67.7382 -219.628
vn -0.033221 -1.06082 -0.292316
v -49.8447 -68.4719 -225.309
vn -0.772977 0.0398602 -0.731613
v -65.162 -40.7354 -220.425
vn -0.760497 -0.0611504 -0.761952
v -65.3494 -48.8286 -221.273
vn -0.6298 -0.3198 -0.874238
v -61.8083 -57.0159 -224.758
vn 0.953111 0.292297 0.093085
v 117.265 -42.8054 -124.079
vn 0.809542 0.603063 -0.196989
v 97.5203 -6.88126 -113.795
vn 0.380045 -0.944115 0.168891
v 131.588 -69.2839 -133.585
vn 0.701341 0.7055 -0.202186
v 90.4607 -0.746265 -112.644
vn 0.720579 0.68394 -0.296217
v 87.1699 1.73211 -114.571
vn 0.676949 0.723808 -0.166508
v 83.881 4.53877 -115.919
vn 0.576619 0.760751 0.0256291
v 78.5069 8.48811 -114.467
vn 0.131996 -0.932029 0.298053
v 111.364 -73.9868 -142.711
vn 0.153932 -0.85439 0.409563
v 107.748 -77.1238 -146.506
vn 0.165325 0.871996 0.116802
v 59.8312 13.5443 -117.134
vn 0.221251 -0.785804 0.476724
v 105.517 -81.8942 -151.562
vn 0.208918 -0.799715 0.464491
v 103.433 -86.4398 -155.624
vn 0.170444 -0.831917 0.434838
v 98.0907 -88.4552 -156.971
vn 0.163884 -0.833593 0.433836
v 99.9849 -89.9609 -159.029
vn 0.342577 0.850913 0.0736058
v 45.2306 19.606 -130.135
vn 0.0328366 -0.848237 0.42187
v 95.9286 -95.0557 -164.717
vn 0.0539573 0.805293 0.278326
v 27.8427 23.9918 -133.487
vn 0.135708 0.852112 0.176302
v 28.8305 24.643 -134.857
vn -0.285591 -0.819611 0.353246
v 55.003 -34.1169 -149.716
vn -0.463157 -0.834692 0.156925
v 86.7373 -95.7527 -171.635
vn -0.661993 -0.544518 0.283896
v 58.6843 -39.295 -152.385
vn -0.394554 -0.791381 0.308613
v 55.0613 -36.6587 -153.175
vn -0.0694643 0.815442 0.238331
v 19.1839 25.6275 -138.088
vn -0.803472 -0.403165 -0.560031
v 65.74 -66.753 -168.531
vn -0.771302 -0.587071 -0.362631
v 75.2285 -85.17 -173.603
vn 0.903833 0.113439 0.315646
v 64.8525 -64.5863 -171.531
vn 0.151417 0.288895 0.72482
v 51.6312 -50.5633 -165.382
vn 0.0407712 0.194403 0.758969
v 46.0244 -51.6794 -164.729
vn 0.149263 -0.67846 0.584616
v 41.1172 -41.4162 -163.419
vn 0.040275 -0.248682 0.778458
v 43.7591 -47.4891 -165.696
vn 0.24096 -0.619302 0.612948
v 38.9555 -43.2303 -164.298
vn -0.318307 0.815058 0.0516897
v 4.25874 26.0097 -148.878
vn 0.237447 -0.290993 0.755793
v 39.4839 -46.1512 -165.35
vn 0.0650743 -1.04845 -0.411419
v 64.1758 -85.3887 -178.079
vn -0.344082 -0.753515 -0.806119
v 40.4016 -64.2847 -176.573
vn 0.149889 -1.04413 -0.416377
v 27.3473 -60.173 -179.602
vn -0.0898875 -1.01783 0.0707852
v 9.2896 -66.2162 -196.193
vn -0.0722508 -0.982011 0.179707
v -20.8495 -63.9516 -208.255
vn 0.0229852 -1.00229 0.15365
v -25.237 -65.027 -211.991
vn -0.773743 0.453459 -0.323696
v -57.1336 -8.32836 -202.675
vn -0.782454 0.431625 -0.352289
v -56.4898 -8.21312 -207.578
vn -0.791178 0.41592 -0.354178
v -59.9075 -14.5115 -208.269
vn -0.74624 -0.148395 -0.777369
v -65.219 -53.969 -221.526
vn 0.977076 0.245922 0.0732199
v 111.413 -30.2922 -119.337
vn 0.911694 -0.284691 0.290437
v 132.095 -67.9844 -132.907
vn 0.975773 0.256237 0.0654517
v 114.414 -36.5399 -123.009
vn 0.95834 0.298292 0.0692499
v 117.116 -40.5951 -126.694
vn 0.90612 0.405427 0.0686264
v 123.742 -53.4131 -129.501
vn 0.12408 -0.874748 0.386148
v 113.797 -75.3683 -144.736
vn 0.175921 0.874304 0.106563
v 67.5354 13.9758 -121.62
vn 0.161658 -0.823768 0.445717
v 109.042 -79.3122 -149.356
vn 0.173019 0.86369 0.137942
v 63.5021 13.7394 -118.759
vn 0.328705 0.866308 0.0324833
v 51.1963 17.8579 -129.883
vn 0.144923 0.836275 0.210995
v 34.0778 23.1424 -132.354
vn -0.880312 -0.126291 0.101167
v 60.3619 -43.0613 -152.479
vn -0.80956 -0.426092 -0.520551
v 68.1026 -71.0293 -170.096
vn 0.554555 0.0311178 0.663897
v 60.9862 -57.7914 -168.335
vn -0.349844 0.82478 -0.0530125
v -2.87224 24.8369 -156.711
vn -0.679424 -0.369923 -0.795263
v 53.9606 -77.5408 -183.492
vn 0.0430319 -1.01864 0.110215
v 19.1219 -66.4852 -193.118
vn -0.551759 0.708069 -0.294574
v -46.0266 6.10517 -199.552
vn -0.717047 0.540588 -0.292973
v -50.9331 1.20415 -201.472
vn -0.75041 0.493211 -0.303596
v -56.3747 -5.31424 -193.684
vn 0.0254786 -0.974519 0.219103
v -31.6935 -65.7724 -214.343
vn 0.0723496 -1.0159 0.119454
v -33.7285 -67.0458 -217.357
vn 0.0787218 -1.05559 -0.0360722
v -39.4491 -68.6007 -222.6
vn 0.0498665 -1.05794 -0.0514775
v -44.5809 -68.2981 -222.51
vn 0.942223 0.0797261 0.260628
v 131.013 -65.958 -131.137
vn 0.881554 0.474828 0.00605027
v 99.5063 -9.72003 -112.786
vn 0.195738 0.869012 0.115071
v 70.7324 11.3131 -114.971
vn 0.195557 -0.798379 0.468572
v 106.371 -86.2575 -156.043
vn 0.284252 0.848693 0.126812
v 40.864 20.1785 -127.763
vn -0.249461 -0.868338 0.305491
v 93.3462 -98.2706 -169.87
vn -0.458585 -0.668119 0.397371
v 55.8157 -39.0751 -155.293
vn -0.871449 -0.0381745 0.130651
v 58.8149 -45.5912 -156.612
vn -0.116528 -0.920376 0.287004
v 49.3893 -36.3489 -157.316
vn 1.04885 0.0474504 -0.0374918
v 69.4054 -79.2789 -171.668
vn 0.322743 -0.220724 0.750721
v 60.0831 -55.7924 -167.488
vn 0.412068 0.123633 0.714508
v 53.5941 -53.1456 -164.613
vn 0.065801 -0.0693636 0.794991
v 51.3335 -49.0431 -165.624
vn 0.0769872 -0.168743 0.790088
v 46.6792 -46.3844 -165.467
vn -0.233033 0.837457 0.086018
v 8.6514 28.3006 -148.814
vn -0.317376 0.828079 0.0033098
v 6.26189 27.9056 -151.762
vn -0.393081 -0.618517 -0.901193
v 44.8077 -63.4053 -180.368
vn -0.344315 0.826292 -0.0468725
v -29.5307 15.4518 -177.999
vn -0.442521 0.786514 -0.144119
v -40.437 10.7918 -187.163
vn -0.632447 0.637951 -0.278309
v -49.7788 3.62081 -191.093
vn -0.80658 0.271056 -0.54454
v -65.3859 -28.4785 -214.845
vn -0.81747 0.200002 -0.578492
v -65.7959 -29.3237 -214.525
vn -0.667485 -0.140809 -0.876642
v -61.658 -50.6969 -226.049
vn -0.583178 -0.256173 -0.93896
v -59.4098 -55.3802 -227.488
vn 0.824252 0.586027 -0.232055
v 99.6155 -9.19875 -116.238
vn 0.308212 -0.979804 0.134871
v 133.671 -70.6788 -138.054
vn 0.69609 0.693015 -0.365688
v 93.8471 -3.38304 -114.587
vn 0.709675 0.675213 -0.393343
v 93.9166 -4.45432 -118.541
vn 0.729729 0.669897 -0.33657
v 87.5896 0.717416 -117.458
vn 0.208534 -0.956453 0.236598
v 121.597 -73.1368 -142.733
vn 0.158201 -0.938037 0.283602
v 119.79 -72.6208 -141.143
vn 0.168297 -0.868376 0.389081
v 114.492 -77.6504 -148.081
vn 0.178251 -0.801621 0.468062
v 111.485 -81.0016 -151.451
vn 0.222205 -0.803157 0.457808
v 110.751 -84.2556 -154.692
vn 0.177792 -0.778069 0.492868
v 107.472 -82.6647 -152.66
vn 0.142545 0.902025 0.0183937
v 58.6829 15.4891 -124.746
vn 0.184367 -0.799377 0.469484
v 107.23 -88.1598 -158.352
vn 0.128827 -0.789002 0.487513
v 103.27 -92.5724 -162.564
vn 0.162237 -0.811986 0.45904
v 102.439 -91.6636 -161.532
vn -0.253967 -0.852957 0.326059
v 94.6934 -100.476 -172.253
vn -0.667334 -0.451866 0.35224
v 59.0532 -42.9649 -155.431
vn -0.429092 -0.841765 0.189062
v 90.0145 -99.8366 -175.022
vn -0.879864 -0.254954 0.0470931
v 57.4856 -48.8271 -160.559
vn -0.741361 -0.591437 0.0591884
v 56.9475 -50.3236 -164.097
vn -0.530084 -0.633757 0.362519
v 56.0789 -46.2692 -161.302
vn -0.132667 -0.625634 0.601348
v 60.8739 -56.2449 -167.79
vn -0.792912 -0.560407 -0.326998
v 58.6594 -53.3355 -163.519
vn -0.614477 -0.779222 -0.0361914
v 79.8705 -90.7824 -174.285
vn -0.597198 -0.776871 0.0299048
v 85.9331 -97.2222 -176.717
vn -0.772091 -0.609208 -0.216713
v 63.2492 -59.2339 -169.572
vn -0.741275 -0.649067 -0.285714
v 78.5034 -89.3259 -176.391
vn -0.372008 -0.74863 0.381592
v 54.2299 -47.0642 -163.595
vn -0.262755 -0.709669 0.487891
v 49.2594 -37.1247 -158.413
vn 1.06633 -0.11323 -0.131146
v 70.0885 -79.0016 -177.655
vn 0.966881 -0.510992 -0.17139
v 68.9302 -83.604 -172.449
vn 0.129239 -0.890095 0.364153
v 43.6988 -39.6375 -161.666
vn -0.171375 -0.674569 0.554101
v 51.2306 -47.1674 -165.156
vn -0.154223 -0.532823 0.652624
v 49.9271 -47.0559 -165.604
vn -7.56383e-05 -0.590669 0.645878
v 44.012 -41.5531 -163.398
vn -0.105781 -1.00421 -0.515419
v 60.1654 -84.0647 -181
vn -0.448201 -0.672395 -0.812114
v 57.5217 -81.1086 -185.934
vn -0.205096 -0.803442 -0.826599
v 41.8535 -60.9308 -181.016
vn 0.277973 -1.04785 -0.228767
v 29.4482 -58.8071 -186.895
vn 0.489799 -0.966575 -0.0638533
v 25.8458 -59.969 -186.585
vn -0.37321 0.813686 -0.0544572
v -23.3169 17.453 -173.641
vn -0.118438 -1.00967 0.0804928
v -3.3994 -66.3204 -204.82
vn 0.00396872 -1.0279 0.0744052
v -22.9459 -66.2641 -215.313
vn 0.0994394 -1.02946 0.0753023
v -28.2265 -66.9376 -217.338
vn 0.90621 0.319998 0.180558
v 129.62 -62.4804 -130.91
vn 0.926336 0.331126 0.120248
v 131.759 -64.0125 -133.902
vn 0.957568 0.103536 0.221742
v 132.484 -66.2094 -133.68
vn 0.94148 0.333566 0.0736686
v 123.073 -51.5035 -130.641
vn 0.380696 0.838386 0.074826
v 74.0214 11.2471 -118.091
vn 0.278541 -0.875036 0.350362
v 118.388 -78.3609 -150.015
vn 0.239982 0.891559 0.0106627
v 53.5008 16.9784 -128.416
vn 0.0502354 -0.81715 0.459361
v 99.0156 -97.703 -167.567
vn -0.0978275 -0.85275 0.39428
v 96.3762 -97.544 -167.926
vn -0.100875 0.857887 0.126402
v 15.9996 28.617 -146.612
vn 0.0309446 -0.266459 0.774734
v 54.6389 -49.6092 -165.776
vn 1.01482 0.136341 0.049424
v 69.6432 -76.5221 -175.081
vn 0.456204 -0.980718 -0.351424
v 67.9549 -85.2935 -178.179
vn -0.31719 0.830304 -0.00616047
v 3.32904 27.0219 -153.179
vn -0.52155 -0.403433 -0.939092
v 47.8077 -65.6354 -181.176
vn 0.453406 -0.819947 0.334054
v 24.0179 -64.1104 -191.207
vn 0.151779 -0.950769 0.26143
v 21.5071 -66.8569 -194.176
vn -0.117587 -1.00929 0.0823181
v -12.6424 -65.5871 -208.5
vn -0.628313 0.639829 -0.297204
v -49.4682 2.72471 -201.747
vn -0.746271 0.495221 -0.324274
v -51.9813 -1.13853 -207.676
vn -0.787626 0.408653 -0.393067
v -58.9209 -13.9118 -212.097
vn 0.054066 -1.03976 -0.448539
v -42.702 -68.1551 -228.353
vn 0.793132 -0.544581 0.29685
v 133.595 -69.8714 -136.4
vn 0.956397 0.3687 -0.0572049
v 109.618 -23.9946 -123.111
vn 0.752187 -0.700155 0.165843
v 134.968 -70.4317 -139.023
vn 0.864623 0.531865 -0.125423
v 102.855 -13.1167 -119.428
vn 0.964527 0.29875 0.0476739
v 116.574 -38.2256 -128.033
vn 0.730253 0.670101 -0.332736
v 98.7552 -9.33826 -121.237
vn 0.156725 -0.99408 0.16723
v 125.295 -72.6814 -142.489
vn 0.698514 0.687994 -0.3794
v 89.7266 -1.36868 -119.05
vn 0.708356 0.680404 -0.376451
v 90.6284 -3.17051 -123.178
vn 0.775801 0.629333 -0.318038
v 85.6515 1.78421 -122.472
vn 0.798072 0.614693 -0.238256
v 83.2844 4.71491 -120.957
vn 0.822406 0.587229 -0.161009
v 81.0008 7.31362 -122.52
vn 0.268154 -0.797647 0.451707
v 111.507 -86.8065 -157.875
vn 0.143772 -0.780239 0.495084
v 105.424 -94.8002 -165.015
vn 0.270137 0.862929 0.0943128
v 35.4523 23.8761 -135.313
vn 0.0516026 -0.814258 0.462638
v 101.7 -99.7844 -169.879
vn -0.0877634 -0.877011 0.364073
v 97.4072 -102.488 -173.703
vn -0.197098 -0.933267 0.223285
v 96.7056 -102.931 -174.903
vn -0.355557 -0.909383 0.133138
v 93.9333 -103.604 -179.427
vn -0.390587 -0.881377 0.154899
v 91.4679 -100.955 -175.542
vn -0.78845 -0.544926 -0.398671
v 76.3345 -85.4909 -177.645
vn 1.02947 -0.345421 -0.264732
v 69.8202 -82.3029 -179.848
vn -0.216298 -0.885153 -0.708547
v 58.8531 -81.7723 -186.059
vn 0.114956 -1.04062 -0.441372
v 32.6326 -58.9458 -183.453
vn 0.587498 -0.790189 0.257086
v 26.3807 -60.5025 -189.051
vn 0.342308 -0.768555 0.456717
v 24.6047 -65.4878 -192.998
vn 0.079641 -1.02474 0.092269
v 24.8679 -67.9206 -196.581
vn 0.0104519 -1.04511 0.00858401
v 20.2686 -68.2725 -199.238
vn -0.0531684 -1.03078 0.0434594
v 11.9812 -67.5021 -199.481
vn -0.100838 -1.01951 0.0581321
v 3.70896 -66.8326 -202.046
vn -0.523621 0.729846 -0.29366
v -40.466 10.8149 -191.758
vn -0.0541323 -1.03604 0.0216354
v -15.8671 -66.1915 -213.029
vn 0.107905 -1.06575 -0.288931
v -38.7748 -68.6494 -225.989
vn -0.80645 0.21651 -0.591972
v -63.551 -27.9153 -218.531
vn -0.799979 0.13519 -0.653367
v -63.468 -31.833 -220.701
vn -0.140804 -0.946247 -0.638304
v -48.4659 -67.8506 -228.2
vn -0.722219 -0.0386045 -0.814429
v -62.5189 -46.2956 -225.04
vn -0.60677 -0.156955 -0.936041
v -58.6846 -49.4215 -229.326
vn -0.363745 -0.81076 -0.717972
v -53.5911 -66.2188 -228.081
vn 0.98196 0.0318036 0.192447
v 134.322 -68.5239 -137.131
vn 0.91925 0.454221 -0.267987
v 107.638 -20.3325 -123.833
vn 0.903347 0.482592 -0.218199
v 109.555 -23.4357 -125.357
vn 0.972528 0.31191 -0.00603504
v 113.147 -30.8421 -126.091
vn 0.885124 0.432574 0.083083
v 126.904 -56.3947 -133.596
vn 0.179598 -1.0198 0.0880186
v 129.264 -72.1118 -141.869
vn 0.650189 0.730969 -0.057255
v 77.9939 10.813 -120.184
vn 0.329703 -0.817376 0.406542
v 114.256 -83.1224 -154.577
vn 0.227388 -0.785725 0.475417
v 108.448 -91.1096 -161.658
vn 0.0297768 -0.887738 0.369183
v 102.383 -102.848 -173.481
vn -0.0347269 0.863227 0.138684
v 21.6724 29.039 -144.702
vn 0.724912 -0.052683 0.550506
v 62.9274 -61.0291 -169.725
vn -0.591521 -0.780198 0.0358488
v 85.7171 -98.5639 -180.535
vn -0.758236 -0.628414 -0.158111
v 81.7073 -93.6382 -180.745
vn 0.963513 0.126235 0.19889
v 68.2561 -69.9929 -176.557
vn 1.03228 -0.00923142 0.0602038
v 69.6962 -70.9625 -179.193
vn 0.860408 -0.66893 -0.333599
v 68.8214 -84.2103 -179.819
vn -0.638455 -0.26768 -0.882506
v 53.0861 -73.0974 -184.16
vn -0.582779 -0.399887 -0.886949
v 57.7344 -79.4298 -187.23
vn 0.303697 -0.781235 0.457971
v 27.1825 -67.1065 -195.604
vn -0.382937 0.812212 -0.0763553
v -19.1843 19.7286 -174.349
vn -0.0138818 -1.05245 -0.038404
v 13.5503 -68.101 -201.23
vn -0.0492419 -1.04852 -0.0368623
v 9.15618 -67.9467 -203.071
vn -0.410025 0.802789 -0.116595
v -34.4453 14.7121 -188.31
vn -0.527278 0.728498 -0.280238
v -44.1025 7.78326 -196.843
vn 0.149123 -1.06489 -0.14226
v -34.1411 -68.1137 -222.436
vn -0.801638 0.344306 -0.466912
v -62.4742 -22.2183 -214.801
vn -0.598688 -0.097069 -0.94805
v -58.8341 -46.0324 -229.502
vn 0.999089 -0.224164 0.131195
v 136.099 -69.6286 -141.025
vn 0.908473 0.468744 -0.123038
v 104.11 -14.6087 -120.689
vn 0.886442 0.457748 0.0293175
v 129.621 -58.3907 -137.814
vn 0.809002 0.593293 -0.322976
v 102.885 -13.2311 -122.148
vn 0.402619 -0.983787 0.0281453
v 134.826 -71.3036 -141.243
vn 0.269718 -0.933179 0.258718
v 122.554 -74.8367 -146.117
vn 0.574382 0.755082 0.0496322
v 75.9981 12.6323 -125.683
vn 0.306802 0.849006 0.110203
v 71.2919 13.9719 -122.722
vn 0.329602 -0.87025 0.335562
v 122.903 -79.1218 -153.431
vn 0.123009 0.895428 0.0502236
v 64.2078 15.1697 -124.904
vn 0.26251 -0.775666 0.47689
v 110.592 -93.395 -164.58
vn -0.134666 -0.931967 0.258815
v 99.0596 -104.741 -177.418
vn 0.974846 0.154654 0.156642
v 66.6005 -67.6995 -173.936
vn -0.257573 -0.594861 0.580631
v 56.4298 -51.0864 -166.144
vn -0.814191 -0.476285 -0.435519
v 75.1129 -83.5099 -176.973
vn 0.527927 -0.867729 -0.597339
v 67.541 -83.5492 -182.989
vn 0.182805 -0.971921 -0.621909
v 66.029 -83.4094 -184.601
vn -0.611936 -0.207424 -0.923385
v 56.9941 -74.7957 -187.811
vn 0.0246441 -0.964101 -0.650564
v 42.2779 -57.7134 -185.565
vn -0.337212 0.831125 -0.0561637
v -1.09503 26.6406 -162.68
vn 0.457286 -0.941732 0.0951537
v 27.6082 -59.6674 -188.997
vn 0.49676 -0.748817 0.392565
v 30.1508 -66.8765 -196.648
vn -0.37225 0.814474 -0.0562671
v -17.076 21.6041 -179.224
vn -0.755507 0.464418 -0.38648
v -54.3427 -5.41428 -210.338
vn -0.727001 0.471049 -0.47343
v -56.7997 -12.2043 -216.412
vn -0.466125 -0.463055 -0.952046
v -53.6765 -65.4757 -228.589
vn 0.935874 0.35821 0.0536468
v 132.684 -63.7986 -137.509
vn 0.98878 0.232775 0.0483205
v 135.621 -67.9966 -140.37
vn 0.852783 0.523241 -0.392925
v 106.082 -18.2744 -126.052
vn 0.772036 0.603792 -0.435544
v 102.025 -13.402 -125.626
vn 0.332559 -1.01431 -0.00663894
v 133.743 -72.0268 -143.665
vn 0.736557 0.656175 -0.373437
v 98.4416 -10.1404 -125.878
vn 0.688957 0.700397 -0.357907
v 93.6857 -5.61857 -123.396
vn 0.0899482 0.908421 0.000653327
v 61.2206 16.3273 -128.777
vn 0.103081 0.915196 -0.0367937
v 60.461 16.5624 -129.97
vn 0.329959 -0.785663 0.443265
v 113.571 -90.7243 -162.691
vn 0.378667 0.852834 0.0254393
v 47.7002 20.4002 -135.507
vn 0.138831 -0.790066 0.485483
v 105.914 -98.5106 -168.568
vn 0.347392 0.854463 0.056574
v 43.7791 21.7994 -136.048
vn 0.252609 -0.81006 0.442275
v 108.323 -100.141 -170.709
vn -0.484406 -0.866443 0.0364781
v 88.6373 -101.104 -181.21
vn -0.68657 -0.680448 0.0294242
v 65.9331 -63.7569 -172.239
vn -0.825721 -0.429393 -0.466763
v 72.5099 -78.7142 -174.531
vn -0.621967 -0.790644 -0.16195
v 85.4565 -99.5705 -185.256
vn -0.733365 -0.66542 -0.213927
v 80.0507 -91.537 -177.213
vn 0.466721 -0.793815 0.359539
v 30.8624 -59.7324 -191.821
vn -0.356845 0.820691 -0.0485625
v -21.6124 19.3384 -179.24
vn -0.349649 0.828024 -0.0729106
v -26.7252 17.7863 -183.57
vn 0.0042901 -1.06428 -0.12075
v 12.0877 -68.5623 -205.372
vn -0.324514 0.845567 -0.126925
v -29.079 17.0369 -187.168
vn -0.0706551 -1.04355 -0.0249512
v 0.368558 -67.8249 -208.255
vn -0.0879046 -1.03522 0.00337903
v -8.61572 -66.529 -209.58
vn -0.0480788 -1.05611 -0.0881749
v -9.37982 -67.3558 -214.87
vn -0.590817 0.65125 -0.412654
v -49.1916 1.86269 -208.363
vn 0.111529 -1.05612 -0.0442144
v -25.466 -66.9466 -218.135
vn 0.155472 -1.06017 -0.315758
v -29.7302 -67.7526 -225.968
vn -0.783443 0.39507 -0.440254
v -58.7384 -15.7203 -217.407
vn -0.731082 0.0119748 -0.797914
v -61.8303 -39.1987 -225.188
vn -0.446345 -0.321424 -1.02364
v -53.1203 -57.7931 -231.353
vn 0.951441 0.393513 -0.114348
v 111.496 -26.8532 -128.377
vn 0.968369 0.332525 -0.0291983
v 115.926 -35.1574 -130.322
vn 0.875319 0.480256 0.0156338
v 127.96 -56.1143 -137.387
vn 0.968435 0.33339 -0.0315307
v 118.298 -38.9895 -133.925
vn 0.301489 -0.90603 0.292461
v 124.346 -75.8251 -148.707
vn 0.180062 0.889394 0.0547113
v 69.6243 15.5721 -126.743
vn 0.363916 -0.78694 0.427148
v 116.759 -85.2329 -158.018
vn 0.376635 0.864684 -0.0251636
v 52.1291 18.7908 -135.79
vn -0.218787 -0.935667 0.203928
v 97.4888 -106.316 -180.948
vn -0.367078 -0.764845 0.366098
v 68.2134 -67.6622 -174.897
vn -0.813096 -0.488118 -0.417883
v 69.6677 -69.6869 -177.447
vn -0.833397 -0.411621 -0.46417
v 75.7331 -82.5662 -181.029
vn -0.760848 -0.6251 -0.16555
v 83.8482 -97.4694 -184.263
vn 0.940943 -0.485456 -0.467401
v 69.5535 -80.4566 -183.779
vn -0.249681 0.862779 -0.0384867
v 8.72211 29.3386 -154.319
vn -0.404492 -0.481326 -0.983247
v 49.6739 -61.6809 -184.72
vn -0.161946 -0.878822 -0.745378
v 46.263 -57.5072 -186.949
vn 0.504968 -0.656995 0.477817
v 28.4432 -62.404 -192.712
vn 0.311523 -0.955265 0.192456
v 28.3696 -67.9889 -197.202
vn -0.473898 0.76901 -0.220385
v -37.2781 13.1817 -191.453
vn 0.0373866 -1.06515 -0.112222
v -18.7636 -66.7352 -217.341
vn -0.784225 0.199442 -0.649636
v -60.9825 -25.4958 -222.632
vn -0.769632 0.0567748 -0.733153
v -62.8525 -35.2298 -222.9
vn -0.194794 -0.656064 -0.970776
v -45.0392 -65.7425 -232.135
vn -0.526431 -0.238605 -0.989756
v -56.5183 -53.7011 -230.267
vn 0.698081 0.707021 -0.246868
v 91.6304 -4.7718 -129.064
vn 0.726536 0.677385 -0.306858
v 91.3195 -4.34761 -126.292
vn 0.347219 -0.801591 0.417835
v 119.522 -83.6039 -157.605
vn 0.317796 -0.777403 0.45695
v 118.094 -87.3201 -161.276
vn 0.333204 -0.778062 0.450265
v 113.699 -94.3107 -166.886
vn 0.30588 0.890924 -0.0601397
v 53.8632 18.5353 -136.934
vn 0.399118 -0.835736 0.347566
v 110.788 -100.231 -171.971
vn 0.145813 -0.917715 0.320007
v 105.253 -104.339 -175.363
vn 0.191555 -0.962507 0.229345
v 104.578 -106.728 -179.704
vn 0.430103 -0.90223 0.216567
v 109.91 -102.555 -175.027
vn 0.345673 0.857395 0.047868
v 36.3013 25.8535 -142.621
vn -0.175231 -0.959513 0.180523
v 99.4442 -107.643 -182.633
vn -0.426124 -0.910511 0.0127209
v 92.1156 -104.148 -184.266
vn -0.825491 -0.412339 -0.489429
v 73.6447 -79.083 -177.908
vn -0.522144 -0.873213 -0.140092
v 88.6727 -102.214 -185.517
vn -0.812542 -0.48876 -0.418917
v 79.9127 -89.1376 -186.229
vn -0.787736 -0.482872 -0.511311
v 83.292 -95.8803 -186.223
vn -0.54934 -0.236677 -0.972227
v 54.1019 -68.397 -186.207
vn -0.480785 -0.110919 -1.03864
v 56.4322 -71.3192 -187.445
vn 0.549026 -0.644924 0.458322
v 32.5549 -62.687 -195.543
vn 0.566032 -0.608901 0.475836
v 30.6153 -65.6984 -196.067
vn 0.411816 -1.00016 -0.0709823
v 30.9631 -67.9614 -199.683
vn 0.0862606 -1.06954 -0.179568
v 20.6816 -68.6902 -203.198
vn -0.00427596 -1.06335 -0.117056
v 5.03039 -68.4284 -209.257
vn -0.0253567 -1.06412 -0.153624
v -0.720523 -68.1571 -212.129
vn -0.666884 0.591029 -0.346569
v -50.5215 0.888072 -207.101
vn 0.128914 -1.00944 -0.542622
v -34.4628 -67.3851 -229.456
vn -0.000317462 -0.870506 -0.800185
v -44.2321 -66.7278 -231.32
vn -0.643689 -0.0351987 -0.904598
v -58.3845 -42.6145 -229.84
vn 0.925233 0.399798 0.0137836
v 125.046 -52.9695 -134.927
vn 0.92809 0.424276 -0.0658181
v 123.683 -48.3702 -139.575
vn 0.695383 -0.818648 0.0150508
v 136.21 -70.9936 -143.67
vn 0.2781 -0.957415 0.206327
v 128.051 -74.4483 -148.006
vn 0.33713 -0.845589 0.366929
v 124.867 -79.3442 -154.602
vn 0.368047 0.863421 -0.00526823
v 72.0618 15.156 -127.184
vn 0.122148 0.883602 0.0915193
v 24.1756 29.0119 -144.587
vn -0.790528 -0.41255 -0.582029
v 70.555 -69.658 -180.028
vn -0.805624 -0.505588 -0.413675
v 77.7159 -86.0823 -182.973
vn 0.0160842 -0.905553 -0.751759
v 63.8479 -82.4822 -186.251
vn -0.270988 -0.727819 -0.876566
v 49.163 -59.5008 -185.899
vn -0.467631 -0.265121 -1.02529
v 53.0185 -64.1967 -186.127
vn 0.208188 -1.0354 -0.426162
v 38.0538 -57.1803 -187.808
vn 0.310156 -1.02333 -0.0220138
v 33.3658 -58.1816 -190.362
vn 0.0831333 -1.06168 -0.333083
v -17.5226 -66.8509 -225.46
vn -0.677761 0.544267 -0.457049
v -51.5456 -1.08309 -209.563
vn 0.941364 0.393386 -0.043762
v 134.113 -63.3298 -144.676
vn 0.881176 -0.624617 -0.0195476
v 137.079 -70.9667 -146.363
vn 0.80611 0.575052 -0.410061
v 107.346 -21.1588 -131.065
vn 0.850969 0.544877 -0.314609
v 110.273 -24.9551 -131.823
vn 0.830947 0.546038 -0.408607
v 105.047 -18.5761 -130.875
vn 0.306952 -0.996321 0.0878871
v 131.317 -73.2205 -146.407
vn 0.784629 0.590164 -0.436279
v 98.6639 -11.8198 -130.608
vn 0.732828 0.666015 -0.342626
v 87.6178 -1.33166 -130.326
vn 0.160771 0.914157 -0.0526981
v 65.7355 16.7205 -130.722
vn 0.295117 -0.775498 0.467008
v 117.948 -91.1882 -164.775
vn 0.427382 -0.83295 0.333689
v 114.661 -97.7286 -171.093
vn 0.194073 0.907001 -0.0315778
v 57.1716 16.9686 -130.69
vn 0.43737 0.83976 -0.0116717
v 38.3391 26.588 -148.919
vn -0.595475 -0.787428 -0.411009
v 90.1485 -102.919 -189.309
vn 1.06806 -0.127086 -0.229816
v 70.247 -78.1675 -182.391
vn -0.721254 -0.635492 -0.437669
v 84.5031 -98.3284 -186.309
vn -0.282196 -0.352221 -1.09736
v 62.0754 -77.2824 -190.954
vn -0.343488 0.828915 -0.0601581
v 0.108942 27.8881 -167.075
vn 0.410331 -1.00251 -0.325857
v 31.4602 -67.6853 -201.111
vn -0.36198 0.826329 -0.10506
v -22.704 19.77 -185.06
vn -0.468843 0.766602 -0.303721
v -36.0115 13.4319 -196.693
vn -0.552126 0.69837 -0.355221
v -45.3803 5.94351 -204.539
vn -0.734908 0.266313 -0.693893
v -59.1644 -21.8952 -223.757
vn -0.303985 -0.421729 -1.06315
v -47.8952 -63.0971 -232.587
vn 0.910778 0.440029 -0.0234434
v 131.602 -59.8726 -141.62
vn 0.954053 0.386167 -0.103209
v 117.214 -35.746 -136.32
vn 0.967192 0.363463 -0.120407
v 120.766 -42.6716 -138.637
vn 0.778632 0.589174 -0.456655
v 101.567 -14.8595 -130.577
vn 0.760416 0.571027 -0.540277
v 102.601 -17.4692 -133.973
vn 0.817566 0.546251 -0.452751
v 96.9816 -11.2809 -134.275
vn 0.862613 0.539669 -0.196756
v 78.3668 11.8579 -128.241
vn 0.315075 -0.773837 0.461747
v 121.255 -84.5682 -159.24
vn 0.405586 -0.798596 0.392101
v 123.226 -88.6519 -164.55
vn 0.427114 -0.809163 0.366058
v 120.877 -92.0334 -167.355
vn 0.430134 0.854113 -0.0772578
v 48.9279 21.0125 -142.397
vn 0.509649 -0.920801 0.0828294
v 110.861 -103.601 -178.824
vn 0.248923 0.864426 0.102952
v 29.5516 28.0173 -144.122
vn 0.0811854 -1.02056 0.105352
v 103.159 -109.843 -186.639
vn -0.236894 -0.969888 0.104866
v 99.9046 -108.749 -184.7
vn -0.795681 -0.271863 -0.663091
v 74.9173 -77.2731 -183.112
vn -0.819607 -0.318242 -0.588375
v 76.1639 -80.0533 -184.817
vn -0.7282 -0.407415 -0.704026
v 80.3755 -88.6128 -188.03
vn -0.0908591 0.883304 0.0506097
v 13.8316 30.5897 -153.252
vn 0.355317 -0.804273 -0.820984
v 66.8454 -80.2385 -188.584
vn -0.304475 -0.386504 -1.07655
v 55.0902 -60.8875 -187.891
vn -0.0422872 -0.675273 -0.993059
v 62.4425 -78.877 -190.081
vn -0.0591578 -1.05984 -0.264378
v 45.4806 -56.133 -189.891
vn 0.105463 -1.06625 -0.283955
v 16.1167 -68.7156 -207.364
vn 0.0358607 -1.06935 -0.19331
v 11.5055 -68.6431 -207.514
vn 0.01795 -1.06723 -0.258133
v -9.75676 -67.3948 -219.591
vn -0.673791 0.511679 -0.534279
v -52.7498 -4.13202 -212.492
vn 0.135146 -1.06079 -0.323706
v -22.1936 -67.0379 -225.733
vn -0.724644 0.42341 -0.558678
v -57.4245 -15.0829 -220.341
vn -0.78218 0.322619 -0.55089
v -58.8374 -18.0595 -220.769
vn -0.222167 -0.383217 -1.10862
v -44.4051 -61.8289 -234.198
vn -0.627188 -0.0104887 -0.919414
v -57.0209 -37.4342 -230.913
vn -0.461992 -0.147852 -1.04816
v -55.5566 -47.7479 -231.752
vn 1.05226 -0.116797 -0.023421
v 137.758 -70.2227 -148.866
vn 0.893452 0.474488 -0.0454399
v 127.43 -53.4255 -142.881
vn 0.55261 -0.916763 0.0187844
v 136.002 -72.1847 -148.799
vn 0.83572 0.565821 -0.301981
v 84.4393 2.29355 -129.061
vn 0.33355 -0.797085 0.428947
v 124.735 -81.6593 -157.579
vn 0.236972 0.915934 -0.19769
v 65.8117 17.0242 -135.216
vn 0.107002 0.922812 -0.0911812
v 63.2512 17.2367 -134.433
vn 0.219589 0.917902 -0.164103
v 59.1885 17.9031 -140.421
vn 0.420951 0.849593 -0.0284151
v 43.6298 22.8468 -139.964
vn 0.0278187 0.897167 0.0456154
v 19.1933 30.1239 -150.677
vn -0.232872 -0.665008 -0.949469
v 55.4338 -59.7721 -188.736
vn -0.266966 0.0380383 -1.1403
v 58.8079 -69.3219 -188.371
vn -0.463794 -0.0998207 -1.05009
v 59.1409 -75.774 -189.404
vn 0.601327 -0.844113 0.139152
v 33.0007 -66.8365 -199.92
vn 0.211337 -1.0592 -0.243894
v 27.7016 -68.5773 -200.3
vn -0.35127 0.836013 -0.164106
v -26.3795 18.0602 -191.153
vn -0.279985 0.866557 -0.185707
v -30.7414 16.8326 -191.654
vn 0.0634548 -1.0669 -0.283434
v 3.7745 -68.5563 -215.392
vn -0.666886 0.464321 -0.619126
v -54.0767 -12.9416 -223.916
vn -0.730382 0.117138 -0.774533
v -60.3452 -29.9191 -225.621
vn -0.696161 0.0543932 -0.835495
v -58.8548 -33.1086 -228.201
vn -0.322202 -0.312207 -1.09242
v -48.2339 -58.3666 -233.927
vn 0.836189 0.569195 -0.27121
v 113.016 -28.6127 -135.981
vn 0.864534 -0.65293 -0.034977
v 137.433 -71.334 -150.61
vn 0.738965 0.606068 -0.513899
v 106.543 -22.3236 -135.323
vn 0.403832 -0.927656 0.18613
v 132.596 -74.6977 -151.246
vn 0.681166 0.660776 -0.509044
v 108.184 -25.011 -138.483
vn 0.699295 0.604555 -0.590957
v 103.663 -21.6393 -139.062
vn 0.787121 0.54358 -0.535539
v 100.4 -16.8257 -136.65
vn 0.353276 -0.89181 0.28935
v 129.716 -76.1042 -152.135
vn 0.805535 0.517645 -0.542137
v 101.357 -19.6226 -139.857
vn 0.623552 0.748459 -0.358965
v 88.3185 -2.62493 -134.252
vn 0.364056 -0.825062 0.381014
v 128.473 -79.4017 -156.416
vn 0.636477 0.753789 -0.183194
v 77.3758 13.2704 -129.315
vn 0.37914 -0.791947 0.414052
v 126.83 -83.0778 -159.898
vn 0.349238 0.890102 -0.189827
v 70.116 16.0652 -131.2
vn 0.527821 0.804434 -0.365512
v 75.8659 13.669 -131.462
vn 0.456193 -0.803084 0.354859
v 126.875 -85.5215 -162.716
vn 0.540144 -0.847786 0.21215
v 119.452 -95.2372 -171.118
vn 0.571946 -0.857841 0.151869
v 117.498 -98.6274 -175.299
vn 0.313661 -0.96733 0.163006
v 104.249 -108.407 -183.443
vn 0.26758 0.874969 0.055761
v 31.7045 28.8011 -148.22
vn -0.404705 -0.928652 -0.0116832
v 99.6873 -109.913 -189.6
vn -0.521286 -0.876376 -0.193274
v 93.0574 -105.351 -188.477
vn -0.706835 -0.352235 -0.767912
v 73.0196 -71.9887 -182.676
vn 0.527232 -0.81643 -0.688508
v 70.8542 -68.3391 -182.173
vn -0.711905 -0.16611 -0.820945
v 77.4995 -80.552 -186.797
vn 1.00721 -0.230826 -0.514478
v 69.7957 -76.6305 -188.947
vn 0.219429 -0.144083 -1.19099
v 62.9734 -64.4532 -188.134
vn 0.739637 -0.623829 -0.699833
v 68.8569 -79.0072 -188.163
vn 0.360777 -0.58502 -1.01135
v 67.1136 -78.2339 -190.475
vn -0.101791 -0.362731 -1.14564
v 57.9375 -61.69 -188.365
vn 0.00286832 0.069481 -1.19295
v 61.2075 -68.4949 -188.74
vn -0.211124 0.140766 -1.14124
v 61.1573 -74.4869 -190.322
vn -0.296718 -0.161685 -1.1308
v 54.7908 -63.7934 -187.149
vn -0.291875 0.848687 -0.0466947
v 5.9157 29.6242 -162.113
vn -0.102365 -0.982998 -0.574763
v 51.9453 -57.3243 -190.333
vn -0.344968 0.828522 -0.0619645
v -4.21757 26.5789 -171.118
vn 0.298863 -1.00489 0.0662871
v 38.2899 -57.0431 -190.759
vn -0.365072 0.819589 -0.0659187
v -9.74938 24.8177 -176.552
vn 0.395392 -0.846084 0.335197
v 34.4887 -59.9659 -194.26
vn 0.614982 -0.737101 0.302907
v 35.6703 -64.6399 -200.034
vn 0.56919 -0.936095 -0.178747
v 34.6955 -66.1557 -201.51
vn -0.36434 0.829921 -0.243622
v -31.657 16.3845 -194.312
vn -0.443339 0.771772 -0.372042
v -36.951 11.8847 -204.912
vn -0.687985 0.325082 -0.724007
v -56.4772 -17.76 -224.622
vn -0.680622 0.189891 -0.812473
v -58.1453 -24.8311 -226.581
vn -0.122612 -0.564893 -1.05234
v -40.6653 -63.0453 -234.992
vn -0.507873 0.0663655 -1.00965
v -54.6586 -32.3019 -232.344
vn -0.473679 -0.0330663 -1.04348
v -54.699 -35.71 -232.794
vn -0.248002 -0.259219 -1.13402
v -45.8412 -55.6573 -235.453
vn -0.392653 -0.226883 -1.07755
v -52.0958 -53.2721 -233.18
vn 0.729426 0.638699 -0.455803
v 113.034 -28.9717 -138.514
vn 0.955149 0.391712 -0.262737
v 119.012 -38.5916 -141.124
vn 0.658028 -0.813489 0.113507
v 136.106 -73.6373 -153.088
vn 0.853152 0.550073 -0.251717
v 94.6527 -7.8033 -132.858
vn 0.526209 0.818504 -0.155674
v 90.634 -4.01059 -133.486
vn 0.68448 0.662316 -0.498476
v 86.0821 -2.95488 -139.813
vn 0.411191 0.861719 -0.329449
v 69.3773 16.1705 -134.931
vn 0.59328 -0.831785 0.176917
v 126.552 -89.1134 -167.888
vn 0.545295 -0.838065 0.22415
v 123.306 -91.6705 -168.722
vn 0.416999 0.867838 -0.212149
v 53.1396 19.4161 -144.282
vn 0.725022 -0.824547 -0.16494
v 109.894 -105.981 -185.693
vn -0.601803 -0.313833 -0.904447
v 73.7834 -69.0503 -184.592
vn 0.295178 -0.678497 -0.965937
v 70.7112 -67.7692 -183.055
vn -0.649503 -0.27805 -0.867594
v 80.9997 -88.2123 -189.145
vn 0.994362 0.0442831 -0.568997
v 69.2359 -71.4518 -187.018
vn 0.77623 -0.127579 -0.910638
v 69.5121 -76.3717 -189.438
vn 0.126908 -1.06813 -0.182557
v 43.2648 -55.9379 -190.538
vn 0.462184 -0.769766 0.392092
v 36.922 -61.1935 -197.328
vn 0.635105 -0.87975 -0.0470065
v 36.1543 -65.2709 -201.795
vn 0.300578 -1.01407 -0.440717
v 28.3383 -67.6376 -205.024
vn 0.212914 -1.03983 -0.402479
v 21.4139 -68.4283 -206.343
vn -0.303043 0.857809 -0.207918
v -28.2145 17.397 -195.261
vn 0.17191 -1.02103 -0.496813
v 5.7452 -68.3159 -216.764
vn -0.486514 0.736117 -0.406165
v -39.535 9.99227 -206.471
vn 0.0327649 -1.06201 -0.325527
v -2.9107 -68.0345 -218.301
vn -0.53056 0.677328 -0.489304
v -45.3925 4.76634 -209.173
vn -0.198016 -0.2996 -1.14066
v -42.1896 -58.6767 -235.764
vn 0.888436 0.502992 -0.162081
v 127.943 -53.3439 -147.193
vn 0.88434 0.4997 -0.0941292
v 130.805 -57.5933 -145.464
vn 0.89642 0.486361 -0.291559
v 114.777 -31.1552 -138.702
vn 0.920105 0.428089 -0.375963
v 120.129 -41.4495 -142.888
vn 0.907223 0.476862 -0.20456
v 123.434 -47.0418 -144.591
vn 0.89349 0.493606 -0.1401
v 124.907 -49.1217 -144.7
vn 0.737674 0.654752 -0.0348686
v 92.6284 -5.42969 -133.382
vn 0.511922 0.825495 -0.152155
v 92.3755 -3.85544 -137.113
vn 0.911756 0.444122 -0.369697
v 96.2691 -10.6942 -135.773
vn 0.776962 0.496324 -0.628653
v 100.135 -20.3806 -143.143
vn 0.418822 -0.808993 0.371379
v 130.071 -82.2332 -160.57
vn 0.823345 0.559735 -0.394485
v 85.7725 -1.47614 -137.14
vn 0.84512 0.523935 -0.420478
v 79.8078 8.52165 -134.066
vn 0.845278 0.48184 -0.512273
v 80.6481 6.40354 -136.326
vn 0.551415 0.775533 -0.435897
v 73.4786 13.8293 -136.325
vn 0.519815 -0.889471 0.150154
v 113.657 -101.045 -175.912
vn 0.129848 -1.06065 -0.0824135
v 101.303 -112.173 -194.587
vn 0.0957244 0.900244 0.0357581
v 21.3124 32.4557 -158.422
vn -0.625992 -0.13651 -0.919962
v 77.7524 -77.1602 -187.134
vn 0.656769 -0.218091 -1.0011
v 68.155 -64.5191 -186.613
vn -0.517615 -0.270051 -0.98902
v 82.1088 -89.1077 -189.901
vn -0.208328 0.876498 -0.0416788
v 9.76502 31.2771 -163.61
vn 0.0358705 -0.17058 -1.19934
v 63.7791 -76.0686 -191.367
vn -0.345637 0.827317 -0.0564461
v -0.253931 28.8759 -174.093
vn -0.359019 0.82969 -0.124378
v -9.35527 26.1705 -183.427
vn -0.347925 0.830891 -0.0878109
v -14.0756 23.9853 -184.468
vn -0.402838 0.804379 -0.095982
v -19.0261 21.9797 -187.261
vn 0.144365 -1.0144 -0.525281
v 3.07646 -67.7026 -218.983
vn 0.0277398 -0.793472 -0.894058
v -36.6987 -64.4438 -234.236
vn -0.480734 -0.105751 -1.03892
v -54.3603 -41.0654 -232.93
vn -0.319529 -0.173878 -1.12014
v -48.0343 -50.3013 -235.403
vn 0.789414 0.53778 -0.541225
v 114.01 -30.5701 -140.062
vn 0.878204 0.444434 -0.491643
v 118.646 -38.3349 -142.096
vn 0.824068 0.556131 -0.403346
v 121.838 -45.2063 -146.874
vn 0.759259 0.506113 -0.644336
v 117.126 -38.1446 -144.646
vn 0.660289 0.583241 -0.679167
v 112.502 -29.8147 -141.086
vn 0.621855 0.61042 -0.687166
v 108.367 -27.0452 -141.705
vn 0.661057 0.586535 -0.673629
v 105.256 -24.8749 -142.101
vn 0.488827 -0.832131 0.288701
v 133.223 -77.0955 -156.153
vn 0.846619 0.559951 -0.20012
v 92.7087 -4.16221 -137.256
vn 0.732915 -0.721421 0.164047
v 135.33 -76.2301 -157.397
vn 0.648933 0.557481 -0.725677
v 103.616 -26.4659 -145.812
vn 0.80927 -0.716011 -0.0148689
v 134.101 -80.6936 -161.986
vn 0.602673 -0.795026 0.231575
v 132.816 -81.7534 -161.915
vn 0.647495 0.547714 -0.738787
v 103.678 -27.7623 -147.399
vn 0.336651 0.867217 -0.429767
v 88.5994 -3.6619 -138.71
vn 0.561117 -0.824118 0.231016
v 129.702 -85.0545 -164.258
vn 0.749373 0.620626 -0.452968
v 76.1881 12.6502 -134.267
vn 0.503465 0.755688 -0.566036
v 87.1103 -4.40747 -141.872
vn 0.804795 0.495036 -0.580248
v 81.2 1.28429 -141.853
vn 0.713524 -0.801954 0.0188734
v 123.989 -92.6697 -172.968
vn 0.351601 0.87721 -0.358274
v 65.1227 16.9792 -138.282
vn 0.444176 0.83257 -0.417976
v 68.2835 15.5565 -139.47
vn 0.359787 0.869529 -0.387507
v 58.9757 17.8144 -142.249
vn 0.48317 0.820049 -0.397621
v 56.0622 18.1802 -145.749
vn 0.684581 -0.853723 -0.11517
v 118.038 -99.4129 -178.759
vn 0.51865 0.821096 -0.136726
v 46.8007 22.644 -147.762
vn 0.646765 -0.880603 -0.103688
v 114.5 -102.327 -181.972
vn 0.545547 0.802981 -0.0965619
v 43.056 25.025 -152.134
vn 0.535849 -0.948647 -0.10029
v 105.666 -109.766 -188.997
vn 0.70214 -0.844394 -0.178281
v 108.067 -108.189 -188.206
vn 0.276552 0.882447 0.0190104
v 29.9008 30.8964 -154.183
vn 0.131002 0.902297 0.0206465
v 25.3584 31.3825 -155.583
vn -0.598347 -0.812842 -0.243696
v 100.19 -111.448 -194.815
vn -0.414503 -0.557528 -0.931343
v 73.7008 -65.6251 -186.178
vn -0.58401 -0.631314 -0.712147
v 94.1428 -105.126 -193.99
vn -0.619236 -0.747268 -0.462413
v 96.8392 -108.106 -194.186
vn 0.182287 -0.604975 -1.04237
v 69.0146 -62.8276 -187.511
vn -0.497768 -0.192094 -1.01908
v 83.9656 -91.4998 -190.755
vn -0.573336 -0.269351 -0.944174
v 88.7801 -97.8571 -193.264
vn -0.669872 -0.538572 -0.687732
v 89.4304 -100.191 -192.927
vn 0.307826 -0.117125 -1.17516
v 66.1576 -64.1668 -187.248
vn 0.579078 0.204452 -1.02079
v 67.9245 -71.2328 -188.507
vn 0.190057 0.239044 -1.14844
v 65.0429 -74.9089 -190.897
vn 0.377098 -0.0484907 -1.15643
v 66.8362 -77.0947 -191.041
vn -0.0606958 -0.712276 -0.960248
v 55.8969 -58.7213 -189.762
vn -0.0551104 -1.05071 -0.0548351
v 49.5038 -56.7921 -190.034
vn 0.0619774 -0.958109 0.254563
v 42.732 -56.4296 -191.658
vn 0.224354 -1.01825 0.0724707
v 46.0691 -59.1272 -195.922
vn 0.298956 -0.891923 0.316557
v 38.9769 -59.348 -195.749
vn 0.218066 -0.929157 0.284822
v 40.4012 -61.0199 -198.67
vn 0.511646 -0.850827 0.236879
v 37.8554 -63.1615 -200.228
vn 0.413713 -0.96395 0.0826006
v 39.2351 -62.8779 -201.449
vn 0.580445 -0.927998 -0.147691
v 38.7366 -63.4171 -202.821
vn -0.39254 0.816543 -0.19505
v -18.9289 22.4099 -190.591
vn -0.407439 0.808631 -0.19726
v -23.4628 19.9501 -193.671
vn -0.360586 0.828949 -0.28554
v -28.8804 17.2238 -199.955
vn -0.482931 0.692834 -0.540188
v -42.0385 6.14226 -212.12
vn -0.577282 0.606764 -0.555737
v -47.6453 -0.43451 -216.187
vn -0.108247 -0.475927 -1.10135
v -38.1799 -62.0603 -236.068
vn -0.207161 -0.241419 -1.15041
v -41.9755 -53.1608 -236.947
vn -0.369778 -0.023748 -1.10191
v -50.7973 -37.0725 -234.931
vn 0.922739 0.449087 -0.146824
v 132.973 -60.4773 -147.871
vn 0.848524 0.553225 -0.279097
v 125.025 -49.3598 -149.948
vn 0.891653 -0.617249 -0.0456151
v 137.205 -73.338 -155.122
vn 0.634126 0.52726 -0.775124
v 112.617 -34.1487 -145.633
vn 0.617625 0.550328 -0.766516
v 108.08 -29.5711 -144.929
vn 0.53791 0.766485 -0.490223
v 92.4132 -4.0013 -137.774
vn 0.956861 0.378658 -0.315378
v 94.2616 -6.99487 -138.388
vn 0.310037 0.831153 -0.565979
v 90.0855 -4.80286 -141.133
vn 0.748277 -0.787211 -0.0451602
v 131.467 -83.7693 -164.594
vn 0.781603 -0.763803 -0.094284
v 129.079 -86.5907 -167.008
vn 0.846318 0.468429 -0.532758
v 79.048 7.2359 -138.772
vn 0.759144 0.532757 -0.607198
v 80.9642 -0.929616 -145.082
vn 0.751714 0.609497 -0.476199
v 76.6817 11.1099 -136.983
vn 0.359603 0.85066 -0.466753
v 63.9067 16.2212 -142.803
vn 0.712855 -0.816796 -0.0346102
v 120.656 -96.8282 -176.492
vn -0.0857015 0.898566 -0.0109964
v 18.1688 32.9496 -161.663
vn 0.200093 -1.01794 -0.495676
v 53.6017 -56.95 -191.761
vn -0.320755 0.838237 -0.0552802
v 4.77006 30.5319 -170.026
vn 0.487505 -0.978651 -0.198444
v 44.3877 -60.1734 -199.032
vn 0.347029 -0.965631 -0.552995
v 27.0442 -65.6667 -211.909
vn 0.219172 -1.02231 -0.471195
v 17.6897 -67.7475 -211.702
vn 0.136582 -0.99814 -0.571229
v -19.0096 -65.8801 -229.21
vn 0.117664 -0.893477 -0.770343
v -31.818 -65.5292 -232.972
vn -0.616964 0.223786 -0.869658
v -53.4339 -21.416 -230.458
vn -0.547925 0.131986 -0.964849
v -53.3816 -26.3138 -232.035
vn -0.342133 -0.123793 -1.11453
v -49.511 -42.2413 -235.543
vn 0.957163 0.37552 -0.0847785
v 137.695 -68.5523 -150.917
vn 0.903608 0.4671 -0.333924
v 132.829 -60.4144 -153.408
vn 1.05971 -0.184202 -0.118764
v 138.376 -69.7987 -151.979
vn 1.0129 -0.400969 -0.167698
v 136.919 -74.2048 -158.197
vn 0.701375 0.602323 -0.591455
v 118.099 -41.4356 -148.308
vn 0.604662 0.622898 -0.688765
v 112.033 -37.9403 -150.746
vn 0.62366 0.563728 -0.745231
v 111.125 -35.5983 -148.46
vn 0.857685 0.502561 -0.432434
v 93.6571 -6.16625 -139.643
vn 0.634552 0.528171 -0.773746
v 106.6 -30.7247 -147.484
vn 0.794024 0.418027 -0.692461
v 98.3545 -22.0254 -148.285
vn 0.707237 0.50309 -0.720264
v 101.341 -26.6491 -148.745
vn 0.855667 0.412152 -0.592631
v 98.0303 -17.8304 -144.148
vn 0.614376 0.553885 -0.765734
v 105.203 -34.4578 -152.82
vn 0.884514 -0.634867 -0.337255
v 131.914 -83.2407 -166.229
vn 0.518207 0.704999 -0.650518
v 86.3528 -5.27351 -144.643
vn 0.655641 0.487213 -0.793674
v 101.9 -32.2871 -153.729
vn 0.704957 0.443959 -0.781781
v 98.9583 -26.5744 -151.62
vn 0.678746 0.574506 -0.667645
v 83.5821 -5.74531 -148.481
vn 0.623633 0.730467 -0.434657
v 72.9622 12.9471 -140.657
vn 0.836555 0.508339 -0.484137
v 75.9042 9.72044 -142.195
vn 0.892211 0.405883 -0.517258
v 79.1608 2.92525 -143.995
vn 0.854865 0.462972 -0.521112
v 80.9718 -2.0503 -146.978
vn 0.389583 0.844094 -0.454595
v 67.1445 14.5269 -145.043
vn 0.85566 -0.686179 -0.260325
v 122.774 -94.734 -175.826
vn 0.851598 -0.620582 -0.498196
v 119.533 -97.8954 -178.996
vn 0.391396 0.827678 -0.506459
v 59.8554 16.3655 -145.937
vn 0.836031 -0.504962 -0.678291
v 108.34 -107.39 -189.577
vn 0.422342 0.851416 -0.0411493
v 33.8072 29.9628 -155.715
vn -0.3094 -0.565805 -0.986174
v 73.4937 -63.9896 -187.21
vn -0.240261 -0.0598478 -1.1556
v 85.9307 -87.0891 -191.555
vn -0.485734 -0.134669 -1.03384
v 81.6175 -82.6423 -190.35
vn -0.248193 0.0303006 -1.14771
v 88.737 -93.1548 -193.16
vn -0.429263 -0.314243 -1.03631
v 90.9648 -101.117 -194.054
vn 0.122417 -0.458489 -1.12496
v 63.3184 -61.611 -188.723
vn 0.453278 -0.87492 -0.657992
v 54.5716 -56.1207 -193.1
vn -0.321677 0.846069 -0.118934
v 2.97152 31.4654 -180.523
vn 0.657969 -0.847697 -0.427441
v 43.5808 -60.4668 -201.565
vn 0.322659 -0.951613 -0.603649
v 22.5905 -65.1343 -216.336
vn -0.402416 0.791274 -0.392163
v -33.4984 14.0193 -204.063
vn 0.265641 -0.893263 -0.73788
v 5.54609 -64.9179 -224.007
vn -0.147494 -0.289016 -1.15617
v -36.5196 -55.8989 -237.853
vn -0.240276 -0.187448 -1.14836
v -42.6493 -49.5923 -237.312
vn 0.887229 0.505239 -0.240158
v 130.819 -57.1646 -152.036
vn 1.01059 0.239583 -0.344428
v 138.247 -68.7717 -155.177
vn 0.72319 0.635551 -0.479847
v 119.489 -44.3664 -151.568
vn 0.984134 -0.471692 -0.259786
v 136.021 -77.4706 -162.371
vn 0.884902 -0.594639 0.0413485
v 135.321 -78.5718 -160.621
vn 0.568393 0.720514 -0.560939
v 92.4989 -5.39804 -140.544
vn 0.893427 0.413018 -0.502761
v 97.0509 -13.8286 -140.09
vn 0.941881 0.336893 -0.477511
v 93.9926 -8.15768 -142.416
vn 0.936842 0.387814 -0.402462
v 78.483 3.65621 -144.842
vn 0.485164 0.78621 -0.512478
v 59.3441 14.9571 -150.263
vn 0.807723 -0.692068 -0.46729
v 114.393 -102.155 -183.787
vn 0.266953 0.900552 -0.0662977
v 31.1106 31.0867 -156.866
vn 0.763208 -0.672049 -0.601231
v 102.842 -111.077 -193.445
vn 0.204408 0.903535 -0.0201657
v 25.6621 32.1753 -159.512
vn 0.323242 -0.774734 -0.867735
v 101.071 -112.221 -194.857
vn -0.189243 -0.46813 -1.08494
v 99.9787 -110.658 -195.442
vn -0.249654 0.864458 -0.0481234
v 8.27924 32.1883 -172.174
vn -0.277368 0.867252 -0.175086
v -0.635087 29.351 -178.087
vn -0.286146 0.86392 -0.17414
v -5.83336 27.7151 -182.144
vn -0.364202 0.82887 -0.264171
v -23.9793 19.483 -198.817
vn 0.184703 -1.0431 -0.404791
v 12.9088 -68.0578 -212.875
vn -0.386857 0.765252 -0.511001
v -37.0944 9.80628 -211.407
vn 0.129387 -1.03291 -0.468206
v -7.5507 -66.7988 -224.171
vn 0.120346 -1.03708 -0.454434
v -10.9698 -66.5406 -226.278
vn 0.173377 -0.882094 -0.779296
v -18.7888 -63.3433 -234.28
vn 0.16498 -0.983235 -0.601208
v -26.2409 -66.0584 -230.596
vn -0.645417 0.352672 -0.761351
v -52.2889 -14.0479 -227.787
vn -0.0529678 -0.501004 -1.09893
v -34.5005 -61.4458 -236.903
vn -0.302772 -0.100298 -1.13243
v -46.9285 -39.9691 -236.681
vn 0.77264 0.605399 -0.428904
v 126.494 -52.1722 -154.769
vn 1.0331 -0.144521 -0.463633
v 136.626 -74.5858 -161.86
vn 0.783515 0.533374 -0.561141
v 93.1759 -6.93272 -142.775
vn 0.871529 0.338521 -0.641648
v 94.4642 -12.8547 -145.773
vn 0.918801 -0.553971 -0.417858
v 126.753 -89.2003 -172.15
vn 0.830709 0.548216 -0.402817
v 75.4779 8.48538 -146.789
vn 0.72615 0.486584 -0.714589
v 82.7732 -6.7085 -150.609
vn 0.629917 0.735762 -0.397975
v 72.1077 12.5121 -145.356
vn 0.953083 0.353784 -0.406425
v 78.8898 1.18244 -148.218
vn 0.854903 0.443843 -0.551254
v 81.1791 -4.17233 -149.902
vn 0.895468 -0.374691 -0.680149
v 123.739 -92.9383 -175.794
vn 0.834144 -0.328364 -0.796043
v 115.03 -100.552 -184.013
vn 0.608639 0.769138 -0.280598
v 52.9353 19.1109 -151.711
vn 0.857228 -0.544794 -0.5985
v 110.614 -104.737 -187.716
vn 0.788279 -0.166738 -0.893997
v 110.394 -103.925 -188.456
vn 0.492742 0.829687 -0.0961323
v 38.6627 27.8975 -156.204
vn 0.756638 -0.273144 -0.903041
v 108.355 -106.217 -190.227
vn 0.648137 -0.232869 -1.00452
v 103.088 -109.823 -194.04
vn -0.303621 -0.0643153 -1.13256
v 82.5373 -80.5507 -190.979
vn -0.181152 -0.126838 -1.17128
v 92.4847 -99.7478 -194.706
vn -0.42973 -0.412423 -1.00062
v 96.1698 -106.473 -195.169
vn 0.143948 -0.666841 -1.00394
v 61.2097 -56.9502 -191.217
vn 0.628439 -0.842635 -0.506961
v 46.6918 -58.9215 -199.491
vn -0.28401 0.865241 -0.20624
v -15.3399 24.3706 -190.514
vn -0.352768 0.778548 -0.523172
v -30.862 14.0705 -208.117
vn -0.533643 0.589437 -0.65306
v -46.6708 -2.6173 -221.845
vn -0.57189 0.526556 -0.686766
v -48.3107 -5.66257 -223.737
vn -0.531194 0.509509 -0.755213
v -49.9557 -9.32741 -225.945
vn -0.491501 0.302755 -0.943763
v -50.6031 -15.4631 -230.414
vn -0.465878 0.205114 -1.00321
v -50.6505 -19.2371 -231.966
vn -0.245408 -0.138136 -1.15151
v -42.4692 -43.3612 -238.037
vn 0.856974 0.535039 -0.325825
v 137.429 -67.9516 -155.045
vn 0.865216 0.533319 -0.265317
v 128.729 -54.4312 -152.52
vn 0.765747 0.615348 -0.420021
v 124.655 -49.5321 -152.296
vn 0.882825 0.484811 -0.382483
v 131.005 -58.075 -155.123
vn 0.87406 0.405444 -0.561988
v 137.116 -69.0198 -157.766
vn 1.03761 -0.028518 -0.454013
v 137.505 -71.3871 -158.444
vn 0.554517 0.634274 -0.723884
v 111.283 -40.085 -154.283
vn 0.613621 0.655865 -0.626421
v 117.063 -42.7927 -152.267
vn 0.559108 0.66506 -0.674531
v 115.508 -44.1657 -156.35
vn 0.673386 0.653421 -0.540541
v 121.631 -47.0455 -153.952
vn 0.79141 0.384463 -0.727524
v 93.0532 -8.63607 -144.958
vn 0.551289 0.552077 -0.82256
v 91.8788 -7.3068 -144.851
vn 0.402701 0.771106 -0.631439
v 91.0981 -6.19354 -143.813
vn 0.678098 0.39301 -0.849856
v 93.2266 -15.0992 -148.979
vn 0.565942 0.59633 -0.761817
v 105.999 -37.6224 -155.854
vn 0.787628 0.390454 -0.727486
v 95.6226 -18.626 -149.065
vn 0.610331 0.553526 -0.770029
v 102.941 -35.6235 -156.302
vn 0.566035 0.601556 -0.755419
v 102.512 -39.4004 -161.141
vn 0.862858 -0.318376 -0.761494
v 130.207 -83.898 -169.147
vn 0.734027 0.397895 -0.788217
v 96.6235 -23.7364 -152.004
vn 0.696051 0.442421 -0.792779
v 97.0148 -27.1445 -154.213
vn 0.654278 0.501074 -0.781623
v 100.664 -33.5601 -156.435
vn 0.504703 0.641318 -0.757323
v 85.2344 -7.59954 -149.275
vn 0.633404 0.512409 -0.790982
v 100.028 -34.3598 -157.788
vn 0.641613 0.459824 -0.831534
v 83.6887 -9.21184 -152.028
vn 0.664903 0.436161 -0.829413
v 95.5296 -27.2182 -155.766
vn 0.632523 0.517168 -0.787066
v 95.4851 -33.1258 -161.045
vn 0.76343 -0.0379539 -0.924811
v 125.136 -86.5054 -174.453
vn 0.85166 -0.17977 -0.81897
v 126.713 -88.5457 -172.698
vn 0.919191 0.316806 -0.564521
v 80.5391 -5.01346 -152.689
vn 0.631522 0.463494 -0.837516
v 92.1885 -28.1133 -159.299
vn 0.702269 0.382573 -0.833819
v 81.8623 -12.144 -155.626
vn 0.65789 0.510453 -0.768436
v 90.4539 -27.7205 -160.626
vn 0.878521 0.28739 -0.672512
v 80.9862 -9.4941 -155.566
vn 0.662792 0.491528 -0.782307
v 87.753 -24.8643 -160.553
vn 0.813832 0.348891 -0.725811
v 82.1646 -15.8022 -158.262
vn 0.297328 0.859397 -0.495762
v 62.6886 13.7627 -150.996
vn 0.754589 -0.0730255 -0.933923
v 121.326 -94.1445 -178.417
vn 0.685665 0.0220672 -0.987611
v 121.927 -90.1561 -177.499
vn 0.579341 0.0862198 -1.05127
v 117.481 -91.2145 -180.717
vn 0.832256 -0.29635 -0.811408
v 119.949 -96.6079 -179.393
vn 0.656834 0.0568378 -1.00471
v 117.078 -97.3172 -182.131
vn 0.506621 0.767175 -0.534394
v 59.3343 14.134 -152.221
vn 0.694069 0.675331 -0.439562
v 55.5963 16.6473 -153.059
vn 0.703968 0.650456 -0.486118
v 56.6293 14.6582 -155.829
vn 0.520978 0.127153 -1.07549
v 111.28 -89.9071 -183.586
vn 0.504488 0.0304241 -1.10006
v 108.386 -86.8657 -184.493
vn 0.547066 0.802806 -0.101955
v 41.9165 26.3068 -156.629
vn 0.483241 0.121462 -1.09527
v 101.495 -86.4849 -187.546
vn 0.446025 0.195959 -1.09262
v 99.9542 -104.939 -194.855
vn 0.607075 -0.00953805 -1.04637
v 103.974 -107.227 -193.528
vn 0.239473 -0.0316584 -1.18979
v 89.7748 -81.5914 -191.111
vn 0.138204 0.181359 -1.17049
v 91.3934 -92.8733 -193.496
vn 0.215533 -0.0345663 -1.19372
v 99.6876 -109.166 -195.612
vn -0.474695 -0.208951 -1.03204
v 80.0737 -70.9325 -189.441
vn -0.393449 -0.347623 -1.04651
v 77.4156 -65.1765 -189.201
vn 0.129142 0.11471 -1.18601
v 93.7261 -97.924 -194.592
vn 0.259817 0.898237 -0.0422556
v 25.1328 32.971 -162.609
vn 0.0612737 0.0347675 -1.19946
v 87.7706 -84.9818 -191.57
vn -0.00708832 -0.548384 -1.07976
v 71.6737 -60.7387 -189.159
vn -0.207826 -0.00456735 -1.1634
v 90.0329 -96.3684 -193.983
vn 0.104298 -0.518444 -1.09815
v 66.0285 -58.5952 -190.009
vn 0.558426 -0.709952 -0.798213
v 54.6441 -54.8332 -195.219
vn 0.706393 -0.627431 -0.738173
v 51.3835 -55.5311 -198.176
vn -0.223022 0.869544 -0.382187
v -12.1912 23.9389 -198.84
vn 0.486224 -0.82926 -0.705281
v 32.783 -63.2245 -212.036
vn 0.460372 -0.817725 -0.742137
v 28.8371 -63.903 -214.084
vn -0.344163 0.814187 -0.421062
v -26.4122 17.8607 -203.337
vn 0.309145 -0.833833 -0.804473
v 12.9555 -64.5565 -221.914
vn 0.254697 -0.966662 -0.607348
v 11.9235 -66.0917 -219.657
vn -0.369484 0.735561 -0.602398
v -37.3506 8.98971 -213.188
vn -0.458784 0.648465 -0.65688
v -43.2537 1.53584 -219.429
vn 0.0774258 -0.640449 -1.0263
v -27.6756 -61.0526 -237.705
vn -0.345923 0.0378178 -1.10799
v -48.0985 -29.6096 -235.496
vn 0.938566 -0.444155 -0.529965
v 134.725 -79.326 -165.7
vn 0.518346 0.666541 -0.711452
v 109.969 -42.7411 -159.24
vn 0.716516 -0.0356863 -0.967128
v 124.822 -84.4887 -174.46
vn 0.974126 0.299593 -0.419375
v 79.2767 -0.804447 -150.758
vn 0.435585 0.830294 -0.441259
v 71.2823 12.7193 -146.618
vn 0.631144 0.519756 -0.785779
v 95.6877 -36.3767 -163.955
vn 0.666741 0.454595 -0.812207
v 85.0395 -20.6126 -159.447
vn 0.705642 0.498029 -0.727783
v 86.0266 -25.2089 -162.783
vn 0.411718 0.812533 -0.528055
v 59.1528 13.326 -154.766
vn 0.448055 -0.0244653 -1.12966
v 100.977 -84.9742 -187.57
vn 0.378926 0.876501 -0.111727
v 31.9097 31.1979 -160.33
vn -0.207621 -0.116162 -1.16458
v 82.1272 -70.2795 -190.328
vn -0.352357 -0.0366886 -1.11082
v 81.8052 -76.2355 -190.287
vn -0.0140288 -0.0187207 -1.20014
v 84.0311 -78.1786 -191.326
vn 0.211881 -0.522167 -1.08558
v 63.6043 -55.5311 -191.658
vn -0.1103 0.900302 -0.0437349
v 15.9452 33.4934 -166.923
vn 0.370274 -0.62487 -0.980857
v 58.4361 -54.1639 -193.785
vn -0.249633 0.876555 -0.248234
v -10.1268 25.7259 -187.642
vn 0.58244 -0.889059 -0.462967
v 38.1234 -63.1946 -206.09
vn 0.424172 -0.954453 -0.508816
v 33.004 -65.328 -207.366
vn 0.213223 -0.943696 -0.669912
v -8.14465 -64.9207 -229.637
vn -0.515878 0.415899 -0.853575
v -50.6901 -13.3631 -229.18
vn -0.0505889 -0.339579 -1.1604
v -31.073 -58.2236 -238.484
vn -0.399793 0.0922724 -1.07273
v -49.9748 -26.0958 -234.154
vn -0.293857 -0.0373366 -1.13588
v -45.5793 -35.7443 -237.331
vn 0.822061 0.512305 -0.513748
v 128.026 -54.1327 -155.964
vn 0.938677 0.192694 -0.62499
v 136.733 -71.5047 -160.587
vn 0.775258 0.501874 -0.624012
v 127.471 -54.3171 -157.301
vn 0.754969 0.318058 -0.821626
v 130.005 -61.3969 -160.484
vn 0.709326 0.416442 -0.800514
v 127.112 -57.0541 -160.406
vn 0.769794 0.231843 -0.852441
v 128.13 -62.4524 -162.898
vn 0.665685 0.572067 -0.687608
v 122.99 -50.1646 -158.146
vn 0.902932 -0.104262 -0.757313
v 134.731 -78.4199 -166.31
vn 0.659422 0.653746 -0.563849
v 122.135 -48.6707 -156.273
vn 0.531403 0.682996 -0.674153
v 114.787 -45.3087 -158.676
vn 0.767668 0.235926 -0.852818
v 135.705 -74.9318 -164.172
vn 0.774763 -0.272875 -0.884817
v 133.114 -80.3933 -167.375
vn 0.61655 0.108495 -1.02318
v 133.88 -78.4392 -166.82
vn 0.497545 0.676433 -0.714943
v 112.771 -46.3142 -162.218
vn 0.638613 0.18924 -0.985688
v 122.574 -80.3737 -175.225
vn 0.471789 0.648046 -0.773309
v 107.257 -44.2296 -163.615
vn 0.806884 0.131576 -0.850266
v 126.218 -69.239 -167.215
vn 0.729242 0.176265 -0.91546
v 122.908 -73.5435 -172.267
vn 0.540741 0.574361 -0.807662
v 100.936 -41.0978 -164.315
vn 0.474388 0.603914 -0.823312
v 102.534 -43.9394 -166.555
vn 0.615027 0.725987 -0.468344
v 71.7613 11.4532 -149.197
vn 0.610295 0.134489 -1.02125
v 120.554 -79.3216 -176.221
vn 0.695772 0.4935 -0.74433
v 89.3389 -30.9315 -165.041
vn 0.607163 0.125376 -1.02554
v 121.796 -85.0574 -176.742
vn 0.545658 0.54823 -0.830733
v 97.5029 -44.7834 -170.74
vn 0.959138 0.184119 -0.585601
v 79.3422 -8.01517 -157.807
vn 0.696921 0.503226 -0.732619
v 88.3441 -28.6284 -163.947
vn 0.687323 0.491042 -0.756493
v 89.3442 -32.0694 -166.386
vn 0.922987 0.195202 -0.654533
v 79.2859 -10.5628 -159.559
vn 0.727918 0.46456 -0.735461
v 82.5389 -20.2416 -161.878
vn 0.563444 0.0714876 -1.06319
v 112.619 -85.1999 -182.095
vn 0.5698 0.0982957 -1.05463
v 118.006 -88.2889 -179.788
vn 0.817496 0.341314 -0.726603
v 80.6442 -16.6382 -160.862
vn 0.728136 0.502851 -0.693568
v 83.0369 -23.9095 -165.436
vn 0.325924 0.854001 -0.489119
v 66.5812 13.0422 -150.809
vn 0.885462 0.261074 -0.679775
v 78.7874 -16.8884 -164.065
vn 0.777102 0.43674 -0.698174
v 80.062 -20.3306 -165.271
vn 0.552143 0.0349627 -1.07478
v 110.346 -84.1142 -183.357
vn 0.729543 0.67433 -0.309768
v 53.0869 18.9923 -153.566
vn 0.449775 0.00390133 -1.12712
v 98.6935 -79.2977 -188.502
vn 0.521355 0.820734 -0.15141
v 40.6599 27.1899 -160.435
vn 0.370457 0.0433986 -1.15203
v 94.9311 -83.505 -189.794
vn -0.136912 -0.191034 -1.17584
v 80.0571 -65.4889 -190.279
vn 0.0886075 0.918724 -0.0564092
v 21.2978 34.2093 -166.125
vn 0.142428 -0.400252 -1.14611
v 70.7318 -57.146 -190.538
vn 0.699981 -0.738091 -0.600952
v 40.326 -61.1754 -206.842
vn 0.576178 -0.776792 -0.699195
v 37.0123 -62.1709 -209.569
vn -0.268857 0.858919 -0.35428
v -14.8347 23.6967 -196.603
vn 0.290952 -0.935218 -0.655087
v 16.7818 -65.127 -219.262
vn 0.269123 -0.917273 -0.69742
v -1.86494 -64.9208 -227.039
vn 0.201401 -0.846163 -0.821688
v -12.9567 -63.7567 -232.216
vn 0.265685 -0.427882 -1.11803
v -19.8779 -60.2411 -236.63
vn -0.371773 0.437838 -0.944552
v -47.7891 -11.0812 -229.426
vn 0.173991 -0.270346 -1.17919
v -26.4594 -55.6491 -239.062
vn 0.26498 -0.628724 -1.01111
v -18.413 -62.3471 -235.208
vn 0.191227 -0.74253 -0.935073
v -24.9557 -62.0533 -236.404
vn -0.327807 0.282484 -1.05206
v -47.7133 -17.3424 -232.92
vn 0.145567 -0.407856 -1.14316
v -27.1457 -59.9333 -238.211
vn -0.358741 0.174627 -1.07468
v -48.2978 -20.3999 -233.644
vn -0.29305 0.119519 -1.11729
v -46.1541 -24.5456 -235.63
vn -0.00230256 -0.234288 -1.18876
v -31.6341 -53.7947 -239.261
vn 0.538358 0.666878 -0.692494
v 116.072 -47.0457 -160.459
vn 0.792254 0.141567 -0.863474
v 125.904 -68.4986 -167.504
vn 0.670052 0.235437 -0.944355
v 121.668 -71.4761 -172.537
vn 0.616472 0.502494 -0.816244
v 93.7853 -40.2479 -169.677
vn 0.785606 0.611193 -0.359544
v 50.8902 20.0595 -158.497
vn 0.645007 0.747954 -0.222847
v 48.4004 22.1024 -158.397
vn -0.203436 -0.295302 -1.14013
v 77.9587 -62.5934 -190.425
vn 0.580728 -0.497418 -0.95097
v 55.8406 -51.2706 -196.743
vn 0.738276 -0.615269 -0.711053
v 43.5858 -57.7375 -206.127
vn -0.273612 0.847448 -0.40555
v -19.9601 21.18 -200.875
vn 0.40803 -0.795196 -0.804855
v 22.8835 -63.6683 -218.425
vn 0.405759 -0.702883 -0.902657
v 19.2101 -63.3967 -220.5
vn 0.37451 -0.769191 -0.851842
v -4.07983 -63.4278 -229.994
vn 0.267564 -0.77923 -0.881728
v -7.58389 -63.2995 -231.862
vn 0.687887 0.408102 -0.829206
v 125.114 -57.4079 -162.684
vn 0.619154 0.555294 -0.75947
v 121.842 -51.1325 -160.516
vn 0.707269 0.288938 -0.886947
v 126.183 -62.3881 -164.928
vn 0.7044 0.2227 -0.920446
v 124.661 -65.7359 -167.642
vn 0.542893 0.577123 -0.803
v 116.209 -49.3076 -163.245
vn 0.471216 0.607322 -0.821653
v 108.165 -46.6576 -166.236
vn 0.469043 0.57912 -0.852617
v 102.539 -46.3338 -169.159
vn 0.513979 0.52783 -0.872444
v 98.0816 -47.0936 -172.563
vn 0.962075 0.115338 -0.61713
v 77.3959 -10.9827 -163.704
vn 0.725877 0.468189 -0.734318
v 86.988 -29.6637 -166.829
vn 0.680869 0.464335 -0.78923
v 88.9964 -34.055 -168.525
vn 0.725462 0.490959 -0.710663
v 83.1946 -26.1098 -167.693
vn 0.8941 0.263772 -0.662663
v 77.8639 -17.2266 -165.833
vn 0.833695 0.371394 -0.676107
v 77.9896 -20.4482 -168.43
vn 0.556055 0.108685 -1.06047
v 108.893 -81.1266 -183.609
vn 0.434641 0.7448 -0.655708
v 59.7921 11.6039 -158.627
vn 0.49254 -0.0133339 -1.10957
v 102.624 -81.5156 -186.867
vn 0.281311 -0.0710078 -1.18242
v 93.9665 -78.8946 -190.259
vn 0.156146 -0.0388023 -1.20079
v 87.2847 -75.1009 -191.309
vn 0.033293 -0.0722694 -1.20432
v 77.2827 -58.0397 -190.733
vn -0.157131 -0.382126 -1.12749
v 74.4253 -60.3125 -189.84
vn -0.0546245 0.91041 -0.0524724
v 16.8044 35.2965 -175.278
vn 0.451921 -0.437353 -1.05305
v 58.3335 -50.905 -195.446
vn 0.688067 -0.398597 -0.919154
v 54.8973 -49.8719 -198.118
vn -0.251765 0.863068 -0.0442156
v 7.96478 32.9567 -177.289
vn -0.304129 0.848854 -0.330439
v -18.6367 22.355 -196.284
vn -0.266023 0.812292 -0.534619
v -21.3885 18.6042 -207.884
vn 0.347374 -0.708526 -0.922878
v 10.2918 -63.0223 -224.353
vn -0.37746 0.488054 -0.903824
v -43.7086 -8.06218 -229.605
vn -0.10464 -0.231773 -1.17625
v -35.4535 -51.0354 -239.304
vn 0.588037 0.474372 -0.86477
v 120.336 -51.8664 -162.691
vn 0.58616 0.340971 -0.956453
v 124.333 -60.8165 -165.581
vn 0.514973 0.592857 -0.807179
v 112.412 -47.955 -164.727
vn 0.522095 0.427664 -0.94523
v 114.357 -50.8249 -165.853
vn 0.647229 0.169976 -0.985524
v 119.932 -77.0235 -176.027
vn 0.931914 0.411453 -0.364081
v 76.643 5.7181 -150.451
vn 0.466884 0.543778 -0.887466
v 105.612 -47.3128 -168.393
vn 0.580593 0.235446 -1.00874
v 119.059 -75.3158 -176.124
vn 0.991983 0.173222 -0.506313
v 78.0046 -2.16947 -157.81
vn 0.372384 0.836519 -0.499597
v 67.6953 12.1265 -152.608
vn 0.283129 0.845196 -0.54704
v 67.4263 10.6108 -157.452
vn 0.55263 0.443987 -0.914143
v 97.5896 -48.6327 -174.019
vn 0.98113 0.11887 -0.571293
v 77.4956 -6.72396 -161.666
vn 0.274042 0.824857 -0.601986
v 63.2956 11.6533 -156.605
vn 0.70787 0.458235 -0.765436
v 85.1582 -29.2726 -168.684
vn 0.640713 0.482374 -0.812593
v 92.1695 -41.4562 -172.154
vn 0.578435 0.498624 -0.851654
v 95.3064 -45.3049 -173.025
vn 0.696316 0.45036 -0.785476
v 87.0089 -33.6661 -170.482
vn 0.72335 0.439424 -0.765018
v 78.8296 -22.9394 -169.882
vn 0.608349 0.458001 -0.861807
v 91.8985 -43.1935 -173.941
vn 0.667653 0.430666 -0.831214
v 84.4464 -32.7369 -172.204
vn 0.691641 0.394812 -0.835485
v 83.8525 -39.2374 -177.863
vn 0.955878 0.183827 -0.593319
v 76.2891 -15.8859 -168.352
vn 0.608589 0.382044 -0.91604
v 95.2389 -51.5087 -177.606
vn 0.843653 0.325894 -0.6997
v 77.2302 -23.8285 -172.667
vn 0.59762 0.419127 -0.89953
v 91.7305 -47.8932 -177.517
vn 0.703785 0.433513 -0.792189
v 81.4518 -34.5747 -176.646
vn 0.631059 0.674642 -0.566554
v 56.6675 12.5444 -160.679
vn 0.771914 0.571537 -0.514429
v 55.8039 13.033 -161.281
vn 0.589206 0.566237 -0.775637
v 59.1885 9.03795 -162.846
vn 0.750567 0.382657 -0.781134
v 78.0626 -29.14 -175.658
vn 0.199418 0.548438 -0.980104
v 58.1641 5.25624 -166.285
vn 0.620263 0.378337 -0.909418
v 86.4606 -45.5253 -179.939
vn 0.863954 0.297004 -0.689712
v 76.1794 -25.2197 -175.421
vn 0.586202 0.318501 -0.968284
v 94.9772 -56.1063 -180.198
vn 0.525029 0.272783 -1.02686
v 106.994 -77.2028 -183.611
vn 0.640103 0.751372 -0.186813
v 44.5335 24.908 -160.521
vn 0.857433 0.417517 -0.582194
v 56.022 10.5093 -164.869
vn 0.313472 0.724135 -0.76184
v 58.0493 5.08329 -166.397
vn 0.521437 0.0979901 -1.08135
v 104.19 -79.7235 -185.974
vn 0.716523 0.333873 -0.852221
v 83.5866 -43.6896 -181.138
vn 0.843216 0.378445 -0.653368
v 57.3265 5.64624 -166.867
vn 0.484971 0.181823 -1.07929
v 97.8216 -76.9773 -188.432
vn 0.528296 0.234769 -1.03991
v 86.9164 -58.1336 -186.195
vn 0.291573 0.162012 -1.15214
v 86.0274 -67.7766 -190.224
vn 0.406754 0.21521 -1.10236
v 90.0951 -72.6159 -190.572
vn 0.241277 -0.00975338 -1.18838
v 81.7702 -63.95 -190.425
vn 0.346952 0.0437446 -1.15913
v 91.7195 -75.936 -190.751
vn 0.0525848 -0.00977948 -1.20303
v 84.1931 -68.6884 -190.652
vn 0.0175875 0.0364205 -1.19794
v 85.7833 -72.4069 -191.076
vn 0.339088 -0.168746 -1.16304
v 70.5435 -50.839 -191.96
vn 0.141713 0.921567 -0.0970585
v 21.6814 34.6791 -172.419
vn 0.275586 -0.392978 -1.12881
v 64.3031 -52.7398 -192.843
vn 0.780743 -0.477826 -0.778169
v 50.2883 -52.9762 -201.993
vn 0.698703 -0.580078 -0.791985
v 38.9544 -60.4032 -209.678
vn 0.505564 -0.603828 -0.929784
v 26.8128 -61.6672 -217.886
vn 0.417176 -0.57718 -0.99382
v 16.2877 -60.8558 -223.634
vn 0.371378 -0.683541 -0.934889
v 16.5876 -63.0592 -221.996
vn -0.315669 0.775547 -0.574203
v -25.3376 16.074 -209.916
vn -0.302583 0.751504 -0.636639
v -28.4516 13.8375 -211.412
vn -0.282838 0.757165 -0.642382
v -33.4434 10.1679 -214.269
vn 0.347402 -0.746593 -0.887107
v 3.04823 -63.0311 -227.241
vn -0.256882 0.714602 -0.731827
v -34.9717 6.59984 -219.142
vn -0.383894 0.688312 -0.672913
v -38.1038 5.51095 -218.547
vn 0.360802 -0.563572 -1.02465
v -6.6827 -62.1823 -232.457
vn 0.270939 -0.557008 -1.05497
v -12.5934 -61.5069 -234.156
vn -0.233543 0.19816 -1.1193
v -42.8667 -20.4676 -235.626
vn -0.139013 -0.132429 -1.18092
v -36.0061 -40.1937 -240.235
vn -0.238976 -0.064816 -1.15606
v -40.271 -36.4252 -239.06
vn -0.171748 -0.156404 -1.17148
v -36.7008 -45.9653 -239.576
vn 0.940251 0.385983 -0.391392
v 76.8247 4.64086 -152.51
vn 0.970381 0.109505 -0.601348
v 76.3756 -6.79574 -164.731
vn 0.568914 0.309345 -0.984218
v 91.7166 -53.2169 -181.103
vn 0.750193 0.438914 -0.732583
v 78.5256 -31.6663 -177.169
vn 0.972577 0.350719 -0.296377
v 56.5556 7.09978 -167.614
vn 0.766473 0.268317 -0.837824
v 81.4074 -41.2152 -182.162
vn 0.669733 0.300329 -0.91435
v 81.6478 -46.8994 -184.552
vn 0.158831 -0.0256108 -1.20006
v 79.308 -60.6357 -190.943
vn 0.157881 -0.157492 -1.19728
v 74.1093 -54.9185 -190.938
vn 0.55847 -0.382711 -1.01962
v 56.8524 -47.1905 -197.798
vn -0.0471656 0.915699 -0.083884
v 15.0911 35.7012 -179.812
vn -0.193495 0.891017 -0.28876
v 13.4125 35.7105 -182.769
vn 0.798967 -0.334839 -0.836243
v 51.4408 -50.9405 -201.644
vn 0.747402 -0.410989 -0.856808
v 45.5639 -54.3007 -206.666
vn 0.55877 -0.620821 -0.881535
v 30.311 -61.2666 -215.767
vn -0.197675 0.814582 -0.586922
v -16.4565 19.4729 -209.72
vn 0.40389 -0.566128 -1.00648
v 13.6605 -60.4344 -224.991
vn -0.212229 0.713484 -0.758624
v -30.4596 9.05582 -217.836
vn -0.301998 0.664342 -0.772766
v -38.0566 2.26326 -223.082
vn 0.116529 -0.236356 -1.18997
v -24.6798 -52.205 -239.512
vn -0.00590408 -0.236422 -1.18813
v -31.3079 -49.0134 -240.013
vn -0.266457 0.0746335 -1.13553
v -41.9479 -28.9877 -237.947
vn 0.595928 0.744191 -0.450951
v 71.8282 9.69102 -154.474
vn 0.809283 0.569492 -0.415973
v 74.9593 7.65251 -151.676
vn 0.82199 0.533258 -0.470688
v 73.9472 6.51085 -158.423
vn 0.971135 0.299793 -0.431294
v 77.3036 2.06117 -155.834
vn 0.957179 0.203971 -0.576286
v 75.8833 0.994451 -161.898
vn 0.958831 0.128856 -0.617839
v 75.0829 -13.5462 -170.142
vn 0.101692 0.770659 -0.745636
v 60.1636 8.49002 -163.076
vn 0.928584 0.221629 -0.626647
v 76.1989 -19.1486 -171.003
vn 0.585201 0.359029 -0.946959
v 88.2407 -49.6949 -181.246
vn 0.588678 0.368088 -0.939201
v 93.2411 -52.4452 -179.676
vn -0.091429 0.818376 -0.634802
v 59.9778 4.58511 -168.674
vn 0.77288 0.359073 -0.772324
v 82.1716 -40.0692 -180.298
vn 0.540973 0.803508 -0.32816
v 58.1259 4.17775 -170.117
vn 0.831056 0.355624 -0.694529
v 77.4707 -30.1352 -177.191
vn 0.676771 0.205335 -0.950668
v 79.5457 -47.1656 -186.596
vn 0.60037 0.248906 -0.990497
v 81.8064 -50.3575 -186.117
vn 0.571308 0.795185 -0.192928
v 39.3814 28.4023 -168.625
vn 0.550327 0.272802 -1.01232
v 83.9453 -55.2626 -186.861
vn 0.414801 0.865522 -0.12812
v 32.281 31.7256 -169.974
vn 0.398862 0.171219 -1.11805
v 78.8696 -56.5846 -190.091
vn 0.474564 0.143659 -1.0942
v 80.7362 -60.1425 -190.454
vn 0.726975 -0.304841 -0.921403
v 54.1452 -46.1999 -199.807
vn 0.80664 -0.253253 -0.855984
v 51.7315 -46.474 -202.43
vn 0.784447 -0.281336 -0.87201
v 48.1189 -51.5052 -205.364
vn 0.628514 -0.535762 -0.891387
v 37.1554 -59.0867 -212.161
vn 0.671439 -0.355638 -0.951111
v 36.2398 -56.1596 -214.42
vn 0.461389 -0.525084 -1.00482
v 21.6901 -60.4074 -221.302
vn -0.246188 0.722568 -0.726403
v -28.8783 11.5917 -214.933
vn 0.392193 -0.56919 -1.00936
v 6.64283 -60.9227 -227.666
vn 0.3999 -0.508809 -1.04083
v -0.444576 -59.5534 -231.286
vn 0.328824 -0.414806 -1.10729
v -5.68566 -59.1985 -233.18
vn -0.236762 0.490332 -0.974366
v -39.8832 -4.6222 -229.137
vn 0.268581 -0.233925 -1.17128
v -17.3382 -52.6685 -238.201
vn -0.398567 0.561439 -0.822843
v -42.2183 -3.69728 -227.019
vn 0.285187 -0.403179 -1.12298
v -15.3191 -57.6874 -236.292
vn 0.249057 -0.293559 -1.1631
v -21.2061 -53.7928 -238.53
vn -0.25197 0.374273 -1.04104
v -42.8105 -11.9238 -232.45
vn -0.226386 0.269647 -1.09763
v -43.9202 -15.9604 -233.883
vn 0.0273094 -0.155802 -1.2004
v -30.6263 -45.7802 -240.554
vn -0.234307 0.0655435 -1.14788
v -38.5174 -29.2516 -239.216
vn 0.851572 0.432634 -0.574466
v 75.6505 3.04963 -160.378
vn 0.764055 0.421976 -0.730592
v 79.4751 -35.0526 -179.595
vn 0.76234 0.646674 -0.288922
v 49.5294 20.7329 -163.031
vn 0.882452 0.491871 -0.360636
v 52.9363 16.4184 -163.131
vn 0.808081 0.391167 -0.697504
v 76.1358 -32.3104 -181.747
vn 0.501874 0.099494 -1.09087
v 75.4343 -50.4312 -190.065
vn 0.491378 -0.294291 -1.08371
v 60.6262 -44.8104 -196.667
vn 0.700462 -0.353654 -0.927536
v 53.5629 -44.7757 -200.903
vn 0.71692 -0.399286 -0.892797
v 40.9166 -55.0096 -210.648
vn -0.20595 0.859872 -0.448289
v -3.69643 27.076 -196.842
vn 0.510109 -0.483173 -1.00224
v 25.9645 -57.2243 -220.921
vn -0.184239 0.68372 -0.811027
v -33.3409 5.2454 -221.684
vn 0.336127 -0.323806 -1.13492
v -9.66556 -55.654 -235.871
vn 0.172488 -0.194086 -1.19196
v -25.4704 -49.0764 -240.154
vn -0.228145 0.159325 -1.13156
v -38.7537 -24.8515 -238.201
vn 0.579523 0.719915 -0.546204
v 71.2719 8.82425 -159.171
vn 0.942047 0.137657 -0.648183
v 75.1936 -4.48273 -165.992
vn 0.868039 0.30448 -0.677121
v 74.4281 -25.5874 -178.86
vn 0.672536 0.180501 -0.962759
v 78.1061 -44.3235 -186.899
vn 0.304444 0.896452 -0.100084
v 25.3042 33.7778 -169.249
vn 0.421559 -0.236129 -1.12631
v 65.948 -46.8133 -194.181
vn 0.777955 -0.282996 -0.878373
v 51.5096 -42.9814 -203.862
vn 0.760202 -0.255565 -0.904419
v 47.623 -48.4995 -206.558
vn 0.728738 -0.298199 -0.92193
v 44.657 -51.966 -208.536
vn -0.210236 0.860811 -0.439646
v -7.56097 25.0372 -199.897
vn 0.592873 -0.460436 -0.962736
v 30.2108 -57.2952 -218.206
vn 0.505793 -0.406459 -1.03979
v 23.0041 -55.285 -223.258
vn -0.250844 0.756793 -0.667031
v -21.4353 17.0855 -211.088
vn 0.43311 -0.503152 -1.02994
v 15.7018 -58.5392 -225.137
vn 0.391861 -0.47798 -1.05938
v 9.28481 -56.9402 -228.561
vn 0.388873 -0.376352 -1.10192
v 0.352398 -55.4354 -232.396
vn 0.338464 -0.282889 -1.14447
v -6.67793 -53.6823 -235.255
vn -0.170856 0.633529 -0.873607
v -35.4943 1.41285 -225.422
vn -0.0996935 0.549467 -0.971462
v -35.6229 -0.430621 -227.027
vn 0.283967 -0.228667 -1.16887
v -11.4818 -52.218 -236.718
vn -0.289848 0.599623 -0.854704
v -39.6768 -0.551037 -225.446
vn -0.150196 0.505832 -0.992356
v -37.0458 -3.88512 -229.377
vn -0.179309 0.389778 -1.05732
v -39.298 -10.3902 -232.638
vn -0.178691 0.292073 -1.10336
v -39.0426 -15.384 -234.995
vn -0.139037 0.252558 -1.12818
v -37.1321 -20.5764 -237.467
vn 0.121059 -0.142671 -1.20105
v -28.1347 -43.1765 -240.703
vn -0.0129315 -0.129185 -1.1998
v -31.69 -39.9357 -240.87
vn 0.717608 0.514316 -0.694059
v 71.6646 6.52096 -162.483
vn 0.841891 0.322376 -0.705226
v 74.3604 1.13055 -164.557
vn 0.500091 0.7083 -0.662461
v 70.3905 7.98611 -162.215
vn 0.949523 0.114269 -0.643731
v 74.6052 -8.53284 -168.747
vn 0.934021 0.160358 -0.652664
v 73.4629 -6.24988 -170.419
vn -0.0494541 0.772733 -0.729911
v 63.5724 5.29553 -168.635
vn 0.946067 0.145978 -0.636115
v 73.5518 -15.3985 -173.945
vn 0.951366 0.126578 -0.634594
v 72.4725 -12.352 -175.29
vn 0.894918 0.250842 -0.670372
v 74.4205 -23.1552 -177.041
vn 0.898163 0.235895 -0.674654
v 73.1825 -23.0723 -179.094
vn 0.813695 0.593265 -0.288647
v 49.8656 19.7831 -167.225
vn 0.92716 0.13558 -0.677242
v 71.6094 -18.8387 -179.723
vn 0.830034 0.32358 -0.722149
v 74.5567 -30.1318 -182.129
vn 0.76559 0.356199 -0.783368
v 78.3296 -36.7807 -182.769
vn 0.827847 0.581712 -0.174358
v 58.0968 4.15952 -171.377
vn 0.770277 0.351983 -0.780798
v 75.8017 -34.3393 -184.001
vn 0.886792 0.210818 -0.708976
v 71.3788 -21.4333 -181.248
vn 0.747691 0.254636 -0.864808
v 79.5358 -41.2486 -184.258
vn 0.802651 0.254148 -0.803457
v 71.437 -29.8165 -185.921
vn 0.668593 0.242227 -0.942699
v 77.6787 -41.3332 -186.062
vn 0.722672 0.0847443 -0.946669
v 68.6537 -33.9611 -190.395
vn 0.521847 0.0557059 -1.08819
v 72.9048 -47.5628 -190.873
vn 0.54938 -0.0269044 -1.08155
v 65.1249 -44.3201 -194.717
vn 0.32513 0.89663 -0.181865
v 25.8531 34.4211 -176.887
vn 0.620316 -0.141944 -1.03685
v 60.2426 -41.5467 -197.532
vn 0.682614 -0.199853 -0.984642
v 58.9446 -40.2175 -198.541
vn -0.171626 0.865262 -0.463655
v -0.657663 27.7942 -197.285
vn 0.714854 -0.233814 -0.951544
v 46.2901 -46.0107 -208.518
vn 0.703303 -0.259395 -0.955371
v 40.9955 -51.5373 -211.702
vn 0.657532 -0.263363 -0.990759
v 35.1258 -54.1907 -215.829
vn 0.665467 -0.261532 -0.985214
v 32.0705 -52.0077 -218.587
vn 0.604995 -0.328175 -1.00944
v 28.627 -55.3522 -220.277
vn -0.201247 0.859311 -0.455613
v -13.6347 22.5801 -202.9
vn 0.467106 -0.465039 -1.0334
v 19.721 -55.3926 -224.852
vn 0.423964 -0.415389 -1.07415
v 12.5324 -55.2265 -228.225
vn -0.205337 0.67756 -0.809437
v -24.0068 11.4481 -217.787
vn -0.150345 0.662608 -0.848998
v -26.3651 8.92768 -219.816
vn 0.374666 -0.372286 -1.10822
v 4.10227 -52.4097 -232.276
vn -0.0925923 0.634536 -0.895791
v -28.0529 5.91046 -222.643
vn -0.0639613 0.569832 -0.961749
v -30.204 3.83677 -224.245
vn 0.278875 -0.277506 -1.16067
v -10.1575 -49.5847 -237.147
vn -0.0383488 0.463284 -1.04397
v -35.9517 -7.19789 -231.842
vn -0.0686657 0.338002 -1.10739
v -36.3675 -11.5242 -234.094
vn 0.218171 -0.153333 -1.19044
v -23.2924 -47.227 -239.827
vn 0.190544 -0.127197 -1.19606
v -22.7962 -42.1507 -240.232
vn 0.119313 -0.0948244 -1.20347
v -30.0349 -38.0019 -241.019
vn -0.159474 -0.078552 -1.17828
v -35.1606 -35.9057 -240.572
vn -0.134631 0.0187764 -1.1798
v -34.2956 -30.434 -240.707
vn 0.00439212 -0.0729037 -1.20284
v -32.5327 -35.1566 -241.04
vn 0.840803 0.292237 -0.729068
v 72.279 -3.75602 -170.669
vn 0.899454 0.22714 -0.677983
v 71.613 -7.71969 -174.436
vn 0.192984 0.755796 -0.755395
v 66.1999 7.13141 -166.036
vn 0.168711 0.809429 -0.670683
v 62.9147 3.43785 -171.62
vn 0.920146 0.454518 -0.251178
v 51.699 17.1914 -169.778
vn 0.960446 0.363516 -0.343453
v 54.9134 11.3562 -166.907
vn 0.946181 0.411973 -0.207849
v 57.0048 6.54482 -175.519
vn 0.741916 -0.0704921 -0.945627
v 64.1183 -36.2875 -194.41
vn 0.598621 -0.314301 -1.01794
v 56.5797 -42.4989 -199.487
vn 0.0187066 0.919404 -0.340822
v 16.2595 35.9797 -183.007
vn -0.196947 0.853256 -0.481293
v -6.04879 24.9481 -202.139
vn 0.333693 -0.306512 -1.14016
v -4.91858 -50.4338 -235.617
vn -0.0580394 0.499436 -1.017
v -33.2197 -4.34538 -230.068
vn 0.232939 -0.213629 -1.18113
v -17.3657 -46.5324 -239.045
vn -0.0385113 0.298127 -1.12842
v -34.13 -18.414 -236.94
vn -0.129665 0.214985 -1.14251
v -35.9301 -23.0524 -238.542
vn 0.710787 0.44111 -0.777851
v 72.4649 0.864156 -167.021
vn 0.230749 0.824151 -0.622917
v 66.4368 7.80907 -164.721
vn 0.511148 0.61972 -0.779174
v 68.6566 6.86412 -165.007
vn 0.529752 0.607721 -0.778866
v 66.864 3.49024 -169.85
vn 0.389425 0.754541 -0.672011
v 65.7713 2.75044 -171.596
vn 0.893675 0.181269 -0.713353
v 70.1512 -22.2272 -183.739
vn 0.665825 0.729186 -0.284342
v 42.0017 26.4542 -171.385
vn 0.782496 0.0774601 -0.891006
v 66.7755 -29.5957 -191.315
vn 0.719196 -0.269992 -0.938858
v 54.1652 -37.7713 -203.225
vn 0.722944 -0.26291 -0.937428
v 45.6243 -43.63 -209.6
vn -0.176058 0.849671 -0.511041
v 1.06407 27.5081 -200.339
vn 0.633633 -0.241014 -1.01313
v 32.3394 -47.5463 -219.269
vn -0.195062 0.665711 -0.828275
v -18.3049 13.7614 -217.756
vn -0.163945 0.620007 -0.889953
v -20.5914 8.65699 -222.148
vn -0.101448 0.551468 -0.96945
v -30.0979 1.49032 -226.271
vn 0.267742 -0.251388 -1.16833
v -10.177 -46.3547 -237.671
vn -0.0848783 0.472918 -1.03038
v -31.6799 -5.08067 -230.829
vn -0.024585 0.40087 -1.08212
v -31.0168 -8.56746 -233.045
vn -0.00934714 0.311388 -1.126
v -31.382 -15.9283 -236.499
vn -0.0140261 0.387971 -1.08999
v -34.0696 -10.0772 -233.414
vn 0.185953 -0.134195 -1.19618
v -19.9443 -38.8834 -239.979
vn 0.0552982 0.139792 -1.18264
v -31.1356 -27.4205 -240.713
vn 0.143985 -0.0615599 -1.20222
v -24.6094 -35.1972 -240.602
vn -0.0808158 0.229004 -1.14726
v -33.5128 -23.8004 -239.136
vn -0.109291 0.159989 -1.16154
v -34.85 -27.3226 -239.968
vn -0.00934562 0.0556982 -1.19389
v -32.5104 -30.6701 -240.943
vn 0.785977 0.38861 -0.731359
v 70.6092 -2.58312 -172.395
vn 0.313148 0.858503 -0.485644
v 61.4099 3.24565 -173.112
vn 0.677937 0.718111 -0.301404
v 59.3941 3.58123 -175.886
vn 0.826437 0.57771 -0.29597
v 51.3148 17.4166 -172.636
vn 0.711009 0.695469 -0.261258
v 45.1898 24.1729 -168.301
vn 0.838706 0.155302 -0.803607
v 69.6273 -27.8951 -187.491
vn -0.153843 0.790102 -0.663386
v -13.2324 19.2722 -211.962
vn 0.51756 -0.344649 -1.05603
v 20.7261 -52.744 -225.511
vn 0.497896 -0.304784 -1.0778
v 18.4592 -50.3081 -227.275
vn -0.111464 0.581999 -0.941185
v -26.0718 2.69568 -226.281
vn 0.203826 -0.205737 -1.18666
v -13.0936 -44.2983 -238.56
vn 0.139584 -0.0180546 -1.20122
v -23.4925 -32.0469 -240.395
vn 0.912951 0.164169 -0.689353
v 70.1626 -12.146 -179.68
vn 0.838467 0.163273 -0.800854
v 68.2204 -25.335 -188.356
vn 0.441103 0.8578 -0.166669
v 30.2057 32.8639 -174.62
vn 0.7622 -0.155819 -0.921585
v 60.8857 -34.665 -197.521
vn 0.209515 0.920046 -0.223524
v 22.1608 35.379 -180.346
vn 0.590366 -0.257417 -1.03812
v 27.4448 -51.1323 -221.911
vn 0.435938 -0.341384 -1.09519
v 13.9181 -50.6993 -229.165
vn 0.310319 -0.273308 -1.15416
v -4.12809 -45.8986 -236.488
vn -0.0742942 0.470476 -1.03389
v -29.1087 -3.83651 -230.521
vn 0.151504 -0.121734 -1.20033
v -17.4928 -36.9607 -239.94
vn 0.696946 0.46738 -0.769058
v 68.473 -2.26291 -174.633
vn 0.592588 0.565713 -0.773129
v 66.2591 0.367813 -174.194
vn 0.832246 0.306551 -0.731489
v 70.1137 -7.82261 -177.275
vn 0.663976 0.408677 -0.851576
v 68.8537 -6.43697 -177.726
vn 0.663827 0.63967 -0.584127
v 60.7236 1.65219 -177.536
vn 0.793733 0.262287 -0.80981
v 69.3972 -11.3987 -180.487
vn 0.742438 0.431817 -0.749064
v 61.1287 -0.663102 -180.43
vn 0.704502 0.293103 -0.887322
v 68.0427 -16.252 -184.397
vn 0.884776 0.153581 -0.739931
v 69.5377 -15.6719 -182.066
vn 0.736599 0.324095 -0.83772
v 63.0221 -10.3142 -184.996
vn 0.751675 0.654585 -0.30646
v 45.7555 22.8843 -174.957
vn 0.877267 0.502863 -0.346943
v 58.3701 4.39873 -177.779
vn 0.843182 0.19025 -0.783324
v 68.0892 -21.1819 -186.715
vn 0.833416 0.286344 -0.743717
v 62.292 -8.89696 -184.906
vn 0.739573 0.179662 -0.904529
v 66.3054 -27.389 -191.209
vn 0.584322 0.786398 -0.250327
v 35.9634 30.2011 -175.328
vn 0.571816 0.79073 -0.290585
v 34.7094 30.7295 -179.514
vn 0.790002 0.261519 -0.814666
v 61.6722 -15.9925 -189.841
vn 0.769047 0.243052 -0.847909
v 61.8022 -20.3826 -192.058
vn 0.773596 0.197221 -0.863441
v 60.7003 -22.8361 -194.464
vn 0.773623 0.0141663 -0.910571
v 63.2098 -32.0549 -195.195
vn 0.754537 0.166651 -0.894497
v 60.0326 -30.8593 -198.044
vn 0.748033 -0.237383 -0.92072
v 50.5084 -37.8116 -206.698
vn -0.075351 0.827896 -0.62052
v 0.156738 25.192 -205.726
vn 0.631141 -0.223236 -1.01841
v 33.6619 -44.1357 -219.192
vn 0.674766 -0.255641 -0.979464
v 36.873 -45.3604 -216.43
vn -0.157054 0.832326 -0.571407
v -9.5663 21.6865 -208.425
vn 0.58395 -0.229117 -1.04793
v 25.4256 -48.8357 -223.613
vn -0.120814 0.759827 -0.729383
v -10.0838 19.347 -213.123
vn 0.518348 -0.22755 -1.08486
v 18.931 -47.6953 -227.662
vn -0.186723 0.732033 -0.744292
v -15.9763 16.1738 -215.627
vn -0.116869 0.682397 -0.836648
v -12.9802 15.21 -217.931
vn 0.429018 -0.265847 -1.11755
v 11.4444 -47.8453 -231.079
vn 0.389517 -0.351465 -1.10981
v 7.19792 -49.23 -232.065
vn -0.092044 0.550147 -0.972567
v -21.199 4.40138 -225.878
vn 0.368833 -0.297086 -1.13189
v 3.56155 -48.1212 -233.605
vn -0.0709563 0.510544 -1.00693
v -25.5215 1.47348 -227.367
vn -0.0617179 0.421293 -1.06598
v -27.5003 -5.16099 -231.555
vn 0.235356 -0.242856 -1.17597
v -10.5976 -43.3201 -238.391
vn -0.044952 0.339146 -1.1102
v -25.3501 -12.6264 -235.571
vn 0.167541 -0.170484 -1.19515
v -13.3899 -36.5025 -239.631
vn -0.0165594 0.361957 -1.10273
v -28.3171 -10.6031 -234.186
vn 0.0436169 0.191629 -1.16981
v -24.5426 -22.3484 -239.167
vn -0.00547984 0.304823 -1.12902
v -28.4645 -15.1075 -236.112
vn 0.0306715 0.266331 -1.14592
v -27.7667 -20.5056 -238.265
vn 0.100289 0.132451 -1.18382
v -28.5315 -25.9834 -240.083
vn 0.103017 0.00779501 -1.20142
v -22.8411 -29.3666 -240.359
vn 0.953732 0.386399 -0.308526
v 54.6231 11.7339 -180.069
vn 0.883686 0.423038 -0.512942
v 59.5712 1.28447 -180.681
vn 0.669797 0.718725 -0.339741
v 40.0559 26.9526 -178.004
vn 0.87655 0.213092 -0.723976
v 60.8622 -10.9376 -188.211
vn 0.742327 0.0196765 -0.939802
v 57.5914 -33.477 -201.122
vn 0.711757 0.00655356 -0.968077
v 55.1107 -33.2034 -202.906
vn 0.275651 0.887617 -0.406684
v 22.0041 34.9211 -184.348
vn -0.00248334 0.901875 -0.429063
v 15.5871 34.9361 -187.399
vn -0.0597422 0.789119 -0.700058
v 10.5444 30.1645 -200.838
vn -0.10154 0.793342 -0.679568
v 5.61687 27.0232 -203.393
vn 0.656629 -0.265887 -0.990808
v 35.6197 -41.4115 -218.204
vn -0.0845211 0.804025 -0.665655
v -3.77192 22.1795 -210.772
vn 0.560751 -0.17507 -1.06994
v 22.4031 -44.8267 -225.973
vn -0.0111886 0.266347 -1.14323
v -24.7533 -17.6712 -237.599
vn 0.861074 0.536531 -0.28451
v 52.6261 15.4722 -175.242
vn 0.911772 0.276565 -0.6189
v 60.328 -2.80924 -183.868
vn 0.630835 0.732407 -0.408978
v 35.0984 29.9964 -181.702
vn 0.911297 0.0912145 -0.720974
v 59.0961 -14.7991 -192.843
vn 0.850453 0.171626 -0.781637
v 59.7 -16.3553 -192.301
vn 0.847784 0.100554 -0.809949
v 57.1591 -18.6653 -196.726
vn 0.381827 0.875812 -0.295575
v 28.7503 33.4975 -181.822
vn 0.749002 0.143486 -0.907411
v 58.1676 -25.3899 -198.016
vn 0.747115 0.147077 -0.90813
v 58.6537 -26.9531 -197.962
vn 0.80168 0.0219433 -0.880418
v 52.9728 -24.7017 -202.802
vn 0.766073 0.0267061 -0.916428
v 51.0917 -28.312 -204.973
vn 0.766759 -0.0777497 -0.922264
v 45.8254 -35.3049 -211.226
vn 0.727147 -0.0267471 -0.95752
v 51.3158 -35.2328 -206.343
vn 0.701458 -0.217046 -0.96634
v 42.4072 -37.6253 -213.971
vn 0.724919 -0.225147 -0.944601
v 46.1723 -39.244 -210.261
vn 0.690846 -0.264753 -0.964356
v 42.0095 -40.0816 -213.645
vn 0.629507 -0.271854 -1.00887
v 33.8046 -40.2792 -220.059
vn 0.586765 -0.226918 -1.04662
v 26.8991 -44.7119 -223.342
vn 0.501672 -0.180924 -1.10018
v 15.685 -44.8836 -229.535
vn 0.502608 -0.180462 -1.09979
v 15.6414 -42.119 -230.007
vn -0.140716 0.600311 -0.916535
v -16.256 10.7053 -221.663
vn 0.445118 -0.192289 -1.12388
v 11.2435 -45.4606 -231.446
vn -0.0855602 0.508694 -1.00557
v -19.0971 1.37113 -228.604
vn 0.394342 -0.236155 -1.13623
v 6.25241 -44.0016 -233.528
vn 0.38273 -0.219219 -1.14305
v 3.22646 -40.5874 -235.19
vn 0.345453 -0.203685 -1.15697
v -3.1639 -39.0042 -237.473
vn -0.0619716 0.454019 -1.04642
v -23.8646 -3.97665 -231.443
vn 0.356172 -0.250694 -1.14599
v -1.33479 -44.2951 -236.01
vn 0.258186 -0.178563 -1.18111
v -6.8833 -37.9581 -238.613
vn 0.297664 -0.246757 -1.16256
v -5.75479 -41.7028 -237.657
vn 0.231206 -0.221704 -1.18019
v -9.07312 -40.018 -238.67
vn 0.130368 -0.0760889 -1.20316
v -15.1875 -31.6156 -239.96
vn 0.053226 0.159022 -1.17828
v -21.2695 -21.6804 -239.046
vn 0.0976243 0.0312963 -1.19947
v -18.0007 -27.9495 -240.008
vn 0.958411 0.357376 -0.372554
v 55.467 9.32287 -181.009
vn 0.806845 0.59671 -0.317058
v 49.8603 18.1608 -178.767
vn 0.731113 0.665881 -0.351316
v 45.241 22.776 -178.962
vn 0.961954 0.198473 -0.568787
v 57.8923 -4.56533 -190.946
vn 0.693204 0.68871 -0.394671
v 43.5906 23.5002 -181.645
vn 0.947837 0.13261 -0.638995
v 59.7462 -9.61024 -189.705
vn 0.479561 0.816706 -0.419504
v 29.4288 32.9675 -184.137
vn -0.0317325 0.804753 -0.678769
v 3.59792 24.9589 -206.849
vn -0.00285512 0.800213 -0.692259
v 0.279002 23.3608 -209.22
vn 0.553195 -0.238644 -1.06412
v 27.1238 -40.8536 -223.922
vn 0.547732 -0.213624 -1.07169
v 23.8263 -40.6412 -225.75
vn 0.439864 -0.198106 -1.12521
v 7.57236 -41.6217 -233.491
vn 0.311029 -0.135164 -1.17333
v -5.80782 -36.1141 -238.492
vn 0.169309 -0.124112 -1.19858
v -12.5564 -34.2862 -239.741
vn 0.969527 0.278132 -0.468924
v 56.6858 2.86333 -187.481
vn 0.649162 0.722305 -0.396894
v 38.1374 26.7851 -185.206
vn 0.921961 0.0590705 -0.712447
v 58.0695 -13.1799 -193.95
vn 0.542881 0.769233 -0.473462
v 30.9207 31.4507 -186.037
vn 0.346021 0.843713 -0.50323
v 25.402 32.7066 -188.777
vn 0.827802 -0.0450848 -0.857008
v 47.1468 -32.1352 -209.488
vn 0.123766 0.855163 -0.580742
v 14.9797 32.439 -196.2
vn 0.745862 -0.122713 -0.94014
v 44.5259 -33.6144 -212.472
vn -0.0783457 0.713351 -0.808617
v -6.07131 19.0093 -215.079
vn -0.0587935 0.613149 -0.923832
v -11.8709 12.6434 -221.036
vn 0.450576 -0.226392 -1.11643
v 9.43529 -39.4884 -232.987
vn -0.0970416 0.489541 -1.0168
v -16.681 0.98116 -229.304
vn -0.0913557 0.414126 -1.06499
v -19.1677 -5.68501 -233.006
vn 0.206251 -0.0710038 -1.19567
v -10.8587 -31.9997 -239.603
vn 0.138532 0.0111684 -1.19934
v -15.0435 -27.3876 -239.859
vn 0.83693 0.51406 -0.47088
v 50.9137 15.6184 -183.63
vn 0.880443 0.479394 -0.408344
v 53.5674 13.1641 -180.769
vn 0.934597 0.364127 -0.457992
v 55.3147 7.22627 -186.296
vn 0.800076 0.589696 -0.383295
v 49.3329 18.1343 -181.821
vn 0.760535 0.618809 -0.425688
v 47.546 19.4166 -183.581
vn 0.92997 -0.0105186 -0.711866
v 57.3075 -10.9224 -195.102
vn 0.869562 0.010818 -0.800121
v 54.6209 -18.9708 -199.917
vn 0.823352 -0.0544738 -0.862434
v 49.8111 -28.3594 -206.349
vn 0.29345 0.845537 -0.539457
v 20.0851 32.7922 -192.305
vn 0.757811 -0.151261 -0.926327
v 42.4937 -30.4698 -214.801
vn -0.0197506 0.769773 -0.740467
v 9.15678 26.4773 -205.54
vn 0.69346 -0.183148 -0.978625
v 39.5776 -35.8506 -216.446
vn 0.557916 -0.262152 -1.05648
v 29.3251 -36.3691 -223.626
vn -0.0366019 0.748308 -0.769808
v -2.59697 20.4387 -213.81
vn -0.052527 0.657971 -0.87957
v -8.69596 15.3119 -218.734
vn -0.0351821 0.586377 -0.952065
v -10.2084 8.83671 -224.634
vn 0.485371 -0.188222 -1.10694
v 15.6921 -39.7547 -230.114
vn -0.0112227 0.588084 -0.953551
v -12.3773 9.83398 -223.372
vn -0.0904628 0.595759 -0.933708
v -10.225 7.43565 -225.809
vn -0.0868548 0.55987 -0.965698
v -13.9242 8.7816 -224.042
vn -0.125001 0.476898 -1.01917
v -15.4369 -1.74802 -231.502
vn -0.107336 0.363138 -1.08871
v -16.0606 -5.81898 -233.832
vn -0.0145124 0.250749 -1.14839
v -16.817 -13.6014 -237.003
vn -0.0592414 0.311133 -1.12044
v -20.1167 -11.823 -235.701
vn -0.00888377 0.238757 -1.15286
v -19.9787 -17.1111 -237.717
vn 0.0650386 0.124251 -1.18594
v -17.7705 -21.5472 -239.085
vn 0.870143 0.455438 -0.494285
v 52.1714 11.5048 -187.637
vn 0.837319 -0.0350803 -0.845314
v 51.0867 -22.6379 -204.811
vn 0.822521 -0.0695508 -0.863568
v 45.9805 -29.9042 -211.052
vn -0.00876483 0.791205 -0.707118
v 4.14211 23.2162 -210.013
vn 0.524863 -0.207872 -1.08482
v 22.6668 -37.6952 -226.94
vn -0.0576831 0.618343 -0.91906
v -5.63584 12.991 -221.484
vn 0.473077 -0.181004 -1.11341
v 11.2089 -36.4278 -232.894
vn 0.364336 -0.174982 -1.15492
v -0.0289902 -37.5331 -236.657
vn 0.812455 0.545141 -0.470259
v 47.944 17.948 -186.424
vn 0.850901 0.492689 -0.476245
v 50.0302 14.2352 -188.417
vn 0.921776 0.365863 -0.49569
v 54.9682 6.0116 -189.126
vn 0.963227 0.242836 -0.527923
v 55.9235 2.15914 -191.225
vn 0.957091 0.0814712 -0.641034
v 57.6096 -7.17135 -193.373
vn 0.743628 0.62873 -0.445834
v 45.2068 20.5894 -187.013
vn 0.683912 0.687644 -0.426557
v 41.4982 23.511 -188.063
vn 0.95713 0.0952379 -0.635925
v 56.0363 -7.64397 -196.87
vn 0.582549 0.747879 -0.466472
v 34.5204 28.9291 -187.103
vn 0.88604 -0.0797984 -0.782913
v 52.2407 -17.773 -203.139
vn 0.441808 0.787331 -0.561009
v 28.6647 30.9517 -190.382
vn 0.321228 0.79533 -0.638691
v 19.9932 31.3499 -196.21
vn 0.825225 -0.0967825 -0.859918
v 45.3213 -24.3968 -212.081
vn 0.841402 -0.0894211 -0.841052
v 46.2994 -26.5454 -210.532
vn 0.782973 -0.14035 -0.902653
v 41.3918 -28.0911 -216.16
vn 0.71147 -0.206635 -0.959882
v 37.5968 -30.1941 -219.179
vn 0.657315 -0.249416 -0.994222
v 33.2569 -35.7497 -221.384
vn 0.613843 -0.227452 -1.02928
v 32.9564 -33.0083 -222.348
vn 0.522902 -0.240832 -1.08004
v 25.7336 -34.5108 -225.976
vn 0.505676 -0.243744 -1.08818
v 23.0387 -32.353 -227.708
vn -0.0188772 0.631283 -0.912321
v -4.95455 15.5277 -219.485
vn 0.495886 -0.256176 -1.09041
v 17.0724 -31.6668 -230.803
vn 0.498274 -0.195349 -1.09991
v 16.2087 -35.182 -230.46
vn -0.180167 0.617065 -0.887172
v -7.693 8.39145 -225.784
vn -0.157432 0.544912 -0.960088
v -10.1095 5.11231 -227.928
vn 0.435833 -0.172099 -1.13006
v 8.87348 -34.721 -233.939
vn 0.396593 -0.202519 -1.14083
v 7.88653 -31.365 -234.85
vn 0.400401 -0.184149 -1.14191
v 4.38421 -36.5073 -235.378
vn 0.351801 -0.164929 -1.15977
v -0.0593066 -33.2047 -237.1
vn -0.124079 0.299271 -1.11383
v -13.5418 -6.44225 -234.484
vn 0.171576 -0.00234568 -1.19752
v -4.88465 -25.0388 -238.939
vn 0.0488855 0.186433 -1.17133
v -13.655 -15.8266 -237.696
vn 0.240544 -0.107541 -1.18963
v -6.57783 -30.4688 -238.903
vn 0.124949 0.154265 -1.17798
v -13.9232 -19.2638 -238.677
vn 0.167966 0.0447425 -1.19355
v -10.2747 -24.2602 -239.054
vn 0.915164 0.361716 -0.520147
v 54.1727 6.08217 -191.344
vn 0.919509 -0.0563363 -0.732397
v 53.7591 -13.7804 -201.161
vn 0.861144 -0.0884916 -0.81635
v 48.1486 -20.2236 -208.689
vn 0.218465 0.772889 -0.7222
v 18.3509 27.7244 -202.636
vn 0.153864 0.751178 -0.769476
v 13.9259 28.0214 -203.561
vn 0.00874361 0.759924 -0.759503
v 3.877 21.0913 -213.648
vn 0.460068 -0.232781 -1.11128
v 12.2417 -31.2641 -233.089
vn -0.0724336 0.188374 -1.16049
v -12.1469 -10.1518 -236.564
vn 0.969585 0.193616 -0.553213
v 55.0355 -0.134766 -194.849
vn 0.615248 0.730443 -0.453989
v 37.5099 25.8734 -190.276
vn 0.528937 0.757507 -0.528433
v 33.4965 27.9284 -191.181
vn 0.416604 0.785467 -0.589761
v 29.1589 28.923 -194.082
vn 0.296862 0.7968 -0.649063
v 21.8707 29.0585 -199.126
vn 0.758776 -0.120472 -0.928215
v 40.4997 -26.0877 -217.144
vn 0.010846 0.771677 -0.741731
v 7.2441 21.701 -212.969
vn 0.689472 -0.169503 -0.983687
v 36.7443 -27.9445 -220.184
vn 0.593996 -0.192739 -1.04783
v 31.8746 -31.0986 -223.24
vn -0.016481 0.680934 -0.85969
v -1.22664 17.9822 -217.245
vn -0.13058 0.406364 -1.06106
v -13.0829 -4.34648 -233.681
vn 0.80484 0.548626 -0.483052
v 47.0013 17.2752 -190.42
vn 0.739655 0.626417 -0.463003
v 43.9892 20.7805 -189.679
vn 0.799243 0.554953 -0.483636
v 45.4907 18.1745 -192.465
vn 0.968196 0.103451 -0.608928
v 54.8102 -3.68722 -197.578
vn 0.930111 0.00586933 -0.709433
v 54.5898 -7.44396 -199.174
vn 0.956286 0.0189081 -0.659523
v 53.5045 -4.79141 -200.889
vn 0.898582 -0.0850263 -0.764665
v 50.7953 -11.3271 -205.635
vn 0.891778 -0.0717299 -0.774805
v 52.1567 -12.6465 -203.508
vn 0.852541 -0.0945969 -0.827113
v 48.0975 -16.7726 -208.66
vn 0.286213 0.787787 -0.671319
v 23.7491 27.6576 -201.374
vn 0.82609 -0.0626522 -0.859426
v 45.4831 -20.5706 -211.747
vn 0.802222 -0.0662866 -0.886056
v 43.6537 -22.9269 -213.908
vn 0.73882 -0.0866423 -0.948238
v 39.4105 -24.7333 -218.257
vn 0.139595 0.761479 -0.75618
v 13.5625 23.6446 -210.519
vn 0.0903901 0.772718 -0.742969
v 12.779 25.6051 -207.121
vn 0.635262 -0.142847 -1.02669
v 35.1783 -26.664 -221.618
vn 0.543042 -0.207887 -1.07518
v 26.9545 -30.5259 -226.154
vn 0.517304 -0.23201 -1.08459
v 23.6437 -29.5959 -227.977
vn 0.523457 -0.253629 -1.07716
v 20.2853 -29.0064 -229.835
vn -0.141654 0.566599 -0.946582
v -5.17205 7.34146 -227.731
vn 0.38514 -0.208819 -1.14384
v 8.59104 -27.6096 -235.119
vn 0.323429 -0.151127 -1.16895
v -0.814453 -29.0464 -237.769
vn 0.304107 -0.163573 -1.1727
v 5.01347 -24.7668 -236.583
vn 0.315709 -0.111571 -1.17345
v -1.72231 -25.5779 -238.147
vn -0.0618815 0.289586 -1.12874
v -8.41647 -6.56848 -235.746
vn 0.946492 0.293457 -0.52069
v 52.6754 4.74422 -197.087
vn 0.972652 0.132326 -0.584846
v 53.8152 -0.977576 -198.686
vn 0.66391 -0.0700901 -1.00953
v 35.6034 -24.0522 -221.374
vn 0.554788 -0.167617 -1.07417
v 27.6964 -27.3039 -226.154
vn -0.0164926 0.71277 -0.82127
v 3.21753 17.3338 -218.777
vn 0.464096 -0.262122 -1.10376
v 15.3221 -27.2563 -232.512
vn -0.161814 0.476461 -1.00976
v -7.7956 1.84155 -231.402
vn 0.158105 -0.042673 -1.20074
v -1.65883 -19.5533 -237.964
vn -0.000124902 0.0830941 -1.19072
v -6.94577 -11.9342 -237.087
vn 0.851753 0.480888 -0.497207
v 48.9222 13.3917 -192.921
vn 0.876843 0.43293 -0.514944
v 50.8111 8.95479 -196.236
vn 0.628519 0.709628 -0.488262
v 38.5102 24.2494 -193.4
vn 0.748366 0.600988 -0.504323
v 43.62 18.8879 -195.44
vn 0.954638 0.207305 -0.579856
v 52.6935 3.10723 -198.679
vn 0.461848 0.767805 -0.585181
v 31.6313 26.5912 -197.253
vn 0.907073 -0.0639656 -0.752058
v 51.1648 -7.63452 -205.158
vn 0.785904 -0.0772001 -0.903161
v 44.9788 -13.3072 -212.354
vn 0.786632 -0.0544538 -0.902278
v 42.4318 -20.2668 -215.195
vn 0.724192 -0.0438983 -0.960878
v 39.1144 -21.8729 -218.354
vn 0.699052 -0.0386762 -0.981732
v 36.7622 -19.1938 -220.37
vn 0.0629533 0.730262 -0.804609
v 8.01668 19.0229 -217.142
vn 0.668356 -0.118162 -1.00478
v 33.4456 -21.69 -222.929
vn 0.599331 -0.187253 -1.04527
v 27.357 -24.9123 -226.538
vn 0.0619851 0.655267 -0.893421
v 5.60037 15.7561 -221.005
vn 0.539436 -0.253761 -1.06863
v 21.6792 -25.3163 -230.161
vn -0.075836 0.667427 -0.864495
v 0.683375 14.3565 -221.781
vn 0.0086621 0.630489 -0.916022
v 2.23674 12.5501 -224.044
vn -0.0939449 0.612428 -0.91733
v -3.52969 8.81423 -226.826
vn 0.0229355 0.548234 -0.989584
v -1.2633 7.91356 -227.936
vn 0.00367337 0.438314 -1.06361
v -3.69511 2.60802 -231.711
vn 0.403564 -0.211993 -1.13697
v 13.5427 -24.0857 -234.025
vn -0.0843902 0.491171 -1.01817
v -6.30107 1.91037 -231.719
vn 0.0673646 0.309137 -1.13034
v -4.09649 -4.12305 -235.03
vn 0.285728 -0.0998935 -1.181
v 4.05128 -20.3703 -237.214
vn 0.00965214 0.228768 -1.15742
v -7.04167 -7.14625 -236.076
vn 0.110132 0.149087 -1.17988
v -3.24485 -10.9457 -237.058
vn -0.0624596 0.379817 -1.08824
v -7.40705 -2.35761 -233.745
vn 0.0292955 0.0640904 -1.19513
v -4.53902 -13.123 -237.51
vn 0.954717 0.0936552 -0.641454
v 52.6853 -1.79517 -201.579
vn 0.827929 -0.106118 -0.856337
v 46.4992 -9.68532 -210.995
vn 0.830375 -0.090175 -0.85417
v 47.0446 -14.0817 -210.133
vn 0.751142 -0.0413676 -0.936591
v 40.2627 -16.3402 -217.136
vn 0.635535 -0.100782 -1.02915
v 31.143 -21.0449 -224.738
vn 0.464705 -0.187778 -1.11623
v 16.4452 -21.991 -233.108
vn 0.191466 0.0408648 -1.19138
v 0.139475 -14.9466 -237.557
vn 0.919865 0.188836 -0.664058
v 51.2815 1.74018 -202.4
vn 0.441503 0.742872 -0.653581
v 30.4453 24.8335 -201.7
vn 0.178384 0.715281 -0.814579
v 14.7266 20.4398 -214.351
vn 0.596572 -0.114927 -1.05394
v 22.9667 -22.5283 -229.839
vn 0.110436 0.575778 -0.967453
v 4.31084 11.447 -224.872
vn 0.17515 0.204282 -1.16088
v -0.713304 -9.45184 -236.638
vn 0.839673 0.467529 -0.54948
v 48.4085 10.9323 -198.738
vn 0.800488 0.517975 -0.55238
v 45.416 16.7652 -195.58
vn 0.916255 0.324147 -0.563469
v 51.3646 5.26401 -199.938
vn 0.663991 0.663469 -0.535451
v 39.9749 21.7372 -197.011
vn 0.775519 0.495977 -0.631512
v 46.0927 12.7489 -200.42
vn 0.839276 0.402419 -0.635157
v 48.9839 8.78389 -200.789
vn 0.873605 0.270291 -0.693282
v 50.7577 5.1268 -201.411
vn 0.803138 0.354879 -0.736024
v 48.4539 7.51522 -202.893
vn 0.842691 0.219447 -0.769951
v 49.4823 2.19104 -204.94
vn 0.546596 0.724178 -0.582011
v 36.8651 23.0705 -198.591
vn 0.797995 0.229605 -0.821653
v 49.0338 2.07492 -205.616
vn 0.853612 0.0892191 -0.805501
v 50.5382 -3.3506 -206.171
vn 0.922018 0.00858939 -0.72258
v 51.1662 -3.52936 -205.259
vn 0.520662 0.67028 -0.703888
v 34.783 22.817 -201.705
vn 0.779081 0.0798627 -0.894018
v 47.7145 -3.56124 -209.122
vn 0.777228 0.142076 -0.879427
v 47.5088 -2.73675 -209.122
vn 0.772987 -0.0283684 -0.914983
v 46.1019 -8.64929 -211.478
vn 0.760692 -0.0685724 -0.928148
v 42.4425 -12.3026 -214.936
vn 0.333043 0.742379 -0.725431
v 25.5589 25.2588 -204.424
vn 0.734898 0.0314149 -0.945017
v 43.8428 -6.50585 -213.313
vn 0.72794 -0.0188011 -0.956327
v 41.8521 -10.8812 -215.43
vn 0.720741 0.0141862 -0.959618
v 43.658 -7.78388 -213.571
vn 0.400112 0.663749 -0.798834
v 25.6136 22.6784 -208.169
vn 0.721683 -0.0317045 -0.962524
v 38.8753 -14.2646 -218.224
vn 0.237906 0.725518 -0.787202
v 17.4608 22.3907 -211.214
vn 0.711463 -0.0406485 -0.971592
v 35.8954 -10.27 -220.09
vn 0.689059 -0.0152949 -0.988437
v 36.5033 -14.8162 -220.294
vn 0.664786 -0.0277338 -1.00777
v 35.5609 -16.9386 -221.046
vn 0.266086 0.669896 -0.848509
v 16.2899 19.3743 -215.445
vn 0.688371 -0.0309554 -0.989915
v 33.0073 -13.0191 -222.68
vn 0.136446 0.689095 -0.85258
v 9.24458 17.666 -218.767
vn 0.690338 -0.0561478 -0.989212
v 30.4572 -11.8621 -224.712
vn 0.216609 0.615369 -0.918285
v 11.3787 16.6848 -219.586
vn 0.132861 0.611527 -0.934088
v 8.08907 15.5919 -221.008
vn 0.201101 0.552172 -0.976825
v 8.37533 10.8297 -225.11
vn 0.645587 -0.0864564 -1.02257
v 26.1941 -15.7927 -228.049
vn 0.626233 -0.0989782 -1.03552
v 24.5766 -20.1935 -229.032
vn 0.521508 -0.151591 -1.09353
v 19.8879 -22.1353 -231.574
vn 0.11309 0.511353 -1.01751
v 2.46511 6.55847 -228.978
vn 0.384558 -0.0923927 -1.15397
v 12.3432 -20.6407 -234.866
vn 0.141216 0.360587 -1.10474
v 1.88414 0.69385 -232.833
vn 0.294116 0.0703259 -1.16941
v 6.59082 -11.9722 -236.087
vn 0.0754505 0.423332 -1.07482
v -1.19165 2.13113 -231.902
vn 0.192582 0.200134 -1.15999
v 3.39141 -8.24303 -235.78
vn 0.298941 -0.00682589 -1.17639
v 6.11393 -17.9683 -236.556
vn 0.13805 0.27324 -1.14178
v -0.822157 -4.04725 -234.715
vn 0.206636 0.110365 -1.17906
v 2.74851 -12.7115 -236.817
vn 0.676883 0.602097 -0.629239
v 40.2734 20.2863 -199.292
vn 0.580891 0.597314 -0.746924
v 38.322 19.3752 -202.683
vn 0.763017 0.175917 -0.882682
v 46.1101 -0.141673 -209.515
vn 0.585461 -0.0603395 -1.06186
v 23.6758 -13.7511 -229.782
vn 0.518292 -0.095109 -1.09853
v 19.9663 -19.0267 -231.666
vn 0.24544 0.463442 -1.03244
v 6.32578 6.37683 -228.813
vn 0.448879 -0.0549177 -1.13032
v 14.9639 -16.5466 -233.961
vn 0.340332 0.0657785 -1.15814
v 12.4261 -13.5176 -234.676
vn 0.715366 0.534136 -0.672464
v 40.8729 17.4849 -202.148
vn 0.790759 0.41058 -0.704549
v 46.5902 9.44453 -203.738
vn 0.781045 0.295666 -0.805585
v 46.4098 7.65245 -205.407
vn 0.771771 0.26457 -0.833952
v 47.7775 2.32185 -206.751
vn 0.732225 0.468809 -0.725714
v 42.3614 13.0682 -205.649
vn 0.614683 0.581843 -0.732655
v 38.8746 16.2051 -205.988
vn 0.475612 0.622903 -0.801125
v 31.1043 20.7564 -206.65
vn 0.496753 0.628983 -0.77885
v 32.302 17.8574 -209.419
vn 0.544654 0.584896 -0.79306
v 34.9592 16.2386 -209.276
vn 0.75464 0.0690446 -0.920496
v 43.2505 -3.92611 -213.255
vn 0.437538 0.610206 -0.83922
v 29.4648 17.3751 -211.9
vn 0.400303 0.629975 -0.838193
v 28.2735 18.004 -211.884
vn 0.726756 0.00167656 -0.955689
v 39.6669 -5.84587 -216.859
vn 0.375765 0.616684 -0.864524
v 25.1928 20.1858 -210.848
vn 0.321067 0.607018 -0.896818
v 19.5022 14.9764 -218.545
vn 0.703361 -0.0207035 -0.977285
v 32.5086 -8.13015 -223.029
vn 0.358537 0.57388 -0.913635
v 20.3071 14.279 -218.887
vn 0.300051 0.569252 -0.938781
v 14.1379 15.5351 -219.739
vn 0.27093 0.503946 -0.99886
v 13.1969 7.05622 -226.794
vn 0.29132 0.486564 -1.00578
v 11.132 9.92674 -225.034
vn 0.44214 0.0323831 -1.12751
v 17.6928 -11.3245 -232.586
vn 0.22437 0.422841 -1.06132
v 4.58824 1.40804 -231.95
vn 0.295564 0.16025 -1.15163
v 11.9164 -6.42884 -233.627
vn 0.245976 0.242786 -1.13838
v 6.30058 -2.72112 -233.525
vn 0.326252 0.19218 -1.13537
v 7.03181 -8.67197 -235.099
vn 0.652788 0.546273 -0.734684
v 41.026 13.7713 -206.589
vn 0.772394 0.297382 -0.81465
v 43.7907 6.44103 -209.081
vn 0.775859 0.122277 -0.886757
v 42.9846 -0.758618 -213.255
vn 0.327951 0.534218 -0.958911
v 18.586 13.347 -220.3
vn 0.33385 0.258561 -1.11188
v 13.9751 -3.66112 -232.223
vn 0.684815 0.44992 -0.79803
v 40.3891 12.3575 -208.803
vn 0.546921 0.529976 -0.84732
v 35.0029 13.779 -211.867
vn 0.655913 0.094408 -0.998522
v 31.8562 -6.1629 -223.292
vn 0.371934 0.515599 -0.95727
v 22.0742 12.431 -219.663
vn 0.562538 0.0314842 -1.06935
v 23.8832 -10.7479 -229.553
vn 0.344228 0.379401 -1.0552
v 13.4277 1.58944 -230.156
vn 0.276614 0.367337 -1.08024
v 10.428 1.53527 -231.102
vn 0.40668 0.162291 -1.11752
v 15.3995 -6.32729 -232.55
vn 0.58708 0.388419 -0.927828
v 39.1397 11.8591 -210.585
vn 0.739207 0.228252 -0.885594
v 42.1616 3.45713 -212.448
vn 0.700717 0.240432 -0.916216
v 40.8797 3.33121 -213.761
vn 0.502686 0.543209 -0.865876
v 32.7288 14.8597 -212.499
vn 0.606509 0.215829 -0.999015
v 36.5738 -1.99943 -218.803
vn 0.705817 0.085447 -0.961024
v 39.1945 -2.53902 -216.813
vn 0.399177 0.582612 -0.887452
v 28.6624 15.5981 -214.149
vn 0.528755 0.374976 -0.974117
v 32.2747 12.3315 -214.564
vn 0.459365 0.486547 -0.938928
v 29.7486 14.2236 -214.895
vn 0.656495 0.00655323 -1.01133
v 28.9182 -8.72915 -225.885
vn 0.431114 0.428423 -0.993144
v 20.9162 9.25596 -222.442
vn 0.350446 0.467682 -1.00014
v 16.4083 7.11408 -225.587
vn 0.559843 0.223821 -1.02581
v 24.82 -8.17006 -228.506
vn 0.456873 0.370367 -1.01519
v 16.1117 3.18089 -228.231
vn 0.444611 0.278546 -1.06418
v 15.2999 -1.75737 -231.081
vn 0.489485 0.147851 -1.08623
v 19.8148 -8.27204 -231.16
vn -0.200264 -1.02384 -0.074037
v 37.4675 -14.7394 -83.6305
vn 0.213535 -1.00749 0.112045
v 42.3881 -15.8034 -92.4688
vn 0.205813 0.681292 0.440844
v 47.0996 -6.93675 -85.9631
vn 0.30539 -0.941462 0.225284
v 46.7861 -19.3146 -100.145
vn -0.217418 0.839651 -0.504875
v 68.191 -13.7957 -101.734
vn 0.41484 -0.606589 0.565167
v 68.1709 -13.6484 -102.238
vn -0.589886 0.152016 0.512815
v 66.9237 -14.5148 -102.834
vn -0.377448 -0.119719 0.687926
v 85.6648 -8.26824 -108.687
vn 0.875996 0.509441 -0.0840982
v 61.5697 -68.8836 -160.615
vn -0.36794 -0.623564 0.503361
v 80.6077 -10.8456 -111.213
vn -0.447641 -0.733827 0.334797
v 64.6127 -22.8433 -133.949
vn 1.05997 -0.211095 -0.198486
v 70.4533 -70.1867 -181.448
vn 0.990097 -0.230563 -0.562268
v 70.648 -68.6046 -182.808

vt 0 0
vt 0 0
vt 0 0
vt 0 0
vt 0 0
vt 0 0
vt 0 0
vt 0 0
vt 0 0
vt 0 0
vt 0 0
vt 0 0
vt 0 0
vt 0 0
vt 0 0
vt 0 0
vt 0 0
vt 0 0
vt 0 0
vt 0 0
vt 0 0
vt 0 0
vt 0 0
vt 0 0
vt 0 0
vt 0 0
vt 0 0
vt 0 0
vt 0 0
vt 0 0
vt 0 0
vt 0 0
vt 0 0
vt 0 0
vt 0 0
vt 0 0
vt 0 0
vt 0 0
vt 0 0
vt 0 0
vt 0 0
vt 0 0
vt 0 0
vt 0 0
vt 0 0
vt 0 0
vt 0 0
vt 0 0
vt 0 0
vt 0 0
vt 0 0
vt 0 0
vt 0 0
vt 0 0
vt 0 0
vt 0 0
vt 0 0
vt 0 0
vt 0 0
vt 0 0
vt 0 0
vt 0 0
vt 0 0
vt 0 0
vt 0 0
vt 0 0
vt 0 0
vt 0 0
vt 0 0
vt 0 0
vt 0 0
vt 0 0
vt 0 0
vt 0 0
vt 0 0
vt 0 0
vt 0 0
vt 0 0
vt 0 0
vt 0 0
vt 0 0
vt 0 0
vt 0 0
vt 0 0
vt 0 0
vt 0 0
vt 0 0
vt 0 0
vt 0 0
vt 0 0
vt 0 0
vt 0 0
vt 0 0
vt 0 0
vt 0 0
vt 0 0
vt 0 0
vt 0 0
vt 0 0
vt 0 0
vt 0 0
vt 0 0
vt 0 0
vt 0 0
vt 0 0
vt 0 0
vt 0 0
vt 0 0
vt 0 0
vt 0 0
vt 0 0
vt 0 0
vt 0 0
vt 0 0
vt 0 0
vt 0 0
vt 0 0
vt 0 0
vt 0 0
vt 0 0
vt 0 0
vt 0 0
vt 0 0
vt 0 0
vt 0 0
vt 0 0
vt 0 0
vt 0 0
vt 0 0
vt 0 0
vt 0 0
vt 0 0
vt 0 0
vt 0 0
vt 0 0
vt 0 0
vt 0 0
vt 0 0
vt 0 0
vt 0 0
vt 0 0
vt 0 0
vt 0 0
vt 0 0
vt 0 0
vt 0 0
vt 0 0
vt 0 0
vt 0 0
vt 0 0
vt 0 0
vt 0 0
vt 0 0
vt 0 0
vt 0 0
vt 0 0
vt 0 0
vt 0 0
vt 0 0
vt 0 0
vt 0 0
vt 0 0
vt 0 0
vt 0 0
vt 0 0
vt 0 0
vt 0 0
vt 0 0
vt 0 0
vt 0 0
vt 0 0
vt 0 0
vt 0 0
vt 0 0
vt 0 0
vt 0 0
vt 0 0
vt 0 0
vt 0 0
vt 0 0
vt 0 0
vt 0 0
vt 0 0
vt 0 0
vt 0 0
vt 0 0
vt 0 0
vt 0 0
vt 0 0
vt 0 0
vt 0 0
vt 0 0
vt 0 0
vt 0 0
vt 0 0
vt 0 0
vt 0 0
vt 0 0
vt 0 0
vt 0 0
vt 0 0
vt 0 0
vt 0 0
vt 0 0
vt 0 0
vt 0 0
vt 0 0
vt 0 0
vt 0 0
vt 0 0
vt 0 0
vt 0 0
vt 0 0
vt 0 0
vt 0 0
vt 0 0
vt 0 0
vt 0 0
vt 0 0
vt 0 0
vt 0 0
vt 0 0
vt 0 0
vt 0 0
vt 0 0
vt 0 0
vt 0 0
vt 0 0
vt 0 0
vt 0 0
vt 0 0
vt 0 0
vt 0 0
vt 0 0
vt 0 0
vt 0 0
vt 0 0
vt 0 0
vt 0 0
vt 0 0
vt 0 0
vt 0 0
vt 0 0
vt 0 0
vt 0 0
vt 0 0
vt 0 0
vt 0 0
vt 0 0
vt 0 0
vt 0 0
vt 0 0
vt 0 0
vt 0 0
vt 0 0
vt 0 0
vt 0 0
vt 0 0
vt 0 0
vt 0 0
vt 0 0
vt 0 0
vt 0 0
vt 0 0
vt 0 0
vt 0 0
vt 0 0
vt 0 0
vt 0 0
vt 0 0
vt 0 0
vt 0 0
vt 0 0
vt 0 0
vt 0 0
vt 0 0
vt 0 0
vt 0 0
vt 0 0
vt 0 0
vt 0 0
vt 0 0
vt 0 0
vt 0 0
vt 0 0
vt 0 0
vt 0 0
vt 0 0
vt 0 0
vt 0 0
vt 0 0
vt 0 0
vt 0 0
vt 0 0
vt 0 0
vt 0 0
vt 0 0
vt 0 0
vt 0 0
vt 0 0
vt 0 0
vt 0 0
vt 0 0
vt 0 0
vt 0 0
vt 0 0
vt 0 0
vt 0 0
vt 0 0
vt 0 0
vt 0 0
vt 0 0
vt 0 0
vt 0 0
vt 0 0
vt 0 0
vt 0 0
vt 0 0
vt 0 0
vt 0 0
vt 0 0
vt 0 0
vt 0 0
vt 0 0
vt 0 0
vt 0 0
vt 0 0
vt 0 0
vt 0 0
vt 0 0
vt 0 0
vt 0 0
vt 0 0
vt 0 0
vt 0 0
vt 0 0
vt 0 0
vt 0 0
vt 0 0
vt 0 0
vt 0 0
vt 0 0
vt 0 0
vt 0 0
vt 0 0
vt 0 0
vt 0 0
vt 0 0
vt 0 0
vt 0 0
vt 0 0
vt 0 0
vt 0 0
vt 0 0
vt 0 0
vt 0 0
vt 0 0
vt 0 0
vt 0 0
vt 0 0
vt 0 0
vt 0 0
vt 0 0
vt 0 0
vt 0 0
vt 0 0
vt 0 0
vt 0 0
vt 0 0
vt 0 0
vt 0 0
vt 0 0
vt 0 0
vt 0 0
vt 0 0
vt 0 0
vt 0 0
vt 0 0
vt 0 0
vt 0 0
vt 0 0
vt 0 0
vt 0 0
vt 0 0
vt 0 0
vt 0 0
vt 0 0
vt 0 0
vt 0 0
vt 0 0
vt 0 0
vt 0 0
vt 0 0
vt 0 0
vt 0 0
vt 0 0
vt 0 0
vt 0 0
vt 0 0
vt 0 0
vt 0 0
vt 0 0
vt 0 0
vt 0 0
vt 0 0
vt 0 0
vt 0 0
vt 0 0
vt 0 0
vt 0 0
vt 0 0
vt 0 0
vt 0 0
vt 0 0
vt 0 0
vt 0 0
vt 0 0
vt 0 0
vt 0 0
vt 0 0
vt 0 0
vt 0 0
vt 0 0
vt 0 0
vt 0 0
vt 0 0
vt 0 0
vt 0 0
vt 0 0
vt 0 0
vt 0 0
vt 0 0
vt 0 0
vt 0 0
vt 0 0
vt 0 0
vt 0 0
vt 0 0
vt 0 0
vt 0 0
vt 0 0
vt 0 0
vt 0 0
vt 0 0
vt 0 0
vt 0 0
vt 0 0
vt 0 0
vt 0 0
vt 0 0
vt 0 0
vt 0 0
vt 0 0
vt 0 0
vt 0 0
vt 0 0
vt 0 0
vt 0 0
vt 0 0
vt 0 0
vt 0 0
vt 0 0
vt 0 0
vt 0 0
vt 0 0
vt 0 0
vt 0 0
vt 0 0
vt 0 0
vt 0 0
vt 0 0
vt 0 0
vt 0 0
vt 0 0
vt 0 0
vt 0 0
vt 0 0
vt 0 0
vt 0 0
vt 0 0
vt 0 0
vt 0 0
vt 0 0
vt 0 0
vt 0 0
vt 0 0
vt 0 0
vt 0 0
vt 0 0
vt 0 0
vt 0 0
vt 0 0
vt 0 0
vt 0 0
vt 0 0
vt 0 0
vt 0 0
vt 0 0
vt 0 0
vt 0 0
vt 0 0
vt 0 0
vt 0 0
vt 0 0
vt 0 0
vt 0 0
vt 0 0
vt 0 0
vt 0 0
vt 0 0
vt 0 0
vt 0 0
vt 0 0
vt 0 0
vt 0 0
vt 0 0
vt 0 0
vt 0 0
vt 0 0
vt 0 0
vt 0 0
vt 0 0
vt 0 0
vt 0 0
vt 0 0
vt 0 0
vt 0 0
vt 0 0
vt 0 0
vt 0 0
vt 0 0
vt 0 0
vt 0 0
vt 0 0
vt 0 0
vt 0 0
vt 0 0
vt 0 0
vt 0 0
vt 0 0
vt 0 0
vt 0 0
vt 0 0
vt 0 0
vt 0 0
vt 0 0
vt 0 0
vt 0 0
vt 0 0
vt 0 0
vt 0 0
vt 0 0
vt 0 0
vt 0 0
vt 0 0
vt 0 0
vt 0 0
vt 0 0
vt 0 0
vt 0 0
vt 0 0
vt 0 0
vt 0 0
vt 0 0
vt 0 0
vt 0 0
vt 0 0
vt 0 0
vt 0 0
vt 0 0
vt 0 0
vt 0 0
vt 0 0
vt 0 0
vt 0 0
vt 0 0
vt 0 0
vt 0 0
vt 0 0
vt 0 0
vt 0 0
vt 0 0
vt 0 0
vt 0 0
vt 0 0
vt 0 0
vt 0 0
vt 0 0
vt 0 0
vt 0 0
vt 0 0
vt 0 0
vt 0 0
vt 0 0
vt 0 0
vt 0 0
vt 0 0
vt 0 0
vt 0 0
vt 0 0
vt 0 0
vt 0 0
vt 0 0
vt 0 0
vt 0 0
vt 0 0
vt 0 0
vt 0 0
vt 0 0
vt 0 0
vt 0 0
vt 0 0
vt 0 0
vt 0 0
vt 0 0
vt 0 0
vt 0 0
vt 0 0
vt 0 0
vt 0 0
vt 0 0
vt 0 0
vt 0 0
vt 0 0
vt 0 0
vt 0 0
vt 0 0
vt 0 0
vt 0 0
vt 0 0
vt 0 0
vt 0 0
vt 0 0
vt 0 0
vt 0 0
vt 0 0
vt 0 0
vt 0 0
vt 0 0
vt 0 0
vt 0 0
vt 0 0
vt 0 0
vt 0 0
vt 0 0
vt 0 0
vt 0 0
vt 0 0
vt 0 0
vt 0 0
vt 0 0
vt 0 0
vt 0 0
vt 0 0
vt 0 0
vt 0 0
vt 0 0
vt 0 0
vt 0 0
vt 0 0
vt 0 0
vt 0 0
vt 0 0
vt 0 0
vt 0 0
vt 0 0
vt 0 0
vt 0 0
vt 0 0
vt 0 0
vt 0 0
vt 0 0
vt 0 0
vt 0 0
vt 0 0
vt 0 0
vt 0 0
vt 0 0
vt 0 0
vt 0 0
vt 0 0
vt 0 0
vt 0 0
vt 0 0
vt 0 0
vt 0 0
vt 0 0
vt 0 0
vt 0 0
vt 0 0
vt 0 0
vt 0 0
vt 0 0
vt 0 0
vt 0 0
vt 0 0
vt 0 0
vt 0 0
vt 0 0
vt 0 0
vt 0 0
vt 0 0
vt 0 0
vt 0 0
vt 0 0
vt 0 0
vt 0 0
vt 0 0
vt 0 0
vt 0 0
vt 0 0
vt 0 0
vt 0 0
vt 0 0
vt 0 0
vt 0 0
vt 0 0
vt 0 0
vt 0 0
vt 0 0
vt 0 0
vt 0 0
vt 0 0
vt 0 0
vt 0 0
vt 0 0
vt 0 0
vt 0 0
vt 0 0
vt 0 0
vt 0 0
vt 0 0
vt 0 0
vt 0 0
vt 0 0
vt 0 0
vt 0 0
vt 0 0
vt 0 0
vt 0 0
vt 0 0
vt 0 0
vt 0 0
vt 0 0
vt 0 0
vt 0 0
vt 0 0
vt 0 0
vt 0 0
vt 0 0
vt 0 0
vt 0 0
vt 0 0
vt 0 0
vt 0 0
vt 0 0
vt 0 0
vt 0 0
vt 0 0
vt 0 0
vt 0 0
vt 0 0
vt 0 0
vt 0 0
vt 0 0
vt 0 0
vt 0 0
vt 0 0
vt 0 0
vt 0 0
vt 0 0
vt 0 0
vt 0 0
vt 0 0
vt 0 0
vt 0 0
vt 0 0
vt 0 0
vt 0 0
vt 0 0
vt 0 0
vt 0 0
vt 0 0
vt 0 0
vt 0 0
vt 0 0
vt 0 0
vt 0 0
vt 0 0
vt 0 0
vt 0 0
vt 0 0
vt 0 0
vt 0 0
vt 0 0
vt 0 0
vt 0 0
vt 0 0
vt 0 0
vt 0 0
vt 0 0
vt 0 0
vt 0 0
vt 0 0
vt 0 0
vt 0 0
vt 0 0
vt 0 0
vt 0 0
vt 0 0
vt 0 0
vt 0 0
vt 0 0
vt 0 0
vt 0 0
vt 0 0
vt 0 0
vt 0 0
vt 0 0
vt 0 0
vt 0 0
vt 0 0
vt 0 0
vt 0 0
vt 0 0
vt 0 0
vt 0 0
vt 0 0
vt 0 0
vt 0 0
vt 0 0
vt 0 0
vt 0 0
vt 0 0
vt 0 0
vt 0 0
vt 0 0
vt 0 0
vt 0 0
vt 0 0
vt 0 0
vt 0 0
vt 0 0
vt 0 0
vt 0 0
vt 0 0
vt 0 0
vt 0 0
vt 0 0
vt 0 0
vt 0 0
vt 0 0
vt 0 0
vt 0 0
vt 0 0
vt 0 0
vt 0 0
vt 0 0
vt 0 0
vt 0 0
vt 0 0
vt 0 0
vt 0 0
vt 0 0
vt 0 0
vt 0 0
vt 0 0
vt 0 0
vt 0 0
vt 0 0
vt 0 0
vt 0 0
vt 0 0
vt 0 0
vt 0 0
vt 0 0
vt 0 0
vt 0 0
vt 0 0
vt 0 0
vt 0 0
vt 0 0
vt 0 0
vt 0 0
vt 0 0
vt 0 0
vt 0 0
vt 0 0
vt 0 0
vt 0 0
vt 0 0
vt 0 0
vt 0 0
vt 0 0
vt 0 0
vt 0 0
vt 0 0
vt 0 0
vt 0 0
vt 0 0
vt 0 0
vt 0 0
vt 0 0
vt 0 0
vt 0 0
vt 0 0
vt 0 0
vt 0 0
vt 0 0
vt 0 0
vt 0 0
vt 0 0
vt 0 0
vt 0 0
vt 0 0
vt 0 0
vt 0 0
vt 0 0
vt 0 0
vt 0 0
vt 0 0
vt 0 0
vt 0 0
vt 0 0
vt 0 0
vt 0 0
vt 0 0
vt 0 0
vt 0 0
vt 0 0
vt 0 0
vt 0 0
vt 0 0
vt 0 0
vt 0 0
vt 0 0
vt 0 0
vt 0 0
vt 0 0
vt 0 0
vt 0 0
vt 0 0
vt 0 0
vt 0 0
vt 0 0
vt 0 0
vt 0 0
vt 0 0
vt 0 0
vt 0 0
vt 0 0
vt 0 0
vt 0 0
vt 0 0
vt 0 0
vt 0 0
vt 0 0
vt 0 0
vt 0 0
vt 0 0
vt 0 0
vt 0 0
vt 0 0
vt 0 0
vt 0 0
vt 0 0
vt 0 0
vt 0 0
vt 0 0
vt 0 0
vt 0 0
vt 0 0
vt 0 0
vt 0 0
vt 0 0
vt 0 0
vt 0 0
vt 0 0
vt 0 0
vt 0 0
vt 0 0
vt 0 0
vt 0 0
vt 0 0
vt 0 0
vt 0 0
vt 0 0
vt 0 0
vt 0 0
vt 0 0
vt 0 0
vt 0 0
vt 0 0
vt 0 0
vt 0 0
vt 0 0
vt 0 0
vt 0 0
vt 0 0
vt 0 0
vt 0 0
vt 0 0
vt 0 0
vt 0 0
vt 0 0
vt 0 0
vt 0 0
vt 0 0
vt 0 0
vt 0 0
vt 0 0
vt 0 0
vt 0 0
vt 0 0
vt 0 0
vt 0 0
vt 0 0
vt 0 0
vt 0 0
vt 0 0
vt 0 0
vt 0 0
vt 0 0
vt 0 0
vt 0 0
vt 0 0
vt 0 0
vt 0 0
vt 0 0
vt 0 0
vt 0 0
vt 0 0
vt 0 0
vt 0 0
vt 0 0
vt 0 0
vt 0 0
vt 0 0
vt 0 0
vt 0 0
vt 0 0
vt 0 0
vt 0 0
vt 0 0
vt 0 0
vt 0 0
vt 0 0
vt 0 0
vt 0 0
vt 0 0
vt 0 0
vt 0 0
vt 0 0
vt 0 0
vt 0 0
vt 0 0
vt 0 0
vt 0 0
vt 0 0
vt 0 0
vt 0 0
vt 0 0
vt 0 0
vt 0 0
vt 0 0
vt 0 0
vt 0 0
vt 0 0
vt 0 0
vt 0 0
vt 0 0
vt 0 0
vt 0 0
vt 0 0
vt 0 0
vt 0 0
vt 0 0
vt 0 0
vt 0 0
vt 0 0
vt 0 0
vt 0 0
vt 0 0
vt 0 0
vt 0 0
vt 0 0
vt 0 0
vt 0 0
vt 0 0
vt 0 0
vt 0 0
vt 0 0
vt 0 0
vt 0 0
vt 0 0
vt 0 0
vt 0 0
vt 0 0
vt 0 0
vt 0 0
vt 0 0
vt 0 0
vt 0 0
vt 0 0
vt 0 0
vt 0 0
vt 0 0
vt 0 0
vt 0 0
vt 0 0
vt 0 0
vt 0 0
vt 0 0
vt 0 0
vt 0 0
vt 0 0
vt 0 0
vt 0 0
vt 0 0
vt 0 0
vt 0 0
vt 0 0
vt 0 0
vt 0 0
vt 0 0
vt 0 0
vt 0 0
vt 0 0
vt 0 0
vt 0 0
vt 0 0
vt 0 0
vt 0 0
vt 0 0
vt 0 0
vt 0 0
vt 0 0
vt 0 0
vt 0 0
vt 0 0
vt 0 0
vt 0 0
vt 0 0
vt 0 0
vt 0 0
vt 0 0
vt 0 0
vt 0 0
vt 0 0
vt 0 0
vt 0 0
vt 0 0
vt 0 0
vt 0 0
vt 0 0
vt 0 0
vt 0 0
vt 0 0
vt 0 0
vt 0 0
vt 0 0
vt 0 0
vt 0 0
vt 0 0
vt 0 0
vt 0 0
vt 0 0
vt 0 0
vt 0 0
vt 0 0
vt 0 0
vt 0 0
vt 0 0
vt 0 0
vt 0 0
vt 0 0
vt 0 0
vt 0 0
vt 0 0
vt 0 0
vt 0 0
vt 0 0
vt 0 0
vt 0 0
vt 0 0
vt 0 0
vt 0 0
vt 0 0
vt 0 0
vt 0 0
vt 0 0
vt 0 0
vt 0 0
vt 0 0
vt 0 0
vt 0 0
vt 0 0
vt 0 0
vt 0 0
vt 0 0
vt 0 0
vt 0 0
vt 0 0
vt 0 0
vt 0 0
vt 0 0
vt 0 0
vt 0 0
vt 0 0
vt 0 0
vt 0 0
vt 0 0
vt 0 0
vt 0 0
vt 0 0
vt 0 0
vt 0 0
vt 0 0
vt 0 0
vt 0 0
vt 0 0
vt 0 0
vt 0 0
vt 0 0
vt 0 0
vt 0 0
vt 0 0
vt 0 0
vt 0 0
vt 0 0
vt 0 0
vt 0 0
vt 0 0
vt 0 0
vt 0 0
vt 0 0
vt 0 0
vt 0 0
vt 0 0
vt 0 0
vt 0 0
vt 0 0
vt 0 0
vt 0 0
vt 0 0
vt 0 0
vt 0 0
vt 0 0
vt 0 0
vt 0 0
vt 0 0
vt 0 0
vt 0 0
vt 0 0
vt 0 0
vt 0 0
vt 0 0
vt 0 0
vt 0 0
vt 0 0
vt 0 0
vt 0 0
vt 0 0
vt 0 0
vt 0 0
vt 0 0
vt 0 0
vt 0 0
vt 0 0
vt 0 0
vt 0 0
vt 0 0
vt 0 0
vt 0 0
vt 0 0
vt 0 0
vt 0 0
vt 0 0
vt 0 0
vt 0 0
vt 0 0
vt 0 0
vt 0 0
vt 0 0
vt 0 0
vt 0 0
vt 0 0
vt 0 0
vt 0 0
vt 0 0
vt 0 0
vt 0 0
vt 0 0
vt 0 0
vt 0 0
vt 0 0
vt 0 0
vt 0 0
vt 0 0
vt 0 0
vt 0 0
vt 0 0
vt 0 0
vt 0 0
vt 0 0
vt 0 0
vt 0 0
vt 0 0
vt 0 0
vt 0 0
vt 0 0
vt 0 0
vt 0 0
vt 0 0
vt 0 0
vt 0 0
vt 0 0
vt 0 0
vt 0 0
vt 0 0
vt 0 0
vt 0 0
vt 0 0
vt 0 0
vt 0 0
vt 0 0
vt 0 0
vt 0 0
vt 0 0
vt 0 0
vt 0 0
vt 0 0
vt 0 0
vt 0 0
vt 0 0
vt 0 0
vt 0 0
vt 0 0
vt 0 0
vt 0 0
vt 0 0
vt 0 0
vt 0 0
vt 0 0
vt 0 0
vt 0 0
vt 0 0
vt 0 0
vt 0 0
vt 0 0
vt 0 0
vt 0 0
vt 0 0
vt 0 0
vt 0 0
vt 0 0
vt 0 0
vt 0 0
vt 0 0
vt 0 0
vt 0 0
vt 0 0
vt 0 0
vt 0 0
vt 0 0
vt 0 0
vt 0 0
vt 0 0
vt 0 0
vt 0 0
vt 0 0
vt 0 0
vt 0 0
vt 0 0
vt 0 0
vt 0 0
vt 0 0
vt 0 0
vt 0 0
vt 0 0
vt 0 0
vt 0 0
vt 0 0
vt 0 0
vt 0 0
vt 0 0
vt 0 0
vt 0 0
vt 0 0
vt 0 0
vt 0 0
vt 0 0
vt 0 0
vt 0 0
vt 0 0
vt 0 0
vt 0 0
vt 0 0
vt 0 0
vt 0 0
vt 0 0
vt 0 0
vt 0 0
vt 0 0
vt 0 0
vt 0 0
vt 0 0
vt 0 0
vt 0 0
vt 0 0
vt 0 0
vt 0 0
vt 0 0
vt 0 0
vt 0 0
vt 0 0
vt 0 0
vt 0 0
vt 0 0
vt 0 0
vt 0 0
vt 0 0
vt 0 0
vt 0 0
vt 0 0
vt 0 0
vt 0 0
vt 0 0
vt 0 0
vt 0 0
vt 0 0
vt 0 0
vt 0 0
vt 0 0
vt 0 0
vt 0 0
vt 0 0
vt 0 0
vt 0 0
vt 0 0
vt 0 0
vt 0 0
vt 0 0
vt 0 0
vt 0 0
vt 0 0
vt 0 0
vt 0 0
vt 0 0
vt 0 0
vt 0 0
vt 0 0
vt 0 0
vt 0 0
vt 0 0
vt 0 0
vt 0 0
vt 0 0
vt 0 0
vt 0 0
vt 0 0
vt 0 0
vt 0 0
vt 0 0
vt 0 0
vt 0 0
vt 0 0
vt 0 0
vt 0 0
vt 0 0
vt 0 0
vt 0 0
vt 0 0
vt 0 0
vt 0 0
vt 0 0
vt 0 0
vt 0 0
vt 0 0
vt 0 0
vt 0 0
vt 0 0
vt 0 0
vt 0 0
vt 0 0
vt 0 0
vt 0 0
vt 0 0
vt 0 0
vt 0 0
vt 0 0
vt 0 0
vt 0 0
vt 0 0
vt 0 0
vt 0 0
vt 0 0
vt 0 0
vt 0 0
vt 0 0
vt 0 0
vt 0 0
vt 0 0
vt 0 0
vt 0 0
vt 0 0
vt 0 0
vt 0 0
vt 0 0
vt 0 0
vt 0 0
vt 0 0
vt 0 0
vt 0 0
vt 0 0
vt 0 0
vt 0 0
vt 0 0
vt 0 0
vt 0 0
vt 0 0
vt 0 0
vt 0 0
vt 0 0
vt 0 0
vt 0 0
vt 0 0
vt 0 0
vt 0 0
vt 0 0
vt 0 0
vt 0 0
vt 0 0
vt 0 0
vt 0 0
vt 0 0
vt 0 0
vt 0 0
vt 0 0
vt 0 0
vt 0 0
vt 0 0
vt 0 0
vt 0 0
vt 0 0
vt 0 0
vt 0 0
vt 0 0
vt 0 0
vt 0 0
vt 0 0
vt 0 0
vt 0 0
vt 0 0
vt 0 0
vt 0 0
vt 0 0
vt 0 0
vt 0 0
vt 0 0
vt 0 0
vt 0 0
vt 0 0
vt 0 0
vt 0 0
vt 0 0
vt 0 0
vt 0 0
vt 0 0
vt 0 0
vt 0 0
vt 0 0
vt 0 0
vt 0 0
vt 0 0
vt 0 0
vt 0 0
vt 0 0
vt 0 0
vt 0 0
vt 0 0
vt 0 0
vt 0 0
vt 0 0
vt 0 0
vt 0 0
vt 0 0
vt 0 0
vt 0 0
vt 0 0
vt 0 0
vt 0 0
vt 0 0
vt 0 0
vt 0 0
vt 0 0
vt 0 0
vt 0 0
vt 0 0
vt 0 0
vt 0 0
vt 0 0
vt 0 0
vt 0 0
vt 0 0
vt 0 0
vt 0 0
vt 0 0
vt 0 0
vt 0 0
vt 0 0
vt 0 0
vt 0 0
vt 0 0
vt 0 0
vt 0 0
vt 0 0
vt 0 0
vt 0 0
vt 0 0
vt 0 0
vt 0 0
vt 0 0
vt 0 0
vt 0 0
vt 0 0
vt 0 0
vt 0 0
vt 0 0
vt 0 0
vt 0 0
vt 0 0
vt 0 0
vt 0 0
vt 0 0
vt 0 0
vt 0 0
vt 0 0
vt 0 0
vt 0 0
vt 0 0
vt 0 0
vt 0 0
vt 0 0
vt 0 0
vt 0 0
vt 0 0
vt 0 0
vt 0 0
vt 0 0
vt 0 0
vt 0 0
vt 0 0
vt 0 0
vt 0 0
vt 0 0
vt 0 0
vt 0 0
vt 0 0
vt 0 0
vt 0 0
vt 0 0
vt 0 0
vt 0 0
vt 0 0
vt 0 0
vt 0 0
vt 0 0
vt 0 0
vt 0 0
vt 0 0
vt 0 0
vt 0 0
vt 0 0
vt 0 0
vt 0 0
vt 0 0
vt 0 0
vt 0 0
vt 0 0
vt 0 0
vt 0 0
vt 0 0
vt 0 0
vt 0 0
vt 0 0
vt 0 0
vt 0 0
vt 0 0
vt 0 0
vt 0 0
vt 0 0
vt 0 0
vt 0 0
vt 0 0
vt 0 0
vt 0 0
vt 0 0
vt 0 0
vt 0 0
vt 0 0
vt 0 0
vt 0 0
vt 0 0
vt 0 0
vt 0 0
vt 0 0
vt 0 0
vt 0 0
vt 0 0
vt 0 0
vt 0 0
vt 0 0
vt 0 0
vt 0 0
vt 0 0
vt 0 0
vt 0 0
vt 0 0
vt 0 0
vt 0 0
vt 0 0
vt 0 0
vt 0 0
vt 0 0
vt 0 0
vt 0 0
vt 0 0
vt 0 0
vt 0 0
vt 0 0
vt 0 0
vt 0 0
vt 0 0
vt 0 0
vt 0 0
vt 0 0
vt 0 0
vt 0 0
vt 0 0
vt 0 0
vt 0 0
vt 0 0
vt 0 0
vt 0 0
vt 0 0
vt 0 0
vt 0 0
vt 0 0
vt 0 0
vt 0 0
vt 0 0
vt 0 0
vt 0 0
vt 0 0
vt 0 0
vt 0 0
vt 0 0
vt 0 0
vt 0 0
vt 0 0
vt 0 0
vt 0 0
vt 0 0
vt 0 0
vt 0 0
vt 0 0
vt 0 0
vt 0 0
vt 0 0
vt 0 0
vt 0 0
vt 0 0
vt 0 0
vt 0 0
vt 0 0
vt 0 0
vt 0 0
vt 0 0
vt 0 0
vt 0 0
vt 0 0
vt 0 0
vt 0 0
vt 0 0
vt 0 0
vt 0 0
vt 0 0
vt 0 0
vt 0 0
vt 0 0
vt 0 0
vt 0 0
vt 0 0
vt 0 0
vt 0 0
vt 0 0
vt 0 0
vt 0 0
vt 0 0
vt 0 0
vt 0 0
vt 0 0
vt 0 0
vt 0 0
vt 0 0
vt 0 0
vt 0 0
vt 0 0
vt 0 0
vt 0 0
vt 0 0
vt 0 0
vt 0 0
vt 0 0
vt 0 0
vt 0 0
vt 0 0
vt 0 0
vt 0 0
vt 0 0
vt 0 0
vt 0 0
vt 0 0
vt 0 0
vt 0 0
vt 0 0
vt 0 0
vt 0 0
vt 0 0
vt 0 0
vt 0 0
vt 0 0
vt 0 0
vt 0 0
vt 0 0
vt 0 0
vt 0 0
vt 0 0
vt 0 0
vt 0 0
vt 0 0
vt 0 0
vt 0 0
vt 0 0
vt 0 0
vt 0 0
vt 0 0
vt 0 0
vt 0 0
vt 0 0
vt 0 0
vt 0 0
vt 0 0
vt 0 0
vt 0 0
vt 0 0
vt 0 0
vt 0 0
vt 0 0
vt 0 0
vt 0 0
vt 0 0
vt 0 0
vt 0 0
vt 0 0
vt 0 0
vt 0 0
vt 0 0
vt 0 0
vt 0 0
vt 0 0
vt 0 0
vt 0 0
vt 0 0
vt 0 0
vt 0 0
vt 0 0
vt 0 0
vt 0 0
vt 0 0
vt 0 0
vt 0 0
vt 0 0
vt 0 0
vt 0 0
vt 0 0
vt 0 0
vt 0 0
vt 0 0
vt 0 0
vt 0 0
vt 0 0
vt 0 0
vt 0 0
vt 0 0
vt 0 0
vt 0 0
vt 0 0
vt 0 0
vt 0 0
vt 0 0
vt 0 0
vt 0 0
vt 0 0
vt 0 0
vt 0 0
vt 0 0
vt 0 0
vt 0 0
vt 0 0
vt 0 0
vt 0 0
vt 0 0
vt 0 0
vt 0 0
vt 0 0
vt 0 0
vt 0 0
vt 0 0
vt 0 0
vt 0 0
vt 0 0
vt 0 0
vt 0 0
vt 0 0
vt 0 0
vt 0 0
vt 0 0
vt 0 0
vt 0 0
vt 0 0
vt 0 0
vt 0 0
vt 0 0
vt 0 0
vt 0 0
vt 0 0
vt 0 0
vt 0 0
vt 0 0
vt 0 0
vt 0 0
vt 0 0
vt 0 0
vt 0 0
vt 0 0
vt 0 0
vt 0 0
vt 0 0
vt 0 0
vt 0 0
vt 0 0
vt 0 0
vt 0 0
vt 0 0
vt 0 0
vt 0 0
vt 0 0
vt 0 0
vt 0 0
vt 0 0
vt 0 0
vt 0 0
vt 0 0
vt 0 0
vt 0 0
vt 0 0
vt 0 0
vt 0 0
vt 0 0
vt 0 0
vt 0 0
vt 0 0
vt 0 0
vt 0 0
vt 0 0
vt 0 0
vt 0 0
vt 0 0
vt 0 0
vt 0 0
vt 0 0
vt 0 0
vt 0 0
vt 0 0
vt 0 0
vt 0 0
vt 0 0
vt 0 0
vt 0 0
vt 0 0
vt 0 0
vt 0 0
vt 0 0
vt 0 0
vt 0 0
vt 0 0
vt 0 0
vt 0 0
vt 0 0
vt 0 0
vt 0 0
vt 0 0
vt 0 0
vt 0 0
vt 0 0
vt 0 0
vt 0 0
vt 0 0
vt 0 0
vt 0 0
vt 0 0
vt 0 0
vt 0 0
vt 0 0
vt 0 0
vt 0 0
vt 0 0
vt 0 0
vt 0 0
vt 0 0
vt 0 0
vt 0 0
vt 0 0
vt 0 0
vt 0 0
vt 0 0
vt 0 0
vt 0 0
vt 0 0
vt 0 0
vt 0 0
vt 0 0
vt 0 0
vt 0 0
vt 0 0
vt 0 0
vt 0 0
vt 0 0
vt 0 0
vt 0 0
vt 0 0
vt 0 0
vt 0 0
vt 0 0
vt 0 0
vt 0 0
vt 0 0
vt 0 0
vt 0 0
vt 0 0
vt 0 0
vt 0 0
vt 0 0
vt 0 0
vt 0 0
vt 0 0
vt 0 0
vt 0 0
vt 0 0
vt 0 0
vt 0 0
vt 0 0
vt 0 0
vt 0 0
vt 0 0
vt 0 0
vt 0 0
vt 0 0
vt 0 0
vt 0 0
vt 0 0
vt 0 0
vt 0 0
vt 0 0
vt 0 0
vt 0 0
vt 0 0
vt 0 0
vt 0 0
vt 0 0
vt 0 0
vt 0 0
vt 0 0
vt 0 0
vt 0 0
vt 0 0
vt 0 0
vt 0 0
vt 0 0
vt 0 0
vt 0 0
vt 0 0
vt 0 0
vt 0 0
vt 0 0
vt 0 0
vt 0 0
vt 0 0
vt 0 0
vt 0 0
vt 0 0
vt 0 0
vt 0 0
vt 0 0
vt 0 0
vt 0 0
vt 0 0
vt 0 0
vt 0 0
vt 0 0
vt 0 0
vt 0 0
vt 0 0
vt 0 0
vt 0 0
vt 0 0
vt 0 0
vt 0 0
vt 0 0
vt 0 0
vt 0 0
vt 0 0
vt 0 0
vt 0 0
vt 0 0
vt 0 0
vt 0 0
vt 0 0
vt 0 0
vt 0 0
vt 0 0
vt 0 0
vt 0 0
vt 0 0
vt 0 0
vt 0 0
vt 0 0
vt 0 0
vt 0 0
vt 0 0
vt 0 0
vt 0 0
vt 0 0
vt 0 0
vt 0 0
vt 0 0
vt 0 0
vt 0 0
vt 0 0
vt 0 0
vt 0 0
vt 0 0
vt 0 0
vt 0 0
vt 0 0
vt 0 0
vt 0 0
vt 0 0
vt 0 0
vt 0 0
vt 0 0
vt 0 0
vt 0 0
vt 0 0
vt 0 0
vt 0 0
vt 0 0
vt 0 0
vt 0 0
vt 0 0
vt 0 0
vt 0 0
vt 0 0
vt 0 0
vt 0 0
vt 0 0
vt 0 0
vt 0 0
vt 0 0
vt 0 0
vt 0 0
vt 0 0
vt 0 0
vt 0 0
vt 0 0
vt 0 0
vt 0 0
vt 0 0
vt 0 0
vt 0 0
vt 0 0
vt 0 0
vt 0 0
vt 0 0
vt 0 0
vt 0 0
vt 0 0
vt 0 0
vt 0 0
vt 0 0
vt 0 0
vt 0 0
vt 0 0
vt 0 0
vt 0 0
vt 0 0
vt 0 0
vt 0 0
vt 0 0
vt 0 0
vt 0 0
vt 0 0
vt 0 0
vt 0 0
vt 0 0
vt 0 0
vt 0 0
vt 0 0
vt 0 0
vt 0 0
vt 0 0
vt 0 0
vt 0 0
vt 0 0
vt 0 0
vt 0 0
vt 0 0
vt 0 0
vt 0 0
vt 0 0
vt 0 0
vt 0 0
vt 0 0
vt 0 0
vt 0 0
vt 0 0
vt 0 0
vt 0 0
vt 0 0
vt 0 0
vt 0 0
vt 0 0
vt 0 0
vt 0 0
vt 0 0
vt 0 0
vt 0 0
vt 0 0
vt 0 0
vt 0 0
vt 0 0
vt 0 0
vt 0 0
vt 0 0
vt 0 0
vt 0 0
vt 0 0
vt 0 0
vt 0 0
vt 0 0
vt 0 0
vt 0 0
vt 0 0
vt 0 0
vt 0 0
vt 0 0
vt 0 0
vt 0 0
vt 0 0
vt 0 0
vt 0 0
vt 0 0
vt 0 0
vt 0 0
vt 0 0
vt 0 0
vt 0 0
vt 0 0
vt 0 0
vt 0 0
vt 0 0
vt 0 0
vt 0 0
vt 0 0
vt 0 0
vt 0 0
vt 0 0
vt 0 0
vt 0 0
vt 0 0
vt 0 0
vt 0 0
vt 0 0
vt 0 0
vt 0 0
vt 0 0
vt 0 0
vt 0 0
vt 0 0
vt 0 0
vt 0 0
vt 0 0
vt 0 0
vt 0 0
vt 0 0
vt 0 0
vt 0 0
vt 0 0
vt 0 0
vt 0 0
vt 0 0
vt 0 0
vt 0 0
vt 0 0
vt 0 0
vt 0 0
vt 0 0
vt 0 0
vt 0 0
vt 0 0
vt 0 0
vt 0 0
vt 0 0
vt 0 0
vt 0 0
vt 0 0
vt 0 0
vt 0 0
vt 0 0
vt 0 0
vt 0 0
vt 0 0
vt 0 0
vt 0 0
vt 0 0
vt 0 0
vt 0 0
vt 0 0
vt 0 0
vt 0 0
vt 0 0
vt 0 0
vt 0 0
vt 0 0
vt 0 0
vt 0 0
vt 0 0
vt 0 0
vt 0 0
vt 0 0
vt 0 0
vt 0 0
vt 0 0
vt 0 0
vt 0 0
vt 0 0
vt 0 0
vt 0 0
vt 0 0
vt 0 0
vt 0 0
vt 0 0
vt 0 0
vt 0 0
vt 0 0
vt 0 0
vt 0 0
vt 0 0
vt 0 0
vt 0 0
vt 0 0
vt 0 0
vt 0 0
vt 0 0
vt 0 0
vt 0 0
vt 0 0
vt 0 0
vt 0 0
vt 0 0
vt 0 0
vt 0 0
vt 0 0
vt 0 0
vt 0 0
vt 0 0
vt 0 0
vt 0 0
vt 0 0
vt 0 0
vt 0 0
vt 0 0
vt 0 0
vt 0 0
vt 0 0
vt 0 0
vt 0 0
vt 0 0
vt 0 0
vt 0 0
vt 0 0
vt 0 0
vt 0 0
vt 0 0
vt 0 0
vt 0 0
vt 0 0
vt 0 0
vt 0 0
vt 0 0
vt 0 0
vt 0 0
vt 0 0
vt 0 0
vt 0 0
vt 0 0
vt 0 0
vt 0 0
vt 0 0
vt 0 0
vt 0 0
vt 0 0
vt 0 0
vt 0 0
vt 0 0
vt 0 0
vt 0 0
vt 0 0
vt 0 0
vt 0 0
vt 0 0
vt 0 0
vt 0 0
vt 0 0
vt 0 0
vt 0 0
vt 0 0
vt 0 0
vt 0 0
vt 0 0
vt 0 0
vt 0 0
vt 0 0
vt 0 0
vt 0 0
vt 0 0
vt 0 0
vt 0 0
vt 0 0
vt 0 0
vt 0 0
vt 0 0
vt 0 0
vt 0 0
vt 0 0
vt 0 0
vt 0 0
vt 0 0
vt 0 0
vt 0 0
vt 0 0
vt 0 0
vt 0 0
vt 0 0
vt 0 0
vt 0 0
vt 0 0
vt 0 0
vt 0 0
vt 0 0
vt 0 0
vt 0 0
vt 0 0
vt 0 0
vt 0 0
vt 0 0
vt 0 0
vt 0 0
vt 0 0
vt 0 0
vt 0 0
vt 0 0
vt 0 0
vt 0 0
vt 0 0
vt 0 0
vt 0 0
vt 0 0
vt 0 0
vt 0 0
vt 0 0
vt 0 0
vt 0 0
vt 0 0
vt 0 0
vt 0 0
vt 0 0
vt 0 0
vt 0 0
vt 0 0
vt 0 0
vt 0 0
vt 0 0
vt 0 0
vt 0 0
vt 0 0
vt 0 0
vt 0 0
vt 0 0
vt 0 0
vt 0 0
vt 0 0
vt 0 0
vt 0 0
vt 0 0
vt 0 0
vt 0 0
vt 0 0
vt 0 0
vt 0 0
vt 0 0
vt 0 0
vt 0 0
vt 0 0
vt 0 0
vt 0 0
vt 0 0
vt 0 0
vt 0 0
vt 0 0
vt 0 0
vt 0 0
vt 0 0
vt 0 0
vt 0 0
vt 0 0
vt 0 0
vt 0 0
vt 0 0
vt 0 0
vt 0 0
vt 0 0
vt 0 0
vt 0 0
vt 0 0
vt 0 0
vt 0 0
vt 0 0
vt 0 0
vt 0 0
vt 0 0
vt 0 0
vt 0 0
vt 0 0
vt 0 0
vt 0 0
vt 0 0
vt 0 0
vt 0 0
vt 0 0
vt 0 0
vt 0 0
vt 0 0
vt 0 0
vt 0 0
vt 0 0
vt 0 0
vt 0 0
vt 0 0
vt 0 0
vt 0 0
vt 0 0
vt 0 0
vt 0 0
vt 0 0
vt 0 0
vt 0 0
vt 0 0
vt 0 0
vt 0 0
vt 0 0
vt 0 0
vt 0 0
vt 0 0
vt 0 0
vt 0 0
vt 0 0
vt 0 0
vt 0 0
vt 0 0
vt 0 0
vt 0 0
vt 0 0
vt 0 0
vt 0 0
vt 0 0
vt 0 0
vt 0 0
vt 0 0
vt 0 0
vt 0 0
vt 0 0
vt 0 0
vt 0 0
vt 0 0
vt 0 0
vt 0 0
vt 0 0
vt 0 0
vt 0 0
vt 0 0
vt 0 0
vt 0 0
vt 0 0
vt 0 0
vt 0 0
vt 0 0
vt 0 0
vt 0 0
vt 0 0
vt 0 0
vt 0 0
vt 0 0
vt 0 0
vt 0 0
vt 0 0
vt 0 0
vt 0 0
vt 0 0
vt 0 0
vt 0 0
vt 0 0
vt 0 0
vt 0 0
vt 0 0
vt 0 0
vt 0 0
vt 0 0
vt 0 0
vt 0 0
vt 0 0
vt 0 0
vt 0 0
vt 0 0
vt 0 0
vt 0 0
vt 0 0
vt 0 0
vt 0 0
vt 0 0
vt 0 0
vt 0 0
vt 0 0
vt 0 0
vt 0 0
vt 0 0
vt 0 0
vt 0 0
vt 0 0
vt 0 0
vt 0 0
vt 0 0
vt 0 0
vt 0 0
vt 0 0
vt 0 0
vt 0 0
vt 0 0
vt 0 0
vt 0 0
vt 0 0
vt 0 0
vt 0 0
vt 0 0
vt 0 0
vt 0 0
vt 0 0
vt 0 0
vt 0 0
vt 0 0
vt 0 0
vt 0 0
vt 0 0
vt 0 0
vt 0 0
vt 0 0
vt 0 0
vt 0 0
vt 0 0
vt 0 0
vt 0 0
vt 0 0
vt 0 0
vt 0 0
vt 0 0
vt 0 0
vt 0 0
vt 0 0
vt 0 0
vt 0 0
vt 0 0
vt 0 0
vt 0 0
vt 0 0
vt 0 0
vt 0 0
vt 0 0
vt 0 0
vt 0 0
vt 0 0
vt 0 0
vt 0 0
vt 0 0
vt 0 0
vt 0 0
vt 0 0
vt 0 0
vt 0 0
vt 0 0
vt 0 0
vt 0 0
vt 0 0
vt 0 0
vt 0 0
vt 0 0
vt 0 0
vt 0 0
vt 0 0
vt 0 0
vt 0 0
vt 0 0
vt 0 0
vt 0 0
vt 0 0
vt 0 0
vt 0 0
vt 0 0
vt 0 0
vt 0 0
vt 0 0
vt 0 0
vt 0 0
vt 0 0
vt 0 0
vt 0 0
vt 0 0
vt 0 0
vt 0 0
vt 0 0
vt 0 0
vt 0 0
vt 0 0
vt 0 0
vt 0 0
vt 0 0
vt 0 0
vt 0 0
vt 0 0
vt 0 0
vt 0 0
vt 0 0
vt 0 0
vt 0 0
vt 0 0
vt 0 0
vt 0 0
vt 0 0
vt 0 0
vt 0 0
vt 0 0
vt 0 0
vt 0 0
vt 0 0
vt 0 0
vt 0 0
vt 0 0
vt 0 0
vt 0 0
vt 0 0
vt 0 0
vt 0 0
vt 0 0
vt 0 0
vt 0 0
vt 0 0
vt 0 0
vt 0 0
vt 0 0
vt 0 0
vt 0 0
vt 0 0
vt 0 0
vt 0 0
vt 0 0
vt 0 0
vt 0 0
vt 0 0
vt 0 0
vt 0 0
vt 0 0
vt 0 0
vt 0 0
vt 0 0
vt 0 0
vt 0 0
vt 0 0
vt 0 0
vt 0 0
vt 0 0
vt 0 0
vt 0 0
vt 0 0
vt 0 0
vt 0 0
vt 0 0
vt 0 0
vt 0 0
vt 0 0
vt 0 0
vt 0 0
vt 0 0
vt 0 0
vt 0 0
vt 0 0
vt 0 0
vt 0 0
vt 0 0
vt 0 0
vt 0 0
vt 0 0
vt 0 0
vt 0 0
vt 0 0
vt 0 0
vt 0 0
vt 0 0
vt 0 0
vt 0 0
vt 0 0
vt 0 0
vt 0 0
vt 0 0
vt 0 0
vt 0 0
vt 0 0
vt 0 0
vt 0 0
vt 0 0
vt 0 0
vt 0 0
vt 0 0
vt 0 0
vt 0 0
vt 0 0
vt 0 0
vt 0 0
vt 0 0
vt 0 0
vt 0 0
vt 0 0
vt 0 0
vt 0 0
vt 0 0
vt 0 0
vt 0 0
vt 0 0
vt 0 0
vt 0 0
vt 0 0
vt 0 0
vt 0 0
vt 0 0
vt 0 0
vt 0 0
vt 0 0
vt 0 0
vt 0 0
vt 0 0
vt 0 0
vt 0 0
vt 0 0
vt 0 0
vt 0 0
vt 0 0
vt 0 0
vt 0 0
vt 0 0
vt 0 0
vt 0 0
vt 0 0
vt 0 0
vt 0 0
vt 0 0
vt 0 0
vt 0 0
vt 0 0
vt 0 0
vt 0 0
vt 0 0
vt 0 0
vt 0 0
vt 0 0
vt 0 0
vt 0 0
vt 0 0
vt 0 0
vt 0 0
vt 0 0
vt 0 0
vt 0 0
vt 0 0
vt 0 0
vt 0 0
vt 0 0
vt 0 0
vt 0 0
vt 0 0
vt 0 0
vt 0 0
vt 0 0
vt 0 0
vt 0 0
vt 0 0
vt 0 0
vt 0 0
vt 0 0
vt 0 0
vt 0 0
vt 0 0
vt 0 0
vt 0 0
vt 0 0
vt 0 0
vt 0 0
vt 0 0
vt 0 0
vt 0 0
vt 0 0
vt 0 0
vt 0 0
vt 0 0
vt 0 0
vt 0 0
vt 0 0
vt 0 0
vt 0 0
vt 0 0
vt 0 0
vt 0 0
vt 0 0
vt 0 0
vt 0 0
vt 0 0
vt 0 0
vt 0 0
vt 0 0
vt 0 0
vt 0 0
vt 0 0
vt 0 0
vt 0 0
vt 0 0
vt 0 0
vt 0 0
vt 0 0
vt 0 0
vt 0 0
vt 0 0
vt 0 0
vt 0 0
vt 0 0
vt 0 0
vt 0 0
vt 0 0
vt 0 0
vt 0 0
vt 0 0
vt 0 0
vt 0 0
vt 0 0
vt 0 0
vt 0 0
vt 0 0
vt 0 0
vt 0 0
vt 0 0
vt 0 0
vt 0 0
vt 0 0
vt 0 0
vt 0 0
vt 0 0
vt 0 0
vt 0 0
vt 0 0
vt 0 0
vt 0 0
vt 0 0
vt 0 0
vt 0 0
vt 0 0
vt 0 0
vt 0 0
vt 0 0
vt 0 0
vt 0 0
vt 0 0
vt 0 0
vt 0 0
vt 0 0
vt 0 0
vt 0 0
vt 0 0
vt 0 0
vt 0 0
vt 0 0
vt 0 0
vt 0 0
vt 0 0
vt 0 0
vt 0 0
vt 0 0
vt 0 0
vt 0 0
vt 0 0
vt 0 0
vt 0 0
vt 0 0
vt 0 0
vt 0 0
vt 0 0
vt 0 0
vt 0 0
vt 0 0
vt 0 0
vt 0 0
vt 0 0
vt 0 0
vt 0 0
vt 0 0
vt 0 0
vt 0 0
vt 0 0
vt 0 0
vt 0 0
vt 0 0
vt 0 0
vt 0 0
vt 0 0
vt 0 0
vt 0 0
vt 0 0
vt 0 0
vt 0 0
vt 0 0
vt 0 0
vt 0 0
vt 0 0
vt 0 0
vt 0 0
vt 0 0
vt 0 0
vt 0 0
vt 0 0
vt 0 0
vt 0 0
vt 0 0
vt 0 0
vt 0 0
vt 0 0
vt 0 0
vt 0 0
vt 0 0
vt 0 0
vt 0 0
vt 0 0
vt 0 0
vt 0 0
vt 0 0
vt 0 0
vt 0 0
vt 0 0
vt 0 0
vt 0 0
vt 0 0
vt 0 0
vt 0 0
vt 0 0
vt 0 0
vt 0 0
vt 0 0
vt 0 0
vt 0 0
vt 0 0
vt 0 0
vt 0 0
vt 0 0
vt 0 0
vt 0 0
vt 0 0
vt 0 0
vt 0 0
vt 0 0
vt 0 0
vt 0 0
vt 0 0
vt 0 0
vt 0 0
vt 0 0
vt 0 0
vt 0 0
vt 0 0
vt 0 0
vt 0 0
vt 0 0
vt 0 0
vt 0 0
vt 0 0
vt 0 0
vt 0 0
vt 0 0
vt 0 0
vt 0 0
vt 0 0
vt 0 0
vt 0 0
vt 0 0
vt 0 0
vt 0 0
vt 0 0
vt 0 0
vt 0 0
vt 0 0
vt 0 0
vt 0 0
vt 0 0
vt 0 0
vt 0 0
vt 0 0
vt 0 0
vt 0 0
vt 0 0
vt 0 0
vt 0 0
vt 0 0
vt 0 0
vt 0 0
vt 0 0
vt 0 0
vt 0 0
vt 0 0
vt 0 0
vt 0 0
vt 0 0
vt 0 0
vt 0 0
vt 0 0
vt 0 0
vt 0 0
vt 0 0
vt 0 0
vt 0 0
vt 0 0
vt 0 0
vt 0 0
vt 0 0
vt 0 0
vt 0 0
vt 0 0
vt 0 0
vt 0 0
vt 0 0
vt 0 0
vt 0 0
vt 0 0
vt 0 0
vt 0 0
vt 0 0
vt 0 0
vt 0 0
vt 0 0
vt 0 0
vt 0 0
vt 0 0
vt 0 0
vt 0 0
vt 0 0
vt 0 0
vt 0 0
vt 0 0
vt 0 0
vt 0 0
vt 0 0
vt 0 0
vt 0 0
vt 0 0
vt 0 0
vt 0 0
vt 0 0
vt 0 0
vt 0 0
vt 0 0
vt 0 0
vt 0 0
vt 0 0
vt 0 0
vt 0 0
vt 0 0
vt 0 0
vt 0 0
vt 0 0
vt 0 0
vt 0 0
vt 0 0
vt 0 0
vt 0 0
vt 0 0
vt 0 0
vt 0 0
vt 0 0
vt 0 0
vt 0 0
vt 0 0
vt 0 0
vt 0 0
vt 0 0
vt 0 0
vt 0 0
vt 0 0
vt 0 0
vt 0 0
vt 0 0
vt 0 0
vt 0 0
vt 0 0
vt 0 0
vt 0 0
vt 0 0
vt 0 0
vt 0 0
vt 0 0
vt 0 0
vt 0 0
vt 0 0
vt 0 0
vt 0 0
vt 0 0
vt 0 0
vt 0 0
vt 0 0
vt 0 0
vt 0 0
vt 0 0
vt 0 0
vt 0 0
vt 0 0
vt 0 0
vt 0 0
vt 0 0
vt 0 0
vt 0 0
vt 0 0
vt 0 0
vt 0 0
vt 0 0
vt 0 0
vt 0 0
vt 0 0
vt 0 0
vt 0 0
vt 0 0
vt 0 0
vt 0 0
vt 0 0
vt 0 0
vt 0 0
vt 0 0
vt 0 0
vt 0 0
vt 0 0
vt 0 0
vt 0 0
vt 0 0
vt 0 0
vt 0 0
vt 0 0
vt 0 0
vt 0 0
vt 0 0
vt 0 0
vt 0 0
vt 0 0
vt 0 0
vt 0 0
vt 0 0
vt 0 0
vt 0 0
vt 0 0
vt 0 0
vt 0 0
vt 0 0
vt 0 0
vt 0 0
vt 0 0
vt 0 0
vt 0 0
vt 0 0
vt 0 0
vt 0 0
vt 0 0
vt 0 0
vt 0 0
vt 0 0
vt 0 0
vt 0 0
vt 0 0
vt 0 0
vt 0 0
vt 0 0
vt 0 0
vt 0 0
vt 0 0
vt 0 0
vt 0 0
vt 0 0
vt 0 0
vt 0 0
vt 0 0
vt 0 0
vt 0 0
vt 0 0
vt 0 0
vt 0 0
vt 0 0
vt 0 0
vt 0 0
vt 0 0
vt 0 0
vt 0 0
vt 0 0
vt 0 0
vt 0 0
vt 0 0
vt 0 0
vt 0 0
vt 0 0
vt 0 0
vt 0 0
vt 0 0
vt 0 0
vt 0 0
vt 0 0
vt 0 0
vt 0 0
vt 0 0
vt 0 0
vt 0 0
vt 0 0
vt 0 0
vt 0 0
vt 0 0
vt 0 0
vt 0 0
vt 0 0
vt 0 0
vt 0 0
vt 0 0
vt 0 0
vt 0 0
vt 0 0
vt 0 0
vt 0 0
vt 0 0
vt 0 0
vt 0 0
vt 0 0
vt 0 0
vt 0 0
vt 0 0
vt 0 0
vt 0 0
vt 0 0
vt 0 0
vt 0 0
vt 0 0
vt 0 0
vt 0 0
vt 0 0
vt 0 0
vt 0 0
vt 0 0
vt 0 0
vt 0 0
vt 0 0
vt 0 0
vt 0 0
vt 0 0
vt 0 0
vt 0 0
vt 0 0
vt 0 0
vt 0 0
vt 0 0
vt 0 0
vt 0 0
vt 0 0
vt 0 0
vt 0 0
vt 0 0
vt 0 0
vt 0 0
vt 0 0
vt 0 0
vt 0 0
vt 0 0
vt 0 0
vt 0 0
vt 0 0
vt 0 0
vt 0 0
vt 0 0
vt 0 0
vt 0 0
vt 0 0
vt 0 0
vt 0 0
vt 0 0
vt 0 0
vt 0 0
vt 0 0
vt 0 0
vt 0 0
vt 0 0
vt 0 0
vt 0 0
vt 0 0
vt 0 0
vt 0 0
vt 0 0
vt 0 0
vt 0 0
vt 0 0
vt 0 0
vt 0 0
vt 0 0
vt 0 0
vt 0 0
vt 0 0
vt 0 0
vt 0 0
vt 0 0
vt 0 0
vt 0 0
vt 0 0
vt 0 0
vt 0 0
vt 0 0
vt 0 0
vt 0 0
vt 0 0
vt 0 0
vt 0 0
vt 0 0
vt 0 0
vt 0 0
vt 0 0
vt 0 0
vt 0 0
vt 0 0
vt 0 0
vt 0 0
vt 0 0
vt 0 0
vt 0 0
vt 0 0
vt 0 0
vt 0 0
vt 0 0
vt 0 0
vt 0 0
vt 0 0
vt 0 0
vt 0 0
vt 0 0
vt 0 0
vt 0 0
vt 0 0
vt 0 0
vt 0 0
vt 0 0
vt 0 0
vt 0 0
vt 0 0
vt 0 0
vt 0 0
vt 0 0
vt 0 0
vt 0 0
vt 0 0
vt 0 0
vt 0 0
vt 0 0
vt 0 0
vt 0 0
vt 0 0
vt 0 0
vt 0 0
vt 0 0
vt 0 0
vt 0 0
vt 0 0
vt 0 0
vt 0 0
vt 0 0
vt 0 0
vt 0 0
vt 0 0
vt 0 0
vt 0 0
vt 0 0
vt 0 0
vt 0 0
vt 0 0
vt 0 0
vt 0 0
vt 0 0
vt 0 0
vt 0 0
vt 0 0
vt 0 0
vt 0 0
vt 0 0
vt 0 0
vt 0 0
vt 0 0
vt 0 0
vt 0 0
vt 0 0
vt 0 0
vt 0 0
vt 0 0
vt 0 0
vt 0 0
vt 0 0
vt 0 0
vt 0 0
vt 0 0
vt 0 0
vt 0 0
vt 0 0
vt 0 0
vt 0 0
vt 0 0
vt 0 0
vt 0 0
vt 0 0
vt 0 0
vt 0 0
vt 0 0
vt 0 0
vt 0 0
vt 0 0
vt 0 0
vt 0 0
vt 0 0
vt 0 0
vt 0 0
vt 0 0
vt 0 0
vt 0 0
vt 0 0
vt 0 0
vt 0 0
vt 0 0
vt 0 0
vt 0 0
vt 0 0
vt 0 0
vt 0 0
vt 0 0
vt 0 0
vt 0 0
vt 0 0
vt 0 0
vt 0 0
vt 0 0
vt 0 0
vt 0 0
vt 0 0
vt 0 0
vt 0 0
vt 0 0
vt 0 0
vt 0 0
vt 0 0
vt 0 0
vt 0 0
vt 0 0
vt 0 0
vt 0 0
vt 0 0
vt 0 0
vt 0 0
vt 0 0
vt 0 0
vt 0 0
vt 0 0
vt 0 0
vt 0 0
vt 0 0
vt 0 0
vt 0 0
vt 0 0
vt 0 0
vt 0 0
vt 0 0
vt 0 0
vt 0 0
vt 0 0
vt 0 0
vt 0 0
vt 0 0
vt 0 0
vt 0 0
vt 0 0
vt 0 0
vt 0 0
vt 0 0
vt 0 0
vt 0 0
vt 0 0
vt 0 0
vt 0 0
vt 0 0
vt 0 0
vt 0 0
vt 0 0
vt 0 0
vt 0 0
vt 0 0
vt 0 0
vt 0 0
vt 0 0
vt 0 0
vt 0 0
vt 0 0
vt 0 0
vt 0 0
vt 0 0
vt 0 0
vt 0 0
vt 0 0
vt 0 0
vt 0 0
vt 0 0
vt 0 0
vt 0 0
vt 0 0
vt 0 0
vt 0 0
vt 0 0
vt 0 0
vt 0 0
vt 0 0
vt 0 0
vt 0 0
vt 0 0
vt 0 0
vt 0 0
vt 0 0
vt 0 0
vt 0 0
vt 0 0
vt 0 0
vt 0 0
vt 0 0
vt 0 0
vt 0 0
vt 0 0
vt 0 0
vt 0 0
vt 0 0
vt 0 0
vt 0 0
vt 0 0
vt 0 0
vt 0 0
vt 0 0
vt 0 0
vt 0 0
vt 0 0
vt 0 0
vt 0 0
vt 0 0
vt 0 0
vt 0 0
vt 0 0
vt 0 0
vt 0 0
vt 0 0
vt 0 0
vt 0 0
vt 0 0
vt 0 0
vt 0 0
vt 0 0
vt 0 0
vt 0 0
vt 0 0
vt 0 0
vt 0 0
vt 0 0
vt 0 0
vt 0 0
vt 0 0
vt 0 0
vt 0 0
vt 0 0
vt 0 0
vt 0 0
vt 0 0
vt 0 0
vt 0 0
vt 0 0
vt 0 0
vt 0 0
vt 0 0
vt 0 0
vt 0 0
vt 0 0
vt 0 0
vt 0 0
vt 0 0
vt 0 0
vt 0 0
vt 0 0
vt 0 0
vt 0 0
vt 0 0
vt 0 0
vt 0 0
vt 0 0
vt 0 0
vt 0 0
vt 0 0
vt 0 0
vt 0 0
vt 0 0
vt 0 0
vt 0 0
vt 0 0
vt 0 0
vt 0 0
vt 0 0
vt 0 0
vt 0 0
vt 0 0
vt 0 0
vt 0 0
vt 0 0
vt 0 0
vt 0 0
vt 0 0
vt 0 0
vt 0 0
vt 0 0
vt 0 0
vt 0 0
vt 0 0
vt 0 0
vt 0 0
vt 0 0
vt 0 0
vt 0 0
vt 0 0
vt 0 0
vt 0 0
vt 0 0
vt 0 0
vt 0 0
vt 0 0
vt 0 0
vt 0 0
vt 0 0
vt 0 0
vt 0 0
vt 0 0
vt 0 0
vt 0 0
vt 0 0
vt 0 0
vt 0 0
vt 0 0
vt 0 0
vt 0 0
vt 0 0
vt 0 0
vt 0 0
vt 0 0
vt 0 0
vt 0 0
vt 0 0
vt 0 0
vt 0 0
vt 0 0
vt 0 0
vt 0 0
vt 0 0
vt 0 0
vt 0 0
vt 0 0
vt 0 0
vt 0 0
vt 0 0
vt 0 0
vt 0 0
vt 0 0
vt 0 0
vt 0 0
vt 0 0
vt 0 0
vt 0 0
vt 0 0
vt 0 0
vt 0 0
vt 0 0
vt 0 0
vt 0 0
vt 0 0
vt 0 0
vt 0 0
vt 0 0
vt 0 0
vt 0 0
vt 0 0
vt 0 0
vt 0 0
vt 0 0
vt 0 0
vt 0 0
vt 0 0
vt 0 0
vt 0 0
vt 0 0
vt 0 0
vt 0 0
vt 0 0
vt 0 0
vt 0 0
vt 0 0
vt 0 0
vt 0 0
vt 0 0
vt 0 0
vt 0 0
vt 0 0
vt 0 0
vt 0 0
vt 0 0
vt 0 0
vt 0 0
vt 0 0
vt 0 0
vt 0 0
vt 0 0
vt 0 0
vt 0 0
vt 0 0
vt 0 0
vt 0 0
vt 0 0
vt 0 0
vt 0 0
vt 0 0
vt 0 0
vt 0 0
vt 0 0
vt 0 0
vt 0 0
vt 0 0
vt 0 0
vt 0 0
vt 0 0
vt 0 0
vt 0 0
vt 0 0
vt 0 0
vt 0 0
vt 0 0
vt 0 0
vt 0 0
vt 0 0
vt 0 0
vt 0 0
vt 0 0
vt 0 0
vt 0 0
vt 0 0
vt 0 0
vt 0 0
vt 0 0
vt 0 0
vt 0 0
vt 0 0
vt 0 0
vt 0 0
vt 0 0
vt 0 0
vt 0 0
vt 0 0
vt 0 0
vt 0 0
vt 0 0
vt 0 0
vt 0 0
vt 0 0
vt 0 0
vt 0 0
vt 0 0
vt 0 0
vt 0 0
vt 0 0
vt 0 0
vt 0 0
vt 0 0
vt 0 0
vt 0 0
vt 0 0
vt 0 0
vt 0 0
vt 0 0
vt 0 0
vt 0 0
vt 0 0
vt 0 0
vt 0 0
vt 0 0
vt 0 0
vt 0 0
vt 0 0
vt 0 0
vt 0 0
vt 0 0
vt 0 0
vt 0 0
vt 0 0
vt 0 0
vt 0 0
vt 0 0
vt 0 0
vt 0 0
vt 0 0
vt 0 0
vt 0 0
vt 0 0
vt 0 0
vt 0 0
vt 0 0
vt 0 0
vt 0 0
vt 0 0
vt 0 0
vt 0 0
vt 0 0
vt 0 0
vt 0 0
vt 0 0
vt 0 0
vt 0 0
vt 0 0
vt 0 0
vt 0 0
vt 0 0
vt 0 0
vt 0 0
vt 0 0
vt 0 0
vt 0 0
vt 0 0
vt 0 0
vt 0 0
vt 0 0
vt 0 0
vt 0 0
vt 0 0
vt 0 0
vt 0 0
vt 0 0
vt 0 0
vt 0 0
vt 0 0
vt 0 0
vt 0 0
vt 0 0
vt 0 0
vt 0 0
vt 0 0
vt 0 0
vt 0 0
vt 0 0
vt 0 0
vt 0 0
vt 0 0
vt 0 0
vt 0 0
vt 0 0
vt 0 0
vt 0 0
vt 0 0
vt 0 0
vt 0 0
vt 0 0
vt 0 0
vt 0 0
vt 0 0
vt 0 0
vt 0 0
vt 0 0
vt 0 0
vt 0 0
vt 0 0
vt 0 0
vt 0 0
vt 0 0
vt 0 0
vt 0 0
vt 0 0
vt 0 0
vt 0 0
vt 0 0
vt 0 0
vt 0 0
vt 0 0
vt 0 0
vt 0 0
vt 0 0
vt 0 0
vt 0 0
vt 0 0
vt 0 0
vt 0 0
vt 0 0
vt 0 0
vt 0 0
vt 0 0
vt 0 0
vt 0 0
vt 0 0
vt 0 0
vt 0 0
vt 0 0
vt 0 0
vt 0 0
vt 0 0
vt 0 0
vt 0 0
vt 0 0
vt 0 0
vt 0 0
vt 0 0
vt 0 0
vt 0 0
vt 0 0
vt 0 0
vt 0 0
vt 0 0
vt 0 0
vt 0 0
vt 0 0
vt 0 0
vt 0 0
vt 0 0
vt 0 0
vt 0 0
vt 0 0
vt 0 0
vt 0 0
vt 0 0
vt 0 0
vt 0 0
vt 0 0
vt 0 0
vt 0 0
vt 0 0
vt 0 0
vt 0 0
vt 0 0
vt 0 0
vt 0 0
vt 0 0
vt 0 0
vt 0 0
vt 0 0
vt 0 0
vt 0 0
vt 0 0
vt 0 0
vt 0 0
vt 0 0
vt 0 0
vt 0 0
vt 0 0
vt 0 0
vt 0 0
vt 0 0
vt 0 0
vt 0 0
vt 0 0
vt 0 0
vt 0 0
vt 0 0
vt 0 0
vt 0 0
vt 0 0
vt 0 0
vt 0 0
vt 0 0
vt 0 0
vt 0 0
vt 0 0
vt 0 0
vt 0 0
vt 0 0
vt 0 0
vt 0 0
vt 0 0
vt 0 0
vt 0 0
vt 0 0
vt 0 0
vt 0 0
vt 0 0
vt 0 0
vt 0 0
vt 0 0
vt 0 0
vt 0 0
vt 0 0
vt 0 0
vt 0 0
vt 0 0
vt 0 0
vt 0 0
vt 0 0
vt 0 0
vt 0 0
vt 0 0
vt 0 0
vt 0 0
vt 0 0
vt 0 0
vt 0 0
vt 0 0
vt 0 0
vt 0 0
vt 0 0
vt 0 0
vt 0 0
vt 0 0
vt 0 0
vt 0 0
vt 0 0
vt 0 0
vt 0 0
vt 0 0
vt 0 0
vt 0 0
vt 0 0
vt 0 0
vt 0 0
vt 0 0
vt 0 0
vt 0 0
vt 0 0
vt 0 0
vt 0 0
vt 0 0
vt 0 0
vt 0 0
vt 0 0
vt 0 0
vt 0 0
vt 0 0
vt 0 0
vt 0 0
vt 0 0
vt 0 0
vt 0 0
vt 0 0
vt 0 0
vt 0 0
vt 0 0
vt 0 0
vt 0 0
vt 0 0
vt 0 0
vt 0 0
vt 0 0
vt 0 0
vt 0 0
vt 0 0
vt 0 0
vt 0 0
vt 0 0
vt 0 0
vt 0 0
vt 0 0
vt 0 0
vt 0 0
vt 0 0
vt 0 0
vt 0 0
vt 0 0
vt 0 0
vt 0 0
vt 0 0
vt 0 0
vt 0 0
vt 0 0
vt 0 0
vt 0 0
vt 0 0
vt 0 0
vt 0 0
vt 0 0
vt 0 0
vt 0 0
vt 0 0
vt 0 0
vt 0 0
vt 0 0
vt 0 0
vt 0 0
vt 0 0
vt 0 0
vt 0 0
vt 0 0
vt 0 0
vt 0 0
vt 0 0
vt 0 0
vt 0 0
vt 0 0
vt 0 0
vt 0 0
vt 0 0
vt 0 0
vt 0 0
vt 0 0
vt 0 0
vt 0 0
vt 0 0
vt 0 0
vt 0 0
vt 0 0
vt 0 0
vt 0 0
vt 0 0
vt 0 0
vt 0 0
vt 0 0
vt 0 0
vt 0 0
vt 0 0
vt 0 0
vt 0 0
vt 0 0
vt 0 0
vt 0 0
vt 0 0
vt 0 0
vt 0 0
vt 0 0
vt 0 0
vt 0 0
vt 0 0
vt 0 0
vt 0 0
vt 0 0
vt 0 0
vt 0 0
vt 0 0
vt 0 0
vt 0 0
vt 0 0
vt 0 0
vt 0 0
vt 0 0
vt 0 0
vt 0 0
vt 0 0
vt 0 0
vt 0 0
vt 0 0
vt 0 0
vt 0 0
vt 0 0
vt 0 0
vt 0 0
vt 0 0
vt 0 0
vt 0 0
vt 0 0
vt 0 0
vt 0 0
vt 0 0
vt 0 0
vt 0 0
vt 0 0
vt 0 0
vt 0 0
vt 0 0
vt 0 0
vt 0 0
vt 0 0
vt 0 0
vt 0 0
vt 0 0
vt 0 0
vt 0 0
vt 0 0
vt 0 0
vt 0 0
vt 0 0
vt 0 0
vt 0 0
vt 0 0
vt 0 0
vt 0 0
vt 0 0
vt 0 0
vt 0 0
vt 0 0
vt 0 0
vt 0 0
vt 0 0
vt 0 0
vt 0 0
vt 0 0
vt 0 0
vt 0 0
vt 0 0
vt 0 0
vt 0 0
vt 0 0
vt 0 0
vt 0 0
vt 0 0
vt 0 0
vt 0 0
vt 0 0
vt 0 0
vt 0 0
vt 0 0
vt 0 0
vt 0 0
vt 0 0
vt 0 0
vt 0 0
vt 0 0
vt 0 0
vt 0 0
vt 0 0
vt 0 0
vt 0 0
vt 0 0
vt 0 0
vt 0 0
vt 0 0
vt 0 0
vt 0 0
vt 0 0
vt 0 0
vt 0 0
vt 0 0
vt 0 0
vt 0 0
vt 0 0
vt 0 0
vt 0 0
vt 0 0
vt 0 0
vt 0 0
vt 0 0
vt 0 0
vt 0 0
vt 0 0
vt 0 0
vt 0 0
vt 0 0
vt 0 0
vt 0 0
vt 0 0
vt 0 0
vt 0 0
vt 0 0
vt 0 0
vt 0 0
vt 0 0
vt 0 0
vt 0 0
vt 0 0
vt 0 0
vt 0 0
vt 0 0
vt 0 0
vt 0 0
vt 0 0
vt 0 0
vt 0 0
vt 0 0
vt 0 0
vt 0 0
vt 0 0
vt 0 0
vt 0 0
vt 0 0
vt 0 0
vt 0 0
vt 0 0
vt 0 0
vt 0 0
vt 0 0
vt 0 0
vt 0 0
vt 0 0
vt 0 0
vt 0 0
vt 0 0
vt 0 0
vt 0 0
vt 0 0
vt 0 0
vt 0 0
vt 0 0
vt 0 0
vt 0 0
vt 0 0
vt 0 0
vt 0 0
vt 0 0
vt 0 0
vt 0 0
vt 0 0
vt 0 0
vt 0 0
vt 0 0
vt 0 0
vt 0 0
vt 0 0
vt 0 0
vt 0 0
vt 0 0
vt 0 0
vt 0 0
vt 0 0
vt 0 0
vt 0 0
vt 0 0
vt 0 0
vt 0 0
vt 0 0
vt 0 0
vt 0 0
vt 0 0
vt 0 0
vt 0 0
vt 0 0
vt 0 0
vt 0 0
vt 0 0
vt 0 0
vt 0 0
vt 0 0
vt 0 0
vt 0 0
vt 0 0
vt 0 0
vt 0 0
vt 0 0
vt 0 0
vt 0 0
vt 0 0
vt 0 0
vt 0 0
vt 0 0
vt 0 0
vt 0 0
vt 0 0
vt 0 0
vt 0 0
vt 0 0
vt 0 0
vt 0 0
vt 0 0
vt 0 0
vt 0 0
vt 0 0
vt 0 0
vt 0 0
vt 0 0
vt 0 0
vt 0 0
vt 0 0
vt 0 0
vt 0 0
vt 0 0
vt 0 0
vt 0 0
vt 0 0
vt 0 0
vt 0 0
vt 0 0
vt 0 0
vt 0 0
vt 0 0
vt 0 0
vt 0 0
vt 0 0
vt 0 0
vt 0 0
vt 0 0
vt 0 0
vt 0 0
vt 0 0
vt 0 0
vt 0 0
vt 0 0
vt 0 0
vt 0 0
vt 0 0
vt 0 0
vt 0 0
vt 0 0
vt 0 0
vt 0 0
vt 0 0
vt 0 0
vt 0 0
vt 0 0
vt 0 0
vt 0 0
vt 0 0
vt 0 0
vt 0 0
vt 0 0
vt 0 0
vt 0 0
vt 0 0
vt 0 0
vt 0 0
vt 0 0
vt 0 0
vt 0 0
vt 0 0
vt 0 0
vt 0 0
vt 0 0
vt 0 0
vt 0 0
vt 0 0
vt 0 0
vt 0 0
vt 0 0
vt 0 0
vt 0 0
vt 0 0
vt 0 0
vt 0 0
vt 0 0
vt 0 0
vt 0 0
vt 0 0
vt 0 0
vt 0 0
vt 0 0
vt 0 0
vt 0 0
vt 0 0
vt 0 0
vt 0 0
vt 0 0
vt 0 0
vt 0 0
vt 0 0
vt 0 0
vt 0 0
vt 0 0
vt 0 0
vt 0 0
vt 0 0
vt 0 0
vt 0 0
vt 0 0
vt 0 0
vt 0 0
vt 0 0
vt 0 0
vt 0 0
vt 0 0
vt 0 0
vt 0 0
vt 0 0
vt 0 0
vt 0 0
vt 0 0
vt 0 0
vt 0 0
vt 0 0
vt 0 0
vt 0 0
vt 0 0
vt 0 0
vt 0 0
vt 0 0
vt 0 0
vt 0 0
vt 0 0
vt 0 0
vt 0 0
vt 0 0
vt 0 0
vt 0 0
vt 0 0
vt 0 0
vt 0 0
vt 0 0
vt 0 0
vt 0 0
vt 0 0
vt 0 0
vt 0 0
vt 0 0
vt 0 0
vt 0 0
vt 0 0
vt 0 0
vt 0 0
vt 0 0
vt 0 0
vt 0 0
vt 0 0
vt 0 0
vt 0 0
vt 0 0
vt 0 0
vt 0 0
vt 0 0
vt 0 0
vt 0 0
vt 0 0
vt 0 0
vt 0 0
vt 0 0
vt 0 0
vt 0 0
vt 0 0
vt 0 0
vt 0 0
vt 0 0
vt 0 0
vt 0 0
vt 0 0
vt 0 0
vt 0 0
vt 0 0
vt 0 0
vt 0 0
vt 0 0
vt 0 0
vt 0 0
vt 0 0
vt 0 0
vt 0 0
vt 0 0
vt 0 0
vt 0 0
vt 0 0
vt 0 0
vt 0 0
vt 0 0
vt 0 0
vt 0 0
vt 0 0
vt 0 0
vt 0 0
vt 0 0
vt 0 0
vt 0 0
vt 0 0
vt 0 0
vt 0 0
vt 0 0
vt 0 0
vt 0 0
vt 0 0
vt 0 0
vt 0 0
vt 0 0
vt 0 0
vt 0 0
vt 0 0
vt 0 0
vt 0 0
vt 0 0
vt 0 0
vt 0 0
vt 0 0
vt 0 0
vt 0 0
vt 0 0
vt 0 0
vt 0 0
vt 0 0
vt 0 0
vt 0 0
vt 0 0
vt 0 0
vt 0 0
vt 0 0
vt 0 0
vt 0 0
vt 0 0
vt 0 0
vt 0 0
vt 0 0
vt 0 0
vt 0 0
vt 0 0
vt 0 0
vt 0 0
vt 0 0
vt 0 0
vt 0 0
vt 0 0
vt 0 0
vt 0 0
vt 0 0
vt 0 0
vt 0 0
vt 0 0
vt 0 0
vt 0 0
vt 0 0
vt 0 0
vt 0 0
vt 0 0
vt 0 0
vt 0 0
vt 0 0
vt 0 0
vt 0 0
vt 0 0
vt 0 0
vt 0 0
vt 0 0
vt 0 0
vt 0 0
vt 0 0
vt 0 0
vt 0 0
vt 0 0
vt 0 0
vt 0 0
vt 0 0
vt 0 0
vt 0 0
vt 0 0
vt 0 0
vt 0 0
vt 0 0
vt 0 0
vt 0 0
vt 0 0
vt 0 0
vt 0 0
vt 0 0
vt 0 0
vt 0 0
vt 0 0
vt 0 0
vt 0 0
vt 0 0
vt 0 0
vt 0 0
vt 0 0
vt 0 0
vt 0 0
vt 0 0
vt 0 0
vt 0 0
vt 0 0
vt 0 0
vt 0 0
vt 0 0
vt 0 0
vt 0 0
vt 0 0
vt 0 0
vt 0 0
vt 0 0
vt 0 0
vt 0 0
vt 0 0
vt 0 0
vt 0 0
vt 0 0
vt 0 0
vt 0 0
vt 0 0
vt 0 0
vt 0 0
vt 0 0
vt 0 0
vt 0 0
vt 0 0
vt 0 0
vt 0 0
vt 0 0
vt 0 0
vt 0 0
vt 0 0
vt 0 0
vt 0 0
vt 0 0
vt 0 0
vt 0 0
vt 0 0
vt 0 0
vt 0 0
vt 0 0
vt 0 0
vt 0 0
vt 0 0
vt 0 0
vt 0 0
vt 0 0
vt 0 0
vt 0 0
vt 0 0
vt 0 0
vt 0 0
vt 0 0
vt 0 0
vt 0 0
vt 0 0
vt 0 0
vt 0 0
vt 0 0
vt 0 0
vt 0 0
vt 0 0
vt 0 0
vt 0 0
vt 0 0
vt 0 0
vt 0 0
vt 0 0
vt 0 0
vt 0 0
vt 0 0
vt 0 0
vt 0 0
vt 0 0
vt 0 0
vt 0 0
vt 0 0
vt 0 0
vt 0 0
vt 0 0
vt 0 0
vt 0 0
vt 0 0
vt 0 0
vt 0 0
vt 0 0
vt 0 0
vt 0 0
vt 0 0
vt 0 0
vt 0 0
vt 0 0
vt 0 0
vt 0 0
vt 0 0
vt 0 0
vt 0 0
vt 0 0
vt 0 0
vt 0 0
vt 0 0
vt 0 0
vt 0 0
vt 0 0
vt 0 0
vt 0 0
vt 0 0
vt 0 0
vt 0 0
vt 0 0
vt 0 0
vt 0 0
vt 0 0
vt 0 0
vt 0 0
vt 0 0
vt 0 0
vt 0 0
vt 0 0
vt 0 0
vt 0 0
vt 0 0
vt 0 0
vt 0 0
vt 0 0
vt 0 0
vt 0 0
vt 0 0
vt 0 0
vt 0 0
vt 0 0
vt 0 0
vt 0 0
vt 0 0
vt 0 0
vt 0 0
vt 0 0
vt 0 0
vt 0 0
vt 0 0
vt 0 0
vt 0 0
vt 0 0
vt 0 0
vt 0 0
vt 0 0
vt 0 0
vt 0 0
vt 0 0
vt 0 0
vt 0 0
vt 0 0
vt 0 0
vt 0 0
vt 0 0
vt 0 0
vt 0 0
vt 0 0
vt 0 0
vt 0 0
vt 0 0
vt 0 0
vt 0 0
vt 0 0
vt 0 0
vt 0 0
vt 0 0
vt 0 0
vt 0 0
vt 0 0
vt 0 0
vt 0 0
vt 0 0
vt 0 0
vt 0 0
vt 0 0
vt 0 0
vt 0 0
vt 0 0
vt 0 0
vt 0 0
vt 0 0
vt 0 0
vt 0 0
vt 0 0
vt 0 0
vt 0 0
vt 0 0
vt 0 0
vt 0 0
vt 0 0
vt 0 0
vt 0 0
vt 0 0
vt 0 0
vt 0 0
vt 0 0
vt 0 0
vt 0 0
vt 0 0
vt 0 0
vt 0 0
vt 0 0
vt 0 0
vt 0 0
vt 0 0
vt 0 0
vt 0 0
vt 0 0
vt 0 0
vt 0 0
vt 0 0
vt 0 0
vt 0 0
vt 0 0
vt 0 0
vt 0 0
vt 0 0
vt 0 0
vt 0 0
vt 0 0
vt 0 0
vt 0 0
vt 0 0
vt 0 0
vt 0 0
vt 0 0
vt 0 0
vt 0 0
vt 0 0
vt 0 0
vt 0 0
vt 0 0
vt 0 0
vt 0 0
vt 0 0
vt 0 0
vt 0 0
vt 0 0
vt 0 0
vt 0 0
vt 0 0
vt 0 0
vt 0 0
vt 0 0
vt 0 0
vt 0 0
vt 0 0
vt 0 0
vt 0 0
vt 0 0
vt 0 0
vt 0 0
vt 0 0
vt 0 0
vt 0 0
vt 0 0
vt 0 0
vt 0 0
vt 0 0
vt 0 0
vt 0 0
vt 0 0
vt 0 0
vt 0 0
vt 0 0
vt 0 0
vt 0 0
vt 0 0
vt 0 0
vt 0 0
vt 0 0
vt 0 0
vt 0 0
vt 0 0
vt 0 0
vt 0 0
vt 0 0
vt 0 0
vt 0 0
vt 0 0
vt 0 0
vt 0 0
vt 0 0
vt 0 0
vt 0 0
vt 0 0
vt 0 0
vt 0 0
vt 0 0
vt 0 0
vt 0 0
vt 0 0
vt 0 0
vt 0 0
vt 0 0
vt 0 0
vt 0 0
vt 0 0
vt 0 0
vt 0 0
vt 0 0
vt 0 0
vt 0 0
vt 0 0
vt 0 0
vt 0 0
vt 0 0
vt 0 0
vt 0 0
vt 0 0
vt 0 0
vt 0 0
vt 0 0
vt 0 0
vt 0 0
vt 0 0
vt 0 0
vt 0 0
vt 0 0
vt 0 0
vt 0 0
vt 0 0
vt 0 0
vt 0 0
vt 0 0
vt 0 0
vt 0 0
vt 0 0
vt 0 0
vt 0 0
vt 0 0
vt 0 0
vt 0 0
vt 0 0
vt 0 0
vt 0 0
vt 0 0
vt 0 0
vt 0 0
vt 0 0
vt 0 0
vt 0 0
vt 0 0
vt 0 0
vt 0 0
vt 0 0
vt 0 0
vt 0 0
vt 0 0
vt 0 0
vt 0 0
vt 0 0
vt 0 0
vt 0 0
vt 0 0
vt 0 0
vt 0 0
vt 0 0
vt 0 0
vt 0 0
vt 0 0
vt 0 0
vt 0 0
vt 0 0
vt 0 0
vt 0 0
vt 0 0
vt 0 0
vt 0 0
vt 0 0
vt 0 0
vt 0 0
vt 0 0
vt 0 0
vt 0 0
vt 0 0
vt 0 0
vt 0 0
vt 0 0
vt 0 0
vt 0 0
vt 0 0
vt 0 0
vt 0 0
vt 0 0
vt 0 0
vt 0 0
vt 0 0
vt 0 0
vt 0 0
vt 0 0
vt 0 0
vt 0 0
vt 0 0
vt 0 0
vt 0 0
vt 0 0
vt 0 0
vt 0 0
vt 0 0
vt 0 0
vt 0 0
vt 0 0
vt 0 0
vt 0 0
vt 0 0
vt 0 0
vt 0 0
vt 0 0
vt 0 0
vt 0 0
vt 0 0
vt 0 0
vt 0 0
vt 0 0
vt 0 0
vt 0 0
vt 0 0
vt 0 0
vt 0 0
vt 0 0
vt 0 0
vt 0 0
vt 0 0
vt 0 0
vt 0 0
vt 0 0
vt 0 0
vt 0 0
vt 0 0
vt 0 0
vt 0 0
vt 0 0
vt 0 0
vt 0 0
vt 0 0
vt 0 0
vt 0 0
vt 0 0
vt 0 0
vt 0 0
vt 0 0
vt 0 0
vt 0 0
vt 0 0
vt 0 0
vt 0 0
vt 0 0
vt 0 0
vt 0 0
vt 0 0
vt 0 0
vt 0 0
vt 0 0
vt 0 0
vt 0 0
vt 0 0
vt 0 0
vt 0 0
vt 0 0
vt 0 0
vt 0 0
vt 0 0
vt 0 0
vt 0 0
vt 0 0
vt 0 0
vt 0 0
vt 0 0
vt 0 0
vt 0 0
vt 0 0
vt 0 0
vt 0 0
vt 0 0
vt 0 0
vt 0 0
vt 0 0
vt 0 0
vt 0 0
vt 0 0
vt 0 0
vt 0 0
vt 0 0
vt 0 0
vt 0 0
vt 0 0
vt 0 0
vt 0 0
vt 0 0
vt 0 0
vt 0 0
vt 0 0
vt 0 0
vt 0 0
vt 0 0
vt 0 0
vt 0 0
vt 0 0
vt 0 0
vt 0 0
vt 0 0
vt 0 0
vt 0 0
vt 0 0
vt 0 0
vt 0 0
vt 0 0
vt 0 0
vt 0 0
vt 0 0
vt 0 0
vt 0 0
vt 0 0
vt 0 0
vt 0 0
vt 0 0
vt 0 0
vt 0 0
vt 0 0
vt 0 0
vt 0 0
vt 0 0
vt 0 0
vt 0 0
vt 0 0
vt 0 0
vt 0 0
vt 0 0
vt 0 0
vt 0 0
vt 0 0
vt 0 0
vt 0 0
vt 0 0
vt 0 0
vt 0 0
vt 0 0
vt 0 0
vt 0 0
vt 0 0
vt 0 0
vt 0 0
vt 0 0
vt 0 0
vt 0 0
vt 0 0
vt 0 0
vt 0 0
vt 0 0
vt 0 0
vt 0 0
vt 0 0
vt 0 0
vt 0 0
vt 0 0
vt 0 0
vt 0 0
vt 0 0
vt 0 0
vt 0 0
vt 0 0
vt 0 0
vt 0 0
vt 0 0
vt 0 0
vt 0 0
vt 0 0
vt 0 0
vt 0 0
vt 0 0
vt 0 0
vt 0 0
vt 0 0
vt 0 0
vt 0 0
vt 0 0
vt 0 0
vt 0 0
vt 0 0
vt 0 0
vt 0 0
vt 0 0
vt 0 0
vt 0 0
vt 0 0
vt 0 0
vt 0 0
vt 0 0
vt 0 0
vt 0 0
vt 0 0
vt 0 0
vt 0 0
vt 0 0
vt 0 0
vt 0 0
vt 0 0
vt 0 0
vt 0 0
vt 0 0
vt 0 0
vt 0 0
vt 0 0
vt 0 0
vt 0 0
vt 0 0
vt 0 0
vt 0 0
vt 0 0
vt 0 0
vt 0 0
vt 0 0
vt 0 0
vt 0 0
vt 0 0
vt 0 0
vt 0 0
vt 0 0
vt 0 0
vt 0 0
vt 0 0
vt 0 0
vt 0 0
vt 0 0
vt 0 0
vt 0 0
vt 0 0
vt 0 0
vt 0 0
vt 0 0
vt 0 0
vt 0 0
vt 0 0
vt 0 0
vt 0 0
vt 0 0
vt 0 0
vt 0 0
vt 0 0
vt 0 0
vt 0 0
vt 0 0
vt 0 0
vt 0 0
vt 0 0
vt 0 0
vt 0 0
vt 0 0
vt 0 0
vt 0 0
vt 0 0
vt 0 0
vt 0 0
vt 0 0
vt 0 0
vt 0 0
vt 0 0
vt 0 0
vt 0 0
vt 0 0
vt 0 0
vt 0 0
vt 0 0
vt 0 0
vt 0 0
vt 0 0
vt 0 0
vt 0 0
vt 0 0
vt 0 0
vt 0 0
vt 0 0
vt 0 0
vt 0 0
vt 0 0
vt 0 0
vt 0 0
vt 0 0
vt 0 0
vt 0 0
vt 0 0
vt 0 0
vt 0 0
vt 0 0
vt 0 0
vt 0 0
vt 0 0
vt 0 0
vt 0 0
vt 0 0
vt 0 0
vt 0 0
vt 0 0
vt 0 0
vt 0 0
vt 0 0
vt 0 0
vt 0 0
vt 0 0
vt 0 0
vt 0 0
vt 0 0
vt 0 0
vt 0 0
vt 0 0
vt 0 0
vt 0 0
vt 0 0
vt 0 0
vt 0 0
vt 0 0
vt 0 0
vt 0 0
vt 0 0
vt 0 0
vt 0 0
vt 0 0
vt 0 0
vt 0 0
vt 0 0
vt 0 0
vt 0 0
vt 0 0
vt 0 0
vt 0 0
vt 0 0
vt 0 0
vt 0 0
vt 0 0
vt 0 0
vt 0 0
vt 0 0
vt 0 0
vt 0 0
vt 0 0
vt 0 0
vt 0 0
vt 0 0
vt 0 0
vt 0 0
vt 0 0
vt 0 0
vt 0 0
vt 0 0
vt 0 0
vt 0 0
vt 0 0
vt 0 0
vt 0 0
vt 0 0
vt 0 0
vt 0 0
vt 0 0
vt 0 0
vt 0 0
vt 0 0
vt 0 0
vt 0 0
vt 0 0
vt 0 0
vt 0 0
vt 0 0
vt 0 0
vt 0 0
vt 0 0
vt 0 0
vt 0 0
vt 0 0
vt 0 0
vt 0 0
vt 0 0
vt 0 0
vt 0 0
vt 0 0
vt 0 0
vt 0 0
vt 0 0
vt 0 0
vt 0 0
vt 0 0
vt 0 0
vt 0 0
vt 0 0
vt 0 0
vt 0 0
vt 0 0
vt 0 0
vt 0 0
vt 0 0
vt 0 0
vt 0 0
vt 0 0
vt 0 0
vt 0 0
vt 0 0
vt 0 0
vt 0 0
vt 0 0
vt 0 0
vt 0 0
vt 0 0
vt 0 0
vt 0 0
vt 0 0
vt 0 0
vt 0 0
vt 0 0
vt 0 0
vt 0 0
vt 0 0
vt 0 0
vt 0 0
vt 0 0
vt 0 0
vt 0 0
vt 0 0
vt 0 0
vt 0 0
vt 0 0
vt 0 0
vt 0 0
vt 0 0
vt 0 0
vt 0 0
vt 0 0
vt 0 0
vt 0 0
vt 0 0
vt 0 0
vt 0 0
vt 0 0
vt 0 0
vt 0 0
vt 0 0
vt 0 0
vt 0 0
vt 0 0
vt 0 0
vt 0 0
vt 0 0
vt 0 0
vt 0 0
vt 0 0
vt 0 0
vt 0 0
vt 0 0
vt 0 0
vt 0 0
vt 0 0
vt 0 0
vt 0 0
vt 0 0
vt 0 0
vt 0 0
vt 0 0
vt 0 0
vt 0 0
vt 0 0
vt 0 0
vt 0 0
vt 0 0
vt 0 0
vt 0 0
vt 0 0
vt 0 0
vt 0 0
vt 0 0
vt 0 0
vt 0 0
vt 0 0
vt 0 0
vt 0 0
vt 0 0
vt 0 0
vt 0 0
vt 0 0
vt 0 0
vt 0 0
vt 0 0
vt 0 0
vt 0 0
vt 0 0
vt 0 0
vt 0 0
vt 0 0
vt 0 0
vt 0 0
vt 0 0
vt 0 0
vt 0 0
vt 0 0
vt 0 0
vt 0 0
vt 0 0
vt 0 0
vt 0 0
vt 0 0
vt 0 0
vt 0 0
vt 0 0
vt 0 0
vt 0 0
vt 0 0
vt 0 0
vt 0 0
vt 0 0
vt 0 0
vt 0 0
vt 0 0
vt 0 0
vt 0 0
vt 0 0
vt 0 0
vt 0 0
vt 0 0
vt 0 0
vt 0 0
vt 0 0
vt 0 0
vt 0 0
vt 0 0
vt 0 0
vt 0 0
vt 0 0
vt 0 0
vt 0 0
vt 0 0
vt 0 0
vt 0 0
vt 0 0
vt 0 0
vt 0 0
vt 0 0
vt 0 0
vt 0 0
vt 0 0
vt 0 0
vt 0 0
vt 0 0
vt 0 0
vt 0 0
vt 0 0
vt 0 0
vt 0 0
vt 0 0
vt 0 0
vt 0 0
vt 0 0
vt 0 0
vt 0 0
vt 0 0
vt 0 0
vt 0 0
vt 0 0
vt 0 0
vt 0 0
vt 0 0
vt 0 0
vt 0 0
vt 0 0
vt 0 0
vt 0 0
vt 0 0
vt 0 0
vt 0 0
vt 0 0
vt 0 0
vt 0 0
vt 0 0
vt 0 0
vt 0 0
vt 0 0
vt 0 0
vt 0 0
vt 0 0
vt 0 0
vt 0 0
vt 0 0
vt 0 0
vt 0 0
vt 0 0
vt 0 0
vt 0 0
vt 0 0
vt 0 0
vt 0 0
vt 0 0
vt 0 0
vt 0 0
vt 0 0
vt 0 0
vt 0 0
vt 0 0
vt 0 0
vt 0 0
vt 0 0
vt 0 0
vt 0 0
vt 0 0
vt 0 0
vt 0 0
vt 0 0
vt 0 0
vt 0 0
vt 0 0
vt 0 0
vt 0 0
vt 0 0
vt 0 0
vt 0 0
vt 0 0
vt 0 0
vt 0 0
vt 0 0
vt 0 0
vt 0 0
vt 0 0
vt 0 0
vt 0 0
vt 0 0
vt 0 0
vt 0 0
vt 0 0
vt 0 0
vt 0 0
vt 0 0
vt 0 0
vt 0 0
vt 0 0
vt 0 0
vt 0 0
vt 0 0
vt 0 0
vt 0 0
vt 0 0
vt 0 0
vt 0 0
vt 0 0
vt 0 0
vt 0 0
vt 0 0
vt 0 0
vt 0 0
vt 0 0
vt 0 0
vt 0 0
vt 0 0
vt 0 0
vt 0 0
vt 0 0
vt 0 0
vt 0 0
vt 0 0
vt 0 0
vt 0 0
vt 0 0
vt 0 0
vt 0 0
vt 0 0
vt 0 0
vt 0 0
vt 0 0
vt 0 0
vt 0 0
vt 0 0
vt 0 0
vt 0 0
vt 0 0
vt 0 0
vt 0 0
vt 0 0
vt 0 0
vt 0 0
vt 0 0
vt 0 0
vt 0 0
vt 0 0
vt 0 0
vt 0 0
vt 0 0
vt 0 0
vt 0 0
vt 0 0
vt 0 0
vt 0 0
vt 0 0
vt 0 0
vt 0 0
vt 0 0
vt 0 0
vt 0 0
vt 0 0
vt 0 0
vt 0 0
vt 0 0
vt 0 0
vt 0 0
vt 0 0
vt 0 0
vt 0 0
vt 0 0
vt 0 0
vt 0 0
vt 0 0
vt 0 0
vt 0 0
vt 0 0
vt 0 0
vt 0 0
vt 0 0
vt 0 0
vt 0 0
vt 0 0
vt 0 0
vt 0 0
vt 0 0
vt 0 0
vt 0 0
vt 0 0
vt 0 0
vt 0 0
vt 0 0
vt 0 0
vt 0 0
vt 0 0
vt 0 0
vt 0 0
vt 0 0
vt 0 0
vt 0 0
vt 0 0
vt 0 0
vt 0 0
vt 0 0
vt 0 0
vt 0 0
vt 0 0
vt 0 0
vt 0 0
vt 0 0
vt 0 0
vt 0 0
vt 0 0
vt 0 0
vt 0 0
vt 0 0
vt 0 0
vt 0 0
vt 0 0
vt 0 0
vt 0 0
vt 0 0
vt 0 0
vt 0 0
vt 0 0
vt 0 0
vt 0 0
vt 0 0
vt 0 0
vt 0 0
vt 0 0
vt 0 0
vt 0 0
vt 0 0
vt 0 0
vt 0 0
vt 0 0
vt 0 0
vt 0 0
vt 0 0
vt 0 0
vt 0 0
vt 0 0
vt 0 0
vt 0 0
vt 0 0
vt 0 0
vt 0 0
vt 0 0
vt 0 0
vt 0 0
vt 0 0
vt 0 0
vt 0 0
vt 0 0
vt 0 0
vt 0 0
vt 0 0
vt 0 0
vt 0 0
vt 0 0
vt 0 0
vt 0 0
vt 0 0
vt 0 0
vt 0 0
vt 0 0
vt 0 0
vt 0 0
vt 0 0
vt 0 0
vt 0 0
vt 0 0
vt 0 0
vt 0 0
vt 0 0
vt 0 0
vt 0 0
vt 0 0
vt 0 0
vt 0 0
vt 0 0
vt 0 0
vt 0 0
vt 0 0
vt 0 0
vt 0 0
vt 0 0
vt 0 0
vt 0 0
vt 0 0
vt 0 0
vt 0 0
vt 0 0
vt 0 0
vt 0 0
vt 0 0
vt 0 0
vt 0 0
vt 0 0
vt 0 0
vt 0 0
vt 0 0
vt 0 0
vt 0 0
vt 0 0
vt 0 0
vt 0 0
vt 0 0
vt 0 0
vt 0 0
vt 0 0
vt 0 0
vt 0 0
vt 0 0
vt 0 0
vt 0 0
vt 0 0
vt 0 0
vt 0 0
vt 0 0
vt 0 0
vt 0 0
vt 0 0
vt 0 0
vt 0 0
vt 0 0
vt 0 0
vt 0 0
vt 0 0
vt 0 0
vt 0 0
vt 0 0
vt 0 0
vt 0 0
vt 0 0
vt 0 0
vt 0 0
vt 0 0
vt 0 0
vt 0 0
vt 0 0
vt 0 0
vt 0 0
vt 0 0
vt 0 0
vt 0 0
vt 0 0
vt 0 0
vt 0 0
vt 0 0
vt 0 0
vt 0 0
vt 0 0
vt 0 0
vt 0 0
vt 0 0
vt 0 0
vt 0 0
vt 0 0
vt 0 0
vt 0 0
vt 0 0
vt 0 0
vt 0 0
vt 0 0
vt 0 0
vt 0 0
vt 0 0
vt 0 0
vt 0 0
vt 0 0
vt 0 0
vt 0 0
vt 0 0
vt 0 0
vt 0 0
vt 0 0
vt 0 0
vt 0 0
vt 0 0
vt 0 0
vt 0 0
vt 0 0
vt 0 0
vt 0 0
vt 0 0
vt 0 0
vt 0 0
vt 0 0
vt 0 0
vt 0 0
vt 0 0
vt 0 0
vt 0 0
vt 0 0
vt 0 0
vt 0 0
vt 0 0
vt 0 0
vt 0 0
vt 0 0
vt 0 0
vt 0 0
vt 0 0
vt 0 0
vt 0 0
vt 0 0
vt 0 0
vt 0 0
vt 0 0
vt 0 0
vt 0 0
vt 0 0
vt 0 0
vt 0 0
vt 0 0
vt 0 0
vt 0 0
vt 0 0
vt 0 0
vt 0 0
vt 0 0
vt 0 0
vt 0 0
vt 0 0
vt 0 0
vt 0 0
vt 0 0
vt 0 0
vt 0 0
vt 0 0
vt 0 0
vt 0 0
vt 0 0
vt 0 0
vt 0 0
vt 0 0
vt 0 0
vt 0 0
vt 0 0
vt 0 0
vt 0 0
vt 0 0
vt 0 0
vt 0 0
vt 0 0
vt 0 0
vt 0 0
vt 0 0
vt 0 0
vt 0 0
vt 0 0
vt 0 0
vt 0 0
vt 0 0
vt 0 0
vt 0 0
vt 0 0
vt 0 0
vt 0 0
vt 0 0
vt 0 0
vt 0 0
vt 0 0
vt 0 0
vt 0 0
vt 0 0
vt 0 0
vt 0 0
vt 0 0
vt 0 0
vt 0 0
vt 0 0
vt 0 0
vt 0 0
vt 0 0
vt 0 0
vt 0 0
vt 0 0
vt 0 0
vt 0 0
vt 0 0
vt 0 0
vt 0 0
vt 0 0
vt 0 0
vt 0 0
vt 0 0
vt 0 0
vt 0 0
vt 0 0
vt 0 0
vt 0 0
vt 0 0
vt 0 0
vt 0 0
vt 0 0
vt 0 0
vt 0 0
vt 0 0
vt 0 0
vt 0 0
vt 0 0
vt 0 0
vt 0 0
vt 0 0
vt 0 0
vt 0 0
vt 0 0
vt 0 0
vt 0 0
vt 0 0
vt 0 0
vt 0 0
vt 0 0
vt 0 0
vt 0 0
vt 0 0
vt 0 0
vt 0 0
vt 0 0
vt 0 0
vt 0 0
vt 0 0
vt 0 0
vt 0 0
vt 0 0
vt 0 0
vt 0 0
vt 0 0
vt 0 0
vt 0 0
vt 0 0
vt 0 0
vt 0 0
vt 0 0
vt 0 0
vt 0 0
vt 0 0
vt 0 0
vt 0 0
vt 0 0
vt 0 0
vt 0 0
vt 0 0
vt 0 0
vt 0 0
vt 0 0
vt 0 0
vt 0 0
vt 0 0
vt 0 0
vt 0 0
vt 0 0
vt 0 0
vt 0 0
vt 0 0
vt 0 0
vt 0 0
vt 0 0
vt 0 0
vt 0 0
vt 0 0
vt 0 0
vt 0 0
vt 0 0
vt 0 0
vt 0 0
vt 0 0
vt 0 0
vt 0 0
vt 0 0
vt 0 0
vt 0 0
vt 0 0
vt 0 0
vt 0 0
vt 0 0
vt 0 0
vt 0 0
vt 0 0
vt 0 0
vt 0 0
vt 0 0
vt 0 0
vt 0 0
vt 0 0
vt 0 0
vt 0 0
vt 0 0
vt 0 0
vt 0 0
vt 0 0
vt 0 0
vt 0 0
vt 0 0
vt 0 0
vt 0 0
vt 0 0
vt 0 0
vt 0 0
vt 0 0
vt 0 0
vt 0 0
vt 0 0
vt 0 0
vt 0 0
vt 0 0
vt 0 0
vt 0 0
vt 0 0
vt 0 0
vt 0 0
vt 0 0
vt 0 0
vt 0 0
vt 0 0
vt 0 0
vt 0 0
vt 0 0
vt 0 0
vt 0 0
vt 0 0
vt 0 0
vt 0 0
vt 0 0
vt 0 0
vt 0 0
vt 0 0
vt 0 0
vt 0 0
vt 0 0
vt 0 0
vt 0 0
vt 0 0
vt 0 0
vt 0 0
vt 0 0
vt 0 0
vt 0 0
vt 0 0
vt 0 0
vt 0 0
vt 0 0
vt 0 0
vt 0 0
vt 0 0
vt 0 0
vt 0 0
vt 0 0
vt 0 0
vt 0 0
vt 0 0
vt 0 0
vt 0 0
vt 0 0
vt 0 0
vt 0 0
vt 0 0
vt 0 0
vt 0 0
vt 0 0
vt 0 0
vt 0 0
vt 0 0
vt 0 0
vt 0 0
vt 0 0
vt 0 0
vt 0 0
vt 0 0
vt 0 0
vt 0 0
vt 0 0
vt 0 0
vt 0 0
vt 0 0
vt 0 0
vt 0 0
vt 0 0
vt 0 0
vt 0 0
vt 0 0
vt 0 0
vt 0 0
vt 0 0
vt 0 0
vt 0 0
vt 0 0
vt 0 0
vt 0 0
vt 0 0
vt 0 0
vt 0 0
vt 0 0
vt 0 0
vt 0 0
vt 0 0
vt 0 0
vt 0 0
vt 0 0
vt 0 0
vt 0 0
vt 0 0
vt 0 0
vt 0 0
vt 0 0
vt 0 0
vt 0 0
vt 0 0
vt 0 0
vt 0 0
vt 0 0
vt 0 0
vt 0 0
vt 0 0
vt 0 0
vt 0 0
vt 0 0
vt 0 0
vt 0 0
vt 0 0
vt 0 0
vt 0 0
vt 0 0
vt 0 0
vt 0 0
vt 0 0
vt 0 0
vt 0 0
vt 0 0
vt 0 0
vt 0 0
vt 0 0
vt 0 0
vt 0 0
vt 0 0
vt 0 0
vt 0 0
vt 0 0
vt 0 0
vt 0 0
vt 0 0
vt 0 0
vt 0 0
vt 0 0
vt 0 0
vt 0 0
vt 0 0
vt 0 0
vt 0 0
vt 0 0
vt 0 0
vt 0 0
vt 0 0
vt 0 0
vt 0 0
vt 0 0
vt 0 0
vt 0 0
vt 0 0
vt 0 0
vt 0 0
vt 0 0
vt 0 0
vt 0 0
vt 0 0
vt 0 0
vt 0 0
vt 0 0
vt 0 0
vt 0 0
vt 0 0
vt 0 0
vt 0 0
vt 0 0
vt 0 0
vt 0 0
vt 0 0
vt 0 0
vt 0 0
vt 0 0
vt 0 0
vt 0 0
vt 0 0
vt 0 0
vt 0 0
vt 0 0
vt 0 0
vt 0 0
vt 0 0
vt 0 0
vt 0 0
vt 0 0
vt 0 0
vt 0 0
vt 0 0
vt 0 0
vt 0 0
vt 0 0
vt 0 0
vt 0 0
vt 0 0
vt 0 0
vt 0 0
vt 0 0
vt 0 0
vt 0 0
vt 0 0
vt 0 0
vt 0 0
vt 0 0
vt 0 0
vt 0 0
vt 0 0
vt 0 0
vt 0 0
vt 0 0
vt 0 0
vt 0 0
vt 0 0
vt 0 0
vt 0 0
vt 0 0
vt 0 0
vt 0 0
vt 0 0
vt 0 0
vt 0 0
vt 0 0
vt 0 0
vt 0 0
vt 0 0
vt 0 0
vt 0 0
vt 0 0
vt 0 0
vt 0 0
vt 0 0
vt 0 0
vt 0 0
vt 0 0
vt 0 0
vt 0 0
vt 0 0
vt 0 0
vt 0 0
vt 0 0
vt 0 0
vt 0 0
vt 0 0
vt 0 0
vt 0 0
vt 0 0
vt 0 0
vt 0 0
vt 0 0
vt 0 0
vt 0 0
vt 0 0
vt 0 0
vt 0 0
vt 0 0
vt 0 0
vt 0 0
vt 0 0
vt 0 0
vt 0 0
vt 0 0
vt 0 0
vt 0 0
vt 0 0
vt 0 0
vt 0 0
vt 0 0
vt 0 0
vt 0 0
vt 0 0
vt 0 0
vt 0 0
vt 0 0
vt 0 0
vt 0 0
vt 0 0
vt 0 0
vt 0 0
vt 0 0
vt 0 0
vt 0 0
vt 0 0
vt 0 0
vt 0 0
vt 0 0
vt 0 0
vt 0 0
vt 0 0
vt 0 0
vt 0 0
vt 0 0
vt 0 0
vt 0 0
vt 0 0
vt 0 0
vt 0 0
vt 0 0
vt 0 0
vt 0 0
vt 0 0
vt 0 0
vt 0 0
vt 0 0
vt 0 0
vt 0 0
vt 0 0
vt 0 0
vt 0 0
vt 0 0
vt 0 0
vt 0 0
vt 0 0
vt 0 0
vt 0 0
vt 0 0
vt 0 0
vt 0 0
vt 0 0
vt 0 0
vt 0 0
vt 0 0
vt 0 0
vt 0 0
vt 0 0
vt 0 0
vt 0 0
vt 0 0
vt 0 0
vt 0 0
vt 0 0
vt 0 0
vt 0 0
vt 0 0
vt 0 0
vt 0 0
vt 0 0
vt 0 0
vt 0 0
vt 0 0
vt 0 0
vt 0 0
vt 0 0
vt 0 0
vt 0 0
vt 0 0
vt 0 0
vt 0 0
vt 0 0
vt 0 0
vt 0 0
vt 0 0
vt 0 0
vt 0 0
vt 0 0
vt 0 0
vt 0 0
vt 0 0
vt 0 0
vt 0 0
vt 0 0
vt 0 0
vt 0 0
vt 0 0
vt 0 0
vt 0 0
vt 0 0
vt 0 0
vt 0 0
vt 0 0
vt 0 0
vt 0 0
vt 0 0
vt 0 0
vt 0 0
vt 0 0
vt 0 0
vt 0 0
vt 0 0
vt 0 0
vt 0 0
vt 0 0
vt 0 0
vt 0 0
vt 0 0
vt 0 0
vt 0 0
vt 0 0
vt 0 0
vt 0 0
vt 0 0
vt 0 0
vt 0 0
vt 0 0
vt 0 0
vt 0 0
vt 0 0
vt 0 0
vt 0 0
vt 0 0
vt 0 0
vt 0 0
vt 0 0
vt 0 0
vt 0 0
vt 0 0
vt 0 0
vt 0 0
vt 0 0
vt 0 0
vt 0 0
vt 0 0
vt 0 0
vt 0 0
vt 0 0
vt 0 0
vt 0 0
vt 0 0
vt 0 0
vt 0 0
vt 0 0
vt 0 0
vt 0 0
vt 0 0
vt 0 0
vt 0 0
vt 0 0
vt 0 0
vt 0 0
vt 0 0
vt 0 0
vt 0 0
vt 0 0
vt 0 0
vt 0 0
vt 0 0
vt 0 0
vt 0 0
vt 0 0
vt 0 0
vt 0 0
vt 0 0
vt 0 0
vt 0 0
vt 0 0
vt 0 0
vt 0 0
vt 0 0
vt 0 0
vt 0 0
vt 0 0
vt 0 0
vt 0 0
vt 0 0
vt 0 0
vt 0 0
vt 0 0
vt 0 0
vt 0 0
vt 0 0
vt 0 0
vt 0 0
vt 0 0
vt 0 0
vt 0 0
vt 0 0
vt 0 0
vt 0 0
vt 0 0
vt 0 0
vt 0 0
vt 0 0
vt 0 0
vt 0 0
vt 0 0
vt 0 0
vt 0 0
vt 0 0
vt 0 0
vt 0 0
vt 0 0
vt 0 0
vt 0 0
vt 0 0
vt 0 0
vt 0 0
vt 0 0
vt 0 0
vt 0 0
vt 0 0
vt 0 0
vt 0 0
vt 0 0
vt 0 0
vt 0 0
vt 0 0
vt 0 0
vt 0 0
vt 0 0
vt 0 0
vt 0 0
vt 0 0
vt 0 0
vt 0 0
vt 0 0
vt 0 0
vt 0 0
vt 0 0
vt 0 0
vt 0 0
vt 0 0
vt 0 0
vt 0 0
vt 0 0
vt 0 0
vt 0 0
vt 0 0
vt 0 0
vt 0 0
vt 0 0
vt 0 0
vt 0 0
vt 0 0
vt 0 0
vt 0 0
vt 0 0
vt 0 0
vt 0 0
vt 0 0
vt 0 0
vt 0 0
vt 0 0
vt 0 0
vt 0 0
vt 0 0
vt 0 0
vt 0 0
vt 0 0
vt 0 0
vt 0 0
vt 0 0
vt 0 0
vt 0 0
vt 0 0
vt 0 0
vt 0 0
vt 0 0
vt 0 0
vt 0 0
vt 0 0
vt 0 0
vt 0 0
vt 0 0
vt 0 0
vt 0 0
vt 0 0
vt 0 0
vt 0 0
vt 0 0
vt 0 0
vt 0 0
vt 0 0
vt 0 0
vt 0 0
vt 0 0
vt 0 0
vt 0 0
vt 0 0
vt 0 0
vt 0 0
vt 0 0
vt 0 0
vt 0 0
vt 0 0
vt 0 0
vt 0 0
vt 0 0
vt 0 0
vt 0 0
vt 0 0
vt 0 0
vt 0 0
vt 0 0
vt 0 0
vt 0 0
vt 0 0
vt 0 0
vt 0 0
vt 0 0
vt 0 0
vt 0 0
vt 0 0
vt 0 0
vt 0 0
vt 0 0
vt 0 0
vt 0 0
vt 0 0
vt 0 0
vt 0 0
vt 0 0
vt 0 0
vt 0 0
vt 0 0
vt 0 0
vt 0 0
vt 0 0
vt 0 0
vt 0 0
vt 0 0
vt 0 0
vt 0 0
vt 0 0
vt 0 0
vt 0 0
vt 0 0
vt 0 0
vt 0 0
vt 0 0
vt 0 0
vt 0 0
vt 0 0
vt 0 0
vt 0 0
vt 0 0
vt 0 0
vt 0 0
vt 0 0
vt 0 0
vt 0 0
vt 0 0
vt 0 0
vt 0 0
vt 0 0
vt 0 0
vt 0 0
vt 0 0
vt 0 0
vt 0 0
vt 0 0
vt 0 0
vt 0 0
vt 0 0
vt 0 0
vt 0 0
vt 0 0
vt 0 0
vt 0 0
vt 0 0
vt 0 0
vt 0 0
vt 0 0
vt 0 0
vt 0 0
vt 0 0
vt 0 0
vt 0 0
vt 0 0
vt 0 0
vt 0 0
vt 0 0
vt 0 0
vt 0 0
vt 0 0
vt 0 0
vt 0 0
vt 0 0
vt 0 0
vt 0 0
vt 0 0
vt 0 0
vt 0 0
vt 0 0
vt 0 0
vt 0 0
vt 0 0
vt 0 0
vt 0 0
vt 0 0
vt 0 0
vt 0 0
vt 0 0
vt 0 0
vt 0 0
vt 0 0
vt 0 0
vt 0 0
vt 0 0
vt 0 0
vt 0 0
vt 0 0
vt 0 0
vt 0 0
vt 0 0
vt 0 0
vt 0 0
vt 0 0
vt 0 0
vt 0 0
vt 0 0
vt 0 0
vt 0 0
vt 0 0
vt 0 0
vt 0 0
vt 0 0
vt 0 0
vt 0 0
vt 0 0
vt 0 0
vt 0 0
vt 0 0
vt 0 0
vt 0 0
vt 0 0
vt 0 0
vt 0 0
vt 0 0
vt 0 0
vt 0 0
vt 0 0
vt 0 0
vt 0 0
vt 0 0
vt 0 0
vt 0 0
vt 0 0
vt 0 0
vt 0 0
vt 0 0
vt 0 0
vt 0 0
vt 0 0
vt 0 0
vt 0 0
vt 0 0
vt 0 0
vt 0 0
vt 0 0
vt 0 0
vt 0 0
vt 0 0
vt 0 0
vt 0 0
vt 0 0
vt 0 0
vt 0 0
vt 0 0
vt 0 0
vt 0 0
vt 0 0
vt 0 0
vt 0 0
vt 0 0
vt 0 0
vt 0 0
vt 0 0
vt 0 0
vt 0 0
vt 0 0
vt 0 0
vt 0 0
vt 0 0
vt 0 0
vt 0 0
vt 0 0
vt 0 0
vt 0 0
vt 0 0
vt 0 0
vt 0 0
vt 0 0
vt 0 0
vt 0 0
vt 0 0
vt 0 0
vt 0 0
vt 0 0
vt 0 0
vt 0 0
vt 0 0
vt 0 0
vt 0 0
vt 0 0
vt 0 0
vt 0 0
vt 0 0
vt 0 0
vt 0 0
vt 0 0
vt 0 0
vt 0 0
vt 0 0
vt 0 0
vt 0 0
vt 0 0
vt 0 0
vt 0 0
vt 0 0
vt 0 0
vt 0 0
vt 0 0
vt 0 0
vt 0 0
vt 0 0
vt 0 0
vt 0 0
vt 0 0
vt 0 0
vt 0 0
vt 0 0
vt 0 0
vt 0 0
vt 0 0
vt 0 0
vt 0 0
vt 0 0
vt 0 0
vt 0 0
vt 0 0
vt 0 0
vt 0 0
vt 0 0
vt 0 0
vt 0 0
vt 0 0
vt 0 0
vt 0 0
vt 0 0
vt 0 0
vt 0 0
vt 0 0
vt 0 0
vt 0 0
vt 0 0
vt 0 0
vt 0 0
vt 0 0
vt 0 0
vt 0 0
vt 0 0
vt 0 0
vt 0 0
vt 0 0
vt 0 0
vt 0 0
vt 0 0
vt 0 0
vt 0 0
vt 0 0
vt 0 0
vt 0 0
vt 0 0
vt 0 0
vt 0 0
vt 0 0
vt 0 0
vt 0 0
vt 0 0
vt 0 0
vt 0 0
vt 0 0
vt 0 0
vt 0 0
vt 0 0
vt 0 0
vt 0 0
vt 0 0
vt 0 0
vt 0 0
vt 0 0
vt 0 0
vt 0 0
vt 0 0
vt 0 0
vt 0 0
vt 0 0
vt 0 0
vt 0 0
vt 0 0
vt 0 0
vt 0 0
vt 0 0
vt 0 0
vt 0 0
vt 0 0
vt 0 0
vt 0 0
vt 0 0
vt 0 0
vt 0 0
vt 0 0
vt 0 0
vt 0 0
vt 0 0
vt 0 0
vt 0 0
vt 0 0
vt 0 0
vt 0 0
vt 0 0
vt 0 0
vt 0 0
vt 0 0
vt 0 0
vt 0 0
vt 0 0
vt 0 0
vt 0 0
vt 0 0
vt 0 0
vt 0 0
vt 0 0
vt 0 0
vt 0 0
vt 0 0
vt 0 0
vt 0 0
vt 0 0
vt 0 0
vt 0 0
vt 0 0
vt 0 0
vt 0 0
vt 0 0
vt 0 0
vt 0 0
vt 0 0
vt 0 0
vt 0 0
vt 0 0
vt 0 0
vt 0 0
vt 0 0
vt 0 0
vt 0 0
vt 0 0
vt 0 0
vt 0 0
vt 0 0
vt 0 0
vt 0 0
vt 0 0
vt 0 0
vt 0 0
vt 0 0
vt 0 0
vt 0 0
vt 0 0
vt 0 0
vt 0 0
vt 0 0
vt 0 0
vt 0 0
vt 0 0
vt 0 0
vt 0 0
vt 0 0
vt 0 0
vt 0 0
vt 0 0
vt 0 0
vt 0 0
vt 0 0
vt 0 0
vt 0 0
vt 0 0
vt 0 0
vt 0 0
vt 0 0
vt 0 0
vt 0 0
vt 0 0
vt 0 0
vt 0 0
vt 0 0
vt 0 0
vt 0 0
vt 0 0
vt 0 0
vt 0 0
vt 0 0
vt 0 0
vt 0 0
vt 0 0
vt 0 0
vt 0 0
vt 0 0
vt 0 0
vt 0 0
vt 0 0
vt 0 0
vt 0 0
vt 0 0
vt 0 0
vt 0 0
vt 0 0
vt 0 0
vt 0 0
vt 0 0
vt 0 0
vt 0 0
vt 0 0
vt 0 0
vt 0 0
vt 0 0
vt 0 0
vt 0 0
vt 0 0
vt 0 0
vt 0 0
vt 0 0
vt 0 0
vt 0 0
vt 0 0
vt 0 0
vt 0 0
vt 0 0
vt 0 0
vt 0 0
vt 0 0
vt 0 0
vt 0 0
vt 0 0
vt 0 0
vt 0 0
vt 0 0
vt 0 0
vt 0 0
vt 0 0
vt 0 0
vt 0 0
vt 0 0
vt 0 0
vt 0 0
vt 0 0
vt 0 0
vt 0 0
vt 0 0
vt 0 0
vt 0 0
vt 0 0
vt 0 0
vt 0 0
vt 0 0
vt 0 0
vt 0 0
vt 0 0
vt 0 0
vt 0 0
vt 0 0
vt 0 0
vt 0 0
vt 0 0
vt 0 0
vt 0 0
vt 0 0
vt 0 0
vt 0 0
vt 0 0
vt 0 0
vt 0 0
vt 0 0
vt 0 0
vt 0 0
vt 0 0
vt 0 0
vt 0 0
vt 0 0
vt 0 0
vt 0 0
vt 0 0
vt 0 0
vt 0 0
vt 0 0
vt 0 0
vt 0 0
vt 0 0
vt 0 0
vt 0 0
vt 0 0
vt 0 0
vt 0 0
vt 0 0
vt 0 0
vt 0 0
vt 0 0
vt 0 0
vt 0 0
vt 0 0
vt 0 0
vt 0 0
vt 0 0
vt 0 0
vt 0 0
vt 0 0
vt 0 0
vt 0 0
vt 0 0
vt 0 0
vt 0 0
vt 0 0
vt 0 0
vt 0 0
vt 0 0
vt 0 0
vt 0 0
vt 0 0
vt 0 0
vt 0 0
vt 0 0
vt 0 0
vt 0 0
vt 0 0
vt 0 0
vt 0 0
vt 0 0
vt 0 0
vt 0 0
vt 0 0
vt 0 0
vt 0 0
vt 0 0
vt 0 0
vt 0 0
vt 0 0
vt 0 0
vt 0 0
vt 0 0
vt 0 0
vt 0 0
vt 0 0
vt 0 0
vt 0 0
vt 0 0
vt 0 0
vt 0 0
vt 0 0
vt 0 0
vt 0 0
vt 0 0
vt 0 0
vt 0 0
vt 0 0
vt 0 0
vt 0 0
vt 0 0
vt 0 0
vt 0 0
vt 0 0
vt 0 0
vt 0 0
vt 0 0
vt 0 0
vt 0 0
vt 0 0
vt 0 0
vt 0 0
vt 0 0
vt 0 0
vt 0 0
vt 0 0
vt 0 0
vt 0 0
vt 0 0
vt 0 0
vt 0 0
vt 0 0
vt 0 0
vt 0 0
vt 0 0
vt 0 0
vt 0 0
vt 0 0
vt 0 0
vt 0 0
vt 0 0
vt 0 0
vt 0 0
vt 0 0
vt 0 0
vt 0 0
vt 0 0
vt 0 0
vt 0 0
vt 0 0
vt 0 0
vt 0 0
vt 0 0
vt 0 0
vt 0 0
vt 0 0
vt 0 0
vt 0 0
vt 0 0
vt 0 0
vt 0 0
vt 0 0
vt 0 0
vt 0 0
vt 0 0
vt 0 0
vt 0 0
vt 0 0
vt 0 0
vt 0 0
vt 0 0
vt 0 0
vt 0 0
vt 0 0
vt 0 0
vt 0 0
vt 0 0
vt 0 0
vt 0 0
vt 0 0
vt 0 0
vt 0 0
vt 0 0
vt 0 0
vt 0 0
vt 0 0
vt 0 0
vt 0 0
vt 0 0
vt 0 0
vt 0 0
vt 0 0
vt 0 0
vt 0 0
vt 0 0
vt 0 0
vt 0 0
vt 0 0
vt 0 0
vt 0 0
vt 0 0
vt 0 0
vt 0 0
vt 0 0
vt 0 0
vt 0 0
vt 0 0
vt 0 0
vt 0 0
vt 0 0
vt 0 0
vt 0 0
vt 0 0
vt 0 0
vt 0 0
vt 0 0
vt 0 0
vt 0 0
vt 0 0
vt 0 0
vt 0 0
vt 0 0
vt 0 0
vt 0 0
vt 0 0
vt 0 0
vt 0 0
vt 0 0
vt 0 0
vt 0 0
vt 0 0
vt 0 0
vt 0 0
vt 0 0
vt 0 0
vt 0 0
vt 0 0
vt 0 0
vt 0 0
vt 0 0
vt 0 0
vt 0 0
vt 0 0
vt 0 0
vt 0 0
vt 0 0
vt 0 0
vt 0 0
vt 0 0
vt 0 0
vt 0 0
vt 0 0
vt 0 0
vt 0 0
vt 0 0
vt 0 0
vt 0 0
vt 0 0
vt 0 0
vt 0 0
vt 0 0
vt 0 0
vt 0 0
vt 0 0
vt 0 0
vt 0 0
vt 0 0
vt 0 0
vt 0 0
vt 0 0
vt 0 0
vt 0 0
vt 0 0
vt 0 0
vt 0 0
vt 0 0
vt 0 0
vt 0 0
vt 0 0
vt 0 0
vt 0 0
vt 0 0
vt 0 0
vt 0 0
vt 0 0
vt 0 0
vt 0 0
vt 0 0
vt 0 0
vt 0 0
vt 0 0
vt 0 0
vt 0 0
vt 0 0
vt 0 0
vt 0 0
vt 0 0
vt 0 0
vt 0 0
vt 0 0
vt 0 0
vt 0 0
vt 0 0
vt 0 0
vt 0 0
vt 0 0
vt 0 0
vt 0 0
vt 0 0
vt 0 0
vt 0 0
vt 0 0
vt 0 0
vt 0 0
vt 0 0
vt 0 0
vt 0 0
vt 0 0
vt 0 0
vt 0 0
vt 0 0
vt 0 0
vt 0 0
vt 0 0
vt 0 0
vt 0 0
vt 0 0
vt 0 0
vt 0 0
vt 0 0
vt 0 0
vt 0 0
vt 0 0
vt 0 0
vt 0 0
vt 0 0
vt 0 0
vt 0 0
vt 0 0
vt 0 0
vt 0 0
vt 0 0
vt 0 0
vt 0 0
vt 0 0
vt 0 0
vt 0 0
vt 0 0
vt 0 0
vt 0 0
vt 0 0
vt 0 0
vt 0 0
vt 0 0
vt 0 0
vt 0 0
vt 0 0
vt 0 0
vt 0 0
vt 0 0
vt 0 0
vt 0 0
vt 0 0
vt 0 0
vt 0 0
vt 0 0
vt 0 0
vt 0 0
vt 0 0
vt 0 0
vt 0 0
vt 0 0
vt 0 0
vt 0 0
vt 0 0
vt 0 0
vt 0 0
vt 0 0
vt 0 0
vt 0 0
vt 0 0
vt 0 0
vt 0 0
vt 0 0
vt 0 0
vt 0 0
vt 0 0
vt 0 0
vt 0 0
vt 0 0
vt 0 0
vt 0 0
vt 0 0
vt 0 0
vt 0 0
vt 0 0
vt 0 0
vt 0 0
vt 0 0
vt 0 0
vt 0 0
vt 0 0
vt 0 0
vt 0 0
vt 0 0
vt 0 0
vt 0 0
vt 0 0
vt 0 0
vt 0 0
vt 0 0
vt 0 0
vt 0 0
vt 0 0
vt 0 0
vt 0 0
vt 0 0
vt 0 0
vt 0 0
vt 0 0
vt 0 0
vt 0 0
vt 0 0
vt 0 0
vt 0 0
vt 0 0
vt 0 0
vt 0 0
vt 0 0
vt 0 0
vt 0 0
vt 0 0
vt 0 0
vt 0 0
vt 0 0
vt 0 0
vt 0 0
vt 0 0
vt 0 0
vt 0 0
vt 0 0
vt 0 0
vt 0 0
vt 0 0
vt 0 0
vt 0 0
vt 0 0
vt 0 0
vt 0 0
vt 0 0
vt 0 0
vt 0 0
vt 0 0
vt 0 0
vt 0 0
vt 0 0
vt 0 0
vt 0 0
vt 0 0
vt 0 0
vt 0 0
vt 0 0
vt 0 0
vt 0 0
vt 0 0
vt 0 0
vt 0 0
vt 0 0
vt 0 0
vt 0 0
vt 0 0
vt 0 0
vt 0 0
vt 0 0
vt 0 0
vt 0 0
vt 0 0
vt 0 0
vt 0 0
vt 0 0
vt 0 0
vt 0 0
vt 0 0
vt 0 0
vt 0 0
vt 0 0
vt 0 0
vt 0 0
vt 0 0
vt 0 0
vt 0 0
vt 0 0
vt 0 0
vt 0 0
vt 0 0
vt 0 0
vt 0 0
vt 0 0
vt 0 0
vt 0 0
vt 0 0
vt 0 0
vt 0 0
vt 0 0
vt 0 0
vt 0 0
vt 0 0
vt 0 0
vt 0 0
vt 0 0
vt 0 0
vt 0 0
vt 0 0
vt 0 0
vt 0 0
vt 0 0
vt 0 0
vt 0 0
vt 0 0
vt 0 0
vt 0 0
vt 0 0
vt 0 0
vt 0 0
vt 0 0
vt 0 0
vt 0 0
vt 0 0
vt 0 0
vt 0 0
vt 0 0
vt 0 0
vt 0 0
vt 0 0
vt 0 0
vt 0 0
vt 0 0
vt 0 0
vt 0 0
vt 0 0
vt 0 0
vt 0 0
vt 0 0
vt 0 0
vt 0 0
vt 0 0
vt 0 0
vt 0 0
vt 0 0
vt 0 0
vt 0 0
vt 0 0
vt 0 0
vt 0 0
vt 0 0
vt 0 0
vt 0 0
vt 0 0
vt 0 0
vt 0 0
vt 0 0
vt 0 0
vt 0 0
vt 0 0
vt 0 0
vt 0 0
vt 0 0
vt 0 0
vt 0 0
vt 0 0
vt 0 0
vt 0 0
vt 0 0
vt 0 0
vt 0 0
vt 0 0
vt 0 0
vt 0 0
vt 0 0
vt 0 0
vt 0 0
vt 0 0
vt 0 0
vt 0 0
vt 0 0
vt 0 0
vt 0 0
vt 0 0
vt 0 0
vt 0 0
vt 0 0
vt 0 0
vt 0 0
vt 0 0
vt 0 0
vt 0 0
vt 0 0
vt 0 0
vt 0 0
vt 0 0
vt 0 0
vt 0 0
vt 0 0
vt 0 0
vt 0 0
vt 0 0
vt 0 0
vt 0 0
vt 0 0
vt 0 0
vt 0 0
vt 0 0
vt 0 0
vt 0 0
vt 0 0
vt 0 0
vt 0 0
vt 0 0
vt 0 0
vt 0 0
vt 0 0
vt 0 0
vt 0 0
vt 0 0
vt 0 0
vt 0 0
vt 0 0
vt 0 0
vt 0 0
vt 0 0
vt 0 0
vt 0 0
vt 0 0
vt 0 0
vt 0 0
vt 0 0
vt 0 0
vt 0 0
vt 0 0
vt 0 0
vt 0 0
vt 0 0
vt 0 0
vt 0 0
vt 0 0
vt 0 0
vt 0 0
vt 0 0
vt 0 0
vt 0 0
vt 0 0
vt 0 0
vt 0 0
vt 0 0
vt 0 0
vt 0 0
vt 0 0
vt 0 0
vt 0 0
vt 0 0
vt 0 0
vt 0 0
vt 0 0
vt 0 0
vt 0 0
vt 0 0
vt 0 0
vt 0 0
vt 0 0
vt 0 0
vt 0 0
vt 0 0
vt 0 0
vt 0 0
vt 0 0
vt 0 0
vt 0 0
vt 0 0
vt 0 0
vt 0 0
vt 0 0
vt 0 0
vt 0 0
vt 0 0
vt 0 0
vt 0 0
vt 0 0
vt 0 0
vt 0 0
vt 0 0
vt 0 0
vt 0 0
vt 0 0
vt 0 0
vt 0 0
vt 0 0
vt 0 0
vt 0 0
vt 0 0
vt 0 0
vt 0 0
vt 0 0
vt 0 0
vt 0 0
vt 0 0
vt 0 0
vt 0 0
vt 0 0
vt 0 0
vt 0 0
vt 0 0
vt 0 0
vt 0 0
vt 0 0
vt 0 0
vt 0 0
vt 0 0
vt 0 0
vt 0 0
vt 0 0
vt 0 0
vt 0 0
vt 0 0
vt 0 0
vt 0 0
vt 0 0
vt 0 0
vt 0 0
vt 0 0
vt 0 0
vt 0 0
vt 0 0
vt 0 0
vt 0 0
vt 0 0
vt 0 0
vt 0 0
vt 0 0
vt 0 0
vt 0 0
vt 0 0
vt 0 0
vt 0 0
vt 0 0
vt 0 0
vt 0 0
vt 0 0
vt 0 0
vt 0 0
vt 0 0
vt 0 0
vt 0 0
vt 0 0
vt 0 0
vt 0 0
vt 0 0
vt 0 0
vt 0 0
vt 0 0
vt 0 0
vt 0 0
vt 0 0
vt 0 0
vt 0 0
vt 0 0
vt 0 0
vt 0 0
vt 0 0
vt 0 0
vt 0 0
vt 0 0
vt 0 0
vt 0 0
vt 0 0
vt 0 0
vt 0 0
vt 0 0
vt 0 0
vt 0 0
vt 0 0
vt 0 0
vt 0 0
vt 0 0
vt 0 0
vt 0 0
vt 0 0
vt 0 0
vt 0 0
vt 0 0
vt 0 0
vt 0 0
vt 0 0
vt 0 0
vt 0 0
vt 0 0
vt 0 0
vt 0 0
vt 0 0
vt 0 0
vt 0 0
vt 0 0
vt 0 0
vt 0 0
vt 0 0
vt 0 0
vt 0 0
vt 0 0
vt 0 0
vt 0 0
vt 0 0
vt 0 0
vt 0 0
vt 0 0
vt 0 0
vt 0 0
vt 0 0
vt 0 0
vt 0 0
vt 0 0
vt 0 0
vt 0 0
vt 0 0
vt 0 0
vt 0 0
vt 0 0
vt 0 0
vt 0 0
vt 0 0
vt 0 0
vt 0 0
vt 0 0
vt 0 0
vt 0 0
vt 0 0
vt 0 0
vt 0 0
vt 0 0
vt 0 0
vt 0 0
vt 0 0
vt 0 0
vt 0 0
vt 0 0
vt 0 0
vt 0 0
vt 0 0
vt 0 0
vt 0 0
vt 0 0
vt 0 0
vt 0 0
vt 0 0
vt 0 0
vt 0 0
vt 0 0
vt 0 0
vt 0 0
vt 0 0
vt 0 0
vt 0 0
vt 0 0
vt 0 0
vt 0 0
vt 0 0
vt 0 0
vt 0 0
vt 0 0
vt 0 0
vt 0 0
vt 0 0
vt 0 0
vt 0 0
vt 0 0
vt 0 0
vt 0 0
vt 0 0
vt 0 0
vt 0 0
vt 0 0
vt 0 0
vt 0 0
vt 0 0
vt 0 0
vt 0 0
vt 0 0
vt 0 0
vt 0 0
vt 0 0
vt 0 0
vt 0 0
vt 0 0
vt 0 0
vt 0 0
vt 0 0
vt 0 0
vt 0 0
vt 0 0
vt 0 0
vt 0 0
vt 0 0
vt 0 0
vt 0 0
vt 0 0
vt 0 0
vt 0 0
vt 0 0
vt 0 0
vt 0 0
vt 0 0
vt 0 0
vt 0 0
vt 0 0
vt 0 0
vt 0 0
vt 0 0
vt 0 0
vt 0 0
vt 0 0
vt 0 0
vt 0 0
vt 0 0
vt 0 0
vt 0 0
vt 0 0
vt 0 0
vt 0 0
vt 0 0
vt 0 0
vt 0 0
vt 0 0
vt 0 0
vt 0 0
vt 0 0
vt 0 0
vt 0 0
vt 0 0
vt 0 0
vt 0 0
vt 0 0
vt 0 0
vt 0 0
vt 0 0
vt 0 0
vt 0 0
vt 0 0
vt 0 0
vt 0 0
vt 0 0
vt 0 0
vt 0 0
vt 0 0
vt 0 0
vt 0 0
vt 0 0
vt 0 0
vt 0 0
vt 0 0
vt 0 0
vt 0 0
vt 0 0
vt 0 0
vt 0 0
vt 0 0
vt 0 0
vt 0 0
vt 0 0
vt 0 0
vt 0 0
vt 0 0
vt 0 0
vt 0 0
vt 0 0
vt 0 0
vt 0 0
vt 0 0
vt 0 0
vt 0 0
vt 0 0
vt 0 0
vt 0 0
vt 0 0
vt 0 0
vt 0 0
vt 0 0
vt 0 0
vt 0 0
vt 0 0
vt 0 0
vt 0 0
vt 0 0
vt 0 0
vt 0 0
vt 0 0
vt 0 0
vt 0 0
vt 0 0
vt 0 0
vt 0 0
vt 0 0
vt 0 0
vt 0 0
vt 0 0
vt 0 0
vt 0 0
vt 0 0
vt 0 0
vt 0 0
vt 0 0
vt 0 0
vt 0 0
vt 0 0
vt 0 0
vt 0 0
vt 0 0
vt 0 0
vt 0 0
vt 0 0
vt 0 0
vt 0 0
vt 0 0
vt 0 0
vt 0 0
vt 0 0
vt 0 0
vt 0 0
vt 0 0
vt 0 0
vt 0 0
vt 0 0
vt 0 0
vt 0 0
vt 0 0
vt 0 0
vt 0 0
vt 0 0
vt 0 0
vt 0 0
vt 0 0
vt 0 0
vt 0 0
vt 0 0
vt 0 0
vt 0 0
vt 0 0
vt 0 0
vt 0 0
vt 0 0
vt 0 0
vt 0 0
vt 0 0
vt 0 0
vt 0 0
vt 0 0
vt 0 0
vt 0 0
vt 0 0
vt 0 0
vt 0 0
vt 0 0
vt 0 0
vt 0 0
vt 0 0
vt 0 0
vt 0 0
vt 0 0
vt 0 0
vt 0 0
vt 0 0
vt 0 0
vt 0 0
vt 0 0
vt 0 0
vt 0 0
vt 0 0
vt 0 0
vt 0 0
vt 0 0
vt 0 0
vt 0 0
vt 0 0
vt 0 0
vt 0 0
vt 0 0
vt 0 0
vt 0 0
vt 0 0
vt 0 0
vt 0 0
vt 0 0
vt 0 0
vt 0 0
vt 0 0
vt 0 0
vt 0 0
vt 0 0
vt 0 0
vt 0 0
vt 0 0
vt 0 0
vt 0 0
vt 0 0
vt 0 0
vt 0 0
vt 0 0
vt 0 0
vt 0 0
vt 0 0
vt 0 0
vt 0 0
vt 0 0
vt 0 0
vt 0 0
vt 0 0
vt 0 0
vt 0 0
vt 0 0
vt 0 0
vt 0 0
vt 0 0
vt 0 0
vt 0 0
vt 0 0
vt 0 0
vt 0 0
vt 0 0
vt 0 0
vt 0 0
vt 0 0
vt 0 0
vt 0 0
vt 0 0
vt 0 0
vt 0 0
vt 0 0
vt 0 0
vt 0 0
vt 0 0
vt 0 0
vt 0 0
vt 0 0
vt 0 0
vt 0 0
vt 0 0
vt 0 0
vt 0 0
vt 0 0
vt 0 0
vt 0 0
vt 0 0
vt 0 0
vt 0 0
vt 0 0
vt 0 0
vt 0 0
vt 0 0
vt 0 0
vt 0 0
vt 0 0
vt 0 0
vt 0 0
vt 0 0
vt 0 0
vt 0 0
vt 0 0
vt 0 0
vt 0 0
vt 0 0
vt 0 0
vt 0 0
vt 0 0
vt 0 0
vt 0 0
vt 0 0
vt 0 0
vt 0 0
vt 0 0
vt 0 0
vt 0 0
vt 0 0
vt 0 0
vt 0 0
vt 0 0
vt 0 0
vt 0 0
vt 0 0
vt 0 0
vt 0 0
vt 0 0
vt 0 0
vt 0 0
vt 0 0
vt 0 0
vt 0 0
vt 0 0
vt 0 0
vt 0 0
vt 0 0
vt 0 0
vt 0 0
vt 0 0
vt 0 0
vt 0 0
vt 0 0
vt 0 0
vt 0 0
vt 0 0
vt 0 0
vt 0 0
vt 0 0
vt 0 0
vt 0 0
vt 0 0
vt 0 0
vt 0 0
vt 0 0
vt 0 0
vt 0 0
vt 0 0
vt 0 0
vt 0 0
vt 0 0
vt 0 0
vt 0 0
vt 0 0
vt 0 0
vt 0 0
vt 0 0
vt 0 0
vt 0 0
vt 0 0
vt 0 0
vt 0 0
vt 0 0
vt 0 0
vt 0 0
vt 0 0
vt 0 0
vt 0 0
vt 0 0
vt 0 0
vt 0 0
vt 0 0
vt 0 0
vt 0 0
vt 0 0
vt 0 0
vt 0 0
vt 0 0
vt 0 0
vt 0 0
vt 0 0
vt 0 0
vt 0 0
vt 0 0
vt 0 0
vt 0 0
vt 0 0
vt 0 0
vt 0 0
vt 0 0
vt 0 0
vt 0 0
vt 0 0
vt 0 0
vt 0 0
vt 0 0
vt 0 0
vt 0 0
vt 0 0
vt 0 0
vt 0 0
vt 0 0
vt 0 0
vt 0 0
vt 0 0
vt 0 0
vt 0 0
vt 0 0
vt 0 0
vt 0 0
vt 0 0
vt 0 0
vt 0 0
vt 0 0
vt 0 0
vt 0 0
vt 0 0
vt 0 0
vt 0 0
vt 0 0
vt 0 0
vt 0 0
vt 0 0
vt 0 0
vt 0 0
vt 0 0
vt 0 0
vt 0 0
vt 0 0
vt 0 0
vt 0 0
vt 0 0
vt 0 0
vt 0 0
vt 0 0
vt 0 0
vt 0 0
vt 0 0
vt 0 0
vt 0 0
vt 0 0
vt 0 0
vt 0 0
vt 0 0
vt 0 0
vt 0 0
vt 0 0
vt 0 0
vt 0 0
vt 0 0
vt 0 0
vt 0 0
vt 0 0
vt 0 0
vt 0 0
vt 0 0
vt 0 0
vt 0 0
vt 0 0
vt 0 0
vt 0 0
vt 0 0
vt 0 0
vt 0 0
vt 0 0
vt 0 0
vt 0 0
vt 0 0
vt 0 0
vt 0 0
vt 0 0
vt 0 0
vt 0 0
vt 0 0
vt 0 0
vt 0 0
vt 0 0
vt 0 0
vt 0 0
vt 0 0
vt 0 0
vt 0 0
vt 0 0
vt 0 0
vt 0 0
vt 0 0
vt 0 0
vt 0 0
vt 0 0
vt 0 0
vt 0 0
vt 0 0
vt 0 0
vt 0 0
vt 0 0
vt 0 0
vt 0 0
vt 0 0
vt 0 0
vt 0 0
vt 0 0
vt 0 0
vt 0 0
vt 0 0
vt 0 0
vt 0 0
vt 0 0
vt 0 0
vt 0 0
vt 0 0
vt 0 0
vt 0 0
vt 0 0
vt 0 0
vt 0 0
vt 0 0
vt 0 0
vt 0 0
vt 0 0
vt 0 0
vt 0 0
vt 0 0
vt 0 0
vt 0 0
vt 0 0
vt 0 0
vt 0 0
vt 0 0
vt 0 0
vt 0 0
vt 0 0
vt 0 0
vt 0 0
vt 0 0
vt 0 0
vt 0 0
vt 0 0
vt 0 0
vt 0 0
vt 0 0
vt 0 0
vt 0 0
vt 0 0
vt 0 0
vt 0 0
vt 0 0
vt 0 0
vt 0 0
vt 0 0
vt 0 0
vt 0 0
vt 0 0
vt 0 0
vt 0 0
vt 0 0
vt 0 0
vt 0 0
vt 0 0
vt 0 0
vt 0 0
vt 0 0
vt 0 0
vt 0 0
vt 0 0
vt 0 0
vt 0 0
vt 0 0
vt 0 0
vt 0 0
vt 0 0
vt 0 0
vt 0 0
vt 0 0
vt 0 0
vt 0 0
vt 0 0
vt 0 0
vt 0 0
vt 0 0
vt 0 0
vt 0 0
vt 0 0
vt 0 0
vt 0 0
vt 0 0
vt 0 0
vt 0 0
vt 0 0
vt 0 0
vt 0 0
vt 0 0
vt 0 0
vt 0 0
vt 0 0
vt 0 0
vt 0 0
vt 0 0
vt 0 0
vt 0 0
vt 0 0
vt 0 0
vt 0 0
vt 0 0
vt 0 0
vt 0 0
vt 0 0
vt 0 0
vt 0 0
vt 0 0
vt 0 0
vt 0 0
vt 0 0
vt 0 0
vt 0 0
vt 0 0
vt 0 0
vt 0 0
vt 0 0
vt 0 0
vt 0 0
vt 0 0
vt 0 0
vt 0 0
vt 0 0
vt 0 0
vt 0 0
vt 0 0
vt 0 0
vt 0 0
vt 0 0
vt 0 0
vt 0 0
vt 0 0
vt 0 0
vt 0 0
vt 0 0
vt 0 0
vt 0 0
vt 0 0
vt 0 0
vt 0 0
vt 0 0
vt 0 0
vt 0 0
vt 0 0
vt 0 0
vt 0 0
vt 0 0
vt 0 0
vt 0 0
vt 0 0
vt 0 0
vt 0 0
vt 0 0
vt 0 0
vt 0 0
vt 0 0
vt 0 0
vt 0 0
vt 0 0
vt 0 0
vt 0 0
vt 0 0
vt 0 0
vt 0 0
vt 0 0
vt 0 0
vt 0 0
vt 0 0
vt 0 0
vt 0 0
vt 0 0
vt 0 0
vt 0 0
vt 0 0
vt 0 0
vt 0 0
vt 0 0
vt 0 0
vt 0 0
vt 0 0
vt 0 0
vt 0 0
vt 0 0
vt 0 0
vt 0 0
vt 0 0
vt 0 0
vt 0 0
vt 0 0
vt 0 0
vt 0 0
vt 0 0
vt 0 0
vt 0 0
vt 0 0
vt 0 0
vt 0 0
vt 0 0
vt 0 0
vt 0 0
vt 0 0
vt 0 0
vt 0 0
vt 0 0
vt 0 0
vt 0 0
vt 0 0
vt 0 0
vt 0 0
vt 0 0
vt 0 0
vt 0 0
vt 0 0
vt 0 0
vt 0 0
vt 0 0
vt 0 0
vt 0 0
vt 0 0
vt 0 0
vt 0 0
vt 0 0
vt 0 0
vt 0 0
vt 0 0
vt 0 0
vt 0 0
vt 0 0
vt 0 0
vt 0 0
vt 0 0
vt 0 0
vt 0 0
vt 0 0
vt 0 0
vt 0 0
vt 0 0
vt 0 0
vt 0 0
vt 0 0
vt 0 0
vt 0 0
vt 0 0
vt 0 0
vt 0 0
vt 0 0
vt 0 0
vt 0 0
vt 0 0
vt 0 0
vt 0 0
vt 0 0
vt 0 0
vt 0 0
vt 0 0
vt 0 0
vt 0 0
vt 0 0
vt 0 0
vt 0 0
vt 0 0
vt 0 0
vt 0 0
vt 0 0
vt 0 0
vt 0 0
vt 0 0
vt 0 0
vt 0 0
vt 0 0
vt 0 0
vt 0 0
vt 0 0
vt 0 0
vt 0 0
vt 0 0
vt 0 0
vt 0 0
vt 0 0
vt 0 0
vt 0 0
vt 0 0
vt 0 0
vt 0 0
vt 0 0
vt 0 0
vt 0 0
vt 0 0
vt 0 0
vt 0 0
vt 0 0
vt 0 0
vt 0 0
vt 0 0
vt 0 0
vt 0 0
vt 0 0
vt 0 0
vt 0 0
vt 0 0
vt 0 0
vt 0 0
vt 0 0
vt 0 0
vt 0 0
vt 0 0
vt 0 0
vt 0 0
vt 0 0
vt 0 0
vt 0 0
vt 0 0
vt 0 0
vt 0 0
vt 0 0
vt 0 0
vt 0 0
vt 0 0
vt 0 0
vt 0 0
vt 0 0
vt 0 0
vt 0 0
vt 0 0
vt 0 0
vt 0 0
vt 0 0
vt 0 0
vt 0 0
vt 0 0
vt 0 0
vt 0 0
vt 0 0
vt 0 0
vt 0 0
vt 0 0
vt 0 0
vt 0 0
vt 0 0
vt 0 0
vt 0 0
vt 0 0
vt 0 0
vt 0 0
vt 0 0
vt 0 0
vt 0 0
vt 0 0
vt 0 0
vt 0 0
vt 0 0
vt 0 0
vt 0 0
vt 0 0
vt 0 0
vt 0 0
vt 0 0
vt 0 0
vt 0 0
vt 0 0
vt 0 0
vt 0 0
vt 0 0
vt 0 0
vt 0 0
vt 0 0
vt 0 0
vt 0 0
vt 0 0
vt 0 0
vt 0 0
vt 0 0
vt 0 0
vt 0 0
vt 0 0
vt 0 0
vt 0 0
vt 0 0
vt 0 0
vt 0 0
vt 0 0
vt 0 0
vt 0 0
vt 0 0
vt 0 0
vt 0 0
vt 0 0
vt 0 0
vt 0 0
vt 0 0
vt 0 0
vt 0 0
vt 0 0
vt 0 0
vt 0 0
vt 0 0
vt 0 0
vt 0 0
vt 0 0
vt 0 0
vt 0 0
vt 0 0
vt 0 0
vt 0 0
vt 0 0
vt 0 0
vt 0 0
vt 0 0
vt 0 0
vt 0 0
vt 0 0
vt 0 0
vt 0 0
vt 0 0
vt 0 0
vt 0 0
vt 0 0
vt 0 0
vt 0 0
vt 0 0
vt 0 0
vt 0 0
vt 0 0
vt 0 0
vt 0 0
vt 0 0
vt 0 0
vt 0 0
vt 0 0
vt 0 0
vt 0 0
vt 0 0
vt 0 0
vt 0 0
vt 0 0
vt 0 0
vt 0 0
vt 0 0
vt 0 0
vt 0 0
vt 0 0
vt 0 0
vt 0 0
vt 0 0
vt 0 0
vt 0 0
vt 0 0
vt 0 0
vt 0 0
vt 0 0
vt 0 0
vt 0 0
vt 0 0
vt 0 0
vt 0 0
vt 0 0
vt 0 0
vt 0 0
vt 0 0
vt 0 0
vt 0 0
vt 0 0
vt 0 0
vt 0 0
vt 0 0
vt 0 0
vt 0 0
vt 0 0
vt 0 0
vt 0 0
vt 0 0
vt 0 0
vt 0 0
vt 0 0
vt 0 0
vt 0 0
vt 0 0
vt 0 0
vt 0 0
vt 0 0
vt 0 0
vt 0 0
vt 0 0
vt 0 0
vt 0 0
vt 0 0
vt 0 0
vt 0 0
vt 0 0
vt 0 0
vt 0 0
vt 0 0
vt 0 0
vt 0 0
vt 0 0
vt 0 0
vt 0 0
vt 0 0
vt 0 0
vt 0 0
vt 0 0
vt 0 0
vt 0 0
vt 0 0
vt 0 0
vt 0 0
vt 0 0
vt 0 0
vt 0 0
vt 0 0
vt 0 0
vt 0 0
vt 0 0
vt 0 0
vt 0 0
vt 0 0
vt 0 0
vt 0 0
vt 0 0
vt 0 0
vt 0 0
vt 0 0
vt 0 0
vt 0 0
vt 0 0
vt 0 0
vt 0 0
vt 0 0
vt 0 0
vt 0 0
vt 0 0
vt 0 0
vt 0 0
vt 0 0
vt 0 0
vt 0 0
vt 0 0
vt 0 0
vt 0 0
vt 0 0
vt 0 0
vt 0 0
vt 0 0
vt 0 0
vt 0 0
vt 0 0
vt 0 0
vt 0 0
vt 0 0
vt 0 0
vt 0 0
vt 0 0
vt 0 0
vt 0 0
vt 0 0
vt 0 0
vt 0 0
vt 0 0
vt 0 0
vt 0 0
vt 0 0
vt 0 0
vt 0 0
vt 0 0
vt 0 0
vt 0 0
vt 0 0
vt 0 0
vt 0 0
vt 0 0
vt 0 0
vt 0 0
vt 0 0
vt 0 0
vt 0 0
vt 0 0
vt 0 0
vt 0 0
vt 0 0
vt 0 0
vt 0 0
vt 0 0
vt 0 0
vt 0 0
vt 0 0
vt 0 0
vt 0 0
vt 0 0
vt 0 0
vt 0 0
vt 0 0
vt 0 0
vt 0 0
vt 0 0
vt 0 0
vt 0 0
vt 0 0
vt 0 0
vt 0 0
vt 0 0
vt 0 0
vt 0 0
vt 0 0
vt 0 0
vt 0 0
vt 0 0
vt 0 0
vt 0 0
vt 0 0
vt 0 0
vt 0 0
vt 0 0
vt 0 0
vt 0 0
vt 0 0
vt 0 0
vt 0 0
vt 0 0
vt 0 0
vt 0 0
vt 0 0
vt 0 0
vt 0 0
vt 0 0
vt 0 0
vt 0 0
vt 0 0
vt 0 0
vt 0 0
vt 0 0
vt 0 0
vt 0 0
vt 0 0
vt 0 0
vt 0 0
vt 0 0
vt 0 0
vt 0 0
vt 0 0
vt 0 0
vt 0 0
vt 0 0
vt 0 0
vt 0 0
vt 0 0
vt 0 0
vt 0 0
vt 0 0
vt 0 0
vt 0 0
vt 0 0
vt 0 0
vt 0 0
vt 0 0
vt 0 0
vt 0 0
vt 0 0
vt 0 0
vt 0 0
vt 0 0
vt 0 0
vt 0 0
vt 0 0
vt 0 0
vt 0 0
vt 0 0
vt 0 0
vt 0 0
vt 0 0
vt 0 0
vt 0 0
vt 0 0
vt 0 0
vt 0 0
vt 0 0
vt 0 0
vt 0 0
vt 0 0
vt 0 0
vt 0 0
vt 0 0
vt 0 0
vt 0 0
vt 0 0
vt 0 0
vt 0 0
vt 0 0
vt 0 0
vt 0 0
vt 0 0
vt 0 0
vt 0 0
vt 0 0
vt 0 0
vt 0 0
vt 0 0
vt 0 0
vt 0 0
vt 0 0
vt 0 0
vt 0 0
vt 0 0
vt 0 0
vt 0 0
vt 0 0
vt 0 0
vt 0 0
vt 0 0
vt 0 0
vt 0 0
vt 0 0
vt 0 0
vt 0 0
vt 0 0
vt 0 0
vt 0 0
vt 0 0
vt 0 0
vt 0 0
vt 0 0
vt 0 0
vt 0 0
vt 0 0
vt 0 0
vt 0 0
vt 0 0
vt 0 0
vt 0 0
vt 0 0
vt 0 0
vt 0 0
vt 0 0
vt 0 0
vt 0 0
vt 0 0
vt 0 0
vt 0 0
vt 0 0
vt 0 0
vt 0 0
vt 0 0
vt 0 0
vt 0 0
vt 0 0
vt 0 0
vt 0 0
vt 0 0
vt 0 0
vt 0 0
vt 0 0
vt 0 0
vt 0 0
vt 0 0
vt 0 0
vt 0 0
vt 0 0
vt 0 0
vt 0 0
vt 0 0
vt 0 0
vt 0 0
vt 0 0
vt 0 0
vt 0 0
vt 0 0
vt 0 0
vt 0 0
vt 0 0
vt 0 0
vt 0 0
vt 0 0
vt 0 0
vt 0 0
vt 0 0
vt 0 0
vt 0 0
vt 0 0
vt 0 0
vt 0 0
vt 0 0
vt 0 0
vt 0 0
vt 0 0
vt 0 0
vt 0 0
vt 0 0
vt 0 0
vt 0 0
vt 0 0
vt 0 0
vt 0 0
vt 0 0
vt 0 0
vt 0 0
vt 0 0
vt 0 0
vt 0 0
vt 0 0
vt 0 0
vt 0 0
vt 0 0
vt 0 0
vt 0 0
vt 0 0
vt 0 0
vt 0 0
vt 0 0
vt 0 0
vt 0 0
vt 0 0
vt 0 0
vt 0 0
vt 0 0
vt 0 0
vt 0 0
vt 0 0
vt 0 0
vt 0 0
vt 0 0
vt 0 0
vt 0 0
vt 0 0
vt 0 0
vt 0 0
vt 0 0
vt 0 0
vt 0 0
vt 0 0
vt 0 0
vt 0 0
vt 0 0
vt 0 0
vt 0 0
vt 0 0
vt 0 0
vt 0 0
vt 0 0
vt 0 0
vt 0 0
vt 0 0
vt 0 0
vt 0 0
vt 0 0
vt 0 0
vt 0 0
vt 0 0
vt 0 0
vt 0 0
vt 0 0
vt 0 0
vt 0 0
vt 0 0
vt 0 0
vt 0 0
vt 0 0
vt 0 0
vt 0 0
vt 0 0
vt 0 0
vt 0 0
vt 0 0
vt 0 0
vt 0 0
vt 0 0
vt 0 0
vt 0 0
vt 0 0
vt 0 0
vt 0 0
vt 0 0
vt 0 0
vt 0 0
vt 0 0
vt 0 0
vt 0 0
vt 0 0
vt 0 0
vt 0 0
vt 0 0
vt 0 0
vt 0 0
vt 0 0
vt 0 0
vt 0 0
vt 0 0
vt 0 0
vt 0 0
vt 0 0
vt 0 0
vt 0 0
vt 0 0
vt 0 0
vt 0 0
vt 0 0
vt 0 0
vt 0 0
vt 0 0
vt 0 0
vt 0 0
vt 0 0
vt 0 0
vt 0 0
vt 0 0
vt 0 0
vt 0 0
vt 0 0
vt 0 0
vt 0 0
vt 0 0
vt 0 0
vt 0 0
vt 0 0
vt 0 0
vt 0 0
vt 0 0
vt 0 0
vt 0 0
vt 0 0
vt 0 0
vt 0 0
vt 0 0
vt 0 0
vt 0 0
vt 0 0
vt 0 0
vt 0 0
vt 0 0
vt 0 0
vt 0 0
vt 0 0
vt 0 0
vt 0 0
vt 0 0
vt 0 0
vt 0 0
vt 0 0
vt 0 0
vt 0 0
vt 0 0
vt 0 0
vt 0 0
vt 0 0
vt 0 0
vt 0 0
vt 0 0
vt 0 0
vt 0 0
vt 0 0
vt 0 0
vt 0 0
vt 0 0
vt 0 0
vt 0 0
vt 0 0
vt 0 0
vt 0 0
vt 0 0
vt 0 0
vt 0 0
vt 0 0
vt 0 0
vt 0 0
vt 0 0
vt 0 0
vt 0 0
vt 0 0
vt 0 0
vt 0 0
vt 0 0
vt 0 0
vt 0 0
vt 0 0
vt 0 0
vt 0 0
vt 0 0
vt 0 0
vt 0 0
vt 0 0
vt 0 0
vt 0 0
vt 0 0
vt 0 0
vt 0 0
vt 0 0
vt 0 0
vt 0 0
vt 0 0
vt 0 0
vt 0 0
vt 0 0
vt 0 0
vt 0 0
vt 0 0
vt 0 0
vt 0 0
vt 0 0
vt 0 0
vt 0 0
vt 0 0
vt 0 0
vt 0 0
vt 0 0
vt 0 0
vt 0 0
vt 0 0
vt 0 0
vt 0 0
vt 0 0
vt 0 0
vt 0 0
vt 0 0
vt 0 0
vt 0 0
vt 0 0
vt 0 0
vt 0 0
vt 0 0
vt 0 0
vt 0 0
vt 0 0
vt 0 0
vt 0 0
vt 0 0
vt 0 0
vt 0 0
vt 0 0
vt 0 0
vt 0 0
vt 0 0
vt 0 0
vt 0 0
vt 0 0
vt 0 0
vt 0 0
vt 0 0
vt 0 0
vt 0 0
vt 0 0
vt 0 0
vt 0 0
vt 0 0
vt 0 0
vt 0 0
vt 0 0
vt 0 0
vt 0 0
vt 0 0
vt 0 0
vt 0 0
vt 0 0
vt 0 0
vt 0 0
vt 0 0
vt 0 0
vt 0 0
vt 0 0
vt 0 0
vt 0 0
vt 0 0
vt 0 0
vt 0 0
vt 0 0
vt 0 0
vt 0 0
vt 0 0
vt 0 0
vt 0 0
vt 0 0
vt 0 0
vt 0 0
vt 0 0
vt 0 0
vt 0 0
vt 0 0
vt 0 0
vt 0 0
vt 0 0
vt 0 0
vt 0 0
vt 0 0
vt 0 0
vt 0 0
vt 0 0
vt 0 0
vt 0 0
vt 0 0
vt 0 0
vt 0 0
vt 0 0
vt 0 0
vt 0 0
vt 0 0
vt 0 0
vt 0 0
vt 0 0
vt 0 0
vt 0 0
vt 0 0
vt 0 0
vt 0 0
vt 0 0
vt 0 0
vt 0 0
vt 0 0
vt 0 0
vt 0 0
vt 0 0
vt 0 0
vt 0 0
vt 0 0
vt 0 0
vt 0 0
vt 0 0
vt 0 0
vt 0 0
vt 0 0
vt 0 0
vt 0 0
vt 0 0
vt 0 0
vt 0 0
vt 0 0
vt 0 0
vt 0 0
vt 0 0
vt 0 0
vt 0 0
vt 0 0
vt 0 0
vt 0 0
vt 0 0
vt 0 0
vt 0 0
vt 0 0
vt 0 0
vt 0 0
vt 0 0
vt 0 0
vt 0 0
vt 0 0
vt 0 0
vt 0 0
vt 0 0
vt 0 0
vt 0 0
vt 0 0
vt 0 0
vt 0 0
vt 0 0
vt 0 0
vt 0 0
vt 0 0
vt 0 0
vt 0 0
vt 0 0
vt 0 0
vt 0 0
vt 0 0
vt 0 0
vt 0 0
vt 0 0
vt 0 0
vt 0 0
vt 0 0
vt 0 0
vt 0 0
vt 0 0
vt 0 0
vt 0 0
vt 0 0
vt 0 0
vt 0 0
vt 0 0
vt 0 0
vt 0 0
vt 0 0
vt 0 0
vt 0 0
vt 0 0
vt 0 0
vt 0 0
vt 0 0
vt 0 0
vt 0 0
vt 0 0
vt 0 0
vt 0 0
vt 0 0
vt 0 0
vt 0 0
vt 0 0
vt 0 0
vt 0 0
vt 0 0
vt 0 0
vt 0 0
vt 0 0
vt 0 0
vt 0 0
vt 0 0
vt 0 0
vt 0 0
vt 0 0
vt 0 0
vt 0 0
vt 0 0
vt 0 0
vt 0 0
vt 0 0
vt 0 0
vt 0 0
vt 0 0
vt 0 0
vt 0 0
vt 0 0
vt 0 0
vt 0 0
vt 0 0
vt 0 0
vt 0 0
vt 0 0
vt 0 0
vt 0 0
vt 0 0
vt 0 0
vt 0 0
vt 0 0
vt 0 0
vt 0 0
vt 0 0
vt 0 0
vt 0 0
vt 0 0
vt 0 0
vt 0 0
vt 0 0
vt 0 0
vt 0 0
vt 0 0
vt 0 0
vt 0 0
vt 0 0
vt 0 0
vt 0 0
vt 0 0
vt 0 0
vt 0 0
vt 0 0
vt 0 0
vt 0 0
vt 0 0
vt 0 0
vt 0 0
vt 0 0
vt 0 0
vt 0 0
vt 0 0
vt 0 0
vt 0 0
vt 0 0
vt 0 0
vt 0 0
vt 0 0
vt 0 0
vt 0 0
vt 0 0
vt 0 0
vt 0 0
vt 0 0
vt 0 0
vt 0 0
vt 0 0
vt 0 0
vt 0 0
vt 0 0
vt 0 0
vt 0 0
vt 0 0
vt 0 0
vt 0 0
vt 0 0
vt 0 0
vt 0 0
vt 0 0
vt 0 0
vt 0 0
vt 0 0
vt 0 0
vt 0 0
vt 0 0
vt 0 0
vt 0 0
vt 0 0
vt 0 0
vt 0 0
vt 0 0
vt 0 0
vt 0 0
vt 0 0
vt 0 0
vt 0 0
vt 0 0
vt 0 0
vt 0 0
vt 0 0
vt 0 0
vt 0 0
vt 0 0
vt 0 0
vt 0 0
vt 0 0
vt 0 0
vt 0 0
vt 0 0
vt 0 0
vt 0 0
vt 0 0
vt 0 0
vt 0 0
vt 0 0
vt 0 0
vt 0 0
vt 0 0
vt 0 0
vt 0 0
vt 0 0
vt 0 0
vt 0 0
vt 0 0
vt 0 0
vt 0 0
vt 0 0
vt 0 0
vt 0 0
vt 0 0
vt 0 0
vt 0 0
vt 0 0
vt 0 0
vt 0 0
vt 0 0
vt 0 0
vt 0 0
vt 0 0
vt 0 0
vt 0 0
vt 0 0
vt 0 0
vt 0 0
vt 0 0
vt 0 0
vt 0 0
vt 0 0
vt 0 0
vt 0 0
vt 0 0
vt 0 0
vt 0 0
vt 0 0
vt 0 0
vt 0 0
vt 0 0
vt 0 0
vt 0 0
vt 0 0
vt 0 0
vt 0 0
vt 0 0
vt 0 0
vt 0 0
vt 0 0
vt 0 0
vt 0 0
vt 0 0
vt 0 0
vt 0 0
vt 0 0
vt 0 0
vt 0 0
vt 0 0
vt 0 0
vt 0 0
vt 0 0
vt 0 0
vt 0 0
vt 0 0
vt 0 0
vt 0 0
vt 0 0
vt 0 0
vt 0 0
vt 0 0
vt 0 0
vt 0 0
vt 0 0
vt 0 0
vt 0 0
vt 0 0
vt 0 0
vt 0 0
vt 0 0
vt 0 0
vt 0 0
vt 0 0
vt 0 0
vt 0 0
vt 0 0
vt 0 0
vt 0 0
vt 0 0
vt 0 0
vt 0 0
vt 0 0
vt 0 0
vt 0 0
vt 0 0
vt 0 0
vt 0 0
vt 0 0
vt 0 0
vt 0 0
vt 0 0
vt 0 0
vt 0 0
vt 0 0
vt 0 0
vt 0 0
vt 0 0
vt 0 0
vt 0 0
vt 0 0
vt 0 0
vt 0 0
vt 0 0
vt 0 0
vt 0 0
vt 0 0
vt 0 0
vt 0 0
vt 0 0
vt 0 0
vt 0 0
vt 0 0
vt 0 0
vt 0 0
vt 0 0
vt 0 0
vt 0 0
vt 0 0
vt 0 0
vt 0 0
vt 0 0
vt 0 0
vt 0 0
vt 0 0
vt 0 0
vt 0 0
vt 0 0
vt 0 0
vt 0 0
vt 0 0
vt 0 0
vt 0 0
vt 0 0
vt 0 0
vt 0 0
vt 0 0
vt 0 0
vt 0 0
vt 0 0
vt 0 0
vt 0 0
vt 0 0
vt 0 0
vt 0 0
vt 0 0
vt 0 0
vt 0 0
vt 0 0
vt 0 0
vt 0 0
vt 0 0
vt 0 0
vt 0 0
vt 0 0
vt 0 0
vt 0 0
vt 0 0
vt 0 0
vt 0 0
vt 0 0
vt 0 0
vt 0 0
vt 0 0
vt 0 0
vt 0 0
vt 0 0
vt 0 0
vt 0 0
vt 0 0
vt 0 0
vt 0 0
vt 0 0
vt 0 0
vt 0 0
vt 0 0
vt 0 0
vt 0 0
vt 0 0
vt 0 0
vt 0 0
vt 0 0
vt 0 0
vt 0 0
vt 0 0
vt 0 0
vt 0 0
vt 0 0
vt 0 0
vt 0 0
vt 0 0
vt 0 0
vt 0 0
vt 0 0
vt 0 0
vt 0 0
vt 0 0
vt 0 0
vt 0 0
vt 0 0
vt 0 0
vt 0 0
vt 0 0
vt 0 0
vt 0 0
vt 0 0
vt 0 0
vt 0 0
vt 0 0
vt 0 0
vt 0 0
vt 0 0
vt 0 0
vt 0 0
vt 0 0
vt 0 0
vt 0 0
vt 0 0
vt 0 0
vt 0 0
vt 0 0
vt 0 0
vt 0 0
vt 0 0
vt 0 0
vt 0 0
vt 0 0
vt 0 0
vt 0 0
vt 0 0
vt 0 0
vt 0 0
vt 0 0
vt 0 0
vt 0 0
vt 0 0
vt 0 0
vt 0 0
vt 0 0
vt 0 0
vt 0 0
vt 0 0
vt 0 0
vt 0 0
vt 0 0
vt 0 0
vt 0 0
vt 0 0
vt 0 0
vt 0 0
vt 0 0
vt 0 0
vt 0 0
vt 0 0
vt 0 0
vt 0 0
vt 0 0
vt 0 0
vt 0 0
vt 0 0
vt 0 0
vt 0 0
vt 0 0
vt 0 0
vt 0 0
vt 0 0
vt 0 0
vt 0 0
vt 0 0
vt 0 0
vt 0 0
vt 0 0
vt 0 0
vt 0 0
vt 0 0
vt 0 0
vt 0 0
vt 0 0
vt 0 0
vt 0 0
vt 0 0
vt 0 0
vt 0 0
vt 0 0
vt 0 0
vt 0 0
vt 0 0
vt 0 0
vt 0 0
vt 0 0
vt 0 0
vt 0 0
vt 0 0
vt 0 0
vt 0 0
vt 0 0
vt 0 0
vt 0 0
vt 0 0
vt 0 0
vt 0 0
vt 0 0
vt 0 0
vt 0 0
vt 0 0
vt 0 0
vt 0 0
vt 0 0
vt 0 0
vt 0 0
vt 0 0
vt 0 0
vt 0 0
vt 0 0
vt 0 0
vt 0 0
vt 0 0
vt 0 0
vt 0 0
vt 0 0
vt 0 0
vt 0 0
vt 0 0
vt 0 0
vt 0 0
vt 0 0
vt 0 0
vt 0 0
vt 0 0
vt 0 0
vt 0 0
vt 0 0
vt 0 0
vt 0 0
vt 0 0
vt 0 0
vt 0 0
vt 0 0
vt 0 0
vt 0 0
vt 0 0
vt 0 0
vt 0 0
vt 0 0
vt 0 0
vt 0 0
vt 0 0
vt 0 0
vt 0 0
vt 0 0
vt 0 0
vt 0 0
vt 0 0
vt 0 0
vt 0 0
vt 0 0
vt 0 0
vt 0 0
vt 0 0
vt 0 0
vt 0 0
vt 0 0
vt 0 0
vt 0 0
vt 0 0
vt 0 0
vt 0 0
vt 0 0
vt 0 0
vt 0 0
vt 0 0
vt 0 0
vt 0 0
vt 0 0
vt 0 0
vt 0 0
vt 0 0
vt 0 0
vt 0 0
vt 0 0
vt 0 0
vt 0 0
vt 0 0
vt 0 0
vt 0 0
vt 0 0
vt 0 0
vt 0 0
vt 0 0
vt 0 0
vt 0 0
vt 0 0
vt 0 0
vt 0 0
vt 0 0
vt 0 0
vt 0 0
vt 0 0
vt 0 0
vt 0 0
vt 0 0
vt 0 0
vt 0 0
vt 0 0
vt 0 0
vt 0 0
vt 0 0
vt 0 0
vt 0 0
vt 0 0
vt 0 0
vt 0 0
vt 0 0
vt 0 0
vt 0 0
vt 0 0
vt 0 0
vt 0 0
vt 0 0
vt 0 0
vt 0 0
vt 0 0
vt 0 0
vt 0 0
vt 0 0
vt 0 0
vt 0 0
vt 0 0
vt 0 0
vt 0 0
vt 0 0
vt 0 0
vt 0 0
vt 0 0
vt 0 0
vt 0 0
vt 0 0
vt 0 0
vt 0 0
vt 0 0
vt 0 0
vt 0 0
vt 0 0
vt 0 0
vt 0 0
vt 0 0
vt 0 0
vt 0 0
vt 0 0
vt 0 0
vt 0 0
vt 0 0
vt 0 0
vt 0 0
vt 0 0
vt 0 0
vt 0 0
vt 0 0
vt 0 0
vt 0 0
vt 0 0
vt 0 0
vt 0 0
vt 0 0
vt 0 0
vt 0 0
vt 0 0
vt 0 0
vt 0 0
vt 0 0
vt 0 0
vt 0 0
vt 0 0
vt 0 0
vt 0 0
vt 0 0
vt 0 0
vt 0 0
vt 0 0
vt 0 0
vt 0 0
vt 0 0
vt 0 0
vt 0 0
vt 0 0
vt 0 0
vt 0 0
vt 0 0
vt 0 0
vt 0 0
vt 0 0
vt 0 0
vt 0 0
vt 0 0
vt 0 0
vt 0 0
vt 0 0
vt 0 0
vt 0 0
vt 0 0
vt 0 0
vt 0 0
vt 0 0
vt 0 0
vt 0 0
vt 0 0
vt 0 0
vt 0 0
vt 0 0
vt 0 0
vt 0 0
vt 0 0
vt 0 0
vt 0 0
vt 0 0
vt 0 0
vt 0 0
vt 0 0
vt 0 0
vt 0 0
vt 0 0
vt 0 0
vt 0 0
vt 0 0
vt 0 0
vt 0 0
vt 0 0
vt 0 0
vt 0 0
vt 0 0
vt 0 0
vt 0 0
vt 0 0
vt 0 0
vt 0 0
vt 0 0
vt 0 0
vt 0 0
vt 0 0
vt 0 0
vt 0 0
vt 0 0
vt 0 0
vt 0 0
vt 0 0
vt 0 0
vt 0 0
vt 0 0
vt 0 0
vt 0 0
vt 0 0
vt 0 0
vt 0 0
vt 0 0
vt 0 0
vt 0 0
vt 0 0
vt 0 0
vt 0 0
vt 0 0
vt 0 0
vt 0 0
vt 0 0
vt 0 0
vt 0 0
vt 0 0
vt 0 0
vt 0 0
vt 0 0
vt 0 0
vt 0 0
vt 0 0
vt 0 0
vt 0 0
vt 0 0
vt 0 0
vt 0 0
vt 0 0
vt 0 0
vt 0 0
vt 0 0
vt 0 0
vt 0 0
vt 0 0
vt 0 0
vt 0 0
vt 0 0
vt 0 0
vt 0 0
vt 0 0
vt 0 0
vt 0 0
vt 0 0
vt 0 0
vt 0 0
vt 0 0
vt 0 0
vt 0 0
vt 0 0
vt 0 0
vt 0 0
vt 0 0
vt 0 0
vt 0 0
vt 0 0
vt 0 0
vt 0 0
vt 0 0
vt 0 0
vt 0 0
vt 0 0
vt 0 0
vt 0 0
vt 0 0
vt 0 0
vt 0 0
vt 0 0
vt 0 0
vt 0 0
vt 0 0
vt 0 0
vt 0 0
vt 0 0
vt 0 0
vt 0 0
vt 0 0
vt 0 0
vt 0 0
vt 0 0
vt 0 0
vt 0 0
vt 0 0
vt 0 0
vt 0 0
vt 0 0
vt 0 0
vt 0 0
vt 0 0
vt 0 0
vt 0 0
vt 0 0
vt 0 0
vt 0 0
vt 0 0
vt 0 0
vt 0 0
vt 0 0
vt 0 0
vt 0 0
vt 0 0
vt 0 0
vt 0 0
vt 0 0
vt 0 0
vt 0 0
vt 0 0
vt 0 0
vt 0 0
vt 0 0
vt 0 0
vt 0 0
vt 0 0
vt 0 0
vt 0 0
vt 0 0
vt 0 0
vt 0 0
vt 0 0
vt 0 0
vt 0 0
vt 0 0
vt 0 0
vt 0 0
vt 0 0
vt 0 0
vt 0 0
vt 0 0
vt 0 0
vt 0 0
vt 0 0
vt 0 0
vt 0 0
vt 0 0
vt 0 0
vt 0 0
vt 0 0
vt 0 0
vt 0 0
vt 0 0
vt 0 0
vt 0 0
vt 0 0
vt 0 0
vt 0 0
vt 0 0
vt 0 0
vt 0 0
vt 0 0
vt 0 0
vt 0 0
vt 0 0
vt 0 0
vt 0 0
vt 0 0
vt 0 0
vt 0 0
vt 0 0
vt 0 0
vt 0 0
vt 0 0
vt 0 0
vt 0 0
vt 0 0
vt 0 0
vt 0 0
vt 0 0
vt 0 0
vt 0 0
vt 0 0
vt 0 0
vt 0 0
vt 0 0
vt 0 0
vt 0 0
vt 0 0
vt 0 0
vt 0 0
vt 0 0
vt 0 0
vt 0 0
vt 0 0
vt 0 0
vt 0 0
vt 0 0
vt 0 0
vt 0 0
vt 0 0
vt 0 0
vt 0 0
vt 0 0
vt 0 0
vt 0 0
vt 0 0
vt 0 0
vt 0 0
vt 0 0
vt 0 0
vt 0 0
vt 0 0
vt 0 0
vt 0 0
vt 0 0
vt 0 0
vt 0 0
vt 0 0
vt 0 0
vt 0 0
vt 0 0
vt 0 0
vt 0 0
vt 0 0
vt 0 0
vt 0 0
vt 0 0
vt 0 0
vt 0 0
vt 0 0
vt 0 0
vt 0 0
vt 0 0
vt 0 0
vt 0 0
vt 0 0
vt 0 0
vt 0 0
vt 0 0
vt 0 0
vt 0 0
vt 0 0
vt 0 0
vt 0 0
vt 0 0
vt 0 0
vt 0 0
vt 0 0
vt 0 0
vt 0 0
vt 0 0
vt 0 0
vt 0 0
vt 0 0
vt 0 0
vt 0 0
vt 0 0
vt 0 0
vt 0 0
vt 0 0
vt 0 0
vt 0 0
vt 0 0
vt 0 0
vt 0 0
vt 0 0
vt 0 0
vt 0 0
vt 0 0
vt 0 0
vt 0 0
vt 0 0
vt 0 0
vt 0 0
vt 0 0
vt 0 0
vt 0 0
vt 0 0
vt 0 0
vt 0 0
vt 0 0
vt 0 0
vt 0 0
vt 0 0
vt 0 0
vt 0 0
vt 0 0
vt 0 0
vt 0 0
vt 0 0
vt 0 0
vt 0 0
vt 0 0
vt 0 0
vt 0 0
vt 0 0
vt 0 0
vt 0 0
vt 0 0
vt 0 0
vt 0 0
vt 0 0
vt 0 0
vt 0 0
vt 0 0
vt 0 0
vt 0 0
vt 0 0
vt 0 0
vt 0 0
vt 0 0
vt 0 0
vt 0 0
vt 0 0
vt 0 0
vt 0 0
vt 0 0
vt 0 0
vt 0 0
vt 0 0
vt 0 0
vt 0 0
vt 0 0
vt 0 0
vt 0 0
vt 0 0
vt 0 0
vt 0 0
vt 0 0
vt 0 0
vt 0 0
vt 0 0
vt 0 0
vt 0 0
vt 0 0
vt 0 0
vt 0 0
vt 0 0
vt 0 0
vt 0 0
vt 0 0
vt 0 0
vt 0 0
vt 0 0
vt 0 0
vt 0 0
vt 0 0
vt 0 0
vt 0 0
vt 0 0
vt 0 0
vt 0 0
vt 0 0
vt 0 0
vt 0 0
vt 0 0
vt 0 0
vt 0 0
vt 0 0
vt 0 0
vt 0 0
vt 0 0
vt 0 0
vt 0 0
vt 0 0
vt 0 0
vt 0 0
vt 0 0
vt 0 0
vt 0 0
vt 0 0
vt 0 0
vt 0 0
vt 0 0
vt 0 0
vt 0 0
vt 0 0
vt 0 0
vt 0 0
vt 0 0
vt 0 0
vt 0 0
vt 0 0
vt 0 0
vt 0 0
vt 0 0
vt 0 0
vt 0 0
vt 0 0
vt 0 0
vt 0 0
vt 0 0
vt 0 0
vt 0 0
vt 0 0
vt 0 0
vt 0 0
vt 0 0
vt 0 0
vt 0 0
vt 0 0
vt 0 0
vt 0 0
vt 0 0
vt 0 0
vt 0 0
vt 0 0
vt 0 0
vt 0 0
vt 0 0
vt 0 0
vt 0 0
vt 0 0
vt 0 0
vt 0 0
vt 0 0
vt 0 0
vt 0 0
vt 0 0
vt 0 0
vt 0 0
vt 0 0
vt 0 0
vt 0 0
vt 0 0
vt 0 0
vt 0 0
vt 0 0
vt 0 0
vt 0 0
vt 0 0
vt 0 0
vt 0 0
vt 0 0
vt 0 0
vt 0 0
vt 0 0
vt 0 0
vt 0 0
vt 0 0
vt 0 0
vt 0 0
vt 0 0
vt 0 0
vt 0 0
vt 0 0
vt 0 0
vt 0 0
vt 0 0
vt 0 0
vt 0 0
vt 0 0
vt 0 0
vt 0 0
vt 0 0
vt 0 0
vt 0 0
vt 0 0
vt 0 0
vt 0 0
vt 0 0
vt 0 0
vt 0 0
vt 0 0
vt 0 0
vt 0 0
vt 0 0
vt 0 0
vt 0 0
vt 0 0
vt 0 0
vt 0 0
vt 0 0
vt 0 0
vt 0 0
vt 0 0
vt 0 0
vt 0 0
vt 0 0
vt 0 0
vt 0 0
vt 0 0
vt 0 0
vt 0 0
vt 0 0
vt 0 0
vt 0 0
vt 0 0
vt 0 0
vt 0 0
vt 0 0
vt 0 0
vt 0 0
vt 0 0
vt 0 0
vt 0 0
vt 0 0
vt 0 0
vt 0 0
vt 0 0
vt 0 0
vt 0 0
vt 0 0
vt 0 0
vt 0 0
vt 0 0
vt 0 0
vt 0 0
vt 0 0
vt 0 0
vt 0 0
vt 0 0
vt 0 0
vt 0 0
vt 0 0
vt 0 0
vt 0 0
vt 0 0
vt 0 0
vt 0 0
vt 0 0
vt 0 0
vt 0 0
vt 0 0
vt 0 0
vt 0 0
vt 0 0
vt 0 0
vt 0 0
vt 0 0
vt 0 0
vt 0 0
vt 0 0
vt 0 0
vt 0 0
vt 0 0
vt 0 0
vt 0 0
vt 0 0
vt 0 0
vt 0 0
vt 0 0
vt 0 0
vt 0 0
vt 0 0
vt 0 0
vt 0 0
vt 0 0
vt 0 0
vt 0 0
vt 0 0
vt 0 0
vt 0 0
vt 0 0
vt 0 0
vt 0 0
vt 0 0
vt 0 0
vt 0 0
vt 0 0
vt 0 0
vt 0 0
vt 0 0
vt 0 0
vt 0 0
vt 0 0
vt 0 0
vt 0 0
vt 0 0
vt 0 0
vt 0 0
vt 0 0
vt 0 0
vt 0 0
vt 0 0
vt 0 0
vt 0 0
vt 0 0
vt 0 0
vt 0 0
vt 0 0
vt 0 0
vt 0 0
vt 0 0
vt 0 0
vt 0 0
vt 0 0
vt 0 0
vt 0 0
vt 0 0
vt 0 0
vt 0 0
vt 0 0
vt 0 0
vt 0 0
vt 0 0
vt 0 0
vt 0 0
vt 0 0
vt 0 0
vt 0 0
vt 0 0
vt 0 0
vt 0 0
vt 0 0
vt 0 0
vt 0 0
vt 0 0
vt 0 0
vt 0 0
vt 0 0
vt 0 0
vt 0 0
vt 0 0
vt 0 0
vt 0 0
vt 0 0
vt 0 0
vt 0 0
vt 0 0
vt 0 0
vt 0 0
vt 0 0
vt 0 0
vt 0 0
vt 0 0
vt 0 0
vt 0 0
vt 0 0
vt 0 0
vt 0 0
vt 0 0
vt 0 0
vt 0 0
vt 0 0
vt 0 0
vt 0 0
vt 0 0
vt 0 0
vt 0 0
vt 0 0
vt 0 0
vt 0 0
vt 0 0
vt 0 0
vt 0 0
vt 0 0
vt 0 0
vt 0 0
vt 0 0
vt 0 0
vt 0 0
vt 0 0
vt 0 0
vt 0 0
vt 0 0
vt 0 0
vt 0 0
vt 0 0
vt 0 0
vt 0 0
vt 0 0
vt 0 0
vt 0 0
vt 0 0
vt 0 0
vt 0 0
vt 0 0
vt 0 0
vt 0 0
vt 0 0
vt 0 0
vt 0 0
vt 0 0
vt 0 0
vt 0 0
vt 0 0
vt 0 0
vt 0 0
vt 0 0
vt 0 0
vt 0 0
vt 0 0
vt 0 0
vt 0 0
vt 0 0
vt 0 0
vt 0 0
vt 0 0
vt 0 0
vt 0 0
vt 0 0
vt 0 0
vt 0 0
vt 0 0
vt 0 0
vt 0 0
vt 0 0
vt 0 0
vt 0 0
vt 0 0
vt 0 0
vt 0 0
vt 0 0
vt 0 0
vt 0 0
vt 0 0
vt 0 0
vt 0 0
vt 0 0
vt 0 0
vt 0 0
vt 0 0
vt 0 0
vt 0 0
vt 0 0
vt 0 0
vt 0 0
vt 0 0
vt 0 0
vt 0 0
vt 0 0
vt 0 0
vt 0 0
vt 0 0
vt 0 0
vt 0 0
vt 0 0
vt 0 0
vt 0 0
vt 0 0
vt 0 0
vt 0 0
vt 0 0
vt 0 0
vt 0 0
vt 0 0
vt 0 0
vt 0 0
vt 0 0
vt 0 0
vt 0 0
vt 0 0
vt 0 0
vt 0 0
vt 0 0
vt 0 0
vt 0 0
vt 0 0
vt 0 0
vt 0 0
vt 0 0
vt 0 0
vt 0 0
vt 0 0
vt 0 0
vt 0 0
vt 0 0
vt 0 0
vt 0 0
vt 0 0
vt 0 0
vt 0 0
vt 0 0
vt 0 0
vt 0 0
vt 0 0
vt 0 0
vt 0 0
vt 0 0
vt 0 0
vt 0 0
vt 0 0
vt 0 0
vt 0 0
vt 0 0
vt 0 0
vt 0 0
vt 0 0
vt 0 0
vt 0 0
vt 0 0
vt 0 0
vt 0 0
vt 0 0
vt 0 0
vt 0 0
vt 0 0
vt 0 0
vt 0 0
vt 0 0
vt 0 0
vt 0 0
vt 0 0
vt 0 0
vt 0 0
vt 0 0
vt 0 0
vt 0 0
vt 0 0
vt 0 0
vt 0 0
vt 0 0
vt 0 0
vt 0 0
vt 0 0
vt 0 0
vt 0 0
vt 0 0
vt 0 0
vt 0 0
vt 0 0
vt 0 0
vt 0 0
vt 0 0
vt 0 0
vt 0 0
vt 0 0
vt 0 0
vt 0 0
vt 0 0
vt 0 0
vt 0 0
vt 0 0
vt 0 0
vt 0 0
vt 0 0
vt 0 0
vt 0 0
vt 0 0
vt 0 0
vt 0 0
vt 0 0
vt 0 0
vt 0 0
vt 0 0
vt 0 0
vt 0 0
vt 0 0
vt 0 0
vt 0 0
vt 0 0
vt 0 0
vt 0 0
vt 0 0
vt 0 0
vt 0 0
vt 0 0
vt 0 0
vt 0 0
vt 0 0
vt 0 0
vt 0 0
vt 0 0
vt 0 0
vt 0 0
vt 0 0
vt 0 0
vt 0 0
vt 0 0
vt 0 0
vt 0 0
vt 0 0
vt 0 0
vt 0 0
vt 0 0
vt 0 0
vt 0 0
vt 0 0
vt 0 0
vt 0 0
vt 0 0
vt 0 0
vt 0 0
vt 0 0
vt 0 0
vt 0 0
vt 0 0
vt 0 0
vt 0 0
vt 0 0
vt 0 0
vt 0 0
vt 0 0
vt 0 0
vt 0 0
vt 0 0
vt 0 0
vt 0 0
vt 0 0
vt 0 0
vt 0 0
vt 0 0
vt 0 0
vt 0 0
vt 0 0
vt 0 0
vt 0 0
vt 0 0
vt 0 0
vt 0 0
vt 0 0
vt 0 0
vt 0 0
vt 0 0
vt 0 0
vt 0 0
vt 0 0
vt 0 0
vt 0 0
vt 0 0
vt 0 0
vt 0 0
vt 0 0
vt 0 0
vt 0 0
vt 0 0
vt 0 0
vt 0 0
vt 0 0
vt 0 0
vt 0 0
vt 0 0
vt 0 0
vt 0 0
vt 0 0
vt 0 0
vt 0 0
vt 0 0
vt 0 0
vt 0 0
vt 0 0
vt 0 0
vt 0 0
vt 0 0
vt 0 0
vt 0 0
vt 0 0
vt 0 0
vt 0 0
vt 0 0
vt 0 0
vt 0 0
vt 0 0
vt 0 0
vt 0 0
vt 0 0
vt 0 0
vt 0 0
vt 0 0
vt 0 0
vt 0 0
vt 0 0
vt 0 0
vt 0 0
vt 0 0
vt 0 0
vt 0 0
vt 0 0
vt 0 0
vt 0 0
vt 0 0
vt 0 0
vt 0 0
vt 0 0
vt 0 0
vt 0 0
vt 0 0
vt 0 0
vt 0 0
vt 0 0
vt 0 0
vt 0 0
vt 0 0
vt 0 0
vt 0 0
vt 0 0
vt 0 0
vt 0 0
vt 0 0
vt 0 0
vt 0 0
vt 0 0
vt 0 0
vt 0 0
vt 0 0
vt 0 0
vt 0 0
vt 0 0
vt 0 0
vt 0 0
vt 0 0
vt 0 0
vt 0 0
vt 0 0
vt 0 0
vt 0 0
vt 0 0
vt 0 0
vt 0 0
vt 0 0
vt 0 0
vt 0 0
vt 0 0
vt 0 0
vt 0 0
vt 0 0
vt 0 0
vt 0 0
vt 0 0
vt 0 0
vt 0 0
vt 0 0
vt 0 0
vt 0 0
vt 0 0
vt 0 0
vt 0 0
vt 0 0
vt 0 0
vt 0 0
vt 0 0
vt 0 0
vt 0 0
vt 0 0
vt 0 0
vt 0 0
vt 0 0
vt 0 0
vt 0 0
vt 0 0
vt 0 0
vt 0 0
vt 0 0
vt 0 0
vt 0 0
vt 0 0
vt 0 0
vt 0 0
vt 0 0
vt 0 0
vt 0 0
vt 0 0
vt 0 0
vt 0 0
vt 0 0
vt 0 0
vt 0 0
vt 0 0
vt 0 0
vt 0 0
vt 0 0
vt 0 0
vt 0 0
vt 0 0
vt 0 0
vt 0 0
vt 0 0
vt 0 0
vt 0 0
vt 0 0
vt 0 0
vt 0 0
vt 0 0
vt 0 0
vt 0 0
vt 0 0
vt 0 0
vt 0 0
vt 0 0
vt 0 0
vt 0 0
vt 0 0
vt 0 0
vt 0 0
vt 0 0
vt 0 0
vt 0 0
vt 0 0
vt 0 0
vt 0 0
vt 0 0
vt 0 0
vt 0 0
vt 0 0
vt 0 0
vt 0 0
vt 0 0
vt 0 0
vt 0 0
vt 0 0
vt 0 0
vt 0 0
vt 0 0
vt 0 0
vt 0 0
vt 0 0
vt 0 0
vt 0 0
vt 0 0
vt 0 0
vt 0 0
vt 0 0
vt 0 0
vt 0 0
vt 0 0
vt 0 0
vt 0 0
vt 0 0
vt 0 0
vt 0 0
vt 0 0
vt 0 0
vt 0 0
vt 0 0
vt 0 0
vt 0 0
vt 0 0
vt 0 0
vt 0 0
vt 0 0
vt 0 0
vt 0 0
vt 0 0
vt 0 0
vt 0 0
vt 0 0
vt 0 0
vt 0 0
vt 0 0
vt 0 0
vt 0 0
vt 0 0
vt 0 0
vt 0 0
vt 0 0
vt 0 0
vt 0 0
vt 0 0
vt 0 0
vt 0 0
vt 0 0
vt 0 0
vt 0 0
vt 0 0
vt 0 0
vt 0 0
vt 0 0
vt 0 0
vt 0 0
vt 0 0
vt 0 0
vt 0 0
vt 0 0
vt 0 0
vt 0 0
vt 0 0
vt 0 0
vt 0 0
vt 0 0
vt 0 0
vt 0 0
vt 0 0
vt 0 0
vt 0 0
vt 0 0
vt 0 0
vt 0 0
vt 0 0
vt 0 0
vt 0 0
vt 0 0
vt 0 0
vt 0 0
vt 0 0
vt 0 0
vt 0 0
vt 0 0
vt 0 0
vt 0 0
vt 0 0
vt 0 0
vt 0 0
vt 0 0
vt 0 0
vt 0 0
vt 0 0
vt 0 0
vt 0 0
vt 0 0
vt 0 0
vt 0 0
vt 0 0
vt 0 0
vt 0 0
vt 0 0
vt 0 0
vt 0 0
vt 0 0
vt 0 0
vt 0 0
vt 0 0
vt 0 0
vt 0 0
vt 0 0
vt 0 0
vt 0 0
vt 0 0
vt 0 0
vt 0 0
vt 0 0
vt 0 0
vt 0 0
vt 0 0
vt 0 0
vt 0 0
vt 0 0
vt 0 0
vt 0 0
vt 0 0
vt 0 0
vt 0 0
vt 0 0
vt 0 0
vt 0 0
vt 0 0
vt 0 0
vt 0 0
vt 0 0
vt 0 0
vt 0 0
vt 0 0
vt 0 0
vt 0 0
vt 0 0
vt 0 0
vt 0 0
vt 0 0
vt 0 0
vt 0 0
vt 0 0
vt 0 0
vt 0 0
vt 0 0
vt 0 0
vt 0 0
vt 0 0
vt 0 0
vt 0 0
vt 0 0
vt 0 0
vt 0 0
vt 0 0
vt 0 0
vt 0 0
vt 0 0
vt 0 0
vt 0 0
vt 0 0
vt 0 0
vt 0 0
vt 0 0
vt 0 0
vt 0 0
vt 0 0
vt 0 0
vt 0 0
vt 0 0
vt 0 0
vt 0 0
vt 0 0
vt 0 0
vt 0 0
vt 0 0
vt 0 0
vt 0 0
vt 0 0
vt 0 0
vt 0 0
vt 0 0
vt 0 0
vt 0 0
vt 0 0
vt 0 0
vt 0 0
vt 0 0
vt 0 0
vt 0 0
vt 0 0
vt 0 0
vt 0 0
vt 0 0
vt 0 0
vt 0 0
vt 0 0
vt 0 0
vt 0 0
vt 0 0
vt 0 0
vt 0 0
vt 0 0
vt 0 0
vt 0 0
vt 0 0
vt 0 0
vt 0 0
vt 0 0
vt 0 0
vt 0 0
vt 0 0
vt 0 0
vt 0 0
vt 0 0
vt 0 0
vt 0 0
vt 0 0
vt 0 0
vt 0 0
vt 0 0
vt 0 0
vt 0 0
vt 0 0
vt 0 0
vt 0 0
vt 0 0
vt 0 0
vt 0 0
vt 0 0
vt 0 0
vt 0 0
vt 0 0
vt 0 0
vt 0 0
vt 0 0
vt 0 0
vt 0 0
vt 0 0
vt 0 0
vt 0 0
vt 0 0
vt 0 0
vt 0 0
vt 0 0
vt 0 0
vt 0 0
vt 0 0
vt 0 0
vt 0 0
vt 0 0
vt 0 0
vt 0 0
vt 0 0
vt 0 0
vt 0 0
vt 0 0
vt 0 0
vt 0 0
vt 0 0
vt 0 0
vt 0 0
vt 0 0
vt 0 0
vt 0 0
vt 0 0
vt 0 0
vt 0 0
vt 0 0
vt 0 0
vt 0 0
vt 0 0
vt 0 0
vt 0 0
vt 0 0
vt 0 0
vt 0 0
vt 0 0
vt 0 0
vt 0 0
vt 0 0
vt 0 0
vt 0 0
vt 0 0
vt 0 0
vt 0 0
vt 0 0
vt 0 0
vt 0 0
vt 0 0
vt 0 0
vt 0 0
vt 0 0
vt 0 0
vt 0 0
vt 0 0
vt 0 0
vt 0 0
vt 0 0
vt 0 0
vt 0 0
vt 0 0
vt 0 0
vt 0 0
vt 0 0
vt 0 0
vt 0 0
vt 0 0
vt 0 0
vt 0 0
vt 0 0
vt 0 0
vt 0 0
vt 0 0
vt 0 0
vt 0 0
vt 0 0
vt 0 0
vt 0 0
vt 0 0
vt 0 0
vt 0 0
vt 0 0
vt 0 0
vt 0 0
vt 0 0
vt 0 0
vt 0 0
vt 0 0
vt 0 0
vt 0 0
vt 0 0
vt 0 0
vt 0 0
vt 0 0
vt 0 0
vt 0 0
vt 0 0
vt 0 0
vt 0 0
vt 0 0
vt 0 0
vt 0 0
vt 0 0
vt 0 0
vt 0 0
vt 0 0
vt 0 0
vt 0 0
vt 0 0
vt 0 0
vt 0 0
vt 0 0
vt 0 0
vt 0 0
vt 0 0
vt 0 0
vt 0 0
vt 0 0
vt 0 0
vt 0 0
vt 0 0
vt 0 0
vt 0 0
vt 0 0
vt 0 0
vt 0 0
vt 0 0
vt 0 0
vt 0 0
vt 0 0
vt 0 0
vt 0 0
vt 0 0
vt 0 0
vt 0 0
vt 0 0
vt 0 0
vt 0 0
vt 0 0
vt 0 0
vt 0 0
vt 0 0
vt 0 0
vt 0 0
vt 0 0
vt 0 0
vt 0 0
vt 0 0
vt 0 0
vt 0 0
vt 0 0
vt 0 0
vt 0 0
vt 0 0
vt 0 0
vt 0 0
vt 0 0
vt 0 0
vt 0 0
vt 0 0
vt 0 0
vt 0 0
vt 0 0
vt 0 0
vt 0 0
vt 0 0
vt 0 0
vt 0 0
vt 0 0
vt 0 0
vt 0 0
vt 0 0
vt 0 0
vt 0 0
vt 0 0
vt 0 0
vt 0 0
vt 0 0
vt 0 0
vt 0 0
vt 0 0
vt 0 0
vt 0 0
vt 0 0
vt 0 0
vt 0 0
vt 0 0
vt 0 0
vt 0 0
vt 0 0
vt 0 0
vt 0 0
vt 0 0
vt 0 0
vt 0 0
vt 0 0
vt 0 0
vt 0 0
vt 0 0
vt 0 0
vt 0 0
vt 0 0
vt 0 0
vt 0 0
vt 0 0
vt 0 0
vt 0 0
vt 0 0
vt 0 0
vt 0 0
vt 0 0
vt 0 0
vt 0 0
vt 0 0
vt 0 0
vt 0 0
vt 0 0
vt 0 0
vt 0 0
vt 0 0
vt 0 0
vt 0 0
vt 0 0
vt 0 0
vt 0 0
vt 0 0
vt 0 0
vt 0 0
vt 0 0
vt 0 0
vt 0 0
vt 0 0
vt 0 0
vt 0 0
vt 0 0
vt 0 0
vt 0 0
vt 0 0
vt 0 0
vt 0 0
vt 0 0
vt 0 0
vt 0 0
vt 0 0
vt 0 0
vt 0 0
vt 0 0
vt 0 0
vt 0 0
vt 0 0
vt 0 0
vt 0 0
vt 0 0
vt 0 0
vt 0 0
vt 0 0
vt 0 0
vt 0 0
vt 0 0
vt 0 0
vt 0 0
vt 0 0
vt 0 0
vt 0 0
vt 0 0
vt 0 0
vt 0 0
vt 0 0
vt 0 0
vt 0 0
vt 0 0
vt 0 0
vt 0 0
vt 0 0
vt 0 0
vt 0 0
vt 0 0
vt 0 0
vt 0 0
vt 0 0
vt 0 0
vt 0 0
vt 0 0
vt 0 0
vt 0 0
vt 0 0
vt 0 0
vt 0 0
vt 0 0
vt 0 0
vt 0 0
vt 0 0
vt 0 0
vt 0 0
vt 0 0
vt 0 0
vt 0 0
vt 0 0
vt 0 0
vt 0 0
vt 0 0
vt 0 0
vt 0 0
vt 0 0
vt 0 0
vt 0 0
vt 0 0
vt 0 0
vt 0 0
vt 0 0
vt 0 0
vt 0 0
vt 0 0
vt 0 0
vt 0 0
vt 0 0
vt 0 0
vt 0 0
vt 0 0
vt 0 0
vt 0 0
vt 0 0
vt 0 0
vt 0 0
vt 0 0
vt 0 0
vt 0 0
vt 0 0
vt 0 0
vt 0 0
vt 0 0
vt 0 0
vt 0 0
vt 0 0
vt 0 0
vt 0 0
vt 0 0
vt 0 0
vt 0 0
vt 0 0
vt 0 0
vt 0 0
vt 0 0
vt 0 0
vt 0 0
vt 0 0
vt 0 0
vt 0 0
vt 0 0
vt 0 0
vt 0 0
vt 0 0
vt 0 0
vt 0 0
vt 0 0
vt 0 0
vt 0 0
vt 0 0
vt 0 0
vt 0 0
vt 0 0
vt 0 0
vt 0 0
vt 0 0
vt 0 0
vt 0 0
vt 0 0
vt 0 0
vt 0 0
vt 0 0
vt 0 0
vt 0 0
vt 0 0
vt 0 0
vt 0 0
vt 0 0
vt 0 0
vt 0 0
vt 0 0
vt 0 0
vt 0 0
vt 0 0
vt 0 0
vt 0 0
vt 0 0
vt 0 0
vt 0 0
vt 0 0
vt 0 0
vt 0 0
vt 0 0
vt 0 0
vt 0 0
vt 0 0
vt 0 0
vt 0 0
vt 0 0
vt 0 0
vt 0 0
vt 0 0
vt 0 0
vt 0 0
vt 0 0
vt 0 0
vt 0 0
vt 0 0
vt 0 0
vt 0 0
vt 0 0
vt 0 0
vt 0 0
vt 0 0
vt 0 0
vt 0 0
vt 0 0
vt 0 0
vt 0 0
vt 0 0
vt 0 0
vt 0 0
vt 0 0
vt 0 0
vt 0 0
vt 0 0
vt 0 0
vt 0 0
vt 0 0
vt 0 0
vt 0 0
vt 0 0
vt 0 0
vt 0 0
vt 0 0
vt 0 0
vt 0 0
vt 0 0
vt 0 0
vt 0 0
vt 0 0
vt 0 0
vt 0 0
vt 0 0
vt 0 0
vt 0 0
vt 0 0
vt 0 0
vt 0 0
vt 0 0
vt 0 0
vt 0 0
vt 0 0
vt 0 0
vt 0 0
vt 0 0
vt 0 0
vt 0 0
vt 0 0
vt 0 0
vt 0 0
vt 0 0
vt 0 0
vt 0 0
vt 0 0
vt 0 0
vt 0 0
vt 0 0
vt 0 0
vt 0 0
vt 0 0
vt 0 0
vt 0 0
vt 0 0
vt 0 0
vt 0 0
vt 0 0
vt 0 0
vt 0 0
vt 0 0
vt 0 0
vt 0 0
vt 0 0
vt 0 0
vt 0 0
vt 0 0
vt 0 0
vt 0 0
vt 0 0
vt 0 0
vt 0 0
vt 0 0
vt 0 0
vt 0 0
vt 0 0
vt 0 0
vt 0 0
vt 0 0
vt 0 0
vt 0 0
vt 0 0
vt 0 0
vt 0 0
vt 0 0
vt 0 0
vt 0 0
vt 0 0
vt 0 0
vt 0 0
vt 0 0
vt 0 0
vt 0 0
vt 0 0
vt 0 0
vt 0 0
vt 0 0
vt 0 0
vt 0 0
vt 0 0
vt 0 0
vt 0 0
vt 0 0
vt 0 0
vt 0 0
vt 0 0
vt 0 0
vt 0 0
vt 0 0
vt 0 0
vt 0 0
vt 0 0
vt 0 0
vt 0 0
vt 0 0
vt 0 0
vt 0 0
vt 0 0
vt 0 0
vt 0 0
vt 0 0
vt 0 0
vt 0 0
vt 0 0
vt 0 0
vt 0 0
vt 0 0
vt 0 0
vt 0 0
vt 0 0
vt 0 0
vt 0 0
vt 0 0
vt 0 0
vt 0 0
vt 0 0
vt 0 0
vt 0 0
vt 0 0
vt 0 0
vt 0 0
vt 0 0
vt 0 0
vt 0 0
vt 0 0
vt 0 0
vt 0 0
vt 0 0
vt 0 0
vt 0 0
vt 0 0
vt 0 0
vt 0 0
vt 0 0
vt 0 0
vt 0 0
vt 0 0
vt 0 0
vt 0 0
vt 0 0
vt 0 0
vt 0 0
vt 0 0
vt 0 0
vt 0 0
vt 0 0
vt 0 0
vt 0 0
vt 0 0
vt 0 0
vt 0 0
vt 0 0
vt 0 0
vt 0 0
vt 0 0
vt 0 0
vt 0 0
vt 0 0
vt 0 0
vt 0 0
vt 0 0
vt 0 0
vt 0 0
vt 0 0
vt 0 0
vt 0 0
vt 0 0
vt 0 0
vt 0 0
vt 0 0
vt 0 0
vt 0 0
vt 0 0
vt 0 0
vt 0 0
vt 0 0
vt 0 0
vt 0 0
vt 0 0
vt 0 0
vt 0 0
vt 0 0
vt 0 0
vt 0 0
vt 0 0
vt 0 0
vt 0 0
vt 0 0
vt 0 0
vt 0 0
vt 0 0
vt 0 0
vt 0 0
vt 0 0
vt 0 0
vt 0 0
vt 0 0
vt 0 0
vt 0 0
vt 0 0
vt 0 0
vt 0 0
vt 0 0
vt 0 0
vt 0 0
vt 0 0
vt 0 0
vt 0 0
vt 0 0
vt 0 0
vt 0 0
vt 0 0
vt 0 0
vt 0 0
vt 0 0
vt 0 0
vt 0 0
vt 0 0
vt 0 0
vt 0 0
vt 0 0
vt 0 0
vt 0 0
vt 0 0
vt 0 0
vt 0 0
vt 0 0
vt 0 0
vt 0 0
vt 0 0
vt 0 0
vt 0 0
vt 0 0
vt 0 0
vt 0 0
vt 0 0
vt 0 0
vt 0 0
vt 0 0
vt 0 0
vt 0 0
vt 0 0
vt 0 0
vt 0 0
vt 0 0
vt 0 0
vt 0 0
vt 0 0
vt 0 0
vt 0 0
vt 0 0
vt 0 0
vt 0 0
vt 0 0
vt 0 0
vt 0 0
vt 0 0
vt 0 0
vt 0 0
vt 0 0
vt 0 0
vt 0 0
vt 0 0
vt 0 0
vt 0 0
vt 0 0
vt 0 0
vt 0 0
vt 0 0
vt 0 0
vt 0 0
vt 0 0
vt 0 0
vt 0 0
vt 0 0
vt 0 0
vt 0 0
vt 0 0
vt 0 0
vt 0 0
vt 0 0
vt 0 0
vt 0 0
vt 0 0
vt 0 0
vt 0 0
vt 0 0
vt 0 0
vt 0 0
vt 0 0
vt 0 0
vt 0 0
vt 0 0
vt 0 0
vt 0 0
vt 0 0
vt 0 0
vt 0 0
vt 0 0
vt 0 0
vt 0 0
vt 0 0
vt 0 0
vt 0 0
vt 0 0
vt 0 0
vt 0 0
vt 0 0
vt 0 0
vt 0 0
vt 0 0
vt 0 0
vt 0 0
vt 0 0
vt 0 0
vt 0 0
vt 0 0
vt 0 0
vt 0 0
vt 0 0
vt 0 0
vt 0 0
vt 0 0
vt 0 0
vt 0 0
vt 0 0
vt 0 0
vt 0 0
vt 0 0
vt 0 0
vt 0 0
vt 0 0
vt 0 0
vt 0 0
vt 0 0
vt 0 0
vt 0 0
vt 0 0
vt 0 0
vt 0 0
vt 0 0
vt 0 0
vt 0 0
vt 0 0
vt 0 0
vt 0 0
vt 0 0
vt 0 0
vt 0 0
vt 0 0
vt 0 0
vt 0 0
vt 0 0
vt 0 0
vt 0 0
vt 0 0
vt 0 0
vt 0 0
vt 0 0
vt 0 0
vt 0 0
vt 0 0
vt 0 0
vt 0 0
vt 0 0
vt 0 0
vt 0 0
vt 0 0
vt 0 0
vt 0 0
vt 0 0
vt 0 0
vt 0 0
vt 0 0
vt 0 0
vt 0 0
vt 0 0
vt 0 0
vt 0 0
vt 0 0
vt 0 0
vt 0 0
vt 0 0
vt 0 0
vt 0 0
vt 0 0
vt 0 0
vt 0 0
vt 0 0
vt 0 0
vt 0 0
vt 0 0
vt 0 0
vt 0 0
vt 0 0
vt 0 0
vt 0 0
vt 0 0
vt 0 0
vt 0 0
vt 0 0
vt 0 0
vt 0 0
vt 0 0
vt 0 0
vt 0 0
vt 0 0
vt 0 0
vt 0 0
vt 0 0
vt 0 0
vt 0 0
vt 0 0
vt 0 0
vt 0 0
vt 0 0
vt 0 0
vt 0 0
vt 0 0
vt 0 0
vt 0 0
vt 0 0
vt 0 0
vt 0 0
vt 0 0
vt 0 0
vt 0 0
vt 0 0
vt 0 0
vt 0 0
vt 0 0
vt 0 0
vt 0 0
vt 0 0
vt 0 0
vt 0 0
vt 0 0
vt 0 0
vt 0 0
vt 0 0
vt 0 0
vt 0 0
vt 0 0
vt 0 0
vt 0 0
vt 0 0
vt 0 0
vt 0 0
vt 0 0
vt 0 0
vt 0 0
vt 0 0
vt 0 0
vt 0 0
vt 0 0
vt 0 0
vt 0 0
vt 0 0
vt 0 0
vt 0 0
vt 0 0
vt 0 0
vt 0 0
vt 0 0
vt 0 0
vt 0 0
vt 0 0
vt 0 0
vt 0 0
vt 0 0
vt 0 0
vt 0 0
vt 0 0
vt 0 0
vt 0 0
vt 0 0
vt 0 0
vt 0 0
vt 0 0
vt 0 0
vt 0 0
vt 0 0
vt 0 0
vt 0 0
vt 0 0
vt 0 0
vt 0 0
vt 0 0
vt 0 0
vt 0 0
vt 0 0
vt 0 0
vt 0 0
vt 0 0
vt 0 0
vt 0 0
vt 0 0
vt 0 0
vt 0 0
vt 0 0
vt 0 0
vt 0 0
vt 0 0
vt 0 0
vt 0 0
vt 0 0
vt 0 0
vt 0 0
vt 0 0
vt 0 0
vt 0 0
vt 0 0
vt 0 0
vt 0 0
vt 0 0
vt 0 0
vt 0 0
vt 0 0
vt 0 0
vt 0 0
vt 0 0
vt 0 0
vt 0 0
vt 0 0
vt 0 0
vt 0 0
vt 0 0
vt 0 0
vt 0 0
vt 0 0
vt 0 0
vt 0 0
vt 0 0
vt 0 0
vt 0 0
vt 0 0
vt 0 0
vt 0 0
vt 0 0
vt 0 0
vt 0 0
vt 0 0
vt 0 0
vt 0 0
vt 0 0
vt 0 0
vt 0 0
vt 0 0
vt 0 0
vt 0 0
vt 0 0
vt 0 0
vt 0 0
vt 0 0
vt 0 0
vt 0 0
vt 0 0
vt 0 0
vt 0 0
vt 0 0
vt 0 0
vt 0 0
vt 0 0
vt 0 0
vt 0 0
vt 0 0
vt 0 0
vt 0 0
vt 0 0
vt 0 0
vt 0 0
vt 0 0
vt 0 0
vt 0 0
vt 0 0
vt 0 0
vt 0 0
vt 0 0
vt 0 0
vt 0 0
vt 0 0
vt 0 0
vt 0 0
vt 0 0
vt 0 0
vt 0 0
vt 0 0
vt 0 0
vt 0 0
vt 0 0
vt 0 0
vt 0 0
vt 0 0
vt 0 0
vt 0 0
vt 0 0
vt 0 0
vt 0 0
vt 0 0
vt 0 0
vt 0 0
vt 0 0
vt 0 0
vt 0 0
vt 0 0
vt 0 0
vt 0 0
vt 0 0
vt 0 0
vt 0 0
vt 0 0
vt 0 0
vt 0 0
vt 0 0
vt 0 0
vt 0 0
vt 0 0
vt 0 0
vt 0 0
vt 0 0
vt 0 0
vt 0 0
vt 0 0
vt 0 0
vt 0 0
vt 0 0
vt 0 0
vt 0 0
vt 0 0
vt 0 0
vt 0 0
vt 0 0
vt 0 0
vt 0 0
vt 0 0
vt 0 0
vt 0 0
vt 0 0
vt 0 0
vt 0 0
vt 0 0
vt 0 0
vt 0 0
vt 0 0
vt 0 0
vt 0 0
vt 0 0
vt 0 0
vt 0 0
vt 0 0
vt 0 0
vt 0 0
vt 0 0
vt 0 0
vt 0 0
vt 0 0
vt 0 0
vt 0 0
vt 0 0
vt 0 0
vt 0 0
vt 0 0
vt 0 0
vt 0 0
vt 0 0
vt 0 0
vt 0 0
vt 0 0
vt 0 0
vt 0 0
vt 0 0
vt 0 0
vt 0 0
vt 0 0
vt 0 0
vt 0 0
vt 0 0
vt 0 0
vt 0 0
vt 0 0
vt 0 0
vt 0 0
vt 0 0
vt 0 0
vt 0 0
vt 0 0
vt 0 0
vt 0 0
vt 0 0
vt 0 0
vt 0 0
vt 0 0
vt 0 0
vt 0 0
vt 0 0
vt 0 0
vt 0 0
vt 0 0
vt 0 0
vt 0 0
vt 0 0
vt 0 0
vt 0 0
vt 0 0
vt 0 0
vt 0 0
vt 0 0
vt 0 0
vt 0 0
vt 0 0
vt 0 0
vt 0 0
vt 0 0
vt 0 0
vt 0 0
vt 0 0
vt 0 0
vt 0 0
vt 0 0
vt 0 0
vt 0 0
vt 0 0
vt 0 0
vt 0 0
vt 0 0
vt 0 0
vt 0 0
vt 0 0
vt 0 0
vt 0 0
vt 0 0
vt 0 0
vt 0 0
vt 0 0
vt 0 0
vt 0 0
vt 0 0
vt 0 0
vt 0 0
vt 0 0
vt 0 0
vt 0 0
vt 0 0
vt 0 0
vt 0 0
vt 0 0
vt 0 0
vt 0 0
vt 0 0
vt 0 0
vt 0 0
vt 0 0
vt 0 0
vt 0 0
vt 0 0
vt 0 0
vt 0 0
vt 0 0
vt 0 0
vt 0 0
vt 0 0
vt 0 0
vt 0 0
vt 0 0
vt 0 0
vt 0 0
vt 0 0
vt 0 0
vt 0 0
vt 0 0
vt 0 0
vt 0 0
vt 0 0
vt 0 0
vt 0 0
vt 0 0
vt 0 0
vt 0 0
vt 0 0
vt 0 0
vt 0 0
vt 0 0
vt 0 0
vt 0 0
vt 0 0
vt 0 0
vt 0 0
vt 0 0
vt 0 0
vt 0 0
vt 0 0
vt 0 0
vt 0 0
vt 0 0
vt 0 0
vt 0 0
vt 0 0
vt 0 0
vt 0 0
vt 0 0
vt 0 0
vt 0 0
vt 0 0
vt 0 0
vt 0 0
vt 0 0
vt 0 0
vt 0 0
vt 0 0
vt 0 0
vt 0 0
vt 0 0
vt 0 0
vt 0 0
vt 0 0
vt 0 0
vt 0 0
vt 0 0
vt 0 0
vt 0 0
vt 0 0
vt 0 0
vt 0 0
vt 0 0
vt 0 0
vt 0 0
vt 0 0
vt 0 0
vt 0 0
vt 0 0
vt 0 0
vt 0 0
vt 0 0
vt 0 0
vt 0 0
vt 0 0
vt 0 0
vt 0 0
vt 0 0
vt 0 0
vt 0 0
vt 0 0
vt 0 0
vt 0 0
vt 0 0
vt 0 0
vt 0 0
vt 0 0
vt 0 0
vt 0 0
vt 0 0
vt 0 0
vt 0 0
vt 0 0
vt 0 0
vt 0 0
vt 0 0
vt 0 0
vt 0 0
vt 0 0
vt 0 0
vt 0 0
vt 0 0
vt 0 0
vt 0 0
vt 0 0
vt 0 0
vt 0 0
vt 0 0
vt 0 0
vt 0 0
vt 0 0
vt 0 0
vt 0 0
vt 0 0
vt 0 0
vt 0 0
vt 0 0
vt 0 0
vt 0 0
vt 0 0
vt 0 0
vt 0 0
vt 0 0
vt 0 0
vt 0 0
vt 0 0
vt 0 0
vt 0 0
vt 0 0
vt 0 0
vt 0 0
vt 0 0
vt 0 0
vt 0 0
vt 0 0
vt 0 0
vt 0 0
vt 0 0
vt 0 0
vt 0 0
vt 0 0
vt 0 0
vt 0 0
vt 0 0
vt 0 0
vt 0 0
vt 0 0
vt 0 0
vt 0 0
vt 0 0
vt 0 0
vt 0 0
vt 0 0
vt 0 0
vt 0 0
vt 0 0
vt 0 0
vt 0 0
vt 0 0
vt 0 0
vt 0 0
vt 0 0
vt 0 0
vt 0 0
vt 0 0
vt 0 0
vt 0 0
vt 0 0
vt 0 0
vt 0 0
vt 0 0
vt 0 0
vt 0 0
vt 0 0
vt 0 0
vt 0 0
vt 0 0
vt 0 0
vt 0 0
vt 0 0
vt 0 0
vt 0 0
vt 0 0
vt 0 0
vt 0 0
vt 0 0
vt 0 0
vt 0 0
vt 0 0
vt 0 0
vt 0 0
vt 0 0
vt 0 0
vt 0 0
vt 0 0
vt 0 0
vt 0 0
vt 0 0
vt 0 0
vt 0 0
vt 0 0
vt 0 0
vt 0 0
vt 0 0
vt 0 0
vt 0 0
vt 0 0
vt 0 0
vt 0 0
vt 0 0
vt 0 0
vt 0 0
vt 0 0
vt 0 0
vt 0 0
vt 0 0
vt 0 0
vt 0 0
vt 0 0
vt 0 0
vt 0 0
vt 0 0
vt 0 0
vt 0 0
vt 0 0
vt 0 0
vt 0 0
vt 0 0
vt 0 0
vt 0 0
vt 0 0
vt 0 0
vt 0 0
vt 0 0
vt 0 0
vt 0 0
vt 0 0
vt 0 0
vt 0 0
vt 0 0
vt 0 0
vt 0 0
vt 0 0
vt 0 0
vt 0 0
vt 0 0
vt 0 0
vt 0 0
vt 0 0
vt 0 0
vt 0 0
vt 0 0
vt 0 0
vt 0 0
vt 0 0
vt 0 0
vt 0 0
vt 0 0
vt 0 0
vt 0 0
vt 0 0
vt 0 0
vt 0 0
vt 0 0
vt 0 0
vt 0 0
vt 0 0
vt 0 0
vt 0 0
vt 0 0
vt 0 0
vt 0 0
vt 0 0
vt 0 0
vt 0 0
vt 0 0
vt 0 0
vt 0 0
vt 0 0
vt 0 0
vt 0 0
vt 0 0
vt 0 0
vt 0 0
vt 0 0
vt 0 0
vt 0 0
vt 0 0
vt 0 0
vt 0 0
vt 0 0
vt 0 0
vt 0 0
vt 0 0
vt 0 0
vt 0 0
vt 0 0
vt 0 0
vt 0 0
vt 0 0
vt 0 0
vt 0 0
vt 0 0
vt 0 0
vt 0 0
vt 0 0
vt 0 0
vt 0 0
vt 0 0
vt 0 0
vt 0 0
vt 0 0
vt 0 0
vt 0 0
vt 0 0
vt 0 0
vt 0 0
vt 0 0
vt 0 0
vt 0 0
vt 0 0
vt 0 0
vt 0 0
vt 0 0
vt 0 0
vt 0 0
vt 0 0
vt 0 0
vt 0 0
vt 0 0
vt 0 0
vt 0 0
vt 0 0
vt 0 0
vt 0 0
vt 0 0
vt 0 0
vt 0 0
vt 0 0
vt 0 0
vt 0 0
vt 0 0
vt 0 0
vt 0 0
vt 0 0
vt 0 0
vt 0 0
vt 0 0
vt 0 0
vt 0 0
vt 0 0
vt 0 0
vt 0 0
vt 0 0
vt 0 0
vt 0 0
vt 0 0
vt 0 0
vt 0 0
vt 0 0
vt 0 0
vt 0 0
vt 0 0
vt 0 0
vt 0 0
vt 0 0
vt 0 0
vt 0 0
vt 0 0
vt 0 0
vt 0 0
vt 0 0
vt 0 0
vt 0 0
vt 0 0
vt 0 0
vt 0 0
vt 0 0
vt 0 0
vt 0 0
vt 0 0
vt 0 0
vt 0 0
vt 0 0
vt 0 0
vt 0 0
vt 0 0
vt 0 0
vt 0 0
vt 0 0
vt 0 0
vt 0 0
vt 0 0
vt 0 0
vt 0 0
vt 0 0
vt 0 0
vt 0 0
vt 0 0
vt 0 0
vt 0 0
vt 0 0
vt 0 0
vt 0 0
vt 0 0
vt 0 0
vt 0 0
vt 0 0
vt 0 0
vt 0 0
vt 0 0
vt 0 0
vt 0 0
vt 0 0
vt 0 0
vt 0 0
vt 0 0
vt 0 0
vt 0 0
vt 0 0
vt 0 0
vt 0 0
vt 0 0
vt 0 0
vt 0 0
vt 0 0
vt 0 0
vt 0 0
vt 0 0
vt 0 0
vt 0 0
vt 0 0
vt 0 0
vt 0 0
vt 0 0
vt 0 0
vt 0 0
vt 0 0
vt 0 0
vt 0 0
vt 0 0
vt 0 0
vt 0 0
vt 0 0
vt 0 0
vt 0 0
vt 0 0
vt 0 0
vt 0 0
vt 0 0
vt 0 0
vt 0 0
vt 0 0
vt 0 0
vt 0 0
vt 0 0
vt 0 0
vt 0 0
vt 0 0
vt 0 0
vt 0 0
vt 0 0
vt 0 0
vt 0 0
vt 0 0
vt 0 0
vt 0 0
vt 0 0
vt 0 0
vt 0 0
vt 0 0
vt 0 0
vt 0 0
vt 0 0
vt 0 0
vt 0 0
vt 0 0
vt 0 0
vt 0 0
vt 0 0
vt 0 0
vt 0 0
vt 0 0
vt 0 0
vt 0 0
vt 0 0
vt 0 0
vt 0 0
vt 0 0
vt 0 0
vt 0 0
vt 0 0
vt 0 0
vt 0 0
vt 0 0
vt 0 0
vt 0 0
vt 0 0
vt 0 0
vt 0 0
vt 0 0
vt 0 0
vt 0 0
vt 0 0
vt 0 0
vt 0 0
vt 0 0
vt 0 0
vt 0 0
vt 0 0
vt 0 0
vt 0 0
vt 0 0
vt 0 0
vt 0 0
vt 0 0
vt 0 0
vt 0 0
vt 0 0
vt 0 0
vt 0 0
vt 0 0
vt 0 0
vt 0 0
vt 0 0
vt 0 0
vt 0 0
vt 0 0
vt 0 0
vt 0 0
vt 0 0
vt 0 0
vt 0 0
vt 0 0
vt 0 0
vt 0 0
vt 0 0
vt 0 0
vt 0 0
vt 0 0
vt 0 0
vt 0 0
vt 0 0
vt 0 0
vt 0 0
vt 0 0
vt 0 0
vt 0 0
vt 0 0
vt 0 0
vt 0 0
vt 0 0
vt 0 0
vt 0 0
vt 0 0
vt 0 0
vt 0 0
vt 0 0
vt 0 0
vt 0 0
vt 0 0
vt 0 0
vt 0 0
vt 0 0
vt 0 0
vt 0 0
vt 0 0
vt 0 0
vt 0 0
vt 0 0
vt 0 0
vt 0 0
vt 0 0
vt 0 0
vt 0 0
vt 0 0
vt 0 0
vt 0 0
vt 0 0
vt 0 0
vt 0 0
vt 0 0
vt 0 0
vt 0 0
vt 0 0
vt 0 0
vt 0 0
vt 0 0
vt 0 0
vt 0 0
vt 0 0
vt 0 0
vt 0 0
vt 0 0
vt 0 0
vt 0 0
vt 0 0
vt 0 0
vt 0 0
vt 0 0
vt 0 0
vt 0 0
vt 0 0
vt 0 0
vt 0 0
vt 0 0
vt 0 0
vt 0 0
vt 0 0
vt 0 0
vt 0 0
vt 0 0
vt 0 0
vt 0 0
vt 0 0
vt 0 0
vt 0 0
vt 0 0
vt 0 0
vt 0 0
vt 0 0
vt 0 0
vt 0 0
vt 0 0
vt 0 0
vt 0 0
vt 0 0
vt 0 0
vt 0 0
vt 0 0
vt 0 0
vt 0 0
vt 0 0
vt 0 0
vt 0 0
vt 0 0
vt 0 0
vt 0 0
vt 0 0
vt 0 0
vt 0 0
vt 0 0
vt 0 0
vt 0 0
vt 0 0
vt 0 0
vt 0 0
vt 0 0
vt 0 0
vt 0 0
vt 0 0
vt 0 0
vt 0 0
vt 0 0
vt 0 0
vt 0 0
vt 0 0
vt 0 0
vt 0 0
vt 0 0
vt 0 0
vt 0 0
vt 0 0
vt 0 0
vt 0 0
vt 0 0
vt 0 0
vt 0 0
vt 0 0
vt 0 0
vt 0 0
vt 0 0
vt 0 0
vt 0 0
vt 0 0
vt 0 0
vt 0 0
vt 0 0
vt 0 0
vt 0 0
vt 0 0
vt 0 0
vt 0 0
vt 0 0
vt 0 0
vt 0 0
vt 0 0
vt 0 0
vt 0 0
vt 0 0
vt 0 0
vt 0 0
vt 0 0
vt 0 0
vt 0 0
vt 0 0
vt 0 0
vt 0 0
vt 0 0
vt 0 0
vt 0 0
vt 0 0
vt 0 0
vt 0 0
vt 0 0
vt 0 0
vt 0 0
vt 0 0
vt 0 0
vt 0 0
vt 0 0
vt 0 0
vt 0 0
vt 0 0
vt 0 0
vt 0 0
vt 0 0
vt 0 0
vt 0 0
vt 0 0
vt 0 0
vt 0 0
vt 0 0
vt 0 0
vt 0 0
vt 0 0
vt 0 0
vt 0 0
vt 0 0
vt 0 0
vt 0 0
vt 0 0
vt 0 0
vt 0 0
vt 0 0
vt 0 0
vt 0 0
vt 0 0
vt 0 0
vt 0 0
vt 0 0
vt 0 0
vt 0 0
vt 0 0
vt 0 0
vt 0 0
vt 0 0
vt 0 0
vt 0 0
vt 0 0
vt 0 0
vt 0 0
vt 0 0
vt 0 0
vt 0 0
vt 0 0
vt 0 0
vt 0 0
vt 0 0
vt 0 0
vt 0 0
vt 0 0
vt 0 0
vt 0 0
vt 0 0
vt 0 0
vt 0 0
vt 0 0
vt 0 0
vt 0 0
vt 0 0
vt 0 0
vt 0 0
vt 0 0
vt 0 0
vt 0 0
vt 0 0
vt 0 0
vt 0 0
vt 0 0
vt 0 0
vt 0 0
vt 0 0
vt 0 0
vt 0 0
vt 0 0
vt 0 0
vt 0 0
vt 0 0
vt 0 0
vt 0 0
vt 0 0
vt 0 0
vt 0 0
vt 0 0
vt 0 0
vt 0 0
vt 0 0
vt 0 0
vt 0 0
vt 0 0
vt 0 0
vt 0 0
vt 0 0
vt 0 0
vt 0 0
vt 0 0
vt 0 0
vt 0 0
vt 0 0
vt 0 0
vt 0 0
vt 0 0
vt 0 0
vt 0 0
vt 0 0
vt 0 0
vt 0 0
vt 0 0
vt 0 0
vt 0 0
vt 0 0
vt 0 0
vt 0 0
vt 0 0
vt 0 0
vt 0 0
vt 0 0
vt 0 0
vt 0 0
vt 0 0
vt 0 0
vt 0 0
vt 0 0
vt 0 0
vt 0 0
vt 0 0
vt 0 0
vt 0 0
vt 0 0
vt 0 0
vt 0 0
vt 0 0
vt 0 0
vt 0 0
vt 0 0
vt 0 0
vt 0 0
vt 0 0
vt 0 0
vt 0 0
vt 0 0
vt 0 0
vt 0 0
vt 0 0
vt 0 0
vt 0 0
vt 0 0
vt 0 0
vt 0 0
vt 0 0
vt 0 0
vt 0 0
vt 0 0
vt 0 0
vt 0 0
vt 0 0
vt 0 0
vt 0 0
vt 0 0
vt 0 0
vt 0 0
vt 0 0
vt 0 0
vt 0 0
vt 0 0
vt 0 0
vt 0 0
vt 0 0
vt 0 0
vt 0 0
vt 0 0
vt 0 0
vt 0 0
vt 0 0
vt 0 0
vt 0 0
vt 0 0
vt 0 0
vt 0 0
vt 0 0
vt 0 0
vt 0 0
vt 0 0
vt 0 0
vt 0 0
vt 0 0
vt 0 0
vt 0 0
vt 0 0
vt 0 0
vt 0 0
vt 0 0
vt 0 0
vt 0 0
vt 0 0
vt 0 0
vt 0 0
vt 0 0
vt 0 0
vt 0 0
vt 0 0
vt 0 0
vt 0 0
vt 0 0
vt 0 0
vt 0 0
vt 0 0
vt 0 0
vt 0 0
vt 0 0
vt 0 0
vt 0 0
vt 0 0
vt 0 0
vt 0 0
vt 0 0
vt 0 0
vt 0 0
vt 0 0
vt 0 0
vt 0 0
vt 0 0
vt 0 0
vt 0 0
vt 0 0
vt 0 0
vt 0 0
vt 0 0
vt 0 0
vt 0 0
vt 0 0
vt 0 0
vt 0 0
vt 0 0
vt 0 0
vt 0 0
vt 0 0
vt 0 0
vt 0 0
vt 0 0
vt 0 0
vt 0 0
vt 0 0
vt 0 0
vt 0 0
vt 0 0
vt 0 0
vt 0 0
vt 0 0
vt 0 0
vt 0 0
vt 0 0
vt 0 0
vt 0 0
vt 0 0
vt 0 0
vt 0 0
vt 0 0
vt 0 0
vt 0 0
vt 0 0
vt 0 0
vt 0 0
vt 0 0
vt 0 0
vt 0 0
vt 0 0
vt 0 0
vt 0 0
vt 0 0
vt 0 0
vt 0 0
vt 0 0
vt 0 0
vt 0 0
vt 0 0
vt 0 0
vt 0 0
vt 0 0
vt 0 0
vt 0 0
vt 0 0
vt 0 0
vt 0 0
vt 0 0
vt 0 0
vt 0 0
vt 0 0
vt 0 0
vt 0 0
vt 0 0
vt 0 0
vt 0 0
vt 0 0
vt 0 0
vt 0 0
vt 0 0
vt 0 0
vt 0 0
vt 0 0
vt 0 0
vt 0 0
vt 0 0
vt 0 0
vt 0 0
vt 0 0
vt 0 0
vt 0 0
vt 0 0
vt 0 0
vt 0 0
vt 0 0
vt 0 0
vt 0 0
vt 0 0
vt 0 0
vt 0 0
vt 0 0
vt 0 0
vt 0 0
vt 0 0
vt 0 0
vt 0 0
vt 0 0
vt 0 0
vt 0 0
vt 0 0
vt 0 0
vt 0 0
vt 0 0
vt 0 0
vt 0 0
vt 0 0
vt 0 0
vt 0 0
vt 0 0
vt 0 0
vt 0 0
vt 0 0
vt 0 0
vt 0 0
vt 0 0
vt 0 0
vt 0 0
vt 0 0
vt 0 0
vt 0 0
vt 0 0
vt 0 0
vt 0 0
vt 0 0
vt 0 0
vt 0 0
vt 0 0
vt 0 0
vt 0 0
vt 0 0
vt 0 0
vt 0 0
vt 0 0
vt 0 0
vt 0 0
vt 0 0
vt 0 0
vt 0 0
vt 0 0
vt 0 0
vt 0 0
vt 0 0
vt 0 0
vt 0 0
vt 0 0
vt 0 0
vt 0 0
vt 0 0
vt 0 0
vt 0 0
vt 0 0
vt 0 0
vt 0 0
vt 0 0
vt 0 0
vt 0 0
vt 0 0
vt 0 0
vt 0 0
vt 0 0
vt 0 0
vt 0 0
vt 0 0
vt 0 0
vt 0 0
vt 0 0
vt 0 0
vt 0 0
vt 0 0
vt 0 0
vt 0 0
vt 0 0
vt 0 0
vt 0 0
vt 0 0
vt 0 0
vt 0 0
vt 0 0
vt 0 0
vt 0 0
vt 0 0
vt 0 0
vt 0 0
vt 0 0
vt 0 0
vt 0 0
vt 0 0
vt 0 0
vt 0 0
vt 0 0
vt 0 0
vt 0 0
vt 0 0
vt 0 0
vt 0 0
vt 0 0
vt 0 0
vt 0 0
vt 0 0
vt 0 0
vt 0 0
vt 0 0
vt 0 0
vt 0 0
vt 0 0
vt 0 0
vt 0 0
vt 0 0
vt 0 0
vt 0 0
vt 0 0
vt 0 0
vt 0 0
vt 0 0
vt 0 0
vt 0 0
vt 0 0
vt 0 0
vt 0 0
vt 0 0
vt 0 0
vt 0 0
vt 0 0
vt 0 0
vt 0 0
vt 0 0
vt 0 0
vt 0 0
vt 0 0
vt 0 0
vt 0 0
vt 0 0
vt 0 0
vt 0 0
vt 0 0
vt 0 0
vt 0 0
vt 0 0
vt 0 0
vt 0 0
vt 0 0
vt 0 0
vt 0 0
vt 0 0
vt 0 0
vt 0 0
vt 0 0
vt 0 0
vt 0 0
vt 0 0
vt 0 0
vt 0 0
vt 0 0
vt 0 0
vt 0 0
vt 0 0
vt 0 0
vt 0 0
vt 0 0
vt 0 0
vt 0 0
vt 0 0
vt 0 0
vt 0 0
vt 0 0
vt 0 0
vt 0 0
vt 0 0
vt 0 0
vt 0 0
vt 0 0
vt 0 0
vt 0 0
vt 0 0
vt 0 0
vt 0 0
vt 0 0
vt 0 0
vt 0 0
vt 0 0
vt 0 0
vt 0 0
vt 0 0
vt 0 0
vt 0 0
vt 0 0
vt 0 0
vt 0 0
vt 0 0
vt 0 0
vt 0 0
vt 0 0
vt 0 0
vt 0 0
vt 0 0
vt 0 0
vt 0 0
vt 0 0
vt 0 0
vt 0 0
vt 0 0
vt 0 0
vt 0 0
vt 0 0
vt 0 0
vt 0 0
vt 0 0
vt 0 0
vt 0 0
vt 0 0
vt 0 0
vt 0 0
vt 0 0
vt 0 0
vt 0 0
vt 0 0
vt 0 0
vt 0 0
vt 0 0
vt 0 0
vt 0 0
vt 0 0
vt 0 0
vt 0 0
vt 0 0
vt 0 0
vt 0 0
vt 0 0
vt 0 0
vt 0 0
vt 0 0
vt 0 0
vt 0 0
vt 0 0
vt 0 0
vt 0 0
vt 0 0
vt 0 0
vt 0 0
vt 0 0
vt 0 0
vt 0 0
vt 0 0
vt 0 0
vt 0 0
vt 0 0
vt 0 0
vt 0 0
vt 0 0
vt 0 0
vt 0 0
vt 0 0
vt 0 0
vt 0 0
vt 0 0
vt 0 0
vt 0 0
vt 0 0
vt 0 0
vt 0 0
vt 0 0
vt 0 0
vt 0 0
vt 0 0
vt 0 0
vt 0 0
vt 0 0
vt 0 0
vt 0 0
vt 0 0
vt 0 0
vt 0 0
vt 0 0
vt 0 0
vt 0 0
vt 0 0
vt 0 0
vt 0 0
vt 0 0
vt 0 0
vt 0 0
vt 0 0
vt 0 0
vt 0 0
vt 0 0
vt 0 0
vt 0 0
vt 0 0
vt 0 0
vt 0 0
vt 0 0
vt 0 0
vt 0 0
vt 0 0
vt 0 0
vt 0 0
vt 0 0
vt 0 0
vt 0 0
vt 0 0
vt 0 0
vt 0 0
vt 0 0
vt 0 0
vt 0 0
vt 0 0
vt 0 0
vt 0 0
vt 0 0
vt 0 0
vt 0 0
vt 0 0
vt 0 0
vt 0 0
vt 0 0
vt 0 0
vt 0 0
vt 0 0
vt 0 0
vt 0 0
vt 0 0
vt 0 0
vt 0 0
vt 0 0
vt 0 0
vt 0 0
vt 0 0
vt 0 0
vt 0 0
vt 0 0
vt 0 0
vt 0 0
vt 0 0
vt 0 0
vt 0 0
vt 0 0
vt 0 0
vt 0 0
vt 0 0
vt 0 0
vt 0 0
vt 0 0
vt 0 0
vt 0 0
vt 0 0
vt 0 0
vt 0 0
vt 0 0
vt 0 0
vt 0 0
vt 0 0
vt 0 0
vt 0 0
vt 0 0
vt 0 0
vt 0 0
vt 0 0
vt 0 0
vt 0 0
vt 0 0
vt 0 0
vt 0 0
vt 0 0
vt 0 0
vt 0 0
vt 0 0
vt 0 0
vt 0 0
vt 0 0
vt 0 0
vt 0 0
vt 0 0
vt 0 0
vt 0 0
vt 0 0
vt 0 0
vt 0 0
vt 0 0
vt 0 0
vt 0 0
vt 0 0
vt 0 0
vt 0 0
vt 0 0
vt 0 0
vt 0 0
vt 0 0
vt 0 0
vt 0 0
vt 0 0
vt 0 0
vt 0 0
vt 0 0
vt 0 0
vt 0 0
vt 0 0
vt 0 0
vt 0 0
vt 0 0
vt 0 0
vt 0 0
vt 0 0
vt 0 0
vt 0 0
vt 0 0
vt 0 0
vt 0 0
vt 0 0
vt 0 0
vt 0 0
vt 0 0
vt 0 0
vt 0 0
vt 0 0
vt 0 0
vt 0 0
vt 0 0
vt 0 0
vt 0 0
vt 0 0
vt 0 0
vt 0 0
vt 0 0
vt 0 0
vt 0 0
vt 0 0
vt 0 0
vt 0 0
vt 0 0
vt 0 0
vt 0 0
vt 0 0
vt 0 0
vt 0 0
vt 0 0
vt 0 0
vt 0 0
vt 0 0
vt 0 0
vt 0 0
vt 0 0
vt 0 0
vt 0 0
vt 0 0
vt 0 0
vt 0 0
vt 0 0
vt 0 0
vt 0 0
vt 0 0
vt 0 0
vt 0 0
vt 0 0
vt 0 0
vt 0 0
vt 0 0
vt 0 0
vt 0 0
vt 0 0
vt 0 0
vt 0 0
vt 0 0
vt 0 0
vt 0 0
vt 0 0
vt 0 0
vt 0 0
vt 0 0
vt 0 0
vt 0 0
vt 0 0
vt 0 0
vt 0 0
vt 0 0
vt 0 0
vt 0 0
vt 0 0
vt 0 0
vt 0 0
vt 0 0
vt 0 0
vt 0 0
vt 0 0
vt 0 0
vt 0 0
vt 0 0
vt 0 0
vt 0 0
vt 0 0
vt 0 0
vt 0 0
vt 0 0
vt 0 0
vt 0 0
vt 0 0
vt 0 0
vt 0 0
vt 0 0
vt 0 0
vt 0 0
vt 0 0
vt 0 0
vt 0 0
vt 0 0
vt 0 0
vt 0 0
vt 0 0
vt 0 0
vt 0 0
vt 0 0
vt 0 0
vt 0 0
vt 0 0
vt 0 0
vt 0 0
vt 0 0
vt 0 0
vt 0 0
vt 0 0
vt 0 0
vt 0 0
vt 0 0
vt 0 0
vt 0 0
vt 0 0
vt 0 0
vt 0 0
vt 0 0
vt 0 0
vt 0 0
vt 0 0
vt 0 0
vt 0 0
vt 0 0
vt 0 0
vt 0 0
vt 0 0
vt 0 0
vt 0 0
vt 0 0
vt 0 0
vt 0 0
vt 0 0
vt 0 0
vt 0 0
vt 0 0
vt 0 0
vt 0 0
vt 0 0
vt 0 0
vt 0 0
vt 0 0
vt 0 0
vt 0 0
vt 0 0
vt 0 0
vt 0 0
vt 0 0
vt 0 0
vt 0 0
vt 0 0
vt 0 0
vt 0 0
vt 0 0
vt 0 0
vt 0 0
vt 0 0
vt 0 0
vt 0 0
vt 0 0
vt 0 0
vt 0 0
vt 0 0
vt 0 0
vt 0 0
vt 0 0
vt 0 0
vt 0 0
vt 0 0
vt 0 0
vt 0 0
vt 0 0
vt 0 0
vt 0 0
vt 0 0
vt 0 0
vt 0 0
vt 0 0
vt 0 0
vt 0 0
vt 0 0
vt 0 0
vt 0 0
vt 0 0
vt 0 0
vt 0 0
vt 0 0
vt 0 0
vt 0 0
vt 0 0
vt 0 0
vt 0 0
vt 0 0
vt 0 0
vt 0 0
vt 0 0
vt 0 0
vt 0 0
vt 0 0
vt 0 0
vt 0 0
vt 0 0
vt 0 0
vt 0 0
vt 0 0
vt 0 0
vt 0 0
vt 0 0
vt 0 0
vt 0 0
vt 0 0
vt 0 0
vt 0 0
vt 0 0
vt 0 0
vt 0 0
vt 0 0
vt 0 0
vt 0 0
vt 0 0
vt 0 0
vt 0 0
vt 0 0
vt 0 0
vt 0 0
vt 0 0
vt 0 0
vt 0 0
vt 0 0
vt 0 0
vt 0 0
vt 0 0
vt 0 0
vt 0 0
vt 0 0
vt 0 0
vt 0 0
vt 0 0
vt 0 0
vt 0 0
vt 0 0
vt 0 0
vt 0 0
vt 0 0
vt 0 0
vt 0 0
vt 0 0
vt 0 0
vt 0 0
vt 0 0
vt 0 0
vt 0 0
vt 0 0
vt 0 0
vt 0 0
vt 0 0
vt 0 0
vt 0 0
vt 0 0
vt 0 0
vt 0 0
vt 0 0
vt 0 0
vt 0 0
vt 0 0
vt 0 0
vt 0 0
vt 0 0
vt 0 0
vt 0 0
vt 0 0
vt 0 0
vt 0 0
vt 0 0
vt 0 0
vt 0 0
vt 0 0
vt 0 0
vt 0 0
vt 0 0
vt 0 0
vt 0 0
vt 0 0
vt 0 0
vt 0 0
vt 0 0
vt 0 0
vt 0 0
vt 0 0
vt 0 0
vt 0 0
vt 0 0
vt 0 0
vt 0 0
vt 0 0
vt 0 0
vt 0 0
vt 0 0
vt 0 0
vt 0 0
vt 0 0
vt 0 0
vt 0 0
vt 0 0
vt 0 0
vt 0 0
vt 0 0
vt 0 0
vt 0 0
vt 0 0
vt 0 0
vt 0 0
vt 0 0
vt 0 0
vt 0 0
vt 0 0
vt 0 0
vt 0 0
vt 0 0
vt 0 0
vt 0 0
vt 0 0
vt 0 0
vt 0 0
vt 0 0
vt 0 0
vt 0 0
vt 0 0
vt 0 0
vt 0 0
vt 0 0
vt 0 0
vt 0 0
vt 0 0
vt 0 0
vt 0 0
vt 0 0
vt 0 0
vt 0 0
vt 0 0
vt 0 0
vt 0 0
vt 0 0
vt 0 0
vt 0 0
vt 0 0
vt 0 0
vt 0 0
vt 0 0
vt 0 0
vt 0 0
vt 0 0
vt 0 0
vt 0 0
vt 0 0
vt 0 0
vt 0 0
vt 0 0
vt 0 0
vt 0 0
vt 0 0
vt 0 0
vt 0 0
vt 0 0
vt 0 0
vt 0 0
vt 0 0
vt 0 0
vt 0 0
vt 0 0
vt 0 0
vt 0 0
vt 0 0
vt 0 0
vt 0 0
vt 0 0
vt 0 0
vt 0 0
vt 0 0
vt 0 0
vt 0 0
vt 0 0
vt 0 0
vt 0 0
vt 0 0
vt 0 0
vt 0 0
vt 0 0
vt 0 0
vt 0 0
vt 0 0
vt 0 0
vt 0 0
vt 0 0
vt 0 0
vt 0 0
vt 0 0
vt 0 0
vt 0 0
vt 0 0
vt 0 0
vt 0 0
vt 0 0
vt 0 0
vt 0 0
vt 0 0
vt 0 0
vt 0 0
vt 0 0
vt 0 0
vt 0 0
vt 0 0
vt 0 0
vt 0 0
vt 0 0
vt 0 0
vt 0 0
vt 0 0
vt 0 0
vt 0 0
vt 0 0
vt 0 0
vt 0 0
vt 0 0
vt 0 0
vt 0 0
vt 0 0
vt 0 0
vt 0 0
vt 0 0
vt 0 0
vt 0 0
vt 0 0
vt 0 0
vt 0 0
vt 0 0
vt 0 0
vt 0 0
vt 0 0
vt 0 0
vt 0 0
vt 0 0
vt 0 0
vt 0 0
vt 0 0
vt 0 0
vt 0 0
vt 0 0
vt 0 0
vt 0 0
vt 0 0
vt 0 0
vt 0 0
vt 0 0
vt 0 0
vt 0 0
vt 0 0
vt 0 0
vt 0 0
vt 0 0
vt 0 0
vt 0 0
vt 0 0
vt 0 0
vt 0 0
vt 0 0
vt 0 0
vt 0 0
vt 0 0
vt 0 0
vt 0 0
vt 0 0
vt 0 0
vt 0 0
vt 0 0
vt 0 0
vt 0 0
vt 0 0
vt 0 0
vt 0 0
vt 0 0
vt 0 0
vt 0 0
vt 0 0
vt 0 0
vt 0 0
vt 0 0
vt 0 0
vt 0 0
vt 0 0
vt 0 0
vt 0 0
vt 0 0
vt 0 0
vt 0 0
vt 0 0
vt 0 0
vt 0 0
vt 0 0
vt 0 0
vt 0 0
vt 0 0
vt 0 0
vt 0 0
vt 0 0
vt 0 0
vt 0 0
vt 0 0
vt 0 0
vt 0 0
vt 0 0
vt 0 0
vt 0 0
vt 0 0
vt 0 0
vt 0 0
vt 0 0
vt 0 0
vt 0 0
vt 0 0
vt 0 0
vt 0 0
vt 0 0
vt 0 0
vt 0 0
vt 0 0
vt 0 0
vt 0 0
vt 0 0
vt 0 0
vt 0 0
vt 0 0
vt 0 0
vt 0 0
vt 0 0
vt 0 0
vt 0 0
vt 0 0
vt 0 0
vt 0 0
vt 0 0
vt 0 0
vt 0 0
vt 0 0
vt 0 0
vt 0 0
vt 0 0
vt 0 0
vt 0 0
vt 0 0
vt 0 0
vt 0 0
vt 0 0
vt 0 0
vt 0 0
vt 0 0
vt 0 0
vt 0 0
vt 0 0
vt 0 0
vt 0 0
vt 0 0
vt 0 0
vt 0 0
vt 0 0
vt 0 0
vt 0 0
vt 0 0
vt 0 0
vt 0 0
vt 0 0
vt 0 0
vt 0 0
vt 0 0
vt 0 0
vt 0 0
vt 0 0
vt 0 0
vt 0 0
vt 0 0
vt 0 0
vt 0 0
vt 0 0
vt 0 0
vt 0 0
vt 0 0
vt 0 0
vt 0 0
vt 0 0
vt 0 0
vt 0 0
vt 0 0
vt 0 0
vt 0 0
vt 0 0
vt 0 0
vt 0 0
vt 0 0
vt 0 0
vt 0 0
vt 0 0
vt 0 0
vt 0 0
vt 0 0
vt 0 0
vt 0 0
vt 0 0
vt 0 0
vt 0 0
vt 0 0
vt 0 0
vt 0 0
vt 0 0
vt 0 0
vt 0 0
vt 0 0
vt 0 0
vt 0 0
vt 0 0
vt 0 0
vt 0 0
vt 0 0
vt 0 0
vt 0 0
vt 0 0
vt 0 0
vt 0 0
vt 0 0
vt 0 0
vt 0 0
vt 0 0
vt 0 0
vt 0 0
vt 0 0
vt 0 0
vt 0 0
vt 0 0
vt 0 0
vt 0 0
vt 0 0
vt 0 0
vt 0 0
vt 0 0
vt 0 0
vt 0 0
vt 0 0
vt 0 0
vt 0 0
vt 0 0
vt 0 0
vt 0 0
vt 0 0
vt 0 0
vt 0 0
vt 0 0
vt 0 0
vt 0 0
vt 0 0
vt 0 0
vt 0 0
vt 0 0
vt 0 0
vt 0 0
vt 0 0
vt 0 0
vt 0 0
vt 0 0
vt 0 0
vt 0 0
vt 0 0
vt 0 0
vt 0 0
vt 0 0
vt 0 0
vt 0 0
vt 0 0
vt 0 0
vt 0 0
vt 0 0
vt 0 0
vt 0 0
vt 0 0
vt 0 0
vt 0 0
vt 0 0
vt 0 0
vt 0 0
vt 0 0
vt 0 0
vt 0 0
vt 0 0
vt 0 0
vt 0 0
vt 0 0
vt 0 0
vt 0 0
vt 0 0
vt 0 0
vt 0 0
vt 0 0
vt 0 0
vt 0 0
vt 0 0
vt 0 0
vt 0 0
vt 0 0
vt 0 0
vt 0 0
vt 0 0
vt 0 0
vt 0 0
vt 0 0
vt 0 0
vt 0 0
vt 0 0
vt 0 0
vt 0 0
vt 0 0
vt 0 0
vt 0 0
vt 0 0
vt 0 0
vt 0 0
vt 0 0
vt 0 0
vt 0 0
vt 0 0
vt 0 0
vt 0 0
vt 0 0
vt 0 0
vt 0 0
vt 0 0
vt 0 0
vt 0 0
vt 0 0
vt 0 0
vt 0 0
vt 0 0
vt 0 0
vt 0 0
vt 0 0
vt 0 0
vt 0 0
vt 0 0
vt 0 0
vt 0 0
vt 0 0
vt 0 0
vt 0 0
vt 0 0
vt 0 0
vt 0 0
vt 0 0
vt 0 0
vt 0 0
vt 0 0
vt 0 0
vt 0 0
vt 0 0
vt 0 0
vt 0 0
vt 0 0
vt 0 0
vt 0 0
vt 0 0
vt 0 0
vt 0 0
vt 0 0
vt 0 0
vt 0 0
vt 0 0
vt 0 0
vt 0 0
vt 0 0
vt 0 0
vt 0 0
vt 0 0
vt 0 0
vt 0 0
vt 0 0
vt 0 0
vt 0 0
vt 0 0
vt 0 0
vt 0 0
vt 0 0
vt 0 0
vt 0 0
vt 0 0
vt 0 0
vt 0 0
vt 0 0
vt 0 0
vt 0 0
vt 0 0
vt 0 0
vt 0 0
vt 0 0
vt 0 0
vt 0 0
vt 0 0
vt 0 0
vt 0 0
vt 0 0
vt 0 0
vt 0 0
vt 0 0
vt 0 0
vt 0 0
vt 0 0
vt 0 0
vt 0 0
vt 0 0
vt 0 0
vt 0 0
vt 0 0
vt 0 0
vt 0 0
vt 0 0
vt 0 0
vt 0 0
vt 0 0
vt 0 0
vt 0 0
vt 0 0
vt 0 0
vt 0 0
vt 0 0
vt 0 0
vt 0 0
vt 0 0
vt 0 0
vt 0 0
vt 0 0
vt 0 0
vt 0 0
vt 0 0
vt 0 0
vt 0 0
vt 0 0
vt 0 0
vt 0 0
vt 0 0
vt 0 0
vt 0 0
vt 0 0
vt 0 0
vt 0 0
vt 0 0
vt 0 0
vt 0 0
vt 0 0
vt 0 0
vt 0 0
vt 0 0
vt 0 0
vt 0 0
vt 0 0
vt 0 0
vt 0 0
vt 0 0
vt 0 0
vt 0 0
vt 0 0
vt 0 0
vt 0 0
vt 0 0
vt 0 0
vt 0 0
vt 0 0
vt 0 0
vt 0 0
vt 0 0
vt 0 0
vt 0 0
vt 0 0
vt 0 0
vt 0 0
vt 0 0
vt 0 0
vt 0 0
vt 0 0
vt 0 0
vt 0 0
vt 0 0
vt 0 0
vt 0 0
vt 0 0
vt 0 0
vt 0 0
vt 0 0
vt 0 0
vt 0 0
vt 0 0
vt 0 0
vt 0 0
vt 0 0
vt 0 0
vt 0 0
vt 0 0
vt 0 0
vt 0 0
vt 0 0
vt 0 0
vt 0 0
vt 0 0
vt 0 0
vt 0 0
vt 0 0
vt 0 0
vt 0 0
vt 0 0
vt 0 0
vt 0 0
vt 0 0
vt 0 0
vt 0 0
vt 0 0
vt 0 0
vt 0 0
vt 0 0
vt 0 0
vt 0 0
vt 0 0
vt 0 0
vt 0 0
vt 0 0
vt 0 0
vt 0 0
vt 0 0
vt 0 0
vt 0 0
vt 0 0
vt 0 0
vt 0 0
vt 0 0
vt 0 0
vt 0 0
vt 0 0
vt 0 0
vt 0 0
vt 0 0
vt 0 0
vt 0 0
vt 0 0
vt 0 0
vt 0 0
vt 0 0
vt 0 0
vt 0 0
vt 0 0
vt 0 0
vt 0 0
vt 0 0
vt 0 0
vt 0 0
vt 0 0
vt 0 0
vt 0 0
vt 0 0
vt 0 0
vt 0 0
vt 0 0
vt 0 0
vt 0 0
vt 0 0
vt 0 0
vt 0 0
vt 0 0
vt 0 0
vt 0 0
vt 0 0
vt 0 0
vt 0 0
vt 0 0
vt 0 0
vt 0 0
vt 0 0
vt 0 0
vt 0 0
vt 0 0
vt 0 0
vt 0 0
vt 0 0
vt 0 0
vt 0 0
vt 0 0
vt 0 0
vt 0 0
vt 0 0
vt 0 0
vt 0 0
vt 0 0
vt 0 0
vt 0 0
vt 0 0
vt 0 0
vt 0 0
vt 0 0
vt 0 0
vt 0 0
vt 0 0
vt 0 0
vt 0 0
vt 0 0
vt 0 0
vt 0 0
vt 0 0
vt 0 0
vt 0 0
vt 0 0
vt 0 0
vt 0 0
vt 0 0
vt 0 0
vt 0 0
vt 0 0
vt 0 0
vt 0 0
vt 0 0
vt 0 0
vt 0 0
vt 0 0
vt 0 0
vt 0 0
vt 0 0
vt 0 0
vt 0 0
vt 0 0
vt 0 0
vt 0 0
vt 0 0
vt 0 0
vt 0 0
vt 0 0
vt 0 0
vt 0 0
vt 0 0
vt 0 0
vt 0 0
vt 0 0
vt 0 0
vt 0 0
vt 0 0
vt 0 0
vt 0 0
vt 0 0
vt 0 0
vt 0 0
vt 0 0
vt 0 0
vt 0 0
vt 0 0
vt 0 0
vt 0 0
vt 0 0
vt 0 0
vt 0 0
vt 0 0
vt 0 0
vt 0 0
vt 0 0
vt 0 0
vt 0 0
vt 0 0
vt 0 0
vt 0 0
vt 0 0
vt 0 0
vt 0 0
vt 0 0
vt 0 0
vt 0 0
vt 0 0
vt 0 0
vt 0 0
vt 0 0
vt 0 0
vt 0 0
vt 0 0
vt 0 0
vt 0 0
vt 0 0
vt 0 0
vt 0 0
vt 0 0
vt 0 0
vt 0 0
vt 0 0
vt 0 0
vt 0 0
vt 0 0
vt 0 0
vt 0 0
vt 0 0
vt 0 0
vt 0 0
vt 0 0
vt 0 0
vt 0 0
vt 0 0
vt 0 0
vt 0 0
vt 0 0
vt 0 0
vt 0 0
vt 0 0
vt 0 0
vt 0 0
vt 0 0
vt 0 0
vt 0 0
vt 0 0
vt 0 0
vt 0 0
vt 0 0
vt 0 0
vt 0 0
vt 0 0
vt 0 0
vt 0 0
vt 0 0
vt 0 0
vt 0 0
vt 0 0
vt 0 0
vt 0 0
vt 0 0
vt 0 0
vt 0 0
vt 0 0
vt 0 0
vt 0 0
vt 0 0
vt 0 0
vt 0 0
vt 0 0
vt 0 0
vt 0 0
vt 0 0
vt 0 0
vt 0 0
vt 0 0
vt 0 0
vt 0 0
vt 0 0
vt 0 0
vt 0 0
vt 0 0
vt 0 0
vt 0 0
vt 0 0
vt 0 0
vt 0 0
vt 0 0
vt 0 0
vt 0 0
vt 0 0
vt 0 0
vt 0 0
vt 0 0
vt 0 0
vt 0 0
vt 0 0
vt 0 0
vt 0 0
vt 0 0
vt 0 0
vt 0 0
vt 0 0
vt 0 0
vt 0 0
vt 0 0
vt 0 0
vt 0 0
vt 0 0
vt 0 0
vt 0 0
vt 0 0
vt 0 0
vt 0 0
vt 0 0
vt 0 0
vt 0 0
vt 0 0
vt 0 0
vt 0 0
vt 0 0
vt 0 0
vt 0 0
vt 0 0
vt 0 0
vt 0 0
vt 0 0
vt 0 0
vt 0 0
vt 0 0
vt 0 0
vt 0 0
vt 0 0
vt 0 0
vt 0 0
vt 0 0
vt 0 0
vt 0 0
vt 0 0
vt 0 0
vt 0 0
vt 0 0
vt 0 0
vt 0 0
vt 0 0
vt 0 0
vt 0 0
vt 0 0
vt 0 0
vt 0 0
vt 0 0
vt 0 0
vt 0 0
vt 0 0
vt 0 0
vt 0 0
vt 0 0
vt 0 0
vt 0 0
vt 0 0
vt 0 0
vt 0 0
vt 0 0
vt 0 0
vt 0 0
vt 0 0
vt 0 0
vt 0 0
vt 0 0
vt 0 0
vt 0 0
vt 0 0
vt 0 0
vt 0 0
vt 0 0
vt 0 0
vt 0 0
vt 0 0
vt 0 0
vt 0 0
vt 0 0
vt 0 0
vt 0 0
vt 0 0
vt 0 0
vt 0 0
vt 0 0
vt 0 0
vt 0 0
vt 0 0
vt 0 0
vt 0 0
vt 0 0
vt 0 0
vt 0 0
vt 0 0
vt 0 0
vt 0 0
vt 0 0
vt 0 0
vt 0 0
vt 0 0
vt 0 0
vt 0 0
vt 0 0
vt 0 0
vt 0 0
vt 0 0
vt 0 0
vt 0 0
vt 0 0
vt 0 0
vt 0 0
vt 0 0
vt 0 0
vt 0 0
vt 0 0
vt 0 0
vt 0 0
vt 0 0
vt 0 0
vt 0 0
vt 0 0
vt 0 0
vt 0 0
vt 0 0
vt 0 0
vt 0 0
vt 0 0
vt 0 0
vt 0 0
vt 0 0
vt 0 0
vt 0 0
vt 0 0
vt 0 0
vt 0 0
vt 0 0
vt 0 0
vt 0 0
vt 0 0
vt 0 0
vt 0 0
vt 0 0
vt 0 0
vt 0 0
vt 0 0
vt 0 0
vt 0 0
vt 0 0
vt 0 0
vt 0 0
vt 0 0
vt 0 0
vt 0 0
vt 0 0
vt 0 0
vt 0 0
vt 0 0
vt 0 0
vt 0 0
vt 0 0
vt 0 0
vt 0 0
vt 0 0
vt 0 0
vt 0 0
vt 0 0
vt 0 0
vt 0 0
vt 0 0
vt 0 0
vt 0 0
vt 0 0
vt 0 0
vt 0 0
vt 0 0
vt 0 0
vt 0 0
vt 0 0
vt 0 0
vt 0 0
vt 0 0
vt 0 0
vt 0 0
vt 0 0
vt 0 0
vt 0 0
vt 0 0
vt 0 0
vt 0 0
vt 0 0
vt 0 0
vt 0 0
vt 0 0
vt 0 0
vt 0 0
vt 0 0
vt 0 0
vt 0 0
vt 0 0
vt 0 0
vt 0 0
vt 0 0
vt 0 0
vt 0 0
vt 0 0
vt 0 0
vt 0 0
vt 0 0
vt 0 0
vt 0 0
vt 0 0
vt 0 0
vt 0 0
vt 0 0
vt 0 0
vt 0 0
vt 0 0
vt 0 0
vt 0 0
vt 0 0
vt 0 0
vt 0 0
vt 0 0
vt 0 0
vt 0 0
vt 0 0
vt 0 0
vt 0 0
vt 0 0
vt 0 0
vt 0 0
vt 0 0
vt 0 0
vt 0 0
vt 0 0
vt 0 0
vt 0 0
vt 0 0
vt 0 0
vt 0 0
vt 0 0
vt 0 0
vt 0 0
vt 0 0
vt 0 0
vt 0 0
vt 0 0
vt 0 0
vt 0 0
vt 0 0
vt 0 0
vt 0 0
vt 0 0
vt 0 0
vt 0 0
vt 0 0
vt 0 0
vt 0 0
vt 0 0
vt 0 0
vt 0 0
vt 0 0
vt 0 0
vt 0 0
vt 0 0
vt 0 0
vt 0 0
vt 0 0
vt 0 0
vt 0 0
vt 0 0
vt 0 0
vt 0 0
vt 0 0
vt 0 0
vt 0 0
vt 0 0
vt 0 0
vt 0 0
vt 0 0
vt 0 0
vt 0 0
vt 0 0
vt 0 0
vt 0 0
vt 0 0
vt 0 0
vt 0 0
vt 0 0
vt 0 0
vt 0 0
vt 0 0
vt 0 0
vt 0 0
vt 0 0
vt 0 0
vt 0 0
vt 0 0
vt 0 0
vt 0 0
vt 0 0
vt 0 0
vt 0 0
vt 0 0
vt 0 0
vt 0 0
vt 0 0
vt 0 0
vt 0 0
vt 0 0
vt 0 0
vt 0 0
vt 0 0
vt 0 0
vt 0 0
vt 0 0
vt 0 0
vt 0 0
vt 0 0
vt 0 0
vt 0 0
vt 0 0
vt 0 0
vt 0 0
vt 0 0
vt 0 0
vt 0 0
vt 0 0
vt 0 0
vt 0 0
vt 0 0
vt 0 0
vt 0 0
vt 0 0
vt 0 0
vt 0 0
vt 0 0
vt 0 0
vt 0 0
vt 0 0
vt 0 0
vt 0 0
vt 0 0
vt 0 0
vt 0 0
vt 0 0
vt 0 0
vt 0 0
vt 0 0
vt 0 0
vt 0 0
vt 0 0
vt 0 0
vt 0 0
vt 0 0
vt 0 0
vt 0 0
vt 0 0
vt 0 0
vt 0 0
vt 0 0
vt 0 0
vt 0 0
vt 0 0
vt 0 0
vt 0 0
vt 0 0
vt 0 0
vt 0 0
vt 0 0
vt 0 0
vt 0 0
vt 0 0
vt 0 0
vt 0 0
vt 0 0
vt 0 0
vt 0 0
vt 0 0
vt 0 0
vt 0 0
vt 0 0
vt 0 0
vt 0 0
vt 0 0
vt 0 0
vt 0 0
vt 0 0
vt 0 0
vt 0 0
vt 0 0
vt 0 0
vt 0 0
vt 0 0
vt 0 0
vt 0 0
vt 0 0
vt 0 0
vt 0 0
vt 0 0
vt 0 0
vt 0 0
vt 0 0
vt 0 0
vt 0 0
vt 0 0
vt 0 0
vt 0 0
vt 0 0
vt 0 0
vt 0 0
vt 0 0
vt 0 0
vt 0 0
vt 0 0
vt 0 0
vt 0 0
vt 0 0
vt 0 0
vt 0 0
vt 0 0
vt 0 0
vt 0 0
vt 0 0
vt 0 0
vt 0 0
vt 0 0
vt 0 0
vt 0 0
vt 0 0
vt 0 0
vt 0 0
vt 0 0
vt 0 0
vt 0 0
vt 0 0
vt 0 0
vt 0 0
vt 0 0
vt 0 0
vt 0 0
vt 0 0
vt 0 0
vt 0 0
vt 0 0
vt 0 0
vt 0 0
vt 0 0
vt 0 0
vt 0 0
vt 0 0
vt 0 0
vt 0 0
vt 0 0
vt 0 0
vt 0 0
vt 0 0
vt 0 0
vt 0 0
vt 0 0
vt 0 0
vt 0 0
vt 0 0
vt 0 0
vt 0 0
vt 0 0
vt 0 0
vt 0 0
vt 0 0
vt 0 0
vt 0 0
vt 0 0
vt 0 0
vt 0 0
vt 0 0
vt 0 0
vt 0 0
vt 0 0
vt 0 0
vt 0 0
vt 0 0
vt 0 0
vt 0 0
vt 0 0
vt 0 0
vt 0 0
vt 0 0
vt 0 0
vt 0 0
vt 0 0
vt 0 0
vt 0 0
vt 0 0
vt 0 0
vt 0 0
vt 0 0
vt 0 0
vt 0 0
vt 0 0
vt 0 0
vt 0 0
vt 0 0
vt 0 0
vt 0 0
vt 0 0
vt 0 0
vt 0 0
vt 0 0
vt 0 0
vt 0 0
vt 0 0
vt 0 0
vt 0 0
vt 0 0
vt 0 0
vt 0 0
vt 0 0
vt 0 0
vt 0 0
vt 0 0
vt 0 0
vt 0 0
vt 0 0
vt 0 0
vt 0 0
vt 0 0
vt 0 0
vt 0 0
vt 0 0
vt 0 0
vt 0 0
vt 0 0
vt 0 0
vt 0 0
vt 0 0
vt 0 0
vt 0 0
vt 0 0
vt 0 0
vt 0 0
vt 0 0
vt 0 0
vt 0 0
vt 0 0
vt 0 0
vt 0 0
vt 0 0
vt 0 0
vt 0 0
vt 0 0
vt 0 0
vt 0 0
vt 0 0
vt 0 0
vt 0 0
vt 0 0
vt 0 0
vt 0 0
vt 0 0
vt 0 0
vt 0 0
vt 0 0
vt 0 0
vt 0 0
vt 0 0
vt 0 0
vt 0 0
vt 0 0
vt 0 0
vt 0 0
vt 0 0
vt 0 0
vt 0 0
vt 0 0
vt 0 0
vt 0 0
vt 0 0
vt 0 0
vt 0 0
vt 0 0
vt 0 0
vt 0 0
vt 0 0
vt 0 0
vt 0 0
vt 0 0
vt 0 0
vt 0 0
vt 0 0
vt 0 0
vt 0 0
vt 0 0
vt 0 0
vt 0 0
vt 0 0
vt 0 0
vt 0 0
vt 0 0
vt 0 0
vt 0 0
vt 0 0
vt 0 0
vt 0 0
vt 0 0
vt 0 0
vt 0 0
vt 0 0
vt 0 0
vt 0 0
vt 0 0
vt 0 0
vt 0 0
vt 0 0
vt 0 0
vt 0 0
vt 0 0
vt 0 0
vt 0 0
vt 0 0
vt 0 0
vt 0 0
vt 0 0
vt 0 0
vt 0 0
vt 0 0
vt 0 0
vt 0 0
vt 0 0
vt 0 0
vt 0 0
vt 0 0
vt 0 0
vt 0 0
vt 0 0
vt 0 0
vt 0 0
vt 0 0
vt 0 0
vt 0 0
vt 0 0
vt 0 0
vt 0 0
vt 0 0
vt 0 0
vt 0 0
vt 0 0
vt 0 0
vt 0 0
vt 0 0
vt 0 0
vt 0 0
vt 0 0
vt 0 0
vt 0 0
vt 0 0
vt 0 0
vt 0 0
vt 0 0
vt 0 0
vt 0 0
vt 0 0
vt 0 0
vt 0 0
vt 0 0
vt 0 0
vt 0 0
vt 0 0
vt 0 0
vt 0 0
vt 0 0
vt 0 0
vt 0 0
vt 0 0
vt 0 0
vt 0 0
vt 0 0
vt 0 0
vt 0 0
vt 0 0
vt 0 0
vt 0 0
vt 0 0
vt 0 0
vt 0 0
vt 0 0
vt 0 0
vt 0 0
vt 0 0
vt 0 0
vt 0 0
vt 0 0
vt 0 0
vt 0 0
vt 0 0
vt 0 0
vt 0 0
vt 0 0
vt 0 0
vt 0 0
vt 0 0
vt 0 0
vt 0 0
vt 0 0
vt 0 0
vt 0 0
vt 0 0
vt 0 0
vt 0 0
vt 0 0
vt 0 0
vt 0 0
vt 0 0
vt 0 0
vt 0 0
vt 0 0
vt 0 0
vt 0 0
vt 0 0
vt 0 0
vt 0 0
vt 0 0
vt 0 0
vt 0 0
vt 0 0
vt 0 0
vt 0 0
vt 0 0
vt 0 0
vt 0 0
vt 0 0
vt 0 0
vt 0 0
vt 0 0
vt 0 0
vt 0 0
vt 0 0
vt 0 0
vt 0 0
vt 0 0
vt 0 0
vt 0 0
vt 0 0
vt 0 0
vt 0 0
vt 0 0
vt 0 0
vt 0 0
vt 0 0
vt 0 0
vt 0 0
vt 0 0
vt 0 0
vt 0 0
vt 0 0
vt 0 0
vt 0 0
vt 0 0
vt 0 0
vt 0 0
vt 0 0
vt 0 0
vt 0 0
vt 0 0
vt 0 0
vt 0 0
vt 0 0
vt 0 0
vt 0 0
vt 0 0
vt 0 0
vt 0 0
vt 0 0
vt 0 0
vt 0 0
vt 0 0
vt 0 0
vt 0 0
vt 0 0
vt 0 0
vt 0 0
vt 0 0
vt 0 0
vt 0 0
vt 0 0
vt 0 0
vt 0 0
vt 0 0
vt 0 0
vt 0 0
vt 0 0
vt 0 0
vt 0 0
vt 0 0
vt 0 0
vt 0 0
vt 0 0
vt 0 0
vt 0 0
vt 0 0
vt 0 0
vt 0 0
vt 0 0
vt 0 0
vt 0 0
vt 0 0
vt 0 0
vt 0 0
vt 0 0
vt 0 0
vt 0 0
vt 0 0
vt 0 0
vt 0 0
vt 0 0
vt 0 0
vt 0 0
vt 0 0
vt 0 0
vt 0 0
vt 0 0
vt 0 0
vt 0 0
vt 0 0
vt 0 0
vt 0 0
vt 0 0
vt 0 0
vt 0 0
vt 0 0
vt 0 0
vt 0 0
vt 0 0
vt 0 0
vt 0 0
vt 0 0
vt 0 0
vt 0 0
vt 0 0
vt 0 0
vt 0 0
vt 0 0
vt 0 0
vt 0 0
vt 0 0
vt 0 0
vt 0 0
vt 0 0
vt 0 0
vt 0 0
vt 0 0
vt 0 0
vt 0 0
vt 0 0
vt 0 0
vt 0 0
vt 0 0
vt 0 0
vt 0 0
vt 0 0
vt 0 0
vt 0 0
vt 0 0
vt 0 0
vt 0 0
vt 0 0
vt 0 0
vt 0 0
vt 0 0
vt 0 0
vt 0 0
vt 0 0
vt 0 0
vt 0 0
vt 0 0
vt 0 0
vt 0 0
vt 0 0
vt 0 0
vt 0 0
vt 0 0
vt 0 0
vt 0 0
vt 0 0
vt 0 0
vt 0 0
vt 0 0
vt 0 0
vt 0 0
vt 0 0
vt 0 0
vt 0 0
vt 0 0
vt 0 0
vt 0 0
vt 0 0
vt 0 0
vt 0 0
vt 0 0
vt 0 0
vt 0 0
vt 0 0
vt 0 0
vt 0 0
vt 0 0
vt 0 0
vt 0 0
vt 0 0
vt 0 0
vt 0 0
vt 0 0
vt 0 0
vt 0 0
vt 0 0
vt 0 0
vt 0 0
vt 0 0
vt 0 0
vt 0 0
vt 0 0
vt 0 0
vt 0 0
vt 0 0
vt 0 0
vt 0 0
vt 0 0
vt 0 0
vt 0 0
vt 0 0
vt 0 0
vt 0 0
vt 0 0
vt 0 0
vt 0 0
vt 0 0
vt 0 0
vt 0 0
vt 0 0
vt 0 0
vt 0 0
vt 0 0
vt 0 0
vt 0 0
vt 0 0
vt 0 0
vt 0 0
vt 0 0
vt 0 0
vt 0 0
vt 0 0
vt 0 0
vt 0 0
vt 0 0
vt 0 0
vt 0 0
vt 0 0
vt 0 0
vt 0 0
vt 0 0
vt 0 0
vt 0 0
vt 0 0
vt 0 0
vt 0 0
vt 0 0
vt 0 0
vt 0 0
vt 0 0
vt 0 0
vt 0 0
vt 0 0
vt 0 0
vt 0 0
vt 0 0
vt 0 0
vt 0 0
vt 0 0
vt 0 0
vt 0 0
vt 0 0
vt 0 0
vt 0 0
vt 0 0
vt 0 0
vt 0 0
vt 0 0
vt 0 0
vt 0 0
vt 0 0
vt 0 0
vt 0 0
vt 0 0
vt 0 0
vt 0 0
vt 0 0
vt 0 0
vt 0 0
vt 0 0
vt 0 0
vt 0 0
vt 0 0
vt 0 0
vt 0 0
vt 0 0
vt 0 0
vt 0 0
vt 0 0
vt 0 0
vt 0 0
vt 0 0
vt 0 0
vt 0 0
vt 0 0
vt 0 0
vt 0 0
vt 0 0
vt 0 0
vt 0 0
vt 0 0
vt 0 0
vt 0 0
vt 0 0
vt 0 0
vt 0 0
vt 0 0
vt 0 0
vt 0 0
vt 0 0
vt 0 0
vt 0 0
vt 0 0
vt 0 0
vt 0 0
vt 0 0
vt 0 0
vt 0 0
vt 0 0
vt 0 0
vt 0 0
vt 0 0
vt 0 0
vt 0 0
vt 0 0
vt 0 0
vt 0 0
vt 0 0
vt 0 0
vt 0 0
vt 0 0
vt 0 0
vt 0 0
vt 0 0
vt 0 0
vt 0 0
vt 0 0
vt 0 0
vt 0 0
vt 0 0
vt 0 0
vt 0 0
vt 0 0
vt 0 0
vt 0 0
vt 0 0
vt 0 0
vt 0 0
vt 0 0
vt 0 0
vt 0 0
vt 0 0
vt 0 0
vt 0 0
vt 0 0
vt 0 0
vt 0 0
vt 0 0
vt 0 0
vt 0 0
vt 0 0
vt 0 0
vt 0 0
vt 0 0
vt 0 0
vt 0 0
vt 0 0
vt 0 0
vt 0 0
vt 0 0
vt 0 0
vt 0 0
vt 0 0
vt 0 0
vt 0 0
vt 0 0
vt 0 0
vt 0 0
vt 0 0
vt 0 0
vt 0 0
vt 0 0
vt 0 0
vt 0 0
vt 0 0
vt 0 0
vt 0 0
vt 0 0
vt 0 0
vt 0 0
vt 0 0
vt 0 0
vt 0 0
vt 0 0
vt 0 0
vt 0 0
vt 0 0
vt 0 0
vt 0 0
vt 0 0
vt 0 0
vt 0 0
vt 0 0
vt 0 0
vt 0 0
vt 0 0
vt 0 0
vt 0 0
vt 0 0
vt 0 0
vt 0 0
vt 0 0
vt 0 0
vt 0 0
vt 0 0
vt 0 0
vt 0 0
vt 0 0
vt 0 0
vt 0 0
vt 0 0
vt 0 0
vt 0 0
vt 0 0
vt 0 0
vt 0 0
vt 0 0
vt 0 0
vt 0 0
vt 0 0
vt 0 0
vt 0 0
vt 0 0
vt 0 0
vt 0 0
vt 0 0
vt 0 0
vt 0 0
vt 0 0
vt 0 0
vt 0 0
vt 0 0
vt 0 0
vt 0 0
vt 0 0
vt 0 0
vt 0 0
vt 0 0
vt 0 0
vt 0 0
vt 0 0
vt 0 0
vt 0 0
vt 0 0
vt 0 0
vt 0 0
vt 0 0
vt 0 0
vt 0 0
vt 0 0
vt 0 0
vt 0 0
vt 0 0
vt 0 0
vt 0 0
vt 0 0
vt 0 0
vt 0 0
vt 0 0
vt 0 0
vt 0 0
vt 0 0
vt 0 0
vt 0 0
vt 0 0
vt 0 0
vt 0 0
vt 0 0
vt 0 0
vt 0 0
vt 0 0
vt 0 0
vt 0 0
vt 0 0
vt 0 0
vt 0 0
vt 0 0
vt 0 0
vt 0 0
vt 0 0
vt 0 0
vt 0 0
vt 0 0
vt 0 0
vt 0 0
vt 0 0
vt 0 0
vt 0 0
vt 0 0
vt 0 0
vt 0 0
vt 0 0
vt 0 0
vt 0 0
vt 0 0
vt 0 0
vt 0 0
vt 0 0
vt 0 0
vt 0 0
vt 0 0
vt 0 0
vt 0 0
vt 0 0
vt 0 0
vt 0 0
vt 0 0
vt 0 0
vt 0 0
vt 0 0
vt 0 0
vt 0 0
vt 0 0
vt 0 0
vt 0 0
vt 0 0
vt 0 0
vt 0 0
vt 0 0
vt 0 0
vt 0 0
vt 0 0
vt 0 0
vt 0 0
vt 0 0
vt 0 0
vt 0 0
vt 0 0
vt 0 0
vt 0 0
vt 0 0
vt 0 0
vt 0 0
vt 0 0
vt 0 0
vt 0 0
vt 0 0
vt 0 0
vt 0 0
vt 0 0
vt 0 0
vt 0 0
vt 0 0
vt 0 0
vt 0 0
vt 0 0
vt 0 0
vt 0 0
vt 0 0
vt 0 0
vt 0 0
vt 0 0
vt 0 0
vt 0 0
vt 0 0
vt 0 0
vt 0 0
vt 0 0
vt 0 0
vt 0 0
vt 0 0
vt 0 0
vt 0 0
vt 0 0
vt 0 0
vt 0 0
vt 0 0
vt 0 0
vt 0 0
vt 0 0
vt 0 0
vt 0 0
vt 0 0
vt 0 0
vt 0 0
vt 0 0
vt 0 0
vt 0 0
vt 0 0
vt 0 0
vt 0 0
vt 0 0
vt 0 0
vt 0 0
vt 0 0
vt 0 0
vt 0 0
vt 0 0
vt 0 0
vt 0 0
vt 0 0
vt 0 0
vt 0 0
vt 0 0
vt 0 0
vt 0 0
vt 0 0
vt 0 0
vt 0 0
vt 0 0
vt 0 0
vt 0 0
vt 0 0
vt 0 0
vt 0 0
vt 0 0
vt 0 0
vt 0 0
vt 0 0
vt 0 0
vt 0 0
vt 0 0
vt 0 0
vt 0 0
vt 0 0
vt 0 0
vt 0 0
vt 0 0
vt 0 0
vt 0 0
vt 0 0
vt 0 0
vt 0 0
vt 0 0
vt 0 0
vt 0 0
vt 0 0
vt 0 0
vt 0 0
vt 0 0
vt 0 0
vt 0 0
vt 0 0
vt 0 0
vt 0 0
vt 0 0
vt 0 0
vt 0 0
vt 0 0
vt 0 0
vt 0 0
vt 0 0
vt 0 0
vt 0 0
vt 0 0
vt 0 0
vt 0 0
vt 0 0
vt 0 0
vt 0 0
vt 0 0
vt 0 0
vt 0 0
vt 0 0
vt 0 0
vt 0 0
vt 0 0
vt 0 0
vt 0 0
vt 0 0
vt 0 0
vt 0 0
vt 0 0
vt 0 0
vt 0 0
vt 0 0
vt 0 0
vt 0 0
vt 0 0
vt 0 0
vt 0 0
vt 0 0
vt 0 0
vt 0 0
vt 0 0
vt 0 0
vt 0 0
vt 0 0
vt 0 0
vt 0 0
vt 0 0
vt 0 0
vt 0 0
vt 0 0
vt 0 0
vt 0 0
vt 0 0
vt 0 0
vt 0 0
vt 0 0
vt 0 0
vt 0 0
vt 0 0
vt 0 0
vt 0 0
vt 0 0
vt 0 0
vt 0 0
vt 0 0
vt 0 0
vt 0 0
vt 0 0
vt 0 0
vt 0 0
vt 0 0
vt 0 0
vt 0 0
vt 0 0
vt 0 0
vt 0 0
vt 0 0
vt 0 0
vt 0 0
vt 0 0
vt 0 0
vt 0 0
vt 0 0
vt 0 0
vt 0 0
vt 0 0
vt 0 0
vt 0 0
vt 0 0
vt 0 0
vt 0 0
vt 0 0
vt 0 0
vt 0 0
vt 0 0
vt 0 0
vt 0 0
vt 0 0
vt 0 0
vt 0 0
vt 0 0
vt 0 0
vt 0 0
vt 0 0
vt 0 0
vt 0 0
vt 0 0
vt 0 0
vt 0 0
vt 0 0
vt 0 0
vt 0 0
vt 0 0
vt 0 0
vt 0 0
vt 0 0
vt 0 0
vt 0 0
vt 0 0
vt 0 0
vt 0 0
vt 0 0
vt 0 0
vt 0 0
vt 0 0
vt 0 0
vt 0 0
vt 0 0
vt 0 0
vt 0 0
vt 0 0
vt 0 0
vt 0 0
vt 0 0
vt 0 0
vt 0 0
vt 0 0
vt 0 0
vt 0 0
vt 0 0
vt 0 0
vt 0 0
vt 0 0
vt 0 0
vt 0 0
vt 0 0
vt 0 0
vt 0 0
vt 0 0
vt 0 0
vt 0 0
vt 0 0
vt 0 0
vt 0 0
vt 0 0
vt 0 0
vt 0 0
vt 0 0
vt 0 0
vt 0 0
vt 0 0
vt 0 0
vt 0 0
vt 0 0
vt 0 0
vt 0 0
vt 0 0
vt 0 0
vt 0 0
vt 0 0
vt 0 0
vt 0 0
vt 0 0
vt 0 0
vt 0 0
vt 0 0
vt 0 0
vt 0 0
vt 0 0
vt 0 0
vt 0 0
vt 0 0
vt 0 0
vt 0 0
vt 0 0
vt 0 0
vt 0 0
vt 0 0
vt 0 0
vt 0 0
vt 0 0
vt 0 0
vt 0 0
vt 0 0
vt 0 0
vt 0 0
vt 0 0
vt 0 0
vt 0 0
vt 0 0
vt 0 0
vt 0 0
vt 0 0
vt 0 0
vt 0 0
vt 0 0
vt 0 0
vt 0 0
vt 0 0
vt 0 0
vt 0 0
vt 0 0
vt 0 0
vt 0 0
vt 0 0
vt 0 0
vt 0 0
vt 0 0
vt 0 0
vt 0 0
vt 0 0
vt 0 0
vt 0 0
vt 0 0
vt 0 0
vt 0 0
vt 0 0
vt 0 0
vt 0 0
vt 0 0
vt 0 0
vt 0 0
vt 0 0
vt 0 0
vt 0 0
vt 0 0
vt 0 0
vt 0 0
vt 0 0
vt 0 0
vt 0 0
vt 0 0
vt 0 0
vt 0 0
vt 0 0
vt 0 0
vt 0 0
vt 0 0
vt 0 0
vt 0 0
vt 0 0
vt 0 0
vt 0 0
vt 0 0
vt 0 0
vt 0 0
vt 0 0
vt 0 0
vt 0 0
vt 0 0
vt 0 0
vt 0 0
vt 0 0
vt 0 0
vt 0 0
vt 0 0
vt 0 0
vt 0 0
vt 0 0
vt 0 0
vt 0 0
vt 0 0
vt 0 0
vt 0 0
vt 0 0
vt 0 0
vt 0 0
vt 0 0
vt 0 0
vt 0 0
vt 0 0
vt 0 0
vt 0 0
vt 0 0
vt 0 0
vt 0 0
vt 0 0
vt 0 0
vt 0 0
vt 0 0
vt 0 0
vt 0 0
vt 0 0
vt 0 0
vt 0 0
vt 0 0
vt 0 0
vt 0 0
vt 0 0
vt 0 0
vt 0 0
vt 0 0
vt 0 0
vt 0 0
vt 0 0
vt 0 0
vt 0 0
vt 0 0
vt 0 0
vt 0 0
vt 0 0
vt 0 0
vt 0 0
vt 0 0
vt 0 0
vt 0 0
vt 0 0
vt 0 0
vt 0 0
vt 0 0
vt 0 0
vt 0 0
vt 0 0
vt 0 0
vt 0 0
vt 0 0
vt 0 0
vt 0 0
vt 0 0
vt 0 0
vt 0 0
vt 0 0
vt 0 0
vt 0 0
vt 0 0
vt 0 0
vt 0 0
vt 0 0
vt 0 0
vt 0 0
vt 0 0
vt 0 0
vt 0 0
vt 0 0
vt 0 0
vt 0 0
vt 0 0
vt 0 0
vt 0 0
vt 0 0
vt 0 0
vt 0 0
vt 0 0
vt 0 0
vt 0 0
vt 0 0
vt 0 0
vt 0 0
vt 0 0
vt 0 0
vt 0 0
vt 0 0
vt 0 0
vt 0 0
vt 0 0
vt 0 0
vt 0 0
vt 0 0
vt 0 0
vt 0 0
vt 0 0
vt 0 0
vt 0 0
vt 0 0
vt 0 0
vt 0 0
vt 0 0
vt 0 0
vt 0 0
vt 0 0
vt 0 0
vt 0 0
vt 0 0
vt 0 0
vt 0 0
vt 0 0
vt 0 0
vt 0 0
vt 0 0
vt 0 0
vt 0 0
vt 0 0
vt 0 0
vt 0 0
vt 0 0
vt 0 0
vt 0 0
vt 0 0
vt 0 0
vt 0 0
vt 0 0
vt 0 0
vt 0 0
vt 0 0
vt 0 0
vt 0 0
vt 0 0
vt 0 0
vt 0 0
vt 0 0
vt 0 0
vt 0 0
vt 0 0
vt 0 0
vt 0 0
vt 0 0
vt 0 0
vt 0 0
vt 0 0
vt 0 0
vt 0 0
vt 0 0
vt 0 0
vt 0 0
vt 0 0
vt 0 0
vt 0 0
vt 0 0
vt 0 0
vt 0 0
vt 0 0
vt 0 0
vt 0 0
vt 0 0
vt 0 0
vt 0 0
vt 0 0
vt 0 0
vt 0 0
vt 0 0
vt 0 0
vt 0 0
vt 0 0
vt 0 0
vt 0 0
vt 0 0
vt 0 0
vt 0 0
vt 0 0
vt 0 0
vt 0 0
vt 0 0
vt 0 0
vt 0 0
vt 0 0
vt 0 0
vt 0 0
vt 0 0
vt 0 0
vt 0 0
vt 0 0
vt 0 0
vt 0 0
vt 0 0
vt 0 0
vt 0 0
vt 0 0
vt 0 0
vt 0 0
vt 0 0
vt 0 0
vt 0 0
vt 0 0
vt 0 0
vt 0 0
vt 0 0
vt 0 0
vt 0 0
vt 0 0
vt 0 0
vt 0 0
vt 0 0
vt 0 0
vt 0 0
vt 0 0
vt 0 0
vt 0 0
vt 0 0
vt 0 0
vt 0 0
vt 0 0
vt 0 0
vt 0 0
vt 0 0
vt 0 0
vt 0 0
vt 0 0
vt 0 0
vt 0 0
vt 0 0
vt 0 0
vt 0 0
vt 0 0
vt 0 0
vt 0 0
vt 0 0
vt 0 0
vt 0 0
vt 0 0
vt 0 0
vt 0 0
vt 0 0
vt 0 0
vt 0 0
vt 0 0
vt 0 0
vt 0 0
vt 0 0
vt 0 0
vt 0 0
vt 0 0
vt 0 0
vt 0 0
vt 0 0
vt 0 0
vt 0 0
vt 0 0
vt 0 0
vt 0 0
vt 0 0
vt 0 0
vt 0 0
vt 0 0
vt 0 0
vt 0 0
vt 0 0
vt 0 0
vt 0 0
vt 0 0
vt 0 0
vt 0 0
vt 0 0
vt 0 0
vt 0 0
vt 0 0
vt 0 0
vt 0 0
vt 0 0
vt 0 0
vt 0 0
vt 0 0
vt 0 0
vt 0 0
vt 0 0
vt 0 0
vt 0 0
vt 0 0
vt 0 0
vt 0 0
vt 0 0
vt 0 0
vt 0 0
vt 0 0
vt 0 0
vt 0 0
vt 0 0
vt 0 0
vt 0 0
vt 0 0
vt 0 0
vt 0 0
vt 0 0
vt 0 0
vt 0 0
vt 0 0
vt 0 0
vt 0 0
vt 0 0
vt 0 0
vt 0 0
vt 0 0
vt 0 0
vt 0 0
vt 0 0
vt 0 0
vt 0 0
vt 0 0
vt 0 0
vt 0 0
vt 0 0
vt 0 0
vt 0 0
vt 0 0
vt 0 0
vt 0 0
vt 0 0
vt 0 0
vt 0 0
vt 0 0
vt 0 0
vt 0 0
vt 0 0
vt 0 0
vt 0 0
vt 0 0
vt 0 0
vt 0 0
vt 0 0
vt 0 0
vt 0 0
vt 0 0
vt 0 0
vt 0 0
vt 0 0
vt 0 0
vt 0 0
vt 0 0
vt 0 0
vt 0 0
vt 0 0
vt 0 0
vt 0 0
vt 0 0
vt 0 0
vt 0 0
vt 0 0
vt 0 0
vt 0 0
vt 0 0
vt 0 0
vt 0 0
vt 0 0
vt 0 0
vt 0 0
vt 0 0
vt 0 0
vt 0 0
vt 0 0
vt 0 0
vt 0 0
vt 0 0
vt 0 0
vt 0 0
vt 0 0
vt 0 0
vt 0 0
vt 0 0
vt 0 0
vt 0 0
vt 0 0
vt 0 0
vt 0 0
vt 0 0
vt 0 0
vt 0 0
vt 0 0
vt 0 0
vt 0 0
vt 0 0
vt 0 0
vt 0 0
vt 0 0
vt 0 0
vt 0 0
vt 0 0
vt 0 0
vt 0 0
vt 0 0
vt 0 0
vt 0 0
vt 0 0
vt 0 0
vt 0 0
vt 0 0
vt 0 0
vt 0 0
vt 0 0
vt 0 0
vt 0 0
vt 0 0
vt 0 0
vt 0 0
vt 0 0
vt 0 0
vt 0 0
vt 0 0
vt 0 0
vt 0 0
vt 0 0
vt 0 0
vt 0 0
vt 0 0
vt 0 0
vt 0 0
vt 0 0
vt 0 0
vt 0 0
vt 0 0
vt 0 0
vt 0 0
vt 0 0
vt 0 0
vt 0 0
vt 0 0
vt 0 0
vt 0 0
vt 0 0
vt 0 0
vt 0 0
vt 0 0
vt 0 0
vt 0 0
vt 0 0
vt 0 0
vt 0 0
vt 0 0
vt 0 0
vt 0 0
vt 0 0
vt 0 0
vt 0 0
vt 0 0
vt 0 0
vt 0 0
vt 0 0
vt 0 0
vt 0 0
vt 0 0
vt 0 0
vt 0 0
vt 0 0
vt 0 0
vt 0 0
vt 0 0
vt 0 0
vt 0 0
vt 0 0
vt 0 0
vt 0 0
vt 0 0
vt 0 0
vt 0 0
vt 0 0
vt 0 0
vt 0 0
vt 0 0
vt 0 0
vt 0 0
vt 0 0
vt 0 0
vt 0 0
vt 0 0
vt 0 0
vt 0 0
vt 0 0
vt 0 0
vt 0 0
vt 0 0
vt 0 0
vt 0 0
vt 0 0
vt 0 0
vt 0 0
vt 0 0
vt 0 0
vt 0 0
vt 0 0
vt 0 0
vt 0 0
vt 0 0
vt 0 0
vt 0 0
vt 0 0
vt 0 0
vt 0 0
vt 0 0
vt 0 0
vt 0 0
vt 0 0
vt 0 0
vt 0 0
vt 0 0
vt 0 0
vt 0 0
vt 0 0
vt 0 0
vt 0 0
vt 0 0
vt 0 0
vt 0 0
vt 0 0
vt 0 0
vt 0 0
vt 0 0
vt 0 0
vt 0 0
vt 0 0
vt 0 0
vt 0 0
vt 0 0
vt 0 0
vt 0 0
vt 0 0
vt 0 0
vt 0 0
vt 0 0
vt 0 0
vt 0 0
vt 0 0
vt 0 0
vt 0 0
vt 0 0
vt 0 0
vt 0 0
vt 0 0
vt 0 0
vt 0 0
vt 0 0
vt 0 0
vt 0 0
vt 0 0
vt 0 0
vt 0 0
vt 0 0
vt 0 0
vt 0 0
vt 0 0
vt 0 0
vt 0 0
vt 0 0
vt 0 0
vt 0 0
vt 0 0
vt 0 0
vt 0 0
vt 0 0
vt 0 0
vt 0 0
vt 0 0
vt 0 0
vt 0 0
vt 0 0
vt 0 0
vt 0 0
vt 0 0
vt 0 0
vt 0 0
vt 0 0
vt 0 0
vt 0 0
vt 0 0
vt 0 0
vt 0 0
vt 0 0
vt 0 0
vt 0 0
vt 0 0
vt 0 0
vt 0 0
vt 0 0
vt 0 0
vt 0 0
vt 0 0
vt 0 0
vt 0 0
vt 0 0
vt 0 0
vt 0 0
vt 0 0
vt 0 0
vt 0 0
vt 0 0
vt 0 0
vt 0 0
vt 0 0
vt 0 0
vt 0 0
vt 0 0
vt 0 0
vt 0 0
vt 0 0
vt 0 0
vt 0 0
vt 0 0
vt 0 0
vt 0 0
vt 0 0
vt 0 0
vt 0 0
vt 0 0
vt 0 0
vt 0 0
vt 0 0
vt 0 0
vt 0 0
vt 0 0
vt 0 0
vt 0 0
vt 0 0
vt 0 0
vt 0 0
vt 0 0
vt 0 0
vt 0 0
vt 0 0
vt 0 0
vt 0 0
vt 0 0
vt 0 0
vt 0 0
vt 0 0
vt 0 0
vt 0 0
vt 0 0
vt 0 0
vt 0 0
vt 0 0
vt 0 0
vt 0 0
vt 0 0
vt 0 0
vt 0 0
vt 0 0
vt 0 0
vt 0 0
vt 0 0
vt 0 0
vt 0 0
vt 0 0
vt 0 0
vt 0 0
vt 0 0
vt 0 0
vt 0 0
vt 0 0
vt 0 0
vt 0 0
vt 0 0
vt 0 0
vt 0 0
vt 0 0
vt 0 0
vt 0 0
vt 0 0
vt 0 0
vt 0 0
vt 0 0
vt 0 0
vt 0 0
vt 0 0
vt 0 0
vt 0 0
vt 0 0
vt 0 0
vt 0 0
vt 0 0
vt 0 0
vt 0 0
vt 0 0
vt 0 0
vt 0 0
vt 0 0
vt 0 0
vt 0 0
vt 0 0
vt 0 0
vt 0 0
vt 0 0
vt 0 0
vt 0 0
vt 0 0
vt 0 0
vt 0 0
vt 0 0
vt 0 0
vt 0 0
vt 0 0
vt 0 0
vt 0 0
vt 0 0
vt 0 0
vt 0 0
vt 0 0
vt 0 0
vt 0 0
vt 0 0
vt 0 0
vt 0 0
vt 0 0
vt 0 0
vt 0 0
vt 0 0
vt 0 0
vt 0 0
vt 0 0
vt 0 0
vt 0 0
vt 0 0
vt 0 0
vt 0 0
vt 0 0
vt 0 0
vt 0 0
vt 0 0
vt 0 0
vt 0 0
vt 0 0
vt 0 0
vt 0 0
vt 0 0
vt 0 0
vt 0 0
vt 0 0
vt 0 0
vt 0 0
vt 0 0
vt 0 0
vt 0 0
vt 0 0
vt 0 0
vt 0 0
vt 0 0
vt 0 0
vt 0 0
vt 0 0
vt 0 0
vt 0 0
vt 0 0
vt 0 0
vt 0 0
vt 0 0
vt 0 0
vt 0 0
vt 0 0
vt 0 0
vt 0 0
vt 0 0
vt 0 0
vt 0 0
vt 0 0
vt 0 0
vt 0 0
vt 0 0
vt 0 0
vt 0 0
vt 0 0
vt 0 0
vt 0 0
vt 0 0
vt 0 0
vt 0 0
vt 0 0
vt 0 0
vt 0 0
vt 0 0
vt 0 0
vt 0 0
vt 0 0
vt 0 0
vt 0 0
vt 0 0
vt 0 0
vt 0 0
vt 0 0
vt 0 0
vt 0 0
vt 0 0
vt 0 0
vt 0 0
vt 0 0
vt 0 0
vt 0 0
vt 0 0
vt 0 0
vt 0 0
vt 0 0
vt 0 0
vt 0 0
vt 0 0
vt 0 0
vt 0 0
vt 0 0
vt 0 0
vt 0 0
vt 0 0
vt 0 0
vt 0 0
vt 0 0
vt 0 0
vt 0 0
vt 0 0
vt 0 0
vt 0 0
vt 0 0
vt 0 0
vt 0 0
vt 0 0
vt 0 0
vt 0 0
vt 0 0
vt 0 0
vt 0 0
vt 0 0
vt 0 0
vt 0 0
vt 0 0
vt 0 0
vt 0 0
vt 0 0
vt 0 0
vt 0 0
vt 0 0
vt 0 0
vt 0 0
vt 0 0
vt 0 0
vt 0 0
vt 0 0
vt 0 0
vt 0 0
vt 0 0
vt 0 0
vt 0 0
vt 0 0
vt 0 0
vt 0 0
vt 0 0
vt 0 0
vt 0 0
vt 0 0
vt 0 0
vt 0 0
vt 0 0
vt 0 0
vt 0 0
vt 0 0
vt 0 0
vt 0 0
vt 0 0
vt 0 0
vt 0 0
vt 0 0
vt 0 0
vt 0 0
vt 0 0
vt 0 0
vt 0 0
vt 0 0
vt 0 0
vt 0 0
vt 0 0
vt 0 0
vt 0 0
vt 0 0
vt 0 0
vt 0 0
vt 0 0
vt 0 0
vt 0 0
vt 0 0
vt 0 0
vt 0 0
vt 0 0
vt 0 0
vt 0 0
vt 0 0
vt 0 0
vt 0 0
vt 0 0
vt 0 0
vt 0 0
vt 0 0
vt 0 0
vt 0 0
vt 0 0
vt 0 0
vt 0 0
vt 0 0
vt 0 0
vt 0 0
vt 0 0
vt 0 0
vt 0 0
vt 0 0
vt 0 0
vt 0 0
vt 0 0
vt 0 0
vt 0 0
vt 0 0
vt 0 0
vt 0 0
vt 0 0
vt 0 0
vt 0 0
vt 0 0
vt 0 0
vt 0 0
vt 0 0
vt 0 0
vt 0 0
vt 0 0
vt 0 0
vt 0 0
vt 0 0
vt 0 0
vt 0 0
vt 0 0
vt 0 0
vt 0 0
vt 0 0
vt 0 0
vt 0 0
vt 0 0
vt 0 0
vt 0 0
vt 0 0
vt 0 0
vt 0 0
vt 0 0
vt 0 0
vt 0 0
vt 0 0
vt 0 0
vt 0 0
vt 0 0
vt 0 0
vt 0 0
vt 0 0
vt 0 0
vt 0 0
vt 0 0
vt 0 0
vt 0 0
vt 0 0
vt 0 0
vt 0 0
vt 0 0
vt 0 0
vt 0 0
vt 0 0
vt 0 0
vt 0 0
vt 0 0
vt 0 0
vt 0 0
vt 0 0
vt 0 0
vt 0 0
vt 0 0
vt 0 0
vt 0 0
vt 0 0
vt 0 0
vt 0 0
vt 0 0
vt 0 0
vt 0 0
vt 0 0
vt 0 0
vt 0 0
vt 0 0
vt 0 0
vt 0 0
vt 0 0
vt 0 0
vt 0 0
vt 0 0
vt 0 0
vt 0 0
vt 0 0
vt 0 0
vt 0 0
vt 0 0
vt 0 0
vt 0 0
vt 0 0
vt 0 0
vt 0 0
vt 0 0
vt 0 0
vt 0 0
vt 0 0
vt 0 0
vt 0 0
vt 0 0
vt 0 0
vt 0 0
vt 0 0
vt 0 0
vt 0 0
vt 0 0
vt 0 0
vt 0 0
vt 0 0
vt 0 0
vt 0 0
vt 0 0
vt 0 0
vt 0 0
vt 0 0
vt 0 0
vt 0 0
vt 0 0
vt 0 0
vt 0 0
vt 0 0
vt 0 0
vt 0 0
vt 0 0
vt 0 0
vt 0 0
vt 0 0
vt 0 0
vt 0 0
vt 0 0
vt 0 0
vt 0 0
vt 0 0
vt 0 0
vt 0 0
vt 0 0
vt 0 0
vt 0 0
vt 0 0
vt 0 0
vt 0 0
vt 0 0
vt 0 0
vt 0 0
vt 0 0
vt 0 0
vt 0 0
vt 0 0
vt 0 0
vt 0 0
vt 0 0
vt 0 0
vt 0 0
vt 0 0
vt 0 0
vt 0 0
vt 0 0
vt 0 0
vt 0 0
vt 0 0
vt 0 0
vt 0 0
vt 0 0
vt 0 0
vt 0 0
vt 0 0
vt 0 0
vt 0 0
vt 0 0
vt 0 0
vt 0 0
vt 0 0
vt 0 0
vt 0 0
vt 0 0
vt 0 0
vt 0 0
vt 0 0
vt 0 0
vt 0 0
vt 0 0
vt 0 0
vt 0 0
vt 0 0
vt 0 0
vt 0 0
vt 0 0
vt 0 0
vt 0 0
vt 0 0
vt 0 0
vt 0 0
vt 0 0
vt 0 0
vt 0 0
vt 0 0
vt 0 0
vt 0 0
vt 0 0
vt 0 0
vt 0 0
vt 0 0
vt 0 0
vt 0 0
vt 0 0
vt 0 0
vt 0 0
vt 0 0
vt 0 0
vt 0 0
vt 0 0
vt 0 0
vt 0 0
vt 0 0
vt 0 0
vt 0 0
vt 0 0
vt 0 0
vt 0 0
vt 0 0
vt 0 0
vt 0 0
vt 0 0
vt 0 0
vt 0 0
vt 0 0
vt 0 0
vt 0 0
vt 0 0
vt 0 0
vt 0 0
vt 0 0
vt 0 0
vt 0 0
vt 0 0
vt 0 0
vt 0 0
vt 0 0
vt 0 0
vt 0 0
vt 0 0
vt 0 0
vt 0 0
vt 0 0
vt 0 0
vt 0 0
vt 0 0
vt 0 0
vt 0 0
vt 0 0
vt 0 0
vt 0 0
vt 0 0
vt 0 0
vt 0 0
vt 0 0
vt 0 0
vt 0 0
vt 0 0
vt 0 0
vt 0 0
vt 0 0
vt 0 0
vt 0 0
vt 0 0
vt 0 0
vt 0 0
vt 0 0
vt 0 0
vt 0 0
vt 0 0
vt 0 0
vt 0 0
vt 0 0
vt 0 0
vt 0 0
vt 0 0
vt 0 0
vt 0 0
vt 0 0
vt 0 0
vt 0 0
vt 0 0
vt 0 0
vt 0 0
vt 0 0
vt 0 0
vt 0 0
vt 0 0
vt 0 0
vt 0 0
vt 0 0
vt 0 0
vt 0 0
vt 0 0
vt 0 0
vt 0 0
vt 0 0
vt 0 0
vt 0 0
vt 0 0
vt 0 0
vt 0 0
vt 0 0
vt 0 0
vt 0 0
vt 0 0
vt 0 0
vt 0 0
vt 0 0
vt 0 0
vt 0 0
vt 0 0
vt 0 0
vt 0 0
vt 0 0
vt 0 0
vt 0 0
vt 0 0
vt 0 0
vt 0 0
vt 0 0
vt 0 0
vt 0 0
vt 0 0
vt 0 0
vt 0 0
vt 0 0
vt 0 0
vt 0 0
vt 0 0
vt 0 0
vt 0 0
vt 0 0
vt 0 0
vt 0 0
vt 0 0
vt 0 0
vt 0 0
vt 0 0
vt 0 0
vt 0 0
vt 0 0
vt 0 0
vt 0 0
vt 0 0
vt 0 0
vt 0 0
vt 0 0
vt 0 0
vt 0 0
vt 0 0
vt 0 0
vt 0 0
vt 0 0
vt 0 0
vt 0 0
vt 0 0
vt 0 0
vt 0 0
vt 0 0
vt 0 0
vt 0 0
vt 0 0
vt 0 0
vt 0 0
vt 0 0
vt 0 0
vt 0 0
vt 0 0
vt 0 0
vt 0 0
vt 0 0
vt 0 0
vt 0 0
vt 0 0
vt 0 0
vt 0 0
vt 0 0
vt 0 0
vt 0 0
vt 0 0
vt 0 0
vt 0 0
vt 0 0
vt 0 0
vt 0 0
vt 0 0
vt 0 0
vt 0 0
vt 0 0
vt 0 0
vt 0 0
vt 0 0
vt 0 0
vt 0 0
vt 0 0
vt 0 0
vt 0 0
vt 0 0
vt 0 0
vt 0 0
vt 0 0
vt 0 0
vt 0 0
vt 0 0
vt 0 0
vt 0 0
vt 0 0
vt 0 0
vt 0 0
vt 0 0
vt 0 0
vt 0 0
vt 0 0
vt 0 0
vt 0 0
vt 0 0
vt 0 0
vt 0 0
vt 0 0
vt 0 0
vt 0 0
vt 0 0
vt 0 0
vt 0 0
vt 0 0
vt 0 0
vt 0 0
vt 0 0
vt 0 0
vt 0 0
vt 0 0
vt 0 0
vt 0 0
vt 0 0
vt 0 0
vt 0 0
vt 0 0
vt 0 0
vt 0 0
vt 0 0
vt 0 0
vt 0 0
vt 0 0
vt 0 0
vt 0 0
vt 0 0
vt 0 0
vt 0 0
vt 0 0
vt 0 0
vt 0 0
vt 0 0
vt 0 0
vt 0 0
vt 0 0
vt 0 0
vt 0 0
vt 0 0
vt 0 0
vt 0 0
vt 0 0
vt 0 0
vt 0 0
vt 0 0
vt 0 0
vt 0 0
vt 0 0
vt 0 0
vt 0 0
vt 0 0
vt 0 0
vt 0 0
vt 0 0
vt 0 0
vt 0 0
vt 0 0
vt 0 0
vt 0 0
vt 0 0
vt 0 0
vt 0 0
vt 0 0
vt 0 0
vt 0 0
vt 0 0
vt 0 0
vt 0 0
vt 0 0
vt 0 0
vt 0 0
vt 0 0
vt 0 0
vt 0 0
vt 0 0
vt 0 0
vt 0 0
vt 0 0
vt 0 0
vt 0 0
vt 0 0
vt 0 0
vt 0 0
vt 0 0
vt 0 0
vt 0 0
vt 0 0
vt 0 0
vt 0 0
vt 0 0
vt 0 0
vt 0 0
vt 0 0
vt 0 0
vt 0 0
vt 0 0
vt 0 0
vt 0 0
vt 0 0
vt 0 0
vt 0 0
vt 0 0
vt 0 0
vt 0 0
vt 0 0
vt 0 0
vt 0 0
vt 0 0
vt 0 0
vt 0 0
vt 0 0
vt 0 0
vt 0 0
vt 0 0
vt 0 0
vt 0 0
vt 0 0
vt 0 0
vt 0 0
vt 0 0
vt 0 0
vt 0 0
vt 0 0
vt 0 0
vt 0 0
vt 0 0
vt 0 0
vt 0 0
vt 0 0
vt 0 0
vt 0 0
vt 0 0
vt 0 0
vt 0 0
vt 0 0
vt 0 0
vt 0 0
vt 0 0
vt 0 0
vt 0 0
vt 0 0
vt 0 0
vt 0 0
vt 0 0
vt 0 0
vt 0 0
vt 0 0
vt 0 0
vt 0 0
vt 0 0
vt 0 0
vt 0 0
vt 0 0
vt 0 0
vt 0 0
vt 0 0
vt 0 0
vt 0 0
vt 0 0
vt 0 0
vt 0 0
vt 0 0
vt 0 0
vt 0 0
vt 0 0
vt 0 0
vt 0 0
vt 0 0
vt 0 0
vt 0 0
vt 0 0
vt 0 0
vt 0 0
vt 0 0
vt 0 0
vt 0 0
vt 0 0
vt 0 0
vt 0 0
vt 0 0
vt 0 0
vt 0 0
vt 0 0
vt 0 0
vt 0 0
vt 0 0
vt 0 0
vt 0 0
vt 0 0
vt 0 0
vt 0 0
vt 0 0
vt 0 0
vt 0 0
vt 0 0
vt 0 0
vt 0 0
vt 0 0
vt 0 0
vt 0 0
vt 0 0
vt 0 0
vt 0 0
vt 0 0
vt 0 0
vt 0 0
vt 0 0
vt 0 0
vt 0 0
vt 0 0
vt 0 0
vt 0 0
vt 0 0
vt 0 0
vt 0 0
vt 0 0
vt 0 0
vt 0 0
vt 0 0
vt 0 0
vt 0 0
vt 0 0
vt 0 0
vt 0 0
vt 0 0
vt 0 0
vt 0 0
vt 0 0
vt 0 0
vt 0 0
vt 0 0
vt 0 0
vt 0 0
vt 0 0
vt 0 0
vt 0 0
vt 0 0
vt 0 0
vt 0 0
vt 0 0
vt 0 0
vt 0 0
vt 0 0
vt 0 0
vt 0 0
vt 0 0
vt 0 0
vt 0 0
vt 0 0
vt 0 0
vt 0 0
vt 0 0
vt 0 0
vt 0 0
vt 0 0
vt 0 0
vt 0 0
vt 0 0
vt 0 0
vt 0 0
vt 0 0
vt 0 0
vt 0 0
vt 0 0
vt 0 0
vt 0 0
vt 0 0
vt 0 0
vt 0 0
vt 0 0
vt 0 0
vt 0 0
vt 0 0
vt 0 0
vt 0 0
vt 0 0
vt 0 0
vt 0 0
vt 0 0
vt 0 0
vt 0 0
vt 0 0
vt 0 0
vt 0 0
vt 0 0
vt 0 0
vt 0 0
vt 0 0
vt 0 0
vt 0 0
vt 0 0
vt 0 0
vt 0 0
vt 0 0
vt 0 0
vt 0 0
vt 0 0
vt 0 0
vt 0 0
vt 0 0
vt 0 0
vt 0 0
vt 0 0
vt 0 0
vt 0 0
vt 0 0
vt 0 0
vt 0 0
vt 0 0
vt 0 0
vt 0 0
vt 0 0
vt 0 0
vt 0 0
vt 0 0
vt 0 0
vt 0 0
vt 0 0
vt 0 0
vt 0 0
vt 0 0
vt 0 0
vt 0 0
vt 0 0
vt 0 0
vt 0 0
vt 0 0
vt 0 0
vt 0 0
vt 0 0
vt 0 0
vt 0 0
vt 0 0
vt 0 0
vt 0 0
vt 0 0
vt 0 0
vt 0 0
vt 0 0
vt 0 0
vt 0 0
vt 0 0
vt 0 0
vt 0 0
vt 0 0
vt 0 0
vt 0 0
vt 0 0
vt 0 0
vt 0 0
vt 0 0
vt 0 0
vt 0 0
vt 0 0
vt 0 0
vt 0 0
vt 0 0
vt 0 0
vt 0 0
vt 0 0
vt 0 0
vt 0 0
vt 0 0
vt 0 0
vt 0 0
vt 0 0
vt 0 0
vt 0 0
vt 0 0
vt 0 0
vt 0 0
vt 0 0
vt 0 0
vt 0 0
vt 0 0
vt 0 0
vt 0 0
vt 0 0
vt 0 0
vt 0 0
vt 0 0
vt 0 0
vt 0 0
vt 0 0
vt 0 0
vt 0 0
vt 0 0
vt 0 0
vt 0 0
vt 0 0
vt 0 0
vt 0 0
vt 0 0
vt 0 0
vt 0 0
vt 0 0
vt 0 0
vt 0 0
vt 0 0
vt 0 0
vt 0 0
vt 0 0
vt 0 0
vt 0 0
vt 0 0
vt 0 0
vt 0 0
vt 0 0
vt 0 0
vt 0 0
vt 0 0
vt 0 0
vt 0 0
vt 0 0
vt 0 0
vt 0 0
vt 0 0
vt 0 0
vt 0 0
vt 0 0
vt 0 0
vt 0 0
vt 0 0
vt 0 0
vt 0 0
vt 0 0
vt 0 0
vt 0 0
vt 0 0
vt 0 0
vt 0 0
vt 0 0
vt 0 0
vt 0 0
vt 0 0
vt 0 0
vt 0 0
vt 0 0
vt 0 0
vt 0 0
vt 0 0
vt 0 0
vt 0 0
vt 0 0
vt 0 0
vt 0 0
vt 0 0
vt 0 0
vt 0 0
vt 0 0
vt 0 0
vt 0 0
vt 0 0
vt 0 0
vt 0 0
vt 0 0
vt 0 0
vt 0 0
vt 0 0
vt 0 0
vt 0 0
vt 0 0
vt 0 0
vt 0 0
vt 0 0
vt 0 0
vt 0 0
vt 0 0
vt 0 0
vt 0 0
vt 0 0
vt 0 0
vt 0 0
vt 0 0
vt 0 0
vt 0 0
vt 0 0
vt 0 0
vt 0 0
vt 0 0
vt 0 0
vt 0 0
vt 0 0
vt 0 0
vt 0 0
vt 0 0
vt 0 0
vt 0 0
vt 0 0
vt 0 0
vt 0 0
vt 0 0
vt 0 0
vt 0 0
vt 0 0
vt 0 0
vt 0 0
vt 0 0
vt 0 0
vt 0 0
vt 0 0
vt 0 0
vt 0 0
vt 0 0
vt 0 0
vt 0 0
vt 0 0
vt 0 0
vt 0 0
vt 0 0
vt 0 0
vt 0 0
vt 0 0
vt 0 0
vt 0 0
vt 0 0
vt 0 0
vt 0 0
vt 0 0
vt 0 0
vt 0 0
vt 0 0
vt 0 0
vt 0 0
vt 0 0
vt 0 0
vt 0 0
vt 0 0
vt 0 0
vt 0 0
vt 0 0
vt 0 0
vt 0 0
vt 0 0
vt 0 0
vt 0 0
vt 0 0
vt 0 0
vt 0 0
vt 0 0
vt 0 0
vt 0 0
vt 0 0
vt 0 0
vt 0 0
vt 0 0
vt 0 0
vt 0 0
vt 0 0
vt 0 0
vt 0 0
vt 0 0
vt 0 0
vt 0 0
vt 0 0
vt 0 0
vt 0 0
vt 0 0
vt 0 0
vt 0 0
vt 0 0
vt 0 0
vt 0 0
vt 0 0
vt 0 0
vt 0 0
vt 0 0
vt 0 0
vt 0 0
vt 0 0
vt 0 0
vt 0 0
vt 0 0
vt 0 0
vt 0 0
vt 0 0
vt 0 0
vt 0 0
vt 0 0
vt 0 0
vt 0 0
vt 0 0
vt 0 0
vt 0 0
vt 0 0
vt 0 0
vt 0 0
vt 0 0
vt 0 0
vt 0 0
vt 0 0
vt 0 0
vt 0 0
vt 0 0
vt 0 0
vt 0 0
vt 0 0
vt 0 0
vt 0 0
vt 0 0
vt 0 0
vt 0 0
vt 0 0
vt 0 0
vt 0 0
vt 0 0
vt 0 0
vt 0 0
vt 0 0
vt 0 0
vt 0 0
vt 0 0
vt 0 0
vt 0 0
vt 0 0
vt 0 0
vt 0 0
vt 0 0
vt 0 0
vt 0 0
vt 0 0
vt 0 0
vt 0 0
vt 0 0
vt 0 0
vt 0 0
vt 0 0
vt 0 0
vt 0 0
vt 0 0
vt 0 0
vt 0 0
vt 0 0
vt 0 0
vt 0 0
vt 0 0
vt 0 0
vt 0 0
vt 0 0
vt 0 0
vt 0 0
vt 0 0
vt 0 0
vt 0 0
vt 0 0
vt 0 0
vt 0 0
vt 0 0
vt 0 0
vt 0 0
vt 0 0
vt 0 0
vt 0 0
vt 0 0
vt 0 0
vt 0 0
vt 0 0
vt 0 0
vt 0 0
vt 0 0
vt 0 0
vt 0 0
vt 0 0
vt 0 0
vt 0 0
vt 0 0
vt 0 0
vt 0 0
vt 0 0
vt 0 0
vt 0 0
vt 0 0
vt 0 0
vt 0 0
vt 0 0
vt 0 0
vt 0 0
vt 0 0
vt 0 0
vt 0 0
vt 0 0
vt 0 0
vt 0 0
vt 0 0
vt 0 0
vt 0 0
vt 0 0
vt 0 0
vt 0 0
vt 0 0
vt 0 0
vt 0 0
vt 0 0
vt 0 0
vt 0 0
vt 0 0
vt 0 0
vt 0 0
vt 0 0
vt 0 0
vt 0 0
vt 0 0
vt 0 0
vt 0 0
vt 0 0
vt 0 0
vt 0 0
vt 0 0
vt 0 0
vt 0 0
vt 0 0
vt 0 0
vt 0 0
vt 0 0
vt 0 0
vt 0 0
vt 0 0
vt 0 0
vt 0 0
vt 0 0
vt 0 0
vt 0 0
vt 0 0
vt 0 0
vt 0 0
vt 0 0
vt 0 0
vt 0 0
vt 0 0
vt 0 0
vt 0 0
vt 0 0
vt 0 0
vt 0 0
vt 0 0
vt 0 0
vt 0 0
vt 0 0
vt 0 0
vt 0 0
vt 0 0
vt 0 0
vt 0 0
vt 0 0
vt 0 0
vt 0 0
vt 0 0
vt 0 0
vt 0 0
vt 0 0
vt 0 0
vt 0 0
vt 0 0
vt 0 0
vt 0 0
vt 0 0
vt 0 0
vt 0 0
vt 0 0
vt 0 0
vt 0 0
vt 0 0
vt 0 0
vt 0 0
vt 0 0
vt 0 0
vt 0 0
vt 0 0
vt 0 0
vt 0 0
vt 0 0
vt 0 0
vt 0 0
vt 0 0
vt 0 0
vt 0 0
vt 0 0
vt 0 0
vt 0 0
vt 0 0
vt 0 0
vt 0 0
vt 0 0
vt 0 0
vt 0 0
vt 0 0
vt 0 0
vt 0 0
vt 0 0
vt 0 0
vt 0 0
vt 0 0
vt 0 0
vt 0 0
vt 0 0
vt 0 0
vt 0 0
vt 0 0
vt 0 0
vt 0 0
vt 0 0
vt 0 0
vt 0 0
vt 0 0
vt 0 0
vt 0 0
vt 0 0
vt 0 0
vt 0 0
vt 0 0
vt 0 0
vt 0 0
vt 0 0
vt 0 0
vt 0 0
vt 0 0
vt 0 0
vt 0 0
vt 0 0
vt 0 0
vt 0 0
vt 0 0
vt 0 0
vt 0 0
vt 0 0
vt 0 0
vt 0 0
vt 0 0
vt 0 0
vt 0 0
vt 0 0
vt 0 0
vt 0 0
vt 0 0
vt 0 0
vt 0 0
vt 0 0
vt 0 0
vt 0 0
vt 0 0
vt 0 0
vt 0 0
vt 0 0
vt 0 0
vt 0 0
vt 0 0
vt 0 0
vt 0 0
vt 0 0
vt 0 0
vt 0 0
vt 0 0
vt 0 0
vt 0 0
vt 0 0
vt 0 0
vt 0 0
vt 0 0
vt 0 0
vt 0 0
vt 0 0
vt 0 0
vt 0 0
vt 0 0
vt 0 0
vt 0 0
vt 0 0
vt 0 0
vt 0 0
vt 0 0
vt 0 0
vt 0 0
vt 0 0
vt 0 0
vt 0 0
vt 0 0
vt 0 0
vt 0 0
vt 0 0
vt 0 0
vt 0 0
vt 0 0
vt 0 0
vt 0 0
vt 0 0
vt 0 0
vt 0 0
vt 0 0
vt 0 0
vt 0 0
vt 0 0
vt 0 0
vt 0 0
vt 0 0
vt 0 0
vt 0 0
vt 0 0
vt 0 0
vt 0 0
vt 0 0
vt 0 0
vt 0 0
vt 0 0
vt 0 0
vt 0 0
vt 0 0
vt 0 0
vt 0 0
vt 0 0
vt 0 0
vt 0 0
vt 0 0
vt 0 0
vt 0 0
vt 0 0
vt 0 0
vt 0 0
vt 0 0
vt 0 0
vt 0 0
vt 0 0
vt 0 0
vt 0 0
vt 0 0
vt 0 0
vt 0 0
vt 0 0
vt 0 0
vt 0 0
vt 0 0
vt 0 0
vt 0 0
vt 0 0
vt 0 0
vt 0 0
vt 0 0
vt 0 0
vt 0 0
vt 0 0
vt 0 0
vt 0 0
vt 0 0
vt 0 0
vt 0 0
vt 0 0
vt 0 0
vt 0 0
vt 0 0
vt 0 0
vt 0 0
vt 0 0
vt 0 0
vt 0 0
vt 0 0
vt 0 0
vt 0 0
vt 0 0
vt 0 0
vt 0 0
vt 0 0
vt 0 0
vt 0 0
vt 0 0
vt 0 0
vt 0 0
vt 0 0
vt 0 0
vt 0 0
vt 0 0
vt 0 0
vt 0 0
vt 0 0
vt 0 0
vt 0 0
vt 0 0
vt 0 0
vt 0 0
vt 0 0
vt 0 0
vt 0 0
vt 0 0
vt 0 0
vt 0 0
vt 0 0
vt 0 0
vt 0 0
vt 0 0
vt 0 0
vt 0 0
vt 0 0
vt 0 0
vt 0 0
vt 0 0
vt 0 0
vt 0 0
vt 0 0
vt 0 0
vt 0 0
vt 0 0
vt 0 0
vt 0 0
vt 0 0
vt 0 0
vt 0 0
vt 0 0
vt 0 0
vt 0 0
vt 0 0
vt 0 0
vt 0 0
vt 0 0
vt 0 0
vt 0 0
vt 0 0
vt 0 0
vt 0 0
vt 0 0
vt 0 0
vt 0 0
vt 0 0
vt 0 0
vt 0 0
vt 0 0
vt 0 0
vt 0 0
vt 0 0
vt 0 0
vt 0 0
vt 0 0
vt 0 0
vt 0 0
vt 0 0
vt 0 0
vt 0 0
vt 0 0
vt 0 0
vt 0 0
vt 0 0
vt 0 0
vt 0 0
vt 0 0
vt 0 0
vt 0 0
vt 0 0
vt 0 0
vt 0 0
vt 0 0
vt 0 0
vt 0 0
vt 0 0
vt 0 0
vt 0 0
vt 0 0
vt 0 0
vt 0 0
vt 0 0
vt 0 0
vt 0 0
vt 0 0
vt 0 0
vt 0 0
vt 0 0
vt 0 0
vt 0 0
vt 0 0
vt 0 0
vt 0 0
vt 0 0
vt 0 0
vt 0 0
vt 0 0
vt 0 0
vt 0 0
vt 0 0
vt 0 0
vt 0 0
vt 0 0
vt 0 0
vt 0 0
vt 0 0
vt 0 0
vt 0 0
vt 0 0
vt 0 0
vt 0 0
vt 0 0
vt 0 0
vt 0 0
vt 0 0
vt 0 0
vt 0 0
vt 0 0
vt 0 0
vt 0 0
vt 0 0
vt 0 0
vt 0 0
vt 0 0
vt 0 0
vt 0 0
vt 0 0
vt 0 0
vt 0 0
vt 0 0
vt 0 0
vt 0 0
vt 0 0
vt 0 0
vt 0 0
vt 0 0
vt 0 0
vt 0 0
vt 0 0
vt 0 0
vt 0 0
vt 0 0
vt 0 0
vt 0 0
vt 0 0
vt 0 0
vt 0 0
vt 0 0
vt 0 0
vt 0 0
vt 0 0
vt 0 0
vt 0 0
vt 0 0
vt 0 0
vt 0 0
vt 0 0
vt 0 0
vt 0 0
vt 0 0
vt 0 0
vt 0 0
vt 0 0
vt 0 0
vt 0 0
vt 0 0
vt 0 0
vt 0 0
vt 0 0
vt 0 0
vt 0 0
vt 0 0
vt 0 0
vt 0 0
vt 0 0
vt 0 0
vt 0 0
vt 0 0
vt 0 0
vt 0 0
vt 0 0
vt 0 0
vt 0 0
vt 0 0
vt 0 0
vt 0 0
vt 0 0
vt 0 0
vt 0 0
vt 0 0
vt 0 0
vt 0 0
vt 0 0
vt 0 0
vt 0 0
vt 0 0
vt 0 0
vt 0 0
vt 0 0
vt 0 0
vt 0 0
vt 0 0
vt 0 0
vt 0 0
vt 0 0
vt 0 0
vt 0 0
vt 0 0
vt 0 0
vt 0 0
vt 0 0
vt 0 0
vt 0 0
vt 0 0
vt 0 0
vt 0 0
vt 0 0
vt 0 0
vt 0 0
vt 0 0
vt 0 0
vt 0 0
vt 0 0
vt 0 0
vt 0 0
vt 0 0
vt 0 0
vt 0 0
vt 0 0
vt 0 0
vt 0 0
vt 0 0
vt 0 0
vt 0 0
vt 0 0
vt 0 0
vt 0 0
vt 0 0
vt 0 0
vt 0 0
vt 0 0
vt 0 0
vt 0 0
vt 0 0
vt 0 0
vt 0 0
vt 0 0
vt 0 0
vt 0 0
vt 0 0
vt 0 0
vt 0 0
vt 0 0
vt 0 0
vt 0 0
vt 0 0
vt 0 0
vt 0 0
vt 0 0
vt 0 0
vt 0 0
vt 0 0
vt 0 0
vt 0 0
vt 0 0
vt 0 0
vt 0 0
vt 0 0
vt 0 0
vt 0 0
vt 0 0
vt 0 0
vt 0 0
vt 0 0
vt 0 0
vt 0 0
vt 0 0
vt 0 0
vt 0 0
vt 0 0
vt 0 0
vt 0 0
vt 0 0
vt 0 0
vt 0 0
vt 0 0
vt 0 0
vt 0 0
vt 0 0
vt 0 0
vt 0 0
vt 0 0
vt 0 0
vt 0 0
vt 0 0
vt 0 0
vt 0 0
vt 0 0
vt 0 0
vt 0 0
vt 0 0
vt 0 0
vt 0 0
vt 0 0
vt 0 0
vt 0 0
vt 0 0
vt 0 0
vt 0 0
vt 0 0
vt 0 0
vt 0 0
vt 0 0
vt 0 0
vt 0 0
vt 0 0
vt 0 0
vt 0 0
vt 0 0
vt 0 0
vt 0 0
vt 0 0
vt 0 0
vt 0 0
vt 0 0
vt 0 0
vt 0 0
vt 0 0
vt 0 0
vt 0 0
vt 0 0
vt 0 0
vt 0 0
vt 0 0
vt 0 0
vt 0 0
vt 0 0
vt 0 0
vt 0 0
vt 0 0
vt 0 0
vt 0 0
vt 0 0
vt 0 0
vt 0 0
vt 0 0
vt 0 0
vt 0 0
vt 0 0
vt 0 0
vt 0 0
vt 0 0
vt 0 0
vt 0 0
vt 0 0
vt 0 0
vt 0 0
vt 0 0
vt 0 0
vt 0 0
vt 0 0
vt 0 0
vt 0 0
vt 0 0
vt 0 0
vt 0 0
vt 0 0
vt 0 0
vt 0 0
vt 0 0
vt 0 0
vt 0 0
vt 0 0
vt 0 0
vt 0 0
vt 0 0
vt 0 0
vt 0 0
vt 0 0
vt 0 0
vt 0 0
vt 0 0
vt 0 0
vt 0 0
vt 0 0
vt 0 0
vt 0 0
vt 0 0
vt 0 0
vt 0 0
vt 0 0
vt 0 0
vt 0 0
vt 0 0
vt 0 0
vt 0 0
vt 0 0
vt 0 0
vt 0 0
vt 0 0
vt 0 0
vt 0 0
vt 0 0
vt 0 0
vt 0 0
vt 0 0
vt 0 0
vt 0 0
vt 0 0
vt 0 0
vt 0 0
vt 0 0
vt 0 0
vt 0 0
vt 0 0
vt 0 0
vt 0 0
vt 0 0
vt 0 0
vt 0 0
vt 0 0
vt 0 0
vt 0 0
vt 0 0
vt 0 0
vt 0 0
vt 0 0
vt 0 0
vt 0 0
vt 0 0
vt 0 0
vt 0 0
vt 0 0
vt 0 0
vt 0 0
vt 0 0
vt 0 0
vt 0 0
vt 0 0
vt 0 0
vt 0 0
vt 0 0
vt 0 0
vt 0 0
vt 0 0
vt 0 0
vt 0 0
vt 0 0
vt 0 0
vt 0 0
vt 0 0
vt 0 0
vt 0 0
vt 0 0
vt 0 0
vt 0 0
vt 0 0
vt 0 0
vt 0 0
vt 0 0
vt 0 0
vt 0 0
vt 0 0
vt 0 0
vt 0 0
vt 0 0
vt 0 0
vt 0 0
vt 0 0
vt 0 0
vt 0 0
vt 0 0
vt 0 0
vt 0 0
vt 0 0
vt 0 0
vt 0 0
vt 0 0
vt 0 0
vt 0 0
vt 0 0
vt 0 0
vt 0 0
vt 0 0
vt 0 0
vt 0 0
vt 0 0
vt 0 0
vt 0 0
vt 0 0
vt 0 0
vt 0 0
vt 0 0
vt 0 0
vt 0 0
vt 0 0
vt 0 0
vt 0 0
vt 0 0
vt 0 0
vt 0 0
vt 0 0
vt 0 0
vt 0 0
vt 0 0
vt 0 0
vt 0 0
vt 0 0
vt 0 0
vt 0 0
vt 0 0
vt 0 0
vt 0 0
vt 0 0
vt 0 0
vt 0 0
vt 0 0
vt 0 0
vt 0 0
vt 0 0
vt 0 0
vt 0 0
vt 0 0
vt 0 0
vt 0 0
vt 0 0
vt 0 0
vt 0 0
vt 0 0
vt 0 0
vt 0 0
vt 0 0
vt 0 0
vt 0 0
vt 0 0
vt 0 0
vt 0 0
vt 0 0
vt 0 0
vt 0 0
vt 0 0
vt 0 0
vt 0 0
vt 0 0
vt 0 0
vt 0 0
vt 0 0
vt 0 0
vt 0 0
vt 0 0
vt 0 0
vt 0 0
vt 0 0
vt 0 0
vt 0 0
vt 0 0
vt 0 0
vt 0 0
vt 0 0
vt 0 0
vt 0 0
vt 0 0
vt 0 0
vt 0 0
vt 0 0
vt 0 0
vt 0 0
vt 0 0
vt 0 0
vt 0 0
vt 0 0
vt 0 0
vt 0 0
vt 0 0
vt 0 0
vt 0 0
vt 0 0
vt 0 0
vt 0 0
vt 0 0
vt 0 0
vt 0 0
vt 0 0
vt 0 0
vt 0 0
vt 0 0
vt 0 0
vt 0 0
vt 0 0
vt 0 0
vt 0 0
vt 0 0
vt 0 0
vt 0 0
vt 0 0
vt 0 0
vt 0 0
vt 0 0
vt 0 0
vt 0 0
vt 0 0
vt 0 0
vt 0 0
vt 0 0
vt 0 0
vt 0 0
vt 0 0
vt 0 0
vt 0 0
vt 0 0
vt 0 0
vt 0 0
vt 0 0
vt 0 0
vt 0 0
vt 0 0
vt 0 0
vt 0 0
vt 0 0
vt 0 0
vt 0 0
vt 0 0
vt 0 0
vt 0 0
vt 0 0
vt 0 0
vt 0 0
vt 0 0
vt 0 0
vt 0 0
vt 0 0
vt 0 0
vt 0 0
vt 0 0
vt 0 0
vt 0 0
vt 0 0
vt 0 0
vt 0 0
vt 0 0
vt 0 0
vt 0 0
vt 0 0
vt 0 0
vt 0 0
vt 0 0
vt 0 0
vt 0 0
vt 0 0
vt 0 0
vt 0 0
vt 0 0
vt 0 0
vt 0 0
vt 0 0
vt 0 0
vt 0 0
vt 0 0
vt 0 0
vt 0 0
vt 0 0
vt 0 0
vt 0 0
vt 0 0
vt 0 0
vt 0 0
vt 0 0
vt 0 0
vt 0 0
vt 0 0
vt 0 0
vt 0 0
vt 0 0
vt 0 0
vt 0 0
vt 0 0
vt 0 0
vt 0 0
vt 0 0
vt 0 0
vt 0 0
vt 0 0
vt 0 0
vt 0 0
vt 0 0
vt 0 0
vt 0 0
vt 0 0
vt 0 0
vt 0 0
vt 0 0
vt 0 0
vt 0 0
vt 0 0
vt 0 0
vt 0 0
vt 0 0
vt 0 0
vt 0 0
vt 0 0
vt 0 0
vt 0 0
vt 0 0
vt 0 0
vt 0 0
vt 0 0
vt 0 0
vt 0 0
vt 0 0
vt 0 0
vt 0 0
vt 0 0
vt 0 0
vt 0 0
vt 0 0
vt 0 0
vt 0 0
vt 0 0
vt 0 0
vt 0 0
vt 0 0
vt 0 0
vt 0 0
vt 0 0
vt 0 0
vt 0 0
vt 0 0
vt 0 0
vt 0 0
vt 0 0
vt 0 0
vt 0 0
vt 0 0
vt 0 0
vt 0 0
vt 0 0
vt 0 0
vt 0 0
vt 0 0
vt 0 0
vt 0 0
vt 0 0
vt 0 0
vt 0 0
vt 0 0
vt 0 0
vt 0 0
vt 0 0
vt 0 0
vt 0 0
vt 0 0
vt 0 0
vt 0 0
vt 0 0
vt 0 0
vt 0 0
vt 0 0
vt 0 0
vt 0 0
vt 0 0
vt 0 0
vt 0 0
vt 0 0
vt 0 0
vt 0 0
vt 0 0
vt 0 0
vt 0 0
vt 0 0
vt 0 0
vt 0 0
vt 0 0
vt 0 0
vt 0 0
vt 0 0
vt 0 0
vt 0 0
vt 0 0
vt 0 0
vt 0 0
vt 0 0
vt 0 0
vt 0 0
vt 0 0
vt 0 0
vt 0 0
vt 0 0
vt 0 0
vt 0 0
vt 0 0
vt 0 0
vt 0 0
vt 0 0
vt 0 0
vt 0 0
vt 0 0
vt 0 0
vt 0 0
vt 0 0
vt 0 0
vt 0 0
vt 0 0
vt 0 0
vt 0 0
vt 0 0
vt 0 0
vt 0 0
vt 0 0
vt 0 0
vt 0 0
vt 0 0
vt 0 0
vt 0 0
vt 0 0
vt 0 0
vt 0 0
vt 0 0
vt 0 0
vt 0 0
vt 0 0
vt 0 0
vt 0 0
vt 0 0
vt 0 0
vt 0 0
vt 0 0
vt 0 0
vt 0 0
vt 0 0
vt 0 0
vt 0 0
vt 0 0
vt 0 0
vt 0 0
vt 0 0
vt 0 0
vt 0 0
vt 0 0
vt 0 0
vt 0 0
vt 0 0
vt 0 0
vt 0 0
vt 0 0
vt 0 0
vt 0 0
vt 0 0
vt 0 0
vt 0 0
vt 0 0
vt 0 0
vt 0 0
vt 0 0
vt 0 0
vt 0 0
vt 0 0
vt 0 0
vt 0 0
vt 0 0
vt 0 0
vt 0 0
vt 0 0
vt 0 0
vt 0 0
vt 0 0
vt 0 0
vt 0 0
vt 0 0
vt 0 0
vt 0 0
vt 0 0
vt 0 0
vt 0 0
vt 0 0
vt 0 0
vt 0 0
vt 0 0
vt 0 0
vt 0 0
vt 0 0
vt 0 0
vt 0 0
vt 0 0
vt 0 0
vt 0 0
vt 0 0
vt 0 0
vt 0 0
vt 0 0
vt 0 0
vt 0 0
vt 0 0
vt 0 0
vt 0 0
vt 0 0
vt 0 0
vt 0 0
vt 0 0
vt 0 0
vt 0 0
vt 0 0
vt 0 0
vt 0 0
vt 0 0
vt 0 0
vt 0 0
vt 0 0
vt 0 0
vt 0 0
vt 0 0
vt 0 0
vt 0 0
vt 0 0
vt 0 0
vt 0 0
vt 0 0
vt 0 0
vt 0 0
vt 0 0
vt 0 0
vt 0 0
vt 0 0
vt 0 0
vt 0 0
vt 0 0
vt 0 0
vt 0 0
vt 0 0
vt 0 0
vt 0 0
vt 0 0
vt 0 0
vt 0 0
vt 0 0
vt 0 0
vt 0 0
vt 0 0
vt 0 0
vt 0 0
vt 0 0
vt 0 0
vt 0 0
vt 0 0
vt 0 0
vt 0 0
vt 0 0
vt 0 0
vt 0 0
vt 0 0
vt 0 0
vt 0 0
vt 0 0
vt 0 0
vt 0 0
vt 0 0
vt 0 0
vt 0 0
vt 0 0
vt 0 0
vt 0 0
vt 0 0
vt 0 0
vt 0 0
vt 0 0
vt 0 0
vt 0 0
vt 0 0
vt 0 0
vt 0 0
vt 0 0
vt 0 0
vt 0 0
vt 0 0
vt 0 0
vt 0 0
vt 0 0
vt 0 0
vt 0 0
vt 0 0
vt 0 0
vt 0 0
vt 0 0
vt 0 0
vt 0 0
vt 0 0
vt 0 0
vt 0 0
vt 0 0
vt 0 0
vt 0 0
vt 0 0
vt 0 0
vt 0 0
vt 0 0
vt 0 0
vt 0 0
vt 0 0
vt 0 0
vt 0 0
vt 0 0
vt 0 0
vt 0 0
vt 0 0
vt 0 0
vt 0 0
vt 0 0
vt 0 0
vt 0 0
vt 0 0
vt 0 0
vt 0 0
vt 0 0
vt 0 0
vt 0 0
vt 0 0
vt 0 0
vt 0 0
vt 0 0
vt 0 0
vt 0 0
vt 0 0
vt 0 0
vt 0 0
vt 0 0
vt 0 0
vt 0 0
vt 0 0
vt 0 0
vt 0 0
vt 0 0
vt 0 0
vt 0 0
vt 0 0
vt 0 0
vt 0 0
vt 0 0
vt 0 0
vt 0 0
vt 0 0
vt 0 0
vt 0 0
vt 0 0
vt 0 0
vt 0 0
vt 0 0
vt 0 0
vt 0 0
vt 0 0
vt 0 0
vt 0 0
vt 0 0
vt 0 0
vt 0 0
vt 0 0
vt 0 0
vt 0 0
vt 0 0
vt 0 0
vt 0 0
vt 0 0
vt 0 0
vt 0 0
vt 0 0
vt 0 0
vt 0 0
vt 0 0
vt 0 0
vt 0 0
vt 0 0
vt 0 0
vt 0 0
vt 0 0
vt 0 0
vt 0 0
vt 0 0
vt 0 0
vt 0 0
vt 0 0
vt 0 0
vt 0 0
vt 0 0
vt 0 0
vt 0 0
vt 0 0
vt 0 0
vt 0 0
vt 0 0
vt 0 0
vt 0 0
vt 0 0
vt 0 0
vt 0 0
vt 0 0
vt 0 0
vt 0 0
vt 0 0
vt 0 0
vt 0 0
vt 0 0
vt 0 0
vt 0 0
vt 0 0
vt 0 0
vt 0 0
vt 0 0
vt 0 0
vt 0 0
vt 0 0
vt 0 0
vt 0 0
vt 0 0
vt 0 0
vt 0 0
vt 0 0
vt 0 0
vt 0 0
vt 0 0
vt 0 0
vt 0 0
vt 0 0
vt 0 0
vt 0 0
vt 0 0
vt 0 0
vt 0 0
vt 0 0
vt 0 0
vt 0 0
vt 0 0
vt 0 0
vt 0 0
vt 0 0
vt 0 0
vt 0 0
vt 0 0
vt 0 0
vt 0 0
vt 0 0
vt 0 0
vt 0 0
vt 0 0
vt 0 0
vt 0 0
vt 0 0
vt 0 0
vt 0 0
vt 0 0
vt 0 0
vt 0 0
vt 0 0
vt 0 0
vt 0 0
vt 0 0
vt 0 0
vt 0 0
vt 0 0
vt 0 0
vt 0 0
vt 0 0
vt 0 0
vt 0 0
vt 0 0
vt 0 0
vt 0 0
vt 0 0
vt 0 0
vt 0 0
vt 0 0
vt 0 0
vt 0 0
vt 0 0
vt 0 0
vt 0 0
vt 0 0
vt 0 0
vt 0 0
vt 0 0
vt 0 0
vt 0 0
vt 0 0
vt 0 0
vt 0 0
vt 0 0
vt 0 0
vt 0 0
vt 0 0
vt 0 0
vt 0 0
vt 0 0
vt 0 0
vt 0 0
vt 0 0
vt 0 0
vt 0 0
vt 0 0
vt 0 0
vt 0 0
vt 0 0
vt 0 0
vt 0 0
vt 0 0
vt 0 0
vt 0 0
vt 0 0
vt 0 0
vt 0 0
vt 0 0
vt 0 0
vt 0 0
vt 0 0
vt 0 0
vt 0 0
vt 0 0
vt 0 0
vt 0 0
vt 0 0
vt 0 0
vt 0 0
vt 0 0
vt 0 0
vt 0 0
vt 0 0
vt 0 0
vt 0 0
vt 0 0
vt 0 0
vt 0 0
vt 0 0
vt 0 0
vt 0 0
vt 0 0
vt 0 0
vt 0 0
vt 0 0
vt 0 0
vt 0 0
vt 0 0
vt 0 0
vt 0 0
vt 0 0
vt 0 0
vt 0 0
vt 0 0
vt 0 0
vt 0 0
vt 0 0
vt 0 0
vt 0 0
vt 0 0
vt 0 0
vt 0 0
vt 0 0
vt 0 0
vt 0 0
vt 0 0
vt 0 0
vt 0 0
vt 0 0
vt 0 0
vt 0 0
vt 0 0
vt 0 0
vt 0 0
vt 0 0
vt 0 0
vt 0 0
vt 0 0
vt 0 0
vt 0 0
vt 0 0
vt 0 0
vt 0 0
vt 0 0
vt 0 0
vt 0 0
vt 0 0
vt 0 0
vt 0 0
vt 0 0
vt 0 0
vt 0 0
vt 0 0
vt 0 0
vt 0 0
vt 0 0
vt 0 0
vt 0 0
vt 0 0
vt 0 0
vt 0 0
vt 0 0
vt 0 0
vt 0 0
vt 0 0
vt 0 0
vt 0 0
vt 0 0
vt 0 0
vt 0 0
vt 0 0
vt 0 0
vt 0 0
vt 0 0
vt 0 0
vt 0 0
vt 0 0
vt 0 0
vt 0 0
vt 0 0
vt 0 0
vt 0 0
vt 0 0
vt 0 0
vt 0 0
vt 0 0
vt 0 0
vt 0 0
vt 0 0
vt 0 0
vt 0 0
vt 0 0
vt 0 0
vt 0 0
vt 0 0
vt 0 0
vt 0 0
vt 0 0
vt 0 0
vt 0 0
vt 0 0
vt 0 0
vt 0 0
vt 0 0
vt 0 0
vt 0 0
vt 0 0
vt 0 0
vt 0 0
vt 0 0
vt 0 0
vt 0 0
vt 0 0
vt 0 0
vt 0 0
vt 0 0
vt 0 0
vt 0 0
vt 0 0
vt 0 0
vt 0 0
vt 0 0
vt 0 0
vt 0 0
vt 0 0
vt 0 0
vt 0 0
vt 0 0
vt 0 0
vt 0 0
vt 0 0
vt 0 0
vt 0 0
vt 0 0
vt 0 0
vt 0 0
vt 0 0
vt 0 0
vt 0 0
vt 0 0
vt 0 0
vt 0 0
vt 0 0
vt 0 0
vt 0 0
vt 0 0
vt 0 0
vt 0 0
vt 0 0
vt 0 0
vt 0 0
vt 0 0
vt 0 0
vt 0 0
vt 0 0
vt 0 0
vt 0 0
vt 0 0
vt 0 0
vt 0 0
vt 0 0
vt 0 0
vt 0 0
vt 0 0
vt 0 0
vt 0 0
vt 0 0
vt 0 0
vt 0 0
vt 0 0
vt 0 0
vt 0 0
vt 0 0
vt 0 0
vt 0 0
vt 0 0
vt 0 0
vt 0 0
vt 0 0
vt 0 0
vt 0 0
vt 0 0
vt 0 0
vt 0 0
vt 0 0
vt 0 0
vt 0 0
vt 0 0
vt 0 0
vt 0 0
vt 0 0
vt 0 0
vt 0 0
vt 0 0
vt 0 0
vt 0 0
vt 0 0
vt 0 0
vt 0 0
vt 0 0
vt 0 0
vt 0 0
vt 0 0
vt 0 0
vt 0 0
vt 0 0
vt 0 0
vt 0 0
vt 0 0
vt 0 0
vt 0 0
vt 0 0
vt 0 0
vt 0 0
vt 0 0
vt 0 0
vt 0 0
vt 0 0
vt 0 0
vt 0 0
vt 0 0
vt 0 0
vt 0 0
vt 0 0
vt 0 0
vt 0 0
vt 0 0
vt 0 0
vt 0 0
vt 0 0
vt 0 0
vt 0 0
vt 0 0
vt 0 0
vt 0 0
vt 0 0
vt 0 0
vt 0 0
vt 0 0
vt 0 0
vt 0 0
vt 0 0
vt 0 0
vt 0 0
vt 0 0
vt 0 0
vt 0 0
vt 0 0
vt 0 0
vt 0 0
vt 0 0
vt 0 0
vt 0 0
vt 0 0
vt 0 0
vt 0 0
vt 0 0
vt 0 0
vt 0 0
vt 0 0
vt 0 0
vt 0 0
vt 0 0
vt 0 0
vt 0 0
vt 0 0
vt 0 0
vt 0 0
vt 0 0
vt 0 0
vt 0 0
vt 0 0
vt 0 0
vt 0 0
vt 0 0
vt 0 0
vt 0 0
vt 0 0
vt 0 0
vt 0 0
vt 0 0
vt 0 0
vt 0 0
vt 0 0
vt 0 0
vt 0 0
vt 0 0
vt 0 0
vt 0 0
vt 0 0
vt 0 0
vt 0 0
vt 0 0
vt 0 0
vt 0 0
vt 0 0
vt 0 0
vt 0 0
vt 0 0
vt 0 0
vt 0 0
vt 0 0
vt 0 0
vt 0 0
vt 0 0
vt 0 0
vt 0 0
vt 0 0
vt 0 0
vt 0 0
vt 0 0
vt 0 0
vt 0 0
vt 0 0
vt 0 0
vt 0 0
vt 0 0
vt 0 0
vt 0 0
vt 0 0
vt 0 0
vt 0 0
vt 0 0
vt 0 0
vt 0 0
vt 0 0
vt 0 0
vt 0 0
vt 0 0
vt 0 0
vt 0 0
vt 0 0
vt 0 0
vt 0 0
vt 0 0
vt 0 0
vt 0 0
vt 0 0
vt 0 0
vt 0 0
vt 0 0
vt 0 0
vt 0 0
vt 0 0
vt 0 0
vt 0 0
vt 0 0
vt 0 0
vt 0 0
vt 0 0
vt 0 0
vt 0 0
vt 0 0
vt 0 0
vt 0 0
vt 0 0
vt 0 0
vt 0 0
vt 0 0
vt 0 0
vt 0 0
vt 0 0
vt 0 0
vt 0 0
vt 0 0
vt 0 0
vt 0 0
vt 0 0
vt 0 0
vt 0 0
vt 0 0
vt 0 0
vt 0 0
vt 0 0
vt 0 0
vt 0 0
vt 0 0
vt 0 0
vt 0 0
vt 0 0
vt 0 0
vt 0 0
vt 0 0
vt 0 0
vt 0 0
vt 0 0
vt 0 0
vt 0 0
vt 0 0
vt 0 0
vt 0 0
vt 0 0
vt 0 0
vt 0 0
vt 0 0
vt 0 0
vt 0 0
vt 0 0
vt 0 0
vt 0 0
vt 0 0
vt 0 0
vt 0 0
vt 0 0
vt 0 0
vt 0 0
vt 0 0
vt 0 0
vt 0 0
vt 0 0
vt 0 0
vt 0 0
vt 0 0
vt 0 0
vt 0 0
vt 0 0
vt 0 0
vt 0 0
vt 0 0
vt 0 0
vt 0 0
vt 0 0
vt 0 0
vt 0 0
vt 0 0
vt 0 0
vt 0 0
vt 0 0
vt 0 0
vt 0 0
vt 0 0
vt 0 0
vt 0 0
vt 0 0
vt 0 0
vt 0 0
vt 0 0
vt 0 0
vt 0 0
vt 0 0
vt 0 0
vt 0 0
vt 0 0
vt 0 0
vt 0 0
vt 0 0
vt 0 0
vt 0 0
vt 0 0
vt 0 0
vt 0 0
vt 0 0
vt 0 0
vt 0 0
vt 0 0
vt 0 0
vt 0 0
vt 0 0
vt 0 0
vt 0 0
vt 0 0
vt 0 0
vt 0 0
vt 0 0
vt 0 0
vt 0 0
vt 0 0
vt 0 0
vt 0 0
vt 0 0
vt 0 0
vt 0 0
vt 0 0
vt 0 0
vt 0 0
vt 0 0
vt 0 0
vt 0 0
vt 0 0
vt 0 0
vt 0 0
vt 0 0
vt 0 0
vt 0 0
vt 0 0
vt 0 0
vt 0 0
vt 0 0
vt 0 0
vt 0 0
vt 0 0
vt 0 0
vt 0 0
vt 0 0
vt 0 0
vt 0 0
vt 0 0
vt 0 0
vt 0 0
vt 0 0
vt 0 0
vt 0 0
vt 0 0
vt 0 0
vt 0 0
vt 0 0
vt 0 0
vt 0 0
vt 0 0
vt 0 0
vt 0 0
vt 0 0
vt 0 0
vt 0 0
vt 0 0
vt 0 0
vt 0 0
vt 0 0
vt 0 0
vt 0 0
vt 0 0
vt 0 0
vt 0 0
vt 0 0
vt 0 0
vt 0 0
vt 0 0
vt 0 0
vt 0 0
vt 0 0
vt 0 0
vt 0 0
vt 0 0
vt 0 0
vt 0 0
vt 0 0
vt 0 0
vt 0 0
vt 0 0
vt 0 0
vt 0 0
vt 0 0
vt 0 0
vt 0 0
vt 0 0
vt 0 0
vt 0 0
vt 0 0
vt 0 0
vt 0 0
vt 0 0
vt 0 0
vt 0 0
vt 0 0
vt 0 0
vt 0 0
vt 0 0
vt 0 0
vt 0 0
vt 0 0
vt 0 0
vt 0 0
vt 0 0
vt 0 0
vt 0 0
vt 0 0
vt 0 0
vt 0 0
vt 0 0
vt 0 0
vt 0 0
vt 0 0
vt 0 0
vt 0 0
vt 0 0
vt 0 0
vt 0 0
vt 0 0
vt 0 0
vt 0 0
vt 0 0
vt 0 0
vt 0 0
vt 0 0
vt 0 0
vt 0 0
vt 0 0
vt 0 0
vt 0 0
vt 0 0
vt 0 0
vt 0 0
vt 0 0
vt 0 0
vt 0 0
vt 0 0
vt 0 0
vt 0 0
vt 0 0
vt 0 0
vt 0 0
vt 0 0
vt 0 0
vt 0 0
vt 0 0
vt 0 0
vt 0 0
vt 0 0
vt 0 0
vt 0 0
vt 0 0
vt 0 0
vt 0 0
vt 0 0
vt 0 0
vt 0 0
vt 0 0
vt 0 0
vt 0 0
vt 0 0
vt 0 0
vt 0 0
vt 0 0
vt 0 0
vt 0 0
vt 0 0
vt 0 0
vt 0 0
vt 0 0
vt 0 0
vt 0 0
vt 0 0
vt 0 0
vt 0 0
vt 0 0
vt 0 0
vt 0 0
vt 0 0
vt 0 0
vt 0 0
vt 0 0
vt 0 0
vt 0 0
vt 0 0
vt 0 0
vt 0 0
vt 0 0
vt 0 0
vt 0 0
vt 0 0
vt 0 0
vt 0 0
vt 0 0
vt 0 0
vt 0 0
vt 0 0
vt 0 0
vt 0 0
vt 0 0
vt 0 0
vt 0 0
vt 0 0
vt 0 0
vt 0 0
vt 0 0
vt 0 0
vt 0 0
vt 0 0
vt 0 0
vt 0 0
vt 0 0
vt 0 0
vt 0 0
vt 0 0
vt 0 0
vt 0 0
vt 0 0
vt 0 0
vt 0 0
vt 0 0
vt 0 0
vt 0 0
vt 0 0
vt 0 0
vt 0 0
vt 0 0
vt 0 0
vt 0 0
vt 0 0
vt 0 0
vt 0 0
vt 0 0
vt 0 0
vt 0 0
vt 0 0
vt 0 0
vt 0 0
vt 0 0
vt 0 0
vt 0 0
vt 0 0
vt 0 0
vt 0 0
vt 0 0
vt 0 0
vt 0 0
vt 0 0
vt 0 0
vt 0 0
vt 0 0
vt 0 0
vt 0 0
vt 0 0
vt 0 0
vt 0 0
vt 0 0
vt 0 0
vt 0 0
vt 0 0
vt 0 0
vt 0 0
vt 0 0
vt 0 0
vt 0 0
vt 0 0
vt 0 0
vt 0 0
vt 0 0
vt 0 0
vt 0 0
vt 0 0
vt 0 0
vt 0 0
vt 0 0
vt 0 0
vt 0 0
vt 0 0
vt 0 0
vt 0 0
vt 0 0
vt 0 0
vt 0 0
vt 0 0
vt 0 0
vt 0 0
vt 0 0
vt 0 0
vt 0 0
vt 0 0
vt 0 0
vt 0 0
vt 0 0
vt 0 0
vt 0 0
vt 0 0
vt 0 0
vt 0 0
vt 0 0
vt 0 0
vt 0 0
vt 0 0
vt 0 0
vt 0 0
vt 0 0
vt 0 0
vt 0 0
vt 0 0
vt 0 0
vt 0 0
vt 0 0
vt 0 0
vt 0 0
vt 0 0
vt 0 0
vt 0 0
vt 0 0
vt 0 0
vt 0 0
vt 0 0
vt 0 0
vt 0 0
vt 0 0
vt 0 0
vt 0 0
vt 0 0
vt 0 0
vt 0 0
vt 0 0
vt 0 0
vt 0 0
vt 0 0
vt 0 0
vt 0 0
vt 0 0
vt 0 0
vt 0 0
vt 0 0
vt 0 0
vt 0 0
vt 0 0
vt 0 0
vt 0 0
vt 0 0
vt 0 0
vt 0 0
vt 0 0
vt 0 0
vt 0 0
vt 0 0
vt 0 0
vt 0 0
vt 0 0
vt 0 0
vt 0 0
vt 0 0
vt 0 0
vt 0 0
vt 0 0
vt 0 0
vt 0 0
vt 0 0
vt 0 0
vt 0 0
vt 0 0
vt 0 0
vt 0 0
vt 0 0
vt 0 0
vt 0 0
vt 0 0
vt 0 0
vt 0 0
vt 0 0
vt 0 0
vt 0 0
vt 0 0
vt 0 0
vt 0 0
vt 0 0
vt 0 0
vt 0 0
vt 0 0
vt 0 0
vt 0 0
vt 0 0
vt 0 0
vt 0 0
vt 0 0
vt 0 0
vt 0 0
vt 0 0
vt 0 0
vt 0 0
vt 0 0
vt 0 0
vt 0 0
vt 0 0
vt 0 0
vt 0 0
vt 0 0
vt 0 0
vt 0 0
vt 0 0
vt 0 0
vt 0 0
vt 0 0
vt 0 0
vt 0 0
vt 0 0
vt 0 0
vt 0 0
vt 0 0
vt 0 0
vt 0 0
vt 0 0
vt 0 0
vt 0 0
vt 0 0
vt 0 0
vt 0 0
vt 0 0
vt 0 0
vt 0 0
vt 0 0
vt 0 0
vt 0 0
vt 0 0
vt 0 0
vt 0 0
vt 0 0
vt 0 0
vt 0 0
vt 0 0
vt 0 0
vt 0 0
vt 0 0
vt 0 0
vt 0 0
vt 0 0
vt 0 0
vt 0 0
vt 0 0
vt 0 0
vt 0 0
vt 0 0
vt 0 0
vt 0 0
vt 0 0
vt 0 0
vt 0 0
vt 0 0
vt 0 0
vt 0 0
vt 0 0
vt 0 0
vt 0 0
vt 0 0
vt 0 0
vt 0 0
vt 0 0
vt 0 0
vt 0 0
vt 0 0
vt 0 0
vt 0 0
vt 0 0
vt 0 0
vt 0 0
vt 0 0
vt 0 0
vt 0 0
vt 0 0
vt 0 0
vt 0 0
vt 0 0
vt 0 0
vt 0 0
vt 0 0
vt 0 0
vt 0 0
vt 0 0
vt 0 0
vt 0 0
vt 0 0
vt 0 0
vt 0 0
vt 0 0
vt 0 0
vt 0 0
vt 0 0
vt 0 0
vt 0 0
vt 0 0
vt 0 0
vt 0 0
vt 0 0
vt 0 0
vt 0 0
vt 0 0
vt 0 0
vt 0 0
vt 0 0
vt 0 0
vt 0 0
vt 0 0
vt 0 0
vt 0 0
vt 0 0
vt 0 0
vt 0 0
vt 0 0
vt 0 0
vt 0 0
vt 0 0
vt 0 0
vt 0 0
vt 0 0
vt 0 0
vt 0 0
vt 0 0
vt 0 0
vt 0 0
vt 0 0
vt 0 0
vt 0 0
vt 0 0
vt 0 0
vt 0 0
vt 0 0
vt 0 0
vt 0 0
vt 0 0
vt 0 0
vt 0 0
vt 0 0
vt 0 0
vt 0 0
vt 0 0
vt 0 0
vt 0 0
vt 0 0
vt 0 0
vt 0 0
vt 0 0
vt 0 0
vt 0 0
vt 0 0
vt 0 0
vt 0 0
vt 0 0
vt 0 0
vt 0 0
vt 0 0
vt 0 0
vt 0 0
vt 0 0
vt 0 0
vt 0 0
vt 0 0
vt 0 0
vt 0 0
vt 0 0
vt 0 0
vt 0 0
vt 0 0
vt 0 0
vt 0 0
vt 0 0
vt 0 0
vt 0 0
vt 0 0
vt 0 0
vt 0 0
vt 0 0
vt 0 0
vt 0 0
vt 0 0
vt 0 0
vt 0 0
vt 0 0
vt 0 0
vt 0 0
vt 0 0
vt 0 0
vt 0 0
vt 0 0
vt 0 0
vt 0 0
vt 0 0
vt 0 0
vt 0 0
vt 0 0
vt 0 0
vt 0 0
vt 0 0
vt 0 0
vt 0 0
vt 0 0
vt 0 0
vt 0 0
vt 0 0
vt 0 0
vt 0 0
vt 0 0
vt 0 0
vt 0 0
vt 0 0
vt 0 0
vt 0 0
vt 0 0
vt 0 0
vt 0 0
vt 0 0
vt 0 0
vt 0 0
vt 0 0
vt 0 0
vt 0 0
vt 0 0
vt 0 0
vt 0 0
vt 0 0
vt 0 0
vt 0 0
vt 0 0
vt 0 0
vt 0 0
vt 0 0
vt 0 0
vt 0 0
vt 0 0
vt 0 0
vt 0 0
vt 0 0
vt 0 0
vt 0 0
vt 0 0
vt 0 0
vt 0 0
vt 0 0
vt 0 0
vt 0 0
vt 0 0
vt 0 0
vt 0 0
vt 0 0
vt 0 0
vt 0 0
vt 0 0
vt 0 0
vt 0 0
vt 0 0
vt 0 0
vt 0 0
vt 0 0
vt 0 0
vt 0 0
vt 0 0
vt 0 0
vt 0 0
vt 0 0
vt 0 0
vt 0 0
vt 0 0
vt 0 0
vt 0 0
vt 0 0
vt 0 0
vt 0 0
vt 0 0
vt 0 0
vt 0 0
vt 0 0
vt 0 0
vt 0 0
vt 0 0
vt 0 0
vt 0 0
vt 0 0
vt 0 0
vt 0 0
vt 0 0
vt 0 0
vt 0 0
vt 0 0
vt 0 0
vt 0 0
vt 0 0
vt 0 0
vt 0 0
vt 0 0
vt 0 0
vt 0 0
vt 0 0
vt 0 0
vt 0 0
vt 0 0
vt 0 0
vt 0 0
vt 0 0
vt 0 0
vt 0 0
vt 0 0
vt 0 0
vt 0 0
vt 0 0
vt 0 0
vt 0 0
vt 0 0
vt 0 0
vt 0 0
vt 0 0
vt 0 0
vt 0 0
vt 0 0
vt 0 0
vt 0 0
vt 0 0
vt 0 0
vt 0 0
vt 0 0
vt 0 0
vt 0 0
vt 0 0
vt 0 0
vt 0 0
vt 0 0
vt 0 0
vt 0 0
vt 0 0
vt 0 0
vt 0 0
vt 0 0
vt 0 0
vt 0 0
vt 0 0
vt 0 0
vt 0 0
vt 0 0
vt 0 0
vt 0 0
vt 0 0
vt 0 0
vt 0 0
vt 0 0
vt 0 0
vt 0 0
vt 0 0
vt 0 0
vt 0 0
vt 0 0
vt 0 0
vt 0 0
vt 0 0
vt 0 0
vt 0 0
vt 0 0
vt 0 0
vt 0 0
vt 0 0
vt 0 0
vt 0 0
vt 0 0
vt 0 0
vt 0 0
vt 0 0
vt 0 0
vt 0 0
vt 0 0
vt 0 0
vt 0 0
vt 0 0
vt 0 0
vt 0 0
vt 0 0
vt 0 0
vt 0 0
vt 0 0
vt 0 0
vt 0 0
vt 0 0
vt 0 0
vt 0 0
vt 0 0
vt 0 0
vt 0 0
vt 0 0
vt 0 0
vt 0 0
vt 0 0
vt 0 0
vt 0 0
vt 0 0
vt 0 0
vt 0 0
vt 0 0
vt 0 0
vt 0 0
vt 0 0
vt 0 0
vt 0 0
vt 0 0
vt 0 0
vt 0 0
vt 0 0
vt 0 0
vt 0 0
vt 0 0
vt 0 0
vt 0 0
vt 0 0
vt 0 0
vt 0 0
vt 0 0
vt 0 0
vt 0 0
vt 0 0
vt 0 0
vt 0 0
vt 0 0
vt 0 0
vt 0 0
vt 0 0
vt 0 0
vt 0 0
vt 0 0
vt 0 0
vt 0 0
vt 0 0
vt 0 0
vt 0 0
vt 0 0
vt 0 0
vt 0 0
vt 0 0
vt 0 0
vt 0 0
vt 0 0
vt 0 0
vt 0 0
vt 0 0
vt 0 0
vt 0 0
vt 0 0
vt 0 0
vt 0 0
vt 0 0
vt 0 0
vt 0 0
vt 0 0
vt 0 0
vt 0 0
vt 0 0
vt 0 0
vt 0 0
vt 0 0
vt 0 0
vt 0 0
vt 0 0
vt 0 0
vt 0 0
vt 0 0
vt 0 0
vt 0 0
vt 0 0
vt 0 0
vt 0 0
vt 0 0
vt 0 0
vt 0 0
vt 0 0
vt 0 0
vt 0 0
vt 0 0
vt 0 0
vt 0 0
vt 0 0
vt 0 0
vt 0 0
vt 0 0
vt 0 0
vt 0 0
vt 0 0
vt 0 0
vt 0 0
vt 0 0
vt 0 0
vt 0 0
vt 0 0
vt 0 0
vt 0 0
vt 0 0
vt 0 0
vt 0 0
vt 0 0
vt 0 0
vt 0 0
vt 0 0
vt 0 0
vt 0 0
vt 0 0
vt 0 0
vt 0 0
vt 0 0
vt 0 0
vt 0 0
vt 0 0
vt 0 0
vt 0 0
vt 0 0
vt 0 0
vt 0 0
vt 0 0
vt 0 0
vt 0 0
vt 0 0
vt 0 0
vt 0 0
vt 0 0
vt 0 0
vt 0 0
vt 0 0
vt 0 0
vt 0 0
vt 0 0
vt 0 0
vt 0 0
vt 0 0
vt 0 0
vt 0 0
vt 0 0
vt 0 0
vt 0 0
vt 0 0
vt 0 0
vt 0 0
vt 0 0
vt 0 0
vt 0 0
vt 0 0
vt 0 0
vt 0 0
vt 0 0
vt 0 0
vt 0 0
vt 0 0
vt 0 0
vt 0 0
vt 0 0
vt 0 0
vt 0 0
vt 0 0
vt 0 0
vt 0 0
vt 0 0
vt 0 0
vt 0 0
vt 0 0
vt 0 0
vt 0 0
vt 0 0
vt 0 0
vt 0 0
vt 0 0
vt 0 0
vt 0 0
vt 0 0
vt 0 0
vt 0 0
vt 0 0
vt 0 0
vt 0 0
vt 0 0
vt 0 0
vt 0 0
vt 0 0
vt 0 0
vt 0 0
vt 0 0
vt 0 0
vt 0 0
vt 0 0
vt 0 0
vt 0 0
vt 0 0
vt 0 0
vt 0 0
vt 0 0
vt 0 0
vt 0 0
vt 0 0
vt 0 0
vt 0 0
vt 0 0
vt 0 0
vt 0 0
vt 0 0
vt 0 0
vt 0 0
vt 0 0
vt 0 0
vt 0 0
vt 0 0
vt 0 0
vt 0 0
vt 0 0
vt 0 0
vt 0 0
vt 0 0
vt 0 0
vt 0 0
vt 0 0
vt 0 0
vt 0 0
vt 0 0
vt 0 0
vt 0 0
vt 0 0
vt 0 0
vt 0 0
vt 0 0
vt 0 0
vt 0 0
vt 0 0
vt 0 0
vt 0 0
vt 0 0
vt 0 0
vt 0 0
vt 0 0
vt 0 0
vt 0 0
vt 0 0
vt 0 0
vt 0 0
vt 0 0
vt 0 0
vt 0 0
vt 0 0
vt 0 0
vt 0 0
vt 0 0
vt 0 0
vt 0 0
vt 0 0
vt 0 0
vt 0 0
vt 0 0
vt 0 0
vt 0 0
vt 0 0
vt 0 0
vt 0 0
vt 0 0
vt 0 0
vt 0 0
vt 0 0
vt 0 0
vt 0 0
vt 0 0
vt 0 0
vt 0 0
vt 0 0
vt 0 0
vt 0 0
vt 0 0
vt 0 0
vt 0 0
vt 0 0
vt 0 0
vt 0 0
vt 0 0
vt 0 0
vt 0 0
vt 0 0
vt 0 0
vt 0 0
vt 0 0
vt 0 0
vt 0 0
vt 0 0
vt 0 0
vt 0 0
vt 0 0
vt 0 0
vt 0 0
vt 0 0
vt 0 0
vt 0 0
vt 0 0
vt 0 0
vt 0 0
vt 0 0
vt 0 0
vt 0 0
vt 0 0
vt 0 0
vt 0 0
vt 0 0
vt 0 0
vt 0 0
vt 0 0
vt 0 0
vt 0 0
vt 0 0
vt 0 0
vt 0 0
vt 0 0
vt 0 0
vt 0 0
vt 0 0
vt 0 0
vt 0 0
vt 0 0
vt 0 0
vt 0 0
vt 0 0
vt 0 0
vt 0 0
vt 0 0
vt 0 0
vt 0 0
vt 0 0
vt 0 0
vt 0 0
vt 0 0
vt 0 0
vt 0 0
vt 0 0
vt 0 0
vt 0 0
vt 0 0
vt 0 0
vt 0 0
vt 0 0
vt 0 0
vt 0 0
vt 0 0
vt 0 0
vt 0 0
vt 0 0
vt 0 0
vt 0 0
vt 0 0
vt 0 0
vt 0 0
vt 0 0
vt 0 0
vt 0 0
vt 0 0
vt 0 0
vt 0 0
vt 0 0
vt 0 0
vt 0 0
vt 0 0
vt 0 0
vt 0 0
vt 0 0
vt 0 0
vt 0 0
vt 0 0
vt 0 0
vt 0 0
vt 0 0
vt 0 0
vt 0 0
vt 0 0
vt 0 0
vt 0 0
vt 0 0
vt 0 0
vt 0 0
vt 0 0
vt 0 0
vt 0 0
vt 0 0
vt 0 0
vt 0 0
vt 0 0
vt 0 0
vt 0 0
vt 0 0
vt 0 0
vt 0 0
vt 0 0
vt 0 0
vt 0 0
vt 0 0
vt 0 0
vt 0 0
vt 0 0
vt 0 0
vt 0 0
vt 0 0
vt 0 0
vt 0 0
vt 0 0
vt 0 0
vt 0 0
vt 0 0
vt 0 0
vt 0 0
vt 0 0
vt 0 0
vt 0 0
vt 0 0
vt 0 0
vt 0 0
vt 0 0
vt 0 0
vt 0 0
vt 0 0
vt 0 0
vt 0 0
vt 0 0
vt 0 0
vt 0 0
vt 0 0
vt 0 0
vt 0 0
vt 0 0
vt 0 0
vt 0 0
vt 0 0
vt 0 0
vt 0 0
vt 0 0
vt 0 0
vt 0 0
vt 0 0
vt 0 0
vt 0 0
vt 0 0
vt 0 0
vt 0 0
vt 0 0
vt 0 0
vt 0 0
vt 0 0
vt 0 0
vt 0 0
vt 0 0
vt 0 0
vt 0 0
vt 0 0
vt 0 0
vt 0 0
vt 0 0
vt 0 0
vt 0 0
vt 0 0
vt 0 0
vt 0 0
vt 0 0
vt 0 0
vt 0 0
vt 0 0
vt 0 0
vt 0 0
vt 0 0
vt 0 0
vt 0 0
vt 0 0
vt 0 0
vt 0 0
vt 0 0
vt 0 0
vt 0 0
vt 0 0
vt 0 0
vt 0 0
vt 0 0
vt 0 0
vt 0 0
vt 0 0
vt 0 0
vt 0 0
vt 0 0
vt 0 0
vt 0 0
vt 0 0
vt 0 0
vt 0 0
vt 0 0
vt 0 0
vt 0 0
vt 0 0
vt 0 0
vt 0 0
vt 0 0
vt 0 0
vt 0 0
vt 0 0
vt 0 0
vt 0 0
vt 0 0
vt 0 0
vt 0 0
vt 0 0
vt 0 0
vt 0 0
vt 0 0
vt 0 0
vt 0 0
vt 0 0
vt 0 0
vt 0 0
vt 0 0
vt 0 0
vt 0 0
vt 0 0
vt 0 0
vt 0 0
vt 0 0
vt 0 0
vt 0 0
vt 0 0
vt 0 0
vt 0 0
vt 0 0
vt 0 0
vt 0 0
vt 0 0
vt 0 0
vt 0 0
vt 0 0
vt 0 0
vt 0 0
vt 0 0
vt 0 0
vt 0 0
vt 0 0
vt 0 0
vt 0 0
vt 0 0
vt 0 0
vt 0 0
vt 0 0
vt 0 0
vt 0 0
vt 0 0
vt 0 0
vt 0 0
vt 0 0
vt 0 0
vt 0 0
vt 0 0
vt 0 0
vt 0 0
vt 0 0
vt 0 0
vt 0 0
vt 0 0
vt 0 0
vt 0 0
vt 0 0
vt 0 0
vt 0 0
vt 0 0
vt 0 0
vt 0 0
vt 0 0
vt 0 0
vt 0 0
vt 0 0
vt 0 0
vt 0 0
vt 0 0
vt 0 0
vt 0 0
vt 0 0
vt 0 0
vt 0 0
vt 0 0
vt 0 0
vt 0 0
vt 0 0
vt 0 0
vt 0 0
vt 0 0
vt 0 0
vt 0 0
vt 0 0
vt 0 0
vt 0 0
vt 0 0
vt 0 0
vt 0 0
vt 0 0
vt 0 0
vt 0 0
vt 0 0
vt 0 0
vt 0 0
vt 0 0
vt 0 0
vt 0 0
vt 0 0
vt 0 0
vt 0 0
vt 0 0
vt 0 0
vt 0 0
vt 0 0
vt 0 0
vt 0 0
vt 0 0
vt 0 0
vt 0 0
vt 0 0
vt 0 0
vt 0 0
vt 0 0
vt 0 0
vt 0 0
vt 0 0
vt 0 0
vt 0 0
vt 0 0
vt 0 0
vt 0 0
vt 0 0
vt 0 0
vt 0 0
vt 0 0
vt 0 0
vt 0 0
vt 0 0
vt 0 0
vt 0 0
vt 0 0
vt 0 0
vt 0 0
vt 0 0
vt 0 0
vt 0 0
vt 0 0
vt 0 0
vt 0 0
vt 0 0
vt 0 0
vt 0 0
vt 0 0
vt 0 0
vt 0 0
vt 0 0
vt 0 0
vt 0 0
vt 0 0
vt 0 0
vt 0 0
vt 0 0
vt 0 0
vt 0 0
vt 0 0
vt 0 0
vt 0 0
vt 0 0
vt 0 0
vt 0 0
vt 0 0
vt 0 0
vt 0 0
vt 0 0
vt 0 0
vt 0 0
vt 0 0
vt 0 0
vt 0 0
vt 0 0
vt 0 0
vt 0 0
vt 0 0
vt 0 0
vt 0 0
vt 0 0
vt 0 0
vt 0 0
vt 0 0
vt 0 0
vt 0 0
vt 0 0
vt 0 0
vt 0 0
vt 0 0
vt 0 0
vt 0 0
vt 0 0
vt 0 0
vt 0 0
vt 0 0
vt 0 0
vt 0 0
vt 0 0
vt 0 0
vt 0 0
vt 0 0
vt 0 0
vt 0 0
vt 0 0
vt 0 0
vt 0 0
vt 0 0
vt 0 0
vt 0 0
vt 0 0
vt 0 0
vt 0 0
vt 0 0
vt 0 0
vt 0 0
vt 0 0
vt 0 0
vt 0 0
vt 0 0
vt 0 0
vt 0 0
vt 0 0
vt 0 0
vt 0 0
vt 0 0
vt 0 0
vt 0 0
vt 0 0
vt 0 0
vt 0 0
vt 0 0
vt 0 0
vt 0 0
vt 0 0
vt 0 0
vt 0 0
vt 0 0
vt 0 0
vt 0 0
vt 0 0
vt 0 0
vt 0 0
vt 0 0
vt 0 0
vt 0 0
vt 0 0
vt 0 0
vt 0 0
vt 0 0
vt 0 0
vt 0 0
vt 0 0
vt 0 0
vt 0 0
vt 0 0
vt 0 0
vt 0 0
vt 0 0
vt 0 0
vt 0 0
vt 0 0
vt 0 0
vt 0 0
vt 0 0
vt 0 0
vt 0 0
vt 0 0
vt 0 0
vt 0 0
vt 0 0
vt 0 0
vt 0 0
vt 0 0
vt 0 0
vt 0 0
vt 0 0
vt 0 0
vt 0 0
vt 0 0
vt 0 0
vt 0 0
vt 0 0
vt 0 0
vt 0 0
vt 0 0
vt 0 0
vt 0 0
vt 0 0
vt 0 0
vt 0 0
vt 0 0
vt 0 0
vt 0 0
vt 0 0
vt 0 0
vt 0 0
vt 0 0
vt 0 0
vt 0 0
vt 0 0
vt 0 0
vt 0 0
vt 0 0
vt 0 0
vt 0 0
vt 0 0
vt 0 0
vt 0 0
vt 0 0
vt 0 0
vt 0 0
vt 0 0
vt 0 0
vt 0 0
vt 0 0
vt 0 0
vt 0 0
vt 0 0
vt 0 0
vt 0 0
vt 0 0
vt 0 0
vt 0 0
vt 0 0
vt 0 0
vt 0 0
vt 0 0
vt 0 0
vt 0 0
vt 0 0
vt 0 0
vt 0 0
vt 0 0
vt 0 0
vt 0 0
vt 0 0
vt 0 0
vt 0 0
vt 0 0
vt 0 0
vt 0 0
vt 0 0
vt 0 0
vt 0 0
vt 0 0
vt 0 0
vt 0 0
vt 0 0
vt 0 0
vt 0 0
vt 0 0
vt 0 0
vt 0 0
vt 0 0
vt 0 0
vt 0 0
vt 0 0
vt 0 0
vt 0 0
vt 0 0
vt 0 0
vt 0 0
vt 0 0
vt 0 0
vt 0 0
vt 0 0
vt 0 0
vt 0 0
vt 0 0
vt 0 0
vt 0 0
vt 0 0
vt 0 0
vt 0 0
vt 0 0
vt 0 0
vt 0 0
vt 0 0
vt 0 0
vt 0 0
vt 0 0
vt 0 0
vt 0 0
vt 0 0
vt 0 0
vt 0 0
vt 0 0
vt 0 0
vt 0 0
vt 0 0
vt 0 0
vt 0 0
vt 0 0
vt 0 0
vt 0 0
vt 0 0
vt 0 0
vt 0 0
vt 0 0
vt 0 0
vt 0 0
vt 0 0
vt 0 0
vt 0 0
vt 0 0
vt 0 0
vt 0 0
vt 0 0
vt 0 0
vt 0 0
vt 0 0
vt 0 0
vt 0 0
vt 0 0
vt 0 0
vt 0 0
vt 0 0
vt 0 0
vt 0 0
vt 0 0
vt 0 0
vt 0 0
vt 0 0
vt 0 0
vt 0 0
vt 0 0
vt 0 0
vt 0 0
vt 0 0
vt 0 0
vt 0 0
vt 0 0
vt 0 0
vt 0 0
vt 0 0
vt 0 0
vt 0 0
vt 0 0
vt 0 0
vt 0 0
vt 0 0
vt 0 0
vt 0 0
vt 0 0
vt 0 0
vt 0 0
vt 0 0
vt 0 0
vt 0 0
vt 0 0
vt 0 0
vt 0 0
vt 0 0
vt 0 0
vt 0 0
vt 0 0
vt 0 0
vt 0 0
vt 0 0
vt 0 0
vt 0 0
vt 0 0
vt 0 0
vt 0 0
vt 0 0
vt 0 0
vt 0 0
vt 0 0
vt 0 0
vt 0 0
vt 0 0
vt 0 0
vt 0 0
vt 0 0
vt 0 0
vt 0 0
vt 0 0
vt 0 0
vt 0 0
vt 0 0
vt 0 0
vt 0 0
vt 0 0
vt 0 0
vt 0 0
vt 0 0
vt 0 0
vt 0 0
vt 0 0
vt 0 0
vt 0 0
vt 0 0
vt 0 0
vt 0 0
vt 0 0
vt 0 0
vt 0 0
vt 0 0
vt 0 0
vt 0 0
vt 0 0
vt 0 0
vt 0 0
vt 0 0
vt 0 0
vt 0 0
vt 0 0
vt 0 0
vt 0 0
vt 0 0
vt 0 0
vt 0 0
vt 0 0
vt 0 0
vt 0 0
vt 0 0
vt 0 0
vt 0 0
vt 0 0
vt 0 0
vt 0 0
vt 0 0
vt 0 0
vt 0 0
vt 0 0
vt 0 0
vt 0 0
vt 0 0
vt 0 0
vt 0 0
vt 0 0
vt 0 0
vt 0 0
vt 0 0
vt 0 0
vt 0 0
vt 0 0
vt 0 0
vt 0 0
vt 0 0
vt 0 0
vt 0 0
vt 0 0
vt 0 0
vt 0 0
vt 0 0
vt 0 0
vt 0 0
vt 0 0
vt 0 0
vt 0 0
vt 0 0
vt 0 0
vt 0 0
vt 0 0
vt 0 0
vt 0 0
vt 0 0
vt 0 0
vt 0 0
vt 0 0
vt 0 0
vt 0 0
vt 0 0
vt 0 0
vt 0 0
vt 0 0
vt 0 0
vt 0 0
vt 0 0
vt 0 0
vt 0 0
vt 0 0
vt 0 0
vt 0 0
vt 0 0
vt 0 0
vt 0 0
vt 0 0
vt 0 0
vt 0 0
vt 0 0
vt 0 0
vt 0 0
vt 0 0
vt 0 0
vt 0 0
vt 0 0
vt 0 0
vt 0 0
vt 0 0
vt 0 0
vt 0 0
vt 0 0
vt 0 0
vt 0 0
vt 0 0
vt 0 0
vt 0 0
vt 0 0
vt 0 0
vt 0 0
vt 0 0
vt 0 0
vt 0 0
vt 0 0
vt 0 0
vt 0 0
vt 0 0
vt 0 0
vt 0 0
vt 0 0
vt 0 0
vt 0 0
vt 0 0
vt 0 0
vt 0 0
vt 0 0
vt 0 0
vt 0 0
vt 0 0
vt 0 0
vt 0 0
vt 0 0
vt 0 0
vt 0 0
vt 0 0
vt 0 0
vt 0 0
vt 0 0
vt 0 0
vt 0 0
vt 0 0
vt 0 0
vt 0 0
vt 0 0
vt 0 0
vt 0 0
vt 0 0
vt 0 0
vt 0 0
vt 0 0
vt 0 0
vt 0 0
vt 0 0
vt 0 0
vt 0 0
vt 0 0
vt 0 0
vt 0 0
vt 0 0
vt 0 0
vt 0 0
vt 0 0
vt 0 0
vt 0 0
vt 0 0
vt 0 0
vt 0 0
vt 0 0
vt 0 0
vt 0 0
vt 0 0
vt 0 0
vt 0 0
vt 0 0
vt 0 0
vt 0 0
vt 0 0
vt 0 0
vt 0 0
vt 0 0
vt 0 0
vt 0 0
vt 0 0
vt 0 0
vt 0 0
vt 0 0
vt 0 0
vt 0 0
vt 0 0
vt 0 0
vt 0 0
vt 0 0
vt 0 0
vt 0 0
vt 0 0
vt 0 0
vt 0 0
vt 0 0
vt 0 0
vt 0 0
vt 0 0
vt 0 0
vt 0 0
vt 0 0
vt 0 0
vt 0 0
vt 0 0
vt 0 0
vt 0 0
vt 0 0
vt 0 0
vt 0 0
vt 0 0
vt 0 0
vt 0 0
vt 0 0
vt 0 0
vt 0 0
vt 0 0
vt 0 0
vt 0 0
vt 0 0
vt 0 0
vt 0 0
vt 0 0
vt 0 0
vt 0 0
vt 0 0
vt 0 0
vt 0 0
vt 0 0
vt 0 0
vt 0 0
vt 0 0
vt 0 0
vt 0 0
vt 0 0
vt 0 0
vt 0 0
vt 0 0
vt 0 0
vt 0 0
vt 0 0
vt 0 0
vt 0 0
vt 0 0
vt 0 0
vt 0 0
vt 0 0
vt 0 0
vt 0 0
vt 0 0
vt 0 0
vt 0 0
vt 0 0
vt 0 0
vt 0 0
vt 0 0
vt 0 0
vt 0 0
vt 0 0
vt 0 0
vt 0 0
vt 0 0
vt 0 0
vt 0 0
vt 0 0
vt 0 0
vt 0 0
vt 0 0
vt 0 0
vt 0 0
vt 0 0
vt 0 0
vt 0 0
vt 0 0
vt 0 0
vt 0 0
vt 0 0
vt 0 0
vt 0 0
vt 0 0
vt 0 0
vt 0 0
vt 0 0
vt 0 0
vt 0 0
vt 0 0
vt 0 0
vt 0 0
vt 0 0
vt 0 0
vt 0 0
vt 0 0
vt 0 0
vt 0 0
vt 0 0
vt 0 0
vt 0 0
vt 0 0
vt 0 0
vt 0 0
vt 0 0
vt 0 0
vt 0 0
vt 0 0
vt 0 0
vt 0 0
vt 0 0
vt 0 0
vt 0 0
vt 0 0
vt 0 0
vt 0 0
vt 0 0
vt 0 0
vt 0 0
vt 0 0
vt 0 0
vt 0 0
vt 0 0
vt 0 0
vt 0 0
vt 0 0
vt 0 0
vt 0 0
vt 0 0
vt 0 0
vt 0 0
vt 0 0
vt 0 0
vt 0 0
vt 0 0
vt 0 0
vt 0 0
vt 0 0
vt 0 0
vt 0 0
vt 0 0
vt 0 0
vt 0 0
vt 0 0
vt 0 0
vt 0 0
vt 0 0
vt 0 0
vt 0 0
vt 0 0
vt 0 0
vt 0 0
vt 0 0
vt 0 0
vt 0 0
vt 0 0
vt 0 0
vt 0 0
vt 0 0
vt 0 0
vt 0 0
vt 0 0
vt 0 0
vt 0 0
vt 0 0
vt 0 0
vt 0 0
vt 0 0
vt 0 0
vt 0 0
vt 0 0
vt 0 0
vt 0 0
vt 0 0
vt 0 0
vt 0 0
vt 0 0
vt 0 0
vt 0 0
vt 0 0
vt 0 0
vt 0 0
vt 0 0
vt 0 0
vt 0 0
vt 0 0
vt 0 0
vt 0 0
vt 0 0
vt 0 0
vt 0 0
vt 0 0
vt 0 0
vt 0 0
vt 0 0
vt 0 0
vt 0 0
vt 0 0
vt 0 0
vt 0 0
vt 0 0
vt 0 0
vt 0 0
vt 0 0
vt 0 0
vt 0 0
vt 0 0
vt 0 0
vt 0 0
vt 0 0
vt 0 0
vt 0 0
vt 0 0
vt 0 0
vt 0 0
vt 0 0
vt 0 0
vt 0 0
vt 0 0
vt 0 0
vt 0 0
vt 0 0
vt 0 0
vt 0 0
vt 0 0
vt 0 0
vt 0 0
vt 0 0
vt 0 0
vt 0 0
vt 0 0
vt 0 0
vt 0 0
vt 0 0
vt 0 0
vt 0 0
vt 0 0
vt 0 0
vt 0 0
vt 0 0
vt 0 0
vt 0 0
vt 0 0
vt 0 0
vt 0 0
vt 0 0
vt 0 0
vt 0 0
vt 0 0
vt 0 0
vt 0 0
vt 0 0
vt 0 0
vt 0 0
vt 0 0
vt 0 0
vt 0 0
vt 0 0
vt 0 0
vt 0 0
vt 0 0
vt 0 0
vt 0 0
vt 0 0
vt 0 0
vt 0 0
vt 0 0
vt 0 0
vt 0 0
vt 0 0
vt 0 0
vt 0 0
vt 0 0
vt 0 0
vt 0 0
vt 0 0
vt 0 0
vt 0 0
vt 0 0
vt 0 0
vt 0 0
vt 0 0
vt 0 0
vt 0 0
vt 0 0
vt 0 0
vt 0 0
vt 0 0
vt 0 0
vt 0 0
vt 0 0
vt 0 0
vt 0 0
vt 0 0
vt 0 0
vt 0 0
vt 0 0
vt 0 0
vt 0 0
vt 0 0
vt 0 0
vt 0 0
vt 0 0
vt 0 0
vt 0 0
vt 0 0
vt 0 0
vt 0 0
vt 0 0
vt 0 0
vt 0 0
vt 0 0
vt 0 0
vt 0 0
vt 0 0
vt 0 0
vt 0 0
vt 0 0
vt 0 0
vt 0 0
vt 0 0
vt 0 0
vt 0 0
vt 0 0
vt 0 0
vt 0 0
vt 0 0
vt 0 0
vt 0 0
vt 0 0
vt 0 0
vt 0 0
vt 0 0
vt 0 0
vt 0 0
vt 0 0
vt 0 0
vt 0 0
vt 0 0
vt 0 0
vt 0 0
vt 0 0
vt 0 0
vt 0 0
vt 0 0
vt 0 0
vt 0 0
vt 0 0
vt 0 0
vt 0 0
vt 0 0
vt 0 0
vt 0 0
vt 0 0
vt 0 0
vt 0 0
vt 0 0
vt 0 0
vt 0 0
vt 0 0
vt 0 0
vt 0 0
vt 0 0
vt 0 0
vt 0 0
vt 0 0
vt 0 0
vt 0 0
vt 0 0
vt 0 0
vt 0 0
vt 0 0
vt 0 0
vt 0 0
vt 0 0
vt 0 0
vt 0 0
vt 0 0
vt 0 0
vt 0 0
vt 0 0
vt 0 0
vt 0 0
vt 0 0
vt 0 0
vt 0 0
vt 0 0
vt 0 0
vt 0 0
vt 0 0
vt 0 0
vt 0 0
vt 0 0
vt 0 0
vt 0 0
vt 0 0
vt 0 0
vt 0 0
vt 0 0
vt 0 0
vt 0 0
vt 0 0
vt 0 0
vt 0 0
vt 0 0
vt 0 0
vt 0 0
vt 0 0
vt 0 0
vt 0 0
vt 0 0
vt 0 0
vt 0 0
vt 0 0
vt 0 0
vt 0 0
vt 0 0
vt 0 0
vt 0 0
vt 0 0
vt 0 0
vt 0 0
vt 0 0
vt 0 0
vt 0 0
vt 0 0
vt 0 0
vt 0 0
vt 0 0
vt 0 0
vt 0 0
vt 0 0
vt 0 0
vt 0 0
vt 0 0
vt 0 0
vt 0 0
vt 0 0
vt 0 0
vt 0 0
vt 0 0
vt 0 0
vt 0 0
vt 0 0
vt 0 0
vt 0 0
vt 0 0
vt 0 0
vt 0 0
vt 0 0
vt 0 0
vt 0 0
vt 0 0
vt 0 0
vt 0 0
vt 0 0
vt 0 0
vt 0 0
vt 0 0
vt 0 0
vt 0 0
vt 0 0
vt 0 0
vt 0 0
vt 0 0
vt 0 0
vt 0 0
vt 0 0
vt 0 0
vt 0 0
vt 0 0
vt 0 0
vt 0 0
vt 0 0
vt 0 0
vt 0 0
vt 0 0
vt 0 0
vt 0 0
vt 0 0
vt 0 0
vt 0 0
vt 0 0
vt 0 0
vt 0 0
vt 0 0
vt 0 0
vt 0 0
vt 0 0
vt 0 0
vt 0 0
vt 0 0
vt 0 0
vt 0 0
vt 0 0
vt 0 0
vt 0 0
vt 0 0
vt 0 0
vt 0 0
vt 0 0
vt 0 0
vt 0 0
vt 0 0
vt 0 0
vt 0 0
vt 0 0
vt 0 0
vt 0 0
vt 0 0
vt 0 0
vt 0 0
vt 0 0
vt 0 0
vt 0 0
vt 0 0
vt 0 0
vt 0 0
vt 0 0
vt 0 0
vt 0 0
vt 0 0
vt 0 0
vt 0 0
vt 0 0
vt 0 0
vt 0 0
vt 0 0
vt 0 0
vt 0 0
vt 0 0
vt 0 0
vt 0 0
vt 0 0
vt 0 0
vt 0 0
vt 0 0
vt 0 0
vt 0 0
vt 0 0
vt 0 0
vt 0 0
vt 0 0
vt 0 0
vt 0 0
vt 0 0
vt 0 0
vt 0 0
vt 0 0
vt 0 0
vt 0 0
vt 0 0
vt 0 0
vt 0 0
vt 0 0
vt 0 0
vt 0 0
vt 0 0
vt 0 0
vt 0 0
vt 0 0
vt 0 0
vt 0 0
vt 0 0
vt 0 0
vt 0 0
vt 0 0
vt 0 0
vt 0 0
vt 0 0
vt 0 0
vt 0 0
vt 0 0
vt 0 0
vt 0 0
vt 0 0
vt 0 0
vt 0 0
vt 0 0
vt 0 0
vt 0 0
vt 0 0
vt 0 0
vt 0 0
vt 0 0
vt 0 0
vt 0 0
vt 0 0
vt 0 0
vt 0 0
vt 0 0
vt 0 0
vt 0 0
vt 0 0
vt 0 0
vt 0 0
vt 0 0
vt 0 0
vt 0 0
vt 0 0
vt 0 0
vt 0 0
vt 0 0
vt 0 0
vt 0 0
vt 0 0
vt 0 0
vt 0 0
vt 0 0
vt 0 0
vt 0 0
vt 0 0
vt 0 0
vt 0 0
vt 0 0
vt 0 0
vt 0 0
vt 0 0
vt 0 0
vt 0 0
vt 0 0
vt 0 0
vt 0 0
vt 0 0
vt 0 0
vt 0 0
vt 0 0
vt 0 0
vt 0 0
vt 0 0
vt 0 0
vt 0 0
vt 0 0
vt 0 0
vt 0 0
vt 0 0
vt 0 0
vt 0 0
vt 0 0
vt 0 0
vt 0 0
vt 0 0
vt 0 0
vt 0 0
vt 0 0
vt 0 0
vt 0 0
vt 0 0
vt 0 0
vt 0 0
vt 0 0
vt 0 0
vt 0 0
vt 0 0
vt 0 0
vt 0 0
vt 0 0
vt 0 0
vt 0 0
vt 0 0
vt 0 0
vt 0 0
vt 0 0
vt 0 0
vt 0 0
vt 0 0
vt 0 0
vt 0 0
vt 0 0
vt 0 0
vt 0 0
vt 0 0
vt 0 0
vt 0 0
vt 0 0
vt 0 0
vt 0 0
vt 0 0
vt 0 0
vt 0 0
vt 0 0
vt 0 0
vt 0 0
vt 0 0
vt 0 0
vt 0 0
vt 0 0
vt 0 0
vt 0 0
vt 0 0
vt 0 0
vt 0 0
vt 0 0
vt 0 0
vt 0 0
vt 0 0
vt 0 0
vt 0 0
vt 0 0
vt 0 0
vt 0 0
vt 0 0
vt 0 0
vt 0 0
vt 0 0
vt 0 0
vt 0 0
vt 0 0
vt 0 0
vt 0 0
vt 0 0
vt 0 0
vt 0 0
vt 0 0
vt 0 0
vt 0 0
vt 0 0
vt 0 0
vt 0 0
vt 0 0
vt 0 0
vt 0 0
vt 0 0
vt 0 0
vt 0 0
vt 0 0
vt 0 0
vt 0 0
vt 0 0
vt 0 0
vt 0 0
vt 0 0
vt 0 0
vt 0 0
vt 0 0
vt 0 0
vt 0 0
vt 0 0
vt 0 0
vt 0 0
vt 0 0
vt 0 0
vt 0 0
vt 0 0
vt 0 0
vt 0 0
vt 0 0
vt 0 0
vt 0 0
vt 0 0
vt 0 0
vt 0 0
vt 0 0
vt 0 0
vt 0 0
vt 0 0
vt 0 0
vt 0 0
vt 0 0
vt 0 0
vt 0 0
vt 0 0
vt 0 0
vt 0 0
vt 0 0
vt 0 0
vt 0 0
vt 0 0
vt 0 0
vt 0 0
vt 0 0
vt 0 0
vt 0 0
vt 0 0
vt 0 0
vt 0 0
vt 0 0
vt 0 0
vt 0 0
vt 0 0
vt 0 0
vt 0 0
vt 0 0
vt 0 0
vt 0 0
vt 0 0
vt 0 0
vt 0 0
vt 0 0
vt 0 0
vt 0 0
vt 0 0
vt 0 0
vt 0 0
vt 0 0
vt 0 0
vt 0 0
vt 0 0
vt 0 0
vt 0 0
vt 0 0
vt 0 0
vt 0 0
vt 0 0
vt 0 0
vt 0 0
vt 0 0

f 2/1/2 8/1/8 1/1/1
f 9/1/9 1/1/1 8/1/8
f 2/1/2 11/1/11 8/1/8
f 11/1/11 2/1/2 4/1/4
f 2/1/2 1/1/1 3/1/3
f 1/1/1 9/1/9 3/1/3
f 4/1/4 2/1/2 3/1/3
f 6/1/6 5/1/5 9/1/9
f 8/1/8 6/1/6 9/1/9
f 8/1/8 7/1/7 6/1/6
f 16/1/16 7/1/7 11/1/11
f 11/1/11 7/1/7 8/1/8
f 5/1/5 10/1/10 9/1/9
f 4/1/4 17/1/17 11/1/11
f 17/1/17 16/1/16 11/1/11
f 9/1/9 10/1/10 3/1/3
f 13/1/13 4/1/4 3/1/3
f 17/1/17 4/1/4 13/1/13
f 13/1/13 12/1/12 17/1/17
f 3/1/3 10/1/10 14/1/14
f 3/1/3 14/1/14 15/1/15
f 13/1/13 3/1/3 15/1/15
f 22/1/22 13/1/13 15/1/15
f 14/1/14 19/1/19 15/1/15
f 15/1/15 19/1/19 22/1/22
f 7/1/7 23/1/23 6/1/6
f 5/1/5 26/1/26 10/1/10
f 20/1/20 10/1/10 26/1/26
f 21/1/21 17/1/17 12/1/12
f 18/1/18 13/1/13 22/1/22
f 5/1/5 24/1/24 26/1/26
f 25/1/25 24/1/24 5/1/5
f 6/1/6 25/1/25 5/1/5
f 23/1/23 25/1/25 6/1/6
f 23/1/23 7/1/7 30/1/30
f 39/1/39 30/1/30 7/1/7
f 16/1/16 39/1/39 7/1/7
f 39/1/39 16/1/16 21/1/21
f 21/1/21 16/1/16 17/1/17
f 10/1/10 20/1/20 14/1/14
f 22/1/22 19/1/19 28/1/28
f 24/1/24 32/1/32 26/1/26
f 20/1/20 26/1/26 32/1/32
f 32/1/32 33/1/33 20/1/20
f 13/1/13 18/1/18 35/1/35
f 13/1/13 35/1/35 12/1/12
f 36/1/36 19/1/19 14/1/14
f 28/1/28 19/1/19 27/1/27
f 24/1/24 25/1/25 29/1/29
f 24/1/24 29/1/29 32/1/32
f 44/1/44 39/1/39 34/1/34
f 34/1/34 39/1/39 21/1/21
f 20/1/20 33/1/33 36/1/36
f 20/1/20 36/1/36 14/1/14
f 42/1/42 29/1/29 25/1/25
f 23/1/23 42/1/42 25/1/25
f 42/1/42 23/1/23 49/1/49
f 49/1/49 23/1/23 30/1/30
f 32/1/32 29/1/29 47/1/47
f 31/1/31 33/1/33 32/1/32
f 21/1/21 12/1/12 34/1/34
f 34/1/34 12/1/12 35/1/35
f 36/1/36 33/1/33 41/1/41
f 19/1/19 36/1/36 37/1/37
f 18/1/18 22/1/22 38/1/38
f 19/1/19 37/1/37 27/1/27
f 22/1/22 28/1/28 38/1/38
f 42/1/42 48/1/48 29/1/29
f 33/1/33 31/1/31 40/1/40
f 40/1/40 41/1/41 33/1/33
f 47/1/47 43/1/43 32/1/32
f 32/1/32 43/1/43 31/1/31
f 35/1/35 60/1/60 34/1/34
f 41/1/41 51/1/51 52/1/52
f 52/1/52 36/1/36 41/1/41
f 27/1/27 37/1/37 45/1/45
f 46/1/46 27/1/27 45/1/45
f 28/1/28 27/1/27 46/1/46
f 62/1/62 47/1/47 48/1/48
f 29/1/29 48/1/48 47/1/47
f 30/1/30 44/1/44 90/1/90
f 39/1/39 44/1/44 30/1/30
f 43/1/43 59/1/59 31/1/31
f 31/1/31 50/1/50 40/1/40
f 51/1/51 41/1/41 40/1/40
f 52/1/52 37/1/37 36/1/36
f 38/1/38 54/1/54 18/1/18
f 45/1/45 37/1/37 61/1/61
f 45/1/45 61/1/61 55/1/55
f 46/1/46 45/1/45 55/1/55
f 28/1/28 46/1/46 56/1/56
f 38/1/38 28/1/28 56/1/56
f 46/1/46 55/1/55 56/1/56
f 47/1/47 62/1/62 43/1/43
f 31/1/31 59/1/59 50/1/50
f 34/1/34 93/1/93 44/1/44
f 34/1/34 60/1/60 93/1/93
f 35/1/35 18/1/18 53/1/53
f 18/1/18 54/1/54 53/1/53
f 37/1/37 52/1/52 61/1/61
f 38/1/38 64/1/64 54/1/54
f 64/1/64 38/1/38 56/1/56
f 48/1/48 57/1/57 62/1/62
f 48/1/48 58/1/58 57/1/57
f 58/1/58 48/1/48 42/1/42
f 62/1/62 66/1/66 43/1/43
f 72/1/72 42/1/42 49/1/49
f 30/1/30 90/1/90 49/1/49
f 63/1/63 50/1/50 59/1/59
f 60/1/60 35/1/35 53/1/53
f 55/1/55 61/1/61 74/1/74
f 66/1/66 80/1/80 43/1/43
f 80/1/80 59/1/59 43/1/43
f 51/1/51 40/1/40 50/1/50
f 64/1/64 56/1/56 87/1/87
f 74/1/74 69/1/69 55/1/55
f 56/1/56 55/1/55 70/1/70
f 87/1/87 56/1/56 70/1/70
f 62/1/62 65/1/65 66/1/66
f 89/1/89 62/1/62 57/1/57
f 42/1/42 72/1/72 58/1/58
f 59/1/59 80/1/80 82/1/82
f 90/1/90 72/1/72 49/1/49
f 93/1/93 90/1/90 44/1/44
f 93/1/93 60/1/60 122/1/122
f 67/1/67 51/1/51 50/1/50
f 60/1/60 53/1/53 84/1/84
f 67/1/67 68/1/68 51/1/51
f 51/1/51 68/1/68 52/1/52
f 68/1/68 73/1/73 52/1/52
f 74/1/74 52/1/52 73/1/73
f 61/1/61 52/1/52 74/1/74
f 133/1/133 54/1/54 64/1/64
f 69/1/69 70/1/70 55/1/55
f 65/1/65 71/1/71 79/1/79
f 65/1/65 79/1/79 66/1/66
f 79/1/79 80/1/80 66/1/66
f 58/1/58 121/1/121 57/1/57
f 59/1/59 82/1/82 63/1/63
f 84/1/84 122/1/122 60/1/60
f 76/1/76 67/1/67 50/1/50
f 53/1/53 105/1/105 85/1/85
f 53/1/53 54/1/54 105/1/105
f 64/1/64 87/1/87 133/1/133
f 87/1/87 70/1/70 75/1/75
f 65/1/65 62/1/62 89/1/89
f 93/1/93 100/1/100 90/1/90
f 63/1/63 76/1/76 50/1/50
f 68/1/68 67/1/67 73/1/73
f 84/1/84 53/1/53 85/1/85
f 133/1/133 105/1/105 54/1/54
f 73/1/73 77/1/77 74/1/74
f 101/1/101 87/1/87 75/1/75
f 70/1/70 69/1/69 78/1/78
f 91/1/91 79/1/79 88/1/88
f 91/1/91 81/1/81 79/1/79
f 71/1/71 88/1/88 79/1/79
f 71/1/71 65/1/65 102/1/102
f 89/1/89 102/1/102 65/1/65
f 79/1/79 81/1/81 80/1/80
f 89/1/89 57/1/57 121/1/121
f 82/1/82 81/1/81 98/1/98
f 80/1/80 81/1/81 82/1/82
f 58/1/58 72/1/72 121/1/121
f 83/1/83 122/1/122 84/1/84
f 73/1/73 86/1/86 77/1/77
f 133/1/133 87/1/87 101/1/101
f 77/1/77 69/1/69 74/1/74
f 110/1/110 91/1/91 88/1/88
f 120/1/120 102/1/102 89/1/89
f 121/1/121 120/1/120 89/1/89
f 121/1/121 72/1/72 92/1/92
f 72/1/72 90/1/90 92/1/92
f 99/1/99 82/1/82 98/1/98
f 82/1/82 99/1/99 63/1/63
f 84/1/84 85/1/85 83/1/83
f 94/1/94 67/1/67 76/1/76
f 69/1/69 77/1/77 78/1/78
f 88/1/88 71/1/71 119/1/119
f 119/1/119 71/1/71 102/1/102
f 97/1/97 81/1/81 96/1/96
f 104/1/104 90/1/90 100/1/100
f 63/1/63 99/1/99 76/1/76
f 83/1/83 85/1/85 105/1/105
f 67/1/67 94/1/94 73/1/73
f 86/1/86 73/1/73 94/1/94
f 95/1/95 77/1/77 86/1/86
f 91/1/91 110/1/110 96/1/96
f 111/1/111 110/1/110 88/1/88
f 119/1/119 111/1/111 88/1/88
f 91/1/91 96/1/96 81/1/81
f 81/1/81 97/1/97 98/1/98
f 90/1/90 104/1/104 92/1/92
f 103/1/103 99/1/99 98/1/98
f 76/1/76 99/1/99 159/1/159
f 106/1/106 86/1/86 94/1/94
f 101/1/101 75/1/75 115/1/115
f 77/1/77 95/1/95 78/1/78
f 130/1/130 121/1/121 92/1/92
f 152/1/152 100/1/100 93/1/93
f 76/1/76 159/1/159 114/1/114
f 93/1/93 122/1/122 152/1/152
f 86/1/86 106/1/106 95/1/95
f 115/1/115 75/1/75 70/1/70
f 70/1/70 78/1/78 116/1/116
f 124/1/124 108/1/108 117/1/117
f 108/1/108 124/1/124 107/1/107
f 113/1/113 108/1/108 107/1/107
f 117/1/117 108/1/108 112/1/112
f 117/1/117 112/1/112 109/1/109
f 118/1/118 117/1/117 109/1/109
f 127/1/127 118/1/118 109/1/109
f 112/1/112 108/1/108 113/1/113
f 127/1/127 109/1/109 111/1/111
f 109/1/109 112/1/112 110/1/110
f 111/1/111 109/1/109 110/1/110
f 119/1/119 127/1/127 111/1/111
f 110/1/110 112/1/112 96/1/96
f 96/1/96 112/1/112 113/1/113
f 102/1/102 129/1/129 119/1/119
f 113/1/113 128/1/128 96/1/96
f 96/1/96 128/1/128 97/1/97
f 97/1/97 128/1/128 162/1/162
f 120/1/120 121/1/121 130/1/130
f 162/1/162 103/1/103 97/1/97
f 103/1/103 98/1/98 97/1/97
f 130/1/130 92/1/92 137/1/137
f 159/1/159 99/1/99 103/1/103
f 138/1/138 152/1/152 122/1/122
f 76/1/76 114/1/114 94/1/94
f 106/1/106 94/1/94 139/1/139
f 106/1/106 134/1/134 95/1/95
f 95/1/95 134/1/134 78/1/78
f 116/1/116 115/1/115 70/1/70
f 129/1/129 151/1/151 119/1/119
f 120/1/120 129/1/129 102/1/102
f 104/1/104 137/1/137 92/1/92
f 139/1/139 94/1/94 114/1/114
f 141/1/141 123/1/123 125/1/125
f 125/1/125 123/1/123 124/1/124
f 117/1/117 125/1/125 124/1/124
f 117/1/117 126/1/126 125/1/125
f 117/1/117 118/1/118 126/1/126
f 187/1/187 118/1/118 150/1/150
f 118/1/118 127/1/127 150/1/150
f 127/1/127 151/1/151 150/1/150
f 127/1/127 119/1/119 151/1/151
f 161/1/161 128/1/128 113/1/113
f 100/1/100 152/1/152 104/1/104
f 122/1/122 83/1/83 138/1/138
f 83/1/83 105/1/105 132/1/132
f 133/1/133 143/1/143 105/1/105
f 101/1/101 115/1/115 135/1/135
f 78/1/78 134/1/134 149/1/149
f 135/1/135 115/1/115 144/1/144
f 123/1/123 140/1/140 124/1/124
f 124/1/124 136/1/136 107/1/107
f 107/1/107 136/1/136 113/1/113
f 136/1/136 161/1/161 113/1/113
f 129/1/129 120/1/120 130/1/130
f 130/1/130 137/1/137 164/1/164
f 138/1/138 176/1/176 152/1/152
f 160/1/160 114/1/114 159/1/159
f 160/1/160 170/1/170 114/1/114
f 132/1/132 138/1/138 83/1/83
f 139/1/139 170/1/170 142/1/142
f 105/1/105 143/1/143 132/1/132
f 171/1/171 133/1/133 101/1/101
f 101/1/101 135/1/135 171/1/171
f 144/1/144 115/1/115 116/1/116
f 116/1/116 78/1/78 149/1/149
f 155/1/155 140/1/140 123/1/123
f 124/1/124 140/1/140 136/1/136
f 187/1/187 126/1/126 118/1/118
f 128/1/128 161/1/161 169/1/169
f 130/1/130 163/1/163 129/1/129
f 162/1/162 146/1/146 103/1/103
f 104/1/104 152/1/152 147/1/147
f 153/1/153 176/1/176 138/1/138
f 139/1/139 114/1/114 170/1/170
f 142/1/142 148/1/148 139/1/139
f 171/1/171 143/1/143 133/1/133
f 139/1/139 148/1/148 106/1/106
f 106/1/106 148/1/148 134/1/134
f 141/1/141 155/1/155 123/1/123
f 166/1/166 155/1/155 141/1/141
f 141/1/141 145/1/145 166/1/166
f 125/1/125 145/1/145 141/1/141
f 179/1/179 136/1/136 140/1/140
f 125/1/125 126/1/126 145/1/145
f 128/1/128 169/1/169 162/1/162
f 130/1/130 164/1/164 163/1/163
f 103/1/103 146/1/146 131/1/131
f 104/1/104 147/1/147 137/1/137
f 131/1/131 159/1/159 103/1/103
f 138/1/138 132/1/132 153/1/153
f 153/1/153 132/1/132 154/1/154
f 132/1/132 143/1/143 154/1/154
f 148/1/148 165/1/165 134/1/134
f 144/1/144 116/1/116 149/1/149
f 155/1/155 173/1/173 140/1/140
f 145/1/145 126/1/126 187/1/187
f 152/1/152 158/1/158 147/1/147
f 134/1/134 165/1/165 178/1/178
f 149/1/149 134/1/134 178/1/178
f 166/1/166 183/1/183 155/1/155
f 156/1/156 145/1/145 209/1/209
f 145/1/145 187/1/187 209/1/209
f 179/1/179 167/1/167 136/1/136
f 136/1/136 167/1/167 161/1/161
f 151/1/151 129/1/129 157/1/157
f 176/1/176 158/1/158 152/1/152
f 148/1/148 142/1/142 190/1/190
f 155/1/155 183/1/183 173/1/173
f 173/1/173 194/1/194 140/1/140
f 194/1/194 179/1/179 140/1/140
f 145/1/145 156/1/156 166/1/166
f 151/1/151 168/1/168 150/1/150
f 159/1/159 131/1/131 160/1/160
f 143/1/143 207/1/207 154/1/154
f 207/1/207 143/1/143 171/1/171
f 148/1/148 190/1/190 177/1/177
f 165/1/165 148/1/148 177/1/177
f 149/1/149 178/1/178 203/1/203
f 149/1/149 203/1/203 181/1/181
f 149/1/149 181/1/181 144/1/144
f 183/1/183 166/1/166 156/1/156
f 187/1/187 174/1/174 209/1/209
f 161/1/161 167/1/167 175/1/175
f 175/1/175 169/1/169 161/1/161
f 151/1/151 157/1/157 168/1/168
f 129/1/129 163/1/163 157/1/157
f 157/1/157 163/1/163 195/1/195
f 137/1/137 147/1/147 164/1/164
f 189/1/189 160/1/160 131/1/131
f 154/1/154 207/1/207 199/1/199
f 171/1/171 135/1/135 200/1/200
f 135/1/135 180/1/180 200/1/200
f 144/1/144 180/1/180 135/1/135
f 180/1/180 144/1/144 182/1/182
f 165/1/165 191/1/191 178/1/178
f 144/1/144 181/1/181 182/1/182
f 183/1/183 172/1/172 173/1/173
f 184/1/184 183/1/183 156/1/156
f 157/1/157 188/1/188 168/1/168
f 157/1/157 195/1/195 188/1/188
f 169/1/169 196/1/196 162/1/162
f 162/1/162 196/1/196 146/1/146
f 216/1/216 163/1/163 164/1/164
f 197/1/197 131/1/131 146/1/146
f 176/1/176 198/1/198 158/1/158
f 153/1/153 154/1/154 199/1/199
f 207/1/207 171/1/171 213/1/213
f 177/1/177 191/1/191 165/1/165
f 203/1/203 192/1/192 181/1/181
f 172/1/172 193/1/193 173/1/173
f 249/1/249 156/1/156 209/1/209
f 147/1/147 216/1/216 164/1/164
f 181/1/181 192/1/192 182/1/182
f 204/1/204 172/1/172 183/1/183
f 194/1/194 173/1/173 193/1/193
f 194/1/194 185/1/185 179/1/179
f 184/1/184 156/1/156 249/1/249
f 185/1/185 186/1/186 179/1/179
f 179/1/179 186/1/186 167/1/167
f 186/1/186 175/1/175 167/1/167
f 210/1/210 187/1/187 150/1/150
f 150/1/150 168/1/168 211/1/211
f 150/1/150 211/1/211 210/1/210
f 188/1/188 211/1/211 168/1/168
f 169/1/169 175/1/175 205/1/205
f 169/1/169 205/1/205 196/1/196
f 147/1/147 158/1/158 206/1/206
f 147/1/147 206/1/206 216/1/216
f 189/1/189 131/1/131 197/1/197
f 176/1/176 153/1/153 198/1/198
f 198/1/198 153/1/153 199/1/199
f 160/1/160 230/1/230 170/1/170
f 190/1/190 201/1/201 177/1/177
f 200/1/200 180/1/180 231/1/231
f 182/1/182 202/1/202 180/1/180
f 172/1/172 204/1/204 193/1/193
f 184/1/184 204/1/204 183/1/183
f 187/1/187 210/1/210 174/1/174
f 211/1/211 188/1/188 269/1/269
f 188/1/188 195/1/195 243/1/243
f 215/1/215 195/1/195 212/1/212
f 216/1/216 212/1/212 195/1/195
f 195/1/195 163/1/163 216/1/216
f 160/1/160 189/1/189 230/1/230
f 170/1/170 230/1/230 142/1/142
f 279/1/279 207/1/207 213/1/213
f 177/1/177 281/1/281 191/1/191
f 192/1/192 203/1/203 234/1/234
f 194/1/194 208/1/208 185/1/185
f 184/1/184 249/1/249 242/1/242
f 186/1/186 205/1/205 175/1/175
f 243/1/243 195/1/195 215/1/215
f 255/1/255 142/1/142 230/1/230
f 190/1/190 142/1/142 255/1/255
f 171/1/171 200/1/200 213/1/213
f 281/1/281 177/1/177 201/1/201
f 180/1/180 214/1/214 231/1/231
f 214/1/214 180/1/180 202/1/202
f 178/1/178 191/1/191 203/1/203
f 225/1/225 193/1/193 204/1/204
f 208/1/208 194/1/194 241/1/241
f 241/1/241 194/1/194 193/1/193
f 208/1/208 227/1/227 185/1/185
f 185/1/185 227/1/227 186/1/186
f 188/1/188 243/1/243 269/1/269
f 244/1/244 146/1/146 196/1/196
f 146/1/146 244/1/244 197/1/197
f 197/1/197 253/1/253 189/1/189
f 199/1/199 207/1/207 246/1/246
f 201/1/201 232/1/232 281/1/281
f 203/1/203 191/1/191 281/1/281
f 193/1/193 225/1/225 241/1/241
f 223/1/223 225/1/225 204/1/204
f 204/1/204 184/1/184 268/1/268
f 242/1/242 268/1/268 184/1/184
f 357/1/357 174/1/174 210/1/210
f 205/1/205 186/1/186 250/1/250
f 210/1/210 211/1/211 269/1/269
f 271/1/271 216/1/216 245/1/245
f 206/1/206 245/1/245 216/1/216
f 244/1/244 253/1/253 197/1/197
f 158/1/158 245/1/245 206/1/206
f 158/1/158 198/1/198 228/1/228
f 198/1/198 199/1/199 278/1/278
f 200/1/200 279/1/279 213/1/213
f 190/1/190 255/1/255 201/1/201
f 238/1/238 217/1/217 236/1/236
f 239/1/239 235/1/235 236/1/236
f 236/1/236 217/1/217 218/1/218
f 236/1/236 218/1/218 239/1/239
f 238/1/238 237/1/237 217/1/217
f 217/1/217 237/1/237 219/1/219
f 217/1/217 219/1/219 220/1/220
f 218/1/218 217/1/217 220/1/220
f 264/1/264 239/1/239 218/1/218
f 222/1/222 219/1/219 221/1/221
f 220/1/220 219/1/219 222/1/222
f 218/1/218 220/1/220 264/1/264
f 204/1/204 224/1/224 223/1/223
f 204/1/204 268/1/268 224/1/224
f 208/1/208 226/1/226 227/1/227
f 250/1/250 186/1/186 227/1/227
f 209/1/209 174/1/174 249/1/249
f 326/1/326 210/1/210 269/1/269
f 205/1/205 244/1/244 196/1/196
f 228/1/228 245/1/245 158/1/158
f 253/1/253 272/1/272 189/1/189
f 228/1/228 198/1/198 278/1/278
f 230/1/230 189/1/189 272/1/272
f 272/1/272 229/1/229 230/1/230
f 278/1/278 199/1/199 246/1/246
f 279/1/279 200/1/200 254/1/254
f 201/1/201 257/1/257 232/1/232
f 232/1/232 280/1/280 281/1/281
f 192/1/192 233/1/233 182/1/182
f 235/1/235 284/1/284 236/1/236
f 236/1/236 284/1/284 238/1/238
f 260/1/260 235/1/235 239/1/239
f 221/1/221 219/1/219 263/1/263
f 264/1/264 220/1/220 240/1/240
f 221/1/221 263/1/263 247/1/247
f 240/1/240 220/1/220 222/1/222
f 222/1/222 221/1/221 247/1/247
f 222/1/222 247/1/247 240/1/240
f 241/1/241 266/1/266 267/1/267
f 225/1/225 266/1/266 241/1/241
f 241/1/241 267/1/267 208/1/208
f 267/1/267 226/1/226 208/1/208
f 242/1/242 249/1/249 248/1/248
f 249/1/249 174/1/174 357/1/357
f 205/1/205 250/1/250 251/1/251
f 252/1/252 205/1/205 251/1/251
f 205/1/205 252/1/252 244/1/244
f 246/1/246 207/1/207 279/1/279
f 200/1/200 273/1/273 254/1/254
f 231/1/231 214/1/214 256/1/256
f 233/1/233 202/1/202 182/1/182
f 192/1/192 234/1/234 233/1/233
f 203/1/203 281/1/281 234/1/234
f 283/1/283 284/1/284 235/1/235
f 235/1/235 258/1/258 283/1/283
f 261/1/261 219/1/219 237/1/237
f 219/1/219 261/1/261 263/1/263
f 223/1/223 266/1/266 225/1/225
f 269/1/269 243/1/243 277/1/277
f 270/1/270 243/1/243 215/1/215
f 216/1/216 271/1/271 212/1/212
f 329/1/329 253/1/253 244/1/244
f 230/1/230 229/1/229 255/1/255
f 229/1/229 316/1/316 255/1/255
f 231/1/231 273/1/273 200/1/200
f 257/1/257 306/1/306 232/1/232
f 214/1/214 202/1/202 332/1/332
f 260/1/260 259/1/259 258/1/258
f 235/1/235 260/1/260 258/1/258
f 262/1/262 263/1/263 261/1/261
f 263/1/263 262/1/262 274/1/274
f 247/1/247 263/1/263 274/1/274
f 247/1/247 274/1/274 288/1/288
f 288/1/288 298/1/298 247/1/247
f 265/1/265 275/1/275 266/1/266
f 223/1/223 265/1/265 266/1/266
f 224/1/224 265/1/265 223/1/223
f 267/1/267 290/1/290 226/1/226
f 300/1/300 302/1/302 226/1/226
f 226/1/226 302/1/302 227/1/227
f 302/1/302 324/1/324 227/1/227
f 324/1/324 250/1/250 227/1/227
f 357/1/357 210/1/210 326/1/326
f 250/1/250 324/1/324 251/1/251
f 270/1/270 215/1/215 328/1/328
f 246/1/246 279/1/279 292/1/292
f 231/1/231 375/1/375 273/1/273
f 293/1/293 257/1/257 201/1/201
f 256/1/256 214/1/214 332/1/332
f 232/1/232 306/1/306 360/1/360
f 232/1/232 360/1/360 280/1/280
f 233/1/233 332/1/332 202/1/202
f 234/1/234 282/1/282 233/1/233
f 258/1/258 259/1/259 283/1/283
f 283/1/283 259/1/259 307/1/307
f 283/1/283 319/1/319 284/1/284
f 284/1/284 295/1/295 238/1/238
f 349/1/349 259/1/259 260/1/260
f 237/1/237 238/1/238 308/1/308
f 261/1/261 296/1/296 262/1/262
f 286/1/286 274/1/274 262/1/262
f 264/1/264 240/1/240 297/1/297
f 264/1/264 297/1/297 337/1/337
f 247/1/247 298/1/298 240/1/240
f 265/1/265 276/1/276 275/1/275
f 311/1/311 266/1/266 275/1/275
f 267/1/267 266/1/266 311/1/311
f 265/1/265 224/1/224 367/1/367
f 224/1/224 268/1/268 322/1/322
f 224/1/224 322/1/322 367/1/367
f 290/1/290 300/1/300 226/1/226
f 268/1/268 342/1/342 322/1/322
f 242/1/242 342/1/342 268/1/268
f 342/1/342 242/1/242 248/1/248
f 243/1/243 291/1/291 277/1/277
f 291/1/291 243/1/243 270/1/270
f 324/1/324 315/1/315 251/1/251
f 212/1/212 328/1/328 215/1/215
f 329/1/329 330/1/330 253/1/253
f 228/1/228 304/1/304 245/1/245
f 330/1/330 272/1/272 253/1/253
f 278/1/278 246/1/246 292/1/292
f 201/1/201 255/1/255 293/1/293
f 281/1/281 280/1/280 334/1/334
f 281/1/281 334/1/334 234/1/234
f 334/1/334 282/1/282 234/1/234
f 349/1/349 260/1/260 309/1/309
f 308/1/308 261/1/261 237/1/237
f 239/1/239 336/1/336 260/1/260
f 239/1/239 337/1/337 336/1/336
f 337/1/337 239/1/239 264/1/264
f 296/1/296 338/1/338 262/1/262
f 262/1/262 338/1/338 286/1/286
f 297/1/297 240/1/240 285/1/285
f 274/1/274 286/1/286 288/1/288
f 288/1/288 286/1/286 287/1/287
f 299/1/299 288/1/288 287/1/287
f 276/1/276 289/1/289 275/1/275
f 265/1/265 367/1/367 276/1/276
f 249/1/249 323/1/323 248/1/248
f 326/1/326 269/1/269 277/1/277
f 315/1/315 252/1/252 251/1/251
f 244/1/244 252/1/252 329/1/329
f 330/1/330 331/1/331 272/1/272
f 279/1/279 254/1/254 414/1/414
f 254/1/254 273/1/273 414/1/414
f 231/1/231 256/1/256 375/1/375
f 306/1/306 257/1/257 294/1/294
f 233/1/233 345/1/345 332/1/332
f 282/1/282 345/1/345 233/1/233
f 259/1/259 318/1/318 307/1/307
f 307/1/307 319/1/319 283/1/283
f 319/1/319 362/1/362 284/1/284
f 284/1/284 362/1/362 295/1/295
f 308/1/308 238/1/238 295/1/295
f 336/1/336 309/1/309 260/1/260
f 287/1/287 286/1/286 338/1/338
f 298/1/298 285/1/285 240/1/240
f 287/1/287 339/1/339 299/1/299
f 275/1/275 289/1/289 311/1/311
f 300/1/300 301/1/301 302/1/302
f 249/1/249 357/1/357 323/1/323
f 291/1/291 270/1/270 314/1/314
f 314/1/314 270/1/270 328/1/328
f 344/1/344 252/1/252 315/1/315
f 329/1/329 252/1/252 344/1/344
f 212/1/212 303/1/303 328/1/328
f 212/1/212 271/1/271 303/1/303
f 305/1/305 304/1/304 228/1/228
f 228/1/228 278/1/278 305/1/305
f 305/1/305 278/1/278 292/1/292
f 229/1/229 331/1/331 316/1/316
f 316/1/316 293/1/293 255/1/255
f 256/1/256 359/1/359 375/1/375
f 307/1/307 318/1/318 317/1/317
f 259/1/259 349/1/349 318/1/318
f 296/1/296 350/1/350 338/1/338
f 353/1/353 337/1/337 297/1/297
f 287/1/287 310/1/310 339/1/339
f 285/1/285 298/1/298 320/1/320
f 288/1/288 321/1/321 298/1/298
f 311/1/311 312/1/312 267/1/267
f 290/1/290 267/1/267 312/1/312
f 342/1/342 400/1/400 322/1/322
f 324/1/324 313/1/313 315/1/315
f 277/1/277 291/1/291 384/1/384
f 328/1/328 303/1/303 402/1/402
f 271/1/271 245/1/245 358/1/358
f 272/1/272 331/1/331 229/1/229
f 279/1/279 414/1/414 374/1/374
f 256/1/256 332/1/332 359/1/359
f 294/1/294 257/1/257 416/1/416
f 306/1/306 294/1/294 376/1/376
f 347/1/347 317/1/317 318/1/318
f 307/1/307 348/1/348 319/1/319
f 363/1/363 347/1/347 318/1/318
f 318/1/318 349/1/349 363/1/363
f 424/1/424 349/1/349 309/1/309
f 287/1/287 338/1/338 310/1/310
f 297/1/297 285/1/285 353/1/353
f 321/1/321 320/1/320 298/1/298
f 288/1/288 299/1/299 321/1/321
f 321/1/321 299/1/299 340/1/340
f 276/1/276 341/1/341 289/1/289
f 367/1/367 341/1/341 276/1/276
f 312/1/312 356/1/356 290/1/290
f 290/1/290 368/1/368 300/1/300
f 323/1/323 342/1/342 248/1/248
f 382/1/382 357/1/357 326/1/326
f 313/1/313 324/1/324 325/1/325
f 326/1/326 277/1/277 327/1/327
f 327/1/327 277/1/277 384/1/384
f 313/1/313 385/1/385 315/1/315
f 315/1/315 385/1/385 344/1/344
f 271/1/271 358/1/358 303/1/303
f 387/1/387 330/1/330 329/1/329
f 304/1/304 358/1/358 245/1/245
f 372/1/372 331/1/331 330/1/330
f 292/1/292 279/1/279 374/1/374
f 306/1/306 376/1/376 360/1/360
f 333/1/333 332/1/332 345/1/345
f 280/1/280 360/1/360 334/1/334
f 334/1/334 360/1/360 377/1/377
f 334/1/334 377/1/377 282/1/282
f 361/1/361 335/1/335 317/1/317
f 347/1/347 361/1/361 317/1/317
f 307/1/307 317/1/317 348/1/348
f 378/1/378 347/1/347 363/1/363
f 261/1/261 308/1/308 364/1/364
f 364/1/364 296/1/296 261/1/261
f 337/1/337 351/1/351 336/1/336
f 355/1/355 320/1/320 321/1/321
f 366/1/366 299/1/299 339/1/339
f 299/1/299 366/1/366 340/1/340
f 290/1/290 356/1/356 368/1/368
f 300/1/300 368/1/368 301/1/301
f 301/1/301 343/1/343 302/1/302
f 302/1/302 343/1/343 324/1/324
f 326/1/326 327/1/327 382/1/382
f 384/1/384 291/1/291 314/1/314
f 314/1/314 328/1/328 370/1/370
f 370/1/370 328/1/328 402/1/402
f 387/1/387 372/1/372 330/1/330
f 305/1/305 292/1/292 388/1/388
f 292/1/292 374/1/374 388/1/388
f 316/1/316 331/1/331 389/1/389
f 360/1/360 376/1/376 434/1/434
f 403/1/403 333/1/333 345/1/345
f 377/1/377 345/1/345 282/1/282
f 346/1/346 361/1/361 347/1/347
f 378/1/378 346/1/346 347/1/347
f 308/1/308 295/1/295 379/1/379
f 351/1/351 352/1/352 336/1/336
f 352/1/352 309/1/309 336/1/336
f 338/1/338 380/1/380 310/1/310
f 337/1/337 353/1/353 351/1/351
f 352/1/352 351/1/351 425/1/425
f 353/1/353 285/1/285 354/1/354
f 354/1/354 425/1/425 351/1/351
f 354/1/354 351/1/351 353/1/353
f 320/1/320 354/1/354 285/1/285
f 365/1/365 310/1/310 395/1/395
f 310/1/310 365/1/365 339/1/339
f 354/1/354 320/1/320 396/1/396
f 340/1/340 355/1/355 321/1/321
f 320/1/320 355/1/355 396/1/396
f 398/1/398 289/1/289 341/1/341
f 312/1/312 311/1/311 468/1/468
f 368/1/368 399/1/399 301/1/301
f 399/1/399 343/1/343 301/1/301
f 430/1/430 342/1/342 323/1/323
f 324/1/324 343/1/343 325/1/325
f 385/1/385 313/1/313 383/1/383
f 344/1/344 371/1/371 329/1/329
f 329/1/329 371/1/371 387/1/387
f 303/1/303 458/1/458 402/1/402
f 458/1/458 303/1/303 358/1/358
f 331/1/331 432/1/432 389/1/389
f 293/1/293 450/1/450 257/1/257
f 257/1/257 450/1/450 416/1/416
f 415/1/415 359/1/359 332/1/332
f 332/1/332 333/1/333 415/1/415
f 416/1/416 376/1/376 294/1/294
f 333/1/333 451/1/451 415/1/415
f 405/1/405 361/1/361 346/1/346
f 317/1/317 335/1/335 348/1/348
f 407/1/407 346/1/346 378/1/378
f 319/1/319 348/1/348 362/1/362
f 363/1/363 349/1/349 424/1/424
f 308/1/308 478/1/478 364/1/364
f 364/1/364 350/1/350 296/1/296
f 309/1/309 352/1/352 393/1/393
f 338/1/338 350/1/350 380/1/380
f 367/1/367 446/1/446 341/1/341
f 447/1/447 311/1/311 289/1/289
f 447/1/447 468/1/468 311/1/311
f 367/1/367 322/1/322 429/1/429
f 468/1/468 356/1/356 312/1/312
f 400/1/400 342/1/342 430/1/430
f 385/1/385 371/1/371 344/1/344
f 370/1/370 369/1/369 314/1/314
f 386/1/386 387/1/387 371/1/371
f 431/1/431 358/1/358 304/1/304
f 431/1/431 304/1/304 305/1/305
f 388/1/388 431/1/431 305/1/305
f 331/1/331 372/1/372 373/1/373
f 331/1/331 373/1/373 432/1/432
f 414/1/414 273/1/273 433/1/433
f 273/1/273 375/1/375 433/1/433
f 403/1/403 451/1/451 333/1/333
f 345/1/345 390/1/390 403/1/403
f 346/1/346 407/1/407 391/1/391
f 405/1/405 346/1/346 391/1/391
f 335/1/335 392/1/392 348/1/348
f 422/1/422 295/1/295 362/1/362
f 308/1/308 379/1/379 478/1/478
f 309/1/309 393/1/393 408/1/408
f 339/1/339 365/1/365 366/1/366
f 398/1/398 447/1/447 289/1/289
f 446/1/446 367/1/367 429/1/429
f 411/1/411 356/1/356 468/1/468
f 322/1/322 400/1/400 429/1/429
f 368/1/368 356/1/356 411/1/411
f 381/1/381 430/1/430 323/1/323
f 323/1/323 382/1/382 381/1/381
f 357/1/357 382/1/382 323/1/323
f 384/1/384 314/1/314 457/1/457
f 401/1/401 370/1/370 402/1/402
f 375/1/375 359/1/359 533/1/533
f 377/1/377 390/1/390 345/1/345
f 391/1/391 407/1/407 418/1/418
f 335/1/335 361/1/361 405/1/405
f 407/1/407 378/1/378 423/1/423
f 309/1/309 408/1/408 424/1/424
f 494/1/494 393/1/393 352/1/352
f 310/1/310 380/1/380 395/1/395
f 352/1/352 425/1/425 494/1/494
f 365/1/365 395/1/395 410/1/410
f 395/1/395 397/1/397 410/1/410
f 409/1/409 396/1/396 355/1/355
f 410/1/410 366/1/366 365/1/365
f 340/1/340 366/1/366 443/1/443
f 427/1/427 340/1/340 443/1/443
f 355/1/355 340/1/340 427/1/427
f 443/1/443 366/1/366 410/1/410
f 398/1/398 446/1/446 453/1/453
f 398/1/398 467/1/467 447/1/447
f 398/1/398 341/1/341 446/1/446
f 454/1/454 468/1/468 447/1/447
f 368/1/368 411/1/411 399/1/399
f 399/1/399 448/1/448 343/1/343
f 400/1/400 430/1/430 500/1/500
f 313/1/313 325/1/325 383/1/383
f 401/1/401 369/1/369 370/1/370
f 471/1/471 387/1/387 386/1/386
f 471/1/471 372/1/372 387/1/387
f 388/1/388 374/1/374 594/1/594
f 375/1/375 533/1/533 433/1/433
f 377/1/377 452/1/452 390/1/390
f 377/1/377 360/1/360 452/1/452
f 391/1/391 404/1/404 405/1/405
f 404/1/404 391/1/391 435/1/435
f 418/1/418 435/1/435 391/1/391
f 407/1/407 436/1/436 418/1/418
f 421/1/421 407/1/407 423/1/423
f 436/1/436 407/1/407 421/1/421
f 362/1/362 348/1/348 422/1/422
f 378/1/378 363/1/363 423/1/423
f 423/1/423 363/1/363 439/1/439
f 364/1/364 380/1/380 350/1/350
f 380/1/380 394/1/394 395/1/395
f 354/1/354 493/1/493 425/1/425
f 394/1/394 397/1/397 395/1/395
f 428/1/428 409/1/409 355/1/355
f 444/1/444 427/1/427 443/1/443
f 411/1/411 482/1/482 399/1/399
f 430/1/430 381/1/381 456/1/456
f 501/1/501 382/1/382 327/1/327
f 383/1/383 325/1/325 470/1/470
f 383/1/383 449/1/449 385/1/385
f 401/1/401 402/1/402 413/1/413
f 293/1/293 316/1/316 389/1/389
f 376/1/376 416/1/416 475/1/475
f 434/1/434 376/1/376 477/1/477
f 360/1/360 434/1/434 417/1/417
f 452/1/452 360/1/360 417/1/417
f 418/1/418 419/1/419 420/1/420
f 406/1/406 405/1/405 404/1/404
f 405/1/405 406/1/406 335/1/335
f 418/1/418 436/1/436 419/1/419
f 422/1/422 437/1/437 295/1/295
f 363/1/363 424/1/424 439/1/439
f 408/1/408 464/1/464 424/1/424
f 364/1/364 440/1/440 380/1/380
f 380/1/380 492/1/492 394/1/394
f 493/1/493 354/1/354 479/1/479
f 479/1/479 354/1/354 396/1/396
f 397/1/397 426/1/426 410/1/410
f 426/1/426 443/1/443 410/1/410
f 445/1/445 443/1/443 426/1/426
f 355/1/355 427/1/427 428/1/428
f 467/1/467 398/1/398 497/1/497
f 398/1/398 453/1/453 497/1/497
f 400/1/400 455/1/455 429/1/429
f 500/1/500 469/1/469 400/1/400
f 412/1/412 343/1/343 448/1/448
f 343/1/343 412/1/412 325/1/325
f 568/1/568 382/1/382 501/1/501
f 501/1/501 327/1/327 384/1/384
f 384/1/384 457/1/457 531/1/531
f 314/1/314 369/1/369 457/1/457
f 449/1/449 371/1/371 385/1/385
f 371/1/371 503/1/503 386/1/386
f 413/1/413 402/1/402 458/1/458
f 388/1/388 504/1/504 431/1/431
f 389/1/389 507/1/507 293/1/293
f 477/1/477 376/1/376 475/1/475
f 461/1/461 403/1/403 390/1/390
f 434/1/434 477/1/477 488/1/488
f 420/1/420 435/1/435 418/1/418
f 523/1/523 419/1/419 436/1/436
f 421/1/421 423/1/423 438/1/438
f 439/1/439 438/1/438 423/1/423
f 295/1/295 437/1/437 379/1/379
f 379/1/379 437/1/437 524/1/524
f 393/1/393 465/1/465 408/1/408
f 494/1/494 465/1/465 393/1/393
f 442/1/442 394/1/394 441/1/441
f 394/1/394 442/1/442 397/1/397
f 426/1/426 397/1/397 442/1/442
f 443/1/443 481/1/481 444/1/444
f 466/1/466 481/1/481 443/1/443
f 400/1/400 469/1/469 455/1/455
f 470/1/470 511/1/511 383/1/383
f 511/1/511 449/1/449 383/1/383
f 503/1/503 371/1/371 449/1/449
f 514/1/514 401/1/401 413/1/413
f 472/1/472 372/1/372 471/1/471
f 472/1/472 373/1/373 372/1/372
f 504/1/504 388/1/388 594/1/594
f 474/1/474 373/1/373 472/1/472
f 374/1/374 414/1/414 459/1/459
f 373/1/373 474/1/474 432/1/432
f 473/1/473 433/1/433 460/1/460
f 432/1/432 474/1/474 506/1/506
f 432/1/432 506/1/506 389/1/389
f 293/1/293 507/1/507 450/1/450
f 359/1/359 415/1/415 533/1/533
f 450/1/450 475/1/475 416/1/416
f 477/1/477 475/1/475 519/1/519
f 415/1/415 451/1/451 518/1/518
f 419/1/419 489/1/489 420/1/420
f 489/1/489 419/1/419 523/1/523
f 404/1/404 522/1/522 406/1/406
f 392/1/392 335/1/335 406/1/406
f 464/1/464 439/1/439 424/1/424
f 492/1/492 380/1/380 440/1/440
f 464/1/464 408/1/408 465/1/465
f 396/1/396 409/1/409 479/1/479
f 427/1/427 444/1/444 428/1/428
f 443/1/443 445/1/445 466/1/466
f 446/1/446 429/1/429 528/1/528
f 467/1/467 454/1/454 447/1/447
f 498/1/498 429/1/429 455/1/455
f 500/1/500 430/1/430 456/1/456
f 412/1/412 470/1/470 325/1/325
f 457/1/457 369/1/369 483/1/483
f 485/1/485 458/1/458 358/1/358
f 358/1/358 431/1/431 485/1/485
f 515/1/515 431/1/431 504/1/504
f 594/1/594 374/1/374 459/1/459
f 414/1/414 473/1/473 459/1/459
f 433/1/433 533/1/533 460/1/460
f 518/1/518 451/1/451 476/1/476
f 403/1/403 476/1/476 451/1/451
f 403/1/403 461/1/461 476/1/476
f 390/1/390 452/1/452 551/1/551
f 490/1/490 489/1/489 523/1/523
f 523/1/523 436/1/436 463/1/463
f 462/1/462 348/1/348 392/1/392
f 348/1/348 462/1/462 574/1/574
f 525/1/525 436/1/436 421/1/421
f 422/1/422 348/1/348 574/1/574
f 438/1/438 525/1/525 421/1/421
f 463/1/463 436/1/436 525/1/525
f 525/1/525 438/1/438 526/1/526
f 438/1/438 439/1/439 526/1/526
f 526/1/526 439/1/439 491/1/491
f 464/1/464 491/1/491 439/1/439
f 425/1/425 493/1/493 494/1/494
f 492/1/492 441/1/441 394/1/394
f 479/1/479 409/1/409 557/1/557
f 428/1/428 558/1/558 409/1/409
f 442/1/442 480/1/480 426/1/426
f 428/1/428 444/1/444 558/1/558
f 453/1/453 446/1/446 528/1/528
f 498/1/498 528/1/528 429/1/429
f 543/1/543 411/1/411 468/1/468
f 382/1/382 530/1/530 381/1/381
f 382/1/382 568/1/568 530/1/530
f 503/1/503 449/1/449 512/1/512
f 413/1/413 458/1/458 484/1/484
f 386/1/386 503/1/503 486/1/486
f 386/1/386 486/1/486 471/1/471
f 472/1/472 505/1/505 474/1/474
f 414/1/414 433/1/433 473/1/473
f 507/1/507 389/1/389 506/1/506
f 460/1/460 533/1/533 596/1/596
f 507/1/507 475/1/475 450/1/450
f 533/1/533 415/1/415 570/1/570
f 570/1/570 415/1/415 518/1/518
f 477/1/477 487/1/487 488/1/488
f 487/1/487 552/1/552 488/1/488
f 452/1/452 417/1/417 508/1/508
f 417/1/417 520/1/520 508/1/508
f 420/1/420 521/1/521 435/1/435
f 420/1/420 489/1/489 521/1/521
f 584/1/584 523/1/523 463/1/463
f 422/1/422 574/1/574 437/1/437
f 524/1/524 478/1/478 379/1/379
f 364/1/364 478/1/478 440/1/440
f 492/1/492 541/1/541 441/1/441
f 441/1/441 541/1/541 442/1/442
f 466/1/466 445/1/445 495/1/495
f 495/1/495 527/1/527 466/1/466
f 543/1/543 468/1/468 454/1/454
f 482/1/482 411/1/411 543/1/543
f 412/1/412 529/1/529 470/1/470
f 511/1/511 502/1/502 449/1/449
f 531/1/531 457/1/457 483/1/483
f 401/1/401 514/1/514 369/1/369
f 413/1/413 484/1/484 514/1/514
f 471/1/471 580/1/580 472/1/472
f 532/1/532 506/1/506 474/1/474
f 506/1/506 548/1/548 507/1/507
f 476/1/476 461/1/461 669/1/669
f 551/1/551 461/1/461 390/1/390
f 434/1/434 488/1/488 520/1/520
f 520/1/520 417/1/417 434/1/434
f 508/1/508 551/1/551 452/1/452
f 435/1/435 536/1/536 404/1/404
f 584/1/584 463/1/463 525/1/525
f 478/1/478 524/1/524 509/1/509
f 541/1/541 578/1/578 442/1/442
f 557/1/557 409/1/409 558/1/558
f 496/1/496 558/1/558 444/1/444
f 445/1/445 426/1/426 495/1/495
f 481/1/481 466/1/466 542/1/542
f 453/1/453 561/1/561 497/1/497
f 561/1/561 453/1/453 528/1/528
f 563/1/563 467/1/467 497/1/497
f 454/1/454 467/1/467 563/1/563
f 469/1/469 500/1/500 544/1/544
f 499/1/499 399/1/399 482/1/482
f 399/1/399 499/1/499 448/1/448
f 448/1/448 545/1/545 412/1/412
f 529/1/529 511/1/511 470/1/470
f 501/1/501 384/1/384 531/1/531
f 449/1/449 502/1/502 512/1/512
f 369/1/369 514/1/514 483/1/483
f 485/1/485 431/1/431 515/1/515
f 471/1/471 486/1/486 580/1/580
f 515/1/515 504/1/504 516/1/516
f 505/1/505 472/1/472 580/1/580
f 473/1/473 626/1/626 459/1/459
f 473/1/473 517/1/517 626/1/626
f 505/1/505 532/1/532 474/1/474
f 507/1/507 534/1/534 475/1/475
f 475/1/475 534/1/534 519/1/519
f 477/1/477 598/1/598 487/1/487
f 488/1/488 552/1/552 520/1/520
f 536/1/536 522/1/522 404/1/404
f 392/1/392 572/1/572 462/1/462
f 574/1/574 462/1/462 573/1/573
f 525/1/525 526/1/526 538/1/538
f 526/1/526 491/1/491 539/1/539
f 478/1/478 585/1/585 440/1/440
f 492/1/492 440/1/440 586/1/586
f 540/1/540 464/1/464 465/1/465
f 494/1/494 540/1/540 465/1/465
f 587/1/587 541/1/541 492/1/492
f 479/1/479 510/1/510 493/1/493
f 494/1/494 493/1/493 510/1/510
f 442/1/442 578/1/578 480/1/480
f 444/1/444 481/1/481 496/1/496
f 466/1/466 527/1/527 542/1/542
f 529/1/529 412/1/412 579/1/579
f 531/1/531 483/1/483 665/1/665
f 513/1/513 503/1/503 512/1/512
f 458/1/458 485/1/485 484/1/484
f 515/1/515 516/1/516 569/1/569
f 594/1/594 459/1/459 626/1/626
f 473/1/473 596/1/596 517/1/517
f 473/1/473 460/1/460 596/1/596
f 570/1/570 596/1/596 533/1/533
f 519/1/519 598/1/598 477/1/477
f 669/1/669 461/1/461 730/1/730
f 552/1/552 487/1/487 610/1/610
f 435/1/435 671/1/671 536/1/536
f 489/1/489 535/1/535 521/1/521
f 490/1/490 523/1/523 537/1/537
f 406/1/406 522/1/522 392/1/392
f 462/1/462 572/1/572 573/1/573
f 523/1/523 584/1/584 537/1/537
f 649/1/649 524/1/524 437/1/437
f 491/1/491 540/1/540 539/1/539
f 464/1/464 540/1/540 491/1/491
f 586/1/586 440/1/440 585/1/585
f 494/1/494 577/1/577 540/1/540
f 479/1/479 557/1/557 634/1/634
f 558/1/558 588/1/588 557/1/557
f 495/1/495 426/1/426 480/1/480
f 495/1/495 559/1/559 527/1/527
f 481/1/481 542/1/542 605/1/605
f 590/1/590 498/1/498 455/1/455
f 455/1/455 469/1/469 590/1/590
f 499/1/499 545/1/545 448/1/448
f 546/1/546 381/1/381 530/1/530
f 531/1/531 568/1/568 501/1/501
f 502/1/502 513/1/513 512/1/512
f 513/1/513 607/1/607 503/1/503
f 503/1/503 607/1/607 486/1/486
f 485/1/485 515/1/515 569/1/569
f 506/1/506 532/1/532 595/1/595
f 548/1/548 597/1/597 507/1/507
f 597/1/597 534/1/534 507/1/507
f 519/1/519 534/1/534 549/1/549
f 487/1/487 598/1/598 610/1/610
f 551/1/551 550/1/550 461/1/461
f 552/1/552 554/1/554 520/1/520
f 508/1/508 520/1/520 554/1/554
f 508/1/508 554/1/554 583/1/583
f 551/1/551 508/1/508 583/1/583
f 435/1/435 521/1/521 671/1/671
f 535/1/535 489/1/489 490/1/490
f 490/1/490 571/1/571 535/1/535
f 490/1/490 537/1/537 571/1/571
f 392/1/392 631/1/631 572/1/572
f 392/1/392 522/1/522 631/1/631
f 584/1/584 525/1/525 556/1/556
f 509/1/509 524/1/524 575/1/575
f 539/1/539 538/1/538 526/1/526
f 586/1/586 587/1/587 492/1/492
f 510/1/510 479/1/479 634/1/634
f 602/1/602 480/1/480 578/1/578
f 480/1/480 602/1/602 604/1/604
f 495/1/495 480/1/480 604/1/604
f 605/1/605 496/1/496 481/1/481
f 542/1/542 527/1/527 560/1/560
f 497/1/497 561/1/561 562/1/562
f 562/1/562 563/1/563 497/1/497
f 544/1/544 590/1/590 469/1/469
f 499/1/499 564/1/564 545/1/545
f 544/1/544 500/1/500 565/1/565
f 500/1/500 456/1/456 565/1/565
f 381/1/381 566/1/566 456/1/456
f 502/1/502 511/1/511 567/1/567
f 483/1/483 514/1/514 623/1/623
f 547/1/547 484/1/484 485/1/485
f 548/1/548 506/1/506 595/1/595
f 518/1/518 476/1/476 582/1/582
f 476/1/476 669/1/669 582/1/582
f 519/1/519 549/1/549 598/1/598
f 552/1/552 553/1/553 554/1/554
f 525/1/525 538/1/538 556/1/556
f 600/1/600 539/1/539 540/1/540
f 496/1/496 589/1/589 558/1/558
f 495/1/495 604/1/604 559/1/559
f 606/1/606 605/1/605 542/1/542
f 560/1/560 527/1/527 559/1/559
f 606/1/606 542/1/542 560/1/560
f 454/1/454 563/1/563 622/1/622
f 543/1/543 454/1/454 622/1/622
f 456/1/456 566/1/566 565/1/565
f 545/1/545 579/1/579 412/1/412
f 529/1/529 567/1/567 511/1/511
f 502/1/502 593/1/593 513/1/513
f 516/1/516 504/1/504 708/1/708
f 504/1/504 594/1/594 708/1/708
f 505/1/505 580/1/580 625/1/625
f 505/1/505 625/1/625 532/1/532
f 570/1/570 518/1/518 581/1/581
f 597/1/597 549/1/549 534/1/534
f 644/1/644 550/1/550 551/1/551
f 552/1/552 610/1/610 553/1/553
f 583/1/583 644/1/644 551/1/551
f 521/1/521 599/1/599 671/1/671
f 571/1/571 555/1/555 535/1/535
f 646/1/646 571/1/571 537/1/537
f 696/1/696 537/1/537 584/1/584
f 437/1/437 574/1/574 649/1/649
f 524/1/524 649/1/649 575/1/575
f 478/1/478 509/1/509 585/1/585
f 539/1/539 576/1/576 538/1/538
f 600/1/600 576/1/576 539/1/539
f 587/1/587 633/1/633 541/1/541
f 540/1/540 577/1/577 601/1/601
f 494/1/494 510/1/510 577/1/577
f 578/1/578 633/1/633 652/1/652
f 541/1/541 633/1/633 578/1/578
f 578/1/578 652/1/652 602/1/602
f 557/1/557 588/1/588 634/1/634
f 528/1/528 498/1/498 621/1/621
f 544/1/544 565/1/565 591/1/591
f 566/1/566 381/1/381 546/1/546
f 683/1/683 529/1/529 579/1/579
f 546/1/546 530/1/530 568/1/568
f 568/1/568 531/1/531 642/1/642
f 623/1/623 665/1/665 483/1/483
f 569/1/569 547/1/547 485/1/485
f 609/1/609 486/1/486 607/1/607
f 486/1/486 609/1/609 580/1/580
f 581/1/581 518/1/518 582/1/582
f 730/1/730 461/1/461 550/1/550
f 555/1/555 571/1/571 646/1/646
f 584/1/584 556/1/556 696/1/696
f 538/1/538 576/1/576 613/1/613
f 538/1/538 613/1/613 556/1/556
f 586/1/586 614/1/614 587/1/587
f 576/1/576 600/1/600 650/1/650
f 540/1/540 601/1/601 600/1/600
f 604/1/604 615/1/615 559/1/559
f 682/1/682 498/1/498 590/1/590
f 543/1/543 774/1/774 482/1/482
f 564/1/564 592/1/592 545/1/545
f 592/1/592 579/1/579 545/1/545
f 529/1/529 683/1/683 567/1/567
f 568/1/568 662/1/662 546/1/546
f 642/1/642 531/1/531 665/1/665
f 567/1/567 593/1/593 502/1/502
f 643/1/643 593/1/593 567/1/567
f 607/1/607 513/1/513 593/1/593
f 514/1/514 484/1/484 608/1/608
f 667/1/667 685/1/685 569/1/569
f 667/1/667 569/1/569 516/1/516
f 594/1/594 626/1/626 686/1/686
f 532/1/532 625/1/625 627/1/627
f 595/1/595 532/1/532 627/1/627
f 548/1/548 595/1/595 687/1/687
f 763/1/763 570/1/570 581/1/581
f 554/1/554 629/1/629 583/1/583
f 692/1/692 522/1/522 536/1/536
f 693/1/693 522/1/522 692/1/692
f 522/1/522 693/1/693 631/1/631
f 612/1/612 572/1/572 631/1/631
f 575/1/575 649/1/649 673/1/673
f 733/1/733 509/1/509 575/1/575
f 585/1/585 632/1/632 586/1/586
f 576/1/576 699/1/699 613/1/613
f 603/1/603 604/1/604 602/1/602
f 558/1/558 589/1/589 588/1/588
f 559/1/559 718/1/718 560/1/560
f 639/1/639 562/1/562 561/1/561
f 640/1/640 639/1/639 561/1/561
f 590/1/590 544/1/544 739/1/739
f 568/1/568 642/1/642 662/1/662
f 608/1/608 484/1/484 547/1/547
f 547/1/547 569/1/569 685/1/685
f 596/1/596 570/1/570 727/1/727
f 570/1/570 763/1/763 727/1/727
f 548/1/548 687/1/687 597/1/597
f 549/1/549 597/1/597 710/1/710
f 549/1/549 710/1/710 689/1/689
f 689/1/689 598/1/598 549/1/549
f 611/1/611 553/1/553 610/1/610
f 553/1/553 629/1/629 554/1/554
f 583/1/583 629/1/629 628/1/628
f 521/1/521 691/1/691 599/1/599
f 521/1/521 535/1/535 691/1/691
f 535/1/535 555/1/555 630/1/630
f 645/1/645 555/1/555 646/1/646
f 612/1/612 573/1/573 572/1/572
f 646/1/646 537/1/537 695/1/695
f 574/1/574 648/1/648 649/1/649
f 648/1/648 574/1/574 573/1/573
f 537/1/537 696/1/696 695/1/695
f 696/1/696 556/1/556 697/1/697
f 698/1/698 556/1/556 613/1/613
f 509/1/509 632/1/632 585/1/585
f 614/1/614 586/1/586 632/1/632
f 699/1/699 576/1/576 650/1/650
f 587/1/587 614/1/614 633/1/633
f 601/1/601 650/1/650 600/1/600
f 633/1/633 651/1/651 652/1/652
f 510/1/510 701/1/701 577/1/577
f 701/1/701 510/1/510 653/1/653
f 510/1/510 634/1/634 653/1/653
f 604/1/604 603/1/603 615/1/615
f 718/1/718 559/1/559 615/1/615
f 496/1/496 605/1/605 705/1/705
f 589/1/589 496/1/496 705/1/705
f 677/1/677 638/1/638 616/1/616
f 677/1/677 616/1/616 617/1/617
f 617/1/617 637/1/637 677/1/677
f 655/1/655 619/1/619 638/1/638
f 616/1/616 638/1/638 619/1/619
f 617/1/617 616/1/616 618/1/618
f 616/1/616 619/1/619 618/1/618
f 656/1/656 617/1/617 618/1/618
f 656/1/656 618/1/618 620/1/620
f 618/1/618 619/1/619 620/1/620
f 640/1/640 561/1/561 528/1/528
f 661/1/661 640/1/640 528/1/528
f 528/1/528 621/1/621 661/1/661
f 563/1/563 680/1/680 622/1/622
f 682/1/682 621/1/621 498/1/498
f 622/1/622 681/1/681 543/1/543
f 739/1/739 544/1/544 591/1/591
f 564/1/564 756/1/756 592/1/592
f 566/1/566 641/1/641 591/1/591
f 591/1/591 565/1/565 566/1/566
f 567/1/567 743/1/743 643/1/643
f 593/1/593 624/1/624 607/1/607
f 514/1/514 608/1/608 623/1/623
f 607/1/607 624/1/624 609/1/609
f 547/1/547 685/1/685 608/1/608
f 516/1/516 708/1/708 667/1/667
f 580/1/580 609/1/609 668/1/668
f 625/1/625 580/1/580 668/1/668
f 708/1/708 594/1/594 686/1/686
f 689/1/689 610/1/610 598/1/598
f 730/1/730 550/1/550 670/1/670
f 536/1/536 671/1/671 692/1/692
f 612/1/612 631/1/631 647/1/647
f 556/1/556 698/1/698 697/1/697
f 509/1/509 733/1/733 632/1/632
f 652/1/652 735/1/735 602/1/602
f 602/1/602 735/1/735 603/1/603
f 704/1/704 588/1/588 589/1/589
f 634/1/634 588/1/588 704/1/704
f 606/1/606 635/1/635 605/1/605
f 636/1/636 635/1/635 606/1/606
f 617/1/617 656/1/656 637/1/637
f 655/1/655 658/1/658 619/1/619
f 639/1/639 680/1/680 562/1/562
f 680/1/680 563/1/563 562/1/562
f 482/1/482 774/1/774 756/1/756
f 756/1/756 499/1/499 482/1/482
f 683/1/683 579/1/579 592/1/592
f 566/1/566 546/1/546 641/1/641
f 683/1/683 757/1/757 567/1/567
f 684/1/684 643/1/643 743/1/743
f 643/1/643 666/1/666 593/1/593
f 666/1/666 624/1/624 593/1/593
f 625/1/625 724/1/724 627/1/627
f 517/1/517 726/1/726 626/1/626
f 726/1/726 686/1/686 626/1/626
f 517/1/517 596/1/596 726/1/726
f 595/1/595 627/1/627 687/1/687
f 582/1/582 669/1/669 688/1/688
f 628/1/628 644/1/644 583/1/583
f 628/1/628 629/1/629 731/1/731
f 691/1/691 535/1/535 630/1/630
f 555/1/555 645/1/645 630/1/630
f 646/1/646 695/1/695 672/1/672
f 674/1/674 733/1/733 575/1/575
f 699/1/699 698/1/698 613/1/613
f 699/1/699 650/1/650 700/1/700
f 633/1/633 614/1/614 651/1/651
f 702/1/702 701/1/701 653/1/653
f 654/1/654 703/1/703 677/1/677
f 677/1/677 703/1/703 676/1/676
f 677/1/677 676/1/676 638/1/638
f 655/1/655 638/1/638 676/1/676
f 637/1/637 656/1/656 679/1/679
f 620/1/620 657/1/657 656/1/656
f 679/1/679 656/1/656 657/1/657
f 619/1/619 658/1/658 660/1/660
f 640/1/640 660/1/660 658/1/658
f 619/1/619 660/1/660 620/1/620
f 660/1/660 706/1/706 620/1/620
f 706/1/706 657/1/657 620/1/620
f 659/1/659 639/1/639 640/1/640
f 639/1/639 659/1/659 680/1/680
f 660/1/660 640/1/640 661/1/661
f 722/1/722 622/1/622 680/1/680
f 499/1/499 756/1/756 564/1/564
f 641/1/641 546/1/546 776/1/776
f 546/1/546 662/1/662 776/1/776
f 662/1/662 642/1/642 663/1/663
f 642/1/642 665/1/665 663/1/663
f 684/1/684 758/1/758 643/1/643
f 623/1/623 664/1/664 665/1/665
f 624/1/624 668/1/668 609/1/609
f 668/1/668 724/1/724 625/1/625
f 726/1/726 596/1/596 727/1/727
f 709/1/709 763/1/763 581/1/581
f 581/1/581 582/1/582 688/1/688
f 669/1/669 730/1/730 711/1/711
f 746/1/746 610/1/610 689/1/689
f 610/1/610 746/1/746 611/1/611
f 550/1/550 644/1/644 670/1/670
f 553/1/553 611/1/611 629/1/629
f 644/1/644 628/1/628 820/1/820
f 629/1/629 611/1/611 690/1/690
f 714/1/714 712/1/712 645/1/645
f 672/1/672 645/1/645 646/1/646
f 573/1/573 612/1/612 648/1/648
f 575/1/575 673/1/673 674/1/674
f 697/1/697 698/1/698 716/1/716
f 634/1/634 704/1/704 653/1/653
f 705/1/705 605/1/605 635/1/635
f 677/1/677 637/1/637 654/1/654
f 658/1/658 655/1/655 678/1/678
f 679/1/679 657/1/657 808/1/808
f 659/1/659 658/1/658 678/1/678
f 658/1/658 659/1/659 640/1/640
f 706/1/706 660/1/660 661/1/661
f 590/1/590 739/1/739 682/1/682
f 681/1/681 774/1/774 543/1/543
f 739/1/739 591/1/591 741/1/741
f 591/1/591 641/1/641 741/1/741
f 665/1/665 664/1/664 663/1/663
f 666/1/666 643/1/643 758/1/758
f 664/1/664 623/1/623 796/1/796
f 796/1/796 623/1/623 608/1/608
f 668/1/668 780/1/780 724/1/724
f 686/1/686 725/1/725 708/1/708
f 728/1/728 597/1/597 687/1/687
f 709/1/709 581/1/581 688/1/688
f 711/1/711 688/1/688 669/1/669
f 689/1/689 710/1/710 729/1/729
f 670/1/670 644/1/644 820/1/820
f 629/1/629 690/1/690 798/1/798
f 731/1/731 629/1/629 798/1/798
f 599/1/599 732/1/732 671/1/671
f 645/1/645 712/1/712 630/1/630
f 631/1/631 821/1/821 647/1/647
f 645/1/645 672/1/672 714/1/714
f 694/1/694 649/1/649 648/1/648
f 694/1/694 673/1/673 649/1/649
f 632/1/632 734/1/734 614/1/614
f 699/1/699 716/1/716 698/1/698
f 614/1/614 734/1/734 651/1/651
f 651/1/651 735/1/735 652/1/652
f 601/1/601 577/1/577 767/1/767
f 577/1/577 701/1/701 767/1/767
f 675/1/675 603/1/603 735/1/735
f 603/1/603 752/1/752 615/1/615
f 560/1/560 719/1/719 606/1/606
f 606/1/606 719/1/719 636/1/636
f 718/1/718 719/1/719 560/1/560
f 654/1/654 637/1/637 753/1/753
f 637/1/637 679/1/679 753/1/753
f 678/1/678 655/1/655 770/1/770
f 754/1/754 680/1/680 659/1/659
f 621/1/621 682/1/682 755/1/755
f 741/1/741 641/1/641 742/1/742
f 662/1/662 663/1/663 776/1/776
f 743/1/743 744/1/744 684/1/684
f 795/1/795 666/1/666 758/1/758
f 608/1/608 778/1/778 796/1/796
f 760/1/760 608/1/608 685/1/685
f 685/1/685 667/1/667 707/1/707
f 724/1/724 781/1/781 627/1/627
f 726/1/726 727/1/727 988/1/988
f 597/1/597 728/1/728 710/1/710
f 689/1/689 729/1/729 746/1/746
f 691/1/691 630/1/630 747/1/747
f 671/1/671 732/1/732 692/1/692
f 631/1/631 693/1/693 821/1/821
f 713/1/713 712/1/712 714/1/714
f 714/1/714 672/1/672 749/1/749
f 672/1/672 695/1/695 749/1/749
f 695/1/695 697/1/697 749/1/749
f 695/1/695 696/1/696 697/1/697
f 717/1/717 651/1/651 734/1/734
f 651/1/651 717/1/717 735/1/735
f 601/1/601 786/1/786 650/1/650
f 767/1/767 786/1/786 601/1/601
f 752/1/752 830/1/830 615/1/615
f 703/1/703 751/1/751 676/1/676
f 718/1/718 615/1/615 830/1/830
f 676/1/676 751/1/751 829/1/829
f 676/1/676 829/1/829 655/1/655
f 829/1/829 770/1/770 655/1/655
f 736/1/736 654/1/654 753/1/753
f 808/1/808 753/1/753 679/1/679
f 808/1/808 657/1/657 721/1/721
f 659/1/659 720/1/720 754/1/754
f 657/1/657 706/1/706 773/1/773
f 773/1/773 706/1/706 661/1/661
f 754/1/754 722/1/722 680/1/680
f 756/1/756 774/1/774 834/1/834
f 683/1/683 775/1/775 757/1/757
f 757/1/757 743/1/743 567/1/567
f 684/1/684 744/1/744 777/1/777
f 684/1/684 777/1/777 758/1/758
f 624/1/624 745/1/745 668/1/668
f 708/1/708 725/1/725 762/1/762
f 686/1/686 726/1/726 725/1/725
f 781/1/781 687/1/687 627/1/627
f 730/1/730 819/1/819 711/1/711
f 731/1/731 820/1/820 628/1/628
f 630/1/630 712/1/712 782/1/782
f 747/1/747 630/1/630 782/1/782
f 869/1/869 693/1/693 692/1/692
f 935/1/935 693/1/693 869/1/869
f 712/1/712 713/1/713 782/1/782
f 748/1/748 713/1/713 714/1/714
f 697/1/697 750/1/750 749/1/749
f 733/1/733 674/1/674 715/1/715
f 650/1/650 786/1/786 872/1/872
f 654/1/654 4016/1/4016 703/1/703
f 704/1/704 806/1/806 653/1/653
f 636/1/636 719/1/719 737/1/737
f 659/1/659 678/1/678 720/1/720
f 657/1/657 738/1/738 721/1/721
f 657/1/657 773/1/773 738/1/738
f 621/1/621 791/1/791 661/1/661
f 681/1/681 622/1/622 722/1/722
f 739/1/739 741/1/741 740/1/740
f 592/1/592 723/1/723 683/1/683
f 723/1/723 775/1/775 683/1/683
f 641/1/641 776/1/776 742/1/742
f 744/1/744 743/1/743 757/1/757
f 663/1/663 664/1/664 759/1/759
f 778/1/778 608/1/608 760/1/760
f 624/1/624 666/1/666 894/1/894
f 707/1/707 760/1/760 685/1/685
f 624/1/624 894/1/894 745/1/745
f 780/1/780 668/1/668 761/1/761
f 667/1/667 708/1/708 762/1/762
f 724/1/724 780/1/780 816/1/816
f 816/1/816 781/1/781 724/1/724
f 726/1/726 988/1/988 883/1/883
f 730/1/730 670/1/670 819/1/819
f 747/1/747 843/1/843 691/1/691
f 782/1/782 844/1/844 747/1/747
f 799/1/799 713/1/713 748/1/748
f 764/1/764 799/1/799 748/1/748
f 647/1/647 846/1/846 612/1/612
f 748/1/748 714/1/714 765/1/765
f 648/1/648 800/1/800 694/1/694
f 749/1/749 765/1/765 714/1/714
f 673/1/673 694/1/694 823/1/823
f 673/1/673 849/1/849 674/1/674
f 750/1/750 765/1/765 749/1/749
f 733/1/733 784/1/784 632/1/632
f 803/1/803 750/1/750 697/1/697
f 716/1/716 803/1/803 697/1/697
f 785/1/785 716/1/716 699/1/699
f 699/1/699 700/1/700 785/1/785
f 717/1/717 805/1/805 735/1/735
f 650/1/650 872/1/872 700/1/700
f 766/1/766 735/1/735 805/1/805
f 735/1/735 766/1/766 675/1/675
f 703/1/703 768/1/768 751/1/751
f 703/1/703 4016/1/4016 768/1/768
f 806/1/806 702/1/702 653/1/653
f 4016/1/4016 654/1/654 736/1/736
f 704/1/704 769/1/769 806/1/806
f 830/1/830 719/1/719 718/1/718
f 635/1/635 636/1/636 737/1/737
f 890/1/890 705/1/705 635/1/635
f 890/1/890 635/1/635 737/1/737
f 704/1/704 705/1/705 890/1/890
f 589/1/589 705/1/705 704/1/704
f 721/1/721 790/1/790 808/1/808
f 738/1/738 790/1/790 721/1/721
f 791/1/791 621/1/621 755/1/755
f 740/1/740 682/1/682 739/1/739
f 663/1/663 814/1/814 776/1/776
f 838/1/838 664/1/664 796/1/796
f 795/1/795 894/1/894 666/1/666
f 745/1/745 761/1/761 668/1/668
f 817/1/817 762/1/762 725/1/725
f 726/1/726 883/1/883 725/1/725
f 798/1/798 898/1/898 731/1/731
f 692/1/692 732/1/732 869/1/869
f 799/1/799 782/1/782 713/1/713
f 693/1/693 935/1/935 821/1/821
f 821/1/821 846/1/846 647/1/647
f 694/1/694 800/1/800 847/1/847
f 849/1/849 715/1/715 674/1/674
f 784/1/784 734/1/734 632/1/632
f 803/1/803 716/1/716 804/1/804
f 734/1/734 871/1/871 717/1/717
f 716/1/716 785/1/785 804/1/804
f 767/1/767 701/1/701 702/1/702
f 736/1/736 753/1/753 771/1/771
f 808/1/808 807/1/807 753/1/753
f 808/1/808 790/1/790 831/1/831
f 773/1/773 661/1/661 810/1/810
f 661/1/661 791/1/791 810/1/810
f 681/1/681 834/1/834 774/1/774
f 682/1/682 740/1/740 812/1/812
f 756/1/756 834/1/834 792/1/792
f 756/1/756 792/1/792 723/1/723
f 756/1/756 723/1/723 592/1/592
f 793/1/793 742/1/742 776/1/776
f 793/1/793 835/1/835 742/1/742
f 663/1/663 759/1/759 814/1/814
f 777/1/777 794/1/794 758/1/758
f 758/1/758 794/1/794 795/1/795
f 664/1/664 838/1/838 759/1/759
f 796/1/796 778/1/778 839/1/839
f 760/1/760 707/1/707 841/1/841
f 815/1/815 667/1/667 762/1/762
f 779/1/779 762/1/762 817/1/817
f 781/1/781 866/1/866 687/1/687
f 818/1/818 727/1/727 763/1/763
f 688/1/688 842/1/842 709/1/709
f 688/1/688 711/1/711 842/1/842
f 670/1/670 820/1/820 931/1/931
f 731/1/731 898/1/898 820/1/820
f 599/1/599 867/1/867 732/1/732
f 747/1/747 844/1/844 843/1/843
f 612/1/612 846/1/846 822/1/822
f 801/1/801 783/1/783 764/1/764
f 822/1/822 800/1/800 612/1/612
f 801/1/801 764/1/764 748/1/748
f 648/1/648 612/1/612 800/1/800
f 765/1/765 801/1/801 748/1/748
f 694/1/694 847/1/847 823/1/823
f 848/1/848 801/1/801 765/1/765
f 673/1/673 823/1/823 849/1/849
f 825/1/825 848/1/848 765/1/765
f 825/1/825 765/1/765 750/1/750
f 784/1/784 733/1/733 824/1/824
f 824/1/824 733/1/733 715/1/715
f 768/1/768 787/1/787 751/1/751
f 768/1/768 4016/1/4016 675/1/675
f 788/1/788 736/1/736 771/1/771
f 719/1/719 830/1/830 905/1/905
f 704/1/704 890/1/890 769/1/769
f 771/1/771 753/1/753 807/1/807
f 738/1/738 773/1/773 772/1/772
f 738/1/738 772/1/772 789/1/789
f 755/1/755 682/1/682 812/1/812
f 812/1/812 740/1/740 813/1/813
f 740/1/740 741/1/741 813/1/813
f 741/1/741 742/1/742 813/1/813
f 835/1/835 813/1/813 742/1/742
f 757/1/757 775/1/775 836/1/836
f 836/1/836 744/1/744 757/1/757
f 863/1/863 778/1/778 760/1/760
f 707/1/707 667/1/667 815/1/815
f 815/1/815 762/1/762 779/1/779
f 780/1/780 761/1/761 882/1/882
f 866/1/866 781/1/781 884/1/884
f 883/1/883 988/1/988 929/1/929
f 687/1/687 866/1/866 728/1/728
f 709/1/709 818/1/818 763/1/763
f 897/1/897 670/1/670 931/1/931
f 932/1/932 798/1/798 690/1/690
f 869/1/869 732/1/732 867/1/867
f 844/1/844 782/1/782 868/1/868
f 868/1/868 782/1/782 799/1/799
f 799/1/799 764/1/764 845/1/845
f 783/1/783 845/1/845 764/1/764
f 803/1/803 825/1/825 750/1/750
f 871/1/871 734/1/734 784/1/784
f 803/1/803 804/1/804 850/1/850
f 828/1/828 785/1/785 700/1/700
f 828/1/828 700/1/700 872/1/872
f 766/1/766 768/1/768 675/1/675
f 829/1/829 751/1/751 787/1/787
f 830/1/830 752/1/752 940/1/940
f 767/1/767 702/1/702 806/1/806
f 852/1/852 806/1/806 769/1/769
f 719/1/719 905/1/905 851/1/851
f 831/1/831 807/1/807 808/1/808
f 891/1/891 720/1/720 678/1/678
f 790/1/790 853/1/853 831/1/831
f 772/1/772 773/1/773 810/1/810
f 738/1/738 789/1/789 832/1/832
f 790/1/790 738/1/738 832/1/832
f 853/1/853 790/1/790 832/1/832
f 809/1/809 810/1/810 791/1/791
f 791/1/791 811/1/811 809/1/809
f 811/1/811 856/1/856 809/1/809
f 811/1/811 857/1/857 856/1/856
f 755/1/755 811/1/811 791/1/791
f 755/1/755 812/1/812 811/1/811
f 811/1/811 812/1/812 857/1/857
f 812/1/812 859/1/859 857/1/857
f 812/1/812 813/1/813 859/1/859
f 834/1/834 858/1/858 792/1/792
f 813/1/813 916/1/916 859/1/859
f 776/1/776 814/1/814 793/1/793
f 744/1/744 837/1/837 777/1/777
f 837/1/837 794/1/794 777/1/777
f 794/1/794 918/1/918 795/1/795
f 918/1/918 840/1/840 795/1/795
f 795/1/795 840/1/840 894/1/894
f 796/1/796 839/1/839 838/1/838
f 745/1/745 925/1/925 761/1/761
f 925/1/925 882/1/882 761/1/761
f 817/1/817 865/1/865 779/1/779
f 817/1/817 725/1/725 883/1/883
f 728/1/728 866/1/866 797/1/797
f 728/1/728 797/1/797 710/1/710
f 819/1/819 842/1/842 711/1/711
f 611/1/611 932/1/932 690/1/690
f 798/1/798 932/1/932 1010/1/1010
f 798/1/798 1010/1/1010 898/1/898
f 599/1/599 691/1/691 867/1/867
f 799/1/799 845/1/845 868/1/868
f 802/1/802 823/1/823 847/1/847
f 849/1/849 824/1/824 715/1/715
f 784/1/784 824/1/824 826/1/826
f 825/1/825 803/1/803 850/1/850
f 850/1/850 804/1/804 827/1/827
f 717/1/717 902/1/902 805/1/805
f 766/1/766 805/1/805 768/1/768
f 829/1/829 939/1/939 770/1/770
f 788/1/788 771/1/771 873/1/873
f 770/1/770 907/1/907 891/1/891
f 678/1/678 770/1/770 891/1/891
f 853/1/853 832/1/832 833/1/833
f 722/1/722 754/1/754 911/1/911
f 809/1/809 856/1/856 878/1/878
f 911/1/911 834/1/834 681/1/681
f 792/1/792 1023/1/1023 723/1/723
f 814/1/814 880/1/880 793/1/793
f 837/1/837 744/1/744 836/1/836
f 860/1/860 778/1/778 863/1/863
f 894/1/894 922/1/922 745/1/745
f 841/1/841 862/1/862 760/1/760
f 841/1/841 707/1/707 864/1/864
f 707/1/707 815/1/815 864/1/864
f 865/1/865 815/1/815 779/1/779
f 816/1/816 780/1/780 882/1/882
f 865/1/865 817/1/817 927/1/927
f 817/1/817 883/1/883 927/1/927
f 819/1/819 990/1/990 842/1/842
f 819/1/819 670/1/670 897/1/897
f 1011/1/1011 898/1/898 1010/1/1010
f 844/1/844 934/1/934 843/1/843
f 821/1/821 1033/1/1033 846/1/846
f 846/1/846 994/1/994 822/1/822
f 800/1/800 822/1/822 899/1/899
f 800/1/800 899/1/899 847/1/847
f 801/1/801 848/1/848 958/1/958
f 1016/1/1016 824/1/824 849/1/849
f 826/1/826 871/1/871 784/1/784
f 785/1/785 828/1/828 804/1/804
f 828/1/828 872/1/872 888/1/888
f 872/1/872 786/1/786 1018/1/1018
f 829/1/829 787/1/787 939/1/939
f 786/1/786 767/1/767 941/1/941
f 767/1/767 806/1/806 941/1/941
f 788/1/788 873/1/873 4017/1/4017
f 830/1/830 940/1/940 905/1/905
f 737/1/737 719/1/719 851/1/851
f 890/1/890 874/1/874 769/1/769
f 874/1/874 852/1/852 769/1/769
f 875/1/875 873/1/873 771/1/771
f 771/1/771 807/1/807 875/1/875
f 875/1/875 807/1/807 876/1/876
f 876/1/876 807/1/807 909/1/909
f 807/1/807 831/1/831 909/1/909
f 789/1/789 772/1/772 877/1/877
f 853/1/853 854/1/854 831/1/831
f 854/1/854 909/1/909 831/1/831
f 810/1/810 948/1/948 877/1/877
f 772/1/772 810/1/810 877/1/877
f 789/1/789 855/1/855 832/1/832
f 810/1/810 809/1/809 948/1/948
f 809/1/809 878/1/878 892/1/892
f 911/1/911 681/1/681 722/1/722
f 834/1/834 1021/1/1021 858/1/858
f 835/1/835 793/1/793 879/1/879
f 879/1/879 793/1/793 880/1/880
f 838/1/838 971/1/971 759/1/759
f 839/1/839 778/1/778 860/1/860
f 860/1/860 863/1/863 861/1/861
f 861/1/861 863/1/863 862/1/862
f 840/1/840 922/1/922 894/1/894
f 760/1/760 862/1/862 863/1/863
f 922/1/922 925/1/925 745/1/745
f 923/1/923 862/1/862 841/1/841
f 864/1/864 923/1/923 841/1/841
f 864/1/864 815/1/815 865/1/865
f 881/1/881 864/1/864 865/1/865
f 927/1/927 881/1/881 865/1/865
f 882/1/882 895/1/895 816/1/816
f 816/1/816 895/1/895 781/1/781
f 781/1/781 895/1/895 884/1/884
f 988/1/988 987/1/987 929/1/929
f 818/1/818 988/1/988 727/1/727
f 885/1/885 797/1/797 866/1/866
f 957/1/957 797/1/797 885/1/885
f 797/1/797 957/1/957 710/1/710
f 709/1/709 842/1/842 818/1/818
f 729/1/729 989/1/989 746/1/746
f 611/1/611 1272/1/1272 932/1/932
f 691/1/691 933/1/933 867/1/867
f 844/1/844 868/1/868 934/1/934
f 821/1/821 935/1/935 1033/1/1033
f 783/1/783 1034/1/1034 845/1/845
f 801/1/801 958/1/958 783/1/783
f 823/1/823 802/1/802 870/1/870
f 849/1/849 823/1/823 886/1/886
f 900/1/900 826/1/826 824/1/824
f 901/1/901 825/1/825 850/1/850
f 903/1/903 828/1/828 888/1/888
f 4018/1/4018 887/1/887 805/1/805
f 768/1/768 805/1/805 887/1/887
f 872/1/872 1018/1/1018 888/1/888
f 768/1/768 887/1/887 787/1/787
f 941/1/941 806/1/806 889/1/889
f 890/1/890 737/1/737 851/1/851
f 909/1/909 908/1/908 876/1/876
f 877/1/877 946/1/946 789/1/789
f 912/1/912 909/1/909 854/1/854
f 853/1/853 833/1/833 854/1/854
f 809/1/809 892/1/892 948/1/948
f 913/1/913 832/1/832 855/1/855
f 833/1/833 832/1/832 913/1/913
f 912/1/912 854/1/854 833/1/833
f 834/1/834 911/1/911 1021/1/1021
f 856/1/856 914/1/914 878/1/878
f 857/1/857 914/1/914 856/1/856
f 857/1/857 915/1/915 914/1/914
f 859/1/859 915/1/915 857/1/857
f 916/1/916 915/1/915 859/1/859
f 813/1/813 952/1/952 916/1/916
f 723/1/723 1023/1/1023 775/1/775
f 1023/1/1023 836/1/836 775/1/775
f 880/1/880 814/1/814 759/1/759
f 837/1/837 1053/1/1053 794/1/794
f 918/1/918 919/1/919 840/1/840
f 860/1/860 861/1/861 893/1/893
f 923/1/923 864/1/864 881/1/881
f 926/1/926 923/1/923 881/1/881
f 927/1/927 883/1/883 928/1/928
f 930/1/930 866/1/866 884/1/884
f 710/1/710 1009/1/1009 729/1/729
f 931/1/931 1030/1/1030 897/1/897
f 820/1/820 898/1/898 931/1/931
f 867/1/867 933/1/933 869/1/869
f 994/1/994 846/1/846 1033/1/1033
f 1034/1/1034 783/1/783 958/1/958
f 899/1/899 1035/1/1035 847/1/847
f 823/1/823 870/1/870 886/1/886
f 849/1/849 886/1/886 1016/1/1016
f 850/1/850 827/1/827 901/1/901
f 871/1/871 902/1/902 717/1/717
f 902/1/902 4018/1/4018 805/1/805
f 786/1/786 941/1/941 1018/1/1018
f 874/1/874 890/1/890 998/1/998
f 852/1/852 942/1/942 806/1/806
f 906/1/906 907/1/907 770/1/770
f 944/1/944 875/1/875 908/1/908
f 875/1/875 876/1/876 908/1/908
f 891/1/891 965/1/965 720/1/720
f 720/1/720 965/1/965 754/1/754
f 877/1/877 948/1/948 946/1/946
f 946/1/946 855/1/855 789/1/789
f 833/1/833 913/1/913 912/1/912
f 892/1/892 878/1/878 968/1/968
f 813/1/813 835/1/835 952/1/952
f 835/1/835 879/1/879 952/1/952
f 759/1/759 917/1/917 880/1/880
f 1053/1/1053 918/1/918 794/1/794
f 920/1/920 971/1/971 838/1/838
f 861/1/861 921/1/921 893/1/893
f 923/1/923 921/1/921 861/1/861
f 861/1/861 862/1/862 923/1/923
f 956/1/956 926/1/926 881/1/881
f 881/1/881 927/1/927 956/1/956
f 930/1/930 885/1/885 866/1/866
f 885/1/885 1028/1/1028 957/1/957
f 896/1/896 818/1/818 842/1/842
f 957/1/957 1009/1/1009 710/1/710
f 1009/1/1009 989/1/989 729/1/729
f 819/1/819 897/1/897 990/1/990
f 746/1/746 989/1/989 611/1/611
f 691/1/691 1548/1/1548 933/1/933
f 935/1/935 869/1/869 1144/1/1144
f 869/1/869 933/1/933 1144/1/1144
f 993/1/993 845/1/845 1034/1/1034
f 1033/1/1033 1014/1/1014 994/1/994
f 1035/1/1035 899/1/899 822/1/822
f 847/1/847 1015/1/1015 802/1/802
f 848/1/848 825/1/825 1069/1/1069
f 901/1/901 936/1/936 825/1/825
f 902/1/902 937/1/937 4018/1/4018
f 804/1/804 828/1/828 827/1/827
f 904/1/904 4018/1/4018 937/1/937
f 887/1/887 961/1/961 938/1/938
f 787/1/787 887/1/887 939/1/939
f 1073/1/1073 1018/1/1018 941/1/941
f 939/1/939 906/1/906 770/1/770
f 889/1/889 806/1/806 942/1/942
f 890/1/890 851/1/851 998/1/998
f 875/1/875 944/1/944 873/1/873
f 852/1/852 874/1/874 945/1/945
f 1020/1/1020 852/1/852 945/1/945
f 942/1/942 852/1/852 1020/1/1020
f 1155/1/1155 891/1/891 907/1/907
f 963/1/963 944/1/944 908/1/908
f 910/1/910 964/1/964 908/1/908
f 908/1/908 909/1/909 910/1/910
f 1044/1/1044 754/1/754 965/1/965
f 855/1/855 946/1/946 947/1/947
f 912/1/912 910/1/910 909/1/909
f 1044/1/1044 911/1/911 754/1/754
f 910/1/910 912/1/912 949/1/949
f 892/1/892 1001/1/1001 948/1/948
f 912/1/912 913/1/913 950/1/950
f 949/1/949 912/1/912 950/1/950
f 1002/1/1002 1021/1/1021 911/1/911
f 878/1/878 914/1/914 968/1/968
f 836/1/836 1023/1/1023 1024/1/1024
f 836/1/836 1053/1/1053 837/1/837
f 917/1/917 759/1/759 971/1/971
f 839/1/839 920/1/920 838/1/838
f 860/1/860 920/1/920 839/1/839
f 924/1/924 921/1/921 923/1/923
f 924/1/924 923/1/923 926/1/926
f 984/1/984 925/1/925 1008/1/1008
f 984/1/984 882/1/882 925/1/925
f 1026/1/1026 895/1/895 984/1/984
f 985/1/985 956/1/956 927/1/927
f 928/1/928 883/1/883 929/1/929
f 1170/1/1170 988/1/988 818/1/818
f 1029/1/1029 896/1/896 842/1/842
f 1029/1/1029 842/1/842 990/1/990
f 990/1/990 897/1/897 991/1/991
f 1272/1/1272 611/1/611 1140/1/1140
f 1010/1/1010 932/1/932 1031/1/1031
f 843/1/843 1548/1/1548 691/1/691
f 868/1/868 993/1/993 1012/1/1012
f 868/1/868 1012/1/1012 934/1/934
f 868/1/868 845/1/845 993/1/993
f 822/1/822 994/1/994 1035/1/1035
f 886/1/886 959/1/959 1016/1/1016
f 871/1/871 826/1/826 900/1/900
f 871/1/871 996/1/996 902/1/902
f 828/1/828 903/1/903 827/1/827
f 938/1/938 939/1/939 887/1/887
f 1018/1/1018 1072/1/1072 888/1/888
f 962/1/962 905/1/905 940/1/940
f 1041/1/1041 873/1/873 944/1/944
f 889/1/889 942/1/942 943/1/943
f 963/1/963 908/1/908 964/1/964
f 947/1/947 913/1/913 855/1/855
f 949/1/949 951/1/951 910/1/910
f 951/1/951 949/1/949 950/1/950
f 968/1/968 914/1/914 1022/1/1022
f 952/1/952 969/1/969 916/1/916
f 953/1/953 952/1/952 879/1/879
f 836/1/836 1024/1/1024 1102/1/1102
f 879/1/879 880/1/880 1004/1/1004
f 920/1/920 860/1/860 1057/1/1057
f 860/1/860 893/1/893 1057/1/1057
f 974/1/974 921/1/921 954/1/954
f 924/1/924 954/1/954 921/1/921
f 955/1/955 954/1/954 924/1/924
f 955/1/955 924/1/924 981/1/981
f 924/1/924 926/1/926 981/1/981
f 895/1/895 882/1/882 984/1/984
f 985/1/985 927/1/927 928/1/928
f 895/1/895 1027/1/1027 884/1/884
f 896/1/896 1029/1/1029 1172/1/1172
f 611/1/611 989/1/989 1140/1/1140
f 932/1/932 1272/1/1272 1031/1/1031
f 898/1/898 1011/1/1011 931/1/931
f 931/1/931 1011/1/1011 992/1/992
f 935/1/935 1144/1/1144 1032/1/1032
f 1032/1/1032 1033/1/1033 935/1/935
f 1015/1/1015 1084/1/1084 802/1/802
f 848/1/848 995/1/995 958/1/958
f 886/1/886 1036/1/1036 959/1/959
f 1036/1/1036 886/1/886 870/1/870
f 824/1/824 1017/1/1017 900/1/900
f 848/1/848 1069/1/1069 995/1/995
f 900/1/900 1037/1/1037 871/1/871
f 960/1/960 936/1/936 901/1/901
f 997/1/997 901/1/901 827/1/827
f 902/1/902 1117/1/1117 937/1/937
f 1039/1/1039 997/1/997 827/1/827
f 903/1/903 888/1/888 1040/1/1040
f 938/1/938 1086/1/1086 939/1/939
f 1040/1/1040 888/1/888 1072/1/1072
f 4017/1/4017 873/1/873 1041/1/1041
f 999/1/999 941/1/941 889/1/889
f 963/1/963 1041/1/1041 944/1/944
f 998/1/998 1089/1/1089 874/1/874
f 943/1/943 999/1/999 889/1/889
f 874/1/874 1089/1/1089 945/1/945
f 942/1/942 1000/1/1000 943/1/943
f 1000/1/1000 942/1/942 1020/1/1020
f 965/1/965 891/1/891 1155/1/1155
f 948/1/948 1045/1/1045 946/1/946
f 1045/1/1045 947/1/947 946/1/946
f 913/1/913 947/1/947 967/1/967
f 947/1/947 1045/1/1045 967/1/967
f 910/1/910 951/1/951 966/1/966
f 1001/1/1001 892/1/892 1047/1/1047
f 892/1/892 968/1/968 1047/1/1047
f 913/1/913 967/1/967 950/1/950
f 950/1/950 1003/1/1003 951/1/951
f 967/1/967 1003/1/1003 950/1/950
f 1022/1/1022 914/1/914 915/1/915
f 916/1/916 969/1/969 915/1/915
f 1161/1/1161 1023/1/1023 792/1/792
f 952/1/952 1164/1/1164 969/1/969
f 879/1/879 1004/1/1004 953/1/953
f 971/1/971 970/1/970 917/1/917
f 1053/1/1053 919/1/919 918/1/918
f 971/1/971 920/1/920 1055/1/1055
f 1129/1/1129 1056/1/1056 919/1/919
f 919/1/919 1056/1/1056 840/1/840
f 974/1/974 975/1/975 973/1/973
f 978/1/978 972/1/972 976/1/976
f 893/1/893 921/1/921 974/1/974
f 973/1/973 975/1/975 977/1/977
f 972/1/972 973/1/973 977/1/977
f 976/1/976 972/1/972 977/1/977
f 954/1/954 975/1/975 974/1/974
f 977/1/977 975/1/975 954/1/954
f 978/1/978 976/1/976 979/1/979
f 1008/1/1008 840/1/840 1081/1/1081
f 977/1/977 954/1/954 955/1/955
f 922/1/922 1008/1/1008 925/1/925
f 840/1/840 1008/1/1008 922/1/922
f 976/1/976 977/1/977 955/1/955
f 976/1/976 955/1/955 979/1/979
f 979/1/979 955/1/955 980/1/980
f 1007/1/1007 979/1/979 980/1/980
f 980/1/980 955/1/955 981/1/981
f 982/1/982 1007/1/1007 980/1/980
f 980/1/980 981/1/981 982/1/982
f 926/1/926 956/1/956 981/1/981
f 983/1/983 982/1/982 981/1/981
f 983/1/983 981/1/981 956/1/956
f 1026/1/1026 1027/1/1027 895/1/895
f 929/1/929 986/1/986 928/1/928
f 930/1/930 884/1/884 1063/1/1063
f 986/1/986 929/1/929 987/1/987
f 1063/1/1063 1064/1/1064 930/1/930
f 1064/1/1064 885/1/885 930/1/930
f 991/1/991 897/1/897 1030/1/1030
f 933/1/933 1548/1/1548 1174/1/1174
f 934/1/934 1142/1/1142 843/1/843
f 1012/1/1012 993/1/993 1013/1/1013
f 993/1/993 1034/1/1034 1067/1/1067
f 1035/1/1035 1015/1/1015 847/1/847
f 1084/1/1084 1036/1/1036 870/1/870
f 802/1/802 1084/1/1084 870/1/870
f 1069/1/1069 825/1/825 936/1/936
f 996/1/996 871/1/871 1037/1/1037
f 903/1/903 1039/1/1039 827/1/827
f 941/1/941 1019/1/1019 1073/1/1073
f 1042/1/1042 851/1/851 905/1/905
f 851/1/851 1042/1/1042 998/1/998
f 1087/1/1087 907/1/907 906/1/906
f 945/1/945 1089/1/1089 1043/1/1043
f 964/1/964 1093/1/1093 963/1/963
f 964/1/964 910/1/910 1076/1/1076
f 948/1/948 1001/1/1001 1045/1/1045
f 910/1/910 966/1/966 1076/1/1076
f 967/1/967 1045/1/1045 1048/1/1048
f 1046/1/1046 1001/1/1001 1047/1/1047
f 1003/1/1003 967/1/967 1051/1/1051
f 1047/1/1047 968/1/968 1022/1/1022
f 1052/1/1052 858/1/858 1021/1/1021
f 1161/1/1161 792/1/792 1125/1/1125
f 953/1/953 1079/1/1079 952/1/952
f 836/1/836 1102/1/1102 1053/1/1053
f 880/1/880 917/1/917 1004/1/1004
f 1129/1/1129 919/1/919 1053/1/1053
f 1055/1/1055 920/1/920 1005/1/1005
f 920/1/920 1107/1/1107 1005/1/1005
f 920/1/920 1057/1/1057 1107/1/1107
f 1109/1/1109 972/1/972 978/1/978
f 974/1/974 1108/1/1108 893/1/893
f 893/1/893 1108/1/1108 1057/1/1057
f 1056/1/1056 1081/1/1081 840/1/840
f 978/1/978 979/1/979 1006/1/1006
f 956/1/956 985/1/985 1114/1/1114
f 956/1/956 1114/1/1114 983/1/983
f 1063/1/1063 884/1/884 1027/1/1027
f 1063/1/1063 1082/1/1082 1064/1/1064
f 1065/1/1065 885/1/885 1064/1/1064
f 885/1/885 1065/1/1065 1028/1/1028
f 991/1/991 1029/1/1029 990/1/990
f 1173/1/1173 1144/1/1144 933/1/933
f 1013/1/1013 993/1/993 1067/1/1067
f 995/1/995 1034/1/1034 958/1/958
f 1016/1/1016 1017/1/1017 824/1/824
f 1116/1/1116 902/1/902 996/1/996
f 901/1/901 997/1/997 960/1/960
f 1178/1/1178 937/1/937 1117/1/1117
f 938/1/938 937/1/937 1178/1/1178
f 938/1/938 1178/1/1178 1086/1/1086
f 1179/1/1179 906/1/906 939/1/939
f 905/1/905 962/1/962 1042/1/1042
f 1041/1/1041 963/1/963 4019/1/4019
f 999/1/999 1019/1/1019 941/1/941
f 943/1/943 1088/1/1088 999/1/999
f 967/1/967 1048/1/1048 1051/1/1051
f 1047/1/1047 1022/1/1022 1159/1/1159
f 1051/1/1051 1078/1/1078 1003/1/1003
f 1022/1/1022 915/1/915 1100/1/1100
f 1052/1/1052 792/1/792 858/1/858
f 1079/1/1079 1164/1/1164 952/1/952
f 971/1/971 1055/1/1055 970/1/970
f 1025/1/1025 1056/1/1056 1133/1/1133
f 978/1/978 1006/1/1006 1059/1/1059
f 1058/1/1058 974/1/974 973/1/973
f 972/1/972 1058/1/1058 973/1/973
f 979/1/979 1007/1/1007 1006/1/1006
f 1006/1/1006 1007/1/1007 1061/1/1061
f 1007/1/1007 982/1/982 1062/1/1062
f 818/1/818 896/1/896 1170/1/1170
f 957/1/957 1028/1/1028 1009/1/1009
f 1115/1/1115 991/1/991 1030/1/1030
f 1031/1/1031 1011/1/1011 1010/1/1010
f 1011/1/1011 1066/1/1066 992/1/992
f 1066/1/1066 1011/1/1011 1031/1/1031
f 1012/1/1012 1142/1/1142 934/1/934
f 1012/1/1012 1013/1/1013 1175/1/1175
f 1017/1/1017 1016/1/1016 959/1/959
f 1069/1/1069 936/1/936 1085/1/1085
f 996/1/996 1037/1/1037 1038/1/1038
f 902/1/902 1116/1/1116 1117/1/1117
f 1074/1/1074 998/1/998 1042/1/1042
f 1019/1/1019 999/1/999 1183/1/1183
f 1089/1/1089 998/1/998 1074/1/1074
f 1093/1/1093 4019/1/4019 963/1/963
f 1120/1/1120 1088/1/1088 943/1/943
f 943/1/943 1000/1/1000 1120/1/1120
f 945/1/945 1043/1/1043 1020/1/1020
f 1020/1/1020 1043/1/1043 1000/1/1000
f 1043/1/1043 1184/1/1184 1000/1/1000
f 1076/1/1076 1094/1/1094 964/1/964
f 1045/1/1045 1001/1/1001 1046/1/1046
f 911/1/911 1075/1/1075 1002/1/1002
f 1045/1/1045 1046/1/1046 1048/1/1048
f 951/1/951 1049/1/1049 966/1/966
f 1049/1/1049 1077/1/1077 966/1/966
f 1050/1/1050 1046/1/1046 1047/1/1047
f 1159/1/1159 1050/1/1050 1047/1/1047
f 1048/1/1048 1046/1/1046 1050/1/1050
f 951/1/951 1003/1/1003 1098/1/1098
f 1049/1/1049 951/1/951 1098/1/1098
f 1003/1/1003 1078/1/1078 1098/1/1098
f 1052/1/1052 1125/1/1125 792/1/792
f 915/1/915 1162/1/1162 1100/1/1100
f 1162/1/1162 915/1/915 969/1/969
f 969/1/969 1164/1/1164 1163/1/1163
f 1024/1/1024 1023/1/1023 1229/1/1229
f 1024/1/1024 1229/1/1229 1102/1/1102
f 1101/1/1101 953/1/953 1004/1/1004
f 1101/1/1101 1004/1/1004 1054/1/1054
f 1004/1/1004 917/1/917 970/1/970
f 1054/1/1054 1004/1/1004 970/1/970
f 1080/1/1080 970/1/970 1055/1/1055
f 1053/1/1053 1103/1/1103 1129/1/1129
f 1005/1/1005 1130/1/1130 1055/1/1055
f 1107/1/1107 1057/1/1057 1108/1/1108
f 974/1/974 1058/1/1058 1108/1/1108
f 1109/1/1109 1058/1/1058 972/1/972
f 1109/1/1109 978/1/978 1059/1/1059
f 1025/1/1025 1081/1/1081 1056/1/1056
f 1059/1/1059 1006/1/1006 1112/1/1112
f 1112/1/1112 1113/1/1113 1059/1/1059
f 1112/1/1112 1006/1/1006 1061/1/1061
f 1113/1/1113 1112/1/1112 1061/1/1061
f 1007/1/1007 1062/1/1062 1061/1/1061
f 1008/1/1008 1060/1/1060 984/1/984
f 1060/1/1060 1136/1/1136 984/1/984
f 983/1/983 1062/1/1062 982/1/982
f 1136/1/1136 1026/1/1026 984/1/984
f 985/1/985 1137/1/1137 1114/1/1114
f 1027/1/1027 1026/1/1026 1169/1/1169
f 1063/1/1063 1138/1/1138 1082/1/1082
f 988/1/988 1348/1/1348 987/1/987
f 989/1/989 1009/1/1009 1299/1/1299
f 1030/1/1030 931/1/931 1083/1/1083
f 1066/1/1066 1215/1/1215 992/1/992
f 933/1/933 1174/1/1174 1173/1/1173
f 1142/1/1142 1012/1/1012 1175/1/1175
f 1032/1/1032 1144/1/1144 1143/1/1143
f 1014/1/1014 1033/1/1033 1032/1/1032
f 995/1/995 1067/1/1067 1034/1/1034
f 1035/1/1035 1068/1/1068 1015/1/1015
f 1015/1/1015 1146/1/1146 1084/1/1084
f 1241/1/1241 995/1/995 1069/1/1069
f 1069/1/1069 1085/1/1085 1279/1/1279
f 1037/1/1037 1070/1/1070 1038/1/1038
f 936/1/936 960/1/960 1085/1/1085
f 960/1/960 997/1/997 1085/1/1085
f 1118/1/1118 997/1/997 1039/1/1039
f 903/1/903 1071/1/1071 1039/1/1039
f 903/1/903 1040/1/1040 1071/1/1071
f 939/1/939 1086/1/1086 1179/1/1179
f 1087/1/1087 906/1/906 1179/1/1179
f 1072/1/1072 1018/1/1018 1073/1/1073
f 907/1/907 1087/1/1087 1155/1/1155
f 1090/1/1090 1043/1/1043 1089/1/1089
f 964/1/964 1094/1/1094 1093/1/1093
f 1119/1/1119 1044/1/1044 965/1/965
f 1044/1/1044 1075/1/1075 911/1/911
f 1076/1/1076 966/1/966 1077/1/1077
f 1048/1/1048 1050/1/1050 1097/1/1097
f 1051/1/1051 1048/1/1048 1097/1/1097
f 1021/1/1021 1002/1/1002 1157/1/1157
f 1021/1/1021 1157/1/1157 1052/1/1052
f 1022/1/1022 1100/1/1100 1197/1/1197
f 1162/1/1162 969/1/969 1163/1/1163
f 1023/1/1023 1161/1/1161 1229/1/1229
f 1102/1/1102 1229/1/1229 1126/1/1126
f 1079/1/1079 953/1/953 1127/1/1127
f 1055/1/1055 1130/1/1130 1080/1/1080
f 1130/1/1130 1005/1/1005 1131/1/1131
f 1060/1/1060 1008/1/1008 1081/1/1081
f 983/1/983 1114/1/1114 1062/1/1062
f 1136/1/1136 1169/1/1169 1026/1/1026
f 1348/1/1348 988/1/988 1170/1/1170
f 1065/1/1065 1064/1/1064 1082/1/1082
f 1171/1/1171 1028/1/1028 1065/1/1065
f 1028/1/1028 1171/1/1171 1009/1/1009
f 991/1/991 1139/1/1139 1029/1/1029
f 1083/1/1083 931/1/931 992/1/992
f 1066/1/1066 1031/1/1031 1141/1/1141
f 1142/1/1142 1549/1/1549 843/1/843
f 1032/1/1032 1143/1/1143 1014/1/1014
f 1239/1/1239 1013/1/1013 1067/1/1067
f 994/1/994 1014/1/1014 1068/1/1068
f 1068/1/1068 1035/1/1035 994/1/994
f 1015/1/1015 1068/1/1068 1146/1/1146
f 1017/1/1017 1176/1/1176 900/1/900
f 1241/1/1241 1069/1/1069 1279/1/1279
f 1037/1/1037 900/1/900 1070/1/1070
f 1070/1/1070 1148/1/1148 1038/1/1038
f 996/1/996 1038/1/1038 1116/1/1116
f 1071/1/1071 1118/1/1118 1039/1/1039
f 1072/1/1072 1152/1/1152 1040/1/1040
f 1072/1/1072 1073/1/1073 1181/1/1181
f 1074/1/1074 1042/1/1042 1154/1/1154
f 1183/1/1183 999/1/999 1088/1/1088
f 1121/1/1121 4019/1/4019 1093/1/1093
f 1089/1/1089 1074/1/1074 1090/1/1090
f 1119/1/1119 965/1/965 1155/1/1155
f 1043/1/1043 1091/1/1091 1184/1/1184
f 1120/1/1120 1000/1/1000 1184/1/1184
f 1121/1/1121 1093/1/1093 1092/1/1092
f 1091/1/1091 1043/1/1043 1156/1/1156
f 1092/1/1092 1093/1/1093 1094/1/1094
f 1094/1/1094 1076/1/1076 1077/1/1077
f 1094/1/1094 1077/1/1077 1092/1/1092
f 1092/1/1092 1077/1/1077 1095/1/1095
f 1095/1/1095 1077/1/1077 1096/1/1096
f 1049/1/1049 1096/1/1096 1077/1/1077
f 1096/1/1096 1049/1/1049 1099/1/1099
f 1158/1/1158 1097/1/1097 1050/1/1050
f 1049/1/1049 1098/1/1098 1099/1/1099
f 1051/1/1051 1123/1/1123 1078/1/1078
f 1159/1/1159 1022/1/1022 1197/1/1197
f 1157/1/1157 1254/1/1254 1052/1/1052
f 1101/1/1101 1127/1/1127 953/1/953
f 1102/1/1102 1103/1/1103 1053/1/1053
f 1101/1/1101 1054/1/1054 1128/1/1128
f 970/1/970 1128/1/1128 1054/1/1054
f 1080/1/1080 1128/1/1128 970/1/970
f 1130/1/1130 1131/1/1131 1165/1/1165
f 1107/1/1107 1104/1/1104 1131/1/1131
f 1131/1/1131 1104/1/1104 1105/1/1105
f 1104/1/1104 1106/1/1106 1105/1/1105
f 1105/1/1105 1106/1/1106 1132/1/1132
f 1131/1/1131 1005/1/1005 1107/1/1107
f 1058/1/1058 1106/1/1106 1104/1/1104
f 1104/1/1104 1107/1/1107 1108/1/1108
f 1106/1/1106 1058/1/1058 1109/1/1109
f 1104/1/1104 1108/1/1108 1058/1/1058
f 1110/1/1110 1106/1/1106 1109/1/1109
f 1059/1/1059 1110/1/1110 1109/1/1109
f 1110/1/1110 1059/1/1059 1111/1/1111
f 1113/1/1113 1111/1/1111 1059/1/1059
f 1061/1/1061 1209/1/1209 1113/1/1113
f 1062/1/1062 1209/1/1209 1061/1/1061
f 1168/1/1168 1209/1/1209 1062/1/1062
f 1060/1/1060 1135/1/1135 1136/1/1136
f 1168/1/1168 1062/1/1062 1114/1/1114
f 985/1/985 928/1/928 1137/1/1137
f 1027/1/1027 1211/1/1211 1063/1/1063
f 1137/1/1137 928/1/928 986/1/986
f 896/1/896 1172/1/1172 1213/1/1213
f 1171/1/1171 1299/1/1299 1009/1/1009
f 1029/1/1029 1139/1/1139 1172/1/1172
f 1299/1/1299 1300/1/1300 989/1/989
f 1115/1/1115 1030/1/1030 1083/1/1083
f 1031/1/1031 1272/1/1272 1237/1/1237
f 1031/1/1031 1237/1/1237 1141/1/1141
f 992/1/992 1215/1/1215 1273/1/1273
f 992/1/992 1273/1/1273 1083/1/1083
f 1067/1/1067 995/1/995 1217/1/1217
f 1146/1/1146 1303/1/1303 1084/1/1084
f 995/1/995 1241/1/1241 1217/1/1217
f 959/1/959 1036/1/1036 1240/1/1240
f 1070/1/1070 900/1/900 1176/1/1176
f 1086/1/1086 1150/1/1150 1179/1/1179
f 1181/1/1181 1152/1/1152 1072/1/1072
f 1153/1/1153 1154/1/1154 1042/1/1042
f 1044/1/1044 1119/1/1119 1122/1/1122
f 1092/1/1092 1187/1/1187 1121/1/1121
f 1092/1/1092 1095/1/1095 1190/1/1190
f 1189/1/1189 1092/1/1092 1190/1/1190
f 1050/1/1050 1225/1/1225 1158/1/1158
f 1123/1/1123 1051/1/1051 1097/1/1097
f 1096/1/1096 1099/1/1099 1193/1/1193
f 1098/1/1098 1078/1/1078 1194/1/1194
f 1099/1/1099 1098/1/1098 1160/1/1160
f 1098/1/1098 1194/1/1194 1160/1/1160
f 1052/1/1052 1254/1/1254 1125/1/1125
f 1102/1/1102 1126/1/1126 1103/1/1103
f 1131/1/1131 1105/1/1105 1204/1/1204
f 1204/1/1204 1105/1/1105 1166/1/1166
f 1166/1/1166 1105/1/1105 1132/1/1132
f 1132/1/1132 1106/1/1106 1110/1/1110
f 1056/1/1056 1234/1/1234 1133/1/1133
f 1111/1/1111 1207/1/1207 1110/1/1110
f 1111/1/1111 1113/1/1113 1134/1/1134
f 1025/1/1025 1294/1/1294 1081/1/1081
f 1081/1/1081 1294/1/1294 1060/1/1060
f 1209/1/1209 1208/1/1208 1113/1/1113
f 1210/1/1210 1168/1/1168 1114/1/1114
f 1137/1/1137 1210/1/1210 1114/1/1114
f 1027/1/1027 1169/1/1169 1211/1/1211
f 1212/1/1212 986/1/986 987/1/987
f 1170/1/1170 896/1/896 1213/1/1213
f 1140/1/1140 989/1/989 1300/1/1300
f 1139/1/1139 991/1/991 1115/1/1115
f 1083/1/1083 1273/1/1273 1214/1/1214
f 1014/1/1014 1143/1/1143 1238/1/1238
f 1014/1/1014 1145/1/1145 1068/1/1068
f 1318/1/1318 1036/1/1036 1084/1/1084
f 1017/1/1017 1242/1/1242 1176/1/1176
f 1241/1/1241 1279/1/1279 1305/1/1305
f 1149/1/1149 1038/1/1038 1147/1/1147
f 1147/1/1147 1038/1/1038 1148/1/1148
f 1149/1/1149 1116/1/1116 1038/1/1038
f 1085/1/1085 997/1/997 1118/1/1118
f 1086/1/1086 1178/1/1178 1150/1/1150
f 1040/1/1040 1151/1/1151 1071/1/1071
f 1040/1/1040 1152/1/1152 1151/1/1151
f 1073/1/1073 1019/1/1019 1181/1/1181
f 1181/1/1181 1019/1/1019 1183/1/1183
f 1074/1/1074 1154/1/1154 1222/1/1222
f 1121/1/1121 1221/1/1221 4019/1/4019
f 1090/1/1090 1248/1/1248 1043/1/1043
f 1156/1/1156 1043/1/1043 1248/1/1248
f 1187/1/1187 1092/1/1092 1189/1/1189
f 1095/1/1095 1096/1/1096 1193/1/1193
f 1095/1/1095 1193/1/1193 1190/1/1190
f 1097/1/1097 1158/1/1158 1123/1/1123
f 1193/1/1193 1099/1/1099 1124/1/1124
f 1078/1/1078 1123/1/1123 1194/1/1194
f 1160/1/1160 1124/1/1124 1099/1/1099
f 1197/1/1197 1100/1/1100 1162/1/1162
f 1197/1/1197 1162/1/1162 1226/1/1226
f 1309/1/1309 1229/1/1229 1161/1/1161
f 1164/1/1164 1079/1/1079 1127/1/1127
f 1126/1/1126 1229/1/1229 1231/1/1231
f 1127/1/1127 1101/1/1101 1291/1/1291
f 1130/1/1130 1233/1/1233 1080/1/1080
f 1165/1/1165 1233/1/1233 1130/1/1130
f 1132/1/1132 1206/1/1206 1166/1/1166
f 1129/1/1129 1234/1/1234 1056/1/1056
f 1345/1/1345 1110/1/1110 1207/1/1207
f 1207/1/1207 1111/1/1111 1167/1/1167
f 1111/1/1111 1134/1/1134 1167/1/1167
f 1294/1/1294 1135/1/1135 1060/1/1060
f 1063/1/1063 1211/1/1211 1138/1/1138
f 986/1/986 1212/1/1212 1137/1/1137
f 987/1/987 1348/1/1348 1463/1/1463
f 1383/1/1383 1170/1/1170 1213/1/1213
f 1171/1/1171 1065/1/1065 1431/1/1431
f 1237/1/1237 1272/1/1272 1315/1/1315
f 1215/1/1215 1066/1/1066 1274/1/1274
f 1352/1/1352 1175/1/1175 1013/1/1013
f 1216/1/1216 1143/1/1143 1144/1/1144
f 1014/1/1014 1238/1/1238 1145/1/1145
f 1067/1/1067 1217/1/1217 1239/1/1239
f 1036/1/1036 1318/1/1318 1240/1/1240
f 1070/1/1070 1176/1/1176 1177/1/1177
f 1070/1/1070 1177/1/1177 1148/1/1148
f 1392/1/1392 1116/1/1116 1149/1/1149
f 1117/1/1117 1280/1/1280 1178/1/1178
f 1181/1/1181 1182/1/1182 1152/1/1152
f 1154/1/1154 1153/1/1153 1180/1/1180
f 1154/1/1154 1180/1/1180 1329/1/1329
f 1087/1/1087 1398/1/1398 1155/1/1155
f 1222/1/1222 1090/1/1090 1074/1/1074
f 1121/1/1121 1247/1/1247 1221/1/1221
f 1090/1/1090 1222/1/1222 1248/1/1248
f 1186/1/1186 1183/1/1183 1088/1/1088
f 1088/1/1088 1120/1/1120 1186/1/1186
f 1120/1/1120 1184/1/1184 1251/1/1251
f 1119/1/1119 1334/1/1334 1122/1/1122
f 1185/1/1185 1251/1/1251 1091/1/1091
f 1091/1/1091 1251/1/1251 1184/1/1184
f 1186/1/1186 1120/1/1120 1251/1/1251
f 1185/1/1185 1091/1/1091 1156/1/1156
f 1191/1/1191 1187/1/1187 1189/1/1189
f 1188/1/1188 1187/1/1187 1191/1/1191
f 1185/1/1185 1156/1/1156 1223/1/1223
f 1044/1/1044 1122/1/1122 1075/1/1075
f 1190/1/1190 1191/1/1191 1189/1/1189
f 1188/1/1188 1191/1/1191 1195/1/1195
f 1284/1/1284 1188/1/1188 1195/1/1195
f 1075/1/1075 1285/1/1285 1002/1/1002
f 1195/1/1195 1191/1/1191 1201/1/1201
f 1191/1/1191 1190/1/1190 1192/1/1192
f 1224/1/1224 1284/1/1284 1195/1/1195
f 1002/1/1002 1285/1/1285 1157/1/1157
f 1191/1/1191 1192/1/1192 1201/1/1201
f 1224/1/1224 1195/1/1195 1199/1/1199
f 1190/1/1190 1193/1/1193 1192/1/1192
f 1050/1/1050 1159/1/1159 1225/1/1225
f 1226/1/1226 1159/1/1159 1197/1/1197
f 1225/1/1225 1159/1/1159 1226/1/1226
f 1124/1/1124 1192/1/1192 1193/1/1193
f 1194/1/1194 1227/1/1227 1160/1/1160
f 1195/1/1195 1201/1/1201 1198/1/1198
f 1199/1/1199 1195/1/1195 1198/1/1198
f 1192/1/1192 1124/1/1124 1200/1/1200
f 1257/1/1257 1226/1/1226 1162/1/1162
f 1227/1/1227 1202/1/1202 1160/1/1160
f 1201/1/1201 1192/1/1192 1200/1/1200
f 1124/1/1124 1160/1/1160 1202/1/1202
f 1309/1/1309 1161/1/1161 1125/1/1125
f 1200/1/1200 1124/1/1124 1202/1/1202
f 1198/1/1198 1201/1/1201 1203/1/1203
f 1203/1/1203 1201/1/1201 1200/1/1200
f 1200/1/1200 1202/1/1202 1230/1/1230
f 1203/1/1203 1200/1/1200 1230/1/1230
f 1230/1/1230 1202/1/1202 1228/1/1228
f 1163/1/1163 1164/1/1164 1290/1/1290
f 1126/1/1126 1231/1/1231 1421/1/1421
f 1080/1/1080 1232/1/1232 1128/1/1128
f 1233/1/1233 1232/1/1232 1080/1/1080
f 1264/1/1264 1234/1/1234 1129/1/1129
f 1204/1/1204 1165/1/1165 1131/1/1131
f 1205/1/1205 1204/1/1204 1166/1/1166
f 1205/1/1205 1166/1/1166 1265/1/1265
f 1110/1/1110 1345/1/1345 1132/1/1132
f 1345/1/1345 1207/1/1207 1235/1/1235
f 1236/1/1236 1235/1/1235 1207/1/1207
f 1167/1/1167 1236/1/1236 1207/1/1207
f 1236/1/1236 1167/1/1167 1134/1/1134
f 1208/1/1208 1134/1/1134 1113/1/1113
f 1209/1/1209 1168/1/1168 1312/1/1312
f 1168/1/1168 1210/1/1210 1269/1/1269
f 1297/1/1297 1270/1/1270 1210/1/1210
f 1137/1/1137 1297/1/1297 1210/1/1210
f 1169/1/1169 1296/1/1296 1211/1/1211
f 1137/1/1137 1212/1/1212 1297/1/1297
f 1463/1/1463 1212/1/1212 987/1/987
f 1429/1/1429 1065/1/1065 1082/1/1082
f 1313/1/1313 1299/1/1299 1171/1/1171
f 1213/1/1213 1172/1/1172 1271/1/1271
f 1115/1/1115 1271/1/1271 1139/1/1139
f 1315/1/1315 1272/1/1272 1140/1/1140
f 1274/1/1274 1066/1/1066 1141/1/1141
f 1215/1/1215 1274/1/1274 1275/1/1275
f 1144/1/1144 1173/1/1173 1216/1/1216
f 1277/1/1277 1146/1/1146 1068/1/1068
f 1303/1/1303 1318/1/1318 1084/1/1084
f 1017/1/1017 959/1/959 1278/1/1278
f 1240/1/1240 1278/1/1278 959/1/959
f 1242/1/1242 1017/1/1017 1278/1/1278
f 1218/1/1218 1177/1/1177 1176/1/1176
f 1116/1/1116 1392/1/1392 1117/1/1117
f 1085/1/1085 1118/1/1118 1243/1/1243
f 1152/1/1152 1182/1/1182 1151/1/1151
f 1087/1/1087 1179/1/1179 1474/1/1474
f 1244/1/1244 4019/1/4019 1221/1/1221
f 1121/1/1121 1187/1/1187 1247/1/1247
f 1224/1/1224 1199/1/1199 1196/1/1196
f 1194/1/1194 1258/1/1258 1227/1/1227
f 1198/1/1198 1259/1/1259 1199/1/1199
f 1228/1/1228 1202/1/1202 1227/1/1227
f 1162/1/1162 1163/1/1163 1373/1/1373
f 1203/1/1203 1288/1/1288 1198/1/1198
f 1203/1/1203 1230/1/1230 1261/1/1261
f 1203/1/1203 1261/1/1261 1288/1/1288
f 1164/1/1164 1127/1/1127 1290/1/1290
f 1128/1/1128 1422/1/1422 1101/1/1101
f 1292/1/1292 1128/1/1128 1232/1/1232
f 1103/1/1103 1126/1/1126 1264/1/1264
f 1103/1/1103 1264/1/1264 1129/1/1129
f 1166/1/1166 1266/1/1266 1265/1/1265
f 1266/1/1266 1166/1/1166 1206/1/1206
f 1133/1/1133 1267/1/1267 1025/1/1025
f 1379/1/1379 1294/1/1294 1025/1/1025
f 1380/1/1380 1134/1/1134 1208/1/1208
f 1295/1/1295 1209/1/1209 1312/1/1312
f 1295/1/1295 1208/1/1208 1209/1/1209
f 1168/1/1168 1269/1/1269 1312/1/1312
f 1211/1/1211 1298/1/1298 1138/1/1138
f 1348/1/1348 1170/1/1170 1383/1/1383
f 1171/1/1171 1431/1/1431 1313/1/1313
f 1299/1/1299 1432/1/1432 1300/1/1300
f 1172/1/1172 1139/1/1139 1271/1/1271
f 1314/1/1314 1315/1/1315 1140/1/1140
f 1274/1/1274 1141/1/1141 1302/1/1302
f 1215/1/1215 1275/1/1275 1273/1/1273
f 1174/1/1174 1548/1/1548 1173/1/1173
f 1317/1/1317 1238/1/1238 1143/1/1143
f 1357/1/1357 1242/1/1242 1304/1/1304
f 1357/1/1357 1176/1/1176 1242/1/1242
f 1176/1/1176 1357/1/1357 1218/1/1218
f 1321/1/1321 1147/1/1147 1148/1/1148
f 1243/1/1243 1279/1/1279 1085/1/1085
f 1117/1/1117 1392/1/1392 1280/1/1280
f 1150/1/1150 1178/1/1178 1280/1/1280
f 1306/1/1306 1118/1/1118 1071/1/1071
f 1179/1/1179 1150/1/1150 1556/1/1556
f 1071/1/1071 1151/1/1151 1326/1/1326
f 1182/1/1182 1330/1/1330 1151/1/1151
f 1281/1/1281 1329/1/1329 1180/1/1180
f 1219/1/1219 1281/1/1281 1180/1/1180
f 1474/1/1474 1398/1/1398 1087/1/1087
f 1182/1/1182 1181/1/1181 1245/1/1245
f 1244/1/1244 1221/1/1221 1363/1/1363
f 1154/1/1154 1329/1/1329 1222/1/1222
f 1183/1/1183 1246/1/1246 1181/1/1181
f 1245/1/1245 1181/1/1181 1246/1/1246
f 1363/1/1363 1221/1/1221 1247/1/1247
f 1155/1/1155 1398/1/1398 1119/1/1119
f 1183/1/1183 1186/1/1186 1246/1/1246
f 1249/1/1249 1246/1/1246 1186/1/1186
f 1476/1/1476 1334/1/1334 1119/1/1119
f 1188/1/1188 1247/1/1247 1187/1/1187
f 1251/1/1251 1250/1/1250 1186/1/1186
f 1250/1/1250 1249/1/1249 1186/1/1186
f 1156/1/1156 1248/1/1248 1282/1/1282
f 1185/1/1185 1283/1/1283 1251/1/1251
f 1282/1/1282 1223/1/1223 1156/1/1156
f 1251/1/1251 1283/1/1283 1252/1/1252
f 1250/1/1250 1251/1/1251 1252/1/1252
f 1122/1/1122 1366/1/1366 1075/1/1075
f 1185/1/1185 1223/1/1223 1283/1/1283
f 1157/1/1157 1285/1/1285 1369/1/1369
f 1224/1/1224 1253/1/1253 1284/1/1284
f 1225/1/1225 1226/1/1226 1255/1/1255
f 1158/1/1158 1225/1/1225 1255/1/1255
f 1158/1/1158 1255/1/1255 1256/1/1256
f 1123/1/1123 1158/1/1158 1256/1/1256
f 1256/1/1256 1286/1/1286 1123/1/1123
f 1194/1/1194 1123/1/1123 1258/1/1258
f 1259/1/1259 1196/1/1196 1199/1/1199
f 1257/1/1257 1255/1/1255 1226/1/1226
f 1123/1/1123 1286/1/1286 1258/1/1258
f 1286/1/1286 1260/1/1260 1258/1/1258
f 1259/1/1259 1198/1/1198 1288/1/1288
f 1227/1/1227 1258/1/1258 1263/1/1263
f 1260/1/1260 1263/1/1263 1258/1/1258
f 1263/1/1263 1260/1/1260 1287/1/1287
f 1228/1/1228 1227/1/1227 1263/1/1263
f 1309/1/1309 1262/1/1262 1229/1/1229
f 1230/1/1230 1228/1/1228 1261/1/1261
f 1229/1/1229 1262/1/1262 1231/1/1231
f 1261/1/1261 1228/1/1228 1263/1/1263
f 1261/1/1261 1263/1/1263 1289/1/1289
f 1287/1/1287 1289/1/1289 1263/1/1263
f 1422/1/1422 1291/1/1291 1101/1/1101
f 1292/1/1292 1422/1/1422 1128/1/1128
f 1233/1/1233 1165/1/1165 1423/1/1423
f 1204/1/1204 1423/1/1423 1165/1/1165
f 1206/1/1206 1132/1/1132 1345/1/1345
f 1133/1/1133 1234/1/1234 1267/1/1267
f 1236/1/1236 1293/1/1293 1268/1/1268
f 1134/1/1134 1293/1/1293 1236/1/1236
f 1380/1/1380 1293/1/1293 1134/1/1134
f 1294/1/1294 1425/1/1425 1135/1/1135
f 1136/1/1136 1135/1/1135 1169/1/1169
f 1210/1/1210 1270/1/1270 1381/1/1381
f 1297/1/1297 1427/1/1427 1270/1/1270
f 1382/1/1382 1212/1/1212 1463/1/1463
f 1298/1/1298 1082/1/1082 1138/1/1138
f 1082/1/1082 1298/1/1298 1429/1/1429
f 1431/1/1431 1065/1/1065 1429/1/1429
f 1383/1/1383 1213/1/1213 1349/1/1349
f 1115/1/1115 1083/1/1083 1350/1/1350
f 1083/1/1083 1214/1/1214 1350/1/1350
f 1273/1/1273 1436/1/1436 1214/1/1214
f 1141/1/1141 1237/1/1237 1301/1/1301
f 1437/1/1437 1436/1/1436 1273/1/1273
f 1275/1/1275 1437/1/1437 1273/1/1273
f 1142/1/1142 1175/1/1175 1550/1/1550
f 1550/1/1550 1175/1/1175 1352/1/1352
f 1216/1/1216 1317/1/1317 1143/1/1143
f 1277/1/1277 1068/1/1068 1145/1/1145
f 1146/1/1146 1277/1/1277 1303/1/1303
f 1355/1/1355 1240/1/1240 1318/1/1318
f 1240/1/1240 1355/1/1355 1278/1/1278
f 1304/1/1304 1242/1/1242 1278/1/1278
f 1305/1/1305 1217/1/1217 1241/1/1241
f 1147/1/1147 1320/1/1320 1149/1/1149
f 1320/1/1320 1147/1/1147 1321/1/1321
f 1321/1/1321 1148/1/1148 1177/1/1177
f 1279/1/1279 1243/1/1243 1469/1/1469
f 1243/1/1243 1118/1/1118 1306/1/1306
f 1306/1/1306 1071/1/1071 1326/1/1326
f 1360/1/1360 1329/1/1329 1281/1/1281
f 1182/1/1182 1331/1/1331 1330/1/1330
f 1119/1/1119 1398/1/1398 1476/1/1476
f 1245/1/1245 1246/1/1246 1332/1/1332
f 1246/1/1246 1249/1/1249 1307/1/1307
f 1249/1/1249 1250/1/1250 1307/1/1307
f 1335/1/1335 1307/1/1307 1250/1/1250
f 1335/1/1335 1250/1/1250 1252/1/1252
f 1283/1/1283 1338/1/1338 1252/1/1252
f 1338/1/1338 1283/1/1283 1337/1/1337
f 1366/1/1366 1285/1/1285 1075/1/1075
f 1369/1/1369 1254/1/1254 1157/1/1157
f 1256/1/1256 1372/1/1372 1286/1/1286
f 1196/1/1196 1259/1/1259 1308/1/1308
f 1259/1/1259 1310/1/1310 1308/1/1308
f 1257/1/1257 1162/1/1162 1373/1/1373
f 1310/1/1310 1259/1/1259 1288/1/1288
f 1373/1/1373 1163/1/1163 1290/1/1290
f 1261/1/1261 1289/1/1289 1343/1/1343
f 1261/1/1261 1343/1/1343 1288/1/1288
f 1291/1/1291 1290/1/1290 1127/1/1127
f 1126/1/1126 1421/1/1421 1264/1/1264
f 1204/1/1204 1205/1/1205 1423/1/1423
f 1206/1/1206 1345/1/1345 1311/1/1311
f 1210/1/1210 1381/1/1381 1269/1/1269
f 1169/1/1169 1426/1/1426 1296/1/1296
f 1427/1/1427 1297/1/1297 1382/1/1382
f 1212/1/1212 1382/1/1382 1297/1/1297
f 1300/1/1300 1314/1/1314 1140/1/1140
f 1386/1/1386 1271/1/1271 1115/1/1115
f 1237/1/1237 1315/1/1315 1301/1/1301
f 1301/1/1301 1302/1/1302 1141/1/1141
f 1274/1/1274 1351/1/1351 1275/1/1275
f 1351/1/1351 1274/1/1274 1316/1/1316
f 1275/1/1275 1351/1/1351 1437/1/1437
f 1173/1/1173 1548/1/1548 1216/1/1216
f 1013/1/1013 1440/1/1440 1352/1/1352
f 1353/1/1353 1440/1/1440 1013/1/1013
f 1013/1/1013 1239/1/1239 1353/1/1353
f 1239/1/1239 1217/1/1217 1276/1/1276
f 1278/1/1278 1355/1/1355 1304/1/1304
f 1305/1/1305 1279/1/1279 1469/1/1469
f 1556/1/1556 1150/1/1150 1554/1/1554
f 1150/1/1150 1280/1/1280 1554/1/1554
f 1330/1/1330 1326/1/1326 1151/1/1151
f 1179/1/1179 1444/1/1444 1474/1/1474
f 1244/1/1244 1327/1/1327 1220/1/1220
f 1244/1/1244 1473/1/1473 1327/1/1327
f 1182/1/1182 1245/1/1245 1331/1/1331
f 1331/1/1331 1245/1/1245 1332/1/1332
f 1447/1/1447 1248/1/1248 1222/1/1222
f 1246/1/1246 1307/1/1307 1332/1/1332
f 1122/1/1122 1334/1/1334 1365/1/1365
f 1284/1/1284 1480/1/1480 1188/1/1188
f 1122/1/1122 1365/1/1365 1366/1/1366
f 1252/1/1252 1338/1/1338 1335/1/1335
f 1283/1/1283 1223/1/1223 1337/1/1337
f 1253/1/1253 1224/1/1224 1196/1/1196
f 1412/1/1412 1125/1/1125 1254/1/1254
f 1125/1/1125 1412/1/1412 1309/1/1309
f 1257/1/1257 1341/1/1341 1255/1/1255
f 1260/1/1260 1286/1/1286 1452/1/1452
f 1288/1/1288 1343/1/1343 1310/1/1310
f 1262/1/1262 1566/1/1566 1231/1/1231
f 1289/1/1289 1342/1/1342 1455/1/1455
f 1289/1/1289 1287/1/1287 1342/1/1342
f 1289/1/1289 1375/1/1375 1343/1/1343
f 1423/1/1423 1205/1/1205 1344/1/1344
f 1264/1/1264 1490/1/1490 1234/1/1234
f 1265/1/1265 1344/1/1344 1205/1/1205
f 1206/1/1206 1311/1/1311 1266/1/1266
f 1235/1/1235 1346/1/1346 1345/1/1345
f 1235/1/1235 1236/1/1236 1268/1/1268
f 1459/1/1459 1294/1/1294 1379/1/1379
f 1380/1/1380 1458/1/1458 1293/1/1293
f 1459/1/1459 1494/1/1494 1294/1/1294
f 1347/1/1347 1312/1/1312 1269/1/1269
f 1169/1/1169 1135/1/1135 1426/1/1426
f 1213/1/1213 1271/1/1271 1349/1/1349
f 1142/1/1142 1550/1/1550 1549/1/1549
f 1317/1/1317 1354/1/1354 1238/1/1238
f 1353/1/1353 1239/1/1239 1276/1/1276
f 1388/1/1388 1303/1/1303 1277/1/1277
f 1305/1/1305 1390/1/1390 1217/1/1217
f 1355/1/1355 1356/1/1356 1304/1/1304
f 1319/1/1319 1320/1/1320 1321/1/1321
f 1356/1/1356 1357/1/1357 1304/1/1304
f 1320/1/1320 1392/1/1392 1149/1/1149
f 1218/1/1218 1357/1/1357 1322/1/1322
f 1321/1/1321 1177/1/1177 1323/1/1323
f 1395/1/1395 1324/1/1324 1322/1/1322
f 1358/1/1358 1324/1/1324 1395/1/1395
f 1358/1/1358 1359/1/1359 1324/1/1324
f 1325/1/1325 1359/1/1359 1358/1/1358
f 1472/1/1472 1306/1/1306 1326/1/1326
f 1328/1/1328 1327/1/1327 1445/1/1445
f 1361/1/1361 1330/1/1330 1331/1/1331
f 1329/1/1329 1446/1/1446 1222/1/1222
f 1361/1/1361 1331/1/1331 1362/1/1362
f 1332/1/1332 1362/1/1362 1331/1/1331
f 1333/1/1333 1248/1/1248 1447/1/1447
f 1364/1/1364 1332/1/1332 1307/1/1307
f 1402/1/1402 1247/1/1247 1188/1/1188
f 1248/1/1248 1333/1/1333 1282/1/1282
f 1188/1/1188 1480/1/1480 1402/1/1402
f 1336/1/1336 1364/1/1364 1307/1/1307
f 1336/1/1336 1307/1/1307 1335/1/1335
f 1223/1/1223 1282/1/1282 1482/1/1482
f 1519/1/1519 1480/1/1480 1284/1/1284
f 1339/1/1339 1335/1/1335 1338/1/1338
f 1336/1/1336 1335/1/1335 1339/1/1339
f 1338/1/1338 1337/1/1337 1371/1/1371
f 1368/1/1368 1336/1/1336 1339/1/1339
f 1367/1/1367 1336/1/1336 1368/1/1368
f 1519/1/1519 1284/1/1284 1253/1/1253
f 1371/1/1371 1337/1/1337 1340/1/1340
f 1339/1/1339 1338/1/1338 1371/1/1371
f 1369/1/1369 1285/1/1285 1366/1/1366
f 1253/1/1253 1483/1/1483 1519/1/1519
f 1369/1/1369 1486/1/1486 1254/1/1254
f 1411/1/1411 1253/1/1253 1196/1/1196
f 1411/1/1411 1196/1/1196 1308/1/1308
f 1255/1/1255 1341/1/1341 1256/1/1256
f 1262/1/1262 1309/1/1309 1412/1/1412
f 1257/1/1257 1373/1/1373 1341/1/1341
f 1310/1/1310 1418/1/1418 1308/1/1308
f 1286/1/1286 1372/1/1372 1452/1/1452
f 1287/1/1287 1260/1/1260 1452/1/1452
f 1418/1/1418 1310/1/1310 1343/1/1343
f 1290/1/1290 1291/1/1291 1374/1/1374
f 1289/1/1289 1455/1/1455 1419/1/1419
f 1375/1/1375 1289/1/1289 1419/1/1419
f 1231/1/1231 1524/1/1524 1421/1/1421
f 1264/1/1264 1421/1/1421 1376/1/1376
f 1232/1/1232 1489/1/1489 1292/1/1292
f 1457/1/1457 1490/1/1490 1264/1/1264
f 1311/1/1311 1345/1/1345 1346/1/1346
f 1234/1/1234 1490/1/1490 1267/1/1267
f 1346/1/1346 1235/1/1235 1378/1/1378
f 1378/1/1378 1235/1/1235 1268/1/1268
f 1424/1/1424 1268/1/1268 1293/1/1293
f 1267/1/1267 1379/1/1379 1025/1/1025
f 1425/1/1425 1294/1/1294 1494/1/1494
f 1295/1/1295 1460/1/1460 1208/1/1208
f 1295/1/1295 1495/1/1495 1460/1/1460
f 1269/1/1269 1381/1/1381 1347/1/1347
f 1540/1/1540 1426/1/1426 1135/1/1135
f 1348/1/1348 1428/1/1428 1463/1/1463
f 1383/1/1383 1428/1/1428 1348/1/1348
f 1428/1/1428 1383/1/1383 1638/1/1638
f 1349/1/1349 1384/1/1384 1383/1/1383
f 1299/1/1299 1313/1/1313 1432/1/1432
f 1386/1/1386 1385/1/1385 1271/1/1271
f 1115/1/1115 1350/1/1350 1386/1/1386
f 1433/1/1433 1386/1/1386 1350/1/1350
f 1436/1/1436 1433/1/1433 1350/1/1350
f 1350/1/1350 1214/1/1214 1436/1/1436
f 1274/1/1274 1302/1/1302 1785/1/1785
f 1785/1/1785 1316/1/1316 1274/1/1274
f 1438/1/1438 1437/1/1437 1351/1/1351
f 1238/1/1238 1387/1/1387 1145/1/1145
f 1354/1/1354 1387/1/1387 1238/1/1238
f 1145/1/1145 1387/1/1387 1277/1/1277
f 1467/1/1467 1276/1/1276 1217/1/1217
f 1318/1/1318 1389/1/1389 1355/1/1355
f 1303/1/1303 1389/1/1389 1318/1/1318
f 1391/1/1391 1356/1/1356 1355/1/1355
f 1217/1/1217 1390/1/1390 1467/1/1467
f 1504/1/1504 1443/1/1443 1321/1/1321
f 1504/1/1504 1321/1/1321 1323/1/1323
f 1394/1/1394 1504/1/1504 1323/1/1323
f 1357/1/1357 1393/1/1393 1322/1/1322
f 1324/1/1324 1394/1/1394 1323/1/1323
f 1322/1/1322 1393/1/1393 1395/1/1395
f 1392/1/1392 1468/1/1468 1280/1/1280
f 1324/1/1324 1359/1/1359 1470/1/1470
f 1511/1/1511 1306/1/1306 1472/1/1472
f 1471/1/1471 1328/1/1328 1445/1/1445
f 1473/1/1473 1244/1/1244 1363/1/1363
f 1362/1/1362 1332/1/1332 1403/1/1403
f 1333/1/1333 1482/1/1482 1282/1/1282
f 1336/1/1336 1367/1/1367 1364/1/1364
f 1223/1/1223 1482/1/1482 1337/1/1337
f 1340/1/1340 1337/1/1337 1482/1/1482
f 1370/1/1370 1340/1/1340 1482/1/1482
f 1253/1/1253 1485/1/1485 1483/1/1483
f 1411/1/1411 1485/1/1485 1253/1/1253
f 1256/1/1256 1341/1/1341 1372/1/1372
f 1290/1/1290 1451/1/1451 1373/1/1373
f 1566/1/1566 1524/1/1524 1231/1/1231
f 1343/1/1343 1375/1/1375 1417/1/1417
f 1417/1/1417 1418/1/1418 1343/1/1343
f 1489/1/1489 1456/1/1456 1292/1/1292
f 1233/1/1233 1377/1/1377 1232/1/1232
f 1233/1/1233 1423/1/1423 1377/1/1377
f 1266/1/1266 1491/1/1491 1265/1/1265
f 1311/1/1311 1491/1/1491 1266/1/1266
f 1493/1/1493 1458/1/1458 1380/1/1380
f 1425/1/1425 1540/1/1540 1135/1/1135
f 1464/1/1464 1298/1/1298 1211/1/1211
f 1298/1/1298 1464/1/1464 1429/1/1429
f 1349/1/1349 1271/1/1271 1385/1/1385
f 1315/1/1315 1314/1/1314 1435/1/1435
f 1577/1/1577 1302/1/1302 1301/1/1301
f 843/1/843 1549/1/1549 1548/1/1548
f 1388/1/1388 1389/1/1389 1303/1/1303
f 1355/1/1355 1442/1/1442 1391/1/1391
f 1503/1/1503 1356/1/1356 1391/1/1391
f 1582/1/1582 1320/1/1320 1319/1/1319
f 1319/1/1319 1321/1/1321 1443/1/1443
f 1357/1/1357 1356/1/1356 1393/1/1393
f 1356/1/1356 1503/1/1503 1393/1/1393
f 1582/1/1582 1392/1/1392 1320/1/1320
f 1469/1/1469 1390/1/1390 1305/1/1305
f 1324/1/1324 1553/1/1553 1394/1/1394
f 1553/1/1553 1324/1/1324 1470/1/1470
f 1395/1/1395 4020/1/4020 1358/1/1358
f 1468/1/1468 1554/1/1554 1280/1/1280
f 1358/1/1358 1510/1/1510 1325/1/1325
f 1328/1/1328 1471/1/1471 1359/1/1359
f 1510/1/1510 1360/1/1360 1325/1/1325
f 1397/1/1397 1472/1/1472 1326/1/1326
f 1329/1/1329 1360/1/1360 1396/1/1396
f 1330/1/1330 1397/1/1397 1326/1/1326
f 1327/1/1327 1473/1/1473 1445/1/1445
f 1396/1/1396 1446/1/1446 1329/1/1329
f 1361/1/1361 1397/1/1397 1330/1/1330
f 1361/1/1361 1399/1/1399 1400/1/1400
f 1397/1/1397 1361/1/1361 1400/1/1400
f 1361/1/1361 1362/1/1362 1399/1/1399
f 1400/1/1400 1512/1/1512 1397/1/1397
f 1400/1/1400 1399/1/1399 1401/1/1401
f 1403/1/1403 1399/1/1399 1362/1/1362
f 1401/1/1401 1399/1/1399 1403/1/1403
f 1247/1/1247 1479/1/1479 1363/1/1363
f 1478/1/1478 1400/1/1400 1401/1/1401
f 1448/1/1448 1333/1/1333 1447/1/1447
f 1479/1/1479 1247/1/1247 1402/1/1402
f 1404/1/1404 1478/1/1478 1401/1/1401
f 1332/1/1332 1364/1/1364 1403/1/1403
f 1403/1/1403 1364/1/1364 1406/1/1406
f 1401/1/1401 1403/1/1403 1406/1/1406
f 1404/1/1404 1401/1/1401 1406/1/1406
f 1366/1/1366 1365/1/1365 1653/1/1653
f 1367/1/1367 1405/1/1405 1364/1/1364
f 1364/1/1364 1405/1/1405 1406/1/1406
f 1404/1/1404 1406/1/1406 1407/1/1407
f 1367/1/1367 1368/1/1368 1405/1/1405
f 1407/1/1407 1406/1/1406 1405/1/1405
f 1408/1/1408 1405/1/1405 1368/1/1368
f 1450/1/1450 1405/1/1405 1408/1/1408
f 1407/1/1407 1405/1/1405 1450/1/1450
f 1371/1/1371 1410/1/1410 1339/1/1339
f 1409/1/1409 1368/1/1368 1339/1/1339
f 1408/1/1408 1368/1/1368 1409/1/1409
f 1371/1/1371 1340/1/1340 1563/1/1563
f 1371/1/1371 1563/1/1563 1410/1/1410
f 1409/1/1409 1339/1/1339 1410/1/1410
f 1408/1/1408 1409/1/1409 1564/1/1564
f 1486/1/1486 1565/1/1565 1412/1/1412
f 1486/1/1486 1412/1/1412 1254/1/1254
f 1411/1/1411 1308/1/1308 1413/1/1413
f 1413/1/1413 1485/1/1485 1411/1/1411
f 1412/1/1412 1565/1/1565 1262/1/1262
f 1372/1/1372 1341/1/1341 1414/1/1414
f 1414/1/1414 1341/1/1341 1415/1/1415
f 1372/1/1372 1414/1/1414 1452/1/1452
f 1451/1/1451 1341/1/1341 1373/1/1373
f 1308/1/1308 1418/1/1418 1416/1/1416
f 1308/1/1308 1416/1/1416 1413/1/1413
f 1287/1/1287 1452/1/1452 1342/1/1342
f 1290/1/1290 1374/1/1374 1451/1/1451
f 1451/1/1451 1374/1/1374 1453/1/1453
f 1455/1/1455 1342/1/1342 1454/1/1454
f 1528/1/1528 1418/1/1418 1417/1/1417
f 1528/1/1528 1416/1/1416 1418/1/1418
f 1375/1/1375 1419/1/1419 1420/1/1420
f 1417/1/1417 1375/1/1375 1420/1/1420
f 1488/1/1488 1291/1/1291 1422/1/1422
f 1377/1/1377 1489/1/1489 1232/1/1232
f 1344/1/1344 1570/1/1570 1423/1/1423
f 1423/1/1423 1570/1/1570 1569/1/1569
f 1608/1/1608 1344/1/1344 1265/1/1265
f 1378/1/1378 1536/1/1536 1346/1/1346
f 1424/1/1424 1293/1/1293 1458/1/1458
f 1537/1/1537 1458/1/1458 1493/1/1493
f 1538/1/1538 1493/1/1493 1380/1/1380
f 1380/1/1380 1208/1/1208 1460/1/1460
f 1380/1/1380 1460/1/1460 1538/1/1538
f 1312/1/1312 1347/1/1347 1539/1/1539
f 1295/1/1295 1312/1/1312 1539/1/1539
f 1495/1/1495 1295/1/1295 1539/1/1539
f 1539/1/1539 1347/1/1347 1497/1/1497
f 1347/1/1347 1381/1/1381 1497/1/1497
f 1498/1/1498 1497/1/1497 1381/1/1381
f 1270/1/1270 1498/1/1498 1381/1/1381
f 1498/1/1498 1270/1/1270 1427/1/1427
f 1296/1/1296 1461/1/1461 1211/1/1211
f 1464/1/1464 1211/1/1211 1461/1/1461
f 1382/1/1382 1463/1/1463 1614/1/1614
f 1614/1/1614 1463/1/1463 1428/1/1428
f 1430/1/1430 1431/1/1431 1429/1/1429
f 1669/1/1669 1431/1/1431 1430/1/1430
f 1383/1/1383 1384/1/1384 1638/1/1638
f 1313/1/1313 1575/1/1575 1432/1/1432
f 1615/1/1615 1384/1/1384 1349/1/1349
f 1499/1/1499 1615/1/1615 1349/1/1349
f 1385/1/1385 1499/1/1499 1349/1/1349
f 1314/1/1314 1300/1/1300 1500/1/1500
f 1499/1/1499 1385/1/1385 1433/1/1433
f 1385/1/1385 1386/1/1386 1433/1/1433
f 1499/1/1499 1433/1/1433 1434/1/1434
f 1435/1/1435 1314/1/1314 1542/1/1542
f 1466/1/1466 1433/1/1433 1436/1/1436
f 1434/1/1434 1433/1/1433 1466/1/1466
f 1301/1/1301 1315/1/1315 1435/1/1435
f 1577/1/1577 1301/1/1301 1435/1/1435
f 1466/1/1466 1436/1/1436 1437/1/1437
f 1302/1/1302 1577/1/1577 1785/1/1785
f 1466/1/1466 1437/1/1437 1544/1/1544
f 1438/1/1438 1544/1/1544 1437/1/1437
f 1438/1/1438 1351/1/1351 1501/1/1501
f 1216/1/1216 1641/1/1641 1317/1/1317
f 1352/1/1352 1440/1/1440 1439/1/1439
f 1440/1/1440 1353/1/1353 1441/1/1441
f 1353/1/1353 1276/1/1276 1441/1/1441
f 1583/1/1583 1276/1/1276 1467/1/1467
f 1355/1/1355 1389/1/1389 1442/1/1442
f 1392/1/1392 1582/1/1582 1468/1/1468
f 1504/1/1504 1394/1/1394 1585/1/1585
f 1393/1/1393 1506/1/1506 1395/1/1395
f 1507/1/1507 1469/1/1469 1243/1/1243
f 4020/1/4020 4022/1/4022 1358/1/1358
f 4022/1/4022 1510/1/1510 1358/1/1358
f 1507/1/1507 1243/1/1243 1511/1/1511
f 1470/1/1470 1359/1/1359 1508/1/1508
f 1306/1/1306 1511/1/1511 1243/1/1243
f 1359/1/1359 1471/1/1471 1508/1/1508
f 1179/1/1179 1556/1/1556 1444/1/1444
f 1474/1/1474 1475/1/1475 1398/1/1398
f 1446/1/1446 1760/1/1760 1222/1/1222
f 1512/1/1512 1400/1/1400 1477/1/1477
f 1476/1/1476 1651/1/1651 1334/1/1334
f 1333/1/1333 1448/1/1448 1449/1/1449
f 1365/1/1365 1334/1/1334 1651/1/1651
f 1478/1/1478 1404/1/1404 1481/1/1481
f 1404/1/1404 1407/1/1407 1481/1/1481
f 1653/1/1653 1561/1/1561 1366/1/1366
f 1561/1/1561 1369/1/1369 1366/1/1366
f 1369/1/1369 1561/1/1561 1486/1/1486
f 1340/1/1340 1370/1/1370 1562/1/1562
f 1414/1/1414 1415/1/1415 1487/1/1487
f 1341/1/1341 1451/1/1451 1415/1/1415
f 1414/1/1414 1487/1/1487 1452/1/1452
f 1342/1/1342 1452/1/1452 1526/1/1526
f 1374/1/1374 1291/1/1291 1488/1/1488
f 1524/1/1524 1658/1/1658 1421/1/1421
f 1455/1/1455 1454/1/1454 1527/1/1527
f 1420/1/1420 1528/1/1528 1417/1/1417
f 1419/1/1419 1455/1/1455 1527/1/1527
f 1420/1/1420 1419/1/1419 1527/1/1527
f 1606/1/1606 1528/1/1528 1420/1/1420
f 1292/1/1292 1488/1/1488 1422/1/1422
f 1456/1/1456 1488/1/1488 1292/1/1292
f 1264/1/1264 1376/1/1376 1457/1/1457
f 1423/1/1423 1568/1/1568 1533/1/1533
f 1423/1/1423 1569/1/1569 1568/1/1568
f 1265/1/1265 1491/1/1491 1608/1/1608
f 1268/1/1268 1635/1/1635 1378/1/1378
f 1424/1/1424 1635/1/1635 1268/1/1268
f 1267/1/1267 1492/1/1492 1379/1/1379
f 1574/1/1574 1425/1/1425 1494/1/1494
f 1540/1/1540 1425/1/1425 1574/1/1574
f 1497/1/1497 1498/1/1498 1613/1/1613
f 1296/1/1296 1426/1/1426 1461/1/1461
f 1427/1/1427 1382/1/1382 1462/1/1462
f 1382/1/1382 1614/1/1614 1462/1/1462
f 1429/1/1429 1464/1/1464 1430/1/1430
f 1615/1/1615 1499/1/1499 1616/1/1616
f 1300/1/1300 1432/1/1432 1500/1/1500
f 1500/1/1500 1542/1/1542 1314/1/1314
f 1465/1/1465 1434/1/1434 1466/1/1466
f 1351/1/1351 1316/1/1316 1749/1/1749
f 1351/1/1351 1749/1/1749 1501/1/1501
f 1438/1/1438 1501/1/1501 1545/1/1545
f 1352/1/1352 1439/1/1439 1550/1/1550
f 1317/1/1317 1641/1/1641 1752/1/1752
f 1354/1/1354 1317/1/1317 1752/1/1752
f 1551/1/1551 1440/1/1440 1441/1/1441
f 1441/1/1441 1276/1/1276 1583/1/1583
f 1319/1/1319 1443/1/1443 1552/1/1552
f 1506/1/1506 4020/1/4020 1395/1/1395
f 1360/1/1360 1510/1/1510 1396/1/1396
f 1476/1/1476 1398/1/1398 1475/1/1475
f 1447/1/1447 1222/1/1222 1798/1/1798
f 1400/1/1400 1478/1/1478 1477/1/1477
f 1333/1/1333 1449/1/1449 1482/1/1482
f 1408/1/1408 1564/1/1564 1630/1/1630
f 1450/1/1450 1408/1/1408 1630/1/1630
f 1340/1/1340 1562/1/1562 1563/1/1563
f 1485/1/1485 1629/1/1629 1483/1/1483
f 1656/1/1656 1410/1/1410 1563/1/1563
f 1564/1/1564 1409/1/1409 1484/1/1484
f 1484/1/1484 1409/1/1409 1410/1/1410
f 1262/1/1262 1565/1/1565 1566/1/1566
f 1416/1/1416 1604/1/1604 1413/1/1413
f 1452/1/1452 1487/1/1487 1526/1/1526
f 1342/1/1342 1526/1/1526 1454/1/1454
f 1421/1/1421 1658/1/1658 1376/1/1376
f 1423/1/1423 1533/1/1533 1377/1/1377
f 1344/1/1344 1608/1/1608 1570/1/1570
f 1311/1/1311 1534/1/1534 1491/1/1491
f 1346/1/1346 1535/1/1535 1311/1/1311
f 1346/1/1346 1536/1/1536 1535/1/1535
f 1490/1/1490 1492/1/1492 1267/1/1267
f 1572/1/1572 1424/1/1424 1458/1/1458
f 1492/1/1492 1610/1/1610 1379/1/1379
f 1379/1/1379 1610/1/1610 1459/1/1459
f 1459/1/1459 1573/1/1573 1494/1/1494
f 1637/1/1637 1493/1/1493 1538/1/1538
f 1496/1/1496 1426/1/1426 1540/1/1540
f 1497/1/1497 1613/1/1613 1539/1/1539
f 1666/1/1666 1461/1/1461 1426/1/1426
f 1427/1/1427 1462/1/1462 1498/1/1498
f 1740/1/1740 1428/1/1428 1638/1/1638
f 1431/1/1431 1639/1/1639 1313/1/1313
f 1616/1/1616 1499/1/1499 1541/1/1541
f 1499/1/1499 1434/1/1434 1541/1/1541
f 1541/1/1541 1434/1/1434 1465/1/1465
f 1543/1/1543 1435/1/1435 1542/1/1542
f 1465/1/1465 1466/1/1466 1671/1/1671
f 1671/1/1671 1466/1/1466 1618/1/1618
f 1577/1/1577 1435/1/1435 1576/1/1576
f 1466/1/1466 1544/1/1544 1618/1/1618
f 1544/1/1544 1438/1/1438 1545/1/1545
f 1501/1/1501 1749/1/1749 1546/1/1546
f 1354/1/1354 1752/1/1752 1387/1/1387
f 1643/1/1643 1388/1/1388 1277/1/1277
f 1387/1/1387 1643/1/1643 1277/1/1277
f 1390/1/1390 1583/1/1583 1467/1/1467
f 1552/1/1552 1443/1/1443 1502/1/1502
f 1502/1/1502 1443/1/1443 1504/1/1504
f 1504/1/1504 1581/1/1581 1502/1/1502
f 1505/1/1505 1393/1/1393 1503/1/1503
f 1677/1/1677 1504/1/1504 1585/1/1585
f 1394/1/1394 1553/1/1553 1585/1/1585
f 1505/1/1505 1506/1/1506 1393/1/1393
f 4021/1/4021 1553/1/1553 1470/1/1470
f 1469/1/1469 1507/1/1507 1587/1/1587
f 4021/1/4021 1470/1/1470 4022/1/4022
f 4022/1/4022 1470/1/1470 1508/1/1508
f 1557/1/1557 1555/1/1555 1506/1/1506
f 1506/1/1506 1623/1/1623 1557/1/1557
f 1588/1/1588 1623/1/1623 1506/1/1506
f 1511/1/1511 1558/1/1558 1507/1/1507
f 1508/1/1508 1471/1/1471 1509/1/1509
f 1623/1/1623 1396/1/1396 1510/1/1510
f 1472/1/1472 1558/1/1558 1511/1/1511
f 1445/1/1445 1509/1/1509 1471/1/1471
f 1591/1/1591 1558/1/1558 1472/1/1472
f 1512/1/1512 1591/1/1591 1472/1/1472
f 1472/1/1472 1397/1/1397 1512/1/1512
f 1648/1/1648 1445/1/1445 1473/1/1473
f 1513/1/1513 1512/1/1512 1477/1/1477
f 1591/1/1591 1512/1/1512 1513/1/1513
f 1473/1/1473 1363/1/1363 1559/1/1559
f 1798/1/1798 1222/1/1222 1760/1/1760
f 1513/1/1513 1477/1/1477 1515/1/1515
f 1477/1/1477 1478/1/1478 1515/1/1515
f 1514/1/1514 1513/1/1513 1516/1/1516
f 1513/1/1513 1515/1/1515 1518/1/1518
f 1516/1/1516 1513/1/1513 1518/1/1518
f 1478/1/1478 1481/1/1481 1515/1/1515
f 1595/1/1595 1516/1/1516 1518/1/1518
f 1518/1/1518 1515/1/1515 1517/1/1517
f 1515/1/1515 1481/1/1481 1517/1/1517
f 1695/1/1695 1480/1/1480 1519/1/1519
f 1518/1/1518 1517/1/1517 1598/1/1598
f 1517/1/1517 1481/1/1481 1601/1/1601
f 1481/1/1481 1407/1/1407 1601/1/1601
f 1598/1/1598 1517/1/1517 1520/1/1520
f 1520/1/1520 1517/1/1517 1601/1/1601
f 1561/1/1561 1704/1/1704 1486/1/1486
f 1485/1/1485 1521/1/1521 1629/1/1629
f 1522/1/1522 1521/1/1521 1485/1/1485
f 1486/1/1486 1704/1/1704 1565/1/1565
f 1485/1/1485 1413/1/1413 1523/1/1523
f 1522/1/1522 1485/1/1485 1523/1/1523
f 1415/1/1415 1453/1/1453 1487/1/1487
f 1415/1/1415 1451/1/1451 1453/1/1453
f 1604/1/1604 1523/1/1523 1413/1/1413
f 1487/1/1487 1453/1/1453 1525/1/1525
f 1605/1/1605 1604/1/1604 1416/1/1416
f 1525/1/1525 1453/1/1453 1374/1/1374
f 1487/1/1487 1525/1/1525 1530/1/1530
f 1525/1/1525 1374/1/1374 1488/1/1488
f 1526/1/1526 1487/1/1487 1530/1/1530
f 1526/1/1526 1530/1/1530 1531/1/1531
f 1528/1/1528 1605/1/1605 1416/1/1416
f 1530/1/1530 1525/1/1525 1532/1/1532
f 1526/1/1526 1531/1/1531 1529/1/1529
f 1454/1/1454 1526/1/1526 1529/1/1529
f 1527/1/1527 1454/1/1454 1529/1/1529
f 1488/1/1488 1532/1/1532 1525/1/1525
f 1527/1/1527 1607/1/1607 1420/1/1420
f 1420/1/1420 1607/1/1607 1606/1/1606
f 1527/1/1527 1529/1/1529 1607/1/1607
f 1605/1/1605 1528/1/1528 1606/1/1606
f 1530/1/1530 1532/1/1532 1531/1/1531
f 1488/1/1488 1456/1/1456 1532/1/1532
f 1532/1/1532 1567/1/1567 1531/1/1531
f 1867/1/1867 1457/1/1457 1376/1/1376
f 1567/1/1567 1532/1/1532 1489/1/1489
f 1489/1/1489 1532/1/1532 1456/1/1456
f 1377/1/1377 1533/1/1533 1489/1/1489
f 1311/1/1311 1535/1/1535 1534/1/1534
f 1378/1/1378 1736/1/1736 1536/1/1536
f 1378/1/1378 1635/1/1635 1736/1/1736
f 1424/1/1424 1572/1/1572 1635/1/1635
f 1572/1/1572 1458/1/1458 1537/1/1537
f 1459/1/1459 1610/1/1610 1573/1/1573
f 1538/1/1538 1460/1/1460 1611/1/1611
f 1460/1/1460 1495/1/1495 1611/1/1611
f 1495/1/1495 1539/1/1539 1612/1/1612
f 1462/1/1462 1667/1/1667 1498/1/1498
f 1614/1/1614 1428/1/1428 1740/1/1740
f 1575/1/1575 1313/1/1313 1639/1/1639
f 1543/1/1543 1576/1/1576 1435/1/1435
f 1618/1/1618 1544/1/1544 1545/1/1545
f 1501/1/1501 1546/1/1546 1545/1/1545
f 1216/1/1216 1548/1/1548 1641/1/1641
f 1549/1/1549 1916/1/1916 1548/1/1548
f 1440/1/1440 1551/1/1551 1439/1/1439
f 1441/1/1441 1579/1/1579 1551/1/1551
f 1441/1/1441 1645/1/1645 1579/1/1579
f 1643/1/1643 1620/1/1620 1388/1/1388
f 1441/1/1441 1583/1/1583 1645/1/1645
f 1389/1/1389 1790/1/1790 1442/1/1442
f 1442/1/1442 1646/1/1646 1391/1/1391
f 1581/1/1581 1504/1/1504 1677/1/1677
f 1646/1/1646 1503/1/1503 1391/1/1391
f 1585/1/1585 1680/1/1680 1677/1/1677
f 1585/1/1585 1553/1/1553 1682/1/1682
f 1554/1/1554 1468/1/1468 1622/1/1622
f 1505/1/1505 1588/1/1588 1506/1/1506
f 1444/1/1444 1690/1/1690 1474/1/1474
f 1509/1/1509 1445/1/1445 1648/1/1648
f 1794/1/1794 1446/1/1446 1396/1/1396
f 1761/1/1761 1475/1/1475 1474/1/1474
f 1473/1/1473 1559/1/1559 1648/1/1648
f 1559/1/1559 1363/1/1363 1626/1/1626
f 1513/1/1513 1514/1/1514 1560/1/1560
f 1513/1/1513 1560/1/1560 1591/1/1591
f 1514/1/1514 1594/1/1594 1560/1/1560
f 1626/1/1626 1363/1/1363 1479/1/1479
f 1798/1/1798 1448/1/1448 1447/1/1447
f 1516/1/1516 1594/1/1594 1514/1/1514
f 1651/1/1651 1476/1/1476 1692/1/1692
f 1594/1/1594 1516/1/1516 1595/1/1595
f 1479/1/1479 1402/1/1402 1695/1/1695
f 1651/1/1651 1653/1/1653 1365/1/1365
f 1402/1/1402 1480/1/1480 1695/1/1695
f 1518/1/1518 1598/1/1598 1597/1/1597
f 1520/1/1520 1601/1/1601 1600/1/1600
f 1628/1/1628 1519/1/1519 1483/1/1483
f 1407/1/1407 1450/1/1450 1701/1/1701
f 1601/1/1601 1407/1/1407 1701/1/1701
f 1656/1/1656 1563/1/1563 1562/1/1562
f 1656/1/1656 1484/1/1484 1410/1/1410
f 1522/1/1522 1523/1/1523 1603/1/1603
f 1529/1/1529 1531/1/1531 1567/1/1567
f 1867/1/1867 1947/1/1947 1457/1/1457
f 1533/1/1533 1567/1/1567 1489/1/1489
f 1569/1/1569 1570/1/1570 1661/1/1661
f 1457/1/1457 1730/1/1730 1490/1/1490
f 1536/1/1536 1571/1/1571 1535/1/1535
f 1536/1/1536 1736/1/1736 1571/1/1571
f 1730/1/1730 1773/1/1773 1490/1/1490
f 1635/1/1635 1572/1/1572 1636/1/1636
f 1537/1/1537 1662/1/1662 1572/1/1572
f 1537/1/1537 1637/1/1637 1662/1/1662
f 1537/1/1537 1493/1/1493 1637/1/1637
f 1494/1/1494 1573/1/1573 1574/1/1574
f 1496/1/1496 1666/1/1666 1426/1/1426
f 1461/1/1461 1668/1/1668 1464/1/1464
f 1639/1/1639 1431/1/1431 1669/1/1669
f 1638/1/1638 1384/1/1384 1743/1/1743
f 1432/1/1432 1575/1/1575 1779/1/1779
f 1841/1/1841 1543/1/1543 1542/1/1542
f 1670/1/1670 1541/1/1541 1465/1/1465
f 1465/1/1465 1671/1/1671 1670/1/1670
f 1543/1/1543 1672/1/1672 1576/1/1576
f 1439/1/1439 1551/1/1551 1578/1/1578
f 1502/1/1502 1581/1/1581 1580/1/1580
f 1646/1/1646 1442/1/1442 1790/1/1790
f 1583/1/1583 1390/1/1390 1584/1/1584
f 1468/1/1468 1582/1/1582 1621/1/1621
f 1390/1/1390 1469/1/1469 1584/1/1584
f 1585/1/1585 1682/1/1682 1680/1/1680
f 1469/1/1469 1587/1/1587 1584/1/1584
f 1553/1/1553 4021/1/4021 1682/1/1682
f 1588/1/1588 1505/1/1505 1586/1/1586
f 1554/1/1554 1622/1/1622 1687/1/1687
f 1507/1/1507 1590/1/1590 1587/1/1587
f 1554/1/1554 1687/1/1687 1556/1/1556
f 1590/1/1590 1507/1/1507 1589/1/1589
f 1507/1/1507 1558/1/1558 1589/1/1589
f 1590/1/1590 1589/1/1589 1624/1/1624
f 1624/1/1624 1589/1/1589 1593/1/1593
f 1589/1/1589 1558/1/1558 1591/1/1591
f 1624/1/1624 1593/1/1593 1592/1/1592
f 1589/1/1589 1591/1/1591 1593/1/1593
f 1474/1/1474 1690/1/1690 1761/1/1761
f 1794/1/1794 1760/1/1760 1446/1/1446
f 1593/1/1593 1591/1/1591 1560/1/1560
f 1475/1/1475 1649/1/1649 1476/1/1476
f 1594/1/1594 1593/1/1593 1560/1/1560
f 1592/1/1592 1593/1/1593 1594/1/1594
f 1625/1/1625 1592/1/1592 1594/1/1594
f 1596/1/1596 1650/1/1650 1625/1/1625
f 1625/1/1625 1594/1/1594 1596/1/1596
f 1695/1/1695 1890/1/1890 1479/1/1479
f 1693/1/1693 1449/1/1449 1448/1/1448
f 1597/1/1597 1594/1/1594 1595/1/1595
f 1596/1/1596 1594/1/1594 1597/1/1597
f 1595/1/1595 1518/1/1518 1597/1/1597
f 1627/1/1627 1695/1/1695 1519/1/1519
f 1599/1/1599 1597/1/1597 1598/1/1598
f 1449/1/1449 1802/1/1802 1482/1/1482
f 1696/1/1696 1700/1/1700 1370/1/1370
f 1483/1/1483 1629/1/1629 1628/1/1628
f 1702/1/1702 1450/1/1450 1630/1/1630
f 1702/1/1702 1701/1/1701 1450/1/1450
f 1808/1/1808 1656/1/1656 1562/1/1562
f 1655/1/1655 1630/1/1630 1564/1/1564
f 1484/1/1484 1654/1/1654 1564/1/1564
f 1484/1/1484 1656/1/1656 1812/1/1812
f 1602/1/1602 1522/1/1522 1603/1/1603
f 1603/1/1603 1523/1/1523 1865/1/1865
f 1523/1/1523 1604/1/1604 1865/1/1865
f 1817/1/1817 1524/1/1524 1566/1/1566
f 1726/1/1726 1607/1/1607 1529/1/1529
f 1529/1/1529 1567/1/1567 1533/1/1533
f 1726/1/1726 1533/1/1533 1660/1/1660
f 1660/1/1660 1533/1/1533 1568/1/1568
f 1631/1/1631 1660/1/1660 1568/1/1568
f 1569/1/1569 1631/1/1631 1568/1/1568
f 1570/1/1570 1632/1/1632 1661/1/1661
f 1570/1/1570 1608/1/1608 1632/1/1632
f 1608/1/1608 1534/1/1534 1633/1/1633
f 1491/1/1491 1534/1/1534 1608/1/1608
f 1535/1/1535 1609/1/1609 1534/1/1534
f 1571/1/1571 1609/1/1609 1535/1/1535
f 1490/1/1490 1773/1/1773 1492/1/1492
f 1609/1/1609 1634/1/1634 1534/1/1534
f 1637/1/1637 1538/1/1538 1664/1/1664
f 1611/1/1611 1664/1/1664 1538/1/1538
f 1612/1/1612 1611/1/1611 1495/1/1495
f 1496/1/1496 1540/1/1540 1665/1/1665
f 1498/1/1498 1667/1/1667 1613/1/1613
f 1461/1/1461 1666/1/1666 1668/1/1668
f 1740/1/1740 1638/1/1638 1742/1/1742
f 1384/1/1384 1615/1/1615 1743/1/1743
f 1640/1/1640 1743/1/1743 1615/1/1615
f 1615/1/1615 1616/1/1616 1640/1/1640
f 1500/1/1500 1432/1/1432 1779/1/1779
f 1640/1/1640 1541/1/1541 1744/1/1744
f 1541/1/1541 1670/1/1670 1744/1/1744
f 1577/1/1577 1576/1/1576 1783/1/1783
f 1577/1/1577 1784/1/1784 1785/1/1785
f 1316/1/1316 1785/1/1785 1749/1/1749
f 1619/1/1619 1618/1/1618 1545/1/1545
f 1546/1/1546 1547/1/1547 1545/1/1545
f 1619/1/1619 1545/1/1545 1547/1/1547
f 1439/1/1439 1578/1/1578 1550/1/1550
f 1389/1/1389 1388/1/1388 1790/1/1790
f 1580/1/1580 1581/1/1581 1644/1/1644
f 1319/1/1319 1552/1/1552 1755/1/1755
f 1580/1/1580 1552/1/1552 1502/1/1502
f 1583/1/1583 1792/1/1792 1645/1/1645
f 1319/1/1319 1755/1/1755 1582/1/1582
f 1584/1/1584 1792/1/1792 1583/1/1583
f 1646/1/1646 1505/1/1505 1503/1/1503
f 1468/1/1468 1621/1/1621 1622/1/1622
f 1854/1/1854 1584/1/1584 1587/1/1587
f 1682/1/1682 4021/1/4021 1756/1/1756
f 1587/1/1587 1590/1/1590 1686/1/1686
f 1556/1/1556 1687/1/1687 1444/1/1444
f 1623/1/1623 1588/1/1588 1757/1/1757
f 1557/1/1557 1509/1/1509 1689/1/1689
f 1444/1/1444 1793/1/1793 1690/1/1690
f 1691/1/1691 1625/1/1625 1650/1/1650
f 1476/1/1476 1649/1/1649 1692/1/1692
f 1650/1/1650 1596/1/1596 1652/1/1652
f 1798/1/1798 1693/1/1693 1448/1/1448
f 1890/1/1890 1695/1/1695 1859/1/1859
f 1596/1/1596 1597/1/1597 1652/1/1652
f 1519/1/1519 1628/1/1628 1627/1/1627
f 1482/1/1482 1696/1/1696 1370/1/1370
f 1598/1/1598 1520/1/1520 1697/1/1697
f 1520/1/1520 1600/1/1600 1697/1/1697
f 1701/1/1701 1600/1/1600 1601/1/1601
f 1562/1/1562 1370/1/1370 1700/1/1700
f 1654/1/1654 1655/1/1655 1564/1/1564
f 1484/1/1484 1812/1/1812 1654/1/1654
f 1602/1/1602 1521/1/1521 1522/1/1522
f 1657/1/1657 1565/1/1565 1704/1/1704
f 1565/1/1565 1657/1/1657 1566/1/1566
f 1658/1/1658 1524/1/1524 1718/1/1718
f 1604/1/1604 1605/1/1605 1767/1/1767
f 1529/1/1529 1533/1/1533 1726/1/1726
f 1947/1/1947 1730/1/1730 1457/1/1457
f 1569/1/1569 1770/1/1770 1631/1/1631
f 1569/1/1569 1661/1/1661 1770/1/1770
f 1633/1/1633 1632/1/1632 1608/1/1608
f 1534/1/1534 1634/1/1634 1633/1/1633
f 1636/1/1636 1572/1/1572 1662/1/1662
f 1663/1/1663 1662/1/1662 1637/1/1637
f 1637/1/1637 1908/1/1908 1663/1/1663
f 1573/1/1573 1876/1/1876 1574/1/1574
f 1574/1/1574 1665/1/1665 1540/1/1540
f 1539/1/1539 1613/1/1613 1954/1/1954
f 1496/1/1496 1776/1/1776 1666/1/1666
f 1613/1/1613 1667/1/1667 1837/1/1837
f 1667/1/1667 1462/1/1462 1777/1/1777
f 1462/1/1462 1614/1/1614 1777/1/1777
f 1430/1/1430 1741/1/1741 1669/1/1669
f 1669/1/1669 2000/1/2000 1639/1/1639
f 1638/1/1638 1743/1/1743 1742/1/1742
f 1616/1/1616 1541/1/1541 1640/1/1640
f 1958/1/1958 1542/1/1542 1500/1/1500
f 1841/1/1841 1617/1/1617 1543/1/1543
f 1617/1/1617 1672/1/1672 1543/1/1543
f 1576/1/1576 1672/1/1672 1783/1/1783
f 1783/1/1783 1784/1/1784 1577/1/1577
f 1673/1/1673 1618/1/1618 1619/1/1619
f 1546/1/1546 1786/1/1786 1547/1/1547
f 1619/1/1619 1547/1/1547 1845/1/1845
f 1548/1/1548 1642/1/1642 1641/1/1641
f 1548/1/1548 1674/1/1674 1642/1/1642
f 1916/1/1916 1674/1/1674 1548/1/1548
f 1788/1/1788 1674/1/1674 1916/1/1916
f 1550/1/1550 1578/1/1578 1549/1/1549
f 1752/1/1752 1641/1/1641 1753/1/1753
f 1643/1/1643 1387/1/1387 1752/1/1752
f 1791/1/1791 1644/1/1644 1581/1/1581
f 1552/1/1552 1676/1/1676 1755/1/1755
f 1676/1/1676 1552/1/1552 1580/1/1580
f 1646/1/1646 1790/1/1790 2012/1/2012
f 1582/1/1582 1755/1/1755 1679/1/1679
f 1646/1/1646 1684/1/1684 1505/1/1505
f 1622/1/1622 1621/1/1621 1683/1/1683
f 1555/1/1555 1756/1/1756 4021/1/4021
f 1586/1/1586 1757/1/1757 1588/1/1588
f 1686/1/1686 1590/1/1590 1647/1/1647
f 1555/1/1555 1557/1/1557 1922/1/1922
f 1590/1/1590 1624/1/1624 1647/1/1647
f 1624/1/1624 1592/1/1592 1647/1/1647
f 1509/1/1509 1648/1/1648 1689/1/1689
f 1689/1/1689 1648/1/1648 1887/1/1887
f 1592/1/1592 1625/1/1625 1691/1/1691
f 1626/1/1626 1479/1/1479 1890/1/1890
f 1693/1/1693 1802/1/1802 1449/1/1449
f 1653/1/1653 1651/1/1651 1858/1/1858
f 1697/1/1697 1599/1/1599 1598/1/1598
f 1562/1/1562 1700/1/1700 1808/1/1808
f 1630/1/1630 1764/1/1764 1702/1/1702
f 1656/1/1656 1808/1/1808 1809/1/1809
f 1521/1/1521 1705/1/1705 1629/1/1629
f 1602/1/1602 1705/1/1705 1521/1/1521
f 1657/1/1657 1817/1/1817 1566/1/1566
f 1524/1/1524 1817/1/1817 1718/1/1718
f 1604/1/1604 1767/1/1767 1865/1/1865
f 1376/1/1376 1658/1/1658 1867/1/1867
f 1607/1/1607 1659/1/1659 1606/1/1606
f 1606/1/1606 1728/1/1728 1605/1/1605
f 1607/1/1607 1726/1/1726 1727/1/1727
f 1774/1/1774 1633/1/1633 1634/1/1634
f 1736/1/1736 1832/1/1832 1571/1/1571
f 1634/1/1634 1775/1/1775 1737/1/1737
f 1634/1/1634 1609/1/1609 1775/1/1775
f 1637/1/1637 1664/1/1664 1908/1/1908
f 1837/1/1837 1954/1/1954 1613/1/1613
f 1877/1/1877 1464/1/1464 1668/1/1668
f 1430/1/1430 1464/1/1464 1877/1/1877
f 1669/1/1669 1741/1/1741 2000/1/2000
f 1958/1/1958 1500/1/1500 1779/1/1779
f 1542/1/1542 1958/1/1958 1841/1/1841
f 1671/1/1671 1747/1/1747 1670/1/1670
f 1671/1/1671 1618/1/1618 1673/1/1673
f 1673/1/1673 1747/1/1747 1671/1/1671
f 1749/1/1749 1786/1/1786 1546/1/1546
f 1673/1/1673 1619/1/1619 1845/1/1845
f 1578/1/1578 1551/1/1551 1754/1/1754
f 1754/1/1754 1551/1/1551 1886/1/1886
f 1551/1/1551 1579/1/1579 1886/1/1886
f 1388/1/1388 1919/1/1919 1790/1/1790
f 1791/1/1791 1581/1/1581 1677/1/1677
f 1678/1/1678 1791/1/1791 1677/1/1677
f 2012/1/2012 1684/1/1684 1646/1/1646
f 1792/1/1792 1584/1/1584 2014/1/2014
f 1621/1/1621 1679/1/1679 1681/1/1681
f 1582/1/1582 1679/1/1679 1621/1/1621
f 1678/1/1678 1677/1/1677 1680/1/1680
f 1680/1/1680 1682/1/1682 1678/1/1678
f 2014/1/2014 1584/1/1584 1971/1/1971
f 1505/1/1505 1684/1/1684 1586/1/1586
f 1584/1/1584 1854/1/1854 1971/1/1971
f 1587/1/1587 1686/1/1686 1854/1/1854
f 1854/1/1854 1686/1/1686 1685/1/1685
f 1685/1/1685 1686/1/1686 1688/1/1688
f 1555/1/1555 1922/1/1922 1756/1/1756
f 1688/1/1688 1686/1/1686 1647/1/1647
f 1444/1/1444 1687/1/1687 1793/1/1793
f 1922/1/1922 1557/1/1557 1689/1/1689
f 1757/1/1757 1396/1/1396 1623/1/1623
f 1758/1/1758 1689/1/1689 1887/1/1887
f 1592/1/1592 1691/1/1691 1647/1/1647
f 1691/1/1691 1688/1/1688 1647/1/1647
f 1795/1/1795 1688/1/1688 1691/1/1691
f 1648/1/1648 1559/1/1559 1887/1/1887
f 1559/1/1559 1626/1/1626 1924/1/1924
f 1650/1/1650 1652/1/1652 1799/1/1799
f 1799/1/1799 1652/1/1652 1694/1/1694
f 1694/1/1694 1762/1/1762 1799/1/1799
f 1803/1/1803 1694/1/1694 1652/1/1652
f 1762/1/1762 1694/1/1694 1803/1/1803
f 1803/1/1803 1652/1/1652 1599/1/1599
f 1652/1/1652 1597/1/1597 1599/1/1599
f 1806/1/1806 1803/1/1803 1599/1/1599
f 1628/1/1628 1861/1/1861 1627/1/1627
f 1599/1/1599 1697/1/1697 1806/1/1806
f 1806/1/1806 1697/1/1697 1698/1/1698
f 1697/1/1697 1600/1/1600 1699/1/1699
f 1699/1/1699 1600/1/1600 1703/1/1703
f 1698/1/1698 1697/1/1697 1699/1/1699
f 1703/1/1703 1600/1/1600 1701/1/1701
f 1810/1/1810 1699/1/1699 1703/1/1703
f 1705/1/1705 1628/1/1628 1629/1/1629
f 1703/1/1703 1701/1/1701 1702/1/1702
f 1812/1/1812 1656/1/1656 1809/1/1809
f 1630/1/1630 1655/1/1655 1863/1/1863
f 1764/1/1764 1630/1/1630 1863/1/1863
f 1707/1/1707 1706/1/1706 1765/1/1765
f 1706/1/1706 1707/1/1707 1714/1/1714
f 1711/1/1711 1708/1/1708 1815/1/1815
f 1713/1/1713 1707/1/1707 1709/1/1709
f 1714/1/1714 1707/1/1707 1713/1/1713
f 1710/1/1710 1706/1/1706 1714/1/1714
f 1712/1/1712 1708/1/1708 1711/1/1711
f 1709/1/1709 1708/1/1708 1712/1/1712
f 1713/1/1713 1709/1/1709 1712/1/1712
f 1818/1/1818 1712/1/1712 1711/1/1711
f 1713/1/1713 1712/1/1712 1717/1/1717
f 1818/1/1818 1716/1/1716 1712/1/1712
f 1714/1/1714 1713/1/1713 1715/1/1715
f 1712/1/1712 1716/1/1716 1717/1/1717
f 1713/1/1713 1717/1/1717 1720/1/1720
f 1713/1/1713 1720/1/1720 1719/1/1719
f 1715/1/1715 1713/1/1713 1719/1/1719
f 1658/1/1658 1718/1/1718 1867/1/1867
f 1717/1/1717 1716/1/1716 1819/1/1819
f 1819/1/1819 1822/1/1822 1717/1/1717
f 1720/1/1720 1717/1/1717 1768/1/1768
f 1768/1/1768 1822/1/1822 1722/1/1722
f 1722/1/1722 1821/1/1821 1729/1/1729
f 1723/1/1723 1768/1/1768 1722/1/1722
f 1720/1/1720 1768/1/1768 1723/1/1723
f 1724/1/1724 1720/1/1720 1723/1/1723
f 1724/1/1724 1719/1/1719 1720/1/1720
f 1725/1/1725 1723/1/1723 1722/1/1722
f 1659/1/1659 1607/1/1607 1727/1/1727
f 1606/1/1606 1659/1/1659 1728/1/1728
f 1725/1/1725 1722/1/1722 1729/1/1729
f 1660/1/1660 1727/1/1727 1726/1/1726
f 1826/1/1826 1727/1/1727 1660/1/1660
f 1725/1/1725 1729/1/1729 1731/1/1731
f 1729/1/1729 1721/1/1721 1731/1/1731
f 1734/1/1734 1731/1/1731 1721/1/1721
f 1828/1/1828 1734/1/1734 1721/1/1721
f 1732/1/1732 1731/1/1731 1734/1/1734
f 1829/1/1829 1731/1/1731 1732/1/1732
f 1632/1/1632 1771/1/1771 1661/1/1661
f 1870/1/1870 1632/1/1632 1633/1/1633
f 1828/1/1828 1733/1/1733 1734/1/1734
f 1830/1/1830 1734/1/1734 1733/1/1733
f 1732/1/1732 1734/1/1734 1830/1/1830
f 1730/1/1730 1831/1/1831 1773/1/1773
f 1774/1/1774 1870/1/1870 1633/1/1633
f 1635/1/1635 1772/1/1772 1736/1/1736
f 1735/1/1735 1772/1/1772 1635/1/1635
f 1733/1/1733 1735/1/1735 1835/1/1835
f 1835/1/1835 1830/1/1830 1733/1/1733
f 1635/1/1635 1636/1/1636 1735/1/1735
f 1636/1/1636 1835/1/1835 1735/1/1735
f 1571/1/1571 1871/1/1871 1609/1/1609
f 1492/1/1492 1773/1/1773 2054/1/2054
f 1634/1/1634 1737/1/1737 1774/1/1774
f 1832/1/1832 1871/1/1871 1571/1/1571
f 1492/1/1492 2054/1/2054 1610/1/1610
f 1636/1/1636 1662/1/1662 1873/1/1873
f 1573/1/1573 1610/1/1610 1874/1/1874
f 1663/1/1663 1908/1/1908 2166/1/2166
f 1573/1/1573 1874/1/1874 1876/1/1876
f 1664/1/1664 1611/1/1611 1875/1/1875
f 1574/1/1574 1876/1/1876 1665/1/1665
f 1612/1/1612 1738/1/1738 1611/1/1611
f 1539/1/1539 1954/1/1954 1612/1/1612
f 1666/1/1666 1776/1/1776 1668/1/1668
f 1739/1/1739 1777/1/1777 1614/1/1614
f 1740/1/1740 1739/1/1739 1614/1/1614
f 1778/1/1778 1430/1/1430 1877/1/1877
f 1742/1/1742 1879/1/1879 1740/1/1740
f 1840/1/1840 1742/1/1742 1743/1/1743
f 2172/1/2172 1575/1/1575 1639/1/1639
f 1575/1/1575 2172/1/2172 1779/1/1779
f 1640/1/1640 1780/1/1780 1743/1/1743
f 1744/1/1744 1780/1/1780 1640/1/1640
f 1745/1/1745 1744/1/1744 1670/1/1670
f 1745/1/1745 1670/1/1670 1747/1/1747
f 1745/1/1745 1781/1/1781 1842/1/1842
f 1781/1/1781 1745/1/1745 1746/1/1746
f 1783/1/1783 1672/1/1672 2002/1/2002
f 1746/1/1746 1745/1/1745 1747/1/1747
f 1748/1/1748 1746/1/1746 1747/1/1747
f 1782/1/1782 1781/1/1781 1746/1/1746
f 1782/1/1782 1746/1/1746 1748/1/1748
f 1782/1/1782 1748/1/1748 1750/1/1750
f 1748/1/1748 1747/1/1747 1673/1/1673
f 1750/1/1750 1748/1/1748 1673/1/1673
f 1547/1/1547 1881/1/1881 1845/1/1845
f 1673/1/1673 1845/1/1845 1751/1/1751
f 1750/1/1750 1673/1/1673 1751/1/1751
f 1641/1/1641 1848/1/1848 1753/1/1753
f 1641/1/1641 1642/1/1642 1848/1/1848
f 2007/1/2007 1752/1/1752 1753/1/1753
f 1752/1/1752 2007/1/2007 1643/1/1643
f 1754/1/1754 1886/1/1886 1849/1/1849
f 2007/1/2007 1675/1/1675 1643/1/1643
f 1643/1/1643 1675/1/1675 1620/1/1620
f 2011/1/2011 1886/1/1886 1579/1/1579
f 2011/1/2011 1579/1/1579 1645/1/1645
f 1850/1/1850 1580/1/1580 1644/1/1644
f 1644/1/1644 1791/1/1791 1851/1/1851
f 1645/1/1645 1792/1/1792 1968/1/1968
f 1621/1/1621 1681/1/1681 1683/1/1683
f 1684/1/1684 1920/1/1920 1586/1/1586
f 1682/1/1682 1756/1/1756 1678/1/1678
f 1678/1/1678 1756/1/1756 1853/1/1853
f 2069/1/2069 1687/1/1687 1622/1/1622
f 1689/1/1689 1758/1/1758 1922/1/1922
f 1757/1/1757 1794/1/1794 1396/1/1396
f 1685/1/1685 1688/1/1688 1795/1/1795
f 1796/1/1796 1795/1/1795 1691/1/1691
f 1650/1/1650 1796/1/1796 1691/1/1691
f 1924/1/1924 1626/1/1626 1890/1/1890
f 1801/1/1801 1651/1/1651 1692/1/1692
f 1693/1/1693 1857/1/1857 1802/1/1802
f 1801/1/1801 1858/1/1858 1651/1/1651
f 1695/1/1695 1627/1/1627 1859/1/1859
f 1696/1/1696 1482/1/1482 1802/1/1802
f 1653/1/1653 1804/1/1804 1561/1/1561
f 1561/1/1561 1804/1/1804 1704/1/1704
f 1699/1/1699 1810/1/1810 1698/1/1698
f 1628/1/1628 1705/1/1705 1861/1/1861
f 1814/1/1814 1810/1/1810 1703/1/1703
f 1809/1/1809 1862/1/1862 1812/1/1812
f 1898/1/1898 1863/1/1863 1655/1/1655
f 1813/1/1813 1702/1/1702 1764/1/1764
f 1703/1/1703 1702/1/1702 1813/1/1813
f 1814/1/1814 1703/1/1703 1813/1/1813
f 1897/1/1897 1654/1/1654 1812/1/1812
f 1655/1/1655 1654/1/1654 1897/1/1897
f 1766/1/1766 1707/1/1707 1765/1/1765
f 1708/1/1708 1766/1/1766 1815/1/1815
f 1766/1/1766 1708/1/1708 1709/1/1709
f 1707/1/1707 1766/1/1766 1709/1/1709
f 1602/1/1602 1603/1/1603 1864/1/1864
f 1710/1/1710 1714/1/1714 1866/1/1866
f 1714/1/1714 1715/1/1715 1866/1/1866
f 1822/1/1822 1768/1/1768 1717/1/1717
f 1722/1/1722 1822/1/1822 1821/1/1821
f 1729/1/1729 1821/1/1821 1721/1/1721
f 1723/1/1723 1823/1/1823 1724/1/1724
f 1769/1/1769 1723/1/1723 1725/1/1725
f 1823/1/1823 1723/1/1723 1769/1/1769
f 1659/1/1659 1727/1/1727 1825/1/1825
f 1728/1/1728 1659/1/1659 1825/1/1825
f 1725/1/1725 1731/1/1731 1869/1/1869
f 1631/1/1631 1826/1/1826 1660/1/1660
f 1869/1/1869 1731/1/1731 1829/1/1829
f 1631/1/1631 1770/1/1770 1826/1/1826
f 1771/1/1771 1770/1/1770 1661/1/1661
f 1632/1/1632 1870/1/1870 1827/1/1827
f 1828/1/1828 1735/1/1735 1733/1/1733
f 1870/1/1870 1774/1/1774 1833/1/1833
f 1772/1/1772 1735/1/1735 1828/1/1828
f 1736/1/1736 1772/1/1772 1832/1/1832
f 1835/1/1835 1636/1/1636 1873/1/1873
f 1832/1/1832 1872/1/1872 1871/1/1871
f 1873/1/1873 1662/1/1662 1907/1/1907
f 1908/1/1908 1664/1/1664 1875/1/1875
f 1738/1/1738 1875/1/1875 1611/1/1611
f 1667/1/1667 1777/1/1777 1837/1/1837
f 1668/1/1668 1776/1/1776 1877/1/1877
f 1840/1/1840 1879/1/1879 1742/1/1742
f 1743/1/1743 1780/1/1780 1840/1/1840
f 1842/1/1842 1780/1/1780 1744/1/1744
f 1842/1/1842 1744/1/1744 1745/1/1745
f 1784/1/1784 1961/1/1961 1785/1/1785
f 1547/1/1547 1786/1/1786 1843/1/1843
f 1881/1/1881 1547/1/1547 1843/1/1843
f 1844/1/1844 1750/1/1750 1751/1/1751
f 1751/1/1751 1845/1/1845 1965/1/1965
f 1916/1/1916 1884/1/1884 1788/1/1788
f 1578/1/1578 1846/1/1846 1549/1/1549
f 1642/1/1642 1787/1/1787 1848/1/1848
f 1674/1/1674 1787/1/1787 1642/1/1642
f 1788/1/1788 1787/1/1787 1674/1/1674
f 1644/1/1644 1789/1/1789 1850/1/1850
f 1645/1/1645 1968/1/1968 2011/1/2011
f 1676/1/1676 1580/1/1580 1850/1/1850
f 1968/1/1968 1792/1/1792 2014/1/2014
f 1684/1/1684 2012/1/2012 1852/1/1852
f 1855/1/1855 1586/1/1586 1920/1/1920
f 1922/1/1922 1853/1/1853 1756/1/1756
f 1757/1/1757 1586/1/1586 1855/1/1855
f 1687/1/1687 2069/1/2069 1793/1/1793
f 1793/1/1793 1759/1/1759 1690/1/1690
f 1690/1/1690 1759/1/1759 1761/1/1761
f 1760/1/1760 1794/1/1794 1797/1/1797
f 1559/1/1559 1924/1/1924 1887/1/1887
f 1797/1/1797 1798/1/1798 1760/1/1760
f 1475/1/1475 1889/1/1889 1649/1/1649
f 1650/1/1650 1799/1/1799 1796/1/1796
f 1692/1/1692 1649/1/1649 1889/1/1889
f 1693/1/1693 1798/1/1798 1857/1/1857
f 1799/1/1799 1762/1/1762 1800/1/1800
f 1890/1/1890 1859/1/1859 1891/1/1891
f 1892/1/1892 1800/1/1800 1762/1/1762
f 1857/1/1857 1925/1/1925 1802/1/1802
f 1802/1/1802 1925/1/1925 1930/1/1930
f 1762/1/1762 1803/1/1803 1893/1/1893
f 1653/1/1653 1858/1/1858 1804/1/1804
f 1696/1/1696 1802/1/1802 1930/1/1930
f 1894/1/1894 1805/1/1805 1930/1/1930
f 1805/1/1805 1696/1/1696 1930/1/1930
f 1805/1/1805 1700/1/1700 1696/1/1696
f 1806/1/1806 1698/1/1698 1895/1/1895
f 1896/1/1896 1936/1/1936 1861/1/1861
f 1700/1/1700 1805/1/1805 1808/1/1808
f 1807/1/1807 1808/1/1808 1805/1/1805
f 1698/1/1698 1810/1/1810 1811/1/1811
f 1896/1/1896 1861/1/1861 1705/1/1705
f 1807/1/1807 1809/1/1809 1808/1/1808
f 1814/1/1814 1940/1/1940 1810/1/1810
f 1705/1/1705 1864/1/1864 1899/1/1899
f 1765/1/1765 1941/1/1941 1766/1/1766
f 1602/1/1602 1864/1/1864 1705/1/1705
f 1815/1/1815 1986/1/1986 1711/1/1711
f 1710/1/1710 1816/1/1816 1706/1/1706
f 1818/1/1818 1900/1/1900 1716/1/1716
f 1716/1/1716 1900/1/1900 1819/1/1819
f 1820/1/1820 1866/1/1866 1715/1/1715
f 1605/1/1605 1993/1/1993 1767/1/1767
f 1822/1/1822 1819/1/1819 1821/1/1821
f 1993/1/1993 1605/1/1605 1994/1/1994
f 1820/1/1820 1715/1/1715 1719/1/1719
f 1820/1/1820 1719/1/1719 1903/1/1903
f 1728/1/1728 1994/1/1994 1605/1/1605
f 1719/1/1719 1724/1/1724 1903/1/1903
f 1724/1/1724 1823/1/1823 1903/1/1903
f 1826/1/1826 1825/1/1825 1727/1/1727
f 1825/1/1825 1827/1/1827 1728/1/1728
f 1721/1/1721 1821/1/1821 1824/1/1824
f 1769/1/1769 1725/1/1725 1869/1/1869
f 1947/1/1947 1831/1/1831 1730/1/1730
f 1771/1/1771 1825/1/1825 1826/1/1826
f 1827/1/1827 1825/1/1825 1771/1/1771
f 1721/1/1721 1824/1/1824 1828/1/1828
f 1771/1/1771 1826/1/1826 1770/1/1770
f 1771/1/1771 1632/1/1632 1827/1/1827
f 1834/1/1834 1609/1/1609 1871/1/1871
f 1609/1/1609 1834/1/1834 1775/1/1775
f 1951/1/1951 1872/1/1872 1832/1/1832
f 1907/1/1907 1662/1/1662 1663/1/1663
f 1909/1/1909 1875/1/1875 1738/1/1738
f 1665/1/1665 1836/1/1836 1496/1/1496
f 1496/1/1496 1836/1/1836 1910/1/1910
f 1738/1/1738 1612/1/1612 1997/1/1997
f 1954/1/1954 1997/1/1997 1612/1/1612
f 1838/1/1838 1837/1/1837 1777/1/1777
f 1838/1/1838 1777/1/1777 1878/1/1878
f 1739/1/1739 1878/1/1878 1777/1/1777
f 1778/1/1778 1877/1/1877 2058/1/2058
f 1739/1/1739 1740/1/1740 1839/1/1839
f 1839/1/1839 1878/1/1878 1739/1/1739
f 1741/1/1741 1430/1/1430 1778/1/1778
f 1879/1/1879 1839/1/1839 1740/1/1740
f 2000/1/2000 2172/1/2172 1639/1/1639
f 1958/1/1958 1779/1/1779 1880/1/1880
f 2001/1/2001 1617/1/1617 1841/1/1841
f 1960/1/1960 1842/1/1842 1781/1/1781
f 1617/1/1617 2002/1/2002 1672/1/1672
f 1782/1/1782 1960/1/1960 1781/1/1781
f 1783/1/1783 2002/1/2002 1914/1/1914
f 1784/1/1784 1783/1/1783 1914/1/1914
f 1784/1/1784 1914/1/1914 1961/1/1961
f 1749/1/1749 1963/1/1963 1786/1/1786
f 1964/1/1964 1782/1/1782 1750/1/1750
f 1844/1/1844 1964/1/1964 1750/1/1750
f 1845/1/1845 1881/1/1881 1882/1/1882
f 1754/1/1754 1846/1/1846 1578/1/1578
f 1788/1/1788 1883/1/1883 1787/1/1787
f 1847/1/1847 1754/1/1754 1849/1/1849
f 2102/1/2102 1620/1/1620 1675/1/1675
f 1620/1/1620 1919/1/1919 1388/1/1388
f 1851/1/1851 1789/1/1789 1644/1/1644
f 1919/1/1919 2012/1/2012 1790/1/1790
f 1966/1/1966 1755/1/1755 1676/1/1676
f 1969/1/1969 2013/1/2013 1791/1/1791
f 1791/1/1791 1678/1/1678 1969/1/1969
f 1853/1/1853 1969/1/1969 1678/1/1678
f 1622/1/1622 1974/1/1974 2069/1/2069
f 1685/1/1685 1795/1/1795 1972/1/1972
f 1757/1/1757 1855/1/1855 1856/1/1856
f 1757/1/1757 1856/1/1856 1794/1/1794
f 1794/1/1794 1856/1/1856 1797/1/1797
f 1888/1/1888 1795/1/1795 1796/1/1796
f 1799/1/1799 1800/1/1800 1796/1/1796
f 1798/1/1798 1797/1/1797 1857/1/1857
f 1692/1/1692 1889/1/1889 1801/1/1801
f 1762/1/1762 1893/1/1893 1892/1/1892
f 1803/1/1803 1860/1/1860 1893/1/1893
f 1803/1/1803 1806/1/1806 1860/1/1860
f 1807/1/1807 1805/1/1805 1894/1/1894
f 1806/1/1806 1895/1/1895 1860/1/1860
f 1698/1/1698 1811/1/1811 1895/1/1895
f 1862/1/1862 1897/1/1897 1812/1/1812
f 1704/1/1704 1763/1/1763 1657/1/1657
f 1897/1/1897 1898/1/1898 1655/1/1655
f 1813/1/1813 1764/1/1764 1983/1/1983
f 1984/1/1984 1815/1/1815 1766/1/1766
f 1765/1/1765 1706/1/1706 1943/1/1943
f 1706/1/1706 1816/1/1816 1943/1/1943
f 1657/1/1657 2195/1/2195 1817/1/1817
f 1986/1/1986 1818/1/1818 1711/1/1711
f 1603/1/1603 1865/1/1865 1985/1/1985
f 1866/1/1866 1945/1/1945 1710/1/1710
f 1818/1/1818 1944/1/1944 1900/1/1900
f 1900/1/1900 1902/1/1902 1819/1/1819
f 1901/1/1901 1767/1/1767 1993/1/1993
f 1866/1/1866 1820/1/1820 1991/1/1991
f 1821/1/1821 1819/1/1819 1902/1/1902
f 1728/1/1728 1868/1/1868 1994/1/1994
f 1868/1/1868 1728/1/1728 1827/1/1827
f 1827/1/1827 1870/1/1870 1868/1/1868
f 1949/1/1949 1829/1/1829 1732/1/1732
f 1732/1/1732 1830/1/1830 2052/1/2052
f 1773/1/1773 1831/1/1831 2054/1/2054
f 1737/1/1737 1775/1/1775 1833/1/1833
f 1832/1/1832 2051/1/2051 1951/1/1951
f 1833/1/1833 1774/1/1774 1737/1/1737
f 1906/1/1906 1610/1/1610 2054/1/2054
f 1610/1/1610 1906/1/1906 1874/1/1874
f 1665/1/1665 1876/1/1876 1836/1/1836
f 1911/1/1911 1954/1/1954 1837/1/1837
f 1776/1/1776 2058/1/2058 1877/1/1877
f 1839/1/1839 1879/1/1879 1955/1/1955
f 1741/1/1741 1778/1/1778 1999/1/1999
f 1840/1/1840 1912/1/1912 1879/1/1879
f 1780/1/1780 1956/1/1956 1840/1/1840
f 1956/1/1956 1780/1/1780 1913/1/1913
f 1841/1/1841 1958/1/1958 2090/1/2090
f 1841/1/1841 2090/1/2090 2001/1/2001
f 1782/1/1782 1962/1/1962 1960/1/1960
f 1964/1/1964 1962/1/1962 1782/1/1782
f 1963/1/1963 2003/1/2003 1786/1/1786
f 1881/1/1881 2005/1/2005 1882/1/1882
f 1882/1/1882 1965/1/1965 1845/1/1845
f 1844/1/1844 1751/1/1751 1965/1/1965
f 1788/1/1788 1884/1/1884 1883/1/1883
f 1754/1/1754 1847/1/1847 1846/1/1846
f 1753/1/1753 1917/1/1917 2007/1/2007
f 1753/1/1753 1885/1/1885 1917/1/1917
f 1848/1/1848 1885/1/1885 1753/1/1753
f 1849/1/1849 1886/1/1886 2009/1/2009
f 2136/1/2136 1620/1/1620 2102/1/2102
f 1755/1/1755 1966/1/1966 1967/1/1967
f 1851/1/1851 1791/1/1791 2013/1/2013
f 1967/1/1967 1679/1/1679 1755/1/1755
f 1679/1/1679 2065/1/2065 1681/1/1681
f 1684/1/1684 1852/1/1852 1920/1/1920
f 1971/1/1971 1854/1/1854 1972/1/1972
f 1854/1/1854 1685/1/1685 1972/1/1972
f 1972/1/1972 1795/1/1795 1923/1/1923
f 1924/1/1924 1890/1/1890 2021/1/2021
f 2072/1/2072 1801/1/1801 1889/1/1889
f 2026/1/2026 1627/1/1627 1861/1/1861
f 1861/1/1861 1936/1/1936 2026/1/2026
f 1939/1/1939 1807/1/1807 1894/1/1894
f 1807/1/1807 1939/1/1939 1809/1/1809
f 1704/1/1704 1804/1/1804 1763/1/1763
f 1939/1/1939 1862/1/1862 1809/1/1809
f 1938/1/1938 1898/1/1898 1897/1/1897
f 1810/1/1810 2036/1/2036 1811/1/1811
f 2036/1/2036 1810/1/1810 1940/1/1940
f 1705/1/1705 1899/1/1899 1896/1/1896
f 1765/1/1765 1943/1/1943 2040/1/2040
f 1815/1/1815 1984/1/1984 1986/1/1986
f 1816/1/1816 1710/1/1710 1988/1/1988
f 1864/1/1864 1603/1/1603 1985/1/1985
f 1818/1/1818 1986/1/1986 1987/1/1987
f 1818/1/1818 1987/1/1987 1944/1/1944
f 1985/1/1985 1865/1/1865 2083/1/2083
f 1718/1/1718 2294/1/2294 1867/1/1867
f 1865/1/1865 1901/1/1901 2083/1/2083
f 1767/1/1767 1901/1/1901 1865/1/1865
f 2121/1/2121 1991/1/1991 1820/1/1820
f 1947/1/1947 1867/1/1867 2086/1/2086
f 1821/1/1821 1902/1/1902 1946/1/1946
f 1903/1/1903 1996/1/1996 1820/1/1820
f 2121/1/2121 1820/1/1820 1996/1/1996
f 1946/1/1946 1824/1/1824 1821/1/1821
f 1769/1/1769 1869/1/1869 1904/1/1904
f 1904/1/1904 1823/1/1823 1769/1/1769
f 1829/1/1829 1949/1/1949 1869/1/1869
f 1950/1/1950 1868/1/1868 1870/1/1870
f 1824/1/1824 1905/1/1905 1828/1/1828
f 1949/1/1949 1732/1/1732 2052/1/2052
f 1828/1/1828 2051/1/2051 1772/1/1772
f 1905/1/1905 2051/1/2051 1828/1/1828
f 2048/1/2048 1775/1/1775 1834/1/1834
f 2051/1/2051 1832/1/1832 1772/1/1772
f 1873/1/1873 1907/1/1907 2165/1/2165
f 1907/1/1907 1663/1/1663 2056/1/2056
f 1663/1/1663 2166/1/2166 2056/1/2056
f 1875/1/1875 1909/1/1909 1952/1/1952
f 1875/1/1875 1952/1/1952 1908/1/1908
f 1876/1/1876 1953/1/1953 1836/1/1836
f 1738/1/1738 1997/1/1997 1909/1/1909
f 1496/1/1496 1910/1/1910 1776/1/1776
f 1838/1/1838 1878/1/1878 1998/1/1998
f 1879/1/1879 1912/1/1912 1955/1/1955
f 1999/1/1999 2000/1/2000 1741/1/1741
f 1912/1/1912 1840/1/1840 1956/1/1956
f 1780/1/1780 1842/1/1842 1913/1/1913
f 1842/1/1842 1960/1/1960 1913/1/1913
f 1617/1/1617 2001/1/2001 2002/1/2002
f 1785/1/1785 1961/1/1961 2132/1/2132
f 1749/1/1749 1785/1/1785 2132/1/2132
f 1749/1/1749 2132/1/2132 1963/1/1963
f 1843/1/1843 1786/1/1786 2004/1/2004
f 1964/1/1964 1844/1/1844 1915/1/1915
f 1881/1/1881 1843/1/1843 2005/1/2005
f 1965/1/1965 1882/1/1882 2006/1/2006
f 1549/1/1549 2213/1/2213 1916/1/1916
f 1549/1/1549 1846/1/1846 2213/1/2213
f 1848/1/1848 2008/1/2008 1885/1/1885
f 1848/1/1848 1918/1/1918 2008/1/2008
f 1787/1/1787 1918/1/1918 1848/1/1848
f 1787/1/1787 1883/1/1883 1918/1/1918
f 2136/1/2136 1919/1/1919 1620/1/1620
f 1851/1/1851 2010/1/2010 1789/1/1789
f 1966/1/1966 1676/1/1676 1850/1/1850
f 2065/1/2065 1679/1/1679 1967/1/1967
f 1969/1/1969 1853/1/1853 1921/1/1921
f 1681/1/1681 2107/1/2107 1683/1/1683
f 1683/1/1683 1974/1/1974 1622/1/1622
f 1921/1/1921 1853/1/1853 1975/1/1975
f 2015/1/2015 1971/1/1971 1972/1/1972
f 1975/1/1975 1853/1/1853 1922/1/1922
f 1856/1/1856 1855/1/1855 1973/1/1973
f 1856/1/1856 1977/1/1977 1797/1/1797
f 1888/1/1888 1923/1/1923 1795/1/1795
f 1475/1/1475 1761/1/1761 1889/1/1889
f 1797/1/1797 1977/1/1977 2113/1/2113
f 1796/1/1796 1800/1/1800 1888/1/1888
f 2113/1/2113 1857/1/1857 1797/1/1797
f 1978/1/1978 2022/1/2022 1800/1/1800
f 2021/1/2021 1890/1/1890 1891/1/1891
f 2113/1/2113 1925/1/1925 1857/1/1857
f 1978/1/1978 1800/1/1800 1926/1/1926
f 1979/1/1979 1978/1/1978 1926/1/1926
f 1801/1/1801 2076/1/2076 1858/1/1858
f 1926/1/1926 1800/1/1800 1892/1/1892
f 1928/1/1928 1930/1/1930 1925/1/1925
f 1926/1/1926 1892/1/1892 1929/1/1929
f 1929/1/1929 2027/1/2027 1926/1/1926
f 1932/1/1932 1931/1/1931 1927/1/1927
f 1929/1/1929 1892/1/1892 1933/1/1933
f 1927/1/1927 1931/1/1931 1928/1/1928
f 1928/1/1928 1934/1/1934 1930/1/1930
f 1892/1/1892 1893/1/1893 1933/1/1933
f 1894/1/1894 1930/1/1930 1934/1/1934
f 1935/1/1935 1931/1/1931 1932/1/1932
f 1935/1/1935 1932/1/1932 1980/1/1980
f 2027/1/2027 1929/1/1929 1933/1/1933
f 2026/1/2026 1859/1/1859 1627/1/1627
f 1860/1/1860 1933/1/1933 1893/1/1893
f 2028/1/2028 1933/1/1933 1860/1/1860
f 1931/1/1931 1934/1/1934 1928/1/1928
f 1931/1/1931 1937/1/1937 1934/1/1934
f 1935/1/1935 1937/1/1937 1931/1/1931
f 1939/1/1939 1894/1/1894 1934/1/1934
f 1937/1/1937 1939/1/1939 1934/1/1934
f 1938/1/1938 1937/1/1937 1935/1/1935
f 1981/1/1981 1860/1/1860 1895/1/1895
f 1937/1/1937 1862/1/1862 1939/1/1939
f 1895/1/1895 1811/1/1811 1982/1/1982
f 1897/1/1897 1862/1/1862 1937/1/1937
f 1938/1/1938 1897/1/1897 1937/1/1937
f 2037/1/2037 1896/1/1896 1899/1/1899
f 2079/1/2079 1898/1/1898 1938/1/1938
f 1863/1/1863 1983/1/1983 1764/1/1764
f 1983/1/1983 1940/1/1940 1813/1/1813
f 1814/1/1814 1813/1/1813 1940/1/1940
f 1984/1/1984 1766/1/1766 1941/1/1941
f 2040/1/2040 1941/1/1941 1765/1/1765
f 1986/1/1986 1984/1/1984 1942/1/1942
f 1816/1/1816 1988/1/1988 1943/1/1943
f 1945/1/1945 1988/1/1988 1710/1/1710
f 1900/1/1900 1990/1/1990 1902/1/1902
f 1866/1/1866 1991/1/1991 1945/1/1945
f 1902/1/1902 1990/1/1990 1946/1/1946
f 1995/1/1995 1990/1/1990 2084/1/2084
f 1946/1/1946 1990/1/1990 1995/1/1995
f 1946/1/1946 1995/1/1995 1824/1/1824
f 1823/1/1823 1948/1/1948 1903/1/1903
f 1903/1/1903 1948/1/1948 1996/1/1996
f 1948/1/1948 1823/1/1823 1904/1/1904
f 1950/1/1950 1870/1/1870 1833/1/1833
f 2048/1/2048 1834/1/1834 2049/1/2049
f 1775/1/1775 2048/1/2048 1950/1/1950
f 1775/1/1775 1950/1/1950 1833/1/1833
f 1872/1/1872 2055/1/2055 1871/1/1871
f 1835/1/1835 1873/1/1873 2163/1/2163
f 1906/1/1906 2126/1/2126 1874/1/1874
f 2057/1/2057 1874/1/1874 2126/1/2126
f 1953/1/1953 1874/1/1874 2057/1/2057
f 2056/1/2056 2166/1/2166 2238/1/2238
f 1876/1/1876 1874/1/1874 1953/1/1953
f 1836/1/1836 2208/1/2208 1910/1/1910
f 2128/1/2128 1776/1/1776 1910/1/1910
f 1911/1/1911 1837/1/1837 1838/1/1838
f 2130/1/2130 1838/1/1838 1998/1/1998
f 1878/1/1878 1839/1/1839 1998/1/1998
f 1839/1/1839 1955/1/1955 1998/1/1998
f 1956/1/1956 1913/1/1913 1957/1/1957
f 1957/1/1957 1913/1/1913 1959/1/1959
f 1959/1/1959 1913/1/1913 1960/1/1960
f 1959/1/1959 1960/1/1960 1962/1/1962
f 2095/1/2095 1962/1/1962 1964/1/1964
f 1786/1/1786 2003/1/2003 2004/1/2004
f 2095/1/2095 1964/1/1964 1915/1/1915
f 2005/1/2005 1843/1/1843 2004/1/2004
f 1844/1/1844 1965/1/1965 1915/1/1915
f 1847/1/1847 2213/1/2213 1846/1/1846
f 1885/1/1885 2096/1/2096 2253/1/2253
f 1885/1/1885 2008/1/2008 2096/1/2096
f 1918/1/1918 2100/1/2100 2008/1/2008
f 1789/1/1789 2104/1/2104 1850/1/1850
f 2104/1/2104 1789/1/1789 2010/1/2010
f 2010/1/2010 1851/1/1851 2013/1/2013
f 2011/1/2011 1968/1/1968 2217/1/2217
f 1681/1/1681 2065/1/2065 2107/1/2107
f 1852/1/1852 1970/1/1970 1920/1/1920
f 1683/1/1683 2107/1/2107 1974/1/1974
f 2106/1/2106 1921/1/1921 2108/1/2108
f 1920/1/1920 2067/1/2067 1855/1/1855
f 2108/1/2108 1921/1/1921 1975/1/1975
f 2067/1/2067 1973/1/1973 1855/1/1855
f 1972/1/1972 1923/1/1923 2017/1/2017
f 1972/1/1972 2017/1/2017 2110/1/2110
f 1922/1/1922 1758/1/1758 1975/1/1975
f 1975/1/1975 1758/1/1758 1976/1/1976
f 1973/1/1973 2070/1/2070 1856/1/1856
f 1758/1/1758 1887/1/1887 1976/1/1976
f 2112/1/2112 1761/1/1761 1759/1/1759
f 1976/1/1976 1887/1/1887 2018/1/2018
f 1887/1/1887 1924/1/1924 2018/1/2018
f 2221/1/2221 1889/1/1889 1761/1/1761
f 2113/1/2113 2073/1/2073 1925/1/1925
f 2072/1/2072 2076/1/2076 1801/1/1801
f 1927/1/1927 1928/1/1928 2024/1/2024
f 1927/1/1927 2075/1/2075 1932/1/1932
f 1891/1/1891 1859/1/1859 2077/1/2077
f 1926/1/1926 2027/1/2027 1979/1/1979
f 2077/1/2077 1859/1/1859 2026/1/2026
f 1858/1/1858 2076/1/2076 1804/1/1804
f 2027/1/2027 1933/1/1933 2028/1/2028
f 1860/1/1860 1981/1/1981 2028/1/2028
f 2030/1/2030 1938/1/1938 1935/1/1935
f 1895/1/1895 1982/1/1982 1981/1/1981
f 1899/1/1899 2041/1/2041 2037/1/2037
f 1984/1/1984 2039/1/2039 1942/1/1942
f 1899/1/1899 1864/1/1864 1985/1/1985
f 1986/1/1986 1942/1/1942 2043/1/2043
f 1943/1/1943 1988/1/1988 2156/1/2156
f 1944/1/1944 1989/1/1989 1900/1/1900
f 2121/1/2121 2264/1/2264 1991/1/1991
f 1901/1/1901 1993/1/1993 1992/1/1992
f 1947/1/1947 2200/1/2200 1831/1/1831
f 2123/1/2123 1824/1/1824 1995/1/1995
f 1869/1/1869 2046/1/2046 1904/1/1904
f 1905/1/1905 1824/1/1824 2047/1/2047
f 2088/1/2088 2054/1/2054 1831/1/1831
f 1949/1/1949 2052/1/2052 2124/1/2124
f 2052/1/2052 1830/1/1830 1835/1/1835
f 2163/1/2163 2052/1/2052 1835/1/1835
f 1871/1/1871 2049/1/2049 1834/1/1834
f 2049/1/2049 1871/1/1871 2055/1/2055
f 1872/1/1872 1951/1/1951 2055/1/2055
f 1873/1/1873 2165/1/2165 2163/1/2163
f 1907/1/1907 2056/1/2056 2165/1/2165
f 1952/1/1952 2166/1/2166 1908/1/1908
f 1953/1/1953 2208/1/2208 1836/1/1836
f 1909/1/1909 1997/1/1997 2207/1/2207
f 2169/1/2169 2058/1/2058 1776/1/1776
f 2171/1/2171 1778/1/1778 2058/1/2058
f 1778/1/1778 2171/1/2171 1999/1/1999
f 1955/1/1955 1912/1/1912 2059/1/2059
f 1957/1/1957 1959/1/1959 2091/1/2091
f 2361/1/2361 2132/1/2132 1961/1/1961
f 1915/1/1915 1965/1/1965 2062/1/2062
f 1965/1/1965 2006/1/2006 2062/1/2062
f 2006/1/2006 2212/1/2212 2062/1/2062
f 1916/1/1916 2213/1/2213 1884/1/1884
f 1918/1/1918 2099/1/2099 2100/1/2100
f 2009/1/2009 1847/1/1847 1849/1/1849
f 2007/1/2007 1917/1/1917 1675/1/1675
f 1675/1/1675 2254/1/2254 2102/1/2102
f 2011/1/2011 2101/1/2101 1886/1/1886
f 1850/1/1850 2103/1/2103 1966/1/1966
f 1919/1/1919 2064/1/2064 2012/1/2012
f 2218/1/2218 1967/1/1967 1966/1/1966
f 1969/1/1969 1921/1/1921 2013/1/2013
f 2106/1/2106 2066/1/2066 1921/1/1921
f 1971/1/1971 2184/1/2184 2014/1/2014
f 1972/1/1972 2110/1/2110 2015/1/2015
f 2108/1/2108 1975/1/1975 2068/1/2068
f 2111/1/2111 2068/1/2068 1975/1/1975
f 2111/1/2111 1975/1/1975 1976/1/1976
f 1759/1/1759 1793/1/1793 2069/1/2069
f 2017/1/2017 2016/1/2016 2110/1/2110
f 1856/1/1856 2070/1/2070 1977/1/1977
f 2111/1/2111 1976/1/1976 2018/1/2018
f 2017/1/2017 1923/1/1923 1888/1/1888
f 2017/1/2017 1888/1/1888 2019/1/2019
f 2019/1/2019 2016/1/2016 2017/1/2017
f 2020/1/2020 2111/1/2111 2018/1/2018
f 2018/1/2018 1924/1/1924 2021/1/2021
f 2020/1/2020 2018/1/2018 2021/1/2021
f 2019/1/2019 1888/1/1888 2022/1/2022
f 1888/1/1888 1800/1/1800 2022/1/2022
f 2023/1/2023 2020/1/2020 2021/1/2021
f 2022/1/2022 1978/1/1978 2074/1/2074
f 2021/1/2021 1891/1/1891 2077/1/2077
f 2023/1/2023 2021/1/2021 2025/1/2025
f 2074/1/2074 1978/1/1978 1979/1/1979
f 1925/1/1925 2073/1/2073 1928/1/1928
f 2024/1/2024 1928/1/1928 2073/1/2073
f 2024/1/2024 2115/1/2115 1927/1/1927
f 2025/1/2025 2021/1/2021 2077/1/2077
f 2115/1/2115 2075/1/2075 1927/1/1927
f 2078/1/2078 1979/1/1979 2027/1/2027
f 2074/1/2074 1979/1/1979 2078/1/2078
f 1932/1/1932 2075/1/2075 2144/1/2144
f 2287/1/2287 1804/1/1804 2076/1/2076
f 2028/1/2028 2078/1/2078 2027/1/2027
f 1804/1/1804 2287/1/2287 2259/1/2259
f 2026/1/2026 1936/1/1936 2029/1/2029
f 1980/1/1980 2228/1/2228 1935/1/1935
f 2078/1/2078 2028/1/2028 2032/1/2032
f 2119/1/2119 2078/1/2078 2032/1/2032
f 1763/1/1763 1804/1/1804 2259/1/2259
f 2028/1/2028 1981/1/1981 2031/1/2031
f 2032/1/2032 2028/1/2028 2031/1/2031
f 1896/1/1896 2037/1/2037 1936/1/1936
f 1763/1/1763 2033/1/2033 1657/1/1657
f 1981/1/1981 1982/1/1982 2034/1/2034
f 2032/1/2032 2031/1/2031 2035/1/2035
f 2039/1/2039 1982/1/1982 2036/1/2036
f 1811/1/1811 2036/1/2036 1982/1/1982
f 1981/1/1981 2034/1/2034 2040/1/2040
f 2040/1/2040 2031/1/2031 1981/1/1981
f 1863/1/1863 1898/1/1898 2079/1/2079
f 1983/1/1983 1863/1/1863 2079/1/2079
f 1983/1/1983 2038/1/2038 1940/1/1940
f 2036/1/2036 1940/1/1940 2038/1/2038
f 2039/1/2039 2036/1/2036 2038/1/2038
f 2034/1/2034 1982/1/1982 1984/1/1984
f 1984/1/1984 1982/1/1982 2039/1/2039
f 1941/1/1941 2034/1/2034 1984/1/1984
f 2040/1/2040 2034/1/2034 1941/1/1941
f 1983/1/1983 2079/1/2079 2152/1/2152
f 2038/1/2038 1983/1/1983 2042/1/2042
f 1943/1/1943 2120/1/2120 2040/1/2040
f 2038/1/2038 1942/1/1942 2039/1/2039
f 2041/1/2041 1899/1/1899 1985/1/1985
f 1988/1/1988 2080/1/2080 2156/1/2156
f 2043/1/2043 1987/1/1987 1986/1/1986
f 1817/1/1817 2195/1/2195 2421/1/2421
f 1988/1/1988 1945/1/1945 2080/1/2080
f 2294/1/2294 1718/1/1718 1817/1/1817
f 1985/1/1985 2083/1/2083 2082/1/2082
f 1867/1/1867 2294/1/2294 2383/1/2383
f 1900/1/1900 1989/1/1989 1990/1/1990
f 1945/1/1945 1991/1/1991 2263/1/2263
f 2044/1/2044 1993/1/1993 1994/1/1994
f 2159/1/2159 1993/1/1993 2044/1/2044
f 2045/1/2045 2159/1/2159 2044/1/2044
f 2159/1/2159 2045/1/2045 2122/1/2122
f 1996/1/1996 2201/1/2201 2121/1/2121
f 1994/1/1994 1868/1/1868 2044/1/2044
f 1904/1/1904 2087/1/2087 1948/1/1948
f 2046/1/2046 1869/1/1869 1949/1/1949
f 2044/1/2044 1868/1/1868 2048/1/2048
f 2048/1/2048 1868/1/1868 1950/1/1950
f 2049/1/2049 2044/1/2044 2048/1/2048
f 2045/1/2045 2044/1/2044 2049/1/2049
f 2053/1/2053 2045/1/2045 2049/1/2049
f 1905/1/1905 2050/1/2050 2051/1/2051
f 2052/1/2052 2203/1/2203 2124/1/2124
f 2055/1/2055 2053/1/2053 2049/1/2049
f 2050/1/2050 2053/1/2053 2055/1/2055
f 1951/1/1951 2050/1/2050 2055/1/2055
f 2050/1/2050 1951/1/1951 2051/1/2051
f 2057/1/2057 2208/1/2208 1953/1/1953
f 1997/1/1997 1954/1/1954 2127/1/2127
f 2208/1/2208 2128/1/2128 1910/1/1910
f 1911/1/1911 2127/1/2127 1954/1/1954
f 2089/1/2089 2127/1/2127 1911/1/1911
f 2169/1/2169 1776/1/1776 2128/1/2128
f 1838/1/1838 2089/1/2089 1911/1/1911
f 1998/1/1998 1955/1/1955 2059/1/2059
f 2131/1/2131 2000/1/2000 1999/1/1999
f 2461/1/2461 2172/1/2172 2000/1/2000
f 2059/1/2059 1912/1/1912 2060/1/2060
f 1912/1/1912 1956/1/1956 2060/1/2060
f 1779/1/1779 2172/1/2172 1880/1/1880
f 2061/1/2061 2060/1/2060 1956/1/1956
f 1957/1/1957 2061/1/2061 1956/1/1956
f 1880/1/1880 2274/1/2274 1958/1/1958
f 2091/1/2091 2061/1/2061 1957/1/1957
f 2092/1/2092 2091/1/2091 1959/1/1959
f 2092/1/2092 1959/1/1959 1962/1/1962
f 2094/1/2094 2092/1/2092 1962/1/1962
f 2361/1/2361 1961/1/1961 1914/1/1914
f 2095/1/2095 2094/1/2094 1962/1/1962
f 2008/1/2008 2098/1/2098 2096/1/2096
f 2008/1/2008 2100/1/2100 2098/1/2098
f 1918/1/1918 1883/1/1883 2099/1/2099
f 2179/1/2179 1847/1/1847 2009/1/2009
f 2179/1/2179 2009/1/2009 2101/1/2101
f 2063/1/2063 2136/1/2136 2102/1/2102
f 1886/1/1886 2101/1/2101 2009/1/2009
f 2104/1/2104 2103/1/2103 1850/1/1850
f 2105/1/2105 2010/1/2010 2013/1/2013
f 2137/1/2137 1852/1/1852 2012/1/2012
f 2013/1/2013 1921/1/1921 2066/1/2066
f 2065/1/2065 2138/1/2138 2107/1/2107
f 1970/1/1970 2109/1/2109 2067/1/2067
f 1920/1/1920 1970/1/1970 2067/1/2067
f 2067/1/2067 2140/1/2140 1973/1/1973
f 2139/1/2139 2015/1/2015 2110/1/2110
f 2110/1/2110 2016/1/2016 2139/1/2139
f 2070/1/2070 2071/1/2071 1977/1/1977
f 1761/1/1761 2112/1/2112 2221/1/2221
f 2019/1/2019 2022/1/2022 2189/1/2189
f 2074/1/2074 2114/1/2114 2022/1/2022
f 2144/1/2144 1980/1/1980 1932/1/1932
f 2078/1/2078 2143/1/2143 2074/1/2074
f 2146/1/2146 2143/1/2143 2078/1/2078
f 2026/1/2026 2117/1/2117 2077/1/2077
f 2078/1/2078 2119/1/2119 2146/1/2146
f 1935/1/1935 2228/1/2228 2030/1/2030
f 1936/1/1936 2118/1/2118 2029/1/2029
f 2118/1/2118 1936/1/1936 2037/1/2037
f 2079/1/2079 1938/1/1938 2030/1/2030
f 2032/1/2032 2035/1/2035 2119/1/2119
f 2040/1/2040 2035/1/2035 2031/1/2031
f 1657/1/1657 2033/1/2033 2195/1/2195
f 2042/1/2042 1983/1/1983 2152/1/2152
f 2082/1/2082 2041/1/2041 1985/1/1985
f 1817/1/1817 2421/1/2421 2294/1/2294
f 1944/1/1944 1987/1/1987 2340/1/2340
f 2080/1/2080 1945/1/1945 2081/1/2081
f 1944/1/1944 2340/1/2340 1989/1/1989
f 1945/1/1945 2263/1/2263 2081/1/2081
f 1990/1/1990 1989/1/1989 2084/1/2084
f 2086/1/2086 1867/1/1867 2383/1/2383
f 2084/1/2084 2085/1/2085 1995/1/1995
f 1947/1/1947 2086/1/2086 2200/1/2200
f 2123/1/2123 1995/1/1995 2085/1/2085
f 2088/1/2088 1831/1/1831 2200/1/2200
f 2123/1/2123 2047/1/2047 1824/1/1824
f 1948/1/1948 2087/1/2087 1996/1/1996
f 1949/1/1949 2124/1/2124 2202/1/2202
f 1949/1/1949 2202/1/2202 2046/1/2046
f 2163/1/2163 2203/1/2203 2052/1/2052
f 1952/1/1952 1909/1/1909 2206/1/2206
f 2127/1/2127 2207/1/2207 1997/1/1997
f 2129/1/2129 2169/1/2169 2128/1/2128
f 1838/1/1838 2130/1/2130 2089/1/2089
f 2058/1/2058 2169/1/2169 2171/1/2171
f 2130/1/2130 1998/1/1998 2170/1/2170
f 2170/1/2170 1998/1/1998 2242/1/2242
f 1998/1/1998 2059/1/2059 2242/1/2242
f 2131/1/2131 2461/1/2461 2000/1/2000
f 2274/1/2274 2090/1/2090 1958/1/1958
f 2002/1/2002 2001/1/2001 2093/1/2093
f 1914/1/1914 2002/1/2002 2210/1/2210
f 2210/1/2210 2361/1/2361 1914/1/1914
f 2211/1/2211 2094/1/2094 2095/1/2095
f 2004/1/2004 2003/1/2003 2133/1/2133
f 1882/1/1882 2005/1/2005 2176/1/2176
f 1882/1/1882 2176/1/2176 2006/1/2006
f 2134/1/2134 1883/1/1883 1884/1/1884
f 2096/1/2096 2098/1/2098 2097/1/2097
f 1675/1/1675 1917/1/1917 2254/1/2254
f 2136/1/2136 2064/1/2064 1919/1/1919
f 2101/1/2101 2011/1/2011 2217/1/2217
f 2103/1/2103 2218/1/2218 1966/1/1966
f 2066/1/2066 2105/1/2105 2013/1/2013
f 1967/1/1967 2218/1/2218 2309/1/2309
f 2182/1/2182 1967/1/1967 2309/1/2309
f 1968/1/1968 2014/1/2014 2183/1/2183
f 1967/1/1967 2182/1/2182 2138/1/2138
f 2065/1/2065 1967/1/1967 2138/1/2138
f 4023/1/4023 2066/1/2066 2106/1/2106
f 1852/1/1852 4023/1/4023 1970/1/1970
f 2183/1/2183 2014/1/2014 2184/1/2184
f 2106/1/2106 2108/1/2108 4025/1/4025
f 1971/1/1971 2015/1/2015 2184/1/2184
f 2108/1/2108 2068/1/2068 2219/1/2219
f 2140/1/2140 2067/1/2067 2109/1/2109
f 2186/1/2186 2219/1/2219 2068/1/2068
f 2186/1/2186 2068/1/2068 2111/1/2111
f 1973/1/1973 2140/1/2140 2070/1/2070
f 2140/1/2140 2185/1/2185 2070/1/2070
f 2069/1/2069 2256/1/2256 1759/1/1759
f 1977/1/1977 2071/1/2071 2113/1/2113
f 1889/1/1889 2221/1/2221 2072/1/2072
f 2023/1/2023 2025/1/2025 2224/1/2224
f 2143/1/2143 2114/1/2114 2074/1/2074
f 2075/1/2075 2115/1/2115 2116/1/2116
f 2077/1/2077 2226/1/2226 2025/1/2025
f 2077/1/2077 2117/1/2117 2226/1/2226
f 2030/1/2030 2149/1/2149 2079/1/2079
f 2035/1/2035 2040/1/2040 2120/1/2120
f 2194/1/2194 2035/1/2035 2120/1/2120
f 2152/1/2152 2079/1/2079 2232/1/2232
f 2042/1/2042 2292/1/2292 2038/1/2038
f 2156/1/2156 2120/1/2120 1943/1/1943
f 2080/1/2080 2198/1/2198 2156/1/2156
f 2296/1/2296 2080/1/2080 2081/1/2081
f 2082/1/2082 2083/1/2083 2262/1/2262
f 1991/1/1991 2264/1/2264 2263/1/2263
f 1993/1/1993 2159/1/2159 1992/1/1992
f 2087/1/2087 1904/1/1904 2046/1/2046
f 2201/1/2201 1996/1/1996 2087/1/2087
f 2053/1/2053 2162/1/2162 2045/1/2045
f 2045/1/2045 2162/1/2162 2122/1/2122
f 2162/1/2162 2053/1/2053 2050/1/2050
f 1905/1/1905 2047/1/2047 2125/1/2125
f 2162/1/2162 2050/1/2050 2125/1/2125
f 1905/1/1905 2125/1/2125 2050/1/2050
f 2054/1/2054 2266/1/2266 1906/1/1906
f 2163/1/2163 2204/1/2204 2203/1/2203
f 1906/1/1906 2164/1/2164 2126/1/2126
f 2126/1/2126 2237/1/2237 2057/1/2057
f 2128/1/2128 2269/1/2269 2129/1/2129
f 1999/1/1999 2171/1/2171 2272/1/2272
f 1999/1/1999 2272/1/2272 2131/1/2131
f 2209/1/2209 2243/1/2243 2060/1/2060
f 2061/1/2061 2209/1/2209 2060/1/2060
f 2357/1/2357 2001/1/2001 2090/1/2090
f 2091/1/2091 2092/1/2092 2174/1/2174
f 2002/1/2002 2093/1/2093 2210/1/2210
f 2132/1/2132 2276/1/2276 1963/1/1963
f 2003/1/2003 1963/1/1963 2276/1/2276
f 2095/1/2095 2175/1/2175 2211/1/2211
f 1915/1/1915 2175/1/2175 2095/1/2095
f 2005/1/2005 2004/1/2004 2441/1/2441
f 2005/1/2005 2441/1/2441 2176/1/2176
f 2213/1/2213 2134/1/2134 1884/1/1884
f 1847/1/1847 2277/1/2277 2213/1/2213
f 2179/1/2179 2277/1/2277 1847/1/1847
f 1885/1/1885 2214/1/2214 1917/1/1917
f 2253/1/2253 2214/1/2214 1885/1/1885
f 2096/1/2096 2177/1/2177 2253/1/2253
f 2096/1/2096 2097/1/2097 2177/1/2177
f 2100/1/2100 2135/1/2135 2098/1/2098
f 1883/1/1883 2178/1/2178 2099/1/2099
f 2100/1/2100 2306/1/2306 2135/1/2135
f 2099/1/2099 2306/1/2306 2100/1/2100
f 2102/1/2102 2216/1/2216 2063/1/2063
f 2136/1/2136 2063/1/2063 2064/1/2064
f 2104/1/2104 2180/1/2180 2103/1/2103
f 2010/1/2010 2180/1/2180 2104/1/2104
f 2010/1/2010 2105/1/2105 2180/1/2180
f 2064/1/2064 2137/1/2137 2012/1/2012
f 2217/1/2217 1968/1/1968 2183/1/2183
f 4023/1/4023 2106/1/2106 4025/1/4025
f 1970/1/1970 4023/1/4023 4025/1/4025
f 1970/1/1970 4025/1/4025 2109/1/2109
f 2184/1/2184 2015/1/2015 2139/1/2139
f 2108/1/2108 2219/1/2219 4025/1/4025
f 1974/1/1974 2256/1/2256 2069/1/2069
f 2141/1/2141 2139/1/2139 2016/1/2016
f 2070/1/2070 2185/1/2185 2187/1/2187
f 2186/1/2186 2111/1/2111 2142/1/2142
f 2142/1/2142 2111/1/2111 2020/1/2020
f 2070/1/2070 2187/1/2187 2071/1/2071
f 2408/1/2408 2112/1/2112 1759/1/1759
f 2016/1/2016 2019/1/2019 2189/1/2189
f 2020/1/2020 2023/1/2023 2142/1/2142
f 2189/1/2189 2022/1/2022 2114/1/2114
f 2113/1/2113 2191/1/2191 2073/1/2073
f 2142/1/2142 2023/1/2023 2220/1/2220
f 2190/1/2190 2114/1/2114 2143/1/2143
f 2073/1/2073 2191/1/2191 2024/1/2024
f 2024/1/2024 2223/1/2223 2115/1/2115
f 2224/1/2224 2025/1/2025 2226/1/2226
f 2075/1/2075 2116/1/2116 2144/1/2144
f 2145/1/2145 2143/1/2143 2146/1/2146
f 2145/1/2145 2146/1/2146 2147/1/2147
f 2144/1/2144 2285/1/2285 1980/1/1980
f 2285/1/2285 2228/1/2228 1980/1/1980
f 2029/1/2029 2117/1/2117 2026/1/2026
f 2147/1/2147 2146/1/2146 2119/1/2119
f 2260/1/2260 2147/1/2147 2148/1/2148
f 2147/1/2147 2119/1/2119 2148/1/2148
f 2259/1/2259 2033/1/2033 1763/1/1763
f 2119/1/2119 2035/1/2035 2150/1/2150
f 2148/1/2148 2119/1/2119 2150/1/2150
f 2149/1/2149 2232/1/2232 2079/1/2079
f 2118/1/2118 2037/1/2037 2041/1/2041
f 2289/1/2289 2118/1/2118 2041/1/2041
f 2194/1/2194 2150/1/2150 2035/1/2035
f 2151/1/2151 2150/1/2150 2194/1/2194
f 2152/1/2152 2193/1/2193 2042/1/2042
f 2290/1/2290 2041/1/2041 2082/1/2082
f 2038/1/2038 2292/1/2292 2196/1/2196
f 2194/1/2194 2120/1/2120 2155/1/2155
f 2120/1/2120 2156/1/2156 2155/1/2155
f 2157/1/2157 1987/1/1987 2043/1/2043
f 1989/1/1989 2382/1/2382 2199/1/2199
f 2084/1/2084 1989/1/1989 2199/1/2199
f 1901/1/1901 1992/1/1992 2083/1/2083
f 2086/1/2086 2430/1/2430 2200/1/2200
f 2085/1/2085 2235/1/2235 2123/1/2123
f 2159/1/2159 2122/1/2122 2298/1/2298
f 2235/1/2235 2160/1/2160 2047/1/2047
f 2161/1/2161 2122/1/2122 2162/1/2162
f 2235/1/2235 2047/1/2047 2123/1/2123
f 2125/1/2125 2160/1/2160 2161/1/2161
f 2047/1/2047 2160/1/2160 2125/1/2125
f 2125/1/2125 2161/1/2161 2162/1/2162
f 2088/1/2088 2266/1/2266 2054/1/2054
f 2164/1/2164 1906/1/1906 2266/1/2266
f 2166/1/2166 1952/1/1952 2205/1/2205
f 2206/1/2206 2205/1/2205 1952/1/1952
f 1909/1/1909 2207/1/2207 2206/1/2206
f 2208/1/2208 2269/1/2269 2128/1/2128
f 2089/1/2089 2167/1/2167 2127/1/2127
f 2207/1/2207 2127/1/2127 2167/1/2167
f 2207/1/2207 2167/1/2167 2352/1/2352
f 2167/1/2167 2089/1/2089 2168/1/2168
f 2089/1/2089 2130/1/2130 2168/1/2168
f 2170/1/2170 2168/1/2168 2130/1/2130
f 2059/1/2059 2060/1/2060 2243/1/2243
f 2461/1/2461 2392/1/2392 2172/1/2172
f 2172/1/2172 2392/1/2392 1880/1/1880
f 2061/1/2061 2091/1/2091 2173/1/2173
f 2094/1/2094 2174/1/2174 2092/1/2092
f 2394/1/2394 2094/1/2094 2211/1/2211
f 2132/1/2132 2361/1/2361 2276/1/2276
f 2175/1/2175 1915/1/1915 2062/1/2062
f 1883/1/1883 2134/1/2134 2178/1/2178
f 2178/1/2178 2306/1/2306 2099/1/2099
f 2102/1/2102 2254/1/2254 2216/1/2216
f 2103/1/2103 2307/1/2307 2218/1/2218
f 2105/1/2105 2066/1/2066 2137/1/2137
f 2184/1/2184 2255/1/2255 2183/1/2183
f 2139/1/2139 2255/1/2255 2184/1/2184
f 4025/1/4025 2219/1/2219 2109/1/2109
f 2140/1/2140 2109/1/2109 2219/1/2219
f 2185/1/2185 2140/1/2140 2219/1/2219
f 2408/1/2408 1759/1/1759 2256/1/2256
f 2188/1/2188 2141/1/2141 2189/1/2189
f 2141/1/2141 2016/1/2016 2189/1/2189
f 2113/1/2113 2071/1/2071 2191/1/2191
f 2114/1/2114 2190/1/2190 2189/1/2189
f 2220/1/2220 2023/1/2023 2224/1/2224
f 2072/1/2072 2258/1/2258 2076/1/2076
f 2143/1/2143 2145/1/2145 2222/1/2222
f 2144/1/2144 2116/1/2116 2225/1/2225
f 2287/1/2287 2076/1/2076 2258/1/2258
f 2222/1/2222 2145/1/2145 2260/1/2260
f 2145/1/2145 2147/1/2147 2260/1/2260
f 2117/1/2117 2029/1/2029 2192/1/2192
f 2118/1/2118 2192/1/2192 2029/1/2029
f 2230/1/2230 2260/1/2260 2148/1/2148
f 2148/1/2148 2231/1/2231 2230/1/2230
f 2195/1/2195 2033/1/2033 2332/1/2332
f 2232/1/2232 2193/1/2193 2152/1/2152
f 2150/1/2150 2151/1/2151 2233/1/2233
f 2290/1/2290 2289/1/2289 2041/1/2041
f 2042/1/2042 2193/1/2193 2292/1/2292
f 2197/1/2197 2261/1/2261 4024/1/4024
f 2197/1/2197 4024/1/4024 2158/1/2158
f 2155/1/2155 2295/1/2295 2158/1/2158
f 2156/1/2156 2198/1/2198 2155/1/2155
f 2198/1/2198 2080/1/2080 2296/1/2296
f 2339/1/2339 2082/1/2082 2262/1/2262
f 2340/1/2340 2382/1/2382 1989/1/1989
f 2262/1/2262 2083/1/2083 1992/1/1992
f 2084/1/2084 2199/1/2199 2085/1/2085
f 2264/1/2264 2432/1/2432 2263/1/2263
f 2159/1/2159 2234/1/2234 1992/1/1992
f 2264/1/2264 2121/1/2121 2346/1/2346
f 2299/1/2299 2161/1/2161 2160/1/2160
f 2161/1/2161 2298/1/2298 2122/1/2122
f 2163/1/2163 2165/1/2165 2204/1/2204
f 2273/1/2273 2461/1/2461 2131/1/2131
f 2392/1/2392 2438/1/2438 1880/1/1880
f 2209/1/2209 2061/1/2061 2173/1/2173
f 2274/1/2274 2357/1/2357 2090/1/2090
f 2174/1/2174 2173/1/2173 2091/1/2091
f 2249/1/2249 2094/1/2094 2394/1/2394
f 2133/1/2133 2003/1/2003 2396/1/2396
f 2211/1/2211 2175/1/2175 2303/1/2303
f 2004/1/2004 2133/1/2133 2397/1/2397
f 2004/1/2004 2397/1/2397 2441/1/2441
f 2006/1/2006 2176/1/2176 2250/1/2250
f 2252/1/2252 2277/1/2277 2179/1/2179
f 2366/1/2366 2178/1/2178 2134/1/2134
f 2097/1/2097 2098/1/2098 2278/1/2278
f 2179/1/2179 2101/1/2101 2215/1/2215
f 2364/1/2364 2063/1/2063 2216/1/2216
f 2364/1/2364 2064/1/2064 2063/1/2063
f 2217/1/2217 2215/1/2215 2101/1/2101
f 2180/1/2180 2307/1/2307 2103/1/2103
f 2180/1/2180 2181/1/2181 2279/1/2279
f 2105/1/2105 2181/1/2181 2180/1/2180
f 2064/1/2064 2181/1/2181 2137/1/2137
f 2105/1/2105 2137/1/2137 2181/1/2181
f 2217/1/2217 2183/1/2183 2255/1/2255
f 2255/1/2255 2280/1/2280 2217/1/2217
f 2255/1/2255 2139/1/2139 2282/1/2282
f 1974/1/1974 2311/1/2311 2256/1/2256
f 2141/1/2141 2282/1/2282 2139/1/2139
f 2219/1/2219 2186/1/2186 2185/1/2185
f 2141/1/2141 2283/1/2283 2282/1/2282
f 2187/1/2187 2185/1/2185 2186/1/2186
f 2186/1/2186 2142/1/2142 2187/1/2187
f 2220/1/2220 2187/1/2187 2142/1/2142
f 2187/1/2187 2220/1/2220 2071/1/2071
f 2188/1/2188 2189/1/2189 2190/1/2190
f 2071/1/2071 2220/1/2220 4026/1/4026
f 2071/1/2071 4026/1/4026 2191/1/2191
f 2072/1/2072 2221/1/2221 2258/1/2258
f 2191/1/2191 4026/1/4026 2257/1/2257
f 2024/1/2024 2191/1/2191 2257/1/2257
f 2190/1/2190 2143/1/2143 2315/1/2315
f 2143/1/2143 2222/1/2222 2315/1/2315
f 2024/1/2024 2257/1/2257 2223/1/2223
f 2226/1/2226 2319/1/2319 2224/1/2224
f 2226/1/2226 2117/1/2117 2227/1/2227
f 2227/1/2227 2117/1/2117 2192/1/2192
f 2229/1/2229 2227/1/2227 2192/1/2192
f 2330/1/2330 2030/1/2030 2228/1/2228
f 2118/1/2118 2229/1/2229 2192/1/2192
f 2330/1/2330 2149/1/2149 2030/1/2030
f 2229/1/2229 2118/1/2118 2289/1/2289
f 2150/1/2150 2334/1/2334 2148/1/2148
f 2334/1/2334 2231/1/2231 2148/1/2148
f 2150/1/2150 2233/1/2233 2334/1/2334
f 2153/1/2153 2154/1/2154 2335/1/2335
f 2197/1/2197 2158/1/2158 2295/1/2295
f 2155/1/2155 2198/1/2198 2295/1/2295
f 2340/1/2340 1987/1/1987 2157/1/2157
f 2085/1/2085 2344/1/2344 2235/1/2235
f 2159/1/2159 2298/1/2298 2234/1/2234
f 2299/1/2299 2160/1/2160 2300/1/2300
f 2235/1/2235 2300/1/2300 2160/1/2160
f 2344/1/2344 2300/1/2300 2235/1/2235
f 2299/1/2299 2298/1/2298 2161/1/2161
f 2200/1/2200 2265/1/2265 2088/1/2088
f 2201/1/2201 2346/1/2346 2121/1/2121
f 2046/1/2046 2236/1/2236 2087/1/2087
f 2201/1/2201 2087/1/2087 2236/1/2236
f 2265/1/2265 2266/1/2266 2088/1/2088
f 2203/1/2203 2433/1/2433 2124/1/2124
f 2164/1/2164 2267/1/2267 2126/1/2126
f 2056/1/2056 2348/1/2348 2165/1/2165
f 2348/1/2348 2056/1/2056 2238/1/2238
f 2267/1/2267 2237/1/2237 2126/1/2126
f 2166/1/2166 2388/1/2388 2238/1/2238
f 2166/1/2166 2205/1/2205 2388/1/2388
f 2206/1/2206 2268/1/2268 2205/1/2205
f 2352/1/2352 2349/1/2349 2206/1/2206
f 2206/1/2206 2207/1/2207 2352/1/2352
f 2352/1/2352 2167/1/2167 2301/1/2301
f 2301/1/2301 2167/1/2167 2168/1/2168
f 2239/1/2239 2169/1/2169 2129/1/2129
f 2270/1/2270 2301/1/2301 2168/1/2168
f 2168/1/2168 2170/1/2170 2240/1/2240
f 2240/1/2240 2270/1/2270 2168/1/2168
f 2240/1/2240 2170/1/2170 2241/1/2241
f 2241/1/2241 2170/1/2170 2242/1/2242
f 2244/1/2244 2241/1/2241 2242/1/2242
f 2059/1/2059 2243/1/2243 2242/1/2242
f 2242/1/2242 2243/1/2243 2244/1/2244
f 2243/1/2243 2209/1/2209 2246/1/2246
f 2244/1/2244 2243/1/2243 2246/1/2246
f 2244/1/2244 2246/1/2246 2245/1/2245
f 2209/1/2209 2173/1/2173 2246/1/2246
f 2438/1/2438 2274/1/2274 1880/1/1880
f 2248/1/2248 2247/1/2247 2245/1/2245
f 2248/1/2248 2245/1/2245 2246/1/2246
f 2246/1/2246 2173/1/2173 2174/1/2174
f 2248/1/2248 2246/1/2246 2174/1/2174
f 2001/1/2001 2359/1/2359 2093/1/2093
f 2001/1/2001 2357/1/2357 2359/1/2359
f 2249/1/2249 2248/1/2248 2174/1/2174
f 2249/1/2249 2275/1/2275 2248/1/2248
f 2249/1/2249 2174/1/2174 2094/1/2094
f 2487/1/2487 2361/1/2361 2210/1/2210
f 2003/1/2003 2276/1/2276 2396/1/2396
f 2303/1/2303 2175/1/2175 2062/1/2062
f 2250/1/2250 2176/1/2176 2441/1/2441
f 2251/1/2251 2062/1/2062 2212/1/2212
f 2006/1/2006 2250/1/2250 2212/1/2212
f 2179/1/2179 2215/1/2215 2252/1/2252
f 2254/1/2254 1917/1/1917 2214/1/2214
f 2098/1/2098 2135/1/2135 2304/1/2304
f 2304/1/2304 2278/1/2278 2098/1/2098
f 2306/1/2306 2304/1/2304 2135/1/2135
f 2064/1/2064 2367/1/2367 2279/1/2279
f 2364/1/2364 2367/1/2367 2064/1/2064
f 2064/1/2064 2279/1/2279 2181/1/2181
f 2217/1/2217 2280/1/2280 2215/1/2215
f 2307/1/2307 2308/1/2308 2218/1/2218
f 2308/1/2308 2309/1/2309 2218/1/2218
f 2468/1/2468 1974/1/1974 2107/1/2107
f 2468/1/2468 2311/1/2311 1974/1/1974
f 2141/1/2141 2188/1/2188 2283/1/2283
f 2190/1/2190 2314/1/2314 2188/1/2188
f 2112/1/2112 2317/1/2317 2221/1/2221
f 2258/1/2258 2221/1/2221 2317/1/2317
f 2318/1/2318 2258/1/2258 2317/1/2317
f 2315/1/2315 2222/1/2222 2411/1/2411
f 2115/1/2115 2223/1/2223 2284/1/2284
f 2115/1/2115 2284/1/2284 2116/1/2116
f 2287/1/2287 2258/1/2258 2286/1/2286
f 2319/1/2319 2226/1/2226 2320/1/2320
f 2285/1/2285 2144/1/2144 2225/1/2225
f 2320/1/2320 2226/1/2226 2321/1/2321
f 2321/1/2321 2226/1/2226 2227/1/2227
f 2373/1/2373 2222/1/2222 2260/1/2260
f 2328/1/2328 2227/1/2227 2229/1/2229
f 2288/1/2288 2373/1/2373 2260/1/2260
f 2415/1/2415 2033/1/2033 2259/1/2259
f 2328/1/2328 2229/1/2229 2329/1/2329
f 2260/1/2260 2230/1/2230 2288/1/2288
f 2289/1/2289 2329/1/2329 2229/1/2229
f 2288/1/2288 2230/1/2230 2231/1/2231
f 2231/1/2231 2291/1/2291 2288/1/2288
f 2232/1/2232 2378/1/2378 2193/1/2193
f 2232/1/2232 2149/1/2149 2378/1/2378
f 2231/1/2231 2334/1/2334 2291/1/2291
f 2153/1/2153 2293/1/2293 2151/1/2151
f 2290/1/2290 2082/1/2082 2339/1/2339
f 2196/1/2196 2292/1/2292 2335/1/2335
f 2154/1/2154 2196/1/2196 2335/1/2335
f 2293/1/2293 2153/1/2153 2335/1/2335
f 2151/1/2151 2293/1/2293 2336/1/2336
f 2341/1/2341 2340/1/2340 2157/1/2157
f 2081/1/2081 2263/1/2263 2296/1/2296
f 2262/1/2262 1992/1/1992 2234/1/2234
f 2199/1/2199 2426/1/2426 2085/1/2085
f 2200/1/2200 2430/1/2430 2265/1/2265
f 2046/1/2046 2202/1/2202 2347/1/2347
f 2046/1/2046 2385/1/2385 2236/1/2236
f 2165/1/2165 2434/1/2434 2204/1/2204
f 2165/1/2165 2348/1/2348 2434/1/2434
f 2237/1/2237 2530/1/2530 2057/1/2057
f 2057/1/2057 2530/1/2530 2208/1/2208
f 2169/1/2169 2271/1/2271 2171/1/2171
f 2171/1/2171 2271/1/2271 2272/1/2272
f 2241/1/2241 2355/1/2355 2240/1/2240
f 2356/1/2356 2241/1/2241 2244/1/2244
f 2245/1/2245 2356/1/2356 2244/1/2244
f 2247/1/2247 2356/1/2356 2245/1/2245
f 2248/1/2248 2302/1/2302 2247/1/2247
f 2275/1/2275 2302/1/2302 2248/1/2248
f 2093/1/2093 2621/1/2621 2486/1/2486
f 2210/1/2210 2093/1/2093 2486/1/2486
f 2249/1/2249 2465/1/2465 2275/1/2275
f 2394/1/2394 2211/1/2211 2303/1/2303
f 2213/1/2213 2277/1/2277 2134/1/2134
f 2214/1/2214 2365/1/2365 2254/1/2254
f 2278/1/2278 2442/1/2442 2097/1/2097
f 2254/1/2254 2365/1/2365 2216/1/2216
f 2178/1/2178 2366/1/2366 2306/1/2306
f 2180/1/2180 2279/1/2279 2307/1/2307
f 2281/1/2281 2280/1/2280 2255/1/2255
f 2282/1/2282 2281/1/2281 2255/1/2255
f 2138/1/2138 2310/1/2310 2107/1/2107
f 2256/1/2256 2311/1/2311 2450/1/2450
f 2450/1/2450 2408/1/2408 2256/1/2256
f 2188/1/2188 2314/1/2314 2283/1/2283
f 2190/1/2190 2315/1/2315 2314/1/2314
f 2223/1/2223 2257/1/2257 2284/1/2284
f 2116/1/2116 2284/1/2284 2225/1/2225
f 2258/1/2258 2318/1/2318 2286/1/2286
f 2287/1/2287 2452/1/2452 2259/1/2259
f 2259/1/2259 2452/1/2452 2415/1/2415
f 2227/1/2227 2328/1/2328 2321/1/2321
f 2033/1/2033 2415/1/2415 2332/1/2332
f 2289/1/2289 2290/1/2290 2329/1/2329
f 2292/1/2292 2193/1/2193 2333/1/2333
f 2333/1/2333 2380/1/2380 2292/1/2292
f 2233/1/2233 2151/1/2151 2337/1/2337
f 2334/1/2334 2233/1/2233 2337/1/2337
f 2341/1/2341 2157/1/2157 4024/1/4024
f 4024/1/4024 2261/1/2261 2341/1/2341
f 2342/1/2342 2197/1/2197 2295/1/2295
f 2475/1/2475 2342/1/2342 2295/1/2295
f 2198/1/2198 2475/1/2475 2295/1/2295
f 2383/1/2383 2294/1/2294 2343/1/2343
f 2384/1/2384 2296/1/2296 2263/1/2263
f 2383/1/2383 2480/1/2480 2086/1/2086
f 2234/1/2234 2297/1/2297 2262/1/2262
f 2432/1/2432 2384/1/2384 2263/1/2263
f 2086/1/2086 2480/1/2480 2430/1/2430
f 2344/1/2344 2085/1/2085 2426/1/2426
f 2234/1/2234 2298/1/2298 2429/1/2429
f 2300/1/2300 2431/1/2431 2299/1/2299
f 2236/1/2236 2386/1/2386 2201/1/2201
f 2124/1/2124 2433/1/2433 2202/1/2202
f 2203/1/2203 2387/1/2387 2433/1/2433
f 2268/1/2268 2389/1/2389 2205/1/2205
f 2350/1/2350 2129/1/2129 2269/1/2269
f 2169/1/2169 2239/1/2239 2271/1/2271
f 2485/1/2485 2131/1/2131 2272/1/2272
f 2356/1/2356 2355/1/2355 2241/1/2241
f 2487/1/2487 2210/1/2210 2486/1/2486
f 2465/1/2465 2249/1/2249 2394/1/2394
f 2253/1/2253 2362/1/2362 2214/1/2214
f 2277/1/2277 2252/1/2252 2466/1/2466
f 2097/1/2097 2442/1/2442 2177/1/2177
f 2215/1/2215 2305/1/2305 2252/1/2252
f 2306/1/2306 2366/1/2366 2368/1/2368
f 2307/1/2307 2279/1/2279 2402/1/2402
f 2402/1/2402 2308/1/2308 2307/1/2307
f 2404/1/2404 2182/1/2182 2309/1/2309
f 2138/1/2138 2182/1/2182 2310/1/2310
f 2281/1/2281 2282/1/2282 2312/1/2312
f 2310/1/2310 2468/1/2468 2107/1/2107
f 2312/1/2312 2406/1/2406 2281/1/2281
f 2282/1/2282 2283/1/2283 2312/1/2312
f 2313/1/2313 2312/1/2312 2283/1/2283
f 2313/1/2313 2283/1/2283 2314/1/2314
f 2407/1/2407 2313/1/2313 2372/1/2372
f 2372/1/2372 2313/1/2313 2314/1/2314
f 2372/1/2372 2314/1/2314 2316/1/2316
f 2316/1/2316 2314/1/2314 2315/1/2315
f 2317/1/2317 2451/1/2451 2318/1/2318
f 2320/1/2320 2257/1/2257 2319/1/2319
f 2284/1/2284 2257/1/2257 2320/1/2320
f 2323/1/2323 2284/1/2284 2320/1/2320
f 2323/1/2323 2225/1/2225 2284/1/2284
f 2286/1/2286 2318/1/2318 2470/1/2470
f 2373/1/2373 2411/1/2411 2222/1/2222
f 2225/1/2225 2323/1/2323 2322/1/2322
f 2225/1/2225 2322/1/2322 2285/1/2285
f 2452/1/2452 2287/1/2287 2286/1/2286
f 2322/1/2322 2323/1/2323 2324/1/2324
f 2320/1/2320 2321/1/2321 2323/1/2323
f 2323/1/2323 2321/1/2321 2326/1/2326
f 2324/1/2324 2323/1/2323 2326/1/2326
f 2375/1/2375 2285/1/2285 2322/1/2322
f 2285/1/2285 2375/1/2375 2228/1/2228
f 2375/1/2375 2330/1/2330 2228/1/2228
f 2325/1/2325 2373/1/2373 2288/1/2288
f 2324/1/2324 2326/1/2326 2327/1/2327
f 2327/1/2327 2374/1/2374 2324/1/2324
f 2326/1/2326 2321/1/2321 2328/1/2328
f 2325/1/2325 2288/1/2288 2376/1/2376
f 2329/1/2329 2326/1/2326 2328/1/2328
f 2329/1/2329 2327/1/2327 2326/1/2326
f 2376/1/2376 2288/1/2288 2331/1/2331
f 2417/1/2417 2329/1/2329 2377/1/2377
f 2149/1/2149 2330/1/2330 2378/1/2378
f 2291/1/2291 2331/1/2331 2288/1/2288
f 2290/1/2290 2377/1/2377 2329/1/2329
f 2331/1/2331 2291/1/2291 2338/1/2338
f 2421/1/2421 2195/1/2195 2332/1/2332
f 2193/1/2193 2378/1/2378 2333/1/2333
f 2334/1/2334 2337/1/2337 2291/1/2291
f 2336/1/2336 2337/1/2337 2151/1/2151
f 2291/1/2291 2337/1/2337 2338/1/2338
f 2339/1/2339 2379/1/2379 2290/1/2290
f 2381/1/2381 2337/1/2337 2336/1/2336
f 2197/1/2197 2342/1/2342 2261/1/2261
f 2382/1/2382 2340/1/2340 2455/1/2455
f 2296/1/2296 2520/1/2520 2198/1/2198
f 2425/1/2425 2382/1/2382 2477/1/2477
f 2425/1/2425 2199/1/2199 2382/1/2382
f 2262/1/2262 2297/1/2297 2339/1/2339
f 2297/1/2297 2234/1/2234 2429/1/2429
f 2429/1/2429 2427/1/2427 2297/1/2297
f 2298/1/2298 2299/1/2299 2431/1/2431
f 2300/1/2300 2345/1/2345 2431/1/2431
f 2345/1/2345 2300/1/2300 2344/1/2344
f 2347/1/2347 2385/1/2385 2046/1/2046
f 2266/1/2266 2265/1/2265 2456/1/2456
f 2164/1/2164 2266/1/2266 2456/1/2456
f 2203/1/2203 2204/1/2204 2387/1/2387
f 2579/1/2579 2204/1/2204 2434/1/2434
f 2388/1/2388 2205/1/2205 2389/1/2389
f 2530/1/2530 2483/1/2483 2208/1/2208
f 2268/1/2268 2206/1/2206 2349/1/2349
f 2483/1/2483 2350/1/2350 2269/1/2269
f 2349/1/2349 2352/1/2352 2353/1/2353
f 2270/1/2270 2390/1/2390 2301/1/2301
f 2270/1/2270 2240/1/2240 2390/1/2390
f 2240/1/2240 2355/1/2355 2390/1/2390
f 2390/1/2390 2355/1/2355 2354/1/2354
f 2391/1/2391 2355/1/2355 2356/1/2356
f 2356/1/2356 2247/1/2247 2393/1/2393
f 2358/1/2358 2462/1/2462 2247/1/2247
f 2358/1/2358 2247/1/2247 2302/1/2302
f 2358/1/2358 2302/1/2302 2360/1/2360
f 2093/1/2093 2359/1/2359 2621/1/2621
f 2360/1/2360 2302/1/2302 2275/1/2275
f 2394/1/2394 2303/1/2303 2395/1/2395
f 2441/1/2441 2398/1/2398 2250/1/2250
f 2398/1/2398 2251/1/2251 2212/1/2212
f 2398/1/2398 2212/1/2212 2250/1/2250
f 2362/1/2362 2253/1/2253 2363/1/2363
f 2253/1/2253 2177/1/2177 2363/1/2363
f 2134/1/2134 2277/1/2277 2534/1/2534
f 2216/1/2216 2467/1/2467 2364/1/2364
f 2365/1/2365 2467/1/2467 2216/1/2216
f 2278/1/2278 2444/1/2444 2442/1/2442
f 2444/1/2444 2278/1/2278 2304/1/2304
f 2306/1/2306 2399/1/2399 2304/1/2304
f 2306/1/2306 2368/1/2368 2399/1/2399
f 2369/1/2369 2279/1/2279 2367/1/2367
f 2369/1/2369 2402/1/2402 2279/1/2279
f 2215/1/2215 2280/1/2280 2401/1/2401
f 2280/1/2280 2281/1/2281 2371/1/2371
f 2309/1/2309 2308/1/2308 2404/1/2404
f 2405/1/2405 2182/1/2182 2404/1/2404
f 2405/1/2405 2310/1/2310 2182/1/2182
f 2406/1/2406 2312/1/2312 2313/1/2313
f 2408/1/2408 2540/1/2540 2112/1/2112
f 2315/1/2315 2411/1/2411 2316/1/2316
f 2414/1/2414 2373/1/2373 2325/1/2325
f 2322/1/2322 2324/1/2324 2374/1/2374
f 2322/1/2322 2374/1/2374 2375/1/2375
f 2452/1/2452 2416/1/2416 2415/1/2415
f 2327/1/2327 2417/1/2417 2374/1/2374
f 2327/1/2327 2329/1/2329 2417/1/2417
f 2330/1/2330 2473/1/2473 2378/1/2378
f 2338/1/2338 2513/1/2513 2331/1/2331
f 2290/1/2290 2379/1/2379 2377/1/2377
f 2378/1/2378 2508/1/2508 2333/1/2333
f 2292/1/2292 2380/1/2380 2422/1/2422
f 2335/1/2335 2292/1/2292 2422/1/2422
f 2335/1/2335 2422/1/2422 2293/1/2293
f 2337/1/2337 2423/1/2423 2338/1/2338
f 2340/1/2340 2341/1/2341 2455/1/2455
f 2261/1/2261 2424/1/2424 2341/1/2341
f 2261/1/2261 2342/1/2342 2424/1/2424
f 2521/1/2521 2379/1/2379 2339/1/2339
f 2520/1/2520 2296/1/2296 2384/1/2384
f 2345/1/2345 2344/1/2344 2426/1/2426
f 2429/1/2429 2298/1/2298 2431/1/2431
f 2346/1/2346 2525/1/2525 2264/1/2264
f 2430/1/2430 2547/1/2547 2265/1/2265
f 2236/1/2236 2385/1/2385 2386/1/2386
f 2348/1/2348 2238/1/2238 2388/1/2388
f 2389/1/2389 2268/1/2268 2458/1/2458
f 2208/1/2208 2483/1/2483 2269/1/2269
f 2350/1/2350 2351/1/2351 2129/1/2129
f 2129/1/2129 2351/1/2351 2484/1/2484
f 2239/1/2239 2129/1/2129 2484/1/2484
f 2352/1/2352 2301/1/2301 2353/1/2353
f 2390/1/2390 2353/1/2353 2301/1/2301
f 2391/1/2391 2436/1/2436 2355/1/2355
f 2356/1/2356 2393/1/2393 2391/1/2391
f 2247/1/2247 2462/1/2462 2393/1/2393
f 2274/1/2274 2440/1/2440 2357/1/2357
f 2358/1/2358 2360/1/2360 2463/1/2463
f 2360/1/2360 2275/1/2275 2465/1/2465
f 2062/1/2062 2594/1/2594 2303/1/2303
f 2062/1/2062 2251/1/2251 2594/1/2594
f 2365/1/2365 2214/1/2214 2362/1/2362
f 2177/1/2177 2442/1/2442 2363/1/2363
f 2366/1/2366 2446/1/2446 2368/1/2368
f 2467/1/2467 2367/1/2367 2364/1/2364
f 2444/1/2444 2304/1/2304 2399/1/2399
f 2367/1/2367 2400/1/2400 2369/1/2369
f 2215/1/2215 2401/1/2401 2305/1/2305
f 2401/1/2401 2280/1/2280 2370/1/2370
f 2308/1/2308 2402/1/2402 2403/1/2403
f 2370/1/2370 2280/1/2280 2371/1/2371
f 2308/1/2308 2403/1/2403 2404/1/2404
f 2371/1/2371 2281/1/2281 2406/1/2406
f 2313/1/2313 2407/1/2407 2406/1/2406
f 2311/1/2311 2448/1/2448 2450/1/2450
f 2449/1/2449 2372/1/2372 2409/1/2409
f 2409/1/2409 2372/1/2372 2316/1/2316
f 2410/1/2410 2409/1/2409 2316/1/2316
f 2410/1/2410 2316/1/2316 2411/1/2411
f 2451/1/2451 2413/1/2413 2318/1/2318
f 2412/1/2412 2410/1/2410 2411/1/2411
f 2413/1/2413 2470/1/2470 2318/1/2318
f 2373/1/2373 2412/1/2412 2411/1/2411
f 2286/1/2286 2470/1/2470 2452/1/2452
f 2414/1/2414 2412/1/2412 2373/1/2373
f 2375/1/2375 2374/1/2374 2419/1/2419
f 2375/1/2375 2453/1/2453 2330/1/2330
f 2453/1/2453 2375/1/2375 2419/1/2419
f 2325/1/2325 2376/1/2376 2471/1/2471
f 2415/1/2415 2416/1/2416 2332/1/2332
f 2374/1/2374 2417/1/2417 2420/1/2420
f 2419/1/2419 2374/1/2374 2420/1/2420
f 2330/1/2330 2453/1/2453 2473/1/2473
f 2420/1/2420 2417/1/2417 2377/1/2377
f 2418/1/2418 2376/1/2376 2331/1/2331
f 2473/1/2473 2508/1/2508 2378/1/2378
f 2380/1/2380 2333/1/2333 2512/1/2512
f 2336/1/2336 2293/1/2293 2454/1/2454
f 2336/1/2336 2454/1/2454 2381/1/2381
f 2381/1/2381 2423/1/2423 2337/1/2337
f 2475/1/2475 2198/1/2198 2519/1/2519
f 2477/1/2477 2382/1/2382 2455/1/2455
f 2383/1/2383 2343/1/2343 2480/1/2480
f 2426/1/2426 2199/1/2199 2425/1/2425
f 2432/1/2432 2546/1/2546 2384/1/2384
f 2428/1/2428 2427/1/2427 2429/1/2429
f 2428/1/2428 2429/1/2429 2431/1/2431
f 2426/1/2426 2428/1/2428 2345/1/2345
f 2345/1/2345 2428/1/2428 2431/1/2431
f 2264/1/2264 2525/1/2525 2432/1/2432
f 2547/1/2547 2456/1/2456 2265/1/2265
f 2202/1/2202 2482/1/2482 2347/1/2347
f 2346/1/2346 2201/1/2201 2386/1/2386
f 2482/1/2482 2202/1/2202 2433/1/2433
f 2434/1/2434 2348/1/2348 2528/1/2528
f 2348/1/2348 2388/1/2388 2529/1/2529
f 2388/1/2388 2389/1/2389 2549/1/2549
f 2268/1/2268 2349/1/2349 2458/1/2458
f 2435/1/2435 2349/1/2349 2353/1/2353
f 2354/1/2354 2355/1/2355 2436/1/2436
f 2437/1/2437 2436/1/2436 2391/1/2391
f 2462/1/2462 2391/1/2391 2393/1/2393
f 2462/1/2462 2437/1/2437 2391/1/2391
f 2440/1/2440 2274/1/2274 2438/1/2438
f 2462/1/2462 2358/1/2358 2463/1/2463
f 2621/1/2621 2589/1/2589 2486/1/2486
f 2395/1/2395 2465/1/2465 2394/1/2394
f 2396/1/2396 2276/1/2276 2704/1/2704
f 2398/1/2398 2441/1/2441 2489/1/2489
f 2251/1/2251 2648/1/2648 2594/1/2594
f 2466/1/2466 2534/1/2534 2277/1/2277
f 2252/1/2252 2443/1/2443 2466/1/2466
f 2305/1/2305 2443/1/2443 2252/1/2252
f 2559/1/2559 2365/1/2365 2362/1/2362
f 2446/1/2446 2366/1/2366 2599/1/2599
f 2134/1/2134 2599/1/2599 2366/1/2366
f 2305/1/2305 2401/1/2401 2443/1/2443
f 2400/1/2400 2367/1/2367 2467/1/2467
f 2444/1/2444 2598/1/2598 2442/1/2442
f 2445/1/2445 2444/1/2444 2399/1/2399
f 2402/1/2402 2494/1/2494 2403/1/2403
f 2371/1/2371 2406/1/2406 2496/1/2496
f 2310/1/2310 2405/1/2405 2538/1/2538
f 2496/1/2496 2406/1/2406 2447/1/2447
f 2310/1/2310 2538/1/2538 2468/1/2468
f 2311/1/2311 2468/1/2468 2630/1/2630
f 2447/1/2447 2406/1/2406 2407/1/2407
f 2311/1/2311 2630/1/2630 2448/1/2448
f 2372/1/2372 2449/1/2449 2407/1/2407
f 2409/1/2409 2410/1/2410 2500/1/2500
f 2540/1/2540 2317/1/2317 2112/1/2112
f 2470/1/2470 2413/1/2413 2661/1/2661
f 2414/1/2414 2325/1/2325 2542/1/2542
f 2325/1/2325 2471/1/2471 2542/1/2542
f 2453/1/2453 2419/1/2419 2506/1/2506
f 2419/1/2419 2420/1/2420 2472/1/2472
f 2474/1/2474 2420/1/2420 2377/1/2377
f 2377/1/2377 2379/1/2379 2474/1/2474
f 2418/1/2418 2331/1/2331 2513/1/2513
f 2421/1/2421 2605/1/2605 2294/1/2294
f 2422/1/2422 2454/1/2454 2293/1/2293
f 2381/1/2381 2454/1/2454 2665/1/2665
f 2423/1/2423 2381/1/2381 2637/1/2637
f 2474/1/2474 2379/1/2379 2521/1/2521
f 2476/1/2476 2477/1/2477 2455/1/2455
f 2611/1/2611 2520/1/2520 2384/1/2384
f 2339/1/2339 2297/1/2297 2521/1/2521
f 2427/1/2427 2521/1/2521 2297/1/2297
f 2425/1/2425 2478/1/2478 2426/1/2426
f 2428/1/2428 2524/1/2524 2427/1/2427
f 2347/1/2347 2482/1/2482 2548/1/2548
f 2386/1/2386 2385/1/2385 2457/1/2457
f 2527/1/2527 2433/1/2433 2387/1/2387
f 2456/1/2456 2267/1/2267 2164/1/2164
f 2458/1/2458 2550/1/2550 2389/1/2389
f 2458/1/2458 2349/1/2349 2435/1/2435
f 2484/1/2484 2271/1/2271 2239/1/2239
f 2390/1/2390 2354/1/2354 2551/1/2551
f 2485/1/2485 2273/1/2273 2131/1/2131
f 2460/1/2460 2461/1/2461 2273/1/2273
f 2460/1/2460 2392/1/2392 2461/1/2461
f 2440/1/2440 2438/1/2438 2439/1/2439
f 2463/1/2463 2533/1/2533 2462/1/2462
f 2359/1/2359 2357/1/2357 2440/1/2440
f 2360/1/2360 2464/1/2464 2463/1/2463
f 2360/1/2360 2465/1/2465 2464/1/2464
f 2588/1/2588 2464/1/2464 2465/1/2465
f 2487/1/2487 2590/1/2590 2276/1/2276
f 2361/1/2361 2487/1/2487 2276/1/2276
f 2133/1/2133 2396/1/2396 2592/1/2592
f 2397/1/2397 2133/1/2133 2592/1/2592
f 2591/1/2591 2395/1/2395 2303/1/2303
f 2397/1/2397 2592/1/2592 2488/1/2488
f 2488/1/2488 2441/1/2441 2397/1/2397
f 2398/1/2398 2489/1/2489 2648/1/2648
f 2251/1/2251 2398/1/2398 2648/1/2648
f 2466/1/2466 2443/1/2443 2536/1/2536
f 2399/1/2399 2537/1/2537 2445/1/2445
f 2368/1/2368 2537/1/2537 2399/1/2399
f 2368/1/2368 2446/1/2446 2537/1/2537
f 2400/1/2400 2492/1/2492 2369/1/2369
f 2404/1/2404 2403/1/2403 2494/1/2494
f 2447/1/2447 2407/1/2407 2449/1/2449
f 2409/1/2409 2500/1/2500 2449/1/2449
f 2500/1/2500 2410/1/2410 2469/1/2469
f 2410/1/2410 2412/1/2412 2504/1/2504
f 2412/1/2412 2414/1/2414 2504/1/2504
f 2470/1/2470 2570/1/2570 2452/1/2452
f 2542/1/2542 2541/1/2541 2414/1/2414
f 2416/1/2416 2452/1/2452 2570/1/2570
f 2471/1/2471 2376/1/2376 2418/1/2418
f 2419/1/2419 2472/1/2472 2506/1/2506
f 2421/1/2421 2332/1/2332 2605/1/2605
f 2420/1/2420 2474/1/2474 2472/1/2472
f 2508/1/2508 2509/1/2509 2333/1/2333
f 2333/1/2333 2509/1/2509 2512/1/2512
f 2381/1/2381 2665/1/2665 2637/1/2637
f 2545/1/2545 2635/1/2635 2342/1/2342
f 2611/1/2611 2384/1/2384 2546/1/2546
f 2427/1/2427 2524/1/2524 2521/1/2521
f 2479/1/2479 2428/1/2428 2426/1/2426
f 2478/1/2478 2479/1/2479 2426/1/2426
f 2479/1/2479 2524/1/2524 2428/1/2428
f 2480/1/2480 2481/1/2481 2430/1/2430
f 2481/1/2481 2547/1/2547 2430/1/2430
f 2386/1/2386 2526/1/2526 2346/1/2346
f 2434/1/2434 2528/1/2528 2579/1/2579
f 2528/1/2528 2348/1/2348 2529/1/2529
f 2580/1/2580 2643/1/2643 2529/1/2529
f 2388/1/2388 2580/1/2580 2529/1/2529
f 2388/1/2388 2549/1/2549 2580/1/2580
f 2549/1/2549 2389/1/2389 2550/1/2550
f 2530/1/2530 2669/1/2669 2483/1/2483
f 2353/1/2353 2390/1/2390 2531/1/2531
f 2273/1/2273 2485/1/2485 2552/1/2552
f 2532/1/2532 2354/1/2354 2436/1/2436
f 2436/1/2436 2437/1/2437 2532/1/2532
f 2392/1/2392 2553/1/2553 2438/1/2438
f 2533/1/2533 2437/1/2437 2462/1/2462
f 2276/1/2276 2590/1/2590 2704/1/2704
f 2704/1/2704 2680/1/2680 2396/1/2396
f 2591/1/2591 2303/1/2303 2594/1/2594
f 2489/1/2489 2441/1/2441 2488/1/2488
f 2466/1/2466 2535/1/2535 2534/1/2534
f 2536/1/2536 2535/1/2535 2466/1/2466
f 2599/1/2599 2134/1/2134 2534/1/2534
f 2443/1/2443 2595/1/2595 2536/1/2536
f 2401/1/2401 2556/1/2556 2443/1/2443
f 2400/1/2400 2467/1/2467 2490/1/2490
f 2467/1/2467 2365/1/2365 2490/1/2490
f 2442/1/2442 2598/1/2598 2363/1/2363
f 2736/1/2736 2446/1/2446 2599/1/2599
f 2401/1/2401 2491/1/2491 2556/1/2556
f 2370/1/2370 2491/1/2491 2401/1/2401
f 2493/1/2493 2400/1/2400 2490/1/2490
f 2400/1/2400 2493/1/2493 2492/1/2492
f 2402/1/2402 2369/1/2369 2492/1/2492
f 2402/1/2402 2492/1/2492 2494/1/2494
f 2493/1/2493 2563/1/2563 2492/1/2492
f 2563/1/2563 2494/1/2494 2492/1/2492
f 2562/1/2562 2370/1/2370 2371/1/2371
f 2562/1/2562 2371/1/2371 2495/1/2495
f 2404/1/2404 2494/1/2494 2566/1/2566
f 2565/1/2565 2566/1/2566 2494/1/2494
f 2563/1/2563 2565/1/2565 2494/1/2494
f 2371/1/2371 2496/1/2496 2495/1/2495
f 2404/1/2404 2566/1/2566 2405/1/2405
f 2538/1/2538 2405/1/2405 2601/1/2601
f 2497/1/2497 2496/1/2496 2447/1/2447
f 2497/1/2497 2447/1/2447 2449/1/2449
f 2498/1/2498 2497/1/2497 2449/1/2449
f 2498/1/2498 2449/1/2449 2500/1/2500
f 2499/1/2499 2498/1/2498 2500/1/2500
f 2540/1/2540 2408/1/2408 2501/1/2501
f 2499/1/2499 2500/1/2500 2469/1/2469
f 2501/1/2501 2763/1/2763 2540/1/2540
f 2502/1/2502 2499/1/2499 2469/1/2469
f 2317/1/2317 2540/1/2540 2451/1/2451
f 2410/1/2410 2504/1/2504 2469/1/2469
f 2470/1/2470 2661/1/2661 2570/1/2570
f 2504/1/2504 2414/1/2414 2541/1/2541
f 2505/1/2505 2542/1/2542 2471/1/2471
f 2506/1/2506 2473/1/2473 2453/1/2453
f 2505/1/2505 2471/1/2471 2507/1/2507
f 2575/1/2575 2505/1/2505 2507/1/2507
f 2575/1/2575 2573/1/2573 2505/1/2505
f 2471/1/2471 2418/1/2418 2507/1/2507
f 2506/1/2506 2472/1/2472 2518/1/2518
f 2472/1/2472 2474/1/2474 2518/1/2518
f 2473/1/2473 2506/1/2506 2510/1/2510
f 2507/1/2507 2418/1/2418 2514/1/2514
f 2508/1/2508 2473/1/2473 2510/1/2510
f 2418/1/2418 2513/1/2513 2514/1/2514
f 2510/1/2510 2506/1/2506 2518/1/2518
f 2509/1/2509 2508/1/2508 2510/1/2510
f 2515/1/2515 2380/1/2380 2512/1/2512
f 2380/1/2380 2515/1/2515 2422/1/2422
f 2517/1/2517 2509/1/2509 2510/1/2510
f 2667/1/2667 2513/1/2513 2516/1/2516
f 2514/1/2514 2513/1/2513 2667/1/2667
f 2474/1/2474 2521/1/2521 2518/1/2518
f 2523/1/2523 2510/1/2510 2518/1/2518
f 2517/1/2517 2510/1/2510 2522/1/2522
f 2338/1/2338 2516/1/2516 2513/1/2513
f 2294/1/2294 2543/1/2543 2343/1/2343
f 2518/1/2518 2524/1/2524 2523/1/2523
f 2522/1/2522 2510/1/2510 2523/1/2523
f 2516/1/2516 2338/1/2338 2423/1/2423
f 2342/1/2342 2635/1/2635 2424/1/2424
f 2342/1/2342 2475/1/2475 2545/1/2545
f 2544/1/2544 2517/1/2517 2522/1/2522
f 2476/1/2476 2544/1/2544 2477/1/2477
f 2198/1/2198 2520/1/2520 2519/1/2519
f 2543/1/2543 2794/1/2794 2343/1/2343
f 2518/1/2518 2521/1/2521 2524/1/2524
f 2478/1/2478 2544/1/2544 2522/1/2522
f 2478/1/2478 2425/1/2425 2544/1/2544
f 2477/1/2477 2544/1/2544 2425/1/2425
f 2520/1/2520 2611/1/2611 2577/1/2577
f 2478/1/2478 2522/1/2522 2523/1/2523
f 2343/1/2343 2794/1/2794 2480/1/2480
f 2523/1/2523 2524/1/2524 2479/1/2479
f 2478/1/2478 2523/1/2523 2479/1/2479
f 2346/1/2346 2526/1/2526 2578/1/2578
f 2347/1/2347 2612/1/2612 2385/1/2385
f 2612/1/2612 2457/1/2457 2385/1/2385
f 2387/1/2387 2204/1/2204 2579/1/2579
f 2267/1/2267 2530/1/2530 2237/1/2237
f 2530/1/2530 2267/1/2267 2615/1/2615
f 2583/1/2583 2550/1/2550 2458/1/2458
f 2584/1/2584 2583/1/2583 2458/1/2458
f 2584/1/2584 2458/1/2458 2435/1/2435
f 2435/1/2435 2353/1/2353 2585/1/2585
f 2484/1/2484 2351/1/2351 2618/1/2618
f 2585/1/2585 2353/1/2353 2531/1/2531
f 2587/1/2587 2551/1/2551 2354/1/2354
f 2532/1/2532 2587/1/2587 2354/1/2354
f 2392/1/2392 2460/1/2460 2553/1/2553
f 2677/1/2677 2437/1/2437 2533/1/2533
f 2533/1/2533 2463/1/2463 2620/1/2620
f 2440/1/2440 2554/1/2554 2359/1/2359
f 2621/1/2621 2359/1/2359 2554/1/2554
f 2464/1/2464 2620/1/2620 2463/1/2463
f 2590/1/2590 2487/1/2487 2486/1/2486
f 2588/1/2588 2465/1/2465 2555/1/2555
f 2465/1/2465 2395/1/2395 2555/1/2555
f 2555/1/2555 2395/1/2395 2591/1/2591
f 2396/1/2396 2680/1/2680 2592/1/2592
f 2706/1/2706 2489/1/2489 2488/1/2488
f 2536/1/2536 2595/1/2595 2535/1/2535
f 2443/1/2443 2556/1/2556 2595/1/2595
f 2365/1/2365 2559/1/2559 2490/1/2490
f 2560/1/2560 2598/1/2598 2444/1/2444
f 2601/1/2601 2405/1/2405 2566/1/2566
f 2496/1/2496 2497/1/2497 2539/1/2539
f 2538/1/2538 2630/1/2630 2468/1/2468
f 2448/1/2448 2632/1/2632 2450/1/2450
f 2502/1/2502 2469/1/2469 2504/1/2504
f 2504/1/2504 2541/1/2541 2503/1/2503
f 2572/1/2572 2542/1/2542 2505/1/2505
f 2574/1/2574 2573/1/2573 2575/1/2575
f 2507/1/2507 2607/1/2607 2575/1/2575
f 2607/1/2607 2507/1/2507 2514/1/2514
f 2512/1/2512 2509/1/2509 2511/1/2511
f 2515/1/2515 2512/1/2512 2511/1/2511
f 2454/1/2454 2692/1/2692 2665/1/2665
f 2424/1/2424 2606/1/2606 2341/1/2341
f 2423/1/2423 2637/1/2637 2576/1/2576
f 2576/1/2576 2516/1/2516 2423/1/2423
f 2545/1/2545 2475/1/2475 2519/1/2519
f 2476/1/2476 2636/1/2636 2544/1/2544
f 2545/1/2545 2609/1/2609 2635/1/2635
f 2639/1/2639 2432/1/2432 2525/1/2525
f 2346/1/2346 2578/1/2578 2525/1/2525
f 2433/1/2433 2527/1/2527 2482/1/2482
f 2386/1/2386 2457/1/2457 2613/1/2613
f 2386/1/2386 2613/1/2613 2526/1/2526
f 2529/1/2529 2643/1/2643 2528/1/2528
f 2350/1/2350 2618/1/2618 2351/1/2351
f 2435/1/2435 2585/1/2585 2584/1/2584
f 2586/1/2586 2272/1/2272 2271/1/2271
f 2531/1/2531 2390/1/2390 2551/1/2551
f 2485/1/2485 2459/1/2459 2552/1/2552
f 2273/1/2273 2552/1/2552 2460/1/2460
f 2437/1/2437 2677/1/2677 2532/1/2532
f 2554/1/2554 2440/1/2440 2439/1/2439
f 2590/1/2590 2486/1/2486 2589/1/2589
f 2705/1/2705 2591/1/2591 2594/1/2594
f 2559/1/2559 2362/1/2362 2624/1/2624
f 2624/1/2624 2362/1/2362 2557/1/2557
f 2362/1/2362 2363/1/2363 2557/1/2557
f 2535/1/2535 2599/1/2599 2534/1/2534
f 2558/1/2558 2556/1/2556 2491/1/2491
f 2444/1/2444 2445/1/2445 2560/1/2560
f 2445/1/2445 2537/1/2537 2560/1/2560
f 2537/1/2537 2446/1/2446 2736/1/2736
f 2559/1/2559 2561/1/2561 2490/1/2490
f 2370/1/2370 2600/1/2600 2491/1/2491
f 2600/1/2600 2370/1/2370 2562/1/2562
f 2564/1/2564 2493/1/2493 2655/1/2655
f 2563/1/2563 2493/1/2493 2564/1/2564
f 2562/1/2562 2495/1/2495 2628/1/2628
f 2495/1/2495 2496/1/2496 2539/1/2539
f 2628/1/2628 2495/1/2495 2539/1/2539
f 2498/1/2498 2539/1/2539 2497/1/2497
f 2498/1/2498 2499/1/2499 2539/1/2539
f 2602/1/2602 2539/1/2539 2499/1/2499
f 2632/1/2632 2408/1/2408 2450/1/2450
f 2408/1/2408 2632/1/2632 2501/1/2501
f 2632/1/2632 2656/1/2656 2501/1/2501
f 2568/1/2568 2602/1/2602 2499/1/2499
f 2568/1/2568 2499/1/2499 2502/1/2502
f 2603/1/2603 2568/1/2568 2502/1/2502
f 2503/1/2503 2502/1/2502 2504/1/2504
f 2603/1/2603 2502/1/2502 2569/1/2569
f 2569/1/2569 2502/1/2502 2503/1/2503
f 2569/1/2569 2503/1/2503 2541/1/2541
f 2569/1/2569 2541/1/2541 2571/1/2571
f 2571/1/2571 2541/1/2541 2572/1/2572
f 2542/1/2542 2572/1/2572 2541/1/2541
f 2572/1/2572 2604/1/2604 2571/1/2571
f 2505/1/2505 2573/1/2573 2572/1/2572
f 2416/1/2416 2742/1/2742 2332/1/2332
f 2605/1/2605 2332/1/2332 2742/1/2742
f 2574/1/2574 2575/1/2575 2663/1/2663
f 2663/1/2663 2575/1/2575 2607/1/2607
f 2515/1/2515 2664/1/2664 2422/1/2422
f 2509/1/2509 2517/1/2517 2636/1/2636
f 2454/1/2454 2422/1/2422 2664/1/2664
f 2664/1/2664 2692/1/2692 2454/1/2454
f 2720/1/2720 2637/1/2637 2665/1/2665
f 2667/1/2667 2608/1/2608 2514/1/2514
f 2608/1/2608 2607/1/2607 2514/1/2514
f 2636/1/2636 2517/1/2517 2544/1/2544
f 2341/1/2341 2606/1/2606 2455/1/2455
f 2545/1/2545 2610/1/2610 2609/1/2609
f 2519/1/2519 2610/1/2610 2545/1/2545
f 2577/1/2577 2519/1/2519 2520/1/2520
f 2794/1/2794 2696/1/2696 2480/1/2480
f 2432/1/2432 2638/1/2638 2546/1/2546
f 2639/1/2639 2638/1/2638 2432/1/2432
f 2547/1/2547 2481/1/2481 2864/1/2864
f 2639/1/2639 2525/1/2525 2745/1/2745
f 2525/1/2525 2578/1/2578 2745/1/2745
f 2547/1/2547 2642/1/2642 2456/1/2456
f 2549/1/2549 2699/1/2699 2580/1/2580
f 2550/1/2550 2581/1/2581 2549/1/2549
f 2550/1/2550 2614/1/2614 2581/1/2581
f 2530/1/2530 2615/1/2615 2669/1/2669
f 2614/1/2614 2550/1/2550 2582/1/2582
f 2582/1/2582 2550/1/2550 2583/1/2583
f 2483/1/2483 2670/1/2670 2350/1/2350
f 2617/1/2617 2584/1/2584 2585/1/2585
f 2484/1/2484 2701/1/2701 2271/1/2271
f 2586/1/2586 2619/1/2619 2272/1/2272
f 2485/1/2485 2272/1/2272 2619/1/2619
f 2674/1/2674 2531/1/2531 2551/1/2551
f 2619/1/2619 2459/1/2459 2485/1/2485
f 2587/1/2587 2674/1/2674 2551/1/2551
f 2553/1/2553 2646/1/2646 2438/1/2438
f 2554/1/2554 2679/1/2679 2621/1/2621
f 2464/1/2464 2588/1/2588 2620/1/2620
f 2592/1/2592 2593/1/2593 2488/1/2488
f 2488/1/2488 2593/1/2593 2706/1/2706
f 2706/1/2706 2681/1/2681 2489/1/2489
f 2489/1/2489 2681/1/2681 2648/1/2648
f 2625/1/2625 2535/1/2535 2649/1/2649
f 2535/1/2535 2595/1/2595 2649/1/2649
f 2556/1/2556 2623/1/2623 2595/1/2595
f 2535/1/2535 2625/1/2625 2599/1/2599
f 2556/1/2556 2558/1/2558 2623/1/2623
f 2557/1/2557 2596/1/2596 2624/1/2624
f 2597/1/2597 2596/1/2596 2557/1/2557
f 2537/1/2537 2736/1/2736 2560/1/2560
f 2490/1/2490 2561/1/2561 2655/1/2655
f 2493/1/2493 2490/1/2490 2655/1/2655
f 2563/1/2563 2564/1/2564 2565/1/2565
f 2601/1/2601 2566/1/2566 2567/1/2567
f 2628/1/2628 2539/1/2539 2686/1/2686
f 2603/1/2603 2569/1/2569 2633/1/2633
f 2413/1/2413 2659/1/2659 2661/1/2661
f 2659/1/2659 2413/1/2413 2451/1/2451
f 2569/1/2569 2571/1/2571 2660/1/2660
f 2604/1/2604 2572/1/2572 2573/1/2573
f 2416/1/2416 2788/1/2788 2742/1/2742
f 2294/1/2294 2605/1/2605 2543/1/2543
f 2511/1/2511 2509/1/2509 2636/1/2636
f 2476/1/2476 2511/1/2511 2636/1/2636
f 2480/1/2480 2696/1/2696 2481/1/2481
f 2611/1/2611 2546/1/2546 2638/1/2638
f 2698/1/2698 2482/1/2482 2527/1/2527
f 2527/1/2527 2641/1/2641 2698/1/2698
f 2641/1/2641 2527/1/2527 2387/1/2387
f 2579/1/2579 2748/1/2748 2387/1/2387
f 2700/1/2700 2614/1/2614 2582/1/2582
f 2669/1/2669 2670/1/2670 2483/1/2483
f 2583/1/2583 2616/1/2616 2729/1/2729
f 2583/1/2583 2584/1/2584 2616/1/2616
f 2350/1/2350 2672/1/2672 2618/1/2618
f 2618/1/2618 2701/1/2701 2484/1/2484
f 2271/1/2271 2701/1/2701 2586/1/2586
f 2531/1/2531 2674/1/2674 2673/1/2673
f 2587/1/2587 2532/1/2532 2702/1/2702
f 2438/1/2438 2646/1/2646 2439/1/2439
f 2646/1/2646 2647/1/2647 2439/1/2439
f 2677/1/2677 2533/1/2533 2620/1/2620
f 2647/1/2647 2679/1/2679 2554/1/2554
f 2590/1/2590 2589/1/2589 2828/1/2828
f 2734/1/2734 2591/1/2591 2705/1/2705
f 2593/1/2593 2592/1/2592 2622/1/2622
f 2595/1/2595 2650/1/2650 2649/1/2649
f 2595/1/2595 2623/1/2623 2650/1/2650
f 2557/1/2557 2363/1/2363 2682/1/2682
f 2363/1/2363 2598/1/2598 2682/1/2682
f 2684/1/2684 2599/1/2599 2625/1/2625
f 2559/1/2559 2626/1/2626 2561/1/2561
f 2624/1/2624 2626/1/2626 2559/1/2559
f 2596/1/2596 2626/1/2626 2624/1/2624
f 2560/1/2560 2683/1/2683 2598/1/2598
f 2810/1/2810 2736/1/2736 2684/1/2684
f 2599/1/2599 2684/1/2684 2736/1/2736
f 2738/1/2738 2558/1/2558 2627/1/2627
f 2558/1/2558 2491/1/2491 2627/1/2627
f 2600/1/2600 2653/1/2653 2627/1/2627
f 2627/1/2627 2491/1/2491 2600/1/2600
f 2564/1/2564 2708/1/2708 2565/1/2565
f 2601/1/2601 2567/1/2567 2629/1/2629
f 2538/1/2538 2629/1/2629 2630/1/2630
f 2629/1/2629 2538/1/2538 2601/1/2601
f 2631/1/2631 2686/1/2686 2539/1/2539
f 2539/1/2539 2602/1/2602 2631/1/2631
f 2688/1/2688 2602/1/2602 2568/1/2568
f 2501/1/2501 2657/1/2657 2763/1/2763
f 2568/1/2568 2658/1/2658 2688/1/2688
f 2568/1/2568 2603/1/2603 2658/1/2658
f 2569/1/2569 2660/1/2660 2633/1/2633
f 2571/1/2571 2604/1/2604 2660/1/2660
f 2604/1/2604 2573/1/2573 2634/1/2634
f 2634/1/2634 2573/1/2573 2574/1/2574
f 2605/1/2605 2818/1/2818 2543/1/2543
f 2692/1/2692 2664/1/2664 2691/1/2691
f 2665/1/2665 2692/1/2692 2720/1/2720
f 2543/1/2543 2818/1/2818 2794/1/2794
f 2576/1/2576 2637/1/2637 2693/1/2693
f 2516/1/2516 2576/1/2576 2744/1/2744
f 2667/1/2667 2516/1/2516 2744/1/2744
f 2576/1/2576 2693/1/2693 2744/1/2744
f 2519/1/2519 2577/1/2577 2766/1/2766
f 2481/1/2481 2696/1/2696 2864/1/2864
f 2864/1/2864 2642/1/2642 2547/1/2547
f 2347/1/2347 2548/1/2548 2724/1/2724
f 2347/1/2347 2724/1/2724 2612/1/2612
f 2457/1/2457 2612/1/2612 2640/1/2640
f 2641/1/2641 2387/1/2387 2748/1/2748
f 2643/1/2643 2580/1/2580 2668/1/2668
f 2699/1/2699 2668/1/2668 2580/1/2580
f 2581/1/2581 2699/1/2699 2549/1/2549
f 2644/1/2644 2614/1/2614 2700/1/2700
f 2615/1/2615 2645/1/2645 2669/1/2669
f 2672/1/2672 2350/1/2350 2670/1/2670
f 2584/1/2584 2617/1/2617 2616/1/2616
f 2617/1/2617 2585/1/2585 2673/1/2673
f 2585/1/2585 2531/1/2531 2673/1/2673
f 2674/1/2674 2587/1/2587 2675/1/2675
f 2587/1/2587 2702/1/2702 2675/1/2675
f 2532/1/2532 2677/1/2677 2702/1/2702
f 2647/1/2647 2554/1/2554 2439/1/2439
f 2677/1/2677 2620/1/2620 2678/1/2678
f 2589/1/2589 2703/1/2703 2828/1/2828
f 2590/1/2590 2828/1/2828 2704/1/2704
f 2734/1/2734 2555/1/2555 2591/1/2591
f 2592/1/2592 2735/1/2735 2622/1/2622
f 2648/1/2648 2705/1/2705 2594/1/2594
f 2648/1/2648 2681/1/2681 2775/1/2775
f 2649/1/2649 2776/1/2776 2625/1/2625
f 2558/1/2558 2738/1/2738 2623/1/2623
f 2626/1/2626 2596/1/2596 2651/1/2651
f 2557/1/2557 2682/1/2682 2597/1/2597
f 2651/1/2651 2652/1/2652 2626/1/2626
f 2560/1/2560 2685/1/2685 2683/1/2683
f 2560/1/2560 2736/1/2736 2685/1/2685
f 2738/1/2738 2627/1/2627 2653/1/2653
f 2626/1/2626 2654/1/2654 2561/1/2561
f 2654/1/2654 2626/1/2626 2652/1/2652
f 2600/1/2600 2757/1/2757 2653/1/2653
f 2654/1/2654 2655/1/2655 2561/1/2561
f 2600/1/2600 2562/1/2562 2739/1/2739
f 2655/1/2655 2708/1/2708 2564/1/2564
f 2739/1/2739 2562/1/2562 2628/1/2628
f 2566/1/2566 2565/1/2565 2812/1/2812
f 2567/1/2567 2566/1/2566 2812/1/2812
f 2709/1/2709 2631/1/2631 2602/1/2602
f 2688/1/2688 2709/1/2709 2602/1/2602
f 2687/1/2687 2632/1/2632 2448/1/2448
f 2501/1/2501 2656/1/2656 2657/1/2657
f 2658/1/2658 2603/1/2603 2633/1/2633
f 2540/1/2540 2763/1/2763 2712/1/2712
f 2540/1/2540 2689/1/2689 2451/1/2451
f 2451/1/2451 2689/1/2689 2659/1/2659
f 2660/1/2660 2662/1/2662 2633/1/2633
f 2662/1/2662 2660/1/2660 2604/1/2604
f 2662/1/2662 2604/1/2604 2714/1/2714
f 2574/1/2574 2690/1/2690 2634/1/2634
f 2690/1/2690 2574/1/2574 2719/1/2719
f 2574/1/2574 2663/1/2663 2719/1/2719
f 2818/1/2818 2605/1/2605 2742/1/2742
f 2607/1/2607 2666/1/2666 2663/1/2663
f 2637/1/2637 2720/1/2720 2693/1/2693
f 2694/1/2694 2666/1/2666 2607/1/2607
f 2608/1/2608 2667/1/2667 2722/1/2722
f 2607/1/2607 2608/1/2608 2694/1/2694
f 2610/1/2610 2519/1/2519 2766/1/2766
f 2694/1/2694 2608/1/2608 2723/1/2723
f 2695/1/2695 2577/1/2577 2611/1/2611
f 2638/1/2638 2695/1/2695 2611/1/2611
f 2482/1/2482 2697/1/2697 2548/1/2548
f 2457/1/2457 2640/1/2640 2613/1/2613
f 2642/1/2642 2866/1/2866 2456/1/2456
f 2579/1/2579 2528/1/2528 2749/1/2749
f 2528/1/2528 2643/1/2643 2749/1/2749
f 2668/1/2668 2749/1/2749 2643/1/2643
f 2699/1/2699 2614/1/2614 2727/1/2727
f 2267/1/2267 2868/1/2868 2615/1/2615
f 2868/1/2868 2645/1/2645 2615/1/2615
f 2614/1/2614 2699/1/2699 2581/1/2581
f 2644/1/2644 2727/1/2727 2614/1/2614
f 2700/1/2700 2582/1/2582 2823/1/2823
f 2582/1/2582 2583/1/2583 2729/1/2729
f 2671/1/2671 2729/1/2729 2616/1/2616
f 2616/1/2616 2617/1/2617 2671/1/2671
f 2701/1/2701 2772/1/2772 2586/1/2586
f 2730/1/2730 2617/1/2617 2673/1/2673
f 2674/1/2674 2675/1/2675 2673/1/2673
f 2675/1/2675 2731/1/2731 2673/1/2673
f 2459/1/2459 2676/1/2676 2552/1/2552
f 2552/1/2552 2732/1/2732 2460/1/2460
f 2678/1/2678 2620/1/2620 2733/1/2733
f 2621/1/2621 2679/1/2679 2805/1/2805
f 2620/1/2620 2588/1/2588 2733/1/2733
f 2589/1/2589 2621/1/2621 2805/1/2805
f 2589/1/2589 2805/1/2805 2703/1/2703
f 2733/1/2733 2588/1/2588 2555/1/2555
f 2592/1/2592 2680/1/2680 2735/1/2735
f 2775/1/2775 2705/1/2705 2648/1/2648
f 2593/1/2593 2622/1/2622 2808/1/2808
f 2650/1/2650 2752/1/2752 2649/1/2649
f 2682/1/2682 2598/1/2598 2683/1/2683
f 2685/1/2685 2777/1/2777 2683/1/2683
f 2596/1/2596 2756/1/2756 2651/1/2651
f 2597/1/2597 2756/1/2756 2596/1/2596
f 2757/1/2757 2600/1/2600 2739/1/2739
f 2655/1/2655 2654/1/2654 2707/1/2707
f 2739/1/2739 2628/1/2628 2686/1/2686
f 2741/1/2741 2630/1/2630 2629/1/2629
f 2448/1/2448 2630/1/2630 2687/1/2687
f 2687/1/2687 2630/1/2630 2741/1/2741
f 2632/1/2632 2687/1/2687 2760/1/2760
f 2760/1/2760 2656/1/2656 2632/1/2632
f 2712/1/2712 2689/1/2689 2540/1/2540
f 2661/1/2661 2717/1/2717 2570/1/2570
f 2604/1/2604 2634/1/2634 2714/1/2714
f 2717/1/2717 2788/1/2788 2570/1/2570
f 2570/1/2570 2788/1/2788 2416/1/2416
f 2720/1/2720 2692/1/2692 2743/1/2743
f 2666/1/2666 2694/1/2694 2767/1/2767
f 2608/1/2608 2722/1/2722 2723/1/2723
f 2482/1/2482 2746/1/2746 2697/1/2697
f 2747/1/2747 2548/1/2548 2697/1/2697
f 2482/1/2482 2698/1/2698 2746/1/2746
f 2548/1/2548 2747/1/2747 2724/1/2724
f 2579/1/2579 2749/1/2749 2748/1/2748
f 2456/1/2456 2866/1/2866 2267/1/2267
f 2823/1/2823 2582/1/2582 2729/1/2729
f 2618/1/2618 2872/1/2872 2701/1/2701
f 2800/1/2800 2671/1/2671 2617/1/2617
f 2617/1/2617 2730/1/2730 2800/1/2800
f 2772/1/2772 2619/1/2619 2586/1/2586
f 2459/1/2459 2773/1/2773 2676/1/2676
f 2732/1/2732 2552/1/2552 2676/1/2676
f 2553/1/2553 2460/1/2460 2732/1/2732
f 2802/1/2802 2647/1/2647 2646/1/2646
f 2805/1/2805 2774/1/2774 2703/1/2703
f 2680/1/2680 2704/1/2704 2829/1/2829
f 2735/1/2735 2680/1/2680 2807/1/2807
f 2880/1/2880 2681/1/2681 2706/1/2706
f 2706/1/2706 2593/1/2593 2808/1/2808
f 2752/1/2752 2776/1/2776 2649/1/2649
f 2597/1/2597 2682/1/2682 2755/1/2755
f 2831/1/2831 2755/1/2755 2682/1/2682
f 2683/1/2683 2777/1/2777 2682/1/2682
f 2682/1/2682 2777/1/2777 2831/1/2831
f 2909/1/2909 2684/1/2684 2625/1/2625
f 2597/1/2597 2754/1/2754 2756/1/2756
f 2652/1/2652 2651/1/2651 2779/1/2779
f 2756/1/2756 2779/1/2779 2651/1/2651
f 2707/1/2707 2708/1/2708 2655/1/2655
f 2631/1/2631 2739/1/2739 2686/1/2686
f 2631/1/2631 2838/1/2838 2739/1/2739
f 2759/1/2759 2708/1/2708 2707/1/2707
f 2708/1/2708 2812/1/2812 2565/1/2565
f 2759/1/2759 2812/1/2812 2708/1/2708
f 2782/1/2782 2629/1/2629 2567/1/2567
f 2740/1/2740 2631/1/2631 2709/1/2709
f 2709/1/2709 2710/1/2710 2783/1/2783
f 2710/1/2710 2709/1/2709 2688/1/2688
f 2710/1/2710 2688/1/2688 2658/1/2658
f 2711/1/2711 2710/1/2710 2658/1/2658
f 2633/1/2633 2711/1/2711 2658/1/2658
f 2711/1/2711 2633/1/2633 2662/1/2662
f 2711/1/2711 2662/1/2662 2713/1/2713
f 2817/1/2817 2659/1/2659 2689/1/2689
f 2661/1/2661 2659/1/2659 2817/1/2817
f 2713/1/2713 2662/1/2662 2714/1/2714
f 2716/1/2716 2713/1/2713 2714/1/2714
f 2716/1/2716 2714/1/2714 2715/1/2715
f 2714/1/2714 2634/1/2634 2690/1/2690
f 2715/1/2715 2714/1/2714 2690/1/2690
f 2715/1/2715 2690/1/2690 2718/1/2718
f 2719/1/2719 2718/1/2718 2690/1/2690
f 2721/1/2721 2719/1/2719 2663/1/2663
f 2663/1/2663 2666/1/2666 2721/1/2721
f 2720/1/2720 2791/1/2791 2693/1/2693
f 2610/1/2610 2766/1/2766 4027/1/4027
f 2694/1/2694 2723/1/2723 2767/1/2767
f 2639/1/2639 2795/1/2795 2638/1/2638
f 2725/1/2725 2640/1/2640 2612/1/2612
f 2864/1/2864 3017/1/3017 2642/1/2642
f 2724/1/2724 2725/1/2725 2612/1/2612
f 2640/1/2640 2821/1/2821 2613/1/2613
f 2866/1/2866 2642/1/2642 2769/1/2769
f 2866/1/2866 2868/1/2868 2267/1/2267
f 2699/1/2699 2727/1/2727 2726/1/2726
f 2728/1/2728 2700/1/2700 2823/1/2823
f 2645/1/2645 2771/1/2771 2669/1/2669
f 2669/1/2669 2771/1/2771 2670/1/2670
f 2771/1/2771 2672/1/2672 2670/1/2670
f 2729/1/2729 2671/1/2671 2799/1/2799
f 2800/1/2800 2799/1/2799 2671/1/2671
f 2618/1/2618 2825/1/2825 2872/1/2872
f 2730/1/2730 2673/1/2673 2731/1/2731
f 2772/1/2772 2873/1/2873 2619/1/2619
f 2619/1/2619 2873/1/2873 2459/1/2459
f 2731/1/2731 2675/1/2675 2801/1/2801
f 2702/1/2702 2801/1/2801 2675/1/2675
f 2751/1/2751 2553/1/2553 2732/1/2732
f 2553/1/2553 2751/1/2751 2646/1/2646
f 2702/1/2702 2677/1/2677 2803/1/2803
f 2751/1/2751 2802/1/2802 2646/1/2646
f 2678/1/2678 2803/1/2803 2677/1/2677
f 2734/1/2734 2733/1/2733 2555/1/2555
f 2828/1/2828 2829/1/2829 2704/1/2704
f 2829/1/2829 2807/1/2807 2680/1/2680
f 2681/1/2681 2830/1/2830 2775/1/2775
f 2625/1/2625 2776/1/2776 2909/1/2909
f 2685/1/2685 2736/1/2736 2778/1/2778
f 2737/1/2737 2736/1/2736 2810/1/2810
f 2755/1/2755 2754/1/2754 2597/1/2597
f 2653/1/2653 2811/1/2811 2738/1/2738
f 2753/1/2753 2738/1/2738 2811/1/2811
f 2652/1/2652 2758/1/2758 2654/1/2654
f 2654/1/2654 2758/1/2758 2884/1/2884
f 2838/1/2838 2631/1/2631 2740/1/2740
f 2740/1/2740 2709/1/2709 2813/1/2813
f 2709/1/2709 2783/1/2783 2813/1/2813
f 2710/1/2710 2711/1/2711 2761/1/2761
f 2712/1/2712 2763/1/2763 2816/1/2816
f 2761/1/2761 2711/1/2711 2762/1/2762
f 2711/1/2711 2713/1/2713 2762/1/2762
f 2717/1/2717 2661/1/2661 2817/1/2817
f 2715/1/2715 2787/1/2787 2716/1/2716
f 2718/1/2718 2849/1/2849 2715/1/2715
f 2790/1/2790 2849/1/2849 2718/1/2718
f 2790/1/2790 2718/1/2718 2719/1/2719
f 2790/1/2790 2719/1/2719 2852/1/2852
f 2852/1/2852 2719/1/2719 2721/1/2721
f 2818/1/2818 2925/1/2925 2794/1/2794
f 2743/1/2743 2791/1/2791 2720/1/2720
f 2791/1/2791 2792/1/2792 2693/1/2693
f 2744/1/2744 2722/1/2722 2667/1/2667
f 2744/1/2744 2693/1/2693 2792/1/2792
f 2577/1/2577 2695/1/2695 2766/1/2766
f 2794/1/2794 2929/1/2929 2696/1/2696
f 2858/1/2858 2695/1/2695 2638/1/2638
f 2745/1/2745 2578/1/2578 2797/1/2797
f 2797/1/2797 2578/1/2578 2526/1/2526
f 3017/1/3017 2769/1/2769 2642/1/2642
f 2699/1/2699 2726/1/2726 2668/1/2668
f 2822/1/2822 2644/1/2644 2700/1/2700
f 2728/1/2728 2822/1/2822 2700/1/2700
f 2823/1/2823 2770/1/2770 2728/1/2728
f 2799/1/2799 2901/1/2901 2729/1/2729
f 2701/1/2701 2872/1/2872 2772/1/2772
f 2801/1/2801 2702/1/2702 2750/1/2750
f 2751/1/2751 2732/1/2732 2676/1/2676
f 2647/1/2647 2804/1/2804 2679/1/2679
f 2805/1/2805 2679/1/2679 2804/1/2804
f 2703/1/2703 2875/1/2875 2828/1/2828
f 2806/1/2806 2705/1/2705 2775/1/2775
f 2622/1/2622 2735/1/2735 2937/1/2937
f 2681/1/2681 2880/1/2880 2830/1/2830
f 2880/1/2880 2706/1/2706 2808/1/2808
f 2738/1/2738 2753/1/2753 2623/1/2623
f 2684/1/2684 2909/1/2909 2810/1/2810
f 2736/1/2736 2737/1/2737 2778/1/2778
f 2779/1/2779 2758/1/2758 2652/1/2652
f 2739/1/2739 2834/1/2834 2757/1/2757
f 2654/1/2654 2884/1/2884 2707/1/2707
f 2840/1/2840 2759/1/2759 2707/1/2707
f 2687/1/2687 2741/1/2741 2760/1/2760
f 2741/1/2741 2844/1/2844 2760/1/2760
f 2710/1/2710 2761/1/2761 2783/1/2783
f 2760/1/2760 2815/1/2815 2656/1/2656
f 2656/1/2656 2815/1/2815 2657/1/2657
f 2689/1/2689 2712/1/2712 2786/1/2786
f 2713/1/2713 2716/1/2716 2923/1/2923
f 2786/1/2786 2817/1/2817 2689/1/2689
f 2850/1/2850 2742/1/2742 2788/1/2788
f 2852/1/2852 2721/1/2721 2765/1/2765
f 2858/1/2858 2638/1/2638 2795/1/2795
f 2696/1/2696 2929/1/2929 2864/1/2864
f 2639/1/2639 2745/1/2745 2795/1/2795
f 2746/1/2746 2819/1/2819 2697/1/2697
f 2697/1/2697 2796/1/2796 2747/1/2747
f 2863/1/2863 2725/1/2725 2724/1/2724
f 2640/1/2640 2725/1/2725 2821/1/2821
f 2724/1/2724 2747/1/2747 2863/1/2863
f 2526/1/2526 2613/1/2613 2768/1/2768
f 2526/1/2526 2768/1/2768 2797/1/2797
f 2641/1/2641 2897/1/2897 2798/1/2798
f 2897/1/2897 2641/1/2641 2748/1/2748
f 2748/1/2748 2749/1/2749 2867/1/2867
f 2749/1/2749 2668/1/2668 2869/1/2869
f 2644/1/2644 2822/1/2822 2727/1/2727
f 2672/1/2672 2825/1/2825 2618/1/2618
f 2799/1/2799 2800/1/2800 3088/1/3088
f 2826/1/2826 2730/1/2730 2731/1/2731
f 2826/1/2826 2731/1/2731 2905/1/2905
f 2459/1/2459 2873/1/2873 2904/1/2904
f 2801/1/2801 2905/1/2905 2731/1/2731
f 2702/1/2702 2803/1/2803 2750/1/2750
f 2678/1/2678 2733/1/2733 3093/1/3093
f 2774/1/2774 2875/1/2875 2703/1/2703
f 2705/1/2705 2876/1/2876 2734/1/2734
f 2622/1/2622 2937/1/2937 2808/1/2808
f 2623/1/2623 2753/1/2753 2809/1/2809
f 2831/1/2831 2777/1/2777 2910/1/2910
f 2685/1/2685 2778/1/2778 2777/1/2777
f 2753/1/2753 2811/1/2811 2832/1/2832
f 2755/1/2755 2833/1/2833 2754/1/2754
f 2653/1/2653 2757/1/2757 2811/1/2811
f 2754/1/2754 2780/1/2780 2756/1/2756
f 2756/1/2756 2780/1/2780 2779/1/2779
f 2779/1/2779 2781/1/2781 2758/1/2758
f 2780/1/2780 2781/1/2781 2779/1/2779
f 2781/1/2781 2884/1/2884 2758/1/2758
f 2838/1/2838 2834/1/2834 2739/1/2739
f 2914/1/2914 2885/1/2885 2707/1/2707
f 2884/1/2884 2914/1/2914 2707/1/2707
f 2707/1/2707 2885/1/2885 2840/1/2840
f 2838/1/2838 2740/1/2740 2841/1/2841
f 2782/1/2782 2567/1/2567 2812/1/2812
f 2919/1/2919 2812/1/2812 2759/1/2759
f 2840/1/2840 2919/1/2919 2759/1/2759
f 2629/1/2629 2782/1/2782 2842/1/2842
f 2841/1/2841 2740/1/2740 2813/1/2813
f 2629/1/2629 2842/1/2842 2741/1/2741
f 2842/1/2842 2844/1/2844 2741/1/2741
f 2813/1/2813 2783/1/2783 2784/1/2784
f 2784/1/2784 2783/1/2783 2785/1/2785
f 2785/1/2785 2783/1/2783 2761/1/2761
f 2762/1/2762 2785/1/2785 2761/1/2761
f 2786/1/2786 2712/1/2712 2890/1/2890
f 2762/1/2762 2713/1/2713 2923/1/2923
f 2716/1/2716 2787/1/2787 2923/1/2923
f 2786/1/2786 2964/1/2964 2817/1/2817
f 2717/1/2717 2764/1/2764 2850/1/2850
f 2850/1/2850 2788/1/2788 2717/1/2717
f 2849/1/2849 2790/1/2790 2789/1/2789
f 2790/1/2790 2851/1/2851 2789/1/2789
f 2851/1/2851 2790/1/2790 2852/1/2852
f 2666/1/2666 2765/1/2765 2721/1/2721
f 2791/1/2791 2743/1/2743 2853/1/2853
f 2792/1/2792 2722/1/2722 2744/1/2744
f 2793/1/2793 2722/1/2722 2792/1/2792
f 2723/1/2723 2722/1/2722 2793/1/2793
f 2856/1/2856 2766/1/2766 2695/1/2695
f 2858/1/2858 2856/1/2856 2695/1/2695
f 2819/1/2819 2796/1/2796 2697/1/2697
f 2795/1/2795 2745/1/2745 2797/1/2797
f 2725/1/2725 2820/1/2820 2821/1/2821
f 2725/1/2725 2863/1/2863 2820/1/2820
f 2747/1/2747 2796/1/2796 2863/1/2863
f 2821/1/2821 2768/1/2768 2613/1/2613
f 2698/1/2698 2641/1/2641 2798/1/2798
f 2769/1/2769 2931/1/2931 2866/1/2866
f 2748/1/2748 2867/1/2867 2897/1/2897
f 2749/1/2749 2869/1/2869 2867/1/2867
f 2668/1/2668 2726/1/2726 2869/1/2869
f 2727/1/2727 2870/1/2870 2726/1/2726
f 2727/1/2727 2822/1/2822 2870/1/2870
f 2822/1/2822 2728/1/2728 2770/1/2770
f 2900/1/2900 2823/1/2823 2729/1/2729
f 2771/1/2771 2824/1/2824 2672/1/2672
f 2824/1/2824 2825/1/2825 2672/1/2672
f 2825/1/2825 2902/1/2902 2872/1/2872
f 2730/1/2730 2826/1/2826 2800/1/2800
f 2773/1/2773 2906/1/2906 2676/1/2676
f 2936/1/2936 2734/1/2734 2876/1/2876
f 2876/1/2876 2705/1/2705 2806/1/2806
f 2735/1/2735 2807/1/2807 2937/1/2937
f 2806/1/2806 2775/1/2775 2830/1/2830
f 2880/1/2880 2808/1/2808 2938/1/2938
f 2809/1/2809 2650/1/2650 2623/1/2623
f 2833/1/2833 2755/1/2755 2831/1/2831
f 2811/1/2811 2757/1/2757 2834/1/2834
f 2837/1/2837 2916/1/2916 2781/1/2781
f 2843/1/2843 2841/1/2841 2813/1/2813
f 2784/1/2784 2843/1/2843 2813/1/2813
f 2760/1/2760 2844/1/2844 2814/1/2814
f 2760/1/2760 2814/1/2814 2815/1/2815
f 2785/1/2785 2847/1/2847 2889/1/2889
f 2816/1/2816 2657/1/2657 2815/1/2815
f 2657/1/2657 2816/1/2816 2763/1/2763
f 2785/1/2785 2762/1/2762 2847/1/2847
f 2787/1/2787 2715/1/2715 2849/1/2849
f 2742/1/2742 2850/1/2850 2970/1/2970
f 2818/1/2818 2742/1/2742 2970/1/2970
f 2666/1/2666 2767/1/2767 2765/1/2765
f 2792/1/2792 2791/1/2791 2855/1/2855
f 2767/1/2767 2723/1/2723 2978/1/2978
f 2820/1/2820 2862/1/2862 2821/1/2821
f 2862/1/2862 2768/1/2768 2821/1/2821
f 2822/1/2822 2770/1/2770 2871/1/2871
f 2645/1/2645 2933/1/2933 2771/1/2771
f 2823/1/2823 3221/1/3221 2770/1/2770
f 2729/1/2729 2901/1/2901 2900/1/2900
f 2934/1/2934 2824/1/2824 2771/1/2771
f 2826/1/2826 3088/1/3088 2800/1/2800
f 2872/1/2872 2994/1/2994 2772/1/2772
f 2459/1/2459 2904/1/2904 2773/1/2773
f 2773/1/2773 2904/1/2904 2906/1/2906
f 2801/1/2801 3090/1/3090 2905/1/2905
f 2751/1/2751 2996/1/2996 2802/1/2802
f 2678/1/2678 3093/1/3093 2803/1/2803
f 2804/1/2804 2647/1/2647 2827/1/2827
f 2805/1/2805 2804/1/2804 2874/1/2874
f 2874/1/2874 2774/1/2774 2805/1/2805
f 2936/1/2936 3022/1/3022 2733/1/2733
f 2774/1/2774 2874/1/2874 2875/1/2875
f 2733/1/2733 2734/1/2734 2936/1/2936
f 2807/1/2807 2829/1/2829 2877/1/2877
f 2808/1/2808 2937/1/2937 2938/1/2938
f 3000/1/3000 2776/1/2776 2752/1/2752
f 2737/1/2737 2810/1/2810 2913/1/2913
f 2809/1/2809 2753/1/2753 2832/1/2832
f 2910/1/2910 2881/1/2881 2831/1/2831
f 2778/1/2778 2882/1/2882 2777/1/2777
f 2778/1/2778 2911/1/2911 2882/1/2882
f 2911/1/2911 2778/1/2778 2912/1/2912
f 2737/1/2737 2912/1/2912 2778/1/2778
f 2831/1/2831 2835/1/2835 2833/1/2833
f 2883/1/2883 2832/1/2832 2811/1/2811
f 2883/1/2883 2811/1/2811 2834/1/2834
f 2780/1/2780 2754/1/2754 2833/1/2833
f 2780/1/2780 2833/1/2833 2837/1/2837
f 2835/1/2835 2836/1/2836 2833/1/2833
f 2780/1/2780 2837/1/2837 2781/1/2781
f 2836/1/2836 2837/1/2837 2833/1/2833
f 2836/1/2836 2839/1/2839 2837/1/2837
f 2884/1/2884 2781/1/2781 2916/1/2916
f 2837/1/2837 2839/1/2839 2916/1/2916
f 2946/1/2946 2838/1/2838 2841/1/2841
f 2839/1/2839 3074/1/3074 2916/1/2916
f 2918/1/2918 2841/1/2841 2843/1/2843
f 2919/1/2919 2920/1/2920 2782/1/2782
f 2812/1/2812 2919/1/2919 2782/1/2782
f 2845/1/2845 2842/1/2842 2955/1/2955
f 2782/1/2782 2955/1/2955 2842/1/2842
f 2844/1/2844 2842/1/2842 2845/1/2845
f 2887/1/2887 2844/1/2844 2845/1/2845
f 2846/1/2846 2843/1/2843 2784/1/2784
f 2784/1/2784 2888/1/2888 2846/1/2846
f 2844/1/2844 2887/1/2887 2814/1/2814
f 2889/1/2889 2888/1/2888 2784/1/2784
f 2784/1/2784 2785/1/2785 2889/1/2889
f 2815/1/2815 2814/1/2814 2816/1/2816
f 2848/1/2848 2847/1/2847 2762/1/2762
f 2712/1/2712 2816/1/2816 2890/1/2890
f 2848/1/2848 2762/1/2762 2923/1/2923
f 2764/1/2764 2717/1/2717 2817/1/2817
f 2970/1/2970 2925/1/2925 2818/1/2818
f 2854/1/2854 2853/1/2853 2743/1/2743
f 2854/1/2854 2892/1/2892 2853/1/2853
f 2852/1/2852 2765/1/2765 2973/1/2973
f 2791/1/2791 2853/1/2853 2926/1/2926
f 2791/1/2791 2926/1/2926 2855/1/2855
f 4027/1/4027 2895/1/2895 4028/1/4028
f 2793/1/2793 2792/1/2792 2855/1/2855
f 2793/1/2793 2855/1/2855 2894/1/2894
f 2723/1/2723 2793/1/2793 2977/1/2977
f 2857/1/2857 2861/1/2861 2860/1/2860
f 2858/1/2858 2795/1/2795 2859/1/2859
f 2861/1/2861 2863/1/2863 2860/1/2860
f 2860/1/2860 2863/1/2863 2796/1/2796
f 2795/1/2795 2797/1/2797 2859/1/2859
f 2819/1/2819 2865/1/2865 2983/1/2983
f 2746/1/2746 2865/1/2865 2819/1/2819
f 2862/1/2862 2820/1/2820 2861/1/2861
f 2820/1/2820 2863/1/2863 2861/1/2861
f 2746/1/2746 2698/1/2698 2865/1/2865
f 2862/1/2862 2930/1/2930 2768/1/2768
f 2984/1/2984 2698/1/2698 2798/1/2798
f 2867/1/2867 2985/1/2985 2897/1/2897
f 2869/1/2869 2987/1/2987 2867/1/2867
f 2726/1/2726 2870/1/2870 2898/1/2898
f 2870/1/2870 2871/1/2871 2899/1/2899
f 2822/1/2822 2871/1/2871 2870/1/2870
f 2868/1/2868 2932/1/2932 2645/1/2645
f 2932/1/2932 2933/1/2933 2645/1/2645
f 2901/1/2901 2799/1/2799 3020/1/3020
f 3020/1/3020 2799/1/2799 3088/1/3088
f 2826/1/2826 2903/1/2903 3088/1/3088
f 2994/1/2994 3064/1/3064 2772/1/2772
f 3064/1/3064 2873/1/2873 2772/1/2772
f 2903/1/2903 2826/1/2826 2935/1/2935
f 2826/1/2826 2905/1/2905 2935/1/2935
f 2996/1/2996 2751/1/2751 2676/1/2676
f 2996/1/2996 3122/1/3122 2802/1/2802
f 3122/1/3122 3123/1/3123 2802/1/2802
f 3123/1/3123 2647/1/2647 2802/1/2802
f 2733/1/2733 3022/1/3022 3093/1/3093
f 2829/1/2829 2828/1/2828 2877/1/2877
f 2907/1/2907 2876/1/2876 2806/1/2806
f 2997/1/2997 2936/1/2936 2876/1/2876
f 2807/1/2807 2877/1/2877 2878/1/2878
f 2907/1/2907 2806/1/2806 2879/1/2879
f 2937/1/2937 2807/1/2807 2878/1/2878
f 2879/1/2879 2880/1/2880 2938/1/2938
f 2830/1/2830 2880/1/2880 2879/1/2879
f 2806/1/2806 2830/1/2830 2879/1/2879
f 2809/1/2809 3026/1/3026 2650/1/2650
f 2776/1/2776 3000/1/3000 2909/1/2909
f 2777/1/2777 2882/1/2882 2910/1/2910
f 2737/1/2737 2913/1/2913 2912/1/2912
f 2835/1/2835 2831/1/2831 2881/1/2881
f 2883/1/2883 2834/1/2834 2946/1/2946
f 2946/1/2946 2834/1/2834 2838/1/2838
f 2839/1/2839 2917/1/2917 3074/1/3074
f 2840/1/2840 2885/1/2885 2953/1/2953
f 2886/1/2886 2919/1/2919 2840/1/2840
f 2782/1/2782 2920/1/2920 2955/1/2955
f 2918/1/2918 2843/1/2843 2954/1/2954
f 2843/1/2843 2846/1/2846 2954/1/2954
f 2846/1/2846 2888/1/2888 2954/1/2954
f 2887/1/2887 2959/1/2959 2814/1/2814
f 2847/1/2847 2848/1/2848 2958/1/2958
f 2890/1/2890 2964/1/2964 2786/1/2786
f 2817/1/2817 2964/1/2964 2966/1/2966
f 2891/1/2891 2787/1/2787 2849/1/2849
f 2764/1/2764 2969/1/2969 2850/1/2850
f 2967/1/2967 2849/1/2849 2789/1/2789
f 2850/1/2850 2969/1/2969 2970/1/2970
f 2924/1/2924 2967/1/2967 2789/1/2789
f 2789/1/2789 2851/1/2851 2924/1/2924
f 2971/1/2971 2924/1/2924 2851/1/2851
f 2854/1/2854 2893/1/2893 2972/1/2972
f 2893/1/2893 3054/1/3054 2972/1/2972
f 2972/1/2972 2892/1/2892 2854/1/2854
f 2853/1/2853 2892/1/2892 2926/1/2926
f 2765/1/2765 2767/1/2767 2978/1/2978
f 2893/1/2893 4028/1/4028 2927/1/2927
f 2793/1/2793 2894/1/2894 2928/1/2928
f 2766/1/2766 2895/1/2895 4027/1/4027
f 2895/1/2895 2766/1/2766 2856/1/2856
f 2856/1/2856 2858/1/2858 2896/1/2896
f 3059/1/3059 2857/1/2857 2860/1/2860
f 2857/1/2857 2979/1/2979 2861/1/2861
f 2860/1/2860 2796/1/2796 2819/1/2819
f 2862/1/2862 2981/1/2981 2930/1/2930
f 2929/1/2929 3084/1/3084 2864/1/2864
f 2797/1/2797 2930/1/2930 2859/1/2859
f 2768/1/2768 2930/1/2930 2797/1/2797
f 3017/1/3017 2864/1/2864 3084/1/3084
f 2865/1/2865 2698/1/2698 2984/1/2984
f 3017/1/3017 2931/1/2931 2769/1/2769
f 2866/1/2866 2931/1/2931 2868/1/2868
f 2987/1/2987 2869/1/2869 2898/1/2898
f 2869/1/2869 2726/1/2726 2898/1/2898
f 2900/1/2900 3221/1/3221 2823/1/2823
f 2825/1/2825 2824/1/2824 2902/1/2902
f 3090/1/3090 2935/1/2935 2905/1/2905
f 2676/1/2676 2906/1/2906 2996/1/2996
f 2801/1/2801 2750/1/2750 3091/1/3091
f 3021/1/3021 2750/1/2750 2803/1/2803
f 2804/1/2804 2827/1/2827 2874/1/2874
f 2875/1/2875 2874/1/2874 3023/1/3023
f 3023/1/3023 3024/1/3024 2875/1/2875
f 2875/1/2875 3024/1/3024 2828/1/2828
f 2828/1/2828 3024/1/3024 2877/1/2877
f 2650/1/2650 3026/1/3026 2752/1/2752
f 3028/1/3028 2809/1/2809 2832/1/2832
f 2940/1/2940 2882/1/2882 2911/1/2911
f 2913/1/2913 2810/1/2810 2908/1/2908
f 2882/1/2882 2940/1/2940 2910/1/2910
f 2832/1/2832 2883/1/2883 3002/1/3002
f 2835/1/2835 2881/1/2881 2944/1/2944
f 2944/1/2944 2836/1/2836 2835/1/2835
f 2944/1/2944 2945/1/2945 2836/1/2836
f 2836/1/2836 2945/1/2945 2917/1/2917
f 2885/1/2885 2914/1/2914 2915/1/2915
f 2914/1/2914 2947/1/2947 2915/1/2915
f 3006/1/3006 2947/1/2947 2884/1/2884
f 2884/1/2884 2916/1/2916 3006/1/3006
f 2839/1/2839 2836/1/2836 2917/1/2917
f 2915/1/2915 2953/1/2953 2885/1/2885
f 3074/1/3074 3075/1/3075 2916/1/2916
f 2841/1/2841 2918/1/2918 2946/1/2946
f 2886/1/2886 2840/1/2840 2953/1/2953
f 2919/1/2919 2921/1/2921 2920/1/2920
f 2886/1/2886 2921/1/2921 2919/1/2919
f 2955/1/2955 2922/1/2922 2845/1/2845
f 2845/1/2845 2922/1/2922 2887/1/2887
f 2887/1/2887 2922/1/2922 2959/1/2959
f 2959/1/2959 2816/1/2816 2814/1/2814
f 2847/1/2847 2958/1/2958 2889/1/2889
f 2958/1/2958 2848/1/2848 3014/1/3014
f 2816/1/2816 2961/1/2961 2890/1/2890
f 2848/1/2848 2923/1/2923 2963/1/2963
f 2923/1/2923 2787/1/2787 2965/1/2965
f 2966/1/2966 2764/1/2764 2817/1/2817
f 2851/1/2851 2852/1/2852 2974/1/2974
f 2971/1/2971 2851/1/2851 2974/1/2974
f 2852/1/2852 2973/1/2973 2974/1/2974
f 2765/1/2765 2978/1/2978 2973/1/2973
f 2925/1/2925 3015/1/3015 2794/1/2794
f 2927/1/2927 2975/1/2975 2893/1/2893
f 2927/1/2927 4028/1/4028 2895/1/2895
f 2793/1/2793 2928/1/2928 2976/1/2976
f 2977/1/2977 2793/1/2793 2976/1/2976
f 2723/1/2723 2977/1/2977 2978/1/2978
f 2794/1/2794 3015/1/3015 2929/1/2929
f 2859/1/2859 2896/1/2896 2858/1/2858
f 2982/1/2982 2896/1/2896 2859/1/2859
f 2979/1/2979 2981/1/2981 2861/1/2861
f 2862/1/2862 2861/1/2861 2981/1/2981
f 2982/1/2982 2859/1/2859 2930/1/2930
f 2867/1/2867 2987/1/2987 2985/1/2985
f 2931/1/2931 3086/1/3086 2868/1/2868
f 3086/1/3086 2932/1/2932 2868/1/2868
f 2870/1/2870 2989/1/2989 2898/1/2898
f 2989/1/2989 2870/1/2870 2899/1/2899
f 2871/1/2871 2770/1/2770 3221/1/3221
f 2933/1/2933 2934/1/2934 2771/1/2771
f 2934/1/2934 2992/1/2992 2824/1/2824
f 2824/1/2824 2992/1/2992 2993/1/2993
f 2824/1/2824 2993/1/2993 2902/1/2902
f 3090/1/3090 2801/1/2801 3091/1/3091
f 3091/1/3091 2750/1/2750 3021/1/3021
f 2647/1/2647 3123/1/3123 2827/1/2827
f 2936/1/2936 2997/1/2997 3095/1/3095
f 2876/1/2876 2907/1/2907 2997/1/2997
f 2878/1/2878 3025/1/3025 2937/1/2937
f 3025/1/3025 2938/1/2938 2937/1/2937
f 3000/1/3000 2752/1/2752 3026/1/3026
f 2881/1/2881 2910/1/2910 2939/1/2939
f 2939/1/2939 2910/1/2910 2940/1/2940
f 3001/1/3001 2913/1/2913 2908/1/2908
f 2909/1/2909 2908/1/2908 2810/1/2810
f 2911/1/2911 2912/1/2912 2941/1/2941
f 2832/1/2832 3002/1/3002 3028/1/3028
f 2939/1/2939 2943/1/2943 2881/1/2881
f 2940/1/2940 2942/1/2942 2939/1/2939
f 2911/1/2911 2942/1/2942 2940/1/2940
f 2941/1/2941 2942/1/2942 2911/1/2911
f 2943/1/2943 2944/1/2944 2881/1/2881
f 2939/1/2939 2942/1/2942 2943/1/2943
f 2942/1/2942 3003/1/3003 2943/1/2943
f 2883/1/2883 2946/1/2946 2948/1/2948
f 3002/1/3002 2883/1/2883 2948/1/2948
f 2943/1/2943 3003/1/3003 2944/1/2944
f 2947/1/2947 2914/1/2914 2884/1/2884
f 3003/1/3003 3004/1/3004 2944/1/2944
f 3033/1/3033 2947/1/2947 3006/1/3006
f 2944/1/2944 2949/1/2949 2945/1/2945
f 3003/1/3003 3032/1/3032 3004/1/3004
f 2949/1/2949 2917/1/2917 2945/1/2945
f 2944/1/2944 3004/1/3004 2949/1/2949
f 2950/1/2950 3072/1/3072 2948/1/2948
f 2950/1/2950 2948/1/2948 2951/1/2951
f 2953/1/2953 2915/1/2915 3005/1/3005
f 2952/1/2952 2949/1/2949 3004/1/3004
f 2948/1/2948 2946/1/2946 2951/1/2951
f 2951/1/2951 2946/1/2946 2918/1/2918
f 3037/1/3037 3074/1/3074 2917/1/2917
f 2951/1/2951 2918/1/2918 2954/1/2954
f 3008/1/3008 2951/1/2951 2954/1/2954
f 2953/1/2953 2956/1/2956 2886/1/2886
f 2955/1/2955 2920/1/2920 3012/1/3012
f 3010/1/3010 3012/1/3012 2920/1/2920
f 2921/1/2921 3010/1/3010 2920/1/2920
f 2886/1/2886 2957/1/2957 2921/1/2921
f 2957/1/2957 3010/1/3010 2921/1/2921
f 2956/1/2956 2957/1/2957 2886/1/2886
f 3009/1/3009 2954/1/2954 2888/1/2888
f 3012/1/3012 2922/1/2922 2955/1/2955
f 2959/1/2959 2922/1/2922 2960/1/2960
f 3044/1/3044 2960/1/2960 2922/1/2922
f 2889/1/2889 2958/1/2958 2888/1/2888
f 2960/1/2960 3013/1/3013 2959/1/2959
f 2816/1/2816 2959/1/2959 2961/1/2961
f 3013/1/3013 2961/1/2961 2959/1/2959
f 3013/1/3013 3051/1/3051 2961/1/2961
f 3051/1/3051 2962/1/2962 2961/1/2961
f 3014/1/3014 2848/1/2848 2963/1/2963
f 2962/1/2962 2890/1/2890 2961/1/2961
f 2923/1/2923 2965/1/2965 2963/1/2963
f 2787/1/2787 2891/1/2891 2965/1/2965
f 2968/1/2968 2849/1/2849 2967/1/2967
f 2891/1/2891 2849/1/2849 2968/1/2968
f 2970/1/2970 3081/1/3081 2925/1/2925
f 3187/1/3187 3054/1/3054 2893/1/2893
f 2926/1/2926 2892/1/2892 3182/1/3182
f 2893/1/2893 2975/1/2975 3187/1/3187
f 2894/1/2894 2855/1/2855 3056/1/3056
f 2976/1/2976 2928/1/2928 3055/1/3055
f 2975/1/2975 2927/1/2927 2979/1/2979
f 2895/1/2895 2980/1/2980 2927/1/2927
f 2975/1/2975 2979/1/2979 3059/1/3059
f 2857/1/2857 3059/1/3059 2979/1/2979
f 2980/1/2980 2979/1/2979 2927/1/2927
f 2895/1/2895 2896/1/2896 2980/1/2980
f 2856/1/2856 2896/1/2896 2895/1/2895
f 3015/1/3015 3217/1/3217 2929/1/2929
f 2980/1/2980 2981/1/2981 2979/1/2979
f 2982/1/2982 2980/1/2980 2896/1/2896
f 3059/1/3059 2860/1/2860 2983/1/2983
f 2982/1/2982 2981/1/2981 2980/1/2980
f 2860/1/2860 2819/1/2819 2983/1/2983
f 2982/1/2982 2930/1/2930 2981/1/2981
f 2865/1/2865 3016/1/3016 2983/1/2983
f 2865/1/2865 2984/1/2984 2986/1/2986
f 2986/1/2986 3016/1/3016 2865/1/2865
f 2985/1/2985 2984/1/2984 2798/1/2798
f 2798/1/2798 2897/1/2897 2985/1/2985
f 2984/1/2984 2985/1/2985 2988/1/2988
f 2986/1/2986 2984/1/2984 2988/1/2988
f 2988/1/2988 2985/1/2985 2987/1/2987
f 2990/1/2990 2986/1/2986 2988/1/2988
f 2988/1/2988 2987/1/2987 2989/1/2989
f 2989/1/2989 2987/1/2987 2898/1/2898
f 2989/1/2989 2990/1/2990 2988/1/2988
f 2989/1/2989 2899/1/2899 2991/1/2991
f 2989/1/2989 2991/1/2991 2990/1/2990
f 2899/1/2899 2871/1/2871 3220/1/3220
f 3120/1/3120 2992/1/2992 2934/1/2934
f 2901/1/2901 3019/1/3019 2900/1/2900
f 3087/1/3087 2994/1/2994 2902/1/2902
f 2902/1/2902 2994/1/2994 2872/1/2872
f 2904/1/2904 2995/1/2995 2906/1/2906
f 3023/1/3023 2874/1/2874 3094/1/3094
f 2879/1/2879 2938/1/2938 2998/1/2998
f 2907/1/2907 2879/1/2879 2998/1/2998
f 3025/1/3025 2878/1/2878 2999/1/2999
f 2809/1/2809 3028/1/3028 3026/1/3026
f 2909/1/2909 3000/1/3000 3068/1/3068
f 2909/1/2909 3129/1/3129 2908/1/2908
f 3068/1/3068 3129/1/3129 2909/1/2909
f 3029/1/3029 3028/1/3028 3002/1/3002
f 2913/1/2913 3001/1/3001 2912/1/2912
f 2912/1/2912 3001/1/3001 2941/1/2941
f 2941/1/2941 3030/1/3030 2942/1/2942
f 2942/1/2942 3032/1/3032 3003/1/3003
f 2942/1/2942 3030/1/3030 3032/1/3032
f 3029/1/3029 3002/1/3002 2948/1/2948
f 2948/1/2948 3072/1/3072 3029/1/3029
f 3004/1/3004 3032/1/3032 3034/1/3034
f 3006/1/3006 2916/1/2916 3075/1/3075
f 3034/1/3034 2952/1/2952 3004/1/3004
f 3005/1/3005 3007/1/3007 2953/1/2953
f 3036/1/3036 2949/1/2949 2952/1/2952
f 2950/1/2950 2951/1/2951 3008/1/3008
f 2949/1/2949 3036/1/3036 2917/1/2917
f 3009/1/3009 3008/1/3008 2954/1/2954
f 2957/1/2957 2956/1/2956 3011/1/3011
f 3009/1/3009 2888/1/2888 2958/1/2958
f 3012/1/3012 3044/1/3044 2922/1/2922
f 3048/1/3048 2960/1/2960 3044/1/3044
f 2958/1/2958 3014/1/3014 3049/1/3049
f 3014/1/3014 2963/1/2963 3050/1/3050
f 2969/1/2969 2764/1/2764 3053/1/3053
f 2968/1/2968 2967/1/2967 3080/1/3080
f 2967/1/2967 2924/1/2924 3080/1/3080
f 2892/1/2892 2972/1/2972 3182/1/3182
f 2971/1/2971 3082/1/3082 2924/1/2924
f 3056/1/3056 3055/1/3055 2928/1/2928
f 2855/1/2855 2926/1/2926 3056/1/3056
f 3056/1/3056 2928/1/2928 2894/1/2894
f 2978/1/2978 2977/1/2977 3058/1/3058
f 2978/1/2978 3058/1/3058 2973/1/2973
f 3059/1/3059 3189/1/3189 2975/1/2975
f 3059/1/3059 2983/1/2983 3118/1/3118
f 2929/1/2929 3217/1/3217 3084/1/3084
f 3016/1/3016 2986/1/2986 3018/1/3018
f 3085/1/3085 3086/1/3086 2931/1/2931
f 2986/1/2986 2990/1/2990 3018/1/3018
f 2991/1/2991 3018/1/3018 2990/1/2990
f 2899/1/2899 3220/1/3220 2991/1/2991
f 2934/1/2934 2933/1/2933 3120/1/3120
f 3087/1/3087 2902/1/2902 2993/1/2993
f 3088/1/3088 2903/1/2903 3197/1/3197
f 3090/1/3090 3276/1/3276 2935/1/2935
f 3199/1/3199 2906/1/2906 2995/1/2995
f 2906/1/2906 3199/1/3199 2996/1/2996
f 3091/1/3091 3021/1/3021 3222/1/3222
f 3124/1/3124 2827/1/2827 3123/1/3123
f 3094/1/3094 2874/1/2874 2827/1/2827
f 3282/1/3282 3093/1/3093 3022/1/3022
f 2936/1/2936 3200/1/3200 3022/1/3022
f 3095/1/3095 3200/1/3200 2936/1/2936
f 2907/1/2907 2998/1/2998 3066/1/3066
f 2997/1/2997 2907/1/2907 3066/1/3066
f 2877/1/2877 2999/1/2999 2878/1/2878
f 3096/1/3096 3025/1/3025 2999/1/2999
f 3067/1/3067 2998/1/2998 2938/1/2938
f 3000/1/3000 3026/1/3026 3128/1/3128
f 3069/1/3069 3128/1/3128 3026/1/3026
f 3026/1/3026 3028/1/3028 3069/1/3069
f 3027/1/3027 3068/1/3068 3000/1/3000
f 3128/1/3128 3027/1/3027 3000/1/3000
f 2908/1/2908 3129/1/3129 3001/1/3001
f 2941/1/2941 3070/1/3070 3030/1/3030
f 2915/1/2915 2947/1/2947 3005/1/3005
f 2947/1/2947 3033/1/3033 3005/1/3005
f 3030/1/3030 3031/1/3031 3032/1/3032
f 3033/1/3033 3073/1/3073 3005/1/3005
f 3075/1/3075 3099/1/3099 3006/1/3006
f 3006/1/3006 3099/1/3099 3033/1/3033
f 3073/1/3073 3007/1/3007 3005/1/3005
f 3034/1/3034 3036/1/3036 2952/1/2952
f 3032/1/3032 3038/1/3038 3034/1/3034
f 3031/1/3031 3038/1/3038 3032/1/3032
f 3037/1/3037 3100/1/3100 3074/1/3074
f 2917/1/2917 3035/1/3035 3037/1/3037
f 2917/1/2917 3036/1/3036 3035/1/3035
f 2953/1/2953 3007/1/3007 2956/1/2956
f 3036/1/3036 3042/1/3042 3035/1/3035
f 3034/1/3034 3038/1/3038 3036/1/3036
f 3038/1/3038 3042/1/3042 3036/1/3036
f 3008/1/3008 3009/1/3009 3039/1/3039
f 3038/1/3038 3041/1/3041 3042/1/3042
f 3010/1/3010 2957/1/2957 3046/1/3046
f 3011/1/3011 2956/1/2956 3040/1/3040
f 3010/1/3010 3045/1/3045 3012/1/3012
f 2957/1/2957 3011/1/3011 3046/1/3046
f 3040/1/3040 3043/1/3043 3011/1/3011
f 3045/1/3045 3044/1/3044 3012/1/3012
f 3046/1/3046 3045/1/3045 3010/1/3010
f 3046/1/3046 3076/1/3076 3045/1/3045
f 3046/1/3046 3047/1/3047 3105/1/3105
f 3046/1/3046 3011/1/3011 3047/1/3047
f 3011/1/3011 3043/1/3043 3047/1/3047
f 3009/1/3009 2958/1/2958 3101/1/3101
f 2960/1/2960 3048/1/3048 3013/1/3013
f 3050/1/3050 3049/1/3049 3014/1/3014
f 3051/1/3051 3077/1/3077 2962/1/2962
f 2890/1/2890 2962/1/2962 3109/1/3109
f 3077/1/3077 3109/1/3109 2962/1/2962
f 3078/1/3078 3050/1/3050 2963/1/2963
f 2963/1/2963 2965/1/2965 3078/1/3078
f 2964/1/2964 2890/1/2890 3109/1/3109
f 2965/1/2965 2891/1/2891 3078/1/3078
f 3078/1/3078 2891/1/2891 3110/1/3110
f 2764/1/2764 2966/1/2966 3175/1/3175
f 2891/1/2891 3052/1/3052 3110/1/3110
f 2891/1/2891 2968/1/2968 3052/1/3052
f 3112/1/3112 3053/1/3053 2764/1/2764
f 3053/1/3053 3079/1/3079 2969/1/2969
f 2968/1/2968 3080/1/3080 3052/1/3052
f 3055/1/3055 3057/1/3057 2976/1/2976
f 2974/1/2974 3083/1/3083 2971/1/2971
f 2926/1/2926 3115/1/3115 3056/1/3056
f 3058/1/3058 3116/1/3116 2973/1/2973
f 2973/1/2973 3117/1/3117 2974/1/2974
f 2977/1/2977 2976/1/2976 3057/1/3057
f 3188/1/3188 2977/1/2977 3057/1/3057
f 2983/1/2983 3016/1/3016 3118/1/3118
f 3084/1/3084 3061/1/3061 3017/1/3017
f 3060/1/3060 3016/1/3016 3018/1/3018
f 3017/1/3017 3061/1/3061 2931/1/2931
f 3018/1/3018 2991/1/2991 3062/1/3062
f 2871/1/2871 3221/1/3221 3220/1/3220
f 2992/1/2992 3327/1/3327 2993/1/2993
f 2901/1/2901 3020/1/3020 3063/1/3063
f 2904/1/2904 3089/1/3089 2995/1/2995
f 2803/1/2803 3093/1/3093 3021/1/3021
f 3021/1/3021 3093/1/3093 3092/1/3092
f 2827/1/2827 3124/1/3124 3094/1/3094
f 3200/1/3200 3282/1/3282 3022/1/3022
f 3095/1/3095 2997/1/2997 3066/1/3066
f 3225/1/3225 2877/1/2877 3024/1/3024
f 3226/1/3226 3096/1/3096 2999/1/2999
f 3127/1/3127 3067/1/3067 3025/1/3025
f 2938/1/2938 3025/1/3025 3067/1/3067
f 3127/1/3127 3025/1/3025 3096/1/3096
f 3029/1/3029 3069/1/3069 3028/1/3028
f 3130/1/3130 3070/1/3070 2941/1/2941
f 3001/1/3001 3130/1/3130 2941/1/2941
f 3030/1/3030 3070/1/3070 3135/1/3135
f 3029/1/3029 3072/1/3072 3071/1/3071
f 3030/1/3030 3135/1/3135 3031/1/3031
f 3100/1/3100 3075/1/3075 3074/1/3074
f 3008/1/3008 3039/1/3039 2950/1/2950
f 2956/1/2956 3007/1/3007 3140/1/3140
f 3035/1/3035 3143/1/3143 3037/1/3037
f 3037/1/3037 3143/1/3143 3100/1/3100
f 3038/1/3038 3031/1/3031 3134/1/3134
f 3040/1/3040 2956/1/2956 3140/1/3140
f 3038/1/3038 3149/1/3149 3041/1/3041
f 3009/1/3009 3101/1/3101 3039/1/3039
f 3041/1/3041 3148/1/3148 3042/1/3042
f 3041/1/3041 3149/1/3149 3148/1/3148
f 3046/1/3046 3105/1/3105 3076/1/3076
f 3102/1/3102 3044/1/3044 3045/1/3045
f 3047/1/3047 3106/1/3106 3105/1/3105
f 3043/1/3043 3106/1/3106 3047/1/3047
f 3044/1/3044 3104/1/3104 3048/1/3048
f 2958/1/2958 3049/1/3049 3101/1/3101
f 3013/1/3013 3048/1/3048 3051/1/3051
f 3048/1/3048 3077/1/3077 3051/1/3051
f 3108/1/3108 3050/1/3050 3078/1/3078
f 2969/1/2969 3079/1/3079 2970/1/2970
f 2970/1/2970 3079/1/3079 3081/1/3081
f 2924/1/2924 3082/1/3082 3080/1/3080
f 3182/1/3182 3214/1/3214 2926/1/2926
f 2971/1/2971 3083/1/3083 3082/1/3082
f 3322/1/3322 3054/1/3054 3187/1/3187
f 3115/1/3115 2926/1/2926 3214/1/3214
f 3117/1/3117 3083/1/3083 2974/1/2974
f 3058/1/3058 3188/1/3188 3116/1/3116
f 2973/1/2973 3116/1/3116 3117/1/3117
f 3058/1/3058 2977/1/2977 3188/1/3188
f 3187/1/3187 2975/1/2975 3189/1/3189
f 3059/1/3059 3118/1/3118 3189/1/3189
f 3060/1/3060 3018/1/3018 3119/1/3119
f 3061/1/3061 3085/1/3085 2931/1/2931
f 3018/1/3018 3062/1/3062 3119/1/3119
f 3062/1/3062 2991/1/2991 3220/1/3220
f 2932/1/2932 3219/1/3219 2933/1/2933
f 2933/1/2933 3219/1/3219 3120/1/3120
f 2900/1/2900 3193/1/3193 3221/1/3221
f 3193/1/3193 2900/1/2900 3019/1/3019
f 2993/1/2993 3327/1/3327 3087/1/3087
f 3019/1/3019 2901/1/2901 3063/1/3063
f 3088/1/3088 3275/1/3275 3020/1/3020
f 3195/1/3195 2994/1/2994 3087/1/3087
f 3088/1/3088 3197/1/3197 3275/1/3275
f 3195/1/3195 3064/1/3064 2994/1/2994
f 3089/1/3089 2904/1/2904 2873/1/2873
f 3065/1/3065 2935/1/2935 3276/1/3276
f 3021/1/3021 3277/1/3277 3222/1/3222
f 3021/1/3021 3092/1/3092 3277/1/3277
f 3094/1/3094 3125/1/3125 3023/1/3023
f 3023/1/3023 3126/1/3126 3024/1/3024
f 2998/1/2998 3331/1/3331 3066/1/3066
f 3001/1/3001 3097/1/3097 3130/1/3130
f 3129/1/3129 3097/1/3097 3001/1/3001
f 3029/1/3029 3133/1/3133 3069/1/3069
f 3029/1/3029 3098/1/3098 3133/1/3133
f 3029/1/3029 3071/1/3071 3098/1/3098
f 3031/1/3031 3135/1/3135 3134/1/3134
f 2950/1/2950 3071/1/3071 3072/1/3072
f 3073/1/3073 3033/1/3033 3099/1/3099
f 2950/1/2950 3039/1/3039 3071/1/3071
f 3007/1/3007 3073/1/3073 3140/1/3140
f 3140/1/3140 3073/1/3073 3099/1/3099
f 3038/1/3038 3134/1/3134 3142/1/3142
f 3035/1/3035 3147/1/3147 3143/1/3143
f 3142/1/3142 3144/1/3144 3038/1/3038
f 3042/1/3042 3147/1/3147 3035/1/3035
f 3147/1/3147 3042/1/3042 3148/1/3148
f 3149/1/3149 3038/1/3038 3144/1/3144
f 3140/1/3140 3150/1/3150 3040/1/3040
f 3040/1/3040 3150/1/3150 3043/1/3043
f 3045/1/3045 3076/1/3076 3102/1/3102
f 3103/1/3103 3043/1/3043 3150/1/3150
f 3103/1/3103 3106/1/3106 3043/1/3043
f 3106/1/3106 3205/1/3205 3105/1/3105
f 3101/1/3101 3049/1/3049 3107/1/3107
f 3050/1/3050 3168/1/3168 3107/1/3107
f 3050/1/3050 3107/1/3107 3049/1/3049
f 3050/1/3050 3108/1/3108 3168/1/3168
f 3078/1/3078 3110/1/3110 3108/1/3108
f 2764/1/2764 3175/1/3175 3112/1/3112
f 3052/1/3052 3111/1/3111 3110/1/3110
f 3111/1/3111 3052/1/3052 3113/1/3113
f 3080/1/3080 3114/1/3114 3052/1/3052
f 3114/1/3114 3080/1/3080 3082/1/3082
f 2972/1/2972 3054/1/3054 3183/1/3183
f 3182/1/3182 2972/1/2972 3183/1/3183
f 3055/1/3055 3115/1/3115 3186/1/3186
f 3055/1/3055 3056/1/3056 3115/1/3115
f 2925/1/2925 3270/1/3270 3015/1/3015
f 3270/1/3270 3217/1/3217 3015/1/3015
f 3217/1/3217 3323/1/3323 3084/1/3084
f 3060/1/3060 3118/1/3118 3016/1/3016
f 3219/1/3219 3085/1/3085 3061/1/3061
f 3086/1/3086 3085/1/3085 3219/1/3219
f 2932/1/2932 3086/1/3086 3219/1/3219
f 3220/1/3220 3221/1/3221 3273/1/3273
f 3019/1/3019 3063/1/3063 3194/1/3194
f 3063/1/3063 3020/1/3020 3275/1/3275
f 2903/1/2903 3065/1/3065 3197/1/3197
f 3121/1/3121 2873/1/2873 3064/1/3064
f 2903/1/2903 2935/1/2935 3065/1/3065
f 3121/1/3121 3089/1/3089 2873/1/2873
f 3089/1/3089 3198/1/3198 2995/1/2995
f 2995/1/2995 3198/1/3198 3395/1/3395
f 3090/1/3090 3222/1/3222 3276/1/3276
f 3091/1/3091 3222/1/3222 3090/1/3090
f 3093/1/3093 3282/1/3282 3092/1/3092
f 3094/1/3094 3223/1/3223 3125/1/3125
f 3095/1/3095 3224/1/3224 3200/1/3200
f 3201/1/3201 2877/1/2877 3225/1/3225
f 2999/1/2999 2877/1/2877 3226/1/3226
f 3129/1/3129 3068/1/3068 3131/1/3131
f 3068/1/3068 3027/1/3027 3131/1/3131
f 3132/1/3132 3027/1/3027 3128/1/3128
f 3069/1/3069 3132/1/3132 3128/1/3128
f 3227/1/3227 3097/1/3097 3129/1/3129
f 3132/1/3132 3131/1/3131 3027/1/3027
f 3069/1/3069 3133/1/3133 3132/1/3132
f 3131/1/3131 3227/1/3227 3129/1/3129
f 3132/1/3132 3227/1/3227 3131/1/3131
f 3070/1/3070 3130/1/3130 3137/1/3137
f 3097/1/3097 3235/1/3235 3130/1/3130
f 3137/1/3137 3135/1/3135 3070/1/3070
f 3137/1/3137 3136/1/3136 3135/1/3135
f 3135/1/3135 3136/1/3136 3134/1/3134
f 3071/1/3071 3039/1/3039 3202/1/3202
f 3140/1/3140 3099/1/3099 3139/1/3139
f 3138/1/3138 3139/1/3139 3099/1/3099
f 3075/1/3075 3100/1/3100 3138/1/3138
f 3075/1/3075 3138/1/3138 3099/1/3099
f 3136/1/3136 3203/1/3203 3134/1/3134
f 3146/1/3146 3202/1/3202 3039/1/3039
f 3100/1/3100 3141/1/3141 3138/1/3138
f 3143/1/3143 3141/1/3141 3100/1/3100
f 3141/1/3141 3139/1/3139 3138/1/3138
f 3134/1/3134 3145/1/3145 3142/1/3142
f 3203/1/3203 3145/1/3145 3134/1/3134
f 3147/1/3147 3141/1/3141 3143/1/3143
f 3145/1/3145 3144/1/3144 3142/1/3142
f 3039/1/3039 3101/1/3101 3146/1/3146
f 3139/1/3139 3150/1/3150 3140/1/3140
f 3159/1/3159 3152/1/3152 3139/1/3139
f 3141/1/3141 3159/1/3159 3139/1/3139
f 3147/1/3147 3153/1/3153 3141/1/3141
f 3144/1/3144 3151/1/3151 3149/1/3149
f 3139/1/3139 3152/1/3152 3150/1/3150
f 3148/1/3148 3153/1/3153 3147/1/3147
f 3101/1/3101 3156/1/3156 3146/1/3146
f 3152/1/3152 3103/1/3103 3150/1/3150
f 3149/1/3149 3153/1/3153 3148/1/3148
f 3151/1/3151 3153/1/3153 3149/1/3149
f 3144/1/3144 3145/1/3145 3151/1/3151
f 3145/1/3145 3154/1/3154 3151/1/3151
f 3076/1/3076 3337/1/3337 3102/1/3102
f 3076/1/3076 3105/1/3105 3337/1/3337
f 3158/1/3158 3159/1/3159 3141/1/3141
f 3153/1/3153 3158/1/3158 3141/1/3141
f 3156/1/3156 3155/1/3155 3146/1/3146
f 3102/1/3102 3104/1/3104 3044/1/3044
f 3151/1/3151 3158/1/3158 3153/1/3153
f 3205/1/3205 3106/1/3106 3157/1/3157
f 3103/1/3103 3157/1/3157 3106/1/3106
f 3161/1/3161 3103/1/3103 3152/1/3152
f 3154/1/3154 3158/1/3158 3151/1/3151
f 3101/1/3101 3107/1/3107 3156/1/3156
f 3048/1/3048 3104/1/3104 3206/1/3206
f 3161/1/3161 3157/1/3157 3103/1/3103
f 3159/1/3159 3161/1/3161 3152/1/3152
f 3154/1/3154 3160/1/3160 3158/1/3158
f 3156/1/3156 3166/1/3166 3155/1/3155
f 3158/1/3158 3208/1/3208 3159/1/3159
f 3162/1/3162 3208/1/3208 3158/1/3158
f 3160/1/3160 3162/1/3162 3158/1/3158
f 3107/1/3107 3165/1/3165 3156/1/3156
f 3161/1/3161 3159/1/3159 3163/1/3163
f 3208/1/3208 3163/1/3163 3159/1/3159
f 3165/1/3165 3166/1/3166 3156/1/3156
f 3206/1/3206 3164/1/3164 3048/1/3048
f 3161/1/3161 3163/1/3163 3255/1/3255
f 3208/1/3208 3256/1/3256 3163/1/3163
f 3165/1/3165 3167/1/3167 3166/1/3166
f 3169/1/3169 3167/1/3167 3165/1/3165
f 3107/1/3107 3168/1/3168 3165/1/3165
f 3168/1/3168 3169/1/3169 3165/1/3165
f 3048/1/3048 3164/1/3164 3077/1/3077
f 3077/1/3077 3164/1/3164 3170/1/3170
f 3167/1/3167 3173/1/3173 3174/1/3174
f 3170/1/3170 3164/1/3164 3210/1/3210
f 3169/1/3169 3173/1/3173 3167/1/3167
f 3109/1/3109 3077/1/3077 3171/1/3171
f 3265/1/3265 3109/1/3109 3171/1/3171
f 3077/1/3077 3170/1/3170 3171/1/3171
f 3168/1/3168 3108/1/3108 3169/1/3169
f 3170/1/3170 3172/1/3172 3171/1/3171
f 3210/1/3210 3172/1/3172 3170/1/3170
f 3169/1/3169 3177/1/3177 3173/1/3173
f 3211/1/3211 3174/1/3174 3176/1/3176
f 3174/1/3174 3173/1/3173 3176/1/3176
f 3108/1/3108 3111/1/3111 3169/1/3169
f 3111/1/3111 3178/1/3178 3169/1/3169
f 3108/1/3108 3110/1/3110 3111/1/3111
f 3169/1/3169 3178/1/3178 3177/1/3177
f 3113/1/3113 3178/1/3178 3111/1/3111
f 3211/1/3211 3176/1/3176 3268/1/3268
f 3173/1/3173 3177/1/3177 3176/1/3176
f 3053/1/3053 3112/1/3112 3212/1/3212
f 3079/1/3079 3053/1/3053 3212/1/3212
f 3113/1/3113 3052/1/3052 3178/1/3178
f 3176/1/3176 3177/1/3177 3268/1/3268
f 3052/1/3052 3114/1/3114 3178/1/3178
f 3081/1/3081 3079/1/3079 3212/1/3212
f 3177/1/3177 3180/1/3180 3268/1/3268
f 3180/1/3180 3186/1/3186 3268/1/3268
f 3186/1/3186 3179/1/3179 3268/1/3268
f 3114/1/3114 3181/1/3181 3178/1/3178
f 3181/1/3181 3177/1/3177 3178/1/3178
f 3186/1/3186 3215/1/3215 3179/1/3179
f 3184/1/3184 3180/1/3180 3177/1/3177
f 3181/1/3181 3184/1/3184 3177/1/3177
f 3114/1/3114 3083/1/3083 3181/1/3181
f 3114/1/3114 3082/1/3082 3083/1/3083
f 3182/1/3182 3213/1/3213 3214/1/3214
f 3081/1/3081 3185/1/3185 2925/1/2925
f 3115/1/3115 3214/1/3214 3215/1/3215
f 3186/1/3186 3115/1/3115 3215/1/3215
f 3180/1/3180 3057/1/3057 3186/1/3186
f 3181/1/3181 3116/1/3116 3184/1/3184
f 3185/1/3185 3270/1/3270 2925/1/2925
f 3186/1/3186 3057/1/3057 3055/1/3055
f 3188/1/3188 3057/1/3057 3180/1/3180
f 3184/1/3184 3188/1/3188 3180/1/3180
f 3116/1/3116 3188/1/3188 3184/1/3184
f 3117/1/3117 3116/1/3116 3181/1/3181
f 3083/1/3083 3117/1/3117 3181/1/3181
f 3189/1/3189 3118/1/3118 3216/1/3216
f 3060/1/3060 3190/1/3190 3218/1/3218
f 3118/1/3118 3060/1/3060 3218/1/3218
f 3190/1/3190 3060/1/3060 3191/1/3191
f 3084/1/3084 3326/1/3326 3061/1/3061
f 3191/1/3191 3060/1/3060 3119/1/3119
f 2992/1/2992 3120/1/3120 3274/1/3274
f 2992/1/2992 3274/1/3274 3327/1/3327
f 3064/1/3064 3195/1/3195 3121/1/3121
f 3197/1/3197 3196/1/3196 3275/1/3275
f 2995/1/2995 3395/1/3395 3199/1/3199
f 3199/1/3199 3122/1/3122 2996/1/2996
f 3223/1/3223 3094/1/3094 3124/1/3124
f 3125/1/3125 3126/1/3126 3023/1/3023
f 3224/1/3224 3095/1/3095 3066/1/3066
f 3226/1/3226 2877/1/2877 3201/1/3201
f 3096/1/3096 3226/1/3226 3127/1/3127
f 3067/1/3067 3127/1/3127 3401/1/3401
f 3133/1/3133 3228/1/3228 3132/1/3132
f 3137/1/3137 3130/1/3130 3235/1/3235
f 3071/1/3071 3202/1/3202 3098/1/3098
f 3235/1/3235 3136/1/3136 3137/1/3137
f 3202/1/3202 3146/1/3146 3238/1/3238
f 3238/1/3238 3146/1/3146 3204/1/3204
f 3242/1/3242 3145/1/3145 3203/1/3203
f 3146/1/3146 3155/1/3155 3204/1/3204
f 3247/1/3247 3206/1/3206 3104/1/3104
f 3102/1/3102 3247/1/3247 3104/1/3104
f 3154/1/3154 3245/1/3245 3207/1/3207
f 3145/1/3145 3245/1/3245 3154/1/3154
f 3155/1/3155 3166/1/3166 3204/1/3204
f 3154/1/3154 3207/1/3207 3249/1/3249
f 3160/1/3160 3154/1/3154 3253/1/3253
f 3161/1/3161 3255/1/3255 3252/1/3252
f 3161/1/3161 3252/1/3252 3157/1/3157
f 3160/1/3160 3253/1/3253 3162/1/3162
f 3163/1/3163 3259/1/3259 3255/1/3255
f 3163/1/3163 3256/1/3256 3259/1/3259
f 3166/1/3166 3167/1/3167 3258/1/3258
f 3261/1/3261 3210/1/3210 3164/1/3164
f 3258/1/3258 3167/1/3167 3174/1/3174
f 3109/1/3109 3293/1/3293 2964/1/2964
f 3293/1/3293 2966/1/2966 2964/1/2964
f 2966/1/2966 3368/1/3368 3175/1/3175
f 3267/1/3267 3212/1/3212 3112/1/3112
f 3212/1/3212 3185/1/3185 3081/1/3081
f 3182/1/3182 3183/1/3183 3213/1/3213
f 3118/1/3118 3218/1/3218 3216/1/3216
f 3062/1/3062 3296/1/3296 3119/1/3119
f 3062/1/3062 3220/1/3220 3272/1/3272
f 3192/1/3192 3219/1/3219 3061/1/3061
f 3219/1/3219 3192/1/3192 3120/1/3120
f 3193/1/3193 3273/1/3273 3221/1/3221
f 3192/1/3192 3274/1/3274 3120/1/3120
f 3193/1/3193 3019/1/3019 3194/1/3194
f 3327/1/3327 3297/1/3297 3087/1/3087
f 3393/1/3393 3065/1/3065 3276/1/3276
f 3394/1/3394 3395/1/3395 3198/1/3198
f 3222/1/3222 3277/1/3277 3301/1/3301
f 3092/1/3092 3281/1/3281 3277/1/3277
f 3285/1/3285 3024/1/3024 3126/1/3126
f 3285/1/3285 3225/1/3225 3024/1/3024
f 3331/1/3331 2998/1/2998 3067/1/3067
f 3331/1/3331 3067/1/3067 3401/1/3401
f 3227/1/3227 3132/1/3132 3228/1/3228
f 3133/1/3133 3098/1/3098 3228/1/3228
f 3097/1/3097 3227/1/3227 3229/1/3229
f 3228/1/3228 3229/1/3229 3227/1/3227
f 3235/1/3235 3097/1/3097 3229/1/3229
f 3229/1/3229 3233/1/3233 3235/1/3235
f 3231/1/3231 3233/1/3233 3229/1/3229
f 3237/1/3237 3230/1/3230 3229/1/3229
f 3228/1/3228 3237/1/3237 3229/1/3229
f 3230/1/3230 3231/1/3231 3229/1/3229
f 3228/1/3228 3234/1/3234 3237/1/3237
f 3098/1/3098 3234/1/3234 3228/1/3228
f 3230/1/3230 3232/1/3232 3231/1/3231
f 3239/1/3239 3237/1/3237 3234/1/3234
f 3233/1/3233 3288/1/3288 3235/1/3235
f 3237/1/3237 3241/1/3241 3230/1/3230
f 3243/1/3243 3232/1/3232 3230/1/3230
f 3241/1/3241 3243/1/3243 3230/1/3230
f 3098/1/3098 3202/1/3202 3234/1/3234
f 3236/1/3236 3136/1/3136 3235/1/3235
f 3202/1/3202 3238/1/3238 3234/1/3234
f 3136/1/3136 3236/1/3236 3203/1/3203
f 3288/1/3288 3236/1/3236 3235/1/3235
f 3232/1/3232 3243/1/3243 3289/1/3289
f 3240/1/3240 3203/1/3203 3236/1/3236
f 3240/1/3240 3236/1/3236 3288/1/3288
f 3240/1/3240 3242/1/3242 3203/1/3203
f 3238/1/3238 3239/1/3239 3234/1/3234
f 3289/1/3289 3243/1/3243 3244/1/3244
f 3238/1/3238 3204/1/3204 3239/1/3239
f 3241/1/3241 3244/1/3244 3243/1/3243
f 3145/1/3145 3242/1/3242 3245/1/3245
f 3241/1/3241 3248/1/3248 3244/1/3244
f 3250/1/3250 3241/1/3241 3237/1/3237
f 3239/1/3239 3250/1/3250 3237/1/3237
f 3204/1/3204 3250/1/3250 3239/1/3239
f 3105/1/3105 3402/1/3402 3337/1/3337
f 3242/1/3242 3246/1/3246 3245/1/3245
f 3425/1/3425 3247/1/3247 3102/1/3102
f 3337/1/3337 3425/1/3425 3102/1/3102
f 3166/1/3166 3250/1/3250 3204/1/3204
f 3253/1/3253 3154/1/3154 3249/1/3249
f 3166/1/3166 3258/1/3258 3250/1/3250
f 3247/1/3247 3261/1/3261 3206/1/3206
f 3261/1/3261 3164/1/3164 3206/1/3206
f 3254/1/3254 3249/1/3249 3207/1/3207
f 3245/1/3245 3291/1/3291 3207/1/3207
f 3251/1/3251 3291/1/3291 3245/1/3245
f 3246/1/3246 3251/1/3251 3245/1/3245
f 3241/1/3241 3257/1/3257 3248/1/3248
f 3257/1/3257 3264/1/3264 3248/1/3248
f 3247/1/3247 3341/1/3341 3261/1/3261
f 3208/1/3208 3162/1/3162 3209/1/3209
f 3256/1/3256 3208/1/3208 3209/1/3209
f 3209/1/3209 3162/1/3162 3253/1/3253
f 3250/1/3250 3257/1/3257 3241/1/3241
f 3250/1/3250 3258/1/3258 3257/1/3257
f 3291/1/3291 3254/1/3254 3207/1/3207
f 3259/1/3259 3262/1/3262 3255/1/3255
f 3209/1/3209 3260/1/3260 3256/1/3256
f 3260/1/3260 3209/1/3209 3253/1/3253
f 3256/1/3256 3263/1/3263 3259/1/3259
f 3291/1/3291 3312/1/3312 3254/1/3254
f 3345/1/3345 3210/1/3210 3261/1/3261
f 3263/1/3263 3262/1/3262 3259/1/3259
f 3260/1/3260 3263/1/3263 3256/1/3256
f 3174/1/3174 3257/1/3257 3258/1/3258
f 3317/1/3317 3210/1/3210 3345/1/3345
f 3257/1/3257 3174/1/3174 3264/1/3264
f 3171/1/3171 3172/1/3172 3265/1/3265
f 3172/1/3172 3210/1/3210 3359/1/3359
f 3317/1/3317 3359/1/3359 3210/1/3210
f 3293/1/3293 3109/1/3109 3265/1/3265
f 3264/1/3264 3174/1/3174 3318/1/3318
f 3174/1/3174 3211/1/3211 3318/1/3318
f 3266/1/3266 3318/1/3318 3211/1/3211
f 3112/1/3112 3175/1/3175 3267/1/3267
f 3211/1/3211 3268/1/3268 3266/1/3266
f 3183/1/3183 3294/1/3294 3269/1/3269
f 3269/1/3269 3213/1/3213 3183/1/3183
f 3381/1/3381 3214/1/3214 3213/1/3213
f 3183/1/3183 3054/1/3054 3294/1/3294
f 3054/1/3054 3322/1/3322 3294/1/3294
f 3270/1/3270 3185/1/3185 3483/1/3483
f 3271/1/3271 3410/1/3410 3187/1/3187
f 3270/1/3270 3383/1/3383 3217/1/3217
f 3187/1/3187 3189/1/3189 3271/1/3271
f 3271/1/3271 3216/1/3216 3384/1/3384
f 3189/1/3189 3216/1/3216 3271/1/3271
f 3323/1/3323 3217/1/3217 3383/1/3383
f 3384/1/3384 3216/1/3216 3324/1/3324
f 3216/1/3216 3218/1/3218 3324/1/3324
f 3218/1/3218 3295/1/3295 3324/1/3324
f 3218/1/3218 3190/1/3190 3295/1/3295
f 3084/1/3084 3323/1/3323 3326/1/3326
f 3191/1/3191 3295/1/3295 3190/1/3190
f 3191/1/3191 3119/1/3119 3296/1/3296
f 3062/1/3062 3272/1/3272 3296/1/3296
f 3273/1/3273 3272/1/3272 3220/1/3220
f 3297/1/3297 3327/1/3327 3538/1/3538
f 3297/1/3297 3195/1/3195 3087/1/3087
f 3197/1/3197 3065/1/3065 3196/1/3196
f 3392/1/3392 3198/1/3198 3089/1/3089
f 3276/1/3276 3222/1/3222 3300/1/3300
f 3222/1/3222 3301/1/3301 3300/1/3300
f 3277/1/3277 3281/1/3281 3397/1/3397
f 3122/1/3122 3457/1/3457 3123/1/3123
f 3330/1/3330 3124/1/3124 3123/1/3123
f 3092/1/3092 3282/1/3282 3281/1/3281
f 3124/1/3124 3330/1/3330 3279/1/3279
f 3124/1/3124 3279/1/3279 3223/1/3223
f 3278/1/3278 3284/1/3284 3280/1/3280
f 3281/1/3281 3282/1/3282 3278/1/3278
f 3125/1/3125 3223/1/3223 3279/1/3279
f 3283/1/3283 3125/1/3125 3279/1/3279
f 3282/1/3282 3200/1/3200 3284/1/3284
f 3282/1/3282 3284/1/3284 3278/1/3278
f 3126/1/3126 3125/1/3125 3283/1/3283
f 3284/1/3284 3287/1/3287 3280/1/3280
f 3285/1/3285 3126/1/3126 3283/1/3283
f 3284/1/3284 3224/1/3224 3287/1/3287
f 3200/1/3200 3224/1/3224 3284/1/3284
f 3225/1/3225 3285/1/3285 3286/1/3286
f 3423/1/3423 3201/1/3201 3286/1/3286
f 3287/1/3287 3066/1/3066 3331/1/3331
f 3224/1/3224 3066/1/3066 3287/1/3287
f 3201/1/3201 3225/1/3225 3286/1/3286
f 3423/1/3423 3226/1/3226 3201/1/3201
f 3233/1/3233 3302/1/3302 3303/1/3303
f 3233/1/3233 3231/1/3231 3302/1/3302
f 3233/1/3233 3303/1/3303 3288/1/3288
f 3232/1/3232 3305/1/3305 3304/1/3304
f 3232/1/3232 3289/1/3289 3305/1/3305
f 3240/1/3240 3307/1/3307 3242/1/3242
f 3290/1/3290 3289/1/3289 3244/1/3244
f 3205/1/3205 3402/1/3402 3105/1/3105
f 3248/1/3248 3336/1/3336 3244/1/3244
f 3242/1/3242 3308/1/3308 3246/1/3246
f 3247/1/3247 3425/1/3425 3424/1/3424
f 3205/1/3205 3340/1/3340 3427/1/3427
f 3157/1/3157 3340/1/3340 3205/1/3205
f 3247/1/3247 3424/1/3424 3341/1/3341
f 3246/1/3246 3309/1/3309 3251/1/3251
f 3311/1/3311 3253/1/3253 3249/1/3249
f 3341/1/3341 3345/1/3345 3261/1/3261
f 3310/1/3310 3255/1/3255 3262/1/3262
f 3253/1/3253 3313/1/3313 3260/1/3260
f 3251/1/3251 3348/1/3348 3291/1/3291
f 3262/1/3262 3314/1/3314 3310/1/3310
f 3263/1/3263 3313/1/3313 3315/1/3315
f 3264/1/3264 3316/1/3316 3248/1/3248
f 3264/1/3264 3318/1/3318 3316/1/3316
f 3265/1/3265 3292/1/3292 3293/1/3293
f 3172/1/3172 3292/1/3292 3265/1/3265
f 3368/1/3368 3267/1/3267 3175/1/3175
f 3266/1/3266 3268/1/3268 3319/1/3319
f 3268/1/3268 3179/1/3179 3319/1/3319
f 3267/1/3267 3442/1/3442 3212/1/3212
f 3319/1/3319 3179/1/3179 3215/1/3215
f 3319/1/3319 3215/1/3215 3320/1/3320
f 3381/1/3381 3213/1/3213 3380/1/3380
f 3381/1/3381 3320/1/3320 3215/1/3215
f 3215/1/3215 3214/1/3214 3381/1/3381
f 3410/1/3410 3322/1/3322 3187/1/3187
f 3295/1/3295 3191/1/3191 3325/1/3325
f 3385/1/3385 3325/1/3325 3191/1/3191
f 3061/1/3061 3326/1/3326 3413/1/3413
f 3386/1/3386 3296/1/3296 3272/1/3272
f 3272/1/3272 3273/1/3273 3386/1/3386
f 3274/1/3274 3192/1/3192 3327/1/3327
f 3194/1/3194 3063/1/3063 3298/1/3298
f 3063/1/3063 3275/1/3275 3298/1/3298
f 3297/1/3297 3328/1/3328 3195/1/3195
f 3390/1/3390 3121/1/3121 3195/1/3195
f 3275/1/3275 3196/1/3196 3299/1/3299
f 3121/1/3121 3390/1/3390 3391/1/3391
f 3065/1/3065 3393/1/3393 3329/1/3329
f 3392/1/3392 3121/1/3121 3391/1/3391
f 3121/1/3121 3392/1/3392 3089/1/3089
f 3394/1/3394 3198/1/3198 3392/1/3392
f 3301/1/3301 3277/1/3277 3397/1/3397
f 3457/1/3457 3199/1/3199 3499/1/3499
f 3122/1/3122 3199/1/3199 3457/1/3457
f 3278/1/3278 3458/1/3458 3281/1/3281
f 3331/1/3331 3401/1/3401 3422/1/3422
f 3401/1/3401 3226/1/3226 3400/1/3400
f 3127/1/3127 3226/1/3226 3401/1/3401
f 3232/1/3232 3302/1/3302 3231/1/3231
f 3232/1/3232 3304/1/3304 3302/1/3302
f 3288/1/3288 3303/1/3303 3306/1/3306
f 3306/1/3306 3334/1/3334 3288/1/3288
f 3288/1/3288 3334/1/3334 3240/1/3240
f 3290/1/3290 3305/1/3305 3289/1/3289
f 3240/1/3240 3334/1/3334 3307/1/3307
f 3244/1/3244 3336/1/3336 3290/1/3290
f 3242/1/3242 3307/1/3307 3338/1/3338
f 3402/1/3402 3205/1/3205 3427/1/3427
f 3242/1/3242 3338/1/3338 3308/1/3308
f 3252/1/3252 3340/1/3340 3157/1/3157
f 3246/1/3246 3308/1/3308 3309/1/3309
f 3252/1/3252 3255/1/3255 3344/1/3344
f 3255/1/3255 3310/1/3310 3344/1/3344
f 3254/1/3254 3311/1/3311 3249/1/3249
f 3311/1/3311 3313/1/3313 3253/1/3253
f 3311/1/3311 3254/1/3254 3312/1/3312
f 3309/1/3309 3348/1/3348 3251/1/3251
f 3336/1/3336 3248/1/3248 3316/1/3316
f 3291/1/3291 3347/1/3347 3312/1/3312
f 3347/1/3347 3291/1/3291 3348/1/3348
f 3263/1/3263 3260/1/3260 3313/1/3313
f 3262/1/3262 3263/1/3263 3314/1/3314
f 3314/1/3314 3263/1/3263 3315/1/3315
f 3172/1/3172 3360/1/3360 3292/1/3292
f 3172/1/3172 3359/1/3359 3360/1/3360
f 2966/1/2966 3293/1/3293 3368/1/3368
f 3380/1/3380 3213/1/3213 3269/1/3269
f 3322/1/3322 3321/1/3321 3294/1/3294
f 3382/1/3382 3271/1/3271 3384/1/3384
f 3324/1/3324 3295/1/3295 3325/1/3325
f 3414/1/3414 3325/1/3325 3385/1/3385
f 3061/1/3061 3413/1/3413 3192/1/3192
f 3416/1/3416 3194/1/3194 3387/1/3387
f 3298/1/3298 3387/1/3387 3194/1/3194
f 3298/1/3298 3275/1/3275 3299/1/3299
f 3195/1/3195 3328/1/3328 3390/1/3390
f 3299/1/3299 3196/1/3196 3389/1/3389
f 3196/1/3196 3065/1/3065 3329/1/3329
f 3389/1/3389 3196/1/3196 3329/1/3329
f 3276/1/3276 3300/1/3300 3393/1/3393
f 3300/1/3300 3396/1/3396 3453/1/3453
f 3300/1/3300 3301/1/3301 3396/1/3396
f 3395/1/3395 3420/1/3420 3199/1/3199
f 3397/1/3397 3396/1/3396 3301/1/3301
f 3397/1/3397 3281/1/3281 3458/1/3458
f 3280/1/3280 3459/1/3459 3278/1/3278
f 3459/1/3459 3458/1/3458 3278/1/3278
f 3460/1/3460 3283/1/3283 3279/1/3279
f 3461/1/3461 3283/1/3283 3460/1/3460
f 3280/1/3280 3287/1/3287 3421/1/3421
f 3283/1/3283 3398/1/3398 3285/1/3285
f 3421/1/3421 3287/1/3287 3331/1/3331
f 3286/1/3286 3398/1/3398 3423/1/3423
f 3302/1/3302 3332/1/3332 3303/1/3303
f 3332/1/3332 3306/1/3306 3303/1/3303
f 3333/1/3333 3332/1/3332 3302/1/3302
f 3304/1/3304 3333/1/3333 3302/1/3302
f 3304/1/3304 3305/1/3305 3333/1/3333
f 3332/1/3332 3335/1/3335 3306/1/3306
f 3333/1/3333 3335/1/3335 3332/1/3332
f 3335/1/3335 3334/1/3334 3306/1/3306
f 3335/1/3335 3307/1/3307 3334/1/3334
f 3290/1/3290 3333/1/3333 3305/1/3305
f 3335/1/3335 3338/1/3338 3307/1/3307
f 3290/1/3290 3339/1/3339 3333/1/3333
f 3336/1/3336 3339/1/3339 3290/1/3290
f 3337/1/3337 3402/1/3402 3425/1/3425
f 3252/1/3252 3344/1/3344 3340/1/3340
f 3339/1/3339 3367/1/3367 3333/1/3333
f 3336/1/3336 3316/1/3316 3339/1/3339
f 3308/1/3308 3343/1/3343 3309/1/3309
f 3424/1/3424 3342/1/3342 3341/1/3341
f 3338/1/3338 3343/1/3343 3308/1/3308
f 3338/1/3338 3366/1/3366 3343/1/3343
f 3342/1/3342 3345/1/3345 3341/1/3341
f 3338/1/3338 3335/1/3335 3366/1/3366
f 3313/1/3313 3311/1/3311 3346/1/3346
f 3311/1/3311 3312/1/3312 3349/1/3349
f 3311/1/3311 3349/1/3349 3346/1/3346
f 3348/1/3348 3309/1/3309 3343/1/3343
f 3312/1/3312 3347/1/3347 3349/1/3349
f 3366/1/3366 3355/1/3355 3343/1/3343
f 3367/1/3367 3335/1/3335 3333/1/3333
f 3347/1/3347 3351/1/3351 3349/1/3349
f 3348/1/3348 3351/1/3351 3347/1/3347
f 3343/1/3343 3351/1/3351 3348/1/3348
f 3355/1/3355 3351/1/3351 3343/1/3343
f 3354/1/3354 3310/1/3310 3314/1/3314
f 3315/1/3315 3313/1/3313 3350/1/3350
f 3350/1/3350 3313/1/3313 3346/1/3346
f 3339/1/3339 3316/1/3316 3367/1/3367
f 3345/1/3345 3430/1/3430 3317/1/3317
f 3430/1/3430 3345/1/3345 3342/1/3342
f 3314/1/3314 3315/1/3315 3354/1/3354
f 3349/1/3349 3352/1/3352 3346/1/3346
f 3351/1/3351 3352/1/3352 3349/1/3349
f 3335/1/3335 3367/1/3367 3377/1/3377
f 3352/1/3352 3350/1/3350 3346/1/3346
f 3351/1/3351 3357/1/3357 3352/1/3352
f 3357/1/3357 3353/1/3353 3352/1/3352
f 3355/1/3355 3357/1/3357 3351/1/3351
f 3335/1/3335 3377/1/3377 3366/1/3366
f 3361/1/3361 3317/1/3317 3430/1/3430
f 3357/1/3357 3364/1/3364 3353/1/3353
f 3316/1/3316 3371/1/3371 3367/1/3367
f 3354/1/3354 3315/1/3315 3431/1/3431
f 3356/1/3356 3431/1/3431 3315/1/3315
f 3317/1/3317 3361/1/3361 3359/1/3359
f 3350/1/3350 3356/1/3356 3315/1/3315
f 3318/1/3318 3371/1/3371 3316/1/3316
f 3352/1/3352 3362/1/3362 3350/1/3350
f 3358/1/3358 3362/1/3362 3352/1/3352
f 3352/1/3352 3353/1/3353 3358/1/3358
f 3353/1/3353 3364/1/3364 3372/1/3372
f 3371/1/3371 3374/1/3374 3367/1/3367
f 3361/1/3361 3360/1/3360 3359/1/3359
f 3362/1/3362 3356/1/3356 3350/1/3350
f 3358/1/3358 3405/1/3405 3362/1/3362
f 3293/1/3293 3292/1/3292 3466/1/3466
f 3360/1/3360 3467/1/3467 3292/1/3292
f 3363/1/3363 3361/1/3361 3430/1/3430
f 3356/1/3356 3362/1/3362 3365/1/3365
f 3467/1/3467 3466/1/3466 3292/1/3292
f 3360/1/3360 3369/1/3369 3467/1/3467
f 3361/1/3361 3369/1/3369 3360/1/3360
f 3373/1/3373 3369/1/3369 3361/1/3361
f 3363/1/3363 3373/1/3373 3361/1/3361
f 3437/1/3437 3365/1/3365 3362/1/3362
f 3293/1/3293 3466/1/3466 3368/1/3368
f 3370/1/3370 3373/1/3373 3363/1/3363
f 3405/1/3405 3437/1/3437 3362/1/3362
f 3318/1/3318 3266/1/3266 3371/1/3371
f 3374/1/3374 3377/1/3377 3367/1/3367
f 3373/1/3373 3406/1/3406 3369/1/3369
f 3364/1/3364 3408/1/3408 3372/1/3372
f 3371/1/3371 3266/1/3266 3374/1/3374
f 3377/1/3377 3375/1/3375 3366/1/3366
f 3374/1/3374 3379/1/3379 3377/1/3377
f 3374/1/3374 3266/1/3266 3379/1/3379
f 3376/1/3376 3378/1/3378 3375/1/3375
f 3319/1/3319 3379/1/3379 3266/1/3266
f 3377/1/3377 3376/1/3376 3375/1/3375
f 3377/1/3377 3381/1/3381 3376/1/3376
f 3319/1/3319 3320/1/3320 3379/1/3379
f 3381/1/3381 3380/1/3380 3376/1/3376
f 3379/1/3379 3320/1/3320 3377/1/3377
f 3320/1/3320 3381/1/3381 3377/1/3377
f 3212/1/3212 3442/1/3442 3185/1/3185
f 3380/1/3380 3378/1/3378 3376/1/3376
f 3269/1/3269 3294/1/3294 3378/1/3378
f 3380/1/3380 3269/1/3269 3378/1/3378
f 3442/1/3442 3483/1/3483 3185/1/3185
f 3410/1/3410 3321/1/3321 3322/1/3322
f 3410/1/3410 3271/1/3271 3382/1/3382
f 3384/1/3384 3324/1/3324 3484/1/3484
f 3324/1/3324 3325/1/3325 3411/1/3411
f 3412/1/3412 3326/1/3326 3323/1/3323
f 3325/1/3325 3414/1/3414 3445/1/3445
f 3191/1/3191 3296/1/3296 3385/1/3385
f 3296/1/3296 3415/1/3415 3385/1/3385
f 3386/1/3386 3472/1/3472 3296/1/3296
f 3386/1/3386 3273/1/3273 3448/1/3448
f 3413/1/3413 3473/1/3473 3192/1/3192
f 3273/1/3273 3193/1/3193 3448/1/3448
f 3193/1/3193 3194/1/3194 3416/1/3416
f 3327/1/3327 3192/1/3192 3538/1/3538
f 3538/1/3538 3417/1/3417 3297/1/3297
f 3387/1/3387 3299/1/3299 3450/1/3450
f 3298/1/3298 3299/1/3299 3387/1/3387
f 3299/1/3299 3388/1/3388 3450/1/3450
f 3299/1/3299 3389/1/3389 3388/1/3388
f 3329/1/3329 3388/1/3388 3389/1/3389
f 3329/1/3329 3418/1/3418 3388/1/3388
f 3329/1/3329 3452/1/3452 3418/1/3418
f 3329/1/3329 3393/1/3393 3452/1/3452
f 3451/1/3451 3392/1/3392 3391/1/3391
f 3419/1/3419 3392/1/3392 3451/1/3451
f 3393/1/3393 3453/1/3453 3452/1/3452
f 3394/1/3394 3392/1/3392 3419/1/3419
f 3393/1/3393 3300/1/3300 3453/1/3453
f 3454/1/3454 3453/1/3453 3396/1/3396
f 3396/1/3396 3397/1/3397 3454/1/3454
f 3420/1/3420 3499/1/3499 3199/1/3199
f 3397/1/3397 3458/1/3458 3454/1/3454
f 3330/1/3330 3123/1/3123 3457/1/3457
f 3330/1/3330 3460/1/3460 3279/1/3279
f 3280/1/3280 3421/1/3421 3459/1/3459
f 3286/1/3286 3285/1/3285 3398/1/3398
f 3421/1/3421 3331/1/3331 3422/1/3422
f 3462/1/3462 3401/1/3401 3399/1/3399
f 3422/1/3422 3401/1/3401 3462/1/3462
f 3226/1/3226 3423/1/3423 3400/1/3400
f 3401/1/3401 3400/1/3400 3399/1/3399
f 3340/1/3340 3428/1/3428 3427/1/3427
f 3403/1/3403 3344/1/3344 3310/1/3310
f 3429/1/3429 3310/1/3310 3354/1/3354
f 3366/1/3366 3433/1/3433 3355/1/3355
f 3433/1/3433 3357/1/3357 3355/1/3355
f 3366/1/3366 3404/1/3404 3433/1/3433
f 3357/1/3357 3432/1/3432 3364/1/3364
f 3356/1/3356 3514/1/3514 3431/1/3431
f 3365/1/3365 3514/1/3514 3356/1/3356
f 3353/1/3353 3465/1/3465 3358/1/3358
f 3435/1/3435 3353/1/3353 3372/1/3372
f 3404/1/3404 3366/1/3366 3375/1/3375
f 3441/1/3441 3404/1/3404 3375/1/3375
f 3467/1/3467 3369/1/3369 3560/1/3560
f 3432/1/3432 3408/1/3408 3364/1/3364
f 3369/1/3369 3406/1/3406 3560/1/3560
f 3439/1/3439 3408/1/3408 3432/1/3432
f 3372/1/3372 3408/1/3408 3407/1/3407
f 3368/1/3368 3440/1/3440 3267/1/3267
f 3601/1/3601 3440/1/3440 3368/1/3368
f 3375/1/3375 3444/1/3444 3441/1/3441
f 3294/1/3294 3409/1/3409 3378/1/3378
f 3294/1/3294 3321/1/3321 3409/1/3409
f 3470/1/3470 3324/1/3324 3411/1/3411
f 3411/1/3411 3325/1/3325 3445/1/3445
f 3415/1/3415 3472/1/3472 3487/1/3487
f 3296/1/3296 3472/1/3472 3415/1/3415
f 3386/1/3386 3448/1/3448 3472/1/3472
f 3416/1/3416 3448/1/3448 3193/1/3193
f 3417/1/3417 3328/1/3328 3297/1/3297
f 3492/1/3492 3450/1/3450 3388/1/3388
f 3418/1/3418 3452/1/3452 3493/1/3493
f 3420/1/3420 3395/1/3395 3394/1/3394
f 3398/1/3398 3283/1/3283 3461/1/3461
f 3552/1/3552 3505/1/3505 3399/1/3399
f 3402/1/3402 3426/1/3426 3425/1/3425
f 3427/1/3427 3426/1/3426 3402/1/3402
f 3426/1/3426 3424/1/3424 3425/1/3425
f 3340/1/3340 3344/1/3344 3403/1/3403
f 3342/1/3342 3424/1/3424 3479/1/3479
f 3428/1/3428 3340/1/3340 3403/1/3403
f 3310/1/3310 3429/1/3429 3403/1/3403
f 3403/1/3403 3429/1/3429 3509/1/3509
f 3354/1/3354 3431/1/3431 3429/1/3429
f 3432/1/3432 3357/1/3357 3433/1/3433
f 3433/1/3433 3404/1/3404 3432/1/3432
f 3434/1/3434 3363/1/3363 3430/1/3430
f 3370/1/3370 3363/1/3363 3434/1/3434
f 3465/1/3465 3353/1/3353 3435/1/3435
f 3358/1/3358 3465/1/3465 3405/1/3405
f 3436/1/3436 3370/1/3370 3434/1/3434
f 3373/1/3373 3370/1/3370 3436/1/3436
f 3372/1/3372 3407/1/3407 3435/1/3435
f 3601/1/3601 3368/1/3368 3466/1/3466
f 3406/1/3406 3373/1/3373 3436/1/3436
f 3520/1/3520 3406/1/3406 3436/1/3436
f 3408/1/3408 3438/1/3438 3407/1/3407
f 3404/1/3404 3441/1/3441 3432/1/3432
f 3438/1/3438 3408/1/3408 3439/1/3439
f 3432/1/3432 3441/1/3441 3439/1/3439
f 3442/1/3442 3267/1/3267 3440/1/3440
f 3375/1/3375 3378/1/3378 3444/1/3444
f 3439/1/3439 3469/1/3469 3438/1/3438
f 3443/1/3443 3469/1/3469 3439/1/3439
f 3441/1/3441 3443/1/3443 3439/1/3439
f 3444/1/3444 3443/1/3443 3441/1/3441
f 3444/1/3444 3409/1/3409 3443/1/3443
f 3409/1/3409 3321/1/3321 3443/1/3443
f 3443/1/3443 3410/1/3410 3469/1/3469
f 3321/1/3321 3410/1/3410 3443/1/3443
f 3378/1/3378 3409/1/3409 3444/1/3444
f 3410/1/3410 3382/1/3382 3469/1/3469
f 3483/1/3483 3383/1/3383 3270/1/3270
f 3484/1/3484 3382/1/3382 3384/1/3384
f 3411/1/3411 3471/1/3471 3563/1/3563
f 3445/1/3445 3471/1/3471 3411/1/3411
f 3413/1/3413 3326/1/3326 3412/1/3412
f 3446/1/3446 3471/1/3471 3445/1/3445
f 3445/1/3445 3447/1/3447 3446/1/3446
f 3445/1/3445 3414/1/3414 3447/1/3447
f 3414/1/3414 3415/1/3415 3447/1/3447
f 3414/1/3414 3385/1/3385 3415/1/3415
f 3472/1/3472 3448/1/3448 3449/1/3449
f 3448/1/3448 3489/1/3489 3449/1/3449
f 3448/1/3448 3416/1/3416 3489/1/3489
f 3488/1/3488 3538/1/3538 3192/1/3192
f 3416/1/3416 3387/1/3387 3489/1/3489
f 3417/1/3417 3491/1/3491 3328/1/3328
f 3390/1/3390 3328/1/3328 3491/1/3491
f 3492/1/3492 3388/1/3388 3418/1/3418
f 3491/1/3491 3391/1/3391 3390/1/3390
f 3451/1/3451 3391/1/3391 3491/1/3491
f 3542/1/3542 3475/1/3475 3419/1/3419
f 3475/1/3475 3394/1/3394 3419/1/3419
f 3454/1/3454 3476/1/3476 3453/1/3453
f 3394/1/3394 3475/1/3475 3420/1/3420
f 3454/1/3454 3458/1/3458 3476/1/3476
f 3499/1/3499 3455/1/3455 3457/1/3457
f 3476/1/3476 3458/1/3458 3456/1/3456
f 3457/1/3457 3455/1/3455 3330/1/3330
f 3460/1/3460 3330/1/3330 3455/1/3455
f 3458/1/3458 3459/1/3459 3456/1/3456
f 3456/1/3456 3459/1/3459 3477/1/3477
f 3477/1/3477 3459/1/3459 3421/1/3421
f 3421/1/3421 3422/1/3422 3477/1/3477
f 3477/1/3477 3422/1/3422 3462/1/3462
f 3478/1/3478 3423/1/3423 3398/1/3398
f 3463/1/3463 3423/1/3423 3478/1/3478
f 3462/1/3462 3399/1/3399 3505/1/3505
f 3552/1/3552 3400/1/3400 3463/1/3463
f 3399/1/3399 3400/1/3400 3552/1/3552
f 3400/1/3400 3423/1/3423 3463/1/3463
f 3427/1/3427 3464/1/3464 3426/1/3426
f 3428/1/3428 3464/1/3464 3427/1/3427
f 3426/1/3426 3479/1/3479 3424/1/3424
f 3403/1/3403 3480/1/3480 3428/1/3428
f 3512/1/3512 3509/1/3509 3429/1/3429
f 3512/1/3512 3429/1/3429 3431/1/3431
f 3430/1/3430 3511/1/3511 3434/1/3434
f 3365/1/3365 3481/1/3481 3514/1/3514
f 3481/1/3481 3365/1/3365 3437/1/3437
f 3465/1/3465 3468/1/3468 3405/1/3405
f 3465/1/3465 3435/1/3435 3519/1/3519
f 3435/1/3435 3407/1/3407 3519/1/3519
f 3467/1/3467 3516/1/3516 3466/1/3466
f 3405/1/3405 3468/1/3468 3437/1/3437
f 3601/1/3601 3466/1/3466 3516/1/3516
f 3407/1/3407 3482/1/3482 3523/1/3523
f 3438/1/3438 3482/1/3482 3407/1/3407
f 3440/1/3440 3601/1/3601 3577/1/3577
f 3469/1/3469 3482/1/3482 3438/1/3438
f 3484/1/3484 3324/1/3324 3470/1/3470
f 3470/1/3470 3411/1/3411 3563/1/3563
f 3415/1/3415 3487/1/3487 3486/1/3486
f 3415/1/3415 3486/1/3486 3447/1/3447
f 3449/1/3449 3534/1/3534 3472/1/3472
f 3473/1/3473 3488/1/3488 3192/1/3192
f 3489/1/3489 3535/1/3535 3449/1/3449
f 3474/1/3474 3489/1/3489 3387/1/3387
f 3387/1/3387 3450/1/3450 3474/1/3474
f 3450/1/3450 3490/1/3490 3474/1/3474
f 3450/1/3450 3539/1/3539 3490/1/3490
f 3539/1/3539 3450/1/3450 3492/1/3492
f 3492/1/3492 3418/1/3418 3493/1/3493
f 3541/1/3541 3419/1/3419 3451/1/3451
f 3452/1/3452 3494/1/3494 3493/1/3493
f 3452/1/3452 3453/1/3453 3494/1/3494
f 3453/1/3453 3476/1/3476 3494/1/3494
f 3475/1/3475 3496/1/3496 3420/1/3420
f 3495/1/3495 3494/1/3494 3476/1/3476
f 3499/1/3499 3420/1/3420 3496/1/3496
f 3455/1/3455 3499/1/3499 3500/1/3500
f 3455/1/3455 3500/1/3500 3501/1/3501
f 3460/1/3460 3455/1/3455 3501/1/3501
f 3460/1/3460 3502/1/3502 3461/1/3461
f 3398/1/3398 3461/1/3461 3502/1/3502
f 3462/1/3462 3549/1/3549 3477/1/3477
f 3398/1/3398 3503/1/3503 3478/1/3478
f 3505/1/3505 3504/1/3504 3462/1/3462
f 3554/1/3554 3505/1/3505 3552/1/3552
f 3479/1/3479 3572/1/3572 3342/1/3342
f 3480/1/3480 3403/1/3403 3509/1/3509
f 3342/1/3342 3572/1/3572 3430/1/3430
f 3514/1/3514 3512/1/3512 3431/1/3431
f 3434/1/3434 3558/1/3558 3598/1/3598
f 3434/1/3434 3511/1/3511 3558/1/3558
f 3598/1/3598 3436/1/3436 3434/1/3434
f 3437/1/3437 3468/1/3468 3481/1/3481
f 3519/1/3519 3468/1/3468 3465/1/3465
f 3482/1/3482 3469/1/3469 3527/1/3527
f 3469/1/3469 3382/1/3382 3527/1/3527
f 3382/1/3382 3484/1/3484 3527/1/3527
f 3483/1/3483 3529/1/3529 3383/1/3383
f 3383/1/3383 3613/1/3613 3323/1/3323
f 3413/1/3413 3412/1/3412 3564/1/3564
f 3486/1/3486 3485/1/3485 3446/1/3446
f 3486/1/3486 3446/1/3446 3447/1/3447
f 3472/1/3472 3534/1/3534 3487/1/3487
f 3532/1/3532 3473/1/3473 3413/1/3413
f 3534/1/3534 3449/1/3449 3535/1/3535
f 3488/1/3488 3565/1/3565 3538/1/3538
f 3538/1/3538 3645/1/3645 3417/1/3417
f 3419/1/3419 3541/1/3541 3542/1/3542
f 3542/1/3542 3544/1/3544 3475/1/3475
f 3495/1/3495 3476/1/3476 3498/1/3498
f 3499/1/3499 3496/1/3496 3497/1/3497
f 3498/1/3498 3476/1/3476 3456/1/3456
f 3498/1/3498 3456/1/3456 3549/1/3549
f 3460/1/3460 3501/1/3501 3502/1/3502
f 3549/1/3549 3456/1/3456 3477/1/3477
f 3503/1/3503 3398/1/3398 3502/1/3502
f 3570/1/3570 3478/1/3478 3503/1/3503
f 3462/1/3462 3504/1/3504 3549/1/3549
f 3478/1/3478 3570/1/3570 3463/1/3463
f 3426/1/3426 3464/1/3464 3479/1/3479
f 3464/1/3464 3506/1/3506 3479/1/3479
f 3428/1/3428 3507/1/3507 3464/1/3464
f 3506/1/3506 3508/1/3508 3479/1/3479
f 3464/1/3464 3507/1/3507 3506/1/3506
f 3508/1/3508 3572/1/3572 3479/1/3479
f 3480/1/3480 3507/1/3507 3428/1/3428
f 3573/1/3573 3572/1/3572 3508/1/3508
f 3480/1/3480 3510/1/3510 3507/1/3507
f 3480/1/3480 3509/1/3509 3510/1/3510
f 3572/1/3572 3557/1/3557 3430/1/3430
f 3512/1/3512 3510/1/3510 3509/1/3509
f 3512/1/3512 3513/1/3513 3510/1/3510
f 3430/1/3430 3557/1/3557 3511/1/3511
f 3517/1/3517 3513/1/3513 3512/1/3512
f 3515/1/3515 3517/1/3517 3512/1/3512
f 3514/1/3514 3515/1/3515 3512/1/3512
f 3514/1/3514 3481/1/3481 3515/1/3515
f 3516/1/3516 3467/1/3467 3559/1/3559
f 3467/1/3467 3560/1/3560 3559/1/3559
f 3598/1/3598 3599/1/3599 3436/1/3436
f 3522/1/3522 3517/1/3517 3515/1/3515
f 3481/1/3481 3518/1/3518 3515/1/3515
f 3481/1/3481 3468/1/3468 3518/1/3518
f 3519/1/3519 3407/1/3407 3523/1/3523
f 3560/1/3560 3406/1/3406 3561/1/3561
f 3520/1/3520 3561/1/3561 3406/1/3406
f 3599/1/3599 3520/1/3520 3436/1/3436
f 3518/1/3518 3522/1/3522 3515/1/3515
f 3468/1/3468 3521/1/3521 3518/1/3518
f 3519/1/3519 3521/1/3521 3468/1/3468
f 3523/1/3523 3525/1/3525 3519/1/3519
f 3518/1/3518 3524/1/3524 3522/1/3522
f 3521/1/3521 3524/1/3524 3518/1/3518
f 3525/1/3525 3521/1/3521 3519/1/3519
f 3524/1/3524 3576/1/3576 3522/1/3522
f 3523/1/3523 3482/1/3482 3525/1/3525
f 3524/1/3524 3602/1/3602 3576/1/3576
f 3525/1/3525 3524/1/3524 3521/1/3521
f 3482/1/3482 3527/1/3527 3525/1/3525
f 3525/1/3525 3526/1/3526 3524/1/3524
f 3527/1/3527 3528/1/3528 3525/1/3525
f 3611/1/3611 3442/1/3442 3440/1/3440
f 3525/1/3525 3528/1/3528 3526/1/3526
f 3528/1/3528 3530/1/3530 3526/1/3526
f 3483/1/3483 3442/1/3442 3611/1/3611
f 3483/1/3483 3611/1/3611 3529/1/3529
f 3530/1/3530 3562/1/3562 3526/1/3526
f 3527/1/3527 3484/1/3484 3528/1/3528
f 3531/1/3531 3562/1/3562 3530/1/3530
f 3383/1/3383 3529/1/3529 3613/1/3613
f 3484/1/3484 3470/1/3470 3528/1/3528
f 3323/1/3323 3613/1/3613 3412/1/3412
f 3528/1/3528 3470/1/3470 3530/1/3530
f 3530/1/3530 3563/1/3563 3531/1/3531
f 3470/1/3470 3563/1/3563 3530/1/3530
f 3412/1/3412 3613/1/3613 3564/1/3564
f 3563/1/3563 3471/1/3471 3579/1/3579
f 3471/1/3471 3485/1/3485 3579/1/3579
f 3471/1/3471 3446/1/3446 3485/1/3485
f 3486/1/3486 3533/1/3533 3485/1/3485
f 3487/1/3487 3534/1/3534 3486/1/3486
f 3534/1/3534 3533/1/3533 3486/1/3486
f 3534/1/3534 3535/1/3535 3533/1/3533
f 3533/1/3533 3537/1/3537 3536/1/3536
f 3535/1/3535 3537/1/3537 3533/1/3533
f 3473/1/3473 3565/1/3565 3488/1/3488
f 3489/1/3489 3537/1/3537 3535/1/3535
f 3489/1/3489 3474/1/3474 3537/1/3537
f 3474/1/3474 3490/1/3490 3537/1/3537
f 3603/1/3603 3417/1/3417 3645/1/3645
f 3649/1/3649 3451/1/3451 3491/1/3491
f 3493/1/3493 3540/1/3540 3492/1/3492
f 3540/1/3540 3493/1/3493 3543/1/3543
f 3493/1/3493 3494/1/3494 3543/1/3543
f 3543/1/3543 3494/1/3494 3566/1/3566
f 3585/1/3585 3545/1/3545 3544/1/3544
f 3544/1/3544 3496/1/3496 3475/1/3475
f 3545/1/3545 3496/1/3496 3544/1/3544
f 3585/1/3585 3567/1/3567 3545/1/3545
f 3494/1/3494 3495/1/3495 3566/1/3566
f 3545/1/3545 3497/1/3497 3496/1/3496
f 3495/1/3495 3546/1/3546 3566/1/3566
f 3567/1/3567 3547/1/3547 3545/1/3545
f 3547/1/3547 3497/1/3497 3545/1/3545
f 3495/1/3495 3498/1/3498 3546/1/3546
f 3547/1/3547 3500/1/3500 3497/1/3497
f 3500/1/3500 3499/1/3499 3497/1/3497
f 3546/1/3546 3498/1/3498 3568/1/3568
f 3498/1/3498 3549/1/3549 3568/1/3568
f 3547/1/3547 3501/1/3501 3500/1/3500
f 3548/1/3548 3501/1/3501 3547/1/3547
f 3568/1/3568 3549/1/3549 3550/1/3550
f 3548/1/3548 3502/1/3502 3501/1/3501
f 3503/1/3503 3502/1/3502 3548/1/3548
f 3549/1/3549 3504/1/3504 3550/1/3550
f 3550/1/3550 3504/1/3504 3551/1/3551
f 3595/1/3595 3463/1/3463 3570/1/3570
f 3595/1/3595 3553/1/3553 3463/1/3463
f 3551/1/3551 3505/1/3505 3554/1/3554
f 3504/1/3504 3505/1/3505 3551/1/3551
f 3552/1/3552 3463/1/3463 3553/1/3553
f 3554/1/3554 3552/1/3552 3553/1/3553
f 3507/1/3507 3555/1/3555 3571/1/3571
f 3510/1/3510 3555/1/3555 3507/1/3507
f 3510/1/3510 3556/1/3556 3555/1/3555
f 3510/1/3510 3513/1/3513 3556/1/3556
f 3513/1/3513 3517/1/3517 3609/1/3609
f 3520/1/3520 3599/1/3599 3561/1/3561
f 3602/1/3602 3524/1/3524 3526/1/3526
f 3580/1/3580 3485/1/3485 3533/1/3533
f 3413/1/3413 3564/1/3564 3532/1/3532
f 3532/1/3532 3564/1/3564 3673/1/3673
f 3532/1/3532 3581/1/3581 3473/1/3473
f 3473/1/3473 3581/1/3581 3565/1/3565
f 3565/1/3565 3645/1/3645 3538/1/3538
f 3491/1/3491 3417/1/3417 3649/1/3649
f 3492/1/3492 3540/1/3540 3539/1/3539
f 3451/1/3451 3649/1/3649 3583/1/3583
f 3583/1/3583 3541/1/3541 3451/1/3451
f 3566/1/3566 3546/1/3546 3586/1/3586
f 3590/1/3590 3567/1/3567 3587/1/3587
f 3547/1/3547 3567/1/3567 3590/1/3590
f 3546/1/3546 3568/1/3568 3586/1/3586
f 3547/1/3547 3590/1/3590 3548/1/3548
f 3568/1/3568 3550/1/3550 3591/1/3591
f 3548/1/3548 3590/1/3590 3569/1/3569
f 3548/1/3548 3569/1/3569 3503/1/3503
f 3550/1/3550 3551/1/3551 3591/1/3591
f 3569/1/3569 3594/1/3594 3570/1/3570
f 3570/1/3570 3503/1/3503 3569/1/3569
f 3551/1/3551 3554/1/3554 3593/1/3593
f 3554/1/3554 3553/1/3553 3596/1/3596
f 3573/1/3573 3508/1/3508 3506/1/3506
f 3506/1/3506 3507/1/3507 3571/1/3571
f 3506/1/3506 3571/1/3571 3573/1/3573
f 3572/1/3572 3573/1/3573 3557/1/3557
f 3571/1/3571 3574/1/3574 3573/1/3573
f 3597/1/3597 3574/1/3574 3571/1/3571
f 3573/1/3573 3574/1/3574 3557/1/3557
f 3555/1/3555 3597/1/3597 3571/1/3571
f 3558/1/3558 3557/1/3557 3574/1/3574
f 3556/1/3556 3597/1/3597 3555/1/3555
f 3575/1/3575 3558/1/3558 3574/1/3574
f 3558/1/3558 3511/1/3511 3557/1/3557
f 3513/1/3513 3609/1/3609 3556/1/3556
f 3575/1/3575 3598/1/3598 3558/1/3558
f 3559/1/3559 3600/1/3600 3516/1/3516
f 3559/1/3559 3560/1/3560 3561/1/3561
f 3517/1/3517 3522/1/3522 3576/1/3576
f 3629/1/3629 3601/1/3601 3516/1/3516
f 3602/1/3602 3610/1/3610 3576/1/3576
f 3634/1/3634 3440/1/3440 3577/1/3577
f 3440/1/3440 3634/1/3634 3611/1/3611
f 3602/1/3602 3526/1/3526 3578/1/3578
f 3526/1/3526 3562/1/3562 3578/1/3578
f 3562/1/3562 3531/1/3531 3612/1/3612
f 3563/1/3563 3579/1/3579 3531/1/3531
f 3613/1/3613 3673/1/3673 3564/1/3564
f 3673/1/3673 3581/1/3581 3532/1/3532
f 3533/1/3533 3536/1/3536 3580/1/3580
f 3536/1/3536 3644/1/3644 3580/1/3580
f 3614/1/3614 3582/1/3582 3536/1/3536
f 3536/1/3536 3537/1/3537 3614/1/3614
f 3537/1/3537 3490/1/3490 3614/1/3614
f 3490/1/3490 3604/1/3604 3614/1/3614
f 3490/1/3490 3539/1/3539 3604/1/3604
f 3603/1/3603 3649/1/3649 3417/1/3417
f 3604/1/3604 3539/1/3539 3540/1/3540
f 3584/1/3584 3541/1/3541 3583/1/3583
f 3542/1/3542 3541/1/3541 3584/1/3584
f 3606/1/3606 3544/1/3544 3542/1/3542
f 3652/1/3652 3543/1/3543 3654/1/3654
f 3585/1/3585 3617/1/3617 3587/1/3587
f 3585/1/3585 3587/1/3587 3567/1/3567
f 3588/1/3588 3590/1/3590 3587/1/3587
f 3586/1/3586 3568/1/3568 3607/1/3607
f 3589/1/3589 3590/1/3590 3588/1/3588
f 3568/1/3568 3591/1/3591 3607/1/3607
f 3589/1/3589 3569/1/3569 3590/1/3590
f 3594/1/3594 3569/1/3569 3589/1/3589
f 3592/1/3592 3594/1/3594 3589/1/3589
f 3591/1/3591 3551/1/3551 3593/1/3593
f 3596/1/3596 3594/1/3594 3592/1/3592
f 3593/1/3593 3596/1/3596 3592/1/3592
f 3595/1/3595 3570/1/3570 3594/1/3594
f 3596/1/3596 3595/1/3595 3594/1/3594
f 3554/1/3554 3596/1/3596 3593/1/3593
f 3596/1/3596 3553/1/3553 3595/1/3595
f 3575/1/3575 3574/1/3574 3620/1/3620
f 3574/1/3574 3619/1/3619 3620/1/3620
f 3575/1/3575 3623/1/3623 3598/1/3598
f 3556/1/3556 3609/1/3609 3621/1/3621
f 3517/1/3517 3627/1/3627 3609/1/3609
f 3516/1/3516 3600/1/3600 3629/1/3629
f 3517/1/3517 3576/1/3576 3631/1/3631
f 3601/1/3601 3629/1/3629 3577/1/3577
f 3562/1/3562 3639/1/3639 3578/1/3578
f 3611/1/3611 3686/1/3686 3529/1/3529
f 3529/1/3529 3672/1/3672 3613/1/3613
f 3579/1/3579 3485/1/3485 3641/1/3641
f 3641/1/3641 3485/1/3485 3580/1/3580
f 3581/1/3581 3645/1/3645 3565/1/3565
f 3540/1/3540 3605/1/3605 3604/1/3604
f 3540/1/3540 3543/1/3543 3652/1/3652
f 3542/1/3542 3584/1/3584 3606/1/3606
f 3566/1/3566 3616/1/3616 3654/1/3654
f 3543/1/3543 3566/1/3566 3654/1/3654
f 3544/1/3544 3606/1/3606 3585/1/3585
f 3585/1/3585 3606/1/3606 3617/1/3617
f 3566/1/3566 3586/1/3586 3616/1/3616
f 3587/1/3587 3617/1/3617 3588/1/3588
f 3589/1/3589 3588/1/3588 3660/1/3660
f 3589/1/3589 3663/1/3663 3592/1/3592
f 3663/1/3663 3664/1/3664 3592/1/3592
f 3664/1/3664 3608/1/3608 3592/1/3592
f 3593/1/3593 3592/1/3592 3608/1/3608
f 3597/1/3597 3619/1/3619 3574/1/3574
f 3621/1/3621 3619/1/3619 3597/1/3597
f 3556/1/3556 3621/1/3621 3597/1/3597
f 3575/1/3575 3620/1/3620 3623/1/3623
f 3623/1/3623 3599/1/3599 3598/1/3598
f 3600/1/3600 3559/1/3559 3680/1/3680
f 3680/1/3680 3559/1/3559 3666/1/3666
f 3561/1/3561 3599/1/3599 3630/1/3630
f 3599/1/3599 3623/1/3623 3630/1/3630
f 3561/1/3561 3666/1/3666 3559/1/3559
f 3627/1/3627 3517/1/3517 3631/1/3631
f 3631/1/3631 3576/1/3576 3610/1/3610
f 3602/1/3602 3578/1/3578 3610/1/3610
f 3562/1/3562 3612/1/3612 3639/1/3639
f 3529/1/3529 3686/1/3686 3672/1/3672
f 3612/1/3612 3531/1/3531 3579/1/3579
f 3644/1/3644 3695/1/3695 3580/1/3580
f 3644/1/3644 3536/1/3536 3582/1/3582
f 3582/1/3582 3614/1/3614 3646/1/3646
f 3646/1/3646 3614/1/3614 3604/1/3604
f 3604/1/3604 3605/1/3605 3646/1/3646
f 3605/1/3605 3540/1/3540 3615/1/3615
f 3540/1/3540 3652/1/3652 3615/1/3615
f 3616/1/3616 3586/1/3586 3657/1/3657
f 3657/1/3657 3586/1/3586 3607/1/3607
f 3588/1/3588 3617/1/3617 3660/1/3660
f 3589/1/3589 3660/1/3660 3662/1/3662
f 3607/1/3607 3591/1/3591 3618/1/3618
f 3589/1/3589 3662/1/3662 3663/1/3663
f 3593/1/3593 3608/1/3608 3618/1/3618
f 3618/1/3618 3591/1/3591 3593/1/3593
f 3619/1/3619 3622/1/3622 3620/1/3620
f 3621/1/3621 3622/1/3622 3619/1/3619
f 3624/1/3624 3622/1/3622 3621/1/3621
f 3621/1/3621 3609/1/3609 3624/1/3624
f 3622/1/3622 3625/1/3625 3620/1/3620
f 3620/1/3620 3625/1/3625 3623/1/3623
f 3625/1/3625 3667/1/3667 3623/1/3623
f 3622/1/3622 3626/1/3626 3625/1/3625
f 3627/1/3627 3624/1/3624 3609/1/3609
f 3626/1/3626 3628/1/3628 3625/1/3625
f 3624/1/3624 3626/1/3626 3622/1/3622
f 3627/1/3627 3626/1/3626 3624/1/3624
f 3629/1/3629 3600/1/3600 3680/1/3680
f 3630/1/3630 3623/1/3623 3667/1/3667
f 3680/1/3680 3715/1/3715 3629/1/3629
f 3627/1/3627 3631/1/3631 3626/1/3626
f 3625/1/3625 3681/1/3681 3667/1/3667
f 3632/1/3632 3681/1/3681 3625/1/3625
f 3628/1/3628 3632/1/3632 3625/1/3625
f 3636/1/3636 3632/1/3632 3628/1/3628
f 3633/1/3633 3626/1/3626 3631/1/3631
f 3610/1/3610 3633/1/3633 3631/1/3631
f 3634/1/3634 3577/1/3577 3668/1/3668
f 3610/1/3610 3578/1/3578 3633/1/3633
f 3634/1/3634 3668/1/3668 3635/1/3635
f 3637/1/3637 3628/1/3628 3626/1/3626
f 3637/1/3637 3636/1/3636 3628/1/3628
f 3633/1/3633 3640/1/3640 3626/1/3626
f 3578/1/3578 3639/1/3639 3633/1/3633
f 3634/1/3634 3635/1/3635 3611/1/3611
f 3640/1/3640 3637/1/3637 3626/1/3626
f 3639/1/3639 3640/1/3640 3633/1/3633
f 3686/1/3686 3611/1/3611 3635/1/3635
f 3637/1/3637 3640/1/3640 3638/1/3638
f 3638/1/3638 3670/1/3670 3688/1/3688
f 3638/1/3638 3640/1/3640 3670/1/3670
f 3639/1/3639 3670/1/3670 3640/1/3640
f 3612/1/3612 3670/1/3670 3639/1/3639
f 3612/1/3612 3579/1/3579 3670/1/3670
f 3671/1/3671 3670/1/3670 3579/1/3579
f 3613/1/3613 3672/1/3672 3673/1/3673
f 3673/1/3673 3734/1/3734 3581/1/3581
f 3641/1/3641 3580/1/3580 3694/1/3694
f 3734/1/3734 3674/1/3674 3581/1/3581
f 3695/1/3695 3694/1/3694 3580/1/3580
f 3675/1/3675 3642/1/3642 3581/1/3581
f 3643/1/3643 3676/1/3676 3644/1/3644
f 3581/1/3581 3642/1/3642 3645/1/3645
f 3582/1/3582 3643/1/3643 3644/1/3644
f 3582/1/3582 3646/1/3646 3643/1/3643
f 3677/1/3677 3645/1/3645 3642/1/3642
f 3645/1/3645 3647/1/3647 3603/1/3603
f 3646/1/3646 3648/1/3648 3678/1/3678
f 3646/1/3646 3605/1/3605 3648/1/3648
f 3647/1/3647 3649/1/3649 3603/1/3603
f 3647/1/3647 3650/1/3650 3649/1/3649
f 3650/1/3650 3583/1/3583 3649/1/3649
f 3648/1/3648 3615/1/3615 3651/1/3651
f 3700/1/3700 3583/1/3583 3650/1/3650
f 3605/1/3605 3615/1/3615 3648/1/3648
f 3700/1/3700 3584/1/3584 3583/1/3583
f 3615/1/3615 3652/1/3652 3651/1/3651
f 3652/1/3652 3654/1/3654 3651/1/3651
f 3653/1/3653 3606/1/3606 3584/1/3584
f 3653/1/3653 3655/1/3655 3606/1/3606
f 3653/1/3653 3706/1/3706 3655/1/3655
f 3654/1/3654 3616/1/3616 3707/1/3707
f 3706/1/3706 3656/1/3656 3655/1/3655
f 3606/1/3606 3655/1/3655 3617/1/3617
f 3617/1/3617 3655/1/3655 3656/1/3656
f 3658/1/3658 3656/1/3656 3706/1/3706
f 3658/1/3658 3660/1/3660 3656/1/3656
f 3662/1/3662 3660/1/3660 3658/1/3658
f 3660/1/3660 3617/1/3617 3656/1/3656
f 3679/1/3679 3662/1/3662 3658/1/3658
f 3657/1/3657 3607/1/3607 3659/1/3659
f 3607/1/3607 3618/1/3618 3659/1/3659
f 3679/1/3679 3663/1/3663 3662/1/3662
f 3661/1/3661 3663/1/3663 3679/1/3679
f 3664/1/3664 3663/1/3663 3661/1/3661
f 3618/1/3618 3608/1/3608 3665/1/3665
f 3665/1/3665 3664/1/3664 3661/1/3661
f 3608/1/3608 3664/1/3664 3665/1/3665
f 3630/1/3630 3714/1/3714 3561/1/3561
f 3681/1/3681 3632/1/3632 3669/1/3669
f 3577/1/3577 3629/1/3629 3668/1/3668
f 3637/1/3637 3638/1/3638 3636/1/3636
f 3671/1/3671 3688/1/3688 3670/1/3670
f 3579/1/3579 3641/1/3641 3671/1/3671
f 3672/1/3672 3734/1/3734 3673/1/3673
f 3676/1/3676 3643/1/3643 3697/1/3697
f 3643/1/3643 3646/1/3646 3697/1/3697
f 3646/1/3646 3678/1/3678 3697/1/3697
f 3651/1/3651 3698/1/3698 3648/1/3648
f 3651/1/3651 3701/1/3701 3698/1/3698
f 3651/1/3651 3703/1/3703 3701/1/3701
f 3654/1/3654 3703/1/3703 3651/1/3651
f 3700/1/3700 3653/1/3653 3584/1/3584
f 3653/1/3653 3700/1/3700 3702/1/3702
f 3654/1/3654 3707/1/3707 3703/1/3703
f 3653/1/3653 3702/1/3702 3706/1/3706
f 3616/1/3616 3709/1/3709 3707/1/3707
f 3657/1/3657 3709/1/3709 3616/1/3616
f 3657/1/3657 3710/1/3710 3709/1/3709
f 3657/1/3657 3659/1/3659 3710/1/3710
f 3711/1/3711 3659/1/3659 3618/1/3618
f 3713/1/3713 3711/1/3711 3665/1/3665
f 3618/1/3618 3665/1/3665 3711/1/3711
f 3665/1/3665 3661/1/3661 3712/1/3712
f 3665/1/3665 3712/1/3712 3713/1/3713
f 3744/1/3744 3680/1/3680 3666/1/3666
f 3561/1/3561 3714/1/3714 3666/1/3666
f 3715/1/3715 3680/1/3680 3744/1/3744
f 3714/1/3714 3630/1/3630 3667/1/3667
f 3629/1/3629 3715/1/3715 3716/1/3716
f 3716/1/3716 3668/1/3668 3629/1/3629
f 3669/1/3669 3719/1/3719 3681/1/3681
f 3632/1/3632 3636/1/3636 3669/1/3669
f 3684/1/3684 3719/1/3719 3669/1/3669
f 3719/1/3719 3684/1/3684 3683/1/3683
f 3668/1/3668 3682/1/3682 3635/1/3635
f 3669/1/3669 3636/1/3636 3684/1/3684
f 3684/1/3684 3636/1/3636 3638/1/3638
f 3684/1/3684 3685/1/3685 3683/1/3683
f 3638/1/3638 3687/1/3687 3684/1/3684
f 3635/1/3635 3720/1/3720 3686/1/3686
f 3720/1/3720 3635/1/3635 3682/1/3682
f 3684/1/3684 3687/1/3687 3685/1/3685
f 3688/1/3688 3687/1/3687 3638/1/3638
f 3687/1/3687 3689/1/3689 3685/1/3685
f 3686/1/3686 3732/1/3732 3672/1/3672
f 3720/1/3720 3732/1/3732 3686/1/3686
f 3687/1/3687 3690/1/3690 3689/1/3689
f 3687/1/3687 3692/1/3692 3690/1/3690
f 3671/1/3671 3687/1/3687 3688/1/3688
f 3751/1/3751 3672/1/3672 3732/1/3732
f 3671/1/3671 3692/1/3692 3687/1/3687
f 3690/1/3690 3750/1/3750 3689/1/3689
f 3671/1/3671 3641/1/3641 3692/1/3692
f 3751/1/3751 3734/1/3734 3672/1/3672
f 3690/1/3690 3733/1/3733 3750/1/3750
f 3641/1/3641 3694/1/3694 3692/1/3692
f 3690/1/3690 3691/1/3691 3733/1/3733
f 3692/1/3692 3691/1/3691 3690/1/3690
f 3692/1/3692 3694/1/3694 3691/1/3691
f 3694/1/3694 3693/1/3693 3691/1/3691
f 3694/1/3694 3695/1/3695 3693/1/3693
f 3674/1/3674 3675/1/3675 3581/1/3581
f 3693/1/3693 3676/1/3676 3696/1/3696
f 3695/1/3695 3676/1/3676 3693/1/3693
f 3695/1/3695 3644/1/3644 3676/1/3676
f 3722/1/3722 3677/1/3677 3642/1/3642
f 3696/1/3696 3697/1/3697 3723/1/3723
f 3697/1/3697 3724/1/3724 3723/1/3723
f 3676/1/3676 3697/1/3697 3696/1/3696
f 3645/1/3645 3677/1/3677 3647/1/3647
f 3697/1/3697 3678/1/3678 3724/1/3724
f 3678/1/3678 3698/1/3698 3724/1/3724
f 3698/1/3698 3699/1/3699 3724/1/3724
f 3678/1/3678 3648/1/3648 3698/1/3698
f 3737/1/3737 3700/1/3700 3650/1/3650
f 3725/1/3725 3699/1/3699 3698/1/3698
f 3701/1/3701 3725/1/3725 3698/1/3698
f 3701/1/3701 3703/1/3703 3725/1/3725
f 3703/1/3703 3704/1/3704 3725/1/3725
f 3703/1/3703 3707/1/3707 3704/1/3704
f 3704/1/3704 3707/1/3707 3705/1/3705
f 3705/1/3705 3709/1/3709 3708/1/3708
f 3709/1/3709 3710/1/3710 3708/1/3708
f 3707/1/3707 3709/1/3709 3705/1/3705
f 3708/1/3708 3710/1/3710 3659/1/3659
f 3708/1/3708 3659/1/3659 3727/1/3727
f 3679/1/3679 3658/1/3658 3766/1/3766
f 3727/1/3727 3659/1/3659 3711/1/3711
f 3679/1/3679 3712/1/3712 3661/1/3661
f 3744/1/3744 3746/1/3746 3715/1/3715
f 3715/1/3715 3746/1/3746 3716/1/3716
f 3719/1/3719 3717/1/3717 3681/1/3681
f 3718/1/3718 3668/1/3668 3716/1/3716
f 3729/1/3729 3682/1/3682 3668/1/3668
f 3683/1/3683 3730/1/3730 3719/1/3719
f 3689/1/3689 3749/1/3749 3685/1/3685
f 3696/1/3696 3754/1/3754 3693/1/3693
f 3675/1/3675 3721/1/3721 3642/1/3642
f 3722/1/3722 3756/1/3756 3677/1/3677
f 3677/1/3677 3756/1/3756 3647/1/3647
f 3647/1/3647 3757/1/3757 3650/1/3650
f 3699/1/3699 3773/1/3773 3724/1/3724
f 3650/1/3650 3757/1/3757 3737/1/3737
f 3804/1/3804 3704/1/3704 3776/1/3776
f 3776/1/3776 3704/1/3704 3705/1/3705
f 3658/1/3658 3706/1/3706 3740/1/3740
f 3658/1/3658 3740/1/3740 3766/1/3766
f 3741/1/3741 3708/1/3708 3727/1/3727
f 3679/1/3679 3766/1/3766 3767/1/3767
f 3679/1/3679 3767/1/3767 3712/1/3712
f 3767/1/3767 3768/1/3768 3712/1/3712
f 3712/1/3712 3768/1/3768 3713/1/3713
f 3714/1/3714 3667/1/3667 3728/1/3728
f 3746/1/3746 3747/1/3747 3716/1/3716
f 3718/1/3718 3716/1/3716 3747/1/3747
f 3681/1/3681 3728/1/3728 3667/1/3667
f 3681/1/3681 3717/1/3717 3728/1/3728
f 3668/1/3668 3718/1/3718 3729/1/3729
f 3719/1/3719 3730/1/3730 3781/1/3781
f 3683/1/3683 3685/1/3685 3730/1/3730
f 3685/1/3685 3749/1/3749 3730/1/3730
f 3731/1/3731 3720/1/3720 3682/1/3682
f 3720/1/3720 3731/1/3731 3732/1/3732
f 3689/1/3689 3770/1/3770 3749/1/3749
f 3689/1/3689 3750/1/3750 3770/1/3770
f 3733/1/3733 3691/1/3691 3771/1/3771
f 3691/1/3691 3693/1/3693 3735/1/3735
f 3735/1/3735 3693/1/3693 3754/1/3754
f 3754/1/3754 3696/1/3696 3793/1/3793
f 3722/1/3722 3642/1/3642 3721/1/3721
f 3723/1/3723 3755/1/3755 3696/1/3696
f 3736/1/3736 3647/1/3647 3756/1/3756
f 3647/1/3647 3736/1/3736 3757/1/3757
f 3773/1/3773 3699/1/3699 3759/1/3759
f 3737/1/3737 3762/1/3762 3700/1/3700
f 3738/1/3738 3759/1/3759 3725/1/3725
f 3725/1/3725 3759/1/3759 3699/1/3699
f 3804/1/3804 3738/1/3738 3725/1/3725
f 3725/1/3725 3704/1/3704 3804/1/3804
f 3762/1/3762 3702/1/3702 3700/1/3700
f 3739/1/3739 3702/1/3702 3762/1/3762
f 3740/1/3740 3702/1/3702 3739/1/3739
f 3740/1/3740 3706/1/3706 3702/1/3702
f 3726/1/3726 3776/1/3776 3705/1/3705
f 3705/1/3705 3708/1/3708 3726/1/3726
f 3726/1/3726 3708/1/3708 3741/1/3741
f 3727/1/3727 3711/1/3711 3741/1/3741
f 3713/1/3713 3768/1/3768 3742/1/3742
f 3742/1/3742 3711/1/3711 3713/1/3713
f 3741/1/3741 3711/1/3711 3742/1/3742
f 3666/1/3666 3714/1/3714 3744/1/3744
f 3746/1/3746 3744/1/3744 3743/1/3743
f 3714/1/3714 3745/1/3745 3744/1/3744
f 3714/1/3714 3728/1/3728 3745/1/3745
f 3744/1/3744 3745/1/3745 3743/1/3743
f 3781/1/3781 3717/1/3717 3719/1/3719
f 3730/1/3730 3748/1/3748 3781/1/3781
f 3682/1/3682 3729/1/3729 3731/1/3731
f 3731/1/3731 3729/1/3729 3785/1/3785
f 3730/1/3730 3749/1/3749 3748/1/3748
f 3787/1/3787 3731/1/3731 3785/1/3785
f 3786/1/3786 3748/1/3748 3749/1/3749
f 3731/1/3731 3787/1/3787 3732/1/3732
f 3770/1/3770 3786/1/3786 3749/1/3749
f 3787/1/3787 3751/1/3751 3732/1/3732
f 3788/1/3788 3751/1/3751 3787/1/3787
f 3790/1/3790 3770/1/3770 3750/1/3750
f 3790/1/3790 3750/1/3750 3771/1/3771
f 3733/1/3733 3771/1/3771 3750/1/3750
f 3788/1/3788 3734/1/3734 3751/1/3751
f 3735/1/3735 3752/1/3752 3771/1/3771
f 3691/1/3691 3735/1/3735 3771/1/3771
f 3734/1/3734 3816/1/3816 3674/1/3674
f 3752/1/3752 3735/1/3735 3754/1/3754
f 3675/1/3675 3674/1/3674 3753/1/3753
f 3753/1/3753 3674/1/3674 3816/1/3816
f 3753/1/3753 3721/1/3721 3675/1/3675
f 3696/1/3696 3755/1/3755 3793/1/3793
f 3756/1/3756 3722/1/3722 3772/1/3772
f 3755/1/3755 3723/1/3723 3773/1/3773
f 3724/1/3724 3773/1/3773 3723/1/3723
f 3756/1/3756 3757/1/3757 3736/1/3736
f 3797/1/3797 3757/1/3757 3756/1/3756
f 3775/1/3775 3799/1/3799 3773/1/3773
f 3759/1/3759 3775/1/3775 3773/1/3773
f 3797/1/3797 3758/1/3758 3757/1/3757
f 3758/1/3758 3797/1/3797 3774/1/3774
f 3737/1/3737 3757/1/3757 3760/1/3760
f 3758/1/3758 3760/1/3760 3757/1/3757
f 3737/1/3737 3760/1/3760 3762/1/3762
f 3759/1/3759 3738/1/3738 3775/1/3775
f 3758/1/3758 3762/1/3762 3760/1/3760
f 3761/1/3761 3762/1/3762 3758/1/3758
f 3801/1/3801 3762/1/3762 3761/1/3761
f 3738/1/3738 3804/1/3804 3775/1/3775
f 3763/1/3763 3762/1/3762 3801/1/3801
f 3763/1/3763 3739/1/3739 3762/1/3762
f 3763/1/3763 3740/1/3740 3739/1/3739
f 3764/1/3764 3740/1/3740 3763/1/3763
f 3776/1/3776 3726/1/3726 3805/1/3805
f 3764/1/3764 3766/1/3766 3740/1/3740
f 3726/1/3726 3809/1/3809 3805/1/3805
f 3765/1/3765 3766/1/3766 3764/1/3764
f 3765/1/3765 3767/1/3767 3766/1/3766
f 3811/1/3811 3809/1/3809 3741/1/3741
f 3726/1/3726 3741/1/3741 3809/1/3809
f 3810/1/3810 3768/1/3768 3765/1/3765
f 3768/1/3768 3767/1/3767 3765/1/3765
f 3741/1/3741 3742/1/3742 3811/1/3811
f 3769/1/3769 3743/1/3743 3745/1/3745
f 3746/1/3746 3743/1/3743 3747/1/3747
f 3718/1/3718 3747/1/3747 3782/1/3782
f 3729/1/3729 3718/1/3718 3783/1/3783
f 3782/1/3782 3783/1/3783 3718/1/3718
f 3771/1/3771 3752/1/3752 3790/1/3790
f 3793/1/3793 3752/1/3752 3754/1/3754
f 3772/1/3772 3721/1/3721 3753/1/3753
f 3722/1/3722 3721/1/3721 3772/1/3772
f 3795/1/3795 3773/1/3773 3799/1/3799
f 3758/1/3758 3774/1/3774 3761/1/3761
f 3800/1/3800 3761/1/3761 3774/1/3774
f 3801/1/3801 3830/1/3830 3763/1/3763
f 3763/1/3763 3830/1/3830 3764/1/3764
f 3806/1/3806 3808/1/3808 3765/1/3765
f 3765/1/3765 3808/1/3808 3810/1/3810
f 3768/1/3768 3811/1/3811 3742/1/3742
f 3810/1/3810 3811/1/3811 3768/1/3768
f 3747/1/3747 3743/1/3743 3777/1/3777
f 3769/1/3769 3777/1/3777 3743/1/3743
f 3728/1/3728 3780/1/3780 3745/1/3745
f 3780/1/3780 3779/1/3779 3745/1/3745
f 3745/1/3745 3779/1/3779 3769/1/3769
f 3777/1/3777 3782/1/3782 3747/1/3747
f 3769/1/3769 3778/1/3778 3777/1/3777
f 3717/1/3717 3780/1/3780 3728/1/3728
f 3717/1/3717 3784/1/3784 3780/1/3780
f 3781/1/3781 3784/1/3784 3717/1/3717
f 3813/1/3813 3784/1/3784 3781/1/3781
f 3781/1/3781 3748/1/3748 3813/1/3813
f 3729/1/3729 3821/1/3821 3785/1/3785
f 3822/1/3822 3785/1/3785 3821/1/3821
f 3748/1/3748 3786/1/3786 3813/1/3813
f 3814/1/3814 3813/1/3813 3786/1/3786
f 3786/1/3786 3770/1/3770 3790/1/3790
f 3790/1/3790 3814/1/3814 3786/1/3786
f 3814/1/3814 3790/1/3790 3789/1/3789
f 3815/1/3815 3734/1/3734 3788/1/3788
f 3816/1/3816 3734/1/3734 3815/1/3815
f 3791/1/3791 3789/1/3789 3790/1/3790
f 3790/1/3790 3752/1/3752 3791/1/3791
f 3752/1/3752 3792/1/3792 3791/1/3791
f 3752/1/3752 3793/1/3793 3792/1/3792
f 3827/1/3827 3792/1/3792 3794/1/3794
f 3793/1/3793 3794/1/3794 3792/1/3792
f 3817/1/3817 3772/1/3772 3826/1/3826
f 3755/1/3755 3795/1/3795 3794/1/3794
f 3793/1/3793 3755/1/3755 3794/1/3794
f 3817/1/3817 3756/1/3756 3772/1/3772
f 3755/1/3755 3773/1/3773 3795/1/3795
f 3817/1/3817 3829/1/3829 3756/1/3756
f 3797/1/3797 3756/1/3756 3829/1/3829
f 3774/1/3774 3797/1/3797 3829/1/3829
f 3796/1/3796 3795/1/3795 3798/1/3798
f 3795/1/3795 3799/1/3799 3798/1/3798
f 3883/1/3883 3774/1/3774 3881/1/3881
f 3798/1/3798 3799/1/3799 3818/1/3818
f 3799/1/3799 3802/1/3802 3818/1/3818
f 3775/1/3775 3802/1/3802 3799/1/3799
f 3801/1/3801 3761/1/3761 3800/1/3800
f 3802/1/3802 3803/1/3803 3818/1/3818
f 3775/1/3775 3804/1/3804 3802/1/3802
f 3801/1/3801 3862/1/3862 3830/1/3830
f 3802/1/3802 3805/1/3805 3803/1/3803
f 3802/1/3802 3804/1/3804 3805/1/3805
f 3805/1/3805 3852/1/3852 3803/1/3803
f 3804/1/3804 3776/1/3776 3805/1/3805
f 3764/1/3764 3830/1/3830 3806/1/3806
f 3765/1/3765 3764/1/3764 3806/1/3806
f 3808/1/3808 3819/1/3819 3807/1/3807
f 3811/1/3811 3808/1/3808 3807/1/3807
f 3852/1/3852 3809/1/3809 3807/1/3807
f 3805/1/3805 3809/1/3809 3852/1/3852
f 3808/1/3808 3806/1/3806 3819/1/3819
f 3807/1/3807 3809/1/3809 3811/1/3811
f 3811/1/3811 3810/1/3810 3808/1/3808
f 3782/1/3782 3777/1/3777 3831/1/3831
f 3831/1/3831 3777/1/3777 3778/1/3778
f 3780/1/3780 3812/1/3812 3779/1/3779
f 3780/1/3780 3820/1/3820 3812/1/3812
f 3783/1/3783 3782/1/3782 3832/1/3832
f 3784/1/3784 3820/1/3820 3780/1/3780
f 3784/1/3784 3835/1/3835 3834/1/3834
f 3785/1/3785 3822/1/3822 3787/1/3787
f 3814/1/3814 3838/1/3838 3813/1/3813
f 3787/1/3787 3823/1/3823 3788/1/3788
f 3815/1/3815 3788/1/3788 3824/1/3824
f 3789/1/3789 3841/1/3841 3814/1/3814
f 3791/1/3791 3825/1/3825 3789/1/3789
f 3816/1/3816 3845/1/3845 3753/1/3753
f 3772/1/3772 3753/1/3753 3826/1/3826
f 3794/1/3794 3795/1/3795 3828/1/3828
f 3795/1/3795 3796/1/3796 3847/1/3847
f 3847/1/3847 3796/1/3796 3848/1/3848
f 3881/1/3881 3774/1/3774 3829/1/3829
f 3774/1/3774 3883/1/3883 3800/1/3800
f 3800/1/3800 3850/1/3850 3801/1/3801
f 3769/1/3769 3779/1/3779 3812/1/3812
f 3782/1/3782 3831/1/3831 3832/1/3832
f 3865/1/3865 3831/1/3831 3778/1/3778
f 3784/1/3784 3834/1/3834 3820/1/3820
f 3783/1/3783 3821/1/3821 3729/1/3729
f 3835/1/3835 3784/1/3784 3813/1/3813
f 3838/1/3838 3835/1/3835 3813/1/3813
f 3787/1/3787 3822/1/3822 3823/1/3823
f 3788/1/3788 3823/1/3823 3824/1/3824
f 3814/1/3814 3841/1/3841 3839/1/3839
f 3842/1/3842 3841/1/3841 3789/1/3789
f 3842/1/3842 3789/1/3789 3825/1/3825
f 3791/1/3791 3792/1/3792 3825/1/3825
f 3825/1/3825 3792/1/3792 3827/1/3827
f 3845/1/3845 3826/1/3826 3753/1/3753
f 3794/1/3794 3828/1/3828 3827/1/3827
f 3826/1/3826 3860/1/3860 3817/1/3817
f 3828/1/3828 3795/1/3795 3847/1/3847
f 3817/1/3817 3860/1/3860 3829/1/3829
f 3860/1/3860 3881/1/3881 3829/1/3829
f 3848/1/3848 3796/1/3796 3798/1/3798
f 3798/1/3798 3849/1/3849 3848/1/3848
f 3883/1/3883 3850/1/3850 3800/1/3800
f 3818/1/3818 3861/1/3861 3798/1/3798
f 3818/1/3818 3803/1/3803 3851/1/3851
f 3803/1/3803 3852/1/3852 3851/1/3851
f 3830/1/3830 3855/1/3855 3806/1/3806
f 3806/1/3806 3855/1/3855 3819/1/3819
f 3819/1/3819 3864/1/3864 3807/1/3807
f 3854/1/3854 3852/1/3852 3807/1/3807
f 3769/1/3769 3865/1/3865 3778/1/3778
f 3769/1/3769 3812/1/3812 3865/1/3865
f 3820/1/3820 3856/1/3856 3812/1/3812
f 3831/1/3831 3833/1/3833 3832/1/3832
f 3865/1/3865 3833/1/3833 3831/1/3831
f 3856/1/3856 3820/1/3820 3869/1/3869
f 3857/1/3857 3869/1/3869 3820/1/3820
f 3783/1/3783 3832/1/3832 3867/1/3867
f 3857/1/3857 3820/1/3820 3834/1/3834
f 3783/1/3783 3867/1/3867 3821/1/3821
f 3836/1/3836 3857/1/3857 3834/1/3834
f 3867/1/3867 3822/1/3822 3821/1/3821
f 3835/1/3835 3836/1/3836 3834/1/3834
f 3870/1/3870 3822/1/3822 3867/1/3867
f 3835/1/3835 3837/1/3837 3836/1/3836
f 3838/1/3838 3837/1/3837 3835/1/3835
f 3870/1/3870 3823/1/3823 3822/1/3822
f 3838/1/3838 3839/1/3839 3837/1/3837
f 3870/1/3870 3840/1/3840 3823/1/3823
f 3838/1/3838 3814/1/3814 3839/1/3839
f 3839/1/3839 3896/1/3896 3837/1/3837
f 3824/1/3824 3823/1/3823 3840/1/3840
f 3841/1/3841 3896/1/3896 3839/1/3839
f 3840/1/3840 3815/1/3815 3824/1/3824
f 3841/1/3841 3873/1/3873 3896/1/3896
f 3841/1/3841 3842/1/3842 3873/1/3873
f 3815/1/3815 3845/1/3845 3816/1/3816
f 3844/1/3844 3845/1/3845 3815/1/3815
f 3844/1/3844 3815/1/3815 3840/1/3840
f 3842/1/3842 3843/1/3843 3873/1/3873
f 3825/1/3825 3843/1/3843 3842/1/3842
f 3825/1/3825 3827/1/3827 3843/1/3843
f 3827/1/3827 3846/1/3846 3843/1/3843
f 3844/1/3844 3826/1/3826 3845/1/3845
f 3827/1/3827 3828/1/3828 3846/1/3846
f 3828/1/3828 3847/1/3847 3846/1/3846
f 3847/1/3847 3859/1/3859 3846/1/3846
f 3847/1/3847 3848/1/3848 3859/1/3859
f 3859/1/3859 3848/1/3848 3849/1/3849
f 3849/1/3849 3798/1/3798 3861/1/3861
f 3851/1/3851 3861/1/3861 3818/1/3818
f 3850/1/3850 3862/1/3862 3801/1/3801
f 3853/1/3853 3851/1/3851 3854/1/3854
f 3862/1/3862 3892/1/3892 3830/1/3830
f 3851/1/3851 3852/1/3852 3854/1/3854
f 3864/1/3864 3863/1/3863 3807/1/3807
f 3819/1/3819 3855/1/3855 3864/1/3864
f 3854/1/3854 3807/1/3807 3863/1/3863
f 3896/1/3896 3873/1/3873 3872/1/3872
f 3874/1/3874 3873/1/3873 3843/1/3843
f 3874/1/3874 3843/1/3843 3858/1/3858
f 3858/1/3858 3843/1/3843 3846/1/3846
f 3858/1/3858 3846/1/3846 3878/1/3878
f 3846/1/3846 3859/1/3859 3878/1/3878
f 3859/1/3859 3849/1/3849 3878/1/3878
f 3849/1/3849 3861/1/3861 3880/1/3880
f 3830/1/3830 3892/1/3892 3855/1/3855
f 3853/1/3853 3854/1/3854 3863/1/3863
f 3865/1/3865 3812/1/3812 3866/1/3866
f 3866/1/3866 3812/1/3812 3856/1/3856
f 3865/1/3865 3908/1/3908 3833/1/3833
f 3833/1/3833 3868/1/3868 3832/1/3832
f 3908/1/3908 3868/1/3868 3833/1/3833
f 3866/1/3866 3908/1/3908 3865/1/3865
f 3867/1/3867 3832/1/3832 3868/1/3868
f 3857/1/3857 3894/1/3894 3869/1/3869
f 3857/1/3857 3836/1/3836 3894/1/3894
f 3836/1/3836 3871/1/3871 3894/1/3894
f 3867/1/3867 3916/1/3916 3870/1/3870
f 3836/1/3836 3837/1/3837 3871/1/3871
f 3837/1/3837 3896/1/3896 3871/1/3871
f 3925/1/3925 3840/1/3840 3870/1/3870
f 3872/1/3872 3873/1/3873 3897/1/3897
f 3840/1/3840 3931/1/3931 3844/1/3844
f 3874/1/3874 3897/1/3897 3873/1/3873
f 3874/1/3874 3875/1/3875 3897/1/3897
f 3874/1/3874 3877/1/3877 3875/1/3875
f 3874/1/3874 3858/1/3858 3877/1/3877
f 3858/1/3858 3878/1/3878 3877/1/3877
f 3844/1/3844 3876/1/3876 3826/1/3826
f 3877/1/3877 3898/1/3898 3875/1/3875
f 3826/1/3826 3876/1/3876 3860/1/3860
f 3878/1/3878 3898/1/3898 3877/1/3877
f 3879/1/3879 3860/1/3860 3876/1/3876
f 3879/1/3879 3882/1/3882 3860/1/3860
f 3880/1/3880 3898/1/3898 3878/1/3878
f 3904/1/3904 3898/1/3898 3880/1/3880
f 3878/1/3878 3849/1/3849 3880/1/3880
f 3882/1/3882 3881/1/3881 3860/1/3860
f 3861/1/3861 3899/1/3899 3880/1/3880
f 3883/1/3883 3881/1/3881 3882/1/3882
f 3899/1/3899 3861/1/3861 3886/1/3886
f 3884/1/3884 3883/1/3883 3882/1/3882
f 3885/1/3885 3887/1/3887 3884/1/3884
f 3887/1/3887 3883/1/3883 3884/1/3884
f 3861/1/3861 3851/1/3851 3886/1/3886
f 3886/1/3886 3853/1/3853 3889/1/3889
f 3850/1/3850 3883/1/3883 3887/1/3887
f 3851/1/3851 3853/1/3853 3886/1/3886
f 3850/1/3850 3887/1/3887 3862/1/3862
f 3885/1/3885 3892/1/3892 3887/1/3887
f 3888/1/3888 3892/1/3892 3885/1/3885
f 3887/1/3887 3892/1/3892 3862/1/3862
f 3890/1/3890 3892/1/3892 3888/1/3888
f 3891/1/3891 3890/1/3890 3888/1/3888
f 3853/1/3853 3863/1/3863 3889/1/3889
f 3900/1/3900 3893/1/3893 3891/1/3891
f 3889/1/3889 3863/1/3863 3900/1/3900
f 3890/1/3890 3855/1/3855 3892/1/3892
f 3893/1/3893 3890/1/3890 3891/1/3891
f 3863/1/3863 3893/1/3893 3900/1/3900
f 3864/1/3864 3855/1/3855 3890/1/3890
f 3893/1/3893 3864/1/3864 3890/1/3890
f 3863/1/3863 3864/1/3864 3893/1/3893
f 3866/1/3866 3907/1/3907 3908/1/3908
f 3909/1/3909 3907/1/3907 3866/1/3866
f 3856/1/3856 3909/1/3909 3866/1/3866
f 3869/1/3869 3909/1/3909 3856/1/3856
f 3867/1/3867 3868/1/3868 3910/1/3910
f 3867/1/3867 3910/1/3910 3916/1/3916
f 3894/1/3894 3871/1/3871 3919/1/3919
f 3902/1/3902 3870/1/3870 3916/1/3916
f 3871/1/3871 3896/1/3896 3895/1/3895
f 3870/1/3870 3902/1/3902 3925/1/3925
f 3895/1/3895 3896/1/3896 3872/1/3872
f 3925/1/3925 3931/1/3931 3840/1/3840
f 3875/1/3875 3930/1/3930 3897/1/3897
f 3876/1/3876 3937/1/3937 3879/1/3879
f 3882/1/3882 3879/1/3879 3905/1/3905
f 3880/1/3880 3899/1/3899 3944/1/3944
f 3882/1/3882 3905/1/3905 3884/1/3884
f 3884/1/3884 3949/1/3949 3885/1/3885
f 3888/1/3888 3885/1/3885 3949/1/3949
f 3952/1/3952 3888/1/3888 3949/1/3949
f 3888/1/3888 3906/1/3906 3891/1/3891
f 3900/1/3900 3891/1/3891 3953/1/3953
f 3869/1/3869 3901/1/3901 3909/1/3909
f 3901/1/3901 3869/1/3869 3894/1/3894
f 3954/1/3954 3910/1/3910 3868/1/3868
f 3919/1/3919 3901/1/3901 3894/1/3894
f 3895/1/3895 3919/1/3919 3871/1/3871
f 3895/1/3895 3872/1/3872 3924/1/3924
f 3872/1/3872 3897/1/3897 3924/1/3924
f 3924/1/3924 3897/1/3897 3930/1/3930
f 3934/1/3934 3930/1/3930 3875/1/3875
f 3931/1/3931 3903/1/3903 3844/1/3844
f 3934/1/3934 3875/1/3875 3898/1/3898
f 3903/1/3903 3937/1/3937 3876/1/3876
f 3844/1/3844 3903/1/3903 3876/1/3876
f 3879/1/3879 3937/1/3937 3940/1/3940
f 3904/1/3904 3934/1/3934 3898/1/3898
f 3905/1/3905 3879/1/3879 3940/1/3940
f 3904/1/3904 3880/1/3880 3944/1/3944
f 3945/1/3945 3884/1/3884 3905/1/3905
f 3884/1/3884 3945/1/3945 3949/1/3949
f 3886/1/3886 3946/1/3946 3899/1/3899
f 3946/1/3946 3886/1/3886 3889/1/3889
f 3946/1/3946 3889/1/3889 3951/1/3951
f 3888/1/3888 3952/1/3952 3906/1/3906
f 3889/1/3889 3900/1/3900 3951/1/3951
f 3900/1/3900 3953/1/3953 3951/1/3951
f 3891/1/3891 3906/1/3906 3953/1/3953
f 3912/1/3912 3911/1/3911 3907/1/3907
f 3909/1/3909 3912/1/3912 3907/1/3907
f 3913/1/3913 3912/1/3912 3909/1/3909
f 3907/1/3907 3911/1/3911 3908/1/3908
f 3954/1/3954 3868/1/3868 3908/1/3908
f 3914/1/3914 3911/1/3911 3912/1/3912
f 3909/1/3909 3901/1/3901 3913/1/3913
f 3915/1/3915 3912/1/3912 3913/1/3913
f 3918/1/3918 3913/1/3913 3901/1/3901
f 3954/1/3954 3916/1/3916 3910/1/3910
f 3915/1/3915 3914/1/3914 3912/1/3912
f 3919/1/3919 3918/1/3918 3901/1/3901
f 3914/1/3914 3915/1/3915 3917/1/3917
f 3918/1/3918 3915/1/3915 3913/1/3913
f 3954/1/3954 3920/1/3920 3916/1/3916
f 3921/1/3921 3915/1/3915 3918/1/3918
f 3917/1/3917 3915/1/3915 3922/1/3922
f 3916/1/3916 3920/1/3920 3902/1/3902
f 3922/1/3922 3965/1/3965 3917/1/3917
f 3921/1/3921 3922/1/3922 3915/1/3915
f 3918/1/3918 3919/1/3919 3895/1/3895
f 3926/1/3926 3922/1/3922 3921/1/3921
f 3918/1/3918 3923/1/3923 3921/1/3921
f 3895/1/3895 3923/1/3923 3918/1/3918
f 3920/1/3920 3929/1/3929 3902/1/3902
f 3921/1/3921 3928/1/3928 3926/1/3926
f 3923/1/3923 3928/1/3928 3921/1/3921
f 3902/1/3902 3929/1/3929 3925/1/3925
f 3923/1/3923 3927/1/3927 3928/1/3928
f 3895/1/3895 3924/1/3924 3923/1/3923
f 3924/1/3924 3927/1/3927 3923/1/3923
f 3925/1/3925 3935/1/3935 3931/1/3931
f 3929/1/3929 3935/1/3935 3925/1/3925
f 3924/1/3924 3930/1/3930 3927/1/3927
f 3928/1/3928 3932/1/3932 3926/1/3926
f 3927/1/3927 3933/1/3933 3928/1/3928
f 3930/1/3930 3933/1/3933 3927/1/3927
f 3928/1/3928 3936/1/3936 3932/1/3932
f 3930/1/3930 3934/1/3934 3933/1/3933
f 3933/1/3933 3936/1/3936 3928/1/3928
f 3903/1/3903 3931/1/3931 3935/1/3935
f 3938/1/3938 3932/1/3932 3936/1/3936
f 3935/1/3935 3937/1/3937 3903/1/3903
f 3934/1/3934 3943/1/3943 3933/1/3933
f 3942/1/3942 3938/1/3938 3936/1/3936
f 3935/1/3935 3939/1/3939 3937/1/3937
f 3943/1/3943 3936/1/3936 3933/1/3933
f 3939/1/3939 3940/1/3940 3937/1/3937
f 3941/1/3941 3940/1/3940 3939/1/3939
f 3943/1/3943 3942/1/3942 3936/1/3936
f 3941/1/3941 3905/1/3905 3940/1/3940
f 3943/1/3943 3958/1/3958 3942/1/3942
f 3944/1/3944 3958/1/3958 3943/1/3943
f 3934/1/3934 3904/1/3904 3943/1/3943
f 3904/1/3904 3944/1/3944 3943/1/3943
f 3941/1/3941 3945/1/3945 3905/1/3905
f 3944/1/3944 3899/1/3899 3958/1/3958
f 3899/1/3899 3946/1/3946 3958/1/3958
f 3947/1/3947 3949/1/3949 3945/1/3945
f 3946/1/3946 3951/1/3951 3948/1/3948
f 3952/1/3952 3947/1/3947 3950/1/3950
f 3952/1/3952 3949/1/3949 3947/1/3947
f 3953/1/3953 3952/1/3952 3950/1/3950
f 3948/1/3948 3951/1/3951 3953/1/3953
f 3948/1/3948 3953/1/3953 3950/1/3950
f 3953/1/3953 3906/1/3906 3952/1/3952
f 3954/1/3954 3908/1/3908 3962/1/3962
f 3911/1/3911 3962/1/3962 3908/1/3908
f 3911/1/3911 3914/1/3914 3963/1/3963
f 3914/1/3914 3965/1/3965 3963/1/3963
f 3954/1/3954 3955/1/3955 3920/1/3920
f 3914/1/3914 3917/1/3917 3965/1/3965
f 3955/1/3955 3968/1/3968 3920/1/3920
f 3922/1/3922 3956/1/3956 3965/1/3965
f 3971/1/3971 3956/1/3956 3922/1/3922
f 3922/1/3922 3926/1/3926 3971/1/3971
f 3929/1/3929 3920/1/3920 3968/1/3968
f 3971/1/3971 3926/1/3926 3974/1/3974
f 3975/1/3975 3929/1/3929 3968/1/3968
f 3975/1/3975 3935/1/3935 3929/1/3929
f 3926/1/3926 3932/1/3932 3974/1/3974
f 3932/1/3932 3938/1/3938 3977/1/3977
f 3935/1/3935 3979/1/3979 3939/1/3939
f 3942/1/3942 3958/1/3958 3957/1/3957
f 3958/1/3958 3946/1/3946 3960/1/3960
f 3945/1/3945 3959/1/3959 3983/1/3983
f 3945/1/3945 3983/1/3983 3947/1/3947
f 3961/1/3961 3946/1/3946 3948/1/3948
f 3985/1/3985 3950/1/3950 3947/1/3947
f 3950/1/3950 3986/1/3986 3948/1/3948
f 3962/1/3962 3911/1/3911 3963/1/3963
f 3954/1/3954 3962/1/3962 3955/1/3955
f 3965/1/3965 3964/1/3964 3963/1/3963
f 3964/1/3964 3966/1/3966 3963/1/3963
f 3963/1/3963 3966/1/3966 3962/1/3962
f 3966/1/3966 3967/1/3967 3962/1/3962
f 3964/1/3964 3988/1/3988 3966/1/3966
f 3965/1/3965 3956/1/3956 3964/1/3964
f 3987/1/3987 3967/1/3967 3966/1/3966
f 3964/1/3964 3989/1/3989 3988/1/3988
f 3956/1/3956 3989/1/3989 3964/1/3964
f 3967/1/3967 3955/1/3955 3962/1/3962
f 3971/1/3971 3989/1/3989 3956/1/3956
f 3970/1/3970 3967/1/3967 3987/1/3987
f 3967/1/3967 3969/1/3969 3955/1/3955
f 3955/1/3955 3969/1/3969 3968/1/3968
f 3970/1/3970 3969/1/3969 3967/1/3967
f 3971/1/3971 3974/1/3974 3989/1/3989
f 3969/1/3969 3973/1/3973 3968/1/3968
f 3970/1/3970 3972/1/3972 3969/1/3969
f 3973/1/3973 3969/1/3969 3972/1/3972
f 3968/1/3968 3973/1/3973 3975/1/3975
f 3972/1/3972 3978/1/3978 3973/1/3973
f 3978/1/3978 3976/1/3976 3973/1/3973
f 3975/1/3975 3979/1/3979 3935/1/3935
f 3974/1/3974 3932/1/3932 3977/1/3977
f 3973/1/3973 3976/1/3976 3975/1/3975
f 3978/1/3978 3990/1/3990 3976/1/3976
f 3976/1/3976 3979/1/3979 3975/1/3975
f 3990/1/3990 3979/1/3979 3976/1/3976
f 3938/1/3938 3942/1/3942 3957/1/3957
f 3941/1/3941 3939/1/3939 3979/1/3979
f 3979/1/3979 3981/1/3981 3941/1/3941
f 3980/1/3980 3979/1/3979 3990/1/3990
f 3980/1/3980 3981/1/3981 3979/1/3979
f 4011/1/4011 3998/1/3998 3980/1/3980
f 3941/1/3941 3981/1/3981 3959/1/3959
f 3941/1/3941 3959/1/3959 3945/1/3945
f 3960/1/3960 3982/1/3982 3957/1/3957
f 3957/1/3957 3958/1/3958 3960/1/3960
f 3980/1/3980 3983/1/3983 3981/1/3981
f 3998/1/3998 3983/1/3983 3980/1/3980
f 3960/1/3960 3961/1/3961 3982/1/3982
f 3981/1/3981 3983/1/3983 3959/1/3959
f 3985/1/3985 3983/1/3983 3998/1/3998
f 3984/1/3984 3985/1/3985 3998/1/3998
f 3982/1/3982 3961/1/3961 3984/1/3984
f 3961/1/3961 3985/1/3985 3984/1/3984
f 3961/1/3961 3986/1/3986 3985/1/3985
f 3946/1/3946 3961/1/3961 3960/1/3960
f 3947/1/3947 3983/1/3983 3985/1/3985
f 3950/1/3950 3985/1/3985 3986/1/3986
f 3961/1/3961 3948/1/3948 3986/1/3986
f 3992/1/3992 3966/1/3966 3988/1/3988
f 3987/1/3987 3992/1/3992 3970/1/3970
f 3992/1/3992 3993/1/3993 3970/1/3970
f 3989/1/3989 4001/1/4001 3988/1/3988
f 3970/1/3970 3993/1/3993 4003/1/4003
f 4003/1/4003 3972/1/3972 3970/1/3970
f 4005/1/4005 3989/1/3989 3974/1/3974
f 3977/1/3977 4005/1/4005 3974/1/3974
f 3972/1/3972 4006/1/4006 3978/1/3978
f 4009/1/4009 3938/1/3938 3957/1/3957
f 3957/1/3957 3982/1/3982 3996/1/3996
f 3999/1/3999 4015/1/4015 3982/1/3982
f 3991/1/3991 3984/1/3984 3998/1/3998
f 3966/1/3966 3992/1/3992 3987/1/3987
f 3992/1/3992 3988/1/3988 4001/1/4001
f 3989/1/3989 4005/1/4005 4001/1/4001
f 3972/1/3972 4003/1/4003 4006/1/4006
f 4006/1/4006 3995/1/3995 3978/1/3978
f 4005/1/4005 3977/1/3977 3994/1/3994
f 3978/1/3978 3995/1/3995 3990/1/3990
f 3977/1/3977 4009/1/4009 3994/1/3994
f 3990/1/3990 3995/1/3995 4011/1/4011
f 3977/1/3977 3938/1/3938 4009/1/4009
f 3990/1/3990 4011/1/4011 3980/1/3980
f 4009/1/4009 3957/1/3957 3996/1/3996
f 3996/1/3996 3982/1/3982 4015/1/4015
f 4011/1/4011 3997/1/3997 3998/1/3998
f 3984/1/3984 3991/1/3991 3999/1/3999
f 3982/1/3982 3984/1/3984 3999/1/3999
f 4001/1/4001 4002/1/4002 3992/1/3992
f 4002/1/4002 4000/1/4000 3992/1/3992
f 3992/1/3992 4000/1/4000 3993/1/3993
f 4000/1/4000 4007/1/4007 3993/1/3993
f 4004/1/4004 4000/1/4000 4002/1/4002
f 4001/1/4001 4005/1/4005 4002/1/4002
f 3993/1/3993 4007/1/4007 4003/1/4003
f 4006/1/4006 4003/1/4003 4008/1/4008
f 4007/1/4007 4008/1/4008 4003/1/4003
f 4005/1/4005 4004/1/4004 4002/1/4002
f 4000/1/4000 4012/1/4012 4007/1/4007
f 4004/1/4004 4012/1/4012 4000/1/4000
f 4012/1/4012 4013/1/4013 4007/1/4007
f 4008/1/4008 3995/1/3995 4006/1/4006
f 4005/1/4005 3994/1/3994 4004/1/4004
f 4010/1/4010 3995/1/3995 4008/1/4008
f 4007/1/4007 4010/1/4010 4008/1/4008
f 4013/1/4013 4010/1/4010 4007/1/4007
f 3994/1/3994 4012/1/4012 4004/1/4004
f 4010/1/4010 4011/1/4011 3995/1/3995
f 3994/1/3994 4009/1/4009 4012/1/4012
f 4013/1/4013 4011/1/4011 4010/1/4010
f 4009/1/4009 3996/1/3996 4012/1/4012
f 3996/1/3996 4015/1/4015 4012/1/4012
f 3997/1/3997 4011/1/4011 4013/1/4013
f 4012/1/4012 4014/1/4014 4013/1/4013
f 4015/1/4015 4014/1/4014 4012/1/4012
f 4014/1/4014 3997/1/3997 4013/1/4013
f 3991/1/3991 3997/1/3997 4014/1/4014
f 3991/1/3991 3998/1/3998 3997/1/3997
f 3999/1/3999 3991/1/3991 4014/1/4014
f 4015/1/4015 3999/1/3999 4014/1/4014
f 1328/1/1328 1359/1/1359 1325/1/1325
f 1328/1/1328 1325/1/1325 1360/1/1360
f 603/1/603 675/1/675 4016/1/4016
f 603/1/603 4016/1/4016 736/1/736
f 1328/1/1328 1360/1/1360 1281/1/1281
f 752/1/752 603/1/603 736/1/736
f 752/1/752 736/1/736 788/1/788
f 1180/1/1180 1153/1/1153 1042/1/1042
f 940/1/940 752/1/752 788/1/788
f 1041/1/1041 4019/1/4019 1244/1/1244
f 1180/1/1180 1042/1/1042 962/1/962
f 4017/1/4017 1041/1/1041 1244/1/1244
f 1219/1/1219 1180/1/1180 962/1/962
f 1219/1/1219 962/1/962 940/1/940
f 1219/1/1219 940/1/940 788/1/788
f 1219/1/1219 788/1/788 4017/1/4017
f 1220/1/1220 1327/1/1327 1328/1/1328
f 1220/1/1220 1328/1/1328 1281/1/1281
f 1244/1/1244 1220/1/1220 1281/1/1281
f 4017/1/4017 1244/1/1244 1281/1/1281
f 4017/1/4017 1281/1/1281 1219/1/1219
f 887/1/887 4018/1/4018 904/1/904
f 904/1/904 937/1/937 938/1/938
f 1323/1/1323 1177/1/1177 1218/1/1218
f 1324/1/1324 1323/1/1323 1218/1/1218
f 1324/1/1324 1218/1/1218 1322/1/1322
f 1509/1/1509 1557/1/1557 1623/1/1623
f 4020/1/4020 1506/1/1506 1555/1/1555
f 4022/1/4022 4020/1/4020 1555/1/1555
f 1508/1/1508 1509/1/1509 1623/1/1623
f 4022/1/4022 1508/1/1508 1623/1/1623
f 1623/1/1623 1510/1/1510 4022/1/4022
f 1555/1/1555 4021/1/4021 4022/1/4022
f 2043/1/2043 1942/1/1942 2038/1/2038
f 2157/1/2157 2043/1/2043 2038/1/2038
f 4024/1/4024 2157/1/2157 2038/1/2038
f 2151/1/2151 2194/1/2194 2155/1/2155
f 2158/1/2158 4024/1/4024 2038/1/2038
f 2038/1/2038 2196/1/2196 2154/1/2154
f 2038/1/2038 2154/1/2154 2153/1/2153
f 2153/1/2153 2151/1/2151 2155/1/2155
f 2153/1/2153 2155/1/2155 2158/1/2158
f 2038/1/2038 2153/1/2153 2158/1/2158
f 1852/1/1852 2137/1/2137 2066/1/2066
f 4023/1/4023 1852/1/1852 2066/1/2066
f 2224/1/2224 2319/1/2319 2257/1/2257
f 4026/1/4026 2220/1/2220 2224/1/2224
f 4026/1/4026 2224/1/2224 2257/1/2257
f 4028/1/4028 2893/1/2893 2854/1/2854
f 4027/1/4027 4028/1/4028 2854/1/2854
f 2511/1/2511 2476/1/2476 2455/1/2455
f 2610/1/2610 4027/1/4027 2854/1/2854
f 2609/1/2609 2610/1/2610 2854/1/2854
f 2635/1/2635 2609/1/2609 2854/1/2854
f 2424/1/2424 2635/1/2635 2854/1/2854
f 2854/1/2854 2743/1/2743 2692/1/2692
f 2424/1/2424 2854/1/2854 2692/1/2692
f 2511/1/2511 2455/1/2455 2606/1/2606
f 2511/1/2511 2606/1/2606 2424/1/2424
f 2511/1/2511 2424/1/2424 2692/1/2692
f 2664/1/2664 2515/1/2515 2511/1/2511
f 2511/1/2511 2692/1/2692 2691/1/2691
f 2664/1/2664 2511/1/2511 2691/1/2691
